"id","value","count","basin_name","basin_huc8","basin_huc","basin_feat","filename","land_policy","accretion","slr_scenario","yr","acres"
"03080102_70880000_TIGER_LAKE_OUTLET",1100,10396,"TIGER LAKE OUTLET","03080102","70880000","OUTLET","tbcmp_PD_HA_IntHigh_2100","PD","HA","IntHigh","2100",10.275630163504
"03080102_70880000_TIGER_LAKE_OUTLET",1200,3016,"TIGER LAKE OUTLET","03080102","70880000","OUTLET","tbcmp_PD_HA_IntHigh_2100","PD","HA","IntHigh","2100",2.981079316384
"03080102_70880000_TIGER_LAKE_OUTLET",1900,1472,"TIGER LAKE OUTLET","03080102","70880000","OUTLET","tbcmp_PD_HA_IntHigh_2100","PD","HA","IntHigh","2100",1.454956483328
"03080102_70880000_TIGER_LAKE_OUTLET",2100,26641,"TIGER LAKE OUTLET","03080102","70880000","OUTLET","tbcmp_PD_HA_IntHigh_2100","PD","HA","IntHigh","2100",26.332537820884
"03080102_70880000_TIGER_LAKE_OUTLET",4100,7694,"TIGER LAKE OUTLET","03080102","70880000","OUTLET","tbcmp_PD_HA_IntHigh_2100","PD","HA","IntHigh","2100",7.604915205656
"03080102_70880000_TIGER_LAKE_OUTLET",5400,2446021,"TIGER LAKE OUTLET","03080102","70880000","OUTLET","tbcmp_PD_HA_IntHigh_2100","PD","HA","IntHigh","2100",2417.699804556
"03080102_70880000_TIGER_LAKE_OUTLET",6410,4753,"TIGER LAKE OUTLET","03080102","70880000","OUTLET","tbcmp_PD_HA_IntHigh_2100","PD","HA","IntHigh","2100",4.697967503572
"03080102_70900000_NONCONTRIBUTING_AREA",1100,67236,"NONCONTRIBUTING AREA","03080102","70900000","NONCON","tbcmp_PD_HA_IntHigh_2100","PD","HA","IntHigh","2100",66.457509587664
"03080102_70900000_NONCONTRIBUTING_AREA",1200,59088,"NONCONTRIBUTING AREA","03080102","70900000","NONCON","tbcmp_PD_HA_IntHigh_2100","PD","HA","IntHigh","2100",58.403851010112
"03080102_70900000_NONCONTRIBUTING_AREA",1900,6891,"NONCONTRIBUTING AREA","03080102","70900000","NONCON","tbcmp_PD_HA_IntHigh_2100","PD","HA","IntHigh","2100",6.811212721884
"03080102_70900000_NONCONTRIBUTING_AREA",2100,364304,"NONCONTRIBUTING AREA","03080102","70900000","NONCON","tbcmp_PD_HA_IntHigh_2100","PD","HA","IntHigh","2100",360.085914879296
"03080102_70900000_NONCONTRIBUTING_AREA",4100,7996,"NONCONTRIBUTING AREA","03080102","70900000","NONCON","tbcmp_PD_HA_IntHigh_2100","PD","HA","IntHigh","2100",7.903418505904
"03080102_70900000_NONCONTRIBUTING_AREA",5200,2902,"NONCONTRIBUTING AREA","03080102","70900000","NONCON","tbcmp_PD_HA_IntHigh_2100","PD","HA","IntHigh","2100",2.868399262648
"03080102_70900000_NONCONTRIBUTING_AREA",5400,270885,"NONCONTRIBUTING AREA","03080102","70900000","NONCON","tbcmp_PD_HA_IntHigh_2100","PD","HA","IntHigh","2100",267.74856452874
"03080102_70900000_NONCONTRIBUTING_AREA",6410,13115,"NONCONTRIBUTING AREA","03080102","70900000","NONCON","tbcmp_PD_HA_IntHigh_2100","PD","HA","IntHigh","2100",12.96314828726
"03080102_77990000_SILVER_RIVER",4100,215552,"SILVER RIVER","03080102","77990000","STREAM","tbcmp_PD_HA_IntHigh_2100","PD","HA","IntHigh","2100",213.056236341248
"03100101_33000000_MINED_AREA",1900,448144,"MINED AREA","03100101","33000000","NONCON","tbcmp_PD_HA_IntHigh_2100","PD","HA","IntHigh","2100",442.955175451456
"03100101_33000000_MINED_AREA",5200,38515,"MINED AREA","03100101","33000000","NONCON","tbcmp_PD_HA_IntHigh_2100","PD","HA","IntHigh","2100",38.06905499686
"03100101_33000000_MINED_AREA",6410,92299,"MINED AREA","03100101","33000000","NONCON","tbcmp_PD_HA_IntHigh_2100","PD","HA","IntHigh","2100",91.230318243676
"03100101_33990000_PAYNE_CREEK",1100,4521,"PAYNE CREEK","03100101","33990000","STREAM","tbcmp_PD_HA_IntHigh_2100","PD","HA","IntHigh","2100",4.468653710004
"03100101_33990000_PAYNE_CREEK",1200,252407,"PAYNE CREEK","03100101","33990000","STREAM","tbcmp_PD_HA_IntHigh_2100","PD","HA","IntHigh","2100",249.484511608268
"03100101_33990000_PAYNE_CREEK",1900,670054,"PAYNE CREEK","03100101","33990000","STREAM","tbcmp_PD_HA_IntHigh_2100","PD","HA","IntHigh","2100",662.295795842296
"03100101_33990000_PAYNE_CREEK",4400,20156,"PAYNE CREEK","03100101","33990000","STREAM","tbcmp_PD_HA_IntHigh_2100","PD","HA","IntHigh","2100",19.922624237744
"03100101_33990000_PAYNE_CREEK",5200,34187,"PAYNE CREEK","03100101","33990000","STREAM","tbcmp_PD_HA_IntHigh_2100","PD","HA","IntHigh","2100",33.791166640988
"03100101_33990000_PAYNE_CREEK",6110,121261,"PAYNE CREEK","03100101","33990000","STREAM","tbcmp_PD_HA_IntHigh_2100","PD","HA","IntHigh","2100",119.856982421764
"03100101_33990000_PAYNE_CREEK",6410,271616,"PAYNE CREEK","03100101","33990000","STREAM","tbcmp_PD_HA_IntHigh_2100","PD","HA","IntHigh","2100",268.471100662784
"03100101_85000000_MINED_AREA",1200,1127386,"MINED AREA","03100101","85000000","NONCON","tbcmp_PD_HA_IntHigh_2100","PD","HA","IntHigh","2100",1114.33258825626
"03100101_85300000_WEST_FORK_HORSE_CREEK",1200,3037146,"WEST FORK HORSE CREEK","03100101","85300000","STREAM","tbcmp_PD_HA_IntHigh_2100","PD","HA","IntHigh","2100",3001.9804779305
"03100101_85300000_WEST_FORK_HORSE_CREEK",1900,265953,"WEST FORK HORSE CREEK","03100101","85300000","STREAM","tbcmp_PD_HA_IntHigh_2100","PD","HA","IntHigh","2100",262.873669572372
"03100101_85300000_WEST_FORK_HORSE_CREEK",2100,633527,"WEST FORK HORSE CREEK","03100101","85300000","STREAM","tbcmp_PD_HA_IntHigh_2100","PD","HA","IntHigh","2100",626.191722835148
"03100101_85300000_WEST_FORK_HORSE_CREEK",2200,202893,"WEST FORK HORSE CREEK","03100101","85300000","STREAM","tbcmp_PD_HA_IntHigh_2100","PD","HA","IntHigh","2100",200.543808268932
"03100101_85300000_WEST_FORK_HORSE_CREEK",2400,26686,"WEST FORK HORSE CREEK","03100101","85300000","STREAM","tbcmp_PD_HA_IntHigh_2100","PD","HA","IntHigh","2100",26.377016789464
"03100101_85300000_WEST_FORK_HORSE_CREEK",3200,280400,"WEST FORK HORSE CREEK","03100101","85300000","STREAM","tbcmp_PD_HA_IntHigh_2100","PD","HA","IntHigh","2100",277.1533953296
"03100101_85300000_WEST_FORK_HORSE_CREEK",4100,263526,"WEST FORK HORSE CREEK","03100101","85300000","STREAM","tbcmp_PD_HA_IntHigh_2100","PD","HA","IntHigh","2100",260.474770533624
"03100101_85300000_WEST_FORK_HORSE_CREEK",4400,46538,"WEST FORK HORSE CREEK","03100101","85300000","STREAM","tbcmp_PD_HA_IntHigh_2100","PD","HA","IntHigh","2100",45.999160883912
"03100101_85300000_WEST_FORK_HORSE_CREEK",5200,535,"WEST FORK HORSE CREEK","03100101","85300000","STREAM","tbcmp_PD_HA_IntHigh_2100","PD","HA","IntHigh","2100",0.52880551534
"03100101_85300000_WEST_FORK_HORSE_CREEK",6110,494038,"WEST FORK HORSE CREEK","03100101","85300000","STREAM","tbcmp_PD_HA_IntHigh_2100","PD","HA","IntHigh","2100",488.317792873912
"03100101_85300000_WEST_FORK_HORSE_CREEK",6410,303954,"WEST FORK HORSE CREEK","03100101","85300000","STREAM","tbcmp_PD_HA_IntHigh_2100","PD","HA","IntHigh","2100",300.434675905896
"03100101_85360000_UNNAMED_STREAM",1100,52799,"UNNAMED STREAM","03100101","85360000","STREAM","tbcmp_PD_HA_IntHigh_2100","PD","HA","IntHigh","2100",52.187668045676
"03100101_85360000_UNNAMED_STREAM",1900,18268,"UNNAMED STREAM","03100101","85360000","STREAM","tbcmp_PD_HA_IntHigh_2100","PD","HA","IntHigh","2100",18.056484400432
"03100101_85360000_UNNAMED_STREAM",2100,449951,"UNNAMED STREAM","03100101","85360000","STREAM","tbcmp_PD_HA_IntHigh_2100","PD","HA","IntHigh","2100",444.741253145324
"03100101_85360000_UNNAMED_STREAM",3200,3303,"UNNAMED STREAM","03100101","85360000","STREAM","tbcmp_PD_HA_IntHigh_2100","PD","HA","IntHigh","2100",3.264756293772
"03100101_85360000_UNNAMED_STREAM",4100,184902,"UNNAMED STREAM","03100101","85360000","STREAM","tbcmp_PD_HA_IntHigh_2100","PD","HA","IntHigh","2100",182.761116630648
"03100101_85360000_UNNAMED_STREAM",4400,5146,"UNNAMED STREAM","03100101","85360000","STREAM","tbcmp_PD_HA_IntHigh_2100","PD","HA","IntHigh","2100",5.086417162504
"03100101_85360000_UNNAMED_STREAM",5200,878,"UNNAMED STREAM","03100101","85360000","STREAM","tbcmp_PD_HA_IntHigh_2100","PD","HA","IntHigh","2100",0.867834098072
"03100101_85360000_UNNAMED_STREAM",6110,96070,"UNNAMED STREAM","03100101","85360000","STREAM","tbcmp_PD_HA_IntHigh_2100","PD","HA","IntHigh","2100",94.95765581068
"03100101_85360000_UNNAMED_STREAM",6410,22489,"UNNAMED STREAM","03100101","85360000","STREAM","tbcmp_PD_HA_IntHigh_2100","PD","HA","IntHigh","2100",22.228611653236
"03100101_85400000_ELDER_CREEK",1200,14468,"ELDER CREEK","03100101","85400000","STREAM","tbcmp_PD_HA_IntHigh_2100","PD","HA","IntHigh","2100",14.300482609232
"03100101_85400000_ELDER_CREEK",1900,368702,"ELDER CREEK","03100101","85400000","STREAM","tbcmp_PD_HA_IntHigh_2100","PD","HA","IntHigh","2100",364.432992741848
"03100101_85400000_ELDER_CREEK",2100,162818,"ELDER CREEK","03100101","85400000","STREAM","tbcmp_PD_HA_IntHigh_2100","PD","HA","IntHigh","2100",160.932815694632
"03100101_85400000_ELDER_CREEK",2200,724365,"ELDER CREEK","03100101","85400000","STREAM","tbcmp_PD_HA_IntHigh_2100","PD","HA","IntHigh","2100",715.97795723226
"03100101_85400000_ELDER_CREEK",3200,29339,"ELDER CREEK","03100101","85400000","STREAM","tbcmp_PD_HA_IntHigh_2100","PD","HA","IntHigh","2100",28.999299092636
"03100101_85400000_ELDER_CREEK",4100,10934,"ELDER CREEK","03100101","85400000","STREAM","tbcmp_PD_HA_IntHigh_2100","PD","HA","IntHigh","2100",10.807400943416
"03100101_85400000_ELDER_CREEK",5200,141,"ELDER CREEK","03100101","85400000","STREAM","tbcmp_PD_HA_IntHigh_2100","PD","HA","IntHigh","2100",0.139367434884
"03100101_85400000_ELDER_CREEK",6110,157840,"ELDER CREEK","03100101","85400000","STREAM","tbcmp_PD_HA_IntHigh_2100","PD","HA","IntHigh","2100",156.01245334816
"03100101_85400000_ELDER_CREEK",6410,274965,"ELDER CREEK","03100101","85400000","STREAM","tbcmp_PD_HA_IntHigh_2100","PD","HA","IntHigh","2100",271.78132434666
"03100101_85420000_CYPRESS_CREEK",2100,112888,"CYPRESS CREEK","03100101","85420000","STREAM","tbcmp_PD_HA_IntHigh_2100","PD","HA","IntHigh","2100",111.580929001312
"03100101_85420000_CYPRESS_CREEK",2200,811,"CYPRESS CREEK","03100101","85420000","STREAM","tbcmp_PD_HA_IntHigh_2100","PD","HA","IntHigh","2100",0.801609855964
"03100101_85420000_CYPRESS_CREEK",3200,8264,"CYPRESS CREEK","03100101","85420000","STREAM","tbcmp_PD_HA_IntHigh_2100","PD","HA","IntHigh","2100",8.168315474336
"03100101_85420000_CYPRESS_CREEK",4100,38224,"CYPRESS CREEK","03100101","85420000","STREAM","tbcmp_PD_HA_IntHigh_2100","PD","HA","IntHigh","2100",37.781424333376
"03100101_85420000_CYPRESS_CREEK",5200,178,"CYPRESS CREEK","03100101","85420000","STREAM","tbcmp_PD_HA_IntHigh_2100","PD","HA","IntHigh","2100",0.175939031272
"03100101_85420000_CYPRESS_CREEK",6110,868,"CYPRESS CREEK","03100101","85420000","STREAM","tbcmp_PD_HA_IntHigh_2100","PD","HA","IntHigh","2100",0.857949882832
"03100101_85420000_CYPRESS_CREEK",6410,25141,"CYPRESS CREEK","03100101","85420000","STREAM","tbcmp_PD_HA_IntHigh_2100","PD","HA","IntHigh","2100",24.849905534884
"03100101_85730000_BUZZARD_ROOST_BRANCH",1900,3953,"BUZZARD ROOST BRANCH","03100101","85730000","STREAM","tbcmp_PD_HA_IntHigh_2100","PD","HA","IntHigh","2100",3.907230284372
"03100101_85730000_BUZZARD_ROOST_BRANCH",2100,106464,"BUZZARD ROOST BRANCH","03100101","85730000","STREAM","tbcmp_PD_HA_IntHigh_2100","PD","HA","IntHigh","2100",105.231309131136
"03100101_85730000_BUZZARD_ROOST_BRANCH",3200,94561,"BUZZARD ROOST BRANCH","03100101","85730000","STREAM","tbcmp_PD_HA_IntHigh_2100","PD","HA","IntHigh","2100",93.466127730964
"03100101_85730000_BUZZARD_ROOST_BRANCH",4100,137125,"BUZZARD ROOST BRANCH","03100101","85730000","STREAM","tbcmp_PD_HA_IntHigh_2100","PD","HA","IntHigh","2100",135.5373014785
"03100101_85730000_BUZZARD_ROOST_BRANCH",6110,86862,"BUZZARD ROOST BRANCH","03100101","85730000","STREAM","tbcmp_PD_HA_IntHigh_2100","PD","HA","IntHigh","2100",85.856270417688
"03100101_85730000_BUZZARD_ROOST_BRANCH",6410,29772,"BUZZARD ROOST BRANCH","03100101","85730000","STREAM","tbcmp_PD_HA_IntHigh_2100","PD","HA","IntHigh","2100",29.427285612528
"03100101_85738000_UNNAMED_STREAM",1100,20165,"UNNAMED STREAM","03100101","85738000","STREAM","tbcmp_PD_HA_IntHigh_2100","PD","HA","IntHigh","2100",19.93152003146
"03100101_85738000_UNNAMED_STREAM",1900,100692,"UNNAMED STREAM","03100101","85738000","STREAM","tbcmp_PD_HA_IntHigh_2100","PD","HA","IntHigh","2100",99.526140094608
"03100101_85738000_UNNAMED_STREAM",2100,717515,"UNNAMED STREAM","03100101","85738000","STREAM","tbcmp_PD_HA_IntHigh_2100","PD","HA","IntHigh","2100",709.20726979286
"03100101_85738000_UNNAMED_STREAM",2200,588311,"UNNAMED STREAM","03100101","85738000","STREAM","tbcmp_PD_HA_IntHigh_2100","PD","HA","IntHigh","2100",581.499255205964
"03100101_85738000_UNNAMED_STREAM",3200,253124,"UNNAMED STREAM","03100101","85738000","STREAM","tbcmp_PD_HA_IntHigh_2100","PD","HA","IntHigh","2100",250.193209840976
"03100101_85738000_UNNAMED_STREAM",4100,163922,"UNNAMED STREAM","03100101","85738000","STREAM","tbcmp_PD_HA_IntHigh_2100","PD","HA","IntHigh","2100",162.024033057128
"03100101_85738000_UNNAMED_STREAM",6110,82606,"UNNAMED STREAM","03100101","85738000","STREAM","tbcmp_PD_HA_IntHigh_2100","PD","HA","IntHigh","2100",81.649548411544
"03100101_85738000_UNNAMED_STREAM",6410,249060,"UNNAMED STREAM","03100101","85738000","STREAM","tbcmp_PD_HA_IntHigh_2100","PD","HA","IntHigh","2100",246.17626476744
"03100101_85990000_HORSE_CREEK",1200,4643861,"HORSE CREEK","03100101","85990000","STREAM","tbcmp_PD_HA_IntHigh_2100","PD","HA","IntHigh","2100",4590.09216686416
"03100101_85990000_HORSE_CREEK",1900,779214,"HORSE CREEK","03100101","85990000","STREAM","tbcmp_PD_HA_IntHigh_2100","PD","HA","IntHigh","2100",770.191889402136
"03100101_85990000_HORSE_CREEK",2100,264049,"HORSE CREEK","03100101","85990000","STREAM","tbcmp_PD_HA_IntHigh_2100","PD","HA","IntHigh","2100",260.991714990676
"03100101_85990000_HORSE_CREEK",2200,52183,"HORSE CREEK","03100101","85990000","STREAM","tbcmp_PD_HA_IntHigh_2100","PD","HA","IntHigh","2100",51.578800386892
"03100101_85990000_HORSE_CREEK",3200,500800,"HORSE CREEK","03100101","85990000","STREAM","tbcmp_PD_HA_IntHigh_2100","PD","HA","IntHigh","2100",495.0014992192
"03100101_85990000_HORSE_CREEK",4100,11652,"HORSE CREEK","03100101","85990000","STREAM","tbcmp_PD_HA_IntHigh_2100","PD","HA","IntHigh","2100",11.517087597648
"03100101_85990000_HORSE_CREEK",5200,167862,"HORSE CREEK","03100101","85990000","STREAM","tbcmp_PD_HA_IntHigh_2100","PD","HA","IntHigh","2100",165.918413861688
"03100101_85990000_HORSE_CREEK",6110,58084,"HORSE CREEK","03100101","85990000","STREAM","tbcmp_PD_HA_IntHigh_2100","PD","HA","IntHigh","2100",57.411475800016
"03100101_85990000_HORSE_CREEK",6410,490544,"HORSE CREEK","03100101","85990000","STREAM","tbcmp_PD_HA_IntHigh_2100","PD","HA","IntHigh","2100",484.864248069056
"03100101_89000000_UNNAMED_DRAIN",1900,2016,"UNNAMED DRAIN","03100101","89000000","DRAIN","tbcmp_PD_HA_IntHigh_2100","PD","HA","IntHigh","2100",1.992657792384
"03100101_89000000_UNNAMED_DRAIN",3200,1566,"UNNAMED DRAIN","03100101","89000000","DRAIN","tbcmp_PD_HA_IntHigh_2100","PD","HA","IntHigh","2100",1.547868106584
"03100101_89000000_UNNAMED_DRAIN",4100,3375,"UNNAMED DRAIN","03100101","89000000","DRAIN","tbcmp_PD_HA_IntHigh_2100","PD","HA","IntHigh","2100",3.3359226435
"03100101_98900000_UNNAMED_CANAL",1100,921759,"UNNAMED CANAL","03100101","98900000","CANAL","tbcmp_PD_HA_IntHigh_2100","PD","HA","IntHigh","2100",911.086435540716
"03100101_98900000_UNNAMED_CANAL",1200,1627259,"UNNAMED CANAL","03100101","98900000","CANAL","tbcmp_PD_HA_IntHigh_2100","PD","HA","IntHigh","2100",1608.41782072272
"03100101_98900000_UNNAMED_CANAL",1800,27476,"UNNAMED CANAL","03100101","98900000","CANAL","tbcmp_PD_HA_IntHigh_2100","PD","HA","IntHigh","2100",27.157869793424
"03100101_98900000_UNNAMED_CANAL",1900,839871,"UNNAMED CANAL","03100101","98900000","CANAL","tbcmp_PD_HA_IntHigh_2100","PD","HA","IntHigh","2100",830.146573783404
"03100101_98900000_UNNAMED_CANAL",3200,21110,"UNNAMED CANAL","03100101","98900000","CANAL","tbcmp_PD_HA_IntHigh_2100","PD","HA","IntHigh","2100",20.86557837164
"03100101_98900000_UNNAMED_CANAL",4100,9116,"UNNAMED CANAL","03100101","98900000","CANAL","tbcmp_PD_HA_IntHigh_2100","PD","HA","IntHigh","2100",9.010450612784
"03100101_98900000_UNNAMED_CANAL",5200,10187,"UNNAMED CANAL","03100101","98900000","CANAL","tbcmp_PD_HA_IntHigh_2100","PD","HA","IntHigh","2100",10.069050064988
"03100101_98900000_UNNAMED_CANAL",5400,506273,"UNNAMED CANAL","03100101","98900000","CANAL","tbcmp_PD_HA_IntHigh_2100","PD","HA","IntHigh","2100",500.411130220052
"03100101_98900000_UNNAMED_CANAL",6110,2,"UNNAMED CANAL","03100101","98900000","CANAL","tbcmp_PD_HA_IntHigh_2100","PD","HA","IntHigh","2100",0.001976843048
"03100101_98900000_UNNAMED_CANAL",6120,91692,"UNNAMED CANAL","03100101","98900000","CANAL","tbcmp_PD_HA_IntHigh_2100","PD","HA","IntHigh","2100",90.630346378608
"03100101_98900000_UNNAMED_CANAL",6410,6692,"UNNAMED CANAL","03100101","98900000","CANAL","tbcmp_PD_HA_IntHigh_2100","PD","HA","IntHigh","2100",6.614516838608
"03100101_98900000_UNNAMED_CANAL",6420,70305,"UNNAMED CANAL","03100101","98900000","CANAL","tbcmp_PD_HA_IntHigh_2100","PD","HA","IntHigh","2100",69.49097524482
"03100101_98900000_UNNAMED_CANAL",6425,191845,"UNNAMED CANAL","03100101","98900000","CANAL","tbcmp_PD_HA_IntHigh_2100","PD","HA","IntHigh","2100",189.62372727178
"03100101_98900000_UNNAMED_CANAL",6510,77741,"UNNAMED CANAL","03100101","98900000","CANAL","tbcmp_PD_HA_IntHigh_2100","PD","HA","IntHigh","2100",76.840877697284
"03100101_98900000_UNNAMED_CANAL",6600,232670,"UNNAMED CANAL","03100101","98900000","CANAL","tbcmp_PD_HA_IntHigh_2100","PD","HA","IntHigh","2100",229.97603598908
"03100101_98900000_UNNAMED_CANAL",9113,442888,"UNNAMED CANAL","03100101","98900000","CANAL","tbcmp_PD_HA_IntHigh_2100","PD","HA","IntHigh","2100",437.760031921312
"03100101_98990000_LITTLE_ALLIGATOR_CREEK",0,53,"LITTLE ALLIGATOR CREEK","03100101","98990000","STREAM","tbcmp_PD_HA_IntHigh_2100","PD","HA","IntHigh","2100",0.052386340772
"03100101_98990000_LITTLE_ALLIGATOR_CREEK",1100,1097673,"LITTLE ALLIGATOR CREEK","03100101","98990000","STREAM","tbcmp_PD_HA_IntHigh_2100","PD","HA","IntHigh","2100",1084.96361951365
"03100101_98990000_LITTLE_ALLIGATOR_CREEK",1200,2956275,"LITTLE ALLIGATOR CREEK","03100101","98990000","STREAM","tbcmp_PD_HA_IntHigh_2100","PD","HA","IntHigh","2100",2922.0458408631
"03100101_98990000_LITTLE_ALLIGATOR_CREEK",1800,30563,"LITTLE ALLIGATOR CREEK","03100101","98990000","STREAM","tbcmp_PD_HA_IntHigh_2100","PD","HA","IntHigh","2100",30.209127038012
"03100101_98990000_LITTLE_ALLIGATOR_CREEK",1900,506693,"LITTLE ALLIGATOR CREEK","03100101","98990000","STREAM","tbcmp_PD_HA_IntHigh_2100","PD","HA","IntHigh","2100",500.826267260132
"03100101_98990000_LITTLE_ALLIGATOR_CREEK",5200,45004,"LITTLE ALLIGATOR CREEK","03100101","98990000","STREAM","tbcmp_PD_HA_IntHigh_2100","PD","HA","IntHigh","2100",44.482922266096
"03100101_98990000_LITTLE_ALLIGATOR_CREEK",5400,149865,"LITTLE ALLIGATOR CREEK","03100101","98990000","STREAM","tbcmp_PD_HA_IntHigh_2100","PD","HA","IntHigh","2100",148.12979169426
"03100101_98990000_LITTLE_ALLIGATOR_CREEK",6110,13017,"LITTLE ALLIGATOR CREEK","03100101","98990000","STREAM","tbcmp_PD_HA_IntHigh_2100","PD","HA","IntHigh","2100",12.866282977908
"03100101_98990000_LITTLE_ALLIGATOR_CREEK",6120,18831,"LITTLE ALLIGATOR CREEK","03100101","98990000","STREAM","tbcmp_PD_HA_IntHigh_2100","PD","HA","IntHigh","2100",18.612965718444
"03100101_98990000_LITTLE_ALLIGATOR_CREEK",6410,19234,"LITTLE ALLIGATOR CREEK","03100101","98990000","STREAM","tbcmp_PD_HA_IntHigh_2100","PD","HA","IntHigh","2100",19.011299592616
"03100101_98990000_LITTLE_ALLIGATOR_CREEK",6420,13099,"LITTLE ALLIGATOR CREEK","03100101","98990000","STREAM","tbcmp_PD_HA_IntHigh_2100","PD","HA","IntHigh","2100",12.947333542876
"03100101_98990000_LITTLE_ALLIGATOR_CREEK",6425,34261,"LITTLE ALLIGATOR CREEK","03100101","98990000","STREAM","tbcmp_PD_HA_IntHigh_2100","PD","HA","IntHigh","2100",33.864309833764
"03100101_98990000_LITTLE_ALLIGATOR_CREEK",6510,11167,"LITTLE ALLIGATOR CREEK","03100101","98990000","STREAM","tbcmp_PD_HA_IntHigh_2100","PD","HA","IntHigh","2100",11.037703158508
"03100101_98990000_LITTLE_ALLIGATOR_CREEK",6600,80849,"LITTLE ALLIGATOR CREEK","03100101","98990000","STREAM","tbcmp_PD_HA_IntHigh_2100","PD","HA","IntHigh","2100",79.912891793876
"03100101_98990000_LITTLE_ALLIGATOR_CREEK",9113,140589,"LITTLE ALLIGATOR CREEK","03100101","98990000","STREAM","tbcmp_PD_HA_IntHigh_2100","PD","HA","IntHigh","2100",138.961193637636
"03100101_99000000_PEACE_RIVER",0,1,"PEACE RIVER","03100101","99000000","STREAM","tbcmp_PD_HA_IntHigh_2100","PD","HA","IntHigh","2100",0.000988421524
"03100101_99000000_PEACE_RIVER",1100,1384072,"PEACE RIVER","03100101","99000000","STREAM","tbcmp_PD_HA_IntHigh_2100","PD","HA","IntHigh","2100",1368.04655556573
"03100101_99000000_PEACE_RIVER",1200,10895647,"PEACE RIVER","03100101","99000000","STREAM","tbcmp_PD_HA_IntHigh_2100","PD","HA","IntHigh","2100",10769.492012706
"03100101_99000000_PEACE_RIVER",1800,127884,"PEACE RIVER","03100101","99000000","STREAM","tbcmp_PD_HA_IntHigh_2100","PD","HA","IntHigh","2100",126.403298175216
"03100101_99000000_PEACE_RIVER",1820,152236,"PEACE RIVER","03100101","99000000","STREAM","tbcmp_PD_HA_IntHigh_2100","PD","HA","IntHigh","2100",150.473339127664
"03100101_99000000_PEACE_RIVER",1900,1363191,"PEACE RIVER","03100101","99000000","STREAM","tbcmp_PD_HA_IntHigh_2100","PD","HA","IntHigh","2100",1347.40732572308
"03100101_99000000_PEACE_RIVER",3200,87629,"PEACE RIVER","03100101","99000000","STREAM","tbcmp_PD_HA_IntHigh_2100","PD","HA","IntHigh","2100",86.614389726596
"03100101_99000000_PEACE_RIVER",4100,78346,"PEACE RIVER","03100101","99000000","STREAM","tbcmp_PD_HA_IntHigh_2100","PD","HA","IntHigh","2100",77.438872719304
"03100101_99000000_PEACE_RIVER",5200,282601,"PEACE RIVER","03100101","99000000","STREAM","tbcmp_PD_HA_IntHigh_2100","PD","HA","IntHigh","2100",279.328911103924
"03100101_99000000_PEACE_RIVER",5400,3461604,"PEACE RIVER","03100101","99000000","STREAM","tbcmp_PD_HA_IntHigh_2100","PD","HA","IntHigh","2100",3421.5239011645
"03100101_99000000_PEACE_RIVER",6110,19387,"PEACE RIVER","03100101","99000000","STREAM","tbcmp_PD_HA_IntHigh_2100","PD","HA","IntHigh","2100",19.162528085788
"03100101_99000000_PEACE_RIVER",6120,69831,"PEACE RIVER","03100101","99000000","STREAM","tbcmp_PD_HA_IntHigh_2100","PD","HA","IntHigh","2100",69.022463442444
"03100101_99000000_PEACE_RIVER",6410,73447,"PEACE RIVER","03100101","99000000","STREAM","tbcmp_PD_HA_IntHigh_2100","PD","HA","IntHigh","2100",72.596595673228
"03100101_99000000_PEACE_RIVER",6420,9124,"PEACE RIVER","03100101","99000000","STREAM","tbcmp_PD_HA_IntHigh_2100","PD","HA","IntHigh","2100",9.018357984976
"03100101_99000000_PEACE_RIVER",6425,57728,"PEACE RIVER","03100101","99000000","STREAM","tbcmp_PD_HA_IntHigh_2100","PD","HA","IntHigh","2100",57.059597737472
"03100101_99000000_PEACE_RIVER",6510,19345,"PEACE RIVER","03100101","99000000","STREAM","tbcmp_PD_HA_IntHigh_2100","PD","HA","IntHigh","2100",19.12101438178
"03100101_99000000_PEACE_RIVER",6600,25561,"PEACE RIVER","03100101","99000000","STREAM","tbcmp_PD_HA_IntHigh_2100","PD","HA","IntHigh","2100",25.265042574964
"03100101_99000000_PEACE_RIVER",9113,338785,"PEACE RIVER","03100101","99000000","STREAM","tbcmp_PD_HA_IntHigh_2100","PD","HA","IntHigh","2100",334.86238600834
"03100101_99980000_MYAKKA_CUTOFF",5400,172582,"MYAKKA CUTOFF","03100101","99980000","STREAM","tbcmp_PD_HA_IntHigh_2100","PD","HA","IntHigh","2100",170.583763454968
"03100101_99980000_MYAKKA_CUTOFF",6120,526256,"MYAKKA CUTOFF","03100101","99980000","STREAM","tbcmp_PD_HA_IntHigh_2100","PD","HA","IntHigh","2100",520.162757534144
"03100101_99980000_MYAKKA_CUTOFF",6420,161,"MYAKKA CUTOFF","03100101","99980000","STREAM","tbcmp_PD_HA_IntHigh_2100","PD","HA","IntHigh","2100",0.159135865364
"03100101_99980000_MYAKKA_CUTOFF",6425,756,"MYAKKA CUTOFF","03100101","99980000","STREAM","tbcmp_PD_HA_IntHigh_2100","PD","HA","IntHigh","2100",0.747246672144
"03100101_99980000_MYAKKA_CUTOFF",6510,485,"MYAKKA CUTOFF","03100101","99980000","STREAM","tbcmp_PD_HA_IntHigh_2100","PD","HA","IntHigh","2100",0.47938443914
"03100101_99980000_MYAKKA_CUTOFF",9113,641708,"MYAKKA CUTOFF","03100101","99980000","STREAM","tbcmp_PD_HA_IntHigh_2100","PD","HA","IntHigh","2100",634.277999322992
"03100102_10000000_UNNAMED_CREEK",1100,32619,"UNNAMED CREEK","03100102","10000000","STREAM","tbcmp_PD_HA_IntHigh_2100","PD","HA","IntHigh","2100",32.241321691356
"03100102_10000000_UNNAMED_CREEK",1200,1472070,"UNNAMED CREEK","03100102","10000000","STREAM","tbcmp_PD_HA_IntHigh_2100","PD","HA","IntHigh","2100",1455.02567283468
"03100102_10000000_UNNAMED_CREEK",1900,33203,"UNNAMED CREEK","03100102","10000000","STREAM","tbcmp_PD_HA_IntHigh_2100","PD","HA","IntHigh","2100",32.818559861372
"03100102_10000000_UNNAMED_CREEK",2100,846886,"UNNAMED CREEK","03100102","10000000","STREAM","tbcmp_PD_HA_IntHigh_2100","PD","HA","IntHigh","2100",837.080350774264
"03100102_10000000_UNNAMED_CREEK",2200,576,"UNNAMED CREEK","03100102","10000000","STREAM","tbcmp_PD_HA_IntHigh_2100","PD","HA","IntHigh","2100",0.569330797824
"03100102_10000000_UNNAMED_CREEK",3200,459070,"UNNAMED CREEK","03100102","10000000","STREAM","tbcmp_PD_HA_IntHigh_2100","PD","HA","IntHigh","2100",453.75466902268
"03100102_10000000_UNNAMED_CREEK",4100,429913,"UNNAMED CREEK","03100102","10000000","STREAM","tbcmp_PD_HA_IntHigh_2100","PD","HA","IntHigh","2100",424.935262647412
"03100102_10000000_UNNAMED_CREEK",5200,6755,"UNNAMED CREEK","03100102","10000000","STREAM","tbcmp_PD_HA_IntHigh_2100","PD","HA","IntHigh","2100",6.67678739462
"03100102_10000000_UNNAMED_CREEK",6110,394420,"UNNAMED CREEK","03100102","10000000","STREAM","tbcmp_PD_HA_IntHigh_2100","PD","HA","IntHigh","2100",389.85321749608
"03100102_10000000_UNNAMED_CREEK",6410,149920,"UNNAMED CREEK","03100102","10000000","STREAM","tbcmp_PD_HA_IntHigh_2100","PD","HA","IntHigh","2100",148.18415487808
"03100102_20000000_WINGATE_CREEK",1100,568700,"WINGATE CREEK","03100102","20000000","STREAM","tbcmp_PD_HA_IntHigh_2100","PD","HA","IntHigh","2100",562.1153206988
"03100102_20000000_WINGATE_CREEK",1200,1926595,"WINGATE CREEK","03100102","20000000","STREAM","tbcmp_PD_HA_IntHigh_2100","PD","HA","IntHigh","2100",1904.28796603078
"03100102_20000000_WINGATE_CREEK",1900,656614,"WINGATE CREEK","03100102","20000000","STREAM","tbcmp_PD_HA_IntHigh_2100","PD","HA","IntHigh","2100",649.011410559736
"03100102_20000000_WINGATE_CREEK",2100,484619,"WINGATE CREEK","03100102","20000000","STREAM","tbcmp_PD_HA_IntHigh_2100","PD","HA","IntHigh","2100",479.007850539356
"03100102_20000000_WINGATE_CREEK",2200,7916,"WINGATE CREEK","03100102","20000000","STREAM","tbcmp_PD_HA_IntHigh_2100","PD","HA","IntHigh","2100",7.824344783984
"03100102_20000000_WINGATE_CREEK",2400,5411,"WINGATE CREEK","03100102","20000000","STREAM","tbcmp_PD_HA_IntHigh_2100","PD","HA","IntHigh","2100",5.348348866364
"03100102_20000000_WINGATE_CREEK",3200,566862,"WINGATE CREEK","03100102","20000000","STREAM","tbcmp_PD_HA_IntHigh_2100","PD","HA","IntHigh","2100",560.298601937688
"03100102_20000000_WINGATE_CREEK",4100,578384,"WINGATE CREEK","03100102","20000000","STREAM","tbcmp_PD_HA_IntHigh_2100","PD","HA","IntHigh","2100",571.687194737216
"03100102_20000000_WINGATE_CREEK",4400,4411,"WINGATE CREEK","03100102","20000000","STREAM","tbcmp_PD_HA_IntHigh_2100","PD","HA","IntHigh","2100",4.359927342364
"03100102_20000000_WINGATE_CREEK",5200,15376,"WINGATE CREEK","03100102","20000000","STREAM","tbcmp_PD_HA_IntHigh_2100","PD","HA","IntHigh","2100",15.197969353024
"03100102_20000000_WINGATE_CREEK",6110,338270,"WINGATE CREEK","03100102","20000000","STREAM","tbcmp_PD_HA_IntHigh_2100","PD","HA","IntHigh","2100",334.35334892348
"03100102_20000000_WINGATE_CREEK",6410,154721,"WINGATE CREEK","03100102","20000000","STREAM","tbcmp_PD_HA_IntHigh_2100","PD","HA","IntHigh","2100",152.929566614804
"03100102_20900000_JOHNSON_CREEK",1100,351451,"JOHNSON CREEK","03100102","20900000","STREAM","tbcmp_PD_HA_IntHigh_2100","PD","HA","IntHigh","2100",347.381733031324
"03100102_20900000_JOHNSON_CREEK",1200,435424,"JOHNSON CREEK","03100102","20900000","STREAM","tbcmp_PD_HA_IntHigh_2100","PD","HA","IntHigh","2100",430.382453666176
"03100102_20900000_JOHNSON_CREEK",1800,138475,"JOHNSON CREEK","03100102","20900000","STREAM","tbcmp_PD_HA_IntHigh_2100","PD","HA","IntHigh","2100",136.8716705359
"03100102_20900000_JOHNSON_CREEK",1900,229473,"JOHNSON CREEK","03100102","20900000","STREAM","tbcmp_PD_HA_IntHigh_2100","PD","HA","IntHigh","2100",226.816052376852
"03100102_20900000_JOHNSON_CREEK",2100,600395,"JOHNSON CREEK","03100102","20900000","STREAM","tbcmp_PD_HA_IntHigh_2100","PD","HA","IntHigh","2100",593.44334090198
"03100102_20900000_JOHNSON_CREEK",3200,540325,"JOHNSON CREEK","03100102","20900000","STREAM","tbcmp_PD_HA_IntHigh_2100","PD","HA","IntHigh","2100",534.0688599553
"03100102_20900000_JOHNSON_CREEK",4100,70643,"JOHNSON CREEK","03100102","20900000","STREAM","tbcmp_PD_HA_IntHigh_2100","PD","HA","IntHigh","2100",69.825061719932
"03100102_20900000_JOHNSON_CREEK",4400,837,"JOHNSON CREEK","03100102","20900000","STREAM","tbcmp_PD_HA_IntHigh_2100","PD","HA","IntHigh","2100",0.827308815588
"03100102_20900000_JOHNSON_CREEK",5200,18175,"JOHNSON CREEK","03100102","20900000","STREAM","tbcmp_PD_HA_IntHigh_2100","PD","HA","IntHigh","2100",17.9645611987
"03100102_20900000_JOHNSON_CREEK",6110,81849,"JOHNSON CREEK","03100102","20900000","STREAM","tbcmp_PD_HA_IntHigh_2100","PD","HA","IntHigh","2100",80.901313317876
"03100102_20900000_JOHNSON_CREEK",6410,314423,"JOHNSON CREEK","03100102","20900000","STREAM","tbcmp_PD_HA_IntHigh_2100","PD","HA","IntHigh","2100",310.782460840652
"03100102_22000000_TAYLOR_CREEK",1100,89613,"TAYLOR CREEK","03100102","22000000","STREAM","tbcmp_PD_HA_IntHigh_2100","PD","HA","IntHigh","2100",88.575418030212
"03100102_22000000_TAYLOR_CREEK",1200,20753,"TAYLOR CREEK","03100102","22000000","STREAM","tbcmp_PD_HA_IntHigh_2100","PD","HA","IntHigh","2100",20.512711887572
"03100102_22000000_TAYLOR_CREEK",1900,70964,"TAYLOR CREEK","03100102","22000000","STREAM","tbcmp_PD_HA_IntHigh_2100","PD","HA","IntHigh","2100",70.142345029136
"03100102_22000000_TAYLOR_CREEK",2100,498792,"TAYLOR CREEK","03100102","22000000","STREAM","tbcmp_PD_HA_IntHigh_2100","PD","HA","IntHigh","2100",493.016748799008
"03100102_22000000_TAYLOR_CREEK",3200,792319,"TAYLOR CREEK","03100102","22000000","STREAM","tbcmp_PD_HA_IntHigh_2100","PD","HA","IntHigh","2100",783.145153474156
"03100102_22000000_TAYLOR_CREEK",4100,166961,"TAYLOR CREEK","03100102","22000000","STREAM","tbcmp_PD_HA_IntHigh_2100","PD","HA","IntHigh","2100",165.027846068564
"03100102_22000000_TAYLOR_CREEK",5200,7460,"TAYLOR CREEK","03100102","22000000","STREAM","tbcmp_PD_HA_IntHigh_2100","PD","HA","IntHigh","2100",7.37362456904
"03100102_22000000_TAYLOR_CREEK",6110,32759,"TAYLOR CREEK","03100102","22000000","STREAM","tbcmp_PD_HA_IntHigh_2100","PD","HA","IntHigh","2100",32.379700704716
"03100102_22000000_TAYLOR_CREEK",6410,57374,"TAYLOR CREEK","03100102","22000000","STREAM","tbcmp_PD_HA_IntHigh_2100","PD","HA","IntHigh","2100",56.709696517976
"03100102_24000000_YOUNG_CREEK",1100,596359,"YOUNG CREEK","03100102","24000000","STREAM","tbcmp_PD_HA_IntHigh_2100","PD","HA","IntHigh","2100",589.454071631116
"03100102_24000000_YOUNG_CREEK",1200,456062,"YOUNG CREEK","03100102","24000000","STREAM","tbcmp_PD_HA_IntHigh_2100","PD","HA","IntHigh","2100",450.781497078488
"03100102_24000000_YOUNG_CREEK",1900,208854,"YOUNG CREEK","03100102","24000000","STREAM","tbcmp_PD_HA_IntHigh_2100","PD","HA","IntHigh","2100",206.435788973496
"03100102_24000000_YOUNG_CREEK",2100,888490,"YOUNG CREEK","03100102","24000000","STREAM","tbcmp_PD_HA_IntHigh_2100","PD","HA","IntHigh","2100",878.20263985876
"03100102_24000000_YOUNG_CREEK",2200,221530,"YOUNG CREEK","03100102","24000000","STREAM","tbcmp_PD_HA_IntHigh_2100","PD","HA","IntHigh","2100",218.96502021172
"03100102_24000000_YOUNG_CREEK",2400,23665,"YOUNG CREEK","03100102","24000000","STREAM","tbcmp_PD_HA_IntHigh_2100","PD","HA","IntHigh","2100",23.39099536546
"03100102_24000000_YOUNG_CREEK",3200,174012,"YOUNG CREEK","03100102","24000000","STREAM","tbcmp_PD_HA_IntHigh_2100","PD","HA","IntHigh","2100",171.997206234288
"03100102_24000000_YOUNG_CREEK",4100,457373,"YOUNG CREEK","03100102","24000000","STREAM","tbcmp_PD_HA_IntHigh_2100","PD","HA","IntHigh","2100",452.077317696452
"03100102_24000000_YOUNG_CREEK",5200,34009,"YOUNG CREEK","03100102","24000000","STREAM","tbcmp_PD_HA_IntHigh_2100","PD","HA","IntHigh","2100",33.615227609716
"03100102_24000000_YOUNG_CREEK",6110,329808,"YOUNG CREEK","03100102","24000000","STREAM","tbcmp_PD_HA_IntHigh_2100","PD","HA","IntHigh","2100",325.989325987392
"03100102_24000000_YOUNG_CREEK",6410,315746,"YOUNG CREEK","03100102","24000000","STREAM","tbcmp_PD_HA_IntHigh_2100","PD","HA","IntHigh","2100",312.090142516904
"03100102_30000000_LONG_CREEK",1100,101232,"LONG CREEK","03100102","30000000","STREAM","tbcmp_PD_HA_IntHigh_2100","PD","HA","IntHigh","2100",100.059887717568
"03100102_30000000_LONG_CREEK",1200,9110,"LONG CREEK","03100102","30000000","STREAM","tbcmp_PD_HA_IntHigh_2100","PD","HA","IntHigh","2100",9.00452008364
"03100102_30000000_LONG_CREEK",1900,116504,"LONG CREEK","03100102","30000000","STREAM","tbcmp_PD_HA_IntHigh_2100","PD","HA","IntHigh","2100",115.155061232096
"03100102_30000000_LONG_CREEK",2100,2081853,"LONG CREEK","03100102","30000000","STREAM","tbcmp_PD_HA_IntHigh_2100","PD","HA","IntHigh","2100",2057.74831500397
"03100102_30000000_LONG_CREEK",2200,716168,"LONG CREEK","03100102","30000000","STREAM","tbcmp_PD_HA_IntHigh_2100","PD","HA","IntHigh","2100",707.875866000032
"03100102_30000000_LONG_CREEK",2400,17140,"LONG CREEK","03100102","30000000","STREAM","tbcmp_PD_HA_IntHigh_2100","PD","HA","IntHigh","2100",16.94154492136
"03100102_30000000_LONG_CREEK",3200,239742,"LONG CREEK","03100102","30000000","STREAM","tbcmp_PD_HA_IntHigh_2100","PD","HA","IntHigh","2100",236.966153006808
"03100102_30000000_LONG_CREEK",4100,384030,"LONG CREEK","03100102","30000000","STREAM","tbcmp_PD_HA_IntHigh_2100","PD","HA","IntHigh","2100",379.58351786172
"03100102_30000000_LONG_CREEK",4400,10757,"LONG CREEK","03100102","30000000","STREAM","tbcmp_PD_HA_IntHigh_2100","PD","HA","IntHigh","2100",10.632450333668
"03100102_30000000_LONG_CREEK",5200,13591,"LONG CREEK","03100102","30000000","STREAM","tbcmp_PD_HA_IntHigh_2100","PD","HA","IntHigh","2100",13.433636932684
"03100102_30000000_LONG_CREEK",6110,312004,"LONG CREEK","03100102","30000000","STREAM","tbcmp_PD_HA_IntHigh_2100","PD","HA","IntHigh","2100",308.391469174096
"03100102_30000000_LONG_CREEK",6410,355302,"LONG CREEK","03100102","30000000","STREAM","tbcmp_PD_HA_IntHigh_2100","PD","HA","IntHigh","2100",351.188144320248
"03100102_32000000_MAPLE_CREEK",1100,8785,"MAPLE CREEK","03100102","32000000","STREAM","tbcmp_PD_HA_IntHigh_2100","PD","HA","IntHigh","2100",8.68328308834
"03100102_32000000_MAPLE_CREEK",1200,5616,"MAPLE CREEK","03100102","32000000","STREAM","tbcmp_PD_HA_IntHigh_2100","PD","HA","IntHigh","2100",5.550975278784
"03100102_32000000_MAPLE_CREEK",1900,103211,"MAPLE CREEK","03100102","32000000","STREAM","tbcmp_PD_HA_IntHigh_2100","PD","HA","IntHigh","2100",102.015973913564
"03100102_32000000_MAPLE_CREEK",2100,986075,"MAPLE CREEK","03100102","32000000","STREAM","tbcmp_PD_HA_IntHigh_2100","PD","HA","IntHigh","2100",974.6577542783
"03100102_32000000_MAPLE_CREEK",2200,835677,"MAPLE CREEK","03100102","32000000","STREAM","tbcmp_PD_HA_IntHigh_2100","PD","HA","IntHigh","2100",826.001133911748
"03100102_32000000_MAPLE_CREEK",2400,23665,"MAPLE CREEK","03100102","32000000","STREAM","tbcmp_PD_HA_IntHigh_2100","PD","HA","IntHigh","2100",23.39099536546
"03100102_32000000_MAPLE_CREEK",3200,117319,"MAPLE CREEK","03100102","32000000","STREAM","tbcmp_PD_HA_IntHigh_2100","PD","HA","IntHigh","2100",115.960624774156
"03100102_32000000_MAPLE_CREEK",4100,385865,"MAPLE CREEK","03100102","32000000","STREAM","tbcmp_PD_HA_IntHigh_2100","PD","HA","IntHigh","2100",381.39727135826
"03100102_32000000_MAPLE_CREEK",5200,1963,"MAPLE CREEK","03100102","32000000","STREAM","tbcmp_PD_HA_IntHigh_2100","PD","HA","IntHigh","2100",1.940271451612
"03100102_32000000_MAPLE_CREEK",6110,310614,"MAPLE CREEK","03100102","32000000","STREAM","tbcmp_PD_HA_IntHigh_2100","PD","HA","IntHigh","2100",307.017563255736
"03100102_32000000_MAPLE_CREEK",6410,105218,"MAPLE CREEK","03100102","32000000","STREAM","tbcmp_PD_HA_IntHigh_2100","PD","HA","IntHigh","2100",103.999735912232
"03100102_35000000_OGLEBAY_CREEK",1100,724142,"OGLEBAY CREEK","03100102","35000000","STREAM","tbcmp_PD_HA_IntHigh_2100","PD","HA","IntHigh","2100",715.757539232408
"03100102_35000000_OGLEBAY_CREEK",1200,123336,"OGLEBAY CREEK","03100102","35000000","STREAM","tbcmp_PD_HA_IntHigh_2100","PD","HA","IntHigh","2100",121.907957084064
"03100102_35000000_OGLEBAY_CREEK",1900,350752,"OGLEBAY CREEK","03100102","35000000","STREAM","tbcmp_PD_HA_IntHigh_2100","PD","HA","IntHigh","2100",346.690826386048
"03100102_35000000_OGLEBAY_CREEK",2100,3373649,"OGLEBAY CREEK","03100102","35000000","STREAM","tbcmp_PD_HA_IntHigh_2100","PD","HA","IntHigh","2100",3334.58728602108
"03100102_35000000_OGLEBAY_CREEK",2200,9818,"OGLEBAY CREEK","03100102","35000000","STREAM","tbcmp_PD_HA_IntHigh_2100","PD","HA","IntHigh","2100",9.704322522632
"03100102_35000000_OGLEBAY_CREEK",2400,12454,"OGLEBAY CREEK","03100102","35000000","STREAM","tbcmp_PD_HA_IntHigh_2100","PD","HA","IntHigh","2100",12.309801659896
"03100102_35000000_OGLEBAY_CREEK",3200,1090382,"OGLEBAY CREEK","03100102","35000000","STREAM","tbcmp_PD_HA_IntHigh_2100","PD","HA","IntHigh","2100",1077.75703818217
"03100102_35000000_OGLEBAY_CREEK",4100,1751317,"OGLEBAY CREEK","03100102","35000000","STREAM","tbcmp_PD_HA_IntHigh_2100","PD","HA","IntHigh","2100",1731.03941814711
"03100102_35000000_OGLEBAY_CREEK",5200,53857,"OGLEBAY CREEK","03100102","35000000","STREAM","tbcmp_PD_HA_IntHigh_2100","PD","HA","IntHigh","2100",53.233418018068
"03100102_35000000_OGLEBAY_CREEK",6110,1097005,"OGLEBAY CREEK","03100102","35000000","STREAM","tbcmp_PD_HA_IntHigh_2100","PD","HA","IntHigh","2100",1084.30335393562
"03100102_35000000_OGLEBAY_CREEK",6410,945882,"OGLEBAY CREEK","03100102","35000000","STREAM","tbcmp_PD_HA_IntHigh_2100","PD","HA","IntHigh","2100",934.930127964168
"03100102_35200000_UNNAMED_DITCH",1100,1243400,"UNNAMED DITCH","03100102","35200000","DITCH","tbcmp_PD_HA_IntHigh_2100","PD","HA","IntHigh","2100",1229.0033229416
"03100102_35200000_UNNAMED_DITCH",1200,113269,"UNNAMED DITCH","03100102","35200000","DITCH","tbcmp_PD_HA_IntHigh_2100","PD","HA","IntHigh","2100",111.957517601956
"03100102_35200000_UNNAMED_DITCH",1900,193046,"UNNAMED DITCH","03100102","35200000","DITCH","tbcmp_PD_HA_IntHigh_2100","PD","HA","IntHigh","2100",190.810821522104
"03100102_35200000_UNNAMED_DITCH",2100,1328047,"UNNAMED DITCH","03100102","35200000","DITCH","tbcmp_PD_HA_IntHigh_2100","PD","HA","IntHigh","2100",1312.67023968363
"03100102_35200000_UNNAMED_DITCH",2400,65058,"UNNAMED DITCH","03100102","35200000","DITCH","tbcmp_PD_HA_IntHigh_2100","PD","HA","IntHigh","2100",64.304727508392
"03100102_35200000_UNNAMED_DITCH",3200,587361,"UNNAMED DITCH","03100102","35200000","DITCH","tbcmp_PD_HA_IntHigh_2100","PD","HA","IntHigh","2100",580.560254758164
"03100102_35200000_UNNAMED_DITCH",4100,615573,"UNNAMED DITCH","03100102","35200000","DITCH","tbcmp_PD_HA_IntHigh_2100","PD","HA","IntHigh","2100",608.445602793252
"03100102_35200000_UNNAMED_DITCH",5200,41597,"UNNAMED DITCH","03100102","35200000","DITCH","tbcmp_PD_HA_IntHigh_2100","PD","HA","IntHigh","2100",41.115370133828
"03100102_35200000_UNNAMED_DITCH",6110,367380,"UNNAMED DITCH","03100102","35200000","DITCH","tbcmp_PD_HA_IntHigh_2100","PD","HA","IntHigh","2100",363.12629948712
"03100102_35200000_UNNAMED_DITCH",6410,1007897,"UNNAMED DITCH","03100102","35200000","DITCH","tbcmp_PD_HA_IntHigh_2100","PD","HA","IntHigh","2100",996.227088775028
"03100102_35500000_BOGGY_CREEK",1900,62934,"BOGGY CREEK","03100102","35500000","DRAIN","tbcmp_PD_HA_IntHigh_2100","PD","HA","IntHigh","2100",62.205320191416
"03100102_35500000_BOGGY_CREEK",2100,784555,"BOGGY CREEK","03100102","35500000","DRAIN","tbcmp_PD_HA_IntHigh_2100","PD","HA","IntHigh","2100",775.47104876182
"03100102_35500000_BOGGY_CREEK",3200,84778,"BOGGY CREEK","03100102","35500000","DRAIN","tbcmp_PD_HA_IntHigh_2100","PD","HA","IntHigh","2100",83.796399961672
"03100102_35500000_BOGGY_CREEK",4100,80814,"BOGGY CREEK","03100102","35500000","DRAIN","tbcmp_PD_HA_IntHigh_2100","PD","HA","IntHigh","2100",79.878297040536
"03100102_35500000_BOGGY_CREEK",6110,124233,"BOGGY CREEK","03100102","35500000","DRAIN","tbcmp_PD_HA_IntHigh_2100","PD","HA","IntHigh","2100",122.794571191092
"03100102_35500000_BOGGY_CREEK",6410,94211,"BOGGY CREEK","03100102","35500000","DRAIN","tbcmp_PD_HA_IntHigh_2100","PD","HA","IntHigh","2100",93.120180197564
"03100102_35600000_COKER_CREEK",1200,1305,"COKER CREEK","03100102","35600000","STREAM","tbcmp_PD_HA_IntHigh_2100","PD","HA","IntHigh","2100",1.28989008882
"03100102_35600000_COKER_CREEK",1900,143932,"COKER CREEK","03100102","35600000","STREAM","tbcmp_PD_HA_IntHigh_2100","PD","HA","IntHigh","2100",142.265486792368
"03100102_35600000_COKER_CREEK",2100,2044842,"COKER CREEK","03100102","35600000","STREAM","tbcmp_PD_HA_IntHigh_2100","PD","HA","IntHigh","2100",2021.16584597921
"03100102_35600000_COKER_CREEK",3200,706060,"COKER CREEK","03100102","35600000","STREAM","tbcmp_PD_HA_IntHigh_2100","PD","HA","IntHigh","2100",697.88490123544
"03100102_35600000_COKER_CREEK",4100,573705,"COKER CREEK","03100102","35600000","STREAM","tbcmp_PD_HA_IntHigh_2100","PD","HA","IntHigh","2100",567.06237042642
"03100102_35600000_COKER_CREEK",4400,50933,"COKER CREEK","03100102","35600000","STREAM","tbcmp_PD_HA_IntHigh_2100","PD","HA","IntHigh","2100",50.343273481892
"03100102_35600000_COKER_CREEK",5200,4692,"COKER CREEK","03100102","35600000","STREAM","tbcmp_PD_HA_IntHigh_2100","PD","HA","IntHigh","2100",4.637673790608
"03100102_35600000_COKER_CREEK",6110,345618,"COKER CREEK","03100102","35600000","STREAM","tbcmp_PD_HA_IntHigh_2100","PD","HA","IntHigh","2100",341.616270281832
"03100102_35600000_COKER_CREEK",6410,470197,"COKER CREEK","03100102","35600000","STREAM","tbcmp_PD_HA_IntHigh_2100","PD","HA","IntHigh","2100",464.752835320228
"03100102_35800000_SAND_SLOUGH",1100,10830,"SAND SLOUGH","03100102","35800000","DRAIN","tbcmp_PD_HA_IntHigh_2100","PD","HA","IntHigh","2100",10.70460510492
"03100102_35800000_SAND_SLOUGH",1900,58305,"SAND SLOUGH","03100102","35800000","DRAIN","tbcmp_PD_HA_IntHigh_2100","PD","HA","IntHigh","2100",57.62991695682
"03100102_35800000_SAND_SLOUGH",2100,201836,"SAND SLOUGH","03100102","35800000","DRAIN","tbcmp_PD_HA_IntHigh_2100","PD","HA","IntHigh","2100",199.499046718064
"03100102_35800000_SAND_SLOUGH",2200,202746,"SAND SLOUGH","03100102","35800000","DRAIN","tbcmp_PD_HA_IntHigh_2100","PD","HA","IntHigh","2100",200.398510304904
"03100102_35800000_SAND_SLOUGH",3200,322343,"SAND SLOUGH","03100102","35800000","DRAIN","tbcmp_PD_HA_IntHigh_2100","PD","HA","IntHigh","2100",318.610759310732
"03100102_35800000_SAND_SLOUGH",4100,105835,"SAND SLOUGH","03100102","35800000","DRAIN","tbcmp_PD_HA_IntHigh_2100","PD","HA","IntHigh","2100",104.60959199254
"03100102_35800000_SAND_SLOUGH",5200,7915,"SAND SLOUGH","03100102","35800000","DRAIN","tbcmp_PD_HA_IntHigh_2100","PD","HA","IntHigh","2100",7.82335636246
"03100102_35800000_SAND_SLOUGH",6110,216505,"SAND SLOUGH","03100102","35800000","DRAIN","tbcmp_PD_HA_IntHigh_2100","PD","HA","IntHigh","2100",213.99820205362
"03100102_35800000_SAND_SLOUGH",6410,94149,"SAND SLOUGH","03100102","35800000","DRAIN","tbcmp_PD_HA_IntHigh_2100","PD","HA","IntHigh","2100",93.058898063076
"03100102_38000000_OWEN_CREEK",1100,68531,"OWEN CREEK","03100102","38000000","STREAM","tbcmp_PD_HA_IntHigh_2100","PD","HA","IntHigh","2100",67.737515461244
"03100102_38000000_OWEN_CREEK",1200,71882,"OWEN CREEK","03100102","38000000","STREAM","tbcmp_PD_HA_IntHigh_2100","PD","HA","IntHigh","2100",71.049715988168
"03100102_38000000_OWEN_CREEK",1900,115818,"OWEN CREEK","03100102","38000000","STREAM","tbcmp_PD_HA_IntHigh_2100","PD","HA","IntHigh","2100",114.477004066632
"03100102_38000000_OWEN_CREEK",2100,5900337,"OWEN CREEK","03100102","38000000","STREAM","tbcmp_PD_HA_IntHigh_2100","PD","HA","IntHigh","2100",5832.02008965359
"03100102_38000000_OWEN_CREEK",2200,78012,"OWEN CREEK","03100102","38000000","STREAM","tbcmp_PD_HA_IntHigh_2100","PD","HA","IntHigh","2100",77.108739930288
"03100102_38000000_OWEN_CREEK",2400,4892,"OWEN CREEK","03100102","38000000","STREAM","tbcmp_PD_HA_IntHigh_2100","PD","HA","IntHigh","2100",4.835358095408
"03100102_38000000_OWEN_CREEK",3200,678832,"OWEN CREEK","03100102","38000000","STREAM","tbcmp_PD_HA_IntHigh_2100","PD","HA","IntHigh","2100",670.972159979968
"03100102_38000000_OWEN_CREEK",4100,1280338,"OWEN CREEK","03100102","38000000","STREAM","tbcmp_PD_HA_IntHigh_2100","PD","HA","IntHigh","2100",1265.51363719511
"03100102_38000000_OWEN_CREEK",4400,83892,"OWEN CREEK","03100102","38000000","STREAM","tbcmp_PD_HA_IntHigh_2100","PD","HA","IntHigh","2100",82.920658491408
"03100102_38000000_OWEN_CREEK",5200,57497,"OWEN CREEK","03100102","38000000","STREAM","tbcmp_PD_HA_IntHigh_2100","PD","HA","IntHigh","2100",56.831272365428
"03100102_38000000_OWEN_CREEK",6110,848999,"OWEN CREEK","03100102","38000000","STREAM","tbcmp_PD_HA_IntHigh_2100","PD","HA","IntHigh","2100",839.168885454476
"03100102_38000000_OWEN_CREEK",6410,530968,"OWEN CREEK","03100102","38000000","STREAM","tbcmp_PD_HA_IntHigh_2100","PD","HA","IntHigh","2100",524.820199755232
"03100102_38400000_UNN_DRAIN",1900,4943,"UNN DRAIN","03100102","38400000","DRAIN","tbcmp_PD_HA_IntHigh_2100","PD","HA","IntHigh","2100",4.885767593132
"03100102_38400000_UNN_DRAIN",2100,1006317,"UNN DRAIN","03100102","38400000","DRAIN","tbcmp_PD_HA_IntHigh_2100","PD","HA","IntHigh","2100",994.665382767108
"03100102_38400000_UNN_DRAIN",3200,184292,"UNN DRAIN","03100102","38400000","DRAIN","tbcmp_PD_HA_IntHigh_2100","PD","HA","IntHigh","2100",182.158179501008
"03100102_38400000_UNN_DRAIN",4100,208967,"UNN DRAIN","03100102","38400000","DRAIN","tbcmp_PD_HA_IntHigh_2100","PD","HA","IntHigh","2100",206.547480605708
"03100102_38400000_UNN_DRAIN",5200,1271,"UNN DRAIN","03100102","38400000","DRAIN","tbcmp_PD_HA_IntHigh_2100","PD","HA","IntHigh","2100",1.256283757004
"03100102_38400000_UNN_DRAIN",6110,53110,"UNN DRAIN","03100102","38400000","DRAIN","tbcmp_PD_HA_IntHigh_2100","PD","HA","IntHigh","2100",52.49506713964
"03100102_38400000_UNN_DRAIN",6410,154255,"UNN DRAIN","03100102","38400000","DRAIN","tbcmp_PD_HA_IntHigh_2100","PD","HA","IntHigh","2100",152.46896218462
"03100102_38500000_OWEN_BRANCH",1100,9543,"OWEN BRANCH","03100102","38500000","STREAM","tbcmp_PD_HA_IntHigh_2100","PD","HA","IntHigh","2100",9.432506603532
"03100102_38500000_OWEN_BRANCH",1900,44117,"OWEN BRANCH","03100102","38500000","STREAM","tbcmp_PD_HA_IntHigh_2100","PD","HA","IntHigh","2100",43.606192374308
"03100102_38500000_OWEN_BRANCH",2100,2511192,"OWEN BRANCH","03100102","38500000","STREAM","tbcmp_PD_HA_IntHigh_2100","PD","HA","IntHigh","2100",2482.11622369661
"03100102_38500000_OWEN_BRANCH",2200,694326,"OWEN BRANCH","03100102","38500000","STREAM","tbcmp_PD_HA_IntHigh_2100","PD","HA","IntHigh","2100",686.286763072824
"03100102_38500000_OWEN_BRANCH",3200,461283,"OWEN BRANCH","03100102","38500000","STREAM","tbcmp_PD_HA_IntHigh_2100","PD","HA","IntHigh","2100",455.942045855292
"03100102_38500000_OWEN_BRANCH",4100,877369,"OWEN BRANCH","03100102","38500000","STREAM","tbcmp_PD_HA_IntHigh_2100","PD","HA","IntHigh","2100",867.210404090356
"03100102_38500000_OWEN_BRANCH",4400,59998,"OWEN BRANCH","03100102","38500000","STREAM","tbcmp_PD_HA_IntHigh_2100","PD","HA","IntHigh","2100",59.303314596952
"03100102_38500000_OWEN_BRANCH",5200,5413,"OWEN BRANCH","03100102","38500000","STREAM","tbcmp_PD_HA_IntHigh_2100","PD","HA","IntHigh","2100",5.350325709412
"03100102_38500000_OWEN_BRANCH",6110,350934,"OWEN BRANCH","03100102","38500000","STREAM","tbcmp_PD_HA_IntHigh_2100","PD","HA","IntHigh","2100",346.870719103416
"03100102_38500000_OWEN_BRANCH",6410,399656,"OWEN BRANCH","03100102","38500000","STREAM","tbcmp_PD_HA_IntHigh_2100","PD","HA","IntHigh","2100",395.028592595744
"03100102_38700000_SAND_BRANCH",1100,1257,"SAND BRANCH","03100102","38700000","DITCH","tbcmp_PD_HA_IntHigh_2100","PD","HA","IntHigh","2100",1.242445855668
"03100102_38700000_SAND_BRANCH",1200,14786,"SAND BRANCH","03100102","38700000","DITCH","tbcmp_PD_HA_IntHigh_2100","PD","HA","IntHigh","2100",14.614800653864
"03100102_38700000_SAND_BRANCH",1900,42007,"SAND BRANCH","03100102","38700000","DITCH","tbcmp_PD_HA_IntHigh_2100","PD","HA","IntHigh","2100",41.520622958668
"03100102_38700000_SAND_BRANCH",2100,2280613,"SAND BRANCH","03100102","38700000","DITCH","tbcmp_PD_HA_IntHigh_2100","PD","HA","IntHigh","2100",2254.20697711421
"03100102_38700000_SAND_BRANCH",3200,129545,"SAND BRANCH","03100102","38700000","DITCH","tbcmp_PD_HA_IntHigh_2100","PD","HA","IntHigh","2100",128.04506632658
"03100102_38700000_SAND_BRANCH",4100,15046,"SAND BRANCH","03100102","38700000","DITCH","tbcmp_PD_HA_IntHigh_2100","PD","HA","IntHigh","2100",14.871790250104
"03100102_38700000_SAND_BRANCH",5200,3333,"SAND BRANCH","03100102","38700000","DITCH","tbcmp_PD_HA_IntHigh_2100","PD","HA","IntHigh","2100",3.294408939492
"03100102_38700000_SAND_BRANCH",6110,81251,"SAND BRANCH","03100102","38700000","DITCH","tbcmp_PD_HA_IntHigh_2100","PD","HA","IntHigh","2100",80.310237246524
"03100102_38700000_SAND_BRANCH",6410,338775,"SAND BRANCH","03100102","38700000","DITCH","tbcmp_PD_HA_IntHigh_2100","PD","HA","IntHigh","2100",334.8525017931
"03100102_42000000_UNN_DITCH",1900,9332,"UNN DITCH","03100102","42000000","DITCH","tbcmp_PD_HA_IntHigh_2100","PD","HA","IntHigh","2100",9.223949661968
"03100102_42000000_UNN_DITCH",2100,1109531,"UNN DITCH","03100102","42000000","DITCH","tbcmp_PD_HA_IntHigh_2100","PD","HA","IntHigh","2100",1096.68432194524
"03100102_42000000_UNN_DITCH",3200,115716,"UNN DITCH","03100102","42000000","DITCH","tbcmp_PD_HA_IntHigh_2100","PD","HA","IntHigh","2100",114.376185071184
"03100102_42000000_UNN_DITCH",4100,78343,"UNN DITCH","03100102","42000000","DITCH","tbcmp_PD_HA_IntHigh_2100","PD","HA","IntHigh","2100",77.435907454732
"03100102_42000000_UNN_DITCH",5200,202,"UNN DITCH","03100102","42000000","DITCH","tbcmp_PD_HA_IntHigh_2100","PD","HA","IntHigh","2100",0.199661147848
"03100102_42000000_UNN_DITCH",6110,17929,"UNN DITCH","03100102","42000000","DITCH","tbcmp_PD_HA_IntHigh_2100","PD","HA","IntHigh","2100",17.721409503796
"03100102_42000000_UNN_DITCH",6410,170765,"UNN DITCH","03100102","42000000","DITCH","tbcmp_PD_HA_IntHigh_2100","PD","HA","IntHigh","2100",168.78780154586
"03100102_48000000_SARDIS_BRANCH",1100,518526,"SARDIS BRANCH","03100102","48000000","STREAM","tbcmp_PD_HA_IntHigh_2100","PD","HA","IntHigh","2100",512.522259153624
"03100102_48000000_SARDIS_BRANCH",1200,16896,"SARDIS BRANCH","03100102","48000000","STREAM","tbcmp_PD_HA_IntHigh_2100","PD","HA","IntHigh","2100",16.700370069504
"03100102_48000000_SARDIS_BRANCH",1900,79304,"SARDIS BRANCH","03100102","48000000","STREAM","tbcmp_PD_HA_IntHigh_2100","PD","HA","IntHigh","2100",78.385780539296
"03100102_48000000_SARDIS_BRANCH",2100,1487232,"SARDIS BRANCH","03100102","48000000","STREAM","tbcmp_PD_HA_IntHigh_2100","PD","HA","IntHigh","2100",1470.01211998157
"03100102_48000000_SARDIS_BRANCH",2400,106970,"SARDIS BRANCH","03100102","48000000","STREAM","tbcmp_PD_HA_IntHigh_2100","PD","HA","IntHigh","2100",105.73145042228
"03100102_48000000_SARDIS_BRANCH",3200,26187,"SARDIS BRANCH","03100102","48000000","STREAM","tbcmp_PD_HA_IntHigh_2100","PD","HA","IntHigh","2100",25.883794448988
"03100102_48000000_SARDIS_BRANCH",4100,35919,"SARDIS BRANCH","03100102","48000000","STREAM","tbcmp_PD_HA_IntHigh_2100","PD","HA","IntHigh","2100",35.503112720556
"03100102_48000000_SARDIS_BRANCH",5200,3493,"SARDIS BRANCH","03100102","48000000","STREAM","tbcmp_PD_HA_IntHigh_2100","PD","HA","IntHigh","2100",3.452556383332
"03100102_48000000_SARDIS_BRANCH",6110,110870,"SARDIS BRANCH","03100102","48000000","STREAM","tbcmp_PD_HA_IntHigh_2100","PD","HA","IntHigh","2100",109.58629436588
"03100102_48000000_SARDIS_BRANCH",6410,186781,"SARDIS BRANCH","03100102","48000000","STREAM","tbcmp_PD_HA_IntHigh_2100","PD","HA","IntHigh","2100",184.618360674244
"03100102_50000000_TATUM_SAWGRASS_SLOUGH",1100,1305638,"TATUM SAWGRASS SLOUGH","03100102","50000000","SLOUGH","tbcmp_PD_HA_IntHigh_2100","PD","HA","IntHigh","2100",1290.52070175231
"03100102_50000000_TATUM_SAWGRASS_SLOUGH",1200,30702,"TATUM SAWGRASS SLOUGH","03100102","50000000","SLOUGH","tbcmp_PD_HA_IntHigh_2100","PD","HA","IntHigh","2100",30.346517629848
"03100102_50000000_TATUM_SAWGRASS_SLOUGH",1900,141982,"TATUM SAWGRASS SLOUGH","03100102","50000000","SLOUGH","tbcmp_PD_HA_IntHigh_2100","PD","HA","IntHigh","2100",140.338064820568
"03100102_50000000_TATUM_SAWGRASS_SLOUGH",2100,3550766,"TATUM SAWGRASS SLOUGH","03100102","50000000","SLOUGH","tbcmp_PD_HA_IntHigh_2100","PD","HA","IntHigh","2100",3509.65354108738
"03100102_50000000_TATUM_SAWGRASS_SLOUGH",2200,443214,"TATUM SAWGRASS SLOUGH","03100102","50000000","SLOUGH","tbcmp_PD_HA_IntHigh_2100","PD","HA","IntHigh","2100",438.082257338136
"03100102_50000000_TATUM_SAWGRASS_SLOUGH",2400,102328,"TATUM SAWGRASS SLOUGH","03100102","50000000","SLOUGH","tbcmp_PD_HA_IntHigh_2100","PD","HA","IntHigh","2100",101.143197707872
"03100102_50000000_TATUM_SAWGRASS_SLOUGH",3200,399706,"TATUM SAWGRASS SLOUGH","03100102","50000000","SLOUGH","tbcmp_PD_HA_IntHigh_2100","PD","HA","IntHigh","2100",395.078013671944
"03100102_50000000_TATUM_SAWGRASS_SLOUGH",4100,375658,"TATUM SAWGRASS SLOUGH","03100102","50000000","SLOUGH","tbcmp_PD_HA_IntHigh_2100","PD","HA","IntHigh","2100",371.308452862792
"03100102_50000000_TATUM_SAWGRASS_SLOUGH",4400,28972,"TATUM SAWGRASS SLOUGH","03100102","50000000","SLOUGH","tbcmp_PD_HA_IntHigh_2100","PD","HA","IntHigh","2100",28.636548393328
"03100102_50000000_TATUM_SAWGRASS_SLOUGH",5200,1040516,"TATUM SAWGRASS SLOUGH","03100102","50000000","SLOUGH","tbcmp_PD_HA_IntHigh_2100","PD","HA","IntHigh","2100",1028.46841046638
"03100102_50000000_TATUM_SAWGRASS_SLOUGH",6110,832025,"TATUM SAWGRASS SLOUGH","03100102","50000000","SLOUGH","tbcmp_PD_HA_IntHigh_2100","PD","HA","IntHigh","2100",822.3914185061
"03100102_50000000_TATUM_SAWGRASS_SLOUGH",6410,1563579,"TATUM SAWGRASS SLOUGH","03100102","50000000","SLOUGH","tbcmp_PD_HA_IntHigh_2100","PD","HA","IntHigh","2100",1545.4751380744
"03100102_53000000_CLAY_GULLY",2100,143,"CLAY GULLY","03100102","53000000","STREAM","tbcmp_PD_HA_IntHigh_2100","PD","HA","IntHigh","2100",0.141344277932
"03100102_53000000_CLAY_GULLY",3200,47468,"CLAY GULLY","03100102","53000000","STREAM","tbcmp_PD_HA_IntHigh_2100","PD","HA","IntHigh","2100",46.918392901232
"03100102_53000000_CLAY_GULLY",4100,13180,"CLAY GULLY","03100102","53000000","STREAM","tbcmp_PD_HA_IntHigh_2100","PD","HA","IntHigh","2100",13.02739568632
"03100102_53000000_CLAY_GULLY",6110,260138,"CLAY GULLY","03100102","53000000","STREAM","tbcmp_PD_HA_IntHigh_2100","PD","HA","IntHigh","2100",257.125998410312
"03100102_53000000_CLAY_GULLY",6410,74931,"CLAY GULLY","03100102","53000000","STREAM","tbcmp_PD_HA_IntHigh_2100","PD","HA","IntHigh","2100",74.063413214844
"03100102_55000000_HOWARD_CREEK",1100,1228201,"HOWARD CREEK","03100102","55000000","STREAM","tbcmp_PD_HA_IntHigh_2100","PD","HA","IntHigh","2100",1213.98030419832
"03100102_55000000_HOWARD_CREEK",1200,204959,"HOWARD CREEK","03100102","55000000","STREAM","tbcmp_PD_HA_IntHigh_2100","PD","HA","IntHigh","2100",202.585887137516
"03100102_55000000_HOWARD_CREEK",1800,1842,"HOWARD CREEK","03100102","55000000","STREAM","tbcmp_PD_HA_IntHigh_2100","PD","HA","IntHigh","2100",1.820672447208
"03100102_55000000_HOWARD_CREEK",1820,2010,"HOWARD CREEK","03100102","55000000","STREAM","tbcmp_PD_HA_IntHigh_2100","PD","HA","IntHigh","2100",1.98672726324
"03100102_55000000_HOWARD_CREEK",1900,412459,"HOWARD CREEK","03100102","55000000","STREAM","tbcmp_PD_HA_IntHigh_2100","PD","HA","IntHigh","2100",407.683353367516
"03100102_55000000_HOWARD_CREEK",2100,3514365,"HOWARD CREEK","03100102","55000000","STREAM","tbcmp_PD_HA_IntHigh_2100","PD","HA","IntHigh","2100",3473.67400919226
"03100102_55000000_HOWARD_CREEK",2200,264431,"HOWARD CREEK","03100102","55000000","STREAM","tbcmp_PD_HA_IntHigh_2100","PD","HA","IntHigh","2100",261.369292012844
"03100102_55000000_HOWARD_CREEK",2400,638883,"HOWARD CREEK","03100102","55000000","STREAM","tbcmp_PD_HA_IntHigh_2100","PD","HA","IntHigh","2100",631.485708517692
"03100102_55000000_HOWARD_CREEK",3200,287050,"HOWARD CREEK","03100102","55000000","STREAM","tbcmp_PD_HA_IntHigh_2100","PD","HA","IntHigh","2100",283.7263984642
"03100102_55000000_HOWARD_CREEK",4100,837555,"HOWARD CREEK","03100102","55000000","STREAM","tbcmp_PD_HA_IntHigh_2100","PD","HA","IntHigh","2100",827.85738953382
"03100102_55000000_HOWARD_CREEK",5200,162097,"HOWARD CREEK","03100102","55000000","STREAM","tbcmp_PD_HA_IntHigh_2100","PD","HA","IntHigh","2100",160.220163775828
"03100102_55000000_HOWARD_CREEK",6110,554221,"HOWARD CREEK","03100102","55000000","STREAM","tbcmp_PD_HA_IntHigh_2100","PD","HA","IntHigh","2100",547.803965452804
"03100102_55000000_HOWARD_CREEK",6410,1220989,"HOWARD CREEK","03100102","55000000","STREAM","tbcmp_PD_HA_IntHigh_2100","PD","HA","IntHigh","2100",1206.85180816724
"03100102_55400000_INDIAN_CREEK",1100,674289,"INDIAN CREEK","03100102","55400000","STREAM","tbcmp_PD_HA_IntHigh_2100","PD","HA","IntHigh","2100",666.481760996436
"03100102_55400000_INDIAN_CREEK",1200,11541,"INDIAN CREEK","03100102","55400000","STREAM","tbcmp_PD_HA_IntHigh_2100","PD","HA","IntHigh","2100",11.407372808484
"03100102_55400000_INDIAN_CREEK",1900,21689,"INDIAN CREEK","03100102","55400000","STREAM","tbcmp_PD_HA_IntHigh_2100","PD","HA","IntHigh","2100",21.437874434036
"03100102_55400000_INDIAN_CREEK",2100,3287739,"INDIAN CREEK","03100102","55400000","STREAM","tbcmp_PD_HA_IntHigh_2100","PD","HA","IntHigh","2100",3249.67199289424
"03100102_55400000_INDIAN_CREEK",2400,876,"INDIAN CREEK","03100102","55400000","STREAM","tbcmp_PD_HA_IntHigh_2100","PD","HA","IntHigh","2100",0.865857255024
"03100102_55400000_INDIAN_CREEK",3200,11797,"INDIAN CREEK","03100102","55400000","STREAM","tbcmp_PD_HA_IntHigh_2100","PD","HA","IntHigh","2100",11.660408718628
"03100102_55400000_INDIAN_CREEK",4100,129407,"INDIAN CREEK","03100102","55400000","STREAM","tbcmp_PD_HA_IntHigh_2100","PD","HA","IntHigh","2100",127.908664156268
"03100102_55400000_INDIAN_CREEK",5200,49410,"INDIAN CREEK","03100102","55400000","STREAM","tbcmp_PD_HA_IntHigh_2100","PD","HA","IntHigh","2100",48.83790750084
"03100102_55400000_INDIAN_CREEK",6110,265961,"INDIAN CREEK","03100102","55400000","STREAM","tbcmp_PD_HA_IntHigh_2100","PD","HA","IntHigh","2100",262.881576944564
"03100102_55400000_INDIAN_CREEK",6410,355263,"INDIAN CREEK","03100102","55400000","STREAM","tbcmp_PD_HA_IntHigh_2100","PD","HA","IntHigh","2100",351.149595880812
"03100102_55950000_UNNAMED_CREEK",1100,1325635,"UNNAMED CREEK","03100102","55950000","STREAM","tbcmp_PD_HA_IntHigh_2100","PD","HA","IntHigh","2100",1310.28616696774
"03100102_55950000_UNNAMED_CREEK",1900,312999,"UNNAMED CREEK","03100102","55950000","STREAM","tbcmp_PD_HA_IntHigh_2100","PD","HA","IntHigh","2100",309.374948590476
"03100102_55950000_UNNAMED_CREEK",2100,1393115,"UNNAMED CREEK","03100102","55950000","STREAM","tbcmp_PD_HA_IntHigh_2100","PD","HA","IntHigh","2100",1376.98485140726
"03100102_55950000_UNNAMED_CREEK",2400,93504,"UNNAMED CREEK","03100102","55950000","STREAM","tbcmp_PD_HA_IntHigh_2100","PD","HA","IntHigh","2100",92.421366180096
"03100102_55950000_UNNAMED_CREEK",3200,153385,"UNNAMED CREEK","03100102","55950000","STREAM","tbcmp_PD_HA_IntHigh_2100","PD","HA","IntHigh","2100",151.60903545874
"03100102_55950000_UNNAMED_CREEK",4100,368518,"UNNAMED CREEK","03100102","55950000","STREAM","tbcmp_PD_HA_IntHigh_2100","PD","HA","IntHigh","2100",364.251123181432
"03100102_55950000_UNNAMED_CREEK",5200,40112,"UNNAMED CREEK","03100102","55950000","STREAM","tbcmp_PD_HA_IntHigh_2100","PD","HA","IntHigh","2100",39.647564170688
"03100102_55950000_UNNAMED_CREEK",6110,532962,"UNNAMED CREEK","03100102","55950000","STREAM","tbcmp_PD_HA_IntHigh_2100","PD","HA","IntHigh","2100",526.791112274088
"03100102_55950000_UNNAMED_CREEK",6410,502590,"UNNAMED CREEK","03100102","55950000","STREAM","tbcmp_PD_HA_IntHigh_2100","PD","HA","IntHigh","2100",496.77077374716
"03100102_60000000_FISH_CAMP_DRAIN",1900,3541,"FISH CAMP DRAIN","03100102","60000000","DRAIN","tbcmp_PD_HA_IntHigh_2100","PD","HA","IntHigh","2100",3.500000616484
"03100102_60000000_FISH_CAMP_DRAIN",2100,656641,"FISH CAMP DRAIN","03100102","60000000","DRAIN","tbcmp_PD_HA_IntHigh_2100","PD","HA","IntHigh","2100",649.038097940884
"03100102_60000000_FISH_CAMP_DRAIN",3200,625826,"FISH CAMP DRAIN","03100102","60000000","DRAIN","tbcmp_PD_HA_IntHigh_2100","PD","HA","IntHigh","2100",618.579888678824
"03100102_60000000_FISH_CAMP_DRAIN",4100,217132,"FISH CAMP DRAIN","03100102","60000000","DRAIN","tbcmp_PD_HA_IntHigh_2100","PD","HA","IntHigh","2100",214.617942349168
"03100102_60000000_FISH_CAMP_DRAIN",6110,423361,"FISH CAMP DRAIN","03100102","60000000","DRAIN","tbcmp_PD_HA_IntHigh_2100","PD","HA","IntHigh","2100",418.459124822164
"03100102_60000000_FISH_CAMP_DRAIN",6410,496898,"FISH CAMP DRAIN","03100102","60000000","DRAIN","tbcmp_PD_HA_IntHigh_2100","PD","HA","IntHigh","2100",491.144678432552
"03100102_62000000_SHINEY_TOWN_SLOUGH",2100,51087,"SHINEY TOWN SLOUGH","03100102","62000000","SLOUGH","tbcmp_PD_HA_IntHigh_2100","PD","HA","IntHigh","2100",50.495490396588
"03100102_62000000_SHINEY_TOWN_SLOUGH",3200,2232093,"SHINEY TOWN SLOUGH","03100102","62000000","SLOUGH","tbcmp_PD_HA_IntHigh_2100","PD","HA","IntHigh","2100",2206.24876476973
"03100102_62000000_SHINEY_TOWN_SLOUGH",4100,2015111,"SHINEY TOWN SLOUGH","03100102","62000000","SLOUGH","tbcmp_PD_HA_IntHigh_2100","PD","HA","IntHigh","2100",1991.77908564916
"03100102_62000000_SHINEY_TOWN_SLOUGH",5200,2149,"SHINEY TOWN SLOUGH","03100102","62000000","SLOUGH","tbcmp_PD_HA_IntHigh_2100","PD","HA","IntHigh","2100",2.124117855076
"03100102_62000000_SHINEY_TOWN_SLOUGH",6110,912043,"SHINEY TOWN SLOUGH","03100102","62000000","SLOUGH","tbcmp_PD_HA_IntHigh_2100","PD","HA","IntHigh","2100",901.482932013532
"03100102_62000000_SHINEY_TOWN_SLOUGH",6410,1658284,"SHINEY TOWN SLOUGH","03100102","62000000","SLOUGH","tbcmp_PD_HA_IntHigh_2100","PD","HA","IntHigh","2100",1639.08359850482
"03100102_63500000_MOSSY_ISLAND_SLOUGH",1100,601750,"MOSSY ISLAND SLOUGH","03100102","63500000","SLOUGH","tbcmp_PD_HA_IntHigh_2100","PD","HA","IntHigh","2100",594.782652067
"03100102_63500000_MOSSY_ISLAND_SLOUGH",1200,112582,"MOSSY ISLAND SLOUGH","03100102","63500000","SLOUGH","tbcmp_PD_HA_IntHigh_2100","PD","HA","IntHigh","2100",111.278472014968
"03100102_63500000_MOSSY_ISLAND_SLOUGH",1900,393236,"MOSSY ISLAND SLOUGH","03100102","63500000","SLOUGH","tbcmp_PD_HA_IntHigh_2100","PD","HA","IntHigh","2100",388.682926411664
"03100102_63500000_MOSSY_ISLAND_SLOUGH",2100,4474591,"MOSSY ISLAND SLOUGH","03100102","63500000","SLOUGH","tbcmp_PD_HA_IntHigh_2100","PD","HA","IntHigh","2100",4422.78205549668
"03100102_63500000_MOSSY_ISLAND_SLOUGH",2200,112713,"MOSSY ISLAND SLOUGH","03100102","63500000","SLOUGH","tbcmp_PD_HA_IntHigh_2100","PD","HA","IntHigh","2100",111.407955234612
"03100102_63500000_MOSSY_ISLAND_SLOUGH",3200,9987356,"MOSSY ISLAND SLOUGH","03100102","63500000","SLOUGH","tbcmp_PD_HA_IntHigh_2100","PD","HA","IntHigh","2100",9871.71763825054
"03100102_63500000_MOSSY_ISLAND_SLOUGH",4100,5275935,"MOSSY ISLAND SLOUGH","03100102","63500000","SLOUGH","tbcmp_PD_HA_IntHigh_2100","PD","HA","IntHigh","2100",5214.84771322494
"03100102_63500000_MOSSY_ISLAND_SLOUGH",4400,24481,"MOSSY ISLAND SLOUGH","03100102","63500000","SLOUGH","tbcmp_PD_HA_IntHigh_2100","PD","HA","IntHigh","2100",24.197547329044
"03100102_63500000_MOSSY_ISLAND_SLOUGH",5200,87894,"MOSSY ISLAND SLOUGH","03100102","63500000","SLOUGH","tbcmp_PD_HA_IntHigh_2100","PD","HA","IntHigh","2100",86.876321430456
"03100102_63500000_MOSSY_ISLAND_SLOUGH",5400,21916,"MOSSY ISLAND SLOUGH","03100102","63500000","SLOUGH","tbcmp_PD_HA_IntHigh_2100","PD","HA","IntHigh","2100",21.662246119984
"03100102_63500000_MOSSY_ISLAND_SLOUGH",6110,3007014,"MOSSY ISLAND SLOUGH","03100102","63500000","SLOUGH","tbcmp_PD_HA_IntHigh_2100","PD","HA","IntHigh","2100",2972.19736056934
"03100102_63500000_MOSSY_ISLAND_SLOUGH",6120,6953,"MOSSY ISLAND SLOUGH","03100102","63500000","SLOUGH","tbcmp_PD_HA_IntHigh_2100","PD","HA","IntHigh","2100",6.872494856372
"03100102_63500000_MOSSY_ISLAND_SLOUGH",6410,8333794,"MOSSY ISLAND SLOUGH","03100102","63500000","SLOUGH","tbcmp_PD_HA_IntHigh_2100","PD","HA","IntHigh","2100",8237.30136618206
"03100102_63500000_MOSSY_ISLAND_SLOUGH",6420,19564,"MOSSY ISLAND SLOUGH","03100102","63500000","SLOUGH","tbcmp_PD_HA_IntHigh_2100","PD","HA","IntHigh","2100",19.337478695536
"03100102_63500000_MOSSY_ISLAND_SLOUGH",6425,42238,"MOSSY ISLAND SLOUGH","03100102","63500000","SLOUGH","tbcmp_PD_HA_IntHigh_2100","PD","HA","IntHigh","2100",41.748948330712
"03100102_63500000_MOSSY_ISLAND_SLOUGH",6510,18451,"MOSSY ISLAND SLOUGH","03100102","63500000","SLOUGH","tbcmp_PD_HA_IntHigh_2100","PD","HA","IntHigh","2100",18.237365539324
"03100102_63500000_MOSSY_ISLAND_SLOUGH",6600,73434,"MOSSY ISLAND SLOUGH","03100102","63500000","SLOUGH","tbcmp_PD_HA_IntHigh_2100","PD","HA","IntHigh","2100",72.583746193416
"03100102_63500000_MOSSY_ISLAND_SLOUGH",9113,105633,"MOSSY ISLAND SLOUGH","03100102","63500000","SLOUGH","tbcmp_PD_HA_IntHigh_2100","PD","HA","IntHigh","2100",104.409930844692
"03100102_66000000_UNN_DITCH",1100,1309,"UNN DITCH","03100102","66000000","DITCH","tbcmp_PD_HA_IntHigh_2100","PD","HA","IntHigh","2100",1.293843774916
"03100102_66000000_UNN_DITCH",1200,666070,"UNN DITCH","03100102","66000000","DITCH","tbcmp_PD_HA_IntHigh_2100","PD","HA","IntHigh","2100",658.35792449068
"03100102_66000000_UNN_DITCH",1800,9697,"UNN DITCH","03100102","66000000","DITCH","tbcmp_PD_HA_IntHigh_2100","PD","HA","IntHigh","2100",9.584723518228
"03100102_66000000_UNN_DITCH",1820,138645,"UNN DITCH","03100102","66000000","DITCH","tbcmp_PD_HA_IntHigh_2100","PD","HA","IntHigh","2100",137.03970219498
"03100102_66000000_UNN_DITCH",1900,77714,"UNN DITCH","03100102","66000000","DITCH","tbcmp_PD_HA_IntHigh_2100","PD","HA","IntHigh","2100",76.814190316136
"03100102_66000000_UNN_DITCH",3200,6327,"UNN DITCH","03100102","66000000","DITCH","tbcmp_PD_HA_IntHigh_2100","PD","HA","IntHigh","2100",6.253742982348
"03100102_66000000_UNN_DITCH",4100,14306,"UNN DITCH","03100102","66000000","DITCH","tbcmp_PD_HA_IntHigh_2100","PD","HA","IntHigh","2100",14.140358322344
"03100102_66000000_UNN_DITCH",5200,218817,"UNN DITCH","03100102","66000000","DITCH","tbcmp_PD_HA_IntHigh_2100","PD","HA","IntHigh","2100",216.283432617108
"03100102_66000000_UNN_DITCH",5400,676,"UNN DITCH","03100102","66000000","DITCH","tbcmp_PD_HA_IntHigh_2100","PD","HA","IntHigh","2100",0.668172950224
"03100102_66000000_UNN_DITCH",6110,29121,"UNN DITCH","03100102","66000000","DITCH","tbcmp_PD_HA_IntHigh_2100","PD","HA","IntHigh","2100",28.783823200404
"03100102_66000000_UNN_DITCH",6410,191960,"UNN DITCH","03100102","66000000","DITCH","tbcmp_PD_HA_IntHigh_2100","PD","HA","IntHigh","2100",189.73739574704
"03100102_66000000_UNN_DITCH",6420,56,"UNN DITCH","03100102","66000000","DITCH","tbcmp_PD_HA_IntHigh_2100","PD","HA","IntHigh","2100",0.055351605344
"03100102_66000000_UNN_DITCH",6425,233,"UNN DITCH","03100102","66000000","DITCH","tbcmp_PD_HA_IntHigh_2100","PD","HA","IntHigh","2100",0.230302215092
"03100102_66000000_UNN_DITCH",6510,150,"UNN DITCH","03100102","66000000","DITCH","tbcmp_PD_HA_IntHigh_2100","PD","HA","IntHigh","2100",0.1482632286
"03100102_66000000_UNN_DITCH",6600,171,"UNN DITCH","03100102","66000000","DITCH","tbcmp_PD_HA_IntHigh_2100","PD","HA","IntHigh","2100",0.169020080604
"03100102_66000000_UNN_DITCH",9113,1024,"UNN DITCH","03100102","66000000","DITCH","tbcmp_PD_HA_IntHigh_2100","PD","HA","IntHigh","2100",1.012143640576
"03100102_70000000_UNNAMED_CREEK",1100,12631,"UNNAMED CREEK","03100102","70000000","STREAM","tbcmp_PD_HA_IntHigh_2100","PD","HA","IntHigh","2100",12.484752269644
"03100102_70000000_UNNAMED_CREEK",1200,15575,"UNNAMED CREEK","03100102","70000000","STREAM","tbcmp_PD_HA_IntHigh_2100","PD","HA","IntHigh","2100",15.3946652363
"03100102_70000000_UNNAMED_CREEK",1900,11780,"UNNAMED CREEK","03100102","70000000","STREAM","tbcmp_PD_HA_IntHigh_2100","PD","HA","IntHigh","2100",11.64360555272
"03100102_70000000_UNNAMED_CREEK",2100,57,"UNNAMED CREEK","03100102","70000000","STREAM","tbcmp_PD_HA_IntHigh_2100","PD","HA","IntHigh","2100",0.056340026868
"03100102_70000000_UNNAMED_CREEK",3200,724194,"UNNAMED CREEK","03100102","70000000","STREAM","tbcmp_PD_HA_IntHigh_2100","PD","HA","IntHigh","2100",715.808937151656
"03100102_70000000_UNNAMED_CREEK",4100,1666948,"UNNAMED CREEK","03100102","70000000","STREAM","tbcmp_PD_HA_IntHigh_2100","PD","HA","IntHigh","2100",1647.64728258875
"03100102_70000000_UNNAMED_CREEK",5200,1300,"UNNAMED CREEK","03100102","70000000","STREAM","tbcmp_PD_HA_IntHigh_2100","PD","HA","IntHigh","2100",1.2849479812
"03100102_70000000_UNNAMED_CREEK",5400,1242,"UNNAMED CREEK","03100102","70000000","STREAM","tbcmp_PD_HA_IntHigh_2100","PD","HA","IntHigh","2100",1.227619532808
"03100102_70000000_UNNAMED_CREEK",6110,375445,"UNNAMED CREEK","03100102","70000000","STREAM","tbcmp_PD_HA_IntHigh_2100","PD","HA","IntHigh","2100",371.09791907818
"03100102_70000000_UNNAMED_CREEK",6120,218,"UNNAMED CREEK","03100102","70000000","STREAM","tbcmp_PD_HA_IntHigh_2100","PD","HA","IntHigh","2100",0.215475892232
"03100102_70000000_UNNAMED_CREEK",6410,872729,"UNNAMED CREEK","03100102","70000000","STREAM","tbcmp_PD_HA_IntHigh_2100","PD","HA","IntHigh","2100",862.624128218996
"03100102_70000000_UNNAMED_CREEK",6420,1137,"UNNAMED CREEK","03100102","70000000","STREAM","tbcmp_PD_HA_IntHigh_2100","PD","HA","IntHigh","2100",1.123835272788
"03100102_70000000_UNNAMED_CREEK",6425,1496,"UNNAMED CREEK","03100102","70000000","STREAM","tbcmp_PD_HA_IntHigh_2100","PD","HA","IntHigh","2100",1.478678599904
"03100102_70000000_UNNAMED_CREEK",6510,549,"UNNAMED CREEK","03100102","70000000","STREAM","tbcmp_PD_HA_IntHigh_2100","PD","HA","IntHigh","2100",0.542643416676
"03100102_70000000_UNNAMED_CREEK",6600,7791,"UNNAMED CREEK","03100102","70000000","STREAM","tbcmp_PD_HA_IntHigh_2100","PD","HA","IntHigh","2100",7.700792093484
"03100102_70000000_UNNAMED_CREEK",9113,7366,"UNNAMED CREEK","03100102","70000000","STREAM","tbcmp_PD_HA_IntHigh_2100","PD","HA","IntHigh","2100",7.280712945784
"03100102_72000000_UNNAMED_CREEK",1100,94901,"UNNAMED CREEK","03100102","72000000","STREAM","tbcmp_PD_HA_IntHigh_2100","PD","HA","IntHigh","2100",93.802191049124
"03100102_72000000_UNNAMED_CREEK",1200,67348,"UNNAMED CREEK","03100102","72000000","STREAM","tbcmp_PD_HA_IntHigh_2100","PD","HA","IntHigh","2100",66.568212798352
"03100102_72000000_UNNAMED_CREEK",1900,5107,"UNNAMED CREEK","03100102","72000000","STREAM","tbcmp_PD_HA_IntHigh_2100","PD","HA","IntHigh","2100",5.047868723068
"03100102_72000000_UNNAMED_CREEK",2100,3109,"UNNAMED CREEK","03100102","72000000","STREAM","tbcmp_PD_HA_IntHigh_2100","PD","HA","IntHigh","2100",3.073002518116
"03100102_72000000_UNNAMED_CREEK",4100,72861,"UNNAMED CREEK","03100102","72000000","STREAM","tbcmp_PD_HA_IntHigh_2100","PD","HA","IntHigh","2100",72.017380660164
"03100102_72000000_UNNAMED_CREEK",5200,4737,"UNNAMED CREEK","03100102","72000000","STREAM","tbcmp_PD_HA_IntHigh_2100","PD","HA","IntHigh","2100",4.682152759188
"03100102_72000000_UNNAMED_CREEK",5400,782,"UNNAMED CREEK","03100102","72000000","STREAM","tbcmp_PD_HA_IntHigh_2100","PD","HA","IntHigh","2100",0.772945631768
"03100102_72000000_UNNAMED_CREEK",6110,544,"UNNAMED CREEK","03100102","72000000","STREAM","tbcmp_PD_HA_IntHigh_2100","PD","HA","IntHigh","2100",0.537701309056
"03100102_72000000_UNNAMED_CREEK",6410,13974,"UNNAMED CREEK","03100102","72000000","STREAM","tbcmp_PD_HA_IntHigh_2100","PD","HA","IntHigh","2100",13.812202376376
"03100102_72000000_UNNAMED_CREEK",6420,491,"UNNAMED CREEK","03100102","72000000","STREAM","tbcmp_PD_HA_IntHigh_2100","PD","HA","IntHigh","2100",0.485314968284
"03100102_72000000_UNNAMED_CREEK",6425,783,"UNNAMED CREEK","03100102","72000000","STREAM","tbcmp_PD_HA_IntHigh_2100","PD","HA","IntHigh","2100",0.773934053292
"03100102_72000000_UNNAMED_CREEK",6510,217,"UNNAMED CREEK","03100102","72000000","STREAM","tbcmp_PD_HA_IntHigh_2100","PD","HA","IntHigh","2100",0.214487470708
"03100102_72000000_UNNAMED_CREEK",6600,5446,"UNNAMED CREEK","03100102","72000000","STREAM","tbcmp_PD_HA_IntHigh_2100","PD","HA","IntHigh","2100",5.382943619704
"03100102_72000000_UNNAMED_CREEK",9113,290,"UNNAMED CREEK","03100102","72000000","STREAM","tbcmp_PD_HA_IntHigh_2100","PD","HA","IntHigh","2100",0.28664224196
"03100102_74000000_UNNAMED_CREEK",1100,14874,"UNNAMED CREEK","03100102","74000000","STREAM","tbcmp_PD_HA_IntHigh_2100","PD","HA","IntHigh","2100",14.701781747976
"03100102_74000000_UNNAMED_CREEK",1200,74749,"UNNAMED CREEK","03100102","74000000","STREAM","tbcmp_PD_HA_IntHigh_2100","PD","HA","IntHigh","2100",73.883520497476
"03100102_74000000_UNNAMED_CREEK",2100,61484,"UNNAMED CREEK","03100102","74000000","STREAM","tbcmp_PD_HA_IntHigh_2100","PD","HA","IntHigh","2100",60.772108981616
"03100102_74000000_UNNAMED_CREEK",3200,620976,"UNNAMED CREEK","03100102","74000000","STREAM","tbcmp_PD_HA_IntHigh_2100","PD","HA","IntHigh","2100",613.786044287424
"03100102_74000000_UNNAMED_CREEK",4100,1125717,"UNNAMED CREEK","03100102","74000000","STREAM","tbcmp_PD_HA_IntHigh_2100","PD","HA","IntHigh","2100",1112.68291273271
"03100102_74000000_UNNAMED_CREEK",5200,26563,"UNNAMED CREEK","03100102","74000000","STREAM","tbcmp_PD_HA_IntHigh_2100","PD","HA","IntHigh","2100",26.255440942012
"03100102_74000000_UNNAMED_CREEK",6110,164737,"UNNAMED CREEK","03100102","74000000","STREAM","tbcmp_PD_HA_IntHigh_2100","PD","HA","IntHigh","2100",162.829596599188
"03100102_74000000_UNNAMED_CREEK",6120,452,"UNNAMED CREEK","03100102","74000000","STREAM","tbcmp_PD_HA_IntHigh_2100","PD","HA","IntHigh","2100",0.446766528848
"03100102_74000000_UNNAMED_CREEK",6410,570651,"UNNAMED CREEK","03100102","74000000","STREAM","tbcmp_PD_HA_IntHigh_2100","PD","HA","IntHigh","2100",564.043731092124
"03100102_74000000_UNNAMED_CREEK",6420,1058,"UNNAMED CREEK","03100102","74000000","STREAM","tbcmp_PD_HA_IntHigh_2100","PD","HA","IntHigh","2100",1.045749972392
"03100102_74000000_UNNAMED_CREEK",6425,740,"UNNAMED CREEK","03100102","74000000","STREAM","tbcmp_PD_HA_IntHigh_2100","PD","HA","IntHigh","2100",0.73143192776
"03100102_74000000_UNNAMED_CREEK",6510,121,"UNNAMED CREEK","03100102","74000000","STREAM","tbcmp_PD_HA_IntHigh_2100","PD","HA","IntHigh","2100",0.119599004404
"03100102_74000000_UNNAMED_CREEK",6600,5267,"UNNAMED CREEK","03100102","74000000","STREAM","tbcmp_PD_HA_IntHigh_2100","PD","HA","IntHigh","2100",5.206016166908
"03100102_74000000_UNNAMED_CREEK",9113,1054,"UNNAMED CREEK","03100102","74000000","STREAM","tbcmp_PD_HA_IntHigh_2100","PD","HA","IntHigh","2100",1.041796286296
"03100102_75000000_UNNAMED_CREEK",1100,109749,"UNNAMED CREEK","03100102","75000000","STREAM","tbcmp_PD_HA_IntHigh_2100","PD","HA","IntHigh","2100",108.478273837476
"03100102_75000000_UNNAMED_CREEK",1200,746575,"UNNAMED CREEK","03100102","75000000","STREAM","tbcmp_PD_HA_IntHigh_2100","PD","HA","IntHigh","2100",737.9307992803
"03100102_75000000_UNNAMED_CREEK",1800,9922,"UNNAMED CREEK","03100102","75000000","STREAM","tbcmp_PD_HA_IntHigh_2100","PD","HA","IntHigh","2100",9.807118361128
"03100102_75000000_UNNAMED_CREEK",1820,22469,"UNNAMED CREEK","03100102","75000000","STREAM","tbcmp_PD_HA_IntHigh_2100","PD","HA","IntHigh","2100",22.208843222756
"03100102_75000000_UNNAMED_CREEK",1900,137569,"UNNAMED CREEK","03100102","75000000","STREAM","tbcmp_PD_HA_IntHigh_2100","PD","HA","IntHigh","2100",135.976160635156
"03100102_75000000_UNNAMED_CREEK",2100,26477,"UNNAMED CREEK","03100102","75000000","STREAM","tbcmp_PD_HA_IntHigh_2100","PD","HA","IntHigh","2100",26.170436690948
"03100102_75000000_UNNAMED_CREEK",2400,47804,"UNNAMED CREEK","03100102","75000000","STREAM","tbcmp_PD_HA_IntHigh_2100","PD","HA","IntHigh","2100",47.250502533296
"03100102_75000000_UNNAMED_CREEK",3200,34222,"UNNAMED CREEK","03100102","75000000","STREAM","tbcmp_PD_HA_IntHigh_2100","PD","HA","IntHigh","2100",33.825761394328
"03100102_75000000_UNNAMED_CREEK",4100,222104,"UNNAMED CREEK","03100102","75000000","STREAM","tbcmp_PD_HA_IntHigh_2100","PD","HA","IntHigh","2100",219.532374166496
"03100102_75000000_UNNAMED_CREEK",5200,57197,"UNNAMED CREEK","03100102","75000000","STREAM","tbcmp_PD_HA_IntHigh_2100","PD","HA","IntHigh","2100",56.534745908228
"03100102_75000000_UNNAMED_CREEK",5400,100696,"UNNAMED CREEK","03100102","75000000","STREAM","tbcmp_PD_HA_IntHigh_2100","PD","HA","IntHigh","2100",99.530093780704
"03100102_75000000_UNNAMED_CREEK",6110,17983,"UNNAMED CREEK","03100102","75000000","STREAM","tbcmp_PD_HA_IntHigh_2100","PD","HA","IntHigh","2100",17.774784266092
"03100102_75000000_UNNAMED_CREEK",6120,17553,"UNNAMED CREEK","03100102","75000000","STREAM","tbcmp_PD_HA_IntHigh_2100","PD","HA","IntHigh","2100",17.349763010772
"03100102_75000000_UNNAMED_CREEK",6410,136524,"UNNAMED CREEK","03100102","75000000","STREAM","tbcmp_PD_HA_IntHigh_2100","PD","HA","IntHigh","2100",134.943260142576
"03100102_75000000_UNNAMED_CREEK",6420,10976,"UNNAMED CREEK","03100102","75000000","STREAM","tbcmp_PD_HA_IntHigh_2100","PD","HA","IntHigh","2100",10.848914647424
"03100102_75000000_UNNAMED_CREEK",6425,7463,"UNNAMED CREEK","03100102","75000000","STREAM","tbcmp_PD_HA_IntHigh_2100","PD","HA","IntHigh","2100",7.376589833612
"03100102_75000000_UNNAMED_CREEK",6510,3107,"UNNAMED CREEK","03100102","75000000","STREAM","tbcmp_PD_HA_IntHigh_2100","PD","HA","IntHigh","2100",3.071025675068
"03100102_75000000_UNNAMED_CREEK",6600,72082,"UNNAMED CREEK","03100102","75000000","STREAM","tbcmp_PD_HA_IntHigh_2100","PD","HA","IntHigh","2100",71.247400292968
"03100102_75000000_UNNAMED_CREEK",9113,25081,"UNNAMED CREEK","03100102","75000000","STREAM","tbcmp_PD_HA_IntHigh_2100","PD","HA","IntHigh","2100",24.790600243444
"03100102_77000000_UNNAMED_CREEK",1200,30119,"UNNAMED CREEK","03100102","77000000","STREAM","tbcmp_PD_HA_IntHigh_2100","PD","HA","IntHigh","2100",29.770267881356
"03100102_77000000_UNNAMED_CREEK",3200,299834,"UNNAMED CREEK","03100102","77000000","STREAM","tbcmp_PD_HA_IntHigh_2100","PD","HA","IntHigh","2100",296.362379227016
"03100102_77000000_UNNAMED_CREEK",4100,566702,"UNNAMED CREEK","03100102","77000000","STREAM","tbcmp_PD_HA_IntHigh_2100","PD","HA","IntHigh","2100",560.140454493848
"03100102_77000000_UNNAMED_CREEK",5200,1833,"UNNAMED CREEK","03100102","77000000","STREAM","tbcmp_PD_HA_IntHigh_2100","PD","HA","IntHigh","2100",1.811776653492
"03100102_77000000_UNNAMED_CREEK",6110,74394,"UNNAMED CREEK","03100102","77000000","STREAM","tbcmp_PD_HA_IntHigh_2100","PD","HA","IntHigh","2100",73.532630856456
"03100102_77000000_UNNAMED_CREEK",6120,19317,"UNNAMED CREEK","03100102","77000000","STREAM","tbcmp_PD_HA_IntHigh_2100","PD","HA","IntHigh","2100",19.093338579108
"03100102_77000000_UNNAMED_CREEK",6410,114959,"UNNAMED CREEK","03100102","77000000","STREAM","tbcmp_PD_HA_IntHigh_2100","PD","HA","IntHigh","2100",113.627949977516
"03100102_77000000_UNNAMED_CREEK",6420,8505,"UNNAMED CREEK","03100102","77000000","STREAM","tbcmp_PD_HA_IntHigh_2100","PD","HA","IntHigh","2100",8.40652506162
"03100102_77000000_UNNAMED_CREEK",6425,4773,"UNNAMED CREEK","03100102","77000000","STREAM","tbcmp_PD_HA_IntHigh_2100","PD","HA","IntHigh","2100",4.717735934052
"03100102_77000000_UNNAMED_CREEK",6510,3574,"UNNAMED CREEK","03100102","77000000","STREAM","tbcmp_PD_HA_IntHigh_2100","PD","HA","IntHigh","2100",3.532618526776
"03100102_77000000_UNNAMED_CREEK",6600,33553,"UNNAMED CREEK","03100102","77000000","STREAM","tbcmp_PD_HA_IntHigh_2100","PD","HA","IntHigh","2100",33.164507394772
"03100102_77000000_UNNAMED_CREEK",9113,16592,"UNNAMED CREEK","03100102","77000000","STREAM","tbcmp_PD_HA_IntHigh_2100","PD","HA","IntHigh","2100",16.399889926208
"03100102_78000000_UNNAMED_CREEK",1100,1521,"UNNAMED CREEK","03100102","78000000","STREAM","tbcmp_PD_HA_IntHigh_2100","PD","HA","IntHigh","2100",1.503389138004
"03100102_78000000_UNNAMED_CREEK",1200,289261,"UNNAMED CREEK","03100102","78000000","STREAM","tbcmp_PD_HA_IntHigh_2100","PD","HA","IntHigh","2100",285.911798453764
"03100102_78000000_UNNAMED_CREEK",1800,19643,"UNNAMED CREEK","03100102","78000000","STREAM","tbcmp_PD_HA_IntHigh_2100","PD","HA","IntHigh","2100",19.415563995932
"03100102_78000000_UNNAMED_CREEK",1900,10261,"UNNAMED CREEK","03100102","78000000","STREAM","tbcmp_PD_HA_IntHigh_2100","PD","HA","IntHigh","2100",10.142193257764
"03100102_78000000_UNNAMED_CREEK",2100,7284,"UNNAMED CREEK","03100102","78000000","STREAM","tbcmp_PD_HA_IntHigh_2100","PD","HA","IntHigh","2100",7.199662380816
"03100102_78000000_UNNAMED_CREEK",3200,4350,"UNNAMED CREEK","03100102","78000000","STREAM","tbcmp_PD_HA_IntHigh_2100","PD","HA","IntHigh","2100",4.2996336294
"03100102_78000000_UNNAMED_CREEK",4100,47287,"UNNAMED CREEK","03100102","78000000","STREAM","tbcmp_PD_HA_IntHigh_2100","PD","HA","IntHigh","2100",46.739488605388
"03100102_78000000_UNNAMED_CREEK",5200,44831,"UNNAMED CREEK","03100102","78000000","STREAM","tbcmp_PD_HA_IntHigh_2100","PD","HA","IntHigh","2100",44.311925342444
"03100102_78000000_UNNAMED_CREEK",5400,10195,"UNNAMED CREEK","03100102","78000000","STREAM","tbcmp_PD_HA_IntHigh_2100","PD","HA","IntHigh","2100",10.07695743718
"03100102_78000000_UNNAMED_CREEK",6110,2199,"UNNAMED CREEK","03100102","78000000","STREAM","tbcmp_PD_HA_IntHigh_2100","PD","HA","IntHigh","2100",2.173538931276
"03100102_78000000_UNNAMED_CREEK",6120,42117,"UNNAMED CREEK","03100102","78000000","STREAM","tbcmp_PD_HA_IntHigh_2100","PD","HA","IntHigh","2100",41.629349326308
"03100102_78000000_UNNAMED_CREEK",6410,27229,"UNNAMED CREEK","03100102","78000000","STREAM","tbcmp_PD_HA_IntHigh_2100","PD","HA","IntHigh","2100",26.913729676996
"03100102_78000000_UNNAMED_CREEK",6420,7295,"UNNAMED CREEK","03100102","78000000","STREAM","tbcmp_PD_HA_IntHigh_2100","PD","HA","IntHigh","2100",7.21053501758
"03100102_78000000_UNNAMED_CREEK",6425,7361,"UNNAMED CREEK","03100102","78000000","STREAM","tbcmp_PD_HA_IntHigh_2100","PD","HA","IntHigh","2100",7.275770838164
"03100102_78000000_UNNAMED_CREEK",6510,8747,"UNNAMED CREEK","03100102","78000000","STREAM","tbcmp_PD_HA_IntHigh_2100","PD","HA","IntHigh","2100",8.645723070428
"03100102_78000000_UNNAMED_CREEK",6600,29172,"UNNAMED CREEK","03100102","78000000","STREAM","tbcmp_PD_HA_IntHigh_2100","PD","HA","IntHigh","2100",28.834232698128
"03100102_78000000_UNNAMED_CREEK",9113,72476,"UNNAMED CREEK","03100102","78000000","STREAM","tbcmp_PD_HA_IntHigh_2100","PD","HA","IntHigh","2100",71.636838373424
"03100102_79000000_UNNAMED_CREEK",1100,2983,"UNNAMED CREEK","03100102","79000000","STREAM","tbcmp_PD_HA_IntHigh_2100","PD","HA","IntHigh","2100",2.948461406092
"03100102_79000000_UNNAMED_CREEK",1200,1484677,"UNNAMED CREEK","03100102","79000000","STREAM","tbcmp_PD_HA_IntHigh_2100","PD","HA","IntHigh","2100",1467.48670298775
"03100102_79000000_UNNAMED_CREEK",1800,34232,"UNNAMED CREEK","03100102","79000000","STREAM","tbcmp_PD_HA_IntHigh_2100","PD","HA","IntHigh","2100",33.835645609568
"03100102_79000000_UNNAMED_CREEK",1820,300213,"UNNAMED CREEK","03100102","79000000","STREAM","tbcmp_PD_HA_IntHigh_2100","PD","HA","IntHigh","2100",296.736990984612
"03100102_79000000_UNNAMED_CREEK",1900,107701,"UNNAMED CREEK","03100102","79000000","STREAM","tbcmp_PD_HA_IntHigh_2100","PD","HA","IntHigh","2100",106.453986556324
"03100102_79000000_UNNAMED_CREEK",2100,87888,"UNNAMED CREEK","03100102","79000000","STREAM","tbcmp_PD_HA_IntHigh_2100","PD","HA","IntHigh","2100",86.870390901312
"03100102_79000000_UNNAMED_CREEK",3200,57651,"UNNAMED CREEK","03100102","79000000","STREAM","tbcmp_PD_HA_IntHigh_2100","PD","HA","IntHigh","2100",56.983489280124
"03100102_79000000_UNNAMED_CREEK",4100,114303,"UNNAMED CREEK","03100102","79000000","STREAM","tbcmp_PD_HA_IntHigh_2100","PD","HA","IntHigh","2100",112.979545457772
"03100102_79000000_UNNAMED_CREEK",5200,320356,"UNNAMED CREEK","03100102","79000000","STREAM","tbcmp_PD_HA_IntHigh_2100","PD","HA","IntHigh","2100",316.646765742544
"03100102_79000000_UNNAMED_CREEK",5400,60983,"UNNAMED CREEK","03100102","79000000","STREAM","tbcmp_PD_HA_IntHigh_2100","PD","HA","IntHigh","2100",60.276909798092
"03100102_79000000_UNNAMED_CREEK",6110,96139,"UNNAMED CREEK","03100102","79000000","STREAM","tbcmp_PD_HA_IntHigh_2100","PD","HA","IntHigh","2100",95.025856895836
"03100102_79000000_UNNAMED_CREEK",6120,69769,"UNNAMED CREEK","03100102","79000000","STREAM","tbcmp_PD_HA_IntHigh_2100","PD","HA","IntHigh","2100",68.961181307956
"03100102_79000000_UNNAMED_CREEK",6410,185911,"UNNAMED CREEK","03100102","79000000","STREAM","tbcmp_PD_HA_IntHigh_2100","PD","HA","IntHigh","2100",183.758433948364
"03100102_79000000_UNNAMED_CREEK",6420,19785,"UNNAMED CREEK","03100102","79000000","STREAM","tbcmp_PD_HA_IntHigh_2100","PD","HA","IntHigh","2100",19.55591985234
"03100102_79000000_UNNAMED_CREEK",6425,2814,"UNNAMED CREEK","03100102","79000000","STREAM","tbcmp_PD_HA_IntHigh_2100","PD","HA","IntHigh","2100",2.781418168536
"03100102_79000000_UNNAMED_CREEK",6510,2434,"UNNAMED CREEK","03100102","79000000","STREAM","tbcmp_PD_HA_IntHigh_2100","PD","HA","IntHigh","2100",2.405817989416
"03100102_79000000_UNNAMED_CREEK",6600,92024,"UNNAMED CREEK","03100102","79000000","STREAM","tbcmp_PD_HA_IntHigh_2100","PD","HA","IntHigh","2100",90.958502324576
"03100102_79000000_UNNAMED_CREEK",9113,45281,"UNNAMED CREEK","03100102","79000000","STREAM","tbcmp_PD_HA_IntHigh_2100","PD","HA","IntHigh","2100",44.756715028244
"03100102_80000000_UNNAMED_CANAL_SYSTEM",1100,694227,"UNNAMED CANAL SYSTEM","03100102","80000000","CANAL","tbcmp_PD_HA_IntHigh_2100","PD","HA","IntHigh","2100",686.188909341948
"03100102_80000000_UNNAMED_CANAL_SYSTEM",1200,2187560,"UNNAMED CANAL SYSTEM","03100102","80000000","CANAL","tbcmp_PD_HA_IntHigh_2100","PD","HA","IntHigh","2100",2162.23138904144
"03100102_80000000_UNNAMED_CANAL_SYSTEM",1900,477217,"UNNAMED CANAL SYSTEM","03100102","80000000","CANAL","tbcmp_PD_HA_IntHigh_2100","PD","HA","IntHigh","2100",471.691554418708
"03100102_80000000_UNNAMED_CANAL_SYSTEM",2100,2068604,"UNNAMED CANAL SYSTEM","03100102","80000000","CANAL","tbcmp_PD_HA_IntHigh_2100","PD","HA","IntHigh","2100",2044.6527182325
"03100102_80000000_UNNAMED_CANAL_SYSTEM",3200,873671,"UNNAMED CANAL SYSTEM","03100102","80000000","CANAL","tbcmp_PD_HA_IntHigh_2100","PD","HA","IntHigh","2100",863.555221294604
"03100102_80000000_UNNAMED_CANAL_SYSTEM",4100,1816075,"UNNAMED CANAL SYSTEM","03100102","80000000","CANAL","tbcmp_PD_HA_IntHigh_2100","PD","HA","IntHigh","2100",1795.0476191983
"03100102_80000000_UNNAMED_CANAL_SYSTEM",5200,135000,"UNNAMED CANAL SYSTEM","03100102","80000000","CANAL","tbcmp_PD_HA_IntHigh_2100","PD","HA","IntHigh","2100",133.43690574
"03100102_80000000_UNNAMED_CANAL_SYSTEM",5400,6995,"UNNAMED CANAL SYSTEM","03100102","80000000","CANAL","tbcmp_PD_HA_IntHigh_2100","PD","HA","IntHigh","2100",6.91400856038
"03100102_80000000_UNNAMED_CANAL_SYSTEM",6110,453647,"UNNAMED CANAL SYSTEM","03100102","80000000","CANAL","tbcmp_PD_HA_IntHigh_2100","PD","HA","IntHigh","2100",448.394459098028
"03100102_80000000_UNNAMED_CANAL_SYSTEM",6120,4,"UNNAMED CANAL SYSTEM","03100102","80000000","CANAL","tbcmp_PD_HA_IntHigh_2100","PD","HA","IntHigh","2100",0.003953686096
"03100102_80000000_UNNAMED_CANAL_SYSTEM",6410,1418988,"UNNAMED CANAL SYSTEM","03100102","80000000","CANAL","tbcmp_PD_HA_IntHigh_2100","PD","HA","IntHigh","2100",1402.55828149771
"03100102_80000000_UNNAMED_CANAL_SYSTEM",6420,5,"UNNAMED CANAL SYSTEM","03100102","80000000","CANAL","tbcmp_PD_HA_IntHigh_2100","PD","HA","IntHigh","2100",0.00494210762
"03100102_80000000_UNNAMED_CANAL_SYSTEM",6600,54,"UNNAMED CANAL SYSTEM","03100102","80000000","CANAL","tbcmp_PD_HA_IntHigh_2100","PD","HA","IntHigh","2100",0.053374762296
"03100102_80000000_UNNAMED_CREEK",1100,44212,"UNNAMED CREEK","03100102","80000000","STREAM","tbcmp_PD_HA_IntHigh_2100","PD","HA","IntHigh","2100",43.700092419088
"03100102_80000000_UNNAMED_CREEK",1200,1284671,"UNNAMED CREEK","03100102","80000000","STREAM","tbcmp_PD_HA_IntHigh_2100","PD","HA","IntHigh","2100",1269.7964676586
"03100102_80000000_UNNAMED_CREEK",1800,46555,"UNNAMED CREEK","03100102","80000000","STREAM","tbcmp_PD_HA_IntHigh_2100","PD","HA","IntHigh","2100",46.01596404982
"03100102_80000000_UNNAMED_CREEK",1820,9713,"UNNAMED CREEK","03100102","80000000","STREAM","tbcmp_PD_HA_IntHigh_2100","PD","HA","IntHigh","2100",9.600538262612
"03100102_80000000_UNNAMED_CREEK",1900,340837,"UNNAMED CREEK","03100102","80000000","STREAM","tbcmp_PD_HA_IntHigh_2100","PD","HA","IntHigh","2100",336.890626975588
"03100102_80000000_UNNAMED_CREEK",2100,66423,"UNNAMED CREEK","03100102","80000000","STREAM","tbcmp_PD_HA_IntHigh_2100","PD","HA","IntHigh","2100",65.653922888652
"03100102_80000000_UNNAMED_CREEK",3200,81451,"UNNAMED CREEK","03100102","80000000","STREAM","tbcmp_PD_HA_IntHigh_2100","PD","HA","IntHigh","2100",80.507921551324
"03100102_80000000_UNNAMED_CREEK",4100,56121,"UNNAMED CREEK","03100102","80000000","STREAM","tbcmp_PD_HA_IntHigh_2100","PD","HA","IntHigh","2100",55.471204348404
"03100102_80000000_UNNAMED_CREEK",5200,311511,"UNNAMED CREEK","03100102","80000000","STREAM","tbcmp_PD_HA_IntHigh_2100","PD","HA","IntHigh","2100",307.904177362764
"03100102_80000000_UNNAMED_CREEK",5400,113337,"UNNAMED CREEK","03100102","80000000","STREAM","tbcmp_PD_HA_IntHigh_2100","PD","HA","IntHigh","2100",112.024730265588
"03100102_80000000_UNNAMED_CREEK",6110,14166,"UNNAMED CREEK","03100102","80000000","STREAM","tbcmp_PD_HA_IntHigh_2100","PD","HA","IntHigh","2100",14.001979308984
"03100102_80000000_UNNAMED_CREEK",6120,44214,"UNNAMED CREEK","03100102","80000000","STREAM","tbcmp_PD_HA_IntHigh_2100","PD","HA","IntHigh","2100",43.702069262136
"03100102_80000000_UNNAMED_CREEK",6410,198293,"UNNAMED CREEK","03100102","80000000","STREAM","tbcmp_PD_HA_IntHigh_2100","PD","HA","IntHigh","2100",195.997069258532
"03100102_80000000_UNNAMED_CREEK",6420,16004,"UNNAMED CREEK","03100102","80000000","STREAM","tbcmp_PD_HA_IntHigh_2100","PD","HA","IntHigh","2100",15.818698070096
"03100102_80000000_UNNAMED_CREEK",6425,4939,"UNNAMED CREEK","03100102","80000000","STREAM","tbcmp_PD_HA_IntHigh_2100","PD","HA","IntHigh","2100",4.881813907036
"03100102_80000000_UNNAMED_CREEK",6510,3039,"UNNAMED CREEK","03100102","80000000","STREAM","tbcmp_PD_HA_IntHigh_2100","PD","HA","IntHigh","2100",3.003813011436
"03100102_80000000_UNNAMED_CREEK",6600,44539,"UNNAMED CREEK","03100102","80000000","STREAM","tbcmp_PD_HA_IntHigh_2100","PD","HA","IntHigh","2100",44.023306257436
"03100102_80000000_UNNAMED_CREEK",9113,40316,"UNNAMED CREEK","03100102","80000000","STREAM","tbcmp_PD_HA_IntHigh_2100","PD","HA","IntHigh","2100",39.849202161584
"03100102_81000000_UNNAMED_CREEK",1200,13375,"UNNAMED CREEK","03100102","81000000","STREAM","tbcmp_PD_HA_IntHigh_2100","PD","HA","IntHigh","2100",13.2201378835
"03100102_81000000_UNNAMED_CREEK",3200,608866,"UNNAMED CREEK","03100102","81000000","STREAM","tbcmp_PD_HA_IntHigh_2100","PD","HA","IntHigh","2100",601.816259631784
"03100102_81000000_UNNAMED_CREEK",4100,1057827,"UNNAMED CREEK","03100102","81000000","STREAM","tbcmp_PD_HA_IntHigh_2100","PD","HA","IntHigh","2100",1045.57897546835
"03100102_81000000_UNNAMED_CREEK",5200,3301,"UNNAMED CREEK","03100102","81000000","STREAM","tbcmp_PD_HA_IntHigh_2100","PD","HA","IntHigh","2100",3.262779450724
"03100102_81000000_UNNAMED_CREEK",5400,6,"UNNAMED CREEK","03100102","81000000","STREAM","tbcmp_PD_HA_IntHigh_2100","PD","HA","IntHigh","2100",0.005930529144
"03100102_81000000_UNNAMED_CREEK",6110,141274,"UNNAMED CREEK","03100102","81000000","STREAM","tbcmp_PD_HA_IntHigh_2100","PD","HA","IntHigh","2100",139.638262381576
"03100102_81000000_UNNAMED_CREEK",6120,57532,"UNNAMED CREEK","03100102","81000000","STREAM","tbcmp_PD_HA_IntHigh_2100","PD","HA","IntHigh","2100",56.865867118768
"03100102_81000000_UNNAMED_CREEK",6410,437221,"UNNAMED CREEK","03100102","81000000","STREAM","tbcmp_PD_HA_IntHigh_2100","PD","HA","IntHigh","2100",432.158647144804
"03100102_81000000_UNNAMED_CREEK",6420,19737,"UNNAMED CREEK","03100102","81000000","STREAM","tbcmp_PD_HA_IntHigh_2100","PD","HA","IntHigh","2100",19.508475619188
"03100102_81000000_UNNAMED_CREEK",6425,1633,"UNNAMED CREEK","03100102","81000000","STREAM","tbcmp_PD_HA_IntHigh_2100","PD","HA","IntHigh","2100",1.614092348692
"03100102_81000000_UNNAMED_CREEK",6510,1835,"UNNAMED CREEK","03100102","81000000","STREAM","tbcmp_PD_HA_IntHigh_2100","PD","HA","IntHigh","2100",1.81375349654
"03100102_81000000_UNNAMED_CREEK",6600,97201,"UNNAMED CREEK","03100102","81000000","STREAM","tbcmp_PD_HA_IntHigh_2100","PD","HA","IntHigh","2100",96.075560554324
"03100102_81000000_UNNAMED_CREEK",9113,85789,"UNNAMED CREEK","03100102","81000000","STREAM","tbcmp_PD_HA_IntHigh_2100","PD","HA","IntHigh","2100",84.795694122436
"03100102_82000000_UNNAMED_CREEK",1100,65815,"UNNAMED CREEK","03100102","82000000","STREAM","tbcmp_PD_HA_IntHigh_2100","PD","HA","IntHigh","2100",65.05296260206
"03100102_82000000_UNNAMED_CREEK",1200,118077,"UNNAMED CREEK","03100102","82000000","STREAM","tbcmp_PD_HA_IntHigh_2100","PD","HA","IntHigh","2100",116.709848289348
"03100102_82000000_UNNAMED_CREEK",1800,9981,"UNNAMED CREEK","03100102","82000000","STREAM","tbcmp_PD_HA_IntHigh_2100","PD","HA","IntHigh","2100",9.865435231044
"03100102_82000000_UNNAMED_CREEK",1900,33439,"UNNAMED CREEK","03100102","82000000","STREAM","tbcmp_PD_HA_IntHigh_2100","PD","HA","IntHigh","2100",33.051827341036
"03100102_82000000_UNNAMED_CREEK",3200,1520,"UNNAMED CREEK","03100102","82000000","STREAM","tbcmp_PD_HA_IntHigh_2100","PD","HA","IntHigh","2100",1.50240071648
"03100102_82000000_UNNAMED_CREEK",5200,4273,"UNNAMED CREEK","03100102","82000000","STREAM","tbcmp_PD_HA_IntHigh_2100","PD","HA","IntHigh","2100",4.223525172052
"03100102_82000000_UNNAMED_CREEK",5400,16439,"UNNAMED CREEK","03100102","82000000","STREAM","tbcmp_PD_HA_IntHigh_2100","PD","HA","IntHigh","2100",16.248661433036
"03100102_82000000_UNNAMED_CREEK",6120,10894,"UNNAMED CREEK","03100102","82000000","STREAM","tbcmp_PD_HA_IntHigh_2100","PD","HA","IntHigh","2100",10.767864082456
"03100102_82000000_UNNAMED_CREEK",6410,614,"UNNAMED CREEK","03100102","82000000","STREAM","tbcmp_PD_HA_IntHigh_2100","PD","HA","IntHigh","2100",0.606890815736
"03100102_82000000_UNNAMED_CREEK",6420,2296,"UNNAMED CREEK","03100102","82000000","STREAM","tbcmp_PD_HA_IntHigh_2100","PD","HA","IntHigh","2100",2.269415819104
"03100102_82000000_UNNAMED_CREEK",6425,38,"UNNAMED CREEK","03100102","82000000","STREAM","tbcmp_PD_HA_IntHigh_2100","PD","HA","IntHigh","2100",0.037560017912
"03100102_82000000_UNNAMED_CREEK",6510,134,"UNNAMED CREEK","03100102","82000000","STREAM","tbcmp_PD_HA_IntHigh_2100","PD","HA","IntHigh","2100",0.132448484216
"03100102_82000000_UNNAMED_CREEK",6600,13219,"UNNAMED CREEK","03100102","82000000","STREAM","tbcmp_PD_HA_IntHigh_2100","PD","HA","IntHigh","2100",13.065944125756
"03100102_82000000_UNNAMED_CREEK",9113,14876,"UNNAMED CREEK","03100102","82000000","STREAM","tbcmp_PD_HA_IntHigh_2100","PD","HA","IntHigh","2100",14.703758591024
"03100102_83000000_UNNAMED_CREEK",1100,84021,"UNNAMED CREEK","03100102","83000000","STREAM","tbcmp_PD_HA_IntHigh_2100","PD","HA","IntHigh","2100",83.048164868004
"03100102_83000000_UNNAMED_CREEK",1200,56845,"UNNAMED CREEK","03100102","83000000","STREAM","tbcmp_PD_HA_IntHigh_2100","PD","HA","IntHigh","2100",56.18682153178
"03100102_83000000_UNNAMED_CREEK",1800,3080,"UNNAMED CREEK","03100102","83000000","STREAM","tbcmp_PD_HA_IntHigh_2100","PD","HA","IntHigh","2100",3.04433829392
"03100102_83000000_UNNAMED_CREEK",4100,1842,"UNNAMED CREEK","03100102","83000000","STREAM","tbcmp_PD_HA_IntHigh_2100","PD","HA","IntHigh","2100",1.820672447208
"03100102_83000000_UNNAMED_CREEK",5200,1262,"UNNAMED CREEK","03100102","83000000","STREAM","tbcmp_PD_HA_IntHigh_2100","PD","HA","IntHigh","2100",1.247387963288
"03100102_83000000_UNNAMED_CREEK",5400,21670,"UNNAMED CREEK","03100102","83000000","STREAM","tbcmp_PD_HA_IntHigh_2100","PD","HA","IntHigh","2100",21.41909442508
"03100102_83000000_UNNAMED_CREEK",6120,14184,"UNNAMED CREEK","03100102","83000000","STREAM","tbcmp_PD_HA_IntHigh_2100","PD","HA","IntHigh","2100",14.019770896416
"03100102_83000000_UNNAMED_CREEK",6410,38,"UNNAMED CREEK","03100102","83000000","STREAM","tbcmp_PD_HA_IntHigh_2100","PD","HA","IntHigh","2100",0.037560017912
"03100102_83000000_UNNAMED_CREEK",6420,1255,"UNNAMED CREEK","03100102","83000000","STREAM","tbcmp_PD_HA_IntHigh_2100","PD","HA","IntHigh","2100",1.24046901262
"03100102_83000000_UNNAMED_CREEK",6425,12,"UNNAMED CREEK","03100102","83000000","STREAM","tbcmp_PD_HA_IntHigh_2100","PD","HA","IntHigh","2100",0.011861058288
"03100102_83000000_UNNAMED_CREEK",6510,86,"UNNAMED CREEK","03100102","83000000","STREAM","tbcmp_PD_HA_IntHigh_2100","PD","HA","IntHigh","2100",0.085004251064
"03100102_83000000_UNNAMED_CREEK",6600,3653,"UNNAMED CREEK","03100102","83000000","STREAM","tbcmp_PD_HA_IntHigh_2100","PD","HA","IntHigh","2100",3.610703827172
"03100102_83000000_UNNAMED_CREEK",9113,24295,"UNNAMED CREEK","03100102","83000000","STREAM","tbcmp_PD_HA_IntHigh_2100","PD","HA","IntHigh","2100",24.01370092558
"03100102_84800000_UNNAMED_DITCH",1100,160933,"UNNAMED DITCH","03100102","84800000","DITCH","tbcmp_PD_HA_IntHigh_2100","PD","HA","IntHigh","2100",159.069641121892
"03100102_84800000_UNNAMED_DITCH",1200,4680,"UNNAMED DITCH","03100102","84800000","DITCH","tbcmp_PD_HA_IntHigh_2100","PD","HA","IntHigh","2100",4.62581273232
"03100102_84800000_UNNAMED_DITCH",1900,17140,"UNNAMED DITCH","03100102","84800000","DITCH","tbcmp_PD_HA_IntHigh_2100","PD","HA","IntHigh","2100",16.94154492136
"03100102_84800000_UNNAMED_DITCH",2100,12892,"UNNAMED DITCH","03100102","84800000","DITCH","tbcmp_PD_HA_IntHigh_2100","PD","HA","IntHigh","2100",12.742730287408
"03100102_84800000_UNNAMED_DITCH",3200,1008514,"UNNAMED DITCH","03100102","84800000","DITCH","tbcmp_PD_HA_IntHigh_2100","PD","HA","IntHigh","2100",996.836944855336
"03100102_84800000_UNNAMED_DITCH",4100,863142,"UNNAMED DITCH","03100102","84800000","DITCH","tbcmp_PD_HA_IntHigh_2100","PD","HA","IntHigh","2100",853.148131068408
"03100102_84800000_UNNAMED_DITCH",5200,14011,"UNNAMED DITCH","03100102","84800000","DITCH","tbcmp_PD_HA_IntHigh_2100","PD","HA","IntHigh","2100",13.848773972764
"03100102_84800000_UNNAMED_DITCH",6110,244769,"UNNAMED DITCH","03100102","84800000","DITCH","tbcmp_PD_HA_IntHigh_2100","PD","HA","IntHigh","2100",241.934948007956
"03100102_84800000_UNNAMED_DITCH",6410,1031666,"UNNAMED DITCH","03100102","84800000","DITCH","tbcmp_PD_HA_IntHigh_2100","PD","HA","IntHigh","2100",1019.72087997898
"03100102_85000000_UNNAMED_CREEK",1100,69057,"UNNAMED CREEK","03100102","85000000","STREAM","tbcmp_PD_HA_IntHigh_2100","PD","HA","IntHigh","2100",68.257425182868
"03100102_85000000_UNNAMED_CREEK",1200,243045,"UNNAMED CREEK","03100102","85000000","STREAM","tbcmp_PD_HA_IntHigh_2100","PD","HA","IntHigh","2100",240.23090930058
"03100102_85000000_UNNAMED_CREEK",1800,81232,"UNNAMED CREEK","03100102","85000000","STREAM","tbcmp_PD_HA_IntHigh_2100","PD","HA","IntHigh","2100",80.291457237568
"03100102_85000000_UNNAMED_CREEK",1900,276459,"UNNAMED CREEK","03100102","85000000","STREAM","tbcmp_PD_HA_IntHigh_2100","PD","HA","IntHigh","2100",273.258026103516
"03100102_85000000_UNNAMED_CREEK",2100,7034,"UNNAMED CREEK","03100102","85000000","STREAM","tbcmp_PD_HA_IntHigh_2100","PD","HA","IntHigh","2100",6.952556999816
"03100102_85000000_UNNAMED_CREEK",3200,115836,"UNNAMED CREEK","03100102","85000000","STREAM","tbcmp_PD_HA_IntHigh_2100","PD","HA","IntHigh","2100",114.494795654064
"03100102_85000000_UNNAMED_CREEK",4100,50956,"UNNAMED CREEK","03100102","85000000","STREAM","tbcmp_PD_HA_IntHigh_2100","PD","HA","IntHigh","2100",50.366007176944
"03100102_85000000_UNNAMED_CREEK",5200,110230,"UNNAMED CREEK","03100102","85000000","STREAM","tbcmp_PD_HA_IntHigh_2100","PD","HA","IntHigh","2100",108.95370459052
"03100102_85000000_UNNAMED_CREEK",5400,22785,"UNNAMED CREEK","03100102","85000000","STREAM","tbcmp_PD_HA_IntHigh_2100","PD","HA","IntHigh","2100",22.52118442434
"03100102_85000000_UNNAMED_CREEK",6110,2070,"UNNAMED CREEK","03100102","85000000","STREAM","tbcmp_PD_HA_IntHigh_2100","PD","HA","IntHigh","2100",2.04603255468
"03100102_85000000_UNNAMED_CREEK",6120,85198,"UNNAMED CREEK","03100102","85000000","STREAM","tbcmp_PD_HA_IntHigh_2100","PD","HA","IntHigh","2100",84.211537001752
"03100102_85000000_UNNAMED_CREEK",6410,70022,"UNNAMED CREEK","03100102","85000000","STREAM","tbcmp_PD_HA_IntHigh_2100","PD","HA","IntHigh","2100",69.211251953528
"03100102_85000000_UNNAMED_CREEK",6420,21638,"UNNAMED CREEK","03100102","85000000","STREAM","tbcmp_PD_HA_IntHigh_2100","PD","HA","IntHigh","2100",21.387464936312
"03100102_85000000_UNNAMED_CREEK",6425,4529,"UNNAMED CREEK","03100102","85000000","STREAM","tbcmp_PD_HA_IntHigh_2100","PD","HA","IntHigh","2100",4.476561082196
"03100102_85000000_UNNAMED_CREEK",6510,1133,"UNNAMED CREEK","03100102","85000000","STREAM","tbcmp_PD_HA_IntHigh_2100","PD","HA","IntHigh","2100",1.119881586692
"03100102_85000000_UNNAMED_CREEK",6600,116035,"UNNAMED CREEK","03100102","85000000","STREAM","tbcmp_PD_HA_IntHigh_2100","PD","HA","IntHigh","2100",114.69149153734
"03100102_85000000_UNNAMED_CREEK",9113,29489,"UNNAMED CREEK","03100102","85000000","STREAM","tbcmp_PD_HA_IntHigh_2100","PD","HA","IntHigh","2100",29.147562321236
"03100102_87000000_UNNAMED_CREEK",1100,281022,"UNNAMED CREEK","03100102","87000000","STREAM","tbcmp_PD_HA_IntHigh_2100","PD","HA","IntHigh","2100",277.768193517528
"03100102_87000000_UNNAMED_CREEK",1200,473529,"UNNAMED CREEK","03100102","87000000","STREAM","tbcmp_PD_HA_IntHigh_2100","PD","HA","IntHigh","2100",468.046255838196
"03100102_87000000_UNNAMED_CREEK",1800,16416,"UNNAMED CREEK","03100102","87000000","STREAM","tbcmp_PD_HA_IntHigh_2100","PD","HA","IntHigh","2100",16.225927737984
"03100102_87000000_UNNAMED_CREEK",1900,99056,"UNNAMED CREEK","03100102","87000000","STREAM","tbcmp_PD_HA_IntHigh_2100","PD","HA","IntHigh","2100",97.909082481344
"03100102_87000000_UNNAMED_CREEK",3200,344432,"UNNAMED CREEK","03100102","87000000","STREAM","tbcmp_PD_HA_IntHigh_2100","PD","HA","IntHigh","2100",340.444002354368
"03100102_87000000_UNNAMED_CREEK",4100,259816,"UNNAMED CREEK","03100102","87000000","STREAM","tbcmp_PD_HA_IntHigh_2100","PD","HA","IntHigh","2100",256.807726679584
"03100102_87000000_UNNAMED_CREEK",5200,1919,"UNNAMED CREEK","03100102","87000000","STREAM","tbcmp_PD_HA_IntHigh_2100","PD","HA","IntHigh","2100",1.896780904556
"03100102_87000000_UNNAMED_CREEK",5400,38777,"UNNAMED CREEK","03100102","87000000","STREAM","tbcmp_PD_HA_IntHigh_2100","PD","HA","IntHigh","2100",38.328021436148
"03100102_87000000_UNNAMED_CREEK",6110,2574,"UNNAMED CREEK","03100102","87000000","STREAM","tbcmp_PD_HA_IntHigh_2100","PD","HA","IntHigh","2100",2.544197002776
"03100102_87000000_UNNAMED_CREEK",6120,3262,"UNNAMED CREEK","03100102","87000000","STREAM","tbcmp_PD_HA_IntHigh_2100","PD","HA","IntHigh","2100",3.224231011288
"03100102_87000000_UNNAMED_CREEK",6410,79869,"UNNAMED CREEK","03100102","87000000","STREAM","tbcmp_PD_HA_IntHigh_2100","PD","HA","IntHigh","2100",78.944238700356
"03100102_87000000_UNNAMED_CREEK",6420,4333,"UNNAMED CREEK","03100102","87000000","STREAM","tbcmp_PD_HA_IntHigh_2100","PD","HA","IntHigh","2100",4.282830463492
"03100102_87000000_UNNAMED_CREEK",6425,10569,"UNNAMED CREEK","03100102","87000000","STREAM","tbcmp_PD_HA_IntHigh_2100","PD","HA","IntHigh","2100",10.446627087156
"03100102_87000000_UNNAMED_CREEK",6510,4007,"UNNAMED CREEK","03100102","87000000","STREAM","tbcmp_PD_HA_IntHigh_2100","PD","HA","IntHigh","2100",3.960605046668
"03100102_87000000_UNNAMED_CREEK",6600,10430,"UNNAMED CREEK","03100102","87000000","STREAM","tbcmp_PD_HA_IntHigh_2100","PD","HA","IntHigh","2100",10.30923649532
"03100102_87000000_UNNAMED_CREEK",9113,28290,"UNNAMED CREEK","03100102","87000000","STREAM","tbcmp_PD_HA_IntHigh_2100","PD","HA","IntHigh","2100",27.96244491396
"03100102_90000000_BIG_SLOUGH_CANAL",1100,1425898,"BIG SLOUGH CANAL","03100102","90000000","CANAL","tbcmp_PD_HA_IntHigh_2100","PD","HA","IntHigh","2100",1409.38827422855
"03100102_90000000_BIG_SLOUGH_CANAL",1200,2037090,"BIG SLOUGH CANAL","03100102","90000000","CANAL","tbcmp_PD_HA_IntHigh_2100","PD","HA","IntHigh","2100",2013.50360232516
"03100102_90000000_BIG_SLOUGH_CANAL",1800,23027,"BIG SLOUGH CANAL","03100102","90000000","CANAL","tbcmp_PD_HA_IntHigh_2100","PD","HA","IntHigh","2100",22.760382433148
"03100102_90000000_BIG_SLOUGH_CANAL",1820,30165,"BIG SLOUGH CANAL","03100102","90000000","CANAL","tbcmp_PD_HA_IntHigh_2100","PD","HA","IntHigh","2100",29.81573527146
"03100102_90000000_BIG_SLOUGH_CANAL",1900,1164337,"BIG SLOUGH CANAL","03100102","90000000","CANAL","tbcmp_PD_HA_IntHigh_2100","PD","HA","IntHigh","2100",1150.85575198959
"03100102_90000000_BIG_SLOUGH_CANAL",2100,9253846,"BIG SLOUGH CANAL","03100102","90000000","CANAL","tbcmp_PD_HA_IntHigh_2100","PD","HA","IntHigh","2100",9146.7005661813
"03100102_90000000_BIG_SLOUGH_CANAL",2200,1128587,"BIG SLOUGH CANAL","03100102","90000000","CANAL","tbcmp_PD_HA_IntHigh_2100","PD","HA","IntHigh","2100",1115.51968250659
"03100102_90000000_BIG_SLOUGH_CANAL",3200,3644691,"BIG SLOUGH CANAL","03100102","90000000","CANAL","tbcmp_PD_HA_IntHigh_2100","PD","HA","IntHigh","2100",3602.49103272908
"03100102_90000000_BIG_SLOUGH_CANAL",4100,6261314,"BIG SLOUGH CANAL","03100102","90000000","CANAL","tbcmp_PD_HA_IntHigh_2100","PD","HA","IntHigh","2100",6188.81752612254
"03100102_90000000_BIG_SLOUGH_CANAL",5200,116733,"BIG SLOUGH CANAL","03100102","90000000","CANAL","tbcmp_PD_HA_IntHigh_2100","PD","HA","IntHigh","2100",115.381409761092
"03100102_90000000_BIG_SLOUGH_CANAL",5400,139767,"BIG SLOUGH CANAL","03100102","90000000","CANAL","tbcmp_PD_HA_IntHigh_2100","PD","HA","IntHigh","2100",138.148711144908
"03100102_90000000_BIG_SLOUGH_CANAL",6110,1859234,"BIG SLOUGH CANAL","03100102","90000000","CANAL","tbcmp_PD_HA_IntHigh_2100","PD","HA","IntHigh","2100",1837.70690375262
"03100102_90000000_BIG_SLOUGH_CANAL",6120,67887,"BIG SLOUGH CANAL","03100102","90000000","CANAL","tbcmp_PD_HA_IntHigh_2100","PD","HA","IntHigh","2100",67.100971999788
"03100102_90000000_BIG_SLOUGH_CANAL",6410,5970650,"BIG SLOUGH CANAL","03100102","90000000","CANAL","tbcmp_PD_HA_IntHigh_2100","PD","HA","IntHigh","2100",5901.5189722706
"03100102_90000000_BIG_SLOUGH_CANAL",6420,25944,"BIG SLOUGH CANAL","03100102","90000000","CANAL","tbcmp_PD_HA_IntHigh_2100","PD","HA","IntHigh","2100",25.643608018656
"03100102_90000000_BIG_SLOUGH_CANAL",6425,60388,"BIG SLOUGH CANAL","03100102","90000000","CANAL","tbcmp_PD_HA_IntHigh_2100","PD","HA","IntHigh","2100",59.688798991312
"03100102_90000000_BIG_SLOUGH_CANAL",6510,44849,"BIG SLOUGH CANAL","03100102","90000000","CANAL","tbcmp_PD_HA_IntHigh_2100","PD","HA","IntHigh","2100",44.329716929876
"03100102_90000000_BIG_SLOUGH_CANAL",6600,50877,"BIG SLOUGH CANAL","03100102","90000000","CANAL","tbcmp_PD_HA_IntHigh_2100","PD","HA","IntHigh","2100",50.287921876548
"03100102_90000000_BIG_SLOUGH_CANAL",9113,245878,"BIG SLOUGH CANAL","03100102","90000000","CANAL","tbcmp_PD_HA_IntHigh_2100","PD","HA","IntHigh","2100",243.031107478072
"03100102_90200000_WILDCAT_SLOUGH",1100,123166,"WILDCAT SLOUGH","03100102","90200000","SLOUGH","tbcmp_PD_HA_IntHigh_2100","PD","HA","IntHigh","2100",121.739925424984
"03100102_90200000_WILDCAT_SLOUGH",1200,15829,"WILDCAT SLOUGH","03100102","90200000","SLOUGH","tbcmp_PD_HA_IntHigh_2100","PD","HA","IntHigh","2100",15.645724303396
"03100102_90200000_WILDCAT_SLOUGH",1900,432897,"WILDCAT SLOUGH","03100102","90200000","SLOUGH","tbcmp_PD_HA_IntHigh_2100","PD","HA","IntHigh","2100",427.884712475028
"03100102_90200000_WILDCAT_SLOUGH",2100,3480665,"WILDCAT SLOUGH","03100102","90200000","SLOUGH","tbcmp_PD_HA_IntHigh_2100","PD","HA","IntHigh","2100",3440.36420383346
"03100102_90200000_WILDCAT_SLOUGH",2400,312202,"WILDCAT SLOUGH","03100102","90200000","SLOUGH","tbcmp_PD_HA_IntHigh_2100","PD","HA","IntHigh","2100",308.587176635848
"03100102_90200000_WILDCAT_SLOUGH",3200,800548,"WILDCAT SLOUGH","03100102","90200000","SLOUGH","tbcmp_PD_HA_IntHigh_2100","PD","HA","IntHigh","2100",791.278874195152
"03100102_90200000_WILDCAT_SLOUGH",4100,766628,"WILDCAT SLOUGH","03100102","90200000","SLOUGH","tbcmp_PD_HA_IntHigh_2100","PD","HA","IntHigh","2100",757.751616101072
"03100102_90200000_WILDCAT_SLOUGH",5200,10134,"WILDCAT SLOUGH","03100102","90200000","SLOUGH","tbcmp_PD_HA_IntHigh_2100","PD","HA","IntHigh","2100",10.016663724216
"03100102_90200000_WILDCAT_SLOUGH",6110,762611,"WILDCAT SLOUGH","03100102","90200000","SLOUGH","tbcmp_PD_HA_IntHigh_2100","PD","HA","IntHigh","2100",753.781126839164
"03100102_90200000_WILDCAT_SLOUGH",6410,1055730,"WILDCAT SLOUGH","03100102","90200000","SLOUGH","tbcmp_PD_HA_IntHigh_2100","PD","HA","IntHigh","2100",1043.50625553252
"03100102_90201000_BUD_SLOUGH",1100,536654,"BUD SLOUGH","03100102","90201000","SLOUGH","tbcmp_PD_HA_IntHigh_2100","PD","HA","IntHigh","2100",530.440364540696
"03100102_90201000_BUD_SLOUGH",1200,8247,"BUD SLOUGH","03100102","90201000","SLOUGH","tbcmp_PD_HA_IntHigh_2100","PD","HA","IntHigh","2100",8.151512308428
"03100102_90201000_BUD_SLOUGH",1900,63059,"BUD SLOUGH","03100102","90201000","SLOUGH","tbcmp_PD_HA_IntHigh_2100","PD","HA","IntHigh","2100",62.328872881916
"03100102_90201000_BUD_SLOUGH",2100,1925902,"BUD SLOUGH","03100102","90201000","SLOUGH","tbcmp_PD_HA_IntHigh_2100","PD","HA","IntHigh","2100",1903.60298991465
"03100102_90201000_BUD_SLOUGH",2400,15952,"BUD SLOUGH","03100102","90201000","SLOUGH","tbcmp_PD_HA_IntHigh_2100","PD","HA","IntHigh","2100",15.767300150848
"03100102_90201000_BUD_SLOUGH",3200,327041,"BUD SLOUGH","03100102","90201000","SLOUGH","tbcmp_PD_HA_IntHigh_2100","PD","HA","IntHigh","2100",323.254363630484
"03100102_90201000_BUD_SLOUGH",4100,515053,"BUD SLOUGH","03100102","90201000","SLOUGH","tbcmp_PD_HA_IntHigh_2100","PD","HA","IntHigh","2100",509.089471200772
"03100102_90201000_BUD_SLOUGH",4400,1763,"BUD SLOUGH","03100102","90201000","SLOUGH","tbcmp_PD_HA_IntHigh_2100","PD","HA","IntHigh","2100",1.742587146812
"03100102_90201000_BUD_SLOUGH",5200,13356,"BUD SLOUGH","03100102","90201000","SLOUGH","tbcmp_PD_HA_IntHigh_2100","PD","HA","IntHigh","2100",13.201357874544
"03100102_90201000_BUD_SLOUGH",6110,428429,"BUD SLOUGH","03100102","90201000","SLOUGH","tbcmp_PD_HA_IntHigh_2100","PD","HA","IntHigh","2100",423.468445105796
"03100102_90201000_BUD_SLOUGH",6410,366894,"BUD SLOUGH","03100102","90201000","SLOUGH","tbcmp_PD_HA_IntHigh_2100","PD","HA","IntHigh","2100",362.645926626456
"03100102_90300000_MUD_LAKE_SLOUGH",1100,274353,"MUD LAKE SLOUGH","03100102","90300000","SLOUGH","tbcmp_PD_HA_IntHigh_2100","PD","HA","IntHigh","2100",271.176410373972
"03100102_90300000_MUD_LAKE_SLOUGH",1200,42040,"MUD LAKE SLOUGH","03100102","90300000","SLOUGH","tbcmp_PD_HA_IntHigh_2100","PD","HA","IntHigh","2100",41.55324086896
"03100102_90300000_MUD_LAKE_SLOUGH",1900,344266,"MUD LAKE SLOUGH","03100102","90300000","SLOUGH","tbcmp_PD_HA_IntHigh_2100","PD","HA","IntHigh","2100",340.279924381384
"03100102_90300000_MUD_LAKE_SLOUGH",2100,5326717,"MUD LAKE SLOUGH","03100102","90300000","SLOUGH","tbcmp_PD_HA_IntHigh_2100","PD","HA","IntHigh","2100",5265.04173505671
"03100102_90300000_MUD_LAKE_SLOUGH",2200,114321,"MUD LAKE SLOUGH","03100102","90300000","SLOUGH","tbcmp_PD_HA_IntHigh_2100","PD","HA","IntHigh","2100",112.997337045204
"03100102_90300000_MUD_LAKE_SLOUGH",2400,17863,"MUD LAKE SLOUGH","03100102","90300000","SLOUGH","tbcmp_PD_HA_IntHigh_2100","PD","HA","IntHigh","2100",17.656173683212
"03100102_90300000_MUD_LAKE_SLOUGH",3200,980330,"MUD LAKE SLOUGH","03100102","90300000","SLOUGH","tbcmp_PD_HA_IntHigh_2100","PD","HA","IntHigh","2100",968.97927262292
"03100102_90300000_MUD_LAKE_SLOUGH",4100,1713689,"MUD LAKE SLOUGH","03100102","90300000","SLOUGH","tbcmp_PD_HA_IntHigh_2100","PD","HA","IntHigh","2100",1693.84709304204
"03100102_90300000_MUD_LAKE_SLOUGH",4400,45797,"MUD LAKE SLOUGH","03100102","90300000","SLOUGH","tbcmp_PD_HA_IntHigh_2100","PD","HA","IntHigh","2100",45.266740534628
"03100102_90300000_MUD_LAKE_SLOUGH",5200,12950,"MUD LAKE SLOUGH","03100102","90300000","SLOUGH","tbcmp_PD_HA_IntHigh_2100","PD","HA","IntHigh","2100",12.8000587358
"03100102_90300000_MUD_LAKE_SLOUGH",6110,688532,"MUD LAKE SLOUGH","03100102","90300000","SLOUGH","tbcmp_PD_HA_IntHigh_2100","PD","HA","IntHigh","2100",680.559848762768
"03100102_90300000_MUD_LAKE_SLOUGH",6410,1978328,"MUD LAKE SLOUGH","03100102","90300000","SLOUGH","tbcmp_PD_HA_IntHigh_2100","PD","HA","IntHigh","2100",1955.42197673187
"03100102_90690000_UNNAMED_DITCH_SYSTEM",1100,326989,"UNNAMED DITCH SYSTEM","03100102","90690000","DITCH","tbcmp_PD_HA_IntHigh_2100","PD","HA","IntHigh","2100",323.202965711236
"03100102_90690000_UNNAMED_DITCH_SYSTEM",1200,89524,"UNNAMED DITCH SYSTEM","03100102","90690000","DITCH","tbcmp_PD_HA_IntHigh_2100","PD","HA","IntHigh","2100",88.487448514576
"03100102_90690000_UNNAMED_DITCH_SYSTEM",1900,33889,"UNNAMED DITCH SYSTEM","03100102","90690000","DITCH","tbcmp_PD_HA_IntHigh_2100","PD","HA","IntHigh","2100",33.496617026836
"03100102_90690000_UNNAMED_DITCH_SYSTEM",3200,5358,"UNNAMED DITCH SYSTEM","03100102","90690000","DITCH","tbcmp_PD_HA_IntHigh_2100","PD","HA","IntHigh","2100",5.295962525592
"03100102_90690000_UNNAMED_DITCH_SYSTEM",4100,2184,"UNNAMED DITCH SYSTEM","03100102","90690000","DITCH","tbcmp_PD_HA_IntHigh_2100","PD","HA","IntHigh","2100",2.158712608416
"03100102_90690000_UNNAMED_DITCH_SYSTEM",5200,1057,"UNNAMED DITCH SYSTEM","03100102","90690000","DITCH","tbcmp_PD_HA_IntHigh_2100","PD","HA","IntHigh","2100",1.044761550868
"03100102_90690000_UNNAMED_DITCH_SYSTEM",6110,9101,"UNNAMED DITCH SYSTEM","03100102","90690000","DITCH","tbcmp_PD_HA_IntHigh_2100","PD","HA","IntHigh","2100",8.995624289924
"03100102_90690000_UNNAMED_DITCH_SYSTEM",6410,21203,"UNNAMED DITCH SYSTEM","03100102","90690000","DITCH","tbcmp_PD_HA_IntHigh_2100","PD","HA","IntHigh","2100",20.957501573372
"03100102_90720000_UNNAMED_DITCH_SYSTEM",1100,504195,"UNNAMED DITCH SYSTEM","03100102","90720000","DITCH","tbcmp_PD_HA_IntHigh_2100","PD","HA","IntHigh","2100",498.35719029318
"03100102_90720000_UNNAMED_DITCH_SYSTEM",1200,241129,"UNNAMED DITCH SYSTEM","03100102","90720000","DITCH","tbcmp_PD_HA_IntHigh_2100","PD","HA","IntHigh","2100",238.337093660596
"03100102_90720000_UNNAMED_DITCH_SYSTEM",1900,20163,"UNNAMED DITCH SYSTEM","03100102","90720000","DITCH","tbcmp_PD_HA_IntHigh_2100","PD","HA","IntHigh","2100",19.929543188412
"03100102_90720000_UNNAMED_DITCH_SYSTEM",3200,24236,"UNNAMED DITCH SYSTEM","03100102","90720000","DITCH","tbcmp_PD_HA_IntHigh_2100","PD","HA","IntHigh","2100",23.955384055664
"03100102_90720000_UNNAMED_DITCH_SYSTEM",4100,1918,"UNNAMED DITCH SYSTEM","03100102","90720000","DITCH","tbcmp_PD_HA_IntHigh_2100","PD","HA","IntHigh","2100",1.895792483032
"03100102_90720000_UNNAMED_DITCH_SYSTEM",5200,3995,"UNNAMED DITCH SYSTEM","03100102","90720000","DITCH","tbcmp_PD_HA_IntHigh_2100","PD","HA","IntHigh","2100",3.94874398838
"03100102_90720000_UNNAMED_DITCH_SYSTEM",6110,29226,"UNNAMED DITCH SYSTEM","03100102","90720000","DITCH","tbcmp_PD_HA_IntHigh_2100","PD","HA","IntHigh","2100",28.887607460424
"03100102_90720000_UNNAMED_DITCH_SYSTEM",6410,43549,"UNNAMED DITCH SYSTEM","03100102","90720000","DITCH","tbcmp_PD_HA_IntHigh_2100","PD","HA","IntHigh","2100",43.044768948676
"03100102_90800000_UNNAMED_DITCH",1100,816787,"UNNAMED DITCH","03100102","90800000","DITCH","tbcmp_PD_HA_IntHigh_2100","PD","HA","IntHigh","2100",807.329851323388
"03100102_90800000_UNNAMED_DITCH",1200,40110,"UNNAMED DITCH","03100102","90800000","DITCH","tbcmp_PD_HA_IntHigh_2100","PD","HA","IntHigh","2100",39.64558732764
"03100102_90800000_UNNAMED_DITCH",1900,108474,"UNNAMED DITCH","03100102","90800000","DITCH","tbcmp_PD_HA_IntHigh_2100","PD","HA","IntHigh","2100",107.218036394376
"03100102_90800000_UNNAMED_DITCH",3200,9671,"UNNAMED DITCH","03100102","90800000","DITCH","tbcmp_PD_HA_IntHigh_2100","PD","HA","IntHigh","2100",9.559024558604
"03100102_90800000_UNNAMED_DITCH",4100,5937,"UNNAMED DITCH","03100102","90800000","DITCH","tbcmp_PD_HA_IntHigh_2100","PD","HA","IntHigh","2100",5.868258587988
"03100102_90800000_UNNAMED_DITCH",5200,2997,"UNNAMED DITCH","03100102","90800000","DITCH","tbcmp_PD_HA_IntHigh_2100","PD","HA","IntHigh","2100",2.962299307428
"03100102_90800000_UNNAMED_DITCH",6110,2789,"UNNAMED DITCH","03100102","90800000","DITCH","tbcmp_PD_HA_IntHigh_2100","PD","HA","IntHigh","2100",2.756707630436
"03100102_90800000_UNNAMED_DITCH",6120,7,"UNNAMED DITCH","03100102","90800000","DITCH","tbcmp_PD_HA_IntHigh_2100","PD","HA","IntHigh","2100",0.006918950668
"03100102_90800000_UNNAMED_DITCH",6410,5333,"UNNAMED DITCH","03100102","90800000","DITCH","tbcmp_PD_HA_IntHigh_2100","PD","HA","IntHigh","2100",5.271251987492
"03100102_90800000_UNNAMED_DITCH",6420,2,"UNNAMED DITCH","03100102","90800000","DITCH","tbcmp_PD_HA_IntHigh_2100","PD","HA","IntHigh","2100",0.001976843048
"03100102_90800000_UNNAMED_DITCH",6600,43,"UNNAMED DITCH","03100102","90800000","DITCH","tbcmp_PD_HA_IntHigh_2100","PD","HA","IntHigh","2100",0.042502125532
"03100102_90900000_UNNAMED_DITCH_SYSTEM",1100,1091231,"UNNAMED DITCH SYSTEM","03100102","90900000","DITCH","tbcmp_PD_HA_IntHigh_2100","PD","HA","IntHigh","2100",1078.59620805604
"03100102_90900000_UNNAMED_DITCH_SYSTEM",1200,5407197,"UNNAMED DITCH SYSTEM","03100102","90900000","DITCH","tbcmp_PD_HA_IntHigh_2100","PD","HA","IntHigh","2100",5344.58989930823
"03100102_90900000_UNNAMED_DITCH_SYSTEM",1800,19055,"UNNAMED DITCH SYSTEM","03100102","90900000","DITCH","tbcmp_PD_HA_IntHigh_2100","PD","HA","IntHigh","2100",18.83437213982
"03100102_90900000_UNNAMED_DITCH_SYSTEM",1820,130027,"UNNAMED DITCH SYSTEM","03100102","90900000","DITCH","tbcmp_PD_HA_IntHigh_2100","PD","HA","IntHigh","2100",128.521485501148
"03100102_90900000_UNNAMED_DITCH_SYSTEM",1900,4164176,"UNNAMED DITCH SYSTEM","03100102","90900000","DITCH","tbcmp_PD_HA_IntHigh_2100","PD","HA","IntHigh","2100",4115.96118812422
"03100102_90900000_UNNAMED_DITCH_SYSTEM",2100,620790,"UNNAMED DITCH SYSTEM","03100102","90900000","DITCH","tbcmp_PD_HA_IntHigh_2100","PD","HA","IntHigh","2100",613.60219788396
"03100102_90900000_UNNAMED_DITCH_SYSTEM",3200,2287529,"UNNAMED DITCH SYSTEM","03100102","90900000","DITCH","tbcmp_PD_HA_IntHigh_2100","PD","HA","IntHigh","2100",2261.0429003742
"03100102_90900000_UNNAMED_DITCH_SYSTEM",4100,1558782,"UNNAMED DITCH SYSTEM","03100102","90900000","DITCH","tbcmp_PD_HA_IntHigh_2100","PD","HA","IntHigh","2100",1540.73368002377
"03100102_90900000_UNNAMED_DITCH_SYSTEM",5200,553711,"UNNAMED DITCH SYSTEM","03100102","90900000","DITCH","tbcmp_PD_HA_IntHigh_2100","PD","HA","IntHigh","2100",547.299870475564
"03100102_90900000_UNNAMED_DITCH_SYSTEM",5400,89170,"UNNAMED DITCH SYSTEM","03100102","90900000","DITCH","tbcmp_PD_HA_IntHigh_2100","PD","HA","IntHigh","2100",88.13754729508
"03100102_90900000_UNNAMED_DITCH_SYSTEM",6110,301916,"UNNAMED DITCH SYSTEM","03100102","90900000","DITCH","tbcmp_PD_HA_IntHigh_2100","PD","HA","IntHigh","2100",298.420272839984
"03100102_90900000_UNNAMED_DITCH_SYSTEM",6120,272,"UNNAMED DITCH SYSTEM","03100102","90900000","DITCH","tbcmp_PD_HA_IntHigh_2100","PD","HA","IntHigh","2100",0.268850654528
"03100102_90900000_UNNAMED_DITCH_SYSTEM",6410,2410596,"UNNAMED DITCH SYSTEM","03100102","90900000","DITCH","tbcmp_PD_HA_IntHigh_2100","PD","HA","IntHigh","2100",2382.6849720683
"03100102_90900000_UNNAMED_DITCH_SYSTEM",6420,315,"UNNAMED DITCH SYSTEM","03100102","90900000","DITCH","tbcmp_PD_HA_IntHigh_2100","PD","HA","IntHigh","2100",0.31135278006
"03100102_90900000_UNNAMED_DITCH_SYSTEM",6425,30,"UNNAMED DITCH SYSTEM","03100102","90900000","DITCH","tbcmp_PD_HA_IntHigh_2100","PD","HA","IntHigh","2100",0.02965264572
"03100102_90900000_UNNAMED_DITCH_SYSTEM",6510,1,"UNNAMED DITCH SYSTEM","03100102","90900000","DITCH","tbcmp_PD_HA_IntHigh_2100","PD","HA","IntHigh","2100",0.000988421524
"03100102_90900000_UNNAMED_DITCH_SYSTEM",6600,3024,"UNNAMED DITCH SYSTEM","03100102","90900000","DITCH","tbcmp_PD_HA_IntHigh_2100","PD","HA","IntHigh","2100",2.988986688576
"03100102_90900000_UNNAMED_DITCH_SYSTEM",9113,1822,"UNNAMED DITCH SYSTEM","03100102","90900000","DITCH","tbcmp_PD_HA_IntHigh_2100","PD","HA","IntHigh","2100",1.800904016728
"03100102_90904000_UNNAMED_DITCH_SYSTEM",1100,334121,"UNNAMED DITCH SYSTEM","03100102","90904000","DITCH","tbcmp_PD_HA_IntHigh_2100","PD","HA","IntHigh","2100",330.252388020404
"03100102_90904000_UNNAMED_DITCH_SYSTEM",1200,814363,"UNNAMED DITCH SYSTEM","03100102","90904000","DITCH","tbcmp_PD_HA_IntHigh_2100","PD","HA","IntHigh","2100",804.933917549212
"03100102_90904000_UNNAMED_DITCH_SYSTEM",1900,81263,"UNNAMED DITCH SYSTEM","03100102","90904000","DITCH","tbcmp_PD_HA_IntHigh_2100","PD","HA","IntHigh","2100",80.322098304812
"03100102_90904000_UNNAMED_DITCH_SYSTEM",5200,10911,"UNNAMED DITCH SYSTEM","03100102","90904000","DITCH","tbcmp_PD_HA_IntHigh_2100","PD","HA","IntHigh","2100",10.784667248364
"03100102_90904000_UNNAMED_DITCH_SYSTEM",6110,6143,"UNNAMED DITCH SYSTEM","03100102","90904000","DITCH","tbcmp_PD_HA_IntHigh_2100","PD","HA","IntHigh","2100",6.071873421932
"03100102_90904000_UNNAMED_DITCH_SYSTEM",6410,29881,"UNNAMED DITCH SYSTEM","03100102","90904000","DITCH","tbcmp_PD_HA_IntHigh_2100","PD","HA","IntHigh","2100",29.535023558644
"03100102_90905000_UNNAMED_DITCH_SYSTEM",1100,21900,"UNNAMED DITCH SYSTEM","03100102","90905000","DITCH","tbcmp_PD_HA_IntHigh_2100","PD","HA","IntHigh","2100",21.6464313756
"03100102_90905000_UNNAMED_DITCH_SYSTEM",1200,1076060,"UNNAMED DITCH SYSTEM","03100102","90905000","DITCH","tbcmp_PD_HA_IntHigh_2100","PD","HA","IntHigh","2100",1063.60086511544
"03100102_90905000_UNNAMED_DITCH_SYSTEM",1900,277178,"UNNAMED DITCH SYSTEM","03100102","90905000","DITCH","tbcmp_PD_HA_IntHigh_2100","PD","HA","IntHigh","2100",273.968701179272
"03100102_90905000_UNNAMED_DITCH_SYSTEM",2100,1751362,"UNNAMED DITCH SYSTEM","03100102","90905000","DITCH","tbcmp_PD_HA_IntHigh_2100","PD","HA","IntHigh","2100",1731.08389711569
"03100102_90905000_UNNAMED_DITCH_SYSTEM",2200,233740,"UNNAMED DITCH SYSTEM","03100102","90905000","DITCH","tbcmp_PD_HA_IntHigh_2100","PD","HA","IntHigh","2100",231.03364701976
"03100102_90905000_UNNAMED_DITCH_SYSTEM",2400,28786,"UNNAMED DITCH SYSTEM","03100102","90905000","DITCH","tbcmp_PD_HA_IntHigh_2100","PD","HA","IntHigh","2100",28.452701989864
"03100102_90905000_UNNAMED_DITCH_SYSTEM",3200,1161471,"UNNAMED DITCH SYSTEM","03100102","90905000","DITCH","tbcmp_PD_HA_IntHigh_2100","PD","HA","IntHigh","2100",1148.0229359018
"03100102_90905000_UNNAMED_DITCH_SYSTEM",4100,4696995,"UNNAMED DITCH SYSTEM","03100102","90905000","DITCH","tbcmp_PD_HA_IntHigh_2100","PD","HA","IntHigh","2100",4642.61095612038
"03100102_90905000_UNNAMED_DITCH_SYSTEM",5200,61639,"UNNAMED DITCH SYSTEM","03100102","90905000","DITCH","tbcmp_PD_HA_IntHigh_2100","PD","HA","IntHigh","2100",60.925314317836
"03100102_90905000_UNNAMED_DITCH_SYSTEM",5400,878,"UNNAMED DITCH SYSTEM","03100102","90905000","DITCH","tbcmp_PD_HA_IntHigh_2100","PD","HA","IntHigh","2100",0.867834098072
"03100102_90905000_UNNAMED_DITCH_SYSTEM",6110,744363,"UNNAMED DITCH SYSTEM","03100102","90905000","DITCH","tbcmp_PD_HA_IntHigh_2100","PD","HA","IntHigh","2100",735.744410869212
"03100102_90905000_UNNAMED_DITCH_SYSTEM",6410,3522464,"UNNAMED DITCH SYSTEM","03100102","90905000","DITCH","tbcmp_PD_HA_IntHigh_2100","PD","HA","IntHigh","2100",3481.67923511514
"03100102_90907000_UNNAMED_CANAL_SYSTEM",1200,1866169,"UNNAMED CANAL SYSTEM","03100102","90907000","CANAL","tbcmp_PD_HA_IntHigh_2100","PD","HA","IntHigh","2100",1844.56160702156
"03100102_90907000_UNNAMED_CANAL_SYSTEM",1900,198511,"UNNAMED CANAL SYSTEM","03100102","90907000","CANAL","tbcmp_PD_HA_IntHigh_2100","PD","HA","IntHigh","2100",196.212545150764
"03100102_90907000_UNNAMED_CANAL_SYSTEM",4100,156659,"UNNAMED CANAL SYSTEM","03100102","90907000","CANAL","tbcmp_PD_HA_IntHigh_2100","PD","HA","IntHigh","2100",154.845127528316
"03100102_90907000_UNNAMED_CANAL_SYSTEM",5200,101219,"UNNAMED CANAL SYSTEM","03100102","90907000","CANAL","tbcmp_PD_HA_IntHigh_2100","PD","HA","IntHigh","2100",100.047038237756
"03100102_90907000_UNNAMED_CANAL_SYSTEM",5400,3659,"UNNAMED CANAL SYSTEM","03100102","90907000","CANAL","tbcmp_PD_HA_IntHigh_2100","PD","HA","IntHigh","2100",3.616634356316
"03100102_90907000_UNNAMED_CANAL_SYSTEM",6410,49578,"UNNAMED CANAL SYSTEM","03100102","90907000","CANAL","tbcmp_PD_HA_IntHigh_2100","PD","HA","IntHigh","2100",49.003962316872
"03100102_90907500_UNNAMED_CANAL_SYSTEM",1200,2370454,"UNNAMED CANAL SYSTEM","03100102","90907500","CANAL","tbcmp_PD_HA_IntHigh_2100","PD","HA","IntHigh","2100",2343.0077552519
"03100102_90907500_UNNAMED_CANAL_SYSTEM",5200,37327,"UNNAMED CANAL SYSTEM","03100102","90907500","CANAL","tbcmp_PD_HA_IntHigh_2100","PD","HA","IntHigh","2100",36.894810226348
"03100102_90907500_UNNAMED_CANAL_SYSTEM",5400,5453,"UNNAMED CANAL SYSTEM","03100102","90907500","CANAL","tbcmp_PD_HA_IntHigh_2100","PD","HA","IntHigh","2100",5.389862570372
"03100102_90907500_UNNAMED_CANAL_SYSTEM",6110,2272,"UNNAMED CANAL SYSTEM","03100102","90907500","CANAL","tbcmp_PD_HA_IntHigh_2100","PD","HA","IntHigh","2100",2.245693702528
"03100102_90907500_UNNAMED_CANAL_SYSTEM",6410,4409,"UNNAMED CANAL SYSTEM","03100102","90907500","CANAL","tbcmp_PD_HA_IntHigh_2100","PD","HA","IntHigh","2100",4.357950499316
"03100102_90907500_UNNAMED_CANAL_SYSTEM",6600,40,"UNNAMED CANAL SYSTEM","03100102","90907500","CANAL","tbcmp_PD_HA_IntHigh_2100","PD","HA","IntHigh","2100",0.03953686096
"03100102_90908500_UNNAMED_CANAL_SYSTEM",1200,2078440,"UNNAMED CANAL SYSTEM","03100102","90908500","CANAL","tbcmp_PD_HA_IntHigh_2100","PD","HA","IntHigh","2100",2054.37483234256
"03100102_90908500_UNNAMED_CANAL_SYSTEM",1800,7636,"UNNAMED CANAL SYSTEM","03100102","90908500","CANAL","tbcmp_PD_HA_IntHigh_2100","PD","HA","IntHigh","2100",7.547586757264
"03100102_90908500_UNNAMED_CANAL_SYSTEM",1820,201050,"UNNAMED CANAL SYSTEM","03100102","90908500","CANAL","tbcmp_PD_HA_IntHigh_2100","PD","HA","IntHigh","2100",198.7221474002
"03100102_90908500_UNNAMED_CANAL_SYSTEM",1900,51981,"UNNAMED CANAL SYSTEM","03100102","90908500","CANAL","tbcmp_PD_HA_IntHigh_2100","PD","HA","IntHigh","2100",51.379139239044
"03100102_90908500_UNNAMED_CANAL_SYSTEM",3200,9585,"UNNAMED CANAL SYSTEM","03100102","90908500","CANAL","tbcmp_PD_HA_IntHigh_2100","PD","HA","IntHigh","2100",9.47402030754
"03100102_90908500_UNNAMED_CANAL_SYSTEM",4100,71472,"UNNAMED CANAL SYSTEM","03100102","90908500","CANAL","tbcmp_PD_HA_IntHigh_2100","PD","HA","IntHigh","2100",70.644463163328
"03100102_90908500_UNNAMED_CANAL_SYSTEM",5200,101241,"UNNAMED CANAL SYSTEM","03100102","90908500","CANAL","tbcmp_PD_HA_IntHigh_2100","PD","HA","IntHigh","2100",100.068783511284
"03100102_90908500_UNNAMED_CANAL_SYSTEM",5400,50810,"UNNAMED CANAL SYSTEM","03100102","90908500","CANAL","tbcmp_PD_HA_IntHigh_2100","PD","HA","IntHigh","2100",50.22169763444
"03100102_90908500_UNNAMED_CANAL_SYSTEM",6110,1884,"UNNAMED CANAL SYSTEM","03100102","90908500","CANAL","tbcmp_PD_HA_IntHigh_2100","PD","HA","IntHigh","2100",1.862186151216
"03100102_90908500_UNNAMED_CANAL_SYSTEM",6120,3,"UNNAMED CANAL SYSTEM","03100102","90908500","CANAL","tbcmp_PD_HA_IntHigh_2100","PD","HA","IntHigh","2100",0.002965264572
"03100102_90908500_UNNAMED_CANAL_SYSTEM",6410,46005,"UNNAMED CANAL SYSTEM","03100102","90908500","CANAL","tbcmp_PD_HA_IntHigh_2100","PD","HA","IntHigh","2100",45.47233221162
"03100102_90908500_UNNAMED_CANAL_SYSTEM",6420,1,"UNNAMED CANAL SYSTEM","03100102","90908500","CANAL","tbcmp_PD_HA_IntHigh_2100","PD","HA","IntHigh","2100",0.000988421524
"03100102_90908500_UNNAMED_CANAL_SYSTEM",6600,1,"UNNAMED CANAL SYSTEM","03100102","90908500","CANAL","tbcmp_PD_HA_IntHigh_2100","PD","HA","IntHigh","2100",0.000988421524
"03100102_90908500_UNNAMED_CANAL_SYSTEM",9113,1,"UNNAMED CANAL SYSTEM","03100102","90908500","CANAL","tbcmp_PD_HA_IntHigh_2100","PD","HA","IntHigh","2100",0.000988421524
"03100102_90910000_UNNAMED_DITCH_SYSTEM",1100,1423095,"UNNAMED DITCH SYSTEM","03100102","90910000","DITCH","tbcmp_PD_HA_IntHigh_2100","PD","HA","IntHigh","2100",1406.61772869678
"03100102_90910000_UNNAMED_DITCH_SYSTEM",1200,1576783,"UNNAMED DITCH SYSTEM","03100102","90910000","DITCH","tbcmp_PD_HA_IntHigh_2100","PD","HA","IntHigh","2100",1558.52625587729
"03100102_90910000_UNNAMED_DITCH_SYSTEM",1800,24787,"UNNAMED DITCH SYSTEM","03100102","90910000","DITCH","tbcmp_PD_HA_IntHigh_2100","PD","HA","IntHigh","2100",24.500004315388
"03100102_90910000_UNNAMED_DITCH_SYSTEM",1900,126411,"UNNAMED DITCH SYSTEM","03100102","90910000","DITCH","tbcmp_PD_HA_IntHigh_2100","PD","HA","IntHigh","2100",124.947353270364
"03100102_90910000_UNNAMED_DITCH_SYSTEM",3200,23625,"UNNAMED DITCH SYSTEM","03100102","90910000","DITCH","tbcmp_PD_HA_IntHigh_2100","PD","HA","IntHigh","2100",23.3514585045
"03100102_90910000_UNNAMED_DITCH_SYSTEM",4100,63526,"UNNAMED DITCH SYSTEM","03100102","90910000","DITCH","tbcmp_PD_HA_IntHigh_2100","PD","HA","IntHigh","2100",62.790465733624
"03100102_90910000_UNNAMED_DITCH_SYSTEM",5200,9539,"UNNAMED DITCH SYSTEM","03100102","90910000","DITCH","tbcmp_PD_HA_IntHigh_2100","PD","HA","IntHigh","2100",9.428552917436
"03100102_90910000_UNNAMED_DITCH_SYSTEM",6110,15461,"UNNAMED DITCH SYSTEM","03100102","90910000","DITCH","tbcmp_PD_HA_IntHigh_2100","PD","HA","IntHigh","2100",15.281985182564
"03100102_90910000_UNNAMED_DITCH_SYSTEM",6120,1184,"UNNAMED DITCH SYSTEM","03100102","90910000","DITCH","tbcmp_PD_HA_IntHigh_2100","PD","HA","IntHigh","2100",1.170291084416
"03100102_90910000_UNNAMED_DITCH_SYSTEM",6410,53574,"UNNAMED DITCH SYSTEM","03100102","90910000","DITCH","tbcmp_PD_HA_IntHigh_2100","PD","HA","IntHigh","2100",52.953694726776
"03100102_90910000_UNNAMED_DITCH_SYSTEM",6420,294,"UNNAMED DITCH SYSTEM","03100102","90910000","DITCH","tbcmp_PD_HA_IntHigh_2100","PD","HA","IntHigh","2100",0.290595928056
"03100102_90910000_UNNAMED_DITCH_SYSTEM",6425,215,"UNNAMED DITCH SYSTEM","03100102","90910000","DITCH","tbcmp_PD_HA_IntHigh_2100","PD","HA","IntHigh","2100",0.21251062766
"03100102_90910000_UNNAMED_DITCH_SYSTEM",6510,197,"UNNAMED DITCH SYSTEM","03100102","90910000","DITCH","tbcmp_PD_HA_IntHigh_2100","PD","HA","IntHigh","2100",0.194719040228
"03100102_90910000_UNNAMED_DITCH_SYSTEM",6600,924,"UNNAMED DITCH SYSTEM","03100102","90910000","DITCH","tbcmp_PD_HA_IntHigh_2100","PD","HA","IntHigh","2100",0.913301488176
"03100102_90910000_UNNAMED_DITCH_SYSTEM",9113,1720,"UNNAMED DITCH SYSTEM","03100102","90910000","DITCH","tbcmp_PD_HA_IntHigh_2100","PD","HA","IntHigh","2100",1.70008502128
"03100102_92000000_ROCK_CREEK",1100,443530,"ROCK CREEK","03100102","92000000","CANAL","tbcmp_PD_HA_IntHigh_2100","PD","HA","IntHigh","2100",438.39459853972
"03100102_92000000_ROCK_CREEK",1200,124764,"ROCK CREEK","03100102","92000000","CANAL","tbcmp_PD_HA_IntHigh_2100","PD","HA","IntHigh","2100",123.319423020336
"03100102_92000000_ROCK_CREEK",1800,41,"ROCK CREEK","03100102","92000000","CANAL","tbcmp_PD_HA_IntHigh_2100","PD","HA","IntHigh","2100",0.040525282484
"03100102_92000000_ROCK_CREEK",1900,257219,"ROCK CREEK","03100102","92000000","CANAL","tbcmp_PD_HA_IntHigh_2100","PD","HA","IntHigh","2100",254.240795981756
"03100102_92000000_ROCK_CREEK",4100,129,"ROCK CREEK","03100102","92000000","CANAL","tbcmp_PD_HA_IntHigh_2100","PD","HA","IntHigh","2100",0.127506376596
"03100102_92000000_ROCK_CREEK",5200,44,"ROCK CREEK","03100102","92000000","CANAL","tbcmp_PD_HA_IntHigh_2100","PD","HA","IntHigh","2100",0.043490547056
"03100102_92000000_ROCK_CREEK",5400,63608,"ROCK CREEK","03100102","92000000","CANAL","tbcmp_PD_HA_IntHigh_2100","PD","HA","IntHigh","2100",62.871516298592
"03100102_92000000_ROCK_CREEK",6120,427,"ROCK CREEK","03100102","92000000","CANAL","tbcmp_PD_HA_IntHigh_2100","PD","HA","IntHigh","2100",0.422055990748
"03100102_92000000_ROCK_CREEK",6410,1532,"ROCK CREEK","03100102","92000000","CANAL","tbcmp_PD_HA_IntHigh_2100","PD","HA","IntHigh","2100",1.514261774768
"03100102_92000000_ROCK_CREEK",6420,29310,"ROCK CREEK","03100102","92000000","CANAL","tbcmp_PD_HA_IntHigh_2100","PD","HA","IntHigh","2100",28.97063486844
"03100102_92000000_ROCK_CREEK",6425,72794,"ROCK CREEK","03100102","92000000","CANAL","tbcmp_PD_HA_IntHigh_2100","PD","HA","IntHigh","2100",71.951156418056
"03100102_92000000_ROCK_CREEK",6510,36441,"ROCK CREEK","03100102","92000000","CANAL","tbcmp_PD_HA_IntHigh_2100","PD","HA","IntHigh","2100",36.019068756084
"03100102_92000000_ROCK_CREEK",6600,108858,"ROCK CREEK","03100102","92000000","CANAL","tbcmp_PD_HA_IntHigh_2100","PD","HA","IntHigh","2100",107.597590259592
"03100102_92000000_ROCK_CREEK",9113,83748,"ROCK CREEK","03100102","92000000","CANAL","tbcmp_PD_HA_IntHigh_2100","PD","HA","IntHigh","2100",82.778325791952
"03100102_93000000_UNNAMED_CANAL",1100,903182,"UNNAMED CANAL","03100102","93000000","CANAL","tbcmp_PD_HA_IntHigh_2100","PD","HA","IntHigh","2100",892.724528889368
"03100102_93000000_UNNAMED_CANAL",1200,865803,"UNNAMED CANAL","03100102","93000000","CANAL","tbcmp_PD_HA_IntHigh_2100","PD","HA","IntHigh","2100",855.778320743772
"03100102_93000000_UNNAMED_CANAL",1800,13682,"UNNAMED CANAL","03100102","93000000","CANAL","tbcmp_PD_HA_IntHigh_2100","PD","HA","IntHigh","2100",13.523583291368
"03100102_93000000_UNNAMED_CANAL",1900,766145,"UNNAMED CANAL","03100102","93000000","CANAL","tbcmp_PD_HA_IntHigh_2100","PD","HA","IntHigh","2100",757.27420850498
"03100102_93000000_UNNAMED_CANAL",3200,7240,"UNNAMED CANAL","03100102","93000000","CANAL","tbcmp_PD_HA_IntHigh_2100","PD","HA","IntHigh","2100",7.15617183376
"03100102_93000000_UNNAMED_CANAL",4100,7299,"UNNAMED CANAL","03100102","93000000","CANAL","tbcmp_PD_HA_IntHigh_2100","PD","HA","IntHigh","2100",7.214488703676
"03100102_93000000_UNNAMED_CANAL",5200,9340,"UNNAMED CANAL","03100102","93000000","CANAL","tbcmp_PD_HA_IntHigh_2100","PD","HA","IntHigh","2100",9.23185703416
"03100102_93000000_UNNAMED_CANAL",5400,89122,"UNNAMED CANAL","03100102","93000000","CANAL","tbcmp_PD_HA_IntHigh_2100","PD","HA","IntHigh","2100",88.090103061928
"03100102_93000000_UNNAMED_CANAL",6110,4692,"UNNAMED CANAL","03100102","93000000","CANAL","tbcmp_PD_HA_IntHigh_2100","PD","HA","IntHigh","2100",4.637673790608
"03100102_93000000_UNNAMED_CANAL",6120,319,"UNNAMED CANAL","03100102","93000000","CANAL","tbcmp_PD_HA_IntHigh_2100","PD","HA","IntHigh","2100",0.315306466156
"03100102_93000000_UNNAMED_CANAL",6410,12243,"UNNAMED CANAL","03100102","93000000","CANAL","tbcmp_PD_HA_IntHigh_2100","PD","HA","IntHigh","2100",12.101244718332
"03100102_93000000_UNNAMED_CANAL",6420,27218,"UNNAMED CANAL","03100102","93000000","CANAL","tbcmp_PD_HA_IntHigh_2100","PD","HA","IntHigh","2100",26.902857040232
"03100102_93000000_UNNAMED_CANAL",6425,61733,"UNNAMED CANAL","03100102","93000000","CANAL","tbcmp_PD_HA_IntHigh_2100","PD","HA","IntHigh","2100",61.018225941092
"03100102_93000000_UNNAMED_CANAL",6510,20352,"UNNAMED CANAL","03100102","93000000","CANAL","tbcmp_PD_HA_IntHigh_2100","PD","HA","IntHigh","2100",20.116354856448
"03100102_93000000_UNNAMED_CANAL",6600,103958,"UNNAMED CANAL","03100102","93000000","CANAL","tbcmp_PD_HA_IntHigh_2100","PD","HA","IntHigh","2100",102.754324791992
"03100102_93000000_UNNAMED_CANAL",9113,42469,"UNNAMED CANAL","03100102","93000000","CANAL","tbcmp_PD_HA_IntHigh_2100","PD","HA","IntHigh","2100",41.977273702756
"03100102_96000000_SAM_KNIGHT_CREEK",1100,887808,"SAM KNIGHT CREEK","03100102","96000000","STREAM","tbcmp_PD_HA_IntHigh_2100","PD","HA","IntHigh","2100",877.528536379392
"03100102_96000000_SAM_KNIGHT_CREEK",1200,489325,"SAM KNIGHT CREEK","03100102","96000000","STREAM","tbcmp_PD_HA_IntHigh_2100","PD","HA","IntHigh","2100",483.6593622313
"03100102_96000000_SAM_KNIGHT_CREEK",1800,161164,"SAM KNIGHT CREEK","03100102","96000000","STREAM","tbcmp_PD_HA_IntHigh_2100","PD","HA","IntHigh","2100",159.297966493936
"03100102_96000000_SAM_KNIGHT_CREEK",1900,843974,"SAM KNIGHT CREEK","03100102","96000000","STREAM","tbcmp_PD_HA_IntHigh_2100","PD","HA","IntHigh","2100",834.202067296376
"03100102_96000000_SAM_KNIGHT_CREEK",3200,29600,"SAM KNIGHT CREEK","03100102","96000000","STREAM","tbcmp_PD_HA_IntHigh_2100","PD","HA","IntHigh","2100",29.2572771104
"03100102_96000000_SAM_KNIGHT_CREEK",4100,31545,"SAM KNIGHT CREEK","03100102","96000000","STREAM","tbcmp_PD_HA_IntHigh_2100","PD","HA","IntHigh","2100",31.17975697458
"03100102_96000000_SAM_KNIGHT_CREEK",5200,69346,"SAM KNIGHT CREEK","03100102","96000000","STREAM","tbcmp_PD_HA_IntHigh_2100","PD","HA","IntHigh","2100",68.543079003304
"03100102_96000000_SAM_KNIGHT_CREEK",5400,341471,"SAM KNIGHT CREEK","03100102","96000000","STREAM","tbcmp_PD_HA_IntHigh_2100","PD","HA","IntHigh","2100",337.517286221804
"03100102_96000000_SAM_KNIGHT_CREEK",6110,188,"SAM KNIGHT CREEK","03100102","96000000","STREAM","tbcmp_PD_HA_IntHigh_2100","PD","HA","IntHigh","2100",0.185823246512
"03100102_96000000_SAM_KNIGHT_CREEK",6120,143981,"SAM KNIGHT CREEK","03100102","96000000","STREAM","tbcmp_PD_HA_IntHigh_2100","PD","HA","IntHigh","2100",142.313919447044
"03100102_96000000_SAM_KNIGHT_CREEK",6410,18435,"SAM KNIGHT CREEK","03100102","96000000","STREAM","tbcmp_PD_HA_IntHigh_2100","PD","HA","IntHigh","2100",18.22155079494
"03100102_96000000_SAM_KNIGHT_CREEK",6420,116488,"SAM KNIGHT CREEK","03100102","96000000","STREAM","tbcmp_PD_HA_IntHigh_2100","PD","HA","IntHigh","2100",115.139246487712
"03100102_96000000_SAM_KNIGHT_CREEK",6425,291133,"SAM KNIGHT CREEK","03100102","96000000","STREAM","tbcmp_PD_HA_IntHigh_2100","PD","HA","IntHigh","2100",287.762123546692
"03100102_96000000_SAM_KNIGHT_CREEK",6510,148979,"SAM KNIGHT CREEK","03100102","96000000","STREAM","tbcmp_PD_HA_IntHigh_2100","PD","HA","IntHigh","2100",147.254050223996
"03100102_96000000_SAM_KNIGHT_CREEK",6600,267738,"SAM KNIGHT CREEK","03100102","96000000","STREAM","tbcmp_PD_HA_IntHigh_2100","PD","HA","IntHigh","2100",264.638001992712
"03100102_96000000_SAM_KNIGHT_CREEK",9113,850712,"SAM KNIGHT CREEK","03100102","96000000","STREAM","tbcmp_PD_HA_IntHigh_2100","PD","HA","IntHigh","2100",840.862051525088
"03100102_96000000_TIPPECANOE_BAY",1200,436,"TIPPECANOE BAY","03100102","96000000","BAY","tbcmp_PD_HA_IntHigh_2100","PD","HA","IntHigh","2100",0.430951784464
"03100102_96000000_TIPPECANOE_BAY",4100,1156,"TIPPECANOE BAY","03100102","96000000","BAY","tbcmp_PD_HA_IntHigh_2100","PD","HA","IntHigh","2100",1.142615281744
"03100102_96000000_TIPPECANOE_BAY",5400,679530,"TIPPECANOE BAY","03100102","96000000","BAY","tbcmp_PD_HA_IntHigh_2100","PD","HA","IntHigh","2100",671.66207820372
"03100102_96000000_TIPPECANOE_BAY",6120,39624,"TIPPECANOE BAY","03100102","96000000","BAY","tbcmp_PD_HA_IntHigh_2100","PD","HA","IntHigh","2100",39.165214466976
"03100102_96000000_TIPPECANOE_BAY",6420,1828,"TIPPECANOE BAY","03100102","96000000","BAY","tbcmp_PD_HA_IntHigh_2100","PD","HA","IntHigh","2100",1.806834545872
"03100102_96000000_TIPPECANOE_BAY",6425,211159,"TIPPECANOE BAY","03100102","96000000","BAY","tbcmp_PD_HA_IntHigh_2100","PD","HA","IntHigh","2100",208.714100586316
"03100102_96000000_TIPPECANOE_BAY",6510,33471,"TIPPECANOE BAY","03100102","96000000","BAY","tbcmp_PD_HA_IntHigh_2100","PD","HA","IntHigh","2100",33.083456829804
"03100102_96000000_TIPPECANOE_BAY",6600,800,"TIPPECANOE BAY","03100102","96000000","BAY","tbcmp_PD_HA_IntHigh_2100","PD","HA","IntHigh","2100",0.7907372192
"03100102_96000000_TIPPECANOE_BAY",9113,460885,"TIPPECANOE BAY","03100102","96000000","BAY","tbcmp_PD_HA_IntHigh_2100","PD","HA","IntHigh","2100",455.54865408874
"03100102_96950000_TRAILER_PARK_CANAL",1200,113167,"TRAILER PARK CANAL","03100102","96950000","CANAL","tbcmp_PD_HA_IntHigh_2100","PD","HA","IntHigh","2100",111.856698606508
"03100102_96950000_TRAILER_PARK_CANAL",1800,2775,"TRAILER PARK CANAL","03100102","96950000","CANAL","tbcmp_PD_HA_IntHigh_2100","PD","HA","IntHigh","2100",2.7428697291
"03100102_96950000_TRAILER_PARK_CANAL",1900,671,"TRAILER PARK CANAL","03100102","96950000","CANAL","tbcmp_PD_HA_IntHigh_2100","PD","HA","IntHigh","2100",0.663230842604
"03100102_96950000_TRAILER_PARK_CANAL",3200,487,"TRAILER PARK CANAL","03100102","96950000","CANAL","tbcmp_PD_HA_IntHigh_2100","PD","HA","IntHigh","2100",0.481361282188
"03100102_96950000_TRAILER_PARK_CANAL",4100,1080,"TRAILER PARK CANAL","03100102","96950000","CANAL","tbcmp_PD_HA_IntHigh_2100","PD","HA","IntHigh","2100",1.06749524592
"03100102_96950000_TRAILER_PARK_CANAL",5400,23255,"TRAILER PARK CANAL","03100102","96950000","CANAL","tbcmp_PD_HA_IntHigh_2100","PD","HA","IntHigh","2100",22.98574254062
"03100102_96950000_TRAILER_PARK_CANAL",6120,73543,"TRAILER PARK CANAL","03100102","96950000","CANAL","tbcmp_PD_HA_IntHigh_2100","PD","HA","IntHigh","2100",72.691484139532
"03100102_96950000_TRAILER_PARK_CANAL",6410,2,"TRAILER PARK CANAL","03100102","96950000","CANAL","tbcmp_PD_HA_IntHigh_2100","PD","HA","IntHigh","2100",0.001976843048
"03100102_96950000_TRAILER_PARK_CANAL",6420,4138,"TRAILER PARK CANAL","03100102","96950000","CANAL","tbcmp_PD_HA_IntHigh_2100","PD","HA","IntHigh","2100",4.090088266312
"03100102_96950000_TRAILER_PARK_CANAL",6425,86302,"TRAILER PARK CANAL","03100102","96950000","CANAL","tbcmp_PD_HA_IntHigh_2100","PD","HA","IntHigh","2100",85.302754364248
"03100102_96950000_TRAILER_PARK_CANAL",6510,16258,"TRAILER PARK CANAL","03100102","96950000","CANAL","tbcmp_PD_HA_IntHigh_2100","PD","HA","IntHigh","2100",16.069757137192
"03100102_96950000_TRAILER_PARK_CANAL",6600,3039,"TRAILER PARK CANAL","03100102","96950000","CANAL","tbcmp_PD_HA_IntHigh_2100","PD","HA","IntHigh","2100",3.003813011436
"03100102_96950000_TRAILER_PARK_CANAL",9113,269957,"TRAILER PARK CANAL","03100102","96950000","CANAL","tbcmp_PD_HA_IntHigh_2100","PD","HA","IntHigh","2100",266.831309354468
"03100102_97000000_MYAKKA_RIVER",1100,6294543,"MYAKKA RIVER","03100102","97000000","STREAM","tbcmp_PD_HA_IntHigh_2100","PD","HA","IntHigh","2100",6221.66178494353
"03100102_97000000_MYAKKA_RIVER",1200,237119,"MYAKKA RIVER","03100102","97000000","STREAM","tbcmp_PD_HA_IntHigh_2100","PD","HA","IntHigh","2100",234.373523349356
"03100102_97000000_MYAKKA_RIVER",1800,12966,"MYAKKA RIVER","03100102","97000000","STREAM","tbcmp_PD_HA_IntHigh_2100","PD","HA","IntHigh","2100",12.815873480184
"03100102_97000000_MYAKKA_RIVER",1900,1359872,"MYAKKA RIVER","03100102","97000000","STREAM","tbcmp_PD_HA_IntHigh_2100","PD","HA","IntHigh","2100",1344.12675468493
"03100102_97000000_MYAKKA_RIVER",2100,6750029,"MYAKKA RIVER","03100102","97000000","STREAM","tbcmp_PD_HA_IntHigh_2100","PD","HA","IntHigh","2100",6671.87395122419
"03100102_97000000_MYAKKA_RIVER",2200,626395,"MYAKKA RIVER","03100102","97000000","STREAM","tbcmp_PD_HA_IntHigh_2100","PD","HA","IntHigh","2100",619.14230052598
"03100102_97000000_MYAKKA_RIVER",2400,63827,"MYAKKA RIVER","03100102","97000000","STREAM","tbcmp_PD_HA_IntHigh_2100","PD","HA","IntHigh","2100",63.087980612348
"03100102_97000000_MYAKKA_RIVER",3200,3150651,"MYAKKA RIVER","03100102","97000000","STREAM","tbcmp_PD_HA_IntHigh_2100","PD","HA","IntHigh","2100",3114.17126301212
"03100102_97000000_MYAKKA_RIVER",4100,2754832,"MYAKKA RIVER","03100102","97000000","STREAM","tbcmp_PD_HA_IntHigh_2100","PD","HA","IntHigh","2100",2722.93524380397
"03100102_97000000_MYAKKA_RIVER",4400,4816,"MYAKKA RIVER","03100102","97000000","STREAM","tbcmp_PD_HA_IntHigh_2100","PD","HA","IntHigh","2100",4.760238059584
"03100102_97000000_MYAKKA_RIVER",5200,1022233,"MYAKKA RIVER","03100102","97000000","STREAM","tbcmp_PD_HA_IntHigh_2100","PD","HA","IntHigh","2100",1010.39709974309
"03100102_97000000_MYAKKA_RIVER",5400,34,"MYAKKA RIVER","03100102","97000000","STREAM","tbcmp_PD_HA_IntHigh_2100","PD","HA","IntHigh","2100",0.033606331816
"03100102_97000000_MYAKKA_RIVER",6110,4826646,"MYAKKA RIVER","03100102","97000000","STREAM","tbcmp_PD_HA_IntHigh_2100","PD","HA","IntHigh","2100",4770.7607951285
"03100102_97000000_MYAKKA_RIVER",6410,2776007,"MYAKKA RIVER","03100102","97000000","STREAM","tbcmp_PD_HA_IntHigh_2100","PD","HA","IntHigh","2100",2743.86506957467
"03100102_98000000_MYAKKA_RIVER",1100,13398,"MYAKKA RIVER","03100102","98000000","STREAM","tbcmp_PD_HA_IntHigh_2100","PD","HA","IntHigh","2100",13.242871578552
"03100102_98000000_MYAKKA_RIVER",1200,7071,"MYAKKA RIVER","03100102","98000000","STREAM","tbcmp_PD_HA_IntHigh_2100","PD","HA","IntHigh","2100",6.989128596204
"03100102_98000000_MYAKKA_RIVER",1800,56968,"MYAKKA RIVER","03100102","98000000","STREAM","tbcmp_PD_HA_IntHigh_2100","PD","HA","IntHigh","2100",56.308397379232
"03100102_98000000_MYAKKA_RIVER",1900,1780,"MYAKKA RIVER","03100102","98000000","STREAM","tbcmp_PD_HA_IntHigh_2100","PD","HA","IntHigh","2100",1.75939031272
"03100102_98000000_MYAKKA_RIVER",2100,64448,"MYAKKA RIVER","03100102","98000000","STREAM","tbcmp_PD_HA_IntHigh_2100","PD","HA","IntHigh","2100",63.701790378752
"03100102_98000000_MYAKKA_RIVER",3200,5106220,"MYAKKA RIVER","03100102","98000000","STREAM","tbcmp_PD_HA_IntHigh_2100","PD","HA","IntHigh","2100",5047.09775427928
"03100102_98000000_MYAKKA_RIVER",4100,368902,"MYAKKA RIVER","03100102","98000000","STREAM","tbcmp_PD_HA_IntHigh_2100","PD","HA","IntHigh","2100",364.630677046648
"03100102_98000000_MYAKKA_RIVER",5200,565118,"MYAKKA RIVER","03100102","98000000","STREAM","tbcmp_PD_HA_IntHigh_2100","PD","HA","IntHigh","2100",558.574794799832
"03100102_98000000_MYAKKA_RIVER",6110,2287281,"MYAKKA RIVER","03100102","98000000","STREAM","tbcmp_PD_HA_IntHigh_2100","PD","HA","IntHigh","2100",2260.79777183624
"03100102_98000000_MYAKKA_RIVER",6120,43,"MYAKKA RIVER","03100102","98000000","STREAM","tbcmp_PD_HA_IntHigh_2100","PD","HA","IntHigh","2100",0.042502125532
"03100102_98000000_MYAKKA_RIVER",6410,2503532,"MYAKKA RIVER","03100102","98000000","STREAM","tbcmp_PD_HA_IntHigh_2100","PD","HA","IntHigh","2100",2474.54491482277
"03100102_98000000_MYAKKA_RIVER",6420,8,"MYAKKA RIVER","03100102","98000000","STREAM","tbcmp_PD_HA_IntHigh_2100","PD","HA","IntHigh","2100",0.007907372192
"03100102_98000000_MYAKKA_RIVER",6600,31,"MYAKKA RIVER","03100102","98000000","STREAM","tbcmp_PD_HA_IntHigh_2100","PD","HA","IntHigh","2100",0.030641067244
"03100102_98000000_MYAKKA_RIVER",9113,32,"MYAKKA RIVER","03100102","98000000","STREAM","tbcmp_PD_HA_IntHigh_2100","PD","HA","IntHigh","2100",0.031629488768
"03100102_99000000_MYAKKA_RIVER",1100,2197747,"MYAKKA RIVER","03100102","99000000","STREAM","tbcmp_PD_HA_IntHigh_2100","PD","HA","IntHigh","2100",2172.30043910643
"03100102_99000000_MYAKKA_RIVER",1200,4117472,"MYAKKA RIVER","03100102","99000000","STREAM","tbcmp_PD_HA_IntHigh_2100","PD","HA","IntHigh","2100",4069.79794926733
"03100102_99000000_MYAKKA_RIVER",1800,68930,"MYAKKA RIVER","03100102","99000000","STREAM","tbcmp_PD_HA_IntHigh_2100","PD","HA","IntHigh","2100",68.13189564932
"03100102_99000000_MYAKKA_RIVER",1820,183804,"MYAKKA RIVER","03100102","99000000","STREAM","tbcmp_PD_HA_IntHigh_2100","PD","HA","IntHigh","2100",181.675829797296
"03100102_99000000_MYAKKA_RIVER",1900,1081298,"MYAKKA RIVER","03100102","99000000","STREAM","tbcmp_PD_HA_IntHigh_2100","PD","HA","IntHigh","2100",1068.77821705815
"03100102_99000000_MYAKKA_RIVER",2100,718397,"MYAKKA RIVER","03100102","99000000","STREAM","tbcmp_PD_HA_IntHigh_2100","PD","HA","IntHigh","2100",710.079057577028
"03100102_99000000_MYAKKA_RIVER",2400,13243,"MYAKKA RIVER","03100102","99000000","STREAM","tbcmp_PD_HA_IntHigh_2100","PD","HA","IntHigh","2100",13.089666242332
"03100102_99000000_MYAKKA_RIVER",3200,3407957,"MYAKKA RIVER","03100102","99000000","STREAM","tbcmp_PD_HA_IntHigh_2100","PD","HA","IntHigh","2100",3368.49805166647
"03100102_99000000_MYAKKA_RIVER",4100,8491949,"MYAKKA RIVER","03100102","99000000","STREAM","tbcmp_PD_HA_IntHigh_2100","PD","HA","IntHigh","2100",8393.62517231027
"03100102_99000000_MYAKKA_RIVER",4400,310217,"MYAKKA RIVER","03100102","99000000","STREAM","tbcmp_PD_HA_IntHigh_2100","PD","HA","IntHigh","2100",306.625159910708
"03100102_99000000_MYAKKA_RIVER",5200,242611,"MYAKKA RIVER","03100102","99000000","STREAM","tbcmp_PD_HA_IntHigh_2100","PD","HA","IntHigh","2100",239.801934359164
"03100102_99000000_MYAKKA_RIVER",5400,4954101,"MYAKKA RIVER","03100102","99000000","STREAM","tbcmp_PD_HA_IntHigh_2100","PD","HA","IntHigh","2100",4896.74006046992
"03100102_99000000_MYAKKA_RIVER",6110,1971654,"MYAKKA RIVER","03100102","99000000","STREAM","tbcmp_PD_HA_IntHigh_2100","PD","HA","IntHigh","2100",1948.8252514807
"03100102_99000000_MYAKKA_RIVER",6120,676632,"MYAKKA RIVER","03100102","99000000","STREAM","tbcmp_PD_HA_IntHigh_2100","PD","HA","IntHigh","2100",668.797632627168
"03100102_99000000_MYAKKA_RIVER",6410,3153973,"MYAKKA RIVER","03100102","99000000","STREAM","tbcmp_PD_HA_IntHigh_2100","PD","HA","IntHigh","2100",3117.45479931485
"03100102_99000000_MYAKKA_RIVER",6420,429047,"MYAKKA RIVER","03100102","99000000","STREAM","tbcmp_PD_HA_IntHigh_2100","PD","HA","IntHigh","2100",424.079289607628
"03100102_99000000_MYAKKA_RIVER",6425,744940,"MYAKKA RIVER","03100102","99000000","STREAM","tbcmp_PD_HA_IntHigh_2100","PD","HA","IntHigh","2100",736.31473008856
"03100102_99000000_MYAKKA_RIVER",6510,430785,"MYAKKA RIVER","03100102","99000000","STREAM","tbcmp_PD_HA_IntHigh_2100","PD","HA","IntHigh","2100",425.79716621634
"03100102_99000000_MYAKKA_RIVER",6600,1456823,"MYAKKA RIVER","03100102","99000000","STREAM","tbcmp_PD_HA_IntHigh_2100","PD","HA","IntHigh","2100",1439.95520985825
"03100102_99000000_MYAKKA_RIVER",9113,3203433,"MYAKKA RIVER","03100102","99000000","STREAM","tbcmp_PD_HA_IntHigh_2100","PD","HA","IntHigh","2100",3166.34212789189
"03100103_99990000_DIRECT_RUNOFF_TO_BAY",6120,1827,"DIRECT RUNOFF TO BAY","03100103","99990000","RUNOFF","tbcmp_PD_HA_IntHigh_2100","PD","HA","IntHigh","2100",1.805846124348
"03100103_99990000_DIRECT_RUNOFF_TO_BAY",9113,3264,"DIRECT RUNOFF TO BAY","03100103","99990000","RUNOFF","tbcmp_PD_HA_IntHigh_2100","PD","HA","IntHigh","2100",3.226207854336
"03100201_26000000_ROCK_CREEK",1100,646645,"ROCK CREEK","03100201","26000000","STREAM","tbcmp_PD_HA_IntHigh_2100","PD","HA","IntHigh","2100",639.15783638698
"03100201_26000000_ROCK_CREEK",1200,294249,"ROCK CREEK","03100201","26000000","STREAM","tbcmp_PD_HA_IntHigh_2100","PD","HA","IntHigh","2100",290.842045015476
"03100201_26000000_ROCK_CREEK",1800,15119,"ROCK CREEK","03100201","26000000","STREAM","tbcmp_PD_HA_IntHigh_2100","PD","HA","IntHigh","2100",14.943945021356
"03100201_26000000_ROCK_CREEK",1900,104959,"ROCK CREEK","03100201","26000000","STREAM","tbcmp_PD_HA_IntHigh_2100","PD","HA","IntHigh","2100",103.743734737516
"03100201_26000000_ROCK_CREEK",2100,90420,"ROCK CREEK","03100201","26000000","STREAM","tbcmp_PD_HA_IntHigh_2100","PD","HA","IntHigh","2100",89.37307420008
"03100201_26000000_ROCK_CREEK",3200,802956,"ROCK CREEK","03100201","26000000","STREAM","tbcmp_PD_HA_IntHigh_2100","PD","HA","IntHigh","2100",793.658993224944
"03100201_26000000_ROCK_CREEK",4100,619750,"ROCK CREEK","03100201","26000000","STREAM","tbcmp_PD_HA_IntHigh_2100","PD","HA","IntHigh","2100",612.574239499
"03100201_26000000_ROCK_CREEK",4400,307251,"ROCK CREEK","03100201","26000000","STREAM","tbcmp_PD_HA_IntHigh_2100","PD","HA","IntHigh","2100",303.693501670524
"03100201_26000000_ROCK_CREEK",5200,20276,"ROCK CREEK","03100201","26000000","STREAM","tbcmp_PD_HA_IntHigh_2100","PD","HA","IntHigh","2100",20.041234820624
"03100201_26000000_ROCK_CREEK",5400,62476,"ROCK CREEK","03100201","26000000","STREAM","tbcmp_PD_HA_IntHigh_2100","PD","HA","IntHigh","2100",61.752623133424
"03100201_26000000_ROCK_CREEK",6110,54285,"ROCK CREEK","03100201","26000000","STREAM","tbcmp_PD_HA_IntHigh_2100","PD","HA","IntHigh","2100",53.65646243034
"03100201_26000000_ROCK_CREEK",6120,13571,"ROCK CREEK","03100201","26000000","STREAM","tbcmp_PD_HA_IntHigh_2100","PD","HA","IntHigh","2100",13.413868502204
"03100201_26000000_ROCK_CREEK",6410,322219,"ROCK CREEK","03100201","26000000","STREAM","tbcmp_PD_HA_IntHigh_2100","PD","HA","IntHigh","2100",318.488195041756
"03100201_26000000_ROCK_CREEK",6420,20732,"ROCK CREEK","03100201","26000000","STREAM","tbcmp_PD_HA_IntHigh_2100","PD","HA","IntHigh","2100",20.491955035568
"03100201_26000000_ROCK_CREEK",6425,39848,"ROCK CREEK","03100201","26000000","STREAM","tbcmp_PD_HA_IntHigh_2100","PD","HA","IntHigh","2100",39.386620888352
"03100201_26000000_ROCK_CREEK",6510,17051,"ROCK CREEK","03100201","26000000","STREAM","tbcmp_PD_HA_IntHigh_2100","PD","HA","IntHigh","2100",16.853575405724
"03100201_26000000_ROCK_CREEK",6600,77172,"ROCK CREEK","03100201","26000000","STREAM","tbcmp_PD_HA_IntHigh_2100","PD","HA","IntHigh","2100",76.278465850128
"03100201_26000000_ROCK_CREEK",9113,106844,"ROCK CREEK","03100201","26000000","STREAM","tbcmp_PD_HA_IntHigh_2100","PD","HA","IntHigh","2100",105.606909310256
"03100201_26500000_UNNAMED_DITCH",1100,20011,"UNNAMED DITCH","03100201","26500000","DITCH","tbcmp_PD_HA_IntHigh_2100","PD","HA","IntHigh","2100",19.779303116764
"03100201_26500000_UNNAMED_DITCH",1200,14340,"UNNAMED DITCH","03100201","26500000","DITCH","tbcmp_PD_HA_IntHigh_2100","PD","HA","IntHigh","2100",14.17396465416
"03100201_26500000_UNNAMED_DITCH",3200,278811,"UNNAMED DITCH","03100201","26500000","DITCH","tbcmp_PD_HA_IntHigh_2100","PD","HA","IntHigh","2100",275.582793527964
"03100201_26500000_UNNAMED_DITCH",4100,967218,"UNNAMED DITCH","03100201","26500000","DITCH","tbcmp_PD_HA_IntHigh_2100","PD","HA","IntHigh","2100",956.019089600232
"03100201_26500000_UNNAMED_DITCH",4400,130661,"UNNAMED DITCH","03100201","26500000","DITCH","tbcmp_PD_HA_IntHigh_2100","PD","HA","IntHigh","2100",129.148144747364
"03100201_26500000_UNNAMED_DITCH",5200,3385,"UNNAMED DITCH","03100201","26500000","DITCH","tbcmp_PD_HA_IntHigh_2100","PD","HA","IntHigh","2100",3.34580685874
"03100201_26500000_UNNAMED_DITCH",5400,287,"UNNAMED DITCH","03100201","26500000","DITCH","tbcmp_PD_HA_IntHigh_2100","PD","HA","IntHigh","2100",0.283676977388
"03100201_26500000_UNNAMED_DITCH",6110,20784,"UNNAMED DITCH","03100201","26500000","DITCH","tbcmp_PD_HA_IntHigh_2100","PD","HA","IntHigh","2100",20.543352954816
"03100201_26500000_UNNAMED_DITCH",6120,837,"UNNAMED DITCH","03100201","26500000","DITCH","tbcmp_PD_HA_IntHigh_2100","PD","HA","IntHigh","2100",0.827308815588
"03100201_26500000_UNNAMED_DITCH",6410,424333,"UNNAMED DITCH","03100201","26500000","DITCH","tbcmp_PD_HA_IntHigh_2100","PD","HA","IntHigh","2100",419.419870543492
"03100201_26500000_UNNAMED_DITCH",6420,298,"UNNAMED DITCH","03100201","26500000","DITCH","tbcmp_PD_HA_IntHigh_2100","PD","HA","IntHigh","2100",0.294549614152
"03100201_26500000_UNNAMED_DITCH",6600,1528,"UNNAMED DITCH","03100201","26500000","DITCH","tbcmp_PD_HA_IntHigh_2100","PD","HA","IntHigh","2100",1.510308088672
"03100201_26500000_UNNAMED_DITCH",9113,215,"UNNAMED DITCH","03100201","26500000","DITCH","tbcmp_PD_HA_IntHigh_2100","PD","HA","IntHigh","2100",0.21251062766
"03100201_28000000_GOTTFRIED_CREEK",1100,444302,"GOTTFRIED CREEK","03100201","28000000","STREAM","tbcmp_PD_HA_IntHigh_2100","PD","HA","IntHigh","2100",439.157659956248
"03100201_28000000_GOTTFRIED_CREEK",1200,1156033,"GOTTFRIED CREEK","03100201","28000000","STREAM","tbcmp_PD_HA_IntHigh_2100","PD","HA","IntHigh","2100",1142.64789965429
"03100201_28000000_GOTTFRIED_CREEK",1800,198611,"GOTTFRIED CREEK","03100201","28000000","STREAM","tbcmp_PD_HA_IntHigh_2100","PD","HA","IntHigh","2100",196.311387303164
"03100201_28000000_GOTTFRIED_CREEK",1820,181003,"GOTTFRIED CREEK","03100201","28000000","STREAM","tbcmp_PD_HA_IntHigh_2100","PD","HA","IntHigh","2100",178.907261108572
"03100201_28000000_GOTTFRIED_CREEK",1900,1409413,"GOTTFRIED CREEK","03100201","28000000","STREAM","tbcmp_PD_HA_IntHigh_2100","PD","HA","IntHigh","2100",1393.09414540541
"03100201_28000000_GOTTFRIED_CREEK",2100,848572,"GOTTFRIED CREEK","03100201","28000000","STREAM","tbcmp_PD_HA_IntHigh_2100","PD","HA","IntHigh","2100",838.746829463728
"03100201_28000000_GOTTFRIED_CREEK",3200,663275,"GOTTFRIED CREEK","03100201","28000000","STREAM","tbcmp_PD_HA_IntHigh_2100","PD","HA","IntHigh","2100",655.5952863311
"03100201_28000000_GOTTFRIED_CREEK",4100,612808,"GOTTFRIED CREEK","03100201","28000000","STREAM","tbcmp_PD_HA_IntHigh_2100","PD","HA","IntHigh","2100",605.712617279392
"03100201_28000000_GOTTFRIED_CREEK",4400,3283,"GOTTFRIED CREEK","03100201","28000000","STREAM","tbcmp_PD_HA_IntHigh_2100","PD","HA","IntHigh","2100",3.244987863292
"03100201_28000000_GOTTFRIED_CREEK",5200,207388,"GOTTFRIED CREEK","03100201","28000000","STREAM","tbcmp_PD_HA_IntHigh_2100","PD","HA","IntHigh","2100",204.986763019312
"03100201_28000000_GOTTFRIED_CREEK",5400,105873,"GOTTFRIED CREEK","03100201","28000000","STREAM","tbcmp_PD_HA_IntHigh_2100","PD","HA","IntHigh","2100",104.647152010452
"03100201_28000000_GOTTFRIED_CREEK",6110,239177,"GOTTFRIED CREEK","03100201","28000000","STREAM","tbcmp_PD_HA_IntHigh_2100","PD","HA","IntHigh","2100",236.407694845748
"03100201_28000000_GOTTFRIED_CREEK",6120,50733,"GOTTFRIED CREEK","03100201","28000000","STREAM","tbcmp_PD_HA_IntHigh_2100","PD","HA","IntHigh","2100",50.145589177092
"03100201_28000000_GOTTFRIED_CREEK",6410,778819,"GOTTFRIED CREEK","03100201","28000000","STREAM","tbcmp_PD_HA_IntHigh_2100","PD","HA","IntHigh","2100",769.801462900156
"03100201_28000000_GOTTFRIED_CREEK",6420,23063,"GOTTFRIED CREEK","03100201","28000000","STREAM","tbcmp_PD_HA_IntHigh_2100","PD","HA","IntHigh","2100",22.795965608012
"03100201_28000000_GOTTFRIED_CREEK",6425,18943,"GOTTFRIED CREEK","03100201","28000000","STREAM","tbcmp_PD_HA_IntHigh_2100","PD","HA","IntHigh","2100",18.723668929132
"03100201_28000000_GOTTFRIED_CREEK",6510,8058,"GOTTFRIED CREEK","03100201","28000000","STREAM","tbcmp_PD_HA_IntHigh_2100","PD","HA","IntHigh","2100",7.964700640392
"03100201_28000000_GOTTFRIED_CREEK",6600,97119,"GOTTFRIED CREEK","03100201","28000000","STREAM","tbcmp_PD_HA_IntHigh_2100","PD","HA","IntHigh","2100",95.994509989356
"03100201_28000000_GOTTFRIED_CREEK",9113,50922,"GOTTFRIED CREEK","03100201","28000000","STREAM","tbcmp_PD_HA_IntHigh_2100","PD","HA","IntHigh","2100",50.332400845128
"03100201_28600000_UNNAMED_DITCH",1100,3752,"UNNAMED DITCH","03100201","28600000","DITCH","tbcmp_PD_HA_IntHigh_2100","PD","HA","IntHigh","2100",3.708557558048
"03100201_28600000_UNNAMED_DITCH",1200,736338,"UNNAMED DITCH","03100201","28600000","DITCH","tbcmp_PD_HA_IntHigh_2100","PD","HA","IntHigh","2100",727.812328139112
"03100201_28600000_UNNAMED_DITCH",1800,2423,"UNNAMED DITCH","03100201","28600000","DITCH","tbcmp_PD_HA_IntHigh_2100","PD","HA","IntHigh","2100",2.394945352652
"03100201_28600000_UNNAMED_DITCH",1900,50198,"UNNAMED DITCH","03100201","28600000","DITCH","tbcmp_PD_HA_IntHigh_2100","PD","HA","IntHigh","2100",49.616783661752
"03100201_28600000_UNNAMED_DITCH",2100,58235,"UNNAMED DITCH","03100201","28600000","DITCH","tbcmp_PD_HA_IntHigh_2100","PD","HA","IntHigh","2100",57.56072745014
"03100201_28600000_UNNAMED_DITCH",3200,55928,"UNNAMED DITCH","03100201","28600000","DITCH","tbcmp_PD_HA_IntHigh_2100","PD","HA","IntHigh","2100",55.280438994272
"03100201_28600000_UNNAMED_DITCH",4100,187062,"UNNAMED DITCH","03100201","28600000","DITCH","tbcmp_PD_HA_IntHigh_2100","PD","HA","IntHigh","2100",184.896107122488
"03100201_28600000_UNNAMED_DITCH",5200,52027,"UNNAMED DITCH","03100201","28600000","DITCH","tbcmp_PD_HA_IntHigh_2100","PD","HA","IntHigh","2100",51.424606629148
"03100201_28600000_UNNAMED_DITCH",5400,5585,"UNNAMED DITCH","03100201","28600000","DITCH","tbcmp_PD_HA_IntHigh_2100","PD","HA","IntHigh","2100",5.52033421154
"03100201_28600000_UNNAMED_DITCH",6110,87760,"UNNAMED DITCH","03100201","28600000","DITCH","tbcmp_PD_HA_IntHigh_2100","PD","HA","IntHigh","2100",86.74387294624
"03100201_28600000_UNNAMED_DITCH",6120,10923,"UNNAMED DITCH","03100201","28600000","DITCH","tbcmp_PD_HA_IntHigh_2100","PD","HA","IntHigh","2100",10.796528306652
"03100201_28600000_UNNAMED_DITCH",6410,68547,"UNNAMED DITCH","03100201","28600000","DITCH","tbcmp_PD_HA_IntHigh_2100","PD","HA","IntHigh","2100",67.753330205628
"03100201_28600000_UNNAMED_DITCH",6420,4509,"UNNAMED DITCH","03100201","28600000","DITCH","tbcmp_PD_HA_IntHigh_2100","PD","HA","IntHigh","2100",4.456792651716
"03100201_28600000_UNNAMED_DITCH",6600,18540,"UNNAMED DITCH","03100201","28600000","DITCH","tbcmp_PD_HA_IntHigh_2100","PD","HA","IntHigh","2100",18.32533505496
"03100201_28600000_UNNAMED_DITCH",9113,2156,"UNNAMED DITCH","03100201","28600000","DITCH","tbcmp_PD_HA_IntHigh_2100","PD","HA","IntHigh","2100",2.131036805744
"03100201_40000000_FORKED_CREEK",0,2,"FORKED CREEK","03100201","40000000","STREAM","tbcmp_PD_HA_IntHigh_2100","PD","HA","IntHigh","2100",0.001976843048
"03100201_40000000_FORKED_CREEK",1100,569284,"FORKED CREEK","03100201","40000000","STREAM","tbcmp_PD_HA_IntHigh_2100","PD","HA","IntHigh","2100",562.692558868816
"03100201_40000000_FORKED_CREEK",1200,2493852,"FORKED CREEK","03100201","40000000","STREAM","tbcmp_PD_HA_IntHigh_2100","PD","HA","IntHigh","2100",2464.97699447045
"03100201_40000000_FORKED_CREEK",1800,36250,"FORKED CREEK","03100201","40000000","STREAM","tbcmp_PD_HA_IntHigh_2100","PD","HA","IntHigh","2100",35.830280245
"03100201_40000000_FORKED_CREEK",1820,214295,"FORKED CREEK","03100201","40000000","STREAM","tbcmp_PD_HA_IntHigh_2100","PD","HA","IntHigh","2100",211.81379048558
"03100201_40000000_FORKED_CREEK",1900,487220,"FORKED CREEK","03100201","40000000","STREAM","tbcmp_PD_HA_IntHigh_2100","PD","HA","IntHigh","2100",481.57873492328
"03100201_40000000_FORKED_CREEK",2100,493116,"FORKED CREEK","03100201","40000000","STREAM","tbcmp_PD_HA_IntHigh_2100","PD","HA","IntHigh","2100",487.406468228784
"03100201_40000000_FORKED_CREEK",3200,518127,"FORKED CREEK","03100201","40000000","STREAM","tbcmp_PD_HA_IntHigh_2100","PD","HA","IntHigh","2100",512.127878965548
"03100201_40000000_FORKED_CREEK",4100,862046,"FORKED CREEK","03100201","40000000","STREAM","tbcmp_PD_HA_IntHigh_2100","PD","HA","IntHigh","2100",852.064821078104
"03100201_40000000_FORKED_CREEK",5200,468757,"FORKED CREEK","03100201","40000000","STREAM","tbcmp_PD_HA_IntHigh_2100","PD","HA","IntHigh","2100",463.329508325668
"03100201_40000000_FORKED_CREEK",5400,171471,"FORKED CREEK","03100201","40000000","STREAM","tbcmp_PD_HA_IntHigh_2100","PD","HA","IntHigh","2100",169.485627141804
"03100201_40000000_FORKED_CREEK",6110,288723,"FORKED CREEK","03100201","40000000","STREAM","tbcmp_PD_HA_IntHigh_2100","PD","HA","IntHigh","2100",285.380027673852
"03100201_40000000_FORKED_CREEK",6120,6494,"FORKED CREEK","03100201","40000000","STREAM","tbcmp_PD_HA_IntHigh_2100","PD","HA","IntHigh","2100",6.418809376856
"03100201_40000000_FORKED_CREEK",6410,813601,"FORKED CREEK","03100201","40000000","STREAM","tbcmp_PD_HA_IntHigh_2100","PD","HA","IntHigh","2100",804.180740347924
"03100201_40000000_FORKED_CREEK",6420,1819,"FORKED CREEK","03100201","40000000","STREAM","tbcmp_PD_HA_IntHigh_2100","PD","HA","IntHigh","2100",1.797938752156
"03100201_40000000_FORKED_CREEK",6600,15126,"FORKED CREEK","03100201","40000000","STREAM","tbcmp_PD_HA_IntHigh_2100","PD","HA","IntHigh","2100",14.950863972024
"03100201_40000000_FORKED_CREEK",9113,13737,"FORKED CREEK","03100201","40000000","STREAM","tbcmp_PD_HA_IntHigh_2100","PD","HA","IntHigh","2100",13.577946475188
"03100201_50000000_ALLIGATOR_CREEK",1200,4274681,"ALLIGATOR CREEK","03100201","50000000","STREAM","tbcmp_PD_HA_IntHigh_2100","PD","HA","IntHigh","2100",4225.18670863384
"03100201_50000000_ALLIGATOR_CREEK",1800,22113,"ALLIGATOR CREEK","03100201","50000000","STREAM","tbcmp_PD_HA_IntHigh_2100","PD","HA","IntHigh","2100",21.856965160212
"03100201_50000000_ALLIGATOR_CREEK",1820,182124,"ALLIGATOR CREEK","03100201","50000000","STREAM","tbcmp_PD_HA_IntHigh_2100","PD","HA","IntHigh","2100",180.015281636976
"03100201_50000000_ALLIGATOR_CREEK",1900,79040,"ALLIGATOR CREEK","03100201","50000000","STREAM","tbcmp_PD_HA_IntHigh_2100","PD","HA","IntHigh","2100",78.12483725696
"03100201_50000000_ALLIGATOR_CREEK",3200,136520,"ALLIGATOR CREEK","03100201","50000000","STREAM","tbcmp_PD_HA_IntHigh_2100","PD","HA","IntHigh","2100",134.93930645648
"03100201_50000000_ALLIGATOR_CREEK",4100,150403,"ALLIGATOR CREEK","03100201","50000000","STREAM","tbcmp_PD_HA_IntHigh_2100","PD","HA","IntHigh","2100",148.661562474172
"03100201_50000000_ALLIGATOR_CREEK",5200,381131,"ALLIGATOR CREEK","03100201","50000000","STREAM","tbcmp_PD_HA_IntHigh_2100","PD","HA","IntHigh","2100",376.718083863644
"03100201_50000000_ALLIGATOR_CREEK",5400,69735,"ALLIGATOR CREEK","03100201","50000000","STREAM","tbcmp_PD_HA_IntHigh_2100","PD","HA","IntHigh","2100",68.92757497614
"03100201_50000000_ALLIGATOR_CREEK",6110,157226,"ALLIGATOR CREEK","03100201","50000000","STREAM","tbcmp_PD_HA_IntHigh_2100","PD","HA","IntHigh","2100",155.405562532424
"03100201_50000000_ALLIGATOR_CREEK",6120,72933,"ALLIGATOR CREEK","03100201","50000000","STREAM","tbcmp_PD_HA_IntHigh_2100","PD","HA","IntHigh","2100",72.088547009892
"03100201_50000000_ALLIGATOR_CREEK",6410,167486,"ALLIGATOR CREEK","03100201","50000000","STREAM","tbcmp_PD_HA_IntHigh_2100","PD","HA","IntHigh","2100",165.546767368664
"03100201_50000000_ALLIGATOR_CREEK",6420,11418,"ALLIGATOR CREEK","03100201","50000000","STREAM","tbcmp_PD_HA_IntHigh_2100","PD","HA","IntHigh","2100",11.285796961032
"03100201_50000000_ALLIGATOR_CREEK",6600,40469,"ALLIGATOR CREEK","03100201","50000000","STREAM","tbcmp_PD_HA_IntHigh_2100","PD","HA","IntHigh","2100",40.000430654756
"03100201_50000000_ALLIGATOR_CREEK",9113,84500,"ALLIGATOR CREEK","03100201","50000000","STREAM","tbcmp_PD_HA_IntHigh_2100","PD","HA","IntHigh","2100",83.521618778
"03100201_54000000_HATCHETT_CREEK",1100,136999,"HATCHETT CREEK","03100201","54000000","STREAM","tbcmp_PD_HA_IntHigh_2100","PD","HA","IntHigh","2100",135.412760366476
"03100201_54000000_HATCHETT_CREEK",1200,2501166,"HATCHETT CREEK","03100201","54000000","STREAM","tbcmp_PD_HA_IntHigh_2100","PD","HA","IntHigh","2100",2472.20630949698
"03100201_54000000_HATCHETT_CREEK",1800,151360,"HATCHETT CREEK","03100201","54000000","STREAM","tbcmp_PD_HA_IntHigh_2100","PD","HA","IntHigh","2100",149.60748187264
"03100201_54000000_HATCHETT_CREEK",1820,295747,"HATCHETT CREEK","03100201","54000000","STREAM","tbcmp_PD_HA_IntHigh_2100","PD","HA","IntHigh","2100",292.322700458428
"03100201_54000000_HATCHETT_CREEK",1900,46679,"HATCHETT CREEK","03100201","54000000","STREAM","tbcmp_PD_HA_IntHigh_2100","PD","HA","IntHigh","2100",46.138528318796
"03100201_54000000_HATCHETT_CREEK",2100,6204,"HATCHETT CREEK","03100201","54000000","STREAM","tbcmp_PD_HA_IntHigh_2100","PD","HA","IntHigh","2100",6.132167134896
"03100201_54000000_HATCHETT_CREEK",3200,11119,"HATCHETT CREEK","03100201","54000000","STREAM","tbcmp_PD_HA_IntHigh_2100","PD","HA","IntHigh","2100",10.990258925356
"03100201_54000000_HATCHETT_CREEK",4100,208965,"HATCHETT CREEK","03100201","54000000","STREAM","tbcmp_PD_HA_IntHigh_2100","PD","HA","IntHigh","2100",206.54550376266
"03100201_54000000_HATCHETT_CREEK",5200,258413,"HATCHETT CREEK","03100201","54000000","STREAM","tbcmp_PD_HA_IntHigh_2100","PD","HA","IntHigh","2100",255.420971281412
"03100201_54000000_HATCHETT_CREEK",5400,31206,"HATCHETT CREEK","03100201","54000000","STREAM","tbcmp_PD_HA_IntHigh_2100","PD","HA","IntHigh","2100",30.844682077944
"03100201_54000000_HATCHETT_CREEK",6110,142833,"HATCHETT CREEK","03100201","54000000","STREAM","tbcmp_PD_HA_IntHigh_2100","PD","HA","IntHigh","2100",141.179211537492
"03100201_54000000_HATCHETT_CREEK",6120,4541,"HATCHETT CREEK","03100201","54000000","STREAM","tbcmp_PD_HA_IntHigh_2100","PD","HA","IntHigh","2100",4.488422140484
"03100201_54000000_HATCHETT_CREEK",6410,208443,"HATCHETT CREEK","03100201","54000000","STREAM","tbcmp_PD_HA_IntHigh_2100","PD","HA","IntHigh","2100",206.029547727132
"03100201_54000000_HATCHETT_CREEK",6420,879,"HATCHETT CREEK","03100201","54000000","STREAM","tbcmp_PD_HA_IntHigh_2100","PD","HA","IntHigh","2100",0.868822519596
"03100201_54000000_HATCHETT_CREEK",6600,6568,"HATCHETT CREEK","03100201","54000000","STREAM","tbcmp_PD_HA_IntHigh_2100","PD","HA","IntHigh","2100",6.491952569632
"03100201_54000000_HATCHETT_CREEK",9113,6881,"HATCHETT CREEK","03100201","54000000","STREAM","tbcmp_PD_HA_IntHigh_2100","PD","HA","IntHigh","2100",6.801328506644
"03100201_58000000_CURRY_CREEK",1100,835170,"CURRY CREEK","03100201","58000000","CANAL","tbcmp_PD_HA_IntHigh_2100","PD","HA","IntHigh","2100",825.50000419908
"03100201_58000000_CURRY_CREEK",1200,2045639,"CURRY CREEK","03100201","58000000","CANAL","tbcmp_PD_HA_IntHigh_2100","PD","HA","IntHigh","2100",2021.95361793384
"03100201_58000000_CURRY_CREEK",1800,129470,"CURRY CREEK","03100201","58000000","CANAL","tbcmp_PD_HA_IntHigh_2100","PD","HA","IntHigh","2100",127.97093471228
"03100201_58000000_CURRY_CREEK",1820,254103,"CURRY CREEK","03100201","58000000","CANAL","tbcmp_PD_HA_IntHigh_2100","PD","HA","IntHigh","2100",251.160874512972
"03100201_58000000_CURRY_CREEK",1900,311814,"CURRY CREEK","03100201","58000000","CANAL","tbcmp_PD_HA_IntHigh_2100","PD","HA","IntHigh","2100",308.203669084536
"03100201_58000000_CURRY_CREEK",2100,67066,"CURRY CREEK","03100201","58000000","CANAL","tbcmp_PD_HA_IntHigh_2100","PD","HA","IntHigh","2100",66.289477928584
"03100201_58000000_CURRY_CREEK",2400,6515,"CURRY CREEK","03100201","58000000","CANAL","tbcmp_PD_HA_IntHigh_2100","PD","HA","IntHigh","2100",6.43956622886
"03100201_58000000_CURRY_CREEK",3200,38950,"CURRY CREEK","03100201","58000000","CANAL","tbcmp_PD_HA_IntHigh_2100","PD","HA","IntHigh","2100",38.4990183598
"03100201_58000000_CURRY_CREEK",4100,265613,"CURRY CREEK","03100201","58000000","CANAL","tbcmp_PD_HA_IntHigh_2100","PD","HA","IntHigh","2100",262.537606254212
"03100201_58000000_CURRY_CREEK",5200,307330,"CURRY CREEK","03100201","58000000","CANAL","tbcmp_PD_HA_IntHigh_2100","PD","HA","IntHigh","2100",303.77158697092
"03100201_58000000_CURRY_CREEK",5400,130532,"CURRY CREEK","03100201","58000000","CANAL","tbcmp_PD_HA_IntHigh_2100","PD","HA","IntHigh","2100",129.020638370768
"03100201_58000000_CURRY_CREEK",6110,26897,"CURRY CREEK","03100201","58000000","CANAL","tbcmp_PD_HA_IntHigh_2100","PD","HA","IntHigh","2100",26.585573731028
"03100201_58000000_CURRY_CREEK",6120,1598,"CURRY CREEK","03100201","58000000","CANAL","tbcmp_PD_HA_IntHigh_2100","PD","HA","IntHigh","2100",1.579497595352
"03100201_58000000_CURRY_CREEK",6410,223126,"CURRY CREEK","03100201","58000000","CANAL","tbcmp_PD_HA_IntHigh_2100","PD","HA","IntHigh","2100",220.542540964024
"03100201_58000000_CURRY_CREEK",6420,7027,"CURRY CREEK","03100201","58000000","CANAL","tbcmp_PD_HA_IntHigh_2100","PD","HA","IntHigh","2100",6.945638049148
"03100201_58000000_CURRY_CREEK",6425,24696,"CURRY CREEK","03100201","58000000","CANAL","tbcmp_PD_HA_IntHigh_2100","PD","HA","IntHigh","2100",24.410057956704
"03100201_58000000_CURRY_CREEK",6510,10732,"CURRY CREEK","03100201","58000000","CANAL","tbcmp_PD_HA_IntHigh_2100","PD","HA","IntHigh","2100",10.607739795568
"03100201_58000000_CURRY_CREEK",6600,28465,"CURRY CREEK","03100201","58000000","CANAL","tbcmp_PD_HA_IntHigh_2100","PD","HA","IntHigh","2100",28.13541868066
"03100201_58000000_CURRY_CREEK",9113,101280,"CURRY CREEK","03100201","58000000","CANAL","tbcmp_PD_HA_IntHigh_2100","PD","HA","IntHigh","2100",100.10733195072
"03100201_58500000_BLACKBURN_CANAL",1100,256066,"BLACKBURN CANAL","03100201","58500000","CANAL","tbcmp_PD_HA_IntHigh_2100","PD","HA","IntHigh","2100",253.101145964584
"03100201_58500000_BLACKBURN_CANAL",1200,684958,"BLACKBURN CANAL","03100201","58500000","CANAL","tbcmp_PD_HA_IntHigh_2100","PD","HA","IntHigh","2100",677.027230235992
"03100201_58500000_BLACKBURN_CANAL",1800,8846,"BLACKBURN CANAL","03100201","58500000","CANAL","tbcmp_PD_HA_IntHigh_2100","PD","HA","IntHigh","2100",8.743576801304
"03100201_58500000_BLACKBURN_CANAL",1820,16114,"BLACKBURN CANAL","03100201","58500000","CANAL","tbcmp_PD_HA_IntHigh_2100","PD","HA","IntHigh","2100",15.927424437736
"03100201_58500000_BLACKBURN_CANAL",1900,77119,"BLACKBURN CANAL","03100201","58500000","CANAL","tbcmp_PD_HA_IntHigh_2100","PD","HA","IntHigh","2100",76.226079509356
"03100201_58500000_BLACKBURN_CANAL",2100,37283,"BLACKBURN CANAL","03100201","58500000","CANAL","tbcmp_PD_HA_IntHigh_2100","PD","HA","IntHigh","2100",36.851319679292
"03100201_58500000_BLACKBURN_CANAL",2400,13598,"BLACKBURN CANAL","03100201","58500000","CANAL","tbcmp_PD_HA_IntHigh_2100","PD","HA","IntHigh","2100",13.440555883352
"03100201_58500000_BLACKBURN_CANAL",3200,52282,"BLACKBURN CANAL","03100201","58500000","CANAL","tbcmp_PD_HA_IntHigh_2100","PD","HA","IntHigh","2100",51.676654117768
"03100201_58500000_BLACKBURN_CANAL",4100,56709,"BLACKBURN CANAL","03100201","58500000","CANAL","tbcmp_PD_HA_IntHigh_2100","PD","HA","IntHigh","2100",56.052396204516
"03100201_58500000_BLACKBURN_CANAL",5200,98824,"BLACKBURN CANAL","03100201","58500000","CANAL","tbcmp_PD_HA_IntHigh_2100","PD","HA","IntHigh","2100",97.679768687776
"03100201_58500000_BLACKBURN_CANAL",5400,9620,"BLACKBURN CANAL","03100201","58500000","CANAL","tbcmp_PD_HA_IntHigh_2100","PD","HA","IntHigh","2100",9.50861506088
"03100201_58500000_BLACKBURN_CANAL",6110,18105,"BLACKBURN CANAL","03100201","58500000","CANAL","tbcmp_PD_HA_IntHigh_2100","PD","HA","IntHigh","2100",17.89537169202
"03100201_58500000_BLACKBURN_CANAL",6120,5385,"BLACKBURN CANAL","03100201","58500000","CANAL","tbcmp_PD_HA_IntHigh_2100","PD","HA","IntHigh","2100",5.32264990674
"03100201_58500000_BLACKBURN_CANAL",6410,21140,"BLACKBURN CANAL","03100201","58500000","CANAL","tbcmp_PD_HA_IntHigh_2100","PD","HA","IntHigh","2100",20.89523101736
"03100201_58500000_BLACKBURN_CANAL",6420,2198,"BLACKBURN CANAL","03100201","58500000","CANAL","tbcmp_PD_HA_IntHigh_2100","PD","HA","IntHigh","2100",2.172550509752
"03100201_58500000_BLACKBURN_CANAL",6425,157,"BLACKBURN CANAL","03100201","58500000","CANAL","tbcmp_PD_HA_IntHigh_2100","PD","HA","IntHigh","2100",0.155182179268
"03100201_58500000_BLACKBURN_CANAL",6510,51,"BLACKBURN CANAL","03100201","58500000","CANAL","tbcmp_PD_HA_IntHigh_2100","PD","HA","IntHigh","2100",0.050409497724
"03100201_58500000_BLACKBURN_CANAL",6600,8015,"BLACKBURN CANAL","03100201","58500000","CANAL","tbcmp_PD_HA_IntHigh_2100","PD","HA","IntHigh","2100",7.92219851486
"03100201_58500000_BLACKBURN_CANAL",9113,7352,"BLACKBURN CANAL","03100201","58500000","CANAL","tbcmp_PD_HA_IntHigh_2100","PD","HA","IntHigh","2100",7.266875044448
"03100201_60500000_COW_PEN_SLOUGH",1100,6415672,"COW PEN SLOUGH","03100201","60500000","CANAL","tbcmp_PD_HA_IntHigh_2100","PD","HA","IntHigh","2100",6341.38829572413
"03100201_60500000_COW_PEN_SLOUGH",1200,3573890,"COW PEN SLOUGH","03100201","60500000","CANAL","tbcmp_PD_HA_IntHigh_2100","PD","HA","IntHigh","2100",3532.50980040836
"03100201_60500000_COW_PEN_SLOUGH",1800,74040,"COW PEN SLOUGH","03100201","60500000","CANAL","tbcmp_PD_HA_IntHigh_2100","PD","HA","IntHigh","2100",73.18272963696
"03100201_60500000_COW_PEN_SLOUGH",1820,506492,"COW PEN SLOUGH","03100201","60500000","CANAL","tbcmp_PD_HA_IntHigh_2100","PD","HA","IntHigh","2100",500.627594533808
"03100201_60500000_COW_PEN_SLOUGH",1900,1897351,"COW PEN SLOUGH","03100201","60500000","CANAL","tbcmp_PD_HA_IntHigh_2100","PD","HA","IntHigh","2100",1875.38256698292
"03100201_60500000_COW_PEN_SLOUGH",2100,8230028,"COW PEN SLOUGH","03100201","60500000","CANAL","tbcmp_PD_HA_IntHigh_2100","PD","HA","IntHigh","2100",8134.73681832267
"03100201_60500000_COW_PEN_SLOUGH",2200,317892,"COW PEN SLOUGH","03100201","60500000","CANAL","tbcmp_PD_HA_IntHigh_2100","PD","HA","IntHigh","2100",314.211295107408
"03100201_60500000_COW_PEN_SLOUGH",2400,199619,"COW PEN SLOUGH","03100201","60500000","CANAL","tbcmp_PD_HA_IntHigh_2100","PD","HA","IntHigh","2100",197.307716199356
"03100201_60500000_COW_PEN_SLOUGH",3200,1352148,"COW PEN SLOUGH","03100201","60500000","CANAL","tbcmp_PD_HA_IntHigh_2100","PD","HA","IntHigh","2100",1336.49218683355
"03100201_60500000_COW_PEN_SLOUGH",4100,4435825,"COW PEN SLOUGH","03100201","60500000","CANAL","tbcmp_PD_HA_IntHigh_2100","PD","HA","IntHigh","2100",4384.4649066973
"03100201_60500000_COW_PEN_SLOUGH",4400,57129,"COW PEN SLOUGH","03100201","60500000","CANAL","tbcmp_PD_HA_IntHigh_2100","PD","HA","IntHigh","2100",56.467533244596
"03100201_60500000_COW_PEN_SLOUGH",5200,1449763,"COW PEN SLOUGH","03100201","60500000","CANAL","tbcmp_PD_HA_IntHigh_2100","PD","HA","IntHigh","2100",1432.97695389881
"03100201_60500000_COW_PEN_SLOUGH",5400,69401,"COW PEN SLOUGH","03100201","60500000","CANAL","tbcmp_PD_HA_IntHigh_2100","PD","HA","IntHigh","2100",68.597442187124
"03100201_60500000_COW_PEN_SLOUGH",6110,2674490,"COW PEN SLOUGH","03100201","60500000","CANAL","tbcmp_PD_HA_IntHigh_2100","PD","HA","IntHigh","2100",2643.52348172276
"03100201_60500000_COW_PEN_SLOUGH",6120,147,"COW PEN SLOUGH","03100201","60500000","CANAL","tbcmp_PD_HA_IntHigh_2100","PD","HA","IntHigh","2100",0.145297964028
"03100201_60500000_COW_PEN_SLOUGH",6410,4468885,"COW PEN SLOUGH","03100201","60500000","CANAL","tbcmp_PD_HA_IntHigh_2100","PD","HA","IntHigh","2100",4417.14212228074
"03100201_60500000_COW_PEN_SLOUGH",6420,2755,"COW PEN SLOUGH","03100201","60500000","CANAL","tbcmp_PD_HA_IntHigh_2100","PD","HA","IntHigh","2100",2.72310129862
"03100201_60500000_COW_PEN_SLOUGH",6425,9908,"COW PEN SLOUGH","03100201","60500000","CANAL","tbcmp_PD_HA_IntHigh_2100","PD","HA","IntHigh","2100",9.793280459792
"03100201_60500000_COW_PEN_SLOUGH",6510,3376,"COW PEN SLOUGH","03100201","60500000","CANAL","tbcmp_PD_HA_IntHigh_2100","PD","HA","IntHigh","2100",3.336911065024
"03100201_60500000_COW_PEN_SLOUGH",6600,8863,"COW PEN SLOUGH","03100201","60500000","CANAL","tbcmp_PD_HA_IntHigh_2100","PD","HA","IntHigh","2100",8.760379967212
"03100201_60500000_COW_PEN_SLOUGH",9113,50856,"COW PEN SLOUGH","03100201","60500000","CANAL","tbcmp_PD_HA_IntHigh_2100","PD","HA","IntHigh","2100",50.267165024544
"03100201_60507000_UNNAMED_DRAIN",1100,8692,"UNNAMED DRAIN","03100201","60507000","DRAIN","tbcmp_PD_HA_IntHigh_2100","PD","HA","IntHigh","2100",8.591359886608
"03100201_60507000_UNNAMED_DRAIN",1200,423448,"UNNAMED DRAIN","03100201","60507000","DRAIN","tbcmp_PD_HA_IntHigh_2100","PD","HA","IntHigh","2100",418.545117494752
"03100201_60507000_UNNAMED_DRAIN",1900,146600,"UNNAMED DRAIN","03100201","60507000","DRAIN","tbcmp_PD_HA_IntHigh_2100","PD","HA","IntHigh","2100",144.9025954184
"03100201_60507000_UNNAMED_DRAIN",2100,1017872,"UNNAMED DRAIN","03100201","60507000","DRAIN","tbcmp_PD_HA_IntHigh_2100","PD","HA","IntHigh","2100",1006.08659347693
"03100201_60507000_UNNAMED_DRAIN",2200,127307,"UNNAMED DRAIN","03100201","60507000","DRAIN","tbcmp_PD_HA_IntHigh_2100","PD","HA","IntHigh","2100",125.832978955868
"03100201_60507000_UNNAMED_DRAIN",3200,102995,"UNNAMED DRAIN","03100201","60507000","DRAIN","tbcmp_PD_HA_IntHigh_2100","PD","HA","IntHigh","2100",101.80247486438
"03100201_60507000_UNNAMED_DRAIN",4100,651246,"UNNAMED DRAIN","03100201","60507000","DRAIN","tbcmp_PD_HA_IntHigh_2100","PD","HA","IntHigh","2100",643.705563818904
"03100201_60507000_UNNAMED_DRAIN",5200,79444,"UNNAMED DRAIN","03100201","60507000","DRAIN","tbcmp_PD_HA_IntHigh_2100","PD","HA","IntHigh","2100",78.524159552656
"03100201_60507000_UNNAMED_DRAIN",6110,325894,"UNNAMED DRAIN","03100201","60507000","DRAIN","tbcmp_PD_HA_IntHigh_2100","PD","HA","IntHigh","2100",322.120644142456
"03100201_60507000_UNNAMED_DRAIN",6410,835422,"UNNAMED DRAIN","03100201","60507000","DRAIN","tbcmp_PD_HA_IntHigh_2100","PD","HA","IntHigh","2100",825.749086423128
"03100201_60508500_SALT_CREEK",1100,193790,"SALT CREEK","03100201","60508500","STREAM","tbcmp_PD_HA_IntHigh_2100","PD","HA","IntHigh","2100",191.54620713596
"03100201_60508500_SALT_CREEK",1200,800982,"SALT CREEK","03100201","60508500","STREAM","tbcmp_PD_HA_IntHigh_2100","PD","HA","IntHigh","2100",791.707849136568
"03100201_60508500_SALT_CREEK",1800,53171,"SALT CREEK","03100201","60508500","STREAM","tbcmp_PD_HA_IntHigh_2100","PD","HA","IntHigh","2100",52.555360852604
"03100201_60508500_SALT_CREEK",1900,217402,"SALT CREEK","03100201","60508500","STREAM","tbcmp_PD_HA_IntHigh_2100","PD","HA","IntHigh","2100",214.884816160648
"03100201_60508500_SALT_CREEK",2100,149854,"SALT CREEK","03100201","60508500","STREAM","tbcmp_PD_HA_IntHigh_2100","PD","HA","IntHigh","2100",148.118919057496
"03100201_60508500_SALT_CREEK",2200,54071,"SALT CREEK","03100201","60508500","STREAM","tbcmp_PD_HA_IntHigh_2100","PD","HA","IntHigh","2100",53.444940224204
"03100201_60508500_SALT_CREEK",3200,142084,"SALT CREEK","03100201","60508500","STREAM","tbcmp_PD_HA_IntHigh_2100","PD","HA","IntHigh","2100",140.438883816016
"03100201_60508500_SALT_CREEK",4100,1472299,"SALT CREEK","03100201","60508500","STREAM","tbcmp_PD_HA_IntHigh_2100","PD","HA","IntHigh","2100",1455.25202136368
"03100201_60508500_SALT_CREEK",5200,272802,"SALT CREEK","03100201","60508500","STREAM","tbcmp_PD_HA_IntHigh_2100","PD","HA","IntHigh","2100",269.643368590248
"03100201_60508500_SALT_CREEK",5400,22373,"SALT CREEK","03100201","60508500","STREAM","tbcmp_PD_HA_IntHigh_2100","PD","HA","IntHigh","2100",22.113954756452
"03100201_60508500_SALT_CREEK",6110,168438,"SALT CREEK","03100201","60508500","STREAM","tbcmp_PD_HA_IntHigh_2100","PD","HA","IntHigh","2100",166.487744659512
"03100201_60508500_SALT_CREEK",6120,3955,"SALT CREEK","03100201","60508500","STREAM","tbcmp_PD_HA_IntHigh_2100","PD","HA","IntHigh","2100",3.90920712742
"03100201_60508500_SALT_CREEK",6410,536566,"SALT CREEK","03100201","60508500","STREAM","tbcmp_PD_HA_IntHigh_2100","PD","HA","IntHigh","2100",530.353383446584
"03100201_60508500_SALT_CREEK",6420,2152,"SALT CREEK","03100201","60508500","STREAM","tbcmp_PD_HA_IntHigh_2100","PD","HA","IntHigh","2100",2.127083119648
"03100201_60508500_SALT_CREEK",6425,2954,"SALT CREEK","03100201","60508500","STREAM","tbcmp_PD_HA_IntHigh_2100","PD","HA","IntHigh","2100",2.919797181896
"03100201_60508500_SALT_CREEK",6510,1639,"SALT CREEK","03100201","60508500","STREAM","tbcmp_PD_HA_IntHigh_2100","PD","HA","IntHigh","2100",1.620022877836
"03100201_60508500_SALT_CREEK",6600,7138,"SALT CREEK","03100201","60508500","STREAM","tbcmp_PD_HA_IntHigh_2100","PD","HA","IntHigh","2100",7.055352838312
"03100201_60508500_SALT_CREEK",9113,17406,"SALT CREEK","03100201","60508500","STREAM","tbcmp_PD_HA_IntHigh_2100","PD","HA","IntHigh","2100",17.204465046744
"03100201_60509000_FOX_CREEK",1100,215658,"FOX CREEK","03100201","60509000","STREAM","tbcmp_PD_HA_IntHigh_2100","PD","HA","IntHigh","2100",213.161009022792
"03100201_60509000_FOX_CREEK",1200,945520,"FOX CREEK","03100201","60509000","STREAM","tbcmp_PD_HA_IntHigh_2100","PD","HA","IntHigh","2100",934.57231937248
"03100201_60509000_FOX_CREEK",1800,31261,"FOX CREEK","03100201","60509000","STREAM","tbcmp_PD_HA_IntHigh_2100","PD","HA","IntHigh","2100",30.899045261764
"03100201_60509000_FOX_CREEK",1820,271585,"FOX CREEK","03100201","60509000","STREAM","tbcmp_PD_HA_IntHigh_2100","PD","HA","IntHigh","2100",268.44045959554
"03100201_60509000_FOX_CREEK",1900,290517,"FOX CREEK","03100201","60509000","STREAM","tbcmp_PD_HA_IntHigh_2100","PD","HA","IntHigh","2100",287.153255887908
"03100201_60509000_FOX_CREEK",2100,709278,"FOX CREEK","03100201","60509000","STREAM","tbcmp_PD_HA_IntHigh_2100","PD","HA","IntHigh","2100",701.065641699672
"03100201_60509000_FOX_CREEK",3200,105925,"FOX CREEK","03100201","60509000","STREAM","tbcmp_PD_HA_IntHigh_2100","PD","HA","IntHigh","2100",104.6985499297
"03100201_60509000_FOX_CREEK",4100,201986,"FOX CREEK","03100201","60509000","STREAM","tbcmp_PD_HA_IntHigh_2100","PD","HA","IntHigh","2100",199.647309946664
"03100201_60509000_FOX_CREEK",5200,162019,"FOX CREEK","03100201","60509000","STREAM","tbcmp_PD_HA_IntHigh_2100","PD","HA","IntHigh","2100",160.143066896956
"03100201_60509000_FOX_CREEK",5400,21612,"FOX CREEK","03100201","60509000","STREAM","tbcmp_PD_HA_IntHigh_2100","PD","HA","IntHigh","2100",21.361765976688
"03100201_60509000_FOX_CREEK",6110,113338,"FOX CREEK","03100201","60509000","STREAM","tbcmp_PD_HA_IntHigh_2100","PD","HA","IntHigh","2100",112.025718687112
"03100201_60509000_FOX_CREEK",6120,5275,"FOX CREEK","03100201","60509000","STREAM","tbcmp_PD_HA_IntHigh_2100","PD","HA","IntHigh","2100",5.2139235391
"03100201_60509000_FOX_CREEK",6410,393879,"FOX CREEK","03100201","60509000","STREAM","tbcmp_PD_HA_IntHigh_2100","PD","HA","IntHigh","2100",389.318481451596
"03100201_60509000_FOX_CREEK",6420,2952,"FOX CREEK","03100201","60509000","STREAM","tbcmp_PD_HA_IntHigh_2100","PD","HA","IntHigh","2100",2.917820338848
"03100201_60509000_FOX_CREEK",6425,6684,"FOX CREEK","03100201","60509000","STREAM","tbcmp_PD_HA_IntHigh_2100","PD","HA","IntHigh","2100",6.606609466416
"03100201_60509000_FOX_CREEK",6510,3410,"FOX CREEK","03100201","60509000","STREAM","tbcmp_PD_HA_IntHigh_2100","PD","HA","IntHigh","2100",3.37051739684
"03100201_60509000_FOX_CREEK",6600,8284,"FOX CREEK","03100201","60509000","STREAM","tbcmp_PD_HA_IntHigh_2100","PD","HA","IntHigh","2100",8.188083904816
"03100201_60509000_FOX_CREEK",9113,24207,"FOX CREEK","03100201","60509000","STREAM","tbcmp_PD_HA_IntHigh_2100","PD","HA","IntHigh","2100",23.926719831468
"03100201_70000000_SOUTH_CREEK",1100,259728,"SOUTH CREEK","03100201","70000000","STREAM","tbcmp_PD_HA_IntHigh_2100","PD","HA","IntHigh","2100",256.720745585472
"03100201_70000000_SOUTH_CREEK",1200,3637596,"SOUTH CREEK","03100201","70000000","STREAM","tbcmp_PD_HA_IntHigh_2100","PD","HA","IntHigh","2100",3595.4781820163
"03100201_70000000_SOUTH_CREEK",1800,94908,"SOUTH CREEK","03100201","70000000","STREAM","tbcmp_PD_HA_IntHigh_2100","PD","HA","IntHigh","2100",93.809109999792
"03100201_70000000_SOUTH_CREEK",1820,138740,"SOUTH CREEK","03100201","70000000","STREAM","tbcmp_PD_HA_IntHigh_2100","PD","HA","IntHigh","2100",137.13360223976
"03100201_70000000_SOUTH_CREEK",1900,328714,"SOUTH CREEK","03100201","70000000","STREAM","tbcmp_PD_HA_IntHigh_2100","PD","HA","IntHigh","2100",324.907992840136
"03100201_70000000_SOUTH_CREEK",2100,165842,"SOUTH CREEK","03100201","70000000","STREAM","tbcmp_PD_HA_IntHigh_2100","PD","HA","IntHigh","2100",163.921802383208
"03100201_70000000_SOUTH_CREEK",2400,6580,"SOUTH CREEK","03100201","70000000","STREAM","tbcmp_PD_HA_IntHigh_2100","PD","HA","IntHigh","2100",6.50381362792
"03100201_70000000_SOUTH_CREEK",3200,269616,"SOUTH CREEK","03100201","70000000","STREAM","tbcmp_PD_HA_IntHigh_2100","PD","HA","IntHigh","2100",266.494257614784
"03100201_70000000_SOUTH_CREEK",4100,1546235,"SOUTH CREEK","03100201","70000000","STREAM","tbcmp_PD_HA_IntHigh_2100","PD","HA","IntHigh","2100",1528.33195516214
"03100201_70000000_SOUTH_CREEK",5200,794603,"SOUTH CREEK","03100201","70000000","STREAM","tbcmp_PD_HA_IntHigh_2100","PD","HA","IntHigh","2100",785.402708234972
"03100201_70000000_SOUTH_CREEK",5400,68520,"SOUTH CREEK","03100201","70000000","STREAM","tbcmp_PD_HA_IntHigh_2100","PD","HA","IntHigh","2100",67.72664282448
"03100201_70000000_SOUTH_CREEK",6110,282887,"SOUTH CREEK","03100201","70000000","STREAM","tbcmp_PD_HA_IntHigh_2100","PD","HA","IntHigh","2100",279.611599659788
"03100201_70000000_SOUTH_CREEK",6120,8453,"SOUTH CREEK","03100201","70000000","STREAM","tbcmp_PD_HA_IntHigh_2100","PD","HA","IntHigh","2100",8.355127142372
"03100201_70000000_SOUTH_CREEK",6410,787307,"SOUTH CREEK","03100201","70000000","STREAM","tbcmp_PD_HA_IntHigh_2100","PD","HA","IntHigh","2100",778.191184795868
"03100201_70000000_SOUTH_CREEK",6420,5045,"SOUTH CREEK","03100201","70000000","STREAM","tbcmp_PD_HA_IntHigh_2100","PD","HA","IntHigh","2100",4.98658658858
"03100201_70000000_SOUTH_CREEK",6425,10657,"SOUTH CREEK","03100201","70000000","STREAM","tbcmp_PD_HA_IntHigh_2100","PD","HA","IntHigh","2100",10.533608181268
"03100201_70000000_SOUTH_CREEK",6510,5159,"SOUTH CREEK","03100201","70000000","STREAM","tbcmp_PD_HA_IntHigh_2100","PD","HA","IntHigh","2100",5.099266642316
"03100201_70000000_SOUTH_CREEK",6600,13690,"SOUTH CREEK","03100201","70000000","STREAM","tbcmp_PD_HA_IntHigh_2100","PD","HA","IntHigh","2100",13.53149066356
"03100201_70000000_SOUTH_CREEK",9113,36391,"SOUTH CREEK","03100201","70000000","STREAM","tbcmp_PD_HA_IntHigh_2100","PD","HA","IntHigh","2100",35.969647679884
"03100201_70500000_UNNAMED_CREEK",1100,65542,"UNNAMED CREEK","03100201","70500000","STREAM","tbcmp_PD_HA_IntHigh_2100","PD","HA","IntHigh","2100",64.783123526008
"03100201_70500000_UNNAMED_CREEK",1200,338919,"UNNAMED CREEK","03100201","70500000","STREAM","tbcmp_PD_HA_IntHigh_2100","PD","HA","IntHigh","2100",334.994834492556
"03100201_70500000_UNNAMED_CREEK",1800,35261,"UNNAMED CREEK","03100201","70500000","STREAM","tbcmp_PD_HA_IntHigh_2100","PD","HA","IntHigh","2100",34.852731357764
"03100201_70500000_UNNAMED_CREEK",1900,150417,"UNNAMED CREEK","03100201","70500000","STREAM","tbcmp_PD_HA_IntHigh_2100","PD","HA","IntHigh","2100",148.675400375508
"03100201_70500000_UNNAMED_CREEK",2100,2657769,"UNNAMED CREEK","03100201","70500000","STREAM","tbcmp_PD_HA_IntHigh_2100","PD","HA","IntHigh","2100",2626.99608541996
"03100201_70500000_UNNAMED_CREEK",2200,5334,"UNNAMED CREEK","03100201","70500000","STREAM","tbcmp_PD_HA_IntHigh_2100","PD","HA","IntHigh","2100",5.272240409016
"03100201_70500000_UNNAMED_CREEK",2400,268,"UNNAMED CREEK","03100201","70500000","STREAM","tbcmp_PD_HA_IntHigh_2100","PD","HA","IntHigh","2100",0.264896968432
"03100201_70500000_UNNAMED_CREEK",3200,210722,"UNNAMED CREEK","03100201","70500000","STREAM","tbcmp_PD_HA_IntHigh_2100","PD","HA","IntHigh","2100",208.282160380328
"03100201_70500000_UNNAMED_CREEK",4100,565049,"UNNAMED CREEK","03100201","70500000","STREAM","tbcmp_PD_HA_IntHigh_2100","PD","HA","IntHigh","2100",558.506593714676
"03100201_70500000_UNNAMED_CREEK",5200,115079,"UNNAMED CREEK","03100201","70500000","STREAM","tbcmp_PD_HA_IntHigh_2100","PD","HA","IntHigh","2100",113.746560560396
"03100201_70500000_UNNAMED_CREEK",6110,88384,"UNNAMED CREEK","03100201","70500000","STREAM","tbcmp_PD_HA_IntHigh_2100","PD","HA","IntHigh","2100",87.360647977216
"03100201_70500000_UNNAMED_CREEK",6410,1240226,"UNNAMED CREEK","03100201","70500000","STREAM","tbcmp_PD_HA_IntHigh_2100","PD","HA","IntHigh","2100",1225.86607302442
"03100201_78000000_CATFISH_CREEK",1100,87398,"CATFISH CREEK","03100201","78000000","STREAM","tbcmp_PD_HA_IntHigh_2100","PD","HA","IntHigh","2100",86.386064354552
"03100201_78000000_CATFISH_CREEK",1200,2207178,"CATFISH CREEK","03100201","78000000","STREAM","tbcmp_PD_HA_IntHigh_2100","PD","HA","IntHigh","2100",2181.62224249927
"03100201_78000000_CATFISH_CREEK",1800,56864,"CATFISH CREEK","03100201","78000000","STREAM","tbcmp_PD_HA_IntHigh_2100","PD","HA","IntHigh","2100",56.205601540736
"03100201_78000000_CATFISH_CREEK",1820,596599,"CATFISH CREEK","03100201","78000000","STREAM","tbcmp_PD_HA_IntHigh_2100","PD","HA","IntHigh","2100",589.691292796876
"03100201_78000000_CATFISH_CREEK",1900,22461,"CATFISH CREEK","03100201","78000000","STREAM","tbcmp_PD_HA_IntHigh_2100","PD","HA","IntHigh","2100",22.200935850564
"03100201_78000000_CATFISH_CREEK",2100,54745,"CATFISH CREEK","03100201","78000000","STREAM","tbcmp_PD_HA_IntHigh_2100","PD","HA","IntHigh","2100",54.11113633138
"03100201_78000000_CATFISH_CREEK",3200,2941,"CATFISH CREEK","03100201","78000000","STREAM","tbcmp_PD_HA_IntHigh_2100","PD","HA","IntHigh","2100",2.906947702084
"03100201_78000000_CATFISH_CREEK",4100,204561,"CATFISH CREEK","03100201","78000000","STREAM","tbcmp_PD_HA_IntHigh_2100","PD","HA","IntHigh","2100",202.192495370964
"03100201_78000000_CATFISH_CREEK",5200,379220,"CATFISH CREEK","03100201","78000000","STREAM","tbcmp_PD_HA_IntHigh_2100","PD","HA","IntHigh","2100",374.82921033128
"03100201_78000000_CATFISH_CREEK",5400,37969,"CATFISH CREEK","03100201","78000000","STREAM","tbcmp_PD_HA_IntHigh_2100","PD","HA","IntHigh","2100",37.529376844756
"03100201_78000000_CATFISH_CREEK",6110,134538,"CATFISH CREEK","03100201","78000000","STREAM","tbcmp_PD_HA_IntHigh_2100","PD","HA","IntHigh","2100",132.980254995912
"03100201_78000000_CATFISH_CREEK",6120,25789,"CATFISH CREEK","03100201","78000000","STREAM","tbcmp_PD_HA_IntHigh_2100","PD","HA","IntHigh","2100",25.490402682436
"03100201_78000000_CATFISH_CREEK",6410,275314,"CATFISH CREEK","03100201","78000000","STREAM","tbcmp_PD_HA_IntHigh_2100","PD","HA","IntHigh","2100",272.126283458536
"03100201_78000000_CATFISH_CREEK",6420,3144,"CATFISH CREEK","03100201","78000000","STREAM","tbcmp_PD_HA_IntHigh_2100","PD","HA","IntHigh","2100",3.107597271456
"03100201_78000000_CATFISH_CREEK",6600,7544,"CATFISH CREEK","03100201","78000000","STREAM","tbcmp_PD_HA_IntHigh_2100","PD","HA","IntHigh","2100",7.456651977056
"03100201_78000000_CATFISH_CREEK",9113,43957,"CATFISH CREEK","03100201","78000000","STREAM","tbcmp_PD_HA_IntHigh_2100","PD","HA","IntHigh","2100",43.448044930468
"03100201_84000000_ROBERTS_BAY",1100,47086,"ROBERTS BAY","03100201","84000000","BAY","tbcmp_PD_HA_IntHigh_2100","PD","HA","IntHigh","2100",46.540815879064
"03100201_84000000_ROBERTS_BAY",1200,1574212,"ROBERTS BAY","03100201","84000000","BAY","tbcmp_PD_HA_IntHigh_2100","PD","HA","IntHigh","2100",1555.98502413909
"03100201_84000000_ROBERTS_BAY",1800,27248,"ROBERTS BAY","03100201","84000000","BAY","tbcmp_PD_HA_IntHigh_2100","PD","HA","IntHigh","2100",26.932509685952
"03100201_84000000_ROBERTS_BAY",1900,7137,"ROBERTS BAY","03100201","84000000","BAY","tbcmp_PD_HA_IntHigh_2100","PD","HA","IntHigh","2100",7.054364416788
"03100201_84000000_ROBERTS_BAY",4100,4402,"ROBERTS BAY","03100201","84000000","BAY","tbcmp_PD_HA_IntHigh_2100","PD","HA","IntHigh","2100",4.351031548648
"03100201_84000000_ROBERTS_BAY",5200,10187,"ROBERTS BAY","03100201","84000000","BAY","tbcmp_PD_HA_IntHigh_2100","PD","HA","IntHigh","2100",10.069050064988
"03100201_84000000_ROBERTS_BAY",5400,941248,"ROBERTS BAY","03100201","84000000","BAY","tbcmp_PD_HA_IntHigh_2100","PD","HA","IntHigh","2100",930.349782621952
"03100201_84000000_ROBERTS_BAY",6120,17431,"ROBERTS BAY","03100201","84000000","BAY","tbcmp_PD_HA_IntHigh_2100","PD","HA","IntHigh","2100",17.229175584844
"03100201_84000000_ROBERTS_BAY",6420,336,"ROBERTS BAY","03100201","84000000","BAY","tbcmp_PD_HA_IntHigh_2100","PD","HA","IntHigh","2100",0.332109632064
"03100201_84000000_ROBERTS_BAY",6425,10180,"ROBERTS BAY","03100201","84000000","BAY","tbcmp_PD_HA_IntHigh_2100","PD","HA","IntHigh","2100",10.06213111432
"03100201_84000000_ROBERTS_BAY",6510,2481,"ROBERTS BAY","03100201","84000000","BAY","tbcmp_PD_HA_IntHigh_2100","PD","HA","IntHigh","2100",2.452273801044
"03100201_84000000_ROBERTS_BAY",6600,981,"ROBERTS BAY","03100201","84000000","BAY","tbcmp_PD_HA_IntHigh_2100","PD","HA","IntHigh","2100",0.969641515044
"03100201_84000000_ROBERTS_BAY",9113,122197,"ROBERTS BAY","03100201","84000000","BAY","tbcmp_PD_HA_IntHigh_2100","PD","HA","IntHigh","2100",120.782144968228
"03100201_84505000_UNNAMED_DITCH",1100,1225585,"UNNAMED DITCH","03100201","84505000","DITCH","tbcmp_PD_HA_IntHigh_2100","PD","HA","IntHigh","2100",1211.39459349154
"03100201_84505000_UNNAMED_DITCH",1200,2871837,"UNNAMED DITCH","03100201","84505000","DITCH","tbcmp_PD_HA_IntHigh_2100","PD","HA","IntHigh","2100",2838.58550421959
"03100201_84505000_UNNAMED_DITCH",1800,71411,"UNNAMED DITCH","03100201","84505000","DITCH","tbcmp_PD_HA_IntHigh_2100","PD","HA","IntHigh","2100",70.584169450364
"03100201_84505000_UNNAMED_DITCH",1820,540624,"UNNAMED DITCH","03100201","84505000","DITCH","tbcmp_PD_HA_IntHigh_2100","PD","HA","IntHigh","2100",534.364397990976
"03100201_84505000_UNNAMED_DITCH",1900,430856,"UNNAMED DITCH","03100201","84505000","DITCH","tbcmp_PD_HA_IntHigh_2100","PD","HA","IntHigh","2100",425.867344144544
"03100201_84505000_UNNAMED_DITCH",2100,336130,"UNNAMED DITCH","03100201","84505000","DITCH","tbcmp_PD_HA_IntHigh_2100","PD","HA","IntHigh","2100",332.23812686212
"03100201_84505000_UNNAMED_DITCH",2200,10049,"UNNAMED DITCH","03100201","84505000","DITCH","tbcmp_PD_HA_IntHigh_2100","PD","HA","IntHigh","2100",9.932647894676
"03100201_84505000_UNNAMED_DITCH",2400,35471,"UNNAMED DITCH","03100201","84505000","DITCH","tbcmp_PD_HA_IntHigh_2100","PD","HA","IntHigh","2100",35.060299877804
"03100201_84505000_UNNAMED_DITCH",3200,42080,"UNNAMED DITCH","03100201","84505000","DITCH","tbcmp_PD_HA_IntHigh_2100","PD","HA","IntHigh","2100",41.59277772992
"03100201_84505000_UNNAMED_DITCH",4100,280108,"UNNAMED DITCH","03100201","84505000","DITCH","tbcmp_PD_HA_IntHigh_2100","PD","HA","IntHigh","2100",276.864776244592
"03100201_84505000_UNNAMED_DITCH",5200,653424,"UNNAMED DITCH","03100201","84505000","DITCH","tbcmp_PD_HA_IntHigh_2100","PD","HA","IntHigh","2100",645.858345898176
"03100201_84505000_UNNAMED_DITCH",6110,188296,"UNNAMED DITCH","03100201","84505000","DITCH","tbcmp_PD_HA_IntHigh_2100","PD","HA","IntHigh","2100",186.115819283104
"03100201_84505000_UNNAMED_DITCH",6410,348118,"UNNAMED DITCH","03100201","84505000","DITCH","tbcmp_PD_HA_IntHigh_2100","PD","HA","IntHigh","2100",344.087324091832
"03100201_84505500_UNNAMED_DITCH",1100,775064,"UNNAMED DITCH","03100201","84505500","DITCH","tbcmp_PD_HA_IntHigh_2100","PD","HA","IntHigh","2100",766.089940077536
"03100201_84505500_UNNAMED_DITCH",1200,2555609,"UNNAMED DITCH","03100201","84505500","DITCH","tbcmp_PD_HA_IntHigh_2100","PD","HA","IntHigh","2100",2526.01894252812
"03100201_84505500_UNNAMED_DITCH",1800,113873,"UNNAMED DITCH","03100201","84505500","DITCH","tbcmp_PD_HA_IntHigh_2100","PD","HA","IntHigh","2100",112.554524202452
"03100201_84505500_UNNAMED_DITCH",1900,163513,"UNNAMED DITCH","03100201","84505500","DITCH","tbcmp_PD_HA_IntHigh_2100","PD","HA","IntHigh","2100",161.619768653812
"03100201_84505500_UNNAMED_DITCH",2100,132138,"UNNAMED DITCH","03100201","84505500","DITCH","tbcmp_PD_HA_IntHigh_2100","PD","HA","IntHigh","2100",130.608043338312
"03100201_84505500_UNNAMED_DITCH",2400,4617,"UNNAMED DITCH","03100201","84505500","DITCH","tbcmp_PD_HA_IntHigh_2100","PD","HA","IntHigh","2100",4.563542176308
"03100201_84505500_UNNAMED_DITCH",3200,16666,"UNNAMED DITCH","03100201","84505500","DITCH","tbcmp_PD_HA_IntHigh_2100","PD","HA","IntHigh","2100",16.473033118984
"03100201_84505500_UNNAMED_DITCH",4100,237444,"UNNAMED DITCH","03100201","84505500","DITCH","tbcmp_PD_HA_IntHigh_2100","PD","HA","IntHigh","2100",234.694760344656
"03100201_84505500_UNNAMED_DITCH",5200,254602,"UNNAMED DITCH","03100201","84505500","DITCH","tbcmp_PD_HA_IntHigh_2100","PD","HA","IntHigh","2100",251.654096853448
"03100201_84505500_UNNAMED_DITCH",6110,127361,"UNNAMED DITCH","03100201","84505500","DITCH","tbcmp_PD_HA_IntHigh_2100","PD","HA","IntHigh","2100",125.886353718164
"03100201_84505500_UNNAMED_DITCH",6410,91993,"UNNAMED DITCH","03100201","84505500","DITCH","tbcmp_PD_HA_IntHigh_2100","PD","HA","IntHigh","2100",90.927861257332
"03100201_84507000_UNNAMED_DITCH",1100,813582,"UNNAMED DITCH","03100201","84507000","DITCH","tbcmp_PD_HA_IntHigh_2100","PD","HA","IntHigh","2100",804.161960338968
"03100201_84507000_UNNAMED_DITCH",1200,3592315,"UNNAMED DITCH","03100201","84507000","DITCH","tbcmp_PD_HA_IntHigh_2100","PD","HA","IntHigh","2100",3550.72146698806
"03100201_84507000_UNNAMED_DITCH",1800,324802,"UNNAMED DITCH","03100201","84507000","DITCH","tbcmp_PD_HA_IntHigh_2100","PD","HA","IntHigh","2100",321.041287838248
"03100201_84507000_UNNAMED_DITCH",1820,280504,"UNNAMED DITCH","03100201","84507000","DITCH","tbcmp_PD_HA_IntHigh_2100","PD","HA","IntHigh","2100",277.256191168096
"03100201_84507000_UNNAMED_DITCH",1900,57471,"UNNAMED DITCH","03100201","84507000","DITCH","tbcmp_PD_HA_IntHigh_2100","PD","HA","IntHigh","2100",56.805573405804
"03100201_84507000_UNNAMED_DITCH",2100,85467,"UNNAMED DITCH","03100201","84507000","DITCH","tbcmp_PD_HA_IntHigh_2100","PD","HA","IntHigh","2100",84.477422391708
"03100201_84507000_UNNAMED_DITCH",2400,13627,"UNNAMED DITCH","03100201","84507000","DITCH","tbcmp_PD_HA_IntHigh_2100","PD","HA","IntHigh","2100",13.469220107548
"03100201_84507000_UNNAMED_DITCH",3200,4918,"UNNAMED DITCH","03100201","84507000","DITCH","tbcmp_PD_HA_IntHigh_2100","PD","HA","IntHigh","2100",4.861057055032
"03100201_84507000_UNNAMED_DITCH",4100,324863,"UNNAMED DITCH","03100201","84507000","DITCH","tbcmp_PD_HA_IntHigh_2100","PD","HA","IntHigh","2100",321.101581551212
"03100201_84507000_UNNAMED_DITCH",5200,257545,"UNNAMED DITCH","03100201","84507000","DITCH","tbcmp_PD_HA_IntHigh_2100","PD","HA","IntHigh","2100",254.56302139858
"03100201_84507000_UNNAMED_DITCH",6110,202412,"UNNAMED DITCH","03100201","84507000","DITCH","tbcmp_PD_HA_IntHigh_2100","PD","HA","IntHigh","2100",200.068377515888
"03100201_84507000_UNNAMED_DITCH",6410,69772,"UNNAMED DITCH","03100201","84507000","DITCH","tbcmp_PD_HA_IntHigh_2100","PD","HA","IntHigh","2100",68.964146572528
"03100201_84507000_UNNAMED_DITCH",6420,72,"UNNAMED DITCH","03100201","84507000","DITCH","tbcmp_PD_HA_IntHigh_2100","PD","HA","IntHigh","2100",0.071166349728
"03100201_84507000_UNNAMED_DITCH",6425,153,"UNNAMED DITCH","03100201","84507000","DITCH","tbcmp_PD_HA_IntHigh_2100","PD","HA","IntHigh","2100",0.151228493172
"03100201_84507000_UNNAMED_DITCH",6510,98,"UNNAMED DITCH","03100201","84507000","DITCH","tbcmp_PD_HA_IntHigh_2100","PD","HA","IntHigh","2100",0.096865309352
"03100201_84507000_UNNAMED_DITCH",6600,184,"UNNAMED DITCH","03100201","84507000","DITCH","tbcmp_PD_HA_IntHigh_2100","PD","HA","IntHigh","2100",0.181869560416
"03100201_84507000_UNNAMED_DITCH",9113,418,"UNNAMED DITCH","03100201","84507000","DITCH","tbcmp_PD_HA_IntHigh_2100","PD","HA","IntHigh","2100",0.413160197032
"03100201_84508800_UNNAMED_DITCH",1100,12050,"UNNAMED DITCH","03100201","84508800","DITCH","tbcmp_PD_HA_IntHigh_2100","PD","HA","IntHigh","2100",11.9104793642
"03100201_84508800_UNNAMED_DITCH",1200,1610965,"UNNAMED DITCH","03100201","84508800","DITCH","tbcmp_PD_HA_IntHigh_2100","PD","HA","IntHigh","2100",1592.31248041066
"03100201_84508800_UNNAMED_DITCH",1800,14343,"UNNAMED DITCH","03100201","84508800","DITCH","tbcmp_PD_HA_IntHigh_2100","PD","HA","IntHigh","2100",14.176929918732
"03100201_84508800_UNNAMED_DITCH",1900,215,"UNNAMED DITCH","03100201","84508800","DITCH","tbcmp_PD_HA_IntHigh_2100","PD","HA","IntHigh","2100",0.21251062766
"03100201_84508800_UNNAMED_DITCH",2400,10390,"UNNAMED DITCH","03100201","84508800","DITCH","tbcmp_PD_HA_IntHigh_2100","PD","HA","IntHigh","2100",10.26969963436
"03100201_84508800_UNNAMED_DITCH",4100,64106,"UNNAMED DITCH","03100201","84508800","DITCH","tbcmp_PD_HA_IntHigh_2100","PD","HA","IntHigh","2100",63.363750217544
"03100201_84508800_UNNAMED_DITCH",5200,85921,"UNNAMED DITCH","03100201","84508800","DITCH","tbcmp_PD_HA_IntHigh_2100","PD","HA","IntHigh","2100",84.926165763604
"03100201_84508800_UNNAMED_DITCH",5400,427,"UNNAMED DITCH","03100201","84508800","DITCH","tbcmp_PD_HA_IntHigh_2100","PD","HA","IntHigh","2100",0.422055990748
"03100201_84508800_UNNAMED_DITCH",6110,99905,"UNNAMED DITCH","03100201","84508800","DITCH","tbcmp_PD_HA_IntHigh_2100","PD","HA","IntHigh","2100",98.74825235522
"03100201_84508800_UNNAMED_DITCH",6410,5619,"UNNAMED DITCH","03100201","84508800","DITCH","tbcmp_PD_HA_IntHigh_2100","PD","HA","IntHigh","2100",5.553940543356
"03100201_84508800_UNNAMED_DITCH",6420,56,"UNNAMED DITCH","03100201","84508800","DITCH","tbcmp_PD_HA_IntHigh_2100","PD","HA","IntHigh","2100",0.055351605344
"03100201_84508800_UNNAMED_DITCH",6425,153,"UNNAMED DITCH","03100201","84508800","DITCH","tbcmp_PD_HA_IntHigh_2100","PD","HA","IntHigh","2100",0.151228493172
"03100201_84508800_UNNAMED_DITCH",6510,105,"UNNAMED DITCH","03100201","84508800","DITCH","tbcmp_PD_HA_IntHigh_2100","PD","HA","IntHigh","2100",0.10378426002
"03100201_84508800_UNNAMED_DITCH",6600,137,"UNNAMED DITCH","03100201","84508800","DITCH","tbcmp_PD_HA_IntHigh_2100","PD","HA","IntHigh","2100",0.135413748788
"03100201_84508800_UNNAMED_DITCH",9113,945,"UNNAMED DITCH","03100201","84508800","DITCH","tbcmp_PD_HA_IntHigh_2100","PD","HA","IntHigh","2100",0.93405834018
"03100201_84509900_PHILIPPE_CREEK",1100,1246881,"PHILIPPE CREEK","03100201","84509900","STREAM","tbcmp_PD_HA_IntHigh_2100","PD","HA","IntHigh","2100",1232.44401826664
"03100201_84509900_PHILIPPE_CREEK",1200,11550704,"PHILIPPE CREEK","03100201","84509900","STREAM","tbcmp_PD_HA_IntHigh_2100","PD","HA","IntHigh","2100",11416.9644509529
"03100201_84509900_PHILIPPE_CREEK",1800,348967,"PHILIPPE CREEK","03100201","84509900","STREAM","tbcmp_PD_HA_IntHigh_2100","PD","HA","IntHigh","2100",344.926493965708
"03100201_84509900_PHILIPPE_CREEK",1820,204486,"PHILIPPE CREEK","03100201","84509900","STREAM","tbcmp_PD_HA_IntHigh_2100","PD","HA","IntHigh","2100",202.118363756664
"03100201_84509900_PHILIPPE_CREEK",1900,680476,"PHILIPPE CREEK","03100201","84509900","STREAM","tbcmp_PD_HA_IntHigh_2100","PD","HA","IntHigh","2100",672.597124965424
"03100201_84509900_PHILIPPE_CREEK",2100,222335,"PHILIPPE CREEK","03100201","84509900","STREAM","tbcmp_PD_HA_IntHigh_2100","PD","HA","IntHigh","2100",219.76069953854
"03100201_84509900_PHILIPPE_CREEK",2400,13938,"PHILIPPE CREEK","03100201","84509900","STREAM","tbcmp_PD_HA_IntHigh_2100","PD","HA","IntHigh","2100",13.776619201512
"03100201_84509900_PHILIPPE_CREEK",3200,41115,"PHILIPPE CREEK","03100201","84509900","STREAM","tbcmp_PD_HA_IntHigh_2100","PD","HA","IntHigh","2100",40.63895095926
"03100201_84509900_PHILIPPE_CREEK",4100,360313,"PHILIPPE CREEK","03100201","84509900","STREAM","tbcmp_PD_HA_IntHigh_2100","PD","HA","IntHigh","2100",356.141124577012
"03100201_84509900_PHILIPPE_CREEK",5200,747042,"PHILIPPE CREEK","03100201","84509900","STREAM","tbcmp_PD_HA_IntHigh_2100","PD","HA","IntHigh","2100",738.392392132008
"03100201_84509900_PHILIPPE_CREEK",5400,176288,"PHILIPPE CREEK","03100201","84509900","STREAM","tbcmp_PD_HA_IntHigh_2100","PD","HA","IntHigh","2100",174.246853622912
"03100201_84509900_PHILIPPE_CREEK",6110,302648,"PHILIPPE CREEK","03100201","84509900","STREAM","tbcmp_PD_HA_IntHigh_2100","PD","HA","IntHigh","2100",299.143797395552
"03100201_84509900_PHILIPPE_CREEK",6120,427,"PHILIPPE CREEK","03100201","84509900","STREAM","tbcmp_PD_HA_IntHigh_2100","PD","HA","IntHigh","2100",0.422055990748
"03100201_84509900_PHILIPPE_CREEK",6410,454653,"PHILIPPE CREEK","03100201","84509900","STREAM","tbcmp_PD_HA_IntHigh_2100","PD","HA","IntHigh","2100",449.388811151172
"03100201_84509900_PHILIPPE_CREEK",6420,1305,"PHILIPPE CREEK","03100201","84509900","STREAM","tbcmp_PD_HA_IntHigh_2100","PD","HA","IntHigh","2100",1.28989008882
"03100201_84509900_PHILIPPE_CREEK",6425,11456,"PHILIPPE CREEK","03100201","84509900","STREAM","tbcmp_PD_HA_IntHigh_2100","PD","HA","IntHigh","2100",11.323356978944
"03100201_84509900_PHILIPPE_CREEK",6510,6112,"PHILIPPE CREEK","03100201","84509900","STREAM","tbcmp_PD_HA_IntHigh_2100","PD","HA","IntHigh","2100",6.041232354688
"03100201_84509900_PHILIPPE_CREEK",6600,3400,"PHILIPPE CREEK","03100201","84509900","STREAM","tbcmp_PD_HA_IntHigh_2100","PD","HA","IntHigh","2100",3.3606331816
"03100201_84509900_PHILIPPE_CREEK",9113,36876,"PHILIPPE CREEK","03100201","84509900","STREAM","tbcmp_PD_HA_IntHigh_2100","PD","HA","IntHigh","2100",36.449032119024
"03100201_86000000_HUDSON_BAYOU",1200,1744795,"HUDSON BAYOU","03100201","86000000","BAYOU","tbcmp_PD_HA_IntHigh_2100","PD","HA","IntHigh","2100",1724.59293296758
"03100201_86000000_HUDSON_BAYOU",1800,77595,"HUDSON BAYOU","03100201","86000000","BAYOU","tbcmp_PD_HA_IntHigh_2100","PD","HA","IntHigh","2100",76.69656815478
"03100201_86000000_HUDSON_BAYOU",1900,8329,"HUDSON BAYOU","03100201","86000000","BAYOU","tbcmp_PD_HA_IntHigh_2100","PD","HA","IntHigh","2100",8.232562873396
"03100201_86000000_HUDSON_BAYOU",4100,357,"HUDSON BAYOU","03100201","86000000","BAYOU","tbcmp_PD_HA_IntHigh_2100","PD","HA","IntHigh","2100",0.352866484068
"03100201_86000000_HUDSON_BAYOU",5200,9317,"HUDSON BAYOU","03100201","86000000","BAYOU","tbcmp_PD_HA_IntHigh_2100","PD","HA","IntHigh","2100",9.209123339108
"03100201_86000000_HUDSON_BAYOU",5400,23923,"HUDSON BAYOU","03100201","86000000","BAYOU","tbcmp_PD_HA_IntHigh_2100","PD","HA","IntHigh","2100",23.646008118652
"03100201_86000000_HUDSON_BAYOU",6110,4190,"HUDSON BAYOU","03100201","86000000","BAYOU","tbcmp_PD_HA_IntHigh_2100","PD","HA","IntHigh","2100",4.14148618556
"03100201_86000000_HUDSON_BAYOU",6120,32,"HUDSON BAYOU","03100201","86000000","BAYOU","tbcmp_PD_HA_IntHigh_2100","PD","HA","IntHigh","2100",0.031629488768
"03100201_86000000_HUDSON_BAYOU",6410,3284,"HUDSON BAYOU","03100201","86000000","BAYOU","tbcmp_PD_HA_IntHigh_2100","PD","HA","IntHigh","2100",3.245976284816
"03100201_86000000_HUDSON_BAYOU",6420,3,"HUDSON BAYOU","03100201","86000000","BAYOU","tbcmp_PD_HA_IntHigh_2100","PD","HA","IntHigh","2100",0.002965264572
"03100201_86000000_HUDSON_BAYOU",6600,10,"HUDSON BAYOU","03100201","86000000","BAYOU","tbcmp_PD_HA_IntHigh_2100","PD","HA","IntHigh","2100",0.00988421524
"03100201_86000000_HUDSON_BAYOU",9113,167,"HUDSON BAYOU","03100201","86000000","BAYOU","tbcmp_PD_HA_IntHigh_2100","PD","HA","IntHigh","2100",0.165066394508
"03100201_88000000_WHITAKER_BAYOU",1100,481642,"WHITAKER BAYOU","03100201","88000000","BAYOU","tbcmp_PD_HA_IntHigh_2100","PD","HA","IntHigh","2100",476.065319662408
"03100201_88000000_WHITAKER_BAYOU",1200,3828420,"WHITAKER BAYOU","03100201","88000000","BAYOU","tbcmp_PD_HA_IntHigh_2100","PD","HA","IntHigh","2100",3784.09273091208
"03100201_88000000_WHITAKER_BAYOU",1800,107655,"WHITAKER BAYOU","03100201","88000000","BAYOU","tbcmp_PD_HA_IntHigh_2100","PD","HA","IntHigh","2100",106.40851916622
"03100201_88000000_WHITAKER_BAYOU",1820,15029,"WHITAKER BAYOU","03100201","88000000","BAYOU","tbcmp_PD_HA_IntHigh_2100","PD","HA","IntHigh","2100",14.854987084196
"03100201_88000000_WHITAKER_BAYOU",1900,294546,"WHITAKER BAYOU","03100201","88000000","BAYOU","tbcmp_PD_HA_IntHigh_2100","PD","HA","IntHigh","2100",291.135606208104
"03100201_88000000_WHITAKER_BAYOU",2100,114205,"WHITAKER BAYOU","03100201","88000000","BAYOU","tbcmp_PD_HA_IntHigh_2100","PD","HA","IntHigh","2100",112.88268014842
"03100201_88000000_WHITAKER_BAYOU",2400,1819,"WHITAKER BAYOU","03100201","88000000","BAYOU","tbcmp_PD_HA_IntHigh_2100","PD","HA","IntHigh","2100",1.797938752156
"03100201_88000000_WHITAKER_BAYOU",3200,11297,"WHITAKER BAYOU","03100201","88000000","BAYOU","tbcmp_PD_HA_IntHigh_2100","PD","HA","IntHigh","2100",11.166197956628
"03100201_88000000_WHITAKER_BAYOU",4100,148634,"WHITAKER BAYOU","03100201","88000000","BAYOU","tbcmp_PD_HA_IntHigh_2100","PD","HA","IntHigh","2100",146.913044798216
"03100201_88000000_WHITAKER_BAYOU",5200,121565,"WHITAKER BAYOU","03100201","88000000","BAYOU","tbcmp_PD_HA_IntHigh_2100","PD","HA","IntHigh","2100",120.15746256506
"03100201_88000000_WHITAKER_BAYOU",5400,12122,"WHITAKER BAYOU","03100201","88000000","BAYOU","tbcmp_PD_HA_IntHigh_2100","PD","HA","IntHigh","2100",11.981645713928
"03100201_88000000_WHITAKER_BAYOU",6110,168288,"WHITAKER BAYOU","03100201","88000000","BAYOU","tbcmp_PD_HA_IntHigh_2100","PD","HA","IntHigh","2100",166.339481430912
"03100201_88000000_WHITAKER_BAYOU",6120,42,"WHITAKER BAYOU","03100201","88000000","BAYOU","tbcmp_PD_HA_IntHigh_2100","PD","HA","IntHigh","2100",0.041513704008
"03100201_88000000_WHITAKER_BAYOU",6410,51961,"WHITAKER BAYOU","03100201","88000000","BAYOU","tbcmp_PD_HA_IntHigh_2100","PD","HA","IntHigh","2100",51.359370808564
"03100201_88000000_WHITAKER_BAYOU",6420,18,"WHITAKER BAYOU","03100201","88000000","BAYOU","tbcmp_PD_HA_IntHigh_2100","PD","HA","IntHigh","2100",0.017791587432
"03100201_88000000_WHITAKER_BAYOU",6600,95,"WHITAKER BAYOU","03100201","88000000","BAYOU","tbcmp_PD_HA_IntHigh_2100","PD","HA","IntHigh","2100",0.09390004478
"03100201_88000000_WHITAKER_BAYOU",9113,132,"WHITAKER BAYOU","03100201","88000000","BAYOU","tbcmp_PD_HA_IntHigh_2100","PD","HA","IntHigh","2100",0.130471641168
"03100201_90000000_BOWLEES_CREEK",1100,22763,"BOWLEES CREEK","03100201","90000000","STREAM","tbcmp_PD_HA_IntHigh_2100","PD","HA","IntHigh","2100",22.499439150812
"03100201_90000000_BOWLEES_CREEK",1200,5617607,"BOWLEES CREEK","03100201","90000000","STREAM","tbcmp_PD_HA_IntHigh_2100","PD","HA","IntHigh","2100",5552.56367217307
"03100201_90000000_BOWLEES_CREEK",1800,17001,"BOWLEES CREEK","03100201","90000000","STREAM","tbcmp_PD_HA_IntHigh_2100","PD","HA","IntHigh","2100",16.804154329524
"03100201_90000000_BOWLEES_CREEK",1820,120484,"BOWLEES CREEK","03100201","90000000","STREAM","tbcmp_PD_HA_IntHigh_2100","PD","HA","IntHigh","2100",119.088978897616
"03100201_90000000_BOWLEES_CREEK",1900,175346,"BOWLEES CREEK","03100201","90000000","STREAM","tbcmp_PD_HA_IntHigh_2100","PD","HA","IntHigh","2100",173.315760547304
"03100201_90000000_BOWLEES_CREEK",2100,10199,"BOWLEES CREEK","03100201","90000000","STREAM","tbcmp_PD_HA_IntHigh_2100","PD","HA","IntHigh","2100",10.080911123276
"03100201_90000000_BOWLEES_CREEK",2400,9156,"BOWLEES CREEK","03100201","90000000","STREAM","tbcmp_PD_HA_IntHigh_2100","PD","HA","IntHigh","2100",9.049987473744
"03100201_90000000_BOWLEES_CREEK",3200,13533,"BOWLEES CREEK","03100201","90000000","STREAM","tbcmp_PD_HA_IntHigh_2100","PD","HA","IntHigh","2100",13.376308484292
"03100201_90000000_BOWLEES_CREEK",4100,83693,"BOWLEES CREEK","03100201","90000000","STREAM","tbcmp_PD_HA_IntHigh_2100","PD","HA","IntHigh","2100",82.723962608132
"03100201_90000000_BOWLEES_CREEK",4400,9,"BOWLEES CREEK","03100201","90000000","STREAM","tbcmp_PD_HA_IntHigh_2100","PD","HA","IntHigh","2100",0.008895793716
"03100201_90000000_BOWLEES_CREEK",5200,188764,"BOWLEES CREEK","03100201","90000000","STREAM","tbcmp_PD_HA_IntHigh_2100","PD","HA","IntHigh","2100",186.578400556336
"03100201_90000000_BOWLEES_CREEK",5400,37072,"BOWLEES CREEK","03100201","90000000","STREAM","tbcmp_PD_HA_IntHigh_2100","PD","HA","IntHigh","2100",36.642762737728
"03100201_90000000_BOWLEES_CREEK",6110,40133,"BOWLEES CREEK","03100201","90000000","STREAM","tbcmp_PD_HA_IntHigh_2100","PD","HA","IntHigh","2100",39.668321022692
"03100201_90000000_BOWLEES_CREEK",6120,1099,"BOWLEES CREEK","03100201","90000000","STREAM","tbcmp_PD_HA_IntHigh_2100","PD","HA","IntHigh","2100",1.086275254876
"03100201_90000000_BOWLEES_CREEK",6410,52626,"BOWLEES CREEK","03100201","90000000","STREAM","tbcmp_PD_HA_IntHigh_2100","PD","HA","IntHigh","2100",52.016671122024
"03100201_90000000_BOWLEES_CREEK",6420,90,"BOWLEES CREEK","03100201","90000000","STREAM","tbcmp_PD_HA_IntHigh_2100","PD","HA","IntHigh","2100",0.08895793716
"03100201_90000000_BOWLEES_CREEK",6600,636,"BOWLEES CREEK","03100201","90000000","STREAM","tbcmp_PD_HA_IntHigh_2100","PD","HA","IntHigh","2100",0.628636089264
"03100201_90000000_BOWLEES_CREEK",9113,1059,"BOWLEES CREEK","03100201","90000000","STREAM","tbcmp_PD_HA_IntHigh_2100","PD","HA","IntHigh","2100",1.046738393916
"03100201_95000000_PALMA_SOLA_BAY",1100,380,"PALMA SOLA BAY","03100201","95000000","BAY","tbcmp_PD_HA_IntHigh_2100","PD","HA","IntHigh","2100",0.37560017912
"03100201_95000000_PALMA_SOLA_BAY",1200,16061,"PALMA SOLA BAY","03100201","95000000","BAY","tbcmp_PD_HA_IntHigh_2100","PD","HA","IntHigh","2100",15.875038096964
"03100201_95000000_PALMA_SOLA_BAY",5400,2177211,"PALMA SOLA BAY","03100201","95000000","BAY","tbcmp_PD_HA_IntHigh_2100","PD","HA","IntHigh","2100",2152.00221468956
"03100201_95000000_PALMA_SOLA_BAY",6120,992,"PALMA SOLA BAY","03100201","95000000","BAY","tbcmp_PD_HA_IntHigh_2100","PD","HA","IntHigh","2100",0.980514151808
"03100201_95000000_PALMA_SOLA_BAY",7100,156,"PALMA SOLA BAY","03100201","95000000","BAY","tbcmp_PD_HA_IntHigh_2100","PD","HA","IntHigh","2100",0.154193757744
"03100201_95000000_PALMA_SOLA_BAY",9113,72604,"PALMA SOLA BAY","03100201","95000000","BAY","tbcmp_PD_HA_IntHigh_2100","PD","HA","IntHigh","2100",71.763356328496
"03100201_95500000_WEST_CEDAR_HAMMOCK",1100,29812,"WEST CEDAR HAMMOCK","03100201","95500000","CANAL","tbcmp_PD_HA_IntHigh_2100","PD","HA","IntHigh","2100",29.466822473488
"03100201_95500000_WEST_CEDAR_HAMMOCK",1200,3446374,"WEST CEDAR HAMMOCK","03100201","95500000","CANAL","tbcmp_PD_HA_IntHigh_2100","PD","HA","IntHigh","2100",3406.47024135398
"03100201_95500000_WEST_CEDAR_HAMMOCK",1800,112269,"WEST CEDAR HAMMOCK","03100201","95500000","CANAL","tbcmp_PD_HA_IntHigh_2100","PD","HA","IntHigh","2100",110.969096077956
"03100201_95500000_WEST_CEDAR_HAMMOCK",1820,150047,"WEST CEDAR HAMMOCK","03100201","95500000","CANAL","tbcmp_PD_HA_IntHigh_2100","PD","HA","IntHigh","2100",148.309684411628
"03100201_95500000_WEST_CEDAR_HAMMOCK",1900,31243,"WEST CEDAR HAMMOCK","03100201","95500000","CANAL","tbcmp_PD_HA_IntHigh_2100","PD","HA","IntHigh","2100",30.881253674332
"03100201_95500000_WEST_CEDAR_HAMMOCK",4100,45972,"WEST CEDAR HAMMOCK","03100201","95500000","CANAL","tbcmp_PD_HA_IntHigh_2100","PD","HA","IntHigh","2100",45.439714301328
"03100201_95500000_WEST_CEDAR_HAMMOCK",5200,205188,"WEST CEDAR HAMMOCK","03100201","95500000","CANAL","tbcmp_PD_HA_IntHigh_2100","PD","HA","IntHigh","2100",202.812235666512
"03100201_95500000_WEST_CEDAR_HAMMOCK",5400,15064,"WEST CEDAR HAMMOCK","03100201","95500000","CANAL","tbcmp_PD_HA_IntHigh_2100","PD","HA","IntHigh","2100",14.889581837536
"03100201_95500000_WEST_CEDAR_HAMMOCK",6110,15513,"WEST CEDAR HAMMOCK","03100201","95500000","CANAL","tbcmp_PD_HA_IntHigh_2100","PD","HA","IntHigh","2100",15.333383101812
"03100201_95500000_WEST_CEDAR_HAMMOCK",6410,189,"WEST CEDAR HAMMOCK","03100201","95500000","CANAL","tbcmp_PD_HA_IntHigh_2100","PD","HA","IntHigh","2100",0.186811668036
"03100201_95500000_WEST_CEDAR_HAMMOCK",9113,33,"WEST CEDAR HAMMOCK","03100201","95500000","CANAL","tbcmp_PD_HA_IntHigh_2100","PD","HA","IntHigh","2100",0.032617910292
"03100201_99990000_DIRECT_RUNOFF_TO_BAY",0,341,"DIRECT RUNOFF TO BAY","03100201","99990000","RUNOFF","tbcmp_PD_HA_IntHigh_2100","PD","HA","IntHigh","2100",0.337051739684
"03100201_99990000_DIRECT_RUNOFF_TO_BAY",1100,968483,"DIRECT RUNOFF TO BAY","03100201","99990000","RUNOFF","tbcmp_PD_HA_IntHigh_2100","PD","HA","IntHigh","2100",957.269442828092
"03100201_99990000_DIRECT_RUNOFF_TO_BAY",1200,23315156,"DIRECT RUNOFF TO BAY","03100201","99990000","RUNOFF","tbcmp_PD_HA_IntHigh_2100","PD","HA","IntHigh","2100",23045.2020258177
"03100201_99990000_DIRECT_RUNOFF_TO_BAY",1800,1660699,"DIRECT RUNOFF TO BAY","03100201","99990000","RUNOFF","tbcmp_PD_HA_IntHigh_2100","PD","HA","IntHigh","2100",1641.47063648528
"03100201_99990000_DIRECT_RUNOFF_TO_BAY",1820,1019835,"DIRECT RUNOFF TO BAY","03100201","99990000","RUNOFF","tbcmp_PD_HA_IntHigh_2100","PD","HA","IntHigh","2100",1008.02686492854
"03100201_99990000_DIRECT_RUNOFF_TO_BAY",1900,975540,"DIRECT RUNOFF TO BAY","03100201","99990000","RUNOFF","tbcmp_PD_HA_IntHigh_2100","PD","HA","IntHigh","2100",964.24473352296
"03100201_99990000_DIRECT_RUNOFF_TO_BAY",2100,437011,"DIRECT RUNOFF TO BAY","03100201","99990000","RUNOFF","tbcmp_PD_HA_IntHigh_2100","PD","HA","IntHigh","2100",431.951078624764
"03100201_99990000_DIRECT_RUNOFF_TO_BAY",2200,30911,"DIRECT RUNOFF TO BAY","03100201","99990000","RUNOFF","tbcmp_PD_HA_IntHigh_2100","PD","HA","IntHigh","2100",30.553097728364
"03100201_99990000_DIRECT_RUNOFF_TO_BAY",2400,299695,"DIRECT RUNOFF TO BAY","03100201","99990000","RUNOFF","tbcmp_PD_HA_IntHigh_2100","PD","HA","IntHigh","2100",296.22498863518
"03100201_99990000_DIRECT_RUNOFF_TO_BAY",3200,192690,"DIRECT RUNOFF TO BAY","03100201","99990000","RUNOFF","tbcmp_PD_HA_IntHigh_2100","PD","HA","IntHigh","2100",190.45894345956
"03100201_99990000_DIRECT_RUNOFF_TO_BAY",4100,572265,"DIRECT RUNOFF TO BAY","03100201","99990000","RUNOFF","tbcmp_PD_HA_IntHigh_2100","PD","HA","IntHigh","2100",565.63904343186
"03100201_99990000_DIRECT_RUNOFF_TO_BAY",5200,674365,"DIRECT RUNOFF TO BAY","03100201","99990000","RUNOFF","tbcmp_PD_HA_IntHigh_2100","PD","HA","IntHigh","2100",666.55688103226
"03100201_99990000_DIRECT_RUNOFF_TO_BAY",5400,3232508,"DIRECT RUNOFF TO BAY","03100201","99990000","RUNOFF","tbcmp_PD_HA_IntHigh_2100","PD","HA","IntHigh","2100",3195.08048370219
"03100201_99990000_DIRECT_RUNOFF_TO_BAY",6110,463232,"DIRECT RUNOFF TO BAY","03100201","99990000","RUNOFF","tbcmp_PD_HA_IntHigh_2100","PD","HA","IntHigh","2100",457.868479405568
"03100201_99990000_DIRECT_RUNOFF_TO_BAY",6120,786100,"DIRECT RUNOFF TO BAY","03100201","99990000","RUNOFF","tbcmp_PD_HA_IntHigh_2100","PD","HA","IntHigh","2100",776.9981600164
"03100201_99990000_DIRECT_RUNOFF_TO_BAY",6410,123825,"DIRECT RUNOFF TO BAY","03100201","99990000","RUNOFF","tbcmp_PD_HA_IntHigh_2100","PD","HA","IntHigh","2100",122.3912952093
"03100201_99990000_DIRECT_RUNOFF_TO_BAY",6420,62759,"DIRECT RUNOFF TO BAY","03100201","99990000","RUNOFF","tbcmp_PD_HA_IntHigh_2100","PD","HA","IntHigh","2100",62.032346424716
"03100201_99990000_DIRECT_RUNOFF_TO_BAY",6425,7394,"DIRECT RUNOFF TO BAY","03100201","99990000","RUNOFF","tbcmp_PD_HA_IntHigh_2100","PD","HA","IntHigh","2100",7.308388748456
"03100201_99990000_DIRECT_RUNOFF_TO_BAY",6510,2713,"DIRECT RUNOFF TO BAY","03100201","99990000","RUNOFF","tbcmp_PD_HA_IntHigh_2100","PD","HA","IntHigh","2100",2.681587594612
"03100201_99990000_DIRECT_RUNOFF_TO_BAY",6600,181556,"DIRECT RUNOFF TO BAY","03100201","99990000","RUNOFF","tbcmp_PD_HA_IntHigh_2100","PD","HA","IntHigh","2100",179.453858211344
"03100201_99990000_DIRECT_RUNOFF_TO_BAY",7100,38,"DIRECT RUNOFF TO BAY","03100201","99990000","RUNOFF","tbcmp_PD_HA_IntHigh_2100","PD","HA","IntHigh","2100",0.037560017912
"03100201_99990000_DIRECT_RUNOFF_TO_BAY",9113,2665970,"DIRECT RUNOFF TO BAY","03100201","99990000","RUNOFF","tbcmp_PD_HA_IntHigh_2100","PD","HA","IntHigh","2100",2635.10213033828
"03100201_99990000_DIRECT_RUNOFF_TO_GULF",1100,20532,"DIRECT RUNOFF TO GULF","03100201","99990000","RUNOFF","tbcmp_PD_HA_IntHigh_2100","PD","HA","IntHigh","2100",20.294270730768
"03100201_99990000_DIRECT_RUNOFF_TO_GULF",1200,947531,"DIRECT RUNOFF TO GULF","03100201","99990000","RUNOFF","tbcmp_PD_HA_IntHigh_2100","PD","HA","IntHigh","2100",936.560035057244
"03100201_99990000_DIRECT_RUNOFF_TO_GULF",1900,1323,"DIRECT RUNOFF TO GULF","03100201","99990000","RUNOFF","tbcmp_PD_HA_IntHigh_2100","PD","HA","IntHigh","2100",1.307681676252
"03100201_99990000_DIRECT_RUNOFF_TO_GULF",4100,9035,"DIRECT RUNOFF TO GULF","03100201","99990000","RUNOFF","tbcmp_PD_HA_IntHigh_2100","PD","HA","IntHigh","2100",8.93038846934
"03100201_99990000_DIRECT_RUNOFF_TO_GULF",5200,3676,"DIRECT RUNOFF TO GULF","03100201","99990000","RUNOFF","tbcmp_PD_HA_IntHigh_2100","PD","HA","IntHigh","2100",3.633437522224
"03100201_99990000_DIRECT_RUNOFF_TO_GULF",5400,79650,"DIRECT RUNOFF TO GULF","03100201","99990000","RUNOFF","tbcmp_PD_HA_IntHigh_2100","PD","HA","IntHigh","2100",78.7277743866
"03100201_99990000_DIRECT_RUNOFF_TO_GULF",6120,3828,"DIRECT RUNOFF TO GULF","03100201","99990000","RUNOFF","tbcmp_PD_HA_IntHigh_2100","PD","HA","IntHigh","2100",3.783677593872
"03100201_99990000_DIRECT_RUNOFF_TO_GULF",6410,314,"DIRECT RUNOFF TO GULF","03100201","99990000","RUNOFF","tbcmp_PD_HA_IntHigh_2100","PD","HA","IntHigh","2100",0.310364358536
"03100201_99990000_DIRECT_RUNOFF_TO_GULF",6420,467,"DIRECT RUNOFF TO GULF","03100201","99990000","RUNOFF","tbcmp_PD_HA_IntHigh_2100","PD","HA","IntHigh","2100",0.461592851708
"03100201_99990000_DIRECT_RUNOFF_TO_GULF",6600,1828,"DIRECT RUNOFF TO GULF","03100201","99990000","RUNOFF","tbcmp_PD_HA_IntHigh_2100","PD","HA","IntHigh","2100",1.806834545872
"03100201_99990000_DIRECT_RUNOFF_TO_GULF",9113,13938,"DIRECT RUNOFF TO GULF","03100201","99990000","RUNOFF","tbcmp_PD_HA_IntHigh_2100","PD","HA","IntHigh","2100",13.776619201512
"03100201_99999900_LEMON_BAY",0,5,"LEMON BAY","03100201","99999900","BAY","tbcmp_PD_HA_IntHigh_2100","PD","HA","IntHigh","2100",0.00494210762
"03100201_99999900_LEMON_BAY",1100,5550,"LEMON BAY","03100201","99999900","BAY","tbcmp_PD_HA_IntHigh_2100","PD","HA","IntHigh","2100",5.4857394582
"03100201_99999900_LEMON_BAY",1200,94753,"LEMON BAY","03100201","99999900","BAY","tbcmp_PD_HA_IntHigh_2100","PD","HA","IntHigh","2100",93.655904663572
"03100201_99999900_LEMON_BAY",1800,16085,"LEMON BAY","03100201","99999900","BAY","tbcmp_PD_HA_IntHigh_2100","PD","HA","IntHigh","2100",15.89876021354
"03100201_99999900_LEMON_BAY",1820,187,"LEMON BAY","03100201","99999900","BAY","tbcmp_PD_HA_IntHigh_2100","PD","HA","IntHigh","2100",0.184834824988
"03100201_99999900_LEMON_BAY",3200,4867,"LEMON BAY","03100201","99999900","BAY","tbcmp_PD_HA_IntHigh_2100","PD","HA","IntHigh","2100",4.810647557308
"03100201_99999900_LEMON_BAY",4100,8678,"LEMON BAY","03100201","99999900","BAY","tbcmp_PD_HA_IntHigh_2100","PD","HA","IntHigh","2100",8.577521985272
"03100201_99999900_LEMON_BAY",5400,5162177,"LEMON BAY","03100201","99999900","BAY","tbcmp_PD_HA_IntHigh_2100","PD","HA","IntHigh","2100",5102.40685749775
"03100201_99999900_LEMON_BAY",6110,499,"LEMON BAY","03100201","99999900","BAY","tbcmp_PD_HA_IntHigh_2100","PD","HA","IntHigh","2100",0.493222340476
"03100201_99999900_LEMON_BAY",6120,44762,"LEMON BAY","03100201","99999900","BAY","tbcmp_PD_HA_IntHigh_2100","PD","HA","IntHigh","2100",44.243724257288
"03100201_99999900_LEMON_BAY",6420,1121,"LEMON BAY","03100201","99999900","BAY","tbcmp_PD_HA_IntHigh_2100","PD","HA","IntHigh","2100",1.108020528404
"03100201_99999900_LEMON_BAY",6425,241,"LEMON BAY","03100201","99999900","BAY","tbcmp_PD_HA_IntHigh_2100","PD","HA","IntHigh","2100",0.238209587284
"03100201_99999900_LEMON_BAY",6510,151,"LEMON BAY","03100201","99999900","BAY","tbcmp_PD_HA_IntHigh_2100","PD","HA","IntHigh","2100",0.149251650124
"03100201_99999900_LEMON_BAY",6600,2657,"LEMON BAY","03100201","99999900","BAY","tbcmp_PD_HA_IntHigh_2100","PD","HA","IntHigh","2100",2.626235989268
"03100201_99999900_LEMON_BAY",9113,377944,"LEMON BAY","03100201","99999900","BAY","tbcmp_PD_HA_IntHigh_2100","PD","HA","IntHigh","2100",373.567984466656
"03100202_10000000_PEACOCK_BRANCH",1100,47,"PEACOCK BRANCH","03100202","10000000","DRAIN","tbcmp_PD_HA_IntHigh_2100","PD","HA","IntHigh","2100",0.046455811628
"03100202_10000000_PEACOCK_BRANCH",2100,712043,"PEACOCK BRANCH","03100202","10000000","DRAIN","tbcmp_PD_HA_IntHigh_2100","PD","HA","IntHigh","2100",703.798627213532
"03100202_10000000_PEACOCK_BRANCH",2200,20238,"PEACOCK BRANCH","03100202","10000000","DRAIN","tbcmp_PD_HA_IntHigh_2100","PD","HA","IntHigh","2100",20.003674802712
"03100202_10000000_PEACOCK_BRANCH",3200,59015,"PEACOCK BRANCH","03100202","10000000","DRAIN","tbcmp_PD_HA_IntHigh_2100","PD","HA","IntHigh","2100",58.33169623886
"03100202_10000000_PEACOCK_BRANCH",4100,359013,"PEACOCK BRANCH","03100202","10000000","DRAIN","tbcmp_PD_HA_IntHigh_2100","PD","HA","IntHigh","2100",354.856176595812
"03100202_10000000_PEACOCK_BRANCH",6110,113657,"PEACOCK BRANCH","03100202","10000000","DRAIN","tbcmp_PD_HA_IntHigh_2100","PD","HA","IntHigh","2100",112.341025153268
"03100202_10000000_PEACOCK_BRANCH",6410,31644,"PEACOCK BRANCH","03100202","10000000","DRAIN","tbcmp_PD_HA_IntHigh_2100","PD","HA","IntHigh","2100",31.277610705456
"03100202_11000000_UNNAMED_DITCH",1200,14902,"UNNAMED DITCH","03100202","11000000","DITCH","tbcmp_PD_HA_IntHigh_2100","PD","HA","IntHigh","2100",14.729457550648
"03100202_11000000_UNNAMED_DITCH",1900,103219,"UNNAMED DITCH","03100202","11000000","DITCH","tbcmp_PD_HA_IntHigh_2100","PD","HA","IntHigh","2100",102.023881285756
"03100202_11000000_UNNAMED_DITCH",2100,246768,"UNNAMED DITCH","03100202","11000000","DITCH","tbcmp_PD_HA_IntHigh_2100","PD","HA","IntHigh","2100",243.910802634432
"03100202_11000000_UNNAMED_DITCH",3200,84395,"UNNAMED DITCH","03100202","11000000","DITCH","tbcmp_PD_HA_IntHigh_2100","PD","HA","IntHigh","2100",83.41783451798
"03100202_11000000_UNNAMED_DITCH",4100,82064,"UNNAMED DITCH","03100202","11000000","DITCH","tbcmp_PD_HA_IntHigh_2100","PD","HA","IntHigh","2100",81.113823945536
"03100202_11000000_UNNAMED_DITCH",4400,124757,"UNNAMED DITCH","03100202","11000000","DITCH","tbcmp_PD_HA_IntHigh_2100","PD","HA","IntHigh","2100",123.312504069668
"03100202_11000000_UNNAMED_DITCH",5200,1389,"UNNAMED DITCH","03100202","11000000","DITCH","tbcmp_PD_HA_IntHigh_2100","PD","HA","IntHigh","2100",1.372917496836
"03100202_11000000_UNNAMED_DITCH",6110,5534,"UNNAMED DITCH","03100202","11000000","DITCH","tbcmp_PD_HA_IntHigh_2100","PD","HA","IntHigh","2100",5.469924713816
"03100202_11000000_UNNAMED_DITCH",6410,60324,"UNNAMED DITCH","03100202","11000000","DITCH","tbcmp_PD_HA_IntHigh_2100","PD","HA","IntHigh","2100",59.625540013776
"03100202_22000000_UNNAMED_CREEK",1200,312252,"UNNAMED CREEK","03100202","22000000","STREAM","tbcmp_PD_HA_IntHigh_2100","PD","HA","IntHigh","2100",308.636597712048
"03100202_22000000_UNNAMED_CREEK",1900,77367,"UNNAMED CREEK","03100202","22000000","STREAM","tbcmp_PD_HA_IntHigh_2100","PD","HA","IntHigh","2100",76.471208047308
"03100202_22000000_UNNAMED_CREEK",2100,1465714,"UNNAMED CREEK","03100202","22000000","STREAM","tbcmp_PD_HA_IntHigh_2100","PD","HA","IntHigh","2100",1448.74326562814
"03100202_22000000_UNNAMED_CREEK",2200,93223,"UNNAMED CREEK","03100202","22000000","STREAM","tbcmp_PD_HA_IntHigh_2100","PD","HA","IntHigh","2100",92.143619731852
"03100202_22000000_UNNAMED_CREEK",2400,282708,"UNNAMED CREEK","03100202","22000000","STREAM","tbcmp_PD_HA_IntHigh_2100","PD","HA","IntHigh","2100",279.434672206992
"03100202_22000000_UNNAMED_CREEK",3200,1568909,"UNNAMED CREEK","03100202","22000000","STREAM","tbcmp_PD_HA_IntHigh_2100","PD","HA","IntHigh","2100",1550.74342479732
"03100202_22000000_UNNAMED_CREEK",4100,1231658,"UNNAMED CREEK","03100202","22000000","STREAM","tbcmp_PD_HA_IntHigh_2100","PD","HA","IntHigh","2100",1217.39727740679
"03100202_22000000_UNNAMED_CREEK",4400,32452,"UNNAMED CREEK","03100202","22000000","STREAM","tbcmp_PD_HA_IntHigh_2100","PD","HA","IntHigh","2100",32.076255296848
"03100202_22000000_UNNAMED_CREEK",5200,11197,"UNNAMED CREEK","03100202","22000000","STREAM","tbcmp_PD_HA_IntHigh_2100","PD","HA","IntHigh","2100",11.067355804228
"03100202_22000000_UNNAMED_CREEK",6110,250425,"UNNAMED CREEK","03100202","22000000","STREAM","tbcmp_PD_HA_IntHigh_2100","PD","HA","IntHigh","2100",247.5254601477
"03100202_22000000_UNNAMED_CREEK",6410,319337,"UNNAMED CREEK","03100202","22000000","STREAM","tbcmp_PD_HA_IntHigh_2100","PD","HA","IntHigh","2100",315.639564209588
"03100202_24000000_UNNAMED_STREAM",1900,21001,"UNNAMED STREAM","03100202","24000000","STREAM","tbcmp_PD_HA_IntHigh_2100","PD","HA","IntHigh","2100",20.757840425524
"03100202_24000000_UNNAMED_STREAM",2100,10299,"UNNAMED STREAM","03100202","24000000","STREAM","tbcmp_PD_HA_IntHigh_2100","PD","HA","IntHigh","2100",10.179753275676
"03100202_24000000_UNNAMED_STREAM",2200,837005,"UNNAMED STREAM","03100202","24000000","STREAM","tbcmp_PD_HA_IntHigh_2100","PD","HA","IntHigh","2100",827.31375769562
"03100202_24000000_UNNAMED_STREAM",3200,598681,"UNNAMED STREAM","03100202","24000000","STREAM","tbcmp_PD_HA_IntHigh_2100","PD","HA","IntHigh","2100",591.749186409844
"03100202_24000000_UNNAMED_STREAM",4100,100262,"UNNAMED STREAM","03100202","24000000","STREAM","tbcmp_PD_HA_IntHigh_2100","PD","HA","IntHigh","2100",99.101118839288
"03100202_24000000_UNNAMED_STREAM",5200,25554,"UNNAMED STREAM","03100202","24000000","STREAM","tbcmp_PD_HA_IntHigh_2100","PD","HA","IntHigh","2100",25.258123624296
"03100202_24000000_UNNAMED_STREAM",6110,118664,"UNNAMED STREAM","03100202","24000000","STREAM","tbcmp_PD_HA_IntHigh_2100","PD","HA","IntHigh","2100",117.290051723936
"03100202_24000000_UNNAMED_STREAM",6410,273441,"UNNAMED STREAM","03100202","24000000","STREAM","tbcmp_PD_HA_IntHigh_2100","PD","HA","IntHigh","2100",270.274969944084
"03100202_30400000_UNNAMED_DRAIN",1900,320971,"UNNAMED DRAIN","03100202","30400000","DRAIN","tbcmp_PD_HA_IntHigh_2100","PD","HA","IntHigh","2100",317.254644979804
"03100202_30400000_UNNAMED_DRAIN",2100,957840,"UNNAMED DRAIN","03100202","30400000","DRAIN","tbcmp_PD_HA_IntHigh_2100","PD","HA","IntHigh","2100",946.74967254816
"03100202_30400000_UNNAMED_DRAIN",2200,313156,"UNNAMED DRAIN","03100202","30400000","DRAIN","tbcmp_PD_HA_IntHigh_2100","PD","HA","IntHigh","2100",309.530130769744
"03100202_30400000_UNNAMED_DRAIN",3200,1091432,"UNNAMED DRAIN","03100202","30400000","DRAIN","tbcmp_PD_HA_IntHigh_2100","PD","HA","IntHigh","2100",1078.79488078237
"03100202_30400000_UNNAMED_DRAIN",4100,224848,"UNNAMED DRAIN","03100202","30400000","DRAIN","tbcmp_PD_HA_IntHigh_2100","PD","HA","IntHigh","2100",222.244602828352
"03100202_30400000_UNNAMED_DRAIN",4400,479292,"UNNAMED DRAIN","03100202","30400000","DRAIN","tbcmp_PD_HA_IntHigh_2100","PD","HA","IntHigh","2100",473.742529081008
"03100202_30400000_UNNAMED_DRAIN",5200,8496,"UNNAMED DRAIN","03100202","30400000","DRAIN","tbcmp_PD_HA_IntHigh_2100","PD","HA","IntHigh","2100",8.397629267904
"03100202_30400000_UNNAMED_DRAIN",6110,189423,"UNNAMED DRAIN","03100202","30400000","DRAIN","tbcmp_PD_HA_IntHigh_2100","PD","HA","IntHigh","2100",187.229770340652
"03100202_30400000_UNNAMED_DRAIN",6410,220326,"UNNAMED DRAIN","03100202","30400000","DRAIN","tbcmp_PD_HA_IntHigh_2100","PD","HA","IntHigh","2100",217.774960696824
"03100202_30990000_EAST_FORK_MANATEE_RIVER",1100,58204,"EAST FORK MANATEE RIVER","03100202","30990000","STREAM","tbcmp_PD_HA_IntHigh_2100","PD","HA","IntHigh","2100",57.530086382896
"03100202_30990000_EAST_FORK_MANATEE_RIVER",1200,405842,"EAST FORK MANATEE RIVER","03100202","30990000","STREAM","tbcmp_PD_HA_IntHigh_2100","PD","HA","IntHigh","2100",401.142968143208
"03100202_30990000_EAST_FORK_MANATEE_RIVER",1900,656839,"EAST FORK MANATEE RIVER","03100202","30990000","STREAM","tbcmp_PD_HA_IntHigh_2100","PD","HA","IntHigh","2100",649.233805402636
"03100202_30990000_EAST_FORK_MANATEE_RIVER",2100,2554115,"EAST FORK MANATEE RIVER","03100202","30990000","STREAM","tbcmp_PD_HA_IntHigh_2100","PD","HA","IntHigh","2100",2524.54224077126
"03100202_30990000_EAST_FORK_MANATEE_RIVER",2200,790494,"EAST FORK MANATEE RIVER","03100202","30990000","STREAM","tbcmp_PD_HA_IntHigh_2100","PD","HA","IntHigh","2100",781.341284192856
"03100202_30990000_EAST_FORK_MANATEE_RIVER",2400,230971,"EAST FORK MANATEE RIVER","03100202","30990000","STREAM","tbcmp_PD_HA_IntHigh_2100","PD","HA","IntHigh","2100",228.296707819804
"03100202_30990000_EAST_FORK_MANATEE_RIVER",3200,5321475,"EAST FORK MANATEE RIVER","03100202","30990000","STREAM","tbcmp_PD_HA_IntHigh_2100","PD","HA","IntHigh","2100",5259.8604294279
"03100202_30990000_EAST_FORK_MANATEE_RIVER",4100,901624,"EAST FORK MANATEE RIVER","03100202","30990000","STREAM","tbcmp_PD_HA_IntHigh_2100","PD","HA","IntHigh","2100",891.184568154976
"03100202_30990000_EAST_FORK_MANATEE_RIVER",4400,864723,"EAST FORK MANATEE RIVER","03100202","30990000","STREAM","tbcmp_PD_HA_IntHigh_2100","PD","HA","IntHigh","2100",854.710825497852
"03100202_30990000_EAST_FORK_MANATEE_RIVER",5200,22523,"EAST FORK MANATEE RIVER","03100202","30990000","STREAM","tbcmp_PD_HA_IntHigh_2100","PD","HA","IntHigh","2100",22.262217985052
"03100202_30990000_EAST_FORK_MANATEE_RIVER",6110,917259,"EAST FORK MANATEE RIVER","03100202","30990000","STREAM","tbcmp_PD_HA_IntHigh_2100","PD","HA","IntHigh","2100",906.638538682716
"03100202_30990000_EAST_FORK_MANATEE_RIVER",6410,1388980,"EAST FORK MANATEE RIVER","03100202","30990000","STREAM","tbcmp_PD_HA_IntHigh_2100","PD","HA","IntHigh","2100",1372.89772840552
"03100202_33000000_UNNAMED_STREAM",1200,1391,"UNNAMED STREAM","03100202","33000000","STREAM","tbcmp_PD_HA_IntHigh_2100","PD","HA","IntHigh","2100",1.374894339884
"03100202_33000000_UNNAMED_STREAM",2100,132699,"UNNAMED STREAM","03100202","33000000","STREAM","tbcmp_PD_HA_IntHigh_2100","PD","HA","IntHigh","2100",131.162547813276
"03100202_33000000_UNNAMED_STREAM",2200,603814,"UNNAMED STREAM","03100202","33000000","STREAM","tbcmp_PD_HA_IntHigh_2100","PD","HA","IntHigh","2100",596.822754092536
"03100202_33000000_UNNAMED_STREAM",3200,1181391,"UNNAMED STREAM","03100202","33000000","STREAM","tbcmp_PD_HA_IntHigh_2100","PD","HA","IntHigh","2100",1167.71229265988
"03100202_33000000_UNNAMED_STREAM",4100,77295,"UNNAMED STREAM","03100202","33000000","STREAM","tbcmp_PD_HA_IntHigh_2100","PD","HA","IntHigh","2100",76.40004169758
"03100202_33000000_UNNAMED_STREAM",4400,72999,"UNNAMED STREAM","03100202","33000000","STREAM","tbcmp_PD_HA_IntHigh_2100","PD","HA","IntHigh","2100",72.153782830476
"03100202_33000000_UNNAMED_STREAM",5200,19870,"UNNAMED STREAM","03100202","33000000","STREAM","tbcmp_PD_HA_IntHigh_2100","PD","HA","IntHigh","2100",19.63993568188
"03100202_33000000_UNNAMED_STREAM",6110,110128,"UNNAMED STREAM","03100202","33000000","STREAM","tbcmp_PD_HA_IntHigh_2100","PD","HA","IntHigh","2100",108.852885595072
"03100202_33000000_UNNAMED_STREAM",6410,85756,"UNNAMED STREAM","03100202","33000000","STREAM","tbcmp_PD_HA_IntHigh_2100","PD","HA","IntHigh","2100",84.763076212144
"03100202_40000000_WEBB_BRANCH",1200,86318,"WEBB BRANCH","03100202","40000000","DRAIN","tbcmp_PD_HA_IntHigh_2100","PD","HA","IntHigh","2100",85.318569108632
"03100202_40000000_WEBB_BRANCH",1900,23261,"WEBB BRANCH","03100202","40000000","DRAIN","tbcmp_PD_HA_IntHigh_2100","PD","HA","IntHigh","2100",22.991673069764
"03100202_40000000_WEBB_BRANCH",2100,591117,"WEBB BRANCH","03100202","40000000","DRAIN","tbcmp_PD_HA_IntHigh_2100","PD","HA","IntHigh","2100",584.272766002308
"03100202_40000000_WEBB_BRANCH",3200,728446,"WEBB BRANCH","03100202","40000000","DRAIN","tbcmp_PD_HA_IntHigh_2100","PD","HA","IntHigh","2100",720.011705471704
"03100202_40000000_WEBB_BRANCH",4100,597144,"WEBB BRANCH","03100202","40000000","DRAIN","tbcmp_PD_HA_IntHigh_2100","PD","HA","IntHigh","2100",590.229982527456
"03100202_40000000_WEBB_BRANCH",5200,1705,"WEBB BRANCH","03100202","40000000","DRAIN","tbcmp_PD_HA_IntHigh_2100","PD","HA","IntHigh","2100",1.68525869842
"03100202_40000000_WEBB_BRANCH",6110,546498,"WEBB BRANCH","03100202","40000000","DRAIN","tbcmp_PD_HA_IntHigh_2100","PD","HA","IntHigh","2100",540.170386022952
"03100202_40000000_WEBB_BRANCH",6410,142870,"WEBB BRANCH","03100202","40000000","DRAIN","tbcmp_PD_HA_IntHigh_2100","PD","HA","IntHigh","2100",141.21578313388
"03100202_45000000_LITTLE_FT_CRAWFORD_CR",1900,99893,"LITTLE FT CRAWFORD CR","03100202","45000000","STREAM","tbcmp_PD_HA_IntHigh_2100","PD","HA","IntHigh","2100",98.736391296932
"03100202_45000000_LITTLE_FT_CRAWFORD_CR",2100,628692,"LITTLE FT CRAWFORD CR","03100202","45000000","STREAM","tbcmp_PD_HA_IntHigh_2100","PD","HA","IntHigh","2100",621.412704766608
"03100202_45000000_LITTLE_FT_CRAWFORD_CR",3200,236543,"LITTLE FT CRAWFORD CR","03100202","45000000","STREAM","tbcmp_PD_HA_IntHigh_2100","PD","HA","IntHigh","2100",233.804192551532
"03100202_45000000_LITTLE_FT_CRAWFORD_CR",4100,254220,"LITTLE FT CRAWFORD CR","03100202","45000000","STREAM","tbcmp_PD_HA_IntHigh_2100","PD","HA","IntHigh","2100",251.27651983128
"03100202_45000000_LITTLE_FT_CRAWFORD_CR",5200,3860,"LITTLE FT CRAWFORD CR","03100202","45000000","STREAM","tbcmp_PD_HA_IntHigh_2100","PD","HA","IntHigh","2100",3.81530708264
"03100202_45000000_LITTLE_FT_CRAWFORD_CR",6110,155539,"LITTLE FT CRAWFORD CR","03100202","45000000","STREAM","tbcmp_PD_HA_IntHigh_2100","PD","HA","IntHigh","2100",153.738095421436
"03100202_45000000_LITTLE_FT_CRAWFORD_CR",6410,38685,"LITTLE FT CRAWFORD CR","03100202","45000000","STREAM","tbcmp_PD_HA_IntHigh_2100","PD","HA","IntHigh","2100",38.23708665594
"03100202_50000000_FORT_CRAWFORD_CREEK",1900,58186,"FORT CRAWFORD CREEK","03100202","50000000","STREAM","tbcmp_PD_HA_IntHigh_2100","PD","HA","IntHigh","2100",57.512294795464
"03100202_50000000_FORT_CRAWFORD_CREEK",2100,530764,"FORT CRAWFORD CREEK","03100202","50000000","STREAM","tbcmp_PD_HA_IntHigh_2100","PD","HA","IntHigh","2100",524.618561764336
"03100202_50000000_FORT_CRAWFORD_CREEK",3200,57559,"FORT CRAWFORD CREEK","03100202","50000000","STREAM","tbcmp_PD_HA_IntHigh_2100","PD","HA","IntHigh","2100",56.892554499916
"03100202_50000000_FORT_CRAWFORD_CREEK",4100,56474,"FORT CRAWFORD CREEK","03100202","50000000","STREAM","tbcmp_PD_HA_IntHigh_2100","PD","HA","IntHigh","2100",55.820117146376
"03100202_50000000_FORT_CRAWFORD_CREEK",5200,3276,"FORT CRAWFORD CREEK","03100202","50000000","STREAM","tbcmp_PD_HA_IntHigh_2100","PD","HA","IntHigh","2100",3.238068912624
"03100202_50000000_FORT_CRAWFORD_CREEK",6110,55427,"FORT CRAWFORD CREEK","03100202","50000000","STREAM","tbcmp_PD_HA_IntHigh_2100","PD","HA","IntHigh","2100",54.785239810748
"03100202_50000000_FORT_CRAWFORD_CREEK",6410,21942,"FORT CRAWFORD CREEK","03100202","50000000","STREAM","tbcmp_PD_HA_IntHigh_2100","PD","HA","IntHigh","2100",21.687945079608
"03100202_60000000_FISHER_BRANCH",1100,1014948,"FISHER BRANCH","03100202","60000000","STREAM","tbcmp_PD_HA_IntHigh_2100","PD","HA","IntHigh","2100",1003.19644894075
"03100202_60000000_FISHER_BRANCH",1200,4842,"FISHER BRANCH","03100202","60000000","STREAM","tbcmp_PD_HA_IntHigh_2100","PD","HA","IntHigh","2100",4.785937019208
"03100202_60000000_FISHER_BRANCH",1900,133043,"FISHER BRANCH","03100202","60000000","STREAM","tbcmp_PD_HA_IntHigh_2100","PD","HA","IntHigh","2100",131.502564817532
"03100202_60000000_FISHER_BRANCH",2100,1166248,"FISHER BRANCH","03100202","60000000","STREAM","tbcmp_PD_HA_IntHigh_2100","PD","HA","IntHigh","2100",1152.74462552195
"03100202_60000000_FISHER_BRANCH",2200,4185,"FISHER BRANCH","03100202","60000000","STREAM","tbcmp_PD_HA_IntHigh_2100","PD","HA","IntHigh","2100",4.13654407794
"03100202_60000000_FISHER_BRANCH",2400,21894,"FISHER BRANCH","03100202","60000000","STREAM","tbcmp_PD_HA_IntHigh_2100","PD","HA","IntHigh","2100",21.640500846456
"03100202_60000000_FISHER_BRANCH",3200,39526,"FISHER BRANCH","03100202","60000000","STREAM","tbcmp_PD_HA_IntHigh_2100","PD","HA","IntHigh","2100",39.068349157624
"03100202_60000000_FISHER_BRANCH",4100,182441,"FISHER BRANCH","03100202","60000000","STREAM","tbcmp_PD_HA_IntHigh_2100","PD","HA","IntHigh","2100",180.328611260084
"03100202_60000000_FISHER_BRANCH",5200,20356,"FISHER BRANCH","03100202","60000000","STREAM","tbcmp_PD_HA_IntHigh_2100","PD","HA","IntHigh","2100",20.120308542544
"03100202_60000000_FISHER_BRANCH",6110,200877,"FISHER BRANCH","03100202","60000000","STREAM","tbcmp_PD_HA_IntHigh_2100","PD","HA","IntHigh","2100",198.551150476548
"03100202_60000000_FISHER_BRANCH",6410,57943,"FISHER BRANCH","03100202","60000000","STREAM","tbcmp_PD_HA_IntHigh_2100","PD","HA","IntHigh","2100",57.272108365132
"03100202_62000000_CORBIT_BRANCH",1100,575587,"CORBIT BRANCH","03100202","62000000","STREAM","tbcmp_PD_HA_IntHigh_2100","PD","HA","IntHigh","2100",568.922579734588
"03100202_62000000_CORBIT_BRANCH",1200,62364,"CORBIT BRANCH","03100202","62000000","STREAM","tbcmp_PD_HA_IntHigh_2100","PD","HA","IntHigh","2100",61.641919922736
"03100202_62000000_CORBIT_BRANCH",1800,519,"CORBIT BRANCH","03100202","62000000","STREAM","tbcmp_PD_HA_IntHigh_2100","PD","HA","IntHigh","2100",0.512990770956
"03100202_62000000_CORBIT_BRANCH",1900,120891,"CORBIT BRANCH","03100202","62000000","STREAM","tbcmp_PD_HA_IntHigh_2100","PD","HA","IntHigh","2100",119.491266457884
"03100202_62000000_CORBIT_BRANCH",2100,868468,"CORBIT BRANCH","03100202","62000000","STREAM","tbcmp_PD_HA_IntHigh_2100","PD","HA","IntHigh","2100",858.412464105232
"03100202_62000000_CORBIT_BRANCH",2200,5803,"CORBIT BRANCH","03100202","62000000","STREAM","tbcmp_PD_HA_IntHigh_2100","PD","HA","IntHigh","2100",5.735810103772
"03100202_62000000_CORBIT_BRANCH",2400,23050,"CORBIT BRANCH","03100202","62000000","STREAM","tbcmp_PD_HA_IntHigh_2100","PD","HA","IntHigh","2100",22.7831161282
"03100202_62000000_CORBIT_BRANCH",3200,25360,"CORBIT BRANCH","03100202","62000000","STREAM","tbcmp_PD_HA_IntHigh_2100","PD","HA","IntHigh","2100",25.06636984864
"03100202_62000000_CORBIT_BRANCH",4100,525665,"CORBIT BRANCH","03100202","62000000","STREAM","tbcmp_PD_HA_IntHigh_2100","PD","HA","IntHigh","2100",519.57860041346
"03100202_62000000_CORBIT_BRANCH",5200,12097,"CORBIT BRANCH","03100202","62000000","STREAM","tbcmp_PD_HA_IntHigh_2100","PD","HA","IntHigh","2100",11.956935175828
"03100202_62000000_CORBIT_BRANCH",6110,36030,"CORBIT BRANCH","03100202","62000000","STREAM","tbcmp_PD_HA_IntHigh_2100","PD","HA","IntHigh","2100",35.61282750972
"03100202_62000000_CORBIT_BRANCH",6410,78349,"CORBIT BRANCH","03100202","62000000","STREAM","tbcmp_PD_HA_IntHigh_2100","PD","HA","IntHigh","2100",77.441837983876
"03100202_64000000_CRAIG_BRANCH",1100,12152,"CRAIG BRANCH","03100202","64000000","STREAM","tbcmp_PD_HA_IntHigh_2100","PD","HA","IntHigh","2100",12.011298359648
"03100202_64000000_CRAIG_BRANCH",1200,225,"CRAIG BRANCH","03100202","64000000","STREAM","tbcmp_PD_HA_IntHigh_2100","PD","HA","IntHigh","2100",0.2223948429
"03100202_64000000_CRAIG_BRANCH",1900,11975,"CRAIG BRANCH","03100202","64000000","STREAM","tbcmp_PD_HA_IntHigh_2100","PD","HA","IntHigh","2100",11.8363477499
"03100202_64000000_CRAIG_BRANCH",2100,332151,"CRAIG BRANCH","03100202","64000000","STREAM","tbcmp_PD_HA_IntHigh_2100","PD","HA","IntHigh","2100",328.305197618124
"03100202_64000000_CRAIG_BRANCH",2200,19859,"CRAIG BRANCH","03100202","64000000","STREAM","tbcmp_PD_HA_IntHigh_2100","PD","HA","IntHigh","2100",19.629063045116
"03100202_64000000_CRAIG_BRANCH",3200,272833,"CRAIG BRANCH","03100202","64000000","STREAM","tbcmp_PD_HA_IntHigh_2100","PD","HA","IntHigh","2100",269.674009657492
"03100202_64000000_CRAIG_BRANCH",4100,24225,"CRAIG BRANCH","03100202","64000000","STREAM","tbcmp_PD_HA_IntHigh_2100","PD","HA","IntHigh","2100",23.9445114189
"03100202_64000000_CRAIG_BRANCH",6110,3080,"CRAIG BRANCH","03100202","64000000","STREAM","tbcmp_PD_HA_IntHigh_2100","PD","HA","IntHigh","2100",3.04433829392
"03100202_64000000_CRAIG_BRANCH",6410,42586,"CRAIG BRANCH","03100202","64000000","STREAM","tbcmp_PD_HA_IntHigh_2100","PD","HA","IntHigh","2100",42.092919021064
"03100202_65500000_UNNAMED_STREAM",1900,55196,"UNNAMED STREAM","03100202","65500000","STREAM","tbcmp_PD_HA_IntHigh_2100","PD","HA","IntHigh","2100",54.556914438704
"03100202_65500000_UNNAMED_STREAM",2100,533213,"UNNAMED STREAM","03100202","65500000","STREAM","tbcmp_PD_HA_IntHigh_2100","PD","HA","IntHigh","2100",527.039206076612
"03100202_65500000_UNNAMED_STREAM",3200,768547,"UNNAMED STREAM","03100202","65500000","STREAM","tbcmp_PD_HA_IntHigh_2100","PD","HA","IntHigh","2100",759.648397005628
"03100202_65500000_UNNAMED_STREAM",4100,28061,"UNNAMED STREAM","03100202","65500000","STREAM","tbcmp_PD_HA_IntHigh_2100","PD","HA","IntHigh","2100",27.736096384964
"03100202_65500000_UNNAMED_STREAM",5200,750,"UNNAMED STREAM","03100202","65500000","STREAM","tbcmp_PD_HA_IntHigh_2100","PD","HA","IntHigh","2100",0.741316143
"03100202_65500000_UNNAMED_STREAM",6110,59788,"UNNAMED STREAM","03100202","65500000","STREAM","tbcmp_PD_HA_IntHigh_2100","PD","HA","IntHigh","2100",59.095746076912
"03100202_65500000_UNNAMED_STREAM",6410,140538,"UNNAMED STREAM","03100202","65500000","STREAM","tbcmp_PD_HA_IntHigh_2100","PD","HA","IntHigh","2100",138.910784139912
"03100202_65600000_UNNAMED_STREAM",1200,6451,"UNNAMED STREAM","03100202","65600000","STREAM","tbcmp_PD_HA_IntHigh_2100","PD","HA","IntHigh","2100",6.376307251324
"03100202_65600000_UNNAMED_STREAM",1900,221154,"UNNAMED STREAM","03100202","65600000","STREAM","tbcmp_PD_HA_IntHigh_2100","PD","HA","IntHigh","2100",218.593373718696
"03100202_65600000_UNNAMED_STREAM",2100,3689156,"UNNAMED STREAM","03100202","65600000","STREAM","tbcmp_PD_HA_IntHigh_2100","PD","HA","IntHigh","2100",3646.44119579374
"03100202_65600000_UNNAMED_STREAM",2200,29488,"UNNAMED STREAM","03100202","65600000","STREAM","tbcmp_PD_HA_IntHigh_2100","PD","HA","IntHigh","2100",29.146573899712
"03100202_65600000_UNNAMED_STREAM",3200,679030,"UNNAMED STREAM","03100202","65600000","STREAM","tbcmp_PD_HA_IntHigh_2100","PD","HA","IntHigh","2100",671.16786744172
"03100202_65600000_UNNAMED_STREAM",4100,88193,"UNNAMED STREAM","03100202","65600000","STREAM","tbcmp_PD_HA_IntHigh_2100","PD","HA","IntHigh","2100",87.171859466132
"03100202_65600000_UNNAMED_STREAM",5200,4135,"UNNAMED STREAM","03100202","65600000","STREAM","tbcmp_PD_HA_IntHigh_2100","PD","HA","IntHigh","2100",4.08712300174
"03100202_65600000_UNNAMED_STREAM",6110,243530,"UNNAMED STREAM","03100202","65600000","STREAM","tbcmp_PD_HA_IntHigh_2100","PD","HA","IntHigh","2100",240.71029373972
"03100202_65600000_UNNAMED_STREAM",6410,167268,"UNNAMED STREAM","03100202","65600000","STREAM","tbcmp_PD_HA_IntHigh_2100","PD","HA","IntHigh","2100",165.331291476432
"03100202_65990000_GILLY_CREEK",1100,11962,"GILLY CREEK","03100202","65990000","STREAM","tbcmp_PD_HA_IntHigh_2100","PD","HA","IntHigh","2100",11.823498270088
"03100202_65990000_GILLY_CREEK",1200,52781,"GILLY CREEK","03100202","65990000","STREAM","tbcmp_PD_HA_IntHigh_2100","PD","HA","IntHigh","2100",52.169876458244
"03100202_65990000_GILLY_CREEK",1900,921930,"GILLY CREEK","03100202","65990000","STREAM","tbcmp_PD_HA_IntHigh_2100","PD","HA","IntHigh","2100",911.25545562132
"03100202_65990000_GILLY_CREEK",2100,3107192,"GILLY CREEK","03100202","65990000","STREAM","tbcmp_PD_HA_IntHigh_2100","PD","HA","IntHigh","2100",3071.21545200061
"03100202_65990000_GILLY_CREEK",2200,262539,"GILLY CREEK","03100202","65990000","STREAM","tbcmp_PD_HA_IntHigh_2100","PD","HA","IntHigh","2100",259.499198489436
"03100202_65990000_GILLY_CREEK",3200,2908879,"GILLY CREEK","03100202","65990000","STREAM","tbcmp_PD_HA_IntHigh_2100","PD","HA","IntHigh","2100",2875.1986143116
"03100202_65990000_GILLY_CREEK",4100,507129,"GILLY CREEK","03100202","65990000","STREAM","tbcmp_PD_HA_IntHigh_2100","PD","HA","IntHigh","2100",501.257219044596
"03100202_65990000_GILLY_CREEK",5200,63232,"GILLY CREEK","03100202","65990000","STREAM","tbcmp_PD_HA_IntHigh_2100","PD","HA","IntHigh","2100",62.499869805568
"03100202_65990000_GILLY_CREEK",6110,488259,"GILLY CREEK","03100202","65990000","STREAM","tbcmp_PD_HA_IntHigh_2100","PD","HA","IntHigh","2100",482.605704886716
"03100202_65990000_GILLY_CREEK",6410,413205,"GILLY CREEK","03100202","65990000","STREAM","tbcmp_PD_HA_IntHigh_2100","PD","HA","IntHigh","2100",408.42071582442
"03100202_68000000_POLEY_BRANCH",1100,57625,"POLEY BRANCH","03100202","68000000","STREAM","tbcmp_PD_HA_IntHigh_2100","PD","HA","IntHigh","2100",56.9577903205
"03100202_68000000_POLEY_BRANCH",1200,1336,"POLEY BRANCH","03100202","68000000","STREAM","tbcmp_PD_HA_IntHigh_2100","PD","HA","IntHigh","2100",1.320531156064
"03100202_68000000_POLEY_BRANCH",1800,35824,"POLEY BRANCH","03100202","68000000","STREAM","tbcmp_PD_HA_IntHigh_2100","PD","HA","IntHigh","2100",35.409212675776
"03100202_68000000_POLEY_BRANCH",1900,324477,"POLEY BRANCH","03100202","68000000","STREAM","tbcmp_PD_HA_IntHigh_2100","PD","HA","IntHigh","2100",320.720050842948
"03100202_68000000_POLEY_BRANCH",2100,460309,"POLEY BRANCH","03100202","68000000","STREAM","tbcmp_PD_HA_IntHigh_2100","PD","HA","IntHigh","2100",454.979323290916
"03100202_68000000_POLEY_BRANCH",2400,49609,"POLEY BRANCH","03100202","68000000","STREAM","tbcmp_PD_HA_IntHigh_2100","PD","HA","IntHigh","2100",49.034603384116
"03100202_68000000_POLEY_BRANCH",3200,161733,"POLEY BRANCH","03100202","68000000","STREAM","tbcmp_PD_HA_IntHigh_2100","PD","HA","IntHigh","2100",159.860378341092
"03100202_68000000_POLEY_BRANCH",4100,127213,"POLEY BRANCH","03100202","68000000","STREAM","tbcmp_PD_HA_IntHigh_2100","PD","HA","IntHigh","2100",125.740067332612
"03100202_68000000_POLEY_BRANCH",5200,85954,"POLEY BRANCH","03100202","68000000","STREAM","tbcmp_PD_HA_IntHigh_2100","PD","HA","IntHigh","2100",84.958783673896
"03100202_68000000_POLEY_BRANCH",6110,29242,"POLEY BRANCH","03100202","68000000","STREAM","tbcmp_PD_HA_IntHigh_2100","PD","HA","IntHigh","2100",28.903422204808
"03100202_68000000_POLEY_BRANCH",6410,92524,"POLEY BRANCH","03100202","68000000","STREAM","tbcmp_PD_HA_IntHigh_2100","PD","HA","IntHigh","2100",91.452713086576
"03100202_69000000_BOGGY_CREEK",1100,16987,"BOGGY CREEK","03100202","69000000","STREAM","tbcmp_PD_HA_IntHigh_2100","PD","HA","IntHigh","2100",16.790316428188
"03100202_69000000_BOGGY_CREEK",1200,1190,"BOGGY CREEK","03100202","69000000","STREAM","tbcmp_PD_HA_IntHigh_2100","PD","HA","IntHigh","2100",1.17622161356
"03100202_69000000_BOGGY_CREEK",1900,163460,"BOGGY CREEK","03100202","69000000","STREAM","tbcmp_PD_HA_IntHigh_2100","PD","HA","IntHigh","2100",161.56738231304
"03100202_69000000_BOGGY_CREEK",2100,1546111,"BOGGY CREEK","03100202","69000000","STREAM","tbcmp_PD_HA_IntHigh_2100","PD","HA","IntHigh","2100",1528.20939089316
"03100202_69000000_BOGGY_CREEK",3200,469902,"BOGGY CREEK","03100202","69000000","STREAM","tbcmp_PD_HA_IntHigh_2100","PD","HA","IntHigh","2100",464.461250970648
"03100202_69000000_BOGGY_CREEK",4100,228047,"BOGGY CREEK","03100202","69000000","STREAM","tbcmp_PD_HA_IntHigh_2100","PD","HA","IntHigh","2100",225.406563283628
"03100202_69000000_BOGGY_CREEK",5200,39488,"BOGGY CREEK","03100202","69000000","STREAM","tbcmp_PD_HA_IntHigh_2100","PD","HA","IntHigh","2100",39.030789139712
"03100202_69000000_BOGGY_CREEK",6110,30028,"BOGGY CREEK","03100202","69000000","STREAM","tbcmp_PD_HA_IntHigh_2100","PD","HA","IntHigh","2100",29.680321522672
"03100202_69000000_BOGGY_CREEK",6410,222684,"BOGGY CREEK","03100202","69000000","STREAM","tbcmp_PD_HA_IntHigh_2100","PD","HA","IntHigh","2100",220.105658650416
"03100202_71000000_SAND_BRANCH",1100,82903,"SAND BRANCH","03100202","71000000","STREAM","tbcmp_PD_HA_IntHigh_2100","PD","HA","IntHigh","2100",81.943109604172
"03100202_71000000_SAND_BRANCH",1200,75965,"SAND BRANCH","03100202","71000000","STREAM","tbcmp_PD_HA_IntHigh_2100","PD","HA","IntHigh","2100",75.08544107066
"03100202_71000000_SAND_BRANCH",1900,274948,"SAND BRANCH","03100202","71000000","STREAM","tbcmp_PD_HA_IntHigh_2100","PD","HA","IntHigh","2100",271.764521180752
"03100202_71000000_SAND_BRANCH",2100,183459,"SAND BRANCH","03100202","71000000","STREAM","tbcmp_PD_HA_IntHigh_2100","PD","HA","IntHigh","2100",181.334824371516
"03100202_71000000_SAND_BRANCH",2400,3086,"SAND BRANCH","03100202","71000000","STREAM","tbcmp_PD_HA_IntHigh_2100","PD","HA","IntHigh","2100",3.050268823064
"03100202_71000000_SAND_BRANCH",3200,81882,"SAND BRANCH","03100202","71000000","STREAM","tbcmp_PD_HA_IntHigh_2100","PD","HA","IntHigh","2100",80.933931228168
"03100202_71000000_SAND_BRANCH",4100,53922,"SAND BRANCH","03100202","71000000","STREAM","tbcmp_PD_HA_IntHigh_2100","PD","HA","IntHigh","2100",53.297665417128
"03100202_71000000_SAND_BRANCH",5200,29650,"SAND BRANCH","03100202","71000000","STREAM","tbcmp_PD_HA_IntHigh_2100","PD","HA","IntHigh","2100",29.3066981866
"03100202_71000000_SAND_BRANCH",5400,34,"SAND BRANCH","03100202","71000000","STREAM","tbcmp_PD_HA_IntHigh_2100","PD","HA","IntHigh","2100",0.033606331816
"03100202_71000000_SAND_BRANCH",6110,23743,"SAND BRANCH","03100202","71000000","STREAM","tbcmp_PD_HA_IntHigh_2100","PD","HA","IntHigh","2100",23.468092244332
"03100202_71000000_SAND_BRANCH",6410,65558,"SAND BRANCH","03100202","71000000","STREAM","tbcmp_PD_HA_IntHigh_2100","PD","HA","IntHigh","2100",64.798938270392
"03100202_71000000_SAND_BRANCH",6420,20,"SAND BRANCH","03100202","71000000","STREAM","tbcmp_PD_HA_IntHigh_2100","PD","HA","IntHigh","2100",0.01976843048
"03100202_71000000_SAND_BRANCH",6425,59,"SAND BRANCH","03100202","71000000","STREAM","tbcmp_PD_HA_IntHigh_2100","PD","HA","IntHigh","2100",0.058316869916
"03100202_71000000_SAND_BRANCH",6510,33,"SAND BRANCH","03100202","71000000","STREAM","tbcmp_PD_HA_IntHigh_2100","PD","HA","IntHigh","2100",0.032617910292
"03100202_71000000_SAND_BRANCH",6600,100,"SAND BRANCH","03100202","71000000","STREAM","tbcmp_PD_HA_IntHigh_2100","PD","HA","IntHigh","2100",0.0988421524
"03100202_71000000_SAND_BRANCH",9113,114,"SAND BRANCH","03100202","71000000","STREAM","tbcmp_PD_HA_IntHigh_2100","PD","HA","IntHigh","2100",0.112680053736
"03100202_73000000_RYE_BRANCH",1100,20226,"RYE BRANCH","03100202","73000000","STREAM","tbcmp_PD_HA_IntHigh_2100","PD","HA","IntHigh","2100",19.991813744424
"03100202_73000000_RYE_BRANCH",1900,204655,"RYE BRANCH","03100202","73000000","STREAM","tbcmp_PD_HA_IntHigh_2100","PD","HA","IntHigh","2100",202.28540699422
"03100202_73000000_RYE_BRANCH",2100,1514324,"RYE BRANCH","03100202","73000000","STREAM","tbcmp_PD_HA_IntHigh_2100","PD","HA","IntHigh","2100",1496.79043590978
"03100202_73000000_RYE_BRANCH",3200,80070,"RYE BRANCH","03100202","73000000","STREAM","tbcmp_PD_HA_IntHigh_2100","PD","HA","IntHigh","2100",79.14291142668
"03100202_73000000_RYE_BRANCH",4100,182140,"RYE BRANCH","03100202","73000000","STREAM","tbcmp_PD_HA_IntHigh_2100","PD","HA","IntHigh","2100",180.03109638136
"03100202_73000000_RYE_BRANCH",5200,8496,"RYE BRANCH","03100202","73000000","STREAM","tbcmp_PD_HA_IntHigh_2100","PD","HA","IntHigh","2100",8.397629267904
"03100202_73000000_RYE_BRANCH",6110,68109,"RYE BRANCH","03100202","73000000","STREAM","tbcmp_PD_HA_IntHigh_2100","PD","HA","IntHigh","2100",67.320401578116
"03100202_73000000_RYE_BRANCH",6410,97361,"RYE BRANCH","03100202","73000000","STREAM","tbcmp_PD_HA_IntHigh_2100","PD","HA","IntHigh","2100",96.233707998164
"03100202_73000000_RYE_BRANCH",6420,136,"RYE BRANCH","03100202","73000000","STREAM","tbcmp_PD_HA_IntHigh_2100","PD","HA","IntHigh","2100",0.134425327264
"03100202_73000000_RYE_BRANCH",6425,418,"RYE BRANCH","03100202","73000000","STREAM","tbcmp_PD_HA_IntHigh_2100","PD","HA","IntHigh","2100",0.413160197032
"03100202_73000000_RYE_BRANCH",6510,139,"RYE BRANCH","03100202","73000000","STREAM","tbcmp_PD_HA_IntHigh_2100","PD","HA","IntHigh","2100",0.137390591836
"03100202_73000000_RYE_BRANCH",6600,504,"RYE BRANCH","03100202","73000000","STREAM","tbcmp_PD_HA_IntHigh_2100","PD","HA","IntHigh","2100",0.498164448096
"03100202_73000000_RYE_BRANCH",9113,700,"RYE BRANCH","03100202","73000000","STREAM","tbcmp_PD_HA_IntHigh_2100","PD","HA","IntHigh","2100",0.6918950668
"03100202_76000000_GODDARD_CREEK",1100,5539,"GODDARD CREEK","03100202","76000000","STREAM","tbcmp_PD_HA_IntHigh_2100","PD","HA","IntHigh","2100",5.474866821436
"03100202_76000000_GODDARD_CREEK",1200,73326,"GODDARD CREEK","03100202","76000000","STREAM","tbcmp_PD_HA_IntHigh_2100","PD","HA","IntHigh","2100",72.476996668824
"03100202_76000000_GODDARD_CREEK",1900,44092,"GODDARD CREEK","03100202","76000000","STREAM","tbcmp_PD_HA_IntHigh_2100","PD","HA","IntHigh","2100",43.581481836208
"03100202_76000000_GODDARD_CREEK",2100,337423,"GODDARD CREEK","03100202","76000000","STREAM","tbcmp_PD_HA_IntHigh_2100","PD","HA","IntHigh","2100",333.516155892652
"03100202_76000000_GODDARD_CREEK",2200,16,"GODDARD CREEK","03100202","76000000","STREAM","tbcmp_PD_HA_IntHigh_2100","PD","HA","IntHigh","2100",0.015814744384
"03100202_76000000_GODDARD_CREEK",3200,173407,"GODDARD CREEK","03100202","76000000","STREAM","tbcmp_PD_HA_IntHigh_2100","PD","HA","IntHigh","2100",171.399211212268
"03100202_76000000_GODDARD_CREEK",4100,37630,"GODDARD CREEK","03100202","76000000","STREAM","tbcmp_PD_HA_IntHigh_2100","PD","HA","IntHigh","2100",37.19430194812
"03100202_76000000_GODDARD_CREEK",5200,16395,"GODDARD CREEK","03100202","76000000","STREAM","tbcmp_PD_HA_IntHigh_2100","PD","HA","IntHigh","2100",16.20517088598
"03100202_76000000_GODDARD_CREEK",5400,121,"GODDARD CREEK","03100202","76000000","STREAM","tbcmp_PD_HA_IntHigh_2100","PD","HA","IntHigh","2100",0.119599004404
"03100202_76000000_GODDARD_CREEK",6110,63935,"GODDARD CREEK","03100202","76000000","STREAM","tbcmp_PD_HA_IntHigh_2100","PD","HA","IntHigh","2100",63.19473013694
"03100202_76000000_GODDARD_CREEK",6410,11317,"GODDARD CREEK","03100202","76000000","STREAM","tbcmp_PD_HA_IntHigh_2100","PD","HA","IntHigh","2100",11.185966387108
"03100202_76000000_GODDARD_CREEK",6420,28,"GODDARD CREEK","03100202","76000000","STREAM","tbcmp_PD_HA_IntHigh_2100","PD","HA","IntHigh","2100",0.027675802672
"03100202_76000000_GODDARD_CREEK",6425,66,"GODDARD CREEK","03100202","76000000","STREAM","tbcmp_PD_HA_IntHigh_2100","PD","HA","IntHigh","2100",0.065235820584
"03100202_76000000_GODDARD_CREEK",6510,11,"GODDARD CREEK","03100202","76000000","STREAM","tbcmp_PD_HA_IntHigh_2100","PD","HA","IntHigh","2100",0.010872636764
"03100202_76000000_GODDARD_CREEK",6600,93,"GODDARD CREEK","03100202","76000000","STREAM","tbcmp_PD_HA_IntHigh_2100","PD","HA","IntHigh","2100",0.091923201732
"03100202_76000000_GODDARD_CREEK",9113,22,"GODDARD CREEK","03100202","76000000","STREAM","tbcmp_PD_HA_IntHigh_2100","PD","HA","IntHigh","2100",0.021745273528
"03100202_79000000_MILL_CREEK",1100,855363,"MILL CREEK","03100202","79000000","STREAM","tbcmp_PD_HA_IntHigh_2100","PD","HA","IntHigh","2100",845.459200033212
"03100202_79000000_MILL_CREEK",1200,3318658,"MILL CREEK","03100202","79000000","STREAM","tbcmp_PD_HA_IntHigh_2100","PD","HA","IntHigh","2100",3280.23299799479
"03100202_79000000_MILL_CREEK",1800,366360,"MILL CREEK","03100202","79000000","STREAM","tbcmp_PD_HA_IntHigh_2100","PD","HA","IntHigh","2100",362.11810953264
"03100202_79000000_MILL_CREEK",1900,1251195,"MILL CREEK","03100202","79000000","STREAM","tbcmp_PD_HA_IntHigh_2100","PD","HA","IntHigh","2100",1236.70806872118
"03100202_79000000_MILL_CREEK",2100,521023,"MILL CREEK","03100202","79000000","STREAM","tbcmp_PD_HA_IntHigh_2100","PD","HA","IntHigh","2100",514.990347699052
"03100202_79000000_MILL_CREEK",2200,7462,"MILL CREEK","03100202","79000000","STREAM","tbcmp_PD_HA_IntHigh_2100","PD","HA","IntHigh","2100",7.375601412088
"03100202_79000000_MILL_CREEK",2400,48560,"MILL CREEK","03100202","79000000","STREAM","tbcmp_PD_HA_IntHigh_2100","PD","HA","IntHigh","2100",47.99774920544
"03100202_79000000_MILL_CREEK",3200,58072,"MILL CREEK","03100202","79000000","STREAM","tbcmp_PD_HA_IntHigh_2100","PD","HA","IntHigh","2100",57.399614741728
"03100202_79000000_MILL_CREEK",4100,179363,"MILL CREEK","03100202","79000000","STREAM","tbcmp_PD_HA_IntHigh_2100","PD","HA","IntHigh","2100",177.286249809212
"03100202_79000000_MILL_CREEK",5200,788972,"MILL CREEK","03100202","79000000","STREAM","tbcmp_PD_HA_IntHigh_2100","PD","HA","IntHigh","2100",779.836906633328
"03100202_79000000_MILL_CREEK",5400,26010,"MILL CREEK","03100202","79000000","STREAM","tbcmp_PD_HA_IntHigh_2100","PD","HA","IntHigh","2100",25.70884383924
"03100202_79000000_MILL_CREEK",6110,756894,"MILL CREEK","03100202","79000000","STREAM","tbcmp_PD_HA_IntHigh_2100","PD","HA","IntHigh","2100",748.130320986456
"03100202_79000000_MILL_CREEK",6120,5026,"MILL CREEK","03100202","79000000","STREAM","tbcmp_PD_HA_IntHigh_2100","PD","HA","IntHigh","2100",4.967806579624
"03100202_79000000_MILL_CREEK",6410,312821,"MILL CREEK","03100202","79000000","STREAM","tbcmp_PD_HA_IntHigh_2100","PD","HA","IntHigh","2100",309.199009559204
"03100202_79000000_MILL_CREEK",6420,3005,"MILL CREEK","03100202","79000000","STREAM","tbcmp_PD_HA_IntHigh_2100","PD","HA","IntHigh","2100",2.97020667962
"03100202_79000000_MILL_CREEK",6425,5680,"MILL CREEK","03100202","79000000","STREAM","tbcmp_PD_HA_IntHigh_2100","PD","HA","IntHigh","2100",5.61423425632
"03100202_79000000_MILL_CREEK",6510,3175,"MILL CREEK","03100202","79000000","STREAM","tbcmp_PD_HA_IntHigh_2100","PD","HA","IntHigh","2100",3.1382383387
"03100202_79000000_MILL_CREEK",6600,8899,"MILL CREEK","03100202","79000000","STREAM","tbcmp_PD_HA_IntHigh_2100","PD","HA","IntHigh","2100",8.795963142076
"03100202_79000000_MILL_CREEK",9113,57477,"MILL CREEK","03100202","79000000","STREAM","tbcmp_PD_HA_IntHigh_2100","PD","HA","IntHigh","2100",56.811503934948
"03100202_80200000_UNNAMED_STREAM",1100,2759,"UNNAMED STREAM","03100202","80200000","STREAM","tbcmp_PD_HA_IntHigh_2100","PD","HA","IntHigh","2100",2.727054984716
"03100202_80200000_UNNAMED_STREAM",1200,109631,"UNNAMED STREAM","03100202","80200000","STREAM","tbcmp_PD_HA_IntHigh_2100","PD","HA","IntHigh","2100",108.361640097644
"03100202_80200000_UNNAMED_STREAM",1900,137634,"UNNAMED STREAM","03100202","80200000","STREAM","tbcmp_PD_HA_IntHigh_2100","PD","HA","IntHigh","2100",136.040408034216
"03100202_80200000_UNNAMED_STREAM",2100,865837,"UNNAMED STREAM","03100202","80200000","STREAM","tbcmp_PD_HA_IntHigh_2100","PD","HA","IntHigh","2100",855.811927075588
"03100202_80200000_UNNAMED_STREAM",3200,55794,"UNNAMED STREAM","03100202","80200000","STREAM","tbcmp_PD_HA_IntHigh_2100","PD","HA","IntHigh","2100",55.147990510056
"03100202_80200000_UNNAMED_STREAM",4100,25054,"UNNAMED STREAM","03100202","80200000","STREAM","tbcmp_PD_HA_IntHigh_2100","PD","HA","IntHigh","2100",24.763912862296
"03100202_80200000_UNNAMED_STREAM",4400,71519,"UNNAMED STREAM","03100202","80200000","STREAM","tbcmp_PD_HA_IntHigh_2100","PD","HA","IntHigh","2100",70.690918974956
"03100202_80200000_UNNAMED_STREAM",5200,331534,"UNNAMED STREAM","03100202","80200000","STREAM","tbcmp_PD_HA_IntHigh_2100","PD","HA","IntHigh","2100",327.695341537816
"03100202_80200000_UNNAMED_STREAM",6110,167727,"UNNAMED STREAM","03100202","80200000","STREAM","tbcmp_PD_HA_IntHigh_2100","PD","HA","IntHigh","2100",165.784976955948
"03100202_80200000_UNNAMED_STREAM",6410,290546,"UNNAMED STREAM","03100202","80200000","STREAM","tbcmp_PD_HA_IntHigh_2100","PD","HA","IntHigh","2100",287.181920112104
"03100202_80240000_LANDING_FIELD_DRAIN",1200,372,"LANDING FIELD DRAIN","03100202","80240000","DRAIN","tbcmp_PD_HA_IntHigh_2100","PD","HA","IntHigh","2100",0.367692806928
"03100202_80240000_LANDING_FIELD_DRAIN",1900,254147,"LANDING FIELD DRAIN","03100202","80240000","DRAIN","tbcmp_PD_HA_IntHigh_2100","PD","HA","IntHigh","2100",251.204365060028
"03100202_80240000_LANDING_FIELD_DRAIN",2100,1104731,"LANDING FIELD DRAIN","03100202","80240000","DRAIN","tbcmp_PD_HA_IntHigh_2100","PD","HA","IntHigh","2100",1091.93989863004
"03100202_80240000_LANDING_FIELD_DRAIN",2200,6518,"LANDING FIELD DRAIN","03100202","80240000","DRAIN","tbcmp_PD_HA_IntHigh_2100","PD","HA","IntHigh","2100",6.442531493432
"03100202_80240000_LANDING_FIELD_DRAIN",3200,191505,"LANDING FIELD DRAIN","03100202","80240000","DRAIN","tbcmp_PD_HA_IntHigh_2100","PD","HA","IntHigh","2100",189.28766395362
"03100202_80240000_LANDING_FIELD_DRAIN",4100,19536,"LANDING FIELD DRAIN","03100202","80240000","DRAIN","tbcmp_PD_HA_IntHigh_2100","PD","HA","IntHigh","2100",19.309802892864
"03100202_80240000_LANDING_FIELD_DRAIN",5200,2531,"LANDING FIELD DRAIN","03100202","80240000","DRAIN","tbcmp_PD_HA_IntHigh_2100","PD","HA","IntHigh","2100",2.501694877244
"03100202_80240000_LANDING_FIELD_DRAIN",6110,247008,"LANDING FIELD DRAIN","03100202","80240000","DRAIN","tbcmp_PD_HA_IntHigh_2100","PD","HA","IntHigh","2100",244.148023800192
"03100202_80240000_LANDING_FIELD_DRAIN",6410,94261,"LANDING FIELD DRAIN","03100202","80240000","DRAIN","tbcmp_PD_HA_IntHigh_2100","PD","HA","IntHigh","2100",93.169601273764
"03100202_80300000_TYRE_CREEK",1100,5,"TYRE CREEK","03100202","80300000","STREAM","tbcmp_PD_HA_IntHigh_2100","PD","HA","IntHigh","2100",0.00494210762
"03100202_80300000_TYRE_CREEK",1200,1973,"TYRE CREEK","03100202","80300000","STREAM","tbcmp_PD_HA_IntHigh_2100","PD","HA","IntHigh","2100",1.950155666852
"03100202_80300000_TYRE_CREEK",1900,313005,"TYRE CREEK","03100202","80300000","STREAM","tbcmp_PD_HA_IntHigh_2100","PD","HA","IntHigh","2100",309.38087911962
"03100202_80300000_TYRE_CREEK",2100,3174654,"TYRE CREEK","03100202","80300000","STREAM","tbcmp_PD_HA_IntHigh_2100","PD","HA","IntHigh","2100",3137.8963448527
"03100202_80300000_TYRE_CREEK",2200,205706,"TYRE CREEK","03100202","80300000","STREAM","tbcmp_PD_HA_IntHigh_2100","PD","HA","IntHigh","2100",203.324238015944
"03100202_80300000_TYRE_CREEK",2400,9,"TYRE CREEK","03100202","80300000","STREAM","tbcmp_PD_HA_IntHigh_2100","PD","HA","IntHigh","2100",0.008895793716
"03100202_80300000_TYRE_CREEK",3200,373629,"TYRE CREEK","03100202","80300000","STREAM","tbcmp_PD_HA_IntHigh_2100","PD","HA","IntHigh","2100",369.302945590596
"03100202_80300000_TYRE_CREEK",4100,272929,"TYRE CREEK","03100202","80300000","STREAM","tbcmp_PD_HA_IntHigh_2100","PD","HA","IntHigh","2100",269.768898123796
"03100202_80300000_TYRE_CREEK",5200,6342,"TYRE CREEK","03100202","80300000","STREAM","tbcmp_PD_HA_IntHigh_2100","PD","HA","IntHigh","2100",6.268569305208
"03100202_80300000_TYRE_CREEK",6110,434539,"TYRE CREEK","03100202","80300000","STREAM","tbcmp_PD_HA_IntHigh_2100","PD","HA","IntHigh","2100",429.507700617436
"03100202_80300000_TYRE_CREEK",6410,244881,"TYRE CREEK","03100202","80300000","STREAM","tbcmp_PD_HA_IntHigh_2100","PD","HA","IntHigh","2100",242.045651218644
"03100202_80326000_HARVEY_PRONG",1200,1,"HARVEY PRONG","03100202","80326000","STREAM","tbcmp_PD_HA_IntHigh_2100","PD","HA","IntHigh","2100",0.000988421524
"03100202_80326000_HARVEY_PRONG",1900,72541,"HARVEY PRONG","03100202","80326000","STREAM","tbcmp_PD_HA_IntHigh_2100","PD","HA","IntHigh","2100",71.701085772484
"03100202_80326000_HARVEY_PRONG",2100,1285750,"HARVEY PRONG","03100202","80326000","STREAM","tbcmp_PD_HA_IntHigh_2100","PD","HA","IntHigh","2100",1270.862974483
"03100202_80326000_HARVEY_PRONG",2200,48760,"HARVEY PRONG","03100202","80326000","STREAM","tbcmp_PD_HA_IntHigh_2100","PD","HA","IntHigh","2100",48.19543351024
"03100202_80326000_HARVEY_PRONG",3200,161713,"HARVEY PRONG","03100202","80326000","STREAM","tbcmp_PD_HA_IntHigh_2100","PD","HA","IntHigh","2100",159.840609910612
"03100202_80326000_HARVEY_PRONG",4100,25362,"HARVEY PRONG","03100202","80326000","STREAM","tbcmp_PD_HA_IntHigh_2100","PD","HA","IntHigh","2100",25.068346691688
"03100202_80326000_HARVEY_PRONG",5200,2557,"HARVEY PRONG","03100202","80326000","STREAM","tbcmp_PD_HA_IntHigh_2100","PD","HA","IntHigh","2100",2.527393836868
"03100202_80326000_HARVEY_PRONG",6110,70632,"HARVEY PRONG","03100202","80326000","STREAM","tbcmp_PD_HA_IntHigh_2100","PD","HA","IntHigh","2100",69.814189083168
"03100202_80326000_HARVEY_PRONG",6410,143011,"HARVEY PRONG","03100202","80326000","STREAM","tbcmp_PD_HA_IntHigh_2100","PD","HA","IntHigh","2100",141.355150568764
"03100202_80500000_WATER_HOLE_CREEK",1100,158484,"WATER HOLE CREEK","03100202","80500000","STREAM","tbcmp_PD_HA_IntHigh_2100","PD","HA","IntHigh","2100",156.648996809616
"03100202_80500000_WATER_HOLE_CREEK",1200,28866,"WATER HOLE CREEK","03100202","80500000","STREAM","tbcmp_PD_HA_IntHigh_2100","PD","HA","IntHigh","2100",28.531775711784
"03100202_80500000_WATER_HOLE_CREEK",1900,339002,"WATER HOLE CREEK","03100202","80500000","STREAM","tbcmp_PD_HA_IntHigh_2100","PD","HA","IntHigh","2100",335.076873479048
"03100202_80500000_WATER_HOLE_CREEK",2100,1246655,"WATER HOLE CREEK","03100202","80500000","STREAM","tbcmp_PD_HA_IntHigh_2100","PD","HA","IntHigh","2100",1232.22063500222
"03100202_80500000_WATER_HOLE_CREEK",2200,181216,"WATER HOLE CREEK","03100202","80500000","STREAM","tbcmp_PD_HA_IntHigh_2100","PD","HA","IntHigh","2100",179.117794893184
"03100202_80500000_WATER_HOLE_CREEK",3200,80221,"WATER HOLE CREEK","03100202","80500000","STREAM","tbcmp_PD_HA_IntHigh_2100","PD","HA","IntHigh","2100",79.292163076804
"03100202_80500000_WATER_HOLE_CREEK",4100,56641,"WATER HOLE CREEK","03100202","80500000","STREAM","tbcmp_PD_HA_IntHigh_2100","PD","HA","IntHigh","2100",55.985183540884
"03100202_80500000_WATER_HOLE_CREEK",5200,15262,"WATER HOLE CREEK","03100202","80500000","STREAM","tbcmp_PD_HA_IntHigh_2100","PD","HA","IntHigh","2100",15.085289299288
"03100202_80500000_WATER_HOLE_CREEK",6110,119270,"WATER HOLE CREEK","03100202","80500000","STREAM","tbcmp_PD_HA_IntHigh_2100","PD","HA","IntHigh","2100",117.88903516748
"03100202_80500000_WATER_HOLE_CREEK",6410,84716,"WATER HOLE CREEK","03100202","80500000","STREAM","tbcmp_PD_HA_IntHigh_2100","PD","HA","IntHigh","2100",83.735117827184
"03100202_80606000_GAMBLE_CREEK_SINK",1100,740249,"GAMBLE CREEK SINK","03100202","80606000","NONCON","tbcmp_PD_HA_IntHigh_2100","PD","HA","IntHigh","2100",731.678044719476
"03100202_80606000_GAMBLE_CREEK_SINK",1200,885621,"GAMBLE CREEK SINK","03100202","80606000","NONCON","tbcmp_PD_HA_IntHigh_2100","PD","HA","IntHigh","2100",875.366858506404
"03100202_80606000_GAMBLE_CREEK_SINK",1800,1402,"GAMBLE CREEK SINK","03100202","80606000","NONCON","tbcmp_PD_HA_IntHigh_2100","PD","HA","IntHigh","2100",1.385766976648
"03100202_80606000_GAMBLE_CREEK_SINK",1900,1414024,"GAMBLE CREEK SINK","03100202","80606000","NONCON","tbcmp_PD_HA_IntHigh_2100","PD","HA","IntHigh","2100",1397.65175705258
"03100202_80606000_GAMBLE_CREEK_SINK",2100,3053499,"GAMBLE CREEK SINK","03100202","80606000","NONCON","tbcmp_PD_HA_IntHigh_2100","PD","HA","IntHigh","2100",3018.14413511248
"03100202_80606000_GAMBLE_CREEK_SINK",2200,33059,"GAMBLE CREEK SINK","03100202","80606000","NONCON","tbcmp_PD_HA_IntHigh_2100","PD","HA","IntHigh","2100",32.676227161916
"03100202_80606000_GAMBLE_CREEK_SINK",2400,20683,"GAMBLE CREEK SINK","03100202","80606000","NONCON","tbcmp_PD_HA_IntHigh_2100","PD","HA","IntHigh","2100",20.443522380892
"03100202_80606000_GAMBLE_CREEK_SINK",3200,448734,"GAMBLE CREEK SINK","03100202","80606000","NONCON","tbcmp_PD_HA_IntHigh_2100","PD","HA","IntHigh","2100",443.538344150616
"03100202_80606000_GAMBLE_CREEK_SINK",4100,853284,"GAMBLE CREEK SINK","03100202","80606000","NONCON","tbcmp_PD_HA_IntHigh_2100","PD","HA","IntHigh","2100",843.404271684816
"03100202_80606000_GAMBLE_CREEK_SINK",4400,158659,"GAMBLE CREEK SINK","03100202","80606000","NONCON","tbcmp_PD_HA_IntHigh_2100","PD","HA","IntHigh","2100",156.821970576316
"03100202_80606000_GAMBLE_CREEK_SINK",5200,249944,"GAMBLE CREEK SINK","03100202","80606000","NONCON","tbcmp_PD_HA_IntHigh_2100","PD","HA","IntHigh","2100",247.050029394656
"03100202_80606000_GAMBLE_CREEK_SINK",6110,1736424,"GAMBLE CREEK SINK","03100202","80606000","NONCON","tbcmp_PD_HA_IntHigh_2100","PD","HA","IntHigh","2100",1716.31885639018
"03100202_80606000_GAMBLE_CREEK_SINK",6410,1046273,"GAMBLE CREEK SINK","03100202","80606000","NONCON","tbcmp_PD_HA_IntHigh_2100","PD","HA","IntHigh","2100",1034.15875318005
"03100202_80606000_GAMBLE_CREEK_SINK",6600,3,"GAMBLE CREEK SINK","03100202","80606000","NONCON","tbcmp_PD_HA_IntHigh_2100","PD","HA","IntHigh","2100",0.002965264572
"03100202_80700000_GAMBLE_SINK_OVERFLOW",1100,333152,"GAMBLE SINK OVERFLOW","03100202","80700000","NONCON","tbcmp_PD_HA_IntHigh_2100","PD","HA","IntHigh","2100",329.294607563648
"03100202_80700000_GAMBLE_SINK_OVERFLOW",1200,82378,"GAMBLE SINK OVERFLOW","03100202","80700000","NONCON","tbcmp_PD_HA_IntHigh_2100","PD","HA","IntHigh","2100",81.424188304072
"03100202_80700000_GAMBLE_SINK_OVERFLOW",1900,47917,"GAMBLE SINK OVERFLOW","03100202","80700000","NONCON","tbcmp_PD_HA_IntHigh_2100","PD","HA","IntHigh","2100",47.362194165508
"03100202_80700000_GAMBLE_SINK_OVERFLOW",2100,312928,"GAMBLE SINK OVERFLOW","03100202","80700000","NONCON","tbcmp_PD_HA_IntHigh_2100","PD","HA","IntHigh","2100",309.304770662272
"03100202_80700000_GAMBLE_SINK_OVERFLOW",2400,13921,"GAMBLE SINK OVERFLOW","03100202","80700000","NONCON","tbcmp_PD_HA_IntHigh_2100","PD","HA","IntHigh","2100",13.759816035604
"03100202_80700000_GAMBLE_SINK_OVERFLOW",3200,76245,"GAMBLE SINK OVERFLOW","03100202","80700000","NONCON","tbcmp_PD_HA_IntHigh_2100","PD","HA","IntHigh","2100",75.36219909738
"03100202_80700000_GAMBLE_SINK_OVERFLOW",4100,31870,"GAMBLE SINK OVERFLOW","03100202","80700000","NONCON","tbcmp_PD_HA_IntHigh_2100","PD","HA","IntHigh","2100",31.50099396988
"03100202_80700000_GAMBLE_SINK_OVERFLOW",5200,35421,"GAMBLE SINK OVERFLOW","03100202","80700000","NONCON","tbcmp_PD_HA_IntHigh_2100","PD","HA","IntHigh","2100",35.010878801604
"03100202_80700000_GAMBLE_SINK_OVERFLOW",6110,67857,"GAMBLE SINK OVERFLOW","03100202","80700000","NONCON","tbcmp_PD_HA_IntHigh_2100","PD","HA","IntHigh","2100",67.071319354068
"03100202_80700000_GAMBLE_SINK_OVERFLOW",6120,6021,"GAMBLE SINK OVERFLOW","03100202","80700000","NONCON","tbcmp_PD_HA_IntHigh_2100","PD","HA","IntHigh","2100",5.951285996004
"03100202_80700000_GAMBLE_SINK_OVERFLOW",6410,116829,"GAMBLE SINK OVERFLOW","03100202","80700000","NONCON","tbcmp_PD_HA_IntHigh_2100","PD","HA","IntHigh","2100",115.476298227396
"03100202_80700000_GAMBLE_SINK_OVERFLOW",6420,1614,"GAMBLE SINK OVERFLOW","03100202","80700000","NONCON","tbcmp_PD_HA_IntHigh_2100","PD","HA","IntHigh","2100",1.595312339736
"03100202_80700000_GAMBLE_SINK_OVERFLOW",6600,6715,"GAMBLE SINK OVERFLOW","03100202","80700000","NONCON","tbcmp_PD_HA_IntHigh_2100","PD","HA","IntHigh","2100",6.63725053366
"03100202_80700000_GAMBLE_SINK_OVERFLOW",9113,564,"GAMBLE SINK OVERFLOW","03100202","80700000","NONCON","tbcmp_PD_HA_IntHigh_2100","PD","HA","IntHigh","2100",0.557469739536
"03100202_80990000_GAMBLE_CREEK",1100,1011535,"GAMBLE CREEK","03100202","80990000","STREAM","tbcmp_PD_HA_IntHigh_2100","PD","HA","IntHigh","2100",999.82296627934
"03100202_80990000_GAMBLE_CREEK",1200,1944332,"GAMBLE CREEK","03100202","80990000","STREAM","tbcmp_PD_HA_IntHigh_2100","PD","HA","IntHigh","2100",1921.81959860197
"03100202_80990000_GAMBLE_CREEK",1800,5219,"GAMBLE CREEK","03100202","80990000","STREAM","tbcmp_PD_HA_IntHigh_2100","PD","HA","IntHigh","2100",5.158571933756
"03100202_80990000_GAMBLE_CREEK",1820,41267,"GAMBLE CREEK","03100202","80990000","STREAM","tbcmp_PD_HA_IntHigh_2100","PD","HA","IntHigh","2100",40.789191030908
"03100202_80990000_GAMBLE_CREEK",1900,1106968,"GAMBLE CREEK","03100202","80990000","STREAM","tbcmp_PD_HA_IntHigh_2100","PD","HA","IntHigh","2100",1094.15099757923
"03100202_80990000_GAMBLE_CREEK",2100,4016408,"GAMBLE CREEK","03100202","80990000","STREAM","tbcmp_PD_HA_IntHigh_2100","PD","HA","IntHigh","2100",3969.90411636579
"03100202_80990000_GAMBLE_CREEK",2200,68254,"GAMBLE CREEK","03100202","80990000","STREAM","tbcmp_PD_HA_IntHigh_2100","PD","HA","IntHigh","2100",67.463722699096
"03100202_80990000_GAMBLE_CREEK",2400,254819,"GAMBLE CREEK","03100202","80990000","STREAM","tbcmp_PD_HA_IntHigh_2100","PD","HA","IntHigh","2100",251.868584324156
"03100202_80990000_GAMBLE_CREEK",3200,368354,"GAMBLE CREEK","03100202","80990000","STREAM","tbcmp_PD_HA_IntHigh_2100","PD","HA","IntHigh","2100",364.089022051496
"03100202_80990000_GAMBLE_CREEK",4100,586490,"GAMBLE CREEK","03100202","80990000","STREAM","tbcmp_PD_HA_IntHigh_2100","PD","HA","IntHigh","2100",579.69933961076
"03100202_80990000_GAMBLE_CREEK",5200,853483,"GAMBLE CREEK","03100202","80990000","STREAM","tbcmp_PD_HA_IntHigh_2100","PD","HA","IntHigh","2100",843.600967568092
"03100202_80990000_GAMBLE_CREEK",5400,151824,"GAMBLE CREEK","03100202","80990000","STREAM","tbcmp_PD_HA_IntHigh_2100","PD","HA","IntHigh","2100",150.066109459776
"03100202_80990000_GAMBLE_CREEK",6110,1842102,"GAMBLE CREEK","03100202","80990000","STREAM","tbcmp_PD_HA_IntHigh_2100","PD","HA","IntHigh","2100",1820.77326620345
"03100202_80990000_GAMBLE_CREEK",6120,19045,"GAMBLE CREEK","03100202","80990000","STREAM","tbcmp_PD_HA_IntHigh_2100","PD","HA","IntHigh","2100",18.82448792458
"03100202_80990000_GAMBLE_CREEK",6410,456479,"GAMBLE CREEK","03100202","80990000","STREAM","tbcmp_PD_HA_IntHigh_2100","PD","HA","IntHigh","2100",451.193668853996
"03100202_80990000_GAMBLE_CREEK",6420,21093,"GAMBLE CREEK","03100202","80990000","STREAM","tbcmp_PD_HA_IntHigh_2100","PD","HA","IntHigh","2100",20.848775205732
"03100202_80990000_GAMBLE_CREEK",6425,62060,"GAMBLE CREEK","03100202","80990000","STREAM","tbcmp_PD_HA_IntHigh_2100","PD","HA","IntHigh","2100",61.34143977944
"03100202_80990000_GAMBLE_CREEK",6510,42802,"GAMBLE CREEK","03100202","80990000","STREAM","tbcmp_PD_HA_IntHigh_2100","PD","HA","IntHigh","2100",42.306418070248
"03100202_80990000_GAMBLE_CREEK",6600,56325,"GAMBLE CREEK","03100202","80990000","STREAM","tbcmp_PD_HA_IntHigh_2100","PD","HA","IntHigh","2100",55.6728423393
"03100202_80990000_GAMBLE_CREEK",9113,406316,"GAMBLE CREEK","03100202","80990000","STREAM","tbcmp_PD_HA_IntHigh_2100","PD","HA","IntHigh","2100",401.611479945584
"03100202_81000000_GATES_CREEK",1100,190826,"GATES CREEK","03100202","81000000","STREAM","tbcmp_PD_HA_IntHigh_2100","PD","HA","IntHigh","2100",188.616525738824
"03100202_81000000_GATES_CREEK",1200,1316759,"GATES CREEK","03100202","81000000","STREAM","tbcmp_PD_HA_IntHigh_2100","PD","HA","IntHigh","2100",1301.51293752072
"03100202_81000000_GATES_CREEK",1800,28826,"GATES CREEK","03100202","81000000","STREAM","tbcmp_PD_HA_IntHigh_2100","PD","HA","IntHigh","2100",28.492238850824
"03100202_81000000_GATES_CREEK",1820,18456,"GATES CREEK","03100202","81000000","STREAM","tbcmp_PD_HA_IntHigh_2100","PD","HA","IntHigh","2100",18.242307646944
"03100202_81000000_GATES_CREEK",1900,63901,"GATES CREEK","03100202","81000000","STREAM","tbcmp_PD_HA_IntHigh_2100","PD","HA","IntHigh","2100",63.161123805124
"03100202_81000000_GATES_CREEK",2100,142556,"GATES CREEK","03100202","81000000","STREAM","tbcmp_PD_HA_IntHigh_2100","PD","HA","IntHigh","2100",140.905418775344
"03100202_81000000_GATES_CREEK",2400,37857,"GATES CREEK","03100202","81000000","STREAM","tbcmp_PD_HA_IntHigh_2100","PD","HA","IntHigh","2100",37.418673634068
"03100202_81000000_GATES_CREEK",3200,30971,"GATES CREEK","03100202","81000000","STREAM","tbcmp_PD_HA_IntHigh_2100","PD","HA","IntHigh","2100",30.612403019804
"03100202_81000000_GATES_CREEK",4100,66991,"GATES CREEK","03100202","81000000","STREAM","tbcmp_PD_HA_IntHigh_2100","PD","HA","IntHigh","2100",66.215346314284
"03100202_81000000_GATES_CREEK",5200,267236,"GATES CREEK","03100202","81000000","STREAM","tbcmp_PD_HA_IntHigh_2100","PD","HA","IntHigh","2100",264.141814387664
"03100202_81000000_GATES_CREEK",5400,5773,"GATES CREEK","03100202","81000000","STREAM","tbcmp_PD_HA_IntHigh_2100","PD","HA","IntHigh","2100",5.706157458052
"03100202_81000000_GATES_CREEK",6110,230624,"GATES CREEK","03100202","81000000","STREAM","tbcmp_PD_HA_IntHigh_2100","PD","HA","IntHigh","2100",227.953725550976
"03100202_81000000_GATES_CREEK",6120,1044,"GATES CREEK","03100202","81000000","STREAM","tbcmp_PD_HA_IntHigh_2100","PD","HA","IntHigh","2100",1.031912071056
"03100202_81000000_GATES_CREEK",6410,190388,"GATES CREEK","03100202","81000000","STREAM","tbcmp_PD_HA_IntHigh_2100","PD","HA","IntHigh","2100",188.183597111312
"03100202_81000000_GATES_CREEK",6420,849,"GATES CREEK","03100202","81000000","STREAM","tbcmp_PD_HA_IntHigh_2100","PD","HA","IntHigh","2100",0.839169873876
"03100202_81000000_GATES_CREEK",6425,2726,"GATES CREEK","03100202","81000000","STREAM","tbcmp_PD_HA_IntHigh_2100","PD","HA","IntHigh","2100",2.694437074424
"03100202_81000000_GATES_CREEK",6510,1316,"GATES CREEK","03100202","81000000","STREAM","tbcmp_PD_HA_IntHigh_2100","PD","HA","IntHigh","2100",1.300762725584
"03100202_81000000_GATES_CREEK",6600,3034,"GATES CREEK","03100202","81000000","STREAM","tbcmp_PD_HA_IntHigh_2100","PD","HA","IntHigh","2100",2.998870903816
"03100202_81000000_GATES_CREEK",9113,14142,"GATES CREEK","03100202","81000000","STREAM","tbcmp_PD_HA_IntHigh_2100","PD","HA","IntHigh","2100",13.978257192408
"03100202_84000000_CYPRESS_STRAND",1100,192155,"CYPRESS STRAND","03100202","84000000","DRAIN","tbcmp_PD_HA_IntHigh_2100","PD","HA","IntHigh","2100",189.93013794422
"03100202_84000000_CYPRESS_STRAND",1200,971773,"CYPRESS STRAND","03100202","84000000","DRAIN","tbcmp_PD_HA_IntHigh_2100","PD","HA","IntHigh","2100",960.521349642052
"03100202_84000000_CYPRESS_STRAND",1800,18300,"CYPRESS STRAND","03100202","84000000","DRAIN","tbcmp_PD_HA_IntHigh_2100","PD","HA","IntHigh","2100",18.0881138892
"03100202_84000000_CYPRESS_STRAND",1820,4478,"CYPRESS STRAND","03100202","84000000","DRAIN","tbcmp_PD_HA_IntHigh_2100","PD","HA","IntHigh","2100",4.426151584472
"03100202_84000000_CYPRESS_STRAND",1900,264946,"CYPRESS STRAND","03100202","84000000","DRAIN","tbcmp_PD_HA_IntHigh_2100","PD","HA","IntHigh","2100",261.878329097704
"03100202_84000000_CYPRESS_STRAND",2100,228533,"CYPRESS STRAND","03100202","84000000","DRAIN","tbcmp_PD_HA_IntHigh_2100","PD","HA","IntHigh","2100",225.886936144292
"03100202_84000000_CYPRESS_STRAND",3200,7683,"CYPRESS STRAND","03100202","84000000","DRAIN","tbcmp_PD_HA_IntHigh_2100","PD","HA","IntHigh","2100",7.594042568892
"03100202_84000000_CYPRESS_STRAND",4100,345631,"CYPRESS STRAND","03100202","84000000","DRAIN","tbcmp_PD_HA_IntHigh_2100","PD","HA","IntHigh","2100",341.629119761644
"03100202_84000000_CYPRESS_STRAND",5200,239103,"CYPRESS STRAND","03100202","84000000","DRAIN","tbcmp_PD_HA_IntHigh_2100","PD","HA","IntHigh","2100",236.334551652972
"03100202_84000000_CYPRESS_STRAND",5400,44377,"CYPRESS STRAND","03100202","84000000","DRAIN","tbcmp_PD_HA_IntHigh_2100","PD","HA","IntHigh","2100",43.863181970548
"03100202_84000000_CYPRESS_STRAND",6110,133220,"CYPRESS STRAND","03100202","84000000","DRAIN","tbcmp_PD_HA_IntHigh_2100","PD","HA","IntHigh","2100",131.67751542728
"03100202_84000000_CYPRESS_STRAND",6120,12685,"CYPRESS STRAND","03100202","84000000","DRAIN","tbcmp_PD_HA_IntHigh_2100","PD","HA","IntHigh","2100",12.53812703194
"03100202_84000000_CYPRESS_STRAND",6410,125356,"CYPRESS STRAND","03100202","84000000","DRAIN","tbcmp_PD_HA_IntHigh_2100","PD","HA","IntHigh","2100",123.904568562544
"03100202_84000000_CYPRESS_STRAND",6420,4396,"CYPRESS STRAND","03100202","84000000","DRAIN","tbcmp_PD_HA_IntHigh_2100","PD","HA","IntHigh","2100",4.345101019504
"03100202_84000000_CYPRESS_STRAND",6425,703,"CYPRESS STRAND","03100202","84000000","DRAIN","tbcmp_PD_HA_IntHigh_2100","PD","HA","IntHigh","2100",0.694860331372
"03100202_84000000_CYPRESS_STRAND",6510,637,"CYPRESS STRAND","03100202","84000000","DRAIN","tbcmp_PD_HA_IntHigh_2100","PD","HA","IntHigh","2100",0.629624510788
"03100202_84000000_CYPRESS_STRAND",6600,12520,"CYPRESS STRAND","03100202","84000000","DRAIN","tbcmp_PD_HA_IntHigh_2100","PD","HA","IntHigh","2100",12.37503748048
"03100202_84000000_CYPRESS_STRAND",9113,39282,"CYPRESS STRAND","03100202","84000000","DRAIN","tbcmp_PD_HA_IntHigh_2100","PD","HA","IntHigh","2100",38.827174305768
"03100202_85000000_UNNAMED_DRAIN",1100,106720,"UNNAMED DRAIN","03100202","85000000","DRAIN","tbcmp_PD_HA_IntHigh_2100","PD","HA","IntHigh","2100",105.48434504128
"03100202_85000000_UNNAMED_DRAIN",1200,1173574,"UNNAMED DRAIN","03100202","85000000","DRAIN","tbcmp_PD_HA_IntHigh_2100","PD","HA","IntHigh","2100",1159.98580160678
"03100202_85000000_UNNAMED_DRAIN",1800,16788,"UNNAMED DRAIN","03100202","85000000","DRAIN","tbcmp_PD_HA_IntHigh_2100","PD","HA","IntHigh","2100",16.593620544912
"03100202_85000000_UNNAMED_DRAIN",1900,220911,"UNNAMED DRAIN","03100202","85000000","DRAIN","tbcmp_PD_HA_IntHigh_2100","PD","HA","IntHigh","2100",218.353187288364
"03100202_85000000_UNNAMED_DRAIN",2100,76293,"UNNAMED DRAIN","03100202","85000000","DRAIN","tbcmp_PD_HA_IntHigh_2100","PD","HA","IntHigh","2100",75.409643330532
"03100202_85000000_UNNAMED_DRAIN",2400,14529,"UNNAMED DRAIN","03100202","85000000","DRAIN","tbcmp_PD_HA_IntHigh_2100","PD","HA","IntHigh","2100",14.360776322196
"03100202_85000000_UNNAMED_DRAIN",3200,12101,"UNNAMED DRAIN","03100202","85000000","DRAIN","tbcmp_PD_HA_IntHigh_2100","PD","HA","IntHigh","2100",11.960888861924
"03100202_85000000_UNNAMED_DRAIN",4100,725,"UNNAMED DRAIN","03100202","85000000","DRAIN","tbcmp_PD_HA_IntHigh_2100","PD","HA","IntHigh","2100",0.7166056049
"03100202_85000000_UNNAMED_DRAIN",5200,137029,"UNNAMED DRAIN","03100202","85000000","DRAIN","tbcmp_PD_HA_IntHigh_2100","PD","HA","IntHigh","2100",135.442413012196
"03100202_85000000_UNNAMED_DRAIN",5400,3382,"UNNAMED DRAIN","03100202","85000000","DRAIN","tbcmp_PD_HA_IntHigh_2100","PD","HA","IntHigh","2100",3.342841594168
"03100202_85000000_UNNAMED_DRAIN",6110,229393,"UNNAMED DRAIN","03100202","85000000","DRAIN","tbcmp_PD_HA_IntHigh_2100","PD","HA","IntHigh","2100",226.736978654932
"03100202_85000000_UNNAMED_DRAIN",6120,147,"UNNAMED DRAIN","03100202","85000000","DRAIN","tbcmp_PD_HA_IntHigh_2100","PD","HA","IntHigh","2100",0.145297964028
"03100202_85000000_UNNAMED_DRAIN",6410,121357,"UNNAMED DRAIN","03100202","85000000","DRAIN","tbcmp_PD_HA_IntHigh_2100","PD","HA","IntHigh","2100",119.951870888068
"03100202_85000000_UNNAMED_DRAIN",6420,395,"UNNAMED DRAIN","03100202","85000000","DRAIN","tbcmp_PD_HA_IntHigh_2100","PD","HA","IntHigh","2100",0.39042650198
"03100202_85000000_UNNAMED_DRAIN",6425,523,"UNNAMED DRAIN","03100202","85000000","DRAIN","tbcmp_PD_HA_IntHigh_2100","PD","HA","IntHigh","2100",0.516944457052
"03100202_85000000_UNNAMED_DRAIN",6510,344,"UNNAMED DRAIN","03100202","85000000","DRAIN","tbcmp_PD_HA_IntHigh_2100","PD","HA","IntHigh","2100",0.340017004256
"03100202_85000000_UNNAMED_DRAIN",6600,630,"UNNAMED DRAIN","03100202","85000000","DRAIN","tbcmp_PD_HA_IntHigh_2100","PD","HA","IntHigh","2100",0.62270556012
"03100202_85000000_UNNAMED_DRAIN",9113,6379,"UNNAMED DRAIN","03100202","85000000","DRAIN","tbcmp_PD_HA_IntHigh_2100","PD","HA","IntHigh","2100",6.305140901596
"03100202_90300000_UNNAMED_DITCH",1100,701569,"UNNAMED DITCH","03100202","90300000","DITCH","tbcmp_PD_HA_IntHigh_2100","PD","HA","IntHigh","2100",693.445900171156
"03100202_90300000_UNNAMED_DITCH",1200,741774,"UNNAMED DITCH","03100202","90300000","DITCH","tbcmp_PD_HA_IntHigh_2100","PD","HA","IntHigh","2100",733.185387543576
"03100202_90300000_UNNAMED_DITCH",1800,73673,"UNNAMED DITCH","03100202","90300000","DITCH","tbcmp_PD_HA_IntHigh_2100","PD","HA","IntHigh","2100",72.819978937652
"03100202_90300000_UNNAMED_DITCH",1820,99155,"UNNAMED DITCH","03100202","90300000","DITCH","tbcmp_PD_HA_IntHigh_2100","PD","HA","IntHigh","2100",98.00693621222
"03100202_90300000_UNNAMED_DITCH",1900,208872,"UNNAMED DITCH","03100202","90300000","DITCH","tbcmp_PD_HA_IntHigh_2100","PD","HA","IntHigh","2100",206.453580560928
"03100202_90300000_UNNAMED_DITCH",2100,15142,"UNNAMED DITCH","03100202","90300000","DITCH","tbcmp_PD_HA_IntHigh_2100","PD","HA","IntHigh","2100",14.966678716408
"03100202_90300000_UNNAMED_DITCH",3200,122393,"UNNAMED DITCH","03100202","90300000","DITCH","tbcmp_PD_HA_IntHigh_2100","PD","HA","IntHigh","2100",120.975875586932
"03100202_90300000_UNNAMED_DITCH",4100,433577,"UNNAMED DITCH","03100202","90300000","DITCH","tbcmp_PD_HA_IntHigh_2100","PD","HA","IntHigh","2100",428.556839111348
"03100202_90300000_UNNAMED_DITCH",5200,305372,"UNNAMED DITCH","03100202","90300000","DITCH","tbcmp_PD_HA_IntHigh_2100","PD","HA","IntHigh","2100",301.836257626928
"03100202_90300000_UNNAMED_DITCH",6110,246234,"UNNAMED DITCH","03100202","90300000","DITCH","tbcmp_PD_HA_IntHigh_2100","PD","HA","IntHigh","2100",243.382985540616
"03100202_90300000_UNNAMED_DITCH",6410,280502,"UNNAMED DITCH","03100202","90300000","DITCH","tbcmp_PD_HA_IntHigh_2100","PD","HA","IntHigh","2100",277.254214325048
"03100202_90320000_UNNAMED_DRAIN",1100,26435,"UNNAMED DRAIN","03100202","90320000","DRAIN","tbcmp_PD_HA_IntHigh_2100","PD","HA","IntHigh","2100",26.12892298694
"03100202_90320000_UNNAMED_DRAIN",1200,336963,"UNNAMED DRAIN","03100202","90320000","DRAIN","tbcmp_PD_HA_IntHigh_2100","PD","HA","IntHigh","2100",333.061481991612
"03100202_90320000_UNNAMED_DRAIN",1800,170822,"UNNAMED DRAIN","03100202","90320000","DRAIN","tbcmp_PD_HA_IntHigh_2100","PD","HA","IntHigh","2100",168.844141572728
"03100202_90320000_UNNAMED_DRAIN",1900,355719,"UNNAMED DRAIN","03100202","90320000","DRAIN","tbcmp_PD_HA_IntHigh_2100","PD","HA","IntHigh","2100",351.600316095756
"03100202_90320000_UNNAMED_DRAIN",2100,1026400,"UNNAMED DRAIN","03100202","90320000","DRAIN","tbcmp_PD_HA_IntHigh_2100","PD","HA","IntHigh","2100",1014.5158522336
"03100202_90320000_UNNAMED_DRAIN",2400,24303,"UNNAMED DRAIN","03100202","90320000","DRAIN","tbcmp_PD_HA_IntHigh_2100","PD","HA","IntHigh","2100",24.021608297772
"03100202_90320000_UNNAMED_DRAIN",3200,67480,"UNNAMED DRAIN","03100202","90320000","DRAIN","tbcmp_PD_HA_IntHigh_2100","PD","HA","IntHigh","2100",66.69868443952
"03100202_90320000_UNNAMED_DRAIN",4100,45974,"UNNAMED DRAIN","03100202","90320000","DRAIN","tbcmp_PD_HA_IntHigh_2100","PD","HA","IntHigh","2100",45.441691144376
"03100202_90320000_UNNAMED_DRAIN",5200,130639,"UNNAMED DRAIN","03100202","90320000","DRAIN","tbcmp_PD_HA_IntHigh_2100","PD","HA","IntHigh","2100",129.126399473836
"03100202_90320000_UNNAMED_DRAIN",6110,174996,"UNNAMED DRAIN","03100202","90320000","DRAIN","tbcmp_PD_HA_IntHigh_2100","PD","HA","IntHigh","2100",172.969813013904
"03100202_90320000_UNNAMED_DRAIN",6410,108686,"UNNAMED DRAIN","03100202","90320000","DRAIN","tbcmp_PD_HA_IntHigh_2100","PD","HA","IntHigh","2100",107.427581757464
"03100202_90400000_WOLF_SLOUGH",1100,115660,"WOLF SLOUGH","03100202","90400000","SLOUGH","tbcmp_PD_HA_IntHigh_2100","PD","HA","IntHigh","2100",114.32083346584
"03100202_90400000_WOLF_SLOUGH",1200,1107836,"WOLF SLOUGH","03100202","90400000","SLOUGH","tbcmp_PD_HA_IntHigh_2100","PD","HA","IntHigh","2100",1095.00894746206
"03100202_90400000_WOLF_SLOUGH",1800,86424,"WOLF SLOUGH","03100202","90400000","SLOUGH","tbcmp_PD_HA_IntHigh_2100","PD","HA","IntHigh","2100",85.423341790176
"03100202_90400000_WOLF_SLOUGH",1900,491711,"WOLF SLOUGH","03100202","90400000","SLOUGH","tbcmp_PD_HA_IntHigh_2100","PD","HA","IntHigh","2100",486.017735987564
"03100202_90400000_WOLF_SLOUGH",2100,76712,"WOLF SLOUGH","03100202","90400000","SLOUGH","tbcmp_PD_HA_IntHigh_2100","PD","HA","IntHigh","2100",75.823791949088
"03100202_90400000_WOLF_SLOUGH",2200,18608,"WOLF SLOUGH","03100202","90400000","SLOUGH","tbcmp_PD_HA_IntHigh_2100","PD","HA","IntHigh","2100",18.392547718592
"03100202_90400000_WOLF_SLOUGH",2400,64971,"WOLF SLOUGH","03100202","90400000","SLOUGH","tbcmp_PD_HA_IntHigh_2100","PD","HA","IntHigh","2100",64.218734835804
"03100202_90400000_WOLF_SLOUGH",3200,11214,"WOLF SLOUGH","03100202","90400000","SLOUGH","tbcmp_PD_HA_IntHigh_2100","PD","HA","IntHigh","2100",11.084158970136
"03100202_90400000_WOLF_SLOUGH",4100,100830,"WOLF SLOUGH","03100202","90400000","SLOUGH","tbcmp_PD_HA_IntHigh_2100","PD","HA","IntHigh","2100",99.66254226492
"03100202_90400000_WOLF_SLOUGH",5200,336795,"WOLF SLOUGH","03100202","90400000","SLOUGH","tbcmp_PD_HA_IntHigh_2100","PD","HA","IntHigh","2100",332.89542717558
"03100202_90400000_WOLF_SLOUGH",6110,122114,"WOLF SLOUGH","03100202","90400000","SLOUGH","tbcmp_PD_HA_IntHigh_2100","PD","HA","IntHigh","2100",120.700105981736
"03100202_90400000_WOLF_SLOUGH",6410,66561,"WOLF SLOUGH","03100202","90400000","SLOUGH","tbcmp_PD_HA_IntHigh_2100","PD","HA","IntHigh","2100",65.790325058964
"03100202_90470000_UNNAMED_DRAIN",1100,149872,"UNNAMED DRAIN","03100202","90470000","DRAIN","tbcmp_PD_HA_IntHigh_2100","PD","HA","IntHigh","2100",148.136710644928
"03100202_90470000_UNNAMED_DRAIN",1200,816686,"UNNAMED DRAIN","03100202","90470000","DRAIN","tbcmp_PD_HA_IntHigh_2100","PD","HA","IntHigh","2100",807.230020749464
"03100202_90470000_UNNAMED_DRAIN",1800,13939,"UNNAMED DRAIN","03100202","90470000","DRAIN","tbcmp_PD_HA_IntHigh_2100","PD","HA","IntHigh","2100",13.777607623036
"03100202_90470000_UNNAMED_DRAIN",1820,75078,"UNNAMED DRAIN","03100202","90470000","DRAIN","tbcmp_PD_HA_IntHigh_2100","PD","HA","IntHigh","2100",74.208711178872
"03100202_90470000_UNNAMED_DRAIN",1900,101161,"UNNAMED DRAIN","03100202","90470000","DRAIN","tbcmp_PD_HA_IntHigh_2100","PD","HA","IntHigh","2100",99.989709789364
"03100202_90470000_UNNAMED_DRAIN",3200,62298,"UNNAMED DRAIN","03100202","90470000","DRAIN","tbcmp_PD_HA_IntHigh_2100","PD","HA","IntHigh","2100",61.576684102152
"03100202_90470000_UNNAMED_DRAIN",4100,42632,"UNNAMED DRAIN","03100202","90470000","DRAIN","tbcmp_PD_HA_IntHigh_2100","PD","HA","IntHigh","2100",42.138386411168
"03100202_90470000_UNNAMED_DRAIN",5200,136612,"UNNAMED DRAIN","03100202","90470000","DRAIN","tbcmp_PD_HA_IntHigh_2100","PD","HA","IntHigh","2100",135.030241236688
"03100202_90470000_UNNAMED_DRAIN",6110,50871,"UNNAMED DRAIN","03100202","90470000","DRAIN","tbcmp_PD_HA_IntHigh_2100","PD","HA","IntHigh","2100",50.281991347404
"03100202_90470000_UNNAMED_DRAIN",6120,35,"UNNAMED DRAIN","03100202","90470000","DRAIN","tbcmp_PD_HA_IntHigh_2100","PD","HA","IntHigh","2100",0.03459475334
"03100202_90470000_UNNAMED_DRAIN",6410,142142,"UNNAMED DRAIN","03100202","90470000","DRAIN","tbcmp_PD_HA_IntHigh_2100","PD","HA","IntHigh","2100",140.496212264408
"03100202_90470000_UNNAMED_DRAIN",6420,44,"UNNAMED DRAIN","03100202","90470000","DRAIN","tbcmp_PD_HA_IntHigh_2100","PD","HA","IntHigh","2100",0.043490547056
"03100202_90470000_UNNAMED_DRAIN",6600,110,"UNNAMED DRAIN","03100202","90470000","DRAIN","tbcmp_PD_HA_IntHigh_2100","PD","HA","IntHigh","2100",0.10872636764
"03100202_90500000_COOPER_CREEK",1100,62225,"COOPER CREEK","03100202","90500000","STREAM","tbcmp_PD_HA_IntHigh_2100","PD","HA","IntHigh","2100",61.5045293309
"03100202_90500000_COOPER_CREEK",1200,2689854,"COOPER CREEK","03100202","90500000","STREAM","tbcmp_PD_HA_IntHigh_2100","PD","HA","IntHigh","2100",2658.7095900175
"03100202_90500000_COOPER_CREEK",1800,271936,"COOPER CREEK","03100202","90500000","STREAM","tbcmp_PD_HA_IntHigh_2100","PD","HA","IntHigh","2100",268.787395550464
"03100202_90500000_COOPER_CREEK",1820,109009,"COOPER CREEK","03100202","90500000","STREAM","tbcmp_PD_HA_IntHigh_2100","PD","HA","IntHigh","2100",107.746841909716
"03100202_90500000_COOPER_CREEK",1900,428222,"COOPER CREEK","03100202","90500000","STREAM","tbcmp_PD_HA_IntHigh_2100","PD","HA","IntHigh","2100",423.263841850328
"03100202_90500000_COOPER_CREEK",2100,365620,"COOPER CREEK","03100202","90500000","STREAM","tbcmp_PD_HA_IntHigh_2100","PD","HA","IntHigh","2100",361.38667760488
"03100202_90500000_COOPER_CREEK",2400,5006,"COOPER CREEK","03100202","90500000","STREAM","tbcmp_PD_HA_IntHigh_2100","PD","HA","IntHigh","2100",4.948038149144
"03100202_90500000_COOPER_CREEK",3200,281979,"COOPER CREEK","03100202","90500000","STREAM","tbcmp_PD_HA_IntHigh_2100","PD","HA","IntHigh","2100",278.714112915996
"03100202_90500000_COOPER_CREEK",4100,395050,"COOPER CREEK","03100202","90500000","STREAM","tbcmp_PD_HA_IntHigh_2100","PD","HA","IntHigh","2100",390.4759230562
"03100202_90500000_COOPER_CREEK",5200,1400409,"COOPER CREEK","03100202","90500000","STREAM","tbcmp_PD_HA_IntHigh_2100","PD","HA","IntHigh","2100",1384.19439800332
"03100202_90500000_COOPER_CREEK",5400,3466,"COOPER CREEK","03100202","90500000","STREAM","tbcmp_PD_HA_IntHigh_2100","PD","HA","IntHigh","2100",3.425869002184
"03100202_90500000_COOPER_CREEK",6110,388099,"COOPER CREEK","03100202","90500000","STREAM","tbcmp_PD_HA_IntHigh_2100","PD","HA","IntHigh","2100",383.605405042876
"03100202_90500000_COOPER_CREEK",6120,5489,"COOPER CREEK","03100202","90500000","STREAM","tbcmp_PD_HA_IntHigh_2100","PD","HA","IntHigh","2100",5.425445745236
"03100202_90500000_COOPER_CREEK",6410,812422,"COOPER CREEK","03100202","90500000","STREAM","tbcmp_PD_HA_IntHigh_2100","PD","HA","IntHigh","2100",803.015391371128
"03100202_90500000_COOPER_CREEK",6420,936,"COOPER CREEK","03100202","90500000","STREAM","tbcmp_PD_HA_IntHigh_2100","PD","HA","IntHigh","2100",0.925162546464
"03100202_90500000_COOPER_CREEK",6600,2701,"COOPER CREEK","03100202","90500000","STREAM","tbcmp_PD_HA_IntHigh_2100","PD","HA","IntHigh","2100",2.669726536324
"03100202_90500000_COOPER_CREEK",9113,8354,"COOPER CREEK","03100202","90500000","STREAM","tbcmp_PD_HA_IntHigh_2100","PD","HA","IntHigh","2100",8.257273411496
"03100202_90509800_UNNAMED_STREAM",1200,1385350,"UNNAMED STREAM","03100202","90509800","STREAM","tbcmp_PD_HA_IntHigh_2100","PD","HA","IntHigh","2100",1369.3097582734
"03100202_90509800_UNNAMED_STREAM",1800,42646,"UNNAMED STREAM","03100202","90509800","STREAM","tbcmp_PD_HA_IntHigh_2100","PD","HA","IntHigh","2100",42.152224312504
"03100202_90509800_UNNAMED_STREAM",1820,348486,"UNNAMED STREAM","03100202","90509800","STREAM","tbcmp_PD_HA_IntHigh_2100","PD","HA","IntHigh","2100",344.451063212664
"03100202_90509800_UNNAMED_STREAM",1900,98997,"UNNAMED STREAM","03100202","90509800","STREAM","tbcmp_PD_HA_IntHigh_2100","PD","HA","IntHigh","2100",97.850765611428
"03100202_90509800_UNNAMED_STREAM",2100,13730,"UNNAMED STREAM","03100202","90509800","STREAM","tbcmp_PD_HA_IntHigh_2100","PD","HA","IntHigh","2100",13.57102752452
"03100202_90509800_UNNAMED_STREAM",3200,4657,"UNNAMED STREAM","03100202","90509800","STREAM","tbcmp_PD_HA_IntHigh_2100","PD","HA","IntHigh","2100",4.603079037268
"03100202_90509800_UNNAMED_STREAM",4100,108265,"UNNAMED STREAM","03100202","90509800","STREAM","tbcmp_PD_HA_IntHigh_2100","PD","HA","IntHigh","2100",107.01145629586
"03100202_90509800_UNNAMED_STREAM",5200,483896,"UNNAMED STREAM","03100202","90509800","STREAM","tbcmp_PD_HA_IntHigh_2100","PD","HA","IntHigh","2100",478.293221777504
"03100202_90509800_UNNAMED_STREAM",6110,229862,"UNNAMED STREAM","03100202","90509800","STREAM","tbcmp_PD_HA_IntHigh_2100","PD","HA","IntHigh","2100",227.200548349688
"03100202_90509800_UNNAMED_STREAM",6120,767,"UNNAMED STREAM","03100202","90509800","STREAM","tbcmp_PD_HA_IntHigh_2100","PD","HA","IntHigh","2100",0.758119308908
"03100202_90509800_UNNAMED_STREAM",6410,232359,"UNNAMED STREAM","03100202","90509800","STREAM","tbcmp_PD_HA_IntHigh_2100","PD","HA","IntHigh","2100",229.668636895116
"03100202_90509800_UNNAMED_STREAM",6420,194,"UNNAMED STREAM","03100202","90509800","STREAM","tbcmp_PD_HA_IntHigh_2100","PD","HA","IntHigh","2100",0.191753775656
"03100202_90509800_UNNAMED_STREAM",6600,801,"UNNAMED STREAM","03100202","90509800","STREAM","tbcmp_PD_HA_IntHigh_2100","PD","HA","IntHigh","2100",0.791725640724
"03100202_90509800_UNNAMED_STREAM",9113,712,"UNNAMED STREAM","03100202","90509800","STREAM","tbcmp_PD_HA_IntHigh_2100","PD","HA","IntHigh","2100",0.703756125088
"03100202_90580000_CEDAR_CREEK",1200,728424,"CEDAR CREEK","03100202","90580000","STREAM","tbcmp_PD_HA_IntHigh_2100","PD","HA","IntHigh","2100",719.989960198176
"03100202_90580000_CEDAR_CREEK",1800,15920,"CEDAR CREEK","03100202","90580000","STREAM","tbcmp_PD_HA_IntHigh_2100","PD","HA","IntHigh","2100",15.73567066208
"03100202_90580000_CEDAR_CREEK",1820,237270,"CEDAR CREEK","03100202","90580000","STREAM","tbcmp_PD_HA_IntHigh_2100","PD","HA","IntHigh","2100",234.52277499948
"03100202_90580000_CEDAR_CREEK",4100,46328,"CEDAR CREEK","03100202","90580000","STREAM","tbcmp_PD_HA_IntHigh_2100","PD","HA","IntHigh","2100",45.791592363872
"03100202_90580000_CEDAR_CREEK",5200,130689,"CEDAR CREEK","03100202","90580000","STREAM","tbcmp_PD_HA_IntHigh_2100","PD","HA","IntHigh","2100",129.175820550036
"03100202_90580000_CEDAR_CREEK",5400,1135,"CEDAR CREEK","03100202","90580000","STREAM","tbcmp_PD_HA_IntHigh_2100","PD","HA","IntHigh","2100",1.12185842974
"03100202_90580000_CEDAR_CREEK",6110,68870,"CEDAR CREEK","03100202","90580000","STREAM","tbcmp_PD_HA_IntHigh_2100","PD","HA","IntHigh","2100",68.07259035788
"03100202_90580000_CEDAR_CREEK",6120,2444,"CEDAR CREEK","03100202","90580000","STREAM","tbcmp_PD_HA_IntHigh_2100","PD","HA","IntHigh","2100",2.415702204656
"03100202_90580000_CEDAR_CREEK",6410,14386,"CEDAR CREEK","03100202","90580000","STREAM","tbcmp_PD_HA_IntHigh_2100","PD","HA","IntHigh","2100",14.219432044264
"03100202_90580000_CEDAR_CREEK",6420,447,"CEDAR CREEK","03100202","90580000","STREAM","tbcmp_PD_HA_IntHigh_2100","PD","HA","IntHigh","2100",0.441824421228
"03100202_90580000_CEDAR_CREEK",6600,1403,"CEDAR CREEK","03100202","90580000","STREAM","tbcmp_PD_HA_IntHigh_2100","PD","HA","IntHigh","2100",1.386755398172
"03100202_90580000_CEDAR_CREEK",9113,1516,"CEDAR CREEK","03100202","90580000","STREAM","tbcmp_PD_HA_IntHigh_2100","PD","HA","IntHigh","2100",1.498447030384
"03100202_90600000_RATTLESNAKE_SLOUGH",1100,112176,"RATTLESNAKE SLOUGH","03100202","90600000","STREAM","tbcmp_PD_HA_IntHigh_2100","PD","HA","IntHigh","2100",110.877172876224
"03100202_90600000_RATTLESNAKE_SLOUGH",1200,1701663,"RATTLESNAKE SLOUGH","03100202","90600000","STREAM","tbcmp_PD_HA_IntHigh_2100","PD","HA","IntHigh","2100",1681.96033579441
"03100202_90600000_RATTLESNAKE_SLOUGH",1800,64619,"RATTLESNAKE SLOUGH","03100202","90600000","STREAM","tbcmp_PD_HA_IntHigh_2100","PD","HA","IntHigh","2100",63.870810459356
"03100202_90600000_RATTLESNAKE_SLOUGH",1820,169257,"RATTLESNAKE SLOUGH","03100202","90600000","STREAM","tbcmp_PD_HA_IntHigh_2100","PD","HA","IntHigh","2100",167.297261887668
"03100202_90600000_RATTLESNAKE_SLOUGH",1900,41286,"RATTLESNAKE SLOUGH","03100202","90600000","STREAM","tbcmp_PD_HA_IntHigh_2100","PD","HA","IntHigh","2100",40.807971039864
"03100202_90600000_RATTLESNAKE_SLOUGH",2100,25788,"RATTLESNAKE SLOUGH","03100202","90600000","STREAM","tbcmp_PD_HA_IntHigh_2100","PD","HA","IntHigh","2100",25.489414260912
"03100202_90600000_RATTLESNAKE_SLOUGH",3200,4029,"RATTLESNAKE SLOUGH","03100202","90600000","STREAM","tbcmp_PD_HA_IntHigh_2100","PD","HA","IntHigh","2100",3.982350320196
"03100202_90600000_RATTLESNAKE_SLOUGH",4100,21244,"RATTLESNAKE SLOUGH","03100202","90600000","STREAM","tbcmp_PD_HA_IntHigh_2100","PD","HA","IntHigh","2100",20.998026855856
"03100202_90600000_RATTLESNAKE_SLOUGH",5200,230234,"RATTLESNAKE SLOUGH","03100202","90600000","STREAM","tbcmp_PD_HA_IntHigh_2100","PD","HA","IntHigh","2100",227.568241156616
"03100202_90600000_RATTLESNAKE_SLOUGH",5400,45271,"RATTLESNAKE SLOUGH","03100202","90600000","STREAM","tbcmp_PD_HA_IntHigh_2100","PD","HA","IntHigh","2100",44.746830813004
"03100202_90600000_RATTLESNAKE_SLOUGH",6110,222691,"RATTLESNAKE SLOUGH","03100202","90600000","STREAM","tbcmp_PD_HA_IntHigh_2100","PD","HA","IntHigh","2100",220.112577601084
"03100202_90600000_RATTLESNAKE_SLOUGH",6120,8918,"RATTLESNAKE SLOUGH","03100202","90600000","STREAM","tbcmp_PD_HA_IntHigh_2100","PD","HA","IntHigh","2100",8.814743151032
"03100202_90600000_RATTLESNAKE_SLOUGH",6410,66809,"RATTLESNAKE SLOUGH","03100202","90600000","STREAM","tbcmp_PD_HA_IntHigh_2100","PD","HA","IntHigh","2100",66.035453596916
"03100202_90600000_RATTLESNAKE_SLOUGH",6420,1557,"RATTLESNAKE SLOUGH","03100202","90600000","STREAM","tbcmp_PD_HA_IntHigh_2100","PD","HA","IntHigh","2100",1.538972312868
"03100202_90600000_RATTLESNAKE_SLOUGH",6600,5241,"RATTLESNAKE SLOUGH","03100202","90600000","STREAM","tbcmp_PD_HA_IntHigh_2100","PD","HA","IntHigh","2100",5.180317207284
"03100202_90600000_RATTLESNAKE_SLOUGH",9113,3155,"RATTLESNAKE SLOUGH","03100202","90600000","STREAM","tbcmp_PD_HA_IntHigh_2100","PD","HA","IntHigh","2100",3.11846990822
"03100202_90610000_UNNAMED_STREAM",1100,1283,"UNNAMED STREAM","03100202","90610000","STREAM","tbcmp_PD_HA_IntHigh_2100","PD","HA","IntHigh","2100",1.268144815292
"03100202_90610000_UNNAMED_STREAM",1200,769729,"UNNAMED STREAM","03100202","90610000","STREAM","tbcmp_PD_HA_IntHigh_2100","PD","HA","IntHigh","2100",760.816711246996
"03100202_90610000_UNNAMED_STREAM",1820,120737,"UNNAMED STREAM","03100202","90610000","STREAM","tbcmp_PD_HA_IntHigh_2100","PD","HA","IntHigh","2100",119.339049543188
"03100202_90610000_UNNAMED_STREAM",1900,20853,"UNNAMED STREAM","03100202","90610000","STREAM","tbcmp_PD_HA_IntHigh_2100","PD","HA","IntHigh","2100",20.611554039972
"03100202_90610000_UNNAMED_STREAM",3200,220,"UNNAMED STREAM","03100202","90610000","STREAM","tbcmp_PD_HA_IntHigh_2100","PD","HA","IntHigh","2100",0.21745273528
"03100202_90610000_UNNAMED_STREAM",4100,37830,"UNNAMED STREAM","03100202","90610000","STREAM","tbcmp_PD_HA_IntHigh_2100","PD","HA","IntHigh","2100",37.39198625292
"03100202_90610000_UNNAMED_STREAM",5200,112459,"UNNAMED STREAM","03100202","90610000","STREAM","tbcmp_PD_HA_IntHigh_2100","PD","HA","IntHigh","2100",111.156896167516
"03100202_90610000_UNNAMED_STREAM",5400,1639,"UNNAMED STREAM","03100202","90610000","STREAM","tbcmp_PD_HA_IntHigh_2100","PD","HA","IntHigh","2100",1.620022877836
"03100202_90610000_UNNAMED_STREAM",6110,51350,"UNNAMED STREAM","03100202","90610000","STREAM","tbcmp_PD_HA_IntHigh_2100","PD","HA","IntHigh","2100",50.7554452574
"03100202_90610000_UNNAMED_STREAM",6120,8180,"UNNAMED STREAM","03100202","90610000","STREAM","tbcmp_PD_HA_IntHigh_2100","PD","HA","IntHigh","2100",8.08528806632
"03100202_90610000_UNNAMED_STREAM",6410,75489,"UNNAMED STREAM","03100202","90610000","STREAM","tbcmp_PD_HA_IntHigh_2100","PD","HA","IntHigh","2100",74.614952425236
"03100202_90610000_UNNAMED_STREAM",6420,1053,"UNNAMED STREAM","03100202","90610000","STREAM","tbcmp_PD_HA_IntHigh_2100","PD","HA","IntHigh","2100",1.040807864772
"03100202_90610000_UNNAMED_STREAM",6600,2347,"UNNAMED STREAM","03100202","90610000","STREAM","tbcmp_PD_HA_IntHigh_2100","PD","HA","IntHigh","2100",2.319825316828
"03100202_90610000_UNNAMED_STREAM",9113,883,"UNNAMED STREAM","03100202","90610000","STREAM","tbcmp_PD_HA_IntHigh_2100","PD","HA","IntHigh","2100",0.872776205692
"03100202_90750000_WILLIAMS_CREEK",1100,185961,"WILLIAMS CREEK","03100202","90750000","STREAM","tbcmp_PD_HA_IntHigh_2100","PD","HA","IntHigh","2100",183.807855024564
"03100202_90750000_WILLIAMS_CREEK",1200,1164129,"WILLIAMS CREEK","03100202","90750000","STREAM","tbcmp_PD_HA_IntHigh_2100","PD","HA","IntHigh","2100",1150.6501603126
"03100202_90750000_WILLIAMS_CREEK",1800,18106,"WILLIAMS CREEK","03100202","90750000","STREAM","tbcmp_PD_HA_IntHigh_2100","PD","HA","IntHigh","2100",17.896360113544
"03100202_90750000_WILLIAMS_CREEK",1820,74553,"WILLIAMS CREEK","03100202","90750000","STREAM","tbcmp_PD_HA_IntHigh_2100","PD","HA","IntHigh","2100",73.689789878772
"03100202_90750000_WILLIAMS_CREEK",1900,66062,"WILLIAMS CREEK","03100202","90750000","STREAM","tbcmp_PD_HA_IntHigh_2100","PD","HA","IntHigh","2100",65.297102718488
"03100202_90750000_WILLIAMS_CREEK",2100,84508,"WILLIAMS CREEK","03100202","90750000","STREAM","tbcmp_PD_HA_IntHigh_2100","PD","HA","IntHigh","2100",83.529526150192
"03100202_90750000_WILLIAMS_CREEK",3200,18885,"WILLIAMS CREEK","03100202","90750000","STREAM","tbcmp_PD_HA_IntHigh_2100","PD","HA","IntHigh","2100",18.66634048074
"03100202_90750000_WILLIAMS_CREEK",4100,157136,"WILLIAMS CREEK","03100202","90750000","STREAM","tbcmp_PD_HA_IntHigh_2100","PD","HA","IntHigh","2100",155.316604595264
"03100202_90750000_WILLIAMS_CREEK",5200,231513,"WILLIAMS CREEK","03100202","90750000","STREAM","tbcmp_PD_HA_IntHigh_2100","PD","HA","IntHigh","2100",228.832432285812
"03100202_90750000_WILLIAMS_CREEK",5400,656,"WILLIAMS CREEK","03100202","90750000","STREAM","tbcmp_PD_HA_IntHigh_2100","PD","HA","IntHigh","2100",0.648404519744
"03100202_90750000_WILLIAMS_CREEK",6110,104293,"WILLIAMS CREEK","03100202","90750000","STREAM","tbcmp_PD_HA_IntHigh_2100","PD","HA","IntHigh","2100",103.085446002532
"03100202_90750000_WILLIAMS_CREEK",6120,810,"WILLIAMS CREEK","03100202","90750000","STREAM","tbcmp_PD_HA_IntHigh_2100","PD","HA","IntHigh","2100",0.80062143444
"03100202_90750000_WILLIAMS_CREEK",6410,186019,"WILLIAMS CREEK","03100202","90750000","STREAM","tbcmp_PD_HA_IntHigh_2100","PD","HA","IntHigh","2100",183.865183472956
"03100202_90750000_WILLIAMS_CREEK",6420,402,"WILLIAMS CREEK","03100202","90750000","STREAM","tbcmp_PD_HA_IntHigh_2100","PD","HA","IntHigh","2100",0.397345452648
"03100202_90750000_WILLIAMS_CREEK",6425,770,"WILLIAMS CREEK","03100202","90750000","STREAM","tbcmp_PD_HA_IntHigh_2100","PD","HA","IntHigh","2100",0.76108457348
"03100202_90750000_WILLIAMS_CREEK",6510,486,"WILLIAMS CREEK","03100202","90750000","STREAM","tbcmp_PD_HA_IntHigh_2100","PD","HA","IntHigh","2100",0.480372860664
"03100202_90750000_WILLIAMS_CREEK",6600,1105,"WILLIAMS CREEK","03100202","90750000","STREAM","tbcmp_PD_HA_IntHigh_2100","PD","HA","IntHigh","2100",1.09220578402
"03100202_90750000_WILLIAMS_CREEK",9113,8210,"WILLIAMS CREEK","03100202","90750000","STREAM","tbcmp_PD_HA_IntHigh_2100","PD","HA","IntHigh","2100",8.11494071204
"03100202_90800000_GAP_CREEK",1100,348837,"GAP CREEK","03100202","90800000","STREAM","tbcmp_PD_HA_IntHigh_2100","PD","HA","IntHigh","2100",344.797999167588
"03100202_90800000_GAP_CREEK",1200,3495993,"GAP CREEK","03100202","90800000","STREAM","tbcmp_PD_HA_IntHigh_2100","PD","HA","IntHigh","2100",3455.51472895333
"03100202_90800000_GAP_CREEK",1800,47886,"GAP CREEK","03100202","90800000","STREAM","tbcmp_PD_HA_IntHigh_2100","PD","HA","IntHigh","2100",47.331553098264
"03100202_90800000_GAP_CREEK",1820,42899,"GAP CREEK","03100202","90800000","STREAM","tbcmp_PD_HA_IntHigh_2100","PD","HA","IntHigh","2100",42.402294958076
"03100202_90800000_GAP_CREEK",1900,284884,"GAP CREEK","03100202","90800000","STREAM","tbcmp_PD_HA_IntHigh_2100","PD","HA","IntHigh","2100",281.585477443216
"03100202_90800000_GAP_CREEK",2100,146672,"GAP CREEK","03100202","90800000","STREAM","tbcmp_PD_HA_IntHigh_2100","PD","HA","IntHigh","2100",144.973761768128
"03100202_90800000_GAP_CREEK",2400,13710,"GAP CREEK","03100202","90800000","STREAM","tbcmp_PD_HA_IntHigh_2100","PD","HA","IntHigh","2100",13.55125909404
"03100202_90800000_GAP_CREEK",3200,4964,"GAP CREEK","03100202","90800000","STREAM","tbcmp_PD_HA_IntHigh_2100","PD","HA","IntHigh","2100",4.906524445136
"03100202_90800000_GAP_CREEK",4100,216866,"GAP CREEK","03100202","90800000","STREAM","tbcmp_PD_HA_IntHigh_2100","PD","HA","IntHigh","2100",214.355022223784
"03100202_90800000_GAP_CREEK",4400,48564,"GAP CREEK","03100202","90800000","STREAM","tbcmp_PD_HA_IntHigh_2100","PD","HA","IntHigh","2100",48.001702891536
"03100202_90800000_GAP_CREEK",5200,346053,"GAP CREEK","03100202","90800000","STREAM","tbcmp_PD_HA_IntHigh_2100","PD","HA","IntHigh","2100",342.046233644772
"03100202_90800000_GAP_CREEK",5400,38451,"GAP CREEK","03100202","90800000","STREAM","tbcmp_PD_HA_IntHigh_2100","PD","HA","IntHigh","2100",38.005796019324
"03100202_90800000_GAP_CREEK",6110,178961,"GAP CREEK","03100202","90800000","STREAM","tbcmp_PD_HA_IntHigh_2100","PD","HA","IntHigh","2100",176.888904356564
"03100202_90800000_GAP_CREEK",6120,4064,"GAP CREEK","03100202","90800000","STREAM","tbcmp_PD_HA_IntHigh_2100","PD","HA","IntHigh","2100",4.016945073536
"03100202_90800000_GAP_CREEK",6410,118733,"GAP CREEK","03100202","90800000","STREAM","tbcmp_PD_HA_IntHigh_2100","PD","HA","IntHigh","2100",117.358252809092
"03100202_90800000_GAP_CREEK",6420,1347,"GAP CREEK","03100202","90800000","STREAM","tbcmp_PD_HA_IntHigh_2100","PD","HA","IntHigh","2100",1.331403792828
"03100202_90800000_GAP_CREEK",6425,4496,"GAP CREEK","03100202","90800000","STREAM","tbcmp_PD_HA_IntHigh_2100","PD","HA","IntHigh","2100",4.443943171904
"03100202_90800000_GAP_CREEK",6510,4294,"GAP CREEK","03100202","90800000","STREAM","tbcmp_PD_HA_IntHigh_2100","PD","HA","IntHigh","2100",4.244282024056
"03100202_90800000_GAP_CREEK",6600,3223,"GAP CREEK","03100202","90800000","STREAM","tbcmp_PD_HA_IntHigh_2100","PD","HA","IntHigh","2100",3.185682571852
"03100202_90800000_GAP_CREEK",9113,65059,"GAP CREEK","03100202","90800000","STREAM","tbcmp_PD_HA_IntHigh_2100","PD","HA","IntHigh","2100",64.305715929916
"03100202_90900000_SUGARHOUSE_CREEK",1100,182058,"SUGARHOUSE CREEK","03100202","90900000","STREAM","tbcmp_PD_HA_IntHigh_2100","PD","HA","IntHigh","2100",179.950045816392
"03100202_90900000_SUGARHOUSE_CREEK",1200,2025608,"SUGARHOUSE CREEK","03100202","90900000","STREAM","tbcmp_PD_HA_IntHigh_2100","PD","HA","IntHigh","2100",2002.15454638659
"03100202_90900000_SUGARHOUSE_CREEK",1800,48375,"SUGARHOUSE CREEK","03100202","90900000","STREAM","tbcmp_PD_HA_IntHigh_2100","PD","HA","IntHigh","2100",47.8148912235
"03100202_90900000_SUGARHOUSE_CREEK",1820,49997,"SUGARHOUSE CREEK","03100202","90900000","STREAM","tbcmp_PD_HA_IntHigh_2100","PD","HA","IntHigh","2100",49.418110935428
"03100202_90900000_SUGARHOUSE_CREEK",1900,296760,"SUGARHOUSE CREEK","03100202","90900000","STREAM","tbcmp_PD_HA_IntHigh_2100","PD","HA","IntHigh","2100",293.32397146224
"03100202_90900000_SUGARHOUSE_CREEK",2100,121140,"SUGARHOUSE CREEK","03100202","90900000","STREAM","tbcmp_PD_HA_IntHigh_2100","PD","HA","IntHigh","2100",119.73738341736
"03100202_90900000_SUGARHOUSE_CREEK",2200,38642,"SUGARHOUSE CREEK","03100202","90900000","STREAM","tbcmp_PD_HA_IntHigh_2100","PD","HA","IntHigh","2100",38.194584530408
"03100202_90900000_SUGARHOUSE_CREEK",2400,29228,"SUGARHOUSE CREEK","03100202","90900000","STREAM","tbcmp_PD_HA_IntHigh_2100","PD","HA","IntHigh","2100",28.889584303472
"03100202_90900000_SUGARHOUSE_CREEK",3200,3226,"SUGARHOUSE CREEK","03100202","90900000","STREAM","tbcmp_PD_HA_IntHigh_2100","PD","HA","IntHigh","2100",3.188647836424
"03100202_90900000_SUGARHOUSE_CREEK",4100,100620,"SUGARHOUSE CREEK","03100202","90900000","STREAM","tbcmp_PD_HA_IntHigh_2100","PD","HA","IntHigh","2100",99.45497374488
"03100202_90900000_SUGARHOUSE_CREEK",5200,103010,"SUGARHOUSE CREEK","03100202","90900000","STREAM","tbcmp_PD_HA_IntHigh_2100","PD","HA","IntHigh","2100",101.81730118724
"03100202_90900000_SUGARHOUSE_CREEK",5400,9072,"SUGARHOUSE CREEK","03100202","90900000","STREAM","tbcmp_PD_HA_IntHigh_2100","PD","HA","IntHigh","2100",8.966960065728
"03100202_90900000_SUGARHOUSE_CREEK",6110,90894,"SUGARHOUSE CREEK","03100202","90900000","STREAM","tbcmp_PD_HA_IntHigh_2100","PD","HA","IntHigh","2100",89.841586002456
"03100202_90900000_SUGARHOUSE_CREEK",6120,3528,"SUGARHOUSE CREEK","03100202","90900000","STREAM","tbcmp_PD_HA_IntHigh_2100","PD","HA","IntHigh","2100",3.487151136672
"03100202_90900000_SUGARHOUSE_CREEK",6410,21557,"SUGARHOUSE CREEK","03100202","90900000","STREAM","tbcmp_PD_HA_IntHigh_2100","PD","HA","IntHigh","2100",21.307402792868
"03100202_90900000_SUGARHOUSE_CREEK",6420,2323,"SUGARHOUSE CREEK","03100202","90900000","STREAM","tbcmp_PD_HA_IntHigh_2100","PD","HA","IntHigh","2100",2.296103200252
"03100202_90900000_SUGARHOUSE_CREEK",6425,3516,"SUGARHOUSE CREEK","03100202","90900000","STREAM","tbcmp_PD_HA_IntHigh_2100","PD","HA","IntHigh","2100",3.475290078384
"03100202_90900000_SUGARHOUSE_CREEK",6510,1606,"SUGARHOUSE CREEK","03100202","90900000","STREAM","tbcmp_PD_HA_IntHigh_2100","PD","HA","IntHigh","2100",1.587404967544
"03100202_90900000_SUGARHOUSE_CREEK",6600,8926,"SUGARHOUSE CREEK","03100202","90900000","STREAM","tbcmp_PD_HA_IntHigh_2100","PD","HA","IntHigh","2100",8.822650523224
"03100202_90900000_SUGARHOUSE_CREEK",9113,13935,"SUGARHOUSE CREEK","03100202","90900000","STREAM","tbcmp_PD_HA_IntHigh_2100","PD","HA","IntHigh","2100",13.77365393694
"03100202_90980000_BRADEN_RIVER_AB_WARD_L",1100,3003833,"BRADEN RIVER AB WARD L","03100202","90980000","STREAM","tbcmp_PD_HA_IntHigh_2100","PD","HA","IntHigh","2100",2969.05319170149
"03100202_90980000_BRADEN_RIVER_AB_WARD_L",1200,6225488,"BRADEN RIVER AB WARD L","03100202","90980000","STREAM","tbcmp_PD_HA_IntHigh_2100","PD","HA","IntHigh","2100",6153.40633660371
"03100202_90980000_BRADEN_RIVER_AB_WARD_L",1800,446988,"BRADEN RIVER AB WARD L","03100202","90980000","STREAM","tbcmp_PD_HA_IntHigh_2100","PD","HA","IntHigh","2100",441.812560169712
"03100202_90980000_BRADEN_RIVER_AB_WARD_L",1820,950970,"BRADEN RIVER AB WARD L","03100202","90980000","STREAM","tbcmp_PD_HA_IntHigh_2100","PD","HA","IntHigh","2100",939.95921667828
"03100202_90980000_BRADEN_RIVER_AB_WARD_L",1900,770899,"BRADEN RIVER AB WARD L","03100202","90980000","STREAM","tbcmp_PD_HA_IntHigh_2100","PD","HA","IntHigh","2100",761.973164430076
"03100202_90980000_BRADEN_RIVER_AB_WARD_L",2100,900632,"BRADEN RIVER AB WARD L","03100202","90980000","STREAM","tbcmp_PD_HA_IntHigh_2100","PD","HA","IntHigh","2100",890.204054003168
"03100202_90980000_BRADEN_RIVER_AB_WARD_L",2400,37590,"BRADEN RIVER AB WARD L","03100202","90980000","STREAM","tbcmp_PD_HA_IntHigh_2100","PD","HA","IntHigh","2100",37.15476508716
"03100202_90980000_BRADEN_RIVER_AB_WARD_L",3200,280423,"BRADEN RIVER AB WARD L","03100202","90980000","STREAM","tbcmp_PD_HA_IntHigh_2100","PD","HA","IntHigh","2100",277.176129024652
"03100202_90980000_BRADEN_RIVER_AB_WARD_L",4100,1396550,"BRADEN RIVER AB WARD L","03100202","90980000","STREAM","tbcmp_PD_HA_IntHigh_2100","PD","HA","IntHigh","2100",1380.3800793422
"03100202_90980000_BRADEN_RIVER_AB_WARD_L",4400,9958,"BRADEN RIVER AB WARD L","03100202","90980000","STREAM","tbcmp_PD_HA_IntHigh_2100","PD","HA","IntHigh","2100",9.842701535992
"03100202_90980000_BRADEN_RIVER_AB_WARD_L",5200,1250689,"BRADEN RIVER AB WARD L","03100202","90980000","STREAM","tbcmp_PD_HA_IntHigh_2100","PD","HA","IntHigh","2100",1236.20792743004
"03100202_90980000_BRADEN_RIVER_AB_WARD_L",5400,1146601,"BRADEN RIVER AB WARD L","03100202","90980000","STREAM","tbcmp_PD_HA_IntHigh_2100","PD","HA","IntHigh","2100",1133.32510783992
"03100202_90980000_BRADEN_RIVER_AB_WARD_L",6110,835390,"BRADEN RIVER AB WARD L","03100202","90980000","STREAM","tbcmp_PD_HA_IntHigh_2100","PD","HA","IntHigh","2100",825.71745693436
"03100202_90980000_BRADEN_RIVER_AB_WARD_L",6120,67415,"BRADEN RIVER AB WARD L","03100202","90980000","STREAM","tbcmp_PD_HA_IntHigh_2100","PD","HA","IntHigh","2100",66.63443704046
"03100202_90980000_BRADEN_RIVER_AB_WARD_L",6410,623814,"BRADEN RIVER AB WARD L","03100202","90980000","STREAM","tbcmp_PD_HA_IntHigh_2100","PD","HA","IntHigh","2100",616.591184572536
"03100202_90980000_BRADEN_RIVER_AB_WARD_L",6420,26680,"BRADEN RIVER AB WARD L","03100202","90980000","STREAM","tbcmp_PD_HA_IntHigh_2100","PD","HA","IntHigh","2100",26.37108626032
"03100202_90980000_BRADEN_RIVER_AB_WARD_L",6425,54832,"BRADEN RIVER AB WARD L","03100202","90980000","STREAM","tbcmp_PD_HA_IntHigh_2100","PD","HA","IntHigh","2100",54.197129003968
"03100202_90980000_BRADEN_RIVER_AB_WARD_L",6510,32895,"BRADEN RIVER AB WARD L","03100202","90980000","STREAM","tbcmp_PD_HA_IntHigh_2100","PD","HA","IntHigh","2100",32.51412603198
"03100202_90980000_BRADEN_RIVER_AB_WARD_L",6600,46840,"BRADEN RIVER AB WARD L","03100202","90980000","STREAM","tbcmp_PD_HA_IntHigh_2100","PD","HA","IntHigh","2100",46.29766418416
"03100202_90980000_BRADEN_RIVER_AB_WARD_L",9113,678802,"BRADEN RIVER AB WARD L","03100202","90980000","STREAM","tbcmp_PD_HA_IntHigh_2100","PD","HA","IntHigh","2100",670.942507334248
"03100202_98000000_MANATEE_RIVER_AB_DAM",1100,912864,"MANATEE RIVER AB DAM","03100202","98000000","STREAM","tbcmp_PD_HA_IntHigh_2100","PD","HA","IntHigh","2100",902.294426084736
"03100202_98000000_MANATEE_RIVER_AB_DAM",1200,676810,"MANATEE RIVER AB DAM","03100202","98000000","STREAM","tbcmp_PD_HA_IntHigh_2100","PD","HA","IntHigh","2100",668.97357165844
"03100202_98000000_MANATEE_RIVER_AB_DAM",1800,110300,"MANATEE RIVER AB DAM","03100202","98000000","STREAM","tbcmp_PD_HA_IntHigh_2100","PD","HA","IntHigh","2100",109.0228940972
"03100202_98000000_MANATEE_RIVER_AB_DAM",1900,664038,"MANATEE RIVER AB DAM","03100202","98000000","STREAM","tbcmp_PD_HA_IntHigh_2100","PD","HA","IntHigh","2100",656.349451953912
"03100202_98000000_MANATEE_RIVER_AB_DAM",2100,4764605,"MANATEE RIVER AB DAM","03100202","98000000","STREAM","tbcmp_PD_HA_IntHigh_2100","PD","HA","IntHigh","2100",4709.43813535802
"03100202_98000000_MANATEE_RIVER_AB_DAM",2200,865249,"MANATEE RIVER AB DAM","03100202","98000000","STREAM","tbcmp_PD_HA_IntHigh_2100","PD","HA","IntHigh","2100",855.230735219476
"03100202_98000000_MANATEE_RIVER_AB_DAM",3200,5768204,"MANATEE RIVER AB DAM","03100202","98000000","STREAM","tbcmp_PD_HA_IntHigh_2100","PD","HA","IntHigh","2100",5701.41698842289
"03100202_98000000_MANATEE_RIVER_AB_DAM",4100,3110905,"MANATEE RIVER AB DAM","03100202","98000000","STREAM","tbcmp_PD_HA_IntHigh_2100","PD","HA","IntHigh","2100",3074.88546111922
"03100202_98000000_MANATEE_RIVER_AB_DAM",4400,870429,"MANATEE RIVER AB DAM","03100202","98000000","STREAM","tbcmp_PD_HA_IntHigh_2100","PD","HA","IntHigh","2100",860.350758713796
"03100202_98000000_MANATEE_RIVER_AB_DAM",5200,1372636,"MANATEE RIVER AB DAM","03100202","98000000","STREAM","tbcmp_PD_HA_IntHigh_2100","PD","HA","IntHigh","2100",1356.74296701726
"03100202_98000000_MANATEE_RIVER_AB_DAM",6110,1723768,"MANATEE RIVER AB DAM","03100202","98000000","STREAM","tbcmp_PD_HA_IntHigh_2100","PD","HA","IntHigh","2100",1703.80939358243
"03100202_98000000_MANATEE_RIVER_AB_DAM",6410,1391843,"MANATEE RIVER AB DAM","03100202","98000000","STREAM","tbcmp_PD_HA_IntHigh_2100","PD","HA","IntHigh","2100",1375.72757922873
"03100202_99000000_MANATEE_RIVER_BL_DAM",1100,1731990,"MANATEE RIVER BL DAM","03100202","99000000","STREAM","tbcmp_PD_HA_IntHigh_2100","PD","HA","IntHigh","2100",1711.93619535276
"03100202_99000000_MANATEE_RIVER_BL_DAM",1200,17095012,"MANATEE RIVER BL DAM","03100202","99000000","STREAM","tbcmp_PD_HA_IntHigh_2100","PD","HA","IntHigh","2100",16897.0778138383
"03100202_99000000_MANATEE_RIVER_BL_DAM",1800,344109,"MANATEE RIVER BL DAM","03100202","99000000","STREAM","tbcmp_PD_HA_IntHigh_2100","PD","HA","IntHigh","2100",340.124742202116
"03100202_99000000_MANATEE_RIVER_BL_DAM",1820,755833,"MANATEE RIVER BL DAM","03100202","99000000","STREAM","tbcmp_PD_HA_IntHigh_2100","PD","HA","IntHigh","2100",747.081605749492
"03100202_99000000_MANATEE_RIVER_BL_DAM",1900,1265461,"MANATEE RIVER BL DAM","03100202","99000000","STREAM","tbcmp_PD_HA_IntHigh_2100","PD","HA","IntHigh","2100",1250.80889018256
"03100202_99000000_MANATEE_RIVER_BL_DAM",2100,1350267,"MANATEE RIVER BL DAM","03100202","99000000","STREAM","tbcmp_PD_HA_IntHigh_2100","PD","HA","IntHigh","2100",1334.63296594691
"03100202_99000000_MANATEE_RIVER_BL_DAM",2200,33846,"MANATEE RIVER BL DAM","03100202","99000000","STREAM","tbcmp_PD_HA_IntHigh_2100","PD","HA","IntHigh","2100",33.454114901304
"03100202_99000000_MANATEE_RIVER_BL_DAM",2400,88949,"MANATEE RIVER BL DAM","03100202","99000000","STREAM","tbcmp_PD_HA_IntHigh_2100","PD","HA","IntHigh","2100",87.919106138276
"03100202_99000000_MANATEE_RIVER_BL_DAM",3200,215451,"MANATEE RIVER BL DAM","03100202","99000000","STREAM","tbcmp_PD_HA_IntHigh_2100","PD","HA","IntHigh","2100",212.956405767324
"03100202_99000000_MANATEE_RIVER_BL_DAM",4100,1283791,"MANATEE RIVER BL DAM","03100202","99000000","STREAM","tbcmp_PD_HA_IntHigh_2100","PD","HA","IntHigh","2100",1268.92665671748
"03100202_99000000_MANATEE_RIVER_BL_DAM",5200,988605,"MANATEE RIVER BL DAM","03100202","99000000","STREAM","tbcmp_PD_HA_IntHigh_2100","PD","HA","IntHigh","2100",977.15846073402
"03100202_99000000_MANATEE_RIVER_BL_DAM",5400,7484396,"MANATEE RIVER BL DAM","03100202","99000000","STREAM","tbcmp_PD_HA_IntHigh_2100","PD","HA","IntHigh","2100",7397.7381005395
"03100202_99000000_MANATEE_RIVER_BL_DAM",6110,1389353,"MANATEE RIVER BL DAM","03100202","99000000","STREAM","tbcmp_PD_HA_IntHigh_2100","PD","HA","IntHigh","2100",1373.26640963397
"03100202_99000000_MANATEE_RIVER_BL_DAM",6120,30998,"MANATEE RIVER BL DAM","03100202","99000000","STREAM","tbcmp_PD_HA_IntHigh_2100","PD","HA","IntHigh","2100",30.639090400952
"03100202_99000000_MANATEE_RIVER_BL_DAM",6410,603411,"MANATEE RIVER BL DAM","03100202","99000000","STREAM","tbcmp_PD_HA_IntHigh_2100","PD","HA","IntHigh","2100",596.424420218364
"03100202_99000000_MANATEE_RIVER_BL_DAM",6420,47930,"MANATEE RIVER BL DAM","03100202","99000000","STREAM","tbcmp_PD_HA_IntHigh_2100","PD","HA","IntHigh","2100",47.37504364532
"03100202_99000000_MANATEE_RIVER_BL_DAM",6425,135057,"MANATEE RIVER BL DAM","03100202","99000000","STREAM","tbcmp_PD_HA_IntHigh_2100","PD","HA","IntHigh","2100",133.493245766868
"03100202_99000000_MANATEE_RIVER_BL_DAM",6510,89885,"MANATEE RIVER BL DAM","03100202","99000000","STREAM","tbcmp_PD_HA_IntHigh_2100","PD","HA","IntHigh","2100",88.84426868474
"03100202_99000000_MANATEE_RIVER_BL_DAM",6600,128434,"MANATEE RIVER BL DAM","03100202","99000000","STREAM","tbcmp_PD_HA_IntHigh_2100","PD","HA","IntHigh","2100",126.946930013416
"03100202_99000000_MANATEE_RIVER_BL_DAM",9113,2067522,"MANATEE RIVER BL DAM","03100202","99000000","STREAM","tbcmp_PD_HA_IntHigh_2100","PD","HA","IntHigh","2100",2043.58324614353
"03100203_12000000_MINED_AREA",1200,1484122,"MINED AREA","03100203","12000000","NONCON","tbcmp_PD_HA_IntHigh_2100","PD","HA","IntHigh","2100",1466.93812904193
"03100203_12000000_MINED_AREA",1900,24010,"MINED AREA","03100203","12000000","NONCON","tbcmp_PD_HA_IntHigh_2100","PD","HA","IntHigh","2100",23.73200079124
"03100203_12000000_MINED_AREA",3200,3495,"MINED AREA","03100203","12000000","NONCON","tbcmp_PD_HA_IntHigh_2100","PD","HA","IntHigh","2100",3.45453322638
"03100203_12000000_MINED_AREA",4100,11042,"MINED AREA","03100203","12000000","NONCON","tbcmp_PD_HA_IntHigh_2100","PD","HA","IntHigh","2100",10.914150468008
"03100203_12000000_MINED_AREA",4400,22678,"MINED AREA","03100203","12000000","NONCON","tbcmp_PD_HA_IntHigh_2100","PD","HA","IntHigh","2100",22.415423321272
"03100203_12000000_MINED_AREA",6110,1134,"MINED AREA","03100203","12000000","NONCON","tbcmp_PD_HA_IntHigh_2100","PD","HA","IntHigh","2100",1.120870008216
"03100203_12000000_MINED_AREA",6410,63644,"MINED AREA","03100203","12000000","NONCON","tbcmp_PD_HA_IntHigh_2100","PD","HA","IntHigh","2100",62.907099473456
"03100203_12990000_ALDERMANN_CREEK",1200,2548486,"ALDERMANN CREEK","03100203","12990000","STREAM","tbcmp_PD_HA_IntHigh_2100","PD","HA","IntHigh","2100",2518.97841601266
"03100203_12990000_ALDERMANN_CREEK",1900,1686484,"ALDERMANN CREEK","03100203","12990000","STREAM","tbcmp_PD_HA_IntHigh_2100","PD","HA","IntHigh","2100",1666.95708548162
"03100203_12990000_ALDERMANN_CREEK",2100,553468,"ALDERMANN CREEK","03100203","12990000","STREAM","tbcmp_PD_HA_IntHigh_2100","PD","HA","IntHigh","2100",547.059684045232
"03100203_12990000_ALDERMANN_CREEK",2200,98476,"ALDERMANN CREEK","03100203","12990000","STREAM","tbcmp_PD_HA_IntHigh_2100","PD","HA","IntHigh","2100",97.335797997424
"03100203_12990000_ALDERMANN_CREEK",3200,64405,"ALDERMANN CREEK","03100203","12990000","STREAM","tbcmp_PD_HA_IntHigh_2100","PD","HA","IntHigh","2100",63.65928825322
"03100203_12990000_ALDERMANN_CREEK",4100,36648,"ALDERMANN CREEK","03100203","12990000","STREAM","tbcmp_PD_HA_IntHigh_2100","PD","HA","IntHigh","2100",36.223672011552
"03100203_12990000_ALDERMANN_CREEK",4400,134999,"ALDERMANN CREEK","03100203","12990000","STREAM","tbcmp_PD_HA_IntHigh_2100","PD","HA","IntHigh","2100",133.435917318476
"03100203_12990000_ALDERMANN_CREEK",5200,4922,"ALDERMANN CREEK","03100203","12990000","STREAM","tbcmp_PD_HA_IntHigh_2100","PD","HA","IntHigh","2100",4.865010741128
"03100203_12990000_ALDERMANN_CREEK",6110,361918,"ALDERMANN CREEK","03100203","12990000","STREAM","tbcmp_PD_HA_IntHigh_2100","PD","HA","IntHigh","2100",357.727541123032
"03100203_12990000_ALDERMANN_CREEK",6410,367047,"ALDERMANN CREEK","03100203","12990000","STREAM","tbcmp_PD_HA_IntHigh_2100","PD","HA","IntHigh","2100",362.797155119628
"03100203_30000000_HOWARD_PRAIRIE_BRANCH",1200,1337495,"HOWARD PRAIRIE BRANCH","03100203","30000000","STREAM","tbcmp_PD_HA_IntHigh_2100","PD","HA","IntHigh","2100",1322.00884624238
"03100203_30000000_HOWARD_PRAIRIE_BRANCH",1900,128544,"HOWARD PRAIRIE BRANCH","03100203","30000000","STREAM","tbcmp_PD_HA_IntHigh_2100","PD","HA","IntHigh","2100",127.055656381056
"03100203_30000000_HOWARD_PRAIRIE_BRANCH",2100,47123,"HOWARD PRAIRIE BRANCH","03100203","30000000","STREAM","tbcmp_PD_HA_IntHigh_2100","PD","HA","IntHigh","2100",46.577387475452
"03100203_30000000_HOWARD_PRAIRIE_BRANCH",3200,181719,"HOWARD PRAIRIE BRANCH","03100203","30000000","STREAM","tbcmp_PD_HA_IntHigh_2100","PD","HA","IntHigh","2100",179.614970919756
"03100203_30000000_HOWARD_PRAIRIE_BRANCH",4100,986,"HOWARD PRAIRIE BRANCH","03100203","30000000","STREAM","tbcmp_PD_HA_IntHigh_2100","PD","HA","IntHigh","2100",0.974583622664
"03100203_30000000_HOWARD_PRAIRIE_BRANCH",5200,216,"HOWARD PRAIRIE BRANCH","03100203","30000000","STREAM","tbcmp_PD_HA_IntHigh_2100","PD","HA","IntHigh","2100",0.213499049184
"03100203_30000000_HOWARD_PRAIRIE_BRANCH",6110,107554,"HOWARD PRAIRIE BRANCH","03100203","30000000","STREAM","tbcmp_PD_HA_IntHigh_2100","PD","HA","IntHigh","2100",106.308688592296
"03100203_30000000_HOWARD_PRAIRIE_BRANCH",6410,200614,"HOWARD PRAIRIE BRANCH","03100203","30000000","STREAM","tbcmp_PD_HA_IntHigh_2100","PD","HA","IntHigh","2100",198.291195615736
"03100203_30900000_UNNAMED_DRAIN",1100,286429,"UNNAMED DRAIN","03100203","30900000","DRAIN","tbcmp_PD_HA_IntHigh_2100","PD","HA","IntHigh","2100",283.112588697796
"03100203_30900000_UNNAMED_DRAIN",1200,6169387,"UNNAMED DRAIN","03100203","30900000","DRAIN","tbcmp_PD_HA_IntHigh_2100","PD","HA","IntHigh","2100",6097.95490068579
"03100203_30900000_UNNAMED_DRAIN",1900,80142,"UNNAMED DRAIN","03100203","30900000","DRAIN","tbcmp_PD_HA_IntHigh_2100","PD","HA","IntHigh","2100",79.214077776408
"03100203_30900000_UNNAMED_DRAIN",2100,1116383,"UNNAMED DRAIN","03100203","30900000","DRAIN","tbcmp_PD_HA_IntHigh_2100","PD","HA","IntHigh","2100",1103.45698622769
"03100203_30900000_UNNAMED_DRAIN",2200,37,"UNNAMED DRAIN","03100203","30900000","DRAIN","tbcmp_PD_HA_IntHigh_2100","PD","HA","IntHigh","2100",0.036571596388
"03100203_30900000_UNNAMED_DRAIN",2400,3122,"UNNAMED DRAIN","03100203","30900000","DRAIN","tbcmp_PD_HA_IntHigh_2100","PD","HA","IntHigh","2100",3.085851997928
"03100203_30900000_UNNAMED_DRAIN",3200,148586,"UNNAMED DRAIN","03100203","30900000","DRAIN","tbcmp_PD_HA_IntHigh_2100","PD","HA","IntHigh","2100",146.865600565064
"03100203_30900000_UNNAMED_DRAIN",4100,101656,"UNNAMED DRAIN","03100203","30900000","DRAIN","tbcmp_PD_HA_IntHigh_2100","PD","HA","IntHigh","2100",100.478978443744
"03100203_30900000_UNNAMED_DRAIN",4400,5778,"UNNAMED DRAIN","03100203","30900000","DRAIN","tbcmp_PD_HA_IntHigh_2100","PD","HA","IntHigh","2100",5.711099565672
"03100203_30900000_UNNAMED_DRAIN",5200,6774,"UNNAMED DRAIN","03100203","30900000","DRAIN","tbcmp_PD_HA_IntHigh_2100","PD","HA","IntHigh","2100",6.695567403576
"03100203_30900000_UNNAMED_DRAIN",6110,559815,"UNNAMED DRAIN","03100203","30900000","DRAIN","tbcmp_PD_HA_IntHigh_2100","PD","HA","IntHigh","2100",553.33319545806
"03100203_30900000_UNNAMED_DRAIN",6410,162016,"UNNAMED DRAIN","03100203","30900000","DRAIN","tbcmp_PD_HA_IntHigh_2100","PD","HA","IntHigh","2100",160.140101632384
"03100203_30990000_HOWARD_PRAIRIE_BRANCH",1200,173820,"HOWARD PRAIRIE BRANCH","03100203","30990000","STREAM","tbcmp_PD_HA_IntHigh_2100","PD","HA","IntHigh","2100",171.80742930168
"03100203_30990000_HOWARD_PRAIRIE_BRANCH",1900,339044,"HOWARD PRAIRIE BRANCH","03100203","30990000","STREAM","tbcmp_PD_HA_IntHigh_2100","PD","HA","IntHigh","2100",335.118387183056
"03100203_30990000_HOWARD_PRAIRIE_BRANCH",2100,168404,"HOWARD PRAIRIE BRANCH","03100203","30990000","STREAM","tbcmp_PD_HA_IntHigh_2100","PD","HA","IntHigh","2100",166.454138327696
"03100203_30990000_HOWARD_PRAIRIE_BRANCH",2200,1163,"HOWARD PRAIRIE BRANCH","03100203","30990000","STREAM","tbcmp_PD_HA_IntHigh_2100","PD","HA","IntHigh","2100",1.149534232412
"03100203_30990000_HOWARD_PRAIRIE_BRANCH",3200,62943,"HOWARD PRAIRIE BRANCH","03100203","30990000","STREAM","tbcmp_PD_HA_IntHigh_2100","PD","HA","IntHigh","2100",62.214215985132
"03100203_30990000_HOWARD_PRAIRIE_BRANCH",4100,37406,"HOWARD PRAIRIE BRANCH","03100203","30990000","STREAM","tbcmp_PD_HA_IntHigh_2100","PD","HA","IntHigh","2100",36.972895526744
"03100203_30990000_HOWARD_PRAIRIE_BRANCH",4400,45733,"HOWARD PRAIRIE BRANCH","03100203","30990000","STREAM","tbcmp_PD_HA_IntHigh_2100","PD","HA","IntHigh","2100",45.203481557092
"03100203_30990000_HOWARD_PRAIRIE_BRANCH",5200,931,"HOWARD PRAIRIE BRANCH","03100203","30990000","STREAM","tbcmp_PD_HA_IntHigh_2100","PD","HA","IntHigh","2100",0.920220438844
"03100203_30990000_HOWARD_PRAIRIE_BRANCH",6110,154426,"HOWARD PRAIRIE BRANCH","03100203","30990000","STREAM","tbcmp_PD_HA_IntHigh_2100","PD","HA","IntHigh","2100",152.637982265224
"03100203_30990000_HOWARD_PRAIRIE_BRANCH",6410,61340,"HOWARD PRAIRIE BRANCH","03100203","30990000","STREAM","tbcmp_PD_HA_IntHigh_2100","PD","HA","IntHigh","2100",60.62977628216
"03100203_35000000_PIERCE_BRANCH",1100,501438,"PIERCE BRANCH","03100203","35000000","STREAM","tbcmp_PD_HA_IntHigh_2100","PD","HA","IntHigh","2100",495.632112151512
"03100203_35000000_PIERCE_BRANCH",1200,1246257,"PIERCE BRANCH","03100203","35000000","STREAM","tbcmp_PD_HA_IntHigh_2100","PD","HA","IntHigh","2100",1231.82724323567
"03100203_35000000_PIERCE_BRANCH",1800,4517,"PIERCE BRANCH","03100203","35000000","STREAM","tbcmp_PD_HA_IntHigh_2100","PD","HA","IntHigh","2100",4.464700023908
"03100203_35000000_PIERCE_BRANCH",1900,153716,"PIERCE BRANCH","03100203","35000000","STREAM","tbcmp_PD_HA_IntHigh_2100","PD","HA","IntHigh","2100",151.936202983184
"03100203_35000000_PIERCE_BRANCH",2100,1423598,"PIERCE BRANCH","03100203","35000000","STREAM","tbcmp_PD_HA_IntHigh_2100","PD","HA","IntHigh","2100",1407.11490472335
"03100203_35000000_PIERCE_BRANCH",2200,132504,"PIERCE BRANCH","03100203","35000000","STREAM","tbcmp_PD_HA_IntHigh_2100","PD","HA","IntHigh","2100",130.969805616096
"03100203_35000000_PIERCE_BRANCH",2400,107237,"PIERCE BRANCH","03100203","35000000","STREAM","tbcmp_PD_HA_IntHigh_2100","PD","HA","IntHigh","2100",105.995358969188
"03100203_35000000_PIERCE_BRANCH",3200,106349,"PIERCE BRANCH","03100203","35000000","STREAM","tbcmp_PD_HA_IntHigh_2100","PD","HA","IntHigh","2100",105.117640655876
"03100203_35000000_PIERCE_BRANCH",4100,147495,"PIERCE BRANCH","03100203","35000000","STREAM","tbcmp_PD_HA_IntHigh_2100","PD","HA","IntHigh","2100",145.78723268238
"03100203_35000000_PIERCE_BRANCH",5200,34540,"PIERCE BRANCH","03100203","35000000","STREAM","tbcmp_PD_HA_IntHigh_2100","PD","HA","IntHigh","2100",34.14007943896
"03100203_35000000_PIERCE_BRANCH",6110,422003,"PIERCE BRANCH","03100203","35000000","STREAM","tbcmp_PD_HA_IntHigh_2100","PD","HA","IntHigh","2100",417.116848392572
"03100203_35000000_PIERCE_BRANCH",6410,69716,"PIERCE BRANCH","03100203","35000000","STREAM","tbcmp_PD_HA_IntHigh_2100","PD","HA","IntHigh","2100",68.908794967184
"03100203_40000000_CARLTON_BRANCH",1100,942932,"CARLTON BRANCH","03100203","40000000","STREAM","tbcmp_PD_HA_IntHigh_2100","PD","HA","IntHigh","2100",932.014284468368
"03100203_40000000_CARLTON_BRANCH",1200,768783,"CARLTON BRANCH","03100203","40000000","STREAM","tbcmp_PD_HA_IntHigh_2100","PD","HA","IntHigh","2100",759.881664485292
"03100203_40000000_CARLTON_BRANCH",1800,1019,"CARLTON BRANCH","03100203","40000000","STREAM","tbcmp_PD_HA_IntHigh_2100","PD","HA","IntHigh","2100",1.007201532956
"03100203_40000000_CARLTON_BRANCH",1900,591220,"CARLTON BRANCH","03100203","40000000","STREAM","tbcmp_PD_HA_IntHigh_2100","PD","HA","IntHigh","2100",584.37457341928
"03100203_40000000_CARLTON_BRANCH",2100,2729696,"CARLTON BRANCH","03100203","40000000","STREAM","tbcmp_PD_HA_IntHigh_2100","PD","HA","IntHigh","2100",2698.0902803767
"03100203_40000000_CARLTON_BRANCH",2200,228962,"CARLTON BRANCH","03100203","40000000","STREAM","tbcmp_PD_HA_IntHigh_2100","PD","HA","IntHigh","2100",226.310968978088
"03100203_40000000_CARLTON_BRANCH",2400,162786,"CARLTON BRANCH","03100203","40000000","STREAM","tbcmp_PD_HA_IntHigh_2100","PD","HA","IntHigh","2100",160.901186205864
"03100203_40000000_CARLTON_BRANCH",3200,1965,"CARLTON BRANCH","03100203","40000000","STREAM","tbcmp_PD_HA_IntHigh_2100","PD","HA","IntHigh","2100",1.94224829466
"03100203_40000000_CARLTON_BRANCH",4100,95122,"CARLTON BRANCH","03100203","40000000","STREAM","tbcmp_PD_HA_IntHigh_2100","PD","HA","IntHigh","2100",94.020632205928
"03100203_40000000_CARLTON_BRANCH",5200,226221,"CARLTON BRANCH","03100203","40000000","STREAM","tbcmp_PD_HA_IntHigh_2100","PD","HA","IntHigh","2100",223.601705580804
"03100203_40000000_CARLTON_BRANCH",6110,592673,"CARLTON BRANCH","03100203","40000000","STREAM","tbcmp_PD_HA_IntHigh_2100","PD","HA","IntHigh","2100",585.810749893652
"03100203_40000000_CARLTON_BRANCH",6410,98822,"CARLTON BRANCH","03100203","40000000","STREAM","tbcmp_PD_HA_IntHigh_2100","PD","HA","IntHigh","2100",97.677791844728
"03100203_42000000_UNNAMED_STREAM",1100,46255,"UNNAMED STREAM","03100203","42000000","STREAM","tbcmp_PD_HA_IntHigh_2100","PD","HA","IntHigh","2100",45.71943759262
"03100203_42000000_UNNAMED_STREAM",1900,126077,"UNNAMED STREAM","03100203","42000000","STREAM","tbcmp_PD_HA_IntHigh_2100","PD","HA","IntHigh","2100",124.617220481348
"03100203_42000000_UNNAMED_STREAM",2100,2209276,"UNNAMED STREAM","03100203","42000000","STREAM","tbcmp_PD_HA_IntHigh_2100","PD","HA","IntHigh","2100",2183.69595085662
"03100203_42000000_UNNAMED_STREAM",3200,217834,"UNNAMED STREAM","03100203","42000000","STREAM","tbcmp_PD_HA_IntHigh_2100","PD","HA","IntHigh","2100",215.311814259016
"03100203_42000000_UNNAMED_STREAM",4100,128925,"UNNAMED STREAM","03100203","42000000","STREAM","tbcmp_PD_HA_IntHigh_2100","PD","HA","IntHigh","2100",127.4322449817
"03100203_42000000_UNNAMED_STREAM",4400,5454,"UNNAMED STREAM","03100203","42000000","STREAM","tbcmp_PD_HA_IntHigh_2100","PD","HA","IntHigh","2100",5.390850991896
"03100203_42000000_UNNAMED_STREAM",5200,6544,"UNNAMED STREAM","03100203","42000000","STREAM","tbcmp_PD_HA_IntHigh_2100","PD","HA","IntHigh","2100",6.468230453056
"03100203_42000000_UNNAMED_STREAM",6110,284521,"UNNAMED STREAM","03100203","42000000","STREAM","tbcmp_PD_HA_IntHigh_2100","PD","HA","IntHigh","2100",281.226680430004
"03100203_42000000_UNNAMED_STREAM",6410,66838,"UNNAMED STREAM","03100203","42000000","STREAM","tbcmp_PD_HA_IntHigh_2100","PD","HA","IntHigh","2100",66.064117821112
"03100203_44000000_GULLY_BRANCH",1200,31741,"GULLY BRANCH","03100203","44000000","STREAM","tbcmp_PD_HA_IntHigh_2100","PD","HA","IntHigh","2100",31.373487593284
"03100203_44000000_GULLY_BRANCH",1900,233890,"GULLY BRANCH","03100203","44000000","STREAM","tbcmp_PD_HA_IntHigh_2100","PD","HA","IntHigh","2100",231.18191024836
"03100203_44000000_GULLY_BRANCH",2100,488193,"GULLY BRANCH","03100203","44000000","STREAM","tbcmp_PD_HA_IntHigh_2100","PD","HA","IntHigh","2100",482.540469066132
"03100203_44000000_GULLY_BRANCH",3200,336752,"GULLY BRANCH","03100203","44000000","STREAM","tbcmp_PD_HA_IntHigh_2100","PD","HA","IntHigh","2100",332.852925050048
"03100203_44000000_GULLY_BRANCH",4100,89951,"GULLY BRANCH","03100203","44000000","STREAM","tbcmp_PD_HA_IntHigh_2100","PD","HA","IntHigh","2100",88.909504505324
"03100203_44000000_GULLY_BRANCH",5200,1718,"GULLY BRANCH","03100203","44000000","STREAM","tbcmp_PD_HA_IntHigh_2100","PD","HA","IntHigh","2100",1.698108178232
"03100203_44000000_GULLY_BRANCH",6110,93004,"GULLY BRANCH","03100203","44000000","STREAM","tbcmp_PD_HA_IntHigh_2100","PD","HA","IntHigh","2100",91.927155418096
"03100203_44000000_GULLY_BRANCH",6410,36768,"GULLY BRANCH","03100203","44000000","STREAM","tbcmp_PD_HA_IntHigh_2100","PD","HA","IntHigh","2100",36.342282594432
"03100203_46990000_LAKE_WIMAUMA_DRAIN",1100,244772,"LAKE WIMAUMA DRAIN","03100203","46990000","OUTLET","tbcmp_PD_HA_IntHigh_2100","PD","HA","IntHigh","2100",241.937913272528
"03100203_46990000_LAKE_WIMAUMA_DRAIN",1200,95299,"LAKE WIMAUMA DRAIN","03100203","46990000","OUTLET","tbcmp_PD_HA_IntHigh_2100","PD","HA","IntHigh","2100",94.195582815676
"03100203_46990000_LAKE_WIMAUMA_DRAIN",1800,20996,"LAKE WIMAUMA DRAIN","03100203","46990000","OUTLET","tbcmp_PD_HA_IntHigh_2100","PD","HA","IntHigh","2100",20.752898317904
"03100203_46990000_LAKE_WIMAUMA_DRAIN",1820,15811,"LAKE WIMAUMA DRAIN","03100203","46990000","OUTLET","tbcmp_PD_HA_IntHigh_2100","PD","HA","IntHigh","2100",15.627932715964
"03100203_46990000_LAKE_WIMAUMA_DRAIN",1900,180510,"LAKE WIMAUMA DRAIN","03100203","46990000","OUTLET","tbcmp_PD_HA_IntHigh_2100","PD","HA","IntHigh","2100",178.41996929724
"03100203_46990000_LAKE_WIMAUMA_DRAIN",2100,711175,"LAKE WIMAUMA DRAIN","03100203","46990000","OUTLET","tbcmp_PD_HA_IntHigh_2100","PD","HA","IntHigh","2100",702.9406773307
"03100203_46990000_LAKE_WIMAUMA_DRAIN",2400,51778,"LAKE WIMAUMA DRAIN","03100203","46990000","OUTLET","tbcmp_PD_HA_IntHigh_2100","PD","HA","IntHigh","2100",51.178489669672
"03100203_46990000_LAKE_WIMAUMA_DRAIN",3200,321484,"LAKE WIMAUMA DRAIN","03100203","46990000","OUTLET","tbcmp_PD_HA_IntHigh_2100","PD","HA","IntHigh","2100",317.761705221616
"03100203_46990000_LAKE_WIMAUMA_DRAIN",4100,203642,"LAKE WIMAUMA DRAIN","03100203","46990000","OUTLET","tbcmp_PD_HA_IntHigh_2100","PD","HA","IntHigh","2100",201.284135990408
"03100203_46990000_LAKE_WIMAUMA_DRAIN",5200,94193,"LAKE WIMAUMA DRAIN","03100203","46990000","OUTLET","tbcmp_PD_HA_IntHigh_2100","PD","HA","IntHigh","2100",93.102388610132
"03100203_46990000_LAKE_WIMAUMA_DRAIN",6110,287701,"LAKE WIMAUMA DRAIN","03100203","46990000","OUTLET","tbcmp_PD_HA_IntHigh_2100","PD","HA","IntHigh","2100",284.369860876324
"03100203_46990000_LAKE_WIMAUMA_DRAIN",6410,39846,"LAKE WIMAUMA DRAIN","03100203","46990000","OUTLET","tbcmp_PD_HA_IntHigh_2100","PD","HA","IntHigh","2100",39.384644045304
"03100203_50300000_KEEN_BRANCH",1100,92920,"KEEN BRANCH","03100203","50300000","STREAM","tbcmp_PD_HA_IntHigh_2100","PD","HA","IntHigh","2100",91.84412801008
"03100203_50300000_KEEN_BRANCH",1200,7720,"KEEN BRANCH","03100203","50300000","STREAM","tbcmp_PD_HA_IntHigh_2100","PD","HA","IntHigh","2100",7.63061416528
"03100203_50300000_KEEN_BRANCH",1800,13204,"KEEN BRANCH","03100203","50300000","STREAM","tbcmp_PD_HA_IntHigh_2100","PD","HA","IntHigh","2100",13.051117802896
"03100203_50300000_KEEN_BRANCH",1900,41385,"KEEN BRANCH","03100203","50300000","STREAM","tbcmp_PD_HA_IntHigh_2100","PD","HA","IntHigh","2100",40.90582477074
"03100203_50300000_KEEN_BRANCH",2100,155936,"KEEN BRANCH","03100203","50300000","STREAM","tbcmp_PD_HA_IntHigh_2100","PD","HA","IntHigh","2100",154.130498766464
"03100203_50300000_KEEN_BRANCH",3200,919780,"KEEN BRANCH","03100203","50300000","STREAM","tbcmp_PD_HA_IntHigh_2100","PD","HA","IntHigh","2100",909.13034934472
"03100203_50300000_KEEN_BRANCH",4100,456660,"KEEN BRANCH","03100203","50300000","STREAM","tbcmp_PD_HA_IntHigh_2100","PD","HA","IntHigh","2100",451.37257314984
"03100203_50300000_KEEN_BRANCH",5200,3306,"KEEN BRANCH","03100203","50300000","STREAM","tbcmp_PD_HA_IntHigh_2100","PD","HA","IntHigh","2100",3.267721558344
"03100203_50300000_KEEN_BRANCH",6110,126303,"KEEN BRANCH","03100203","50300000","STREAM","tbcmp_PD_HA_IntHigh_2100","PD","HA","IntHigh","2100",124.840603745772
"03100203_50300000_KEEN_BRANCH",6410,140672,"KEEN BRANCH","03100203","50300000","STREAM","tbcmp_PD_HA_IntHigh_2100","PD","HA","IntHigh","2100",139.043232624128
"03100203_50400000_LONG_BRANCH",1100,101604,"LONG BRANCH","03100203","50400000","STREAM","tbcmp_PD_HA_IntHigh_2100","PD","HA","IntHigh","2100",100.427580524496
"03100203_50400000_LONG_BRANCH",1200,1775743,"LONG BRANCH","03100203","50400000","STREAM","tbcmp_PD_HA_IntHigh_2100","PD","HA","IntHigh","2100",1755.18260229233
"03100203_50400000_LONG_BRANCH",1900,590077,"LONG BRANCH","03100203","50400000","STREAM","tbcmp_PD_HA_IntHigh_2100","PD","HA","IntHigh","2100",583.244807617348
"03100203_50400000_LONG_BRANCH",2100,513729,"LONG BRANCH","03100203","50400000","STREAM","tbcmp_PD_HA_IntHigh_2100","PD","HA","IntHigh","2100",507.780801102996
"03100203_50400000_LONG_BRANCH",2400,4333,"LONG BRANCH","03100203","50400000","STREAM","tbcmp_PD_HA_IntHigh_2100","PD","HA","IntHigh","2100",4.282830463492
"03100203_50400000_LONG_BRANCH",3200,174962,"LONG BRANCH","03100203","50400000","STREAM","tbcmp_PD_HA_IntHigh_2100","PD","HA","IntHigh","2100",172.936206682088
"03100203_50400000_LONG_BRANCH",4100,22773,"LONG BRANCH","03100203","50400000","STREAM","tbcmp_PD_HA_IntHigh_2100","PD","HA","IntHigh","2100",22.509323366052
"03100203_50400000_LONG_BRANCH",5200,370,"LONG BRANCH","03100203","50400000","STREAM","tbcmp_PD_HA_IntHigh_2100","PD","HA","IntHigh","2100",0.36571596388
"03100203_50400000_LONG_BRANCH",6110,207769,"LONG BRANCH","03100203","50400000","STREAM","tbcmp_PD_HA_IntHigh_2100","PD","HA","IntHigh","2100",205.363351619956
"03100203_50400000_LONG_BRANCH",6410,89975,"LONG BRANCH","03100203","50400000","STREAM","tbcmp_PD_HA_IntHigh_2100","PD","HA","IntHigh","2100",88.9332266219
"03100203_50500000_BAKER_BRANCH",1100,23149,"BAKER BRANCH","03100203","50500000","STREAM","tbcmp_PD_HA_IntHigh_2100","PD","HA","IntHigh","2100",22.880969859076
"03100203_50500000_BAKER_BRANCH",1900,76044,"BAKER BRANCH","03100203","50500000","STREAM","tbcmp_PD_HA_IntHigh_2100","PD","HA","IntHigh","2100",75.163526371056
"03100203_50500000_BAKER_BRANCH",2100,280215,"BAKER BRANCH","03100203","50500000","STREAM","tbcmp_PD_HA_IntHigh_2100","PD","HA","IntHigh","2100",276.97053734766
"03100203_50500000_BAKER_BRANCH",2200,90282,"BAKER BRANCH","03100203","50500000","STREAM","tbcmp_PD_HA_IntHigh_2100","PD","HA","IntHigh","2100",89.236672029768
"03100203_50500000_BAKER_BRANCH",4100,30376,"BAKER BRANCH","03100203","50500000","STREAM","tbcmp_PD_HA_IntHigh_2100","PD","HA","IntHigh","2100",30.024292213024
"03100203_50500000_BAKER_BRANCH",5200,980,"BAKER BRANCH","03100203","50500000","STREAM","tbcmp_PD_HA_IntHigh_2100","PD","HA","IntHigh","2100",0.96865309352
"03100203_50500000_BAKER_BRANCH",6110,40596,"BAKER BRANCH","03100203","50500000","STREAM","tbcmp_PD_HA_IntHigh_2100","PD","HA","IntHigh","2100",40.125960188304
"03100203_50500000_BAKER_BRANCH",6410,22816,"BAKER BRANCH","03100203","50500000","STREAM","tbcmp_PD_HA_IntHigh_2100","PD","HA","IntHigh","2100",22.551825491584
"03100203_50520000_MOODY_BRANCH",2100,117725,"MOODY BRANCH","03100203","50520000","STREAM","tbcmp_PD_HA_IntHigh_2100","PD","HA","IntHigh","2100",116.3619239129
"03100203_50520000_MOODY_BRANCH",2200,100750,"MOODY BRANCH","03100203","50520000","STREAM","tbcmp_PD_HA_IntHigh_2100","PD","HA","IntHigh","2100",99.583468543
"03100203_50520000_MOODY_BRANCH",3200,221179,"MOODY BRANCH","03100203","50520000","STREAM","tbcmp_PD_HA_IntHigh_2100","PD","HA","IntHigh","2100",218.618084256796
"03100203_50520000_MOODY_BRANCH",4100,102811,"MOODY BRANCH","03100203","50520000","STREAM","tbcmp_PD_HA_IntHigh_2100","PD","HA","IntHigh","2100",101.620605303964
"03100203_50520000_MOODY_BRANCH",6110,73884,"MOODY BRANCH","03100203","50520000","STREAM","tbcmp_PD_HA_IntHigh_2100","PD","HA","IntHigh","2100",73.028535879216
"03100203_50520000_MOODY_BRANCH",6410,4331,"MOODY BRANCH","03100203","50520000","STREAM","tbcmp_PD_HA_IntHigh_2100","PD","HA","IntHigh","2100",4.280853620444
"03100203_50990000_SO_FK_LITTLE_MANATEE",1100,754350,"SO FK LITTLE MANATEE","03100203","50990000","STREAM","tbcmp_PD_HA_IntHigh_2100","PD","HA","IntHigh","2100",745.6157766294
"03100203_50990000_SO_FK_LITTLE_MANATEE",1200,3175300,"SO FK LITTLE MANATEE","03100203","50990000","STREAM","tbcmp_PD_HA_IntHigh_2100","PD","HA","IntHigh","2100",3138.5348651572
"03100203_50990000_SO_FK_LITTLE_MANATEE",1800,75216,"SO FK LITTLE MANATEE","03100203","50990000","STREAM","tbcmp_PD_HA_IntHigh_2100","PD","HA","IntHigh","2100",74.345113349184
"03100203_50990000_SO_FK_LITTLE_MANATEE",1900,1054595,"SO FK LITTLE MANATEE","03100203","50990000","STREAM","tbcmp_PD_HA_IntHigh_2100","PD","HA","IntHigh","2100",1042.38439710278
"03100203_50990000_SO_FK_LITTLE_MANATEE",2100,6715620,"SO FK LITTLE MANATEE","03100203","50990000","STREAM","tbcmp_PD_HA_IntHigh_2100","PD","HA","IntHigh","2100",6637.86335500488
"03100203_50990000_SO_FK_LITTLE_MANATEE",2200,285905,"SO FK LITTLE MANATEE","03100203","50990000","STREAM","tbcmp_PD_HA_IntHigh_2100","PD","HA","IntHigh","2100",282.59465581922
"03100203_50990000_SO_FK_LITTLE_MANATEE",2400,163087,"SO FK LITTLE MANATEE","03100203","50990000","STREAM","tbcmp_PD_HA_IntHigh_2100","PD","HA","IntHigh","2100",161.198701084588
"03100203_50990000_SO_FK_LITTLE_MANATEE",3200,1323615,"SO FK LITTLE MANATEE","03100203","50990000","STREAM","tbcmp_PD_HA_IntHigh_2100","PD","HA","IntHigh","2100",1308.28955548926
"03100203_50990000_SO_FK_LITTLE_MANATEE",4100,2146087,"SO FK LITTLE MANATEE","03100203","50990000","STREAM","tbcmp_PD_HA_IntHigh_2100","PD","HA","IntHigh","2100",2121.23858317659
"03100203_50990000_SO_FK_LITTLE_MANATEE",4400,129812,"SO FK LITTLE MANATEE","03100203","50990000","STREAM","tbcmp_PD_HA_IntHigh_2100","PD","HA","IntHigh","2100",128.308974873488
"03100203_50990000_SO_FK_LITTLE_MANATEE",5200,54943,"SO FK LITTLE MANATEE","03100203","50990000","STREAM","tbcmp_PD_HA_IntHigh_2100","PD","HA","IntHigh","2100",54.306843793132
"03100203_50990000_SO_FK_LITTLE_MANATEE",6110,2322945,"SO FK LITTLE MANATEE","03100203","50990000","STREAM","tbcmp_PD_HA_IntHigh_2100","PD","HA","IntHigh","2100",2296.04883706818
"03100203_50990000_SO_FK_LITTLE_MANATEE",6410,532389,"SO FK LITTLE MANATEE","03100203","50990000","STREAM","tbcmp_PD_HA_IntHigh_2100","PD","HA","IntHigh","2100",526.224746740836
"03100203_66000000_DUG_CREEK",1100,848192,"DUG CREEK","03100203","66000000","STREAM","tbcmp_PD_HA_IntHigh_2100","PD","HA","IntHigh","2100",838.371229284608
"03100203_66000000_DUG_CREEK",1200,1256608,"DUG CREEK","03100203","66000000","STREAM","tbcmp_PD_HA_IntHigh_2100","PD","HA","IntHigh","2100",1242.05839443059
"03100203_66000000_DUG_CREEK",1800,31155,"DUG CREEK","03100203","66000000","STREAM","tbcmp_PD_HA_IntHigh_2100","PD","HA","IntHigh","2100",30.79427258022
"03100203_66000000_DUG_CREEK",1820,120028,"DUG CREEK","03100203","66000000","STREAM","tbcmp_PD_HA_IntHigh_2100","PD","HA","IntHigh","2100",118.638258682672
"03100203_66000000_DUG_CREEK",1900,653683,"DUG CREEK","03100203","66000000","STREAM","tbcmp_PD_HA_IntHigh_2100","PD","HA","IntHigh","2100",646.114347072892
"03100203_66000000_DUG_CREEK",2100,602878,"DUG CREEK","03100203","66000000","STREAM","tbcmp_PD_HA_IntHigh_2100","PD","HA","IntHigh","2100",595.897591546072
"03100203_66000000_DUG_CREEK",2400,145367,"DUG CREEK","03100203","66000000","STREAM","tbcmp_PD_HA_IntHigh_2100","PD","HA","IntHigh","2100",143.683871679308
"03100203_66000000_DUG_CREEK",3200,161712,"DUG CREEK","03100203","66000000","STREAM","tbcmp_PD_HA_IntHigh_2100","PD","HA","IntHigh","2100",159.839621489088
"03100203_66000000_DUG_CREEK",4100,429004,"DUG CREEK","03100203","66000000","STREAM","tbcmp_PD_HA_IntHigh_2100","PD","HA","IntHigh","2100",424.036787482096
"03100203_66000000_DUG_CREEK",4400,17954,"DUG CREEK","03100203","66000000","STREAM","tbcmp_PD_HA_IntHigh_2100","PD","HA","IntHigh","2100",17.746120041896
"03100203_66000000_DUG_CREEK",5200,261793,"DUG CREEK","03100203","66000000","STREAM","tbcmp_PD_HA_IntHigh_2100","PD","HA","IntHigh","2100",258.761836032532
"03100203_66000000_DUG_CREEK",6110,334944,"DUG CREEK","03100203","66000000","STREAM","tbcmp_PD_HA_IntHigh_2100","PD","HA","IntHigh","2100",331.065858934656
"03100203_66000000_DUG_CREEK",6410,43406,"DUG CREEK","03100203","66000000","STREAM","tbcmp_PD_HA_IntHigh_2100","PD","HA","IntHigh","2100",42.903424670744
"03100203_66000000_DUG_CREEK",6420,16,"DUG CREEK","03100203","66000000","STREAM","tbcmp_PD_HA_IntHigh_2100","PD","HA","IntHigh","2100",0.015814744384
"03100203_66000000_DUG_CREEK",6425,11,"DUG CREEK","03100203","66000000","STREAM","tbcmp_PD_HA_IntHigh_2100","PD","HA","IntHigh","2100",0.010872636764
"03100203_66000000_DUG_CREEK",6600,126,"DUG CREEK","03100203","66000000","STREAM","tbcmp_PD_HA_IntHigh_2100","PD","HA","IntHigh","2100",0.124541112024
"03100203_70000000_CYPRESS_CREEK",1100,18173,"CYPRESS CREEK","03100203","70000000","STREAM","tbcmp_PD_HA_IntHigh_2100","PD","HA","IntHigh","2100",17.962584355652
"03100203_70000000_CYPRESS_CREEK",1200,3789952,"CYPRESS CREEK","03100203","70000000","STREAM","tbcmp_PD_HA_IntHigh_2100","PD","HA","IntHigh","2100",3746.07013172685
"03100203_70000000_CYPRESS_CREEK",1800,60806,"CYPRESS CREEK","03100203","70000000","STREAM","tbcmp_PD_HA_IntHigh_2100","PD","HA","IntHigh","2100",60.101959188344
"03100203_70000000_CYPRESS_CREEK",1820,908241,"CYPRESS CREEK","03100203","70000000","STREAM","tbcmp_PD_HA_IntHigh_2100","PD","HA","IntHigh","2100",897.724953379284
"03100203_70000000_CYPRESS_CREEK",1900,253974,"CYPRESS CREEK","03100203","70000000","STREAM","tbcmp_PD_HA_IntHigh_2100","PD","HA","IntHigh","2100",251.033368136376
"03100203_70000000_CYPRESS_CREEK",2100,15372,"CYPRESS CREEK","03100203","70000000","STREAM","tbcmp_PD_HA_IntHigh_2100","PD","HA","IntHigh","2100",15.194015666928
"03100203_70000000_CYPRESS_CREEK",2400,6360,"CYPRESS CREEK","03100203","70000000","STREAM","tbcmp_PD_HA_IntHigh_2100","PD","HA","IntHigh","2100",6.28636089264
"03100203_70000000_CYPRESS_CREEK",3200,121073,"CYPRESS CREEK","03100203","70000000","STREAM","tbcmp_PD_HA_IntHigh_2100","PD","HA","IntHigh","2100",119.671159175252
"03100203_70000000_CYPRESS_CREEK",4100,297637,"CYPRESS CREEK","03100203","70000000","STREAM","tbcmp_PD_HA_IntHigh_2100","PD","HA","IntHigh","2100",294.190817138788
"03100203_70000000_CYPRESS_CREEK",5200,712090,"CYPRESS CREEK","03100203","70000000","STREAM","tbcmp_PD_HA_IntHigh_2100","PD","HA","IntHigh","2100",703.84508302516
"03100203_70000000_CYPRESS_CREEK",6110,843580,"CYPRESS CREEK","03100203","70000000","STREAM","tbcmp_PD_HA_IntHigh_2100","PD","HA","IntHigh","2100",833.81262921592
"03100203_70000000_CYPRESS_CREEK",6120,184,"CYPRESS CREEK","03100203","70000000","STREAM","tbcmp_PD_HA_IntHigh_2100","PD","HA","IntHigh","2100",0.181869560416
"03100203_70000000_CYPRESS_CREEK",6410,260970,"CYPRESS CREEK","03100203","70000000","STREAM","tbcmp_PD_HA_IntHigh_2100","PD","HA","IntHigh","2100",257.94836511828
"03100203_70000000_CYPRESS_CREEK",6420,908,"CYPRESS CREEK","03100203","70000000","STREAM","tbcmp_PD_HA_IntHigh_2100","PD","HA","IntHigh","2100",0.897486743792
"03100203_70000000_CYPRESS_CREEK",6425,2670,"CYPRESS CREEK","03100203","70000000","STREAM","tbcmp_PD_HA_IntHigh_2100","PD","HA","IntHigh","2100",2.63908546908
"03100203_70000000_CYPRESS_CREEK",6510,1485,"CYPRESS CREEK","03100203","70000000","STREAM","tbcmp_PD_HA_IntHigh_2100","PD","HA","IntHigh","2100",1.46780596314
"03100203_70000000_CYPRESS_CREEK",6600,3171,"CYPRESS CREEK","03100203","70000000","STREAM","tbcmp_PD_HA_IntHigh_2100","PD","HA","IntHigh","2100",3.134284652604
"03100203_70000000_CYPRESS_CREEK",9113,2505,"CYPRESS CREEK","03100203","70000000","STREAM","tbcmp_PD_HA_IntHigh_2100","PD","HA","IntHigh","2100",2.47599591762
"03100203_74000000_UNNAMED_SLOUGH",1100,1134804,"UNNAMED SLOUGH","03100203","74000000","SLOUGH","tbcmp_PD_HA_IntHigh_2100","PD","HA","IntHigh","2100",1121.6646991213
"03100203_74000000_UNNAMED_SLOUGH",1200,353194,"UNNAMED SLOUGH","03100203","74000000","SLOUGH","tbcmp_PD_HA_IntHigh_2100","PD","HA","IntHigh","2100",349.104551747656
"03100203_74000000_UNNAMED_SLOUGH",1900,437959,"UNNAMED SLOUGH","03100203","74000000","SLOUGH","tbcmp_PD_HA_IntHigh_2100","PD","HA","IntHigh","2100",432.888102229516
"03100203_74000000_UNNAMED_SLOUGH",2100,486341,"UNNAMED SLOUGH","03100203","74000000","SLOUGH","tbcmp_PD_HA_IntHigh_2100","PD","HA","IntHigh","2100",480.709912403684
"03100203_74000000_UNNAMED_SLOUGH",2400,22663,"UNNAMED SLOUGH","03100203","74000000","SLOUGH","tbcmp_PD_HA_IntHigh_2100","PD","HA","IntHigh","2100",22.400596998412
"03100203_74000000_UNNAMED_SLOUGH",3200,440494,"UNNAMED SLOUGH","03100203","74000000","SLOUGH","tbcmp_PD_HA_IntHigh_2100","PD","HA","IntHigh","2100",435.393750792856
"03100203_74000000_UNNAMED_SLOUGH",4100,575669,"UNNAMED SLOUGH","03100203","74000000","SLOUGH","tbcmp_PD_HA_IntHigh_2100","PD","HA","IntHigh","2100",569.003630299556
"03100203_74000000_UNNAMED_SLOUGH",5200,18226,"UNNAMED SLOUGH","03100203","74000000","SLOUGH","tbcmp_PD_HA_IntHigh_2100","PD","HA","IntHigh","2100",18.014970696424
"03100203_74000000_UNNAMED_SLOUGH",6110,751407,"UNNAMED SLOUGH","03100203","74000000","SLOUGH","tbcmp_PD_HA_IntHigh_2100","PD","HA","IntHigh","2100",742.706852084268
"03100203_74000000_UNNAMED_SLOUGH",6120,1747,"UNNAMED SLOUGH","03100203","74000000","SLOUGH","tbcmp_PD_HA_IntHigh_2100","PD","HA","IntHigh","2100",1.726772402428
"03100203_74000000_UNNAMED_SLOUGH",6410,640469,"UNNAMED SLOUGH","03100203","74000000","SLOUGH","tbcmp_PD_HA_IntHigh_2100","PD","HA","IntHigh","2100",633.053345054756
"03100203_74000000_UNNAMED_SLOUGH",6420,835,"UNNAMED SLOUGH","03100203","74000000","SLOUGH","tbcmp_PD_HA_IntHigh_2100","PD","HA","IntHigh","2100",0.82533197254
"03100203_74000000_UNNAMED_SLOUGH",6425,1255,"UNNAMED SLOUGH","03100203","74000000","SLOUGH","tbcmp_PD_HA_IntHigh_2100","PD","HA","IntHigh","2100",1.24046901262
"03100203_74000000_UNNAMED_SLOUGH",6510,611,"UNNAMED SLOUGH","03100203","74000000","SLOUGH","tbcmp_PD_HA_IntHigh_2100","PD","HA","IntHigh","2100",0.603925551164
"03100203_74000000_UNNAMED_SLOUGH",6600,3347,"UNNAMED SLOUGH","03100203","74000000","SLOUGH","tbcmp_PD_HA_IntHigh_2100","PD","HA","IntHigh","2100",3.308246840828
"03100203_74000000_UNNAMED_SLOUGH",9113,20559,"UNNAMED SLOUGH","03100203","74000000","SLOUGH","tbcmp_PD_HA_IntHigh_2100","PD","HA","IntHigh","2100",20.320958111916
"03100203_80950000_UNNAMED_DRAINAGE_DITCH",1100,134970,"UNNAMED DRAINAGE DITCH","03100203","80950000","DITCH","tbcmp_PD_HA_IntHigh_2100","PD","HA","IntHigh","2100",133.40725309428
"03100203_80950000_UNNAMED_DRAINAGE_DITCH",1200,754433,"UNNAMED DRAINAGE DITCH","03100203","80950000","DITCH","tbcmp_PD_HA_IntHigh_2100","PD","HA","IntHigh","2100",745.697815615892
"03100203_80950000_UNNAMED_DRAINAGE_DITCH",1800,12511,"UNNAMED DRAINAGE DITCH","03100203","80950000","DITCH","tbcmp_PD_HA_IntHigh_2100","PD","HA","IntHigh","2100",12.366141686764
"03100203_80950000_UNNAMED_DRAINAGE_DITCH",1900,2118748,"UNNAMED DRAINAGE DITCH","03100203","80950000","DITCH","tbcmp_PD_HA_IntHigh_2100","PD","HA","IntHigh","2100",2094.21612713195
"03100203_80950000_UNNAMED_DRAINAGE_DITCH",2100,4877759,"UNNAMED DRAINAGE DITCH","03100203","80950000","DITCH","tbcmp_PD_HA_IntHigh_2100","PD","HA","IntHigh","2100",4821.28198448472
"03100203_80950000_UNNAMED_DRAINAGE_DITCH",2200,43464,"UNNAMED DRAINAGE DITCH","03100203","80950000","DITCH","tbcmp_PD_HA_IntHigh_2100","PD","HA","IntHigh","2100",42.960753119136
"03100203_80950000_UNNAMED_DRAINAGE_DITCH",2400,3676,"UNNAMED DRAINAGE DITCH","03100203","80950000","DITCH","tbcmp_PD_HA_IntHigh_2100","PD","HA","IntHigh","2100",3.633437522224
"03100203_80950000_UNNAMED_DRAINAGE_DITCH",3200,528988,"UNNAMED DRAINAGE DITCH","03100203","80950000","DITCH","tbcmp_PD_HA_IntHigh_2100","PD","HA","IntHigh","2100",522.863125137712
"03100203_80950000_UNNAMED_DRAINAGE_DITCH",4100,697018,"UNNAMED DRAINAGE DITCH","03100203","80950000","DITCH","tbcmp_PD_HA_IntHigh_2100","PD","HA","IntHigh","2100",688.947593815432
"03100203_80950000_UNNAMED_DRAINAGE_DITCH",5200,338061,"UNNAMED DRAINAGE DITCH","03100203","80950000","DITCH","tbcmp_PD_HA_IntHigh_2100","PD","HA","IntHigh","2100",334.146768824964
"03100203_80950000_UNNAMED_DRAINAGE_DITCH",5400,8475,"UNNAMED DRAINAGE DITCH","03100203","80950000","DITCH","tbcmp_PD_HA_IntHigh_2100","PD","HA","IntHigh","2100",8.3768724159
"03100203_80950000_UNNAMED_DRAINAGE_DITCH",6110,1495549,"UNNAMED DRAINAGE DITCH","03100203","80950000","DITCH","tbcmp_PD_HA_IntHigh_2100","PD","HA","IntHigh","2100",1478.23282179668
"03100203_80950000_UNNAMED_DRAINAGE_DITCH",6120,4183,"UNNAMED DRAINAGE DITCH","03100203","80950000","DITCH","tbcmp_PD_HA_IntHigh_2100","PD","HA","IntHigh","2100",4.134567234892
"03100203_80950000_UNNAMED_DRAINAGE_DITCH",6410,863982,"UNNAMED DRAINAGE DITCH","03100203","80950000","DITCH","tbcmp_PD_HA_IntHigh_2100","PD","HA","IntHigh","2100",853.978405148568
"03100203_80950000_UNNAMED_DRAINAGE_DITCH",6420,1690,"UNNAMED DRAINAGE DITCH","03100203","80950000","DITCH","tbcmp_PD_HA_IntHigh_2100","PD","HA","IntHigh","2100",1.67043237556
"03100203_80950000_UNNAMED_DRAINAGE_DITCH",6425,2862,"UNNAMED DRAINAGE DITCH","03100203","80950000","DITCH","tbcmp_PD_HA_IntHigh_2100","PD","HA","IntHigh","2100",2.828862401688
"03100203_80950000_UNNAMED_DRAINAGE_DITCH",6510,2515,"UNNAMED DRAINAGE DITCH","03100203","80950000","DITCH","tbcmp_PD_HA_IntHigh_2100","PD","HA","IntHigh","2100",2.48588013286
"03100203_80950000_UNNAMED_DRAINAGE_DITCH",6600,5084,"UNNAMED DRAINAGE DITCH","03100203","80950000","DITCH","tbcmp_PD_HA_IntHigh_2100","PD","HA","IntHigh","2100",5.025135028016
"03100203_80950000_UNNAMED_DRAINAGE_DITCH",9113,60787,"UNNAMED DRAINAGE DITCH","03100203","80950000","DITCH","tbcmp_PD_HA_IntHigh_2100","PD","HA","IntHigh","2100",60.083179179388
"03100203_80990000_CURIOSITY_CREEK",1100,691043,"CURIOSITY CREEK","03100203","80990000","STREAM","tbcmp_PD_HA_IntHigh_2100","PD","HA","IntHigh","2100",683.041775209532
"03100203_80990000_CURIOSITY_CREEK",1200,1880,"CURIOSITY CREEK","03100203","80990000","STREAM","tbcmp_PD_HA_IntHigh_2100","PD","HA","IntHigh","2100",1.85823246512
"03100203_80990000_CURIOSITY_CREEK",1900,111138,"CURIOSITY CREEK","03100203","80990000","STREAM","tbcmp_PD_HA_IntHigh_2100","PD","HA","IntHigh","2100",109.851191334312
"03100203_80990000_CURIOSITY_CREEK",2100,989286,"CURIOSITY CREEK","03100203","80990000","STREAM","tbcmp_PD_HA_IntHigh_2100","PD","HA","IntHigh","2100",977.831575791864
"03100203_80990000_CURIOSITY_CREEK",2200,19734,"CURIOSITY CREEK","03100203","80990000","STREAM","tbcmp_PD_HA_IntHigh_2100","PD","HA","IntHigh","2100",19.505510354616
"03100203_80990000_CURIOSITY_CREEK",2400,17791,"CURIOSITY CREEK","03100203","80990000","STREAM","tbcmp_PD_HA_IntHigh_2100","PD","HA","IntHigh","2100",17.585007333484
"03100203_80990000_CURIOSITY_CREEK",3200,27747,"CURIOSITY CREEK","03100203","80990000","STREAM","tbcmp_PD_HA_IntHigh_2100","PD","HA","IntHigh","2100",27.425732026428
"03100203_80990000_CURIOSITY_CREEK",4100,200460,"CURIOSITY CREEK","03100203","80990000","STREAM","tbcmp_PD_HA_IntHigh_2100","PD","HA","IntHigh","2100",198.13897870104
"03100203_80990000_CURIOSITY_CREEK",5200,18192,"CURIOSITY CREEK","03100203","80990000","STREAM","tbcmp_PD_HA_IntHigh_2100","PD","HA","IntHigh","2100",17.981364364608
"03100203_80990000_CURIOSITY_CREEK",5400,1184,"CURIOSITY CREEK","03100203","80990000","STREAM","tbcmp_PD_HA_IntHigh_2100","PD","HA","IntHigh","2100",1.170291084416
"03100203_80990000_CURIOSITY_CREEK",6110,192581,"CURIOSITY CREEK","03100203","80990000","STREAM","tbcmp_PD_HA_IntHigh_2100","PD","HA","IntHigh","2100",190.351205513444
"03100203_80990000_CURIOSITY_CREEK",6120,1477,"CURIOSITY CREEK","03100203","80990000","STREAM","tbcmp_PD_HA_IntHigh_2100","PD","HA","IntHigh","2100",1.459898590948
"03100203_80990000_CURIOSITY_CREEK",6410,73560,"CURIOSITY CREEK","03100203","80990000","STREAM","tbcmp_PD_HA_IntHigh_2100","PD","HA","IntHigh","2100",72.70828730544
"03100203_80990000_CURIOSITY_CREEK",6420,555,"CURIOSITY CREEK","03100203","80990000","STREAM","tbcmp_PD_HA_IntHigh_2100","PD","HA","IntHigh","2100",0.54857394582
"03100203_80990000_CURIOSITY_CREEK",6425,743,"CURIOSITY CREEK","03100203","80990000","STREAM","tbcmp_PD_HA_IntHigh_2100","PD","HA","IntHigh","2100",0.734397192332
"03100203_80990000_CURIOSITY_CREEK",6510,397,"CURIOSITY CREEK","03100203","80990000","STREAM","tbcmp_PD_HA_IntHigh_2100","PD","HA","IntHigh","2100",0.392403345028
"03100203_80990000_CURIOSITY_CREEK",6600,1727,"CURIOSITY CREEK","03100203","80990000","STREAM","tbcmp_PD_HA_IntHigh_2100","PD","HA","IntHigh","2100",1.707003971948
"03100203_80990000_CURIOSITY_CREEK",9113,11328,"CURIOSITY CREEK","03100203","80990000","STREAM","tbcmp_PD_HA_IntHigh_2100","PD","HA","IntHigh","2100",11.196839023872
"03100203_84000000_BOLSTER_BAYOU",1200,37350,"BOLSTER BAYOU","03100203","84000000","BAYOU","tbcmp_PD_HA_IntHigh_2100","PD","HA","IntHigh","2100",36.9175439214
"03100203_84000000_BOLSTER_BAYOU",3200,48594,"BOLSTER BAYOU","03100203","84000000","BAYOU","tbcmp_PD_HA_IntHigh_2100","PD","HA","IntHigh","2100",48.031355537256
"03100203_84000000_BOLSTER_BAYOU",4100,10163,"BOLSTER BAYOU","03100203","84000000","BAYOU","tbcmp_PD_HA_IntHigh_2100","PD","HA","IntHigh","2100",10.045327948412
"03100203_84000000_BOLSTER_BAYOU",5400,51028,"BOLSTER BAYOU","03100203","84000000","BAYOU","tbcmp_PD_HA_IntHigh_2100","PD","HA","IntHigh","2100",50.437173526672
"03100203_84000000_BOLSTER_BAYOU",6110,1132,"BOLSTER BAYOU","03100203","84000000","BAYOU","tbcmp_PD_HA_IntHigh_2100","PD","HA","IntHigh","2100",1.118893165168
"03100203_84000000_BOLSTER_BAYOU",6410,3326,"BOLSTER BAYOU","03100203","84000000","BAYOU","tbcmp_PD_HA_IntHigh_2100","PD","HA","IntHigh","2100",3.287489988824
"03100203_84000000_BOLSTER_BAYOU",6420,2417,"BOLSTER BAYOU","03100203","84000000","BAYOU","tbcmp_PD_HA_IntHigh_2100","PD","HA","IntHigh","2100",2.389014823508
"03100203_84000000_BOLSTER_BAYOU",6425,4135,"BOLSTER BAYOU","03100203","84000000","BAYOU","tbcmp_PD_HA_IntHigh_2100","PD","HA","IntHigh","2100",4.08712300174
"03100203_84000000_BOLSTER_BAYOU",6510,4334,"BOLSTER BAYOU","03100203","84000000","BAYOU","tbcmp_PD_HA_IntHigh_2100","PD","HA","IntHigh","2100",4.283818885016
"03100203_84000000_BOLSTER_BAYOU",6600,3761,"BOLSTER BAYOU","03100203","84000000","BAYOU","tbcmp_PD_HA_IntHigh_2100","PD","HA","IntHigh","2100",3.717453351764
"03100203_84000000_BOLSTER_BAYOU",9113,60912,"BOLSTER BAYOU","03100203","84000000","BAYOU","tbcmp_PD_HA_IntHigh_2100","PD","HA","IntHigh","2100",60.206731869888
"03100203_88500000_WILDCAT_CREEK",1100,26651,"WILDCAT CREEK","03100203","88500000","STREAM","tbcmp_PD_HA_IntHigh_2100","PD","HA","IntHigh","2100",26.342422036124
"03100203_88500000_WILDCAT_CREEK",1200,549948,"WILDCAT CREEK","03100203","88500000","STREAM","tbcmp_PD_HA_IntHigh_2100","PD","HA","IntHigh","2100",543.580440280752
"03100203_88500000_WILDCAT_CREEK",1820,113325,"WILDCAT CREEK","03100203","88500000","STREAM","tbcmp_PD_HA_IntHigh_2100","PD","HA","IntHigh","2100",112.0128692073
"03100203_88500000_WILDCAT_CREEK",1900,148398,"WILDCAT CREEK","03100203","88500000","STREAM","tbcmp_PD_HA_IntHigh_2100","PD","HA","IntHigh","2100",146.679777318552
"03100203_88500000_WILDCAT_CREEK",2100,499845,"WILDCAT CREEK","03100203","88500000","STREAM","tbcmp_PD_HA_IntHigh_2100","PD","HA","IntHigh","2100",494.05755666378
"03100203_88500000_WILDCAT_CREEK",2200,454761,"WILDCAT CREEK","03100203","88500000","STREAM","tbcmp_PD_HA_IntHigh_2100","PD","HA","IntHigh","2100",449.495560675764
"03100203_88500000_WILDCAT_CREEK",3200,183614,"WILDCAT CREEK","03100203","88500000","STREAM","tbcmp_PD_HA_IntHigh_2100","PD","HA","IntHigh","2100",181.488029707736
"03100203_88500000_WILDCAT_CREEK",4100,38910,"WILDCAT CREEK","03100203","88500000","STREAM","tbcmp_PD_HA_IntHigh_2100","PD","HA","IntHigh","2100",38.45948149884
"03100203_88500000_WILDCAT_CREEK",5200,31108,"WILDCAT CREEK","03100203","88500000","STREAM","tbcmp_PD_HA_IntHigh_2100","PD","HA","IntHigh","2100",30.747816768592
"03100203_88500000_WILDCAT_CREEK",5400,12397,"WILDCAT CREEK","03100203","88500000","STREAM","tbcmp_PD_HA_IntHigh_2100","PD","HA","IntHigh","2100",12.253461633028
"03100203_88500000_WILDCAT_CREEK",6110,105192,"WILDCAT CREEK","03100203","88500000","STREAM","tbcmp_PD_HA_IntHigh_2100","PD","HA","IntHigh","2100",103.974036952608
"03100203_88500000_WILDCAT_CREEK",6120,5314,"WILDCAT CREEK","03100203","88500000","STREAM","tbcmp_PD_HA_IntHigh_2100","PD","HA","IntHigh","2100",5.252471978536
"03100203_88500000_WILDCAT_CREEK",6410,85412,"WILDCAT CREEK","03100203","88500000","STREAM","tbcmp_PD_HA_IntHigh_2100","PD","HA","IntHigh","2100",84.423059207888
"03100203_88500000_WILDCAT_CREEK",6420,1772,"WILDCAT CREEK","03100203","88500000","STREAM","tbcmp_PD_HA_IntHigh_2100","PD","HA","IntHigh","2100",1.751482940528
"03100203_88500000_WILDCAT_CREEK",6425,7351,"WILDCAT CREEK","03100203","88500000","STREAM","tbcmp_PD_HA_IntHigh_2100","PD","HA","IntHigh","2100",7.265886622924
"03100203_88500000_WILDCAT_CREEK",6510,1602,"WILDCAT CREEK","03100203","88500000","STREAM","tbcmp_PD_HA_IntHigh_2100","PD","HA","IntHigh","2100",1.583451281448
"03100203_88500000_WILDCAT_CREEK",6600,4296,"WILDCAT CREEK","03100203","88500000","STREAM","tbcmp_PD_HA_IntHigh_2100","PD","HA","IntHigh","2100",4.246258867104
"03100203_88500000_WILDCAT_CREEK",9113,45908,"WILDCAT CREEK","03100203","88500000","STREAM","tbcmp_PD_HA_IntHigh_2100","PD","HA","IntHigh","2100",45.376455323792
"03100203_88990000_HAYNES_BAYOU",1100,6958,"HAYNES BAYOU","03100203","88990000","BAYOU","tbcmp_PD_HA_IntHigh_2100","PD","HA","IntHigh","2100",6.877436963992
"03100203_88990000_HAYNES_BAYOU",1200,64139,"HAYNES BAYOU","03100203","88990000","BAYOU","tbcmp_PD_HA_IntHigh_2100","PD","HA","IntHigh","2100",63.396368127836
"03100203_88990000_HAYNES_BAYOU",1800,6404,"HAYNES BAYOU","03100203","88990000","BAYOU","tbcmp_PD_HA_IntHigh_2100","PD","HA","IntHigh","2100",6.329851439696
"03100203_88990000_HAYNES_BAYOU",1820,11229,"HAYNES BAYOU","03100203","88990000","BAYOU","tbcmp_PD_HA_IntHigh_2100","PD","HA","IntHigh","2100",11.098985292996
"03100203_88990000_HAYNES_BAYOU",1900,2305,"HAYNES BAYOU","03100203","88990000","BAYOU","tbcmp_PD_HA_IntHigh_2100","PD","HA","IntHigh","2100",2.27831161282
"03100203_88990000_HAYNES_BAYOU",3200,7386,"HAYNES BAYOU","03100203","88990000","BAYOU","tbcmp_PD_HA_IntHigh_2100","PD","HA","IntHigh","2100",7.300481376264
"03100203_88990000_HAYNES_BAYOU",4100,1381,"HAYNES BAYOU","03100203","88990000","BAYOU","tbcmp_PD_HA_IntHigh_2100","PD","HA","IntHigh","2100",1.365010124644
"03100203_88990000_HAYNES_BAYOU",5200,4039,"HAYNES BAYOU","03100203","88990000","BAYOU","tbcmp_PD_HA_IntHigh_2100","PD","HA","IntHigh","2100",3.992234535436
"03100203_88990000_HAYNES_BAYOU",5400,167025,"HAYNES BAYOU","03100203","88990000","BAYOU","tbcmp_PD_HA_IntHigh_2100","PD","HA","IntHigh","2100",165.0911050461
"03100203_88990000_HAYNES_BAYOU",6110,241,"HAYNES BAYOU","03100203","88990000","BAYOU","tbcmp_PD_HA_IntHigh_2100","PD","HA","IntHigh","2100",0.238209587284
"03100203_88990000_HAYNES_BAYOU",6410,1384,"HAYNES BAYOU","03100203","88990000","BAYOU","tbcmp_PD_HA_IntHigh_2100","PD","HA","IntHigh","2100",1.367975389216
"03100203_88990000_HAYNES_BAYOU",6420,548,"HAYNES BAYOU","03100203","88990000","BAYOU","tbcmp_PD_HA_IntHigh_2100","PD","HA","IntHigh","2100",0.541654995152
"03100203_88990000_HAYNES_BAYOU",6425,1491,"HAYNES BAYOU","03100203","88990000","BAYOU","tbcmp_PD_HA_IntHigh_2100","PD","HA","IntHigh","2100",1.473736492284
"03100203_88990000_HAYNES_BAYOU",6510,2198,"HAYNES BAYOU","03100203","88990000","BAYOU","tbcmp_PD_HA_IntHigh_2100","PD","HA","IntHigh","2100",2.172550509752
"03100203_88990000_HAYNES_BAYOU",6600,1140,"HAYNES BAYOU","03100203","88990000","BAYOU","tbcmp_PD_HA_IntHigh_2100","PD","HA","IntHigh","2100",1.12680053736
"03100203_88990000_HAYNES_BAYOU",9113,44427,"HAYNES BAYOU","03100203","88990000","BAYOU","tbcmp_PD_HA_IntHigh_2100","PD","HA","IntHigh","2100",43.912603046748
"03100203_89000000_SUN_CITY_SLOUGH",1100,49551,"SUN CITY SLOUGH","03100203","89000000","SLOUGH","tbcmp_PD_HA_IntHigh_2100","PD","HA","IntHigh","2100",48.977274935724
"03100203_89000000_SUN_CITY_SLOUGH",1200,317084,"SUN CITY SLOUGH","03100203","89000000","SLOUGH","tbcmp_PD_HA_IntHigh_2100","PD","HA","IntHigh","2100",313.412650516016
"03100203_89000000_SUN_CITY_SLOUGH",1820,2426,"SUN CITY SLOUGH","03100203","89000000","SLOUGH","tbcmp_PD_HA_IntHigh_2100","PD","HA","IntHigh","2100",2.397910617224
"03100203_89000000_SUN_CITY_SLOUGH",1900,122456,"SUN CITY SLOUGH","03100203","89000000","SLOUGH","tbcmp_PD_HA_IntHigh_2100","PD","HA","IntHigh","2100",121.038146142944
"03100203_89000000_SUN_CITY_SLOUGH",2100,259597,"SUN CITY SLOUGH","03100203","89000000","SLOUGH","tbcmp_PD_HA_IntHigh_2100","PD","HA","IntHigh","2100",256.591262365828
"03100203_89000000_SUN_CITY_SLOUGH",2200,36431,"SUN CITY SLOUGH","03100203","89000000","SLOUGH","tbcmp_PD_HA_IntHigh_2100","PD","HA","IntHigh","2100",36.009184540844
"03100203_89000000_SUN_CITY_SLOUGH",2400,115,"SUN CITY SLOUGH","03100203","89000000","SLOUGH","tbcmp_PD_HA_IntHigh_2100","PD","HA","IntHigh","2100",0.11366847526
"03100203_89000000_SUN_CITY_SLOUGH",3200,68268,"SUN CITY SLOUGH","03100203","89000000","SLOUGH","tbcmp_PD_HA_IntHigh_2100","PD","HA","IntHigh","2100",67.477560600432
"03100203_89000000_SUN_CITY_SLOUGH",4100,179294,"SUN CITY SLOUGH","03100203","89000000","SLOUGH","tbcmp_PD_HA_IntHigh_2100","PD","HA","IntHigh","2100",177.218048724056
"03100203_89000000_SUN_CITY_SLOUGH",5200,8405,"SUN CITY SLOUGH","03100203","89000000","SLOUGH","tbcmp_PD_HA_IntHigh_2100","PD","HA","IntHigh","2100",8.30768290922
"03100203_89000000_SUN_CITY_SLOUGH",5400,460,"SUN CITY SLOUGH","03100203","89000000","SLOUGH","tbcmp_PD_HA_IntHigh_2100","PD","HA","IntHigh","2100",0.45467390104
"03100203_89000000_SUN_CITY_SLOUGH",6110,135481,"SUN CITY SLOUGH","03100203","89000000","SLOUGH","tbcmp_PD_HA_IntHigh_2100","PD","HA","IntHigh","2100",133.912336493044
"03100203_89000000_SUN_CITY_SLOUGH",6120,12,"SUN CITY SLOUGH","03100203","89000000","SLOUGH","tbcmp_PD_HA_IntHigh_2100","PD","HA","IntHigh","2100",0.011861058288
"03100203_89000000_SUN_CITY_SLOUGH",6410,15603,"SUN CITY SLOUGH","03100203","89000000","SLOUGH","tbcmp_PD_HA_IntHigh_2100","PD","HA","IntHigh","2100",15.422341038972
"03100203_89000000_SUN_CITY_SLOUGH",6420,167,"SUN CITY SLOUGH","03100203","89000000","SLOUGH","tbcmp_PD_HA_IntHigh_2100","PD","HA","IntHigh","2100",0.165066394508
"03100203_89000000_SUN_CITY_SLOUGH",6425,539,"SUN CITY SLOUGH","03100203","89000000","SLOUGH","tbcmp_PD_HA_IntHigh_2100","PD","HA","IntHigh","2100",0.532759201436
"03100203_89000000_SUN_CITY_SLOUGH",6510,200,"SUN CITY SLOUGH","03100203","89000000","SLOUGH","tbcmp_PD_HA_IntHigh_2100","PD","HA","IntHigh","2100",0.1976843048
"03100203_89000000_SUN_CITY_SLOUGH",6600,837,"SUN CITY SLOUGH","03100203","89000000","SLOUGH","tbcmp_PD_HA_IntHigh_2100","PD","HA","IntHigh","2100",0.827308815588
"03100203_89000000_SUN_CITY_SLOUGH",9113,3365,"SUN CITY SLOUGH","03100203","89000000","SLOUGH","tbcmp_PD_HA_IntHigh_2100","PD","HA","IntHigh","2100",3.32603842826
"03100203_90000000_MILL_BAYOU",1100,146902,"MILL BAYOU","03100203","90000000","BAYOU","tbcmp_PD_HA_IntHigh_2100","PD","HA","IntHigh","2100",145.201098718648
"03100203_90000000_MILL_BAYOU",1200,420253,"MILL BAYOU","03100203","90000000","BAYOU","tbcmp_PD_HA_IntHigh_2100","PD","HA","IntHigh","2100",415.387110725572
"03100203_90000000_MILL_BAYOU",1800,4105,"MILL BAYOU","03100203","90000000","BAYOU","tbcmp_PD_HA_IntHigh_2100","PD","HA","IntHigh","2100",4.05747035602
"03100203_90000000_MILL_BAYOU",1900,103904,"MILL BAYOU","03100203","90000000","BAYOU","tbcmp_PD_HA_IntHigh_2100","PD","HA","IntHigh","2100",102.700950029696
"03100203_90000000_MILL_BAYOU",2100,46021,"MILL BAYOU","03100203","90000000","BAYOU","tbcmp_PD_HA_IntHigh_2100","PD","HA","IntHigh","2100",45.488146956004
"03100203_90000000_MILL_BAYOU",2400,39964,"MILL BAYOU","03100203","90000000","BAYOU","tbcmp_PD_HA_IntHigh_2100","PD","HA","IntHigh","2100",39.501277785136
"03100203_90000000_MILL_BAYOU",4100,26497,"MILL BAYOU","03100203","90000000","BAYOU","tbcmp_PD_HA_IntHigh_2100","PD","HA","IntHigh","2100",26.190205121428
"03100203_90000000_MILL_BAYOU",5200,40082,"MILL BAYOU","03100203","90000000","BAYOU","tbcmp_PD_HA_IntHigh_2100","PD","HA","IntHigh","2100",39.617911524968
"03100203_90000000_MILL_BAYOU",5400,101854,"MILL BAYOU","03100203","90000000","BAYOU","tbcmp_PD_HA_IntHigh_2100","PD","HA","IntHigh","2100",100.674685905496
"03100203_90000000_MILL_BAYOU",6110,2143,"MILL BAYOU","03100203","90000000","BAYOU","tbcmp_PD_HA_IntHigh_2100","PD","HA","IntHigh","2100",2.118187325932
"03100203_90000000_MILL_BAYOU",6120,16,"MILL BAYOU","03100203","90000000","BAYOU","tbcmp_PD_HA_IntHigh_2100","PD","HA","IntHigh","2100",0.015814744384
"03100203_90000000_MILL_BAYOU",6420,263,"MILL BAYOU","03100203","90000000","BAYOU","tbcmp_PD_HA_IntHigh_2100","PD","HA","IntHigh","2100",0.259954860812
"03100203_90000000_MILL_BAYOU",6425,3541,"MILL BAYOU","03100203","90000000","BAYOU","tbcmp_PD_HA_IntHigh_2100","PD","HA","IntHigh","2100",3.500000616484
"03100203_90000000_MILL_BAYOU",6510,7005,"MILL BAYOU","03100203","90000000","BAYOU","tbcmp_PD_HA_IntHigh_2100","PD","HA","IntHigh","2100",6.92389277562
"03100203_90000000_MILL_BAYOU",6600,277,"MILL BAYOU","03100203","90000000","BAYOU","tbcmp_PD_HA_IntHigh_2100","PD","HA","IntHigh","2100",0.273792762148
"03100203_90000000_MILL_BAYOU",9113,117681,"MILL BAYOU","03100203","90000000","BAYOU","tbcmp_PD_HA_IntHigh_2100","PD","HA","IntHigh","2100",116.318433365844
"03100203_95000000_RUSKIN_INLET_MARSH_BR",1100,353706,"RUSKIN INLET MARSH BR","03100203","95000000","STREAM","tbcmp_PD_HA_IntHigh_2100","PD","HA","IntHigh","2100",349.610623567944
"03100203_95000000_RUSKIN_INLET_MARSH_BR",1200,2571572,"RUSKIN INLET MARSH BR","03100203","95000000","STREAM","tbcmp_PD_HA_IntHigh_2100","PD","HA","IntHigh","2100",2541.79711531573
"03100203_95000000_RUSKIN_INLET_MARSH_BR",1800,22803,"RUSKIN INLET MARSH BR","03100203","95000000","STREAM","tbcmp_PD_HA_IntHigh_2100","PD","HA","IntHigh","2100",22.538976011772
"03100203_95000000_RUSKIN_INLET_MARSH_BR",1900,145802,"RUSKIN INLET MARSH BR","03100203","95000000","STREAM","tbcmp_PD_HA_IntHigh_2100","PD","HA","IntHigh","2100",144.113835042248
"03100203_95000000_RUSKIN_INLET_MARSH_BR",2100,204413,"RUSKIN INLET MARSH BR","03100203","95000000","STREAM","tbcmp_PD_HA_IntHigh_2100","PD","HA","IntHigh","2100",202.046208985412
"03100203_95000000_RUSKIN_INLET_MARSH_BR",2200,12539,"RUSKIN INLET MARSH BR","03100203","95000000","STREAM","tbcmp_PD_HA_IntHigh_2100","PD","HA","IntHigh","2100",12.393817489436
"03100203_95000000_RUSKIN_INLET_MARSH_BR",2400,66060,"RUSKIN INLET MARSH BR","03100203","95000000","STREAM","tbcmp_PD_HA_IntHigh_2100","PD","HA","IntHigh","2100",65.29512587544
"03100203_95000000_RUSKIN_INLET_MARSH_BR",3200,3813,"RUSKIN INLET MARSH BR","03100203","95000000","STREAM","tbcmp_PD_HA_IntHigh_2100","PD","HA","IntHigh","2100",3.768851271012
"03100203_95000000_RUSKIN_INLET_MARSH_BR",4100,140763,"RUSKIN INLET MARSH BR","03100203","95000000","STREAM","tbcmp_PD_HA_IntHigh_2100","PD","HA","IntHigh","2100",139.133178982812
"03100203_95000000_RUSKIN_INLET_MARSH_BR",5200,134893,"RUSKIN INLET MARSH BR","03100203","95000000","STREAM","tbcmp_PD_HA_IntHigh_2100","PD","HA","IntHigh","2100",133.331144636932
"03100203_95000000_RUSKIN_INLET_MARSH_BR",5400,253346,"RUSKIN INLET MARSH BR","03100203","95000000","STREAM","tbcmp_PD_HA_IntHigh_2100","PD","HA","IntHigh","2100",250.412639419304
"03100203_95000000_RUSKIN_INLET_MARSH_BR",6110,96077,"RUSKIN INLET MARSH BR","03100203","95000000","STREAM","tbcmp_PD_HA_IntHigh_2100","PD","HA","IntHigh","2100",94.964574761348
"03100203_95000000_RUSKIN_INLET_MARSH_BR",6120,58895,"RUSKIN INLET MARSH BR","03100203","95000000","STREAM","tbcmp_PD_HA_IntHigh_2100","PD","HA","IntHigh","2100",58.21308565598
"03100203_95000000_RUSKIN_INLET_MARSH_BR",6410,28707,"RUSKIN INLET MARSH BR","03100203","95000000","STREAM","tbcmp_PD_HA_IntHigh_2100","PD","HA","IntHigh","2100",28.374616689468
"03100203_95000000_RUSKIN_INLET_MARSH_BR",6420,14693,"RUSKIN INLET MARSH BR","03100203","95000000","STREAM","tbcmp_PD_HA_IntHigh_2100","PD","HA","IntHigh","2100",14.522877452132
"03100203_95000000_RUSKIN_INLET_MARSH_BR",6425,9261,"RUSKIN INLET MARSH BR","03100203","95000000","STREAM","tbcmp_PD_HA_IntHigh_2100","PD","HA","IntHigh","2100",9.153771733764
"03100203_95000000_RUSKIN_INLET_MARSH_BR",6510,6408,"RUSKIN INLET MARSH BR","03100203","95000000","STREAM","tbcmp_PD_HA_IntHigh_2100","PD","HA","IntHigh","2100",6.333805125792
"03100203_95000000_RUSKIN_INLET_MARSH_BR",6600,38270,"RUSKIN INLET MARSH BR","03100203","95000000","STREAM","tbcmp_PD_HA_IntHigh_2100","PD","HA","IntHigh","2100",37.82689172348
"03100203_95000000_RUSKIN_INLET_MARSH_BR",9113,93587,"RUSKIN INLET MARSH BR","03100203","95000000","STREAM","tbcmp_PD_HA_IntHigh_2100","PD","HA","IntHigh","2100",92.503405166588
"03100203_99000000_LITTLE_MANATEE_RIVER",1100,2606387,"LITTLE MANATEE RIVER","03100203","99000000","STREAM","tbcmp_PD_HA_IntHigh_2100","PD","HA","IntHigh","2100",2576.20901067379
"03100203_99000000_LITTLE_MANATEE_RIVER",1200,10218584,"LITTLE MANATEE RIVER","03100203","99000000","STREAM","tbcmp_PD_HA_IntHigh_2100","PD","HA","IntHigh","2100",10100.268370402
"03100203_99000000_LITTLE_MANATEE_RIVER",1800,111112,"LITTLE MANATEE RIVER","03100203","99000000","STREAM","tbcmp_PD_HA_IntHigh_2100","PD","HA","IntHigh","2100",109.825492374688
"03100203_99000000_LITTLE_MANATEE_RIVER",1820,140187,"LITTLE MANATEE RIVER","03100203","99000000","STREAM","tbcmp_PD_HA_IntHigh_2100","PD","HA","IntHigh","2100",138.563848184988
"03100203_99000000_LITTLE_MANATEE_RIVER",1900,3942898,"LITTLE MANATEE RIVER","03100203","99000000","STREAM","tbcmp_PD_HA_IntHigh_2100","PD","HA","IntHigh","2100",3897.24525013655
"03100203_99000000_LITTLE_MANATEE_RIVER",2100,7359930,"LITTLE MANATEE RIVER","03100203","99000000","STREAM","tbcmp_PD_HA_IntHigh_2100","PD","HA","IntHigh","2100",7274.71322713332
"03100203_99000000_LITTLE_MANATEE_RIVER",2200,111694,"LITTLE MANATEE RIVER","03100203","99000000","STREAM","tbcmp_PD_HA_IntHigh_2100","PD","HA","IntHigh","2100",110.400753701656
"03100203_99000000_LITTLE_MANATEE_RIVER",2400,856119,"LITTLE MANATEE RIVER","03100203","99000000","STREAM","tbcmp_PD_HA_IntHigh_2100","PD","HA","IntHigh","2100",846.206446705356
"03100203_99000000_LITTLE_MANATEE_RIVER",3200,2015477,"LITTLE MANATEE RIVER","03100203","99000000","STREAM","tbcmp_PD_HA_IntHigh_2100","PD","HA","IntHigh","2100",1992.14084792695
"03100203_99000000_LITTLE_MANATEE_RIVER",4100,3289049,"LITTLE MANATEE RIVER","03100203","99000000","STREAM","tbcmp_PD_HA_IntHigh_2100","PD","HA","IntHigh","2100",3250.96682509068
"03100203_99000000_LITTLE_MANATEE_RIVER",4400,236810,"LITTLE MANATEE RIVER","03100203","99000000","STREAM","tbcmp_PD_HA_IntHigh_2100","PD","HA","IntHigh","2100",234.06810109844
"03100203_99000000_LITTLE_MANATEE_RIVER",5200,2527522,"LITTLE MANATEE RIVER","03100203","99000000","STREAM","tbcmp_PD_HA_IntHigh_2100","PD","HA","IntHigh","2100",2498.25714718353
"03100203_99000000_LITTLE_MANATEE_RIVER",5400,1257449,"LITTLE MANATEE RIVER","03100203","99000000","STREAM","tbcmp_PD_HA_IntHigh_2100","PD","HA","IntHigh","2100",1242.88965693228
"03100203_99000000_LITTLE_MANATEE_RIVER",6110,4089919,"LITTLE MANATEE RIVER","03100203","99000000","STREAM","tbcmp_PD_HA_IntHigh_2100","PD","HA","IntHigh","2100",4042.56397101656
"03100203_99000000_LITTLE_MANATEE_RIVER",6120,297887,"LITTLE MANATEE RIVER","03100203","99000000","STREAM","tbcmp_PD_HA_IntHigh_2100","PD","HA","IntHigh","2100",294.437922519788
"03100203_99000000_LITTLE_MANATEE_RIVER",6410,1235330,"LITTLE MANATEE RIVER","03100203","99000000","STREAM","tbcmp_PD_HA_IntHigh_2100","PD","HA","IntHigh","2100",1221.02676124292
"03100203_99000000_LITTLE_MANATEE_RIVER",6420,48294,"LITTLE MANATEE RIVER","03100203","99000000","STREAM","tbcmp_PD_HA_IntHigh_2100","PD","HA","IntHigh","2100",47.734829080056
"03100203_99000000_LITTLE_MANATEE_RIVER",6425,119888,"LITTLE MANATEE RIVER","03100203","99000000","STREAM","tbcmp_PD_HA_IntHigh_2100","PD","HA","IntHigh","2100",118.499879669312
"03100203_99000000_LITTLE_MANATEE_RIVER",6510,84171,"LITTLE MANATEE RIVER","03100203","99000000","STREAM","tbcmp_PD_HA_IntHigh_2100","PD","HA","IntHigh","2100",83.196428096604
"03100203_99000000_LITTLE_MANATEE_RIVER",6600,137217,"LITTLE MANATEE RIVER","03100203","99000000","STREAM","tbcmp_PD_HA_IntHigh_2100","PD","HA","IntHigh","2100",135.628236258708
"03100203_99000000_LITTLE_MANATEE_RIVER",9113,1138153,"LITTLE MANATEE RIVER","03100203","99000000","STREAM","tbcmp_PD_HA_IntHigh_2100","PD","HA","IntHigh","2100",1124.97492280517
"03100203_99000000_MINED_AREA",1200,41587,"MINED AREA","03100203","99000000","NONCON","tbcmp_PD_HA_IntHigh_2100","PD","HA","IntHigh","2100",41.105485918588
"03100203_99000000_MINED_AREA",1900,136239,"MINED AREA","03100203","99000000","NONCON","tbcmp_PD_HA_IntHigh_2100","PD","HA","IntHigh","2100",134.661560008236
"03100203_99000000_MINED_AREA",4400,13751,"MINED AREA","03100203","99000000","NONCON","tbcmp_PD_HA_IntHigh_2100","PD","HA","IntHigh","2100",13.591784376524
"03100203_99000000_MINED_AREA",6110,1160,"MINED AREA","03100203","99000000","NONCON","tbcmp_PD_HA_IntHigh_2100","PD","HA","IntHigh","2100",1.14656896784
"03100204_30990000_POLEY_CREEK",1100,68189,"POLEY CREEK","03100204","30990000","STREAM","tbcmp_PD_HA_IntHigh_2100","PD","HA","IntHigh","2100",67.399475300036
"03100204_30990000_POLEY_CREEK",1200,284446,"POLEY CREEK","03100204","30990000","STREAM","tbcmp_PD_HA_IntHigh_2100","PD","HA","IntHigh","2100",281.152548815704
"03100204_30990000_POLEY_CREEK",1900,8374,"POLEY CREEK","03100204","30990000","STREAM","tbcmp_PD_HA_IntHigh_2100","PD","HA","IntHigh","2100",8.277041841976
"03100204_30990000_POLEY_CREEK",3200,27370,"POLEY CREEK","03100204","30990000","STREAM","tbcmp_PD_HA_IntHigh_2100","PD","HA","IntHigh","2100",27.05309711188
"03100204_30990000_POLEY_CREEK",4100,29974,"POLEY CREEK","03100204","30990000","STREAM","tbcmp_PD_HA_IntHigh_2100","PD","HA","IntHigh","2100",29.626946760376
"03100204_30990000_POLEY_CREEK",5200,762,"POLEY CREEK","03100204","30990000","STREAM","tbcmp_PD_HA_IntHigh_2100","PD","HA","IntHigh","2100",0.753177201288
"03100204_30990000_POLEY_CREEK",6110,94119,"POLEY CREEK","03100204","30990000","STREAM","tbcmp_PD_HA_IntHigh_2100","PD","HA","IntHigh","2100",93.029245417356
"03100204_30990000_POLEY_CREEK",6410,5239,"POLEY CREEK","03100204","30990000","STREAM","tbcmp_PD_HA_IntHigh_2100","PD","HA","IntHigh","2100",5.178340364236
"03100204_34400000_HAMILTON_BRANCH",1100,116312,"HAMILTON BRANCH","03100204","34400000","STREAM","tbcmp_PD_HA_IntHigh_2100","PD","HA","IntHigh","2100",114.965284299488
"03100204_34400000_HAMILTON_BRANCH",1200,769626,"HAMILTON BRANCH","03100204","34400000","STREAM","tbcmp_PD_HA_IntHigh_2100","PD","HA","IntHigh","2100",760.714903830024
"03100204_34400000_HAMILTON_BRANCH",1900,300492,"HAMILTON BRANCH","03100204","34400000","STREAM","tbcmp_PD_HA_IntHigh_2100","PD","HA","IntHigh","2100",297.012760589808
"03100204_34400000_HAMILTON_BRANCH",2100,224444,"HAMILTON BRANCH","03100204","34400000","STREAM","tbcmp_PD_HA_IntHigh_2100","PD","HA","IntHigh","2100",221.845280532656
"03100204_34400000_HAMILTON_BRANCH",4100,144936,"HAMILTON BRANCH","03100204","34400000","STREAM","tbcmp_PD_HA_IntHigh_2100","PD","HA","IntHigh","2100",143.257862002464
"03100204_34400000_HAMILTON_BRANCH",4400,5201,"HAMILTON BRANCH","03100204","34400000","STREAM","tbcmp_PD_HA_IntHigh_2100","PD","HA","IntHigh","2100",5.140780346324
"03100204_34400000_HAMILTON_BRANCH",5200,91041,"HAMILTON BRANCH","03100204","34400000","STREAM","tbcmp_PD_HA_IntHigh_2100","PD","HA","IntHigh","2100",89.986883966484
"03100204_34400000_HAMILTON_BRANCH",6110,137725,"HAMILTON BRANCH","03100204","34400000","STREAM","tbcmp_PD_HA_IntHigh_2100","PD","HA","IntHigh","2100",136.1303543929
"03100204_34400000_HAMILTON_BRANCH",6410,167998,"HAMILTON BRANCH","03100204","34400000","STREAM","tbcmp_PD_HA_IntHigh_2100","PD","HA","IntHigh","2100",166.052839188952
"03100204_34450000_AIRPORT_BRANCH",1100,1490,"AIRPORT BRANCH","03100204","34450000","STREAM","tbcmp_PD_HA_IntHigh_2100","PD","HA","IntHigh","2100",1.47274807076
"03100204_34450000_AIRPORT_BRANCH",1200,36522,"AIRPORT BRANCH","03100204","34450000","STREAM","tbcmp_PD_HA_IntHigh_2100","PD","HA","IntHigh","2100",36.099130899528
"03100204_34450000_AIRPORT_BRANCH",1900,18215,"AIRPORT BRANCH","03100204","34450000","STREAM","tbcmp_PD_HA_IntHigh_2100","PD","HA","IntHigh","2100",18.00409805966
"03100204_34450000_AIRPORT_BRANCH",2100,52533,"AIRPORT BRANCH","03100204","34450000","STREAM","tbcmp_PD_HA_IntHigh_2100","PD","HA","IntHigh","2100",51.924747920292
"03100204_34450000_AIRPORT_BRANCH",2200,9454,"AIRPORT BRANCH","03100204","34450000","STREAM","tbcmp_PD_HA_IntHigh_2100","PD","HA","IntHigh","2100",9.344537087896
"03100204_34450000_AIRPORT_BRANCH",3200,40048,"AIRPORT BRANCH","03100204","34450000","STREAM","tbcmp_PD_HA_IntHigh_2100","PD","HA","IntHigh","2100",39.584305193152
"03100204_34450000_AIRPORT_BRANCH",4100,62173,"AIRPORT BRANCH","03100204","34450000","STREAM","tbcmp_PD_HA_IntHigh_2100","PD","HA","IntHigh","2100",61.453131411652
"03100204_34450000_AIRPORT_BRANCH",5200,4205,"AIRPORT BRANCH","03100204","34450000","STREAM","tbcmp_PD_HA_IntHigh_2100","PD","HA","IntHigh","2100",4.15631250842
"03100204_34450000_AIRPORT_BRANCH",6110,34785,"AIRPORT BRANCH","03100204","34450000","STREAM","tbcmp_PD_HA_IntHigh_2100","PD","HA","IntHigh","2100",34.38224271234
"03100204_34450000_AIRPORT_BRANCH",6410,8500,"AIRPORT BRANCH","03100204","34450000","STREAM","tbcmp_PD_HA_IntHigh_2100","PD","HA","IntHigh","2100",8.401582954
"03100204_34700000_HOWELL_BRANCH",1100,1520818,"HOWELL BRANCH","03100204","34700000","STREAM","tbcmp_PD_HA_IntHigh_2100","PD","HA","IntHigh","2100",1503.20924528663
"03100204_34700000_HOWELL_BRANCH",1200,1050000,"HOWELL BRANCH","03100204","34700000","STREAM","tbcmp_PD_HA_IntHigh_2100","PD","HA","IntHigh","2100",1037.8426002
"03100204_34700000_HOWELL_BRANCH",1800,7248,"HOWELL BRANCH","03100204","34700000","STREAM","tbcmp_PD_HA_IntHigh_2100","PD","HA","IntHigh","2100",7.164079205952
"03100204_34700000_HOWELL_BRANCH",1900,378947,"HOWELL BRANCH","03100204","34700000","STREAM","tbcmp_PD_HA_IntHigh_2100","PD","HA","IntHigh","2100",374.559371255228
"03100204_34700000_HOWELL_BRANCH",2100,1597957,"HOWELL BRANCH","03100204","34700000","STREAM","tbcmp_PD_HA_IntHigh_2100","PD","HA","IntHigh","2100",1579.45509322647
"03100204_34700000_HOWELL_BRANCH",2200,3229,"HOWELL BRANCH","03100204","34700000","STREAM","tbcmp_PD_HA_IntHigh_2100","PD","HA","IntHigh","2100",3.191613100996
"03100204_34700000_HOWELL_BRANCH",2400,68161,"HOWELL BRANCH","03100204","34700000","STREAM","tbcmp_PD_HA_IntHigh_2100","PD","HA","IntHigh","2100",67.371799497364
"03100204_34700000_HOWELL_BRANCH",3200,10191,"HOWELL BRANCH","03100204","34700000","STREAM","tbcmp_PD_HA_IntHigh_2100","PD","HA","IntHigh","2100",10.073003751084
"03100204_34700000_HOWELL_BRANCH",4100,550154,"HOWELL BRANCH","03100204","34700000","STREAM","tbcmp_PD_HA_IntHigh_2100","PD","HA","IntHigh","2100",543.784055114696
"03100204_34700000_HOWELL_BRANCH",4400,26826,"HOWELL BRANCH","03100204","34700000","STREAM","tbcmp_PD_HA_IntHigh_2100","PD","HA","IntHigh","2100",26.515395802824
"03100204_34700000_HOWELL_BRANCH",5200,165199,"HOWELL BRANCH","03100204","34700000","STREAM","tbcmp_PD_HA_IntHigh_2100","PD","HA","IntHigh","2100",163.286247343276
"03100204_34700000_HOWELL_BRANCH",6110,427413,"HOWELL BRANCH","03100204","34700000","STREAM","tbcmp_PD_HA_IntHigh_2100","PD","HA","IntHigh","2100",422.464208837412
"03100204_34700000_HOWELL_BRANCH",6410,165683,"HOWELL BRANCH","03100204","34700000","STREAM","tbcmp_PD_HA_IntHigh_2100","PD","HA","IntHigh","2100",163.764643360892
"03100204_34990000_ENGLISH_CREEK",1100,2527947,"ENGLISH CREEK","03100204","34990000","STREAM","tbcmp_PD_HA_IntHigh_2100","PD","HA","IntHigh","2100",2498.67722633123
"03100204_34990000_ENGLISH_CREEK",1200,2214092,"ENGLISH CREEK","03100204","34990000","STREAM","tbcmp_PD_HA_IntHigh_2100","PD","HA","IntHigh","2100",2188.45618891621
"03100204_34990000_ENGLISH_CREEK",1800,4686,"ENGLISH CREEK","03100204","34990000","STREAM","tbcmp_PD_HA_IntHigh_2100","PD","HA","IntHigh","2100",4.631743261464
"03100204_34990000_ENGLISH_CREEK",1900,642377,"ENGLISH CREEK","03100204","34990000","STREAM","tbcmp_PD_HA_IntHigh_2100","PD","HA","IntHigh","2100",634.939253322548
"03100204_34990000_ENGLISH_CREEK",2100,1588432,"ENGLISH CREEK","03100204","34990000","STREAM","tbcmp_PD_HA_IntHigh_2100","PD","HA","IntHigh","2100",1570.04037821037
"03100204_34990000_ENGLISH_CREEK",2200,20576,"ENGLISH CREEK","03100204","34990000","STREAM","tbcmp_PD_HA_IntHigh_2100","PD","HA","IntHigh","2100",20.337761277824
"03100204_34990000_ENGLISH_CREEK",2400,198681,"ENGLISH CREEK","03100204","34990000","STREAM","tbcmp_PD_HA_IntHigh_2100","PD","HA","IntHigh","2100",196.380576809844
"03100204_34990000_ENGLISH_CREEK",3200,159386,"ENGLISH CREEK","03100204","34990000","STREAM","tbcmp_PD_HA_IntHigh_2100","PD","HA","IntHigh","2100",157.540553024264
"03100204_34990000_ENGLISH_CREEK",4100,608382,"ENGLISH CREEK","03100204","34990000","STREAM","tbcmp_PD_HA_IntHigh_2100","PD","HA","IntHigh","2100",601.337863614168
"03100204_34990000_ENGLISH_CREEK",4400,5661,"ENGLISH CREEK","03100204","34990000","STREAM","tbcmp_PD_HA_IntHigh_2100","PD","HA","IntHigh","2100",5.595454247364
"03100204_34990000_ENGLISH_CREEK",5200,156922,"ENGLISH CREEK","03100204","34990000","STREAM","tbcmp_PD_HA_IntHigh_2100","PD","HA","IntHigh","2100",155.105082389128
"03100204_34990000_ENGLISH_CREEK",6110,1064373,"ENGLISH CREEK","03100204","34990000","STREAM","tbcmp_PD_HA_IntHigh_2100","PD","HA","IntHigh","2100",1052.04918276445
"03100204_34990000_ENGLISH_CREEK",6410,510812,"ENGLISH CREEK","03100204","34990000","STREAM","tbcmp_PD_HA_IntHigh_2100","PD","HA","IntHigh","2100",504.897575517488
"03100204_36000000_MINED_AREA",1100,608,"MINED AREA","03100204","36000000","NONCON","tbcmp_PD_HA_IntHigh_2100","PD","HA","IntHigh","2100",0.600960286592
"03100204_36000000_MINED_AREA",1200,594218,"MINED AREA","03100204","36000000","NONCON","tbcmp_PD_HA_IntHigh_2100","PD","HA","IntHigh","2100",587.337861148232
"03100204_36000000_MINED_AREA",1900,4004,"MINED AREA","03100204","36000000","NONCON","tbcmp_PD_HA_IntHigh_2100","PD","HA","IntHigh","2100",3.957639782096
"03100204_36000000_MINED_AREA",2100,85,"MINED AREA","03100204","36000000","NONCON","tbcmp_PD_HA_IntHigh_2100","PD","HA","IntHigh","2100",0.08401582954
"03100204_36000000_MINED_AREA",4400,3023,"MINED AREA","03100204","36000000","NONCON","tbcmp_PD_HA_IntHigh_2100","PD","HA","IntHigh","2100",2.987998267052
"03100204_36990000_THIRTYMILE_CREEK",1100,381248,"THIRTYMILE CREEK","03100204","36990000","STREAM","tbcmp_PD_HA_IntHigh_2100","PD","HA","IntHigh","2100",376.833729181952
"03100204_36990000_THIRTYMILE_CREEK",1200,243902,"THIRTYMILE CREEK","03100204","36990000","STREAM","tbcmp_PD_HA_IntHigh_2100","PD","HA","IntHigh","2100",241.077986546648
"03100204_36990000_THIRTYMILE_CREEK",1900,563043,"THIRTYMILE CREEK","03100204","36990000","STREAM","tbcmp_PD_HA_IntHigh_2100","PD","HA","IntHigh","2100",556.523820137532
"03100204_36990000_THIRTYMILE_CREEK",2100,393411,"THIRTYMILE CREEK","03100204","36990000","STREAM","tbcmp_PD_HA_IntHigh_2100","PD","HA","IntHigh","2100",388.855900178364
"03100204_36990000_THIRTYMILE_CREEK",2200,80,"THIRTYMILE CREEK","03100204","36990000","STREAM","tbcmp_PD_HA_IntHigh_2100","PD","HA","IntHigh","2100",0.07907372192
"03100204_36990000_THIRTYMILE_CREEK",2400,55235,"THIRTYMILE CREEK","03100204","36990000","STREAM","tbcmp_PD_HA_IntHigh_2100","PD","HA","IntHigh","2100",54.59546287814
"03100204_36990000_THIRTYMILE_CREEK",4100,110502,"THIRTYMILE CREEK","03100204","36990000","STREAM","tbcmp_PD_HA_IntHigh_2100","PD","HA","IntHigh","2100",109.222555245048
"03100204_36990000_THIRTYMILE_CREEK",4400,130696,"THIRTYMILE CREEK","03100204","36990000","STREAM","tbcmp_PD_HA_IntHigh_2100","PD","HA","IntHigh","2100",129.182739500704
"03100204_36990000_THIRTYMILE_CREEK",5200,66188,"THIRTYMILE CREEK","03100204","36990000","STREAM","tbcmp_PD_HA_IntHigh_2100","PD","HA","IntHigh","2100",65.421643830512
"03100204_36990000_THIRTYMILE_CREEK",6110,290728,"THIRTYMILE CREEK","03100204","36990000","STREAM","tbcmp_PD_HA_IntHigh_2100","PD","HA","IntHigh","2100",287.361812829472
"03100204_36990000_THIRTYMILE_CREEK",6410,146816,"THIRTYMILE CREEK","03100204","36990000","STREAM","tbcmp_PD_HA_IntHigh_2100","PD","HA","IntHigh","2100",145.116094467584
"03100204_38000000_SLOMAN_BRANCH",1100,552571,"SLOMAN BRANCH","03100204","38000000","STREAM","tbcmp_PD_HA_IntHigh_2100","PD","HA","IntHigh","2100",546.173069938204
"03100204_38000000_SLOMAN_BRANCH",1200,4304,"SLOMAN BRANCH","03100204","38000000","STREAM","tbcmp_PD_HA_IntHigh_2100","PD","HA","IntHigh","2100",4.254166239296
"03100204_38000000_SLOMAN_BRANCH",1900,31051,"SLOMAN BRANCH","03100204","38000000","STREAM","tbcmp_PD_HA_IntHigh_2100","PD","HA","IntHigh","2100",30.691476741724
"03100204_38000000_SLOMAN_BRANCH",2100,376401,"SLOMAN BRANCH","03100204","38000000","STREAM","tbcmp_PD_HA_IntHigh_2100","PD","HA","IntHigh","2100",372.042850055124
"03100204_38000000_SLOMAN_BRANCH",2200,21067,"SLOMAN BRANCH","03100204","38000000","STREAM","tbcmp_PD_HA_IntHigh_2100","PD","HA","IntHigh","2100",20.823076246108
"03100204_38000000_SLOMAN_BRANCH",4100,90989,"SLOMAN BRANCH","03100204","38000000","STREAM","tbcmp_PD_HA_IntHigh_2100","PD","HA","IntHigh","2100",89.935486047236
"03100204_38000000_SLOMAN_BRANCH",4400,10387,"SLOMAN BRANCH","03100204","38000000","STREAM","tbcmp_PD_HA_IntHigh_2100","PD","HA","IntHigh","2100",10.266734369788
"03100204_38000000_SLOMAN_BRANCH",5200,3287,"SLOMAN BRANCH","03100204","38000000","STREAM","tbcmp_PD_HA_IntHigh_2100","PD","HA","IntHigh","2100",3.248941549388
"03100204_38000000_SLOMAN_BRANCH",6110,137193,"SLOMAN BRANCH","03100204","38000000","STREAM","tbcmp_PD_HA_IntHigh_2100","PD","HA","IntHigh","2100",135.604514142132
"03100204_38000000_SLOMAN_BRANCH",6410,9358,"SLOMAN BRANCH","03100204","38000000","STREAM","tbcmp_PD_HA_IntHigh_2100","PD","HA","IntHigh","2100",9.249648621592
"03100204_50000000_MINED_AREA",1200,338979,"MINED AREA","03100204","50000000","NONCON","tbcmp_PD_HA_IntHigh_2100","PD","HA","IntHigh","2100",335.054139783996
"03100204_50000000_MINED_AREA",1900,1026566,"MINED AREA","03100204","50000000","NONCON","tbcmp_PD_HA_IntHigh_2100","PD","HA","IntHigh","2100",1014.67993020658
"03100204_50000000_MINED_AREA",4400,72458,"MINED AREA","03100204","50000000","NONCON","tbcmp_PD_HA_IntHigh_2100","PD","HA","IntHigh","2100",71.619046785992
"03100204_50000000_MINED_AREA",5200,15337,"MINED AREA","03100204","50000000","NONCON","tbcmp_PD_HA_IntHigh_2100","PD","HA","IntHigh","2100",15.159420913588
"03100204_50000000_MINED_AREA",6110,46562,"MINED AREA","03100204","50000000","NONCON","tbcmp_PD_HA_IntHigh_2100","PD","HA","IntHigh","2100",46.022883000488
"03100204_50000000_MINED_AREA",6410,374888,"MINED AREA","03100204","50000000","NONCON","tbcmp_PD_HA_IntHigh_2100","PD","HA","IntHigh","2100",370.547368289312
"03100204_50370000_LAKE_BRANCH",1100,13139,"LAKE BRANCH","03100204","50370000","STREAM","tbcmp_PD_HA_IntHigh_2100","PD","HA","IntHigh","2100",12.986870403836
"03100204_50370000_LAKE_BRANCH",1200,21339,"LAKE BRANCH","03100204","50370000","STREAM","tbcmp_PD_HA_IntHigh_2100","PD","HA","IntHigh","2100",21.091926900636
"03100204_50370000_LAKE_BRANCH",1900,1677529,"LAKE BRANCH","03100204","50370000","STREAM","tbcmp_PD_HA_IntHigh_2100","PD","HA","IntHigh","2100",1658.1057707342
"03100204_50370000_LAKE_BRANCH",2100,69780,"LAKE BRANCH","03100204","50370000","STREAM","tbcmp_PD_HA_IntHigh_2100","PD","HA","IntHigh","2100",68.97205394472
"03100204_50370000_LAKE_BRANCH",4400,270993,"LAKE BRANCH","03100204","50370000","STREAM","tbcmp_PD_HA_IntHigh_2100","PD","HA","IntHigh","2100",267.855314053332
"03100204_50370000_LAKE_BRANCH",5200,81212,"LAKE BRANCH","03100204","50370000","STREAM","tbcmp_PD_HA_IntHigh_2100","PD","HA","IntHigh","2100",80.271688807088
"03100204_50370000_LAKE_BRANCH",6110,499221,"LAKE BRANCH","03100204","50370000","STREAM","tbcmp_PD_HA_IntHigh_2100","PD","HA","IntHigh","2100",493.440781632804
"03100204_50370000_LAKE_BRANCH",6410,305687,"LAKE BRANCH","03100204","50370000","STREAM","tbcmp_PD_HA_IntHigh_2100","PD","HA","IntHigh","2100",302.147610406988
"03100204_50370000_MINED_AREA",1100,526,"MINED AREA","03100204","50370000","NONCON","tbcmp_PD_HA_IntHigh_2100","PD","HA","IntHigh","2100",0.519909721624
"03100204_50370000_MINED_AREA",1900,731238,"MINED AREA","03100204","50370000","NONCON","tbcmp_PD_HA_IntHigh_2100","PD","HA","IntHigh","2100",722.771378366712
"03100204_50370000_MINED_AREA",4400,119077,"MINED AREA","03100204","50370000","NONCON","tbcmp_PD_HA_IntHigh_2100","PD","HA","IntHigh","2100",117.698269813348
"03100204_50370000_MINED_AREA",5200,118919,"MINED AREA","03100204","50370000","NONCON","tbcmp_PD_HA_IntHigh_2100","PD","HA","IntHigh","2100",117.542099212556
"03100204_50370000_MINED_AREA",6110,18462,"MINED AREA","03100204","50370000","NONCON","tbcmp_PD_HA_IntHigh_2100","PD","HA","IntHigh","2100",18.248238176088
"03100204_50370000_MINED_AREA",6410,303557,"MINED AREA","03100204","50370000","NONCON","tbcmp_PD_HA_IntHigh_2100","PD","HA","IntHigh","2100",300.042272560868
"03100204_50480000_MINED_AREA",1900,463315,"MINED AREA","03100204","50480000","NONCON","tbcmp_PD_HA_IntHigh_2100","PD","HA","IntHigh","2100",457.95051839206
"03100204_50480000_MINED_AREA",4400,59667,"MINED AREA","03100204","50480000","NONCON","tbcmp_PD_HA_IntHigh_2100","PD","HA","IntHigh","2100",58.976147072508
"03100204_50480000_MINED_AREA",6110,16060,"MINED AREA","03100204","50480000","NONCON","tbcmp_PD_HA_IntHigh_2100","PD","HA","IntHigh","2100",15.87404967544
"03100204_50488500_GULLY_BRANCH",1900,118722,"GULLY BRANCH","03100204","50488500","STREAM","tbcmp_PD_HA_IntHigh_2100","PD","HA","IntHigh","2100",117.347380172328
"03100204_50488500_GULLY_BRANCH",4100,319,"GULLY BRANCH","03100204","50488500","STREAM","tbcmp_PD_HA_IntHigh_2100","PD","HA","IntHigh","2100",0.315306466156
"03100204_50488500_GULLY_BRANCH",5200,13511,"GULLY BRANCH","03100204","50488500","STREAM","tbcmp_PD_HA_IntHigh_2100","PD","HA","IntHigh","2100",13.354563210764
"03100204_50488500_GULLY_BRANCH",6110,113212,"GULLY BRANCH","03100204","50488500","STREAM","tbcmp_PD_HA_IntHigh_2100","PD","HA","IntHigh","2100",111.901177575088
"03100204_50488500_MINED_AREA",1900,461453,"MINED AREA","03100204","50488500","NONCON","tbcmp_PD_HA_IntHigh_2100","PD","HA","IntHigh","2100",456.110077514372
"03100204_50488500_MINED_AREA",4100,21406,"MINED AREA","03100204","50488500","NONCON","tbcmp_PD_HA_IntHigh_2100","PD","HA","IntHigh","2100",21.158151142744
"03100204_50488500_MINED_AREA",4400,36779,"MINED AREA","03100204","50488500","NONCON","tbcmp_PD_HA_IntHigh_2100","PD","HA","IntHigh","2100",36.353155231196
"03100204_50488500_MINED_AREA",5200,119027,"MINED AREA","03100204","50488500","NONCON","tbcmp_PD_HA_IntHigh_2100","PD","HA","IntHigh","2100",117.648848737148
"03100204_50488500_MINED_AREA",6110,7884,"MINED AREA","03100204","50488500","NONCON","tbcmp_PD_HA_IntHigh_2100","PD","HA","IntHigh","2100",7.792715295216
"03100204_50488500_MINED_AREA",6410,288936,"MINED AREA","03100204","50488500","NONCON","tbcmp_PD_HA_IntHigh_2100","PD","HA","IntHigh","2100",285.590561458464
"03100204_50489900_BOGGY_BRANCH",1900,967093,"BOGGY BRANCH","03100204","50489900","STREAM","tbcmp_PD_HA_IntHigh_2100","PD","HA","IntHigh","2100",955.895536909732
"03100204_50489900_BOGGY_BRANCH",2100,3166,"BOGGY BRANCH","03100204","50489900","STREAM","tbcmp_PD_HA_IntHigh_2100","PD","HA","IntHigh","2100",3.129342544984
"03100204_50489900_BOGGY_BRANCH",4100,9459,"BOGGY BRANCH","03100204","50489900","STREAM","tbcmp_PD_HA_IntHigh_2100","PD","HA","IntHigh","2100",9.349479195516
"03100204_50489900_BOGGY_BRANCH",4400,7834,"BOGGY BRANCH","03100204","50489900","STREAM","tbcmp_PD_HA_IntHigh_2100","PD","HA","IntHigh","2100",7.743294219016
"03100204_50489900_BOGGY_BRANCH",5200,48153,"BOGGY BRANCH","03100204","50489900","STREAM","tbcmp_PD_HA_IntHigh_2100","PD","HA","IntHigh","2100",47.595461645172
"03100204_50489900_BOGGY_BRANCH",6110,380694,"BOGGY BRANCH","03100204","50489900","STREAM","tbcmp_PD_HA_IntHigh_2100","PD","HA","IntHigh","2100",376.286143657656
"03100204_50489900_BOGGY_BRANCH",6410,33048,"BOGGY BRANCH","03100204","50489900","STREAM","tbcmp_PD_HA_IntHigh_2100","PD","HA","IntHigh","2100",32.665354525152
"03100204_50500000_MINED_AREA",1100,2363,"MINED AREA","03100204","50500000","NONCON","tbcmp_PD_HA_IntHigh_2100","PD","HA","IntHigh","2100",2.335640061212
"03100204_50500000_MINED_AREA",1200,498629,"MINED AREA","03100204","50500000","NONCON","tbcmp_PD_HA_IntHigh_2100","PD","HA","IntHigh","2100",492.855636090596
"03100204_50500000_MINED_AREA",1900,692206,"MINED AREA","03100204","50500000","NONCON","tbcmp_PD_HA_IntHigh_2100","PD","HA","IntHigh","2100",684.191309441944
"03100204_50500000_MINED_AREA",5200,15200,"MINED AREA","03100204","50500000","NONCON","tbcmp_PD_HA_IntHigh_2100","PD","HA","IntHigh","2100",15.0240071648
"03100204_50500000_MINED_AREA",6410,26180,"MINED AREA","03100204","50500000","NONCON","tbcmp_PD_HA_IntHigh_2100","PD","HA","IntHigh","2100",25.87687549832
"03100204_50502000_LEWIS_BRANCH",1100,21459,"LEWIS BRANCH","03100204","50502000","SLOUGH","tbcmp_PD_HA_IntHigh_2100","PD","HA","IntHigh","2100",21.210537483516
"03100204_50502000_LEWIS_BRANCH",1200,1394798,"LEWIS BRANCH","03100204","50502000","SLOUGH","tbcmp_PD_HA_IntHigh_2100","PD","HA","IntHigh","2100",1378.64836483215
"03100204_50502000_LEWIS_BRANCH",1900,116469,"LEWIS BRANCH","03100204","50502000","SLOUGH","tbcmp_PD_HA_IntHigh_2100","PD","HA","IntHigh","2100",115.120466478756
"03100204_50502000_LEWIS_BRANCH",2100,1040462,"LEWIS BRANCH","03100204","50502000","SLOUGH","tbcmp_PD_HA_IntHigh_2100","PD","HA","IntHigh","2100",1028.41503570409
"03100204_50502000_LEWIS_BRANCH",2200,21237,"LEWIS BRANCH","03100204","50502000","SLOUGH","tbcmp_PD_HA_IntHigh_2100","PD","HA","IntHigh","2100",20.991107905188
"03100204_50502000_LEWIS_BRANCH",3200,5491,"LEWIS BRANCH","03100204","50502000","SLOUGH","tbcmp_PD_HA_IntHigh_2100","PD","HA","IntHigh","2100",5.427422588284
"03100204_50502000_LEWIS_BRANCH",4100,62895,"LEWIS BRANCH","03100204","50502000","SLOUGH","tbcmp_PD_HA_IntHigh_2100","PD","HA","IntHigh","2100",62.16677175198
"03100204_50502000_LEWIS_BRANCH",4400,25170,"LEWIS BRANCH","03100204","50502000","SLOUGH","tbcmp_PD_HA_IntHigh_2100","PD","HA","IntHigh","2100",24.87856975908
"03100204_50502000_LEWIS_BRANCH",5200,2254,"LEWIS BRANCH","03100204","50502000","SLOUGH","tbcmp_PD_HA_IntHigh_2100","PD","HA","IntHigh","2100",2.227902115096
"03100204_50502000_LEWIS_BRANCH",6110,327028,"LEWIS BRANCH","03100204","50502000","SLOUGH","tbcmp_PD_HA_IntHigh_2100","PD","HA","IntHigh","2100",323.241514150672
"03100204_50502000_LEWIS_BRANCH",6410,40389,"LEWIS BRANCH","03100204","50502000","SLOUGH","tbcmp_PD_HA_IntHigh_2100","PD","HA","IntHigh","2100",39.921356932836
"03100204_50509900_HURRAH_CREEK",1100,184411,"HURRAH CREEK","03100204","50509900","SLOUGH","tbcmp_PD_HA_IntHigh_2100","PD","HA","IntHigh","2100",182.275801662364
"03100204_50509900_HURRAH_CREEK",1200,2662740,"HURRAH CREEK","03100204","50509900","SLOUGH","tbcmp_PD_HA_IntHigh_2100","PD","HA","IntHigh","2100",2631.90952881576
"03100204_50509900_HURRAH_CREEK",1900,252247,"HURRAH CREEK","03100204","50509900","SLOUGH","tbcmp_PD_HA_IntHigh_2100","PD","HA","IntHigh","2100",249.326364164428
"03100204_50509900_HURRAH_CREEK",2100,1021641,"HURRAH CREEK","03100204","50509900","SLOUGH","tbcmp_PD_HA_IntHigh_2100","PD","HA","IntHigh","2100",1009.81195420088
"03100204_50509900_HURRAH_CREEK",2200,21479,"HURRAH CREEK","03100204","50509900","SLOUGH","tbcmp_PD_HA_IntHigh_2100","PD","HA","IntHigh","2100",21.230305913996
"03100204_50509900_HURRAH_CREEK",3200,13743,"HURRAH CREEK","03100204","50509900","SLOUGH","tbcmp_PD_HA_IntHigh_2100","PD","HA","IntHigh","2100",13.583877004332
"03100204_50509900_HURRAH_CREEK",4100,60170,"HURRAH CREEK","03100204","50509900","SLOUGH","tbcmp_PD_HA_IntHigh_2100","PD","HA","IntHigh","2100",59.47332309908
"03100204_50509900_HURRAH_CREEK",4400,9155,"HURRAH CREEK","03100204","50509900","SLOUGH","tbcmp_PD_HA_IntHigh_2100","PD","HA","IntHigh","2100",9.04899905222
"03100204_50509900_HURRAH_CREEK",5200,43688,"HURRAH CREEK","03100204","50509900","SLOUGH","tbcmp_PD_HA_IntHigh_2100","PD","HA","IntHigh","2100",43.182159540512
"03100204_50509900_HURRAH_CREEK",6110,809079,"HURRAH CREEK","03100204","50509900","SLOUGH","tbcmp_PD_HA_IntHigh_2100","PD","HA","IntHigh","2100",799.711098216396
"03100204_50509900_HURRAH_CREEK",6410,133922,"HURRAH CREEK","03100204","50509900","SLOUGH","tbcmp_PD_HA_IntHigh_2100","PD","HA","IntHigh","2100",132.371387337128
"03100204_50540000_MCMULLEN_BRANCH",1900,1343396,"MCMULLEN BRANCH","03100204","50540000","STREAM","tbcmp_PD_HA_IntHigh_2100","PD","HA","IntHigh","2100",1327.8415216555
"03100204_50540000_MCMULLEN_BRANCH",4400,107963,"MCMULLEN BRANCH","03100204","50540000","STREAM","tbcmp_PD_HA_IntHigh_2100","PD","HA","IntHigh","2100",106.712952995612
"03100204_50540000_MCMULLEN_BRANCH",5200,104226,"MCMULLEN BRANCH","03100204","50540000","STREAM","tbcmp_PD_HA_IntHigh_2100","PD","HA","IntHigh","2100",103.019221760424
"03100204_50540000_MCMULLEN_BRANCH",6110,164603,"MCMULLEN BRANCH","03100204","50540000","STREAM","tbcmp_PD_HA_IntHigh_2100","PD","HA","IntHigh","2100",162.697148114972
"03100204_50540000_MCMULLEN_BRANCH",6410,139700,"MCMULLEN BRANCH","03100204","50540000","STREAM","tbcmp_PD_HA_IntHigh_2100","PD","HA","IntHigh","2100",138.0824869028
"03100204_50600000_HALLS_BRANCH",1100,22440,"HALLS BRANCH","03100204","50600000","STREAM","tbcmp_PD_HA_IntHigh_2100","PD","HA","IntHigh","2100",22.18017899856
"03100204_50600000_HALLS_BRANCH",1900,562019,"HALLS BRANCH","03100204","50600000","STREAM","tbcmp_PD_HA_IntHigh_2100","PD","HA","IntHigh","2100",555.511676496956
"03100204_50600000_HALLS_BRANCH",2100,222976,"HALLS BRANCH","03100204","50600000","STREAM","tbcmp_PD_HA_IntHigh_2100","PD","HA","IntHigh","2100",220.394277735424
"03100204_50600000_HALLS_BRANCH",4100,18392,"HALLS BRANCH","03100204","50600000","STREAM","tbcmp_PD_HA_IntHigh_2100","PD","HA","IntHigh","2100",18.179048669408
"03100204_50600000_HALLS_BRANCH",4400,29563,"HALLS BRANCH","03100204","50600000","STREAM","tbcmp_PD_HA_IntHigh_2100","PD","HA","IntHigh","2100",29.220705514012
"03100204_50600000_HALLS_BRANCH",5200,66504,"HALLS BRANCH","03100204","50600000","STREAM","tbcmp_PD_HA_IntHigh_2100","PD","HA","IntHigh","2100",65.733985032096
"03100204_50600000_HALLS_BRANCH",6110,99168,"HALLS BRANCH","03100204","50600000","STREAM","tbcmp_PD_HA_IntHigh_2100","PD","HA","IntHigh","2100",98.019785692032
"03100204_50600000_HALLS_BRANCH",6410,38393,"HALLS BRANCH","03100204","50600000","STREAM","tbcmp_PD_HA_IntHigh_2100","PD","HA","IntHigh","2100",37.948467570932
"03100204_50680000_MINED_AREA",1200,313147,"MINED AREA","03100204","50680000","NONCON","tbcmp_PD_HA_IntHigh_2100","PD","HA","IntHigh","2100",309.521234976028
"03100204_50680000_MINED_AREA",1900,1642073,"MINED AREA","03100204","50680000","NONCON","tbcmp_PD_HA_IntHigh_2100","PD","HA","IntHigh","2100",1623.06029717925
"03100204_50680000_MINED_AREA",5200,34139,"MINED AREA","03100204","50680000","NONCON","tbcmp_PD_HA_IntHigh_2100","PD","HA","IntHigh","2100",33.743722407836
"03100204_50689900_OWENS_BRANCH",1100,93691,"OWENS BRANCH","03100204","50689900","STREAM","tbcmp_PD_HA_IntHigh_2100","PD","HA","IntHigh","2100",92.606201005084
"03100204_50689900_OWENS_BRANCH",1900,415814,"OWENS BRANCH","03100204","50689900","STREAM","tbcmp_PD_HA_IntHigh_2100","PD","HA","IntHigh","2100",410.999507580536
"03100204_50689900_OWENS_BRANCH",2100,593955,"OWENS BRANCH","03100204","50689900","STREAM","tbcmp_PD_HA_IntHigh_2100","PD","HA","IntHigh","2100",587.07790628742
"03100204_50689900_OWENS_BRANCH",3200,104628,"OWENS BRANCH","03100204","50689900","STREAM","tbcmp_PD_HA_IntHigh_2100","PD","HA","IntHigh","2100",103.416567213072
"03100204_50689900_OWENS_BRANCH",4100,75419,"OWENS BRANCH","03100204","50689900","STREAM","tbcmp_PD_HA_IntHigh_2100","PD","HA","IntHigh","2100",74.545762918556
"03100204_50689900_OWENS_BRANCH",4400,9755,"OWENS BRANCH","03100204","50689900","STREAM","tbcmp_PD_HA_IntHigh_2100","PD","HA","IntHigh","2100",9.64205196662
"03100204_50689900_OWENS_BRANCH",5200,1514,"OWENS BRANCH","03100204","50689900","STREAM","tbcmp_PD_HA_IntHigh_2100","PD","HA","IntHigh","2100",1.496470187336
"03100204_50689900_OWENS_BRANCH",6110,233455,"OWENS BRANCH","03100204","50689900","STREAM","tbcmp_PD_HA_IntHigh_2100","PD","HA","IntHigh","2100",230.75194688542
"03100204_50689900_OWENS_BRANCH",6410,31824,"OWENS BRANCH","03100204","50689900","STREAM","tbcmp_PD_HA_IntHigh_2100","PD","HA","IntHigh","2100",31.455526579776
"03100204_50706000_UNNAMED_STREAM",1100,259044,"UNNAMED STREAM","03100204","50706000","STREAM","tbcmp_PD_HA_IntHigh_2100","PD","HA","IntHigh","2100",256.044665263056
"03100204_50706000_UNNAMED_STREAM",2100,259444,"UNNAMED STREAM","03100204","50706000","STREAM","tbcmp_PD_HA_IntHigh_2100","PD","HA","IntHigh","2100",256.440033872656
"03100204_50706000_UNNAMED_STREAM",2400,19835,"UNNAMED STREAM","03100204","50706000","STREAM","tbcmp_PD_HA_IntHigh_2100","PD","HA","IntHigh","2100",19.60534092854
"03100204_50706000_UNNAMED_STREAM",3200,149611,"UNNAMED STREAM","03100204","50706000","STREAM","tbcmp_PD_HA_IntHigh_2100","PD","HA","IntHigh","2100",147.878732627164
"03100204_50706000_UNNAMED_STREAM",4100,10069,"UNNAMED STREAM","03100204","50706000","STREAM","tbcmp_PD_HA_IntHigh_2100","PD","HA","IntHigh","2100",9.952416325156
"03100204_50706000_UNNAMED_STREAM",5200,10120,"UNNAMED STREAM","03100204","50706000","STREAM","tbcmp_PD_HA_IntHigh_2100","PD","HA","IntHigh","2100",10.00282582288
"03100204_50706000_UNNAMED_STREAM",6110,41689,"UNNAMED STREAM","03100204","50706000","STREAM","tbcmp_PD_HA_IntHigh_2100","PD","HA","IntHigh","2100",41.206304914036
"03100204_50706000_UNNAMED_STREAM",6410,18390,"UNNAMED STREAM","03100204","50706000","STREAM","tbcmp_PD_HA_IntHigh_2100","PD","HA","IntHigh","2100",18.17707182636
"03100204_50709900_CHITC_BRANCH",1100,400822,"CHITC BRANCH","03100204","50709900","STREAM","tbcmp_PD_HA_IntHigh_2100","PD","HA","IntHigh","2100",396.181092092728
"03100204_50709900_CHITC_BRANCH",1900,511247,"CHITC BRANCH","03100204","50709900","STREAM","tbcmp_PD_HA_IntHigh_2100","PD","HA","IntHigh","2100",505.327538880428
"03100204_50709900_CHITC_BRANCH",2100,748296,"CHITC BRANCH","03100204","50709900","STREAM","tbcmp_PD_HA_IntHigh_2100","PD","HA","IntHigh","2100",739.631872723104
"03100204_50709900_CHITC_BRANCH",2400,11737,"CHITC BRANCH","03100204","50709900","STREAM","tbcmp_PD_HA_IntHigh_2100","PD","HA","IntHigh","2100",11.601103427188
"03100204_50709900_CHITC_BRANCH",3200,1022360,"CHITC BRANCH","03100204","50709900","STREAM","tbcmp_PD_HA_IntHigh_2100","PD","HA","IntHigh","2100",1010.52262927664
"03100204_50709900_CHITC_BRANCH",4100,39186,"CHITC BRANCH","03100204","50709900","STREAM","tbcmp_PD_HA_IntHigh_2100","PD","HA","IntHigh","2100",38.732285839464
"03100204_50709900_CHITC_BRANCH",4400,79513,"CHITC BRANCH","03100204","50709900","STREAM","tbcmp_PD_HA_IntHigh_2100","PD","HA","IntHigh","2100",78.592360637812
"03100204_50709900_CHITC_BRANCH",5200,40554,"CHITC BRANCH","03100204","50709900","STREAM","tbcmp_PD_HA_IntHigh_2100","PD","HA","IntHigh","2100",40.084446484296
"03100204_50709900_CHITC_BRANCH",6110,304596,"CHITC BRANCH","03100204","50709900","STREAM","tbcmp_PD_HA_IntHigh_2100","PD","HA","IntHigh","2100",301.069242524304
"03100204_50709900_CHITC_BRANCH",6410,129200,"CHITC BRANCH","03100204","50709900","STREAM","tbcmp_PD_HA_IntHigh_2100","PD","HA","IntHigh","2100",127.7040609008
"03100204_50809900_MIZELLE_CREEK",1100,326029,"MIZELLE CREEK","03100204","50809900","STREAM","tbcmp_PD_HA_IntHigh_2100","PD","HA","IntHigh","2100",322.254081048196
"03100204_50809900_MIZELLE_CREEK",1200,83241,"MIZELLE CREEK","03100204","50809900","STREAM","tbcmp_PD_HA_IntHigh_2100","PD","HA","IntHigh","2100",82.277196079284
"03100204_50809900_MIZELLE_CREEK",1900,1636364,"MIZELLE CREEK","03100204","50809900","STREAM","tbcmp_PD_HA_IntHigh_2100","PD","HA","IntHigh","2100",1617.41739869874
"03100204_50809900_MIZELLE_CREEK",2100,430270,"MIZELLE CREEK","03100204","50809900","STREAM","tbcmp_PD_HA_IntHigh_2100","PD","HA","IntHigh","2100",425.28812913148
"03100204_50809900_MIZELLE_CREEK",3200,13825,"MIZELLE CREEK","03100204","50809900","STREAM","tbcmp_PD_HA_IntHigh_2100","PD","HA","IntHigh","2100",13.6649275693
"03100204_50809900_MIZELLE_CREEK",4100,69038,"MIZELLE CREEK","03100204","50809900","STREAM","tbcmp_PD_HA_IntHigh_2100","PD","HA","IntHigh","2100",68.238645173912
"03100204_50809900_MIZELLE_CREEK",5200,42473,"MIZELLE CREEK","03100204","50809900","STREAM","tbcmp_PD_HA_IntHigh_2100","PD","HA","IntHigh","2100",41.981227388852
"03100204_50809900_MIZELLE_CREEK",6110,374565,"MIZELLE CREEK","03100204","50809900","STREAM","tbcmp_PD_HA_IntHigh_2100","PD","HA","IntHigh","2100",370.22810813706
"03100204_50809900_MIZELLE_CREEK",6410,34618,"MIZELLE CREEK","03100204","50809900","STREAM","tbcmp_PD_HA_IntHigh_2100","PD","HA","IntHigh","2100",34.217176317832
"03100204_50850000_WEST_BRANCH",1100,615701,"WEST BRANCH","03100204","50850000","STREAM","tbcmp_PD_HA_IntHigh_2100","PD","HA","IntHigh","2100",608.572120748324
"03100204_50850000_WEST_BRANCH",1200,29712,"WEST BRANCH","03100204","50850000","STREAM","tbcmp_PD_HA_IntHigh_2100","PD","HA","IntHigh","2100",29.367980321088
"03100204_50850000_WEST_BRANCH",1900,565415,"WEST BRANCH","03100204","50850000","STREAM","tbcmp_PD_HA_IntHigh_2100","PD","HA","IntHigh","2100",558.86835599246
"03100204_50850000_WEST_BRANCH",2100,477025,"WEST BRANCH","03100204","50850000","STREAM","tbcmp_PD_HA_IntHigh_2100","PD","HA","IntHigh","2100",471.5017774861
"03100204_50850000_WEST_BRANCH",2400,15754,"WEST BRANCH","03100204","50850000","STREAM","tbcmp_PD_HA_IntHigh_2100","PD","HA","IntHigh","2100",15.571592689096
"03100204_50850000_WEST_BRANCH",3200,720,"WEST BRANCH","03100204","50850000","STREAM","tbcmp_PD_HA_IntHigh_2100","PD","HA","IntHigh","2100",0.71166349728
"03100204_50850000_WEST_BRANCH",4100,328002,"WEST BRANCH","03100204","50850000","STREAM","tbcmp_PD_HA_IntHigh_2100","PD","HA","IntHigh","2100",324.204236715048
"03100204_50850000_WEST_BRANCH",5200,69126,"WEST BRANCH","03100204","50850000","STREAM","tbcmp_PD_HA_IntHigh_2100","PD","HA","IntHigh","2100",68.325626268024
"03100204_50850000_WEST_BRANCH",6110,162544,"WEST BRANCH","03100204","50850000","STREAM","tbcmp_PD_HA_IntHigh_2100","PD","HA","IntHigh","2100",160.661988197056
"03100204_50850000_WEST_BRANCH",6410,33316,"WEST BRANCH","03100204","50850000","STREAM","tbcmp_PD_HA_IntHigh_2100","PD","HA","IntHigh","2100",32.930251493584
"03100204_54000000_MC_DONALD_BRANCH",1100,384529,"MC DONALD BRANCH","03100204","54000000","STREAM","tbcmp_PD_HA_IntHigh_2100","PD","HA","IntHigh","2100",380.076740202196
"03100204_54000000_MC_DONALD_BRANCH",1200,44664,"MC DONALD BRANCH","03100204","54000000","STREAM","tbcmp_PD_HA_IntHigh_2100","PD","HA","IntHigh","2100",44.146858947936
"03100204_54000000_MC_DONALD_BRANCH",1900,99536,"MC DONALD BRANCH","03100204","54000000","STREAM","tbcmp_PD_HA_IntHigh_2100","PD","HA","IntHigh","2100",98.383524812864
"03100204_54000000_MC_DONALD_BRANCH",2100,356993,"MC DONALD BRANCH","03100204","54000000","STREAM","tbcmp_PD_HA_IntHigh_2100","PD","HA","IntHigh","2100",352.859565117332
"03100204_54000000_MC_DONALD_BRANCH",2200,6548,"MC DONALD BRANCH","03100204","54000000","STREAM","tbcmp_PD_HA_IntHigh_2100","PD","HA","IntHigh","2100",6.472184139152
"03100204_54000000_MC_DONALD_BRANCH",2400,9619,"MC DONALD BRANCH","03100204","54000000","STREAM","tbcmp_PD_HA_IntHigh_2100","PD","HA","IntHigh","2100",9.507626639356
"03100204_54000000_MC_DONALD_BRANCH",4100,118638,"MC DONALD BRANCH","03100204","54000000","STREAM","tbcmp_PD_HA_IntHigh_2100","PD","HA","IntHigh","2100",117.264352764312
"03100204_54000000_MC_DONALD_BRANCH",4400,21838,"MC DONALD BRANCH","03100204","54000000","STREAM","tbcmp_PD_HA_IntHigh_2100","PD","HA","IntHigh","2100",21.585149241112
"03100204_54000000_MC_DONALD_BRANCH",5200,6753,"MC DONALD BRANCH","03100204","54000000","STREAM","tbcmp_PD_HA_IntHigh_2100","PD","HA","IntHigh","2100",6.674810551572
"03100204_54000000_MC_DONALD_BRANCH",6110,88092,"MC DONALD BRANCH","03100204","54000000","STREAM","tbcmp_PD_HA_IntHigh_2100","PD","HA","IntHigh","2100",87.072028892208
"03100204_54000000_MC_DONALD_BRANCH",6410,4818,"MC DONALD BRANCH","03100204","54000000","STREAM","tbcmp_PD_HA_IntHigh_2100","PD","HA","IntHigh","2100",4.762214902632
"03100204_58000000_MCCULLOUGH_BRANCH",1100,567971,"MCCULLOUGH BRANCH","03100204","58000000","STREAM","tbcmp_PD_HA_IntHigh_2100","PD","HA","IntHigh","2100",561.394761407804
"03100204_58000000_MCCULLOUGH_BRANCH",1200,42091,"MCCULLOUGH BRANCH","03100204","58000000","STREAM","tbcmp_PD_HA_IntHigh_2100","PD","HA","IntHigh","2100",41.603650366684
"03100204_58000000_MCCULLOUGH_BRANCH",1900,81192,"MCCULLOUGH BRANCH","03100204","58000000","STREAM","tbcmp_PD_HA_IntHigh_2100","PD","HA","IntHigh","2100",80.251920376608
"03100204_58000000_MCCULLOUGH_BRANCH",2100,168056,"MCCULLOUGH BRANCH","03100204","58000000","STREAM","tbcmp_PD_HA_IntHigh_2100","PD","HA","IntHigh","2100",166.110167637344
"03100204_58000000_MCCULLOUGH_BRANCH",2400,18405,"MCCULLOUGH BRANCH","03100204","58000000","STREAM","tbcmp_PD_HA_IntHigh_2100","PD","HA","IntHigh","2100",18.19189814922
"03100204_58000000_MCCULLOUGH_BRANCH",4100,110535,"MCCULLOUGH BRANCH","03100204","58000000","STREAM","tbcmp_PD_HA_IntHigh_2100","PD","HA","IntHigh","2100",109.25517315534
"03100204_58000000_MCCULLOUGH_BRANCH",5200,10423,"MCCULLOUGH BRANCH","03100204","58000000","STREAM","tbcmp_PD_HA_IntHigh_2100","PD","HA","IntHigh","2100",10.302317544652
"03100204_58000000_MCCULLOUGH_BRANCH",6110,160715,"MCCULLOUGH BRANCH","03100204","58000000","STREAM","tbcmp_PD_HA_IntHigh_2100","PD","HA","IntHigh","2100",158.85416522966
"03100204_58000000_MCCULLOUGH_BRANCH",6410,11357,"MCCULLOUGH BRANCH","03100204","58000000","STREAM","tbcmp_PD_HA_IntHigh_2100","PD","HA","IntHigh","2100",11.225503248068
"03100204_60950000_MEDARD_PARK_RUN",1100,2404746,"MEDARD PARK RUN","03100204","60950000","STREAM","tbcmp_PD_HA_IntHigh_2100","PD","HA","IntHigh","2100",2376.9027061529
"03100204_60950000_MEDARD_PARK_RUN",1200,1338216,"MEDARD PARK RUN","03100204","60950000","STREAM","tbcmp_PD_HA_IntHigh_2100","PD","HA","IntHigh","2100",1322.72149816118
"03100204_60950000_MEDARD_PARK_RUN",1800,107330,"MEDARD PARK RUN","03100204","60950000","STREAM","tbcmp_PD_HA_IntHigh_2100","PD","HA","IntHigh","2100",106.08728217092
"03100204_60950000_MEDARD_PARK_RUN",1820,1172,"MEDARD PARK RUN","03100204","60950000","STREAM","tbcmp_PD_HA_IntHigh_2100","PD","HA","IntHigh","2100",1.158430026128
"03100204_60950000_MEDARD_PARK_RUN",1900,2515204,"MEDARD PARK RUN","03100204","60950000","STREAM","tbcmp_PD_HA_IntHigh_2100","PD","HA","IntHigh","2100",2486.0817708509
"03100204_60950000_MEDARD_PARK_RUN",2100,5393090,"MEDARD PARK RUN","03100204","60950000","STREAM","tbcmp_PD_HA_IntHigh_2100","PD","HA","IntHigh","2100",5330.64623686916
"03100204_60950000_MEDARD_PARK_RUN",2200,80020,"MEDARD PARK RUN","03100204","60950000","STREAM","tbcmp_PD_HA_IntHigh_2100","PD","HA","IntHigh","2100",79.09349035048
"03100204_60950000_MEDARD_PARK_RUN",2400,182902,"MEDARD PARK RUN","03100204","60950000","STREAM","tbcmp_PD_HA_IntHigh_2100","PD","HA","IntHigh","2100",180.784273582648
"03100204_60950000_MEDARD_PARK_RUN",3200,30869,"MEDARD PARK RUN","03100204","60950000","STREAM","tbcmp_PD_HA_IntHigh_2100","PD","HA","IntHigh","2100",30.511584024356
"03100204_60950000_MEDARD_PARK_RUN",4100,543999,"MEDARD PARK RUN","03100204","60950000","STREAM","tbcmp_PD_HA_IntHigh_2100","PD","HA","IntHigh","2100",537.700320634476
"03100204_60950000_MEDARD_PARK_RUN",4400,96530,"MEDARD PARK RUN","03100204","60950000","STREAM","tbcmp_PD_HA_IntHigh_2100","PD","HA","IntHigh","2100",95.41232971172
"03100204_60950000_MEDARD_PARK_RUN",5200,875862,"MEDARD PARK RUN","03100204","60950000","STREAM","tbcmp_PD_HA_IntHigh_2100","PD","HA","IntHigh","2100",865.720852853688
"03100204_60950000_MEDARD_PARK_RUN",6110,943065,"MEDARD PARK RUN","03100204","60950000","STREAM","tbcmp_PD_HA_IntHigh_2100","PD","HA","IntHigh","2100",932.14574453106
"03100204_60950000_MEDARD_PARK_RUN",6410,326930,"MEDARD PARK RUN","03100204","60950000","STREAM","tbcmp_PD_HA_IntHigh_2100","PD","HA","IntHigh","2100",323.14464884132
"03100204_60990000_TURKEY_CREEK",1100,2378861,"TURKEY CREEK","03100204","60990000","STREAM","tbcmp_PD_HA_IntHigh_2100","PD","HA","IntHigh","2100",2351.31741500416
"03100204_60990000_TURKEY_CREEK",1200,1666909,"TURKEY CREEK","03100204","60990000","STREAM","tbcmp_PD_HA_IntHigh_2100","PD","HA","IntHigh","2100",1647.60873414932
"03100204_60990000_TURKEY_CREEK",1800,84837,"TURKEY CREEK","03100204","60990000","STREAM","tbcmp_PD_HA_IntHigh_2100","PD","HA","IntHigh","2100",83.854716831588
"03100204_60990000_TURKEY_CREEK",1820,40100,"TURKEY CREEK","03100204","60990000","STREAM","tbcmp_PD_HA_IntHigh_2100","PD","HA","IntHigh","2100",39.6357031124
"03100204_60990000_TURKEY_CREEK",1900,3083597,"TURKEY CREEK","03100204","60990000","STREAM","tbcmp_PD_HA_IntHigh_2100","PD","HA","IntHigh","2100",3047.89364614183
"03100204_60990000_TURKEY_CREEK",2100,3308921,"TURKEY CREEK","03100204","60990000","STREAM","tbcmp_PD_HA_IntHigh_2100","PD","HA","IntHigh","2100",3270.6087376156
"03100204_60990000_TURKEY_CREEK",2200,21241,"TURKEY CREEK","03100204","60990000","STREAM","tbcmp_PD_HA_IntHigh_2100","PD","HA","IntHigh","2100",20.995061591284
"03100204_60990000_TURKEY_CREEK",2400,91757,"TURKEY CREEK","03100204","60990000","STREAM","tbcmp_PD_HA_IntHigh_2100","PD","HA","IntHigh","2100",90.694593777668
"03100204_60990000_TURKEY_CREEK",3200,11542,"TURKEY CREEK","03100204","60990000","STREAM","tbcmp_PD_HA_IntHigh_2100","PD","HA","IntHigh","2100",11.408361230008
"03100204_60990000_TURKEY_CREEK",4100,348119,"TURKEY CREEK","03100204","60990000","STREAM","tbcmp_PD_HA_IntHigh_2100","PD","HA","IntHigh","2100",344.088312513356
"03100204_60990000_TURKEY_CREEK",4400,32956,"TURKEY CREEK","03100204","60990000","STREAM","tbcmp_PD_HA_IntHigh_2100","PD","HA","IntHigh","2100",32.574419744944
"03100204_60990000_TURKEY_CREEK",5200,177514,"TURKEY CREEK","03100204","60990000","STREAM","tbcmp_PD_HA_IntHigh_2100","PD","HA","IntHigh","2100",175.458658411336
"03100204_60990000_TURKEY_CREEK",6110,995848,"TURKEY CREEK","03100204","60990000","STREAM","tbcmp_PD_HA_IntHigh_2100","PD","HA","IntHigh","2100",984.317597832352
"03100204_60990000_TURKEY_CREEK",6410,537661,"TURKEY CREEK","03100204","60990000","STREAM","tbcmp_PD_HA_IntHigh_2100","PD","HA","IntHigh","2100",531.435705015364
"03100204_68000000_LITTLE_FISHHAWK_CREEK",1100,625288,"LITTLE FISHHAWK CREEK","03100204","68000000","STREAM","tbcmp_PD_HA_IntHigh_2100","PD","HA","IntHigh","2100",618.048117898912
"03100204_68000000_LITTLE_FISHHAWK_CREEK",1200,1400552,"LITTLE FISHHAWK CREEK","03100204","68000000","STREAM","tbcmp_PD_HA_IntHigh_2100","PD","HA","IntHigh","2100",1384.33574228125
"03100204_68000000_LITTLE_FISHHAWK_CREEK",1800,61612,"LITTLE FISHHAWK CREEK","03100204","68000000","STREAM","tbcmp_PD_HA_IntHigh_2100","PD","HA","IntHigh","2100",60.898626936688
"03100204_68000000_LITTLE_FISHHAWK_CREEK",1900,137347,"LITTLE FISHHAWK CREEK","03100204","68000000","STREAM","tbcmp_PD_HA_IntHigh_2100","PD","HA","IntHigh","2100",135.756731056828
"03100204_68000000_LITTLE_FISHHAWK_CREEK",2100,446340,"LITTLE FISHHAWK CREEK","03100204","68000000","STREAM","tbcmp_PD_HA_IntHigh_2100","PD","HA","IntHigh","2100",441.17206302216
"03100204_68000000_LITTLE_FISHHAWK_CREEK",2400,5511,"LITTLE FISHHAWK CREEK","03100204","68000000","STREAM","tbcmp_PD_HA_IntHigh_2100","PD","HA","IntHigh","2100",5.447191018764
"03100204_68000000_LITTLE_FISHHAWK_CREEK",3200,10486,"LITTLE FISHHAWK CREEK","03100204","68000000","STREAM","tbcmp_PD_HA_IntHigh_2100","PD","HA","IntHigh","2100",10.364588100664
"03100204_68000000_LITTLE_FISHHAWK_CREEK",4100,380604,"LITTLE FISHHAWK CREEK","03100204","68000000","STREAM","tbcmp_PD_HA_IntHigh_2100","PD","HA","IntHigh","2100",376.197185720496
"03100204_68000000_LITTLE_FISHHAWK_CREEK",5200,84112,"LITTLE FISHHAWK CREEK","03100204","68000000","STREAM","tbcmp_PD_HA_IntHigh_2100","PD","HA","IntHigh","2100",83.138111226688
"03100204_68000000_LITTLE_FISHHAWK_CREEK",6110,265928,"LITTLE FISHHAWK CREEK","03100204","68000000","STREAM","tbcmp_PD_HA_IntHigh_2100","PD","HA","IntHigh","2100",262.848959034272
"03100204_68000000_LITTLE_FISHHAWK_CREEK",6410,57222,"LITTLE FISHHAWK CREEK","03100204","68000000","STREAM","tbcmp_PD_HA_IntHigh_2100","PD","HA","IntHigh","2100",56.559456446328
"03100204_70400000_FLAT_CREEK",1200,73104,"FLAT CREEK","03100204","70400000","SLOUGH","tbcmp_PD_HA_IntHigh_2100","PD","HA","IntHigh","2100",72.257567090496
"03100204_70400000_FLAT_CREEK",1900,258616,"FLAT CREEK","03100204","70400000","SLOUGH","tbcmp_PD_HA_IntHigh_2100","PD","HA","IntHigh","2100",255.621620850784
"03100204_70400000_FLAT_CREEK",2100,137048,"FLAT CREEK","03100204","70400000","SLOUGH","tbcmp_PD_HA_IntHigh_2100","PD","HA","IntHigh","2100",135.461193021152
"03100204_70400000_FLAT_CREEK",2200,58809,"FLAT CREEK","03100204","70400000","SLOUGH","tbcmp_PD_HA_IntHigh_2100","PD","HA","IntHigh","2100",58.128081404916
"03100204_70400000_FLAT_CREEK",2400,62736,"FLAT CREEK","03100204","70400000","SLOUGH","tbcmp_PD_HA_IntHigh_2100","PD","HA","IntHigh","2100",62.009612729664
"03100204_70400000_FLAT_CREEK",5200,176939,"FLAT CREEK","03100204","70400000","SLOUGH","tbcmp_PD_HA_IntHigh_2100","PD","HA","IntHigh","2100",174.890316035036
"03100204_70400000_FLAT_CREEK",6110,135935,"FLAT CREEK","03100204","70400000","SLOUGH","tbcmp_PD_HA_IntHigh_2100","PD","HA","IntHigh","2100",134.36107986494
"03100204_70400000_FLAT_CREEK",6410,21060,"FLAT CREEK","03100204","70400000","SLOUGH","tbcmp_PD_HA_IntHigh_2100","PD","HA","IntHigh","2100",20.81615729544
"03100204_70500000_DOE_BRANCH",1100,314505,"DOE BRANCH","03100204","70500000","STREAM","tbcmp_PD_HA_IntHigh_2100","PD","HA","IntHigh","2100",310.86351140562
"03100204_70500000_DOE_BRANCH",1200,390081,"DOE BRANCH","03100204","70500000","STREAM","tbcmp_PD_HA_IntHigh_2100","PD","HA","IntHigh","2100",385.564456503444
"03100204_70500000_DOE_BRANCH",1900,1097696,"DOE BRANCH","03100204","70500000","STREAM","tbcmp_PD_HA_IntHigh_2100","PD","HA","IntHigh","2100",1084.9863532087
"03100204_70500000_DOE_BRANCH",2100,163073,"DOE BRANCH","03100204","70500000","STREAM","tbcmp_PD_HA_IntHigh_2100","PD","HA","IntHigh","2100",161.184863183252
"03100204_70500000_DOE_BRANCH",2400,5870,"DOE BRANCH","03100204","70500000","STREAM","tbcmp_PD_HA_IntHigh_2100","PD","HA","IntHigh","2100",5.80203434588
"03100204_70500000_DOE_BRANCH",3200,982680,"DOE BRANCH","03100204","70500000","STREAM","tbcmp_PD_HA_IntHigh_2100","PD","HA","IntHigh","2100",971.30206320432
"03100204_70500000_DOE_BRANCH",4100,579132,"DOE BRANCH","03100204","70500000","STREAM","tbcmp_PD_HA_IntHigh_2100","PD","HA","IntHigh","2100",572.426534037168
"03100204_70500000_DOE_BRANCH",4400,43013,"DOE BRANCH","03100204","70500000","STREAM","tbcmp_PD_HA_IntHigh_2100","PD","HA","IntHigh","2100",42.514975011812
"03100204_70500000_DOE_BRANCH",5200,821328,"DOE BRANCH","03100204","70500000","STREAM","tbcmp_PD_HA_IntHigh_2100","PD","HA","IntHigh","2100",811.818273463872
"03100204_70500000_DOE_BRANCH",6110,215736,"DOE BRANCH","03100204","70500000","STREAM","tbcmp_PD_HA_IntHigh_2100","PD","HA","IntHigh","2100",213.238105901664
"03100204_70500000_DOE_BRANCH",6410,330478,"DOE BRANCH","03100204","70500000","STREAM","tbcmp_PD_HA_IntHigh_2100","PD","HA","IntHigh","2100",326.651568408472
"03100204_70990000_FISHHAWK_CREEK",1100,179383,"FISHHAWK CREEK","03100204","70990000","STREAM","tbcmp_PD_HA_IntHigh_2100","PD","HA","IntHigh","2100",177.306018239692
"03100204_70990000_FISHHAWK_CREEK",1200,1387404,"FISHHAWK CREEK","03100204","70990000","STREAM","tbcmp_PD_HA_IntHigh_2100","PD","HA","IntHigh","2100",1371.3399760837
"03100204_70990000_FISHHAWK_CREEK",1800,9457,"FISHHAWK CREEK","03100204","70990000","STREAM","tbcmp_PD_HA_IntHigh_2100","PD","HA","IntHigh","2100",9.347502352468
"03100204_70990000_FISHHAWK_CREEK",1900,1040890,"FISHHAWK CREEK","03100204","70990000","STREAM","tbcmp_PD_HA_IntHigh_2100","PD","HA","IntHigh","2100",1028.83808011636
"03100204_70990000_FISHHAWK_CREEK",2100,766612,"FISHHAWK CREEK","03100204","70990000","STREAM","tbcmp_PD_HA_IntHigh_2100","PD","HA","IntHigh","2100",757.735801356688
"03100204_70990000_FISHHAWK_CREEK",2200,1118,"FISHHAWK CREEK","03100204","70990000","STREAM","tbcmp_PD_HA_IntHigh_2100","PD","HA","IntHigh","2100",1.105055263832
"03100204_70990000_FISHHAWK_CREEK",2400,101984,"FISHHAWK CREEK","03100204","70990000","STREAM","tbcmp_PD_HA_IntHigh_2100","PD","HA","IntHigh","2100",100.803180703616
"03100204_70990000_FISHHAWK_CREEK",3200,776981,"FISHHAWK CREEK","03100204","70990000","STREAM","tbcmp_PD_HA_IntHigh_2100","PD","HA","IntHigh","2100",767.984744139044
"03100204_70990000_FISHHAWK_CREEK",4100,1503562,"FISHHAWK CREEK","03100204","70990000","STREAM","tbcmp_PD_HA_IntHigh_2100","PD","HA","IntHigh","2100",1486.15304346849
"03100204_70990000_FISHHAWK_CREEK",4400,81636,"FISHHAWK CREEK","03100204","70990000","STREAM","tbcmp_PD_HA_IntHigh_2100","PD","HA","IntHigh","2100",80.690779533264
"03100204_70990000_FISHHAWK_CREEK",5200,174963,"FISHHAWK CREEK","03100204","70990000","STREAM","tbcmp_PD_HA_IntHigh_2100","PD","HA","IntHigh","2100",172.937195103612
"03100204_70990000_FISHHAWK_CREEK",6110,1122122,"FISHHAWK CREEK","03100204","70990000","STREAM","tbcmp_PD_HA_IntHigh_2100","PD","HA","IntHigh","2100",1109.12953735393
"03100204_70990000_FISHHAWK_CREEK",6410,213290,"FISHHAWK CREEK","03100204","70990000","STREAM","tbcmp_PD_HA_IntHigh_2100","PD","HA","IntHigh","2100",210.82042685396
"03100204_70990000_FISHHAWK_CREEK",6420,92,"FISHHAWK CREEK","03100204","70990000","STREAM","tbcmp_PD_HA_IntHigh_2100","PD","HA","IntHigh","2100",0.090934780208
"03100204_70990000_FISHHAWK_CREEK",6425,79,"FISHHAWK CREEK","03100204","70990000","STREAM","tbcmp_PD_HA_IntHigh_2100","PD","HA","IntHigh","2100",0.078085300396
"03100204_70990000_FISHHAWK_CREEK",6510,8,"FISHHAWK CREEK","03100204","70990000","STREAM","tbcmp_PD_HA_IntHigh_2100","PD","HA","IntHigh","2100",0.007907372192
"03100204_70990000_FISHHAWK_CREEK",6600,262,"FISHHAWK CREEK","03100204","70990000","STREAM","tbcmp_PD_HA_IntHigh_2100","PD","HA","IntHigh","2100",0.258966439288
"03100204_80000000_BELL_CREEK_RESERVOIR",1100,621573,"BELL CREEK RESERVOIR","03100204","80000000","RESERV","tbcmp_PD_HA_IntHigh_2100","PD","HA","IntHigh","2100",614.376131937252
"03100204_80000000_BELL_CREEK_RESERVOIR",1200,1244778,"BELL CREEK RESERVOIR","03100204","80000000","RESERV","tbcmp_PD_HA_IntHigh_2100","PD","HA","IntHigh","2100",1230.36536780167
"03100204_80000000_BELL_CREEK_RESERVOIR",1800,50659,"BELL CREEK RESERVOIR","03100204","80000000","RESERV","tbcmp_PD_HA_IntHigh_2100","PD","HA","IntHigh","2100",50.072445984316
"03100204_80000000_BELL_CREEK_RESERVOIR",1900,812359,"BELL CREEK RESERVOIR","03100204","80000000","RESERV","tbcmp_PD_HA_IntHigh_2100","PD","HA","IntHigh","2100",802.953120815116
"03100204_80000000_BELL_CREEK_RESERVOIR",2100,905202,"BELL CREEK RESERVOIR","03100204","80000000","RESERV","tbcmp_PD_HA_IntHigh_2100","PD","HA","IntHigh","2100",894.721140367848
"03100204_80000000_BELL_CREEK_RESERVOIR",3200,846229,"BELL CREEK RESERVOIR","03100204","80000000","RESERV","tbcmp_PD_HA_IntHigh_2100","PD","HA","IntHigh","2100",836.430957832996
"03100204_80000000_BELL_CREEK_RESERVOIR",4100,1108672,"BELL CREEK RESERVOIR","03100204","80000000","RESERV","tbcmp_PD_HA_IntHigh_2100","PD","HA","IntHigh","2100",1095.83526785613
"03100204_80000000_BELL_CREEK_RESERVOIR",4400,141487,"BELL CREEK RESERVOIR","03100204","80000000","RESERV","tbcmp_PD_HA_IntHigh_2100","PD","HA","IntHigh","2100",139.848796166188
"03100204_80000000_BELL_CREEK_RESERVOIR",5200,303543,"BELL CREEK RESERVOIR","03100204","80000000","RESERV","tbcmp_PD_HA_IntHigh_2100","PD","HA","IntHigh","2100",300.028434659532
"03100204_80000000_BELL_CREEK_RESERVOIR",6110,998494,"BELL CREEK RESERVOIR","03100204","80000000","RESERV","tbcmp_PD_HA_IntHigh_2100","PD","HA","IntHigh","2100",986.932961184856
"03100204_80000000_BELL_CREEK_RESERVOIR",6410,238060,"BELL CREEK RESERVOIR","03100204","80000000","RESERV","tbcmp_PD_HA_IntHigh_2100","PD","HA","IntHigh","2100",235.30362800344
"03100204_80500000_BOGGY_CREEK",1100,211478,"BOGGY CREEK","03100204","80500000","STREAM","tbcmp_PD_HA_IntHigh_2100","PD","HA","IntHigh","2100",209.029407052472
"03100204_80500000_BOGGY_CREEK",1200,516560,"BOGGY CREEK","03100204","80500000","STREAM","tbcmp_PD_HA_IntHigh_2100","PD","HA","IntHigh","2100",510.57902243744
"03100204_80500000_BOGGY_CREEK",1800,11883,"BOGGY CREEK","03100204","80500000","STREAM","tbcmp_PD_HA_IntHigh_2100","PD","HA","IntHigh","2100",11.745412969692
"03100204_80500000_BOGGY_CREEK",1900,180304,"BOGGY CREEK","03100204","80500000","STREAM","tbcmp_PD_HA_IntHigh_2100","PD","HA","IntHigh","2100",178.216354463296
"03100204_80500000_BOGGY_CREEK",2100,442436,"BOGGY CREEK","03100204","80500000","STREAM","tbcmp_PD_HA_IntHigh_2100","PD","HA","IntHigh","2100",437.313265392464
"03100204_80500000_BOGGY_CREEK",2400,5937,"BOGGY CREEK","03100204","80500000","STREAM","tbcmp_PD_HA_IntHigh_2100","PD","HA","IntHigh","2100",5.868258587988
"03100204_80500000_BOGGY_CREEK",3200,343610,"BOGGY CREEK","03100204","80500000","STREAM","tbcmp_PD_HA_IntHigh_2100","PD","HA","IntHigh","2100",339.63151986164
"03100204_80500000_BOGGY_CREEK",4100,363089,"BOGGY CREEK","03100204","80500000","STREAM","tbcmp_PD_HA_IntHigh_2100","PD","HA","IntHigh","2100",358.884982727636
"03100204_80500000_BOGGY_CREEK",5200,148568,"BOGGY CREEK","03100204","80500000","STREAM","tbcmp_PD_HA_IntHigh_2100","PD","HA","IntHigh","2100",146.847808977632
"03100204_80500000_BOGGY_CREEK",6110,380600,"BOGGY CREEK","03100204","80500000","STREAM","tbcmp_PD_HA_IntHigh_2100","PD","HA","IntHigh","2100",376.1932320344
"03100204_80500000_BOGGY_CREEK",6410,66822,"BOGGY CREEK","03100204","80500000","STREAM","tbcmp_PD_HA_IntHigh_2100","PD","HA","IntHigh","2100",66.048303076728
"03100204_80800000_PELLEHAM_BRANCH",1100,32782,"PELLEHAM BRANCH","03100204","80800000","STREAM","tbcmp_PD_HA_IntHigh_2100","PD","HA","IntHigh","2100",32.402434399768
"03100204_80800000_PELLEHAM_BRANCH",1200,1409413,"PELLEHAM BRANCH","03100204","80800000","STREAM","tbcmp_PD_HA_IntHigh_2100","PD","HA","IntHigh","2100",1393.09414540541
"03100204_80800000_PELLEHAM_BRANCH",1800,19701,"PELLEHAM BRANCH","03100204","80800000","STREAM","tbcmp_PD_HA_IntHigh_2100","PD","HA","IntHigh","2100",19.472892444324
"03100204_80800000_PELLEHAM_BRANCH",1900,83382,"PELLEHAM BRANCH","03100204","80800000","STREAM","tbcmp_PD_HA_IntHigh_2100","PD","HA","IntHigh","2100",82.416563514168
"03100204_80800000_PELLEHAM_BRANCH",2100,16898,"PELLEHAM BRANCH","03100204","80800000","STREAM","tbcmp_PD_HA_IntHigh_2100","PD","HA","IntHigh","2100",16.702346912552
"03100204_80800000_PELLEHAM_BRANCH",3200,40055,"PELLEHAM BRANCH","03100204","80800000","STREAM","tbcmp_PD_HA_IntHigh_2100","PD","HA","IntHigh","2100",39.59122414382
"03100204_80800000_PELLEHAM_BRANCH",4100,183698,"PELLEHAM BRANCH","03100204","80800000","STREAM","tbcmp_PD_HA_IntHigh_2100","PD","HA","IntHigh","2100",181.571057115752
"03100204_80800000_PELLEHAM_BRANCH",5200,59154,"PELLEHAM BRANCH","03100204","80800000","STREAM","tbcmp_PD_HA_IntHigh_2100","PD","HA","IntHigh","2100",58.469086830696
"03100204_80800000_PELLEHAM_BRANCH",6110,165494,"PELLEHAM BRANCH","03100204","80800000","STREAM","tbcmp_PD_HA_IntHigh_2100","PD","HA","IntHigh","2100",163.577831692856
"03100204_80800000_PELLEHAM_BRANCH",6410,95359,"PELLEHAM BRANCH","03100204","80800000","STREAM","tbcmp_PD_HA_IntHigh_2100","PD","HA","IntHigh","2100",94.254888107116
"03100204_80990000_BELL_CREEK",1100,115411,"BELL CREEK","03100204","80990000","STREAM","tbcmp_PD_HA_IntHigh_2100","PD","HA","IntHigh","2100",114.074716506364
"03100204_80990000_BELL_CREEK",1200,867414,"BELL CREEK","03100204","80990000","STREAM","tbcmp_PD_HA_IntHigh_2100","PD","HA","IntHigh","2100",857.370667818936
"03100204_80990000_BELL_CREEK",1800,17393,"BELL CREEK","03100204","80990000","STREAM","tbcmp_PD_HA_IntHigh_2100","PD","HA","IntHigh","2100",17.191615566932
"03100204_80990000_BELL_CREEK",1900,24809,"BELL CREEK","03100204","80990000","STREAM","tbcmp_PD_HA_IntHigh_2100","PD","HA","IntHigh","2100",24.521749588916
"03100204_80990000_BELL_CREEK",2100,101478,"BELL CREEK","03100204","80990000","STREAM","tbcmp_PD_HA_IntHigh_2100","PD","HA","IntHigh","2100",100.303039412472
"03100204_80990000_BELL_CREEK",2400,5569,"BELL CREEK","03100204","80990000","STREAM","tbcmp_PD_HA_IntHigh_2100","PD","HA","IntHigh","2100",5.504519467156
"03100204_80990000_BELL_CREEK",4100,131758,"BELL CREEK","03100204","80990000","STREAM","tbcmp_PD_HA_IntHigh_2100","PD","HA","IntHigh","2100",130.232443159192
"03100204_80990000_BELL_CREEK",5200,46259,"BELL CREEK","03100204","80990000","STREAM","tbcmp_PD_HA_IntHigh_2100","PD","HA","IntHigh","2100",45.723391278716
"03100204_80990000_BELL_CREEK",6110,247290,"BELL CREEK","03100204","80990000","STREAM","tbcmp_PD_HA_IntHigh_2100","PD","HA","IntHigh","2100",244.42675866996
"03100204_80990000_BELL_CREEK",6410,42498,"BELL CREEK","03100204","80990000","STREAM","tbcmp_PD_HA_IntHigh_2100","PD","HA","IntHigh","2100",42.005937926952
"03100204_80990000_BELL_CREEK",6420,442,"BELL CREEK","03100204","80990000","STREAM","tbcmp_PD_HA_IntHigh_2100","PD","HA","IntHigh","2100",0.436882313608
"03100204_80990000_BELL_CREEK",6425,1302,"BELL CREEK","03100204","80990000","STREAM","tbcmp_PD_HA_IntHigh_2100","PD","HA","IntHigh","2100",1.286924824248
"03100204_80990000_BELL_CREEK",6510,567,"BELL CREEK","03100204","80990000","STREAM","tbcmp_PD_HA_IntHigh_2100","PD","HA","IntHigh","2100",0.560435004108
"03100204_80990000_BELL_CREEK",6600,1669,"BELL CREEK","03100204","80990000","STREAM","tbcmp_PD_HA_IntHigh_2100","PD","HA","IntHigh","2100",1.649675523556
"03100204_80990000_BELL_CREEK",9113,2042,"BELL CREEK","03100204","80990000","STREAM","tbcmp_PD_HA_IntHigh_2100","PD","HA","IntHigh","2100",2.018356752008
"03100204_88000000_BUCKHORN_CREEK",1100,529163,"BUCKHORN CREEK","03100204","88000000","STREAM","tbcmp_PD_HA_IntHigh_2100","PD","HA","IntHigh","2100",523.036098904412
"03100204_88000000_BUCKHORN_CREEK",1200,3235407,"BUCKHORN CREEK","03100204","88000000","STREAM","tbcmp_PD_HA_IntHigh_2100","PD","HA","IntHigh","2100",3197.94591770027
"03100204_88000000_BUCKHORN_CREEK",1800,73092,"BUCKHORN CREEK","03100204","88000000","STREAM","tbcmp_PD_HA_IntHigh_2100","PD","HA","IntHigh","2100",72.245706032208
"03100204_88000000_BUCKHORN_CREEK",1820,153919,"BUCKHORN CREEK","03100204","88000000","STREAM","tbcmp_PD_HA_IntHigh_2100","PD","HA","IntHigh","2100",152.136852552556
"03100204_88000000_BUCKHORN_CREEK",1900,119543,"BUCKHORN CREEK","03100204","88000000","STREAM","tbcmp_PD_HA_IntHigh_2100","PD","HA","IntHigh","2100",118.158874243532
"03100204_88000000_BUCKHORN_CREEK",2100,42591,"BUCKHORN CREEK","03100204","88000000","STREAM","tbcmp_PD_HA_IntHigh_2100","PD","HA","IntHigh","2100",42.097861128684
"03100204_88000000_BUCKHORN_CREEK",2200,2498,"BUCKHORN CREEK","03100204","88000000","STREAM","tbcmp_PD_HA_IntHigh_2100","PD","HA","IntHigh","2100",2.469076966952
"03100204_88000000_BUCKHORN_CREEK",2400,15926,"BUCKHORN CREEK","03100204","88000000","STREAM","tbcmp_PD_HA_IntHigh_2100","PD","HA","IntHigh","2100",15.741601191224
"03100204_88000000_BUCKHORN_CREEK",4100,109129,"BUCKHORN CREEK","03100204","88000000","STREAM","tbcmp_PD_HA_IntHigh_2100","PD","HA","IntHigh","2100",107.865452492596
"03100204_88000000_BUCKHORN_CREEK",5200,174230,"BUCKHORN CREEK","03100204","88000000","STREAM","tbcmp_PD_HA_IntHigh_2100","PD","HA","IntHigh","2100",172.21268212652
"03100204_88000000_BUCKHORN_CREEK",6110,232829,"BUCKHORN CREEK","03100204","88000000","STREAM","tbcmp_PD_HA_IntHigh_2100","PD","HA","IntHigh","2100",230.133195011396
"03100204_88000000_BUCKHORN_CREEK",6120,23,"BUCKHORN CREEK","03100204","88000000","STREAM","tbcmp_PD_HA_IntHigh_2100","PD","HA","IntHigh","2100",0.022733695052
"03100204_88000000_BUCKHORN_CREEK",6410,145158,"BUCKHORN CREEK","03100204","88000000","STREAM","tbcmp_PD_HA_IntHigh_2100","PD","HA","IntHigh","2100",143.477291580792
"03100204_88000000_BUCKHORN_CREEK",6420,3883,"BUCKHORN CREEK","03100204","88000000","STREAM","tbcmp_PD_HA_IntHigh_2100","PD","HA","IntHigh","2100",3.838040777692
"03100204_88000000_BUCKHORN_CREEK",6425,11490,"BUCKHORN CREEK","03100204","88000000","STREAM","tbcmp_PD_HA_IntHigh_2100","PD","HA","IntHigh","2100",11.35696331076
"03100204_88000000_BUCKHORN_CREEK",6510,6451,"BUCKHORN CREEK","03100204","88000000","STREAM","tbcmp_PD_HA_IntHigh_2100","PD","HA","IntHigh","2100",6.376307251324
"03100204_88000000_BUCKHORN_CREEK",6600,10826,"BUCKHORN CREEK","03100204","88000000","STREAM","tbcmp_PD_HA_IntHigh_2100","PD","HA","IntHigh","2100",10.700651418824
"03100204_88000000_BUCKHORN_CREEK",9113,18264,"BUCKHORN CREEK","03100204","88000000","STREAM","tbcmp_PD_HA_IntHigh_2100","PD","HA","IntHigh","2100",18.052530714336
"03100204_90000000_RICE_CREEK",1100,125125,"RICE CREEK","03100204","90000000","STREAM","tbcmp_PD_HA_IntHigh_2100","PD","HA","IntHigh","2100",123.6762431905
"03100204_90000000_RICE_CREEK",1200,2090659,"RICE CREEK","03100204","90000000","STREAM","tbcmp_PD_HA_IntHigh_2100","PD","HA","IntHigh","2100",2066.45235494432
"03100204_90000000_RICE_CREEK",1800,4044,"RICE CREEK","03100204","90000000","STREAM","tbcmp_PD_HA_IntHigh_2100","PD","HA","IntHigh","2100",3.997176643056
"03100204_90000000_RICE_CREEK",1900,139553,"RICE CREEK","03100204","90000000","STREAM","tbcmp_PD_HA_IntHigh_2100","PD","HA","IntHigh","2100",137.937188938772
"03100204_90000000_RICE_CREEK",2100,26998,"RICE CREEK","03100204","90000000","STREAM","tbcmp_PD_HA_IntHigh_2100","PD","HA","IntHigh","2100",26.685404304952
"03100204_90000000_RICE_CREEK",3200,15559,"RICE CREEK","03100204","90000000","STREAM","tbcmp_PD_HA_IntHigh_2100","PD","HA","IntHigh","2100",15.378850491916
"03100204_90000000_RICE_CREEK",4100,184930,"RICE CREEK","03100204","90000000","STREAM","tbcmp_PD_HA_IntHigh_2100","PD","HA","IntHigh","2100",182.78879243332
"03100204_90000000_RICE_CREEK",4400,688,"RICE CREEK","03100204","90000000","STREAM","tbcmp_PD_HA_IntHigh_2100","PD","HA","IntHigh","2100",0.680034008512
"03100204_90000000_RICE_CREEK",5200,288224,"RICE CREEK","03100204","90000000","STREAM","tbcmp_PD_HA_IntHigh_2100","PD","HA","IntHigh","2100",284.886805333376
"03100204_90000000_RICE_CREEK",6110,231174,"RICE CREEK","03100204","90000000","STREAM","tbcmp_PD_HA_IntHigh_2100","PD","HA","IntHigh","2100",228.497357389176
"03100204_90000000_RICE_CREEK",6120,291,"RICE CREEK","03100204","90000000","STREAM","tbcmp_PD_HA_IntHigh_2100","PD","HA","IntHigh","2100",0.287630663484
"03100204_90000000_RICE_CREEK",6410,178960,"RICE CREEK","03100204","90000000","STREAM","tbcmp_PD_HA_IntHigh_2100","PD","HA","IntHigh","2100",176.88791593504
"03100204_90000000_RICE_CREEK",6420,188,"RICE CREEK","03100204","90000000","STREAM","tbcmp_PD_HA_IntHigh_2100","PD","HA","IntHigh","2100",0.185823246512
"03100204_90000000_RICE_CREEK",6425,329,"RICE CREEK","03100204","90000000","STREAM","tbcmp_PD_HA_IntHigh_2100","PD","HA","IntHigh","2100",0.325190681396
"03100204_90000000_RICE_CREEK",6510,135,"RICE CREEK","03100204","90000000","STREAM","tbcmp_PD_HA_IntHigh_2100","PD","HA","IntHigh","2100",0.13343690574
"03100204_90000000_RICE_CREEK",6600,684,"RICE CREEK","03100204","90000000","STREAM","tbcmp_PD_HA_IntHigh_2100","PD","HA","IntHigh","2100",0.676080322416
"03100204_90000000_RICE_CREEK",9113,1363,"RICE CREEK","03100204","90000000","STREAM","tbcmp_PD_HA_IntHigh_2100","PD","HA","IntHigh","2100",1.347218537212
"03100204_99000000_NORTH_PRONG_ALAFIA_RIVE",1100,6107965,"NORTH PRONG ALAFIA RIVE","03100204","99000000","STREAM","tbcmp_PD_HA_IntHigh_2100","PD","HA","IntHigh","2100",6037.24407383866
"03100204_99000000_NORTH_PRONG_ALAFIA_RIVE",1200,12346388,"NORTH PRONG ALAFIA RIVE","03100204","99000000","STREAM","tbcmp_PD_HA_IntHigh_2100","PD","HA","IntHigh","2100",12203.4356428553
"03100204_99000000_NORTH_PRONG_ALAFIA_RIVE",1800,233430,"NORTH PRONG ALAFIA RIVE","03100204","99000000","STREAM","tbcmp_PD_HA_IntHigh_2100","PD","HA","IntHigh","2100",230.72723634732
"03100204_99000000_NORTH_PRONG_ALAFIA_RIVE",1820,274335,"NORTH PRONG ALAFIA RIVE","03100204","99000000","STREAM","tbcmp_PD_HA_IntHigh_2100","PD","HA","IntHigh","2100",271.15861878654
"03100204_99000000_NORTH_PRONG_ALAFIA_RIVE",1900,7564955,"NORTH PRONG ALAFIA RIVE","03100204","99000000","STREAM","tbcmp_PD_HA_IntHigh_2100","PD","HA","IntHigh","2100",7477.36435009142
"03100204_99000000_NORTH_PRONG_ALAFIA_RIVE",2100,4206638,"NORTH PRONG ALAFIA RIVE","03100204","99000000","STREAM","tbcmp_PD_HA_IntHigh_2100","PD","HA","IntHigh","2100",4157.93154287631
"03100204_99000000_NORTH_PRONG_ALAFIA_RIVE",2200,47430,"NORTH PRONG ALAFIA RIVE","03100204","99000000","STREAM","tbcmp_PD_HA_IntHigh_2100","PD","HA","IntHigh","2100",46.88083288332
"03100204_99000000_NORTH_PRONG_ALAFIA_RIVE",2400,39321,"NORTH PRONG ALAFIA RIVE","03100204","99000000","STREAM","tbcmp_PD_HA_IntHigh_2100","PD","HA","IntHigh","2100",38.865722745204
"03100204_99000000_NORTH_PRONG_ALAFIA_RIVE",3200,567448,"NORTH PRONG ALAFIA RIVE","03100204","99000000","STREAM","tbcmp_PD_HA_IntHigh_2100","PD","HA","IntHigh","2100",560.877816950752
"03100204_99000000_NORTH_PRONG_ALAFIA_RIVE",4100,3797234,"NORTH PRONG ALAFIA RIVE","03100204","99000000","STREAM","tbcmp_PD_HA_IntHigh_2100","PD","HA","IntHigh","2100",3753.26781726462
"03100204_99000000_NORTH_PRONG_ALAFIA_RIVE",4400,1013997,"NORTH PRONG ALAFIA RIVE","03100204","99000000","STREAM","tbcmp_PD_HA_IntHigh_2100","PD","HA","IntHigh","2100",1002.25646007143
"03100204_99000000_NORTH_PRONG_ALAFIA_RIVE",5200,992036,"NORTH PRONG ALAFIA RIVE","03100204","99000000","STREAM","tbcmp_PD_HA_IntHigh_2100","PD","HA","IntHigh","2100",980.549734982864
"03100204_99000000_NORTH_PRONG_ALAFIA_RIVE",5400,684672,"NORTH PRONG ALAFIA RIVE","03100204","99000000","STREAM","tbcmp_PD_HA_IntHigh_2100","PD","HA","IntHigh","2100",676.744541680128
"03100204_99000000_NORTH_PRONG_ALAFIA_RIVE",6110,7926327,"NORTH PRONG ALAFIA RIVE","03100204","99000000","STREAM","tbcmp_PD_HA_IntHigh_2100","PD","HA","IntHigh","2100",7834.55221306235
"03100204_99000000_NORTH_PRONG_ALAFIA_RIVE",6120,3400,"NORTH PRONG ALAFIA RIVE","03100204","99000000","STREAM","tbcmp_PD_HA_IntHigh_2100","PD","HA","IntHigh","2100",3.3606331816
"03100204_99000000_NORTH_PRONG_ALAFIA_RIVE",6410,1616729,"NORTH PRONG ALAFIA RIVE","03100204","99000000","STREAM","tbcmp_PD_HA_IntHigh_2100","PD","HA","IntHigh","2100",1598.009742075
"03100204_99000000_NORTH_PRONG_ALAFIA_RIVE",6420,15546,"NORTH PRONG ALAFIA RIVE","03100204","99000000","STREAM","tbcmp_PD_HA_IntHigh_2100","PD","HA","IntHigh","2100",15.366001012104
"03100204_99000000_NORTH_PRONG_ALAFIA_RIVE",6425,31536,"NORTH PRONG ALAFIA RIVE","03100204","99000000","STREAM","tbcmp_PD_HA_IntHigh_2100","PD","HA","IntHigh","2100",31.170861180864
"03100204_99000000_NORTH_PRONG_ALAFIA_RIVE",6510,17334,"NORTH PRONG ALAFIA RIVE","03100204","99000000","STREAM","tbcmp_PD_HA_IntHigh_2100","PD","HA","IntHigh","2100",17.133298697016
"03100204_99000000_NORTH_PRONG_ALAFIA_RIVE",6600,39388,"NORTH PRONG ALAFIA RIVE","03100204","99000000","STREAM","tbcmp_PD_HA_IntHigh_2100","PD","HA","IntHigh","2100",38.931946987312
"03100204_99000000_NORTH_PRONG_ALAFIA_RIVE",9113,203776,"NORTH PRONG ALAFIA RIVE","03100204","99000000","STREAM","tbcmp_PD_HA_IntHigh_2100","PD","HA","IntHigh","2100",201.416584474624
"03100204_NA_UNNAMED_BRANCH",1100,49881,"UNNAMED BRANCH","03100204",NA,"STREAM","tbcmp_PD_HA_IntHigh_2100","PD","HA","IntHigh","2100",49.303454038644
"03100204_NA_UNNAMED_BRANCH",1200,1568698,"UNNAMED BRANCH","03100204",NA,"STREAM","tbcmp_PD_HA_IntHigh_2100","PD","HA","IntHigh","2100",1550.53486785575
"03100204_NA_UNNAMED_BRANCH",1900,376129,"UNNAMED BRANCH","03100204",NA,"STREAM","tbcmp_PD_HA_IntHigh_2100","PD","HA","IntHigh","2100",371.773999400596
"03100204_NA_UNNAMED_BRANCH",2100,247357,"UNNAMED BRANCH","03100204",NA,"STREAM","tbcmp_PD_HA_IntHigh_2100","PD","HA","IntHigh","2100",244.492982912068
"03100204_NA_UNNAMED_BRANCH",4100,78684,"UNNAMED BRANCH","03100204",NA,"STREAM","tbcmp_PD_HA_IntHigh_2100","PD","HA","IntHigh","2100",77.772959194416
"03100204_NA_UNNAMED_BRANCH",4400,8395,"UNNAMED BRANCH","03100204",NA,"STREAM","tbcmp_PD_HA_IntHigh_2100","PD","HA","IntHigh","2100",8.29779869398
"03100204_NA_UNNAMED_BRANCH",5200,59912,"UNNAMED BRANCH","03100204",NA,"STREAM","tbcmp_PD_HA_IntHigh_2100","PD","HA","IntHigh","2100",59.218310345888
"03100204_NA_UNNAMED_BRANCH",6110,172552,"UNNAMED BRANCH","03100204",NA,"STREAM","tbcmp_PD_HA_IntHigh_2100","PD","HA","IntHigh","2100",170.554110809248
"03100204_NA_UNNAMED_BRANCH",6410,85286,"UNNAMED BRANCH","03100204",NA,"STREAM","tbcmp_PD_HA_IntHigh_2100","PD","HA","IntHigh","2100",84.298518095864
"03100205_01000000_PORT_LONESOME_DITCHES",1100,570907,"PORT LONESOME DITCHES","03100205","01000000","DITCH","tbcmp_PD_HA_IntHigh_2100","PD","HA","IntHigh","2100",564.296767002268
"03100205_01000000_PORT_LONESOME_DITCHES",1200,121996,"PORT LONESOME DITCHES","03100205","01000000","DITCH","tbcmp_PD_HA_IntHigh_2100","PD","HA","IntHigh","2100",120.583472241904
"03100205_01000000_PORT_LONESOME_DITCHES",1900,408319,"PORT LONESOME DITCHES","03100205","01000000","DITCH","tbcmp_PD_HA_IntHigh_2100","PD","HA","IntHigh","2100",403.591288258156
"03100205_01000000_PORT_LONESOME_DITCHES",2100,1660335,"PORT LONESOME DITCHES","03100205","01000000","DITCH","tbcmp_PD_HA_IntHigh_2100","PD","HA","IntHigh","2100",1641.11085105054
"03100205_01000000_PORT_LONESOME_DITCHES",2200,1769,"PORT LONESOME DITCHES","03100205","01000000","DITCH","tbcmp_PD_HA_IntHigh_2100","PD","HA","IntHigh","2100",1.748517675956
"03100205_01000000_PORT_LONESOME_DITCHES",2400,5778,"PORT LONESOME DITCHES","03100205","01000000","DITCH","tbcmp_PD_HA_IntHigh_2100","PD","HA","IntHigh","2100",5.711099565672
"03100205_01000000_PORT_LONESOME_DITCHES",3200,760828,"PORT LONESOME DITCHES","03100205","01000000","DITCH","tbcmp_PD_HA_IntHigh_2100","PD","HA","IntHigh","2100",752.018771261872
"03100205_01000000_PORT_LONESOME_DITCHES",4100,978695,"PORT LONESOME DITCHES","03100205","01000000","DITCH","tbcmp_PD_HA_IntHigh_2100","PD","HA","IntHigh","2100",967.36320343118
"03100205_01000000_PORT_LONESOME_DITCHES",4400,88556,"PORT LONESOME DITCHES","03100205","01000000","DITCH","tbcmp_PD_HA_IntHigh_2100","PD","HA","IntHigh","2100",87.530656479344
"03100205_01000000_PORT_LONESOME_DITCHES",5200,24054,"PORT LONESOME DITCHES","03100205","01000000","DITCH","tbcmp_PD_HA_IntHigh_2100","PD","HA","IntHigh","2100",23.775491338296
"03100205_01000000_PORT_LONESOME_DITCHES",6110,2077541,"PORT LONESOME DITCHES","03100205","01000000","DITCH","tbcmp_PD_HA_IntHigh_2100","PD","HA","IntHigh","2100",2053.48624139248
"03100205_01000000_PORT_LONESOME_DITCHES",6410,279439,"PORT LONESOME DITCHES","03100205","01000000","DITCH","tbcmp_PD_HA_IntHigh_2100","PD","HA","IntHigh","2100",276.203522245036
"03100205_07000000_DITCH",1100,88157,"DITCH","03100205","07000000","DITCH","tbcmp_PD_HA_IntHigh_2100","PD","HA","IntHigh","2100",87.136276291268
"03100205_07000000_DITCH",1900,32868,"DITCH","03100205","07000000","DITCH","tbcmp_PD_HA_IntHigh_2100","PD","HA","IntHigh","2100",32.487438650832
"03100205_07000000_DITCH",2100,183344,"DITCH","03100205","07000000","DITCH","tbcmp_PD_HA_IntHigh_2100","PD","HA","IntHigh","2100",181.221155896256
"03100205_07000000_DITCH",3200,261720,"DITCH","03100205","07000000","DITCH","tbcmp_PD_HA_IntHigh_2100","PD","HA","IntHigh","2100",258.68968126128
"03100205_07000000_DITCH",4100,204772,"DITCH","03100205","07000000","DITCH","tbcmp_PD_HA_IntHigh_2100","PD","HA","IntHigh","2100",202.401052312528
"03100205_07000000_DITCH",5200,1311,"DITCH","03100205","07000000","DITCH","tbcmp_PD_HA_IntHigh_2100","PD","HA","IntHigh","2100",1.295820617964
"03100205_07000000_DITCH",6110,184124,"DITCH","03100205","07000000","DITCH","tbcmp_PD_HA_IntHigh_2100","PD","HA","IntHigh","2100",181.992124684976
"03100205_07000000_DITCH",6410,46496,"DITCH","03100205","07000000","DITCH","tbcmp_PD_HA_IntHigh_2100","PD","HA","IntHigh","2100",45.957647179904
"03100205_10000000_FISH_HATCHERY_DRAIN",1100,88506,"FISH HATCHERY DRAIN","03100205","10000000","DRAIN","tbcmp_PD_HA_IntHigh_2100","PD","HA","IntHigh","2100",87.481235403144
"03100205_10000000_FISH_HATCHERY_DRAIN",1200,298581,"FISH HATCHERY DRAIN","03100205","10000000","DRAIN","tbcmp_PD_HA_IntHigh_2100","PD","HA","IntHigh","2100",295.123887057444
"03100205_10000000_FISH_HATCHERY_DRAIN",1900,31967,"FISH HATCHERY DRAIN","03100205","10000000","DRAIN","tbcmp_PD_HA_IntHigh_2100","PD","HA","IntHigh","2100",31.596870857708
"03100205_10000000_FISH_HATCHERY_DRAIN",2100,664480,"FISH HATCHERY DRAIN","03100205","10000000","DRAIN","tbcmp_PD_HA_IntHigh_2100","PD","HA","IntHigh","2100",656.78633426752
"03100205_10000000_FISH_HATCHERY_DRAIN",3200,1298265,"FISH HATCHERY DRAIN","03100205","10000000","DRAIN","tbcmp_PD_HA_IntHigh_2100","PD","HA","IntHigh","2100",1283.23306985586
"03100205_10000000_FISH_HATCHERY_DRAIN",4100,736415,"FISH HATCHERY DRAIN","03100205","10000000","DRAIN","tbcmp_PD_HA_IntHigh_2100","PD","HA","IntHigh","2100",727.88843659646
"03100205_10000000_FISH_HATCHERY_DRAIN",4400,77519,"FISH HATCHERY DRAIN","03100205","10000000","DRAIN","tbcmp_PD_HA_IntHigh_2100","PD","HA","IntHigh","2100",76.621448118956
"03100205_10000000_FISH_HATCHERY_DRAIN",5200,13932,"FISH HATCHERY DRAIN","03100205","10000000","DRAIN","tbcmp_PD_HA_IntHigh_2100","PD","HA","IntHigh","2100",13.770688672368
"03100205_10000000_FISH_HATCHERY_DRAIN",6110,1646219,"FISH HATCHERY DRAIN","03100205","10000000","DRAIN","tbcmp_PD_HA_IntHigh_2100","PD","HA","IntHigh","2100",1627.15829281776
"03100205_10000000_FISH_HATCHERY_DRAIN",6410,135363,"FISH HATCHERY DRAIN","03100205","10000000","DRAIN","tbcmp_PD_HA_IntHigh_2100","PD","HA","IntHigh","2100",133.795702753212
"03100205_24000000_INTERMITTENT_STREAM",1100,218707,"INTERMITTENT STREAM","03100205","24000000","STREAM","tbcmp_PD_HA_IntHigh_2100","PD","HA","IntHigh","2100",216.174706249468
"03100205_24000000_INTERMITTENT_STREAM",1200,20896,"INTERMITTENT STREAM","03100205","24000000","STREAM","tbcmp_PD_HA_IntHigh_2100","PD","HA","IntHigh","2100",20.654056165504
"03100205_24000000_INTERMITTENT_STREAM",1900,3465,"INTERMITTENT STREAM","03100205","24000000","STREAM","tbcmp_PD_HA_IntHigh_2100","PD","HA","IntHigh","2100",3.42488058066
"03100205_24000000_INTERMITTENT_STREAM",2100,1124346,"INTERMITTENT STREAM","03100205","24000000","STREAM","tbcmp_PD_HA_IntHigh_2100","PD","HA","IntHigh","2100",1111.3277868233
"03100205_24000000_INTERMITTENT_STREAM",3200,510488,"INTERMITTENT STREAM","03100205","24000000","STREAM","tbcmp_PD_HA_IntHigh_2100","PD","HA","IntHigh","2100",504.577326943712
"03100205_24000000_INTERMITTENT_STREAM",4100,280621,"INTERMITTENT STREAM","03100205","24000000","STREAM","tbcmp_PD_HA_IntHigh_2100","PD","HA","IntHigh","2100",277.371836486404
"03100205_24000000_INTERMITTENT_STREAM",5200,1762,"INTERMITTENT STREAM","03100205","24000000","STREAM","tbcmp_PD_HA_IntHigh_2100","PD","HA","IntHigh","2100",1.741598725288
"03100205_24000000_INTERMITTENT_STREAM",6110,633312,"INTERMITTENT STREAM","03100205","24000000","STREAM","tbcmp_PD_HA_IntHigh_2100","PD","HA","IntHigh","2100",625.979212207488
"03100205_24000000_INTERMITTENT_STREAM",6410,210815,"INTERMITTENT STREAM","03100205","24000000","STREAM","tbcmp_PD_HA_IntHigh_2100","PD","HA","IntHigh","2100",208.37408358206
"03100205_26000000_HAWK_LAKE_DRAIN",1100,260128,"HAWK LAKE DRAIN","03100205","26000000","DRAIN","tbcmp_PD_HA_IntHigh_2100","PD","HA","IntHigh","2100",257.116114195072
"03100205_26000000_HAWK_LAKE_DRAIN",1200,90911,"HAWK LAKE DRAIN","03100205","26000000","DRAIN","tbcmp_PD_HA_IntHigh_2100","PD","HA","IntHigh","2100",89.858389168364
"03100205_26000000_HAWK_LAKE_DRAIN",1900,12908,"HAWK LAKE DRAIN","03100205","26000000","DRAIN","tbcmp_PD_HA_IntHigh_2100","PD","HA","IntHigh","2100",12.758545031792
"03100205_26000000_HAWK_LAKE_DRAIN",2100,369411,"HAWK LAKE DRAIN","03100205","26000000","DRAIN","tbcmp_PD_HA_IntHigh_2100","PD","HA","IntHigh","2100",365.133783602364
"03100205_26000000_HAWK_LAKE_DRAIN",3200,66294,"HAWK LAKE DRAIN","03100205","26000000","DRAIN","tbcmp_PD_HA_IntHigh_2100","PD","HA","IntHigh","2100",65.526416512056
"03100205_26000000_HAWK_LAKE_DRAIN",4100,37244,"HAWK LAKE DRAIN","03100205","26000000","DRAIN","tbcmp_PD_HA_IntHigh_2100","PD","HA","IntHigh","2100",36.812771239856
"03100205_26000000_HAWK_LAKE_DRAIN",5200,1934,"HAWK LAKE DRAIN","03100205","26000000","DRAIN","tbcmp_PD_HA_IntHigh_2100","PD","HA","IntHigh","2100",1.911607227416
"03100205_26000000_HAWK_LAKE_DRAIN",6110,93052,"HAWK LAKE DRAIN","03100205","26000000","DRAIN","tbcmp_PD_HA_IntHigh_2100","PD","HA","IntHigh","2100",91.974599651248
"03100205_26000000_HAWK_LAKE_DRAIN",6410,71296,"HAWK LAKE DRAIN","03100205","26000000","DRAIN","tbcmp_PD_HA_IntHigh_2100","PD","HA","IntHigh","2100",70.470500975104
"03100205_27000000_NONCONTRIBUTING_AREA",1100,2347192,"NONCONTRIBUTING AREA","03100205","27000000","NONCON","tbcmp_PD_HA_IntHigh_2100","PD","HA","IntHigh","2100",2320.01509376061
"03100205_27000000_NONCONTRIBUTING_AREA",1200,1553115,"NONCONTRIBUTING AREA","03100205","27000000","NONCON","tbcmp_PD_HA_IntHigh_2100","PD","HA","IntHigh","2100",1535.13229524726
"03100205_27000000_NONCONTRIBUTING_AREA",1800,8237,"NONCONTRIBUTING AREA","03100205","27000000","NONCON","tbcmp_PD_HA_IntHigh_2100","PD","HA","IntHigh","2100",8.141628093188
"03100205_27000000_NONCONTRIBUTING_AREA",1820,96142,"NONCONTRIBUTING AREA","03100205","27000000","NONCON","tbcmp_PD_HA_IntHigh_2100","PD","HA","IntHigh","2100",95.028822160408
"03100205_27000000_NONCONTRIBUTING_AREA",1900,756299,"NONCONTRIBUTING AREA","03100205","27000000","NONCON","tbcmp_PD_HA_IntHigh_2100","PD","HA","IntHigh","2100",747.542210179676
"03100205_27000000_NONCONTRIBUTING_AREA",2100,3825402,"NONCONTRIBUTING AREA","03100205","27000000","NONCON","tbcmp_PD_HA_IntHigh_2100","PD","HA","IntHigh","2100",3781.10967475265
"03100205_27000000_NONCONTRIBUTING_AREA",2200,43763,"NONCONTRIBUTING AREA","03100205","27000000","NONCON","tbcmp_PD_HA_IntHigh_2100","PD","HA","IntHigh","2100",43.256291154812
"03100205_27000000_NONCONTRIBUTING_AREA",2400,38194,"NONCONTRIBUTING AREA","03100205","27000000","NONCON","tbcmp_PD_HA_IntHigh_2100","PD","HA","IntHigh","2100",37.751771687656
"03100205_27000000_NONCONTRIBUTING_AREA",3200,6840,"NONCONTRIBUTING AREA","03100205","27000000","NONCON","tbcmp_PD_HA_IntHigh_2100","PD","HA","IntHigh","2100",6.76080322416
"03100205_27000000_NONCONTRIBUTING_AREA",4100,777946,"NONCONTRIBUTING AREA","03100205","27000000","NONCON","tbcmp_PD_HA_IntHigh_2100","PD","HA","IntHigh","2100",768.938570909704
"03100205_27000000_NONCONTRIBUTING_AREA",4400,298126,"NONCONTRIBUTING AREA","03100205","27000000","NONCON","tbcmp_PD_HA_IntHigh_2100","PD","HA","IntHigh","2100",294.674155264024
"03100205_27000000_NONCONTRIBUTING_AREA",5200,330813,"NONCONTRIBUTING AREA","03100205","27000000","NONCON","tbcmp_PD_HA_IntHigh_2100","PD","HA","IntHigh","2100",326.982689619012
"03100205_27000000_NONCONTRIBUTING_AREA",6110,251310,"NONCONTRIBUTING AREA","03100205","27000000","NONCON","tbcmp_PD_HA_IntHigh_2100","PD","HA","IntHigh","2100",248.40021319644
"03100205_27000000_NONCONTRIBUTING_AREA",6410,1075259,"NONCONTRIBUTING AREA","03100205","27000000","NONCON","tbcmp_PD_HA_IntHigh_2100","PD","HA","IntHigh","2100",1062.80913947472
"03100205_27000000_ZEPHYRHILLS_AIRPT_RUN",1100,338235,"ZEPHYRHILLS AIRPT RUN","03100205","27000000","DRAIN","tbcmp_PD_HA_IntHigh_2100","PD","HA","IntHigh","2100",334.31875417014
"03100205_27000000_ZEPHYRHILLS_AIRPT_RUN",1200,3335672,"ZEPHYRHILLS AIRPT RUN","03100205","27000000","DRAIN","tbcmp_PD_HA_IntHigh_2100","PD","HA","IntHigh","2100",3297.05000180413
"03100205_27000000_ZEPHYRHILLS_AIRPT_RUN",1800,117314,"ZEPHYRHILLS AIRPT RUN","03100205","27000000","DRAIN","tbcmp_PD_HA_IntHigh_2100","PD","HA","IntHigh","2100",115.955682666536
"03100205_27000000_ZEPHYRHILLS_AIRPT_RUN",1820,73761,"ZEPHYRHILLS AIRPT RUN","03100205","27000000","DRAIN","tbcmp_PD_HA_IntHigh_2100","PD","HA","IntHigh","2100",72.906960031764
"03100205_27000000_ZEPHYRHILLS_AIRPT_RUN",1900,231418,"ZEPHYRHILLS AIRPT RUN","03100205","27000000","DRAIN","tbcmp_PD_HA_IntHigh_2100","PD","HA","IntHigh","2100",228.738532241032
"03100205_27000000_ZEPHYRHILLS_AIRPT_RUN",2100,600004,"ZEPHYRHILLS AIRPT RUN","03100205","27000000","DRAIN","tbcmp_PD_HA_IntHigh_2100","PD","HA","IntHigh","2100",593.056868086096
"03100205_27000000_ZEPHYRHILLS_AIRPT_RUN",2200,7609,"ZEPHYRHILLS AIRPT RUN","03100205","27000000","DRAIN","tbcmp_PD_HA_IntHigh_2100","PD","HA","IntHigh","2100",7.520899376116
"03100205_27000000_ZEPHYRHILLS_AIRPT_RUN",3200,54936,"ZEPHYRHILLS AIRPT RUN","03100205","27000000","DRAIN","tbcmp_PD_HA_IntHigh_2100","PD","HA","IntHigh","2100",54.299924842464
"03100205_27000000_ZEPHYRHILLS_AIRPT_RUN",4100,367111,"ZEPHYRHILLS AIRPT RUN","03100205","27000000","DRAIN","tbcmp_PD_HA_IntHigh_2100","PD","HA","IntHigh","2100",362.860414097164
"03100205_27000000_ZEPHYRHILLS_AIRPT_RUN",4400,25888,"ZEPHYRHILLS AIRPT RUN","03100205","27000000","DRAIN","tbcmp_PD_HA_IntHigh_2100","PD","HA","IntHigh","2100",25.588256413312
"03100205_27000000_ZEPHYRHILLS_AIRPT_RUN",5200,84579,"ZEPHYRHILLS AIRPT RUN","03100205","27000000","DRAIN","tbcmp_PD_HA_IntHigh_2100","PD","HA","IntHigh","2100",83.599704078396
"03100205_27000000_ZEPHYRHILLS_AIRPT_RUN",6110,147096,"ZEPHYRHILLS AIRPT RUN","03100205","27000000","DRAIN","tbcmp_PD_HA_IntHigh_2100","PD","HA","IntHigh","2100",145.392852494304
"03100205_27000000_ZEPHYRHILLS_AIRPT_RUN",6410,99074,"ZEPHYRHILLS AIRPT RUN","03100205","27000000","DRAIN","tbcmp_PD_HA_IntHigh_2100","PD","HA","IntHigh","2100",97.926874068776
"03100205_30000000_SOUTHSIDE_BRANCH",1100,596087,"SOUTHSIDE BRANCH","03100205","30000000","STREAM","tbcmp_PD_HA_IntHigh_2100","PD","HA","IntHigh","2100",589.185220976588
"03100205_30000000_SOUTHSIDE_BRANCH",1200,2646196,"SOUTHSIDE BRANCH","03100205","30000000","STREAM","tbcmp_PD_HA_IntHigh_2100","PD","HA","IntHigh","2100",2615.5570831227
"03100205_30000000_SOUTHSIDE_BRANCH",1800,66166,"SOUTHSIDE BRANCH","03100205","30000000","STREAM","tbcmp_PD_HA_IntHigh_2100","PD","HA","IntHigh","2100",65.399898556984
"03100205_30000000_SOUTHSIDE_BRANCH",1820,181255,"SOUTHSIDE BRANCH","03100205","30000000","STREAM","tbcmp_PD_HA_IntHigh_2100","PD","HA","IntHigh","2100",179.15634333262
"03100205_30000000_SOUTHSIDE_BRANCH",1900,473664,"SOUTHSIDE BRANCH","03100205","30000000","STREAM","tbcmp_PD_HA_IntHigh_2100","PD","HA","IntHigh","2100",468.179692743936
"03100205_30000000_SOUTHSIDE_BRANCH",2100,551231,"SOUTHSIDE BRANCH","03100205","30000000","STREAM","tbcmp_PD_HA_IntHigh_2100","PD","HA","IntHigh","2100",544.848585096044
"03100205_30000000_SOUTHSIDE_BRANCH",2200,120227,"SOUTHSIDE BRANCH","03100205","30000000","STREAM","tbcmp_PD_HA_IntHigh_2100","PD","HA","IntHigh","2100",118.834954565948
"03100205_30000000_SOUTHSIDE_BRANCH",2400,13856,"SOUTHSIDE BRANCH","03100205","30000000","STREAM","tbcmp_PD_HA_IntHigh_2100","PD","HA","IntHigh","2100",13.695568636544
"03100205_30000000_SOUTHSIDE_BRANCH",3200,12691,"SOUTHSIDE BRANCH","03100205","30000000","STREAM","tbcmp_PD_HA_IntHigh_2100","PD","HA","IntHigh","2100",12.544057561084
"03100205_30000000_SOUTHSIDE_BRANCH",4100,291438,"SOUTHSIDE BRANCH","03100205","30000000","STREAM","tbcmp_PD_HA_IntHigh_2100","PD","HA","IntHigh","2100",288.063592111512
"03100205_30000000_SOUTHSIDE_BRANCH",4400,13422,"SOUTHSIDE BRANCH","03100205","30000000","STREAM","tbcmp_PD_HA_IntHigh_2100","PD","HA","IntHigh","2100",13.266593695128
"03100205_30000000_SOUTHSIDE_BRANCH",5200,189536,"SOUTHSIDE BRANCH","03100205","30000000","STREAM","tbcmp_PD_HA_IntHigh_2100","PD","HA","IntHigh","2100",187.341461972864
"03100205_30000000_SOUTHSIDE_BRANCH",6110,294747,"SOUTHSIDE BRANCH","03100205","30000000","STREAM","tbcmp_PD_HA_IntHigh_2100","PD","HA","IntHigh","2100",291.334278934428
"03100205_30000000_SOUTHSIDE_BRANCH",6410,186887,"SOUTHSIDE BRANCH","03100205","30000000","STREAM","tbcmp_PD_HA_IntHigh_2100","PD","HA","IntHigh","2100",184.723133355788
"03100205_35000000_BIG_DITCH",1100,421536,"BIG DITCH","03100205","35000000","STREAM","tbcmp_PD_HA_IntHigh_2100","PD","HA","IntHigh","2100",416.655255540864
"03100205_35000000_BIG_DITCH",1200,505818,"BIG DITCH","03100205","35000000","STREAM","tbcmp_PD_HA_IntHigh_2100","PD","HA","IntHigh","2100",499.961398426632
"03100205_35000000_BIG_DITCH",1900,31967,"BIG DITCH","03100205","35000000","STREAM","tbcmp_PD_HA_IntHigh_2100","PD","HA","IntHigh","2100",31.596870857708
"03100205_35000000_BIG_DITCH",2100,425124,"BIG DITCH","03100205","35000000","STREAM","tbcmp_PD_HA_IntHigh_2100","PD","HA","IntHigh","2100",420.201711968976
"03100205_35000000_BIG_DITCH",3200,15419,"BIG DITCH","03100205","35000000","STREAM","tbcmp_PD_HA_IntHigh_2100","PD","HA","IntHigh","2100",15.240471478556
"03100205_35000000_BIG_DITCH",4100,259037,"BIG DITCH","03100205","35000000","STREAM","tbcmp_PD_HA_IntHigh_2100","PD","HA","IntHigh","2100",256.037746312388
"03100205_35000000_BIG_DITCH",4400,114293,"BIG DITCH","03100205","35000000","STREAM","tbcmp_PD_HA_IntHigh_2100","PD","HA","IntHigh","2100",112.969661242532
"03100205_35000000_BIG_DITCH",5200,6107,"BIG DITCH","03100205","35000000","STREAM","tbcmp_PD_HA_IntHigh_2100","PD","HA","IntHigh","2100",6.036290247068
"03100205_35000000_BIG_DITCH",6110,431176,"BIG DITCH","03100205","35000000","STREAM","tbcmp_PD_HA_IntHigh_2100","PD","HA","IntHigh","2100",426.183639032224
"03100205_35000000_BIG_DITCH",6410,91357,"BIG DITCH","03100205","35000000","STREAM","tbcmp_PD_HA_IntHigh_2100","PD","HA","IntHigh","2100",90.299225168068
"03100205_35000000_BIG_DITCH_NONCONT_AREA",1200,791703,"BIG DITCH NONCONT AREA","03100205","35000000","NONCON","tbcmp_PD_HA_IntHigh_2100","PD","HA","IntHigh","2100",782.536285815372
"03100205_35000000_BIG_DITCH_NONCONT_AREA",1900,128602,"BIG DITCH NONCONT AREA","03100205","35000000","NONCON","tbcmp_PD_HA_IntHigh_2100","PD","HA","IntHigh","2100",127.112984829448
"03100205_35000000_BIG_DITCH_NONCONT_AREA",2100,1195048,"BIG DITCH NONCONT AREA","03100205","35000000","NONCON","tbcmp_PD_HA_IntHigh_2100","PD","HA","IntHigh","2100",1181.21116541315
"03100205_35000000_BIG_DITCH_NONCONT_AREA",3200,249608,"BIG DITCH NONCONT AREA","03100205","35000000","NONCON","tbcmp_PD_HA_IntHigh_2100","PD","HA","IntHigh","2100",246.717919762592
"03100205_35000000_BIG_DITCH_NONCONT_AREA",4100,211534,"BIG DITCH NONCONT AREA","03100205","35000000","NONCON","tbcmp_PD_HA_IntHigh_2100","PD","HA","IntHigh","2100",209.084758657816
"03100205_35000000_BIG_DITCH_NONCONT_AREA",5200,1323,"BIG DITCH NONCONT AREA","03100205","35000000","NONCON","tbcmp_PD_HA_IntHigh_2100","PD","HA","IntHigh","2100",1.307681676252
"03100205_35000000_BIG_DITCH_NONCONT_AREA",6110,724835,"BIG DITCH NONCONT AREA","03100205","35000000","NONCON","tbcmp_PD_HA_IntHigh_2100","PD","HA","IntHigh","2100",716.44251534854
"03100205_35000000_BIG_DITCH_NONCONT_AREA",6120,90361,"BIG DITCH NONCONT AREA","03100205","35000000","NONCON","tbcmp_PD_HA_IntHigh_2100","PD","HA","IntHigh","2100",89.314757330164
"03100205_35000000_BIG_DITCH_NONCONT_AREA",6410,64700,"BIG DITCH NONCONT AREA","03100205","35000000","NONCON","tbcmp_PD_HA_IntHigh_2100","PD","HA","IntHigh","2100",63.9508726028
"03100205_40000000_BLACKWATER_CREEK",1100,1697194,"BLACKWATER CREEK","03100205","40000000","STREAM","tbcmp_PD_HA_IntHigh_2100","PD","HA","IntHigh","2100",1677.54308000366
"03100205_40000000_BLACKWATER_CREEK",1200,818723,"BLACKWATER CREEK","03100205","40000000","STREAM","tbcmp_PD_HA_IntHigh_2100","PD","HA","IntHigh","2100",809.243435393852
"03100205_40000000_BLACKWATER_CREEK",1800,11364,"BLACKWATER CREEK","03100205","40000000","STREAM","tbcmp_PD_HA_IntHigh_2100","PD","HA","IntHigh","2100",11.232422198736
"03100205_40000000_BLACKWATER_CREEK",1900,596213,"BLACKWATER CREEK","03100205","40000000","STREAM","tbcmp_PD_HA_IntHigh_2100","PD","HA","IntHigh","2100",589.309762088612
"03100205_40000000_BLACKWATER_CREEK",2100,5859901,"BLACKWATER CREEK","03100205","40000000","STREAM","tbcmp_PD_HA_IntHigh_2100","PD","HA","IntHigh","2100",5792.05227690912
"03100205_40000000_BLACKWATER_CREEK",2200,8599,"BLACKWATER CREEK","03100205","40000000","STREAM","tbcmp_PD_HA_IntHigh_2100","PD","HA","IntHigh","2100",8.499436684876
"03100205_40000000_BLACKWATER_CREEK",2400,36313,"BLACKWATER CREEK","03100205","40000000","STREAM","tbcmp_PD_HA_IntHigh_2100","PD","HA","IntHigh","2100",35.892550801012
"03100205_40000000_BLACKWATER_CREEK",3200,1025195,"BLACKWATER CREEK","03100205","40000000","STREAM","tbcmp_PD_HA_IntHigh_2100","PD","HA","IntHigh","2100",1013.32480429718
"03100205_40000000_BLACKWATER_CREEK",4100,1583184,"BLACKWATER CREEK","03100205","40000000","STREAM","tbcmp_PD_HA_IntHigh_2100","PD","HA","IntHigh","2100",1564.85314205242
"03100205_40000000_BLACKWATER_CREEK",4400,1066741,"BLACKWATER CREEK","03100205","40000000","STREAM","tbcmp_PD_HA_IntHigh_2100","PD","HA","IntHigh","2100",1054.38976493328
"03100205_40000000_BLACKWATER_CREEK",5200,67503,"BLACKWATER CREEK","03100205","40000000","STREAM","tbcmp_PD_HA_IntHigh_2100","PD","HA","IntHigh","2100",66.721418134572
"03100205_40000000_BLACKWATER_CREEK",6110,4161201,"BLACKWATER CREEK","03100205","40000000","STREAM","tbcmp_PD_HA_IntHigh_2100","PD","HA","IntHigh","2100",4113.02063409032
"03100205_40000000_BLACKWATER_CREEK",6410,1333663,"BLACKWATER CREEK","03100205","40000000","STREAM","tbcmp_PD_HA_IntHigh_2100","PD","HA","IntHigh","2100",1318.22121496241
"03100205_40300000_CHANNELZED_STREAM",1100,191131,"CHANNELZED STREAM","03100205","40300000","STREAM","tbcmp_PD_HA_IntHigh_2100","PD","HA","IntHigh","2100",188.917994303644
"03100205_40300000_CHANNELZED_STREAM",1200,20272,"CHANNELZED STREAM","03100205","40300000","STREAM","tbcmp_PD_HA_IntHigh_2100","PD","HA","IntHigh","2100",20.037281134528
"03100205_40300000_CHANNELZED_STREAM",1900,3064,"CHANNELZED STREAM","03100205","40300000","STREAM","tbcmp_PD_HA_IntHigh_2100","PD","HA","IntHigh","2100",3.028523549536
"03100205_40300000_CHANNELZED_STREAM",2100,99287,"CHANNELZED STREAM","03100205","40300000","STREAM","tbcmp_PD_HA_IntHigh_2100","PD","HA","IntHigh","2100",98.137407853388
"03100205_40300000_CHANNELZED_STREAM",4100,79383,"CHANNELZED STREAM","03100205","40300000","STREAM","tbcmp_PD_HA_IntHigh_2100","PD","HA","IntHigh","2100",78.463865839692
"03100205_40300000_CHANNELZED_STREAM",4400,6876,"CHANNELZED STREAM","03100205","40300000","STREAM","tbcmp_PD_HA_IntHigh_2100","PD","HA","IntHigh","2100",6.796386399024
"03100205_40300000_CHANNELZED_STREAM",5200,995,"CHANNELZED STREAM","03100205","40300000","STREAM","tbcmp_PD_HA_IntHigh_2100","PD","HA","IntHigh","2100",0.98347941638
"03100205_40300000_CHANNELZED_STREAM",6110,118,"CHANNELZED STREAM","03100205","40300000","STREAM","tbcmp_PD_HA_IntHigh_2100","PD","HA","IntHigh","2100",0.116633739832
"03100205_40300000_CHANNELZED_STREAM",6410,16578,"CHANNELZED STREAM","03100205","40300000","STREAM","tbcmp_PD_HA_IntHigh_2100","PD","HA","IntHigh","2100",16.386052024872
"03100205_40340000_KATHLEEN_DRAIN",1100,128570,"KATHLEEN DRAIN","03100205","40340000","DRAIN","tbcmp_PD_HA_IntHigh_2100","PD","HA","IntHigh","2100",127.08135534068
"03100205_40340000_KATHLEEN_DRAIN",1200,230254,"KATHLEEN DRAIN","03100205","40340000","DRAIN","tbcmp_PD_HA_IntHigh_2100","PD","HA","IntHigh","2100",227.588009587096
"03100205_40340000_KATHLEEN_DRAIN",1800,11347,"KATHLEEN DRAIN","03100205","40340000","DRAIN","tbcmp_PD_HA_IntHigh_2100","PD","HA","IntHigh","2100",11.215619032828
"03100205_40340000_KATHLEEN_DRAIN",1900,15025,"KATHLEEN DRAIN","03100205","40340000","DRAIN","tbcmp_PD_HA_IntHigh_2100","PD","HA","IntHigh","2100",14.8510333981
"03100205_40340000_KATHLEEN_DRAIN",2100,36629,"KATHLEEN DRAIN","03100205","40340000","DRAIN","tbcmp_PD_HA_IntHigh_2100","PD","HA","IntHigh","2100",36.204892002596
"03100205_40340000_KATHLEEN_DRAIN",4100,66202,"KATHLEEN DRAIN","03100205","40340000","DRAIN","tbcmp_PD_HA_IntHigh_2100","PD","HA","IntHigh","2100",65.435481731848
"03100205_40340000_KATHLEEN_DRAIN",4400,270,"KATHLEEN DRAIN","03100205","40340000","DRAIN","tbcmp_PD_HA_IntHigh_2100","PD","HA","IntHigh","2100",0.26687381148
"03100205_40340000_KATHLEEN_DRAIN",5200,2213,"KATHLEEN DRAIN","03100205","40340000","DRAIN","tbcmp_PD_HA_IntHigh_2100","PD","HA","IntHigh","2100",2.187376832612
"03100205_40340000_KATHLEEN_DRAIN",6110,73781,"KATHLEEN DRAIN","03100205","40340000","DRAIN","tbcmp_PD_HA_IntHigh_2100","PD","HA","IntHigh","2100",72.926728462244
"03100205_40340000_KATHLEEN_DRAIN",6410,7092,"KATHLEEN DRAIN","03100205","40340000","DRAIN","tbcmp_PD_HA_IntHigh_2100","PD","HA","IntHigh","2100",7.009885448208
"03100205_40400000_INTERMITTENT_DITCH",1100,124393,"INTERMITTENT DITCH","03100205","40400000","DITCH","tbcmp_PD_HA_IntHigh_2100","PD","HA","IntHigh","2100",122.952718634932
"03100205_40400000_INTERMITTENT_DITCH",1200,788824,"INTERMITTENT DITCH","03100205","40400000","DITCH","tbcmp_PD_HA_IntHigh_2100","PD","HA","IntHigh","2100",779.690620247776
"03100205_40400000_INTERMITTENT_DITCH",1900,25243,"INTERMITTENT DITCH","03100205","40400000","DITCH","tbcmp_PD_HA_IntHigh_2100","PD","HA","IntHigh","2100",24.950724530332
"03100205_40400000_INTERMITTENT_DITCH",2100,559111,"INTERMITTENT DITCH","03100205","40400000","DITCH","tbcmp_PD_HA_IntHigh_2100","PD","HA","IntHigh","2100",552.637346705164
"03100205_40400000_INTERMITTENT_DITCH",2400,1302,"INTERMITTENT DITCH","03100205","40400000","DITCH","tbcmp_PD_HA_IntHigh_2100","PD","HA","IntHigh","2100",1.286924824248
"03100205_40400000_INTERMITTENT_DITCH",3200,35985,"INTERMITTENT DITCH","03100205","40400000","DITCH","tbcmp_PD_HA_IntHigh_2100","PD","HA","IntHigh","2100",35.56834854114
"03100205_40400000_INTERMITTENT_DITCH",4100,106646,"INTERMITTENT DITCH","03100205","40400000","DITCH","tbcmp_PD_HA_IntHigh_2100","PD","HA","IntHigh","2100",105.411201848504
"03100205_40400000_INTERMITTENT_DITCH",5200,3909,"INTERMITTENT DITCH","03100205","40400000","DITCH","tbcmp_PD_HA_IntHigh_2100","PD","HA","IntHigh","2100",3.863739737316
"03100205_40400000_INTERMITTENT_DITCH",6110,103234,"INTERMITTENT DITCH","03100205","40400000","DITCH","tbcmp_PD_HA_IntHigh_2100","PD","HA","IntHigh","2100",102.038707608616
"03100205_40400000_INTERMITTENT_DITCH",6410,134169,"INTERMITTENT DITCH","03100205","40400000","DITCH","tbcmp_PD_HA_IntHigh_2100","PD","HA","IntHigh","2100",132.615527453556
"03100205_40440000_CHANNELIZED_STREAM",1100,7489,"CHANNELIZED STREAM","03100205","40440000","STREAM","tbcmp_PD_HA_IntHigh_2100","PD","HA","IntHigh","2100",7.402288793236
"03100205_40440000_CHANNELIZED_STREAM",1200,129387,"CHANNELIZED STREAM","03100205","40440000","STREAM","tbcmp_PD_HA_IntHigh_2100","PD","HA","IntHigh","2100",127.888895725788
"03100205_40440000_CHANNELIZED_STREAM",2100,546403,"CHANNELIZED STREAM","03100205","40440000","STREAM","tbcmp_PD_HA_IntHigh_2100","PD","HA","IntHigh","2100",540.076485978172
"03100205_40440000_CHANNELIZED_STREAM",3200,79,"CHANNELIZED STREAM","03100205","40440000","STREAM","tbcmp_PD_HA_IntHigh_2100","PD","HA","IntHigh","2100",0.078085300396
"03100205_40440000_CHANNELIZED_STREAM",4100,60302,"CHANNELIZED STREAM","03100205","40440000","STREAM","tbcmp_PD_HA_IntHigh_2100","PD","HA","IntHigh","2100",59.603794740248
"03100205_40440000_CHANNELIZED_STREAM",5200,4265,"CHANNELIZED STREAM","03100205","40440000","STREAM","tbcmp_PD_HA_IntHigh_2100","PD","HA","IntHigh","2100",4.21561779986
"03100205_40440000_CHANNELIZED_STREAM",6110,158655,"CHANNELIZED STREAM","03100205","40440000","STREAM","tbcmp_PD_HA_IntHigh_2100","PD","HA","IntHigh","2100",156.81801689022
"03100205_40440000_CHANNELIZED_STREAM",6410,41602,"CHANNELIZED STREAM","03100205","40440000","STREAM","tbcmp_PD_HA_IntHigh_2100","PD","HA","IntHigh","2100",41.120312241448
"03100205_40480000_CHANNELIZED_STREAM",1100,16217,"CHANNELIZED STREAM","03100205","40480000","STREAM","tbcmp_PD_HA_IntHigh_2100","PD","HA","IntHigh","2100",16.029231854708
"03100205_40480000_CHANNELIZED_STREAM",1200,93941,"CHANNELIZED STREAM","03100205","40480000","STREAM","tbcmp_PD_HA_IntHigh_2100","PD","HA","IntHigh","2100",92.853306386084
"03100205_40480000_CHANNELIZED_STREAM",1900,7149,"CHANNELIZED STREAM","03100205","40480000","STREAM","tbcmp_PD_HA_IntHigh_2100","PD","HA","IntHigh","2100",7.066225475076
"03100205_40480000_CHANNELIZED_STREAM",2100,744616,"CHANNELIZED STREAM","03100205","40480000","STREAM","tbcmp_PD_HA_IntHigh_2100","PD","HA","IntHigh","2100",735.994481514784
"03100205_40480000_CHANNELIZED_STREAM",3200,36311,"CHANNELIZED STREAM","03100205","40480000","STREAM","tbcmp_PD_HA_IntHigh_2100","PD","HA","IntHigh","2100",35.890573957964
"03100205_40480000_CHANNELIZED_STREAM",4100,11412,"CHANNELIZED STREAM","03100205","40480000","STREAM","tbcmp_PD_HA_IntHigh_2100","PD","HA","IntHigh","2100",11.279866431888
"03100205_40480000_CHANNELIZED_STREAM",5200,1682,"CHANNELIZED STREAM","03100205","40480000","STREAM","tbcmp_PD_HA_IntHigh_2100","PD","HA","IntHigh","2100",1.662525003368
"03100205_40480000_CHANNELIZED_STREAM",6110,135564,"CHANNELIZED STREAM","03100205","40480000","STREAM","tbcmp_PD_HA_IntHigh_2100","PD","HA","IntHigh","2100",133.994375479536
"03100205_40480000_CHANNELIZED_STREAM",6410,125871,"CHANNELIZED STREAM","03100205","40480000","STREAM","tbcmp_PD_HA_IntHigh_2100","PD","HA","IntHigh","2100",124.413605647404
"03100205_40500000_CHANNELIZED_STREAM",1100,6826,"CHANNELIZED STREAM","03100205","40500000","STREAM","tbcmp_PD_HA_IntHigh_2100","PD","HA","IntHigh","2100",6.746965322824
"03100205_40500000_CHANNELIZED_STREAM",1900,7258,"CHANNELIZED STREAM","03100205","40500000","STREAM","tbcmp_PD_HA_IntHigh_2100","PD","HA","IntHigh","2100",7.173963421192
"03100205_40500000_CHANNELIZED_STREAM",2100,1100135,"CHANNELIZED STREAM","03100205","40500000","STREAM","tbcmp_PD_HA_IntHigh_2100","PD","HA","IntHigh","2100",1087.39711330574
"03100205_40500000_CHANNELIZED_STREAM",4100,32813,"CHANNELIZED STREAM","03100205","40500000","STREAM","tbcmp_PD_HA_IntHigh_2100","PD","HA","IntHigh","2100",32.433075467012
"03100205_40500000_CHANNELIZED_STREAM",5200,2170,"CHANNELIZED STREAM","03100205","40500000","STREAM","tbcmp_PD_HA_IntHigh_2100","PD","HA","IntHigh","2100",2.14487470708
"03100205_40500000_CHANNELIZED_STREAM",6110,233044,"CHANNELIZED STREAM","03100205","40500000","STREAM","tbcmp_PD_HA_IntHigh_2100","PD","HA","IntHigh","2100",230.345705639056
"03100205_40500000_CHANNELIZED_STREAM",6410,147384,"CHANNELIZED STREAM","03100205","40500000","STREAM","tbcmp_PD_HA_IntHigh_2100","PD","HA","IntHigh","2100",145.677517893216
"03100205_40600000_ITCHEPACKASASSA_CREEK",1100,551376,"ITCHEPACKASASSA CREEK","03100205","40600000","STREAM","tbcmp_PD_HA_IntHigh_2100","PD","HA","IntHigh","2100",544.991906217024
"03100205_40600000_ITCHEPACKASASSA_CREEK",1200,16626,"ITCHEPACKASASSA CREEK","03100205","40600000","STREAM","tbcmp_PD_HA_IntHigh_2100","PD","HA","IntHigh","2100",16.433496258024
"03100205_40600000_ITCHEPACKASASSA_CREEK",1800,77,"ITCHEPACKASASSA CREEK","03100205","40600000","STREAM","tbcmp_PD_HA_IntHigh_2100","PD","HA","IntHigh","2100",0.076108457348
"03100205_40600000_ITCHEPACKASASSA_CREEK",1900,39712,"ITCHEPACKASASSA CREEK","03100205","40600000","STREAM","tbcmp_PD_HA_IntHigh_2100","PD","HA","IntHigh","2100",39.252195561088
"03100205_40600000_ITCHEPACKASASSA_CREEK",2100,2303352,"ITCHEPACKASASSA CREEK","03100205","40600000","STREAM","tbcmp_PD_HA_IntHigh_2100","PD","HA","IntHigh","2100",2276.68269414845
"03100205_40600000_ITCHEPACKASASSA_CREEK",2400,5152,"ITCHEPACKASASSA CREEK","03100205","40600000","STREAM","tbcmp_PD_HA_IntHigh_2100","PD","HA","IntHigh","2100",5.092347691648
"03100205_40600000_ITCHEPACKASASSA_CREEK",3200,308307,"ITCHEPACKASASSA CREEK","03100205","40600000","STREAM","tbcmp_PD_HA_IntHigh_2100","PD","HA","IntHigh","2100",304.737274799868
"03100205_40600000_ITCHEPACKASASSA_CREEK",4100,427861,"ITCHEPACKASASSA CREEK","03100205","40600000","STREAM","tbcmp_PD_HA_IntHigh_2100","PD","HA","IntHigh","2100",422.907021680164
"03100205_40600000_ITCHEPACKASASSA_CREEK",4400,1119088,"ITCHEPACKASASSA CREEK","03100205","40600000","STREAM","tbcmp_PD_HA_IntHigh_2100","PD","HA","IntHigh","2100",1106.13066645011
"03100205_40600000_ITCHEPACKASASSA_CREEK",5200,50205,"ITCHEPACKASASSA CREEK","03100205","40600000","STREAM","tbcmp_PD_HA_IntHigh_2100","PD","HA","IntHigh","2100",49.62370261242
"03100205_40600000_ITCHEPACKASASSA_CREEK",6110,1206098,"ITCHEPACKASASSA CREEK","03100205","40600000","STREAM","tbcmp_PD_HA_IntHigh_2100","PD","HA","IntHigh","2100",1192.13322325335
"03100205_40600000_ITCHEPACKASASSA_CREEK",6410,674233,"ITCHEPACKASASSA CREEK","03100205","40600000","STREAM","tbcmp_PD_HA_IntHigh_2100","PD","HA","IntHigh","2100",666.426409391092
"03100205_40603000_WINSTON_DRAIN",1200,20489,"WINSTON DRAIN","03100205","40603000","DRAIN","tbcmp_PD_HA_IntHigh_2100","PD","HA","IntHigh","2100",20.251768605236
"03100205_40603000_WINSTON_DRAIN",4100,31479,"WINSTON DRAIN","03100205","40603000","DRAIN","tbcmp_PD_HA_IntHigh_2100","PD","HA","IntHigh","2100",31.114521153996
"03100205_40603000_WINSTON_DRAIN",5200,640,"WINSTON DRAIN","03100205","40603000","DRAIN","tbcmp_PD_HA_IntHigh_2100","PD","HA","IntHigh","2100",0.63258977536
"03100205_40603000_WINSTON_DRAIN",6410,8333,"WINSTON DRAIN","03100205","40603000","DRAIN","tbcmp_PD_HA_IntHigh_2100","PD","HA","IntHigh","2100",8.236516559492
"03100205_40605000_WIGGINS_PRAIRIE_DRAIN",1100,689229,"WIGGINS PRAIRIE DRAIN","03100205","40605000","DRAIN","tbcmp_PD_HA_IntHigh_2100","PD","HA","IntHigh","2100",681.248778564996
"03100205_40605000_WIGGINS_PRAIRIE_DRAIN",1200,787547,"WIGGINS PRAIRIE DRAIN","03100205","40605000","DRAIN","tbcmp_PD_HA_IntHigh_2100","PD","HA","IntHigh","2100",778.428405961628
"03100205_40605000_WIGGINS_PRAIRIE_DRAIN",1820,543,"WIGGINS PRAIRIE DRAIN","03100205","40605000","DRAIN","tbcmp_PD_HA_IntHigh_2100","PD","HA","IntHigh","2100",0.536712887532
"03100205_40605000_WIGGINS_PRAIRIE_DRAIN",1900,392443,"WIGGINS PRAIRIE DRAIN","03100205","40605000","DRAIN","tbcmp_PD_HA_IntHigh_2100","PD","HA","IntHigh","2100",387.899108143132
"03100205_40605000_WIGGINS_PRAIRIE_DRAIN",2100,850746,"WIGGINS PRAIRIE DRAIN","03100205","40605000","DRAIN","tbcmp_PD_HA_IntHigh_2100","PD","HA","IntHigh","2100",840.895657856904
"03100205_40605000_WIGGINS_PRAIRIE_DRAIN",4100,194094,"WIGGINS PRAIRIE DRAIN","03100205","40605000","DRAIN","tbcmp_PD_HA_IntHigh_2100","PD","HA","IntHigh","2100",191.846687279256
"03100205_40605000_WIGGINS_PRAIRIE_DRAIN",4400,7976,"WIGGINS PRAIRIE DRAIN","03100205","40605000","DRAIN","tbcmp_PD_HA_IntHigh_2100","PD","HA","IntHigh","2100",7.883650075424
"03100205_40605000_WIGGINS_PRAIRIE_DRAIN",5200,137968,"WIGGINS PRAIRIE DRAIN","03100205","40605000","DRAIN","tbcmp_PD_HA_IntHigh_2100","PD","HA","IntHigh","2100",136.370540823232
"03100205_40605000_WIGGINS_PRAIRIE_DRAIN",6110,117457,"WIGGINS PRAIRIE DRAIN","03100205","40605000","DRAIN","tbcmp_PD_HA_IntHigh_2100","PD","HA","IntHigh","2100",116.097026944468
"03100205_40605000_WIGGINS_PRAIRIE_DRAIN",6410,412912,"WIGGINS PRAIRIE DRAIN","03100205","40605000","DRAIN","tbcmp_PD_HA_IntHigh_2100","PD","HA","IntHigh","2100",408.131108317888
"03100205_40606500_MIDWAY_ROAD_DRAIN",1100,356197,"MIDWAY ROAD DRAIN","03100205","40606500","DRAIN","tbcmp_PD_HA_IntHigh_2100","PD","HA","IntHigh","2100",352.072781584228
"03100205_40606500_MIDWAY_ROAD_DRAIN",1200,82063,"MIDWAY ROAD DRAIN","03100205","40606500","DRAIN","tbcmp_PD_HA_IntHigh_2100","PD","HA","IntHigh","2100",81.112835524012
"03100205_40606500_MIDWAY_ROAD_DRAIN",1800,1810,"MIDWAY ROAD DRAIN","03100205","40606500","DRAIN","tbcmp_PD_HA_IntHigh_2100","PD","HA","IntHigh","2100",1.78904295844
"03100205_40606500_MIDWAY_ROAD_DRAIN",1900,159242,"MIDWAY ROAD DRAIN","03100205","40606500","DRAIN","tbcmp_PD_HA_IntHigh_2100","PD","HA","IntHigh","2100",157.398220324808
"03100205_40606500_MIDWAY_ROAD_DRAIN",2100,1173505,"MIDWAY ROAD DRAIN","03100205","40606500","DRAIN","tbcmp_PD_HA_IntHigh_2100","PD","HA","IntHigh","2100",1159.91760052162
"03100205_40606500_MIDWAY_ROAD_DRAIN",2400,73675,"MIDWAY ROAD DRAIN","03100205","40606500","DRAIN","tbcmp_PD_HA_IntHigh_2100","PD","HA","IntHigh","2100",72.8219557807
"03100205_40606500_MIDWAY_ROAD_DRAIN",3200,6838,"MIDWAY ROAD DRAIN","03100205","40606500","DRAIN","tbcmp_PD_HA_IntHigh_2100","PD","HA","IntHigh","2100",6.758826381112
"03100205_40606500_MIDWAY_ROAD_DRAIN",4100,116722,"MIDWAY ROAD DRAIN","03100205","40606500","DRAIN","tbcmp_PD_HA_IntHigh_2100","PD","HA","IntHigh","2100",115.370537124328
"03100205_40606500_MIDWAY_ROAD_DRAIN",4400,15232,"MIDWAY ROAD DRAIN","03100205","40606500","DRAIN","tbcmp_PD_HA_IntHigh_2100","PD","HA","IntHigh","2100",15.055636653568
"03100205_40606500_MIDWAY_ROAD_DRAIN",5200,50625,"MIDWAY ROAD DRAIN","03100205","40606500","DRAIN","tbcmp_PD_HA_IntHigh_2100","PD","HA","IntHigh","2100",50.0388396525
"03100205_40606500_MIDWAY_ROAD_DRAIN",6110,49465,"MIDWAY ROAD DRAIN","03100205","40606500","DRAIN","tbcmp_PD_HA_IntHigh_2100","PD","HA","IntHigh","2100",48.89227068466
"03100205_40606500_MIDWAY_ROAD_DRAIN",6410,348204,"MIDWAY ROAD DRAIN","03100205","40606500","DRAIN","tbcmp_PD_HA_IntHigh_2100","PD","HA","IntHigh","2100",344.172328342896
"03100205_40608000_EAST_CANAL",1100,1065077,"EAST CANAL","03100205","40608000","CANAL","tbcmp_PD_HA_IntHigh_2100","PD","HA","IntHigh","2100",1052.74503151735
"03100205_40608000_EAST_CANAL",1200,1941247,"EAST CANAL","03100205","40608000","CANAL","tbcmp_PD_HA_IntHigh_2100","PD","HA","IntHigh","2100",1918.77031820043
"03100205_40608000_EAST_CANAL",1800,84345,"EAST CANAL","03100205","40608000","CANAL","tbcmp_PD_HA_IntHigh_2100","PD","HA","IntHigh","2100",83.36841344178
"03100205_40608000_EAST_CANAL",1900,514915,"EAST CANAL","03100205","40608000","CANAL","tbcmp_PD_HA_IntHigh_2100","PD","HA","IntHigh","2100",508.95306903046
"03100205_40608000_EAST_CANAL",2100,1439816,"EAST CANAL","03100205","40608000","CANAL","tbcmp_PD_HA_IntHigh_2100","PD","HA","IntHigh","2100",1423.14512499958
"03100205_40608000_EAST_CANAL",2200,44757,"EAST CANAL","03100205","40608000","CANAL","tbcmp_PD_HA_IntHigh_2100","PD","HA","IntHigh","2100",44.238782149668
"03100205_40608000_EAST_CANAL",2400,89712,"EAST CANAL","03100205","40608000","CANAL","tbcmp_PD_HA_IntHigh_2100","PD","HA","IntHigh","2100",88.673271761088
"03100205_40608000_EAST_CANAL",3200,88745,"EAST CANAL","03100205","40608000","CANAL","tbcmp_PD_HA_IntHigh_2100","PD","HA","IntHigh","2100",87.71746814738
"03100205_40608000_EAST_CANAL",4100,152225,"EAST CANAL","03100205","40608000","CANAL","tbcmp_PD_HA_IntHigh_2100","PD","HA","IntHigh","2100",150.4624664909
"03100205_40608000_EAST_CANAL",4400,7863,"EAST CANAL","03100205","40608000","CANAL","tbcmp_PD_HA_IntHigh_2100","PD","HA","IntHigh","2100",7.771958443212
"03100205_40608000_EAST_CANAL",5200,228066,"EAST CANAL","03100205","40608000","CANAL","tbcmp_PD_HA_IntHigh_2100","PD","HA","IntHigh","2100",225.425343292584
"03100205_40608000_EAST_CANAL",6110,694589,"EAST CANAL","03100205","40608000","CANAL","tbcmp_PD_HA_IntHigh_2100","PD","HA","IntHigh","2100",686.546717933636
"03100205_40608000_EAST_CANAL",6410,423974,"EAST CANAL","03100205","40608000","CANAL","tbcmp_PD_HA_IntHigh_2100","PD","HA","IntHigh","2100",419.065027216376
"03100205_40608030_INTERMITTENT_STREAM",1100,34919,"INTERMITTENT STREAM","03100205","40608030","STREAM","tbcmp_PD_HA_IntHigh_2100","PD","HA","IntHigh","2100",34.514691196556
"03100205_40608030_INTERMITTENT_STREAM",1200,345688,"INTERMITTENT STREAM","03100205","40608030","STREAM","tbcmp_PD_HA_IntHigh_2100","PD","HA","IntHigh","2100",341.685459788512
"03100205_40608030_INTERMITTENT_STREAM",1800,50338,"INTERMITTENT STREAM","03100205","40608030","STREAM","tbcmp_PD_HA_IntHigh_2100","PD","HA","IntHigh","2100",49.755162675112
"03100205_40608030_INTERMITTENT_STREAM",1900,3528,"INTERMITTENT STREAM","03100205","40608030","STREAM","tbcmp_PD_HA_IntHigh_2100","PD","HA","IntHigh","2100",3.487151136672
"03100205_40608030_INTERMITTENT_STREAM",2100,61172,"INTERMITTENT STREAM","03100205","40608030","STREAM","tbcmp_PD_HA_IntHigh_2100","PD","HA","IntHigh","2100",60.463721466128
"03100205_40608030_INTERMITTENT_STREAM",5200,5854,"INTERMITTENT STREAM","03100205","40608030","STREAM","tbcmp_PD_HA_IntHigh_2100","PD","HA","IntHigh","2100",5.786219601496
"03100205_40608030_INTERMITTENT_STREAM",6110,5667,"INTERMITTENT STREAM","03100205","40608030","STREAM","tbcmp_PD_HA_IntHigh_2100","PD","HA","IntHigh","2100",5.601384776508
"03100205_40608030_INTERMITTENT_STREAM",6410,9908,"INTERMITTENT STREAM","03100205","40608030","STREAM","tbcmp_PD_HA_IntHigh_2100","PD","HA","IntHigh","2100",9.793280459792
"03100205_40608040_INTERMITTENT_STREAM",1100,240352,"INTERMITTENT STREAM","03100205","40608040","STREAM","tbcmp_PD_HA_IntHigh_2100","PD","HA","IntHigh","2100",237.569090136448
"03100205_40608040_INTERMITTENT_STREAM",1200,481253,"INTERMITTENT STREAM","03100205","40608040","STREAM","tbcmp_PD_HA_IntHigh_2100","PD","HA","IntHigh","2100",475.680823689572
"03100205_40608040_INTERMITTENT_STREAM",1800,99314,"INTERMITTENT STREAM","03100205","40608040","STREAM","tbcmp_PD_HA_IntHigh_2100","PD","HA","IntHigh","2100",98.164095234536
"03100205_40608040_INTERMITTENT_STREAM",1900,99365,"INTERMITTENT STREAM","03100205","40608040","STREAM","tbcmp_PD_HA_IntHigh_2100","PD","HA","IntHigh","2100",98.21450473226
"03100205_40608040_INTERMITTENT_STREAM",2100,194376,"INTERMITTENT STREAM","03100205","40608040","STREAM","tbcmp_PD_HA_IntHigh_2100","PD","HA","IntHigh","2100",192.125422149024
"03100205_40608040_INTERMITTENT_STREAM",2400,32049,"INTERMITTENT STREAM","03100205","40608040","STREAM","tbcmp_PD_HA_IntHigh_2100","PD","HA","IntHigh","2100",31.677921422676
"03100205_40608040_INTERMITTENT_STREAM",4100,88263,"INTERMITTENT STREAM","03100205","40608040","STREAM","tbcmp_PD_HA_IntHigh_2100","PD","HA","IntHigh","2100",87.241048972812
"03100205_40608040_INTERMITTENT_STREAM",5200,49475,"INTERMITTENT STREAM","03100205","40608040","STREAM","tbcmp_PD_HA_IntHigh_2100","PD","HA","IntHigh","2100",48.9021548999
"03100205_40608040_INTERMITTENT_STREAM",6110,89181,"INTERMITTENT STREAM","03100205","40608040","STREAM","tbcmp_PD_HA_IntHigh_2100","PD","HA","IntHigh","2100",88.148419931844
"03100205_40608040_INTERMITTENT_STREAM",6410,76275,"INTERMITTENT STREAM","03100205","40608040","STREAM","tbcmp_PD_HA_IntHigh_2100","PD","HA","IntHigh","2100",75.3918517431
"03100205_43000000_INDIAN_CREEK",1100,1289065,"INDIAN CREEK","03100205","43000000","STREAM","tbcmp_PD_HA_IntHigh_2100","PD","HA","IntHigh","2100",1274.13959183506
"03100205_43000000_INDIAN_CREEK",1200,1094927,"INDIAN CREEK","03100205","43000000","STREAM","tbcmp_PD_HA_IntHigh_2100","PD","HA","IntHigh","2100",1082.24941400875
"03100205_43000000_INDIAN_CREEK",1800,18274,"INDIAN CREEK","03100205","43000000","STREAM","tbcmp_PD_HA_IntHigh_2100","PD","HA","IntHigh","2100",18.062414929576
"03100205_43000000_INDIAN_CREEK",1820,138808,"INDIAN CREEK","03100205","43000000","STREAM","tbcmp_PD_HA_IntHigh_2100","PD","HA","IntHigh","2100",137.200814903392
"03100205_43000000_INDIAN_CREEK",1900,441775,"INDIAN CREEK","03100205","43000000","STREAM","tbcmp_PD_HA_IntHigh_2100","PD","HA","IntHigh","2100",436.6599187651
"03100205_43000000_INDIAN_CREEK",2100,1703335,"INDIAN CREEK","03100205","43000000","STREAM","tbcmp_PD_HA_IntHigh_2100","PD","HA","IntHigh","2100",1683.61297658254
"03100205_43000000_INDIAN_CREEK",2200,8072,"INDIAN CREEK","03100205","43000000","STREAM","tbcmp_PD_HA_IntHigh_2100","PD","HA","IntHigh","2100",7.978538541728
"03100205_43000000_INDIAN_CREEK",2400,2672,"INDIAN CREEK","03100205","43000000","STREAM","tbcmp_PD_HA_IntHigh_2100","PD","HA","IntHigh","2100",2.641062312128
"03100205_43000000_INDIAN_CREEK",3200,297847,"INDIAN CREEK","03100205","43000000","STREAM","tbcmp_PD_HA_IntHigh_2100","PD","HA","IntHigh","2100",294.398385658828
"03100205_43000000_INDIAN_CREEK",4100,439566,"INDIAN CREEK","03100205","43000000","STREAM","tbcmp_PD_HA_IntHigh_2100","PD","HA","IntHigh","2100",434.476495618584
"03100205_43000000_INDIAN_CREEK",4400,116973,"INDIAN CREEK","03100205","43000000","STREAM","tbcmp_PD_HA_IntHigh_2100","PD","HA","IntHigh","2100",115.618630926852
"03100205_43000000_INDIAN_CREEK",5200,131936,"INDIAN CREEK","03100205","43000000","STREAM","tbcmp_PD_HA_IntHigh_2100","PD","HA","IntHigh","2100",130.408382190464
"03100205_43000000_INDIAN_CREEK",6110,597142,"INDIAN CREEK","03100205","43000000","STREAM","tbcmp_PD_HA_IntHigh_2100","PD","HA","IntHigh","2100",590.228005684408
"03100205_43000000_INDIAN_CREEK",6410,542470,"INDIAN CREEK","03100205","43000000","STREAM","tbcmp_PD_HA_IntHigh_2100","PD","HA","IntHigh","2100",536.18902412428
"03100205_47000000_NEW_RIVER",1100,1585676,"NEW RIVER","03100205","47000000","STREAM","tbcmp_PD_HA_IntHigh_2100","PD","HA","IntHigh","2100",1567.31628849022
"03100205_47000000_NEW_RIVER",1200,2931029,"NEW RIVER","03100205","47000000","STREAM","tbcmp_PD_HA_IntHigh_2100","PD","HA","IntHigh","2100",2897.0921510682
"03100205_47000000_NEW_RIVER",1800,44167,"NEW RIVER","03100205","47000000","STREAM","tbcmp_PD_HA_IntHigh_2100","PD","HA","IntHigh","2100",43.655613450508
"03100205_47000000_NEW_RIVER",1820,26278,"NEW RIVER","03100205","47000000","STREAM","tbcmp_PD_HA_IntHigh_2100","PD","HA","IntHigh","2100",25.973740807672
"03100205_47000000_NEW_RIVER",1900,1115312,"NEW RIVER","03100205","47000000","STREAM","tbcmp_PD_HA_IntHigh_2100","PD","HA","IntHigh","2100",1102.39838677549
"03100205_47000000_NEW_RIVER",2100,3134951,"NEW RIVER","03100205","47000000","STREAM","tbcmp_PD_HA_IntHigh_2100","PD","HA","IntHigh","2100",3098.65304508532
"03100205_47000000_NEW_RIVER",2200,16179,"NEW RIVER","03100205","47000000","STREAM","tbcmp_PD_HA_IntHigh_2100","PD","HA","IntHigh","2100",15.991671836796
"03100205_47000000_NEW_RIVER",3200,414309,"NEW RIVER","03100205","47000000","STREAM","tbcmp_PD_HA_IntHigh_2100","PD","HA","IntHigh","2100",409.511933186916
"03100205_47000000_NEW_RIVER",4100,749242,"NEW RIVER","03100205","47000000","STREAM","tbcmp_PD_HA_IntHigh_2100","PD","HA","IntHigh","2100",740.566919484808
"03100205_47000000_NEW_RIVER",4400,123303,"NEW RIVER","03100205","47000000","STREAM","tbcmp_PD_HA_IntHigh_2100","PD","HA","IntHigh","2100",121.875339173772
"03100205_47000000_NEW_RIVER",5200,807617,"NEW RIVER","03100205","47000000","STREAM","tbcmp_PD_HA_IntHigh_2100","PD","HA","IntHigh","2100",798.266025948308
"03100205_47000000_NEW_RIVER",6110,1007353,"NEW RIVER","03100205","47000000","STREAM","tbcmp_PD_HA_IntHigh_2100","PD","HA","IntHigh","2100",995.689387465972
"03100205_47000000_NEW_RIVER",6410,1566551,"NEW RIVER","03100205","47000000","STREAM","tbcmp_PD_HA_IntHigh_2100","PD","HA","IntHigh","2100",1548.41272684372
"03100205_49000000_BASSET_BRANCH",1100,829805,"BASSET BRANCH","03100205","49000000","STREAM","tbcmp_PD_HA_IntHigh_2100","PD","HA","IntHigh","2100",820.19712272282
"03100205_49000000_BASSET_BRANCH",1200,1852504,"BASSET BRANCH","03100205","49000000","STREAM","tbcmp_PD_HA_IntHigh_2100","PD","HA","IntHigh","2100",1831.0548268961
"03100205_49000000_BASSET_BRANCH",1800,42137,"BASSET BRANCH","03100205","49000000","STREAM","tbcmp_PD_HA_IntHigh_2100","PD","HA","IntHigh","2100",41.649117756788
"03100205_49000000_BASSET_BRANCH",1820,10381,"BASSET BRANCH","03100205","49000000","STREAM","tbcmp_PD_HA_IntHigh_2100","PD","HA","IntHigh","2100",10.260803840644
"03100205_49000000_BASSET_BRANCH",1900,538166,"BASSET BRANCH","03100205","49000000","STREAM","tbcmp_PD_HA_IntHigh_2100","PD","HA","IntHigh","2100",531.934857884984
"03100205_49000000_BASSET_BRANCH",2100,249487,"BASSET BRANCH","03100205","49000000","STREAM","tbcmp_PD_HA_IntHigh_2100","PD","HA","IntHigh","2100",246.598320758188
"03100205_49000000_BASSET_BRANCH",3200,415377,"BASSET BRANCH","03100205","49000000","STREAM","tbcmp_PD_HA_IntHigh_2100","PD","HA","IntHigh","2100",410.567567374548
"03100205_49000000_BASSET_BRANCH",4100,186887,"BASSET BRANCH","03100205","49000000","STREAM","tbcmp_PD_HA_IntHigh_2100","PD","HA","IntHigh","2100",184.723133355788
"03100205_49000000_BASSET_BRANCH",4400,81933,"BASSET BRANCH","03100205","49000000","STREAM","tbcmp_PD_HA_IntHigh_2100","PD","HA","IntHigh","2100",80.984340725892
"03100205_49000000_BASSET_BRANCH",5200,486521,"BASSET BRANCH","03100205","49000000","STREAM","tbcmp_PD_HA_IntHigh_2100","PD","HA","IntHigh","2100",480.887828278004
"03100205_49000000_BASSET_BRANCH",6110,864050,"BASSET BRANCH","03100205","49000000","STREAM","tbcmp_PD_HA_IntHigh_2100","PD","HA","IntHigh","2100",854.0456178122
"03100205_49000000_BASSET_BRANCH",6410,691896,"BASSET BRANCH","03100205","49000000","STREAM","tbcmp_PD_HA_IntHigh_2100","PD","HA","IntHigh","2100",683.884898769504
"03100205_50000000_TWO_HOLE_BRANCH",1100,825671,"TWO HOLE BRANCH","03100205","50000000","STREAM","tbcmp_PD_HA_IntHigh_2100","PD","HA","IntHigh","2100",816.110988142604
"03100205_50000000_TWO_HOLE_BRANCH",1200,33478,"TWO HOLE BRANCH","03100205","50000000","STREAM","tbcmp_PD_HA_IntHigh_2100","PD","HA","IntHigh","2100",33.090375780472
"03100205_50000000_TWO_HOLE_BRANCH",1800,5822,"TWO HOLE BRANCH","03100205","50000000","STREAM","tbcmp_PD_HA_IntHigh_2100","PD","HA","IntHigh","2100",5.754590112728
"03100205_50000000_TWO_HOLE_BRANCH",1900,136988,"TWO HOLE BRANCH","03100205","50000000","STREAM","tbcmp_PD_HA_IntHigh_2100","PD","HA","IntHigh","2100",135.401887729712
"03100205_50000000_TWO_HOLE_BRANCH",2100,2566365,"TWO HOLE BRANCH","03100205","50000000","STREAM","tbcmp_PD_HA_IntHigh_2100","PD","HA","IntHigh","2100",2536.65040444026
"03100205_50000000_TWO_HOLE_BRANCH",2400,40667,"TWO HOLE BRANCH","03100205","50000000","STREAM","tbcmp_PD_HA_IntHigh_2100","PD","HA","IntHigh","2100",40.196138116508
"03100205_50000000_TWO_HOLE_BRANCH",3200,315326,"TWO HOLE BRANCH","03100205","50000000","STREAM","tbcmp_PD_HA_IntHigh_2100","PD","HA","IntHigh","2100",311.675005476824
"03100205_50000000_TWO_HOLE_BRANCH",4100,398139,"TWO HOLE BRANCH","03100205","50000000","STREAM","tbcmp_PD_HA_IntHigh_2100","PD","HA","IntHigh","2100",393.529157143836
"03100205_50000000_TWO_HOLE_BRANCH",4400,315748,"TWO HOLE BRANCH","03100205","50000000","STREAM","tbcmp_PD_HA_IntHigh_2100","PD","HA","IntHigh","2100",312.092119359952
"03100205_50000000_TWO_HOLE_BRANCH",5200,25532,"TWO HOLE BRANCH","03100205","50000000","STREAM","tbcmp_PD_HA_IntHigh_2100","PD","HA","IntHigh","2100",25.236378350768
"03100205_50000000_TWO_HOLE_BRANCH",6110,1204013,"TWO HOLE BRANCH","03100205","50000000","STREAM","tbcmp_PD_HA_IntHigh_2100","PD","HA","IntHigh","2100",1190.07236437581
"03100205_50000000_TWO_HOLE_BRANCH",6410,506619,"TWO HOLE BRANCH","03100205","50000000","STREAM","tbcmp_PD_HA_IntHigh_2100","PD","HA","IntHigh","2100",500.753124067356
"03100205_52000000_CLAY_GULLY",1100,763359,"CLAY GULLY","03100205","52000000","STREAM","tbcmp_PD_HA_IntHigh_2100","PD","HA","IntHigh","2100",754.520466139116
"03100205_52000000_CLAY_GULLY",1200,36887,"CLAY GULLY","03100205","52000000","STREAM","tbcmp_PD_HA_IntHigh_2100","PD","HA","IntHigh","2100",36.459904755788
"03100205_52000000_CLAY_GULLY",1900,20062,"CLAY GULLY","03100205","52000000","STREAM","tbcmp_PD_HA_IntHigh_2100","PD","HA","IntHigh","2100",19.829712614488
"03100205_52000000_CLAY_GULLY",2100,1256220,"CLAY GULLY","03100205","52000000","STREAM","tbcmp_PD_HA_IntHigh_2100","PD","HA","IntHigh","2100",1241.67488687928
"03100205_52000000_CLAY_GULLY",2200,7399,"CLAY GULLY","03100205","52000000","STREAM","tbcmp_PD_HA_IntHigh_2100","PD","HA","IntHigh","2100",7.313330856076
"03100205_52000000_CLAY_GULLY",3200,15641,"CLAY GULLY","03100205","52000000","STREAM","tbcmp_PD_HA_IntHigh_2100","PD","HA","IntHigh","2100",15.459901056884
"03100205_52000000_CLAY_GULLY",4100,272710,"CLAY GULLY","03100205","52000000","STREAM","tbcmp_PD_HA_IntHigh_2100","PD","HA","IntHigh","2100",269.55243381004
"03100205_52000000_CLAY_GULLY",4400,71956,"CLAY GULLY","03100205","52000000","STREAM","tbcmp_PD_HA_IntHigh_2100","PD","HA","IntHigh","2100",71.122859180944
"03100205_52000000_CLAY_GULLY",5200,28990,"CLAY GULLY","03100205","52000000","STREAM","tbcmp_PD_HA_IntHigh_2100","PD","HA","IntHigh","2100",28.65433998076
"03100205_52000000_CLAY_GULLY",6110,497649,"CLAY GULLY","03100205","52000000","STREAM","tbcmp_PD_HA_IntHigh_2100","PD","HA","IntHigh","2100",491.886982997076
"03100205_52000000_CLAY_GULLY",6410,154710,"CLAY GULLY","03100205","52000000","STREAM","tbcmp_PD_HA_IntHigh_2100","PD","HA","IntHigh","2100",152.91869397804
"03100205_54000000_HOLLOMANS_BRANCH",1100,3722814,"HOLLOMANS BRANCH","03100205","54000000","STREAM","tbcmp_PD_HA_IntHigh_2100","PD","HA","IntHigh","2100",3679.70948744854
"03100205_54000000_HOLLOMANS_BRANCH",1200,172490,"HOLLOMANS BRANCH","03100205","54000000","STREAM","tbcmp_PD_HA_IntHigh_2100","PD","HA","IntHigh","2100",170.49282867476
"03100205_54000000_HOLLOMANS_BRANCH",1800,20230,"HOLLOMANS BRANCH","03100205","54000000","STREAM","tbcmp_PD_HA_IntHigh_2100","PD","HA","IntHigh","2100",19.99576743052
"03100205_54000000_HOLLOMANS_BRANCH",1900,137056,"HOLLOMANS BRANCH","03100205","54000000","STREAM","tbcmp_PD_HA_IntHigh_2100","PD","HA","IntHigh","2100",135.469100393344
"03100205_54000000_HOLLOMANS_BRANCH",2100,2827445,"HOLLOMANS BRANCH","03100205","54000000","STREAM","tbcmp_PD_HA_IntHigh_2100","PD","HA","IntHigh","2100",2794.70749592618
"03100205_54000000_HOLLOMANS_BRANCH",2200,8586,"HOLLOMANS BRANCH","03100205","54000000","STREAM","tbcmp_PD_HA_IntHigh_2100","PD","HA","IntHigh","2100",8.486587205064
"03100205_54000000_HOLLOMANS_BRANCH",2400,65498,"HOLLOMANS BRANCH","03100205","54000000","STREAM","tbcmp_PD_HA_IntHigh_2100","PD","HA","IntHigh","2100",64.739632978952
"03100205_54000000_HOLLOMANS_BRANCH",3200,56797,"HOLLOMANS BRANCH","03100205","54000000","STREAM","tbcmp_PD_HA_IntHigh_2100","PD","HA","IntHigh","2100",56.139377298628
"03100205_54000000_HOLLOMANS_BRANCH",4100,536301,"HOLLOMANS BRANCH","03100205","54000000","STREAM","tbcmp_PD_HA_IntHigh_2100","PD","HA","IntHigh","2100",530.091451742724
"03100205_54000000_HOLLOMANS_BRANCH",4400,14610,"HOLLOMANS BRANCH","03100205","54000000","STREAM","tbcmp_PD_HA_IntHigh_2100","PD","HA","IntHigh","2100",14.44083846564
"03100205_54000000_HOLLOMANS_BRANCH",5200,108283,"HOLLOMANS BRANCH","03100205","54000000","STREAM","tbcmp_PD_HA_IntHigh_2100","PD","HA","IntHigh","2100",107.029247883292
"03100205_54000000_HOLLOMANS_BRANCH",6110,428065,"HOLLOMANS BRANCH","03100205","54000000","STREAM","tbcmp_PD_HA_IntHigh_2100","PD","HA","IntHigh","2100",423.10865967106
"03100205_54000000_HOLLOMANS_BRANCH",6410,829279,"HOLLOMANS BRANCH","03100205","54000000","STREAM","tbcmp_PD_HA_IntHigh_2100","PD","HA","IntHigh","2100",819.677213001196
"03100205_56000000_FLINT_CREEK",1100,1707612,"FLINT CREEK","03100205","56000000","STREAM","tbcmp_PD_HA_IntHigh_2100","PD","HA","IntHigh","2100",1687.84045544069
"03100205_56000000_FLINT_CREEK",1200,101833,"FLINT CREEK","03100205","56000000","STREAM","tbcmp_PD_HA_IntHigh_2100","PD","HA","IntHigh","2100",100.653929053492
"03100205_56000000_FLINT_CREEK",1800,11748,"FLINT CREEK","03100205","56000000","STREAM","tbcmp_PD_HA_IntHigh_2100","PD","HA","IntHigh","2100",11.611976063952
"03100205_56000000_FLINT_CREEK",1900,484586,"FLINT CREEK","03100205","56000000","STREAM","tbcmp_PD_HA_IntHigh_2100","PD","HA","IntHigh","2100",478.975232629064
"03100205_56000000_FLINT_CREEK",2100,1074223,"FLINT CREEK","03100205","56000000","STREAM","tbcmp_PD_HA_IntHigh_2100","PD","HA","IntHigh","2100",1061.78513477585
"03100205_56000000_FLINT_CREEK",2200,63272,"FLINT CREEK","03100205","56000000","STREAM","tbcmp_PD_HA_IntHigh_2100","PD","HA","IntHigh","2100",62.539406666528
"03100205_56000000_FLINT_CREEK",2400,34159,"FLINT CREEK","03100205","56000000","STREAM","tbcmp_PD_HA_IntHigh_2100","PD","HA","IntHigh","2100",33.763490838316
"03100205_56000000_FLINT_CREEK",3200,5467,"FLINT CREEK","03100205","56000000","STREAM","tbcmp_PD_HA_IntHigh_2100","PD","HA","IntHigh","2100",5.403700471708
"03100205_56000000_FLINT_CREEK",4100,140281,"FLINT CREEK","03100205","56000000","STREAM","tbcmp_PD_HA_IntHigh_2100","PD","HA","IntHigh","2100",138.656759808244
"03100205_56000000_FLINT_CREEK",4400,26982,"FLINT CREEK","03100205","56000000","STREAM","tbcmp_PD_HA_IntHigh_2100","PD","HA","IntHigh","2100",26.669589560568
"03100205_56000000_FLINT_CREEK",5200,907400,"FLINT CREEK","03100205","56000000","STREAM","tbcmp_PD_HA_IntHigh_2100","PD","HA","IntHigh","2100",896.8936908776
"03100205_56000000_FLINT_CREEK",6110,636118,"FLINT CREEK","03100205","56000000","STREAM","tbcmp_PD_HA_IntHigh_2100","PD","HA","IntHigh","2100",628.752723003832
"03100205_56000000_FLINT_CREEK",6410,227082,"FLINT CREEK","03100205","56000000","STREAM","tbcmp_PD_HA_IntHigh_2100","PD","HA","IntHigh","2100",224.452736512968
"03100205_56100000_PEMBERTON_CREEK",1100,1221470,"PEMBERTON CREEK","03100205","56100000","STREAM","tbcmp_PD_HA_IntHigh_2100","PD","HA","IntHigh","2100",1207.32723892028
"03100205_56100000_PEMBERTON_CREEK",1200,2607463,"PEMBERTON CREEK","03100205","56100000","STREAM","tbcmp_PD_HA_IntHigh_2100","PD","HA","IntHigh","2100",2577.27255223361
"03100205_56100000_PEMBERTON_CREEK",1800,29297,"PEMBERTON CREEK","03100205","56100000","STREAM","tbcmp_PD_HA_IntHigh_2100","PD","HA","IntHigh","2100",28.957785388628
"03100205_56100000_PEMBERTON_CREEK",1900,243147,"PEMBERTON CREEK","03100205","56100000","STREAM","tbcmp_PD_HA_IntHigh_2100","PD","HA","IntHigh","2100",240.331728296028
"03100205_56100000_PEMBERTON_CREEK",2100,1001513,"PEMBERTON CREEK","03100205","56100000","STREAM","tbcmp_PD_HA_IntHigh_2100","PD","HA","IntHigh","2100",989.917005765812
"03100205_56100000_PEMBERTON_CREEK",2200,9442,"PEMBERTON CREEK","03100205","56100000","STREAM","tbcmp_PD_HA_IntHigh_2100","PD","HA","IntHigh","2100",9.332676029608
"03100205_56100000_PEMBERTON_CREEK",2400,43789,"PEMBERTON CREEK","03100205","56100000","STREAM","tbcmp_PD_HA_IntHigh_2100","PD","HA","IntHigh","2100",43.281990114436
"03100205_56100000_PEMBERTON_CREEK",3200,5517,"PEMBERTON CREEK","03100205","56100000","STREAM","tbcmp_PD_HA_IntHigh_2100","PD","HA","IntHigh","2100",5.453121547908
"03100205_56100000_PEMBERTON_CREEK",4100,281852,"PEMBERTON CREEK","03100205","56100000","STREAM","tbcmp_PD_HA_IntHigh_2100","PD","HA","IntHigh","2100",278.588583382448
"03100205_56100000_PEMBERTON_CREEK",4400,17301,"PEMBERTON CREEK","03100205","56100000","STREAM","tbcmp_PD_HA_IntHigh_2100","PD","HA","IntHigh","2100",17.100680786724
"03100205_56100000_PEMBERTON_CREEK",5200,97305,"PEMBERTON CREEK","03100205","56100000","STREAM","tbcmp_PD_HA_IntHigh_2100","PD","HA","IntHigh","2100",96.17835639282
"03100205_56100000_PEMBERTON_CREEK",6110,708302,"PEMBERTON CREEK","03100205","56100000","STREAM","tbcmp_PD_HA_IntHigh_2100","PD","HA","IntHigh","2100",700.100942292248
"03100205_56100000_PEMBERTON_CREEK",6410,564476,"PEMBERTON CREEK","03100205","56100000","STREAM","tbcmp_PD_HA_IntHigh_2100","PD","HA","IntHigh","2100",557.940228181424
"03100205_56105000_SPARKMAN_BRANCH",1100,444226,"SPARKMAN BRANCH","03100205","56105000","STREAM","tbcmp_PD_HA_IntHigh_2100","PD","HA","IntHigh","2100",439.082539920424
"03100205_56105000_SPARKMAN_BRANCH",1200,2430616,"SPARKMAN BRANCH","03100205","56105000","STREAM","tbcmp_PD_HA_IntHigh_2100","PD","HA","IntHigh","2100",2402.47317097878
"03100205_56105000_SPARKMAN_BRANCH",1800,21325,"SPARKMAN BRANCH","03100205","56105000","STREAM","tbcmp_PD_HA_IntHigh_2100","PD","HA","IntHigh","2100",21.0780889993
"03100205_56105000_SPARKMAN_BRANCH",1820,181020,"SPARKMAN BRANCH","03100205","56105000","STREAM","tbcmp_PD_HA_IntHigh_2100","PD","HA","IntHigh","2100",178.92406427448
"03100205_56105000_SPARKMAN_BRANCH",1900,156426,"SPARKMAN BRANCH","03100205","56105000","STREAM","tbcmp_PD_HA_IntHigh_2100","PD","HA","IntHigh","2100",154.614825313224
"03100205_56105000_SPARKMAN_BRANCH",2100,416880,"SPARKMAN BRANCH","03100205","56105000","STREAM","tbcmp_PD_HA_IntHigh_2100","PD","HA","IntHigh","2100",412.05316492512
"03100205_56105000_SPARKMAN_BRANCH",2400,45131,"SPARKMAN BRANCH","03100205","56105000","STREAM","tbcmp_PD_HA_IntHigh_2100","PD","HA","IntHigh","2100",44.608451799644
"03100205_56105000_SPARKMAN_BRANCH",3200,46137,"SPARKMAN BRANCH","03100205","56105000","STREAM","tbcmp_PD_HA_IntHigh_2100","PD","HA","IntHigh","2100",45.602803852788
"03100205_56105000_SPARKMAN_BRANCH",4100,113279,"SPARKMAN BRANCH","03100205","56105000","STREAM","tbcmp_PD_HA_IntHigh_2100","PD","HA","IntHigh","2100",111.967401817196
"03100205_56105000_SPARKMAN_BRANCH",5200,166317,"SPARKMAN BRANCH","03100205","56105000","STREAM","tbcmp_PD_HA_IntHigh_2100","PD","HA","IntHigh","2100",164.391302607108
"03100205_56105000_SPARKMAN_BRANCH",6110,843408,"SPARKMAN BRANCH","03100205","56105000","STREAM","tbcmp_PD_HA_IntHigh_2100","PD","HA","IntHigh","2100",833.642620713792
"03100205_56105000_SPARKMAN_BRANCH",6410,119378,"SPARKMAN BRANCH","03100205","56105000","STREAM","tbcmp_PD_HA_IntHigh_2100","PD","HA","IntHigh","2100",117.995784692072
"03100205_56106000_MOORE_LAKE_DRAIN",1100,434013,"MOORE LAKE DRAIN","03100205","56106000","DRAIN","tbcmp_PD_HA_IntHigh_2100","PD","HA","IntHigh","2100",428.987790895812
"03100205_56106000_MOORE_LAKE_DRAIN",1200,197617,"MOORE LAKE DRAIN","03100205","56106000","DRAIN","tbcmp_PD_HA_IntHigh_2100","PD","HA","IntHigh","2100",195.328896308308
"03100205_56106000_MOORE_LAKE_DRAIN",1900,54472,"MOORE LAKE DRAIN","03100205","56106000","DRAIN","tbcmp_PD_HA_IntHigh_2100","PD","HA","IntHigh","2100",53.841297255328
"03100205_56106000_MOORE_LAKE_DRAIN",2100,491488,"MOORE LAKE DRAIN","03100205","56106000","DRAIN","tbcmp_PD_HA_IntHigh_2100","PD","HA","IntHigh","2100",485.797317987712
"03100205_56106000_MOORE_LAKE_DRAIN",2200,11245,"MOORE LAKE DRAIN","03100205","56106000","DRAIN","tbcmp_PD_HA_IntHigh_2100","PD","HA","IntHigh","2100",11.11480003738
"03100205_56106000_MOORE_LAKE_DRAIN",2400,54214,"MOORE LAKE DRAIN","03100205","56106000","DRAIN","tbcmp_PD_HA_IntHigh_2100","PD","HA","IntHigh","2100",53.586284502136
"03100205_56106000_MOORE_LAKE_DRAIN",4100,22747,"MOORE LAKE DRAIN","03100205","56106000","DRAIN","tbcmp_PD_HA_IntHigh_2100","PD","HA","IntHigh","2100",22.483624406428
"03100205_56106000_MOORE_LAKE_DRAIN",5200,87743,"MOORE LAKE DRAIN","03100205","56106000","DRAIN","tbcmp_PD_HA_IntHigh_2100","PD","HA","IntHigh","2100",86.727069780332
"03100205_56106000_MOORE_LAKE_DRAIN",6110,212050,"MOORE LAKE DRAIN","03100205","56106000","DRAIN","tbcmp_PD_HA_IntHigh_2100","PD","HA","IntHigh","2100",209.5947841642
"03100205_56106000_MOORE_LAKE_DRAIN",6410,83939,"MOORE LAKE DRAIN","03100205","56106000","DRAIN","tbcmp_PD_HA_IntHigh_2100","PD","HA","IntHigh","2100",82.967114303036
"03100205_56200000_SELFER_CANAL",1100,4363908,"SELFER CANAL","03100205","56200000","CANAL","tbcmp_PD_HA_IntHigh_2100","PD","HA","IntHigh","2100",4313.38059595579
"03100205_56200000_SELFER_CANAL",1200,7367981,"SELFER CANAL","03100205","56200000","CANAL","tbcmp_PD_HA_IntHigh_2100","PD","HA","IntHigh","2100",7282.67100882304
"03100205_56200000_SELFER_CANAL",1800,235781,"SELFER CANAL","03100205","56200000","CANAL","tbcmp_PD_HA_IntHigh_2100","PD","HA","IntHigh","2100",233.051015350244
"03100205_56200000_SELFER_CANAL",1820,205315,"SELFER CANAL","03100205","56200000","CANAL","tbcmp_PD_HA_IntHigh_2100","PD","HA","IntHigh","2100",202.93776520006
"03100205_56200000_SELFER_CANAL",1900,946646,"SELFER CANAL","03100205","56200000","CANAL","tbcmp_PD_HA_IntHigh_2100","PD","HA","IntHigh","2100",935.685282008504
"03100205_56200000_SELFER_CANAL",2100,3356050,"SELFER CANAL","03100205","56200000","CANAL","tbcmp_PD_HA_IntHigh_2100","PD","HA","IntHigh","2100",3317.1920556202
"03100205_56200000_SELFER_CANAL",2200,26061,"SELFER CANAL","03100205","56200000","CANAL","tbcmp_PD_HA_IntHigh_2100","PD","HA","IntHigh","2100",25.759253336964
"03100205_56200000_SELFER_CANAL",2400,202396,"SELFER CANAL","03100205","56200000","CANAL","tbcmp_PD_HA_IntHigh_2100","PD","HA","IntHigh","2100",200.052562771504
"03100205_56200000_SELFER_CANAL",3200,5141,"SELFER CANAL","03100205","56200000","CANAL","tbcmp_PD_HA_IntHigh_2100","PD","HA","IntHigh","2100",5.081475054884
"03100205_56200000_SELFER_CANAL",4100,853654,"SELFER CANAL","03100205","56200000","CANAL","tbcmp_PD_HA_IntHigh_2100","PD","HA","IntHigh","2100",843.769987648696
"03100205_56200000_SELFER_CANAL",4400,28054,"SELFER CANAL","03100205","56200000","CANAL","tbcmp_PD_HA_IntHigh_2100","PD","HA","IntHigh","2100",27.729177434296
"03100205_56200000_SELFER_CANAL",5200,847302,"SELFER CANAL","03100205","56200000","CANAL","tbcmp_PD_HA_IntHigh_2100","PD","HA","IntHigh","2100",837.491534128248
"03100205_56200000_SELFER_CANAL",6110,369897,"SELFER CANAL","03100205","56200000","CANAL","tbcmp_PD_HA_IntHigh_2100","PD","HA","IntHigh","2100",365.614156463028
"03100205_56200000_SELFER_CANAL",6410,1259989,"SELFER CANAL","03100205","56200000","CANAL","tbcmp_PD_HA_IntHigh_2100","PD","HA","IntHigh","2100",1245.40024760324
"03100205_56310000_BAKER_CREEK_TRIBUTARY",1100,211745,"BAKER CREEK TRIBUTARY","03100205","56310000","STREAM","tbcmp_PD_HA_IntHigh_2100","PD","HA","IntHigh","2100",209.29331559938
"03100205_56310000_BAKER_CREEK_TRIBUTARY",1200,4685,"BAKER CREEK TRIBUTARY","03100205","56310000","STREAM","tbcmp_PD_HA_IntHigh_2100","PD","HA","IntHigh","2100",4.63075483994
"03100205_56310000_BAKER_CREEK_TRIBUTARY",1900,22046,"BAKER CREEK TRIBUTARY","03100205","56310000","STREAM","tbcmp_PD_HA_IntHigh_2100","PD","HA","IntHigh","2100",21.790740918104
"03100205_56310000_BAKER_CREEK_TRIBUTARY",2100,106963,"BAKER CREEK TRIBUTARY","03100205","56310000","STREAM","tbcmp_PD_HA_IntHigh_2100","PD","HA","IntHigh","2100",105.724531471612
"03100205_56310000_BAKER_CREEK_TRIBUTARY",2400,2248,"BAKER CREEK TRIBUTARY","03100205","56310000","STREAM","tbcmp_PD_HA_IntHigh_2100","PD","HA","IntHigh","2100",2.221971585952
"03100205_56310000_BAKER_CREEK_TRIBUTARY",4100,31653,"BAKER CREEK TRIBUTARY","03100205","56310000","STREAM","tbcmp_PD_HA_IntHigh_2100","PD","HA","IntHigh","2100",31.286506499172
"03100205_56310000_BAKER_CREEK_TRIBUTARY",5200,792,"BAKER CREEK TRIBUTARY","03100205","56310000","STREAM","tbcmp_PD_HA_IntHigh_2100","PD","HA","IntHigh","2100",0.782829847008
"03100205_56310000_BAKER_CREEK_TRIBUTARY",6410,39993,"BAKER CREEK TRIBUTARY","03100205","56310000","STREAM","tbcmp_PD_HA_IntHigh_2100","PD","HA","IntHigh","2100",39.529942009332
"03100205_56600000_CAMPBELL_BRANCH",1100,3151019,"CAMPBELL BRANCH","03100205","56600000","STREAM","tbcmp_PD_HA_IntHigh_2100","PD","HA","IntHigh","2100",3114.53500213296
"03100205_56600000_CAMPBELL_BRANCH",1200,107870,"CAMPBELL BRANCH","03100205","56600000","STREAM","tbcmp_PD_HA_IntHigh_2100","PD","HA","IntHigh","2100",106.62102979388
"03100205_56600000_CAMPBELL_BRANCH",1900,232745,"CAMPBELL BRANCH","03100205","56600000","STREAM","tbcmp_PD_HA_IntHigh_2100","PD","HA","IntHigh","2100",230.05016760338
"03100205_56600000_CAMPBELL_BRANCH",2100,2024819,"CAMPBELL BRANCH","03100205","56600000","STREAM","tbcmp_PD_HA_IntHigh_2100","PD","HA","IntHigh","2100",2001.37468180416
"03100205_56600000_CAMPBELL_BRANCH",2200,1007,"CAMPBELL BRANCH","03100205","56600000","STREAM","tbcmp_PD_HA_IntHigh_2100","PD","HA","IntHigh","2100",0.995340474668
"03100205_56600000_CAMPBELL_BRANCH",2400,160080,"CAMPBELL BRANCH","03100205","56600000","STREAM","tbcmp_PD_HA_IntHigh_2100","PD","HA","IntHigh","2100",158.22651756192
"03100205_56600000_CAMPBELL_BRANCH",3200,29104,"CAMPBELL BRANCH","03100205","56600000","STREAM","tbcmp_PD_HA_IntHigh_2100","PD","HA","IntHigh","2100",28.767020034496
"03100205_56600000_CAMPBELL_BRANCH",4100,281524,"CAMPBELL BRANCH","03100205","56600000","STREAM","tbcmp_PD_HA_IntHigh_2100","PD","HA","IntHigh","2100",278.264381122576
"03100205_56600000_CAMPBELL_BRANCH",4400,7086,"CAMPBELL BRANCH","03100205","56600000","STREAM","tbcmp_PD_HA_IntHigh_2100","PD","HA","IntHigh","2100",7.003954919064
"03100205_56600000_CAMPBELL_BRANCH",5200,97121,"CAMPBELL BRANCH","03100205","56600000","STREAM","tbcmp_PD_HA_IntHigh_2100","PD","HA","IntHigh","2100",95.996486832404
"03100205_56600000_CAMPBELL_BRANCH",6110,204749,"CAMPBELL BRANCH","03100205","56600000","STREAM","tbcmp_PD_HA_IntHigh_2100","PD","HA","IntHigh","2100",202.378318617476
"03100205_56600000_CAMPBELL_BRANCH",6410,560079,"CAMPBELL BRANCH","03100205","56600000","STREAM","tbcmp_PD_HA_IntHigh_2100","PD","HA","IntHigh","2100",553.594138740396
"03100205_63000000_TROUT_CREEK",1100,298007,"TROUT CREEK","03100205","63000000","SLOUGH","tbcmp_PD_HA_IntHigh_2100","PD","HA","IntHigh","2100",294.556533102668
"03100205_63000000_TROUT_CREEK",1200,5964835,"TROUT CREEK","03100205","63000000","SLOUGH","tbcmp_PD_HA_IntHigh_2100","PD","HA","IntHigh","2100",5895.77130110854
"03100205_63000000_TROUT_CREEK",1800,193420,"TROUT CREEK","03100205","63000000","SLOUGH","tbcmp_PD_HA_IntHigh_2100","PD","HA","IntHigh","2100",191.18049117208
"03100205_63000000_TROUT_CREEK",1820,382065,"TROUT CREEK","03100205","63000000","SLOUGH","tbcmp_PD_HA_IntHigh_2100","PD","HA","IntHigh","2100",377.64126956706
"03100205_63000000_TROUT_CREEK",1900,931846,"TROUT CREEK","03100205","63000000","SLOUGH","tbcmp_PD_HA_IntHigh_2100","PD","HA","IntHigh","2100",921.056643453304
"03100205_63000000_TROUT_CREEK",2100,354970,"TROUT CREEK","03100205","63000000","SLOUGH","tbcmp_PD_HA_IntHigh_2100","PD","HA","IntHigh","2100",350.85998837428
"03100205_63000000_TROUT_CREEK",3200,695116,"TROUT CREEK","03100205","63000000","SLOUGH","tbcmp_PD_HA_IntHigh_2100","PD","HA","IntHigh","2100",687.067616076784
"03100205_63000000_TROUT_CREEK",4100,906856,"TROUT CREEK","03100205","63000000","SLOUGH","tbcmp_PD_HA_IntHigh_2100","PD","HA","IntHigh","2100",896.355989568544
"03100205_63000000_TROUT_CREEK",4400,47931,"TROUT CREEK","03100205","63000000","SLOUGH","tbcmp_PD_HA_IntHigh_2100","PD","HA","IntHigh","2100",47.376032066844
"03100205_63000000_TROUT_CREEK",5200,934161,"TROUT CREEK","03100205","63000000","SLOUGH","tbcmp_PD_HA_IntHigh_2100","PD","HA","IntHigh","2100",923.344839281364
"03100205_63000000_TROUT_CREEK",6110,3279572,"TROUT CREEK","03100205","63000000","SLOUGH","tbcmp_PD_HA_IntHigh_2100","PD","HA","IntHigh","2100",3241.59955430773
"03100205_63000000_TROUT_CREEK",6410,1150891,"TROUT CREEK","03100205","63000000","SLOUGH","tbcmp_PD_HA_IntHigh_2100","PD","HA","IntHigh","2100",1137.56543617788
"03100205_63950000_CLAY_GULLY",1100,37051,"CLAY GULLY","03100205","63950000","SLOUGH","tbcmp_PD_HA_IntHigh_2100","PD","HA","IntHigh","2100",36.622005885724
"03100205_63950000_CLAY_GULLY",1200,2121901,"CLAY GULLY","03100205","63950000","SLOUGH","tbcmp_PD_HA_IntHigh_2100","PD","HA","IntHigh","2100",2097.33262019712
"03100205_63950000_CLAY_GULLY",1800,33653,"CLAY GULLY","03100205","63950000","SLOUGH","tbcmp_PD_HA_IntHigh_2100","PD","HA","IntHigh","2100",33.263349547172
"03100205_63950000_CLAY_GULLY",1820,79512,"CLAY GULLY","03100205","63950000","SLOUGH","tbcmp_PD_HA_IntHigh_2100","PD","HA","IntHigh","2100",78.591372216288
"03100205_63950000_CLAY_GULLY",1900,184520,"CLAY GULLY","03100205","63950000","SLOUGH","tbcmp_PD_HA_IntHigh_2100","PD","HA","IntHigh","2100",182.38353960848
"03100205_63950000_CLAY_GULLY",2100,543970,"CLAY GULLY","03100205","63950000","SLOUGH","tbcmp_PD_HA_IntHigh_2100","PD","HA","IntHigh","2100",537.67165641028
"03100205_63950000_CLAY_GULLY",3200,393138,"CLAY GULLY","03100205","63950000","SLOUGH","tbcmp_PD_HA_IntHigh_2100","PD","HA","IntHigh","2100",388.586061102312
"03100205_63950000_CLAY_GULLY",4100,706603,"CLAY GULLY","03100205","63950000","SLOUGH","tbcmp_PD_HA_IntHigh_2100","PD","HA","IntHigh","2100",698.421614122972
"03100205_63950000_CLAY_GULLY",4400,2507,"CLAY GULLY","03100205","63950000","SLOUGH","tbcmp_PD_HA_IntHigh_2100","PD","HA","IntHigh","2100",2.477972760668
"03100205_63950000_CLAY_GULLY",5200,375393,"CLAY GULLY","03100205","63950000","SLOUGH","tbcmp_PD_HA_IntHigh_2100","PD","HA","IntHigh","2100",371.046521158932
"03100205_63950000_CLAY_GULLY",6110,1152640,"CLAY GULLY","03100205","63950000","SLOUGH","tbcmp_PD_HA_IntHigh_2100","PD","HA","IntHigh","2100",1139.29418542336
"03100205_63950000_CLAY_GULLY",6410,490891,"CLAY GULLY","03100205","63950000","SLOUGH","tbcmp_PD_HA_IntHigh_2100","PD","HA","IntHigh","2100",485.207230337884
"03100205_67000000_CYPRESS_CREEK",1100,2532995,"CYPRESS CREEK","03100205","67000000","STREAM","tbcmp_PD_HA_IntHigh_2100","PD","HA","IntHigh","2100",2503.66677818438
"03100205_67000000_CYPRESS_CREEK",1200,11460693,"CYPRESS CREEK","03100205","67000000","STREAM","tbcmp_PD_HA_IntHigh_2100","PD","HA","IntHigh","2100",11327.9956411561
"03100205_67000000_CYPRESS_CREEK",1800,238305,"CYPRESS CREEK","03100205","67000000","STREAM","tbcmp_PD_HA_IntHigh_2100","PD","HA","IntHigh","2100",235.54579127682
"03100205_67000000_CYPRESS_CREEK",1820,420759,"CYPRESS CREEK","03100205","67000000","STREAM","tbcmp_PD_HA_IntHigh_2100","PD","HA","IntHigh","2100",415.887252016716
"03100205_67000000_CYPRESS_CREEK",1900,1519123,"CYPRESS CREEK","03100205","67000000","STREAM","tbcmp_PD_HA_IntHigh_2100","PD","HA","IntHigh","2100",1501.53387080345
"03100205_67000000_CYPRESS_CREEK",2100,7290824,"CYPRESS CREEK","03100205","67000000","STREAM","tbcmp_PD_HA_IntHigh_2100","PD","HA","IntHigh","2100",7206.40736929577
"03100205_67000000_CYPRESS_CREEK",2200,156560,"CYPRESS CREEK","03100205","67000000","STREAM","tbcmp_PD_HA_IntHigh_2100","PD","HA","IntHigh","2100",154.74727379744
"03100205_67000000_CYPRESS_CREEK",2400,76839,"CYPRESS CREEK","03100205","67000000","STREAM","tbcmp_PD_HA_IntHigh_2100","PD","HA","IntHigh","2100",75.949321482636
"03100205_67000000_CYPRESS_CREEK",3200,1218200,"CYPRESS CREEK","03100205","67000000","STREAM","tbcmp_PD_HA_IntHigh_2100","PD","HA","IntHigh","2100",1204.0951005368
"03100205_67000000_CYPRESS_CREEK",4100,4588434,"CYPRESS CREEK","03100205","67000000","STREAM","tbcmp_PD_HA_IntHigh_2100","PD","HA","IntHigh","2100",4535.30692705342
"03100205_67000000_CYPRESS_CREEK",4400,669335,"CYPRESS CREEK","03100205","67000000","STREAM","tbcmp_PD_HA_IntHigh_2100","PD","HA","IntHigh","2100",661.58512076654
"03100205_67000000_CYPRESS_CREEK",5200,1699297,"CYPRESS CREEK","03100205","67000000","STREAM","tbcmp_PD_HA_IntHigh_2100","PD","HA","IntHigh","2100",1679.62173046863
"03100205_67000000_CYPRESS_CREEK",6110,14663833,"CYPRESS CREEK","03100205","67000000","STREAM","tbcmp_PD_HA_IntHigh_2100","PD","HA","IntHigh","2100",14494.0481615415
"03100205_67000000_CYPRESS_CREEK",6410,3279639,"CYPRESS CREEK","03100205","67000000","STREAM","tbcmp_PD_HA_IntHigh_2100","PD","HA","IntHigh","2100",3241.66577854984
"03100205_67160000_BAYOU_BRANCH",1100,974351,"BAYOU BRANCH","03100205","67160000","STREAM","tbcmp_PD_HA_IntHigh_2100","PD","HA","IntHigh","2100",963.069500330924
"03100205_67160000_BAYOU_BRANCH",1200,1877844,"BAYOU BRANCH","03100205","67160000","STREAM","tbcmp_PD_HA_IntHigh_2100","PD","HA","IntHigh","2100",1856.10142831426
"03100205_67160000_BAYOU_BRANCH",1800,42437,"BAYOU BRANCH","03100205","67160000","STREAM","tbcmp_PD_HA_IntHigh_2100","PD","HA","IntHigh","2100",41.945644213988
"03100205_67160000_BAYOU_BRANCH",1900,1424181,"BAYOU BRANCH","03100205","67160000","STREAM","tbcmp_PD_HA_IntHigh_2100","PD","HA","IntHigh","2100",1407.69115447184
"03100205_67160000_BAYOU_BRANCH",2100,3634761,"BAYOU BRANCH","03100205","67160000","STREAM","tbcmp_PD_HA_IntHigh_2100","PD","HA","IntHigh","2100",3592.67600699576
"03100205_67160000_BAYOU_BRANCH",2200,131392,"BAYOU BRANCH","03100205","67160000","STREAM","tbcmp_PD_HA_IntHigh_2100","PD","HA","IntHigh","2100",129.870680881408
"03100205_67160000_BAYOU_BRANCH",2400,65089,"BAYOU BRANCH","03100205","67160000","STREAM","tbcmp_PD_HA_IntHigh_2100","PD","HA","IntHigh","2100",64.335368575636
"03100205_67160000_BAYOU_BRANCH",3200,2596,"BAYOU BRANCH","03100205","67160000","STREAM","tbcmp_PD_HA_IntHigh_2100","PD","HA","IntHigh","2100",2.565942276304
"03100205_67160000_BAYOU_BRANCH",4100,873870,"BAYOU BRANCH","03100205","67160000","STREAM","tbcmp_PD_HA_IntHigh_2100","PD","HA","IntHigh","2100",863.75191717788
"03100205_67160000_BAYOU_BRANCH",4400,209497,"BAYOU BRANCH","03100205","67160000","STREAM","tbcmp_PD_HA_IntHigh_2100","PD","HA","IntHigh","2100",207.071344013428
"03100205_67160000_BAYOU_BRANCH",5200,708258,"BAYOU BRANCH","03100205","67160000","STREAM","tbcmp_PD_HA_IntHigh_2100","PD","HA","IntHigh","2100",700.057451745192
"03100205_67160000_BAYOU_BRANCH",6110,463571,"BAYOU BRANCH","03100205","67160000","STREAM","tbcmp_PD_HA_IntHigh_2100","PD","HA","IntHigh","2100",458.203554302204
"03100205_67160000_BAYOU_BRANCH",6410,1504474,"BAYOU BRANCH","03100205","67160000","STREAM","tbcmp_PD_HA_IntHigh_2100","PD","HA","IntHigh","2100",1487.05448389838
"03100205_67160000_BAYOU_LAKE_OUTLET",1100,109856,"BAYOU LAKE OUTLET","03100205","67160000","OUTLET","tbcmp_PD_HA_IntHigh_2100","PD","HA","IntHigh","2100",108.584034940544
"03100205_67160000_BAYOU_LAKE_OUTLET",1200,181105,"BAYOU LAKE OUTLET","03100205","67160000","OUTLET","tbcmp_PD_HA_IntHigh_2100","PD","HA","IntHigh","2100",179.00808010402
"03100205_67160000_BAYOU_LAKE_OUTLET",1800,4012,"BAYOU LAKE OUTLET","03100205","67160000","OUTLET","tbcmp_PD_HA_IntHigh_2100","PD","HA","IntHigh","2100",3.965547154288
"03100205_67160000_BAYOU_LAKE_OUTLET",1900,156686,"BAYOU LAKE OUTLET","03100205","67160000","OUTLET","tbcmp_PD_HA_IntHigh_2100","PD","HA","IntHigh","2100",154.871814909464
"03100205_67160000_BAYOU_LAKE_OUTLET",2100,990464,"BAYOU LAKE OUTLET","03100205","67160000","OUTLET","tbcmp_PD_HA_IntHigh_2100","PD","HA","IntHigh","2100",978.995936347136
"03100205_67160000_BAYOU_LAKE_OUTLET",2200,6464,"BAYOU LAKE OUTLET","03100205","67160000","OUTLET","tbcmp_PD_HA_IntHigh_2100","PD","HA","IntHigh","2100",6.389156731136
"03100205_67160000_BAYOU_LAKE_OUTLET",3200,2163,"BAYOU LAKE OUTLET","03100205","67160000","OUTLET","tbcmp_PD_HA_IntHigh_2100","PD","HA","IntHigh","2100",2.137955756412
"03100205_67160000_BAYOU_LAKE_OUTLET",4100,205525,"BAYOU LAKE OUTLET","03100205","67160000","OUTLET","tbcmp_PD_HA_IntHigh_2100","PD","HA","IntHigh","2100",203.1453337201
"03100205_67160000_BAYOU_LAKE_OUTLET",4400,34140,"BAYOU LAKE OUTLET","03100205","67160000","OUTLET","tbcmp_PD_HA_IntHigh_2100","PD","HA","IntHigh","2100",33.74471082936
"03100205_67160000_BAYOU_LAKE_OUTLET",5200,105173,"BAYOU LAKE OUTLET","03100205","67160000","OUTLET","tbcmp_PD_HA_IntHigh_2100","PD","HA","IntHigh","2100",103.955256943652
"03100205_67160000_BAYOU_LAKE_OUTLET",6110,357424,"BAYOU LAKE OUTLET","03100205","67160000","OUTLET","tbcmp_PD_HA_IntHigh_2100","PD","HA","IntHigh","2100",353.285574794176
"03100205_67160000_BAYOU_LAKE_OUTLET",6410,315786,"BAYOU LAKE OUTLET","03100205","67160000","OUTLET","tbcmp_PD_HA_IntHigh_2100","PD","HA","IntHigh","2100",312.129679377864
"03100205_67167000_STANLEY_BRANCH",1100,559481,"STANLEY BRANCH","03100205","67167000","STREAM","tbcmp_PD_HA_IntHigh_2100","PD","HA","IntHigh","2100",553.003062669044
"03100205_67167000_STANLEY_BRANCH",1200,25383,"STANLEY BRANCH","03100205","67167000","STREAM","tbcmp_PD_HA_IntHigh_2100","PD","HA","IntHigh","2100",25.089103543692
"03100205_67167000_STANLEY_BRANCH",1900,43654,"STANLEY BRANCH","03100205","67167000","STREAM","tbcmp_PD_HA_IntHigh_2100","PD","HA","IntHigh","2100",43.148553208696
"03100205_67167000_STANLEY_BRANCH",2100,725951,"STANLEY BRANCH","03100205","67167000","STREAM","tbcmp_PD_HA_IntHigh_2100","PD","HA","IntHigh","2100",717.545593769324
"03100205_67167000_STANLEY_BRANCH",2200,19299,"STANLEY BRANCH","03100205","67167000","STREAM","tbcmp_PD_HA_IntHigh_2100","PD","HA","IntHigh","2100",19.075546991676
"03100205_67167000_STANLEY_BRANCH",2400,5695,"STANLEY BRANCH","03100205","67167000","STREAM","tbcmp_PD_HA_IntHigh_2100","PD","HA","IntHigh","2100",5.62906057918
"03100205_67167000_STANLEY_BRANCH",4100,123701,"STANLEY BRANCH","03100205","67167000","STREAM","tbcmp_PD_HA_IntHigh_2100","PD","HA","IntHigh","2100",122.268730940324
"03100205_67167000_STANLEY_BRANCH",4400,36503,"STANLEY BRANCH","03100205","67167000","STREAM","tbcmp_PD_HA_IntHigh_2100","PD","HA","IntHigh","2100",36.080350890572
"03100205_67167000_STANLEY_BRANCH",5200,7173,"STANLEY BRANCH","03100205","67167000","STREAM","tbcmp_PD_HA_IntHigh_2100","PD","HA","IntHigh","2100",7.089947591652
"03100205_67167000_STANLEY_BRANCH",6110,106769,"STANLEY BRANCH","03100205","67167000","STREAM","tbcmp_PD_HA_IntHigh_2100","PD","HA","IntHigh","2100",105.532777695956
"03100205_67167000_STANLEY_BRANCH",6410,73949,"STANLEY BRANCH","03100205","67167000","STREAM","tbcmp_PD_HA_IntHigh_2100","PD","HA","IntHigh","2100",73.092783278276
"03100205_67168000_BEE_TREE_BRANCH",1100,268858,"BEE TREE BRANCH","03100205","67168000","STREAM","tbcmp_PD_HA_IntHigh_2100","PD","HA","IntHigh","2100",265.745034099592
"03100205_67168000_BEE_TREE_BRANCH",1200,24532,"BEE TREE BRANCH","03100205","67168000","STREAM","tbcmp_PD_HA_IntHigh_2100","PD","HA","IntHigh","2100",24.247956826768
"03100205_67168000_BEE_TREE_BRANCH",1900,31925,"BEE TREE BRANCH","03100205","67168000","STREAM","tbcmp_PD_HA_IntHigh_2100","PD","HA","IntHigh","2100",31.5553571537
"03100205_67168000_BEE_TREE_BRANCH",2100,1004834,"BEE TREE BRANCH","03100205","67168000","STREAM","tbcmp_PD_HA_IntHigh_2100","PD","HA","IntHigh","2100",993.199553647016
"03100205_67168000_BEE_TREE_BRANCH",2200,34365,"BEE TREE BRANCH","03100205","67168000","STREAM","tbcmp_PD_HA_IntHigh_2100","PD","HA","IntHigh","2100",33.96710567226
"03100205_67168000_BEE_TREE_BRANCH",4100,192585,"BEE TREE BRANCH","03100205","67168000","STREAM","tbcmp_PD_HA_IntHigh_2100","PD","HA","IntHigh","2100",190.35515919954
"03100205_67168000_BEE_TREE_BRANCH",4400,8897,"BEE TREE BRANCH","03100205","67168000","STREAM","tbcmp_PD_HA_IntHigh_2100","PD","HA","IntHigh","2100",8.793986299028
"03100205_67168000_BEE_TREE_BRANCH",5200,30229,"BEE TREE BRANCH","03100205","67168000","STREAM","tbcmp_PD_HA_IntHigh_2100","PD","HA","IntHigh","2100",29.878994248996
"03100205_67168000_BEE_TREE_BRANCH",6110,35112,"BEE TREE BRANCH","03100205","67168000","STREAM","tbcmp_PD_HA_IntHigh_2100","PD","HA","IntHigh","2100",34.705456550688
"03100205_67168000_BEE_TREE_BRANCH",6410,158941,"BEE TREE BRANCH","03100205","67168000","STREAM","tbcmp_PD_HA_IntHigh_2100","PD","HA","IntHigh","2100",157.100705446084
"03100205_67200000_PONDS_DRAINAGE_DITCH",1100,379825,"PONDS DRAINAGE DITCH","03100205","67200000","DITCH","tbcmp_PD_HA_IntHigh_2100","PD","HA","IntHigh","2100",375.4272053533
"03100205_67200000_PONDS_DRAINAGE_DITCH",1200,32669,"PONDS DRAINAGE DITCH","03100205","67200000","DITCH","tbcmp_PD_HA_IntHigh_2100","PD","HA","IntHigh","2100",32.290742767556
"03100205_67200000_PONDS_DRAINAGE_DITCH",1800,157,"PONDS DRAINAGE DITCH","03100205","67200000","DITCH","tbcmp_PD_HA_IntHigh_2100","PD","HA","IntHigh","2100",0.155182179268
"03100205_67200000_PONDS_DRAINAGE_DITCH",1900,307090,"PONDS DRAINAGE DITCH","03100205","67200000","DITCH","tbcmp_PD_HA_IntHigh_2100","PD","HA","IntHigh","2100",303.53436580516
"03100205_67200000_PONDS_DRAINAGE_DITCH",2100,3450300,"PONDS DRAINAGE DITCH","03100205","67200000","DITCH","tbcmp_PD_HA_IntHigh_2100","PD","HA","IntHigh","2100",3410.3507842572
"03100205_67200000_PONDS_DRAINAGE_DITCH",2200,4001,"PONDS DRAINAGE DITCH","03100205","67200000","DITCH","tbcmp_PD_HA_IntHigh_2100","PD","HA","IntHigh","2100",3.954674517524
"03100205_67200000_PONDS_DRAINAGE_DITCH",2400,41324,"PONDS DRAINAGE DITCH","03100205","67200000","DITCH","tbcmp_PD_HA_IntHigh_2100","PD","HA","IntHigh","2100",40.845531057776
"03100205_67200000_PONDS_DRAINAGE_DITCH",3200,519450,"PONDS DRAINAGE DITCH","03100205","67200000","DITCH","tbcmp_PD_HA_IntHigh_2100","PD","HA","IntHigh","2100",513.4355606418
"03100205_67200000_PONDS_DRAINAGE_DITCH",4100,1019861,"PONDS DRAINAGE DITCH","03100205","67200000","DITCH","tbcmp_PD_HA_IntHigh_2100","PD","HA","IntHigh","2100",1008.05256388816
"03100205_67200000_PONDS_DRAINAGE_DITCH",4400,32959,"PONDS DRAINAGE DITCH","03100205","67200000","DITCH","tbcmp_PD_HA_IntHigh_2100","PD","HA","IntHigh","2100",32.577385009516
"03100205_67200000_PONDS_DRAINAGE_DITCH",5200,91201,"PONDS DRAINAGE DITCH","03100205","67200000","DITCH","tbcmp_PD_HA_IntHigh_2100","PD","HA","IntHigh","2100",90.145031410324
"03100205_67200000_PONDS_DRAINAGE_DITCH",6110,183589,"PONDS DRAINAGE DITCH","03100205","67200000","DITCH","tbcmp_PD_HA_IntHigh_2100","PD","HA","IntHigh","2100",181.463319169636
"03100205_67200000_PONDS_DRAINAGE_DITCH",6410,3434264,"PONDS DRAINAGE DITCH","03100205","67200000","DITCH","tbcmp_PD_HA_IntHigh_2100","PD","HA","IntHigh","2100",3394.50045669834
"03100205_67220000_DRAIN",1100,38649,"DRAIN","03100205","67220000","DRAIN","tbcmp_PD_HA_IntHigh_2100","PD","HA","IntHigh","2100",38.201503481076
"03100205_67220000_DRAIN",1200,256943,"DRAIN","03100205","67220000","DRAIN","tbcmp_PD_HA_IntHigh_2100","PD","HA","IntHigh","2100",253.967991641132
"03100205_67220000_DRAIN",1820,31757,"DRAIN","03100205","67220000","DRAIN","tbcmp_PD_HA_IntHigh_2100","PD","HA","IntHigh","2100",31.389302337668
"03100205_67220000_DRAIN",1900,74714,"DRAIN","03100205","67220000","DRAIN","tbcmp_PD_HA_IntHigh_2100","PD","HA","IntHigh","2100",73.848925744136
"03100205_67220000_DRAIN",2100,1440834,"DRAIN","03100205","67220000","DRAIN","tbcmp_PD_HA_IntHigh_2100","PD","HA","IntHigh","2100",1424.15133811102
"03100205_67220000_DRAIN",2400,2976,"DRAIN","03100205","67220000","DRAIN","tbcmp_PD_HA_IntHigh_2100","PD","HA","IntHigh","2100",2.941542455424
"03100205_67220000_DRAIN",3200,26206,"DRAIN","03100205","67220000","DRAIN","tbcmp_PD_HA_IntHigh_2100","PD","HA","IntHigh","2100",25.902574457944
"03100205_67220000_DRAIN",4100,283714,"DRAIN","03100205","67220000","DRAIN","tbcmp_PD_HA_IntHigh_2100","PD","HA","IntHigh","2100",280.429024260136
"03100205_67220000_DRAIN",5200,28738,"DRAIN","03100205","67220000","DRAIN","tbcmp_PD_HA_IntHigh_2100","PD","HA","IntHigh","2100",28.405257756712
"03100205_67220000_DRAIN",6110,327120,"DRAIN","03100205","67220000","DRAIN","tbcmp_PD_HA_IntHigh_2100","PD","HA","IntHigh","2100",323.33244893088
"03100205_67220000_DRAIN",6410,295096,"DRAIN","03100205","67220000","DRAIN","tbcmp_PD_HA_IntHigh_2100","PD","HA","IntHigh","2100",291.679238046304
"03100205_67290000_DRAIN",1100,316068,"DRAIN","03100205","67290000","DRAIN","tbcmp_PD_HA_IntHigh_2100","PD","HA","IntHigh","2100",312.408414247632
"03100205_67290000_DRAIN",1200,79489,"DRAIN","03100205","67290000","DRAIN","tbcmp_PD_HA_IntHigh_2100","PD","HA","IntHigh","2100",78.568638521236
"03100205_67290000_DRAIN",1800,19904,"DRAIN","03100205","67290000","DRAIN","tbcmp_PD_HA_IntHigh_2100","PD","HA","IntHigh","2100",19.673542013696
"03100205_67290000_DRAIN",1900,90831,"DRAIN","03100205","67290000","DRAIN","tbcmp_PD_HA_IntHigh_2100","PD","HA","IntHigh","2100",89.779315446444
"03100205_67290000_DRAIN",2100,544470,"DRAIN","03100205","67290000","DRAIN","tbcmp_PD_HA_IntHigh_2100","PD","HA","IntHigh","2100",538.16586717228
"03100205_67290000_DRAIN",3200,28288,"DRAIN","03100205","67290000","DRAIN","tbcmp_PD_HA_IntHigh_2100","PD","HA","IntHigh","2100",27.960468070912
"03100205_67290000_DRAIN",4100,173163,"DRAIN","03100205","67290000","DRAIN","tbcmp_PD_HA_IntHigh_2100","PD","HA","IntHigh","2100",171.158036360412
"03100205_67290000_DRAIN",4400,128273,"DRAIN","03100205","67290000","DRAIN","tbcmp_PD_HA_IntHigh_2100","PD","HA","IntHigh","2100",126.787794148052
"03100205_67290000_DRAIN",5200,51048,"DRAIN","03100205","67290000","DRAIN","tbcmp_PD_HA_IntHigh_2100","PD","HA","IntHigh","2100",50.456941957152
"03100205_67290000_DRAIN",6110,138875,"DRAIN","03100205","67290000","DRAIN","tbcmp_PD_HA_IntHigh_2100","PD","HA","IntHigh","2100",137.2670391455
"03100205_67290000_DRAIN",6410,716639,"DRAIN","03100205","67290000","DRAIN","tbcmp_PD_HA_IntHigh_2100","PD","HA","IntHigh","2100",708.341412537836
"03100205_67310000_DRAIN",1100,113439,"DRAIN","03100205","67310000","DRAIN","tbcmp_PD_HA_IntHigh_2100","PD","HA","IntHigh","2100",112.125549261036
"03100205_67310000_DRAIN",1200,128254,"DRAIN","03100205","67310000","DRAIN","tbcmp_PD_HA_IntHigh_2100","PD","HA","IntHigh","2100",126.769014139096
"03100205_67310000_DRAIN",1820,1676,"DRAIN","03100205","67310000","DRAIN","tbcmp_PD_HA_IntHigh_2100","PD","HA","IntHigh","2100",1.656594474224
"03100205_67310000_DRAIN",1900,115247,"DRAIN","03100205","67310000","DRAIN","tbcmp_PD_HA_IntHigh_2100","PD","HA","IntHigh","2100",113.912615376428
"03100205_67310000_DRAIN",2100,207630,"DRAIN","03100205","67310000","DRAIN","tbcmp_PD_HA_IntHigh_2100","PD","HA","IntHigh","2100",205.22596102812
"03100205_67310000_DRAIN",3200,1449,"DRAIN","03100205","67310000","DRAIN","tbcmp_PD_HA_IntHigh_2100","PD","HA","IntHigh","2100",1.432222788276
"03100205_67310000_DRAIN",4100,46812,"DRAIN","03100205","67310000","DRAIN","tbcmp_PD_HA_IntHigh_2100","PD","HA","IntHigh","2100",46.269988381488
"03100205_67310000_DRAIN",5200,47451,"DRAIN","03100205","67310000","DRAIN","tbcmp_PD_HA_IntHigh_2100","PD","HA","IntHigh","2100",46.901589735324
"03100205_67310000_DRAIN",6110,72714,"DRAIN","03100205","67310000","DRAIN","tbcmp_PD_HA_IntHigh_2100","PD","HA","IntHigh","2100",71.872082696136
"03100205_67310000_DRAIN",6410,172540,"DRAIN","03100205","67310000","DRAIN","tbcmp_PD_HA_IntHigh_2100","PD","HA","IntHigh","2100",170.54224975096
"03100205_67440000_SLOUGH",1100,2661691,"SLOUGH","03100205","67440000","SLOUGH","tbcmp_PD_HA_IntHigh_2100","PD","HA","IntHigh","2100",2630.87267463708
"03100205_67440000_SLOUGH",1200,1703718,"SLOUGH","03100205","67440000","SLOUGH","tbcmp_PD_HA_IntHigh_2100","PD","HA","IntHigh","2100",1683.99154202623
"03100205_67440000_SLOUGH",1800,65068,"SLOUGH","03100205","67440000","SLOUGH","tbcmp_PD_HA_IntHigh_2100","PD","HA","IntHigh","2100",64.314611723632
"03100205_67440000_SLOUGH",1820,132081,"SLOUGH","03100205","67440000","SLOUGH","tbcmp_PD_HA_IntHigh_2100","PD","HA","IntHigh","2100",130.551703311444
"03100205_67440000_SLOUGH",1900,398161,"SLOUGH","03100205","67440000","SLOUGH","tbcmp_PD_HA_IntHigh_2100","PD","HA","IntHigh","2100",393.550902417364
"03100205_67440000_SLOUGH",2100,2076868,"SLOUGH","03100205","67440000","SLOUGH","tbcmp_PD_HA_IntHigh_2100","PD","HA","IntHigh","2100",2052.82103370683
"03100205_67440000_SLOUGH",2200,4418,"SLOUGH","03100205","67440000","SLOUGH","tbcmp_PD_HA_IntHigh_2100","PD","HA","IntHigh","2100",4.366846293032
"03100205_67440000_SLOUGH",2400,6685,"SLOUGH","03100205","67440000","SLOUGH","tbcmp_PD_HA_IntHigh_2100","PD","HA","IntHigh","2100",6.60759788794
"03100205_67440000_SLOUGH",3200,363985,"SLOUGH","03100205","67440000","SLOUGH","tbcmp_PD_HA_IntHigh_2100","PD","HA","IntHigh","2100",359.77060841314
"03100205_67440000_SLOUGH",4100,892750,"SLOUGH","03100205","67440000","SLOUGH","tbcmp_PD_HA_IntHigh_2100","PD","HA","IntHigh","2100",882.413315551
"03100205_67440000_SLOUGH",4400,345723,"SLOUGH","03100205","67440000","SLOUGH","tbcmp_PD_HA_IntHigh_2100","PD","HA","IntHigh","2100",341.720054541852
"03100205_67440000_SLOUGH",5200,326708,"SLOUGH","03100205","67440000","SLOUGH","tbcmp_PD_HA_IntHigh_2100","PD","HA","IntHigh","2100",322.925219262992
"03100205_67440000_SLOUGH",6110,3990182,"SLOUGH","03100205","67440000","SLOUGH","tbcmp_PD_HA_IntHigh_2100","PD","HA","IntHigh","2100",3943.98177347737
"03100205_67440000_SLOUGH",6410,1175486,"SLOUGH","03100205","67440000","SLOUGH","tbcmp_PD_HA_IntHigh_2100","PD","HA","IntHigh","2100",1161.87566356066
"03100205_67449000_DRAIN",1100,1026028,"DRAIN","03100205","67449000","DRAIN","tbcmp_PD_HA_IntHigh_2100","PD","HA","IntHigh","2100",1014.14815942667
"03100205_67449000_DRAIN",1200,1270537,"DRAIN","03100205","67449000","DRAIN","tbcmp_PD_HA_IntHigh_2100","PD","HA","IntHigh","2100",1255.82611783839
"03100205_67449000_DRAIN",1800,47743,"DRAIN","03100205","67449000","DRAIN","tbcmp_PD_HA_IntHigh_2100","PD","HA","IntHigh","2100",47.190208820332
"03100205_67449000_DRAIN",1900,196050,"DRAIN","03100205","67449000","DRAIN","tbcmp_PD_HA_IntHigh_2100","PD","HA","IntHigh","2100",193.7800397802
"03100205_67449000_DRAIN",2100,303407,"DRAIN","03100205","67449000","DRAIN","tbcmp_PD_HA_IntHigh_2100","PD","HA","IntHigh","2100",299.894009332268
"03100205_67449000_DRAIN",3200,28222,"DRAIN","03100205","67449000","DRAIN","tbcmp_PD_HA_IntHigh_2100","PD","HA","IntHigh","2100",27.895232250328
"03100205_67449000_DRAIN",4100,257597,"DRAIN","03100205","67449000","DRAIN","tbcmp_PD_HA_IntHigh_2100","PD","HA","IntHigh","2100",254.614419317828
"03100205_67449000_DRAIN",4400,26953,"DRAIN","03100205","67449000","DRAIN","tbcmp_PD_HA_IntHigh_2100","PD","HA","IntHigh","2100",26.640925336372
"03100205_67449000_DRAIN",5200,127812,"DRAIN","03100205","67449000","DRAIN","tbcmp_PD_HA_IntHigh_2100","PD","HA","IntHigh","2100",126.332131825488
"03100205_67449000_DRAIN",6110,524666,"DRAIN","03100205","67449000","DRAIN","tbcmp_PD_HA_IntHigh_2100","PD","HA","IntHigh","2100",518.591167310984
"03100205_67449000_DRAIN",6410,152589,"DRAIN","03100205","67449000","DRAIN","tbcmp_PD_HA_IntHigh_2100","PD","HA","IntHigh","2100",150.822251925636
"03100205_67500000_BANJO_LAKE_OUTLET",1100,69884,"BANJO LAKE OUTLET","03100205","67500000","OUTLET","tbcmp_PD_HA_IntHigh_2100","PD","HA","IntHigh","2100",69.074849783216
"03100205_67500000_BANJO_LAKE_OUTLET",1200,361340,"BANJO LAKE OUTLET","03100205","67500000","OUTLET","tbcmp_PD_HA_IntHigh_2100","PD","HA","IntHigh","2100",357.15623348216
"03100205_67500000_BANJO_LAKE_OUTLET",1800,16527,"BANJO LAKE OUTLET","03100205","67500000","OUTLET","tbcmp_PD_HA_IntHigh_2100","PD","HA","IntHigh","2100",16.335642527148
"03100205_67500000_BANJO_LAKE_OUTLET",1900,11437,"BANJO LAKE OUTLET","03100205","67500000","OUTLET","tbcmp_PD_HA_IntHigh_2100","PD","HA","IntHigh","2100",11.304576969988
"03100205_67500000_BANJO_LAKE_OUTLET",2100,3971,"BANJO LAKE OUTLET","03100205","67500000","OUTLET","tbcmp_PD_HA_IntHigh_2100","PD","HA","IntHigh","2100",3.925021871804
"03100205_67500000_BANJO_LAKE_OUTLET",5200,51646,"BANJO LAKE OUTLET","03100205","67500000","OUTLET","tbcmp_PD_HA_IntHigh_2100","PD","HA","IntHigh","2100",51.048018028504
"03100205_67500000_BANJO_LAKE_OUTLET",6110,15618,"BANJO LAKE OUTLET","03100205","67500000","OUTLET","tbcmp_PD_HA_IntHigh_2100","PD","HA","IntHigh","2100",15.437167361832
"03100205_67500000_BANJO_LAKE_OUTLET",6410,22168,"BANJO LAKE OUTLET","03100205","67500000","OUTLET","tbcmp_PD_HA_IntHigh_2100","PD","HA","IntHigh","2100",21.911328344032
"03100205_67741000_SHERRYS_BROOK",1100,69306,"SHERRYS BROOK","03100205","67741000","STREAM","tbcmp_PD_HA_IntHigh_2100","PD","HA","IntHigh","2100",68.503542142344
"03100205_67741000_SHERRYS_BROOK",1200,330018,"SHERRYS BROOK","03100205","67741000","STREAM","tbcmp_PD_HA_IntHigh_2100","PD","HA","IntHigh","2100",326.196894507432
"03100205_67741000_SHERRYS_BROOK",1820,4028,"SHERRYS BROOK","03100205","67741000","STREAM","tbcmp_PD_HA_IntHigh_2100","PD","HA","IntHigh","2100",3.981361898672
"03100205_67741000_SHERRYS_BROOK",1900,19419,"SHERRYS BROOK","03100205","67741000","STREAM","tbcmp_PD_HA_IntHigh_2100","PD","HA","IntHigh","2100",19.194157574556
"03100205_67741000_SHERRYS_BROOK",2100,83221,"SHERRYS BROOK","03100205","67741000","STREAM","tbcmp_PD_HA_IntHigh_2100","PD","HA","IntHigh","2100",82.257427648804
"03100205_67741000_SHERRYS_BROOK",2200,4026,"SHERRYS BROOK","03100205","67741000","STREAM","tbcmp_PD_HA_IntHigh_2100","PD","HA","IntHigh","2100",3.979385055624
"03100205_67741000_SHERRYS_BROOK",4100,16038,"SHERRYS BROOK","03100205","67741000","STREAM","tbcmp_PD_HA_IntHigh_2100","PD","HA","IntHigh","2100",15.852304401912
"03100205_67741000_SHERRYS_BROOK",4400,12489,"SHERRYS BROOK","03100205","67741000","STREAM","tbcmp_PD_HA_IntHigh_2100","PD","HA","IntHigh","2100",12.344396413236
"03100205_67741000_SHERRYS_BROOK",5200,22342,"SHERRYS BROOK","03100205","67741000","STREAM","tbcmp_PD_HA_IntHigh_2100","PD","HA","IntHigh","2100",22.083313689208
"03100205_67741000_SHERRYS_BROOK",6110,5740,"SHERRYS BROOK","03100205","67741000","STREAM","tbcmp_PD_HA_IntHigh_2100","PD","HA","IntHigh","2100",5.67353954776
"03100205_67741000_SHERRYS_BROOK",6410,30135,"SHERRYS BROOK","03100205","67741000","STREAM","tbcmp_PD_HA_IntHigh_2100","PD","HA","IntHigh","2100",29.78608262574
"03100205_67830000_LAKE_HANNA_OUTLET",1100,816856,"LAKE HANNA OUTLET","03100205","67830000","OUTLET","tbcmp_PD_HA_IntHigh_2100","PD","HA","IntHigh","2100",807.398052408544
"03100205_67830000_LAKE_HANNA_OUTLET",1200,3647795,"LAKE HANNA OUTLET","03100205","67830000","OUTLET","tbcmp_PD_HA_IntHigh_2100","PD","HA","IntHigh","2100",3605.55909313958
"03100205_67830000_LAKE_HANNA_OUTLET",1800,54716,"LAKE HANNA OUTLET","03100205","67830000","OUTLET","tbcmp_PD_HA_IntHigh_2100","PD","HA","IntHigh","2100",54.082472107184
"03100205_67830000_LAKE_HANNA_OUTLET",1820,1699,"LAKE HANNA OUTLET","03100205","67830000","OUTLET","tbcmp_PD_HA_IntHigh_2100","PD","HA","IntHigh","2100",1.679328169276
"03100205_67830000_LAKE_HANNA_OUTLET",1900,205029,"LAKE HANNA OUTLET","03100205","67830000","OUTLET","tbcmp_PD_HA_IntHigh_2100","PD","HA","IntHigh","2100",202.655076644196
"03100205_67830000_LAKE_HANNA_OUTLET",2100,266876,"LAKE HANNA OUTLET","03100205","67830000","OUTLET","tbcmp_PD_HA_IntHigh_2100","PD","HA","IntHigh","2100",263.785982639024
"03100205_67830000_LAKE_HANNA_OUTLET",2200,18490,"LAKE HANNA OUTLET","03100205","67830000","OUTLET","tbcmp_PD_HA_IntHigh_2100","PD","HA","IntHigh","2100",18.27591397876
"03100205_67830000_LAKE_HANNA_OUTLET",2400,3099,"LAKE HANNA OUTLET","03100205","67830000","OUTLET","tbcmp_PD_HA_IntHigh_2100","PD","HA","IntHigh","2100",3.063118302876
"03100205_67830000_LAKE_HANNA_OUTLET",3200,39739,"LAKE HANNA OUTLET","03100205","67830000","OUTLET","tbcmp_PD_HA_IntHigh_2100","PD","HA","IntHigh","2100",39.278882942236
"03100205_67830000_LAKE_HANNA_OUTLET",4100,134972,"LAKE HANNA OUTLET","03100205","67830000","OUTLET","tbcmp_PD_HA_IntHigh_2100","PD","HA","IntHigh","2100",133.409229937328
"03100205_67830000_LAKE_HANNA_OUTLET",4400,227656,"LAKE HANNA OUTLET","03100205","67830000","OUTLET","tbcmp_PD_HA_IntHigh_2100","PD","HA","IntHigh","2100",225.020090467744
"03100205_67830000_LAKE_HANNA_OUTLET",5200,1327622,"LAKE HANNA OUTLET","03100205","67830000","OUTLET","tbcmp_PD_HA_IntHigh_2100","PD","HA","IntHigh","2100",1312.25016053593
"03100205_67830000_LAKE_HANNA_OUTLET",6110,896904,"LAKE HANNA OUTLET","03100205","67830000","OUTLET","tbcmp_PD_HA_IntHigh_2100","PD","HA","IntHigh","2100",886.519218561696
"03100205_67830000_LAKE_HANNA_OUTLET",6410,729444,"LAKE HANNA OUTLET","03100205","67830000","OUTLET","tbcmp_PD_HA_IntHigh_2100","PD","HA","IntHigh","2100",720.998150152656
"03100205_67900000_THIRTEEN_MILE_CREEK",1100,148613,"THIRTEEN MILE CREEK","03100205","67900000","STREAM","tbcmp_PD_HA_IntHigh_2100","PD","HA","IntHigh","2100",146.892287946212
"03100205_67900000_THIRTEEN_MILE_CREEK",1200,799017,"THIRTEEN MILE CREEK","03100205","67900000","STREAM","tbcmp_PD_HA_IntHigh_2100","PD","HA","IntHigh","2100",789.765600841908
"03100205_67900000_THIRTEEN_MILE_CREEK",1800,2660,"THIRTEEN MILE CREEK","03100205","67900000","STREAM","tbcmp_PD_HA_IntHigh_2100","PD","HA","IntHigh","2100",2.62920125384
"03100205_67900000_THIRTEEN_MILE_CREEK",1900,53314,"THIRTEEN MILE CREEK","03100205","67900000","STREAM","tbcmp_PD_HA_IntHigh_2100","PD","HA","IntHigh","2100",52.696705130536
"03100205_67900000_THIRTEEN_MILE_CREEK",2100,59507,"THIRTEEN MILE CREEK","03100205","67900000","STREAM","tbcmp_PD_HA_IntHigh_2100","PD","HA","IntHigh","2100",58.817999628668
"03100205_67900000_THIRTEEN_MILE_CREEK",2200,2323,"THIRTEEN MILE CREEK","03100205","67900000","STREAM","tbcmp_PD_HA_IntHigh_2100","PD","HA","IntHigh","2100",2.296103200252
"03100205_67900000_THIRTEEN_MILE_CREEK",4100,81069,"THIRTEEN MILE CREEK","03100205","67900000","STREAM","tbcmp_PD_HA_IntHigh_2100","PD","HA","IntHigh","2100",80.130344529156
"03100205_67900000_THIRTEEN_MILE_CREEK",4400,10857,"THIRTEEN MILE CREEK","03100205","67900000","STREAM","tbcmp_PD_HA_IntHigh_2100","PD","HA","IntHigh","2100",10.731292486068
"03100205_67900000_THIRTEEN_MILE_CREEK",5200,32183,"THIRTEEN MILE CREEK","03100205","67900000","STREAM","tbcmp_PD_HA_IntHigh_2100","PD","HA","IntHigh","2100",31.810369906892
"03100205_67900000_THIRTEEN_MILE_CREEK",6110,457756,"THIRTEEN MILE CREEK","03100205","67900000","STREAM","tbcmp_PD_HA_IntHigh_2100","PD","HA","IntHigh","2100",452.455883140144
"03100205_67900000_THIRTEEN_MILE_CREEK",6410,59137,"THIRTEEN MILE CREEK","03100205","67900000","STREAM","tbcmp_PD_HA_IntHigh_2100","PD","HA","IntHigh","2100",58.452283664788
"03100205_70000000_COW_HOUSE_CREEK",1100,45670,"COW HOUSE CREEK","03100205","70000000","STREAM","tbcmp_PD_HA_IntHigh_2100","PD","HA","IntHigh","2100",45.14121100108
"03100205_70000000_COW_HOUSE_CREEK",1200,362246,"COW HOUSE CREEK","03100205","70000000","STREAM","tbcmp_PD_HA_IntHigh_2100","PD","HA","IntHigh","2100",358.051743382904
"03100205_70000000_COW_HOUSE_CREEK",1800,2724,"COW HOUSE CREEK","03100205","70000000","STREAM","tbcmp_PD_HA_IntHigh_2100","PD","HA","IntHigh","2100",2.692460231376
"03100205_70000000_COW_HOUSE_CREEK",1900,89214,"COW HOUSE CREEK","03100205","70000000","STREAM","tbcmp_PD_HA_IntHigh_2100","PD","HA","IntHigh","2100",88.181037842136
"03100205_70000000_COW_HOUSE_CREEK",4100,118351,"COW HOUSE CREEK","03100205","70000000","STREAM","tbcmp_PD_HA_IntHigh_2100","PD","HA","IntHigh","2100",116.980675786924
"03100205_70000000_COW_HOUSE_CREEK",5200,16326,"COW HOUSE CREEK","03100205","70000000","STREAM","tbcmp_PD_HA_IntHigh_2100","PD","HA","IntHigh","2100",16.136969800824
"03100205_70000000_COW_HOUSE_CREEK",6110,226484,"COW HOUSE CREEK","03100205","70000000","STREAM","tbcmp_PD_HA_IntHigh_2100","PD","HA","IntHigh","2100",223.861660441616
"03100205_70000000_COW_HOUSE_CREEK",6410,21698,"COW HOUSE CREEK","03100205","70000000","STREAM","tbcmp_PD_HA_IntHigh_2100","PD","HA","IntHigh","2100",21.446770227752
"03100205_80000000_SULPHUR_SPRINGS",1200,923724,"SULPHUR SPRINGS","03100205","80000000","STREAM","tbcmp_PD_HA_IntHigh_2100","PD","HA","IntHigh","2100",913.028683835376
"03100205_80000000_SULPHUR_SPRINGS",1800,47122,"SULPHUR SPRINGS","03100205","80000000","STREAM","tbcmp_PD_HA_IntHigh_2100","PD","HA","IntHigh","2100",46.576399053928
"03100205_80000000_SULPHUR_SPRINGS",1900,8365,"SULPHUR SPRINGS","03100205","80000000","STREAM","tbcmp_PD_HA_IntHigh_2100","PD","HA","IntHigh","2100",8.26814604826
"03100205_80000000_SULPHUR_SPRINGS",4100,7627,"SULPHUR SPRINGS","03100205","80000000","STREAM","tbcmp_PD_HA_IntHigh_2100","PD","HA","IntHigh","2100",7.538690963548
"03100205_80000000_SULPHUR_SPRINGS",5200,67,"SULPHUR SPRINGS","03100205","80000000","STREAM","tbcmp_PD_HA_IntHigh_2100","PD","HA","IntHigh","2100",0.066224242108
"03100205_80000000_SULPHUR_SPRINGS",5400,791,"SULPHUR SPRINGS","03100205","80000000","STREAM","tbcmp_PD_HA_IntHigh_2100","PD","HA","IntHigh","2100",0.781841425484
"03100205_80000000_SULPHUR_SPRINGS",6410,3869,"SULPHUR SPRINGS","03100205","80000000","STREAM","tbcmp_PD_HA_IntHigh_2100","PD","HA","IntHigh","2100",3.824202876356
"03100205_80000000_SULPHUR_SPRINGS",6420,58,"SULPHUR SPRINGS","03100205","80000000","STREAM","tbcmp_PD_HA_IntHigh_2100","PD","HA","IntHigh","2100",0.057328448392
"03100205_80000000_SULPHUR_SPRINGS",6425,167,"SULPHUR SPRINGS","03100205","80000000","STREAM","tbcmp_PD_HA_IntHigh_2100","PD","HA","IntHigh","2100",0.165066394508
"03100205_80000000_SULPHUR_SPRINGS",6510,16,"SULPHUR SPRINGS","03100205","80000000","STREAM","tbcmp_PD_HA_IntHigh_2100","PD","HA","IntHigh","2100",0.015814744384
"03100205_80000000_SULPHUR_SPRINGS",6600,47,"SULPHUR SPRINGS","03100205","80000000","STREAM","tbcmp_PD_HA_IntHigh_2100","PD","HA","IntHigh","2100",0.046455811628
"03100205_80000000_SULPHUR_SPRINGS",9113,28,"SULPHUR SPRINGS","03100205","80000000","STREAM","tbcmp_PD_HA_IntHigh_2100","PD","HA","IntHigh","2100",0.027675802672
"03100205_80800000_CURIOSITY_CREEK",1100,6040,"CURIOSITY CREEK","03100205","80800000","STREAM","tbcmp_PD_HA_IntHigh_2100","PD","HA","IntHigh","2100",5.97006600496
"03100205_80800000_CURIOSITY_CREEK",1200,2862057,"CURIOSITY CREEK","03100205","80800000","STREAM","tbcmp_PD_HA_IntHigh_2100","PD","HA","IntHigh","2100",2828.91874171487
"03100205_80800000_CURIOSITY_CREEK",1800,2971,"CURIOSITY CREEK","03100205","80800000","STREAM","tbcmp_PD_HA_IntHigh_2100","PD","HA","IntHigh","2100",2.936600347804
"03100205_80800000_CURIOSITY_CREEK",1820,122183,"CURIOSITY CREEK","03100205","80800000","STREAM","tbcmp_PD_HA_IntHigh_2100","PD","HA","IntHigh","2100",120.768307066892
"03100205_80800000_CURIOSITY_CREEK",1900,49203,"CURIOSITY CREEK","03100205","80800000","STREAM","tbcmp_PD_HA_IntHigh_2100","PD","HA","IntHigh","2100",48.633304245372
"03100205_80800000_CURIOSITY_CREEK",4100,98978,"CURIOSITY CREEK","03100205","80800000","STREAM","tbcmp_PD_HA_IntHigh_2100","PD","HA","IntHigh","2100",97.831985602472
"03100205_80800000_CURIOSITY_CREEK",5200,141460,"CURIOSITY CREEK","03100205","80800000","STREAM","tbcmp_PD_HA_IntHigh_2100","PD","HA","IntHigh","2100",139.82210878504
"03100205_80800000_CURIOSITY_CREEK",6110,5965,"CURIOSITY CREEK","03100205","80800000","STREAM","tbcmp_PD_HA_IntHigh_2100","PD","HA","IntHigh","2100",5.89593439066
"03100205_80800000_CURIOSITY_CREEK",6410,86300,"CURIOSITY CREEK","03100205","80800000","STREAM","tbcmp_PD_HA_IntHigh_2100","PD","HA","IntHigh","2100",85.3007775212
"03100205_83000000_TWIN_LAKE_OUTLET",1100,2091,"TWIN LAKE OUTLET","03100205","83000000","OUTLET","tbcmp_PD_HA_IntHigh_2100","PD","HA","IntHigh","2100",2.066789406684
"03100205_83000000_TWIN_LAKE_OUTLET",1200,1550119,"TWIN LAKE OUTLET","03100205","83000000","OUTLET","tbcmp_PD_HA_IntHigh_2100","PD","HA","IntHigh","2100",1532.17098436136
"03100205_83000000_TWIN_LAKE_OUTLET",1800,30848,"TWIN LAKE OUTLET","03100205","83000000","OUTLET","tbcmp_PD_HA_IntHigh_2100","PD","HA","IntHigh","2100",30.490827172352
"03100205_83000000_TWIN_LAKE_OUTLET",1820,409,"TWIN LAKE OUTLET","03100205","83000000","OUTLET","tbcmp_PD_HA_IntHigh_2100","PD","HA","IntHigh","2100",0.404264403316
"03100205_83000000_TWIN_LAKE_OUTLET",5200,60101,"TWIN LAKE OUTLET","03100205","83000000","OUTLET","tbcmp_PD_HA_IntHigh_2100","PD","HA","IntHigh","2100",59.405122013924
"03100205_83000000_TWIN_LAKE_OUTLET",6110,1167,"TWIN LAKE OUTLET","03100205","83000000","OUTLET","tbcmp_PD_HA_IntHigh_2100","PD","HA","IntHigh","2100",1.153487918508
"03100205_83000000_TWIN_LAKE_OUTLET",6410,24482,"TWIN LAKE OUTLET","03100205","83000000","OUTLET","tbcmp_PD_HA_IntHigh_2100","PD","HA","IntHigh","2100",24.198535750568
"03100205_99000000_HILLSBOROUGH_RIVER",1100,4161242,"HILLSBOROUGH RIVER","03100205","99000000","STREAM","tbcmp_PD_HA_IntHigh_2100","PD","HA","IntHigh","2100",4113.06115937281
"03100205_99000000_HILLSBOROUGH_RIVER",1200,29550007,"HILLSBOROUGH RIVER","03100205","99000000","STREAM","tbcmp_PD_HA_IntHigh_2100","PD","HA","IntHigh","2100",29207.8629531507
"03100205_99000000_HILLSBOROUGH_RIVER",1800,1119442,"HILLSBOROUGH RIVER","03100205","99000000","STREAM","tbcmp_PD_HA_IntHigh_2100","PD","HA","IntHigh","2100",1106.48056766961
"03100205_99000000_HILLSBOROUGH_RIVER",1820,431015,"HILLSBOROUGH RIVER","03100205","99000000","STREAM","tbcmp_PD_HA_IntHigh_2100","PD","HA","IntHigh","2100",426.02450316686
"03100205_99000000_HILLSBOROUGH_RIVER",1900,2111211,"HILLSBOROUGH RIVER","03100205","99000000","STREAM","tbcmp_PD_HA_IntHigh_2100","PD","HA","IntHigh","2100",2086.76639410556
"03100205_99000000_HILLSBOROUGH_RIVER",2100,3917079,"HILLSBOROUGH RIVER","03100205","99000000","STREAM","tbcmp_PD_HA_IntHigh_2100","PD","HA","IntHigh","2100",3871.7251948084
"03100205_99000000_HILLSBOROUGH_RIVER",2200,43972,"HILLSBOROUGH RIVER","03100205","99000000","STREAM","tbcmp_PD_HA_IntHigh_2100","PD","HA","IntHigh","2100",43.462871253328
"03100205_99000000_HILLSBOROUGH_RIVER",2400,25731,"HILLSBOROUGH RIVER","03100205","99000000","STREAM","tbcmp_PD_HA_IntHigh_2100","PD","HA","IntHigh","2100",25.433074234044
"03100205_99000000_HILLSBOROUGH_RIVER",3200,2943860,"HILLSBOROUGH RIVER","03100205","99000000","STREAM","tbcmp_PD_HA_IntHigh_2100","PD","HA","IntHigh","2100",2909.77458764264
"03100205_99000000_HILLSBOROUGH_RIVER",4100,6626987,"HILLSBOROUGH RIVER","03100205","99000000","STREAM","tbcmp_PD_HA_IntHigh_2100","PD","HA","IntHigh","2100",6550.25659006819
"03100205_99000000_HILLSBOROUGH_RIVER",4400,915280,"HILLSBOROUGH RIVER","03100205","99000000","STREAM","tbcmp_PD_HA_IntHigh_2100","PD","HA","IntHigh","2100",904.68245248672
"03100205_99000000_HILLSBOROUGH_RIVER",5200,1706826,"HILLSBOROUGH RIVER","03100205","99000000","STREAM","tbcmp_PD_HA_IntHigh_2100","PD","HA","IntHigh","2100",1687.06355612282
"03100205_99000000_HILLSBOROUGH_RIVER",5400,284100,"HILLSBOROUGH RIVER","03100205","99000000","STREAM","tbcmp_PD_HA_IntHigh_2100","PD","HA","IntHigh","2100",280.8105549684
"03100205_99000000_HILLSBOROUGH_RIVER",6110,20030495,"HILLSBOROUGH RIVER","03100205","99000000","STREAM","tbcmp_PD_HA_IntHigh_2100","PD","HA","IntHigh","2100",19798.5723943744
"03100205_99000000_HILLSBOROUGH_RIVER",6410,1965909,"HILLSBOROUGH RIVER","03100205","99000000","STREAM","tbcmp_PD_HA_IntHigh_2100","PD","HA","IntHigh","2100",1943.14676982532
"03100205_99000000_HILLSBOROUGH_RIVER",6420,1426,"HILLSBOROUGH RIVER","03100205","99000000","STREAM","tbcmp_PD_HA_IntHigh_2100","PD","HA","IntHigh","2100",1.409489093224
"03100205_99000000_HILLSBOROUGH_RIVER",6425,4189,"HILLSBOROUGH RIVER","03100205","99000000","STREAM","tbcmp_PD_HA_IntHigh_2100","PD","HA","IntHigh","2100",4.140497764036
"03100205_99000000_HILLSBOROUGH_RIVER",6510,1583,"HILLSBOROUGH RIVER","03100205","99000000","STREAM","tbcmp_PD_HA_IntHigh_2100","PD","HA","IntHigh","2100",1.564671272492
"03100205_99000000_HILLSBOROUGH_RIVER",6600,4531,"HILLSBOROUGH RIVER","03100205","99000000","STREAM","tbcmp_PD_HA_IntHigh_2100","PD","HA","IntHigh","2100",4.478537925244
"03100205_99000000_HILLSBOROUGH_RIVER",9113,10887,"HILLSBOROUGH RIVER","03100205","99000000","STREAM","tbcmp_PD_HA_IntHigh_2100","PD","HA","IntHigh","2100",10.760945131788
"03100206_02503000_BUFFALO_CREEK",1100,419649,"BUFFALO CREEK","03100206","02503000","STREAM","tbcmp_PD_HA_IntHigh_2100","PD","HA","IntHigh","2100",414.790104125076
"03100206_02503000_BUFFALO_CREEK",1200,1942578,"BUFFALO CREEK","03100206","02503000","STREAM","tbcmp_PD_HA_IntHigh_2100","PD","HA","IntHigh","2100",1920.08590724887
"03100206_02503000_BUFFALO_CREEK",1800,31349,"BUFFALO CREEK","03100206","02503000","STREAM","tbcmp_PD_HA_IntHigh_2100","PD","HA","IntHigh","2100",30.986026355876
"03100206_02503000_BUFFALO_CREEK",1820,200672,"BUFFALO CREEK","03100206","02503000","STREAM","tbcmp_PD_HA_IntHigh_2100","PD","HA","IntHigh","2100",198.348524064128
"03100206_02503000_BUFFALO_CREEK",1900,1102441,"BUFFALO CREEK","03100206","02503000","STREAM","tbcmp_PD_HA_IntHigh_2100","PD","HA","IntHigh","2100",1089.67641334008
"03100206_02503000_BUFFALO_CREEK",2100,840034,"BUFFALO CREEK","03100206","02503000","STREAM","tbcmp_PD_HA_IntHigh_2100","PD","HA","IntHigh","2100",830.307686491816
"03100206_02503000_BUFFALO_CREEK",2200,241479,"BUFFALO CREEK","03100206","02503000","STREAM","tbcmp_PD_HA_IntHigh_2100","PD","HA","IntHigh","2100",238.683041193996
"03100206_02503000_BUFFALO_CREEK",2400,6426,"BUFFALO CREEK","03100206","02503000","STREAM","tbcmp_PD_HA_IntHigh_2100","PD","HA","IntHigh","2100",6.351596713224
"03100206_02503000_BUFFALO_CREEK",3200,22158,"BUFFALO CREEK","03100206","02503000","STREAM","tbcmp_PD_HA_IntHigh_2100","PD","HA","IntHigh","2100",21.901444128792
"03100206_02503000_BUFFALO_CREEK",4100,273108,"BUFFALO CREEK","03100206","02503000","STREAM","tbcmp_PD_HA_IntHigh_2100","PD","HA","IntHigh","2100",269.945825576592
"03100206_02503000_BUFFALO_CREEK",5200,590950,"BUFFALO CREEK","03100206","02503000","STREAM","tbcmp_PD_HA_IntHigh_2100","PD","HA","IntHigh","2100",584.1076996078
"03100206_02503000_BUFFALO_CREEK",6110,668445,"BUFFALO CREEK","03100206","02503000","STREAM","tbcmp_PD_HA_IntHigh_2100","PD","HA","IntHigh","2100",660.70542561018
"03100206_02503000_BUFFALO_CREEK",6410,331335,"BUFFALO CREEK","03100206","02503000","STREAM","tbcmp_PD_HA_IntHigh_2100","PD","HA","IntHigh","2100",327.49864565454
"03100206_02507000_CABBAGE_SLOUGH",1100,149591,"CABBAGE SLOUGH","03100206","02507000","DITCH","tbcmp_PD_HA_IntHigh_2100","PD","HA","IntHigh","2100",147.858964196684
"03100206_02507000_CABBAGE_SLOUGH",1200,867636,"CABBAGE SLOUGH","03100206","02507000","DITCH","tbcmp_PD_HA_IntHigh_2100","PD","HA","IntHigh","2100",857.590097397264
"03100206_02507000_CABBAGE_SLOUGH",1800,15883,"CABBAGE SLOUGH","03100206","02507000","DITCH","tbcmp_PD_HA_IntHigh_2100","PD","HA","IntHigh","2100",15.699099065692
"03100206_02507000_CABBAGE_SLOUGH",1820,74559,"CABBAGE SLOUGH","03100206","02507000","DITCH","tbcmp_PD_HA_IntHigh_2100","PD","HA","IntHigh","2100",73.695720407916
"03100206_02507000_CABBAGE_SLOUGH",1900,489320,"CABBAGE SLOUGH","03100206","02507000","DITCH","tbcmp_PD_HA_IntHigh_2100","PD","HA","IntHigh","2100",483.65442012368
"03100206_02507000_CABBAGE_SLOUGH",2100,423137,"CABBAGE SLOUGH","03100206","02507000","DITCH","tbcmp_PD_HA_IntHigh_2100","PD","HA","IntHigh","2100",418.237718400788
"03100206_02507000_CABBAGE_SLOUGH",2400,51811,"CABBAGE SLOUGH","03100206","02507000","DITCH","tbcmp_PD_HA_IntHigh_2100","PD","HA","IntHigh","2100",51.211107579964
"03100206_02507000_CABBAGE_SLOUGH",3200,9425,"CABBAGE SLOUGH","03100206","02507000","DITCH","tbcmp_PD_HA_IntHigh_2100","PD","HA","IntHigh","2100",9.3158728637
"03100206_02507000_CABBAGE_SLOUGH",4100,82221,"CABBAGE SLOUGH","03100206","02507000","DITCH","tbcmp_PD_HA_IntHigh_2100","PD","HA","IntHigh","2100",81.269006124804
"03100206_02507000_CABBAGE_SLOUGH",5200,253200,"CABBAGE SLOUGH","03100206","02507000","DITCH","tbcmp_PD_HA_IntHigh_2100","PD","HA","IntHigh","2100",250.2683298768
"03100206_02507000_CABBAGE_SLOUGH",5400,144,"CABBAGE SLOUGH","03100206","02507000","DITCH","tbcmp_PD_HA_IntHigh_2100","PD","HA","IntHigh","2100",0.142332699456
"03100206_02507000_CABBAGE_SLOUGH",6110,228180,"CABBAGE SLOUGH","03100206","02507000","DITCH","tbcmp_PD_HA_IntHigh_2100","PD","HA","IntHigh","2100",225.53802334632
"03100206_02507000_CABBAGE_SLOUGH",6120,132,"CABBAGE SLOUGH","03100206","02507000","DITCH","tbcmp_PD_HA_IntHigh_2100","PD","HA","IntHigh","2100",0.130471641168
"03100206_02507000_CABBAGE_SLOUGH",6410,95190,"CABBAGE SLOUGH","03100206","02507000","DITCH","tbcmp_PD_HA_IntHigh_2100","PD","HA","IntHigh","2100",94.08784486956
"03100206_02507000_CABBAGE_SLOUGH",6420,59,"CABBAGE SLOUGH","03100206","02507000","DITCH","tbcmp_PD_HA_IntHigh_2100","PD","HA","IntHigh","2100",0.058316869916
"03100206_02507000_CABBAGE_SLOUGH",6600,588,"CABBAGE SLOUGH","03100206","02507000","DITCH","tbcmp_PD_HA_IntHigh_2100","PD","HA","IntHigh","2100",0.581191856112
"03100206_02507000_CABBAGE_SLOUGH",9113,31,"CABBAGE SLOUGH","03100206","02507000","DITCH","tbcmp_PD_HA_IntHigh_2100","PD","HA","IntHigh","2100",0.030641067244
"03100206_02509900_FROG_CREEK",1100,472202,"FROG CREEK","03100206","02509900","STREAM","tbcmp_PD_HA_IntHigh_2100","PD","HA","IntHigh","2100",466.734620475848
"03100206_02509900_FROG_CREEK",1200,1081742,"FROG CREEK","03100206","02509900","STREAM","tbcmp_PD_HA_IntHigh_2100","PD","HA","IntHigh","2100",1069.21707621481
"03100206_02509900_FROG_CREEK",1800,74096,"FROG CREEK","03100206","02509900","STREAM","tbcmp_PD_HA_IntHigh_2100","PD","HA","IntHigh","2100",73.238081242304
"03100206_02509900_FROG_CREEK",1820,8517,"FROG CREEK","03100206","02509900","STREAM","tbcmp_PD_HA_IntHigh_2100","PD","HA","IntHigh","2100",8.418386119908
"03100206_02509900_FROG_CREEK",1900,290402,"FROG CREEK","03100206","02509900","STREAM","tbcmp_PD_HA_IntHigh_2100","PD","HA","IntHigh","2100",287.039587412648
"03100206_02509900_FROG_CREEK",2100,97307,"FROG CREEK","03100206","02509900","STREAM","tbcmp_PD_HA_IntHigh_2100","PD","HA","IntHigh","2100",96.180333235868
"03100206_02509900_FROG_CREEK",2400,19007,"FROG CREEK","03100206","02509900","STREAM","tbcmp_PD_HA_IntHigh_2100","PD","HA","IntHigh","2100",18.786927906668
"03100206_02509900_FROG_CREEK",3200,15512,"FROG CREEK","03100206","02509900","STREAM","tbcmp_PD_HA_IntHigh_2100","PD","HA","IntHigh","2100",15.332394680288
"03100206_02509900_FROG_CREEK",4100,120743,"FROG CREEK","03100206","02509900","STREAM","tbcmp_PD_HA_IntHigh_2100","PD","HA","IntHigh","2100",119.344980072332
"03100206_02509900_FROG_CREEK",5200,139794,"FROG CREEK","03100206","02509900","STREAM","tbcmp_PD_HA_IntHigh_2100","PD","HA","IntHigh","2100",138.175398526056
"03100206_02509900_FROG_CREEK",5400,91922,"FROG CREEK","03100206","02509900","STREAM","tbcmp_PD_HA_IntHigh_2100","PD","HA","IntHigh","2100",90.857683329128
"03100206_02509900_FROG_CREEK",6110,202421,"FROG CREEK","03100206","02509900","STREAM","tbcmp_PD_HA_IntHigh_2100","PD","HA","IntHigh","2100",200.077273309604
"03100206_02509900_FROG_CREEK",6120,16790,"FROG CREEK","03100206","02509900","STREAM","tbcmp_PD_HA_IntHigh_2100","PD","HA","IntHigh","2100",16.59559738796
"03100206_02509900_FROG_CREEK",6410,65812,"FROG CREEK","03100206","02509900","STREAM","tbcmp_PD_HA_IntHigh_2100","PD","HA","IntHigh","2100",65.049997337488
"03100206_02509900_FROG_CREEK",6420,9352,"FROG CREEK","03100206","02509900","STREAM","tbcmp_PD_HA_IntHigh_2100","PD","HA","IntHigh","2100",9.243718092448
"03100206_02509900_FROG_CREEK",6425,43786,"FROG CREEK","03100206","02509900","STREAM","tbcmp_PD_HA_IntHigh_2100","PD","HA","IntHigh","2100",43.279024849864
"03100206_02509900_FROG_CREEK",6510,24744,"FROG CREEK","03100206","02509900","STREAM","tbcmp_PD_HA_IntHigh_2100","PD","HA","IntHigh","2100",24.457502189856
"03100206_02509900_FROG_CREEK",6600,29681,"FROG CREEK","03100206","02509900","STREAM","tbcmp_PD_HA_IntHigh_2100","PD","HA","IntHigh","2100",29.337339253844
"03100206_02509900_FROG_CREEK",9113,348458,"FROG CREEK","03100206","02509900","STREAM","tbcmp_PD_HA_IntHigh_2100","PD","HA","IntHigh","2100",344.423387409992
"03100206_02550000_MCMULLIN_CREEK",1100,247640,"MCMULLIN CREEK","03100206","02550000","STREAM","tbcmp_PD_HA_IntHigh_2100","PD","HA","IntHigh","2100",244.77270620336
"03100206_02550000_MCMULLIN_CREEK",1200,918416,"MCMULLIN CREEK","03100206","02550000","STREAM","tbcmp_PD_HA_IntHigh_2100","PD","HA","IntHigh","2100",907.782142385984
"03100206_02550000_MCMULLIN_CREEK",1900,203453,"MCMULLIN CREEK","03100206","02550000","STREAM","tbcmp_PD_HA_IntHigh_2100","PD","HA","IntHigh","2100",201.097324322372
"03100206_02550000_MCMULLIN_CREEK",2100,129823,"MCMULLIN CREEK","03100206","02550000","STREAM","tbcmp_PD_HA_IntHigh_2100","PD","HA","IntHigh","2100",128.319847510252
"03100206_02550000_MCMULLIN_CREEK",2400,18865,"MCMULLIN CREEK","03100206","02550000","STREAM","tbcmp_PD_HA_IntHigh_2100","PD","HA","IntHigh","2100",18.64657205026
"03100206_02550000_MCMULLIN_CREEK",4100,59780,"MCMULLIN CREEK","03100206","02550000","STREAM","tbcmp_PD_HA_IntHigh_2100","PD","HA","IntHigh","2100",59.08783870472
"03100206_02550000_MCMULLIN_CREEK",5200,103424,"MCMULLIN CREEK","03100206","02550000","STREAM","tbcmp_PD_HA_IntHigh_2100","PD","HA","IntHigh","2100",102.226507698176
"03100206_02550000_MCMULLIN_CREEK",5400,21065,"MCMULLIN CREEK","03100206","02550000","STREAM","tbcmp_PD_HA_IntHigh_2100","PD","HA","IntHigh","2100",20.82109940306
"03100206_02550000_MCMULLIN_CREEK",6110,23477,"MCMULLIN CREEK","03100206","02550000","STREAM","tbcmp_PD_HA_IntHigh_2100","PD","HA","IntHigh","2100",23.205172118948
"03100206_02550000_MCMULLIN_CREEK",6120,1491,"MCMULLIN CREEK","03100206","02550000","STREAM","tbcmp_PD_HA_IntHigh_2100","PD","HA","IntHigh","2100",1.473736492284
"03100206_02550000_MCMULLIN_CREEK",6410,25904,"MCMULLIN CREEK","03100206","02550000","STREAM","tbcmp_PD_HA_IntHigh_2100","PD","HA","IntHigh","2100",25.604071157696
"03100206_02550000_MCMULLIN_CREEK",6420,4521,"MCMULLIN CREEK","03100206","02550000","STREAM","tbcmp_PD_HA_IntHigh_2100","PD","HA","IntHigh","2100",4.468653710004
"03100206_02550000_MCMULLIN_CREEK",6425,19245,"MCMULLIN CREEK","03100206","02550000","STREAM","tbcmp_PD_HA_IntHigh_2100","PD","HA","IntHigh","2100",19.02217222938
"03100206_02550000_MCMULLIN_CREEK",6510,10096,"MCMULLIN CREEK","03100206","02550000","STREAM","tbcmp_PD_HA_IntHigh_2100","PD","HA","IntHigh","2100",9.979103706304
"03100206_02550000_MCMULLIN_CREEK",6600,10917,"MCMULLIN CREEK","03100206","02550000","STREAM","tbcmp_PD_HA_IntHigh_2100","PD","HA","IntHigh","2100",10.790597777508
"03100206_02550000_MCMULLIN_CREEK",9113,95760,"MCMULLIN CREEK","03100206","02550000","STREAM","tbcmp_PD_HA_IntHigh_2100","PD","HA","IntHigh","2100",94.65124513824
"03100206_02990000_TERRA_CEIA_BAY",0,469,"TERRA CEIA BAY","03100206","02990000","BAY","tbcmp_PD_HA_IntHigh_2100","PD","HA","IntHigh","2100",0.463569694756
"03100206_02990000_TERRA_CEIA_BAY",1100,1164600,"TERRA CEIA BAY","03100206","02990000","BAY","tbcmp_PD_HA_IntHigh_2100","PD","HA","IntHigh","2100",1151.1157068504
"03100206_02990000_TERRA_CEIA_BAY",1200,3836394,"TERRA CEIA BAY","03100206","02990000","BAY","tbcmp_PD_HA_IntHigh_2100","PD","HA","IntHigh","2100",3791.97440414446
"03100206_02990000_TERRA_CEIA_BAY",1800,68739,"TERRA CEIA BAY","03100206","02990000","BAY","tbcmp_PD_HA_IntHigh_2100","PD","HA","IntHigh","2100",67.943107138236
"03100206_02990000_TERRA_CEIA_BAY",1820,72236,"TERRA CEIA BAY","03100206","02990000","BAY","tbcmp_PD_HA_IntHigh_2100","PD","HA","IntHigh","2100",71.399617207664
"03100206_02990000_TERRA_CEIA_BAY",1900,534709,"TERRA CEIA BAY","03100206","02990000","BAY","tbcmp_PD_HA_IntHigh_2100","PD","HA","IntHigh","2100",528.517884676516
"03100206_02990000_TERRA_CEIA_BAY",2100,1036234,"TERRA CEIA BAY","03100206","02990000","BAY","tbcmp_PD_HA_IntHigh_2100","PD","HA","IntHigh","2100",1024.23598950062
"03100206_02990000_TERRA_CEIA_BAY",2200,69281,"TERRA CEIA BAY","03100206","02990000","BAY","tbcmp_PD_HA_IntHigh_2100","PD","HA","IntHigh","2100",68.478831604244
"03100206_02990000_TERRA_CEIA_BAY",2400,137275,"TERRA CEIA BAY","03100206","02990000","BAY","tbcmp_PD_HA_IntHigh_2100","PD","HA","IntHigh","2100",135.6855647071
"03100206_02990000_TERRA_CEIA_BAY",3200,48385,"TERRA CEIA BAY","03100206","02990000","BAY","tbcmp_PD_HA_IntHigh_2100","PD","HA","IntHigh","2100",47.82477543874
"03100206_02990000_TERRA_CEIA_BAY",4100,216260,"TERRA CEIA BAY","03100206","02990000","BAY","tbcmp_PD_HA_IntHigh_2100","PD","HA","IntHigh","2100",213.75603878024
"03100206_02990000_TERRA_CEIA_BAY",5200,96144,"TERRA CEIA BAY","03100206","02990000","BAY","tbcmp_PD_HA_IntHigh_2100","PD","HA","IntHigh","2100",95.030799003456
"03100206_02990000_TERRA_CEIA_BAY",5400,5207217,"TERRA CEIA BAY","03100206","02990000","BAY","tbcmp_PD_HA_IntHigh_2100","PD","HA","IntHigh","2100",5146.92536293871
"03100206_02990000_TERRA_CEIA_BAY",6110,156494,"TERRA CEIA BAY","03100206","02990000","BAY","tbcmp_PD_HA_IntHigh_2100","PD","HA","IntHigh","2100",154.682037976856
"03100206_02990000_TERRA_CEIA_BAY",6120,1205412,"TERRA CEIA BAY","03100206","02990000","BAY","tbcmp_PD_HA_IntHigh_2100","PD","HA","IntHigh","2100",1191.45516608789
"03100206_02990000_TERRA_CEIA_BAY",6410,30196,"TERRA CEIA BAY","03100206","02990000","BAY","tbcmp_PD_HA_IntHigh_2100","PD","HA","IntHigh","2100",29.846376338704
"03100206_02990000_TERRA_CEIA_BAY",6420,49600,"TERRA CEIA BAY","03100206","02990000","BAY","tbcmp_PD_HA_IntHigh_2100","PD","HA","IntHigh","2100",49.0257075904
"03100206_02990000_TERRA_CEIA_BAY",6425,21892,"TERRA CEIA BAY","03100206","02990000","BAY","tbcmp_PD_HA_IntHigh_2100","PD","HA","IntHigh","2100",21.638524003408
"03100206_02990000_TERRA_CEIA_BAY",6510,19538,"TERRA CEIA BAY","03100206","02990000","BAY","tbcmp_PD_HA_IntHigh_2100","PD","HA","IntHigh","2100",19.311779735912
"03100206_02990000_TERRA_CEIA_BAY",6600,99393,"TERRA CEIA BAY","03100206","02990000","BAY","tbcmp_PD_HA_IntHigh_2100","PD","HA","IntHigh","2100",98.242180534932
"03100206_02990000_TERRA_CEIA_BAY",7100,3708,"TERRA CEIA BAY","03100206","02990000","BAY","tbcmp_PD_HA_IntHigh_2100","PD","HA","IntHigh","2100",3.665067010992
"03100206_02990000_TERRA_CEIA_BAY",9113,3820664,"TERRA CEIA BAY","03100206","02990000","BAY","tbcmp_PD_HA_IntHigh_2100","PD","HA","IntHigh","2100",3776.42653357194
"03100206_10990000_LONG_BAYOU",1100,248136,"LONG BAYOU","03100206","10990000","BAYOU","tbcmp_PD_HA_IntHigh_2100","PD","HA","IntHigh","2100",245.262963279264
"03100206_10990000_LONG_BAYOU",1200,10695827,"LONG BAYOU","03100206","10990000","BAYOU","tbcmp_PD_HA_IntHigh_2100","PD","HA","IntHigh","2100",10571.9856237803
"03100206_10990000_LONG_BAYOU",1800,484421,"LONG BAYOU","03100206","10990000","BAYOU","tbcmp_PD_HA_IntHigh_2100","PD","HA","IntHigh","2100",478.812143077604
"03100206_10990000_LONG_BAYOU",1820,296670,"LONG BAYOU","03100206","10990000","BAYOU","tbcmp_PD_HA_IntHigh_2100","PD","HA","IntHigh","2100",293.23501352508
"03100206_10990000_LONG_BAYOU",1900,244953,"LONG BAYOU","03100206","10990000","BAYOU","tbcmp_PD_HA_IntHigh_2100","PD","HA","IntHigh","2100",242.116817568372
"03100206_10990000_LONG_BAYOU",2400,1948,"LONG BAYOU","03100206","10990000","BAYOU","tbcmp_PD_HA_IntHigh_2100","PD","HA","IntHigh","2100",1.925445128752
"03100206_10990000_LONG_BAYOU",3200,10,"LONG BAYOU","03100206","10990000","BAYOU","tbcmp_PD_HA_IntHigh_2100","PD","HA","IntHigh","2100",0.00988421524
"03100206_10990000_LONG_BAYOU",4100,100081,"LONG BAYOU","03100206","10990000","BAYOU","tbcmp_PD_HA_IntHigh_2100","PD","HA","IntHigh","2100",98.922214543444
"03100206_10990000_LONG_BAYOU",5200,268472,"LONG BAYOU","03100206","10990000","BAYOU","tbcmp_PD_HA_IntHigh_2100","PD","HA","IntHigh","2100",265.363503391328
"03100206_10990000_LONG_BAYOU",5400,1446439,"LONG BAYOU","03100206","10990000","BAYOU","tbcmp_PD_HA_IntHigh_2100","PD","HA","IntHigh","2100",1429.69144075304
"03100206_10990000_LONG_BAYOU",6110,69993,"LONG BAYOU","03100206","10990000","BAYOU","tbcmp_PD_HA_IntHigh_2100","PD","HA","IntHigh","2100",69.182587729332
"03100206_10990000_LONG_BAYOU",6120,162618,"LONG BAYOU","03100206","10990000","BAYOU","tbcmp_PD_HA_IntHigh_2100","PD","HA","IntHigh","2100",160.735131389832
"03100206_10990000_LONG_BAYOU",6410,60326,"LONG BAYOU","03100206","10990000","BAYOU","tbcmp_PD_HA_IntHigh_2100","PD","HA","IntHigh","2100",59.627516856824
"03100206_10990000_LONG_BAYOU",6420,19361,"LONG BAYOU","03100206","10990000","BAYOU","tbcmp_PD_HA_IntHigh_2100","PD","HA","IntHigh","2100",19.136829126164
"03100206_10990000_LONG_BAYOU",6600,61068,"LONG BAYOU","03100206","10990000","BAYOU","tbcmp_PD_HA_IntHigh_2100","PD","HA","IntHigh","2100",60.360925627632
"03100206_10990000_LONG_BAYOU",7100,3,"LONG BAYOU","03100206","10990000","BAYOU","tbcmp_PD_HA_IntHigh_2100","PD","HA","IntHigh","2100",0.002965264572
"03100206_10990000_LONG_BAYOU",9113,478849,"LONG BAYOU","03100206","10990000","BAYOU","tbcmp_PD_HA_IntHigh_2100","PD","HA","IntHigh","2100",473.304658345876
"03100206_14000000_PINEY_POINT_CREEK",1100,3380,"PINEY POINT CREEK","03100206","14000000","DITCH","tbcmp_PD_HA_IntHigh_2100","PD","HA","IntHigh","2100",3.34086475112
"03100206_14000000_PINEY_POINT_CREEK",1200,633730,"PINEY POINT CREEK","03100206","14000000","DITCH","tbcmp_PD_HA_IntHigh_2100","PD","HA","IntHigh","2100",626.39237240452
"03100206_14000000_PINEY_POINT_CREEK",1820,1014,"PINEY POINT CREEK","03100206","14000000","DITCH","tbcmp_PD_HA_IntHigh_2100","PD","HA","IntHigh","2100",1.002259425336
"03100206_14000000_PINEY_POINT_CREEK",1900,137268,"PINEY POINT CREEK","03100206","14000000","DITCH","tbcmp_PD_HA_IntHigh_2100","PD","HA","IntHigh","2100",135.678645756432
"03100206_14000000_PINEY_POINT_CREEK",2100,652610,"PINEY POINT CREEK","03100206","14000000","DITCH","tbcmp_PD_HA_IntHigh_2100","PD","HA","IntHigh","2100",645.05377077764
"03100206_14000000_PINEY_POINT_CREEK",2200,104998,"PINEY POINT CREEK","03100206","14000000","DITCH","tbcmp_PD_HA_IntHigh_2100","PD","HA","IntHigh","2100",103.782283176952
"03100206_14000000_PINEY_POINT_CREEK",3200,78336,"PINEY POINT CREEK","03100206","14000000","DITCH","tbcmp_PD_HA_IntHigh_2100","PD","HA","IntHigh","2100",77.428988504064
"03100206_14000000_PINEY_POINT_CREEK",4100,71815,"PINEY POINT CREEK","03100206","14000000","DITCH","tbcmp_PD_HA_IntHigh_2100","PD","HA","IntHigh","2100",70.98349174606
"03100206_14000000_PINEY_POINT_CREEK",5200,29548,"PINEY POINT CREEK","03100206","14000000","DITCH","tbcmp_PD_HA_IntHigh_2100","PD","HA","IntHigh","2100",29.205879191152
"03100206_14000000_PINEY_POINT_CREEK",5400,226859,"PINEY POINT CREEK","03100206","14000000","DITCH","tbcmp_PD_HA_IntHigh_2100","PD","HA","IntHigh","2100",224.232318513116
"03100206_14000000_PINEY_POINT_CREEK",6110,123151,"PINEY POINT CREEK","03100206","14000000","DITCH","tbcmp_PD_HA_IntHigh_2100","PD","HA","IntHigh","2100",121.725099102124
"03100206_14000000_PINEY_POINT_CREEK",6120,576604,"PINEY POINT CREEK","03100206","14000000","DITCH","tbcmp_PD_HA_IntHigh_2100","PD","HA","IntHigh","2100",569.927804424496
"03100206_14000000_PINEY_POINT_CREEK",6410,93678,"PINEY POINT CREEK","03100206","14000000","DITCH","tbcmp_PD_HA_IntHigh_2100","PD","HA","IntHigh","2100",92.593351525272
"03100206_14000000_PINEY_POINT_CREEK",6420,15876,"PINEY POINT CREEK","03100206","14000000","DITCH","tbcmp_PD_HA_IntHigh_2100","PD","HA","IntHigh","2100",15.692180115024
"03100206_14000000_PINEY_POINT_CREEK",6600,38464,"PINEY POINT CREEK","03100206","14000000","DITCH","tbcmp_PD_HA_IntHigh_2100","PD","HA","IntHigh","2100",38.018645499136
"03100206_14000000_PINEY_POINT_CREEK",9113,415451,"PINEY POINT CREEK","03100206","14000000","DITCH","tbcmp_PD_HA_IntHigh_2100","PD","HA","IntHigh","2100",410.640710567324
"03100206_16700000_COCKROACH_CREEK",1200,41917,"COCKROACH CREEK","03100206","16700000","STREAM","tbcmp_PD_HA_IntHigh_2100","PD","HA","IntHigh","2100",41.431665021508
"03100206_16700000_COCKROACH_CREEK",1900,176541,"COCKROACH CREEK","03100206","16700000","STREAM","tbcmp_PD_HA_IntHigh_2100","PD","HA","IntHigh","2100",174.496924268484
"03100206_16700000_COCKROACH_CREEK",2100,200569,"COCKROACH CREEK","03100206","16700000","STREAM","tbcmp_PD_HA_IntHigh_2100","PD","HA","IntHigh","2100",198.246716647156
"03100206_16700000_COCKROACH_CREEK",2200,75406,"COCKROACH CREEK","03100206","16700000","STREAM","tbcmp_PD_HA_IntHigh_2100","PD","HA","IntHigh","2100",74.532913438744
"03100206_16700000_COCKROACH_CREEK",2400,98383,"COCKROACH CREEK","03100206","16700000","STREAM","tbcmp_PD_HA_IntHigh_2100","PD","HA","IntHigh","2100",97.243874795692
"03100206_16700000_COCKROACH_CREEK",3200,16825,"COCKROACH CREEK","03100206","16700000","STREAM","tbcmp_PD_HA_IntHigh_2100","PD","HA","IntHigh","2100",16.6301921413
"03100206_16700000_COCKROACH_CREEK",4100,54020,"COCKROACH CREEK","03100206","16700000","STREAM","tbcmp_PD_HA_IntHigh_2100","PD","HA","IntHigh","2100",53.39453072648
"03100206_16700000_COCKROACH_CREEK",5200,2121,"COCKROACH CREEK","03100206","16700000","STREAM","tbcmp_PD_HA_IntHigh_2100","PD","HA","IntHigh","2100",2.096442052404
"03100206_16700000_COCKROACH_CREEK",5400,438,"COCKROACH CREEK","03100206","16700000","STREAM","tbcmp_PD_HA_IntHigh_2100","PD","HA","IntHigh","2100",0.432928627512
"03100206_16700000_COCKROACH_CREEK",6110,86035,"COCKROACH CREEK","03100206","16700000","STREAM","tbcmp_PD_HA_IntHigh_2100","PD","HA","IntHigh","2100",85.03884581734
"03100206_16700000_COCKROACH_CREEK",6120,32946,"COCKROACH CREEK","03100206","16700000","STREAM","tbcmp_PD_HA_IntHigh_2100","PD","HA","IntHigh","2100",32.564535529704
"03100206_16700000_COCKROACH_CREEK",6410,14713,"COCKROACH CREEK","03100206","16700000","STREAM","tbcmp_PD_HA_IntHigh_2100","PD","HA","IntHigh","2100",14.542645882612
"03100206_16700000_COCKROACH_CREEK",6420,589,"COCKROACH CREEK","03100206","16700000","STREAM","tbcmp_PD_HA_IntHigh_2100","PD","HA","IntHigh","2100",0.582180277636
"03100206_16700000_COCKROACH_CREEK",6600,2977,"COCKROACH CREEK","03100206","16700000","STREAM","tbcmp_PD_HA_IntHigh_2100","PD","HA","IntHigh","2100",2.942530876948
"03100206_16700000_COCKROACH_CREEK",9113,25552,"COCKROACH CREEK","03100206","16700000","STREAM","tbcmp_PD_HA_IntHigh_2100","PD","HA","IntHigh","2100",25.256146781248
"03100206_16990000_COCKROACH_BAY",1200,282446,"COCKROACH BAY","03100206","16990000","BAY","tbcmp_PD_HA_IntHigh_2100","PD","HA","IntHigh","2100",279.175705767704
"03100206_16990000_COCKROACH_BAY",1820,4432,"COCKROACH BAY","03100206","16990000","BAY","tbcmp_PD_HA_IntHigh_2100","PD","HA","IntHigh","2100",4.380684194368
"03100206_16990000_COCKROACH_BAY",1900,190208,"COCKROACH BAY","03100206","16990000","BAY","tbcmp_PD_HA_IntHigh_2100","PD","HA","IntHigh","2100",188.005681236992
"03100206_16990000_COCKROACH_BAY",2100,72609,"COCKROACH BAY","03100206","16990000","BAY","tbcmp_PD_HA_IntHigh_2100","PD","HA","IntHigh","2100",71.768298436116
"03100206_16990000_COCKROACH_BAY",2400,272471,"COCKROACH BAY","03100206","16990000","BAY","tbcmp_PD_HA_IntHigh_2100","PD","HA","IntHigh","2100",269.316201065804
"03100206_16990000_COCKROACH_BAY",4100,64838,"COCKROACH BAY","03100206","16990000","BAY","tbcmp_PD_HA_IntHigh_2100","PD","HA","IntHigh","2100",64.087274773112
"03100206_16990000_COCKROACH_BAY",5200,1118,"COCKROACH BAY","03100206","16990000","BAY","tbcmp_PD_HA_IntHigh_2100","PD","HA","IntHigh","2100",1.105055263832
"03100206_16990000_COCKROACH_BAY",5400,576907,"COCKROACH BAY","03100206","16990000","BAY","tbcmp_PD_HA_IntHigh_2100","PD","HA","IntHigh","2100",570.227296146268
"03100206_16990000_COCKROACH_BAY",6110,14076,"COCKROACH BAY","03100206","16990000","BAY","tbcmp_PD_HA_IntHigh_2100","PD","HA","IntHigh","2100",13.913021371824
"03100206_16990000_COCKROACH_BAY",6120,877742,"COCKROACH BAY","03100206","16990000","BAY","tbcmp_PD_HA_IntHigh_2100","PD","HA","IntHigh","2100",867.579085318808
"03100206_16990000_COCKROACH_BAY",6410,8197,"COCKROACH BAY","03100206","16990000","BAY","tbcmp_PD_HA_IntHigh_2100","PD","HA","IntHigh","2100",8.102091232228
"03100206_16990000_COCKROACH_BAY",6420,18143,"COCKROACH BAY","03100206","16990000","BAY","tbcmp_PD_HA_IntHigh_2100","PD","HA","IntHigh","2100",17.932931709932
"03100206_16990000_COCKROACH_BAY",6600,42918,"COCKROACH BAY","03100206","16990000","BAY","tbcmp_PD_HA_IntHigh_2100","PD","HA","IntHigh","2100",42.421074967032
"03100206_16990000_COCKROACH_BAY",9113,1013367,"COCKROACH BAY","03100206","16990000","BAY","tbcmp_PD_HA_IntHigh_2100","PD","HA","IntHigh","2100",1001.63375451131
"03100206_24000000_WOLF_BRANCH",1100,10802,"WOLF BRANCH","03100206","24000000","DITCH","tbcmp_PD_HA_IntHigh_2100","PD","HA","IntHigh","2100",10.676929302248
"03100206_24000000_WOLF_BRANCH",1200,565899,"WOLF BRANCH","03100206","24000000","DITCH","tbcmp_PD_HA_IntHigh_2100","PD","HA","IntHigh","2100",559.346752010076
"03100206_24000000_WOLF_BRANCH",1900,15575,"WOLF BRANCH","03100206","24000000","DITCH","tbcmp_PD_HA_IntHigh_2100","PD","HA","IntHigh","2100",15.3946652363
"03100206_24000000_WOLF_BRANCH",2100,141012,"WOLF BRANCH","03100206","24000000","DITCH","tbcmp_PD_HA_IntHigh_2100","PD","HA","IntHigh","2100",139.379295942288
"03100206_24000000_WOLF_BRANCH",2200,12441,"WOLF BRANCH","03100206","24000000","DITCH","tbcmp_PD_HA_IntHigh_2100","PD","HA","IntHigh","2100",12.296952180084
"03100206_24000000_WOLF_BRANCH",2400,59450,"WOLF BRANCH","03100206","24000000","DITCH","tbcmp_PD_HA_IntHigh_2100","PD","HA","IntHigh","2100",58.7616596018
"03100206_24000000_WOLF_BRANCH",4100,16708,"WOLF BRANCH","03100206","24000000","DITCH","tbcmp_PD_HA_IntHigh_2100","PD","HA","IntHigh","2100",16.514546822992
"03100206_24000000_WOLF_BRANCH",5200,30316,"WOLF BRANCH","03100206","24000000","DITCH","tbcmp_PD_HA_IntHigh_2100","PD","HA","IntHigh","2100",29.964986921584
"03100206_24000000_WOLF_BRANCH",5400,146892,"WOLF BRANCH","03100206","24000000","DITCH","tbcmp_PD_HA_IntHigh_2100","PD","HA","IntHigh","2100",145.191214503408
"03100206_24000000_WOLF_BRANCH",6110,4387,"WOLF BRANCH","03100206","24000000","DITCH","tbcmp_PD_HA_IntHigh_2100","PD","HA","IntHigh","2100",4.336205225788
"03100206_24000000_WOLF_BRANCH",6120,163756,"WOLF BRANCH","03100206","24000000","DITCH","tbcmp_PD_HA_IntHigh_2100","PD","HA","IntHigh","2100",161.859955084144
"03100206_24000000_WOLF_BRANCH",6410,2635,"WOLF BRANCH","03100206","24000000","DITCH","tbcmp_PD_HA_IntHigh_2100","PD","HA","IntHigh","2100",2.60449071574
"03100206_24000000_WOLF_BRANCH",6420,7930,"WOLF BRANCH","03100206","24000000","DITCH","tbcmp_PD_HA_IntHigh_2100","PD","HA","IntHigh","2100",7.83818268532
"03100206_24000000_WOLF_BRANCH",6600,12946,"WOLF BRANCH","03100206","24000000","DITCH","tbcmp_PD_HA_IntHigh_2100","PD","HA","IntHigh","2100",12.796105049704
"03100206_24000000_WOLF_BRANCH",9113,296268,"WOLF BRANCH","03100206","24000000","DITCH","tbcmp_PD_HA_IntHigh_2100","PD","HA","IntHigh","2100",292.837668072432
"03100206_25000000_WOLF_BR_CUTOFF_CANAL",1100,62138,"WOLF BR CUTOFF CANAL","03100206","25000000","CANAL","tbcmp_PD_HA_IntHigh_2100","PD","HA","IntHigh","2100",61.418536658312
"03100206_25000000_WOLF_BR_CUTOFF_CANAL",1200,1275213,"WOLF BR CUTOFF CANAL","03100206","25000000","CANAL","tbcmp_PD_HA_IntHigh_2100","PD","HA","IntHigh","2100",1260.44797688461
"03100206_25000000_WOLF_BR_CUTOFF_CANAL",1800,16594,"WOLF BR CUTOFF CANAL","03100206","25000000","CANAL","tbcmp_PD_HA_IntHigh_2100","PD","HA","IntHigh","2100",16.401866769256
"03100206_25000000_WOLF_BR_CUTOFF_CANAL",1820,5977,"WOLF BR CUTOFF CANAL","03100206","25000000","CANAL","tbcmp_PD_HA_IntHigh_2100","PD","HA","IntHigh","2100",5.907795448948
"03100206_25000000_WOLF_BR_CUTOFF_CANAL",1900,486439,"WOLF BR CUTOFF CANAL","03100206","25000000","CANAL","tbcmp_PD_HA_IntHigh_2100","PD","HA","IntHigh","2100",480.806777713036
"03100206_25000000_WOLF_BR_CUTOFF_CANAL",2100,589905,"WOLF BR CUTOFF CANAL","03100206","25000000","CANAL","tbcmp_PD_HA_IntHigh_2100","PD","HA","IntHigh","2100",583.07479911522
"03100206_25000000_WOLF_BR_CUTOFF_CANAL",2400,35139,"WOLF BR CUTOFF CANAL","03100206","25000000","CANAL","tbcmp_PD_HA_IntHigh_2100","PD","HA","IntHigh","2100",34.732143931836
"03100206_25000000_WOLF_BR_CUTOFF_CANAL",4100,142485,"WOLF BR CUTOFF CANAL","03100206","25000000","CANAL","tbcmp_PD_HA_IntHigh_2100","PD","HA","IntHigh","2100",140.83524084714
"03100206_25000000_WOLF_BR_CUTOFF_CANAL",5200,133381,"WOLF BR CUTOFF CANAL","03100206","25000000","CANAL","tbcmp_PD_HA_IntHigh_2100","PD","HA","IntHigh","2100",131.836651292644
"03100206_25000000_WOLF_BR_CUTOFF_CANAL",5400,250439,"WOLF BR CUTOFF CANAL","03100206","25000000","CANAL","tbcmp_PD_HA_IntHigh_2100","PD","HA","IntHigh","2100",247.539298049036
"03100206_25000000_WOLF_BR_CUTOFF_CANAL",6110,169959,"WOLF BR CUTOFF CANAL","03100206","25000000","CANAL","tbcmp_PD_HA_IntHigh_2100","PD","HA","IntHigh","2100",167.991133797516
"03100206_25000000_WOLF_BR_CUTOFF_CANAL",6120,142931,"WOLF BR CUTOFF CANAL","03100206","25000000","CANAL","tbcmp_PD_HA_IntHigh_2100","PD","HA","IntHigh","2100",141.276076846844
"03100206_25000000_WOLF_BR_CUTOFF_CANAL",6410,43669,"WOLF BR CUTOFF CANAL","03100206","25000000","CANAL","tbcmp_PD_HA_IntHigh_2100","PD","HA","IntHigh","2100",43.163379531556
"03100206_25000000_WOLF_BR_CUTOFF_CANAL",6420,18184,"WOLF BR CUTOFF CANAL","03100206","25000000","CANAL","tbcmp_PD_HA_IntHigh_2100","PD","HA","IntHigh","2100",17.973456992416
"03100206_25000000_WOLF_BR_CUTOFF_CANAL",6600,36562,"WOLF BR CUTOFF CANAL","03100206","25000000","CANAL","tbcmp_PD_HA_IntHigh_2100","PD","HA","IntHigh","2100",36.138667760488
"03100206_25000000_WOLF_BR_CUTOFF_CANAL",9113,115525,"WOLF BR CUTOFF CANAL","03100206","25000000","CANAL","tbcmp_PD_HA_IntHigh_2100","PD","HA","IntHigh","2100",114.1873965601
"03100206_26000000_GOLF_COURSE_DRAIN",1100,10429,"GOLF COURSE DRAIN","03100206","26000000","DITCH","tbcmp_PD_HA_IntHigh_2100","PD","HA","IntHigh","2100",10.308248073796
"03100206_26000000_GOLF_COURSE_DRAIN",1200,829819,"GOLF COURSE DRAIN","03100206","26000000","DITCH","tbcmp_PD_HA_IntHigh_2100","PD","HA","IntHigh","2100",820.210960624156
"03100206_26000000_GOLF_COURSE_DRAIN",1800,16228,"GOLF COURSE DRAIN","03100206","26000000","DITCH","tbcmp_PD_HA_IntHigh_2100","PD","HA","IntHigh","2100",16.040104491472
"03100206_26000000_GOLF_COURSE_DRAIN",1820,111279,"GOLF COURSE DRAIN","03100206","26000000","DITCH","tbcmp_PD_HA_IntHigh_2100","PD","HA","IntHigh","2100",109.990558769196
"03100206_26000000_GOLF_COURSE_DRAIN",1900,123844,"GOLF COURSE DRAIN","03100206","26000000","DITCH","tbcmp_PD_HA_IntHigh_2100","PD","HA","IntHigh","2100",122.410075218256
"03100206_26000000_GOLF_COURSE_DRAIN",2100,180617,"GOLF COURSE DRAIN","03100206","26000000","DITCH","tbcmp_PD_HA_IntHigh_2100","PD","HA","IntHigh","2100",178.525730400308
"03100206_26000000_GOLF_COURSE_DRAIN",2400,16976,"GOLF COURSE DRAIN","03100206","26000000","DITCH","tbcmp_PD_HA_IntHigh_2100","PD","HA","IntHigh","2100",16.779443791424
"03100206_26000000_GOLF_COURSE_DRAIN",4100,92131,"GOLF COURSE DRAIN","03100206","26000000","DITCH","tbcmp_PD_HA_IntHigh_2100","PD","HA","IntHigh","2100",91.064263427644
"03100206_26000000_GOLF_COURSE_DRAIN",5200,86565,"GOLF COURSE DRAIN","03100206","26000000","DITCH","tbcmp_PD_HA_IntHigh_2100","PD","HA","IntHigh","2100",85.56270922506
"03100206_26000000_GOLF_COURSE_DRAIN",5400,161184,"GOLF COURSE DRAIN","03100206","26000000","DITCH","tbcmp_PD_HA_IntHigh_2100","PD","HA","IntHigh","2100",159.317734924416
"03100206_26000000_GOLF_COURSE_DRAIN",6110,58039,"GOLF COURSE DRAIN","03100206","26000000","DITCH","tbcmp_PD_HA_IntHigh_2100","PD","HA","IntHigh","2100",57.366996831436
"03100206_26000000_GOLF_COURSE_DRAIN",6120,12921,"GOLF COURSE DRAIN","03100206","26000000","DITCH","tbcmp_PD_HA_IntHigh_2100","PD","HA","IntHigh","2100",12.771394511604
"03100206_26000000_GOLF_COURSE_DRAIN",6410,39747,"GOLF COURSE DRAIN","03100206","26000000","DITCH","tbcmp_PD_HA_IntHigh_2100","PD","HA","IntHigh","2100",39.286790314428
"03100206_26000000_GOLF_COURSE_DRAIN",6420,4671,"GOLF COURSE DRAIN","03100206","26000000","DITCH","tbcmp_PD_HA_IntHigh_2100","PD","HA","IntHigh","2100",4.616916938604
"03100206_26000000_GOLF_COURSE_DRAIN",6600,16308,"GOLF COURSE DRAIN","03100206","26000000","DITCH","tbcmp_PD_HA_IntHigh_2100","PD","HA","IntHigh","2100",16.119178213392
"03100206_26000000_GOLF_COURSE_DRAIN",9113,7653,"GOLF COURSE DRAIN","03100206","26000000","DITCH","tbcmp_PD_HA_IntHigh_2100","PD","HA","IntHigh","2100",7.564389923172
"03100206_27000000_APOLLO_BEACH_CANAL",0,298,"APOLLO BEACH CANAL","03100206","27000000","CANAL","tbcmp_PD_HA_IntHigh_2100","PD","HA","IntHigh","2100",0.294549614152
"03100206_27000000_APOLLO_BEACH_CANAL",1100,2075,"APOLLO BEACH CANAL","03100206","27000000","CANAL","tbcmp_PD_HA_IntHigh_2100","PD","HA","IntHigh","2100",2.0509746623
"03100206_27000000_APOLLO_BEACH_CANAL",1200,1237231,"APOLLO BEACH CANAL","03100206","27000000","CANAL","tbcmp_PD_HA_IntHigh_2100","PD","HA","IntHigh","2100",1222.90575056004
"03100206_27000000_APOLLO_BEACH_CANAL",1800,22858,"APOLLO BEACH CANAL","03100206","27000000","CANAL","tbcmp_PD_HA_IntHigh_2100","PD","HA","IntHigh","2100",22.593339195592
"03100206_27000000_APOLLO_BEACH_CANAL",1900,91947,"APOLLO BEACH CANAL","03100206","27000000","CANAL","tbcmp_PD_HA_IntHigh_2100","PD","HA","IntHigh","2100",90.882393867228
"03100206_27000000_APOLLO_BEACH_CANAL",2100,45753,"APOLLO BEACH CANAL","03100206","27000000","CANAL","tbcmp_PD_HA_IntHigh_2100","PD","HA","IntHigh","2100",45.223249987572
"03100206_27000000_APOLLO_BEACH_CANAL",3200,5163,"APOLLO BEACH CANAL","03100206","27000000","CANAL","tbcmp_PD_HA_IntHigh_2100","PD","HA","IntHigh","2100",5.103220328412
"03100206_27000000_APOLLO_BEACH_CANAL",4100,24175,"APOLLO BEACH CANAL","03100206","27000000","CANAL","tbcmp_PD_HA_IntHigh_2100","PD","HA","IntHigh","2100",23.8950903427
"03100206_27000000_APOLLO_BEACH_CANAL",5200,97935,"APOLLO BEACH CANAL","03100206","27000000","CANAL","tbcmp_PD_HA_IntHigh_2100","PD","HA","IntHigh","2100",96.80106195294
"03100206_27000000_APOLLO_BEACH_CANAL",5400,263450,"APOLLO BEACH CANAL","03100206","27000000","CANAL","tbcmp_PD_HA_IntHigh_2100","PD","HA","IntHigh","2100",260.3996504978
"03100206_27000000_APOLLO_BEACH_CANAL",6110,23600,"APOLLO BEACH CANAL","03100206","27000000","CANAL","tbcmp_PD_HA_IntHigh_2100","PD","HA","IntHigh","2100",23.3267479664
"03100206_27000000_APOLLO_BEACH_CANAL",6120,6697,"APOLLO BEACH CANAL","03100206","27000000","CANAL","tbcmp_PD_HA_IntHigh_2100","PD","HA","IntHigh","2100",6.619458946228
"03100206_27000000_APOLLO_BEACH_CANAL",6410,27238,"APOLLO BEACH CANAL","03100206","27000000","CANAL","tbcmp_PD_HA_IntHigh_2100","PD","HA","IntHigh","2100",26.922625470712
"03100206_27000000_APOLLO_BEACH_CANAL",6420,363,"APOLLO BEACH CANAL","03100206","27000000","CANAL","tbcmp_PD_HA_IntHigh_2100","PD","HA","IntHigh","2100",0.358797013212
"03100206_27000000_APOLLO_BEACH_CANAL",6600,665,"APOLLO BEACH CANAL","03100206","27000000","CANAL","tbcmp_PD_HA_IntHigh_2100","PD","HA","IntHigh","2100",0.65730031346
"03100206_27000000_APOLLO_BEACH_CANAL",9113,14150,"APOLLO BEACH CANAL","03100206","27000000","CANAL","tbcmp_PD_HA_IntHigh_2100","PD","HA","IntHigh","2100",13.9861645646
"03100206_28000000_BIG_BEND_BAYOU",0,454,"BIG BEND BAYOU","03100206","28000000","BAYOU","tbcmp_PD_HA_IntHigh_2100","PD","HA","IntHigh","2100",0.448743371896
"03100206_28000000_BIG_BEND_BAYOU",1100,25850,"BIG BEND BAYOU","03100206","28000000","BAYOU","tbcmp_PD_HA_IntHigh_2100","PD","HA","IntHigh","2100",25.5506963954
"03100206_28000000_BIG_BEND_BAYOU",1200,1356814,"BIG BEND BAYOU","03100206","28000000","BAYOU","tbcmp_PD_HA_IntHigh_2100","PD","HA","IntHigh","2100",1341.10416166454
"03100206_28000000_BIG_BEND_BAYOU",1800,3838,"BIG BEND BAYOU","03100206","28000000","BAYOU","tbcmp_PD_HA_IntHigh_2100","PD","HA","IntHigh","2100",3.793561809112
"03100206_28000000_BIG_BEND_BAYOU",1820,7066,"BIG BEND BAYOU","03100206","28000000","BAYOU","tbcmp_PD_HA_IntHigh_2100","PD","HA","IntHigh","2100",6.984186488584
"03100206_28000000_BIG_BEND_BAYOU",1900,90398,"BIG BEND BAYOU","03100206","28000000","BAYOU","tbcmp_PD_HA_IntHigh_2100","PD","HA","IntHigh","2100",89.351328926552
"03100206_28000000_BIG_BEND_BAYOU",2100,115290,"BIG BEND BAYOU","03100206","28000000","BAYOU","tbcmp_PD_HA_IntHigh_2100","PD","HA","IntHigh","2100",113.95511750196
"03100206_28000000_BIG_BEND_BAYOU",3200,12969,"BIG BEND BAYOU","03100206","28000000","BAYOU","tbcmp_PD_HA_IntHigh_2100","PD","HA","IntHigh","2100",12.818838744756
"03100206_28000000_BIG_BEND_BAYOU",4100,170,"BIG BEND BAYOU","03100206","28000000","BAYOU","tbcmp_PD_HA_IntHigh_2100","PD","HA","IntHigh","2100",0.16803165908
"03100206_28000000_BIG_BEND_BAYOU",4400,11925,"BIG BEND BAYOU","03100206","28000000","BAYOU","tbcmp_PD_HA_IntHigh_2100","PD","HA","IntHigh","2100",11.7869266737
"03100206_28000000_BIG_BEND_BAYOU",5200,50804,"BIG BEND BAYOU","03100206","28000000","BAYOU","tbcmp_PD_HA_IntHigh_2100","PD","HA","IntHigh","2100",50.215767105296
"03100206_28000000_BIG_BEND_BAYOU",5400,408567,"BIG BEND BAYOU","03100206","28000000","BAYOU","tbcmp_PD_HA_IntHigh_2100","PD","HA","IntHigh","2100",403.836416796108
"03100206_28000000_BIG_BEND_BAYOU",6110,970,"BIG BEND BAYOU","03100206","28000000","BAYOU","tbcmp_PD_HA_IntHigh_2100","PD","HA","IntHigh","2100",0.95876887828
"03100206_28000000_BIG_BEND_BAYOU",6120,183877,"BIG BEND BAYOU","03100206","28000000","BAYOU","tbcmp_PD_HA_IntHigh_2100","PD","HA","IntHigh","2100",181.747984568548
"03100206_28000000_BIG_BEND_BAYOU",6410,46400,"BIG BEND BAYOU","03100206","28000000","BAYOU","tbcmp_PD_HA_IntHigh_2100","PD","HA","IntHigh","2100",45.8627587136
"03100206_28000000_BIG_BEND_BAYOU",6420,14991,"BIG BEND BAYOU","03100206","28000000","BAYOU","tbcmp_PD_HA_IntHigh_2100","PD","HA","IntHigh","2100",14.817427066284
"03100206_28000000_BIG_BEND_BAYOU",6600,55770,"BIG BEND BAYOU","03100206","28000000","BAYOU","tbcmp_PD_HA_IntHigh_2100","PD","HA","IntHigh","2100",55.12426839348
"03100206_28000000_BIG_BEND_BAYOU",9113,270589,"BIG BEND BAYOU","03100206","28000000","BAYOU","tbcmp_PD_HA_IntHigh_2100","PD","HA","IntHigh","2100",267.455991757636
"03100206_28400000_NEWMAN_BRANCH",1100,9440,"NEWMAN BRANCH","03100206","28400000","CANAL","tbcmp_PD_HA_IntHigh_2100","PD","HA","IntHigh","2100",9.33069918656
"03100206_28400000_NEWMAN_BRANCH",1200,939917,"NEWMAN BRANCH","03100206","28400000","CANAL","tbcmp_PD_HA_IntHigh_2100","PD","HA","IntHigh","2100",929.034193573508
"03100206_28400000_NEWMAN_BRANCH",1800,6231,"NEWMAN BRANCH","03100206","28400000","CANAL","tbcmp_PD_HA_IntHigh_2100","PD","HA","IntHigh","2100",6.158854516044
"03100206_28400000_NEWMAN_BRANCH",1820,6541,"NEWMAN BRANCH","03100206","28400000","CANAL","tbcmp_PD_HA_IntHigh_2100","PD","HA","IntHigh","2100",6.465265188484
"03100206_28400000_NEWMAN_BRANCH",1900,12516,"NEWMAN BRANCH","03100206","28400000","CANAL","tbcmp_PD_HA_IntHigh_2100","PD","HA","IntHigh","2100",12.371083794384
"03100206_28400000_NEWMAN_BRANCH",2100,52430,"NEWMAN BRANCH","03100206","28400000","CANAL","tbcmp_PD_HA_IntHigh_2100","PD","HA","IntHigh","2100",51.82294050332
"03100206_28400000_NEWMAN_BRANCH",3200,2186,"NEWMAN BRANCH","03100206","28400000","CANAL","tbcmp_PD_HA_IntHigh_2100","PD","HA","IntHigh","2100",2.160689451464
"03100206_28400000_NEWMAN_BRANCH",4100,30034,"NEWMAN BRANCH","03100206","28400000","CANAL","tbcmp_PD_HA_IntHigh_2100","PD","HA","IntHigh","2100",29.686252051816
"03100206_28400000_NEWMAN_BRANCH",5200,71047,"NEWMAN BRANCH","03100206","28400000","CANAL","tbcmp_PD_HA_IntHigh_2100","PD","HA","IntHigh","2100",70.224384015628
"03100206_28400000_NEWMAN_BRANCH",5400,82481,"NEWMAN BRANCH","03100206","28400000","CANAL","tbcmp_PD_HA_IntHigh_2100","PD","HA","IntHigh","2100",81.525995721044
"03100206_28400000_NEWMAN_BRANCH",6110,2754,"NEWMAN BRANCH","03100206","28400000","CANAL","tbcmp_PD_HA_IntHigh_2100","PD","HA","IntHigh","2100",2.722112877096
"03100206_28400000_NEWMAN_BRANCH",6120,64951,"NEWMAN BRANCH","03100206","28400000","CANAL","tbcmp_PD_HA_IntHigh_2100","PD","HA","IntHigh","2100",64.198966405324
"03100206_28400000_NEWMAN_BRANCH",6410,41926,"NEWMAN BRANCH","03100206","28400000","CANAL","tbcmp_PD_HA_IntHigh_2100","PD","HA","IntHigh","2100",41.440560815224
"03100206_28400000_NEWMAN_BRANCH",6420,2514,"NEWMAN BRANCH","03100206","28400000","CANAL","tbcmp_PD_HA_IntHigh_2100","PD","HA","IntHigh","2100",2.484891711336
"03100206_28400000_NEWMAN_BRANCH",6600,5750,"NEWMAN BRANCH","03100206","28400000","CANAL","tbcmp_PD_HA_IntHigh_2100","PD","HA","IntHigh","2100",5.683423763
"03100206_28400000_NEWMAN_BRANCH",9113,59418,"NEWMAN BRANCH","03100206","28400000","CANAL","tbcmp_PD_HA_IntHigh_2100","PD","HA","IntHigh","2100",58.730030113032
"03100206_32500000_KITCHEN_BRANCH",1100,26970,"KITCHEN BRANCH","03100206","32500000","STREAM","tbcmp_PD_HA_IntHigh_2100","PD","HA","IntHigh","2100",26.65772850228
"03100206_32500000_KITCHEN_BRANCH",1200,917259,"KITCHEN BRANCH","03100206","32500000","STREAM","tbcmp_PD_HA_IntHigh_2100","PD","HA","IntHigh","2100",906.638538682716
"03100206_32500000_KITCHEN_BRANCH",1800,2145,"KITCHEN BRANCH","03100206","32500000","STREAM","tbcmp_PD_HA_IntHigh_2100","PD","HA","IntHigh","2100",2.12016416898
"03100206_32500000_KITCHEN_BRANCH",1900,117190,"KITCHEN BRANCH","03100206","32500000","STREAM","tbcmp_PD_HA_IntHigh_2100","PD","HA","IntHigh","2100",115.83311839756
"03100206_32500000_KITCHEN_BRANCH",2100,163307,"KITCHEN BRANCH","03100206","32500000","STREAM","tbcmp_PD_HA_IntHigh_2100","PD","HA","IntHigh","2100",161.416153819868
"03100206_32500000_KITCHEN_BRANCH",2400,912,"KITCHEN BRANCH","03100206","32500000","STREAM","tbcmp_PD_HA_IntHigh_2100","PD","HA","IntHigh","2100",0.901440429888
"03100206_32500000_KITCHEN_BRANCH",3200,194576,"KITCHEN BRANCH","03100206","32500000","STREAM","tbcmp_PD_HA_IntHigh_2100","PD","HA","IntHigh","2100",192.323106453824
"03100206_32500000_KITCHEN_BRANCH",4100,699313,"KITCHEN BRANCH","03100206","32500000","STREAM","tbcmp_PD_HA_IntHigh_2100","PD","HA","IntHigh","2100",691.216021213012
"03100206_32500000_KITCHEN_BRANCH",4400,2956,"KITCHEN BRANCH","03100206","32500000","STREAM","tbcmp_PD_HA_IntHigh_2100","PD","HA","IntHigh","2100",2.921774024944
"03100206_32500000_KITCHEN_BRANCH",5200,123106,"KITCHEN BRANCH","03100206","32500000","STREAM","tbcmp_PD_HA_IntHigh_2100","PD","HA","IntHigh","2100",121.680620133544
"03100206_32500000_KITCHEN_BRANCH",5400,22160,"KITCHEN BRANCH","03100206","32500000","STREAM","tbcmp_PD_HA_IntHigh_2100","PD","HA","IntHigh","2100",21.90342097184
"03100206_32500000_KITCHEN_BRANCH",6110,42506,"KITCHEN BRANCH","03100206","32500000","STREAM","tbcmp_PD_HA_IntHigh_2100","PD","HA","IntHigh","2100",42.013845299144
"03100206_32500000_KITCHEN_BRANCH",6120,27110,"KITCHEN BRANCH","03100206","32500000","STREAM","tbcmp_PD_HA_IntHigh_2100","PD","HA","IntHigh","2100",26.79610751564
"03100206_32500000_KITCHEN_BRANCH",6410,89410,"KITCHEN BRANCH","03100206","32500000","STREAM","tbcmp_PD_HA_IntHigh_2100","PD","HA","IntHigh","2100",88.37476846084
"03100206_32500000_KITCHEN_BRANCH",6420,7525,"KITCHEN BRANCH","03100206","32500000","STREAM","tbcmp_PD_HA_IntHigh_2100","PD","HA","IntHigh","2100",7.4378719681
"03100206_32500000_KITCHEN_BRANCH",6600,23925,"KITCHEN BRANCH","03100206","32500000","STREAM","tbcmp_PD_HA_IntHigh_2100","PD","HA","IntHigh","2100",23.6479849617
"03100206_32500000_KITCHEN_BRANCH",9113,31540,"KITCHEN BRANCH","03100206","32500000","STREAM","tbcmp_PD_HA_IntHigh_2100","PD","HA","IntHigh","2100",31.17481486696
"03100206_33500000_LITTLE_BULLFROG_CREEK",1100,87992,"LITTLE BULLFROG CREEK","03100206","33500000","STREAM","tbcmp_PD_HA_IntHigh_2100","PD","HA","IntHigh","2100",86.973186739808
"03100206_33500000_LITTLE_BULLFROG_CREEK",1200,2991246,"LITTLE BULLFROG CREEK","03100206","33500000","STREAM","tbcmp_PD_HA_IntHigh_2100","PD","HA","IntHigh","2100",2956.6119299789
"03100206_33500000_LITTLE_BULLFROG_CREEK",1800,69478,"LITTLE BULLFROG CREEK","03100206","33500000","STREAM","tbcmp_PD_HA_IntHigh_2100","PD","HA","IntHigh","2100",68.673550644472
"03100206_33500000_LITTLE_BULLFROG_CREEK",1820,120526,"LITTLE BULLFROG CREEK","03100206","33500000","STREAM","tbcmp_PD_HA_IntHigh_2100","PD","HA","IntHigh","2100",119.130492601624
"03100206_33500000_LITTLE_BULLFROG_CREEK",1900,114026,"LITTLE BULLFROG CREEK","03100206","33500000","STREAM","tbcmp_PD_HA_IntHigh_2100","PD","HA","IntHigh","2100",112.705752695624
"03100206_33500000_LITTLE_BULLFROG_CREEK",2100,170204,"LITTLE BULLFROG CREEK","03100206","33500000","STREAM","tbcmp_PD_HA_IntHigh_2100","PD","HA","IntHigh","2100",168.233297070896
"03100206_33500000_LITTLE_BULLFROG_CREEK",2200,33545,"LITTLE BULLFROG CREEK","03100206","33500000","STREAM","tbcmp_PD_HA_IntHigh_2100","PD","HA","IntHigh","2100",33.15660002258
"03100206_33500000_LITTLE_BULLFROG_CREEK",2400,6233,"LITTLE BULLFROG CREEK","03100206","33500000","STREAM","tbcmp_PD_HA_IntHigh_2100","PD","HA","IntHigh","2100",6.160831359092
"03100206_33500000_LITTLE_BULLFROG_CREEK",3200,99923,"LITTLE BULLFROG CREEK","03100206","33500000","STREAM","tbcmp_PD_HA_IntHigh_2100","PD","HA","IntHigh","2100",98.766043942652
"03100206_33500000_LITTLE_BULLFROG_CREEK",4100,152825,"LITTLE BULLFROG CREEK","03100206","33500000","STREAM","tbcmp_PD_HA_IntHigh_2100","PD","HA","IntHigh","2100",151.0555194053
"03100206_33500000_LITTLE_BULLFROG_CREEK",5200,454228,"LITTLE BULLFROG CREEK","03100206","33500000","STREAM","tbcmp_PD_HA_IntHigh_2100","PD","HA","IntHigh","2100",448.968732003472
"03100206_33500000_LITTLE_BULLFROG_CREEK",6110,237617,"LITTLE BULLFROG CREEK","03100206","33500000","STREAM","tbcmp_PD_HA_IntHigh_2100","PD","HA","IntHigh","2100",234.865757268308
"03100206_33500000_LITTLE_BULLFROG_CREEK",6410,268184,"LITTLE BULLFROG CREEK","03100206","33500000","STREAM","tbcmp_PD_HA_IntHigh_2100","PD","HA","IntHigh","2100",265.078837992416
"03100206_33506000_UNNAMED_STREAM",1200,283089,"UNNAMED STREAM","03100206","33506000","STREAM","tbcmp_PD_HA_IntHigh_2100","PD","HA","IntHigh","2100",279.811260807636
"03100206_33506000_UNNAMED_STREAM",1800,7105,"UNNAMED STREAM","03100206","33506000","STREAM","tbcmp_PD_HA_IntHigh_2100","PD","HA","IntHigh","2100",7.02273492802
"03100206_33506000_UNNAMED_STREAM",1900,77754,"UNNAMED STREAM","03100206","33506000","STREAM","tbcmp_PD_HA_IntHigh_2100","PD","HA","IntHigh","2100",76.853727177096
"03100206_33506000_UNNAMED_STREAM",2100,354137,"UNNAMED STREAM","03100206","33506000","STREAM","tbcmp_PD_HA_IntHigh_2100","PD","HA","IntHigh","2100",350.036633244788
"03100206_33506000_UNNAMED_STREAM",2400,149997,"UNNAMED STREAM","03100206","33506000","STREAM","tbcmp_PD_HA_IntHigh_2100","PD","HA","IntHigh","2100",148.260263335428
"03100206_33506000_UNNAMED_STREAM",3200,20766,"UNNAMED STREAM","03100206","33506000","STREAM","tbcmp_PD_HA_IntHigh_2100","PD","HA","IntHigh","2100",20.525561367384
"03100206_33506000_UNNAMED_STREAM",4100,18189,"UNNAMED STREAM","03100206","33506000","STREAM","tbcmp_PD_HA_IntHigh_2100","PD","HA","IntHigh","2100",17.978399100036
"03100206_33506000_UNNAMED_STREAM",5200,53852,"UNNAMED STREAM","03100206","33506000","STREAM","tbcmp_PD_HA_IntHigh_2100","PD","HA","IntHigh","2100",53.228475910448
"03100206_33506000_UNNAMED_STREAM",6110,41679,"UNNAMED STREAM","03100206","33506000","STREAM","tbcmp_PD_HA_IntHigh_2100","PD","HA","IntHigh","2100",41.196420698796
"03100206_33506000_UNNAMED_STREAM",6410,17149,"UNNAMED STREAM","03100206","33506000","STREAM","tbcmp_PD_HA_IntHigh_2100","PD","HA","IntHigh","2100",16.950440715076
"03100206_33620000_UNNAMED_CREEK",1100,294150,"UNNAMED CREEK","03100206","33620000","STREAM","tbcmp_PD_HA_IntHigh_2100","PD","HA","IntHigh","2100",290.7441912846
"03100206_33620000_UNNAMED_CREEK",1200,735564,"UNNAMED CREEK","03100206","33620000","STREAM","tbcmp_PD_HA_IntHigh_2100","PD","HA","IntHigh","2100",727.047289879536
"03100206_33620000_UNNAMED_CREEK",1800,14049,"UNNAMED CREEK","03100206","33620000","STREAM","tbcmp_PD_HA_IntHigh_2100","PD","HA","IntHigh","2100",13.886333990676
"03100206_33620000_UNNAMED_CREEK",1820,22864,"UNNAMED CREEK","03100206","33620000","STREAM","tbcmp_PD_HA_IntHigh_2100","PD","HA","IntHigh","2100",22.599269724736
"03100206_33620000_UNNAMED_CREEK",1900,79088,"UNNAMED CREEK","03100206","33620000","STREAM","tbcmp_PD_HA_IntHigh_2100","PD","HA","IntHigh","2100",78.172281490112
"03100206_33620000_UNNAMED_CREEK",2100,9041,"UNNAMED CREEK","03100206","33620000","STREAM","tbcmp_PD_HA_IntHigh_2100","PD","HA","IntHigh","2100",8.936318998484
"03100206_33620000_UNNAMED_CREEK",4100,25455,"UNNAMED CREEK","03100206","33620000","STREAM","tbcmp_PD_HA_IntHigh_2100","PD","HA","IntHigh","2100",25.16026989342
"03100206_33620000_UNNAMED_CREEK",5200,90656,"UNNAMED CREEK","03100206","33620000","STREAM","tbcmp_PD_HA_IntHigh_2100","PD","HA","IntHigh","2100",89.606341679744
"03100206_33620000_UNNAMED_CREEK",6110,6769,"UNNAMED CREEK","03100206","33620000","STREAM","tbcmp_PD_HA_IntHigh_2100","PD","HA","IntHigh","2100",6.690625295956
"03100206_33620000_UNNAMED_CREEK",6410,42193,"UNNAMED CREEK","03100206","33620000","STREAM","tbcmp_PD_HA_IntHigh_2100","PD","HA","IntHigh","2100",41.704469362132
"03100206_33990000_BULLFROG_CREEK",1100,1750864,"BULLFROG CREEK","03100206","33990000","STREAM","tbcmp_PD_HA_IntHigh_2100","PD","HA","IntHigh","2100",1730.59166319674
"03100206_33990000_BULLFROG_CREEK",1200,5472862,"BULLFROG CREEK","03100206","33990000","STREAM","tbcmp_PD_HA_IntHigh_2100","PD","HA","IntHigh","2100",5409.49459868169
"03100206_33990000_BULLFROG_CREEK",1800,136921,"BULLFROG CREEK","03100206","33990000","STREAM","tbcmp_PD_HA_IntHigh_2100","PD","HA","IntHigh","2100",135.335663487604
"03100206_33990000_BULLFROG_CREEK",1900,1535363,"BULLFROG CREEK","03100206","33990000","STREAM","tbcmp_PD_HA_IntHigh_2100","PD","HA","IntHigh","2100",1517.58583635321
"03100206_33990000_BULLFROG_CREEK",2100,3610442,"BULLFROG CREEK","03100206","33990000","STREAM","tbcmp_PD_HA_IntHigh_2100","PD","HA","IntHigh","2100",3568.63858395361
"03100206_33990000_BULLFROG_CREEK",2200,23379,"BULLFROG CREEK","03100206","33990000","STREAM","tbcmp_PD_HA_IntHigh_2100","PD","HA","IntHigh","2100",23.108306809596
"03100206_33990000_BULLFROG_CREEK",2400,150427,"BULLFROG CREEK","03100206","33990000","STREAM","tbcmp_PD_HA_IntHigh_2100","PD","HA","IntHigh","2100",148.685284590748
"03100206_33990000_BULLFROG_CREEK",3200,988880,"BULLFROG CREEK","03100206","33990000","STREAM","tbcmp_PD_HA_IntHigh_2100","PD","HA","IntHigh","2100",977.43027665312
"03100206_33990000_BULLFROG_CREEK",4100,2006883,"BULLFROG CREEK","03100206","33990000","STREAM","tbcmp_PD_HA_IntHigh_2100","PD","HA","IntHigh","2100",1983.64635334969
"03100206_33990000_BULLFROG_CREEK",4400,8408,"BULLFROG CREEK","03100206","33990000","STREAM","tbcmp_PD_HA_IntHigh_2100","PD","HA","IntHigh","2100",8.310648173792
"03100206_33990000_BULLFROG_CREEK",5200,853598,"BULLFROG CREEK","03100206","33990000","STREAM","tbcmp_PD_HA_IntHigh_2100","PD","HA","IntHigh","2100",843.714636043352
"03100206_33990000_BULLFROG_CREEK",5400,92146,"BULLFROG CREEK","03100206","33990000","STREAM","tbcmp_PD_HA_IntHigh_2100","PD","HA","IntHigh","2100",91.079089750504
"03100206_33990000_BULLFROG_CREEK",6110,1231532,"BULLFROG CREEK","03100206","33990000","STREAM","tbcmp_PD_HA_IntHigh_2100","PD","HA","IntHigh","2100",1217.27273629477
"03100206_33990000_BULLFROG_CREEK",6120,2963,"BULLFROG CREEK","03100206","33990000","STREAM","tbcmp_PD_HA_IntHigh_2100","PD","HA","IntHigh","2100",2.928692975612
"03100206_33990000_BULLFROG_CREEK",6410,810475,"BULLFROG CREEK","03100206","33990000","STREAM","tbcmp_PD_HA_IntHigh_2100","PD","HA","IntHigh","2100",801.0909346639
"03100206_33990000_BULLFROG_CREEK",6420,6293,"BULLFROG CREEK","03100206","33990000","STREAM","tbcmp_PD_HA_IntHigh_2100","PD","HA","IntHigh","2100",6.220136650532
"03100206_33990000_BULLFROG_CREEK",6425,35975,"BULLFROG CREEK","03100206","33990000","STREAM","tbcmp_PD_HA_IntHigh_2100","PD","HA","IntHigh","2100",35.5584643259
"03100206_33990000_BULLFROG_CREEK",6510,13407,"BULLFROG CREEK","03100206","33990000","STREAM","tbcmp_PD_HA_IntHigh_2100","PD","HA","IntHigh","2100",13.251767372268
"03100206_33990000_BULLFROG_CREEK",6600,19837,"BULLFROG CREEK","03100206","33990000","STREAM","tbcmp_PD_HA_IntHigh_2100","PD","HA","IntHigh","2100",19.607317771588
"03100206_33990000_BULLFROG_CREEK",9113,170419,"BULLFROG CREEK","03100206","33990000","STREAM","tbcmp_PD_HA_IntHigh_2100","PD","HA","IntHigh","2100",168.445807698556
"03100206_36000000_NORTH_ARCHIE_CREEK",1100,189885,"NORTH ARCHIE CREEK","03100206","36000000","STREAM","tbcmp_PD_HA_IntHigh_2100","PD","HA","IntHigh","2100",187.68642108474
"03100206_36000000_NORTH_ARCHIE_CREEK",1200,5989675,"NORTH ARCHIE CREEK","03100206","36000000","STREAM","tbcmp_PD_HA_IntHigh_2100","PD","HA","IntHigh","2100",5920.3236917647
"03100206_36000000_NORTH_ARCHIE_CREEK",1800,87205,"NORTH ARCHIE CREEK","03100206","36000000","STREAM","tbcmp_PD_HA_IntHigh_2100","PD","HA","IntHigh","2100",86.19529900042
"03100206_36000000_NORTH_ARCHIE_CREEK",1900,291946,"NORTH ARCHIE CREEK","03100206","36000000","STREAM","tbcmp_PD_HA_IntHigh_2100","PD","HA","IntHigh","2100",288.565710245704
"03100206_36000000_NORTH_ARCHIE_CREEK",2100,126283,"NORTH ARCHIE CREEK","03100206","36000000","STREAM","tbcmp_PD_HA_IntHigh_2100","PD","HA","IntHigh","2100",124.820835315292
"03100206_36000000_NORTH_ARCHIE_CREEK",2400,4784,"NORTH ARCHIE CREEK","03100206","36000000","STREAM","tbcmp_PD_HA_IntHigh_2100","PD","HA","IntHigh","2100",4.728608570816
"03100206_36000000_NORTH_ARCHIE_CREEK",3200,84044,"NORTH ARCHIE CREEK","03100206","36000000","STREAM","tbcmp_PD_HA_IntHigh_2100","PD","HA","IntHigh","2100",83.070898563056
"03100206_36000000_NORTH_ARCHIE_CREEK",4100,323145,"NORTH ARCHIE CREEK","03100206","36000000","STREAM","tbcmp_PD_HA_IntHigh_2100","PD","HA","IntHigh","2100",319.40347337298
"03100206_36000000_NORTH_ARCHIE_CREEK",5200,769617,"NORTH ARCHIE CREEK","03100206","36000000","STREAM","tbcmp_PD_HA_IntHigh_2100","PD","HA","IntHigh","2100",760.706008036308
"03100206_36000000_NORTH_ARCHIE_CREEK",5400,21768,"NORTH ARCHIE CREEK","03100206","36000000","STREAM","tbcmp_PD_HA_IntHigh_2100","PD","HA","IntHigh","2100",21.515959734432
"03100206_36000000_NORTH_ARCHIE_CREEK",6110,53097,"NORTH ARCHIE CREEK","03100206","36000000","STREAM","tbcmp_PD_HA_IntHigh_2100","PD","HA","IntHigh","2100",52.482217659828
"03100206_36000000_NORTH_ARCHIE_CREEK",6120,52396,"NORTH ARCHIE CREEK","03100206","36000000","STREAM","tbcmp_PD_HA_IntHigh_2100","PD","HA","IntHigh","2100",51.789334171504
"03100206_36000000_NORTH_ARCHIE_CREEK",6410,467060,"NORTH ARCHIE CREEK","03100206","36000000","STREAM","tbcmp_PD_HA_IntHigh_2100","PD","HA","IntHigh","2100",461.65215699944
"03100206_36000000_NORTH_ARCHIE_CREEK",6420,9731,"NORTH ARCHIE CREEK","03100206","36000000","STREAM","tbcmp_PD_HA_IntHigh_2100","PD","HA","IntHigh","2100",9.618329850044
"03100206_36000000_NORTH_ARCHIE_CREEK",6600,25507,"NORTH ARCHIE CREEK","03100206","36000000","STREAM","tbcmp_PD_HA_IntHigh_2100","PD","HA","IntHigh","2100",25.211667812668
"03100206_36000000_NORTH_ARCHIE_CREEK",9113,162903,"NORTH ARCHIE CREEK","03100206","36000000","STREAM","tbcmp_PD_HA_IntHigh_2100","PD","HA","IntHigh","2100",161.016831524172
"03100206_37000000_UNNAMED_CANAL",1100,33758,"UNNAMED CANAL","03100206","37000000","CANAL","tbcmp_PD_HA_IntHigh_2100","PD","HA","IntHigh","2100",33.367133807192
"03100206_37000000_UNNAMED_CANAL",1200,1258894,"UNNAMED CANAL","03100206","37000000","CANAL","tbcmp_PD_HA_IntHigh_2100","PD","HA","IntHigh","2100",1244.31792603446
"03100206_37000000_UNNAMED_CANAL",1800,33170,"UNNAMED CANAL","03100206","37000000","CANAL","tbcmp_PD_HA_IntHigh_2100","PD","HA","IntHigh","2100",32.78594195108
"03100206_37000000_UNNAMED_CANAL",1900,53926,"UNNAMED CANAL","03100206","37000000","CANAL","tbcmp_PD_HA_IntHigh_2100","PD","HA","IntHigh","2100",53.301619103224
"03100206_37000000_UNNAMED_CANAL",2100,84115,"UNNAMED CANAL","03100206","37000000","CANAL","tbcmp_PD_HA_IntHigh_2100","PD","HA","IntHigh","2100",83.14107649126
"03100206_37000000_UNNAMED_CANAL",3200,37626,"UNNAMED CANAL","03100206","37000000","CANAL","tbcmp_PD_HA_IntHigh_2100","PD","HA","IntHigh","2100",37.190348262024
"03100206_37000000_UNNAMED_CANAL",4100,69604,"UNNAMED CANAL","03100206","37000000","CANAL","tbcmp_PD_HA_IntHigh_2100","PD","HA","IntHigh","2100",68.798091756496
"03100206_37000000_UNNAMED_CANAL",5200,130725,"UNNAMED CANAL","03100206","37000000","CANAL","tbcmp_PD_HA_IntHigh_2100","PD","HA","IntHigh","2100",129.2114037249
"03100206_37000000_UNNAMED_CANAL",5400,20263,"UNNAMED CANAL","03100206","37000000","CANAL","tbcmp_PD_HA_IntHigh_2100","PD","HA","IntHigh","2100",20.028385340812
"03100206_37000000_UNNAMED_CANAL",6110,5129,"UNNAMED CANAL","03100206","37000000","CANAL","tbcmp_PD_HA_IntHigh_2100","PD","HA","IntHigh","2100",5.069613996596
"03100206_37000000_UNNAMED_CANAL",6120,43118,"UNNAMED CANAL","03100206","37000000","CANAL","tbcmp_PD_HA_IntHigh_2100","PD","HA","IntHigh","2100",42.618759271832
"03100206_37000000_UNNAMED_CANAL",6410,60211,"UNNAMED CANAL","03100206","37000000","CANAL","tbcmp_PD_HA_IntHigh_2100","PD","HA","IntHigh","2100",59.513848381564
"03100206_37000000_UNNAMED_CANAL",6420,7671,"UNNAMED CANAL","03100206","37000000","CANAL","tbcmp_PD_HA_IntHigh_2100","PD","HA","IntHigh","2100",7.582181510604
"03100206_37000000_UNNAMED_CANAL",6600,25472,"UNNAMED CANAL","03100206","37000000","CANAL","tbcmp_PD_HA_IntHigh_2100","PD","HA","IntHigh","2100",25.177073059328
"03100206_37000000_UNNAMED_CANAL",9113,100358,"UNNAMED CANAL","03100206","37000000","CANAL","tbcmp_PD_HA_IntHigh_2100","PD","HA","IntHigh","2100",99.196007305592
"03100206_39500000_BLACK_POINT_DRAIN",1100,103040,"BLACK POINT DRAIN","03100206","39500000","DRAIN","tbcmp_PD_HA_IntHigh_2100","PD","HA","IntHigh","2100",101.84695383296
"03100206_39500000_BLACK_POINT_DRAIN",1200,581438,"BLACK POINT DRAIN","03100206","39500000","DRAIN","tbcmp_PD_HA_IntHigh_2100","PD","HA","IntHigh","2100",574.705834071512
"03100206_39500000_BLACK_POINT_DRAIN",1900,18167,"BLACK POINT DRAIN","03100206","39500000","DRAIN","tbcmp_PD_HA_IntHigh_2100","PD","HA","IntHigh","2100",17.956653826508
"03100206_39500000_BLACK_POINT_DRAIN",2100,11170,"BLACK POINT DRAIN","03100206","39500000","DRAIN","tbcmp_PD_HA_IntHigh_2100","PD","HA","IntHigh","2100",11.04066842308
"03100206_39500000_BLACK_POINT_DRAIN",3200,13,"BLACK POINT DRAIN","03100206","39500000","DRAIN","tbcmp_PD_HA_IntHigh_2100","PD","HA","IntHigh","2100",0.012849479812
"03100206_39500000_BLACK_POINT_DRAIN",4100,15901,"BLACK POINT DRAIN","03100206","39500000","DRAIN","tbcmp_PD_HA_IntHigh_2100","PD","HA","IntHigh","2100",15.716890653124
"03100206_39500000_BLACK_POINT_DRAIN",5200,6678,"BLACK POINT DRAIN","03100206","39500000","DRAIN","tbcmp_PD_HA_IntHigh_2100","PD","HA","IntHigh","2100",6.600678937272
"03100206_39500000_BLACK_POINT_DRAIN",5400,12785,"BLACK POINT DRAIN","03100206","39500000","DRAIN","tbcmp_PD_HA_IntHigh_2100","PD","HA","IntHigh","2100",12.63696918434
"03100206_39500000_BLACK_POINT_DRAIN",6110,456,"BLACK POINT DRAIN","03100206","39500000","DRAIN","tbcmp_PD_HA_IntHigh_2100","PD","HA","IntHigh","2100",0.450720214944
"03100206_39500000_BLACK_POINT_DRAIN",6120,12592,"BLACK POINT DRAIN","03100206","39500000","DRAIN","tbcmp_PD_HA_IntHigh_2100","PD","HA","IntHigh","2100",12.446203830208
"03100206_39500000_BLACK_POINT_DRAIN",6410,15733,"BLACK POINT DRAIN","03100206","39500000","DRAIN","tbcmp_PD_HA_IntHigh_2100","PD","HA","IntHigh","2100",15.550835837092
"03100206_39500000_BLACK_POINT_DRAIN",6420,1253,"BLACK POINT DRAIN","03100206","39500000","DRAIN","tbcmp_PD_HA_IntHigh_2100","PD","HA","IntHigh","2100",1.238492169572
"03100206_39500000_BLACK_POINT_DRAIN",6600,4028,"BLACK POINT DRAIN","03100206","39500000","DRAIN","tbcmp_PD_HA_IntHigh_2100","PD","HA","IntHigh","2100",3.981361898672
"03100206_39500000_BLACK_POINT_DRAIN",9113,24199,"BLACK POINT DRAIN","03100206","39500000","DRAIN","tbcmp_PD_HA_IntHigh_2100","PD","HA","IntHigh","2100",23.918812459276
"03100206_39990000_BLACK_POINT_CHANNEL",1200,634108,"BLACK POINT CHANNEL","03100206","39990000","BAY","tbcmp_PD_HA_IntHigh_2100","PD","HA","IntHigh","2100",626.765995740592
"03100206_39990000_BLACK_POINT_CHANNEL",1900,9015,"BLACK POINT CHANNEL","03100206","39990000","BAY","tbcmp_PD_HA_IntHigh_2100","PD","HA","IntHigh","2100",8.91062003886
"03100206_39990000_BLACK_POINT_CHANNEL",2100,1179,"BLACK POINT CHANNEL","03100206","39990000","BAY","tbcmp_PD_HA_IntHigh_2100","PD","HA","IntHigh","2100",1.165348976796
"03100206_39990000_BLACK_POINT_CHANNEL",3200,10044,"BLACK POINT CHANNEL","03100206","39990000","BAY","tbcmp_PD_HA_IntHigh_2100","PD","HA","IntHigh","2100",9.927705787056
"03100206_39990000_BLACK_POINT_CHANNEL",4100,6350,"BLACK POINT CHANNEL","03100206","39990000","BAY","tbcmp_PD_HA_IntHigh_2100","PD","HA","IntHigh","2100",6.2764766774
"03100206_39990000_BLACK_POINT_CHANNEL",5200,16974,"BLACK POINT CHANNEL","03100206","39990000","BAY","tbcmp_PD_HA_IntHigh_2100","PD","HA","IntHigh","2100",16.777466948376
"03100206_39990000_BLACK_POINT_CHANNEL",5400,166559,"BLACK POINT CHANNEL","03100206","39990000","BAY","tbcmp_PD_HA_IntHigh_2100","PD","HA","IntHigh","2100",164.630500615916
"03100206_39990000_BLACK_POINT_CHANNEL",6110,5611,"BLACK POINT CHANNEL","03100206","39990000","BAY","tbcmp_PD_HA_IntHigh_2100","PD","HA","IntHigh","2100",5.546033171164
"03100206_39990000_BLACK_POINT_CHANNEL",6120,160266,"BLACK POINT CHANNEL","03100206","39990000","BAY","tbcmp_PD_HA_IntHigh_2100","PD","HA","IntHigh","2100",158.410363965384
"03100206_39990000_BLACK_POINT_CHANNEL",6410,2953,"BLACK POINT CHANNEL","03100206","39990000","BAY","tbcmp_PD_HA_IntHigh_2100","PD","HA","IntHigh","2100",2.918808760372
"03100206_39990000_BLACK_POINT_CHANNEL",6420,25218,"BLACK POINT CHANNEL","03100206","39990000","BAY","tbcmp_PD_HA_IntHigh_2100","PD","HA","IntHigh","2100",24.926013992232
"03100206_39990000_BLACK_POINT_CHANNEL",6600,46815,"BLACK POINT CHANNEL","03100206","39990000","BAY","tbcmp_PD_HA_IntHigh_2100","PD","HA","IntHigh","2100",46.27295364606
"03100206_39990000_BLACK_POINT_CHANNEL",9113,214883,"BLACK POINT CHANNEL","03100206","39990000","BAY","tbcmp_PD_HA_IntHigh_2100","PD","HA","IntHigh","2100",212.394982341692
"03100206_40000000_DELANEY_CREEK",1100,953785,"DELANEY CREEK","03100206","40000000","STREAM","tbcmp_PD_HA_IntHigh_2100","PD","HA","IntHigh","2100",942.74162326834
"03100206_40000000_DELANEY_CREEK",1200,8478815,"DELANEY CREEK","03100206","40000000","STREAM","tbcmp_PD_HA_IntHigh_2100","PD","HA","IntHigh","2100",8380.64324401406
"03100206_40000000_DELANEY_CREEK",1800,105232,"DELANEY CREEK","03100206","40000000","STREAM","tbcmp_PD_HA_IntHigh_2100","PD","HA","IntHigh","2100",104.013573813568
"03100206_40000000_DELANEY_CREEK",1900,694224,"DELANEY CREEK","03100206","40000000","STREAM","tbcmp_PD_HA_IntHigh_2100","PD","HA","IntHigh","2100",686.185944077376
"03100206_40000000_DELANEY_CREEK",2100,121850,"DELANEY CREEK","03100206","40000000","STREAM","tbcmp_PD_HA_IntHigh_2100","PD","HA","IntHigh","2100",120.4391626994
"03100206_40000000_DELANEY_CREEK",2200,4958,"DELANEY CREEK","03100206","40000000","STREAM","tbcmp_PD_HA_IntHigh_2100","PD","HA","IntHigh","2100",4.900593915992
"03100206_40000000_DELANEY_CREEK",2400,16726,"DELANEY CREEK","03100206","40000000","STREAM","tbcmp_PD_HA_IntHigh_2100","PD","HA","IntHigh","2100",16.532338410424
"03100206_40000000_DELANEY_CREEK",3200,6860,"DELANEY CREEK","03100206","40000000","STREAM","tbcmp_PD_HA_IntHigh_2100","PD","HA","IntHigh","2100",6.78057165464
"03100206_40000000_DELANEY_CREEK",4100,290130,"DELANEY CREEK","03100206","40000000","STREAM","tbcmp_PD_HA_IntHigh_2100","PD","HA","IntHigh","2100",286.77073675812
"03100206_40000000_DELANEY_CREEK",5200,376419,"DELANEY CREEK","03100206","40000000","STREAM","tbcmp_PD_HA_IntHigh_2100","PD","HA","IntHigh","2100",372.060641642556
"03100206_40000000_DELANEY_CREEK",5400,31029,"DELANEY CREEK","03100206","40000000","STREAM","tbcmp_PD_HA_IntHigh_2100","PD","HA","IntHigh","2100",30.669731468196
"03100206_40000000_DELANEY_CREEK",6110,116150,"DELANEY CREEK","03100206","40000000","STREAM","tbcmp_PD_HA_IntHigh_2100","PD","HA","IntHigh","2100",114.8051600126
"03100206_40000000_DELANEY_CREEK",6120,105187,"DELANEY CREEK","03100206","40000000","STREAM","tbcmp_PD_HA_IntHigh_2100","PD","HA","IntHigh","2100",103.969094844988
"03100206_40000000_DELANEY_CREEK",6410,436607,"DELANEY CREEK","03100206","40000000","STREAM","tbcmp_PD_HA_IntHigh_2100","PD","HA","IntHigh","2100",431.551756329068
"03100206_40000000_DELANEY_CREEK",6420,12428,"DELANEY CREEK","03100206","40000000","STREAM","tbcmp_PD_HA_IntHigh_2100","PD","HA","IntHigh","2100",12.284102700272
"03100206_40000000_DELANEY_CREEK",6600,26887,"DELANEY CREEK","03100206","40000000","STREAM","tbcmp_PD_HA_IntHigh_2100","PD","HA","IntHigh","2100",26.575689515788
"03100206_40000000_DELANEY_CREEK",9113,172026,"DELANEY CREEK","03100206","40000000","STREAM","tbcmp_PD_HA_IntHigh_2100","PD","HA","IntHigh","2100",170.034201087624
"03100206_41000000_UNNAMED_DITCH",1100,237566,"UNNAMED DITCH","03100206","41000000","DITCH","tbcmp_PD_HA_IntHigh_2100","PD","HA","IntHigh","2100",234.815347770584
"03100206_41000000_UNNAMED_DITCH",1200,603578,"UNNAMED DITCH","03100206","41000000","DITCH","tbcmp_PD_HA_IntHigh_2100","PD","HA","IntHigh","2100",596.589486612872
"03100206_41000000_UNNAMED_DITCH",1900,162998,"UNNAMED DITCH","03100206","41000000","DITCH","tbcmp_PD_HA_IntHigh_2100","PD","HA","IntHigh","2100",161.110731568952
"03100206_41000000_UNNAMED_DITCH",2100,7927,"UNNAMED DITCH","03100206","41000000","DITCH","tbcmp_PD_HA_IntHigh_2100","PD","HA","IntHigh","2100",7.835217420748
"03100206_41000000_UNNAMED_DITCH",4100,391,"UNNAMED DITCH","03100206","41000000","DITCH","tbcmp_PD_HA_IntHigh_2100","PD","HA","IntHigh","2100",0.386472815884
"03100206_41000000_UNNAMED_DITCH",5200,17023,"UNNAMED DITCH","03100206","41000000","DITCH","tbcmp_PD_HA_IntHigh_2100","PD","HA","IntHigh","2100",16.825899603052
"03100206_41000000_UNNAMED_DITCH",5400,20617,"UNNAMED DITCH","03100206","41000000","DITCH","tbcmp_PD_HA_IntHigh_2100","PD","HA","IntHigh","2100",20.378286560308
"03100206_41000000_UNNAMED_DITCH",6110,16470,"UNNAMED DITCH","03100206","41000000","DITCH","tbcmp_PD_HA_IntHigh_2100","PD","HA","IntHigh","2100",16.27930250028
"03100206_41000000_UNNAMED_DITCH",6120,63167,"UNNAMED DITCH","03100206","41000000","DITCH","tbcmp_PD_HA_IntHigh_2100","PD","HA","IntHigh","2100",62.435622406508
"03100206_41000000_UNNAMED_DITCH",6410,17928,"UNNAMED DITCH","03100206","41000000","DITCH","tbcmp_PD_HA_IntHigh_2100","PD","HA","IntHigh","2100",17.720421082272
"03100206_41000000_UNNAMED_DITCH",6420,6021,"UNNAMED DITCH","03100206","41000000","DITCH","tbcmp_PD_HA_IntHigh_2100","PD","HA","IntHigh","2100",5.951285996004
"03100206_41000000_UNNAMED_DITCH",6425,324,"UNNAMED DITCH","03100206","41000000","DITCH","tbcmp_PD_HA_IntHigh_2100","PD","HA","IntHigh","2100",0.320248573776
"03100206_41000000_UNNAMED_DITCH",6510,384,"UNNAMED DITCH","03100206","41000000","DITCH","tbcmp_PD_HA_IntHigh_2100","PD","HA","IntHigh","2100",0.379553865216
"03100206_41000000_UNNAMED_DITCH",6600,15596,"UNNAMED DITCH","03100206","41000000","DITCH","tbcmp_PD_HA_IntHigh_2100","PD","HA","IntHigh","2100",15.415422088304
"03100206_41000000_UNNAMED_DITCH",9113,118106,"UNNAMED DITCH","03100206","41000000","DITCH","tbcmp_PD_HA_IntHigh_2100","PD","HA","IntHigh","2100",116.738512513544
"03100206_42500000_MANGO_DRAIN",1100,603907,"MANGO DRAIN","03100206","42500000","DRAIN","tbcmp_PD_HA_IntHigh_2100","PD","HA","IntHigh","2100",596.914677294268
"03100206_42500000_MANGO_DRAIN",1200,3673829,"MANGO DRAIN","03100206","42500000","DRAIN","tbcmp_PD_HA_IntHigh_2100","PD","HA","IntHigh","2100",3631.2916590954
"03100206_42500000_MANGO_DRAIN",1800,40968,"MANGO DRAIN","03100206","42500000","DRAIN","tbcmp_PD_HA_IntHigh_2100","PD","HA","IntHigh","2100",40.493652995232
"03100206_42500000_MANGO_DRAIN",1900,271451,"MANGO DRAIN","03100206","42500000","DRAIN","tbcmp_PD_HA_IntHigh_2100","PD","HA","IntHigh","2100",268.308011111324
"03100206_42500000_MANGO_DRAIN",2100,42171,"MANGO DRAIN","03100206","42500000","DRAIN","tbcmp_PD_HA_IntHigh_2100","PD","HA","IntHigh","2100",41.682724088604
"03100206_42500000_MANGO_DRAIN",2400,25551,"MANGO DRAIN","03100206","42500000","DRAIN","tbcmp_PD_HA_IntHigh_2100","PD","HA","IntHigh","2100",25.255158359724
"03100206_42500000_MANGO_DRAIN",4100,105470,"MANGO DRAIN","03100206","42500000","DRAIN","tbcmp_PD_HA_IntHigh_2100","PD","HA","IntHigh","2100",104.24881813628
"03100206_42500000_MANGO_DRAIN",5200,265970,"MANGO DRAIN","03100206","42500000","DRAIN","tbcmp_PD_HA_IntHigh_2100","PD","HA","IntHigh","2100",262.89047273828
"03100206_42500000_MANGO_DRAIN",6110,53373,"MANGO DRAIN","03100206","42500000","DRAIN","tbcmp_PD_HA_IntHigh_2100","PD","HA","IntHigh","2100",52.755022000452
"03100206_42500000_MANGO_DRAIN",6410,288754,"MANGO DRAIN","03100206","42500000","DRAIN","tbcmp_PD_HA_IntHigh_2100","PD","HA","IntHigh","2100",285.410668741096
"03100206_42540000_EAST_LAKE_OUTFALL",1200,915218,"EAST LAKE OUTFALL","03100206","42540000","OUTFAL","tbcmp_PD_HA_IntHigh_2100","PD","HA","IntHigh","2100",904.621170352232
"03100206_42540000_EAST_LAKE_OUTFALL",1800,61632,"EAST LAKE OUTFALL","03100206","42540000","OUTFAL","tbcmp_PD_HA_IntHigh_2100","PD","HA","IntHigh","2100",60.918395367168
"03100206_42540000_EAST_LAKE_OUTFALL",1820,1471,"EAST LAKE OUTFALL","03100206","42540000","OUTFAL","tbcmp_PD_HA_IntHigh_2100","PD","HA","IntHigh","2100",1.453968061804
"03100206_42540000_EAST_LAKE_OUTFALL",1900,22646,"EAST LAKE OUTFALL","03100206","42540000","OUTFAL","tbcmp_PD_HA_IntHigh_2100","PD","HA","IntHigh","2100",22.383793832504
"03100206_42540000_EAST_LAKE_OUTFALL",2100,64673,"EAST LAKE OUTFALL","03100206","42540000","OUTFAL","tbcmp_PD_HA_IntHigh_2100","PD","HA","IntHigh","2100",63.924185221652
"03100206_42540000_EAST_LAKE_OUTFALL",4100,20284,"EAST LAKE OUTFALL","03100206","42540000","OUTFAL","tbcmp_PD_HA_IntHigh_2100","PD","HA","IntHigh","2100",20.049142192816
"03100206_42540000_EAST_LAKE_OUTFALL",5200,156880,"EAST LAKE OUTFALL","03100206","42540000","OUTFAL","tbcmp_PD_HA_IntHigh_2100","PD","HA","IntHigh","2100",155.06356868512
"03100206_42540000_EAST_LAKE_OUTFALL",6110,17249,"EAST LAKE OUTFALL","03100206","42540000","OUTFAL","tbcmp_PD_HA_IntHigh_2100","PD","HA","IntHigh","2100",17.049282867476
"03100206_42540000_EAST_LAKE_OUTFALL",6410,25885,"EAST LAKE OUTFALL","03100206","42540000","OUTFAL","tbcmp_PD_HA_IntHigh_2100","PD","HA","IntHigh","2100",25.58529114874
"03100206_42900000_UCETA_YARD_DRAIN",1100,37070,"UCETA YARD DRAIN","03100206","42900000","DRAIN","tbcmp_PD_HA_IntHigh_2100","PD","HA","IntHigh","2100",36.64078589468
"03100206_42900000_UCETA_YARD_DRAIN",1200,1491572,"UCETA YARD DRAIN","03100206","42900000","DRAIN","tbcmp_PD_HA_IntHigh_2100","PD","HA","IntHigh","2100",1474.30186939573
"03100206_42900000_UCETA_YARD_DRAIN",1800,4127,"UCETA YARD DRAIN","03100206","42900000","DRAIN","tbcmp_PD_HA_IntHigh_2100","PD","HA","IntHigh","2100",4.079215629548
"03100206_42900000_UCETA_YARD_DRAIN",1900,39600,"UCETA YARD DRAIN","03100206","42900000","DRAIN","tbcmp_PD_HA_IntHigh_2100","PD","HA","IntHigh","2100",39.1414923504
"03100206_42900000_UCETA_YARD_DRAIN",2400,3939,"UCETA YARD DRAIN","03100206","42900000","DRAIN","tbcmp_PD_HA_IntHigh_2100","PD","HA","IntHigh","2100",3.893392383036
"03100206_42900000_UCETA_YARD_DRAIN",4100,33570,"UCETA YARD DRAIN","03100206","42900000","DRAIN","tbcmp_PD_HA_IntHigh_2100","PD","HA","IntHigh","2100",33.18131056068
"03100206_42900000_UCETA_YARD_DRAIN",5200,65266,"UCETA YARD DRAIN","03100206","42900000","DRAIN","tbcmp_PD_HA_IntHigh_2100","PD","HA","IntHigh","2100",64.510319185384
"03100206_42900000_UCETA_YARD_DRAIN",5400,3917,"UCETA YARD DRAIN","03100206","42900000","DRAIN","tbcmp_PD_HA_IntHigh_2100","PD","HA","IntHigh","2100",3.871647109508
"03100206_42900000_UCETA_YARD_DRAIN",6110,33926,"UCETA YARD DRAIN","03100206","42900000","DRAIN","tbcmp_PD_HA_IntHigh_2100","PD","HA","IntHigh","2100",33.533188623224
"03100206_42900000_UCETA_YARD_DRAIN",6120,4995,"UCETA YARD DRAIN","03100206","42900000","DRAIN","tbcmp_PD_HA_IntHigh_2100","PD","HA","IntHigh","2100",4.93716551238
"03100206_42900000_UCETA_YARD_DRAIN",6410,76624,"UCETA YARD DRAIN","03100206","42900000","DRAIN","tbcmp_PD_HA_IntHigh_2100","PD","HA","IntHigh","2100",75.736810854976
"03100206_42900000_UCETA_YARD_DRAIN",6420,1604,"UCETA YARD DRAIN","03100206","42900000","DRAIN","tbcmp_PD_HA_IntHigh_2100","PD","HA","IntHigh","2100",1.585428124496
"03100206_42900000_UCETA_YARD_DRAIN",6425,1390,"UCETA YARD DRAIN","03100206","42900000","DRAIN","tbcmp_PD_HA_IntHigh_2100","PD","HA","IntHigh","2100",1.37390591836
"03100206_42900000_UCETA_YARD_DRAIN",6510,437,"UCETA YARD DRAIN","03100206","42900000","DRAIN","tbcmp_PD_HA_IntHigh_2100","PD","HA","IntHigh","2100",0.431940205988
"03100206_42900000_UCETA_YARD_DRAIN",6600,5602,"UCETA YARD DRAIN","03100206","42900000","DRAIN","tbcmp_PD_HA_IntHigh_2100","PD","HA","IntHigh","2100",5.537137377448
"03100206_42900000_UCETA_YARD_DRAIN",9113,15713,"UCETA YARD DRAIN","03100206","42900000","DRAIN","tbcmp_PD_HA_IntHigh_2100","PD","HA","IntHigh","2100",15.531067406612
"03100206_42990000_TAMPA_BYPASS_CANAL",1100,2052944,"TAMPA BYPASS CANAL","03100206","42990000","CANAL","tbcmp_PD_HA_IntHigh_2100","PD","HA","IntHigh","2100",2029.17403716666
"03100206_42990000_TAMPA_BYPASS_CANAL",1200,8936289,"TAMPA BYPASS CANAL","03100206","42990000","CANAL","tbcmp_PD_HA_IntHigh_2100","PD","HA","IntHigh","2100",8832.82039228444
"03100206_42990000_TAMPA_BYPASS_CANAL",1800,388890,"TAMPA BYPASS CANAL","03100206","42990000","CANAL","tbcmp_PD_HA_IntHigh_2100","PD","HA","IntHigh","2100",384.38724646836
"03100206_42990000_TAMPA_BYPASS_CANAL",1820,2027,"TAMPA BYPASS CANAL","03100206","42990000","CANAL","tbcmp_PD_HA_IntHigh_2100","PD","HA","IntHigh","2100",2.003530429148
"03100206_42990000_TAMPA_BYPASS_CANAL",1900,1146041,"TAMPA BYPASS CANAL","03100206","42990000","CANAL","tbcmp_PD_HA_IntHigh_2100","PD","HA","IntHigh","2100",1132.77159178648
"03100206_42990000_TAMPA_BYPASS_CANAL",2100,439364,"TAMPA BYPASS CANAL","03100206","42990000","CANAL","tbcmp_PD_HA_IntHigh_2100","PD","HA","IntHigh","2100",434.276834470736
"03100206_42990000_TAMPA_BYPASS_CANAL",2200,4206,"TAMPA BYPASS CANAL","03100206","42990000","CANAL","tbcmp_PD_HA_IntHigh_2100","PD","HA","IntHigh","2100",4.157300929944
"03100206_42990000_TAMPA_BYPASS_CANAL",2400,65250,"TAMPA BYPASS CANAL","03100206","42990000","CANAL","tbcmp_PD_HA_IntHigh_2100","PD","HA","IntHigh","2100",64.494504441
"03100206_42990000_TAMPA_BYPASS_CANAL",3200,11243,"TAMPA BYPASS CANAL","03100206","42990000","CANAL","tbcmp_PD_HA_IntHigh_2100","PD","HA","IntHigh","2100",11.112823194332
"03100206_42990000_TAMPA_BYPASS_CANAL",4100,598305,"TAMPA BYPASS CANAL","03100206","42990000","CANAL","tbcmp_PD_HA_IntHigh_2100","PD","HA","IntHigh","2100",591.37753991682
"03100206_42990000_TAMPA_BYPASS_CANAL",4400,12487,"TAMPA BYPASS CANAL","03100206","42990000","CANAL","tbcmp_PD_HA_IntHigh_2100","PD","HA","IntHigh","2100",12.342419570188
"03100206_42990000_TAMPA_BYPASS_CANAL",5200,419947,"TAMPA BYPASS CANAL","03100206","42990000","CANAL","tbcmp_PD_HA_IntHigh_2100","PD","HA","IntHigh","2100",415.084653739228
"03100206_42990000_TAMPA_BYPASS_CANAL",5400,572568,"TAMPA BYPASS CANAL","03100206","42990000","CANAL","tbcmp_PD_HA_IntHigh_2100","PD","HA","IntHigh","2100",565.938535153632
"03100206_42990000_TAMPA_BYPASS_CANAL",6110,1071034,"TAMPA BYPASS CANAL","03100206","42990000","CANAL","tbcmp_PD_HA_IntHigh_2100","PD","HA","IntHigh","2100",1058.63305853582
"03100206_42990000_TAMPA_BYPASS_CANAL",6120,2487,"TAMPA BYPASS CANAL","03100206","42990000","CANAL","tbcmp_PD_HA_IntHigh_2100","PD","HA","IntHigh","2100",2.458204330188
"03100206_42990000_TAMPA_BYPASS_CANAL",6410,731030,"TAMPA BYPASS CANAL","03100206","42990000","CANAL","tbcmp_PD_HA_IntHigh_2100","PD","HA","IntHigh","2100",722.56578668972
"03100206_42990000_TAMPA_BYPASS_CANAL",6420,2602,"TAMPA BYPASS CANAL","03100206","42990000","CANAL","tbcmp_PD_HA_IntHigh_2100","PD","HA","IntHigh","2100",2.571872805448
"03100206_42990000_TAMPA_BYPASS_CANAL",6425,11303,"TAMPA BYPASS CANAL","03100206","42990000","CANAL","tbcmp_PD_HA_IntHigh_2100","PD","HA","IntHigh","2100",11.172128485772
"03100206_42990000_TAMPA_BYPASS_CANAL",6510,6262,"TAMPA BYPASS CANAL","03100206","42990000","CANAL","tbcmp_PD_HA_IntHigh_2100","PD","HA","IntHigh","2100",6.189495583288
"03100206_42990000_TAMPA_BYPASS_CANAL",6600,13592,"TAMPA BYPASS CANAL","03100206","42990000","CANAL","tbcmp_PD_HA_IntHigh_2100","PD","HA","IntHigh","2100",13.434625354208
"03100206_42990000_TAMPA_BYPASS_CANAL",9113,94391,"TAMPA BYPASS CANAL","03100206","42990000","CANAL","tbcmp_PD_HA_IntHigh_2100","PD","HA","IntHigh","2100",93.298096071884
"03100206_43500000_YBOR_CITY_DRAIN",0,2300,"YBOR CITY DRAIN","03100206","43500000","DRAIN","tbcmp_PD_HA_IntHigh_2100","PD","HA","IntHigh","2100",2.2733695052
"03100206_43500000_YBOR_CITY_DRAIN",1200,5380083,"YBOR CITY DRAIN","03100206","43500000","DRAIN","tbcmp_PD_HA_IntHigh_2100","PD","HA","IntHigh","2100",5317.78983810649
"03100206_43500000_YBOR_CITY_DRAIN",1800,66517,"YBOR CITY DRAIN","03100206","43500000","DRAIN","tbcmp_PD_HA_IntHigh_2100","PD","HA","IntHigh","2100",65.746834511908
"03100206_43500000_YBOR_CITY_DRAIN",1900,129242,"YBOR CITY DRAIN","03100206","43500000","DRAIN","tbcmp_PD_HA_IntHigh_2100","PD","HA","IntHigh","2100",127.745574604808
"03100206_43500000_YBOR_CITY_DRAIN",2400,2463,"YBOR CITY DRAIN","03100206","43500000","DRAIN","tbcmp_PD_HA_IntHigh_2100","PD","HA","IntHigh","2100",2.434482213612
"03100206_43500000_YBOR_CITY_DRAIN",4100,13653,"YBOR CITY DRAIN","03100206","43500000","DRAIN","tbcmp_PD_HA_IntHigh_2100","PD","HA","IntHigh","2100",13.494919067172
"03100206_43500000_YBOR_CITY_DRAIN",5200,36101,"YBOR CITY DRAIN","03100206","43500000","DRAIN","tbcmp_PD_HA_IntHigh_2100","PD","HA","IntHigh","2100",35.683005437924
"03100206_43500000_YBOR_CITY_DRAIN",5400,411732,"YBOR CITY DRAIN","03100206","43500000","DRAIN","tbcmp_PD_HA_IntHigh_2100","PD","HA","IntHigh","2100",406.964770919568
"03100206_43500000_YBOR_CITY_DRAIN",6110,4157,"YBOR CITY DRAIN","03100206","43500000","DRAIN","tbcmp_PD_HA_IntHigh_2100","PD","HA","IntHigh","2100",4.108868275268
"03100206_43500000_YBOR_CITY_DRAIN",6120,60180,"YBOR CITY DRAIN","03100206","43500000","DRAIN","tbcmp_PD_HA_IntHigh_2100","PD","HA","IntHigh","2100",59.48320731432
"03100206_43500000_YBOR_CITY_DRAIN",6410,28624,"YBOR CITY DRAIN","03100206","43500000","DRAIN","tbcmp_PD_HA_IntHigh_2100","PD","HA","IntHigh","2100",28.292577702976
"03100206_43500000_YBOR_CITY_DRAIN",6420,6372,"YBOR CITY DRAIN","03100206","43500000","DRAIN","tbcmp_PD_HA_IntHigh_2100","PD","HA","IntHigh","2100",6.298221950928
"03100206_43500000_YBOR_CITY_DRAIN",6425,282,"YBOR CITY DRAIN","03100206","43500000","DRAIN","tbcmp_PD_HA_IntHigh_2100","PD","HA","IntHigh","2100",0.278734869768
"03100206_43500000_YBOR_CITY_DRAIN",6510,1311,"YBOR CITY DRAIN","03100206","43500000","DRAIN","tbcmp_PD_HA_IntHigh_2100","PD","HA","IntHigh","2100",1.295820617964
"03100206_43500000_YBOR_CITY_DRAIN",6600,11248,"YBOR CITY DRAIN","03100206","43500000","DRAIN","tbcmp_PD_HA_IntHigh_2100","PD","HA","IntHigh","2100",11.117765301952
"03100206_43500000_YBOR_CITY_DRAIN",9113,111686,"YBOR CITY DRAIN","03100206","43500000","DRAIN","tbcmp_PD_HA_IntHigh_2100","PD","HA","IntHigh","2100",110.392846329464
"03100206_55000000_RATTLESNAKE_DITCH",1200,1388327,"RATTLESNAKE DITCH","03100206","55000000","DITCH","tbcmp_PD_HA_IntHigh_2100","PD","HA","IntHigh","2100",1372.25228915035
"03100206_55000000_RATTLESNAKE_DITCH",1800,32694,"RATTLESNAKE DITCH","03100206","55000000","DITCH","tbcmp_PD_HA_IntHigh_2100","PD","HA","IntHigh","2100",32.315453305656
"03100206_55000000_RATTLESNAKE_DITCH",1900,7188,"RATTLESNAKE DITCH","03100206","55000000","DITCH","tbcmp_PD_HA_IntHigh_2100","PD","HA","IntHigh","2100",7.104773914512
"03100206_55000000_RATTLESNAKE_DITCH",5200,8260,"RATTLESNAKE DITCH","03100206","55000000","DITCH","tbcmp_PD_HA_IntHigh_2100","PD","HA","IntHigh","2100",8.16436178824
"03100206_55000000_RATTLESNAKE_DITCH",5400,18265,"RATTLESNAKE DITCH","03100206","55000000","DITCH","tbcmp_PD_HA_IntHigh_2100","PD","HA","IntHigh","2100",18.05351913586
"03100206_55000000_RATTLESNAKE_DITCH",6110,2653,"RATTLESNAKE DITCH","03100206","55000000","DITCH","tbcmp_PD_HA_IntHigh_2100","PD","HA","IntHigh","2100",2.622282303172
"03100206_55000000_RATTLESNAKE_DITCH",6120,7622,"RATTLESNAKE DITCH","03100206","55000000","DITCH","tbcmp_PD_HA_IntHigh_2100","PD","HA","IntHigh","2100",7.533748855928
"03100206_55000000_RATTLESNAKE_DITCH",6410,7024,"RATTLESNAKE DITCH","03100206","55000000","DITCH","tbcmp_PD_HA_IntHigh_2100","PD","HA","IntHigh","2100",6.942672784576
"03100206_55000000_RATTLESNAKE_DITCH",6420,811,"RATTLESNAKE DITCH","03100206","55000000","DITCH","tbcmp_PD_HA_IntHigh_2100","PD","HA","IntHigh","2100",0.801609855964
"03100206_55000000_RATTLESNAKE_DITCH",6600,2312,"RATTLESNAKE DITCH","03100206","55000000","DITCH","tbcmp_PD_HA_IntHigh_2100","PD","HA","IntHigh","2100",2.285230563488
"03100206_55000000_RATTLESNAKE_DITCH",9113,14211,"RATTLESNAKE DITCH","03100206","55000000","DITCH","tbcmp_PD_HA_IntHigh_2100","PD","HA","IntHigh","2100",14.046458277564
"03100206_59000000_LEMMON_STREET_DITCH",1200,2193262,"LEMMON STREET DITCH","03100206","59000000","DITCH","tbcmp_PD_HA_IntHigh_2100","PD","HA","IntHigh","2100",2167.86736857129
"03100206_59000000_LEMMON_STREET_DITCH",1800,17621,"LEMMON STREET DITCH","03100206","59000000","DITCH","tbcmp_PD_HA_IntHigh_2100","PD","HA","IntHigh","2100",17.416975674404
"03100206_59000000_LEMMON_STREET_DITCH",1900,18577,"LEMMON STREET DITCH","03100206","59000000","DITCH","tbcmp_PD_HA_IntHigh_2100","PD","HA","IntHigh","2100",18.361906651348
"03100206_59000000_LEMMON_STREET_DITCH",4100,4047,"LEMMON STREET DITCH","03100206","59000000","DITCH","tbcmp_PD_HA_IntHigh_2100","PD","HA","IntHigh","2100",4.000141907628
"03100206_59000000_LEMMON_STREET_DITCH",5200,13895,"LEMMON STREET DITCH","03100206","59000000","DITCH","tbcmp_PD_HA_IntHigh_2100","PD","HA","IntHigh","2100",13.73411707598
"03100206_59000000_LEMMON_STREET_DITCH",5400,6578,"LEMMON STREET DITCH","03100206","59000000","DITCH","tbcmp_PD_HA_IntHigh_2100","PD","HA","IntHigh","2100",6.501836784872
"03100206_59000000_LEMMON_STREET_DITCH",6110,1252,"LEMMON STREET DITCH","03100206","59000000","DITCH","tbcmp_PD_HA_IntHigh_2100","PD","HA","IntHigh","2100",1.237503748048
"03100206_59000000_LEMMON_STREET_DITCH",6120,8094,"LEMMON STREET DITCH","03100206","59000000","DITCH","tbcmp_PD_HA_IntHigh_2100","PD","HA","IntHigh","2100",8.000283815256
"03100206_59000000_LEMMON_STREET_DITCH",6410,3662,"LEMMON STREET DITCH","03100206","59000000","DITCH","tbcmp_PD_HA_IntHigh_2100","PD","HA","IntHigh","2100",3.619599620888
"03100206_59000000_LEMMON_STREET_DITCH",6420,516,"LEMMON STREET DITCH","03100206","59000000","DITCH","tbcmp_PD_HA_IntHigh_2100","PD","HA","IntHigh","2100",0.510025506384
"03100206_59000000_LEMMON_STREET_DITCH",6600,2215,"LEMMON STREET DITCH","03100206","59000000","DITCH","tbcmp_PD_HA_IntHigh_2100","PD","HA","IntHigh","2100",2.18935367566
"03100206_59000000_LEMMON_STREET_DITCH",9113,10504,"LEMMON STREET DITCH","03100206","59000000","DITCH","tbcmp_PD_HA_IntHigh_2100","PD","HA","IntHigh","2100",10.382379688096
"03100206_60000000_FISH_CREEK",0,14,"FISH CREEK","03100206","60000000","DITCH","tbcmp_PD_HA_IntHigh_2100","PD","HA","IntHigh","2100",0.013837901336
"03100206_60000000_FISH_CREEK",1200,2156464,"FISH CREEK","03100206","60000000","DITCH","tbcmp_PD_HA_IntHigh_2100","PD","HA","IntHigh","2100",2131.49543333114
"03100206_60000000_FISH_CREEK",1800,87286,"FISH CREEK","03100206","60000000","DITCH","tbcmp_PD_HA_IntHigh_2100","PD","HA","IntHigh","2100",86.275361143864
"03100206_60000000_FISH_CREEK",1900,25488,"FISH CREEK","03100206","60000000","DITCH","tbcmp_PD_HA_IntHigh_2100","PD","HA","IntHigh","2100",25.192887803712
"03100206_60000000_FISH_CREEK",3200,4730,"FISH CREEK","03100206","60000000","DITCH","tbcmp_PD_HA_IntHigh_2100","PD","HA","IntHigh","2100",4.67523380852
"03100206_60000000_FISH_CREEK",4100,79732,"FISH CREEK","03100206","60000000","DITCH","tbcmp_PD_HA_IntHigh_2100","PD","HA","IntHigh","2100",78.808824951568
"03100206_60000000_FISH_CREEK",5200,21343,"FISH CREEK","03100206","60000000","DITCH","tbcmp_PD_HA_IntHigh_2100","PD","HA","IntHigh","2100",21.095880586732
"03100206_60000000_FISH_CREEK",5400,19149,"FISH CREEK","03100206","60000000","DITCH","tbcmp_PD_HA_IntHigh_2100","PD","HA","IntHigh","2100",18.927283763076
"03100206_60000000_FISH_CREEK",6110,22889,"FISH CREEK","03100206","60000000","DITCH","tbcmp_PD_HA_IntHigh_2100","PD","HA","IntHigh","2100",22.623980262836
"03100206_60000000_FISH_CREEK",6120,18611,"FISH CREEK","03100206","60000000","DITCH","tbcmp_PD_HA_IntHigh_2100","PD","HA","IntHigh","2100",18.395512983164
"03100206_60000000_FISH_CREEK",6410,7454,"FISH CREEK","03100206","60000000","DITCH","tbcmp_PD_HA_IntHigh_2100","PD","HA","IntHigh","2100",7.367694039896
"03100206_60000000_FISH_CREEK",6420,2008,"FISH CREEK","03100206","60000000","DITCH","tbcmp_PD_HA_IntHigh_2100","PD","HA","IntHigh","2100",1.984750420192
"03100206_60000000_FISH_CREEK",6600,4720,"FISH CREEK","03100206","60000000","DITCH","tbcmp_PD_HA_IntHigh_2100","PD","HA","IntHigh","2100",4.66534959328
"03100206_60000000_FISH_CREEK",9113,33100,"FISH CREEK","03100206","60000000","DITCH","tbcmp_PD_HA_IntHigh_2100","PD","HA","IntHigh","2100",32.7167524444
"03100206_61500000_SWEETWATER_CREEK",0,96,"SWEETWATER CREEK","03100206","61500000","STREAM","tbcmp_PD_HA_IntHigh_2100","PD","HA","IntHigh","2100",0.094888466304
"03100206_61500000_SWEETWATER_CREEK",1100,19812,"SWEETWATER CREEK","03100206","61500000","STREAM","tbcmp_PD_HA_IntHigh_2100","PD","HA","IntHigh","2100",19.582607233488
"03100206_61500000_SWEETWATER_CREEK",1200,5161665,"SWEETWATER CREEK","03100206","61500000","STREAM","tbcmp_PD_HA_IntHigh_2100","PD","HA","IntHigh","2100",5101.90078567746
"03100206_61500000_SWEETWATER_CREEK",1800,196933,"SWEETWATER CREEK","03100206","61500000","STREAM","tbcmp_PD_HA_IntHigh_2100","PD","HA","IntHigh","2100",194.652815985892
"03100206_61500000_SWEETWATER_CREEK",1820,733,"SWEETWATER CREEK","03100206","61500000","STREAM","tbcmp_PD_HA_IntHigh_2100","PD","HA","IntHigh","2100",0.724512977092
"03100206_61500000_SWEETWATER_CREEK",1900,237449,"SWEETWATER CREEK","03100206","61500000","STREAM","tbcmp_PD_HA_IntHigh_2100","PD","HA","IntHigh","2100",234.699702452276
"03100206_61500000_SWEETWATER_CREEK",4100,52737,"SWEETWATER CREEK","03100206","61500000","STREAM","tbcmp_PD_HA_IntHigh_2100","PD","HA","IntHigh","2100",52.126385911188
"03100206_61500000_SWEETWATER_CREEK",5200,145328,"SWEETWATER CREEK","03100206","61500000","STREAM","tbcmp_PD_HA_IntHigh_2100","PD","HA","IntHigh","2100",143.645323239872
"03100206_61500000_SWEETWATER_CREEK",5400,55864,"SWEETWATER CREEK","03100206","61500000","STREAM","tbcmp_PD_HA_IntHigh_2100","PD","HA","IntHigh","2100",55.217180016736
"03100206_61500000_SWEETWATER_CREEK",6110,89876,"SWEETWATER CREEK","03100206","61500000","STREAM","tbcmp_PD_HA_IntHigh_2100","PD","HA","IntHigh","2100",88.835372891024
"03100206_61500000_SWEETWATER_CREEK",6120,34602,"SWEETWATER CREEK","03100206","61500000","STREAM","tbcmp_PD_HA_IntHigh_2100","PD","HA","IntHigh","2100",34.201361573448
"03100206_61500000_SWEETWATER_CREEK",6410,50869,"SWEETWATER CREEK","03100206","61500000","STREAM","tbcmp_PD_HA_IntHigh_2100","PD","HA","IntHigh","2100",50.280014504356
"03100206_61500000_SWEETWATER_CREEK",6420,5265,"SWEETWATER CREEK","03100206","61500000","STREAM","tbcmp_PD_HA_IntHigh_2100","PD","HA","IntHigh","2100",5.20403932386
"03100206_61500000_SWEETWATER_CREEK",6600,17281,"SWEETWATER CREEK","03100206","61500000","STREAM","tbcmp_PD_HA_IntHigh_2100","PD","HA","IntHigh","2100",17.080912356244
"03100206_61500000_SWEETWATER_CREEK",9113,38744,"SWEETWATER CREEK","03100206","61500000","STREAM","tbcmp_PD_HA_IntHigh_2100","PD","HA","IntHigh","2100",38.295403525856
"03100206_62600000_PEPPER_MOUND_CREEK",1200,631315,"PEPPER MOUND CREEK","03100206","62600000","STREAM","tbcmp_PD_HA_IntHigh_2100","PD","HA","IntHigh","2100",624.00533442406
"03100206_62600000_PEPPER_MOUND_CREEK",1800,185,"PEPPER MOUND CREEK","03100206","62600000","STREAM","tbcmp_PD_HA_IntHigh_2100","PD","HA","IntHigh","2100",0.18285798194
"03100206_62600000_PEPPER_MOUND_CREEK",1900,6810,"PEPPER MOUND CREEK","03100206","62600000","STREAM","tbcmp_PD_HA_IntHigh_2100","PD","HA","IntHigh","2100",6.73115057844
"03100206_62600000_PEPPER_MOUND_CREEK",4100,19914,"PEPPER MOUND CREEK","03100206","62600000","STREAM","tbcmp_PD_HA_IntHigh_2100","PD","HA","IntHigh","2100",19.683426228936
"03100206_62600000_PEPPER_MOUND_CREEK",5200,872,"PEPPER MOUND CREEK","03100206","62600000","STREAM","tbcmp_PD_HA_IntHigh_2100","PD","HA","IntHigh","2100",0.861903568928
"03100206_62600000_PEPPER_MOUND_CREEK",5400,4206,"PEPPER MOUND CREEK","03100206","62600000","STREAM","tbcmp_PD_HA_IntHigh_2100","PD","HA","IntHigh","2100",4.157300929944
"03100206_62600000_PEPPER_MOUND_CREEK",6110,5029,"PEPPER MOUND CREEK","03100206","62600000","STREAM","tbcmp_PD_HA_IntHigh_2100","PD","HA","IntHigh","2100",4.970771844196
"03100206_62600000_PEPPER_MOUND_CREEK",6120,35555,"PEPPER MOUND CREEK","03100206","62600000","STREAM","tbcmp_PD_HA_IntHigh_2100","PD","HA","IntHigh","2100",35.14332728582
"03100206_62600000_PEPPER_MOUND_CREEK",6410,33,"PEPPER MOUND CREEK","03100206","62600000","STREAM","tbcmp_PD_HA_IntHigh_2100","PD","HA","IntHigh","2100",0.032617910292
"03100206_62600000_PEPPER_MOUND_CREEK",6420,1821,"PEPPER MOUND CREEK","03100206","62600000","STREAM","tbcmp_PD_HA_IntHigh_2100","PD","HA","IntHigh","2100",1.799915595204
"03100206_62600000_PEPPER_MOUND_CREEK",6600,3275,"PEPPER MOUND CREEK","03100206","62600000","STREAM","tbcmp_PD_HA_IntHigh_2100","PD","HA","IntHigh","2100",3.2370804911
"03100206_62600000_PEPPER_MOUND_CREEK",9113,18308,"PEPPER MOUND CREEK","03100206","62600000","STREAM","tbcmp_PD_HA_IntHigh_2100","PD","HA","IntHigh","2100",18.096021261392
"03100206_63000000_WOODS_CREEK",1100,2588,"WOODS CREEK","03100206","63000000","STREAM","tbcmp_PD_HA_IntHigh_2100","PD","HA","IntHigh","2100",2.558034904112
"03100206_63000000_WOODS_CREEK",1200,162660,"WOODS CREEK","03100206","63000000","STREAM","tbcmp_PD_HA_IntHigh_2100","PD","HA","IntHigh","2100",160.77664509384
"03100206_63000000_WOODS_CREEK",5400,26030,"WOODS CREEK","03100206","63000000","STREAM","tbcmp_PD_HA_IntHigh_2100","PD","HA","IntHigh","2100",25.72861226972
"03100206_63000000_WOODS_CREEK",6110,3270,"WOODS CREEK","03100206","63000000","STREAM","tbcmp_PD_HA_IntHigh_2100","PD","HA","IntHigh","2100",3.23213838348
"03100206_63000000_WOODS_CREEK",6120,12686,"WOODS CREEK","03100206","63000000","STREAM","tbcmp_PD_HA_IntHigh_2100","PD","HA","IntHigh","2100",12.539115453464
"03100206_63000000_WOODS_CREEK",6420,1026,"WOODS CREEK","03100206","63000000","STREAM","tbcmp_PD_HA_IntHigh_2100","PD","HA","IntHigh","2100",1.014120483624
"03100206_63000000_WOODS_CREEK",6425,144,"WOODS CREEK","03100206","63000000","STREAM","tbcmp_PD_HA_IntHigh_2100","PD","HA","IntHigh","2100",0.142332699456
"03100206_63000000_WOODS_CREEK",6510,58,"WOODS CREEK","03100206","63000000","STREAM","tbcmp_PD_HA_IntHigh_2100","PD","HA","IntHigh","2100",0.057328448392
"03100206_63000000_WOODS_CREEK",6600,3401,"WOODS CREEK","03100206","63000000","STREAM","tbcmp_PD_HA_IntHigh_2100","PD","HA","IntHigh","2100",3.361621603124
"03100206_63000000_WOODS_CREEK",9113,4792,"WOODS CREEK","03100206","63000000","STREAM","tbcmp_PD_HA_IntHigh_2100","PD","HA","IntHigh","2100",4.736515943008
"03100206_63900000_WOODS_CREEK_TRIBUTARY",0,20,"WOODS CREEK TRIBUTARY","03100206","63900000","CANAL","tbcmp_PD_HA_IntHigh_2100","PD","HA","IntHigh","2100",0.01976843048
"03100206_63900000_WOODS_CREEK_TRIBUTARY",1200,245359,"WOODS CREEK TRIBUTARY","03100206","63900000","CANAL","tbcmp_PD_HA_IntHigh_2100","PD","HA","IntHigh","2100",242.518116707116
"03100206_63900000_WOODS_CREEK_TRIBUTARY",5200,23,"WOODS CREEK TRIBUTARY","03100206","63900000","CANAL","tbcmp_PD_HA_IntHigh_2100","PD","HA","IntHigh","2100",0.022733695052
"03100206_63900000_WOODS_CREEK_TRIBUTARY",5400,33662,"WOODS CREEK TRIBUTARY","03100206","63900000","CANAL","tbcmp_PD_HA_IntHigh_2100","PD","HA","IntHigh","2100",33.272245340888
"03100206_63900000_WOODS_CREEK_TRIBUTARY",6110,4,"WOODS CREEK TRIBUTARY","03100206","63900000","CANAL","tbcmp_PD_HA_IntHigh_2100","PD","HA","IntHigh","2100",0.003953686096
"03100206_63900000_WOODS_CREEK_TRIBUTARY",6120,2840,"WOODS CREEK TRIBUTARY","03100206","63900000","CANAL","tbcmp_PD_HA_IntHigh_2100","PD","HA","IntHigh","2100",2.80711712816
"03100206_63900000_WOODS_CREEK_TRIBUTARY",6420,331,"WOODS CREEK TRIBUTARY","03100206","63900000","CANAL","tbcmp_PD_HA_IntHigh_2100","PD","HA","IntHigh","2100",0.327167524444
"03100206_63900000_WOODS_CREEK_TRIBUTARY",6600,262,"WOODS CREEK TRIBUTARY","03100206","63900000","CANAL","tbcmp_PD_HA_IntHigh_2100","PD","HA","IntHigh","2100",0.258966439288
"03100206_63900000_WOODS_CREEK_TRIBUTARY",9113,4022,"WOODS CREEK TRIBUTARY","03100206","63900000","CANAL","tbcmp_PD_HA_IntHigh_2100","PD","HA","IntHigh","2100",3.975431369528
"03100206_64990000_CHANNEL_G",0,135,"CHANNEL G","03100206","64990000","CANAL","tbcmp_PD_HA_IntHigh_2100","PD","HA","IntHigh","2100",0.13343690574
"03100206_64990000_CHANNEL_G",1100,15343,"CHANNEL G","03100206","64990000","CANAL","tbcmp_PD_HA_IntHigh_2100","PD","HA","IntHigh","2100",15.165351442732
"03100206_64990000_CHANNEL_G",1200,2175464,"CHANNEL G","03100206","64990000","CANAL","tbcmp_PD_HA_IntHigh_2100","PD","HA","IntHigh","2100",2150.27544228714
"03100206_64990000_CHANNEL_G",1800,2905,"CHANNEL G","03100206","64990000","CANAL","tbcmp_PD_HA_IntHigh_2100","PD","HA","IntHigh","2100",2.87136452722
"03100206_64990000_CHANNEL_G",1900,26546,"CHANNEL G","03100206","64990000","CANAL","tbcmp_PD_HA_IntHigh_2100","PD","HA","IntHigh","2100",26.238637776104
"03100206_64990000_CHANNEL_G",2100,8506,"CHANNEL G","03100206","64990000","CANAL","tbcmp_PD_HA_IntHigh_2100","PD","HA","IntHigh","2100",8.407513483144
"03100206_64990000_CHANNEL_G",3200,1071,"CHANNEL G","03100206","64990000","CANAL","tbcmp_PD_HA_IntHigh_2100","PD","HA","IntHigh","2100",1.058599452204
"03100206_64990000_CHANNEL_G",4100,31902,"CHANNEL G","03100206","64990000","CANAL","tbcmp_PD_HA_IntHigh_2100","PD","HA","IntHigh","2100",31.532623458648
"03100206_64990000_CHANNEL_G",5200,22881,"CHANNEL G","03100206","64990000","CANAL","tbcmp_PD_HA_IntHigh_2100","PD","HA","IntHigh","2100",22.616072890644
"03100206_64990000_CHANNEL_G",5400,191653,"CHANNEL G","03100206","64990000","CANAL","tbcmp_PD_HA_IntHigh_2100","PD","HA","IntHigh","2100",189.433950339172
"03100206_64990000_CHANNEL_G",6110,32060,"CHANNEL G","03100206","64990000","CANAL","tbcmp_PD_HA_IntHigh_2100","PD","HA","IntHigh","2100",31.68879405944
"03100206_64990000_CHANNEL_G",6120,23380,"CHANNEL G","03100206","64990000","CANAL","tbcmp_PD_HA_IntHigh_2100","PD","HA","IntHigh","2100",23.10929523112
"03100206_64990000_CHANNEL_G",6410,7085,"CHANNEL G","03100206","64990000","CANAL","tbcmp_PD_HA_IntHigh_2100","PD","HA","IntHigh","2100",7.00296649754
"03100206_64990000_CHANNEL_G",6420,9435,"CHANNEL G","03100206","64990000","CANAL","tbcmp_PD_HA_IntHigh_2100","PD","HA","IntHigh","2100",9.32575707894
"03100206_64990000_CHANNEL_G",6425,54346,"CHANNEL G","03100206","64990000","CANAL","tbcmp_PD_HA_IntHigh_2100","PD","HA","IntHigh","2100",53.716756143304
"03100206_64990000_CHANNEL_G",6510,55104,"CHANNEL G","03100206","64990000","CANAL","tbcmp_PD_HA_IntHigh_2100","PD","HA","IntHigh","2100",54.465979658496
"03100206_64990000_CHANNEL_G",6600,18215,"CHANNEL G","03100206","64990000","CANAL","tbcmp_PD_HA_IntHigh_2100","PD","HA","IntHigh","2100",18.00409805966
"03100206_64990000_CHANNEL_G",9113,371456,"CHANNEL G","03100206","64990000","CANAL","tbcmp_PD_HA_IntHigh_2100","PD","HA","IntHigh","2100",367.155105618944
"03100206_65500000_CHAPMAN_LAKE_OUTLET",1100,246782,"CHAPMAN LAKE OUTLET","03100206","65500000","STREAM","tbcmp_PD_HA_IntHigh_2100","PD","HA","IntHigh","2100",243.924640535768
"03100206_65500000_CHAPMAN_LAKE_OUTLET",1200,932877,"CHAPMAN LAKE OUTLET","03100206","65500000","STREAM","tbcmp_PD_HA_IntHigh_2100","PD","HA","IntHigh","2100",922.075706044548
"03100206_65500000_CHAPMAN_LAKE_OUTLET",1800,7110,"CHAPMAN LAKE OUTLET","03100206","65500000","STREAM","tbcmp_PD_HA_IntHigh_2100","PD","HA","IntHigh","2100",7.02767703564
"03100206_65500000_CHAPMAN_LAKE_OUTLET",1820,48207,"CHAPMAN LAKE OUTLET","03100206","65500000","STREAM","tbcmp_PD_HA_IntHigh_2100","PD","HA","IntHigh","2100",47.648836407468
"03100206_65500000_CHAPMAN_LAKE_OUTLET",1900,46311,"CHAPMAN LAKE OUTLET","03100206","65500000","STREAM","tbcmp_PD_HA_IntHigh_2100","PD","HA","IntHigh","2100",45.774789197964
"03100206_65500000_CHAPMAN_LAKE_OUTLET",2100,2559,"CHAPMAN LAKE OUTLET","03100206","65500000","STREAM","tbcmp_PD_HA_IntHigh_2100","PD","HA","IntHigh","2100",2.529370679916
"03100206_65500000_CHAPMAN_LAKE_OUTLET",4100,81329,"CHAPMAN LAKE OUTLET","03100206","65500000","STREAM","tbcmp_PD_HA_IntHigh_2100","PD","HA","IntHigh","2100",80.387334125396
"03100206_65500000_CHAPMAN_LAKE_OUTLET",4400,1595,"CHAPMAN LAKE OUTLET","03100206","65500000","STREAM","tbcmp_PD_HA_IntHigh_2100","PD","HA","IntHigh","2100",1.57653233078
"03100206_65500000_CHAPMAN_LAKE_OUTLET",5200,186814,"CHAPMAN LAKE OUTLET","03100206","65500000","STREAM","tbcmp_PD_HA_IntHigh_2100","PD","HA","IntHigh","2100",184.650978584536
"03100206_65500000_CHAPMAN_LAKE_OUTLET",6110,66250,"CHAPMAN LAKE OUTLET","03100206","65500000","STREAM","tbcmp_PD_HA_IntHigh_2100","PD","HA","IntHigh","2100",65.482925965
"03100206_65500000_CHAPMAN_LAKE_OUTLET",6410,166218,"CHAPMAN LAKE OUTLET","03100206","65500000","STREAM","tbcmp_PD_HA_IntHigh_2100","PD","HA","IntHigh","2100",164.293448876232
"03100206_65509900_SWEETWATER_CREEK",1100,333023,"SWEETWATER CREEK","03100206","65509900","STREAM","tbcmp_PD_HA_IntHigh_2100","PD","HA","IntHigh","2100",329.167101187052
"03100206_65509900_SWEETWATER_CREEK",1200,8579932,"SWEETWATER CREEK","03100206","65509900","STREAM","tbcmp_PD_HA_IntHigh_2100","PD","HA","IntHigh","2100",8480.58946325637
"03100206_65509900_SWEETWATER_CREEK",1800,86620,"SWEETWATER CREEK","03100206","65509900","STREAM","tbcmp_PD_HA_IntHigh_2100","PD","HA","IntHigh","2100",85.61707240888
"03100206_65509900_SWEETWATER_CREEK",1820,102404,"SWEETWATER CREEK","03100206","65509900","STREAM","tbcmp_PD_HA_IntHigh_2100","PD","HA","IntHigh","2100",101.218317743696
"03100206_65509900_SWEETWATER_CREEK",1900,239554,"SWEETWATER CREEK","03100206","65509900","STREAM","tbcmp_PD_HA_IntHigh_2100","PD","HA","IntHigh","2100",236.780329760296
"03100206_65509900_SWEETWATER_CREEK",2100,6840,"SWEETWATER CREEK","03100206","65509900","STREAM","tbcmp_PD_HA_IntHigh_2100","PD","HA","IntHigh","2100",6.76080322416
"03100206_65509900_SWEETWATER_CREEK",2200,12490,"SWEETWATER CREEK","03100206","65509900","STREAM","tbcmp_PD_HA_IntHigh_2100","PD","HA","IntHigh","2100",12.34538483476
"03100206_65509900_SWEETWATER_CREEK",3200,44178,"SWEETWATER CREEK","03100206","65509900","STREAM","tbcmp_PD_HA_IntHigh_2100","PD","HA","IntHigh","2100",43.666486087272
"03100206_65509900_SWEETWATER_CREEK",4100,64406,"SWEETWATER CREEK","03100206","65509900","STREAM","tbcmp_PD_HA_IntHigh_2100","PD","HA","IntHigh","2100",63.660276674744
"03100206_65509900_SWEETWATER_CREEK",5200,1297439,"SWEETWATER CREEK","03100206","65509900","STREAM","tbcmp_PD_HA_IntHigh_2100","PD","HA","IntHigh","2100",1282.41663367704
"03100206_65509900_SWEETWATER_CREEK",5400,17041,"SWEETWATER CREEK","03100206","65509900","STREAM","tbcmp_PD_HA_IntHigh_2100","PD","HA","IntHigh","2100",16.843691190484
"03100206_65509900_SWEETWATER_CREEK",6110,805612,"SWEETWATER CREEK","03100206","65509900","STREAM","tbcmp_PD_HA_IntHigh_2100","PD","HA","IntHigh","2100",796.284240792688
"03100206_65509900_SWEETWATER_CREEK",6120,930,"SWEETWATER CREEK","03100206","65509900","STREAM","tbcmp_PD_HA_IntHigh_2100","PD","HA","IntHigh","2100",0.91923201732
"03100206_65509900_SWEETWATER_CREEK",6410,418805,"SWEETWATER CREEK","03100206","65509900","STREAM","tbcmp_PD_HA_IntHigh_2100","PD","HA","IntHigh","2100",413.95587635882
"03100206_65509900_SWEETWATER_CREEK",6420,188,"SWEETWATER CREEK","03100206","65509900","STREAM","tbcmp_PD_HA_IntHigh_2100","PD","HA","IntHigh","2100",0.185823246512
"03100206_65509900_SWEETWATER_CREEK",6425,45,"SWEETWATER CREEK","03100206","65509900","STREAM","tbcmp_PD_HA_IntHigh_2100","PD","HA","IntHigh","2100",0.04447896858
"03100206_65509900_SWEETWATER_CREEK",6510,18,"SWEETWATER CREEK","03100206","65509900","STREAM","tbcmp_PD_HA_IntHigh_2100","PD","HA","IntHigh","2100",0.017791587432
"03100206_65509900_SWEETWATER_CREEK",6600,1128,"SWEETWATER CREEK","03100206","65509900","STREAM","tbcmp_PD_HA_IntHigh_2100","PD","HA","IntHigh","2100",1.114939479072
"03100206_65509900_SWEETWATER_CREEK",9113,174,"SWEETWATER CREEK","03100206","65509900","STREAM","tbcmp_PD_HA_IntHigh_2100","PD","HA","IntHigh","2100",0.171985345176
"03100206_66000000_LAKE_LE_CLARE_DRAIN",1100,109689,"LAKE LE CLARE DRAIN","03100206","66000000","DRAIN","tbcmp_PD_HA_IntHigh_2100","PD","HA","IntHigh","2100",108.418968546036
"03100206_66000000_LAKE_LE_CLARE_DRAIN",1200,792393,"LAKE LE CLARE DRAIN","03100206","66000000","DRAIN","tbcmp_PD_HA_IntHigh_2100","PD","HA","IntHigh","2100",783.218296666932
"03100206_66000000_LAKE_LE_CLARE_DRAIN",1820,1253,"LAKE LE CLARE DRAIN","03100206","66000000","DRAIN","tbcmp_PD_HA_IntHigh_2100","PD","HA","IntHigh","2100",1.238492169572
"03100206_66000000_LAKE_LE_CLARE_DRAIN",1900,30703,"LAKE LE CLARE DRAIN","03100206","66000000","DRAIN","tbcmp_PD_HA_IntHigh_2100","PD","HA","IntHigh","2100",30.347506051372
"03100206_66000000_LAKE_LE_CLARE_DRAIN",2400,4055,"LAKE LE CLARE DRAIN","03100206","66000000","DRAIN","tbcmp_PD_HA_IntHigh_2100","PD","HA","IntHigh","2100",4.00804927982
"03100206_66000000_LAKE_LE_CLARE_DRAIN",4100,37789,"LAKE LE CLARE DRAIN","03100206","66000000","DRAIN","tbcmp_PD_HA_IntHigh_2100","PD","HA","IntHigh","2100",37.351460970436
"03100206_66000000_LAKE_LE_CLARE_DRAIN",5200,121956,"LAKE LE CLARE DRAIN","03100206","66000000","DRAIN","tbcmp_PD_HA_IntHigh_2100","PD","HA","IntHigh","2100",120.543935380944
"03100206_66000000_LAKE_LE_CLARE_DRAIN",6110,174163,"LAKE LE CLARE DRAIN","03100206","66000000","DRAIN","tbcmp_PD_HA_IntHigh_2100","PD","HA","IntHigh","2100",172.146457884412
"03100206_66000000_LAKE_LE_CLARE_DRAIN",6410,26288,"LAKE LE CLARE DRAIN","03100206","66000000","DRAIN","tbcmp_PD_HA_IntHigh_2100","PD","HA","IntHigh","2100",25.983625022912
"03100206_66700000_HORSE_LAKE",1100,27045,"HORSE LAKE","03100206","66700000","LAKE","tbcmp_PD_HA_IntHigh_2100","PD","HA","IntHigh","2100",26.73186011658
"03100206_66700000_HORSE_LAKE",1200,25701,"HORSE LAKE","03100206","66700000","LAKE","tbcmp_PD_HA_IntHigh_2100","PD","HA","IntHigh","2100",25.403421588324
"03100206_66700000_HORSE_LAKE",1820,13074,"HORSE LAKE","03100206","66700000","LAKE","tbcmp_PD_HA_IntHigh_2100","PD","HA","IntHigh","2100",12.922623004776
"03100206_66700000_HORSE_LAKE",1900,2328,"HORSE LAKE","03100206","66700000","LAKE","tbcmp_PD_HA_IntHigh_2100","PD","HA","IntHigh","2100",2.301045307872
"03100206_66700000_HORSE_LAKE",2100,3902,"HORSE LAKE","03100206","66700000","LAKE","tbcmp_PD_HA_IntHigh_2100","PD","HA","IntHigh","2100",3.856820786648
"03100206_66700000_HORSE_LAKE",2400,185,"HORSE LAKE","03100206","66700000","LAKE","tbcmp_PD_HA_IntHigh_2100","PD","HA","IntHigh","2100",0.18285798194
"03100206_66700000_HORSE_LAKE",4100,24471,"HORSE LAKE","03100206","66700000","LAKE","tbcmp_PD_HA_IntHigh_2100","PD","HA","IntHigh","2100",24.187663113804
"03100206_66700000_HORSE_LAKE",5200,17333,"HORSE LAKE","03100206","66700000","LAKE","tbcmp_PD_HA_IntHigh_2100","PD","HA","IntHigh","2100",17.132310275492
"03100206_66700000_HORSE_LAKE",6110,5821,"HORSE LAKE","03100206","66700000","LAKE","tbcmp_PD_HA_IntHigh_2100","PD","HA","IntHigh","2100",5.753601691204
"03100206_66700000_HORSE_LAKE",6410,8573,"HORSE LAKE","03100206","66700000","LAKE","tbcmp_PD_HA_IntHigh_2100","PD","HA","IntHigh","2100",8.473737725252
"03100206_66700000_SLOUGH",1100,228192,"SLOUGH","03100206","66700000","SLOUGH","tbcmp_PD_HA_IntHigh_2100","PD","HA","IntHigh","2100",225.549884404608
"03100206_66700000_SLOUGH",1200,231927,"SLOUGH","03100206","66700000","SLOUGH","tbcmp_PD_HA_IntHigh_2100","PD","HA","IntHigh","2100",229.241638796748
"03100206_66700000_SLOUGH",1820,1396,"SLOUGH","03100206","66700000","SLOUGH","tbcmp_PD_HA_IntHigh_2100","PD","HA","IntHigh","2100",1.379836447504
"03100206_66700000_SLOUGH",1900,36249,"SLOUGH","03100206","66700000","SLOUGH","tbcmp_PD_HA_IntHigh_2100","PD","HA","IntHigh","2100",35.829291823476
"03100206_66700000_SLOUGH",2100,74622,"SLOUGH","03100206","66700000","SLOUGH","tbcmp_PD_HA_IntHigh_2100","PD","HA","IntHigh","2100",73.757990963928
"03100206_66700000_SLOUGH",2400,14706,"SLOUGH","03100206","66700000","SLOUGH","tbcmp_PD_HA_IntHigh_2100","PD","HA","IntHigh","2100",14.535726931944
"03100206_66700000_SLOUGH",3200,13116,"SLOUGH","03100206","66700000","SLOUGH","tbcmp_PD_HA_IntHigh_2100","PD","HA","IntHigh","2100",12.964136708784
"03100206_66700000_SLOUGH",4100,18967,"SLOUGH","03100206","66700000","SLOUGH","tbcmp_PD_HA_IntHigh_2100","PD","HA","IntHigh","2100",18.747391045708
"03100206_66700000_SLOUGH",5200,24768,"SLOUGH","03100206","66700000","SLOUGH","tbcmp_PD_HA_IntHigh_2100","PD","HA","IntHigh","2100",24.481224306432
"03100206_66700000_SLOUGH",6110,127338,"SLOUGH","03100206","66700000","SLOUGH","tbcmp_PD_HA_IntHigh_2100","PD","HA","IntHigh","2100",125.863620023112
"03100206_66700000_SLOUGH",6410,28684,"SLOUGH","03100206","66700000","SLOUGH","tbcmp_PD_HA_IntHigh_2100","PD","HA","IntHigh","2100",28.351882994416
"03100206_66720000_HALFMOON_LAKE_DRAIN",1100,245973,"HALFMOON LAKE DRAIN","03100206","66720000","DRAIN","tbcmp_PD_HA_IntHigh_2100","PD","HA","IntHigh","2100",243.125007522852
"03100206_66720000_HALFMOON_LAKE_DRAIN",1200,322116,"HALFMOON LAKE DRAIN","03100206","66720000","DRAIN","tbcmp_PD_HA_IntHigh_2100","PD","HA","IntHigh","2100",318.386387624784
"03100206_66720000_HALFMOON_LAKE_DRAIN",1900,2740,"HALFMOON LAKE DRAIN","03100206","66720000","DRAIN","tbcmp_PD_HA_IntHigh_2100","PD","HA","IntHigh","2100",2.70827497576
"03100206_66720000_HALFMOON_LAKE_DRAIN",2400,8564,"HALFMOON LAKE DRAIN","03100206","66720000","DRAIN","tbcmp_PD_HA_IntHigh_2100","PD","HA","IntHigh","2100",8.464841931536
"03100206_66720000_HALFMOON_LAKE_DRAIN",4100,4684,"HALFMOON LAKE DRAIN","03100206","66720000","DRAIN","tbcmp_PD_HA_IntHigh_2100","PD","HA","IntHigh","2100",4.629766418416
"03100206_66720000_HALFMOON_LAKE_DRAIN",5200,77149,"HALFMOON LAKE DRAIN","03100206","66720000","DRAIN","tbcmp_PD_HA_IntHigh_2100","PD","HA","IntHigh","2100",76.255732155076
"03100206_66720000_HALFMOON_LAKE_DRAIN",6110,82637,"HALFMOON LAKE DRAIN","03100206","66720000","DRAIN","tbcmp_PD_HA_IntHigh_2100","PD","HA","IntHigh","2100",81.680189478788
"03100206_66720000_HALFMOON_LAKE_DRAIN",6410,8687,"HALFMOON LAKE DRAIN","03100206","66720000","DRAIN","tbcmp_PD_HA_IntHigh_2100","PD","HA","IntHigh","2100",8.586417778988
"03100206_66805000_LAKE_DRAINAGE_DITCH",1100,116255,"LAKE DRAINAGE DITCH","03100206","66805000","DITCH","tbcmp_PD_HA_IntHigh_2100","PD","HA","IntHigh","2100",114.90894427262
"03100206_66805000_LAKE_DRAINAGE_DITCH",1200,784851,"LAKE DRAINAGE DITCH","03100206","66805000","DITCH","tbcmp_PD_HA_IntHigh_2100","PD","HA","IntHigh","2100",775.763621532924
"03100206_66805000_LAKE_DRAINAGE_DITCH",1800,25451,"LAKE DRAINAGE DITCH","03100206","66805000","DITCH","tbcmp_PD_HA_IntHigh_2100","PD","HA","IntHigh","2100",25.156316207324
"03100206_66805000_LAKE_DRAINAGE_DITCH",1820,76434,"LAKE DRAINAGE DITCH","03100206","66805000","DITCH","tbcmp_PD_HA_IntHigh_2100","PD","HA","IntHigh","2100",75.549010765416
"03100206_66805000_LAKE_DRAINAGE_DITCH",1900,32496,"LAKE DRAINAGE DITCH","03100206","66805000","DITCH","tbcmp_PD_HA_IntHigh_2100","PD","HA","IntHigh","2100",32.119745843904
"03100206_66805000_LAKE_DRAINAGE_DITCH",2100,26524,"LAKE DRAINAGE DITCH","03100206","66805000","DITCH","tbcmp_PD_HA_IntHigh_2100","PD","HA","IntHigh","2100",26.216892502576
"03100206_66805000_LAKE_DRAINAGE_DITCH",2200,15996,"LAKE DRAINAGE DITCH","03100206","66805000","DITCH","tbcmp_PD_HA_IntHigh_2100","PD","HA","IntHigh","2100",15.810790697904
"03100206_66805000_LAKE_DRAINAGE_DITCH",2400,1275,"LAKE DRAINAGE DITCH","03100206","66805000","DITCH","tbcmp_PD_HA_IntHigh_2100","PD","HA","IntHigh","2100",1.2602374431
"03100206_66805000_LAKE_DRAINAGE_DITCH",4100,3653,"LAKE DRAINAGE DITCH","03100206","66805000","DITCH","tbcmp_PD_HA_IntHigh_2100","PD","HA","IntHigh","2100",3.610703827172
"03100206_66805000_LAKE_DRAINAGE_DITCH",4400,9669,"LAKE DRAINAGE DITCH","03100206","66805000","DITCH","tbcmp_PD_HA_IntHigh_2100","PD","HA","IntHigh","2100",9.557047715556
"03100206_66805000_LAKE_DRAINAGE_DITCH",5200,121522,"LAKE DRAINAGE DITCH","03100206","66805000","DITCH","tbcmp_PD_HA_IntHigh_2100","PD","HA","IntHigh","2100",120.114960439528
"03100206_66805000_LAKE_DRAINAGE_DITCH",6110,193288,"LAKE DRAINAGE DITCH","03100206","66805000","DITCH","tbcmp_PD_HA_IntHigh_2100","PD","HA","IntHigh","2100",191.050019530912
"03100206_66805000_LAKE_DRAINAGE_DITCH",6410,90344,"LAKE DRAINAGE DITCH","03100206","66805000","DITCH","tbcmp_PD_HA_IntHigh_2100","PD","HA","IntHigh","2100",89.297954164256
"03100206_66805099_DRAINAGE_CANAL",1100,310753,"DRAINAGE CANAL","03100206","66805099","CANAL","tbcmp_PD_HA_IntHigh_2100","PD","HA","IntHigh","2100",307.154953847572
"03100206_66805099_DRAINAGE_CANAL",1200,1513731,"DRAINAGE CANAL","03100206","66805099","CANAL","tbcmp_PD_HA_IntHigh_2100","PD","HA","IntHigh","2100",1496.20430194604
"03100206_66805099_DRAINAGE_CANAL",1800,32110,"DRAINAGE CANAL","03100206","66805099","CANAL","tbcmp_PD_HA_IntHigh_2100","PD","HA","IntHigh","2100",31.73821513564
"03100206_66805099_DRAINAGE_CANAL",1820,3482,"DRAINAGE CANAL","03100206","66805099","CANAL","tbcmp_PD_HA_IntHigh_2100","PD","HA","IntHigh","2100",3.441683746568
"03100206_66805099_DRAINAGE_CANAL",1900,48441,"DRAINAGE CANAL","03100206","66805099","CANAL","tbcmp_PD_HA_IntHigh_2100","PD","HA","IntHigh","2100",47.880127044084
"03100206_66805099_DRAINAGE_CANAL",2100,26643,"DRAINAGE CANAL","03100206","66805099","CANAL","tbcmp_PD_HA_IntHigh_2100","PD","HA","IntHigh","2100",26.334514663932
"03100206_66805099_DRAINAGE_CANAL",2400,18779,"DRAINAGE CANAL","03100206","66805099","CANAL","tbcmp_PD_HA_IntHigh_2100","PD","HA","IntHigh","2100",18.561567799196
"03100206_66805099_DRAINAGE_CANAL",4100,50910,"DRAINAGE CANAL","03100206","66805099","CANAL","tbcmp_PD_HA_IntHigh_2100","PD","HA","IntHigh","2100",50.32053978684
"03100206_66805099_DRAINAGE_CANAL",4400,18714,"DRAINAGE CANAL","03100206","66805099","CANAL","tbcmp_PD_HA_IntHigh_2100","PD","HA","IntHigh","2100",18.497320400136
"03100206_66805099_DRAINAGE_CANAL",5200,405800,"DRAINAGE CANAL","03100206","66805099","CANAL","tbcmp_PD_HA_IntHigh_2100","PD","HA","IntHigh","2100",401.1014544392
"03100206_66805099_DRAINAGE_CANAL",6110,272471,"DRAINAGE CANAL","03100206","66805099","CANAL","tbcmp_PD_HA_IntHigh_2100","PD","HA","IntHigh","2100",269.316201065804
"03100206_66805099_DRAINAGE_CANAL",6410,173342,"DRAINAGE CANAL","03100206","66805099","CANAL","tbcmp_PD_HA_IntHigh_2100","PD","HA","IntHigh","2100",171.334963813208
"03100206_66805500_DRAINAGE_DITCHES",1100,20312,"DRAINAGE DITCHES","03100206","66805500","DITCH","tbcmp_PD_HA_IntHigh_2100","PD","HA","IntHigh","2100",20.076817995488
"03100206_66805500_DRAINAGE_DITCHES",1200,560832,"DRAINAGE DITCHES","03100206","66805500","DITCH","tbcmp_PD_HA_IntHigh_2100","PD","HA","IntHigh","2100",554.338420147968
"03100206_66805500_DRAINAGE_DITCHES",1800,15504,"DRAINAGE DITCHES","03100206","66805500","DITCH","tbcmp_PD_HA_IntHigh_2100","PD","HA","IntHigh","2100",15.324487308096
"03100206_66805500_DRAINAGE_DITCHES",1820,29081,"DRAINAGE DITCHES","03100206","66805500","DITCH","tbcmp_PD_HA_IntHigh_2100","PD","HA","IntHigh","2100",28.744286339444
"03100206_66805500_DRAINAGE_DITCHES",2400,435,"DRAINAGE DITCHES","03100206","66805500","DITCH","tbcmp_PD_HA_IntHigh_2100","PD","HA","IntHigh","2100",0.42996336294
"03100206_66805500_DRAINAGE_DITCHES",5200,41693,"DRAINAGE DITCHES","03100206","66805500","DITCH","tbcmp_PD_HA_IntHigh_2100","PD","HA","IntHigh","2100",41.210258600132
"03100206_66805500_DRAINAGE_DITCHES",6110,102649,"DRAINAGE DITCHES","03100206","66805500","DITCH","tbcmp_PD_HA_IntHigh_2100","PD","HA","IntHigh","2100",101.460481017076
"03100206_66805500_DRAINAGE_DITCHES",6410,8908,"DRAINAGE DITCHES","03100206","66805500","DITCH","tbcmp_PD_HA_IntHigh_2100","PD","HA","IntHigh","2100",8.804858935792
"03100206_66809900_BRUSHY_CREEK",1100,344236,"BRUSHY CREEK","03100206","66809900","STREAM","tbcmp_PD_HA_IntHigh_2100","PD","HA","IntHigh","2100",340.250271735664
"03100206_66809900_BRUSHY_CREEK",1200,3017353,"BRUSHY CREEK","03100206","66809900","STREAM","tbcmp_PD_HA_IntHigh_2100","PD","HA","IntHigh","2100",2982.41665070597
"03100206_66809900_BRUSHY_CREEK",1800,79373,"BRUSHY CREEK","03100206","66809900","STREAM","tbcmp_PD_HA_IntHigh_2100","PD","HA","IntHigh","2100",78.453981624452
"03100206_66809900_BRUSHY_CREEK",1820,141549,"BRUSHY CREEK","03100206","66809900","STREAM","tbcmp_PD_HA_IntHigh_2100","PD","HA","IntHigh","2100",139.910078300676
"03100206_66809900_BRUSHY_CREEK",1900,134456,"BRUSHY CREEK","03100206","66809900","STREAM","tbcmp_PD_HA_IntHigh_2100","PD","HA","IntHigh","2100",132.899204430944
"03100206_66809900_BRUSHY_CREEK",2100,16885,"BRUSHY CREEK","03100206","66809900","STREAM","tbcmp_PD_HA_IntHigh_2100","PD","HA","IntHigh","2100",16.68949743274
"03100206_66809900_BRUSHY_CREEK",2400,2571,"BRUSHY CREEK","03100206","66809900","STREAM","tbcmp_PD_HA_IntHigh_2100","PD","HA","IntHigh","2100",2.541231738204
"03100206_66809900_BRUSHY_CREEK",3200,10213,"BRUSHY CREEK","03100206","66809900","STREAM","tbcmp_PD_HA_IntHigh_2100","PD","HA","IntHigh","2100",10.094749024612
"03100206_66809900_BRUSHY_CREEK",4100,263235,"BRUSHY CREEK","03100206","66809900","STREAM","tbcmp_PD_HA_IntHigh_2100","PD","HA","IntHigh","2100",260.18713987014
"03100206_66809900_BRUSHY_CREEK",5200,349683,"BRUSHY CREEK","03100206","66809900","STREAM","tbcmp_PD_HA_IntHigh_2100","PD","HA","IntHigh","2100",345.634203776892
"03100206_66809900_BRUSHY_CREEK",6110,655195,"BRUSHY CREEK","03100206","66809900","STREAM","tbcmp_PD_HA_IntHigh_2100","PD","HA","IntHigh","2100",647.60884041718
"03100206_66809900_BRUSHY_CREEK",6410,190932,"BRUSHY CREEK","03100206","66809900","STREAM","tbcmp_PD_HA_IntHigh_2100","PD","HA","IntHigh","2100",188.721298420368
"03100206_66980000_UPPER_ROCKY_CREEK",1100,889010,"UPPER ROCKY CREEK","03100206","66980000","STREAM","tbcmp_PD_HA_IntHigh_2100","PD","HA","IntHigh","2100",878.71661905124
"03100206_66980000_UPPER_ROCKY_CREEK",1200,3478587,"UPPER ROCKY CREEK","03100206","66980000","STREAM","tbcmp_PD_HA_IntHigh_2100","PD","HA","IntHigh","2100",3438.31026390659
"03100206_66980000_UPPER_ROCKY_CREEK",1800,76108,"UPPER ROCKY CREEK","03100206","66980000","STREAM","tbcmp_PD_HA_IntHigh_2100","PD","HA","IntHigh","2100",75.226785348592
"03100206_66980000_UPPER_ROCKY_CREEK",1820,330647,"UPPER ROCKY CREEK","03100206","66980000","STREAM","tbcmp_PD_HA_IntHigh_2100","PD","HA","IntHigh","2100",326.818611646028
"03100206_66980000_UPPER_ROCKY_CREEK",1900,444459,"UPPER ROCKY CREEK","03100206","66980000","STREAM","tbcmp_PD_HA_IntHigh_2100","PD","HA","IntHigh","2100",439.312842135516
"03100206_66980000_UPPER_ROCKY_CREEK",2100,282038,"UPPER ROCKY CREEK","03100206","66980000","STREAM","tbcmp_PD_HA_IntHigh_2100","PD","HA","IntHigh","2100",278.772429785912
"03100206_66980000_UPPER_ROCKY_CREEK",2200,7516,"UPPER ROCKY CREEK","03100206","66980000","STREAM","tbcmp_PD_HA_IntHigh_2100","PD","HA","IntHigh","2100",7.428976174384
"03100206_66980000_UPPER_ROCKY_CREEK",2400,24904,"UPPER ROCKY CREEK","03100206","66980000","STREAM","tbcmp_PD_HA_IntHigh_2100","PD","HA","IntHigh","2100",24.615649633696
"03100206_66980000_UPPER_ROCKY_CREEK",3200,84103,"UPPER ROCKY CREEK","03100206","66980000","STREAM","tbcmp_PD_HA_IntHigh_2100","PD","HA","IntHigh","2100",83.129215432972
"03100206_66980000_UPPER_ROCKY_CREEK",4100,185587,"UPPER ROCKY CREEK","03100206","66980000","STREAM","tbcmp_PD_HA_IntHigh_2100","PD","HA","IntHigh","2100",183.438185374588
"03100206_66980000_UPPER_ROCKY_CREEK",4400,156415,"UPPER ROCKY CREEK","03100206","66980000","STREAM","tbcmp_PD_HA_IntHigh_2100","PD","HA","IntHigh","2100",154.60395267646
"03100206_66980000_UPPER_ROCKY_CREEK",5200,1219782,"UPPER ROCKY CREEK","03100206","66980000","STREAM","tbcmp_PD_HA_IntHigh_2100","PD","HA","IntHigh","2100",1205.65878338777
"03100206_66980000_UPPER_ROCKY_CREEK",6110,1882242,"UPPER ROCKY CREEK","03100206","66980000","STREAM","tbcmp_PD_HA_IntHigh_2100","PD","HA","IntHigh","2100",1860.44850617681
"03100206_66980000_UPPER_ROCKY_CREEK",6410,483167,"UPPER ROCKY CREEK","03100206","66980000","STREAM","tbcmp_PD_HA_IntHigh_2100","PD","HA","IntHigh","2100",477.572662486508
"03100206_66990000_LOWER_ROCKY_CREEK",1100,659802,"LOWER ROCKY CREEK","03100206","66990000","STREAM","tbcmp_PD_HA_IntHigh_2100","PD","HA","IntHigh","2100",652.162498378248
"03100206_66990000_LOWER_ROCKY_CREEK",1200,4366722,"LOWER ROCKY CREEK","03100206","66990000","STREAM","tbcmp_PD_HA_IntHigh_2100","PD","HA","IntHigh","2100",4316.16201412433
"03100206_66990000_LOWER_ROCKY_CREEK",1800,129301,"LOWER ROCKY CREEK","03100206","66990000","STREAM","tbcmp_PD_HA_IntHigh_2100","PD","HA","IntHigh","2100",127.803891474724
"03100206_66990000_LOWER_ROCKY_CREEK",1820,82640,"LOWER ROCKY CREEK","03100206","66990000","STREAM","tbcmp_PD_HA_IntHigh_2100","PD","HA","IntHigh","2100",81.68315474336
"03100206_66990000_LOWER_ROCKY_CREEK",1900,181905,"LOWER ROCKY CREEK","03100206","66990000","STREAM","tbcmp_PD_HA_IntHigh_2100","PD","HA","IntHigh","2100",179.79881732322
"03100206_66990000_LOWER_ROCKY_CREEK",2100,8738,"LOWER ROCKY CREEK","03100206","66990000","STREAM","tbcmp_PD_HA_IntHigh_2100","PD","HA","IntHigh","2100",8.636827276712
"03100206_66990000_LOWER_ROCKY_CREEK",2400,10656,"LOWER ROCKY CREEK","03100206","66990000","STREAM","tbcmp_PD_HA_IntHigh_2100","PD","HA","IntHigh","2100",10.532619759744
"03100206_66990000_LOWER_ROCKY_CREEK",3200,113506,"LOWER ROCKY CREEK","03100206","66990000","STREAM","tbcmp_PD_HA_IntHigh_2100","PD","HA","IntHigh","2100",112.191773503144
"03100206_66990000_LOWER_ROCKY_CREEK",4100,66226,"LOWER ROCKY CREEK","03100206","66990000","STREAM","tbcmp_PD_HA_IntHigh_2100","PD","HA","IntHigh","2100",65.459203848424
"03100206_66990000_LOWER_ROCKY_CREEK",5200,513761,"LOWER ROCKY CREEK","03100206","66990000","STREAM","tbcmp_PD_HA_IntHigh_2100","PD","HA","IntHigh","2100",507.812430591764
"03100206_66990000_LOWER_ROCKY_CREEK",5400,109449,"LOWER ROCKY CREEK","03100206","66990000","STREAM","tbcmp_PD_HA_IntHigh_2100","PD","HA","IntHigh","2100",108.181747380276
"03100206_66990000_LOWER_ROCKY_CREEK",6110,1008969,"LOWER ROCKY CREEK","03100206","66990000","STREAM","tbcmp_PD_HA_IntHigh_2100","PD","HA","IntHigh","2100",997.286676648756
"03100206_66990000_LOWER_ROCKY_CREEK",6120,1004,"LOWER ROCKY CREEK","03100206","66990000","STREAM","tbcmp_PD_HA_IntHigh_2100","PD","HA","IntHigh","2100",0.992375210096
"03100206_66990000_LOWER_ROCKY_CREEK",6410,177987,"LOWER ROCKY CREEK","03100206","66990000","STREAM","tbcmp_PD_HA_IntHigh_2100","PD","HA","IntHigh","2100",175.926181792188
"03100206_66990000_LOWER_ROCKY_CREEK",6420,2838,"LOWER ROCKY CREEK","03100206","66990000","STREAM","tbcmp_PD_HA_IntHigh_2100","PD","HA","IntHigh","2100",2.805140285112
"03100206_66990000_LOWER_ROCKY_CREEK",6425,15993,"LOWER ROCKY CREEK","03100206","66990000","STREAM","tbcmp_PD_HA_IntHigh_2100","PD","HA","IntHigh","2100",15.807825433332
"03100206_66990000_LOWER_ROCKY_CREEK",6510,4534,"LOWER ROCKY CREEK","03100206","66990000","STREAM","tbcmp_PD_HA_IntHigh_2100","PD","HA","IntHigh","2100",4.481503189816
"03100206_66990000_LOWER_ROCKY_CREEK",6600,11998,"LOWER ROCKY CREEK","03100206","66990000","STREAM","tbcmp_PD_HA_IntHigh_2100","PD","HA","IntHigh","2100",11.859081444952
"03100206_66990000_LOWER_ROCKY_CREEK",9113,20810,"LOWER ROCKY CREEK","03100206","66990000","STREAM","tbcmp_PD_HA_IntHigh_2100","PD","HA","IntHigh","2100",20.56905191444
"03100206_67000000_DOUBLE_BRANCH",1100,1053523,"DOUBLE BRANCH","03100206","67000000","STREAM","tbcmp_PD_HA_IntHigh_2100","PD","HA","IntHigh","2100",1041.32480922905
"03100206_67000000_DOUBLE_BRANCH",1200,5856607,"DOUBLE BRANCH","03100206","67000000","STREAM","tbcmp_PD_HA_IntHigh_2100","PD","HA","IntHigh","2100",5788.79641640907
"03100206_67000000_DOUBLE_BRANCH",1800,411795,"DOUBLE BRANCH","03100206","67000000","STREAM","tbcmp_PD_HA_IntHigh_2100","PD","HA","IntHigh","2100",407.02704147558
"03100206_67000000_DOUBLE_BRANCH",1820,391650,"DOUBLE BRANCH","03100206","67000000","STREAM","tbcmp_PD_HA_IntHigh_2100","PD","HA","IntHigh","2100",387.1152898746
"03100206_67000000_DOUBLE_BRANCH",1900,646800,"DOUBLE BRANCH","03100206","67000000","STREAM","tbcmp_PD_HA_IntHigh_2100","PD","HA","IntHigh","2100",639.3110417232
"03100206_67000000_DOUBLE_BRANCH",2100,505859,"DOUBLE BRANCH","03100206","67000000","STREAM","tbcmp_PD_HA_IntHigh_2100","PD","HA","IntHigh","2100",500.001923709116
"03100206_67000000_DOUBLE_BRANCH",2400,19884,"DOUBLE BRANCH","03100206","67000000","STREAM","tbcmp_PD_HA_IntHigh_2100","PD","HA","IntHigh","2100",19.653773583216
"03100206_67000000_DOUBLE_BRANCH",3200,436658,"DOUBLE BRANCH","03100206","67000000","STREAM","tbcmp_PD_HA_IntHigh_2100","PD","HA","IntHigh","2100",431.602165826792
"03100206_67000000_DOUBLE_BRANCH",4100,1723032,"DOUBLE BRANCH","03100206","67000000","STREAM","tbcmp_PD_HA_IntHigh_2100","PD","HA","IntHigh","2100",1703.08191534077
"03100206_67000000_DOUBLE_BRANCH",4400,12779,"DOUBLE BRANCH","03100206","67000000","STREAM","tbcmp_PD_HA_IntHigh_2100","PD","HA","IntHigh","2100",12.631038655196
"03100206_67000000_DOUBLE_BRANCH",5200,1093533,"DOUBLE BRANCH","03100206","67000000","STREAM","tbcmp_PD_HA_IntHigh_2100","PD","HA","IntHigh","2100",1080.87155440429
"03100206_67000000_DOUBLE_BRANCH",5400,313944,"DOUBLE BRANCH","03100206","67000000","STREAM","tbcmp_PD_HA_IntHigh_2100","PD","HA","IntHigh","2100",310.309006930656
"03100206_67000000_DOUBLE_BRANCH",6110,2781709,"DOUBLE BRANCH","03100206","67000000","STREAM","tbcmp_PD_HA_IntHigh_2100","PD","HA","IntHigh","2100",2749.50104910452
"03100206_67000000_DOUBLE_BRANCH",6120,196991,"DOUBLE BRANCH","03100206","67000000","STREAM","tbcmp_PD_HA_IntHigh_2100","PD","HA","IntHigh","2100",194.710144434284
"03100206_67000000_DOUBLE_BRANCH",6410,830097,"DOUBLE BRANCH","03100206","67000000","STREAM","tbcmp_PD_HA_IntHigh_2100","PD","HA","IntHigh","2100",820.485741807828
"03100206_67000000_DOUBLE_BRANCH",6420,30045,"DOUBLE BRANCH","03100206","67000000","STREAM","tbcmp_PD_HA_IntHigh_2100","PD","HA","IntHigh","2100",29.69712468858
"03100206_67000000_DOUBLE_BRANCH",6425,127048,"DOUBLE BRANCH","03100206","67000000","STREAM","tbcmp_PD_HA_IntHigh_2100","PD","HA","IntHigh","2100",125.576977781152
"03100206_67000000_DOUBLE_BRANCH",6510,68779,"DOUBLE BRANCH","03100206","67000000","STREAM","tbcmp_PD_HA_IntHigh_2100","PD","HA","IntHigh","2100",67.982643999196
"03100206_67000000_DOUBLE_BRANCH",6600,135931,"DOUBLE BRANCH","03100206","67000000","STREAM","tbcmp_PD_HA_IntHigh_2100","PD","HA","IntHigh","2100",134.357126178844
"03100206_67000000_DOUBLE_BRANCH",9113,795357,"DOUBLE BRANCH","03100206","67000000","STREAM","tbcmp_PD_HA_IntHigh_2100","PD","HA","IntHigh","2100",786.147978064068
"03100206_68000000_BOAT_BAYOU",0,4,"BOAT BAYOU","03100206","68000000","BAYOU","tbcmp_PD_HA_IntHigh_2100","PD","HA","IntHigh","2100",0.003953686096
"03100206_68000000_BOAT_BAYOU",1100,31260,"BOAT BAYOU","03100206","68000000","BAYOU","tbcmp_PD_HA_IntHigh_2100","PD","HA","IntHigh","2100",30.89805684024
"03100206_68000000_BOAT_BAYOU",1200,141742,"BOAT BAYOU","03100206","68000000","BAYOU","tbcmp_PD_HA_IntHigh_2100","PD","HA","IntHigh","2100",140.100843654808
"03100206_68000000_BOAT_BAYOU",1800,232,"BOAT BAYOU","03100206","68000000","BAYOU","tbcmp_PD_HA_IntHigh_2100","PD","HA","IntHigh","2100",0.229313793568
"03100206_68000000_BOAT_BAYOU",2100,20878,"BOAT BAYOU","03100206","68000000","BAYOU","tbcmp_PD_HA_IntHigh_2100","PD","HA","IntHigh","2100",20.636264578072
"03100206_68000000_BOAT_BAYOU",4100,1159,"BOAT BAYOU","03100206","68000000","BAYOU","tbcmp_PD_HA_IntHigh_2100","PD","HA","IntHigh","2100",1.145580546316
"03100206_68000000_BOAT_BAYOU",5200,47,"BOAT BAYOU","03100206","68000000","BAYOU","tbcmp_PD_HA_IntHigh_2100","PD","HA","IntHigh","2100",0.046455811628
"03100206_68000000_BOAT_BAYOU",5400,30544,"BOAT BAYOU","03100206","68000000","BAYOU","tbcmp_PD_HA_IntHigh_2100","PD","HA","IntHigh","2100",30.190347029056
"03100206_68000000_BOAT_BAYOU",6120,125836,"BOAT BAYOU","03100206","68000000","BAYOU","tbcmp_PD_HA_IntHigh_2100","PD","HA","IntHigh","2100",124.379010894064
"03100206_68000000_BOAT_BAYOU",6410,62,"BOAT BAYOU","03100206","68000000","BAYOU","tbcmp_PD_HA_IntHigh_2100","PD","HA","IntHigh","2100",0.061282134488
"03100206_68000000_BOAT_BAYOU",6420,5711,"BOAT BAYOU","03100206","68000000","BAYOU","tbcmp_PD_HA_IntHigh_2100","PD","HA","IntHigh","2100",5.644875323564
"03100206_68000000_BOAT_BAYOU",6425,3426,"BOAT BAYOU","03100206","68000000","BAYOU","tbcmp_PD_HA_IntHigh_2100","PD","HA","IntHigh","2100",3.386332141224
"03100206_68000000_BOAT_BAYOU",6510,1231,"BOAT BAYOU","03100206","68000000","BAYOU","tbcmp_PD_HA_IntHigh_2100","PD","HA","IntHigh","2100",1.216746896044
"03100206_68000000_BOAT_BAYOU",6600,8168,"BOAT BAYOU","03100206","68000000","BAYOU","tbcmp_PD_HA_IntHigh_2100","PD","HA","IntHigh","2100",8.073427008032
"03100206_68000000_BOAT_BAYOU",9113,152545,"BOAT BAYOU","03100206","68000000","BAYOU","tbcmp_PD_HA_IntHigh_2100","PD","HA","IntHigh","2100",150.77876137858
"03100206_69000000_MOBBLY_BAYOU",0,35,"MOBBLY BAYOU","03100206","69000000","BAYOU","tbcmp_PD_HA_IntHigh_2100","PD","HA","IntHigh","2100",0.03459475334
"03100206_69000000_MOBBLY_BAYOU",1100,82507,"MOBBLY BAYOU","03100206","69000000","BAYOU","tbcmp_PD_HA_IntHigh_2100","PD","HA","IntHigh","2100",81.551694680668
"03100206_69000000_MOBBLY_BAYOU",1200,1039281,"MOBBLY BAYOU","03100206","69000000","BAYOU","tbcmp_PD_HA_IntHigh_2100","PD","HA","IntHigh","2100",1027.24770988424
"03100206_69000000_MOBBLY_BAYOU",1800,29292,"MOBBLY BAYOU","03100206","69000000","BAYOU","tbcmp_PD_HA_IntHigh_2100","PD","HA","IntHigh","2100",28.952843281008
"03100206_69000000_MOBBLY_BAYOU",1900,22605,"MOBBLY BAYOU","03100206","69000000","BAYOU","tbcmp_PD_HA_IntHigh_2100","PD","HA","IntHigh","2100",22.34326855002
"03100206_69000000_MOBBLY_BAYOU",3200,24284,"MOBBLY BAYOU","03100206","69000000","BAYOU","tbcmp_PD_HA_IntHigh_2100","PD","HA","IntHigh","2100",24.002828288816
"03100206_69000000_MOBBLY_BAYOU",4100,20091,"MOBBLY BAYOU","03100206","69000000","BAYOU","tbcmp_PD_HA_IntHigh_2100","PD","HA","IntHigh","2100",19.858376838684
"03100206_69000000_MOBBLY_BAYOU",5200,16996,"MOBBLY BAYOU","03100206","69000000","BAYOU","tbcmp_PD_HA_IntHigh_2100","PD","HA","IntHigh","2100",16.799212221904
"03100206_69000000_MOBBLY_BAYOU",5400,103069,"MOBBLY BAYOU","03100206","69000000","BAYOU","tbcmp_PD_HA_IntHigh_2100","PD","HA","IntHigh","2100",101.875618057156
"03100206_69000000_MOBBLY_BAYOU",6110,21872,"MOBBLY BAYOU","03100206","69000000","BAYOU","tbcmp_PD_HA_IntHigh_2100","PD","HA","IntHigh","2100",21.618755572928
"03100206_69000000_MOBBLY_BAYOU",6120,221838,"MOBBLY BAYOU","03100206","69000000","BAYOU","tbcmp_PD_HA_IntHigh_2100","PD","HA","IntHigh","2100",219.269454041112
"03100206_69000000_MOBBLY_BAYOU",6410,15098,"MOBBLY BAYOU","03100206","69000000","BAYOU","tbcmp_PD_HA_IntHigh_2100","PD","HA","IntHigh","2100",14.923188169352
"03100206_69000000_MOBBLY_BAYOU",6420,6779,"MOBBLY BAYOU","03100206","69000000","BAYOU","tbcmp_PD_HA_IntHigh_2100","PD","HA","IntHigh","2100",6.700509511196
"03100206_69000000_MOBBLY_BAYOU",6600,17539,"MOBBLY BAYOU","03100206","69000000","BAYOU","tbcmp_PD_HA_IntHigh_2100","PD","HA","IntHigh","2100",17.335925109436
"03100206_69000000_MOBBLY_BAYOU",9113,222158,"MOBBLY BAYOU","03100206","69000000","BAYOU","tbcmp_PD_HA_IntHigh_2100","PD","HA","IntHigh","2100",219.585748928792
"03100206_70000000_MOCCASIN_CREEK",0,3,"MOCCASIN CREEK","03100206","70000000","STREAM","tbcmp_PD_HA_IntHigh_2100","PD","HA","IntHigh","2100",0.002965264572
"03100206_70000000_MOCCASIN_CREEK",1200,1397173,"MOCCASIN CREEK","03100206","70000000","STREAM","tbcmp_PD_HA_IntHigh_2100","PD","HA","IntHigh","2100",1380.99586595165
"03100206_70000000_MOCCASIN_CREEK",1800,14498,"MOCCASIN CREEK","03100206","70000000","STREAM","tbcmp_PD_HA_IntHigh_2100","PD","HA","IntHigh","2100",14.330135254952
"03100206_70000000_MOCCASIN_CREEK",1820,94825,"MOCCASIN CREEK","03100206","70000000","STREAM","tbcmp_PD_HA_IntHigh_2100","PD","HA","IntHigh","2100",93.7270710133
"03100206_70000000_MOCCASIN_CREEK",1900,41445,"MOCCASIN CREEK","03100206","70000000","STREAM","tbcmp_PD_HA_IntHigh_2100","PD","HA","IntHigh","2100",40.96513006218
"03100206_70000000_MOCCASIN_CREEK",3200,38967,"MOCCASIN CREEK","03100206","70000000","STREAM","tbcmp_PD_HA_IntHigh_2100","PD","HA","IntHigh","2100",38.515821525708
"03100206_70000000_MOCCASIN_CREEK",4100,268603,"MOCCASIN CREEK","03100206","70000000","STREAM","tbcmp_PD_HA_IntHigh_2100","PD","HA","IntHigh","2100",265.492986610972
"03100206_70000000_MOCCASIN_CREEK",5200,75096,"MOCCASIN CREEK","03100206","70000000","STREAM","tbcmp_PD_HA_IntHigh_2100","PD","HA","IntHigh","2100",74.226502766304
"03100206_70000000_MOCCASIN_CREEK",5400,68168,"MOCCASIN CREEK","03100206","70000000","STREAM","tbcmp_PD_HA_IntHigh_2100","PD","HA","IntHigh","2100",67.378718448032
"03100206_70000000_MOCCASIN_CREEK",6110,654157,"MOCCASIN CREEK","03100206","70000000","STREAM","tbcmp_PD_HA_IntHigh_2100","PD","HA","IntHigh","2100",646.582858875268
"03100206_70000000_MOCCASIN_CREEK",6120,53543,"MOCCASIN CREEK","03100206","70000000","STREAM","tbcmp_PD_HA_IntHigh_2100","PD","HA","IntHigh","2100",52.923053659532
"03100206_70000000_MOCCASIN_CREEK",6410,58650,"MOCCASIN CREEK","03100206","70000000","STREAM","tbcmp_PD_HA_IntHigh_2100","PD","HA","IntHigh","2100",57.9709223826
"03100206_70000000_MOCCASIN_CREEK",6420,15150,"MOCCASIN CREEK","03100206","70000000","STREAM","tbcmp_PD_HA_IntHigh_2100","PD","HA","IntHigh","2100",14.9745860886
"03100206_70000000_MOCCASIN_CREEK",6600,22379,"MOCCASIN CREEK","03100206","70000000","STREAM","tbcmp_PD_HA_IntHigh_2100","PD","HA","IntHigh","2100",22.119885285596
"03100206_70000000_MOCCASIN_CREEK",9113,41664,"MOCCASIN CREEK","03100206","70000000","STREAM","tbcmp_PD_HA_IntHigh_2100","PD","HA","IntHigh","2100",41.181594375936
"03100206_71000000_LAKE_TARPON",1100,763936,"LAKE TARPON","03100206","71000000","LAKE","tbcmp_PD_HA_IntHigh_2100","PD","HA","IntHigh","2100",755.090785358464
"03100206_71000000_LAKE_TARPON",1200,4288669,"LAKE TARPON","03100206","71000000","LAKE","tbcmp_PD_HA_IntHigh_2100","PD","HA","IntHigh","2100",4239.01274891155
"03100206_71000000_LAKE_TARPON",1800,273516,"LAKE TARPON","03100206","71000000","LAKE","tbcmp_PD_HA_IntHigh_2100","PD","HA","IntHigh","2100",270.349101558384
"03100206_71000000_LAKE_TARPON",1820,267878,"LAKE TARPON","03100206","71000000","LAKE","tbcmp_PD_HA_IntHigh_2100","PD","HA","IntHigh","2100",264.776381006072
"03100206_71000000_LAKE_TARPON",1900,88299,"LAKE TARPON","03100206","71000000","LAKE","tbcmp_PD_HA_IntHigh_2100","PD","HA","IntHigh","2100",87.276632147676
"03100206_71000000_LAKE_TARPON",2400,473,"LAKE TARPON","03100206","71000000","LAKE","tbcmp_PD_HA_IntHigh_2100","PD","HA","IntHigh","2100",0.467523380852
"03100206_71000000_LAKE_TARPON",4100,117852,"LAKE TARPON","03100206","71000000","LAKE","tbcmp_PD_HA_IntHigh_2100","PD","HA","IntHigh","2100",116.487453446448
"03100206_71000000_LAKE_TARPON",5200,198507,"LAKE TARPON","03100206","71000000","LAKE","tbcmp_PD_HA_IntHigh_2100","PD","HA","IntHigh","2100",196.208591464668
"03100206_71000000_LAKE_TARPON",5400,2652932,"LAKE TARPON","03100206","71000000","LAKE","tbcmp_PD_HA_IntHigh_2100","PD","HA","IntHigh","2100",2622.21509050837
"03100206_71000000_LAKE_TARPON",6110,747371,"LAKE TARPON","03100206","71000000","LAKE","tbcmp_PD_HA_IntHigh_2100","PD","HA","IntHigh","2100",738.717582813404
"03100206_71000000_LAKE_TARPON",6120,212075,"LAKE TARPON","03100206","71000000","LAKE","tbcmp_PD_HA_IntHigh_2100","PD","HA","IntHigh","2100",209.6194947023
"03100206_71000000_LAKE_TARPON",6410,85452,"LAKE TARPON","03100206","71000000","LAKE","tbcmp_PD_HA_IntHigh_2100","PD","HA","IntHigh","2100",84.462596068848
"03100206_71000000_LAKE_TARPON",6420,28733,"LAKE TARPON","03100206","71000000","LAKE","tbcmp_PD_HA_IntHigh_2100","PD","HA","IntHigh","2100",28.400315649092
"03100206_71000000_LAKE_TARPON",6425,7427,"LAKE TARPON","03100206","71000000","LAKE","tbcmp_PD_HA_IntHigh_2100","PD","HA","IntHigh","2100",7.341006658748
"03100206_71000000_LAKE_TARPON",6510,7119,"LAKE TARPON","03100206","71000000","LAKE","tbcmp_PD_HA_IntHigh_2100","PD","HA","IntHigh","2100",7.036572829356
"03100206_71000000_LAKE_TARPON",6600,62116,"LAKE TARPON","03100206","71000000","LAKE","tbcmp_PD_HA_IntHigh_2100","PD","HA","IntHigh","2100",61.396791384784
"03100206_71000000_LAKE_TARPON",9113,344948,"LAKE TARPON","03100206","71000000","LAKE","tbcmp_PD_HA_IntHigh_2100","PD","HA","IntHigh","2100",340.954027860752
"03100206_71505000_SUNSET_LAKE_OUTLET",1100,91986,"SUNSET LAKE OUTLET","03100206","71505000","OUTLET","tbcmp_PD_HA_IntHigh_2100","PD","HA","IntHigh","2100",90.920942306664
"03100206_71505000_SUNSET_LAKE_OUTLET",1200,13536,"SUNSET LAKE OUTLET","03100206","71505000","OUTLET","tbcmp_PD_HA_IntHigh_2100","PD","HA","IntHigh","2100",13.379273748864
"03100206_71505000_SUNSET_LAKE_OUTLET",1900,32558,"SUNSET LAKE OUTLET","03100206","71505000","OUTLET","tbcmp_PD_HA_IntHigh_2100","PD","HA","IntHigh","2100",32.181027978392
"03100206_71505000_SUNSET_LAKE_OUTLET",2100,16729,"SUNSET LAKE OUTLET","03100206","71505000","OUTLET","tbcmp_PD_HA_IntHigh_2100","PD","HA","IntHigh","2100",16.535303674996
"03100206_71505000_SUNSET_LAKE_OUTLET",2400,43113,"SUNSET LAKE OUTLET","03100206","71505000","OUTLET","tbcmp_PD_HA_IntHigh_2100","PD","HA","IntHigh","2100",42.613817164212
"03100206_71505000_SUNSET_LAKE_OUTLET",4400,12712,"SUNSET LAKE OUTLET","03100206","71505000","OUTLET","tbcmp_PD_HA_IntHigh_2100","PD","HA","IntHigh","2100",12.564814413088
"03100206_71505000_SUNSET_LAKE_OUTLET",5200,64516,"SUNSET LAKE OUTLET","03100206","71505000","OUTLET","tbcmp_PD_HA_IntHigh_2100","PD","HA","IntHigh","2100",63.769003042384
"03100206_71505000_SUNSET_LAKE_OUTLET",6110,23985,"SUNSET LAKE OUTLET","03100206","71505000","OUTLET","tbcmp_PD_HA_IntHigh_2100","PD","HA","IntHigh","2100",23.70729025314
"03100206_71505000_SUNSET_LAKE_OUTLET",6410,10287,"SUNSET LAKE OUTLET","03100206","71505000","OUTLET","tbcmp_PD_HA_IntHigh_2100","PD","HA","IntHigh","2100",10.167892217388
"03100206_71508500_UNNAMED_DITCH",1100,1038001,"UNNAMED DITCH","03100206","71508500","DITCH","tbcmp_PD_HA_IntHigh_2100","PD","HA","IntHigh","2100",1025.98253033352
"03100206_71508500_UNNAMED_DITCH",1200,729184,"UNNAMED DITCH","03100206","71508500","DITCH","tbcmp_PD_HA_IntHigh_2100","PD","HA","IntHigh","2100",720.741160556416
"03100206_71508500_UNNAMED_DITCH",1800,47088,"UNNAMED DITCH","03100206","71508500","DITCH","tbcmp_PD_HA_IntHigh_2100","PD","HA","IntHigh","2100",46.542792722112
"03100206_71508500_UNNAMED_DITCH",1820,313207,"UNNAMED DITCH","03100206","71508500","DITCH","tbcmp_PD_HA_IntHigh_2100","PD","HA","IntHigh","2100",309.580540267468
"03100206_71508500_UNNAMED_DITCH",1900,190218,"UNNAMED DITCH","03100206","71508500","DITCH","tbcmp_PD_HA_IntHigh_2100","PD","HA","IntHigh","2100",188.015565452232
"03100206_71508500_UNNAMED_DITCH",2100,950612,"UNNAMED DITCH","03100206","71508500","DITCH","tbcmp_PD_HA_IntHigh_2100","PD","HA","IntHigh","2100",939.605361772688
"03100206_71508500_UNNAMED_DITCH",2200,92422,"UNNAMED DITCH","03100206","71508500","DITCH","tbcmp_PD_HA_IntHigh_2100","PD","HA","IntHigh","2100",91.351894091128
"03100206_71508500_UNNAMED_DITCH",2400,16203,"UNNAMED DITCH","03100206","71508500","DITCH","tbcmp_PD_HA_IntHigh_2100","PD","HA","IntHigh","2100",16.015393953372
"03100206_71508500_UNNAMED_DITCH",3200,4560,"UNNAMED DITCH","03100206","71508500","DITCH","tbcmp_PD_HA_IntHigh_2100","PD","HA","IntHigh","2100",4.50720214944
"03100206_71508500_UNNAMED_DITCH",4100,430058,"UNNAMED DITCH","03100206","71508500","DITCH","tbcmp_PD_HA_IntHigh_2100","PD","HA","IntHigh","2100",425.078583768392
"03100206_71508500_UNNAMED_DITCH",4400,2094,"UNNAMED DITCH","03100206","71508500","DITCH","tbcmp_PD_HA_IntHigh_2100","PD","HA","IntHigh","2100",2.069754671256
"03100206_71508500_UNNAMED_DITCH",5200,583123,"UNNAMED DITCH","03100206","71508500","DITCH","tbcmp_PD_HA_IntHigh_2100","PD","HA","IntHigh","2100",576.371324339452
"03100206_71508500_UNNAMED_DITCH",6110,930920,"UNNAMED DITCH","03100206","71508500","DITCH","tbcmp_PD_HA_IntHigh_2100","PD","HA","IntHigh","2100",920.14136512208
"03100206_71508500_UNNAMED_DITCH",6410,294608,"UNNAMED DITCH","03100206","71508500","DITCH","tbcmp_PD_HA_IntHigh_2100","PD","HA","IntHigh","2100",291.196888342592
"03100206_71509900_BROOKER_CREEK",1100,3053166,"BROOKER CREEK","03100206","71509900","STREAM","tbcmp_PD_HA_IntHigh_2100","PD","HA","IntHigh","2100",3017.81499074498
"03100206_71509900_BROOKER_CREEK",1200,3638903,"BROOKER CREEK","03100206","71509900","STREAM","tbcmp_PD_HA_IntHigh_2100","PD","HA","IntHigh","2100",3596.77004894817
"03100206_71509900_BROOKER_CREEK",1800,94256,"BROOKER CREEK","03100206","71509900","STREAM","tbcmp_PD_HA_IntHigh_2100","PD","HA","IntHigh","2100",93.164659166144
"03100206_71509900_BROOKER_CREEK",1820,427843,"BROOKER CREEK","03100206","71509900","STREAM","tbcmp_PD_HA_IntHigh_2100","PD","HA","IntHigh","2100",422.889230092732
"03100206_71509900_BROOKER_CREEK",1900,642401,"BROOKER CREEK","03100206","71509900","STREAM","tbcmp_PD_HA_IntHigh_2100","PD","HA","IntHigh","2100",634.962975439124
"03100206_71509900_BROOKER_CREEK",2100,1355644,"BROOKER CREEK","03100206","71509900","STREAM","tbcmp_PD_HA_IntHigh_2100","PD","HA","IntHigh","2100",1339.94770848146
"03100206_71509900_BROOKER_CREEK",2200,7974,"BROOKER CREEK","03100206","71509900","STREAM","tbcmp_PD_HA_IntHigh_2100","PD","HA","IntHigh","2100",7.881673232376
"03100206_71509900_BROOKER_CREEK",2400,106091,"BROOKER CREEK","03100206","71509900","STREAM","tbcmp_PD_HA_IntHigh_2100","PD","HA","IntHigh","2100",104.862627902684
"03100206_71509900_BROOKER_CREEK",3200,226490,"BROOKER CREEK","03100206","71509900","STREAM","tbcmp_PD_HA_IntHigh_2100","PD","HA","IntHigh","2100",223.86759097076
"03100206_71509900_BROOKER_CREEK",4100,2888699,"BROOKER CREEK","03100206","71509900","STREAM","tbcmp_PD_HA_IntHigh_2100","PD","HA","IntHigh","2100",2855.25226795728
"03100206_71509900_BROOKER_CREEK",4400,120421,"BROOKER CREEK","03100206","71509900","STREAM","tbcmp_PD_HA_IntHigh_2100","PD","HA","IntHigh","2100",119.026708341604
"03100206_71509900_BROOKER_CREEK",5200,1444970,"BROOKER CREEK","03100206","71509900","STREAM","tbcmp_PD_HA_IntHigh_2100","PD","HA","IntHigh","2100",1428.23944953428
"03100206_71509900_BROOKER_CREEK",5400,60071,"BROOKER CREEK","03100206","71509900","STREAM","tbcmp_PD_HA_IntHigh_2100","PD","HA","IntHigh","2100",59.375469368204
"03100206_71509900_BROOKER_CREEK",6110,4631651,"BROOKER CREEK","03100206","71509900","STREAM","tbcmp_PD_HA_IntHigh_2100","PD","HA","IntHigh","2100",4578.02354005612
"03100206_71509900_BROOKER_CREEK",6120,117581,"BROOKER CREEK","03100206","71509900","STREAM","tbcmp_PD_HA_IntHigh_2100","PD","HA","IntHigh","2100",116.219591213444
"03100206_71509900_BROOKER_CREEK",6410,583598,"BROOKER CREEK","03100206","71509900","STREAM","tbcmp_PD_HA_IntHigh_2100","PD","HA","IntHigh","2100",576.840824563352
"03100206_71509900_BROOKER_CREEK",6420,18440,"BROOKER CREEK","03100206","71509900","STREAM","tbcmp_PD_HA_IntHigh_2100","PD","HA","IntHigh","2100",18.22649290256
"03100206_71509900_BROOKER_CREEK",6600,49116,"BROOKER CREEK","03100206","71509900","STREAM","tbcmp_PD_HA_IntHigh_2100","PD","HA","IntHigh","2100",48.547311572784
"03100206_71509900_BROOKER_CREEK",9113,55324,"BROOKER CREEK","03100206","71509900","STREAM","tbcmp_PD_HA_IntHigh_2100","PD","HA","IntHigh","2100",54.683432393776
"03100206_71700000_COW_BRANCH",1100,899,"COW BRANCH","03100206","71700000","STREAM","tbcmp_PD_HA_IntHigh_2100","PD","HA","IntHigh","2100",0.888590950076
"03100206_71700000_COW_BRANCH",1200,1382442,"COW BRANCH","03100206","71700000","STREAM","tbcmp_PD_HA_IntHigh_2100","PD","HA","IntHigh","2100",1366.43542848161
"03100206_71700000_COW_BRANCH",1800,1395,"COW BRANCH","03100206","71700000","STREAM","tbcmp_PD_HA_IntHigh_2100","PD","HA","IntHigh","2100",1.37884802598
"03100206_71700000_COW_BRANCH",1820,31252,"COW BRANCH","03100206","71700000","STREAM","tbcmp_PD_HA_IntHigh_2100","PD","HA","IntHigh","2100",30.890149468048
"03100206_71700000_COW_BRANCH",1900,6934,"COW BRANCH","03100206","71700000","STREAM","tbcmp_PD_HA_IntHigh_2100","PD","HA","IntHigh","2100",6.853714847416
"03100206_71700000_COW_BRANCH",4100,6060,"COW BRANCH","03100206","71700000","STREAM","tbcmp_PD_HA_IntHigh_2100","PD","HA","IntHigh","2100",5.98983443544
"03100206_71700000_COW_BRANCH",5200,103028,"COW BRANCH","03100206","71700000","STREAM","tbcmp_PD_HA_IntHigh_2100","PD","HA","IntHigh","2100",101.835092774672
"03100206_71700000_COW_BRANCH",5400,46,"COW BRANCH","03100206","71700000","STREAM","tbcmp_PD_HA_IntHigh_2100","PD","HA","IntHigh","2100",0.045467390104
"03100206_71700000_COW_BRANCH",6110,72463,"COW BRANCH","03100206","71700000","STREAM","tbcmp_PD_HA_IntHigh_2100","PD","HA","IntHigh","2100",71.623988893612
"03100206_71700000_COW_BRANCH",6120,5398,"COW BRANCH","03100206","71700000","STREAM","tbcmp_PD_HA_IntHigh_2100","PD","HA","IntHigh","2100",5.335499386552
"03100206_71700000_COW_BRANCH",6410,31672,"COW BRANCH","03100206","71700000","STREAM","tbcmp_PD_HA_IntHigh_2100","PD","HA","IntHigh","2100",31.305286508128
"03100206_71700000_COW_BRANCH",6420,638,"COW BRANCH","03100206","71700000","STREAM","tbcmp_PD_HA_IntHigh_2100","PD","HA","IntHigh","2100",0.630612932312
"03100206_71700000_COW_BRANCH",6425,84,"COW BRANCH","03100206","71700000","STREAM","tbcmp_PD_HA_IntHigh_2100","PD","HA","IntHigh","2100",0.083027408016
"03100206_71700000_COW_BRANCH",6510,197,"COW BRANCH","03100206","71700000","STREAM","tbcmp_PD_HA_IntHigh_2100","PD","HA","IntHigh","2100",0.194719040228
"03100206_71700000_COW_BRANCH",6600,1603,"COW BRANCH","03100206","71700000","STREAM","tbcmp_PD_HA_IntHigh_2100","PD","HA","IntHigh","2100",1.584439702972
"03100206_71700000_COW_BRANCH",9113,11612,"COW BRANCH","03100206","71700000","STREAM","tbcmp_PD_HA_IntHigh_2100","PD","HA","IntHigh","2100",11.477550736688
"03100206_71990000_LAKE_TARPON_CANAL",1200,1162099,"LAKE TARPON CANAL","03100206","71990000","CANAL","tbcmp_PD_HA_IntHigh_2100","PD","HA","IntHigh","2100",1148.64366461888
"03100206_71990000_LAKE_TARPON_CANAL",1800,84074,"LAKE TARPON CANAL","03100206","71990000","CANAL","tbcmp_PD_HA_IntHigh_2100","PD","HA","IntHigh","2100",83.100551208776
"03100206_71990000_LAKE_TARPON_CANAL",1820,209588,"LAKE TARPON CANAL","03100206","71990000","CANAL","tbcmp_PD_HA_IntHigh_2100","PD","HA","IntHigh","2100",207.161290372112
"03100206_71990000_LAKE_TARPON_CANAL",1900,44776,"LAKE TARPON CANAL","03100206","71990000","CANAL","tbcmp_PD_HA_IntHigh_2100","PD","HA","IntHigh","2100",44.257562158624
"03100206_71990000_LAKE_TARPON_CANAL",4100,96437,"LAKE TARPON CANAL","03100206","71990000","CANAL","tbcmp_PD_HA_IntHigh_2100","PD","HA","IntHigh","2100",95.320406509988
"03100206_71990000_LAKE_TARPON_CANAL",5200,44323,"LAKE TARPON CANAL","03100206","71990000","CANAL","tbcmp_PD_HA_IntHigh_2100","PD","HA","IntHigh","2100",43.809807208252
"03100206_71990000_LAKE_TARPON_CANAL",5400,51684,"LAKE TARPON CANAL","03100206","71990000","CANAL","tbcmp_PD_HA_IntHigh_2100","PD","HA","IntHigh","2100",51.085578046416
"03100206_71990000_LAKE_TARPON_CANAL",6110,21872,"LAKE TARPON CANAL","03100206","71990000","CANAL","tbcmp_PD_HA_IntHigh_2100","PD","HA","IntHigh","2100",21.618755572928
"03100206_71990000_LAKE_TARPON_CANAL",6120,67,"LAKE TARPON CANAL","03100206","71990000","CANAL","tbcmp_PD_HA_IntHigh_2100","PD","HA","IntHigh","2100",0.066224242108
"03100206_71990000_LAKE_TARPON_CANAL",6410,19800,"LAKE TARPON CANAL","03100206","71990000","CANAL","tbcmp_PD_HA_IntHigh_2100","PD","HA","IntHigh","2100",19.5707461752
"03100206_71990000_LAKE_TARPON_CANAL",6420,6419,"LAKE TARPON CANAL","03100206","71990000","CANAL","tbcmp_PD_HA_IntHigh_2100","PD","HA","IntHigh","2100",6.344677762556
"03100206_71990000_LAKE_TARPON_CANAL",6425,20669,"LAKE TARPON CANAL","03100206","71990000","CANAL","tbcmp_PD_HA_IntHigh_2100","PD","HA","IntHigh","2100",20.429684479556
"03100206_71990000_LAKE_TARPON_CANAL",6510,4083,"LAKE TARPON CANAL","03100206","71990000","CANAL","tbcmp_PD_HA_IntHigh_2100","PD","HA","IntHigh","2100",4.035725082492
"03100206_71990000_LAKE_TARPON_CANAL",6600,6263,"LAKE TARPON CANAL","03100206","71990000","CANAL","tbcmp_PD_HA_IntHigh_2100","PD","HA","IntHigh","2100",6.190484004812
"03100206_71990000_LAKE_TARPON_CANAL",9113,31362,"LAKE TARPON CANAL","03100206","71990000","CANAL","tbcmp_PD_HA_IntHigh_2100","PD","HA","IntHigh","2100",30.998875835688
"03100206_72000000_BISHOP_CREEK",1100,96447,"BISHOP CREEK","03100206","72000000","STREAM","tbcmp_PD_HA_IntHigh_2100","PD","HA","IntHigh","2100",95.330290725228
"03100206_72000000_BISHOP_CREEK",1200,767929,"BISHOP CREEK","03100206","72000000","STREAM","tbcmp_PD_HA_IntHigh_2100","PD","HA","IntHigh","2100",759.037552503796
"03100206_72000000_BISHOP_CREEK",1800,8645,"BISHOP CREEK","03100206","72000000","STREAM","tbcmp_PD_HA_IntHigh_2100","PD","HA","IntHigh","2100",8.54490407498
"03100206_72000000_BISHOP_CREEK",1900,3617,"BISHOP CREEK","03100206","72000000","STREAM","tbcmp_PD_HA_IntHigh_2100","PD","HA","IntHigh","2100",3.575120652308
"03100206_72000000_BISHOP_CREEK",2400,1300,"BISHOP CREEK","03100206","72000000","STREAM","tbcmp_PD_HA_IntHigh_2100","PD","HA","IntHigh","2100",1.2849479812
"03100206_72000000_BISHOP_CREEK",4100,10949,"BISHOP CREEK","03100206","72000000","STREAM","tbcmp_PD_HA_IntHigh_2100","PD","HA","IntHigh","2100",10.822227266276
"03100206_72000000_BISHOP_CREEK",5200,11071,"BISHOP CREEK","03100206","72000000","STREAM","tbcmp_PD_HA_IntHigh_2100","PD","HA","IntHigh","2100",10.942814692204
"03100206_72000000_BISHOP_CREEK",5400,195,"BISHOP CREEK","03100206","72000000","STREAM","tbcmp_PD_HA_IntHigh_2100","PD","HA","IntHigh","2100",0.19274219718
"03100206_72000000_BISHOP_CREEK",6110,7589,"BISHOP CREEK","03100206","72000000","STREAM","tbcmp_PD_HA_IntHigh_2100","PD","HA","IntHigh","2100",7.501130945636
"03100206_72000000_BISHOP_CREEK",6120,12270,"BISHOP CREEK","03100206","72000000","STREAM","tbcmp_PD_HA_IntHigh_2100","PD","HA","IntHigh","2100",12.12793209948
"03100206_72000000_BISHOP_CREEK",6410,4550,"BISHOP CREEK","03100206","72000000","STREAM","tbcmp_PD_HA_IntHigh_2100","PD","HA","IntHigh","2100",4.4973179342
"03100206_72000000_BISHOP_CREEK",6420,722,"BISHOP CREEK","03100206","72000000","STREAM","tbcmp_PD_HA_IntHigh_2100","PD","HA","IntHigh","2100",0.713640340328
"03100206_72000000_BISHOP_CREEK",6600,705,"BISHOP CREEK","03100206","72000000","STREAM","tbcmp_PD_HA_IntHigh_2100","PD","HA","IntHigh","2100",0.69683717442
"03100206_72000000_BISHOP_CREEK",9113,8724,"BISHOP CREEK","03100206","72000000","STREAM","tbcmp_PD_HA_IntHigh_2100","PD","HA","IntHigh","2100",8.622989375376
"03100206_73000000_MULLET_CREEK",1100,144610,"MULLET CREEK","03100206","73000000","STREAM","tbcmp_PD_HA_IntHigh_2100","PD","HA","IntHigh","2100",142.93563658564
"03100206_73000000_MULLET_CREEK",1200,1483068,"MULLET CREEK","03100206","73000000","STREAM","tbcmp_PD_HA_IntHigh_2100","PD","HA","IntHigh","2100",1465.89633275563
"03100206_73000000_MULLET_CREEK",1800,89328,"MULLET CREEK","03100206","73000000","STREAM","tbcmp_PD_HA_IntHigh_2100","PD","HA","IntHigh","2100",88.293717895872
"03100206_73000000_MULLET_CREEK",1900,15637,"MULLET CREEK","03100206","73000000","STREAM","tbcmp_PD_HA_IntHigh_2100","PD","HA","IntHigh","2100",15.455947370788
"03100206_73000000_MULLET_CREEK",2400,2858,"MULLET CREEK","03100206","73000000","STREAM","tbcmp_PD_HA_IntHigh_2100","PD","HA","IntHigh","2100",2.824908715592
"03100206_73000000_MULLET_CREEK",4100,17152,"MULLET CREEK","03100206","73000000","STREAM","tbcmp_PD_HA_IntHigh_2100","PD","HA","IntHigh","2100",16.953405979648
"03100206_73000000_MULLET_CREEK",5200,43553,"MULLET CREEK","03100206","73000000","STREAM","tbcmp_PD_HA_IntHigh_2100","PD","HA","IntHigh","2100",43.048722634772
"03100206_73000000_MULLET_CREEK",5400,1705,"MULLET CREEK","03100206","73000000","STREAM","tbcmp_PD_HA_IntHigh_2100","PD","HA","IntHigh","2100",1.68525869842
"03100206_73000000_MULLET_CREEK",6110,93365,"MULLET CREEK","03100206","73000000","STREAM","tbcmp_PD_HA_IntHigh_2100","PD","HA","IntHigh","2100",92.28397558826
"03100206_73000000_MULLET_CREEK",6120,1897,"MULLET CREEK","03100206","73000000","STREAM","tbcmp_PD_HA_IntHigh_2100","PD","HA","IntHigh","2100",1.875035631028
"03100206_73000000_MULLET_CREEK",6410,21100,"MULLET CREEK","03100206","73000000","STREAM","tbcmp_PD_HA_IntHigh_2100","PD","HA","IntHigh","2100",20.8556941564
"03100206_73000000_MULLET_CREEK",6420,9,"MULLET CREEK","03100206","73000000","STREAM","tbcmp_PD_HA_IntHigh_2100","PD","HA","IntHigh","2100",0.008895793716
"03100206_73000000_MULLET_CREEK",6600,1505,"MULLET CREEK","03100206","73000000","STREAM","tbcmp_PD_HA_IntHigh_2100","PD","HA","IntHigh","2100",1.48757439362
"03100206_73000000_MULLET_CREEK",9113,404,"MULLET CREEK","03100206","73000000","STREAM","tbcmp_PD_HA_IntHigh_2100","PD","HA","IntHigh","2100",0.399322295696
"03100206_74990000_ALLIGATOR_CREEK",1100,297108,"ALLIGATOR CREEK","03100206","74990000","STREAM","tbcmp_PD_HA_IntHigh_2100","PD","HA","IntHigh","2100",293.667942152592
"03100206_74990000_ALLIGATOR_CREEK",1200,4296235,"ALLIGATOR CREEK","03100206","74990000","STREAM","tbcmp_PD_HA_IntHigh_2100","PD","HA","IntHigh","2100",4246.49114616214
"03100206_74990000_ALLIGATOR_CREEK",1800,306297,"ALLIGATOR CREEK","03100206","74990000","STREAM","tbcmp_PD_HA_IntHigh_2100","PD","HA","IntHigh","2100",302.750547536628
"03100206_74990000_ALLIGATOR_CREEK",1820,24653,"ALLIGATOR CREEK","03100206","74990000","STREAM","tbcmp_PD_HA_IntHigh_2100","PD","HA","IntHigh","2100",24.367555831172
"03100206_74990000_ALLIGATOR_CREEK",1900,80016,"ALLIGATOR CREEK","03100206","74990000","STREAM","tbcmp_PD_HA_IntHigh_2100","PD","HA","IntHigh","2100",79.089536664384
"03100206_74990000_ALLIGATOR_CREEK",2400,5055,"ALLIGATOR CREEK","03100206","74990000","STREAM","tbcmp_PD_HA_IntHigh_2100","PD","HA","IntHigh","2100",4.99647080382
"03100206_74990000_ALLIGATOR_CREEK",4100,102959,"ALLIGATOR CREEK","03100206","74990000","STREAM","tbcmp_PD_HA_IntHigh_2100","PD","HA","IntHigh","2100",101.766891689516
"03100206_74990000_ALLIGATOR_CREEK",5200,209543,"ALLIGATOR CREEK","03100206","74990000","STREAM","tbcmp_PD_HA_IntHigh_2100","PD","HA","IntHigh","2100",207.116811403532
"03100206_74990000_ALLIGATOR_CREEK",5400,78275,"ALLIGATOR CREEK","03100206","74990000","STREAM","tbcmp_PD_HA_IntHigh_2100","PD","HA","IntHigh","2100",77.3686947911
"03100206_74990000_ALLIGATOR_CREEK",6110,177188,"ALLIGATOR CREEK","03100206","74990000","STREAM","tbcmp_PD_HA_IntHigh_2100","PD","HA","IntHigh","2100",175.136432994512
"03100206_74990000_ALLIGATOR_CREEK",6120,2745,"ALLIGATOR CREEK","03100206","74990000","STREAM","tbcmp_PD_HA_IntHigh_2100","PD","HA","IntHigh","2100",2.71321708338
"03100206_74990000_ALLIGATOR_CREEK",6410,152681,"ALLIGATOR CREEK","03100206","74990000","STREAM","tbcmp_PD_HA_IntHigh_2100","PD","HA","IntHigh","2100",150.913186705844
"03100206_74990000_ALLIGATOR_CREEK",6420,15453,"ALLIGATOR CREEK","03100206","74990000","STREAM","tbcmp_PD_HA_IntHigh_2100","PD","HA","IntHigh","2100",15.274077810372
"03100206_74990000_ALLIGATOR_CREEK",6600,6371,"ALLIGATOR CREEK","03100206","74990000","STREAM","tbcmp_PD_HA_IntHigh_2100","PD","HA","IntHigh","2100",6.297233529404
"03100206_74990000_ALLIGATOR_CREEK",9113,785,"ALLIGATOR CREEK","03100206","74990000","STREAM","tbcmp_PD_HA_IntHigh_2100","PD","HA","IntHigh","2100",0.77591089634
"03100206_78000000_ALLEN_CREEK",0,8,"ALLEN CREEK","03100206","78000000","STREAM","tbcmp_PD_HA_IntHigh_2100","PD","HA","IntHigh","2100",0.007907372192
"03100206_78000000_ALLEN_CREEK",1100,255049,"ALLEN CREEK","03100206","78000000","STREAM","tbcmp_PD_HA_IntHigh_2100","PD","HA","IntHigh","2100",252.095921274676
"03100206_78000000_ALLEN_CREEK",1200,4454898,"ALLEN CREEK","03100206","78000000","STREAM","tbcmp_PD_HA_IntHigh_2100","PD","HA","IntHigh","2100",4403.31707042455
"03100206_78000000_ALLEN_CREEK",1800,192076,"ALLEN CREEK","03100206","78000000","STREAM","tbcmp_PD_HA_IntHigh_2100","PD","HA","IntHigh","2100",189.852052643824
"03100206_78000000_ALLEN_CREEK",1820,54838,"ALLEN CREEK","03100206","78000000","STREAM","tbcmp_PD_HA_IntHigh_2100","PD","HA","IntHigh","2100",54.203059533112
"03100206_78000000_ALLEN_CREEK",1900,29367,"ALLEN CREEK","03100206","78000000","STREAM","tbcmp_PD_HA_IntHigh_2100","PD","HA","IntHigh","2100",29.026974895308
"03100206_78000000_ALLEN_CREEK",3200,321,"ALLEN CREEK","03100206","78000000","STREAM","tbcmp_PD_HA_IntHigh_2100","PD","HA","IntHigh","2100",0.317283309204
"03100206_78000000_ALLEN_CREEK",4100,30604,"ALLEN CREEK","03100206","78000000","STREAM","tbcmp_PD_HA_IntHigh_2100","PD","HA","IntHigh","2100",30.249652320496
"03100206_78000000_ALLEN_CREEK",5200,132083,"ALLEN CREEK","03100206","78000000","STREAM","tbcmp_PD_HA_IntHigh_2100","PD","HA","IntHigh","2100",130.553680154492
"03100206_78000000_ALLEN_CREEK",5400,152116,"ALLEN CREEK","03100206","78000000","STREAM","tbcmp_PD_HA_IntHigh_2100","PD","HA","IntHigh","2100",150.354728544784
"03100206_78000000_ALLEN_CREEK",6110,10494,"ALLEN CREEK","03100206","78000000","STREAM","tbcmp_PD_HA_IntHigh_2100","PD","HA","IntHigh","2100",10.372495472856
"03100206_78000000_ALLEN_CREEK",6120,21792,"ALLEN CREEK","03100206","78000000","STREAM","tbcmp_PD_HA_IntHigh_2100","PD","HA","IntHigh","2100",21.539681851008
"03100206_78000000_ALLEN_CREEK",6410,19822,"ALLEN CREEK","03100206","78000000","STREAM","tbcmp_PD_HA_IntHigh_2100","PD","HA","IntHigh","2100",19.592491448728
"03100206_78000000_ALLEN_CREEK",6420,6709,"ALLEN CREEK","03100206","78000000","STREAM","tbcmp_PD_HA_IntHigh_2100","PD","HA","IntHigh","2100",6.631320004516
"03100206_78000000_ALLEN_CREEK",6600,2606,"ALLEN CREEK","03100206","78000000","STREAM","tbcmp_PD_HA_IntHigh_2100","PD","HA","IntHigh","2100",2.575826491544
"03100206_78000000_ALLEN_CREEK",9113,76801,"ALLEN CREEK","03100206","78000000","STREAM","tbcmp_PD_HA_IntHigh_2100","PD","HA","IntHigh","2100",75.911761464724
"03100206_79000000_LONG_BRANCH",1100,49087,"LONG BRANCH","03100206","79000000","STREAM","tbcmp_PD_HA_IntHigh_2100","PD","HA","IntHigh","2100",48.518647348588
"03100206_79000000_LONG_BRANCH",1200,1380867,"LONG BRANCH","03100206","79000000","STREAM","tbcmp_PD_HA_IntHigh_2100","PD","HA","IntHigh","2100",1364.87866458131
"03100206_79000000_LONG_BRANCH",1800,5183,"LONG BRANCH","03100206","79000000","STREAM","tbcmp_PD_HA_IntHigh_2100","PD","HA","IntHigh","2100",5.122988758892
"03100206_79000000_LONG_BRANCH",1820,161,"LONG BRANCH","03100206","79000000","STREAM","tbcmp_PD_HA_IntHigh_2100","PD","HA","IntHigh","2100",0.159135865364
"03100206_79000000_LONG_BRANCH",1900,13602,"LONG BRANCH","03100206","79000000","STREAM","tbcmp_PD_HA_IntHigh_2100","PD","HA","IntHigh","2100",13.444509569448
"03100206_79000000_LONG_BRANCH",2400,83,"LONG BRANCH","03100206","79000000","STREAM","tbcmp_PD_HA_IntHigh_2100","PD","HA","IntHigh","2100",0.082038986492
"03100206_79000000_LONG_BRANCH",4100,7334,"LONG BRANCH","03100206","79000000","STREAM","tbcmp_PD_HA_IntHigh_2100","PD","HA","IntHigh","2100",7.249083457016
"03100206_79000000_LONG_BRANCH",5200,32564,"LONG BRANCH","03100206","79000000","STREAM","tbcmp_PD_HA_IntHigh_2100","PD","HA","IntHigh","2100",32.186958507536
"03100206_79000000_LONG_BRANCH",5400,8492,"LONG BRANCH","03100206","79000000","STREAM","tbcmp_PD_HA_IntHigh_2100","PD","HA","IntHigh","2100",8.393675581808
"03100206_79000000_LONG_BRANCH",6110,10978,"LONG BRANCH","03100206","79000000","STREAM","tbcmp_PD_HA_IntHigh_2100","PD","HA","IntHigh","2100",10.850891490472
"03100206_79000000_LONG_BRANCH",6120,7118,"LONG BRANCH","03100206","79000000","STREAM","tbcmp_PD_HA_IntHigh_2100","PD","HA","IntHigh","2100",7.035584407832
"03100206_79000000_LONG_BRANCH",6410,1945,"LONG BRANCH","03100206","79000000","STREAM","tbcmp_PD_HA_IntHigh_2100","PD","HA","IntHigh","2100",1.92247986418
"03100206_79000000_LONG_BRANCH",6420,508,"LONG BRANCH","03100206","79000000","STREAM","tbcmp_PD_HA_IntHigh_2100","PD","HA","IntHigh","2100",0.502118134192
"03100206_79000000_LONG_BRANCH",6600,1353,"LONG BRANCH","03100206","79000000","STREAM","tbcmp_PD_HA_IntHigh_2100","PD","HA","IntHigh","2100",1.337334321972
"03100206_79000000_LONG_BRANCH",9113,12580,"LONG BRANCH","03100206","79000000","STREAM","tbcmp_PD_HA_IntHigh_2100","PD","HA","IntHigh","2100",12.43434277192
"03100206_80000000_CROSS_CANAL_(NORTH)",1100,27398,"CROSS CANAL (NORTH)","03100206","80000000","CANAL","tbcmp_PD_HA_IntHigh_2100","PD","HA","IntHigh","2100",27.080772914552
"03100206_80000000_CROSS_CANAL_(NORTH)",1200,3827707,"CROSS CANAL (NORTH)","03100206","80000000","CANAL","tbcmp_PD_HA_IntHigh_2100","PD","HA","IntHigh","2100",3783.38798636547
"03100206_80000000_CROSS_CANAL_(NORTH)",1800,26889,"CROSS CANAL (NORTH)","03100206","80000000","CANAL","tbcmp_PD_HA_IntHigh_2100","PD","HA","IntHigh","2100",26.577666358836
"03100206_80000000_CROSS_CANAL_(NORTH)",1900,88024,"CROSS CANAL (NORTH)","03100206","80000000","CANAL","tbcmp_PD_HA_IntHigh_2100","PD","HA","IntHigh","2100",87.004816228576
"03100206_80000000_CROSS_CANAL_(NORTH)",2400,3179,"CROSS CANAL (NORTH)","03100206","80000000","CANAL","tbcmp_PD_HA_IntHigh_2100","PD","HA","IntHigh","2100",3.142192024796
"03100206_80000000_CROSS_CANAL_(NORTH)",4100,28905,"CROSS CANAL (NORTH)","03100206","80000000","CANAL","tbcmp_PD_HA_IntHigh_2100","PD","HA","IntHigh","2100",28.57032415122
"03100206_80000000_CROSS_CANAL_(NORTH)",5200,90364,"CROSS CANAL (NORTH)","03100206","80000000","CANAL","tbcmp_PD_HA_IntHigh_2100","PD","HA","IntHigh","2100",89.317722594736
"03100206_80000000_CROSS_CANAL_(NORTH)",5400,151259,"CROSS CANAL (NORTH)","03100206","80000000","CANAL","tbcmp_PD_HA_IntHigh_2100","PD","HA","IntHigh","2100",149.507651298716
"03100206_80000000_CROSS_CANAL_(NORTH)",6110,11015,"CROSS CANAL (NORTH)","03100206","80000000","CANAL","tbcmp_PD_HA_IntHigh_2100","PD","HA","IntHigh","2100",10.88746308686
"03100206_80000000_CROSS_CANAL_(NORTH)",6120,58281,"CROSS CANAL (NORTH)","03100206","80000000","CANAL","tbcmp_PD_HA_IntHigh_2100","PD","HA","IntHigh","2100",57.606194840244
"03100206_80000000_CROSS_CANAL_(NORTH)",6410,76200,"CROSS CANAL (NORTH)","03100206","80000000","CANAL","tbcmp_PD_HA_IntHigh_2100","PD","HA","IntHigh","2100",75.3177201288
"03100206_80000000_CROSS_CANAL_(NORTH)",6420,7732,"CROSS CANAL (NORTH)","03100206","80000000","CANAL","tbcmp_PD_HA_IntHigh_2100","PD","HA","IntHigh","2100",7.642475223568
"03100206_80000000_CROSS_CANAL_(NORTH)",6600,20963,"CROSS CANAL (NORTH)","03100206","80000000","CANAL","tbcmp_PD_HA_IntHigh_2100","PD","HA","IntHigh","2100",20.720280407612
"03100206_80000000_CROSS_CANAL_(NORTH)",9113,98295,"CROSS CANAL (NORTH)","03100206","80000000","CANAL","tbcmp_PD_HA_IntHigh_2100","PD","HA","IntHigh","2100",97.15689370158
"03100206_83000000_MASTERS_BAYOU",1100,1659,"MASTERS BAYOU","03100206","83000000","BAYOU","tbcmp_PD_HA_IntHigh_2100","PD","HA","IntHigh","2100",1.639791308316
"03100206_83000000_MASTERS_BAYOU",1200,162474,"MASTERS BAYOU","03100206","83000000","BAYOU","tbcmp_PD_HA_IntHigh_2100","PD","HA","IntHigh","2100",160.592798690376
"03100206_83000000_MASTERS_BAYOU",1800,48708,"MASTERS BAYOU","03100206","83000000","BAYOU","tbcmp_PD_HA_IntHigh_2100","PD","HA","IntHigh","2100",48.144035590992
"03100206_83000000_MASTERS_BAYOU",1900,332,"MASTERS BAYOU","03100206","83000000","BAYOU","tbcmp_PD_HA_IntHigh_2100","PD","HA","IntHigh","2100",0.328155945968
"03100206_83000000_MASTERS_BAYOU",3200,10272,"MASTERS BAYOU","03100206","83000000","BAYOU","tbcmp_PD_HA_IntHigh_2100","PD","HA","IntHigh","2100",10.153065894528
"03100206_83000000_MASTERS_BAYOU",5200,69,"MASTERS BAYOU","03100206","83000000","BAYOU","tbcmp_PD_HA_IntHigh_2100","PD","HA","IntHigh","2100",0.068201085156
"03100206_83000000_MASTERS_BAYOU",5400,129654,"MASTERS BAYOU","03100206","83000000","BAYOU","tbcmp_PD_HA_IntHigh_2100","PD","HA","IntHigh","2100",128.152804272696
"03100206_83000000_MASTERS_BAYOU",6110,7764,"MASTERS BAYOU","03100206","83000000","BAYOU","tbcmp_PD_HA_IntHigh_2100","PD","HA","IntHigh","2100",7.674104712336
"03100206_83000000_MASTERS_BAYOU",6120,80447,"MASTERS BAYOU","03100206","83000000","BAYOU","tbcmp_PD_HA_IntHigh_2100","PD","HA","IntHigh","2100",79.515546341228
"03100206_83000000_MASTERS_BAYOU",6420,2187,"MASTERS BAYOU","03100206","83000000","BAYOU","tbcmp_PD_HA_IntHigh_2100","PD","HA","IntHigh","2100",2.161677872988
"03100206_83000000_MASTERS_BAYOU",6600,3848,"MASTERS BAYOU","03100206","83000000","BAYOU","tbcmp_PD_HA_IntHigh_2100","PD","HA","IntHigh","2100",3.803446024352
"03100206_83000000_MASTERS_BAYOU",9113,250086,"MASTERS BAYOU","03100206","83000000","BAYOU","tbcmp_PD_HA_IntHigh_2100","PD","HA","IntHigh","2100",247.190385251064
"03100206_85000000_PAPYS_BAYOU",0,47,"PAPYS BAYOU","03100206","85000000","BAYOU","tbcmp_PD_HA_IntHigh_2100","PD","HA","IntHigh","2100",0.046455811628
"03100206_85000000_PAPYS_BAYOU",1100,27853,"PAPYS BAYOU","03100206","85000000","BAYOU","tbcmp_PD_HA_IntHigh_2100","PD","HA","IntHigh","2100",27.530504707972
"03100206_85000000_PAPYS_BAYOU",1200,6359496,"PAPYS BAYOU","03100206","85000000","BAYOU","tbcmp_PD_HA_IntHigh_2100","PD","HA","IntHigh","2100",6285.8627281919
"03100206_85000000_PAPYS_BAYOU",1800,229750,"PAPYS BAYOU","03100206","85000000","BAYOU","tbcmp_PD_HA_IntHigh_2100","PD","HA","IntHigh","2100",227.089845139
"03100206_85000000_PAPYS_BAYOU",1820,229974,"PAPYS BAYOU","03100206","85000000","BAYOU","tbcmp_PD_HA_IntHigh_2100","PD","HA","IntHigh","2100",227.311251560376
"03100206_85000000_PAPYS_BAYOU",1900,152231,"PAPYS BAYOU","03100206","85000000","BAYOU","tbcmp_PD_HA_IntHigh_2100","PD","HA","IntHigh","2100",150.468397020044
"03100206_85000000_PAPYS_BAYOU",2100,2456,"PAPYS BAYOU","03100206","85000000","BAYOU","tbcmp_PD_HA_IntHigh_2100","PD","HA","IntHigh","2100",2.427563262944
"03100206_85000000_PAPYS_BAYOU",3200,3779,"PAPYS BAYOU","03100206","85000000","BAYOU","tbcmp_PD_HA_IntHigh_2100","PD","HA","IntHigh","2100",3.735244939196
"03100206_85000000_PAPYS_BAYOU",4100,81314,"PAPYS BAYOU","03100206","85000000","BAYOU","tbcmp_PD_HA_IntHigh_2100","PD","HA","IntHigh","2100",80.372507802536
"03100206_85000000_PAPYS_BAYOU",5200,137465,"PAPYS BAYOU","03100206","85000000","BAYOU","tbcmp_PD_HA_IntHigh_2100","PD","HA","IntHigh","2100",135.87336479666
"03100206_85000000_PAPYS_BAYOU",5400,1296811,"PAPYS BAYOU","03100206","85000000","BAYOU","tbcmp_PD_HA_IntHigh_2100","PD","HA","IntHigh","2100",1281.79590495996
"03100206_85000000_PAPYS_BAYOU",6110,59147,"PAPYS BAYOU","03100206","85000000","BAYOU","tbcmp_PD_HA_IntHigh_2100","PD","HA","IntHigh","2100",58.462167880028
"03100206_85000000_PAPYS_BAYOU",6120,474938,"PAPYS BAYOU","03100206","85000000","BAYOU","tbcmp_PD_HA_IntHigh_2100","PD","HA","IntHigh","2100",469.438941765512
"03100206_85000000_PAPYS_BAYOU",6410,22016,"PAPYS BAYOU","03100206","85000000","BAYOU","tbcmp_PD_HA_IntHigh_2100","PD","HA","IntHigh","2100",21.761088272384
"03100206_85000000_PAPYS_BAYOU",6420,30011,"PAPYS BAYOU","03100206","85000000","BAYOU","tbcmp_PD_HA_IntHigh_2100","PD","HA","IntHigh","2100",29.663518356764
"03100206_85000000_PAPYS_BAYOU",6600,60604,"PAPYS BAYOU","03100206","85000000","BAYOU","tbcmp_PD_HA_IntHigh_2100","PD","HA","IntHigh","2100",59.902298040496
"03100206_85000000_PAPYS_BAYOU",7100,3375,"PAPYS BAYOU","03100206","85000000","BAYOU","tbcmp_PD_HA_IntHigh_2100","PD","HA","IntHigh","2100",3.3359226435
"03100206_85000000_PAPYS_BAYOU",9113,823747,"PAPYS BAYOU","03100206","85000000","BAYOU","tbcmp_PD_HA_IntHigh_2100","PD","HA","IntHigh","2100",814.209265130428
"03100206_86000000_SHORE_ACRES_DRAIN",0,15,"SHORE ACRES DRAIN","03100206","86000000","DRAIN","tbcmp_PD_HA_IntHigh_2100","PD","HA","IntHigh","2100",0.01482632286
"03100206_86000000_SHORE_ACRES_DRAIN",1200,269649,"SHORE ACRES DRAIN","03100206","86000000","DRAIN","tbcmp_PD_HA_IntHigh_2100","PD","HA","IntHigh","2100",266.526875525076
"03100206_86000000_SHORE_ACRES_DRAIN",5400,50147,"SHORE ACRES DRAIN","03100206","86000000","DRAIN","tbcmp_PD_HA_IntHigh_2100","PD","HA","IntHigh","2100",49.566374164028
"03100206_86000000_SHORE_ACRES_DRAIN",6120,744,"SHORE ACRES DRAIN","03100206","86000000","DRAIN","tbcmp_PD_HA_IntHigh_2100","PD","HA","IntHigh","2100",0.735385613856
"03100206_86000000_SHORE_ACRES_DRAIN",9113,3443,"SHORE ACRES DRAIN","03100206","86000000","DRAIN","tbcmp_PD_HA_IntHigh_2100","PD","HA","IntHigh","2100",3.403135307132
"03100206_87000000_SMACKS_BAYOU",0,51,"SMACKS BAYOU","03100206","87000000","BAYOU","tbcmp_PD_HA_IntHigh_2100","PD","HA","IntHigh","2100",0.050409497724
"03100206_87000000_SMACKS_BAYOU",1200,3437471,"SMACKS BAYOU","03100206","87000000","BAYOU","tbcmp_PD_HA_IntHigh_2100","PD","HA","IntHigh","2100",3397.6703245258
"03100206_87000000_SMACKS_BAYOU",1800,79213,"SMACKS BAYOU","03100206","87000000","BAYOU","tbcmp_PD_HA_IntHigh_2100","PD","HA","IntHigh","2100",78.295834180612
"03100206_87000000_SMACKS_BAYOU",1820,98088,"SMACKS BAYOU","03100206","87000000","BAYOU","tbcmp_PD_HA_IntHigh_2100","PD","HA","IntHigh","2100",96.952290446112
"03100206_87000000_SMACKS_BAYOU",1900,4408,"SMACKS BAYOU","03100206","87000000","BAYOU","tbcmp_PD_HA_IntHigh_2100","PD","HA","IntHigh","2100",4.356962077792
"03100206_87000000_SMACKS_BAYOU",5200,1161,"SMACKS BAYOU","03100206","87000000","BAYOU","tbcmp_PD_HA_IntHigh_2100","PD","HA","IntHigh","2100",1.147557389364
"03100206_87000000_SMACKS_BAYOU",5400,434884,"SMACKS BAYOU","03100206","87000000","BAYOU","tbcmp_PD_HA_IntHigh_2100","PD","HA","IntHigh","2100",429.848706043216
"03100206_87000000_SMACKS_BAYOU",6110,44,"SMACKS BAYOU","03100206","87000000","BAYOU","tbcmp_PD_HA_IntHigh_2100","PD","HA","IntHigh","2100",0.043490547056
"03100206_87000000_SMACKS_BAYOU",6120,43390,"SMACKS BAYOU","03100206","87000000","BAYOU","tbcmp_PD_HA_IntHigh_2100","PD","HA","IntHigh","2100",42.88760992636
"03100206_87000000_SMACKS_BAYOU",6420,4934,"SMACKS BAYOU","03100206","87000000","BAYOU","tbcmp_PD_HA_IntHigh_2100","PD","HA","IntHigh","2100",4.876871799416
"03100206_87000000_SMACKS_BAYOU",6600,6165,"SMACKS BAYOU","03100206","87000000","BAYOU","tbcmp_PD_HA_IntHigh_2100","PD","HA","IntHigh","2100",6.09361869546
"03100206_87000000_SMACKS_BAYOU",9113,175891,"SMACKS BAYOU","03100206","87000000","BAYOU","tbcmp_PD_HA_IntHigh_2100","PD","HA","IntHigh","2100",173.854450277884
"03100206_88000000_COFFEEPOT_BAYOU",1200,1073915,"COFFEEPOT BAYOU","03100206","88000000","BAYOU","tbcmp_PD_HA_IntHigh_2100","PD","HA","IntHigh","2100",1061.48070094646
"03100206_88000000_COFFEEPOT_BAYOU",1800,32681,"COFFEEPOT BAYOU","03100206","88000000","BAYOU","tbcmp_PD_HA_IntHigh_2100","PD","HA","IntHigh","2100",32.302603825844
"03100206_88000000_COFFEEPOT_BAYOU",1820,4531,"COFFEEPOT BAYOU","03100206","88000000","BAYOU","tbcmp_PD_HA_IntHigh_2100","PD","HA","IntHigh","2100",4.478537925244
"03100206_88000000_COFFEEPOT_BAYOU",1900,3432,"COFFEEPOT BAYOU","03100206","88000000","BAYOU","tbcmp_PD_HA_IntHigh_2100","PD","HA","IntHigh","2100",3.392262670368
"03100206_88000000_COFFEEPOT_BAYOU",5200,21129,"COFFEEPOT BAYOU","03100206","88000000","BAYOU","tbcmp_PD_HA_IntHigh_2100","PD","HA","IntHigh","2100",20.884358380596
"03100206_88000000_COFFEEPOT_BAYOU",5400,108297,"COFFEEPOT BAYOU","03100206","88000000","BAYOU","tbcmp_PD_HA_IntHigh_2100","PD","HA","IntHigh","2100",107.043085784628
"03100206_88000000_COFFEEPOT_BAYOU",6120,48,"COFFEEPOT BAYOU","03100206","88000000","BAYOU","tbcmp_PD_HA_IntHigh_2100","PD","HA","IntHigh","2100",0.047444233152
"03100206_88000000_COFFEEPOT_BAYOU",9113,6604,"COFFEEPOT BAYOU","03100206","88000000","BAYOU","tbcmp_PD_HA_IntHigh_2100","PD","HA","IntHigh","2100",6.527535744496
"03100206_90000000_DIRECT_RUNOFF_TO_BAY",0,155,"DIRECT RUNOFF TO BAY","03100206","90000000","RUNOFF","tbcmp_PD_HA_IntHigh_2100","PD","HA","IntHigh","2100",0.15320533622
"03100206_90000000_DIRECT_RUNOFF_TO_BAY",1200,4245493,"DIRECT RUNOFF TO BAY","03100206","90000000","RUNOFF","tbcmp_PD_HA_IntHigh_2100","PD","HA","IntHigh","2100",4196.33666119133
"03100206_90000000_DIRECT_RUNOFF_TO_BAY",1800,345123,"DIRECT RUNOFF TO BAY","03100206","90000000","RUNOFF","tbcmp_PD_HA_IntHigh_2100","PD","HA","IntHigh","2100",341.127001627452
"03100206_90000000_DIRECT_RUNOFF_TO_BAY",1820,72022,"DIRECT RUNOFF TO BAY","03100206","90000000","RUNOFF","tbcmp_PD_HA_IntHigh_2100","PD","HA","IntHigh","2100",71.188095001528
"03100206_90000000_DIRECT_RUNOFF_TO_BAY",1900,25192,"DIRECT RUNOFF TO BAY","03100206","90000000","RUNOFF","tbcmp_PD_HA_IntHigh_2100","PD","HA","IntHigh","2100",24.900315032608
"03100206_90000000_DIRECT_RUNOFF_TO_BAY",4100,2412,"DIRECT RUNOFF TO BAY","03100206","90000000","RUNOFF","tbcmp_PD_HA_IntHigh_2100","PD","HA","IntHigh","2100",2.384072715888
"03100206_90000000_DIRECT_RUNOFF_TO_BAY",5200,33145,"DIRECT RUNOFF TO BAY","03100206","90000000","RUNOFF","tbcmp_PD_HA_IntHigh_2100","PD","HA","IntHigh","2100",32.76123141298
"03100206_90000000_DIRECT_RUNOFF_TO_BAY",5400,1282384,"DIRECT RUNOFF TO BAY","03100206","90000000","RUNOFF","tbcmp_PD_HA_IntHigh_2100","PD","HA","IntHigh","2100",1267.53594763322
"03100206_90000000_DIRECT_RUNOFF_TO_BAY",6120,25272,"DIRECT RUNOFF TO BAY","03100206","90000000","RUNOFF","tbcmp_PD_HA_IntHigh_2100","PD","HA","IntHigh","2100",24.979388754528
"03100206_90000000_DIRECT_RUNOFF_TO_BAY",6410,211,"DIRECT RUNOFF TO BAY","03100206","90000000","RUNOFF","tbcmp_PD_HA_IntHigh_2100","PD","HA","IntHigh","2100",0.208556941564
"03100206_90000000_DIRECT_RUNOFF_TO_BAY",6420,3876,"DIRECT RUNOFF TO BAY","03100206","90000000","RUNOFF","tbcmp_PD_HA_IntHigh_2100","PD","HA","IntHigh","2100",3.831121827024
"03100206_90000000_DIRECT_RUNOFF_TO_BAY",6600,5760,"DIRECT RUNOFF TO BAY","03100206","90000000","RUNOFF","tbcmp_PD_HA_IntHigh_2100","PD","HA","IntHigh","2100",5.69330797824
"03100206_90000000_DIRECT_RUNOFF_TO_BAY",9113,76139,"DIRECT RUNOFF TO BAY","03100206","90000000","RUNOFF","tbcmp_PD_HA_IntHigh_2100","PD","HA","IntHigh","2100",75.257426415836
"03100206_90680000_SALT_CREEK",1100,60844,"SALT CREEK","03100206","90680000","BAYOU","tbcmp_PD_HA_IntHigh_2100","PD","HA","IntHigh","2100",60.139519206256
"03100206_90680000_SALT_CREEK",1200,2577978,"SALT CREEK","03100206","90680000","BAYOU","tbcmp_PD_HA_IntHigh_2100","PD","HA","IntHigh","2100",2548.12894359847
"03100206_90680000_SALT_CREEK",1800,149747,"SALT CREEK","03100206","90680000","BAYOU","tbcmp_PD_HA_IntHigh_2100","PD","HA","IntHigh","2100",148.013157954428
"03100206_90680000_SALT_CREEK",1820,170251,"SALT CREEK","03100206","90680000","BAYOU","tbcmp_PD_HA_IntHigh_2100","PD","HA","IntHigh","2100",168.279752882524
"03100206_90680000_SALT_CREEK",1900,5763,"SALT CREEK","03100206","90680000","BAYOU","tbcmp_PD_HA_IntHigh_2100","PD","HA","IntHigh","2100",5.696273242812
"03100206_90680000_SALT_CREEK",4100,154880,"SALT CREEK","03100206","90680000","BAYOU","tbcmp_PD_HA_IntHigh_2100","PD","HA","IntHigh","2100",153.08672563712
"03100206_90680000_SALT_CREEK",5200,28537,"SALT CREEK","03100206","90680000","BAYOU","tbcmp_PD_HA_IntHigh_2100","PD","HA","IntHigh","2100",28.206585030388
"03100206_90680000_SALT_CREEK",5400,271286,"SALT CREEK","03100206","90680000","BAYOU","tbcmp_PD_HA_IntHigh_2100","PD","HA","IntHigh","2100",268.144921559864
"03100206_90680000_SALT_CREEK",6110,12,"SALT CREEK","03100206","90680000","BAYOU","tbcmp_PD_HA_IntHigh_2100","PD","HA","IntHigh","2100",0.011861058288
"03100206_90680000_SALT_CREEK",6120,47039,"SALT CREEK","03100206","90680000","BAYOU","tbcmp_PD_HA_IntHigh_2100","PD","HA","IntHigh","2100",46.494360067436
"03100206_90680000_SALT_CREEK",6410,11726,"SALT CREEK","03100206","90680000","BAYOU","tbcmp_PD_HA_IntHigh_2100","PD","HA","IntHigh","2100",11.590230790424
"03100206_90680000_SALT_CREEK",6420,6874,"SALT CREEK","03100206","90680000","BAYOU","tbcmp_PD_HA_IntHigh_2100","PD","HA","IntHigh","2100",6.794409555976
"03100206_90680000_SALT_CREEK",6600,18377,"SALT CREEK","03100206","90680000","BAYOU","tbcmp_PD_HA_IntHigh_2100","PD","HA","IntHigh","2100",18.164222346548
"03100206_90680000_SALT_CREEK",9113,248951,"SALT CREEK","03100206","90680000","BAYOU","tbcmp_PD_HA_IntHigh_2100","PD","HA","IntHigh","2100",246.068526821324
"03100206_90700000_BOOKER_CREEK",1200,3343132,"BOOKER CREEK","03100206","90700000","STREAM","tbcmp_PD_HA_IntHigh_2100","PD","HA","IntHigh","2100",3304.42362637317
"03100206_90700000_BOOKER_CREEK",1800,169458,"BOOKER CREEK","03100206","90700000","STREAM","tbcmp_PD_HA_IntHigh_2100","PD","HA","IntHigh","2100",167.495934613992
"03100206_90700000_BOOKER_CREEK",1900,47681,"BOOKER CREEK","03100206","90700000","STREAM","tbcmp_PD_HA_IntHigh_2100","PD","HA","IntHigh","2100",47.128926685844
"03100206_90700000_BOOKER_CREEK",5200,52071,"BOOKER CREEK","03100206","90700000","STREAM","tbcmp_PD_HA_IntHigh_2100","PD","HA","IntHigh","2100",51.468097176204
"03100206_90700000_BOOKER_CREEK",5400,13,"BOOKER CREEK","03100206","90700000","STREAM","tbcmp_PD_HA_IntHigh_2100","PD","HA","IntHigh","2100",0.012849479812
"03100206_90700000_BOOKER_CREEK",6120,1719,"BOOKER CREEK","03100206","90700000","STREAM","tbcmp_PD_HA_IntHigh_2100","PD","HA","IntHigh","2100",1.699096599756
"03100206_90700000_BOOKER_CREEK",6410,3824,"BOOKER CREEK","03100206","90700000","STREAM","tbcmp_PD_HA_IntHigh_2100","PD","HA","IntHigh","2100",3.779723907776
"03100206_90700000_BOOKER_CREEK",6420,72,"BOOKER CREEK","03100206","90700000","STREAM","tbcmp_PD_HA_IntHigh_2100","PD","HA","IntHigh","2100",0.071166349728
"03100206_90700000_BOOKER_CREEK",6600,15,"BOOKER CREEK","03100206","90700000","STREAM","tbcmp_PD_HA_IntHigh_2100","PD","HA","IntHigh","2100",0.01482632286
"03100206_90700000_BOOKER_CREEK",9113,582,"BOOKER CREEK","03100206","90700000","STREAM","tbcmp_PD_HA_IntHigh_2100","PD","HA","IntHigh","2100",0.575261326968
"03100206_99990000_DIRECT_RUNOFF_TO_BAY",0,300,"DIRECT RUNOFF TO BAY","03100206","99990000","BAY/RUNOFF","tbcmp_PD_HA_IntHigh_2100","PD","HA","IntHigh","2100",0.2965264572
"03100206_99990000_DIRECT_RUNOFF_TO_BAY",1100,350158,"DIRECT RUNOFF TO BAY","03100206","99990000","BAY/RUNOFF","tbcmp_PD_HA_IntHigh_2100","PD","HA","IntHigh","2100",346.103704000792
"03100206_99990000_DIRECT_RUNOFF_TO_BAY",1200,24143469,"DIRECT RUNOFF TO BAY","03100206","99990000","BAY/RUNOFF","tbcmp_PD_HA_IntHigh_2100","PD","HA","IntHigh","2100",23863.9244236268
"03100206_99990000_DIRECT_RUNOFF_TO_BAY",1800,656876,"DIRECT RUNOFF TO BAY","03100206","99990000","BAY/RUNOFF","tbcmp_PD_HA_IntHigh_2100","PD","HA","IntHigh","2100",649.270376999024
"03100206_99990000_DIRECT_RUNOFF_TO_BAY",1820,548545,"DIRECT RUNOFF TO BAY","03100206","99990000","BAY/RUNOFF","tbcmp_PD_HA_IntHigh_2100","PD","HA","IntHigh","2100",542.19368488258
"03100206_99990000_DIRECT_RUNOFF_TO_BAY",1900,594897,"DIRECT RUNOFF TO BAY","03100206","99990000","BAY/RUNOFF","tbcmp_PD_HA_IntHigh_2100","PD","HA","IntHigh","2100",588.008999363028
"03100206_99990000_DIRECT_RUNOFF_TO_BAY",2100,36414,"DIRECT RUNOFF TO BAY","03100206","99990000","BAY/RUNOFF","tbcmp_PD_HA_IntHigh_2100","PD","HA","IntHigh","2100",35.992381374936
"03100206_99990000_DIRECT_RUNOFF_TO_BAY",2400,33905,"DIRECT RUNOFF TO BAY","03100206","99990000","BAY/RUNOFF","tbcmp_PD_HA_IntHigh_2100","PD","HA","IntHigh","2100",33.51243177122
"03100206_99990000_DIRECT_RUNOFF_TO_BAY",3200,10896,"DIRECT RUNOFF TO BAY","03100206","99990000","BAY/RUNOFF","tbcmp_PD_HA_IntHigh_2100","PD","HA","IntHigh","2100",10.769840925504
"03100206_99990000_DIRECT_RUNOFF_TO_BAY",4100,189613,"DIRECT RUNOFF TO BAY","03100206","99990000","BAY/RUNOFF","tbcmp_PD_HA_IntHigh_2100","PD","HA","IntHigh","2100",187.417570430212
"03100206_99990000_DIRECT_RUNOFF_TO_BAY",4400,8624,"DIRECT RUNOFF TO BAY","03100206","99990000","BAY/RUNOFF","tbcmp_PD_HA_IntHigh_2100","PD","HA","IntHigh","2100",8.524147222976
"03100206_99990000_DIRECT_RUNOFF_TO_BAY",5200,219455,"DIRECT RUNOFF TO BAY","03100206","99990000","BAY/RUNOFF","tbcmp_PD_HA_IntHigh_2100","PD","HA","IntHigh","2100",216.91404554942
"03100206_99990000_DIRECT_RUNOFF_TO_BAY",5400,3823369,"DIRECT RUNOFF TO BAY","03100206","99990000","BAY/RUNOFF","tbcmp_PD_HA_IntHigh_2100","PD","HA","IntHigh","2100",3779.10021379436
"03100206_99990000_DIRECT_RUNOFF_TO_BAY",6110,86621,"DIRECT RUNOFF TO BAY","03100206","99990000","BAY/RUNOFF","tbcmp_PD_HA_IntHigh_2100","PD","HA","IntHigh","2100",85.618060830404
"03100206_99990000_DIRECT_RUNOFF_TO_BAY",6120,3778748,"DIRECT RUNOFF TO BAY","03100206","99990000","BAY/RUNOFF","tbcmp_PD_HA_IntHigh_2100","PD","HA","IntHigh","2100",3734.99585697195
"03100206_99990000_DIRECT_RUNOFF_TO_BAY",6410,149195,"DIRECT RUNOFF TO BAY","03100206","99990000","BAY/RUNOFF","tbcmp_PD_HA_IntHigh_2100","PD","HA","IntHigh","2100",147.46754927318
"03100206_99990000_DIRECT_RUNOFF_TO_BAY",6420,299267,"DIRECT RUNOFF TO BAY","03100206","99990000","BAY/RUNOFF","tbcmp_PD_HA_IntHigh_2100","PD","HA","IntHigh","2100",295.801944222908
"03100206_99990000_DIRECT_RUNOFF_TO_BAY",6425,266519,"DIRECT RUNOFF TO BAY","03100206","99990000","BAY/RUNOFF","tbcmp_PD_HA_IntHigh_2100","PD","HA","IntHigh","2100",263.433116154956
"03100206_99990000_DIRECT_RUNOFF_TO_BAY",6510,94389,"DIRECT RUNOFF TO BAY","03100206","99990000","BAY/RUNOFF","tbcmp_PD_HA_IntHigh_2100","PD","HA","IntHigh","2100",93.296119228836
"03100206_99990000_DIRECT_RUNOFF_TO_BAY",6600,257609,"DIRECT RUNOFF TO BAY","03100206","99990000","BAY/RUNOFF","tbcmp_PD_HA_IntHigh_2100","PD","HA","IntHigh","2100",254.626280376116
"03100206_99990000_DIRECT_RUNOFF_TO_BAY",9113,5539959,"DIRECT RUNOFF TO BAY","03100206","99990000","BAY/RUNOFF","tbcmp_PD_HA_IntHigh_2100","PD","HA","IntHigh","2100",5475.81471767751
"03100206_99990000_TAMPA_BAY",0,3698,"TAMPA BAY","03100206","99990000","BAY","tbcmp_PD_HA_IntHigh_2100","PD","HA","IntHigh","2100",3.655182795752
"03100206_99990000_TAMPA_BAY",1100,104150,"TAMPA BAY","03100206","99990000","BAY","tbcmp_PD_HA_IntHigh_2100","PD","HA","IntHigh","2100",102.9441017246
"03100206_99990000_TAMPA_BAY",1200,2616463,"TAMPA BAY","03100206","99990000","BAY","tbcmp_PD_HA_IntHigh_2100","PD","HA","IntHigh","2100",2586.16834594961
"03100206_99990000_TAMPA_BAY",1800,541014,"TAMPA BAY","03100206","99990000","BAY","tbcmp_PD_HA_IntHigh_2100","PD","HA","IntHigh","2100",534.749882385336
"03100206_99990000_TAMPA_BAY",1820,1278,"TAMPA BAY","03100206","99990000","BAY","tbcmp_PD_HA_IntHigh_2100","PD","HA","IntHigh","2100",1.263202707672
"03100206_99990000_TAMPA_BAY",1900,81261,"TAMPA BAY","03100206","99990000","BAY","tbcmp_PD_HA_IntHigh_2100","PD","HA","IntHigh","2100",80.320121461764
"03100206_99990000_TAMPA_BAY",3200,129403,"TAMPA BAY","03100206","99990000","BAY","tbcmp_PD_HA_IntHigh_2100","PD","HA","IntHigh","2100",127.904710470172
"03100206_99990000_TAMPA_BAY",4100,5551,"TAMPA BAY","03100206","99990000","BAY","tbcmp_PD_HA_IntHigh_2100","PD","HA","IntHigh","2100",5.486727879724
"03100206_99990000_TAMPA_BAY",5200,30433,"TAMPA BAY","03100206","99990000","BAY","tbcmp_PD_HA_IntHigh_2100","PD","HA","IntHigh","2100",30.080632239892
"03100206_99990000_TAMPA_BAY",5400,226873003,"TAMPA BAY","03100206","99990000","BAY","tbcmp_PD_HA_IntHigh_2100","PD","HA","IntHigh","2100",224246.159379717
"03100206_99990000_TAMPA_BAY",6110,53067,"TAMPA BAY","03100206","99990000","BAY","tbcmp_PD_HA_IntHigh_2100","PD","HA","IntHigh","2100",52.452565014108
"03100206_99990000_TAMPA_BAY",6120,786908,"TAMPA BAY","03100206","99990000","BAY","tbcmp_PD_HA_IntHigh_2100","PD","HA","IntHigh","2100",777.796804607792
"03100206_99990000_TAMPA_BAY",6410,266572,"TAMPA BAY","03100206","99990000","BAY","tbcmp_PD_HA_IntHigh_2100","PD","HA","IntHigh","2100",263.485502495728
"03100206_99990000_TAMPA_BAY",6420,14468,"TAMPA BAY","03100206","99990000","BAY","tbcmp_PD_HA_IntHigh_2100","PD","HA","IntHigh","2100",14.300482609232
"03100206_99990000_TAMPA_BAY",6425,254,"TAMPA BAY","03100206","99990000","BAY","tbcmp_PD_HA_IntHigh_2100","PD","HA","IntHigh","2100",0.251059067096
"03100206_99990000_TAMPA_BAY",6510,764,"TAMPA BAY","03100206","99990000","BAY","tbcmp_PD_HA_IntHigh_2100","PD","HA","IntHigh","2100",0.755154044336
"03100206_99990000_TAMPA_BAY",6600,198259,"TAMPA BAY","03100206","99990000","BAY","tbcmp_PD_HA_IntHigh_2100","PD","HA","IntHigh","2100",195.963462926716
"03100206_99990000_TAMPA_BAY",7100,14593,"TAMPA BAY","03100206","99990000","BAY","tbcmp_PD_HA_IntHigh_2100","PD","HA","IntHigh","2100",14.424035299732
"03100206_99990000_TAMPA_BAY",9113,4755900,"TAMPA BAY","03100206","99990000","BAY","tbcmp_PD_HA_IntHigh_2100","PD","HA","IntHigh","2100",4700.8339259916
"03100207_04000000_CLAM_BAYOU_DRAIN",1100,271,"CLAM BAYOU DRAIN","03100207","04000000","DRAIN","tbcmp_PD_HA_IntHigh_2100","PD","HA","IntHigh","2100",0.267862233004
"03100207_04000000_CLAM_BAYOU_DRAIN",1200,1943228,"CLAM BAYOU DRAIN","03100207","04000000","DRAIN","tbcmp_PD_HA_IntHigh_2100","PD","HA","IntHigh","2100",1920.72838123947
"03100207_04000000_CLAM_BAYOU_DRAIN",1800,34927,"CLAM BAYOU DRAIN","03100207","04000000","DRAIN","tbcmp_PD_HA_IntHigh_2100","PD","HA","IntHigh","2100",34.522598568748
"03100207_04000000_CLAM_BAYOU_DRAIN",1820,23180,"CLAM BAYOU DRAIN","03100207","04000000","DRAIN","tbcmp_PD_HA_IntHigh_2100","PD","HA","IntHigh","2100",22.91161092632
"03100207_04000000_CLAM_BAYOU_DRAIN",1900,12805,"CLAM BAYOU DRAIN","03100207","04000000","DRAIN","tbcmp_PD_HA_IntHigh_2100","PD","HA","IntHigh","2100",12.65673761482
"03100207_04000000_CLAM_BAYOU_DRAIN",4100,5557,"CLAM BAYOU DRAIN","03100207","04000000","DRAIN","tbcmp_PD_HA_IntHigh_2100","PD","HA","IntHigh","2100",5.492658408868
"03100207_04000000_CLAM_BAYOU_DRAIN",5200,9847,"CLAM BAYOU DRAIN","03100207","04000000","DRAIN","tbcmp_PD_HA_IntHigh_2100","PD","HA","IntHigh","2100",9.732986746828
"03100207_04000000_CLAM_BAYOU_DRAIN",5400,39856,"CLAM BAYOU DRAIN","03100207","04000000","DRAIN","tbcmp_PD_HA_IntHigh_2100","PD","HA","IntHigh","2100",39.394528260544
"03100207_04000000_CLAM_BAYOU_DRAIN",6120,34542,"CLAM BAYOU DRAIN","03100207","04000000","DRAIN","tbcmp_PD_HA_IntHigh_2100","PD","HA","IntHigh","2100",34.142056282008
"03100207_04000000_CLAM_BAYOU_DRAIN",6410,45,"CLAM BAYOU DRAIN","03100207","04000000","DRAIN","tbcmp_PD_HA_IntHigh_2100","PD","HA","IntHigh","2100",0.04447896858
"03100207_04000000_CLAM_BAYOU_DRAIN",6420,1357,"CLAM BAYOU DRAIN","03100207","04000000","DRAIN","tbcmp_PD_HA_IntHigh_2100","PD","HA","IntHigh","2100",1.341288008068
"03100207_04000000_CLAM_BAYOU_DRAIN",6600,3609,"CLAM BAYOU DRAIN","03100207","04000000","DRAIN","tbcmp_PD_HA_IntHigh_2100","PD","HA","IntHigh","2100",3.567213280116
"03100207_04000000_CLAM_BAYOU_DRAIN",9113,51328,"CLAM BAYOU DRAIN","03100207","04000000","DRAIN","tbcmp_PD_HA_IntHigh_2100","PD","HA","IntHigh","2100",50.733699983872
"03100207_07000000_BEAR_CREEK",1200,2458807,"BEAR CREEK","03100207","07000000","STREAM","tbcmp_PD_HA_IntHigh_2100","PD","HA","IntHigh","2100",2430.33776216187
"03100207_07000000_BEAR_CREEK",1800,18806,"BEAR CREEK","03100207","07000000","STREAM","tbcmp_PD_HA_IntHigh_2100","PD","HA","IntHigh","2100",18.588255180344
"03100207_07000000_BEAR_CREEK",1820,8246,"BEAR CREEK","03100207","07000000","STREAM","tbcmp_PD_HA_IntHigh_2100","PD","HA","IntHigh","2100",8.150523886904
"03100207_07000000_BEAR_CREEK",1900,12293,"BEAR CREEK","03100207","07000000","STREAM","tbcmp_PD_HA_IntHigh_2100","PD","HA","IntHigh","2100",12.150665794532
"03100207_07000000_BEAR_CREEK",5200,32830,"BEAR CREEK","03100207","07000000","STREAM","tbcmp_PD_HA_IntHigh_2100","PD","HA","IntHigh","2100",32.44987863292
"03100207_07000000_BEAR_CREEK",5400,17610,"BEAR CREEK","03100207","07000000","STREAM","tbcmp_PD_HA_IntHigh_2100","PD","HA","IntHigh","2100",17.40610303764
"03100207_07000000_BEAR_CREEK",6110,3092,"BEAR CREEK","03100207","07000000","STREAM","tbcmp_PD_HA_IntHigh_2100","PD","HA","IntHigh","2100",3.056199352208
"03100207_07000000_BEAR_CREEK",6120,1061,"BEAR CREEK","03100207","07000000","STREAM","tbcmp_PD_HA_IntHigh_2100","PD","HA","IntHigh","2100",1.048715236964
"03100207_07000000_BEAR_CREEK",6410,3476,"BEAR CREEK","03100207","07000000","STREAM","tbcmp_PD_HA_IntHigh_2100","PD","HA","IntHigh","2100",3.435753217424
"03100207_07000000_BEAR_CREEK",6420,154,"BEAR CREEK","03100207","07000000","STREAM","tbcmp_PD_HA_IntHigh_2100","PD","HA","IntHigh","2100",0.152216914696
"03100207_07000000_BEAR_CREEK",6600,377,"BEAR CREEK","03100207","07000000","STREAM","tbcmp_PD_HA_IntHigh_2100","PD","HA","IntHigh","2100",0.372634914548
"03100207_07000000_BEAR_CREEK",9113,2692,"BEAR CREEK","03100207","07000000","STREAM","tbcmp_PD_HA_IntHigh_2100","PD","HA","IntHigh","2100",2.660830742608
"03100207_10900000_CROSS_CANAL_(SOUTH)",0,48,"CROSS CANAL (SOUTH)","03100207","10900000","CANAL","tbcmp_PD_HA_IntHigh_2100","PD","HA","IntHigh","2100",0.047444233152
"03100207_10900000_CROSS_CANAL_(SOUTH)",1100,4080,"CROSS CANAL (SOUTH)","03100207","10900000","CANAL","tbcmp_PD_HA_IntHigh_2100","PD","HA","IntHigh","2100",4.03275981792
"03100207_10900000_CROSS_CANAL_(SOUTH)",1200,4161612,"CROSS CANAL (SOUTH)","03100207","10900000","CANAL","tbcmp_PD_HA_IntHigh_2100","PD","HA","IntHigh","2100",4113.42687533669
"03100207_10900000_CROSS_CANAL_(SOUTH)",1800,49745,"CROSS CANAL (SOUTH)","03100207","10900000","CANAL","tbcmp_PD_HA_IntHigh_2100","PD","HA","IntHigh","2100",49.16902871138
"03100207_10900000_CROSS_CANAL_(SOUTH)",1820,226567,"CROSS CANAL (SOUTH)","03100207","10900000","CANAL","tbcmp_PD_HA_IntHigh_2100","PD","HA","IntHigh","2100",223.943699428108
"03100207_10900000_CROSS_CANAL_(SOUTH)",1900,75108,"CROSS CANAL (SOUTH)","03100207","10900000","CANAL","tbcmp_PD_HA_IntHigh_2100","PD","HA","IntHigh","2100",74.238363824592
"03100207_10900000_CROSS_CANAL_(SOUTH)",2400,3788,"CROSS CANAL (SOUTH)","03100207","10900000","CANAL","tbcmp_PD_HA_IntHigh_2100","PD","HA","IntHigh","2100",3.744140732912
"03100207_10900000_CROSS_CANAL_(SOUTH)",3200,175,"CROSS CANAL (SOUTH)","03100207","10900000","CANAL","tbcmp_PD_HA_IntHigh_2100","PD","HA","IntHigh","2100",0.1729737667
"03100207_10900000_CROSS_CANAL_(SOUTH)",4100,31494,"CROSS CANAL (SOUTH)","03100207","10900000","CANAL","tbcmp_PD_HA_IntHigh_2100","PD","HA","IntHigh","2100",31.129347476856
"03100207_10900000_CROSS_CANAL_(SOUTH)",5200,98281,"CROSS CANAL (SOUTH)","03100207","10900000","CANAL","tbcmp_PD_HA_IntHigh_2100","PD","HA","IntHigh","2100",97.143055800244
"03100207_10900000_CROSS_CANAL_(SOUTH)",5400,155745,"CROSS CANAL (SOUTH)","03100207","10900000","CANAL","tbcmp_PD_HA_IntHigh_2100","PD","HA","IntHigh","2100",153.94171025538
"03100207_10900000_CROSS_CANAL_(SOUTH)",6110,2263,"CROSS CANAL (SOUTH)","03100207","10900000","CANAL","tbcmp_PD_HA_IntHigh_2100","PD","HA","IntHigh","2100",2.236797908812
"03100207_10900000_CROSS_CANAL_(SOUTH)",6120,80159,"CROSS CANAL (SOUTH)","03100207","10900000","CANAL","tbcmp_PD_HA_IntHigh_2100","PD","HA","IntHigh","2100",79.230880942316
"03100207_10900000_CROSS_CANAL_(SOUTH)",6410,12392,"CROSS CANAL (SOUTH)","03100207","10900000","CANAL","tbcmp_PD_HA_IntHigh_2100","PD","HA","IntHigh","2100",12.248519525408
"03100207_10900000_CROSS_CANAL_(SOUTH)",6420,4821,"CROSS CANAL (SOUTH)","03100207","10900000","CANAL","tbcmp_PD_HA_IntHigh_2100","PD","HA","IntHigh","2100",4.765180167204
"03100207_10900000_CROSS_CANAL_(SOUTH)",6600,9713,"CROSS CANAL (SOUTH)","03100207","10900000","CANAL","tbcmp_PD_HA_IntHigh_2100","PD","HA","IntHigh","2100",9.600538262612
"03100207_10900000_CROSS_CANAL_(SOUTH)",9113,327597,"CROSS CANAL (SOUTH)","03100207","10900000","CANAL","tbcmp_PD_HA_IntHigh_2100","PD","HA","IntHigh","2100",323.803925997828
"03100207_10908500_PINELLAS_PARK_DITCH",0,9,"PINELLAS PARK DITCH","03100207","10908500","DITCH","tbcmp_PD_HA_IntHigh_2100","PD","HA","IntHigh","2100",0.008895793716
"03100207_10908500_PINELLAS_PARK_DITCH",1100,256638,"PINELLAS PARK DITCH","03100207","10908500","DITCH","tbcmp_PD_HA_IntHigh_2100","PD","HA","IntHigh","2100",253.666523076312
"03100207_10908500_PINELLAS_PARK_DITCH",1200,1786927,"PINELLAS PARK DITCH","03100207","10908500","DITCH","tbcmp_PD_HA_IntHigh_2100","PD","HA","IntHigh","2100",1766.23710861675
"03100207_10908500_PINELLAS_PARK_DITCH",1800,69979,"PINELLAS PARK DITCH","03100207","10908500","DITCH","tbcmp_PD_HA_IntHigh_2100","PD","HA","IntHigh","2100",69.168749827996
"03100207_10908500_PINELLAS_PARK_DITCH",1900,6558,"PINELLAS PARK DITCH","03100207","10908500","DITCH","tbcmp_PD_HA_IntHigh_2100","PD","HA","IntHigh","2100",6.482068354392
"03100207_10908500_PINELLAS_PARK_DITCH",2400,5908,"PINELLAS PARK DITCH","03100207","10908500","DITCH","tbcmp_PD_HA_IntHigh_2100","PD","HA","IntHigh","2100",5.839594363792
"03100207_10908500_PINELLAS_PARK_DITCH",4100,22854,"PINELLAS PARK DITCH","03100207","10908500","DITCH","tbcmp_PD_HA_IntHigh_2100","PD","HA","IntHigh","2100",22.589385509496
"03100207_10908500_PINELLAS_PARK_DITCH",5200,46755,"PINELLAS PARK DITCH","03100207","10908500","DITCH","tbcmp_PD_HA_IntHigh_2100","PD","HA","IntHigh","2100",46.21364835462
"03100207_10908500_PINELLAS_PARK_DITCH",5400,33837,"PINELLAS PARK DITCH","03100207","10908500","DITCH","tbcmp_PD_HA_IntHigh_2100","PD","HA","IntHigh","2100",33.445219107588
"03100207_10908500_PINELLAS_PARK_DITCH",6110,23269,"PINELLAS PARK DITCH","03100207","10908500","DITCH","tbcmp_PD_HA_IntHigh_2100","PD","HA","IntHigh","2100",22.999580441956
"03100207_10908500_PINELLAS_PARK_DITCH",6120,5931,"PINELLAS PARK DITCH","03100207","10908500","DITCH","tbcmp_PD_HA_IntHigh_2100","PD","HA","IntHigh","2100",5.862328058844
"03100207_10908500_PINELLAS_PARK_DITCH",6410,7272,"PINELLAS PARK DITCH","03100207","10908500","DITCH","tbcmp_PD_HA_IntHigh_2100","PD","HA","IntHigh","2100",7.187801322528
"03100207_10908500_PINELLAS_PARK_DITCH",6420,1581,"PINELLAS PARK DITCH","03100207","10908500","DITCH","tbcmp_PD_HA_IntHigh_2100","PD","HA","IntHigh","2100",1.562694429444
"03100207_10908500_PINELLAS_PARK_DITCH",6600,4549,"PINELLAS PARK DITCH","03100207","10908500","DITCH","tbcmp_PD_HA_IntHigh_2100","PD","HA","IntHigh","2100",4.496329512676
"03100207_10908500_PINELLAS_PARK_DITCH",9113,36758,"PINELLAS PARK DITCH","03100207","10908500","DITCH","tbcmp_PD_HA_IntHigh_2100","PD","HA","IntHigh","2100",36.332398379192
"03100207_10909000_ST_JOE_CREEK",0,8,"ST JOE CREEK","03100207","10909000","STREAM","tbcmp_PD_HA_IntHigh_2100","PD","HA","IntHigh","2100",0.007907372192
"03100207_10909000_ST_JOE_CREEK",1100,128974,"ST JOE CREEK","03100207","10909000","STREAM","tbcmp_PD_HA_IntHigh_2100","PD","HA","IntHigh","2100",127.480677636376
"03100207_10909000_ST_JOE_CREEK",1200,9620129,"ST JOE CREEK","03100207","10909000","STREAM","tbcmp_PD_HA_IntHigh_2100","PD","HA","IntHigh","2100",9508.7425672566
"03100207_10909000_ST_JOE_CREEK",1800,96479,"ST JOE CREEK","03100207","10909000","STREAM","tbcmp_PD_HA_IntHigh_2100","PD","HA","IntHigh","2100",95.361920213996
"03100207_10909000_ST_JOE_CREEK",1900,68457,"ST JOE CREEK","03100207","10909000","STREAM","tbcmp_PD_HA_IntHigh_2100","PD","HA","IntHigh","2100",67.664372268468
"03100207_10909000_ST_JOE_CREEK",2400,3551,"ST JOE CREEK","03100207","10909000","STREAM","tbcmp_PD_HA_IntHigh_2100","PD","HA","IntHigh","2100",3.509884831724
"03100207_10909000_ST_JOE_CREEK",4100,16597,"ST JOE CREEK","03100207","10909000","STREAM","tbcmp_PD_HA_IntHigh_2100","PD","HA","IntHigh","2100",16.404832033828
"03100207_10909000_ST_JOE_CREEK",5200,157940,"ST JOE CREEK","03100207","10909000","STREAM","tbcmp_PD_HA_IntHigh_2100","PD","HA","IntHigh","2100",156.11129550056
"03100207_10909000_ST_JOE_CREEK",5400,31270,"ST JOE CREEK","03100207","10909000","STREAM","tbcmp_PD_HA_IntHigh_2100","PD","HA","IntHigh","2100",30.90794105548
"03100207_10909000_ST_JOE_CREEK",6110,35159,"ST JOE CREEK","03100207","10909000","STREAM","tbcmp_PD_HA_IntHigh_2100","PD","HA","IntHigh","2100",34.751912362316
"03100207_10909000_ST_JOE_CREEK",6120,42275,"ST JOE CREEK","03100207","10909000","STREAM","tbcmp_PD_HA_IntHigh_2100","PD","HA","IntHigh","2100",41.7855199271
"03100207_10909000_ST_JOE_CREEK",6410,26551,"ST JOE CREEK","03100207","10909000","STREAM","tbcmp_PD_HA_IntHigh_2100","PD","HA","IntHigh","2100",26.243579883724
"03100207_10909000_ST_JOE_CREEK",6420,6614,"ST JOE CREEK","03100207","10909000","STREAM","tbcmp_PD_HA_IntHigh_2100","PD","HA","IntHigh","2100",6.537419959736
"03100207_10909000_ST_JOE_CREEK",6600,6528,"ST JOE CREEK","03100207","10909000","STREAM","tbcmp_PD_HA_IntHigh_2100","PD","HA","IntHigh","2100",6.452415708672
"03100207_10909000_ST_JOE_CREEK",9113,90248,"ST JOE CREEK","03100207","10909000","STREAM","tbcmp_PD_HA_IntHigh_2100","PD","HA","IntHigh","2100",89.203065697952
"03100207_20000000_MCKAY_CREEK",1100,42563,"MCKAY CREEK","03100207","20000000","STREAM","tbcmp_PD_HA_IntHigh_2100","PD","HA","IntHigh","2100",42.070185326012
"03100207_20000000_MCKAY_CREEK",1200,2432162,"MCKAY CREEK","03100207","20000000","STREAM","tbcmp_PD_HA_IntHigh_2100","PD","HA","IntHigh","2100",2404.00127065489
"03100207_20000000_MCKAY_CREEK",1800,148618,"MCKAY CREEK","03100207","20000000","STREAM","tbcmp_PD_HA_IntHigh_2100","PD","HA","IntHigh","2100",146.897230053832
"03100207_20000000_MCKAY_CREEK",1820,29225,"MCKAY CREEK","03100207","20000000","STREAM","tbcmp_PD_HA_IntHigh_2100","PD","HA","IntHigh","2100",28.8866190389
"03100207_20000000_MCKAY_CREEK",1900,90815,"MCKAY CREEK","03100207","20000000","STREAM","tbcmp_PD_HA_IntHigh_2100","PD","HA","IntHigh","2100",89.76350070206
"03100207_20000000_MCKAY_CREEK",4100,101239,"MCKAY CREEK","03100207","20000000","STREAM","tbcmp_PD_HA_IntHigh_2100","PD","HA","IntHigh","2100",100.066806668236
"03100207_20000000_MCKAY_CREEK",5200,84866,"MCKAY CREEK","03100207","20000000","STREAM","tbcmp_PD_HA_IntHigh_2100","PD","HA","IntHigh","2100",83.883381055784
"03100207_20000000_MCKAY_CREEK",5400,35836,"MCKAY CREEK","03100207","20000000","STREAM","tbcmp_PD_HA_IntHigh_2100","PD","HA","IntHigh","2100",35.421073734064
"03100207_20000000_MCKAY_CREEK",6110,16653,"MCKAY CREEK","03100207","20000000","STREAM","tbcmp_PD_HA_IntHigh_2100","PD","HA","IntHigh","2100",16.460183639172
"03100207_20000000_MCKAY_CREEK",6120,537,"MCKAY CREEK","03100207","20000000","STREAM","tbcmp_PD_HA_IntHigh_2100","PD","HA","IntHigh","2100",0.530782358388
"03100207_20000000_MCKAY_CREEK",6410,57421,"MCKAY CREEK","03100207","20000000","STREAM","tbcmp_PD_HA_IntHigh_2100","PD","HA","IntHigh","2100",56.756152329604
"03100207_20000000_MCKAY_CREEK",6420,156,"MCKAY CREEK","03100207","20000000","STREAM","tbcmp_PD_HA_IntHigh_2100","PD","HA","IntHigh","2100",0.154193757744
"03100207_20000000_MCKAY_CREEK",6600,487,"MCKAY CREEK","03100207","20000000","STREAM","tbcmp_PD_HA_IntHigh_2100","PD","HA","IntHigh","2100",0.481361282188
"03100207_20000000_MCKAY_CREEK",9113,1363,"MCKAY CREEK","03100207","20000000","STREAM","tbcmp_PD_HA_IntHigh_2100","PD","HA","IntHigh","2100",1.347218537212
"03100207_20000000_WALSINGHAM_RESERVOIR",1100,46415,"WALSINGHAM RESERVOIR","03100207","20000000","RESERV","tbcmp_PD_HA_IntHigh_2100","PD","HA","IntHigh","2100",45.87758503646
"03100207_20000000_WALSINGHAM_RESERVOIR",1200,1090346,"WALSINGHAM RESERVOIR","03100207","20000000","RESERV","tbcmp_PD_HA_IntHigh_2100","PD","HA","IntHigh","2100",1077.7214550073
"03100207_20000000_WALSINGHAM_RESERVOIR",1800,295767,"WALSINGHAM RESERVOIR","03100207","20000000","RESERV","tbcmp_PD_HA_IntHigh_2100","PD","HA","IntHigh","2100",292.342468888908
"03100207_20000000_WALSINGHAM_RESERVOIR",1900,36327,"WALSINGHAM RESERVOIR","03100207","20000000","RESERV","tbcmp_PD_HA_IntHigh_2100","PD","HA","IntHigh","2100",35.906388702348
"03100207_20000000_WALSINGHAM_RESERVOIR",2100,27064,"WALSINGHAM RESERVOIR","03100207","20000000","RESERV","tbcmp_PD_HA_IntHigh_2100","PD","HA","IntHigh","2100",26.750640125536
"03100207_20000000_WALSINGHAM_RESERVOIR",4100,4651,"WALSINGHAM RESERVOIR","03100207","20000000","RESERV","tbcmp_PD_HA_IntHigh_2100","PD","HA","IntHigh","2100",4.597148508124
"03100207_20000000_WALSINGHAM_RESERVOIR",5200,107616,"WALSINGHAM RESERVOIR","03100207","20000000","RESERV","tbcmp_PD_HA_IntHigh_2100","PD","HA","IntHigh","2100",106.369970726784
"03100207_20000000_WALSINGHAM_RESERVOIR",6410,25332,"WALSINGHAM RESERVOIR","03100207","20000000","RESERV","tbcmp_PD_HA_IntHigh_2100","PD","HA","IntHigh","2100",25.038694045968
"03100207_20900000_CHURCH_CREEK",1200,946943,"CHURCH CREEK","03100207","20900000","STREAM","tbcmp_PD_HA_IntHigh_2100","PD","HA","IntHigh","2100",935.978843201132
"03100207_20900000_CHURCH_CREEK",1800,15490,"CHURCH CREEK","03100207","20900000","STREAM","tbcmp_PD_HA_IntHigh_2100","PD","HA","IntHigh","2100",15.31064940676
"03100207_20900000_CHURCH_CREEK",1820,42870,"CHURCH CREEK","03100207","20900000","STREAM","tbcmp_PD_HA_IntHigh_2100","PD","HA","IntHigh","2100",42.37363073388
"03100207_20900000_CHURCH_CREEK",1900,294,"CHURCH CREEK","03100207","20900000","STREAM","tbcmp_PD_HA_IntHigh_2100","PD","HA","IntHigh","2100",0.290595928056
"03100207_20900000_CHURCH_CREEK",4100,26415,"CHURCH CREEK","03100207","20900000","STREAM","tbcmp_PD_HA_IntHigh_2100","PD","HA","IntHigh","2100",26.10915455646
"03100207_20900000_CHURCH_CREEK",5200,31789,"CHURCH CREEK","03100207","20900000","STREAM","tbcmp_PD_HA_IntHigh_2100","PD","HA","IntHigh","2100",31.420931826436
"03100207_20900000_CHURCH_CREEK",5400,8170,"CHURCH CREEK","03100207","20900000","STREAM","tbcmp_PD_HA_IntHigh_2100","PD","HA","IntHigh","2100",8.07540385108
"03100207_20900000_CHURCH_CREEK",6120,394,"CHURCH CREEK","03100207","20900000","STREAM","tbcmp_PD_HA_IntHigh_2100","PD","HA","IntHigh","2100",0.389438080456
"03100207_20900000_CHURCH_CREEK",6410,4689,"CHURCH CREEK","03100207","20900000","STREAM","tbcmp_PD_HA_IntHigh_2100","PD","HA","IntHigh","2100",4.634708526036
"03100207_20900000_CHURCH_CREEK",6420,399,"CHURCH CREEK","03100207","20900000","STREAM","tbcmp_PD_HA_IntHigh_2100","PD","HA","IntHigh","2100",0.394380188076
"03100207_20900000_CHURCH_CREEK",6600,306,"CHURCH CREEK","03100207","20900000","STREAM","tbcmp_PD_HA_IntHigh_2100","PD","HA","IntHigh","2100",0.302456986344
"03100207_20900000_CHURCH_CREEK",9113,2122,"CHURCH CREEK","03100207","20900000","STREAM","tbcmp_PD_HA_IntHigh_2100","PD","HA","IntHigh","2100",2.097430473928
"03100207_22000000_BELLEAIR_GOLFCLUB_RUN",1100,10131,"BELLEAIR GOLFCLUB RUN","03100207","22000000","STREAM","tbcmp_PD_HA_IntHigh_2100","PD","HA","IntHigh","2100",10.013698459644
"03100207_22000000_BELLEAIR_GOLFCLUB_RUN",1200,811666,"BELLEAIR GOLFCLUB RUN","03100207","22000000","STREAM","tbcmp_PD_HA_IntHigh_2100","PD","HA","IntHigh","2100",802.268144698984
"03100207_22000000_BELLEAIR_GOLFCLUB_RUN",1800,130848,"BELLEAIR GOLFCLUB RUN","03100207","22000000","STREAM","tbcmp_PD_HA_IntHigh_2100","PD","HA","IntHigh","2100",129.332979572352
"03100207_22000000_BELLEAIR_GOLFCLUB_RUN",1820,63548,"BELLEAIR GOLFCLUB RUN","03100207","22000000","STREAM","tbcmp_PD_HA_IntHigh_2100","PD","HA","IntHigh","2100",62.812211007152
"03100207_22000000_BELLEAIR_GOLFCLUB_RUN",1900,10759,"BELLEAIR GOLFCLUB RUN","03100207","22000000","STREAM","tbcmp_PD_HA_IntHigh_2100","PD","HA","IntHigh","2100",10.634427176716
"03100207_22000000_BELLEAIR_GOLFCLUB_RUN",2100,2321,"BELLEAIR GOLFCLUB RUN","03100207","22000000","STREAM","tbcmp_PD_HA_IntHigh_2100","PD","HA","IntHigh","2100",2.294126357204
"03100207_22000000_BELLEAIR_GOLFCLUB_RUN",4100,11032,"BELLEAIR GOLFCLUB RUN","03100207","22000000","STREAM","tbcmp_PD_HA_IntHigh_2100","PD","HA","IntHigh","2100",10.904266252768
"03100207_22000000_BELLEAIR_GOLFCLUB_RUN",5200,33775,"BELLEAIR GOLFCLUB RUN","03100207","22000000","STREAM","tbcmp_PD_HA_IntHigh_2100","PD","HA","IntHigh","2100",33.3839369731
"03100207_22000000_BELLEAIR_GOLFCLUB_RUN",5400,3276,"BELLEAIR GOLFCLUB RUN","03100207","22000000","STREAM","tbcmp_PD_HA_IntHigh_2100","PD","HA","IntHigh","2100",3.238068912624
"03100207_22000000_BELLEAIR_GOLFCLUB_RUN",6110,6294,"BELLEAIR GOLFCLUB RUN","03100207","22000000","STREAM","tbcmp_PD_HA_IntHigh_2100","PD","HA","IntHigh","2100",6.221125072056
"03100207_22000000_BELLEAIR_GOLFCLUB_RUN",6120,454,"BELLEAIR GOLFCLUB RUN","03100207","22000000","STREAM","tbcmp_PD_HA_IntHigh_2100","PD","HA","IntHigh","2100",0.448743371896
"03100207_22000000_BELLEAIR_GOLFCLUB_RUN",6410,2531,"BELLEAIR GOLFCLUB RUN","03100207","22000000","STREAM","tbcmp_PD_HA_IntHigh_2100","PD","HA","IntHigh","2100",2.501694877244
"03100207_22000000_BELLEAIR_GOLFCLUB_RUN",6420,92,"BELLEAIR GOLFCLUB RUN","03100207","22000000","STREAM","tbcmp_PD_HA_IntHigh_2100","PD","HA","IntHigh","2100",0.090934780208
"03100207_22000000_BELLEAIR_GOLFCLUB_RUN",6600,225,"BELLEAIR GOLFCLUB RUN","03100207","22000000","STREAM","tbcmp_PD_HA_IntHigh_2100","PD","HA","IntHigh","2100",0.2223948429
"03100207_22000000_BELLEAIR_GOLFCLUB_RUN",9113,225,"BELLEAIR GOLFCLUB RUN","03100207","22000000","STREAM","tbcmp_PD_HA_IntHigh_2100","PD","HA","IntHigh","2100",0.2223948429
"03100207_25000000_STEVENSON_CREEK",1100,52097,"STEVENSON CREEK","03100207","25000000","STREAM","tbcmp_PD_HA_IntHigh_2100","PD","HA","IntHigh","2100",51.493796135828
"03100207_25000000_STEVENSON_CREEK",1200,5339711,"STEVENSON CREEK","03100207","25000000","STREAM","tbcmp_PD_HA_IntHigh_2100","PD","HA","IntHigh","2100",5277.88528433956
"03100207_25000000_STEVENSON_CREEK",1800,161239,"STEVENSON CREEK","03100207","25000000","STREAM","tbcmp_PD_HA_IntHigh_2100","PD","HA","IntHigh","2100",159.372098108236
"03100207_25000000_STEVENSON_CREEK",1820,170513,"STEVENSON CREEK","03100207","25000000","STREAM","tbcmp_PD_HA_IntHigh_2100","PD","HA","IntHigh","2100",168.538719321812
"03100207_25000000_STEVENSON_CREEK",1900,80085,"STEVENSON CREEK","03100207","25000000","STREAM","tbcmp_PD_HA_IntHigh_2100","PD","HA","IntHigh","2100",79.15773774954
"03100207_25000000_STEVENSON_CREEK",2400,5816,"STEVENSON CREEK","03100207","25000000","STREAM","tbcmp_PD_HA_IntHigh_2100","PD","HA","IntHigh","2100",5.748659583584
"03100207_25000000_STEVENSON_CREEK",4100,13246,"STEVENSON CREEK","03100207","25000000","STREAM","tbcmp_PD_HA_IntHigh_2100","PD","HA","IntHigh","2100",13.092631506904
"03100207_25000000_STEVENSON_CREEK",5200,132558,"STEVENSON CREEK","03100207","25000000","STREAM","tbcmp_PD_HA_IntHigh_2100","PD","HA","IntHigh","2100",131.023180378392
"03100207_25000000_STEVENSON_CREEK",5400,34963,"STEVENSON CREEK","03100207","25000000","STREAM","tbcmp_PD_HA_IntHigh_2100","PD","HA","IntHigh","2100",34.558181743612
"03100207_25000000_STEVENSON_CREEK",6110,27454,"STEVENSON CREEK","03100207","25000000","STREAM","tbcmp_PD_HA_IntHigh_2100","PD","HA","IntHigh","2100",27.136124519896
"03100207_25000000_STEVENSON_CREEK",6120,934,"STEVENSON CREEK","03100207","25000000","STREAM","tbcmp_PD_HA_IntHigh_2100","PD","HA","IntHigh","2100",0.923185703416
"03100207_25000000_STEVENSON_CREEK",6410,68260,"STEVENSON CREEK","03100207","25000000","STREAM","tbcmp_PD_HA_IntHigh_2100","PD","HA","IntHigh","2100",67.46965322824
"03100207_25000000_STEVENSON_CREEK",6420,207,"STEVENSON CREEK","03100207","25000000","STREAM","tbcmp_PD_HA_IntHigh_2100","PD","HA","IntHigh","2100",0.204603255468
"03100207_25000000_STEVENSON_CREEK",6600,612,"STEVENSON CREEK","03100207","25000000","STREAM","tbcmp_PD_HA_IntHigh_2100","PD","HA","IntHigh","2100",0.604913972688
"03100207_25000000_STEVENSON_CREEK",9113,9034,"STEVENSON CREEK","03100207","25000000","STREAM","tbcmp_PD_HA_IntHigh_2100","PD","HA","IntHigh","2100",8.929400047816
"03100207_29000000_CEDAR_CREEK",0,24,"CEDAR CREEK","03100207","29000000","STREAM","tbcmp_PD_HA_IntHigh_2100","PD","HA","IntHigh","2100",0.023722116576
"03100207_29000000_CEDAR_CREEK",1100,6750,"CEDAR CREEK","03100207","29000000","STREAM","tbcmp_PD_HA_IntHigh_2100","PD","HA","IntHigh","2100",6.671845287
"03100207_29000000_CEDAR_CREEK",1200,738598,"CEDAR CREEK","03100207","29000000","STREAM","tbcmp_PD_HA_IntHigh_2100","PD","HA","IntHigh","2100",730.046160783352
"03100207_29000000_CEDAR_CREEK",1800,72615,"CEDAR CREEK","03100207","29000000","STREAM","tbcmp_PD_HA_IntHigh_2100","PD","HA","IntHigh","2100",71.77422896526
"03100207_29000000_CEDAR_CREEK",1820,62762,"CEDAR CREEK","03100207","29000000","STREAM","tbcmp_PD_HA_IntHigh_2100","PD","HA","IntHigh","2100",62.035311689288
"03100207_29000000_CEDAR_CREEK",4100,32837,"CEDAR CREEK","03100207","29000000","STREAM","tbcmp_PD_HA_IntHigh_2100","PD","HA","IntHigh","2100",32.456797583588
"03100207_29000000_CEDAR_CREEK",5200,7564,"CEDAR CREEK","03100207","29000000","STREAM","tbcmp_PD_HA_IntHigh_2100","PD","HA","IntHigh","2100",7.476420407536
"03100207_29000000_CEDAR_CREEK",5400,6070,"CEDAR CREEK","03100207","29000000","STREAM","tbcmp_PD_HA_IntHigh_2100","PD","HA","IntHigh","2100",5.99971865068
"03100207_29000000_CEDAR_CREEK",6110,7964,"CEDAR CREEK","03100207","29000000","STREAM","tbcmp_PD_HA_IntHigh_2100","PD","HA","IntHigh","2100",7.871789017136
"03100207_29000000_CEDAR_CREEK",6120,36060,"CEDAR CREEK","03100207","29000000","STREAM","tbcmp_PD_HA_IntHigh_2100","PD","HA","IntHigh","2100",35.64248015544
"03100207_29000000_CEDAR_CREEK",6410,2200,"CEDAR CREEK","03100207","29000000","STREAM","tbcmp_PD_HA_IntHigh_2100","PD","HA","IntHigh","2100",2.1745273528
"03100207_29000000_CEDAR_CREEK",6420,6193,"CEDAR CREEK","03100207","29000000","STREAM","tbcmp_PD_HA_IntHigh_2100","PD","HA","IntHigh","2100",6.121294498132
"03100207_29000000_CEDAR_CREEK",6600,12832,"CEDAR CREEK","03100207","29000000","STREAM","tbcmp_PD_HA_IntHigh_2100","PD","HA","IntHigh","2100",12.683424995968
"03100207_29000000_CEDAR_CREEK",9113,24153,"CEDAR CREEK","03100207","29000000","STREAM","tbcmp_PD_HA_IntHigh_2100","PD","HA","IntHigh","2100",23.873345069172
"03100207_30000000_CURLEW_CREEK",1100,140618,"CURLEW CREEK","03100207","30000000","STREAM","tbcmp_PD_HA_IntHigh_2100","PD","HA","IntHigh","2100",138.989857861832
"03100207_30000000_CURLEW_CREEK",1200,3556628,"CURLEW CREEK","03100207","30000000","STREAM","tbcmp_PD_HA_IntHigh_2100","PD","HA","IntHigh","2100",3515.44766806107
"03100207_30000000_CURLEW_CREEK",1800,44338,"CURLEW CREEK","03100207","30000000","STREAM","tbcmp_PD_HA_IntHigh_2100","PD","HA","IntHigh","2100",43.824633531112
"03100207_30000000_CURLEW_CREEK",1820,135416,"CURLEW CREEK","03100207","30000000","STREAM","tbcmp_PD_HA_IntHigh_2100","PD","HA","IntHigh","2100",133.848089093984
"03100207_30000000_CURLEW_CREEK",1900,22895,"CURLEW CREEK","03100207","30000000","STREAM","tbcmp_PD_HA_IntHigh_2100","PD","HA","IntHigh","2100",22.62991079198
"03100207_30000000_CURLEW_CREEK",4100,56193,"CURLEW CREEK","03100207","30000000","STREAM","tbcmp_PD_HA_IntHigh_2100","PD","HA","IntHigh","2100",55.542370698132
"03100207_30000000_CURLEW_CREEK",5200,95882,"CURLEW CREEK","03100207","30000000","STREAM","tbcmp_PD_HA_IntHigh_2100","PD","HA","IntHigh","2100",94.771832564168
"03100207_30000000_CURLEW_CREEK",5400,13617,"CURLEW CREEK","03100207","30000000","STREAM","tbcmp_PD_HA_IntHigh_2100","PD","HA","IntHigh","2100",13.459335892308
"03100207_30000000_CURLEW_CREEK",6110,50462,"CURLEW CREEK","03100207","30000000","STREAM","tbcmp_PD_HA_IntHigh_2100","PD","HA","IntHigh","2100",49.877726944088
"03100207_30000000_CURLEW_CREEK",6120,5398,"CURLEW CREEK","03100207","30000000","STREAM","tbcmp_PD_HA_IntHigh_2100","PD","HA","IntHigh","2100",5.335499386552
"03100207_30000000_CURLEW_CREEK",6410,57775,"CURLEW CREEK","03100207","30000000","STREAM","tbcmp_PD_HA_IntHigh_2100","PD","HA","IntHigh","2100",57.1060535491
"03100207_30000000_CURLEW_CREEK",6420,754,"CURLEW CREEK","03100207","30000000","STREAM","tbcmp_PD_HA_IntHigh_2100","PD","HA","IntHigh","2100",0.745269829096
"03100207_30000000_CURLEW_CREEK",6600,1934,"CURLEW CREEK","03100207","30000000","STREAM","tbcmp_PD_HA_IntHigh_2100","PD","HA","IntHigh","2100",1.911607227416
"03100207_30000000_CURLEW_CREEK",9113,13231,"CURLEW CREEK","03100207","30000000","STREAM","tbcmp_PD_HA_IntHigh_2100","PD","HA","IntHigh","2100",13.077805184044
"03100207_30500000_JERRY_BRANCH",1100,34253,"JERRY BRANCH","03100207","30500000","STREAM","tbcmp_PD_HA_IntHigh_2100","PD","HA","IntHigh","2100",33.856402461572
"03100207_30500000_JERRY_BRANCH",1200,1924445,"JERRY BRANCH","03100207","30500000","STREAM","tbcmp_PD_HA_IntHigh_2100","PD","HA","IntHigh","2100",1902.16285975418
"03100207_30500000_JERRY_BRANCH",1800,48228,"JERRY BRANCH","03100207","30500000","STREAM","tbcmp_PD_HA_IntHigh_2100","PD","HA","IntHigh","2100",47.669593259472
"03100207_30500000_JERRY_BRANCH",1820,50584,"JERRY BRANCH","03100207","30500000","STREAM","tbcmp_PD_HA_IntHigh_2100","PD","HA","IntHigh","2100",49.998314370016
"03100207_30500000_JERRY_BRANCH",1900,28193,"JERRY BRANCH","03100207","30500000","STREAM","tbcmp_PD_HA_IntHigh_2100","PD","HA","IntHigh","2100",27.866568026132
"03100207_30500000_JERRY_BRANCH",4100,57340,"JERRY BRANCH","03100207","30500000","STREAM","tbcmp_PD_HA_IntHigh_2100","PD","HA","IntHigh","2100",56.67609018616
"03100207_30500000_JERRY_BRANCH",5200,110478,"JERRY BRANCH","03100207","30500000","STREAM","tbcmp_PD_HA_IntHigh_2100","PD","HA","IntHigh","2100",109.198833128472
"03100207_30500000_JERRY_BRANCH",6110,93791,"JERRY BRANCH","03100207","30500000","STREAM","tbcmp_PD_HA_IntHigh_2100","PD","HA","IntHigh","2100",92.705043157484
"03100207_30500000_JERRY_BRANCH",6410,16844,"JERRY BRANCH","03100207","30500000","STREAM","tbcmp_PD_HA_IntHigh_2100","PD","HA","IntHigh","2100",16.648972150256
"03100207_30500000_JERRY_BRANCH",6600,1,"JERRY BRANCH","03100207","30500000","STREAM","tbcmp_PD_HA_IntHigh_2100","PD","HA","IntHigh","2100",0.000988421524
"03100207_32000000_SUTHERLAND_BAYOU",1100,75964,"SUTHERLAND BAYOU","03100207","32000000","BAYOU","tbcmp_PD_HA_IntHigh_2100","PD","HA","IntHigh","2100",75.084452649136
"03100207_32000000_SUTHERLAND_BAYOU",1200,972275,"SUTHERLAND BAYOU","03100207","32000000","BAYOU","tbcmp_PD_HA_IntHigh_2100","PD","HA","IntHigh","2100",961.0175372471
"03100207_32000000_SUTHERLAND_BAYOU",1800,13770,"SUTHERLAND BAYOU","03100207","32000000","BAYOU","tbcmp_PD_HA_IntHigh_2100","PD","HA","IntHigh","2100",13.61056438548
"03100207_32000000_SUTHERLAND_BAYOU",1900,4914,"SUTHERLAND BAYOU","03100207","32000000","BAYOU","tbcmp_PD_HA_IntHigh_2100","PD","HA","IntHigh","2100",4.857103368936
"03100207_32000000_SUTHERLAND_BAYOU",4100,877,"SUTHERLAND BAYOU","03100207","32000000","BAYOU","tbcmp_PD_HA_IntHigh_2100","PD","HA","IntHigh","2100",0.866845676548
"03100207_32000000_SUTHERLAND_BAYOU",5200,13028,"SUTHERLAND BAYOU","03100207","32000000","BAYOU","tbcmp_PD_HA_IntHigh_2100","PD","HA","IntHigh","2100",12.877155614672
"03100207_32000000_SUTHERLAND_BAYOU",5400,11047,"SUTHERLAND BAYOU","03100207","32000000","BAYOU","tbcmp_PD_HA_IntHigh_2100","PD","HA","IntHigh","2100",10.919092575628
"03100207_32000000_SUTHERLAND_BAYOU",6110,34848,"SUTHERLAND BAYOU","03100207","32000000","BAYOU","tbcmp_PD_HA_IntHigh_2100","PD","HA","IntHigh","2100",34.444513268352
"03100207_32000000_SUTHERLAND_BAYOU",6120,3900,"SUTHERLAND BAYOU","03100207","32000000","BAYOU","tbcmp_PD_HA_IntHigh_2100","PD","HA","IntHigh","2100",3.8548439436
"03100207_32000000_SUTHERLAND_BAYOU",6410,8531,"SUTHERLAND BAYOU","03100207","32000000","BAYOU","tbcmp_PD_HA_IntHigh_2100","PD","HA","IntHigh","2100",8.432224021244
"03100207_32000000_SUTHERLAND_BAYOU",6420,205,"SUTHERLAND BAYOU","03100207","32000000","BAYOU","tbcmp_PD_HA_IntHigh_2100","PD","HA","IntHigh","2100",0.20262641242
"03100207_32000000_SUTHERLAND_BAYOU",6600,404,"SUTHERLAND BAYOU","03100207","32000000","BAYOU","tbcmp_PD_HA_IntHigh_2100","PD","HA","IntHigh","2100",0.399322295696
"03100207_32000000_SUTHERLAND_BAYOU",9113,3678,"SUTHERLAND BAYOU","03100207","32000000","BAYOU","tbcmp_PD_HA_IntHigh_2100","PD","HA","IntHigh","2100",3.635414365272
"03100207_37000000_KLOSTERMAN_BAYOU_RUN",1100,37237,"KLOSTERMAN BAYOU RUN","03100207","37000000","STREAM","tbcmp_PD_HA_IntHigh_2100","PD","HA","IntHigh","2100",36.805852289188
"03100207_37000000_KLOSTERMAN_BAYOU_RUN",1200,878822,"KLOSTERMAN BAYOU RUN","03100207","37000000","STREAM","tbcmp_PD_HA_IntHigh_2100","PD","HA","IntHigh","2100",868.646580564728
"03100207_37000000_KLOSTERMAN_BAYOU_RUN",1800,51258,"KLOSTERMAN BAYOU RUN","03100207","37000000","STREAM","tbcmp_PD_HA_IntHigh_2100","PD","HA","IntHigh","2100",50.664510477192
"03100207_37000000_KLOSTERMAN_BAYOU_RUN",1820,428126,"KLOSTERMAN BAYOU RUN","03100207","37000000","STREAM","tbcmp_PD_HA_IntHigh_2100","PD","HA","IntHigh","2100",423.168953384024
"03100207_37000000_KLOSTERMAN_BAYOU_RUN",1900,8324,"KLOSTERMAN BAYOU RUN","03100207","37000000","STREAM","tbcmp_PD_HA_IntHigh_2100","PD","HA","IntHigh","2100",8.227620765776
"03100207_37000000_KLOSTERMAN_BAYOU_RUN",3200,86,"KLOSTERMAN BAYOU RUN","03100207","37000000","STREAM","tbcmp_PD_HA_IntHigh_2100","PD","HA","IntHigh","2100",0.085004251064
"03100207_37000000_KLOSTERMAN_BAYOU_RUN",4100,48440,"KLOSTERMAN BAYOU RUN","03100207","37000000","STREAM","tbcmp_PD_HA_IntHigh_2100","PD","HA","IntHigh","2100",47.87913862256
"03100207_37000000_KLOSTERMAN_BAYOU_RUN",5200,18752,"KLOSTERMAN BAYOU RUN","03100207","37000000","STREAM","tbcmp_PD_HA_IntHigh_2100","PD","HA","IntHigh","2100",18.534880418048
"03100207_37000000_KLOSTERMAN_BAYOU_RUN",5400,88970,"KLOSTERMAN BAYOU RUN","03100207","37000000","STREAM","tbcmp_PD_HA_IntHigh_2100","PD","HA","IntHigh","2100",87.93986299028
"03100207_37000000_KLOSTERMAN_BAYOU_RUN",6110,38127,"KLOSTERMAN BAYOU RUN","03100207","37000000","STREAM","tbcmp_PD_HA_IntHigh_2100","PD","HA","IntHigh","2100",37.685547445548
"03100207_37000000_KLOSTERMAN_BAYOU_RUN",6120,55728,"KLOSTERMAN BAYOU RUN","03100207","37000000","STREAM","tbcmp_PD_HA_IntHigh_2100","PD","HA","IntHigh","2100",55.082754689472
"03100207_37000000_KLOSTERMAN_BAYOU_RUN",6410,3441,"KLOSTERMAN BAYOU RUN","03100207","37000000","STREAM","tbcmp_PD_HA_IntHigh_2100","PD","HA","IntHigh","2100",3.401158464084
"03100207_37000000_KLOSTERMAN_BAYOU_RUN",6420,9252,"KLOSTERMAN BAYOU RUN","03100207","37000000","STREAM","tbcmp_PD_HA_IntHigh_2100","PD","HA","IntHigh","2100",9.144875940048
"03100207_37000000_KLOSTERMAN_BAYOU_RUN",6600,21076,"KLOSTERMAN BAYOU RUN","03100207","37000000","STREAM","tbcmp_PD_HA_IntHigh_2100","PD","HA","IntHigh","2100",20.831972039824
"03100207_37000000_KLOSTERMAN_BAYOU_RUN",9113,29304,"KLOSTERMAN BAYOU RUN","03100207","37000000","STREAM","tbcmp_PD_HA_IntHigh_2100","PD","HA","IntHigh","2100",28.964704339296
"03100207_40120000_SANDY_BRANCH",1200,1078392,"SANDY BRANCH","03100207","40120000","STREAM","tbcmp_PD_HA_IntHigh_2100","PD","HA","IntHigh","2100",1065.90586410941
"03100207_40120000_SANDY_BRANCH",1800,12804,"SANDY BRANCH","03100207","40120000","STREAM","tbcmp_PD_HA_IntHigh_2100","PD","HA","IntHigh","2100",12.655749193296
"03100207_40120000_SANDY_BRANCH",1900,234745,"SANDY BRANCH","03100207","40120000","STREAM","tbcmp_PD_HA_IntHigh_2100","PD","HA","IntHigh","2100",232.02701065138
"03100207_40120000_SANDY_BRANCH",2100,196603,"SANDY BRANCH","03100207","40120000","STREAM","tbcmp_PD_HA_IntHigh_2100","PD","HA","IntHigh","2100",194.326636882972
"03100207_40120000_SANDY_BRANCH",3200,18218,"SANDY BRANCH","03100207","40120000","STREAM","tbcmp_PD_HA_IntHigh_2100","PD","HA","IntHigh","2100",18.007063324232
"03100207_40120000_SANDY_BRANCH",4100,190984,"SANDY BRANCH","03100207","40120000","STREAM","tbcmp_PD_HA_IntHigh_2100","PD","HA","IntHigh","2100",188.772696339616
"03100207_40120000_SANDY_BRANCH",4400,226646,"SANDY BRANCH","03100207","40120000","STREAM","tbcmp_PD_HA_IntHigh_2100","PD","HA","IntHigh","2100",224.021784728504
"03100207_40120000_SANDY_BRANCH",5200,210775,"SANDY BRANCH","03100207","40120000","STREAM","tbcmp_PD_HA_IntHigh_2100","PD","HA","IntHigh","2100",208.3345467211
"03100207_40120000_SANDY_BRANCH",6110,504038,"SANDY BRANCH","03100207","40120000","STREAM","tbcmp_PD_HA_IntHigh_2100","PD","HA","IntHigh","2100",498.202008113912
"03100207_40120000_SANDY_BRANCH",6410,241620,"SANDY BRANCH","03100207","40120000","STREAM","tbcmp_PD_HA_IntHigh_2100","PD","HA","IntHigh","2100",238.82240862888
"03100207_40140000_CROSS_CYPRESS_BRANCH",1200,180733,"CROSS CYPRESS BRANCH","03100207","40140000","STREAM","tbcmp_PD_HA_IntHigh_2100","PD","HA","IntHigh","2100",178.640387297092
"03100207_40140000_CROSS_CYPRESS_BRANCH",1900,886477,"CROSS CYPRESS BRANCH","03100207","40140000","STREAM","tbcmp_PD_HA_IntHigh_2100","PD","HA","IntHigh","2100",876.212947330948
"03100207_40140000_CROSS_CYPRESS_BRANCH",2100,254152,"CROSS CYPRESS BRANCH","03100207","40140000","STREAM","tbcmp_PD_HA_IntHigh_2100","PD","HA","IntHigh","2100",251.209307167648
"03100207_40140000_CROSS_CYPRESS_BRANCH",3200,569548,"CROSS CYPRESS BRANCH","03100207","40140000","STREAM","tbcmp_PD_HA_IntHigh_2100","PD","HA","IntHigh","2100",562.953502151152
"03100207_40140000_CROSS_CYPRESS_BRANCH",4100,1688943,"CROSS CYPRESS BRANCH","03100207","40140000","STREAM","tbcmp_PD_HA_IntHigh_2100","PD","HA","IntHigh","2100",1669.38761400913
"03100207_40140000_CROSS_CYPRESS_BRANCH",4400,2022,"CROSS CYPRESS BRANCH","03100207","40140000","STREAM","tbcmp_PD_HA_IntHigh_2100","PD","HA","IntHigh","2100",1.998588321528
"03100207_40140000_CROSS_CYPRESS_BRANCH",5200,74586,"CROSS CYPRESS BRANCH","03100207","40140000","STREAM","tbcmp_PD_HA_IntHigh_2100","PD","HA","IntHigh","2100",73.722407789064
"03100207_40140000_CROSS_CYPRESS_BRANCH",6110,1539711,"CROSS CYPRESS BRANCH","03100207","40140000","STREAM","tbcmp_PD_HA_IntHigh_2100","PD","HA","IntHigh","2100",1521.88349313956
"03100207_40140000_CROSS_CYPRESS_BRANCH",6410,240109,"CROSS CYPRESS BRANCH","03100207","40140000","STREAM","tbcmp_PD_HA_IntHigh_2100","PD","HA","IntHigh","2100",237.328903706116
"03100207_40500000_SOUTH_BRANCH",1100,420643,"SOUTH BRANCH","03100207","40500000","STREAM","tbcmp_PD_HA_IntHigh_2100","PD","HA","IntHigh","2100",415.772595119932
"03100207_40500000_SOUTH_BRANCH",1200,4294476,"SOUTH BRANCH","03100207","40500000","STREAM","tbcmp_PD_HA_IntHigh_2100","PD","HA","IntHigh","2100",4244.75251270142
"03100207_40500000_SOUTH_BRANCH",1800,43381,"SOUTH BRANCH","03100207","40500000","STREAM","tbcmp_PD_HA_IntHigh_2100","PD","HA","IntHigh","2100",42.878714132644
"03100207_40500000_SOUTH_BRANCH",1820,21192,"SOUTH BRANCH","03100207","40500000","STREAM","tbcmp_PD_HA_IntHigh_2100","PD","HA","IntHigh","2100",20.946628936608
"03100207_40500000_SOUTH_BRANCH",1900,666949,"SOUTH BRANCH","03100207","40500000","STREAM","tbcmp_PD_HA_IntHigh_2100","PD","HA","IntHigh","2100",659.226747010276
"03100207_40500000_SOUTH_BRANCH",2100,365728,"SOUTH BRANCH","03100207","40500000","STREAM","tbcmp_PD_HA_IntHigh_2100","PD","HA","IntHigh","2100",361.493427129472
"03100207_40500000_SOUTH_BRANCH",2400,6684,"SOUTH BRANCH","03100207","40500000","STREAM","tbcmp_PD_HA_IntHigh_2100","PD","HA","IntHigh","2100",6.606609466416
"03100207_40500000_SOUTH_BRANCH",3200,172320,"SOUTH BRANCH","03100207","40500000","STREAM","tbcmp_PD_HA_IntHigh_2100","PD","HA","IntHigh","2100",170.32479701568
"03100207_40500000_SOUTH_BRANCH",4100,867372,"SOUTH BRANCH","03100207","40500000","STREAM","tbcmp_PD_HA_IntHigh_2100","PD","HA","IntHigh","2100",857.329154114928
"03100207_40500000_SOUTH_BRANCH",4400,346181,"SOUTH BRANCH","03100207","40500000","STREAM","tbcmp_PD_HA_IntHigh_2100","PD","HA","IntHigh","2100",342.172751599844
"03100207_40500000_SOUTH_BRANCH",5200,1199146,"SOUTH BRANCH","03100207","40500000","STREAM","tbcmp_PD_HA_IntHigh_2100","PD","HA","IntHigh","2100",1185.2617168185
"03100207_40500000_SOUTH_BRANCH",6110,2473917,"SOUTH BRANCH","03100207","40500000","STREAM","tbcmp_PD_HA_IntHigh_2100","PD","HA","IntHigh","2100",2445.27281138951
"03100207_40500000_SOUTH_BRANCH",6410,928557,"SOUTH BRANCH","03100207","40500000","STREAM","tbcmp_PD_HA_IntHigh_2100","PD","HA","IntHigh","2100",917.805725060868
"03100207_40508000_LAKE_ANN_OUTLET",1100,267700,"LAKE ANN OUTLET","03100207","40508000","OUTLET","tbcmp_PD_HA_IntHigh_2100","PD","HA","IntHigh","2100",264.6004419748
"03100207_40508000_LAKE_ANN_OUTLET",1200,885371,"LAKE ANN OUTLET","03100207","40508000","OUTLET","tbcmp_PD_HA_IntHigh_2100","PD","HA","IntHigh","2100",875.119753125404
"03100207_40508000_LAKE_ANN_OUTLET",1800,10039,"LAKE ANN OUTLET","03100207","40508000","OUTLET","tbcmp_PD_HA_IntHigh_2100","PD","HA","IntHigh","2100",9.922763679436
"03100207_40508000_LAKE_ANN_OUTLET",1900,26412,"LAKE ANN OUTLET","03100207","40508000","OUTLET","tbcmp_PD_HA_IntHigh_2100","PD","HA","IntHigh","2100",26.106189291888
"03100207_40508000_LAKE_ANN_OUTLET",2100,68611,"LAKE ANN OUTLET","03100207","40508000","OUTLET","tbcmp_PD_HA_IntHigh_2100","PD","HA","IntHigh","2100",67.816589183164
"03100207_40508000_LAKE_ANN_OUTLET",2400,1431,"LAKE ANN OUTLET","03100207","40508000","OUTLET","tbcmp_PD_HA_IntHigh_2100","PD","HA","IntHigh","2100",1.414431200844
"03100207_40508000_LAKE_ANN_OUTLET",3200,18665,"LAKE ANN OUTLET","03100207","40508000","OUTLET","tbcmp_PD_HA_IntHigh_2100","PD","HA","IntHigh","2100",18.44888774546
"03100207_40508000_LAKE_ANN_OUTLET",4100,15006,"LAKE ANN OUTLET","03100207","40508000","OUTLET","tbcmp_PD_HA_IntHigh_2100","PD","HA","IntHigh","2100",14.832253389144
"03100207_40508000_LAKE_ANN_OUTLET",5200,371904,"LAKE ANN OUTLET","03100207","40508000","OUTLET","tbcmp_PD_HA_IntHigh_2100","PD","HA","IntHigh","2100",367.597918461696
"03100207_40508000_LAKE_ANN_OUTLET",6110,219153,"LAKE ANN OUTLET","03100207","40508000","OUTLET","tbcmp_PD_HA_IntHigh_2100","PD","HA","IntHigh","2100",216.615542249172
"03100207_40508000_LAKE_ANN_OUTLET",6410,46728,"LAKE ANN OUTLET","03100207","40508000","OUTLET","tbcmp_PD_HA_IntHigh_2100","PD","HA","IntHigh","2100",46.186960973472
"03100207_40600000_DUCK_SLOUGH",1100,122136,"DUCK SLOUGH","03100207","40600000","SLOUGH","tbcmp_PD_HA_IntHigh_2100","PD","HA","IntHigh","2100",120.721851255264
"03100207_40600000_DUCK_SLOUGH",1200,3465199,"DUCK SLOUGH","03100207","40600000","SLOUGH","tbcmp_PD_HA_IntHigh_2100","PD","HA","IntHigh","2100",3425.07727654328
"03100207_40600000_DUCK_SLOUGH",1800,45270,"DUCK SLOUGH","03100207","40600000","SLOUGH","tbcmp_PD_HA_IntHigh_2100","PD","HA","IntHigh","2100",44.74584239148
"03100207_40600000_DUCK_SLOUGH",1820,161216,"DUCK SLOUGH","03100207","40600000","SLOUGH","tbcmp_PD_HA_IntHigh_2100","PD","HA","IntHigh","2100",159.349364413184
"03100207_40600000_DUCK_SLOUGH",1900,369397,"DUCK SLOUGH","03100207","40600000","SLOUGH","tbcmp_PD_HA_IntHigh_2100","PD","HA","IntHigh","2100",365.119945701028
"03100207_40600000_DUCK_SLOUGH",2100,786586,"DUCK SLOUGH","03100207","40600000","SLOUGH","tbcmp_PD_HA_IntHigh_2100","PD","HA","IntHigh","2100",777.478532877064
"03100207_40600000_DUCK_SLOUGH",3200,50639,"DUCK SLOUGH","03100207","40600000","SLOUGH","tbcmp_PD_HA_IntHigh_2100","PD","HA","IntHigh","2100",50.052677553836
"03100207_40600000_DUCK_SLOUGH",4100,20327,"DUCK SLOUGH","03100207","40600000","SLOUGH","tbcmp_PD_HA_IntHigh_2100","PD","HA","IntHigh","2100",20.091644318348
"03100207_40600000_DUCK_SLOUGH",4400,66720,"DUCK SLOUGH","03100207","40600000","SLOUGH","tbcmp_PD_HA_IntHigh_2100","PD","HA","IntHigh","2100",65.94748408128
"03100207_40600000_DUCK_SLOUGH",5200,600809,"DUCK SLOUGH","03100207","40600000","SLOUGH","tbcmp_PD_HA_IntHigh_2100","PD","HA","IntHigh","2100",593.852547412916
"03100207_40600000_DUCK_SLOUGH",5400,332,"DUCK SLOUGH","03100207","40600000","SLOUGH","tbcmp_PD_HA_IntHigh_2100","PD","HA","IntHigh","2100",0.328155945968
"03100207_40600000_DUCK_SLOUGH",6110,1243213,"DUCK SLOUGH","03100207","40600000","SLOUGH","tbcmp_PD_HA_IntHigh_2100","PD","HA","IntHigh","2100",1228.81848811661
"03100207_40600000_DUCK_SLOUGH",6120,296,"DUCK SLOUGH","03100207","40600000","SLOUGH","tbcmp_PD_HA_IntHigh_2100","PD","HA","IntHigh","2100",0.292572771104
"03100207_40600000_DUCK_SLOUGH",6410,254222,"DUCK SLOUGH","03100207","40600000","SLOUGH","tbcmp_PD_HA_IntHigh_2100","PD","HA","IntHigh","2100",251.278496674328
"03100207_40600000_DUCK_SLOUGH",6420,347,"DUCK SLOUGH","03100207","40600000","SLOUGH","tbcmp_PD_HA_IntHigh_2100","PD","HA","IntHigh","2100",0.342982268828
"03100207_40600000_DUCK_SLOUGH",6425,673,"DUCK SLOUGH","03100207","40600000","SLOUGH","tbcmp_PD_HA_IntHigh_2100","PD","HA","IntHigh","2100",0.665207685652
"03100207_40600000_DUCK_SLOUGH",6510,431,"DUCK SLOUGH","03100207","40600000","SLOUGH","tbcmp_PD_HA_IntHigh_2100","PD","HA","IntHigh","2100",0.426009676844
"03100207_40600000_DUCK_SLOUGH",6600,1026,"DUCK SLOUGH","03100207","40600000","SLOUGH","tbcmp_PD_HA_IntHigh_2100","PD","HA","IntHigh","2100",1.014120483624
"03100207_40600000_DUCK_SLOUGH",9113,5966,"DUCK SLOUGH","03100207","40600000","SLOUGH","tbcmp_PD_HA_IntHigh_2100","PD","HA","IntHigh","2100",5.896922812184
"03100207_40700000_SALT_LAKE",1100,51193,"SALT LAKE","03100207","40700000","LAKE","tbcmp_PD_HA_IntHigh_2100","PD","HA","IntHigh","2100",50.600263078132
"03100207_40700000_SALT_LAKE",1200,151408,"SALT LAKE","03100207","40700000","LAKE","tbcmp_PD_HA_IntHigh_2100","PD","HA","IntHigh","2100",149.654926105792
"03100207_40700000_SALT_LAKE",1800,12931,"SALT LAKE","03100207","40700000","LAKE","tbcmp_PD_HA_IntHigh_2100","PD","HA","IntHigh","2100",12.781278726844
"03100207_40700000_SALT_LAKE",1900,15942,"SALT LAKE","03100207","40700000","LAKE","tbcmp_PD_HA_IntHigh_2100","PD","HA","IntHigh","2100",15.757415935608
"03100207_40700000_SALT_LAKE",4100,12694,"SALT LAKE","03100207","40700000","LAKE","tbcmp_PD_HA_IntHigh_2100","PD","HA","IntHigh","2100",12.547022825656
"03100207_40700000_SALT_LAKE",5200,3760,"SALT LAKE","03100207","40700000","LAKE","tbcmp_PD_HA_IntHigh_2100","PD","HA","IntHigh","2100",3.71646493024
"03100207_40700000_SALT_LAKE",5400,206256,"SALT LAKE","03100207","40700000","LAKE","tbcmp_PD_HA_IntHigh_2100","PD","HA","IntHigh","2100",203.867869854144
"03100207_40700000_SALT_LAKE",6110,1137,"SALT LAKE","03100207","40700000","LAKE","tbcmp_PD_HA_IntHigh_2100","PD","HA","IntHigh","2100",1.123835272788
"03100207_40700000_SALT_LAKE",6120,17884,"SALT LAKE","03100207","40700000","LAKE","tbcmp_PD_HA_IntHigh_2100","PD","HA","IntHigh","2100",17.676930535216
"03100207_40700000_SALT_LAKE",6410,2923,"SALT LAKE","03100207","40700000","LAKE","tbcmp_PD_HA_IntHigh_2100","PD","HA","IntHigh","2100",2.889156114652
"03100207_40700000_SALT_LAKE",6420,3849,"SALT LAKE","03100207","40700000","LAKE","tbcmp_PD_HA_IntHigh_2100","PD","HA","IntHigh","2100",3.804434445876
"03100207_40700000_SALT_LAKE",6425,2743,"SALT LAKE","03100207","40700000","LAKE","tbcmp_PD_HA_IntHigh_2100","PD","HA","IntHigh","2100",2.711240240332
"03100207_40700000_SALT_LAKE",6510,3092,"SALT LAKE","03100207","40700000","LAKE","tbcmp_PD_HA_IntHigh_2100","PD","HA","IntHigh","2100",3.056199352208
"03100207_40700000_SALT_LAKE",6600,8649,"SALT LAKE","03100207","40700000","LAKE","tbcmp_PD_HA_IntHigh_2100","PD","HA","IntHigh","2100",8.548857761076
"03100207_40700000_SALT_LAKE",9113,53997,"SALT LAKE","03100207","40700000","LAKE","tbcmp_PD_HA_IntHigh_2100","PD","HA","IntHigh","2100",53.371797031428
"03100207_40701000_HOLLIN_CREEK",1100,478718,"HOLLIN CREEK","03100207","40701000","STREAM","tbcmp_PD_HA_IntHigh_2100","PD","HA","IntHigh","2100",473.175175126232
"03100207_40701000_HOLLIN_CREEK",1200,832984,"HOLLIN CREEK","03100207","40701000","STREAM","tbcmp_PD_HA_IntHigh_2100","PD","HA","IntHigh","2100",823.339314747616
"03100207_40701000_HOLLIN_CREEK",1800,43275,"HOLLIN CREEK","03100207","40701000","STREAM","tbcmp_PD_HA_IntHigh_2100","PD","HA","IntHigh","2100",42.7739414511
"03100207_40701000_HOLLIN_CREEK",1820,410804,"HOLLIN CREEK","03100207","40701000","STREAM","tbcmp_PD_HA_IntHigh_2100","PD","HA","IntHigh","2100",406.047515745296
"03100207_40701000_HOLLIN_CREEK",1900,317273,"HOLLIN CREEK","03100207","40701000","STREAM","tbcmp_PD_HA_IntHigh_2100","PD","HA","IntHigh","2100",313.599462184052
"03100207_40701000_HOLLIN_CREEK",2100,1021997,"HOLLIN CREEK","03100207","40701000","STREAM","tbcmp_PD_HA_IntHigh_2100","PD","HA","IntHigh","2100",1010.16383226343
"03100207_40701000_HOLLIN_CREEK",3200,161647,"HOLLIN CREEK","03100207","40701000","STREAM","tbcmp_PD_HA_IntHigh_2100","PD","HA","IntHigh","2100",159.775374090028
"03100207_40701000_HOLLIN_CREEK",4100,736616,"HOLLIN CREEK","03100207","40701000","STREAM","tbcmp_PD_HA_IntHigh_2100","PD","HA","IntHigh","2100",728.087109322784
"03100207_40701000_HOLLIN_CREEK",4400,231350,"HOLLIN CREEK","03100207","40701000","STREAM","tbcmp_PD_HA_IntHigh_2100","PD","HA","IntHigh","2100",228.6713195774
"03100207_40701000_HOLLIN_CREEK",5200,259492,"HOLLIN CREEK","03100207","40701000","STREAM","tbcmp_PD_HA_IntHigh_2100","PD","HA","IntHigh","2100",256.487478105808
"03100207_40701000_HOLLIN_CREEK",5400,23344,"HOLLIN CREEK","03100207","40701000","STREAM","tbcmp_PD_HA_IntHigh_2100","PD","HA","IntHigh","2100",23.073712056256
"03100207_40701000_HOLLIN_CREEK",6110,1124332,"HOLLIN CREEK","03100207","40701000","STREAM","tbcmp_PD_HA_IntHigh_2100","PD","HA","IntHigh","2100",1111.31394892197
"03100207_40701000_HOLLIN_CREEK",6120,10678,"HOLLIN CREEK","03100207","40701000","STREAM","tbcmp_PD_HA_IntHigh_2100","PD","HA","IntHigh","2100",10.554365033272
"03100207_40701000_HOLLIN_CREEK",6410,495448,"HOLLIN CREEK","03100207","40701000","STREAM","tbcmp_PD_HA_IntHigh_2100","PD","HA","IntHigh","2100",489.711467222752
"03100207_40701000_HOLLIN_CREEK",6420,3278,"HOLLIN CREEK","03100207","40701000","STREAM","tbcmp_PD_HA_IntHigh_2100","PD","HA","IntHigh","2100",3.240045755672
"03100207_40701000_HOLLIN_CREEK",6425,9185,"HOLLIN CREEK","03100207","40701000","STREAM","tbcmp_PD_HA_IntHigh_2100","PD","HA","IntHigh","2100",9.07865169794
"03100207_40701000_HOLLIN_CREEK",6510,15475,"HOLLIN CREEK","03100207","40701000","STREAM","tbcmp_PD_HA_IntHigh_2100","PD","HA","IntHigh","2100",15.2958230839
"03100207_40701000_HOLLIN_CREEK",6600,8852,"HOLLIN CREEK","03100207","40701000","STREAM","tbcmp_PD_HA_IntHigh_2100","PD","HA","IntHigh","2100",8.749507330448
"03100207_40701000_HOLLIN_CREEK",9113,190926,"HOLLIN CREEK","03100207","40701000","STREAM","tbcmp_PD_HA_IntHigh_2100","PD","HA","IntHigh","2100",188.715367891224
"03100207_40990000_ANCLOTE_RIVER",1100,717574,"ANCLOTE RIVER","03100207","40990000","STREAM","tbcmp_PD_HA_IntHigh_2100","PD","HA","IntHigh","2100",709.265586662776
"03100207_40990000_ANCLOTE_RIVER",1200,12359107,"ANCLOTE RIVER","03100207","40990000","STREAM","tbcmp_PD_HA_IntHigh_2100","PD","HA","IntHigh","2100",12216.0073762191
"03100207_40990000_ANCLOTE_RIVER",1800,215359,"ANCLOTE RIVER","03100207","40990000","STREAM","tbcmp_PD_HA_IntHigh_2100","PD","HA","IntHigh","2100",212.865470987116
"03100207_40990000_ANCLOTE_RIVER",1820,392257,"ANCLOTE RIVER","03100207","40990000","STREAM","tbcmp_PD_HA_IntHigh_2100","PD","HA","IntHigh","2100",387.715261739668
"03100207_40990000_ANCLOTE_RIVER",1900,2074892,"ANCLOTE RIVER","03100207","40990000","STREAM","tbcmp_PD_HA_IntHigh_2100","PD","HA","IntHigh","2100",2050.86791277541
"03100207_40990000_ANCLOTE_RIVER",2100,4183560,"ANCLOTE RIVER","03100207","40990000","STREAM","tbcmp_PD_HA_IntHigh_2100","PD","HA","IntHigh","2100",4135.12075094544
"03100207_40990000_ANCLOTE_RIVER",2200,41658,"ANCLOTE RIVER","03100207","40990000","STREAM","tbcmp_PD_HA_IntHigh_2100","PD","HA","IntHigh","2100",41.175663846792
"03100207_40990000_ANCLOTE_RIVER",2400,2410,"ANCLOTE RIVER","03100207","40990000","STREAM","tbcmp_PD_HA_IntHigh_2100","PD","HA","IntHigh","2100",2.38209587284
"03100207_40990000_ANCLOTE_RIVER",3200,987877,"ANCLOTE RIVER","03100207","40990000","STREAM","tbcmp_PD_HA_IntHigh_2100","PD","HA","IntHigh","2100",976.438889864548
"03100207_40990000_ANCLOTE_RIVER",4100,3013375,"ANCLOTE RIVER","03100207","40990000","STREAM","tbcmp_PD_HA_IntHigh_2100","PD","HA","IntHigh","2100",2978.4847098835
"03100207_40990000_ANCLOTE_RIVER",4400,1191894,"ANCLOTE RIVER","03100207","40990000","STREAM","tbcmp_PD_HA_IntHigh_2100","PD","HA","IntHigh","2100",1178.09368392646
"03100207_40990000_ANCLOTE_RIVER",5200,1243126,"ANCLOTE RIVER","03100207","40990000","STREAM","tbcmp_PD_HA_IntHigh_2100","PD","HA","IntHigh","2100",1228.73249544402
"03100207_40990000_ANCLOTE_RIVER",5400,1299157,"ANCLOTE RIVER","03100207","40990000","STREAM","tbcmp_PD_HA_IntHigh_2100","PD","HA","IntHigh","2100",1284.11474185527
"03100207_40990000_ANCLOTE_RIVER",6110,5728167,"ANCLOTE RIVER","03100207","40990000","STREAM","tbcmp_PD_HA_IntHigh_2100","PD","HA","IntHigh","2100",5661.84355586651
"03100207_40990000_ANCLOTE_RIVER",6120,151302,"ANCLOTE RIVER","03100207","40990000","STREAM","tbcmp_PD_HA_IntHigh_2100","PD","HA","IntHigh","2100",149.550153424248
"03100207_40990000_ANCLOTE_RIVER",6410,1997519,"ANCLOTE RIVER","03100207","40990000","STREAM","tbcmp_PD_HA_IntHigh_2100","PD","HA","IntHigh","2100",1974.39077419896
"03100207_40990000_ANCLOTE_RIVER",6420,75746,"ANCLOTE RIVER","03100207","40990000","STREAM","tbcmp_PD_HA_IntHigh_2100","PD","HA","IntHigh","2100",74.868976756904
"03100207_40990000_ANCLOTE_RIVER",6425,116044,"ANCLOTE RIVER","03100207","40990000","STREAM","tbcmp_PD_HA_IntHigh_2100","PD","HA","IntHigh","2100",114.700387331056
"03100207_40990000_ANCLOTE_RIVER",6510,61042,"ANCLOTE RIVER","03100207","40990000","STREAM","tbcmp_PD_HA_IntHigh_2100","PD","HA","IntHigh","2100",60.335226668008
"03100207_40990000_ANCLOTE_RIVER",6600,147720,"ANCLOTE RIVER","03100207","40990000","STREAM","tbcmp_PD_HA_IntHigh_2100","PD","HA","IntHigh","2100",146.00962752528
"03100207_40990000_ANCLOTE_RIVER",9113,1034106,"ANCLOTE RIVER","03100207","40990000","STREAM","tbcmp_PD_HA_IntHigh_2100","PD","HA","IntHigh","2100",1022.13262849754
"03100207_50000000_CREWS_LAKE_OUTLET",1100,11099994,"CREWS LAKE OUTLET","03100207","50000000","OUTLET","tbcmp_PD_HA_IntHigh_2100","PD","HA","IntHigh","2100",10971.4729858709
"03100207_50000000_CREWS_LAKE_OUTLET",1200,6771187,"CREWS LAKE OUTLET","03100207","50000000","OUTLET","tbcmp_PD_HA_IntHigh_2100","PD","HA","IntHigh","2100",6692.78697382899
"03100207_50000000_CREWS_LAKE_OUTLET",1800,132998,"CREWS LAKE OUTLET","03100207","50000000","OUTLET","tbcmp_PD_HA_IntHigh_2100","PD","HA","IntHigh","2100",131.458085848952
"03100207_50000000_CREWS_LAKE_OUTLET",1820,190612,"CREWS LAKE OUTLET","03100207","50000000","OUTLET","tbcmp_PD_HA_IntHigh_2100","PD","HA","IntHigh","2100",188.405003532688
"03100207_50000000_CREWS_LAKE_OUTLET",1900,2453498,"CREWS LAKE OUTLET","03100207","50000000","OUTLET","tbcmp_PD_HA_IntHigh_2100","PD","HA","IntHigh","2100",2425.09023229095
"03100207_50000000_CREWS_LAKE_OUTLET",2100,15598080,"CREWS LAKE OUTLET","03100207","50000000","OUTLET","tbcmp_PD_HA_IntHigh_2100","PD","HA","IntHigh","2100",15417.4780050739
"03100207_50000000_CREWS_LAKE_OUTLET",2200,121597,"CREWS LAKE OUTLET","03100207","50000000","OUTLET","tbcmp_PD_HA_IntHigh_2100","PD","HA","IntHigh","2100",120.189092053828
"03100207_50000000_CREWS_LAKE_OUTLET",2400,176712,"CREWS LAKE OUTLET","03100207","50000000","OUTLET","tbcmp_PD_HA_IntHigh_2100","PD","HA","IntHigh","2100",174.665944349088
"03100207_50000000_CREWS_LAKE_OUTLET",3200,182583,"CREWS LAKE OUTLET","03100207","50000000","OUTLET","tbcmp_PD_HA_IntHigh_2100","PD","HA","IntHigh","2100",180.468967116492
"03100207_50000000_CREWS_LAKE_OUTLET",4100,10619480,"CREWS LAKE OUTLET","03100207","50000000","OUTLET","tbcmp_PD_HA_IntHigh_2100","PD","HA","IntHigh","2100",10496.5226056875
"03100207_50000000_CREWS_LAKE_OUTLET",4400,3403591,"CREWS LAKE OUTLET","03100207","50000000","OUTLET","tbcmp_PD_HA_IntHigh_2100","PD","HA","IntHigh","2100",3364.18260329268
"03100207_50000000_CREWS_LAKE_OUTLET",5200,1343405,"CREWS LAKE OUTLET","03100207","50000000","OUTLET","tbcmp_PD_HA_IntHigh_2100","PD","HA","IntHigh","2100",1327.85041744922
"03100207_50000000_CREWS_LAKE_OUTLET",6110,1509233,"CREWS LAKE OUTLET","03100207","50000000","OUTLET","tbcmp_PD_HA_IntHigh_2100","PD","HA","IntHigh","2100",1491.75838193109
"03100207_50000000_CREWS_LAKE_OUTLET",6410,2415350,"CREWS LAKE OUTLET","03100207","50000000","OUTLET","tbcmp_PD_HA_IntHigh_2100","PD","HA","IntHigh","2100",2387.3839279934
"03100207_50357000_PECKS_SINK_OVERFLOW",1100,1322646,"PECKS SINK OVERFLOW","03100207","50357000","NONCON","tbcmp_PD_HA_IntHigh_2100","PD","HA","IntHigh","2100",1307.3317750325
"03100207_50357000_PECKS_SINK_OVERFLOW",1200,545758,"PECKS SINK OVERFLOW","03100207","50357000","NONCON","tbcmp_PD_HA_IntHigh_2100","PD","HA","IntHigh","2100",539.438954095192
"03100207_50357000_PECKS_SINK_OVERFLOW",1800,53504,"PECKS SINK OVERFLOW","03100207","50357000","NONCON","tbcmp_PD_HA_IntHigh_2100","PD","HA","IntHigh","2100",52.884505220096
"03100207_50357000_PECKS_SINK_OVERFLOW",1820,182586,"PECKS SINK OVERFLOW","03100207","50357000","NONCON","tbcmp_PD_HA_IntHigh_2100","PD","HA","IntHigh","2100",180.471932381064
"03100207_50357000_PECKS_SINK_OVERFLOW",1900,318173,"PECKS SINK OVERFLOW","03100207","50357000","NONCON","tbcmp_PD_HA_IntHigh_2100","PD","HA","IntHigh","2100",314.489041555652
"03100207_50357000_PECKS_SINK_OVERFLOW",2100,1235340,"PECKS SINK OVERFLOW","03100207","50357000","NONCON","tbcmp_PD_HA_IntHigh_2100","PD","HA","IntHigh","2100",1221.03664545816
"03100207_50357000_PECKS_SINK_OVERFLOW",2200,9413,"PECKS SINK OVERFLOW","03100207","50357000","NONCON","tbcmp_PD_HA_IntHigh_2100","PD","HA","IntHigh","2100",9.304011805412
"03100207_50357000_PECKS_SINK_OVERFLOW",2400,2175,"PECKS SINK OVERFLOW","03100207","50357000","NONCON","tbcmp_PD_HA_IntHigh_2100","PD","HA","IntHigh","2100",2.1498168147
"03100207_50357000_PECKS_SINK_OVERFLOW",3200,113140,"PECKS SINK OVERFLOW","03100207","50357000","NONCON","tbcmp_PD_HA_IntHigh_2100","PD","HA","IntHigh","2100",111.83001122536
"03100207_50357000_PECKS_SINK_OVERFLOW",4100,1872443,"PECKS SINK OVERFLOW","03100207","50357000","NONCON","tbcmp_PD_HA_IntHigh_2100","PD","HA","IntHigh","2100",1850.76296366313
"03100207_50357000_PECKS_SINK_OVERFLOW",4400,133016,"PECKS SINK OVERFLOW","03100207","50357000","NONCON","tbcmp_PD_HA_IntHigh_2100","PD","HA","IntHigh","2100",131.475877436384
"03100207_50357000_PECKS_SINK_OVERFLOW",5200,91312,"PECKS SINK OVERFLOW","03100207","50357000","NONCON","tbcmp_PD_HA_IntHigh_2100","PD","HA","IntHigh","2100",90.254746199488
"03100207_50357000_PECKS_SINK_OVERFLOW",6110,60514,"PECKS SINK OVERFLOW","03100207","50357000","NONCON","tbcmp_PD_HA_IntHigh_2100","PD","HA","IntHigh","2100",59.813340103336
"03100207_50357000_PECKS_SINK_OVERFLOW",6410,173439,"PECKS SINK OVERFLOW","03100207","50357000","NONCON","tbcmp_PD_HA_IntHigh_2100","PD","HA","IntHigh","2100",171.430840701036
"03100207_50358000_PECKS_SINK",1100,393812,"PECKS SINK","03100207","50358000","NONCON","tbcmp_PD_HA_IntHigh_2100","PD","HA","IntHigh","2100",389.252257209488
"03100207_50358000_PECKS_SINK",1200,2069162,"PECKS SINK","03100207","50358000","NONCON","tbcmp_PD_HA_IntHigh_2100","PD","HA","IntHigh","2100",2045.20425744289
"03100207_50358000_PECKS_SINK",1800,70016,"PECKS SINK","03100207","50358000","NONCON","tbcmp_PD_HA_IntHigh_2100","PD","HA","IntHigh","2100",69.205321424384
"03100207_50358000_PECKS_SINK",1820,22598,"PECKS SINK","03100207","50358000","NONCON","tbcmp_PD_HA_IntHigh_2100","PD","HA","IntHigh","2100",22.336349599352
"03100207_50358000_PECKS_SINK",1900,266989,"PECKS SINK","03100207","50358000","NONCON","tbcmp_PD_HA_IntHigh_2100","PD","HA","IntHigh","2100",263.897674271236
"03100207_50358000_PECKS_SINK",2100,304464,"PECKS SINK","03100207","50358000","NONCON","tbcmp_PD_HA_IntHigh_2100","PD","HA","IntHigh","2100",300.938770883136
"03100207_50358000_PECKS_SINK",2200,1849,"PECKS SINK","03100207","50358000","NONCON","tbcmp_PD_HA_IntHigh_2100","PD","HA","IntHigh","2100",1.827591397876
"03100207_50358000_PECKS_SINK",3200,31167,"PECKS SINK","03100207","50358000","NONCON","tbcmp_PD_HA_IntHigh_2100","PD","HA","IntHigh","2100",30.806133638508
"03100207_50358000_PECKS_SINK",4100,1543486,"PECKS SINK","03100207","50358000","NONCON","tbcmp_PD_HA_IntHigh_2100","PD","HA","IntHigh","2100",1525.61478439266
"03100207_50358000_PECKS_SINK",4400,23543,"PECKS SINK","03100207","50358000","NONCON","tbcmp_PD_HA_IntHigh_2100","PD","HA","IntHigh","2100",23.270407939532
"03100207_50358000_PECKS_SINK",5200,67492,"PECKS SINK","03100207","50358000","NONCON","tbcmp_PD_HA_IntHigh_2100","PD","HA","IntHigh","2100",66.710545497808
"03100207_50358000_PECKS_SINK",6110,57907,"PECKS SINK","03100207","50358000","NONCON","tbcmp_PD_HA_IntHigh_2100","PD","HA","IntHigh","2100",57.236525190268
"03100207_50358000_PECKS_SINK",6410,70597,"PECKS SINK","03100207","50358000","NONCON","tbcmp_PD_HA_IntHigh_2100","PD","HA","IntHigh","2100",69.779594329828
"03100207_50500000_JUMPING_GULLY",1100,1233816,"JUMPING GULLY","03100207","50500000","STREAM","tbcmp_PD_HA_IntHigh_2100","PD","HA","IntHigh","2100",1219.53029105558
"03100207_50500000_JUMPING_GULLY",1200,177307,"JUMPING GULLY","03100207","50500000","STREAM","tbcmp_PD_HA_IntHigh_2100","PD","HA","IntHigh","2100",175.254055155868
"03100207_50500000_JUMPING_GULLY",1800,47539,"JUMPING GULLY","03100207","50500000","STREAM","tbcmp_PD_HA_IntHigh_2100","PD","HA","IntHigh","2100",46.988570829436
"03100207_50500000_JUMPING_GULLY",1820,44105,"JUMPING GULLY","03100207","50500000","STREAM","tbcmp_PD_HA_IntHigh_2100","PD","HA","IntHigh","2100",43.59433131602
"03100207_50500000_JUMPING_GULLY",1900,583692,"JUMPING GULLY","03100207","50500000","STREAM","tbcmp_PD_HA_IntHigh_2100","PD","HA","IntHigh","2100",576.933736186608
"03100207_50500000_JUMPING_GULLY",2100,4745890,"JUMPING GULLY","03100207","50500000","STREAM","tbcmp_PD_HA_IntHigh_2100","PD","HA","IntHigh","2100",4690.93982653636
"03100207_50500000_JUMPING_GULLY",2200,131317,"JUMPING GULLY","03100207","50500000","STREAM","tbcmp_PD_HA_IntHigh_2100","PD","HA","IntHigh","2100",129.796549267108
"03100207_50500000_JUMPING_GULLY",2400,93421,"JUMPING GULLY","03100207","50500000","STREAM","tbcmp_PD_HA_IntHigh_2100","PD","HA","IntHigh","2100",92.339327193604
"03100207_50500000_JUMPING_GULLY",3200,1092387,"JUMPING GULLY","03100207","50500000","STREAM","tbcmp_PD_HA_IntHigh_2100","PD","HA","IntHigh","2100",1079.73882333779
"03100207_50500000_JUMPING_GULLY",4100,4952614,"JUMPING GULLY","03100207","50500000","STREAM","tbcmp_PD_HA_IntHigh_2100","PD","HA","IntHigh","2100",4895.27027766374
"03100207_50500000_JUMPING_GULLY",4400,3765126,"JUMPING GULLY","03100207","50500000","STREAM","tbcmp_PD_HA_IntHigh_2100","PD","HA","IntHigh","2100",3721.53157897202
"03100207_50500000_JUMPING_GULLY",5200,298023,"JUMPING GULLY","03100207","50500000","STREAM","tbcmp_PD_HA_IntHigh_2100","PD","HA","IntHigh","2100",294.572347847052
"03100207_50500000_JUMPING_GULLY",6110,936085,"JUMPING GULLY","03100207","50500000","STREAM","tbcmp_PD_HA_IntHigh_2100","PD","HA","IntHigh","2100",925.24656229354
"03100207_50500000_JUMPING_GULLY",6410,3266405,"JUMPING GULLY","03100207","50500000","STREAM","tbcmp_PD_HA_IntHigh_2100","PD","HA","IntHigh","2100",3228.58500810122
"03100207_50600000_GOWERS_CORNER_SLOUGH",1100,368250,"GOWERS CORNER SLOUGH","03100207","50600000","SLOUGH","tbcmp_PD_HA_IntHigh_2100","PD","HA","IntHigh","2100",363.986226213
"03100207_50600000_GOWERS_CORNER_SLOUGH",1200,555184,"GOWERS CORNER SLOUGH","03100207","50600000","SLOUGH","tbcmp_PD_HA_IntHigh_2100","PD","HA","IntHigh","2100",548.755815380416
"03100207_50600000_GOWERS_CORNER_SLOUGH",1800,9374,"GOWERS CORNER SLOUGH","03100207","50600000","SLOUGH","tbcmp_PD_HA_IntHigh_2100","PD","HA","IntHigh","2100",9.265463365976
"03100207_50600000_GOWERS_CORNER_SLOUGH",1900,407770,"GOWERS CORNER SLOUGH","03100207","50600000","SLOUGH","tbcmp_PD_HA_IntHigh_2100","PD","HA","IntHigh","2100",403.04864484148
"03100207_50600000_GOWERS_CORNER_SLOUGH",2100,491070,"GOWERS CORNER SLOUGH","03100207","50600000","SLOUGH","tbcmp_PD_HA_IntHigh_2100","PD","HA","IntHigh","2100",485.38415779068
"03100207_50600000_GOWERS_CORNER_SLOUGH",2400,735,"GOWERS CORNER SLOUGH","03100207","50600000","SLOUGH","tbcmp_PD_HA_IntHigh_2100","PD","HA","IntHigh","2100",0.72648982014
"03100207_50600000_GOWERS_CORNER_SLOUGH",3200,360782,"GOWERS CORNER SLOUGH","03100207","50600000","SLOUGH","tbcmp_PD_HA_IntHigh_2100","PD","HA","IntHigh","2100",356.604694271768
"03100207_50600000_GOWERS_CORNER_SLOUGH",4100,622023,"GOWERS CORNER SLOUGH","03100207","50600000","SLOUGH","tbcmp_PD_HA_IntHigh_2100","PD","HA","IntHigh","2100",614.820921623052
"03100207_50600000_GOWERS_CORNER_SLOUGH",4400,6642,"GOWERS CORNER SLOUGH","03100207","50600000","SLOUGH","tbcmp_PD_HA_IntHigh_2100","PD","HA","IntHigh","2100",6.565095762408
"03100207_50600000_GOWERS_CORNER_SLOUGH",5200,125997,"GOWERS CORNER SLOUGH","03100207","50600000","SLOUGH","tbcmp_PD_HA_IntHigh_2100","PD","HA","IntHigh","2100",124.538146759428
"03100207_50600000_GOWERS_CORNER_SLOUGH",6110,1006485,"GOWERS CORNER SLOUGH","03100207","50600000","SLOUGH","tbcmp_PD_HA_IntHigh_2100","PD","HA","IntHigh","2100",994.83143758314
"03100207_50600000_GOWERS_CORNER_SLOUGH",6410,732394,"GOWERS CORNER SLOUGH","03100207","50600000","SLOUGH","tbcmp_PD_HA_IntHigh_2100","PD","HA","IntHigh","2100",723.913993648456
"03100207_50700000_FIVE_MILE_CREEK",1100,21130,"FIVE MILE CREEK","03100207","50700000","STREAM","tbcmp_PD_HA_IntHigh_2100","PD","HA","IntHigh","2100",20.88534680212
"03100207_50700000_FIVE_MILE_CREEK",1200,1196645,"FIVE MILE CREEK","03100207","50700000","STREAM","tbcmp_PD_HA_IntHigh_2100","PD","HA","IntHigh","2100",1182.78967458698
"03100207_50700000_FIVE_MILE_CREEK",1800,25786,"FIVE MILE CREEK","03100207","50700000","STREAM","tbcmp_PD_HA_IntHigh_2100","PD","HA","IntHigh","2100",25.487437417864
"03100207_50700000_FIVE_MILE_CREEK",1820,30909,"FIVE MILE CREEK","03100207","50700000","STREAM","tbcmp_PD_HA_IntHigh_2100","PD","HA","IntHigh","2100",30.551120885316
"03100207_50700000_FIVE_MILE_CREEK",1900,683529,"FIVE MILE CREEK","03100207","50700000","STREAM","tbcmp_PD_HA_IntHigh_2100","PD","HA","IntHigh","2100",675.614775878196
"03100207_50700000_FIVE_MILE_CREEK",2100,586793,"FIVE MILE CREEK","03100207","50700000","STREAM","tbcmp_PD_HA_IntHigh_2100","PD","HA","IntHigh","2100",579.998831332532
"03100207_50700000_FIVE_MILE_CREEK",3200,311089,"FIVE MILE CREEK","03100207","50700000","STREAM","tbcmp_PD_HA_IntHigh_2100","PD","HA","IntHigh","2100",307.487063479636
"03100207_50700000_FIVE_MILE_CREEK",4100,654618,"FIVE MILE CREEK","03100207","50700000","STREAM","tbcmp_PD_HA_IntHigh_2100","PD","HA","IntHigh","2100",647.038521197832
"03100207_50700000_FIVE_MILE_CREEK",4400,51791,"FIVE MILE CREEK","03100207","50700000","STREAM","tbcmp_PD_HA_IntHigh_2100","PD","HA","IntHigh","2100",51.191339149484
"03100207_50700000_FIVE_MILE_CREEK",5200,330084,"FIVE MILE CREEK","03100207","50700000","STREAM","tbcmp_PD_HA_IntHigh_2100","PD","HA","IntHigh","2100",326.262130328016
"03100207_50700000_FIVE_MILE_CREEK",6110,1501550,"FIVE MILE CREEK","03100207","50700000","STREAM","tbcmp_PD_HA_IntHigh_2100","PD","HA","IntHigh","2100",1484.1643393622
"03100207_50700000_FIVE_MILE_CREEK",6410,734147,"FIVE MILE CREEK","03100207","50700000","STREAM","tbcmp_PD_HA_IntHigh_2100","PD","HA","IntHigh","2100",725.646696580028
"03100207_50990000_PITHLACHASCOTEE_RIVER",1100,1113312,"PITHLACHASCOTEE RIVER","03100207","50990000","STREAM","tbcmp_PD_HA_IntHigh_2100","PD","HA","IntHigh","2100",1100.42154372749
"03100207_50990000_PITHLACHASCOTEE_RIVER",1200,8936085,"PITHLACHASCOTEE RIVER","03100207","50990000","STREAM","tbcmp_PD_HA_IntHigh_2100","PD","HA","IntHigh","2100",8832.61875429354
"03100207_50990000_PITHLACHASCOTEE_RIVER",1800,344275,"PITHLACHASCOTEE RIVER","03100207","50990000","STREAM","tbcmp_PD_HA_IntHigh_2100","PD","HA","IntHigh","2100",340.2888201751
"03100207_50990000_PITHLACHASCOTEE_RIVER",1820,347324,"PITHLACHASCOTEE RIVER","03100207","50990000","STREAM","tbcmp_PD_HA_IntHigh_2100","PD","HA","IntHigh","2100",343.302517401776
"03100207_50990000_PITHLACHASCOTEE_RIVER",1900,788408,"PITHLACHASCOTEE RIVER","03100207","50990000","STREAM","tbcmp_PD_HA_IntHigh_2100","PD","HA","IntHigh","2100",779.279436893792
"03100207_50990000_PITHLACHASCOTEE_RIVER",2100,1206475,"PITHLACHASCOTEE RIVER","03100207","50990000","STREAM","tbcmp_PD_HA_IntHigh_2100","PD","HA","IntHigh","2100",1192.5058581679
"03100207_50990000_PITHLACHASCOTEE_RIVER",2400,6598,"PITHLACHASCOTEE RIVER","03100207","50990000","STREAM","tbcmp_PD_HA_IntHigh_2100","PD","HA","IntHigh","2100",6.521605215352
"03100207_50990000_PITHLACHASCOTEE_RIVER",3200,1418630,"PITHLACHASCOTEE RIVER","03100207","50990000","STREAM","tbcmp_PD_HA_IntHigh_2100","PD","HA","IntHigh","2100",1402.20442659212
"03100207_50990000_PITHLACHASCOTEE_RIVER",4100,4234183,"PITHLACHASCOTEE RIVER","03100207","50990000","STREAM","tbcmp_PD_HA_IntHigh_2100","PD","HA","IntHigh","2100",4185.15761375489
"03100207_50990000_PITHLACHASCOTEE_RIVER",4400,1330056,"PITHLACHASCOTEE RIVER","03100207","50990000","STREAM","tbcmp_PD_HA_IntHigh_2100","PD","HA","IntHigh","2100",1314.65597852534
"03100207_50990000_PITHLACHASCOTEE_RIVER",5200,645145,"PITHLACHASCOTEE RIVER","03100207","50990000","STREAM","tbcmp_PD_HA_IntHigh_2100","PD","HA","IntHigh","2100",637.67520410098
"03100207_50990000_PITHLACHASCOTEE_RIVER",5400,360562,"PITHLACHASCOTEE RIVER","03100207","50990000","STREAM","tbcmp_PD_HA_IntHigh_2100","PD","HA","IntHigh","2100",356.387241536488
"03100207_50990000_PITHLACHASCOTEE_RIVER",6110,5960633,"PITHLACHASCOTEE RIVER","03100207","50990000","STREAM","tbcmp_PD_HA_IntHigh_2100","PD","HA","IntHigh","2100",5891.61795386469
"03100207_50990000_PITHLACHASCOTEE_RIVER",6120,101148,"PITHLACHASCOTEE RIVER","03100207","50990000","STREAM","tbcmp_PD_HA_IntHigh_2100","PD","HA","IntHigh","2100",99.976860309552
"03100207_50990000_PITHLACHASCOTEE_RIVER",6410,1541466,"PITHLACHASCOTEE RIVER","03100207","50990000","STREAM","tbcmp_PD_HA_IntHigh_2100","PD","HA","IntHigh","2100",1523.61817291418
"03100207_50990000_PITHLACHASCOTEE_RIVER",6420,34281,"PITHLACHASCOTEE RIVER","03100207","50990000","STREAM","tbcmp_PD_HA_IntHigh_2100","PD","HA","IntHigh","2100",33.884078264244
"03100207_50990000_PITHLACHASCOTEE_RIVER",6425,17946,"PITHLACHASCOTEE RIVER","03100207","50990000","STREAM","tbcmp_PD_HA_IntHigh_2100","PD","HA","IntHigh","2100",17.738212669704
"03100207_50990000_PITHLACHASCOTEE_RIVER",6510,5561,"PITHLACHASCOTEE RIVER","03100207","50990000","STREAM","tbcmp_PD_HA_IntHigh_2100","PD","HA","IntHigh","2100",5.496612094964
"03100207_50990000_PITHLACHASCOTEE_RIVER",6600,64513,"PITHLACHASCOTEE RIVER","03100207","50990000","STREAM","tbcmp_PD_HA_IntHigh_2100","PD","HA","IntHigh","2100",63.766037777812
"03100207_50990000_PITHLACHASCOTEE_RIVER",9113,199270,"PITHLACHASCOTEE RIVER","03100207","50990000","STREAM","tbcmp_PD_HA_IntHigh_2100","PD","HA","IntHigh","2100",196.96275708748
"03100207_51000000_SALT_SPRINGS_RUN",1100,1213,"SALT SPRINGS RUN","03100207","51000000","STREAM","tbcmp_PD_HA_IntHigh_2100","PD","HA","IntHigh","2100",1.198955308612
"03100207_51000000_SALT_SPRINGS_RUN",1200,200192,"SALT SPRINGS RUN","03100207","51000000","STREAM","tbcmp_PD_HA_IntHigh_2100","PD","HA","IntHigh","2100",197.874081732608
"03100207_51000000_SALT_SPRINGS_RUN",1800,2725,"SALT SPRINGS RUN","03100207","51000000","STREAM","tbcmp_PD_HA_IntHigh_2100","PD","HA","IntHigh","2100",2.6934486529
"03100207_51000000_SALT_SPRINGS_RUN",1900,20489,"SALT SPRINGS RUN","03100207","51000000","STREAM","tbcmp_PD_HA_IntHigh_2100","PD","HA","IntHigh","2100",20.251768605236
"03100207_51000000_SALT_SPRINGS_RUN",3200,1571,"SALT SPRINGS RUN","03100207","51000000","STREAM","tbcmp_PD_HA_IntHigh_2100","PD","HA","IntHigh","2100",1.552810214204
"03100207_51000000_SALT_SPRINGS_RUN",4100,2617,"SALT SPRINGS RUN","03100207","51000000","STREAM","tbcmp_PD_HA_IntHigh_2100","PD","HA","IntHigh","2100",2.586699128308
"03100207_51000000_SALT_SPRINGS_RUN",5200,63,"SALT SPRINGS RUN","03100207","51000000","STREAM","tbcmp_PD_HA_IntHigh_2100","PD","HA","IntHigh","2100",0.062270556012
"03100207_51000000_SALT_SPRINGS_RUN",5400,28294,"SALT SPRINGS RUN","03100207","51000000","STREAM","tbcmp_PD_HA_IntHigh_2100","PD","HA","IntHigh","2100",27.966398600056
"03100207_51000000_SALT_SPRINGS_RUN",6110,8,"SALT SPRINGS RUN","03100207","51000000","STREAM","tbcmp_PD_HA_IntHigh_2100","PD","HA","IntHigh","2100",0.007907372192
"03100207_51000000_SALT_SPRINGS_RUN",6120,82383,"SALT SPRINGS RUN","03100207","51000000","STREAM","tbcmp_PD_HA_IntHigh_2100","PD","HA","IntHigh","2100",81.429130411692
"03100207_51000000_SALT_SPRINGS_RUN",6410,92,"SALT SPRINGS RUN","03100207","51000000","STREAM","tbcmp_PD_HA_IntHigh_2100","PD","HA","IntHigh","2100",0.090934780208
"03100207_51000000_SALT_SPRINGS_RUN",6420,5104,"SALT SPRINGS RUN","03100207","51000000","STREAM","tbcmp_PD_HA_IntHigh_2100","PD","HA","IntHigh","2100",5.044903458496
"03100207_51000000_SALT_SPRINGS_RUN",6600,5077,"SALT SPRINGS RUN","03100207","51000000","STREAM","tbcmp_PD_HA_IntHigh_2100","PD","HA","IntHigh","2100",5.018216077348
"03100207_51000000_SALT_SPRINGS_RUN",9113,271352,"SALT SPRINGS RUN","03100207","51000000","STREAM","tbcmp_PD_HA_IntHigh_2100","PD","HA","IntHigh","2100",268.210157380448
"03100207_52000000_DOUBLE_HAMMOCK_CREEK",0,14,"DOUBLE HAMMOCK CREEK","03100207","52000000","STREAM","tbcmp_PD_HA_IntHigh_2100","PD","HA","IntHigh","2100",0.013837901336
"03100207_52000000_DOUBLE_HAMMOCK_CREEK",1100,440768,"DOUBLE HAMMOCK CREEK","03100207","52000000","STREAM","tbcmp_PD_HA_IntHigh_2100","PD","HA","IntHigh","2100",435.664578290432
"03100207_52000000_DOUBLE_HAMMOCK_CREEK",1200,3062212,"DOUBLE HAMMOCK CREEK","03100207","52000000","STREAM","tbcmp_PD_HA_IntHigh_2100","PD","HA","IntHigh","2100",3026.75625185109
"03100207_52000000_DOUBLE_HAMMOCK_CREEK",1800,4517,"DOUBLE HAMMOCK CREEK","03100207","52000000","STREAM","tbcmp_PD_HA_IntHigh_2100","PD","HA","IntHigh","2100",4.464700023908
"03100207_52000000_DOUBLE_HAMMOCK_CREEK",1900,77830,"DOUBLE HAMMOCK CREEK","03100207","52000000","STREAM","tbcmp_PD_HA_IntHigh_2100","PD","HA","IntHigh","2100",76.92884721292
"03100207_52000000_DOUBLE_HAMMOCK_CREEK",2100,5501,"DOUBLE HAMMOCK CREEK","03100207","52000000","STREAM","tbcmp_PD_HA_IntHigh_2100","PD","HA","IntHigh","2100",5.437306803524
"03100207_52000000_DOUBLE_HAMMOCK_CREEK",3200,969,"DOUBLE HAMMOCK CREEK","03100207","52000000","STREAM","tbcmp_PD_HA_IntHigh_2100","PD","HA","IntHigh","2100",0.957780456756
"03100207_52000000_DOUBLE_HAMMOCK_CREEK",4100,56709,"DOUBLE HAMMOCK CREEK","03100207","52000000","STREAM","tbcmp_PD_HA_IntHigh_2100","PD","HA","IntHigh","2100",56.052396204516
"03100207_52000000_DOUBLE_HAMMOCK_CREEK",4400,20964,"DOUBLE HAMMOCK CREEK","03100207","52000000","STREAM","tbcmp_PD_HA_IntHigh_2100","PD","HA","IntHigh","2100",20.721268829136
"03100207_52000000_DOUBLE_HAMMOCK_CREEK",5200,187874,"DOUBLE HAMMOCK CREEK","03100207","52000000","STREAM","tbcmp_PD_HA_IntHigh_2100","PD","HA","IntHigh","2100",185.698705399976
"03100207_52000000_DOUBLE_HAMMOCK_CREEK",5400,113202,"DOUBLE HAMMOCK CREEK","03100207","52000000","STREAM","tbcmp_PD_HA_IntHigh_2100","PD","HA","IntHigh","2100",111.891293359848
"03100207_52000000_DOUBLE_HAMMOCK_CREEK",6110,155173,"DOUBLE HAMMOCK CREEK","03100207","52000000","STREAM","tbcmp_PD_HA_IntHigh_2100","PD","HA","IntHigh","2100",153.376333143652
"03100207_52000000_DOUBLE_HAMMOCK_CREEK",6120,189069,"DOUBLE HAMMOCK CREEK","03100207","52000000","STREAM","tbcmp_PD_HA_IntHigh_2100","PD","HA","IntHigh","2100",186.879869121156
"03100207_52000000_DOUBLE_HAMMOCK_CREEK",6410,144113,"DOUBLE HAMMOCK CREEK","03100207","52000000","STREAM","tbcmp_PD_HA_IntHigh_2100","PD","HA","IntHigh","2100",142.444391088212
"03100207_52000000_DOUBLE_HAMMOCK_CREEK",6420,5303,"DOUBLE HAMMOCK CREEK","03100207","52000000","STREAM","tbcmp_PD_HA_IntHigh_2100","PD","HA","IntHigh","2100",5.241599341772
"03100207_52000000_DOUBLE_HAMMOCK_CREEK",6600,11963,"DOUBLE HAMMOCK CREEK","03100207","52000000","STREAM","tbcmp_PD_HA_IntHigh_2100","PD","HA","IntHigh","2100",11.824486691612
"03100207_52000000_DOUBLE_HAMMOCK_CREEK",9113,427125,"DOUBLE HAMMOCK CREEK","03100207","52000000","STREAM","tbcmp_PD_HA_IntHigh_2100","PD","HA","IntHigh","2100",422.1795434385
"03100207_59300000_BUCKHORN_CREEK",1100,435367,"BUCKHORN CREEK","03100207","59300000","STREAM","tbcmp_PD_HA_IntHigh_2100","PD","HA","IntHigh","2100",430.326113639308
"03100207_59300000_BUCKHORN_CREEK",1200,2175889,"BUCKHORN CREEK","03100207","59300000","STREAM","tbcmp_PD_HA_IntHigh_2100","PD","HA","IntHigh","2100",2150.69552143484
"03100207_59300000_BUCKHORN_CREEK",1800,19521,"BUCKHORN CREEK","03100207","59300000","STREAM","tbcmp_PD_HA_IntHigh_2100","PD","HA","IntHigh","2100",19.294976570004
"03100207_59300000_BUCKHORN_CREEK",1820,79631,"BUCKHORN CREEK","03100207","59300000","STREAM","tbcmp_PD_HA_IntHigh_2100","PD","HA","IntHigh","2100",78.708994377644
"03100207_59300000_BUCKHORN_CREEK",1900,365190,"BUCKHORN CREEK","03100207","59300000","STREAM","tbcmp_PD_HA_IntHigh_2100","PD","HA","IntHigh","2100",360.96165634956
"03100207_59300000_BUCKHORN_CREEK",2100,240086,"BUCKHORN CREEK","03100207","59300000","STREAM","tbcmp_PD_HA_IntHigh_2100","PD","HA","IntHigh","2100",237.306170011064
"03100207_59300000_BUCKHORN_CREEK",2400,1764,"BUCKHORN CREEK","03100207","59300000","STREAM","tbcmp_PD_HA_IntHigh_2100","PD","HA","IntHigh","2100",1.743575568336
"03100207_59300000_BUCKHORN_CREEK",3200,161692,"BUCKHORN CREEK","03100207","59300000","STREAM","tbcmp_PD_HA_IntHigh_2100","PD","HA","IntHigh","2100",159.819853058608
"03100207_59300000_BUCKHORN_CREEK",4100,863964,"BUCKHORN CREEK","03100207","59300000","STREAM","tbcmp_PD_HA_IntHigh_2100","PD","HA","IntHigh","2100",853.960613561136
"03100207_59300000_BUCKHORN_CREEK",4400,401537,"BUCKHORN CREEK","03100207","59300000","STREAM","tbcmp_PD_HA_IntHigh_2100","PD","HA","IntHigh","2100",396.887813482388
"03100207_59300000_BUCKHORN_CREEK",5200,307027,"BUCKHORN CREEK","03100207","59300000","STREAM","tbcmp_PD_HA_IntHigh_2100","PD","HA","IntHigh","2100",303.472095249148
"03100207_59300000_BUCKHORN_CREEK",6110,826192,"BUCKHORN CREEK","03100207","59300000","STREAM","tbcmp_PD_HA_IntHigh_2100","PD","HA","IntHigh","2100",816.625955756608
"03100207_59300000_BUCKHORN_CREEK",6410,938590,"BUCKHORN CREEK","03100207","59300000","STREAM","tbcmp_PD_HA_IntHigh_2100","PD","HA","IntHigh","2100",927.72255821116
"03100207_59300000_NONCONTRIBUTING_AREA",1100,665552,"NONCONTRIBUTING AREA","03100207","59300000","NONCON","tbcmp_PD_HA_IntHigh_2100","PD","HA","IntHigh","2100",657.845922141248
"03100207_59300000_NONCONTRIBUTING_AREA",1200,719738,"NONCONTRIBUTING AREA","03100207","59300000","NONCON","tbcmp_PD_HA_IntHigh_2100","PD","HA","IntHigh","2100",711.404530840712
"03100207_59300000_NONCONTRIBUTING_AREA",1800,4843,"NONCONTRIBUTING AREA","03100207","59300000","NONCON","tbcmp_PD_HA_IntHigh_2100","PD","HA","IntHigh","2100",4.786925440732
"03100207_59300000_NONCONTRIBUTING_AREA",1820,15741,"NONCONTRIBUTING AREA","03100207","59300000","NONCON","tbcmp_PD_HA_IntHigh_2100","PD","HA","IntHigh","2100",15.558743209284
"03100207_59300000_NONCONTRIBUTING_AREA",1900,25652,"NONCONTRIBUTING AREA","03100207","59300000","NONCON","tbcmp_PD_HA_IntHigh_2100","PD","HA","IntHigh","2100",25.354988933648
"03100207_59300000_NONCONTRIBUTING_AREA",2100,1237,"NONCONTRIBUTING AREA","03100207","59300000","NONCON","tbcmp_PD_HA_IntHigh_2100","PD","HA","IntHigh","2100",1.222677425188
"03100207_59300000_NONCONTRIBUTING_AREA",4100,47116,"NONCONTRIBUTING AREA","03100207","59300000","NONCON","tbcmp_PD_HA_IntHigh_2100","PD","HA","IntHigh","2100",46.570468524784
"03100207_59300000_NONCONTRIBUTING_AREA",5200,22326,"NONCONTRIBUTING AREA","03100207","59300000","NONCON","tbcmp_PD_HA_IntHigh_2100","PD","HA","IntHigh","2100",22.067498944824
"03100207_59300000_NONCONTRIBUTING_AREA",5400,5714,"NONCONTRIBUTING AREA","03100207","59300000","NONCON","tbcmp_PD_HA_IntHigh_2100","PD","HA","IntHigh","2100",5.647840588136
"03100207_59300000_NONCONTRIBUTING_AREA",6110,22525,"NONCONTRIBUTING AREA","03100207","59300000","NONCON","tbcmp_PD_HA_IntHigh_2100","PD","HA","IntHigh","2100",22.2641948281
"03100207_59300000_NONCONTRIBUTING_AREA",6120,1763,"NONCONTRIBUTING AREA","03100207","59300000","NONCON","tbcmp_PD_HA_IntHigh_2100","PD","HA","IntHigh","2100",1.742587146812
"03100207_59300000_NONCONTRIBUTING_AREA",6410,116903,"NONCONTRIBUTING AREA","03100207","59300000","NONCON","tbcmp_PD_HA_IntHigh_2100","PD","HA","IntHigh","2100",115.549441420172
"03100207_59300000_NONCONTRIBUTING_AREA",6420,731,"NONCONTRIBUTING AREA","03100207","59300000","NONCON","tbcmp_PD_HA_IntHigh_2100","PD","HA","IntHigh","2100",0.722536134044
"03100207_59300000_NONCONTRIBUTING_AREA",6600,5361,"NONCONTRIBUTING AREA","03100207","59300000","NONCON","tbcmp_PD_HA_IntHigh_2100","PD","HA","IntHigh","2100",5.298927790164
"03100207_59300000_NONCONTRIBUTING_AREA",9113,912,"NONCONTRIBUTING AREA","03100207","59300000","NONCON","tbcmp_PD_HA_IntHigh_2100","PD","HA","IntHigh","2100",0.901440429888
"03100207_59305000_CABBAGE_SLOUGH",1100,100260,"CABBAGE SLOUGH","03100207","59305000","SLOUGH","tbcmp_PD_HA_IntHigh_2100","PD","HA","IntHigh","2100",99.09914199624
"03100207_59305000_CABBAGE_SLOUGH",1200,221694,"CABBAGE SLOUGH","03100207","59305000","SLOUGH","tbcmp_PD_HA_IntHigh_2100","PD","HA","IntHigh","2100",219.127121341656
"03100207_59305000_CABBAGE_SLOUGH",1800,6521,"CABBAGE SLOUGH","03100207","59305000","SLOUGH","tbcmp_PD_HA_IntHigh_2100","PD","HA","IntHigh","2100",6.445496758004
"03100207_59305000_CABBAGE_SLOUGH",1820,21031,"CABBAGE SLOUGH","03100207","59305000","SLOUGH","tbcmp_PD_HA_IntHigh_2100","PD","HA","IntHigh","2100",20.787493071244
"03100207_59305000_CABBAGE_SLOUGH",1900,204,"CABBAGE SLOUGH","03100207","59305000","SLOUGH","tbcmp_PD_HA_IntHigh_2100","PD","HA","IntHigh","2100",0.201637990896
"03100207_59305000_CABBAGE_SLOUGH",2100,1863,"CABBAGE SLOUGH","03100207","59305000","SLOUGH","tbcmp_PD_HA_IntHigh_2100","PD","HA","IntHigh","2100",1.841429299212
"03100207_59305000_CABBAGE_SLOUGH",2200,695,"CABBAGE SLOUGH","03100207","59305000","SLOUGH","tbcmp_PD_HA_IntHigh_2100","PD","HA","IntHigh","2100",0.68695295918
"03100207_59305000_CABBAGE_SLOUGH",2400,971,"CABBAGE SLOUGH","03100207","59305000","SLOUGH","tbcmp_PD_HA_IntHigh_2100","PD","HA","IntHigh","2100",0.959757299804
"03100207_59305000_CABBAGE_SLOUGH",4100,34257,"CABBAGE SLOUGH","03100207","59305000","SLOUGH","tbcmp_PD_HA_IntHigh_2100","PD","HA","IntHigh","2100",33.860356147668
"03100207_59305000_CABBAGE_SLOUGH",5200,52102,"CABBAGE SLOUGH","03100207","59305000","SLOUGH","tbcmp_PD_HA_IntHigh_2100","PD","HA","IntHigh","2100",51.498738243448
"03100207_59305000_CABBAGE_SLOUGH",6110,15050,"CABBAGE SLOUGH","03100207","59305000","SLOUGH","tbcmp_PD_HA_IntHigh_2100","PD","HA","IntHigh","2100",14.8757439362
"03100207_59305000_CABBAGE_SLOUGH",6410,33240,"CABBAGE SLOUGH","03100207","59305000","SLOUGH","tbcmp_PD_HA_IntHigh_2100","PD","HA","IntHigh","2100",32.85513145776
"03100207_59990000_BEAR_CREEK",1100,2095319,"BEAR CREEK","03100207","59990000","STREAM","tbcmp_PD_HA_IntHigh_2100","PD","HA","IntHigh","2100",2071.05839924616
"03100207_59990000_BEAR_CREEK",1200,4463171,"BEAR CREEK","03100207","59990000","STREAM","tbcmp_PD_HA_IntHigh_2100","PD","HA","IntHigh","2100",4411.4942816926
"03100207_59990000_BEAR_CREEK",1800,29247,"BEAR CREEK","03100207","59990000","STREAM","tbcmp_PD_HA_IntHigh_2100","PD","HA","IntHigh","2100",28.908364312428
"03100207_59990000_BEAR_CREEK",1820,134350,"BEAR CREEK","03100207","59990000","STREAM","tbcmp_PD_HA_IntHigh_2100","PD","HA","IntHigh","2100",132.7944317494
"03100207_59990000_BEAR_CREEK",1900,232306,"BEAR CREEK","03100207","59990000","STREAM","tbcmp_PD_HA_IntHigh_2100","PD","HA","IntHigh","2100",229.616250554344
"03100207_59990000_BEAR_CREEK",2100,90597,"BEAR CREEK","03100207","59990000","STREAM","tbcmp_PD_HA_IntHigh_2100","PD","HA","IntHigh","2100",89.548024809828
"03100207_59990000_BEAR_CREEK",3200,208215,"BEAR CREEK","03100207","59990000","STREAM","tbcmp_PD_HA_IntHigh_2100","PD","HA","IntHigh","2100",205.80418761966
"03100207_59990000_BEAR_CREEK",4100,1271701,"BEAR CREEK","03100207","59990000","STREAM","tbcmp_PD_HA_IntHigh_2100","PD","HA","IntHigh","2100",1256.97664049232
"03100207_59990000_BEAR_CREEK",4400,44095,"BEAR CREEK","03100207","59990000","STREAM","tbcmp_PD_HA_IntHigh_2100","PD","HA","IntHigh","2100",43.58444710078
"03100207_59990000_BEAR_CREEK",5200,321784,"BEAR CREEK","03100207","59990000","STREAM","tbcmp_PD_HA_IntHigh_2100","PD","HA","IntHigh","2100",318.058231678816
"03100207_59990000_BEAR_CREEK",5400,106468,"BEAR CREEK","03100207","59990000","STREAM","tbcmp_PD_HA_IntHigh_2100","PD","HA","IntHigh","2100",105.235262817232
"03100207_59990000_BEAR_CREEK",6110,3569537,"BEAR CREEK","03100207","59990000","STREAM","tbcmp_PD_HA_IntHigh_2100","PD","HA","IntHigh","2100",3528.20720151439
"03100207_59990000_BEAR_CREEK",6120,50062,"BEAR CREEK","03100207","59990000","STREAM","tbcmp_PD_HA_IntHigh_2100","PD","HA","IntHigh","2100",49.482358334488
"03100207_59990000_BEAR_CREEK",6410,615173,"BEAR CREEK","03100207","59990000","STREAM","tbcmp_PD_HA_IntHigh_2100","PD","HA","IntHigh","2100",608.050234183652
"03100207_59990000_BEAR_CREEK",6420,8448,"BEAR CREEK","03100207","59990000","STREAM","tbcmp_PD_HA_IntHigh_2100","PD","HA","IntHigh","2100",8.350185034752
"03100207_59990000_BEAR_CREEK",6600,18784,"BEAR CREEK","03100207","59990000","STREAM","tbcmp_PD_HA_IntHigh_2100","PD","HA","IntHigh","2100",18.566509906816
"03100207_59990000_BEAR_CREEK",9113,41759,"BEAR CREEK","03100207","59990000","STREAM","tbcmp_PD_HA_IntHigh_2100","PD","HA","IntHigh","2100",41.275494420716
"03100207_65000000_HAMMOCK_CREEK",1100,5661860,"HAMMOCK CREEK","03100207","65000000","STREAM","tbcmp_PD_HA_IntHigh_2100","PD","HA","IntHigh","2100",5596.30428987464
"03100207_65000000_HAMMOCK_CREEK",1200,13925336,"HAMMOCK CREEK","03100207","65000000","STREAM","tbcmp_PD_HA_IntHigh_2100","PD","HA","IntHigh","2100",13764.1018313321
"03100207_65000000_HAMMOCK_CREEK",1800,133551,"HAMMOCK CREEK","03100207","65000000","STREAM","tbcmp_PD_HA_IntHigh_2100","PD","HA","IntHigh","2100",132.004682951724
"03100207_65000000_HAMMOCK_CREEK",1820,599795,"HAMMOCK CREEK","03100207","65000000","STREAM","tbcmp_PD_HA_IntHigh_2100","PD","HA","IntHigh","2100",592.85028798758
"03100207_65000000_HAMMOCK_CREEK",1900,1066856,"HAMMOCK CREEK","03100207","65000000","STREAM","tbcmp_PD_HA_IntHigh_2100","PD","HA","IntHigh","2100",1054.50343340854
"03100207_65000000_HAMMOCK_CREEK",2100,401809,"HAMMOCK CREEK","03100207","65000000","STREAM","tbcmp_PD_HA_IntHigh_2100","PD","HA","IntHigh","2100",397.156664136916
"03100207_65000000_HAMMOCK_CREEK",2400,48493,"HAMMOCK CREEK","03100207","65000000","STREAM","tbcmp_PD_HA_IntHigh_2100","PD","HA","IntHigh","2100",47.931524963332
"03100207_65000000_HAMMOCK_CREEK",3200,9684,"HAMMOCK CREEK","03100207","65000000","STREAM","tbcmp_PD_HA_IntHigh_2100","PD","HA","IntHigh","2100",9.571874038416
"03100207_65000000_HAMMOCK_CREEK",4100,1691393,"HAMMOCK CREEK","03100207","65000000","STREAM","tbcmp_PD_HA_IntHigh_2100","PD","HA","IntHigh","2100",1671.80924674293
"03100207_65000000_HAMMOCK_CREEK",4400,8220,"HAMMOCK CREEK","03100207","65000000","STREAM","tbcmp_PD_HA_IntHigh_2100","PD","HA","IntHigh","2100",8.12482492728
"03100207_65000000_HAMMOCK_CREEK",5200,428907,"HAMMOCK CREEK","03100207","65000000","STREAM","tbcmp_PD_HA_IntHigh_2100","PD","HA","IntHigh","2100",423.940910594268
"03100207_65000000_HAMMOCK_CREEK",5400,60258,"HAMMOCK CREEK","03100207","65000000","STREAM","tbcmp_PD_HA_IntHigh_2100","PD","HA","IntHigh","2100",59.560304193192
"03100207_65000000_HAMMOCK_CREEK",6110,322000,"HAMMOCK CREEK","03100207","65000000","STREAM","tbcmp_PD_HA_IntHigh_2100","PD","HA","IntHigh","2100",318.271730728
"03100207_65000000_HAMMOCK_CREEK",6120,67579,"HAMMOCK CREEK","03100207","65000000","STREAM","tbcmp_PD_HA_IntHigh_2100","PD","HA","IntHigh","2100",66.796538170396
"03100207_65000000_HAMMOCK_CREEK",6410,1360672,"HAMMOCK CREEK","03100207","65000000","STREAM","tbcmp_PD_HA_IntHigh_2100","PD","HA","IntHigh","2100",1344.91749190413
"03100207_65000000_HAMMOCK_CREEK",6420,13516,"HAMMOCK CREEK","03100207","65000000","STREAM","tbcmp_PD_HA_IntHigh_2100","PD","HA","IntHigh","2100",13.359505318384
"03100207_65000000_HAMMOCK_CREEK",6600,41899,"HAMMOCK CREEK","03100207","65000000","STREAM","tbcmp_PD_HA_IntHigh_2100","PD","HA","IntHigh","2100",41.413873434076
"03100207_65000000_HAMMOCK_CREEK",7100,2148,"HAMMOCK CREEK","03100207","65000000","STREAM","tbcmp_PD_HA_IntHigh_2100","PD","HA","IntHigh","2100",2.123129433552
"03100207_65000000_HAMMOCK_CREEK",9113,174334,"HAMMOCK CREEK","03100207","65000000","STREAM","tbcmp_PD_HA_IntHigh_2100","PD","HA","IntHigh","2100",172.315477965016
"03100207_66000000_INDIAN_CREEK",1100,62418,"INDIAN CREEK","03100207","66000000","STREAM","tbcmp_PD_HA_IntHigh_2100","PD","HA","IntHigh","2100",61.695294685032
"03100207_66000000_INDIAN_CREEK",1200,957818,"INDIAN CREEK","03100207","66000000","STREAM","tbcmp_PD_HA_IntHigh_2100","PD","HA","IntHigh","2100",946.727927274632
"03100207_66000000_INDIAN_CREEK",1800,10601,"INDIAN CREEK","03100207","66000000","STREAM","tbcmp_PD_HA_IntHigh_2100","PD","HA","IntHigh","2100",10.478256575924
"03100207_66000000_INDIAN_CREEK",1820,71333,"INDIAN CREEK","03100207","66000000","STREAM","tbcmp_PD_HA_IntHigh_2100","PD","HA","IntHigh","2100",70.507072571492
"03100207_66000000_INDIAN_CREEK",1900,69209,"INDIAN CREEK","03100207","66000000","STREAM","tbcmp_PD_HA_IntHigh_2100","PD","HA","IntHigh","2100",68.407665254516
"03100207_66000000_INDIAN_CREEK",4100,172151,"INDIAN CREEK","03100207","66000000","STREAM","tbcmp_PD_HA_IntHigh_2100","PD","HA","IntHigh","2100",170.157753778124
"03100207_66000000_INDIAN_CREEK",4400,30728,"INDIAN CREEK","03100207","66000000","STREAM","tbcmp_PD_HA_IntHigh_2100","PD","HA","IntHigh","2100",30.372216589472
"03100207_66000000_INDIAN_CREEK",5200,53832,"INDIAN CREEK","03100207","66000000","STREAM","tbcmp_PD_HA_IntHigh_2100","PD","HA","IntHigh","2100",53.208707479968
"03100207_66000000_INDIAN_CREEK",5400,13243,"INDIAN CREEK","03100207","66000000","STREAM","tbcmp_PD_HA_IntHigh_2100","PD","HA","IntHigh","2100",13.089666242332
"03100207_66000000_INDIAN_CREEK",6110,281857,"INDIAN CREEK","03100207","66000000","STREAM","tbcmp_PD_HA_IntHigh_2100","PD","HA","IntHigh","2100",278.593525490068
"03100207_66000000_INDIAN_CREEK",6120,114070,"INDIAN CREEK","03100207","66000000","STREAM","tbcmp_PD_HA_IntHigh_2100","PD","HA","IntHigh","2100",112.74924324268
"03100207_66000000_INDIAN_CREEK",6410,219130,"INDIAN CREEK","03100207","66000000","STREAM","tbcmp_PD_HA_IntHigh_2100","PD","HA","IntHigh","2100",216.59280855412
"03100207_66000000_INDIAN_CREEK",6420,18346,"INDIAN CREEK","03100207","66000000","STREAM","tbcmp_PD_HA_IntHigh_2100","PD","HA","IntHigh","2100",18.133581279304
"03100207_66000000_INDIAN_CREEK",6600,62654,"INDIAN CREEK","03100207","66000000","STREAM","tbcmp_PD_HA_IntHigh_2100","PD","HA","IntHigh","2100",61.928562164696
"03100207_66000000_INDIAN_CREEK",9113,169738,"INDIAN CREEK","03100207","66000000","STREAM","tbcmp_PD_HA_IntHigh_2100","PD","HA","IntHigh","2100",167.772692640712
"03100207_70000000_INTERNALLY_DRAINED",1100,6230742,"INTERNALLY DRAINED","03100207","70000000","NONCON","tbcmp_PD_HA_IntHigh_2100","PD","HA","IntHigh","2100",6158.59950329081
"03100207_70000000_INTERNALLY_DRAINED",1200,9279586,"INTERNALLY DRAINED","03100207","70000000","NONCON","tbcmp_PD_HA_IntHigh_2100","PD","HA","IntHigh","2100",9172.14253620906
"03100207_70000000_INTERNALLY_DRAINED",1800,27161,"INTERNALLY DRAINED","03100207","70000000","NONCON","tbcmp_PD_HA_IntHigh_2100","PD","HA","IntHigh","2100",26.846517013364
"03100207_70000000_INTERNALLY_DRAINED",1820,374469,"INTERNALLY DRAINED","03100207","70000000","NONCON","tbcmp_PD_HA_IntHigh_2100","PD","HA","IntHigh","2100",370.133219670756
"03100207_70000000_INTERNALLY_DRAINED",1900,916798,"INTERNALLY DRAINED","03100207","70000000","NONCON","tbcmp_PD_HA_IntHigh_2100","PD","HA","IntHigh","2100",906.182876360152
"03100207_70000000_INTERNALLY_DRAINED",2100,1185192,"INTERNALLY DRAINED","03100207","70000000","NONCON","tbcmp_PD_HA_IntHigh_2100","PD","HA","IntHigh","2100",1171.46928287261
"03100207_70000000_INTERNALLY_DRAINED",2200,15247,"INTERNALLY DRAINED","03100207","70000000","NONCON","tbcmp_PD_HA_IntHigh_2100","PD","HA","IntHigh","2100",15.070462976428
"03100207_70000000_INTERNALLY_DRAINED",2400,65678,"INTERNALLY DRAINED","03100207","70000000","NONCON","tbcmp_PD_HA_IntHigh_2100","PD","HA","IntHigh","2100",64.917548853272
"03100207_70000000_INTERNALLY_DRAINED",3200,27797,"INTERNALLY DRAINED","03100207","70000000","NONCON","tbcmp_PD_HA_IntHigh_2100","PD","HA","IntHigh","2100",27.475153102628
"03100207_70000000_INTERNALLY_DRAINED",4100,2998907,"INTERNALLY DRAINED","03100207","70000000","NONCON","tbcmp_PD_HA_IntHigh_2100","PD","HA","IntHigh","2100",2964.18422727427
"03100207_70000000_INTERNALLY_DRAINED",4400,231651,"INTERNALLY DRAINED","03100207","70000000","NONCON","tbcmp_PD_HA_IntHigh_2100","PD","HA","IntHigh","2100",228.968834456124
"03100207_70000000_INTERNALLY_DRAINED",5200,136602,"INTERNALLY DRAINED","03100207","70000000","NONCON","tbcmp_PD_HA_IntHigh_2100","PD","HA","IntHigh","2100",135.020357021448
"03100207_70000000_INTERNALLY_DRAINED",6110,30490,"INTERNALLY DRAINED","03100207","70000000","NONCON","tbcmp_PD_HA_IntHigh_2100","PD","HA","IntHigh","2100",30.13697226676
"03100207_70000000_INTERNALLY_DRAINED",6410,277688,"INTERNALLY DRAINED","03100207","70000000","NONCON","tbcmp_PD_HA_IntHigh_2100","PD","HA","IntHigh","2100",274.472796156512
"03100207_70990000_WEEKIWATCHEE_RIVER",1100,2387146,"WEEKIWATCHEE RIVER","03100207","70990000","STREAM","tbcmp_PD_HA_IntHigh_2100","PD","HA","IntHigh","2100",2359.5064873305
"03100207_70990000_WEEKIWATCHEE_RIVER",1200,7960739,"WEEKIWATCHEE RIVER","03100207","70990000","STREAM","tbcmp_PD_HA_IntHigh_2100","PD","HA","IntHigh","2100",7868.56577454623
"03100207_70990000_WEEKIWATCHEE_RIVER",1800,243830,"WEEKIWATCHEE RIVER","03100207","70990000","STREAM","tbcmp_PD_HA_IntHigh_2100","PD","HA","IntHigh","2100",241.00682019692
"03100207_70990000_WEEKIWATCHEE_RIVER",1820,384135,"WEEKIWATCHEE RIVER","03100207","70990000","STREAM","tbcmp_PD_HA_IntHigh_2100","PD","HA","IntHigh","2100",379.68730212174
"03100207_70990000_WEEKIWATCHEE_RIVER",1900,795965,"WEEKIWATCHEE RIVER","03100207","70990000","STREAM","tbcmp_PD_HA_IntHigh_2100","PD","HA","IntHigh","2100",786.74893835066
"03100207_70990000_WEEKIWATCHEE_RIVER",2100,26396,"WEEKIWATCHEE RIVER","03100207","70990000","STREAM","tbcmp_PD_HA_IntHigh_2100","PD","HA","IntHigh","2100",26.090374547504
"03100207_70990000_WEEKIWATCHEE_RIVER",2400,4643,"WEEKIWATCHEE RIVER","03100207","70990000","STREAM","tbcmp_PD_HA_IntHigh_2100","PD","HA","IntHigh","2100",4.589241135932
"03100207_70990000_WEEKIWATCHEE_RIVER",3200,694066,"WEEKIWATCHEE RIVER","03100207","70990000","STREAM","tbcmp_PD_HA_IntHigh_2100","PD","HA","IntHigh","2100",686.029773476584
"03100207_70990000_WEEKIWATCHEE_RIVER",4100,4676832,"WEEKIWATCHEE RIVER","03100207","70990000","STREAM","tbcmp_PD_HA_IntHigh_2100","PD","HA","IntHigh","2100",4622.68141293197
"03100207_70990000_WEEKIWATCHEE_RIVER",4400,162189,"WEEKIWATCHEE RIVER","03100207","70990000","STREAM","tbcmp_PD_HA_IntHigh_2100","PD","HA","IntHigh","2100",160.311098556036
"03100207_70990000_WEEKIWATCHEE_RIVER",5200,468002,"WEEKIWATCHEE RIVER","03100207","70990000","STREAM","tbcmp_PD_HA_IntHigh_2100","PD","HA","IntHigh","2100",462.583250075048
"03100207_70990000_WEEKIWATCHEE_RIVER",5400,194050,"WEEKIWATCHEE RIVER","03100207","70990000","STREAM","tbcmp_PD_HA_IntHigh_2100","PD","HA","IntHigh","2100",191.8031967322
"03100207_70990000_WEEKIWATCHEE_RIVER",6110,1340360,"WEEKIWATCHEE RIVER","03100207","70990000","STREAM","tbcmp_PD_HA_IntHigh_2100","PD","HA","IntHigh","2100",1324.84067390864
"03100207_70990000_WEEKIWATCHEE_RIVER",6120,649886,"WEEKIWATCHEE RIVER","03100207","70990000","STREAM","tbcmp_PD_HA_IntHigh_2100","PD","HA","IntHigh","2100",642.361310546264
"03100207_70990000_WEEKIWATCHEE_RIVER",6410,1567988,"WEEKIWATCHEE RIVER","03100207","70990000","STREAM","tbcmp_PD_HA_IntHigh_2100","PD","HA","IntHigh","2100",1549.83308857371
"03100207_70990000_WEEKIWATCHEE_RIVER",6420,191420,"WEEKIWATCHEE RIVER","03100207","70990000","STREAM","tbcmp_PD_HA_IntHigh_2100","PD","HA","IntHigh","2100",189.20364812408
"03100207_70990000_WEEKIWATCHEE_RIVER",6425,163654,"WEEKIWATCHEE RIVER","03100207","70990000","STREAM","tbcmp_PD_HA_IntHigh_2100","PD","HA","IntHigh","2100",161.759136088696
"03100207_70990000_WEEKIWATCHEE_RIVER",6510,168534,"WEEKIWATCHEE RIVER","03100207","70990000","STREAM","tbcmp_PD_HA_IntHigh_2100","PD","HA","IntHigh","2100",166.582633125816
"03100207_70990000_WEEKIWATCHEE_RIVER",6600,597679,"WEEKIWATCHEE RIVER","03100207","70990000","STREAM","tbcmp_PD_HA_IntHigh_2100","PD","HA","IntHigh","2100",590.758788042796
"03100207_70990000_WEEKIWATCHEE_RIVER",9113,1955169,"WEEKIWATCHEE RIVER","03100207","70990000","STREAM","tbcmp_PD_HA_IntHigh_2100","PD","HA","IntHigh","2100",1932.53112265756
"03100207_80000000_CHASSAHOWITZKA_RIVER",1100,4949741,"CHASSAHOWITZKA RIVER","03100207","80000000","STREAM","tbcmp_PD_HA_IntHigh_2100","PD","HA","IntHigh","2100",4892.43054262528
"03100207_80000000_CHASSAHOWITZKA_RIVER",1200,7143850,"CHASSAHOWITZKA RIVER","03100207","80000000","STREAM","tbcmp_PD_HA_IntHigh_2100","PD","HA","IntHigh","2100",7061.1351042274
"03100207_80000000_CHASSAHOWITZKA_RIVER",1800,79491,"CHASSAHOWITZKA RIVER","03100207","80000000","STREAM","tbcmp_PD_HA_IntHigh_2100","PD","HA","IntHigh","2100",78.570615364284
"03100207_80000000_CHASSAHOWITZKA_RIVER",1820,376528,"CHASSAHOWITZKA RIVER","03100207","80000000","STREAM","tbcmp_PD_HA_IntHigh_2100","PD","HA","IntHigh","2100",372.168379588672
"03100207_80000000_CHASSAHOWITZKA_RIVER",1900,3810466,"CHASSAHOWITZKA RIVER","03100207","80000000","STREAM","tbcmp_PD_HA_IntHigh_2100","PD","HA","IntHigh","2100",3766.34661087018
"03100207_80000000_CHASSAHOWITZKA_RIVER",2100,4678394,"CHASSAHOWITZKA RIVER","03100207","80000000","STREAM","tbcmp_PD_HA_IntHigh_2100","PD","HA","IntHigh","2100",4624.22532735245
"03100207_80000000_CHASSAHOWITZKA_RIVER",2200,4146,"CHASSAHOWITZKA RIVER","03100207","80000000","STREAM","tbcmp_PD_HA_IntHigh_2100","PD","HA","IntHigh","2100",4.097995638504
"03100207_80000000_CHASSAHOWITZKA_RIVER",3200,954315,"CHASSAHOWITZKA RIVER","03100207","80000000","STREAM","tbcmp_PD_HA_IntHigh_2100","PD","HA","IntHigh","2100",943.26548667606
"03100207_80000000_CHASSAHOWITZKA_RIVER",4100,19790802,"CHASSAHOWITZKA RIVER","03100207","80000000","STREAM","tbcmp_PD_HA_IntHigh_2100","PD","HA","IntHigh","2100",19561.6546740222
"03100207_80000000_CHASSAHOWITZKA_RIVER",4400,3196382,"CHASSAHOWITZKA RIVER","03100207","80000000","STREAM","tbcmp_PD_HA_IntHigh_2100","PD","HA","IntHigh","2100",3159.37276772617
"03100207_80000000_CHASSAHOWITZKA_RIVER",5200,230793,"CHASSAHOWITZKA RIVER","03100207","80000000","STREAM","tbcmp_PD_HA_IntHigh_2100","PD","HA","IntHigh","2100",228.120768788532
"03100207_80000000_CHASSAHOWITZKA_RIVER",5400,892905,"CHASSAHOWITZKA RIVER","03100207","80000000","STREAM","tbcmp_PD_HA_IntHigh_2100","PD","HA","IntHigh","2100",882.56652088722
"03100207_80000000_CHASSAHOWITZKA_RIVER",6110,622628,"CHASSAHOWITZKA RIVER","03100207","80000000","STREAM","tbcmp_PD_HA_IntHigh_2100","PD","HA","IntHigh","2100",615.418916645072
"03100207_80000000_CHASSAHOWITZKA_RIVER",6120,2832986,"CHASSAHOWITZKA RIVER","03100207","80000000","STREAM","tbcmp_PD_HA_IntHigh_2100","PD","HA","IntHigh","2100",2800.18433959066
"03100207_80000000_CHASSAHOWITZKA_RIVER",6410,664228,"CHASSAHOWITZKA RIVER","03100207","80000000","STREAM","tbcmp_PD_HA_IntHigh_2100","PD","HA","IntHigh","2100",656.537252043472
"03100207_80000000_CHASSAHOWITZKA_RIVER",6420,257356,"CHASSAHOWITZKA RIVER","03100207","80000000","STREAM","tbcmp_PD_HA_IntHigh_2100","PD","HA","IntHigh","2100",254.376209730544
"03100207_80000000_CHASSAHOWITZKA_RIVER",6425,131664,"CHASSAHOWITZKA RIVER","03100207","80000000","STREAM","tbcmp_PD_HA_IntHigh_2100","PD","HA","IntHigh","2100",130.139531535936
"03100207_80000000_CHASSAHOWITZKA_RIVER",6510,321427,"CHASSAHOWITZKA RIVER","03100207","80000000","STREAM","tbcmp_PD_HA_IntHigh_2100","PD","HA","IntHigh","2100",317.705365194748
"03100207_80000000_CHASSAHOWITZKA_RIVER",6600,548200,"CHASSAHOWITZKA RIVER","03100207","80000000","STREAM","tbcmp_PD_HA_IntHigh_2100","PD","HA","IntHigh","2100",541.8526794568
"03100207_80000000_CHASSAHOWITZKA_RIVER",9113,7910177,"CHASSAHOWITZKA RIVER","03100207","80000000","STREAM","tbcmp_PD_HA_IntHigh_2100","PD","HA","IntHigh","2100",7818.58920544975
"03100207_80000000_LIZZIE_HART_SINK",1100,2129751,"LIZZIE HART SINK","03100207","80000000","NONCON","tbcmp_PD_HA_IntHigh_2100","PD","HA","IntHigh","2100",2105.09172916052
"03100207_80000000_LIZZIE_HART_SINK",1200,1083638,"LIZZIE HART SINK","03100207","80000000","NONCON","tbcmp_PD_HA_IntHigh_2100","PD","HA","IntHigh","2100",1071.09112342431
"03100207_80000000_LIZZIE_HART_SINK",1800,7184,"LIZZIE HART SINK","03100207","80000000","NONCON","tbcmp_PD_HA_IntHigh_2100","PD","HA","IntHigh","2100",7.100820228416
"03100207_80000000_LIZZIE_HART_SINK",1900,871204,"LIZZIE HART SINK","03100207","80000000","NONCON","tbcmp_PD_HA_IntHigh_2100","PD","HA","IntHigh","2100",861.116785394896
"03100207_80000000_LIZZIE_HART_SINK",2100,3612121,"LIZZIE HART SINK","03100207","80000000","NONCON","tbcmp_PD_HA_IntHigh_2100","PD","HA","IntHigh","2100",3570.2981436924
"03100207_80000000_LIZZIE_HART_SINK",2200,18423,"LIZZIE HART SINK","03100207","80000000","NONCON","tbcmp_PD_HA_IntHigh_2100","PD","HA","IntHigh","2100",18.209689736652
"03100207_80000000_LIZZIE_HART_SINK",2400,135712,"LIZZIE HART SINK","03100207","80000000","NONCON","tbcmp_PD_HA_IntHigh_2100","PD","HA","IntHigh","2100",134.140661865088
"03100207_80000000_LIZZIE_HART_SINK",3200,143565,"LIZZIE HART SINK","03100207","80000000","NONCON","tbcmp_PD_HA_IntHigh_2100","PD","HA","IntHigh","2100",141.90273609306
"03100207_80000000_LIZZIE_HART_SINK",4100,9930279,"LIZZIE HART SINK","03100207","80000000","NONCON","tbcmp_PD_HA_IntHigh_2100","PD","HA","IntHigh","2100",9815.30150292519
"03100207_80000000_LIZZIE_HART_SINK",4400,444311,"LIZZIE HART SINK","03100207","80000000","NONCON","tbcmp_PD_HA_IntHigh_2100","PD","HA","IntHigh","2100",439.166555749964
"03100207_80000000_LIZZIE_HART_SINK",5200,33104,"LIZZIE HART SINK","03100207","80000000","NONCON","tbcmp_PD_HA_IntHigh_2100","PD","HA","IntHigh","2100",32.720706130496
"03100207_80000000_LIZZIE_HART_SINK",6110,99567,"LIZZIE HART SINK","03100207","80000000","NONCON","tbcmp_PD_HA_IntHigh_2100","PD","HA","IntHigh","2100",98.414165880108
"03100207_80000000_LIZZIE_HART_SINK",6410,226378,"LIZZIE HART SINK","03100207","80000000","NONCON","tbcmp_PD_HA_IntHigh_2100","PD","HA","IntHigh","2100",223.756887760072
"03100207_83000000_HOMOSASSA_RIVER",1100,8479574,"HOMOSASSA RIVER","03100207","83000000","STREAM","tbcmp_PD_HA_IntHigh_2100","PD","HA","IntHigh","2100",8381.39345595077
"03100207_83000000_HOMOSASSA_RIVER",1200,4651501,"HOMOSASSA RIVER","03100207","83000000","STREAM","tbcmp_PD_HA_IntHigh_2100","PD","HA","IntHigh","2100",4597.64370730752
"03100207_83000000_HOMOSASSA_RIVER",1800,218272,"HOMOSASSA RIVER","03100207","83000000","STREAM","tbcmp_PD_HA_IntHigh_2100","PD","HA","IntHigh","2100",215.744742886528
"03100207_83000000_HOMOSASSA_RIVER",1820,154903,"HOMOSASSA RIVER","03100207","83000000","STREAM","tbcmp_PD_HA_IntHigh_2100","PD","HA","IntHigh","2100",153.109459332172
"03100207_83000000_HOMOSASSA_RIVER",1900,1105426,"HOMOSASSA RIVER","03100207","83000000","STREAM","tbcmp_PD_HA_IntHigh_2100","PD","HA","IntHigh","2100",1092.62685158922
"03100207_83000000_HOMOSASSA_RIVER",2100,1803652,"HOMOSASSA RIVER","03100207","83000000","STREAM","tbcmp_PD_HA_IntHigh_2100","PD","HA","IntHigh","2100",1782.76845860565
"03100207_83000000_HOMOSASSA_RIVER",2400,29571,"HOMOSASSA RIVER","03100207","83000000","STREAM","tbcmp_PD_HA_IntHigh_2100","PD","HA","IntHigh","2100",29.228612886204
"03100207_83000000_HOMOSASSA_RIVER",3200,362600,"HOMOSASSA RIVER","03100207","83000000","STREAM","tbcmp_PD_HA_IntHigh_2100","PD","HA","IntHigh","2100",358.4016446024
"03100207_83000000_HOMOSASSA_RIVER",4100,8075153,"HOMOSASSA RIVER","03100207","83000000","STREAM","tbcmp_PD_HA_IntHigh_2100","PD","HA","IntHigh","2100",7981.65503479317
"03100207_83000000_HOMOSASSA_RIVER",4400,603030,"HOMOSASSA RIVER","03100207","83000000","STREAM","tbcmp_PD_HA_IntHigh_2100","PD","HA","IntHigh","2100",596.04783161772
"03100207_83000000_HOMOSASSA_RIVER",5200,65723,"HOMOSASSA RIVER","03100207","83000000","STREAM","tbcmp_PD_HA_IntHigh_2100","PD","HA","IntHigh","2100",64.962027821852
"03100207_83000000_HOMOSASSA_RIVER",5400,1209899,"HOMOSASSA RIVER","03100207","83000000","STREAM","tbcmp_PD_HA_IntHigh_2100","PD","HA","IntHigh","2100",1195.89021346608
"03100207_83000000_HOMOSASSA_RIVER",6110,62800,"HOMOSASSA RIVER","03100207","83000000","STREAM","tbcmp_PD_HA_IntHigh_2100","PD","HA","IntHigh","2100",62.0728717072
"03100207_83000000_HOMOSASSA_RIVER",6120,993337,"HOMOSASSA RIVER","03100207","83000000","STREAM","tbcmp_PD_HA_IntHigh_2100","PD","HA","IntHigh","2100",981.835671385588
"03100207_83000000_HOMOSASSA_RIVER",6410,67223,"HOMOSASSA RIVER","03100207","83000000","STREAM","tbcmp_PD_HA_IntHigh_2100","PD","HA","IntHigh","2100",66.444660107852
"03100207_83000000_HOMOSASSA_RIVER",6420,170473,"HOMOSASSA RIVER","03100207","83000000","STREAM","tbcmp_PD_HA_IntHigh_2100","PD","HA","IntHigh","2100",168.499182460852
"03100207_83000000_HOMOSASSA_RIVER",6425,124842,"HOMOSASSA RIVER","03100207","83000000","STREAM","tbcmp_PD_HA_IntHigh_2100","PD","HA","IntHigh","2100",123.396519899208
"03100207_83000000_HOMOSASSA_RIVER",6510,136734,"HOMOSASSA RIVER","03100207","83000000","STREAM","tbcmp_PD_HA_IntHigh_2100","PD","HA","IntHigh","2100",135.150828662616
"03100207_83000000_HOMOSASSA_RIVER",6600,415497,"HOMOSASSA RIVER","03100207","83000000","STREAM","tbcmp_PD_HA_IntHigh_2100","PD","HA","IntHigh","2100",410.686177957428
"03100207_83000000_HOMOSASSA_RIVER",7100,693,"HOMOSASSA RIVER","03100207","83000000","STREAM","tbcmp_PD_HA_IntHigh_2100","PD","HA","IntHigh","2100",0.684976116132
"03100207_83000000_HOMOSASSA_RIVER",9113,7325020,"HOMOSASSA RIVER","03100207","83000000","STREAM","tbcmp_PD_HA_IntHigh_2100","PD","HA","IntHigh","2100",7240.20743173048
"03100207_90000000_CRYSTAL_RIVER",1100,13602714,"CRYSTAL RIVER","03100207","90000000","STREAM","tbcmp_PD_HA_IntHigh_2100","PD","HA","IntHigh","2100",13445.2153024161
"03100207_90000000_CRYSTAL_RIVER",1200,6637992,"CRYSTAL RIVER","03100207","90000000","STREAM","tbcmp_PD_HA_IntHigh_2100","PD","HA","IntHigh","2100",6561.13416893981
"03100207_90000000_CRYSTAL_RIVER",1800,241695,"CRYSTAL RIVER","03100207","90000000","STREAM","tbcmp_PD_HA_IntHigh_2100","PD","HA","IntHigh","2100",238.89654024318
"03100207_90000000_CRYSTAL_RIVER",1820,632202,"CRYSTAL RIVER","03100207","90000000","STREAM","tbcmp_PD_HA_IntHigh_2100","PD","HA","IntHigh","2100",624.882064315848
"03100207_90000000_CRYSTAL_RIVER",1900,1678041,"CRYSTAL RIVER","03100207","90000000","STREAM","tbcmp_PD_HA_IntHigh_2100","PD","HA","IntHigh","2100",1658.61184255448
"03100207_90000000_CRYSTAL_RIVER",2100,2329610,"CRYSTAL RIVER","03100207","90000000","STREAM","tbcmp_PD_HA_IntHigh_2100","PD","HA","IntHigh","2100",2302.63666652564
"03100207_90000000_CRYSTAL_RIVER",2400,30558,"CRYSTAL RIVER","03100207","90000000","STREAM","tbcmp_PD_HA_IntHigh_2100","PD","HA","IntHigh","2100",30.204184930392
"03100207_90000000_CRYSTAL_RIVER",3200,253688,"CRYSTAL RIVER","03100207","90000000","STREAM","tbcmp_PD_HA_IntHigh_2100","PD","HA","IntHigh","2100",250.750679580512
"03100207_90000000_CRYSTAL_RIVER",4100,6454135,"CRYSTAL RIVER","03100207","90000000","STREAM","tbcmp_PD_HA_IntHigh_2100","PD","HA","IntHigh","2100",6379.40595280174
"03100207_90000000_CRYSTAL_RIVER",4400,498746,"CRYSTAL RIVER","03100207","90000000","STREAM","tbcmp_PD_HA_IntHigh_2100","PD","HA","IntHigh","2100",492.971281408904
"03100207_90000000_CRYSTAL_RIVER",5200,145018,"CRYSTAL RIVER","03100207","90000000","STREAM","tbcmp_PD_HA_IntHigh_2100","PD","HA","IntHigh","2100",143.338912567432
"03100207_90000000_CRYSTAL_RIVER",5400,1600653,"CRYSTAL RIVER","03100207","90000000","STREAM","tbcmp_PD_HA_IntHigh_2100","PD","HA","IntHigh","2100",1582.11987765517
"03100207_90000000_CRYSTAL_RIVER",6110,79133,"CRYSTAL RIVER","03100207","90000000","STREAM","tbcmp_PD_HA_IntHigh_2100","PD","HA","IntHigh","2100",78.216760458692
"03100207_90000000_CRYSTAL_RIVER",6120,2046193,"CRYSTAL RIVER","03100207","90000000","STREAM","tbcmp_PD_HA_IntHigh_2100","PD","HA","IntHigh","2100",2022.50120345813
"03100207_90000000_CRYSTAL_RIVER",6410,342540,"CRYSTAL RIVER","03100207","90000000","STREAM","tbcmp_PD_HA_IntHigh_2100","PD","HA","IntHigh","2100",338.57390883096
"03100207_90000000_CRYSTAL_RIVER",6420,402829,"CRYSTAL RIVER","03100207","90000000","STREAM","tbcmp_PD_HA_IntHigh_2100","PD","HA","IntHigh","2100",398.164854091396
"03100207_90000000_CRYSTAL_RIVER",6425,162361,"CRYSTAL RIVER","03100207","90000000","STREAM","tbcmp_PD_HA_IntHigh_2100","PD","HA","IntHigh","2100",160.481107058164
"03100207_90000000_CRYSTAL_RIVER",6510,149676,"CRYSTAL RIVER","03100207","90000000","STREAM","tbcmp_PD_HA_IntHigh_2100","PD","HA","IntHigh","2100",147.942980026224
"03100207_90000000_CRYSTAL_RIVER",6600,844082,"CRYSTAL RIVER","03100207","90000000","STREAM","tbcmp_PD_HA_IntHigh_2100","PD","HA","IntHigh","2100",834.308816820968
"03100207_90000000_CRYSTAL_RIVER",9113,6373381,"CRYSTAL RIVER","03100207","90000000","STREAM","tbcmp_PD_HA_IntHigh_2100","PD","HA","IntHigh","2100",6299.58696105264
"03100207_99990000_DIRECT_RUNOFF_TO_GULF",0,27,"DIRECT RUNOFF TO GULF","03100207","99990000","RUNOFF","tbcmp_PD_HA_IntHigh_2100","PD","HA","IntHigh","2100",0.026687381148
"03100207_99990000_DIRECT_RUNOFF_TO_GULF",1100,7715059,"DIRECT RUNOFF TO GULF","03100207","99990000","RUNOFF","tbcmp_PD_HA_IntHigh_2100","PD","HA","IntHigh","2100",7625.73037452992
"03100207_99990000_DIRECT_RUNOFF_TO_GULF",1200,6772430,"DIRECT RUNOFF TO GULF","03100207","99990000","RUNOFF","tbcmp_PD_HA_IntHigh_2100","PD","HA","IntHigh","2100",6694.01558178332
"03100207_99990000_DIRECT_RUNOFF_TO_GULF",1800,124749,"DIRECT RUNOFF TO GULF","03100207","99990000","RUNOFF","tbcmp_PD_HA_IntHigh_2100","PD","HA","IntHigh","2100",123.304596697476
"03100207_99990000_DIRECT_RUNOFF_TO_GULF",1820,72825,"DIRECT RUNOFF TO GULF","03100207","99990000","RUNOFF","tbcmp_PD_HA_IntHigh_2100","PD","HA","IntHigh","2100",71.9817974853
"03100207_99990000_DIRECT_RUNOFF_TO_GULF",1900,1330513,"DIRECT RUNOFF TO GULF","03100207","99990000","RUNOFF","tbcmp_PD_HA_IntHigh_2100","PD","HA","IntHigh","2100",1315.10768716181
"03100207_99990000_DIRECT_RUNOFF_TO_GULF",2100,675001,"DIRECT RUNOFF TO GULF","03100207","99990000","RUNOFF","tbcmp_PD_HA_IntHigh_2100","PD","HA","IntHigh","2100",667.185517121524
"03100207_99990000_DIRECT_RUNOFF_TO_GULF",2200,9314,"DIRECT RUNOFF TO GULF","03100207","99990000","RUNOFF","tbcmp_PD_HA_IntHigh_2100","PD","HA","IntHigh","2100",9.206158074536
"03100207_99990000_DIRECT_RUNOFF_TO_GULF",2400,76674,"DIRECT RUNOFF TO GULF","03100207","99990000","RUNOFF","tbcmp_PD_HA_IntHigh_2100","PD","HA","IntHigh","2100",75.786231931176
"03100207_99990000_DIRECT_RUNOFF_TO_GULF",3200,192938,"DIRECT RUNOFF TO GULF","03100207","99990000","RUNOFF","tbcmp_PD_HA_IntHigh_2100","PD","HA","IntHigh","2100",190.704071997512
"03100207_99990000_DIRECT_RUNOFF_TO_GULF",4100,4152314,"DIRECT RUNOFF TO GULF","03100207","99990000","RUNOFF","tbcmp_PD_HA_IntHigh_2100","PD","HA","IntHigh","2100",4104.23653200654
"03100207_99990000_DIRECT_RUNOFF_TO_GULF",4400,442623,"DIRECT RUNOFF TO GULF","03100207","99990000","RUNOFF","tbcmp_PD_HA_IntHigh_2100","PD","HA","IntHigh","2100",437.498100217452
"03100207_99990000_DIRECT_RUNOFF_TO_GULF",5200,130940,"DIRECT RUNOFF TO GULF","03100207","99990000","RUNOFF","tbcmp_PD_HA_IntHigh_2100","PD","HA","IntHigh","2100",129.42391435256
"03100207_99990000_DIRECT_RUNOFF_TO_GULF",5400,509986,"DIRECT RUNOFF TO GULF","03100207","99990000","RUNOFF","tbcmp_PD_HA_IntHigh_2100","PD","HA","IntHigh","2100",504.081139338664
"03100207_99990000_DIRECT_RUNOFF_TO_GULF",6110,480106,"DIRECT RUNOFF TO GULF","03100207","99990000","RUNOFF","tbcmp_PD_HA_IntHigh_2100","PD","HA","IntHigh","2100",474.547104201544
"03100207_99990000_DIRECT_RUNOFF_TO_GULF",6120,586243,"DIRECT RUNOFF TO GULF","03100207","99990000","RUNOFF","tbcmp_PD_HA_IntHigh_2100","PD","HA","IntHigh","2100",579.455199494332
"03100207_99990000_DIRECT_RUNOFF_TO_GULF",6410,457815,"DIRECT RUNOFF TO GULF","03100207","99990000","RUNOFF","tbcmp_PD_HA_IntHigh_2100","PD","HA","IntHigh","2100",452.51420001006
"03100207_99990000_DIRECT_RUNOFF_TO_GULF",6420,92951,"DIRECT RUNOFF TO GULF","03100207","99990000","RUNOFF","tbcmp_PD_HA_IntHigh_2100","PD","HA","IntHigh","2100",91.874769077324
"03100207_99990000_DIRECT_RUNOFF_TO_GULF",6600,194966,"DIRECT RUNOFF TO GULF","03100207","99990000","RUNOFF","tbcmp_PD_HA_IntHigh_2100","PD","HA","IntHigh","2100",192.708590848184
"03100207_99990000_DIRECT_RUNOFF_TO_GULF",9113,3166576,"DIRECT RUNOFF TO GULF","03100207","99990000","RUNOFF","tbcmp_PD_HA_IntHigh_2100","PD","HA","IntHigh","2100",3129.91187578182
"03100207_99999900_DIRECT_RUNOFF_TO_GULF",0,1437,"DIRECT RUNOFF TO GULF","03100207","99999900","RUNOFF","tbcmp_PD_HA_IntHigh_2100","PD","HA","IntHigh","2100",1.420361729988
"03100207_99999900_DIRECT_RUNOFF_TO_GULF",1100,18126368,"DIRECT RUNOFF TO GULF","03100207","99999900","RUNOFF","tbcmp_PD_HA_IntHigh_2100","PD","HA","IntHigh","2100",17916.4922831448
"03100207_99999900_DIRECT_RUNOFF_TO_GULF",1200,35981055,"DIRECT RUNOFF TO GULF","03100207","99999900","RUNOFF","tbcmp_PD_HA_IntHigh_2100","PD","HA","IntHigh","2100",35564.4492182278
"03100207_99999900_DIRECT_RUNOFF_TO_GULF",1800,1494782,"DIRECT RUNOFF TO GULF","03100207","99999900","RUNOFF","tbcmp_PD_HA_IntHigh_2100","PD","HA","IntHigh","2100",1477.47470248777
"03100207_99999900_DIRECT_RUNOFF_TO_GULF",1820,709090,"DIRECT RUNOFF TO GULF","03100207","99999900","RUNOFF","tbcmp_PD_HA_IntHigh_2100","PD","HA","IntHigh","2100",700.87981845316
"03100207_99999900_DIRECT_RUNOFF_TO_GULF",1900,5355718,"DIRECT RUNOFF TO GULF","03100207","99999900","RUNOFF","tbcmp_PD_HA_IntHigh_2100","PD","HA","IntHigh","2100",5293.70694767423
"03100207_99999900_DIRECT_RUNOFF_TO_GULF",2100,3560318,"DIRECT RUNOFF TO GULF","03100207","99999900","RUNOFF","tbcmp_PD_HA_IntHigh_2100","PD","HA","IntHigh","2100",3519.09494348463
"03100207_99999900_DIRECT_RUNOFF_TO_GULF",2200,2081,"DIRECT RUNOFF TO GULF","03100207","99999900","RUNOFF","tbcmp_PD_HA_IntHigh_2100","PD","HA","IntHigh","2100",2.056905191444
"03100207_99999900_DIRECT_RUNOFF_TO_GULF",2400,132661,"DIRECT RUNOFF TO GULF","03100207","99999900","RUNOFF","tbcmp_PD_HA_IntHigh_2100","PD","HA","IntHigh","2100",131.124987795364
"03100207_99999900_DIRECT_RUNOFF_TO_GULF",3200,1731268,"DIRECT RUNOFF TO GULF","03100207","99999900","RUNOFF","tbcmp_PD_HA_IntHigh_2100","PD","HA","IntHigh","2100",1711.22255501243
"03100207_99999900_DIRECT_RUNOFF_TO_GULF",4100,21906242,"DIRECT RUNOFF TO GULF","03100207","99999900","RUNOFF","tbcmp_PD_HA_IntHigh_2100","PD","HA","IntHigh","2100",21652.6011027528
"03100207_99999900_DIRECT_RUNOFF_TO_GULF",4400,3129808,"DIRECT RUNOFF TO GULF","03100207","99999900","RUNOFF","tbcmp_PD_HA_IntHigh_2100","PD","HA","IntHigh","2100",3093.56959318739
"03100207_99999900_DIRECT_RUNOFF_TO_GULF",5200,410990,"DIRECT RUNOFF TO GULF","03100207","99999900","RUNOFF","tbcmp_PD_HA_IntHigh_2100","PD","HA","IntHigh","2100",406.23136214876
"03100207_99999900_DIRECT_RUNOFF_TO_GULF",5400,21453478,"DIRECT RUNOFF TO GULF","03100207","99999900","RUNOFF","tbcmp_PD_HA_IntHigh_2100","PD","HA","IntHigh","2100",21205.0794198605
"03100207_99999900_DIRECT_RUNOFF_TO_GULF",6110,2997105,"DIRECT RUNOFF TO GULF","03100207","99999900","RUNOFF","tbcmp_PD_HA_IntHigh_2100","PD","HA","IntHigh","2100",2962.40309168802
"03100207_99999900_DIRECT_RUNOFF_TO_GULF",6120,12252014,"DIRECT RUNOFF TO GULF","03100207","99999900","RUNOFF","tbcmp_PD_HA_IntHigh_2100","PD","HA","IntHigh","2100",12110.1543499493
"03100207_99999900_DIRECT_RUNOFF_TO_GULF",6410,1362053,"DIRECT RUNOFF TO GULF","03100207","99999900","RUNOFF","tbcmp_PD_HA_IntHigh_2100","PD","HA","IntHigh","2100",1346.28250202877
"03100207_99999900_DIRECT_RUNOFF_TO_GULF",6420,1629403,"DIRECT RUNOFF TO GULF","03100207","99999900","RUNOFF","tbcmp_PD_HA_IntHigh_2100","PD","HA","IntHigh","2100",1610.53699647017
"03100207_99999900_DIRECT_RUNOFF_TO_GULF",6425,83984,"DIRECT RUNOFF TO GULF","03100207","99999900","RUNOFF","tbcmp_PD_HA_IntHigh_2100","PD","HA","IntHigh","2100",83.011593271616
"03100207_99999900_DIRECT_RUNOFF_TO_GULF",6510,90136,"DIRECT RUNOFF TO GULF","03100207","99999900","RUNOFF","tbcmp_PD_HA_IntHigh_2100","PD","HA","IntHigh","2100",89.092362487264
"03100207_99999900_DIRECT_RUNOFF_TO_GULF",6600,3663423,"DIRECT RUNOFF TO GULF","03100207","99999900","RUNOFF","tbcmp_PD_HA_IntHigh_2100","PD","HA","IntHigh","2100",3621.00614471665
"03100207_99999900_DIRECT_RUNOFF_TO_GULF",7100,1043,"DIRECT RUNOFF TO GULF","03100207","99999900","RUNOFF","tbcmp_PD_HA_IntHigh_2100","PD","HA","IntHigh","2100",1.030923649532
"03100207_99999900_DIRECT_RUNOFF_TO_GULF",9113,68649738,"DIRECT RUNOFF TO GULF","03100207","99999900","RUNOFF","tbcmp_PD_HA_IntHigh_2100","PD","HA","IntHigh","2100",67854.8786561607
"03100208_32000000_CROSS_CREEK",1900,890,"CROSS CREEK","03100208","32000000","STREAM","tbcmp_PD_HA_IntHigh_2100","PD","HA","IntHigh","2100",0.87969515636
"03100208_32000000_CROSS_CREEK",3200,4315,"CROSS CREEK","03100208","32000000","STREAM","tbcmp_PD_HA_IntHigh_2100","PD","HA","IntHigh","2100",4.26503887606
"03100208_32000000_CROSS_CREEK",4100,89438,"CROSS CREEK","03100208","32000000","STREAM","tbcmp_PD_HA_IntHigh_2100","PD","HA","IntHigh","2100",88.402444263512
"03100208_32000000_CROSS_CREEK",6110,70196,"CROSS CREEK","03100208","32000000","STREAM","tbcmp_PD_HA_IntHigh_2100","PD","HA","IntHigh","2100",69.383237298704
"03100208_32000000_CROSS_CREEK",6410,2920,"CROSS CREEK","03100208","32000000","STREAM","tbcmp_PD_HA_IntHigh_2100","PD","HA","IntHigh","2100",2.88619085008
"03100208_34900000_COLT_CREEK",2100,177489,"COLT CREEK","03100208","34900000","STREAM","tbcmp_PD_HA_IntHigh_2100","PD","HA","IntHigh","2100",175.433947873236
"03100208_34900000_COLT_CREEK",4100,27978,"COLT CREEK","03100208","34900000","STREAM","tbcmp_PD_HA_IntHigh_2100","PD","HA","IntHigh","2100",27.654057398472
"03100208_34900000_COLT_CREEK",5200,16009,"COLT CREEK","03100208","34900000","STREAM","tbcmp_PD_HA_IntHigh_2100","PD","HA","IntHigh","2100",15.823640177716
"03100208_34900000_COLT_CREEK",6110,111308,"COLT CREEK","03100208","34900000","STREAM","tbcmp_PD_HA_IntHigh_2100","PD","HA","IntHigh","2100",110.019222993392
"03100208_34900000_COLT_CREEK",6410,2569,"COLT CREEK","03100208","34900000","STREAM","tbcmp_PD_HA_IntHigh_2100","PD","HA","IntHigh","2100",2.539254895156
"03100208_34990000_GATOR_CREEK",1100,7040,"GATOR CREEK","03100208","34990000","STREAM","tbcmp_PD_HA_IntHigh_2100","PD","HA","IntHigh","2100",6.95848752896
"03100208_34990000_GATOR_CREEK",1200,59713,"GATOR CREEK","03100208","34990000","STREAM","tbcmp_PD_HA_IntHigh_2100","PD","HA","IntHigh","2100",59.021614462612
"03100208_34990000_GATOR_CREEK",1900,206374,"GATOR CREEK","03100208","34990000","STREAM","tbcmp_PD_HA_IntHigh_2100","PD","HA","IntHigh","2100",203.984503593976
"03100208_34990000_GATOR_CREEK",2100,144408,"GATOR CREEK","03100208","34990000","STREAM","tbcmp_PD_HA_IntHigh_2100","PD","HA","IntHigh","2100",142.735975437792
"03100208_34990000_GATOR_CREEK",3200,40469,"GATOR CREEK","03100208","34990000","STREAM","tbcmp_PD_HA_IntHigh_2100","PD","HA","IntHigh","2100",40.000430654756
"03100208_34990000_GATOR_CREEK",4100,512494,"GATOR CREEK","03100208","34990000","STREAM","tbcmp_PD_HA_IntHigh_2100","PD","HA","IntHigh","2100",506.560100520856
"03100208_34990000_GATOR_CREEK",4400,72761,"GATOR CREEK","03100208","34990000","STREAM","tbcmp_PD_HA_IntHigh_2100","PD","HA","IntHigh","2100",71.918538507764
"03100208_34990000_GATOR_CREEK",5200,18850,"GATOR CREEK","03100208","34990000","STREAM","tbcmp_PD_HA_IntHigh_2100","PD","HA","IntHigh","2100",18.6317457274
"03100208_34990000_GATOR_CREEK",6110,828636,"GATOR CREEK","03100208","34990000","STREAM","tbcmp_PD_HA_IntHigh_2100","PD","HA","IntHigh","2100",819.041657961264
"03100208_34990000_GATOR_CREEK",6410,91771,"GATOR CREEK","03100208","34990000","STREAM","tbcmp_PD_HA_IntHigh_2100","PD","HA","IntHigh","2100",90.708431679004
"03100208_40500000_TANK_LAKE_OUTLET",1100,2978897,"TANK LAKE OUTLET","03100208","40500000","OUTLET","tbcmp_PD_HA_IntHigh_2100","PD","HA","IntHigh","2100",2944.40591257903
"03100208_40500000_TANK_LAKE_OUTLET",1200,3191935,"TANK LAKE OUTLET","03100208","40500000","OUTLET","tbcmp_PD_HA_IntHigh_2100","PD","HA","IntHigh","2100",3154.97725720894
"03100208_40500000_TANK_LAKE_OUTLET",1800,175195,"TANK LAKE OUTLET","03100208","40500000","OUTLET","tbcmp_PD_HA_IntHigh_2100","PD","HA","IntHigh","2100",173.16650889718
"03100208_40500000_TANK_LAKE_OUTLET",1820,426756,"TANK LAKE OUTLET","03100208","40500000","OUTLET","tbcmp_PD_HA_IntHigh_2100","PD","HA","IntHigh","2100",421.814815896144
"03100208_40500000_TANK_LAKE_OUTLET",1900,1117812,"TANK LAKE OUTLET","03100208","40500000","OUTLET","tbcmp_PD_HA_IntHigh_2100","PD","HA","IntHigh","2100",1104.86944058549
"03100208_40500000_TANK_LAKE_OUTLET",2100,5244353,"TANK LAKE OUTLET","03100208","40500000","OUTLET","tbcmp_PD_HA_IntHigh_2100","PD","HA","IntHigh","2100",5183.63138465397
"03100208_40500000_TANK_LAKE_OUTLET",2200,105579,"TANK LAKE OUTLET","03100208","40500000","OUTLET","tbcmp_PD_HA_IntHigh_2100","PD","HA","IntHigh","2100",104.356556082396
"03100208_40500000_TANK_LAKE_OUTLET",2400,58361,"TANK LAKE OUTLET","03100208","40500000","OUTLET","tbcmp_PD_HA_IntHigh_2100","PD","HA","IntHigh","2100",57.685268562164
"03100208_40500000_TANK_LAKE_OUTLET",3200,2885,"TANK LAKE OUTLET","03100208","40500000","OUTLET","tbcmp_PD_HA_IntHigh_2100","PD","HA","IntHigh","2100",2.85159609674
"03100208_40500000_TANK_LAKE_OUTLET",4100,1022441,"TANK LAKE OUTLET","03100208","40500000","OUTLET","tbcmp_PD_HA_IntHigh_2100","PD","HA","IntHigh","2100",1010.60269142008
"03100208_40500000_TANK_LAKE_OUTLET",4400,467443,"TANK LAKE OUTLET","03100208","40500000","OUTLET","tbcmp_PD_HA_IntHigh_2100","PD","HA","IntHigh","2100",462.030722443132
"03100208_40500000_TANK_LAKE_OUTLET",5200,741946,"TANK LAKE OUTLET","03100208","40500000","OUTLET","tbcmp_PD_HA_IntHigh_2100","PD","HA","IntHigh","2100",733.355396045704
"03100208_40500000_TANK_LAKE_OUTLET",6110,500212,"TANK LAKE OUTLET","03100208","40500000","OUTLET","tbcmp_PD_HA_IntHigh_2100","PD","HA","IntHigh","2100",494.420307363088
"03100208_40500000_TANK_LAKE_OUTLET",6410,1530916,"TANK LAKE OUTLET","03100208","40500000","OUTLET","tbcmp_PD_HA_IntHigh_2100","PD","HA","IntHigh","2100",1513.19032583598
"03100208_40990000_DUCK_LAKE_CANAL",1100,246190,"DUCK LAKE CANAL","03100208","40990000","CANAL","tbcmp_PD_HA_IntHigh_2100","PD","HA","IntHigh","2100",243.33949499356
"03100208_40990000_DUCK_LAKE_CANAL",1200,254783,"DUCK LAKE CANAL","03100208","40990000","CANAL","tbcmp_PD_HA_IntHigh_2100","PD","HA","IntHigh","2100",251.833001149292
"03100208_40990000_DUCK_LAKE_CANAL",1800,6321,"DUCK LAKE CANAL","03100208","40990000","CANAL","tbcmp_PD_HA_IntHigh_2100","PD","HA","IntHigh","2100",6.247812453204
"03100208_40990000_DUCK_LAKE_CANAL",1900,5361,"DUCK LAKE CANAL","03100208","40990000","CANAL","tbcmp_PD_HA_IntHigh_2100","PD","HA","IntHigh","2100",5.298927790164
"03100208_40990000_DUCK_LAKE_CANAL",2100,462905,"DUCK LAKE CANAL","03100208","40990000","CANAL","tbcmp_PD_HA_IntHigh_2100","PD","HA","IntHigh","2100",457.54526556722
"03100208_40990000_DUCK_LAKE_CANAL",2400,3758,"DUCK LAKE CANAL","03100208","40990000","CANAL","tbcmp_PD_HA_IntHigh_2100","PD","HA","IntHigh","2100",3.714488087192
"03100208_40990000_DUCK_LAKE_CANAL",3200,7847,"DUCK LAKE CANAL","03100208","40990000","CANAL","tbcmp_PD_HA_IntHigh_2100","PD","HA","IntHigh","2100",7.756143698828
"03100208_40990000_DUCK_LAKE_CANAL",4100,48884,"DUCK LAKE CANAL","03100208","40990000","CANAL","tbcmp_PD_HA_IntHigh_2100","PD","HA","IntHigh","2100",48.317997779216
"03100208_40990000_DUCK_LAKE_CANAL",4400,78935,"DUCK LAKE CANAL","03100208","40990000","CANAL","tbcmp_PD_HA_IntHigh_2100","PD","HA","IntHigh","2100",78.02105299694
"03100208_40990000_DUCK_LAKE_CANAL",5200,5420,"DUCK LAKE CANAL","03100208","40990000","CANAL","tbcmp_PD_HA_IntHigh_2100","PD","HA","IntHigh","2100",5.35724466008
"03100208_40990000_DUCK_LAKE_CANAL",6110,9963,"DUCK LAKE CANAL","03100208","40990000","CANAL","tbcmp_PD_HA_IntHigh_2100","PD","HA","IntHigh","2100",9.847643643612
"03100208_40990000_DUCK_LAKE_CANAL",6410,246874,"DUCK LAKE CANAL","03100208","40990000","CANAL","tbcmp_PD_HA_IntHigh_2100","PD","HA","IntHigh","2100",244.015575315976
"03100208_45000000_DADE_CITY_CANAL",1100,940548,"DADE CITY CANAL","03100208","45000000","CANAL","tbcmp_PD_HA_IntHigh_2100","PD","HA","IntHigh","2100",929.657887555152
"03100208_45000000_DADE_CITY_CANAL",1200,2043754,"DADE CITY CANAL","03100208","45000000","CANAL","tbcmp_PD_HA_IntHigh_2100","PD","HA","IntHigh","2100",2020.0904433611
"03100208_45000000_DADE_CITY_CANAL",1800,13373,"DADE CITY CANAL","03100208","45000000","CANAL","tbcmp_PD_HA_IntHigh_2100","PD","HA","IntHigh","2100",13.218161040452
"03100208_45000000_DADE_CITY_CANAL",1820,3348,"DADE CITY CANAL","03100208","45000000","CANAL","tbcmp_PD_HA_IntHigh_2100","PD","HA","IntHigh","2100",3.309235262352
"03100208_45000000_DADE_CITY_CANAL",1900,405916,"DADE CITY CANAL","03100208","45000000","CANAL","tbcmp_PD_HA_IntHigh_2100","PD","HA","IntHigh","2100",401.216111335984
"03100208_45000000_DADE_CITY_CANAL",2100,3169724,"DADE CITY CANAL","03100208","45000000","CANAL","tbcmp_PD_HA_IntHigh_2100","PD","HA","IntHigh","2100",3133.02342673938
"03100208_45000000_DADE_CITY_CANAL",2200,64343,"DADE CITY CANAL","03100208","45000000","CANAL","tbcmp_PD_HA_IntHigh_2100","PD","HA","IntHigh","2100",63.598006118732
"03100208_45000000_DADE_CITY_CANAL",3200,9548,"DADE CITY CANAL","03100208","45000000","CANAL","tbcmp_PD_HA_IntHigh_2100","PD","HA","IntHigh","2100",9.437448711152
"03100208_45000000_DADE_CITY_CANAL",4100,807792,"DADE CITY CANAL","03100208","45000000","CANAL","tbcmp_PD_HA_IntHigh_2100","PD","HA","IntHigh","2100",798.438999715008
"03100208_45000000_DADE_CITY_CANAL",4400,355365,"DADE CITY CANAL","03100208","45000000","CANAL","tbcmp_PD_HA_IntHigh_2100","PD","HA","IntHigh","2100",351.25041487626
"03100208_45000000_DADE_CITY_CANAL",5200,250450,"DADE CITY CANAL","03100208","45000000","CANAL","tbcmp_PD_HA_IntHigh_2100","PD","HA","IntHigh","2100",247.5501706858
"03100208_45000000_DADE_CITY_CANAL",6110,394486,"DADE CITY CANAL","03100208","45000000","CANAL","tbcmp_PD_HA_IntHigh_2100","PD","HA","IntHigh","2100",389.918453316664
"03100208_45000000_DADE_CITY_CANAL",6410,996429,"DADE CITY CANAL","03100208","45000000","CANAL","tbcmp_PD_HA_IntHigh_2100","PD","HA","IntHigh","2100",984.891870737796
"03100208_46000000_OWENSBORO_SWAMP_OUTLET",1100,2256012,"OWENSBORO SWAMP OUTLET","03100208","46000000","SLOUGH","tbcmp_PD_HA_IntHigh_2100","PD","HA","IntHigh","2100",2229.89081920229
"03100208_46000000_OWENSBORO_SWAMP_OUTLET",1200,589079,"OWENSBORO SWAMP OUTLET","03100208","46000000","SLOUGH","tbcmp_PD_HA_IntHigh_2100","PD","HA","IntHigh","2100",582.258362936396
"03100208_46000000_OWENSBORO_SWAMP_OUTLET",1820,2038,"OWENSBORO SWAMP OUTLET","03100208","46000000","SLOUGH","tbcmp_PD_HA_IntHigh_2100","PD","HA","IntHigh","2100",2.014403065912
"03100208_46000000_OWENSBORO_SWAMP_OUTLET",1900,282188,"OWENSBORO SWAMP OUTLET","03100208","46000000","SLOUGH","tbcmp_PD_HA_IntHigh_2100","PD","HA","IntHigh","2100",278.920693014512
"03100208_46000000_OWENSBORO_SWAMP_OUTLET",2100,3300631,"OWENSBORO SWAMP OUTLET","03100208","46000000","SLOUGH","tbcmp_PD_HA_IntHigh_2100","PD","HA","IntHigh","2100",3262.41472318164
"03100208_46000000_OWENSBORO_SWAMP_OUTLET",2200,152218,"OWENSBORO SWAMP OUTLET","03100208","46000000","SLOUGH","tbcmp_PD_HA_IntHigh_2100","PD","HA","IntHigh","2100",150.455547540232
"03100208_46000000_OWENSBORO_SWAMP_OUTLET",2400,38251,"OWENSBORO SWAMP OUTLET","03100208","46000000","SLOUGH","tbcmp_PD_HA_IntHigh_2100","PD","HA","IntHigh","2100",37.808111714524
"03100208_46000000_OWENSBORO_SWAMP_OUTLET",4100,705582,"OWENSBORO SWAMP OUTLET","03100208","46000000","SLOUGH","tbcmp_PD_HA_IntHigh_2100","PD","HA","IntHigh","2100",697.412435746968
"03100208_46000000_OWENSBORO_SWAMP_OUTLET",4400,843526,"OWENSBORO SWAMP OUTLET","03100208","46000000","SLOUGH","tbcmp_PD_HA_IntHigh_2100","PD","HA","IntHigh","2100",833.759254453624
"03100208_46000000_OWENSBORO_SWAMP_OUTLET",5200,212499,"OWENSBORO SWAMP OUTLET","03100208","46000000","SLOUGH","tbcmp_PD_HA_IntHigh_2100","PD","HA","IntHigh","2100",210.038585428476
"03100208_46000000_OWENSBORO_SWAMP_OUTLET",6110,466993,"OWENSBORO SWAMP OUTLET","03100208","46000000","SLOUGH","tbcmp_PD_HA_IntHigh_2100","PD","HA","IntHigh","2100",461.585932757332
"03100208_46000000_OWENSBORO_SWAMP_OUTLET",6410,287850,"OWENSBORO SWAMP OUTLET","03100208","46000000","SLOUGH","tbcmp_PD_HA_IntHigh_2100","PD","HA","IntHigh","2100",284.5171356834
"03100208_46000000_OWENSBORO_SWAMP_OUTLET",6420,828,"OWENSBORO SWAMP OUTLET","03100208","46000000","SLOUGH","tbcmp_PD_HA_IntHigh_2100","PD","HA","IntHigh","2100",0.818413021872
"03100208_49800000_GATOR_HOLE_SLOUGH",1100,5492,"GATOR HOLE SLOUGH","03100208","49800000","SLOUGH","tbcmp_PD_HA_IntHigh_2100","PD","HA","IntHigh","2100",5.428411009808
"03100208_49800000_GATOR_HOLE_SLOUGH",1200,450,"GATOR HOLE SLOUGH","03100208","49800000","SLOUGH","tbcmp_PD_HA_IntHigh_2100","PD","HA","IntHigh","2100",0.4447896858
"03100208_49800000_GATOR_HOLE_SLOUGH",1900,39390,"GATOR HOLE SLOUGH","03100208","49800000","SLOUGH","tbcmp_PD_HA_IntHigh_2100","PD","HA","IntHigh","2100",38.93392383036
"03100208_49800000_GATOR_HOLE_SLOUGH",2100,151160,"GATOR HOLE SLOUGH","03100208","49800000","SLOUGH","tbcmp_PD_HA_IntHigh_2100","PD","HA","IntHigh","2100",149.40979756784
"03100208_49800000_GATOR_HOLE_SLOUGH",3200,193662,"GATOR HOLE SLOUGH","03100208","49800000","SLOUGH","tbcmp_PD_HA_IntHigh_2100","PD","HA","IntHigh","2100",191.419689180888
"03100208_49800000_GATOR_HOLE_SLOUGH",4100,1855664,"GATOR HOLE SLOUGH","03100208","49800000","SLOUGH","tbcmp_PD_HA_IntHigh_2100","PD","HA","IntHigh","2100",1834.17823891194
"03100208_49800000_GATOR_HOLE_SLOUGH",4400,211141,"GATOR HOLE SLOUGH","03100208","49800000","SLOUGH","tbcmp_PD_HA_IntHigh_2100","PD","HA","IntHigh","2100",208.696308998884
"03100208_49800000_GATOR_HOLE_SLOUGH",5200,6459,"GATOR HOLE SLOUGH","03100208","49800000","SLOUGH","tbcmp_PD_HA_IntHigh_2100","PD","HA","IntHigh","2100",6.384214623516
"03100208_49800000_GATOR_HOLE_SLOUGH",6110,2055900,"GATOR HOLE SLOUGH","03100208","49800000","SLOUGH","tbcmp_PD_HA_IntHigh_2100","PD","HA","IntHigh","2100",2032.0958111916
"03100208_49800000_GATOR_HOLE_SLOUGH",6410,97665,"GATOR HOLE SLOUGH","03100208","49800000","SLOUGH","tbcmp_PD_HA_IntHigh_2100","PD","HA","IntHigh","2100",96.53418814146
"03100208_49990000_DEVILS_CREEK",1100,23917,"DEVILS CREEK","03100208","49990000","STREAM","tbcmp_PD_HA_IntHigh_2100","PD","HA","IntHigh","2100",23.640077589508
"03100208_49990000_DEVILS_CREEK",1900,324753,"DEVILS CREEK","03100208","49990000","STREAM","tbcmp_PD_HA_IntHigh_2100","PD","HA","IntHigh","2100",320.992855183572
"03100208_49990000_DEVILS_CREEK",2100,306421,"DEVILS CREEK","03100208","49990000","STREAM","tbcmp_PD_HA_IntHigh_2100","PD","HA","IntHigh","2100",302.873111805604
"03100208_49990000_DEVILS_CREEK",3200,1094702,"DEVILS CREEK","03100208","49990000","STREAM","tbcmp_PD_HA_IntHigh_2100","PD","HA","IntHigh","2100",1082.02701916585
"03100208_49990000_DEVILS_CREEK",4100,8137140,"DEVILS CREEK","03100208","49990000","STREAM","tbcmp_PD_HA_IntHigh_2100","PD","HA","IntHigh","2100",8042.92431980136
"03100208_49990000_DEVILS_CREEK",4400,1603112,"DEVILS CREEK","03100208","49990000","STREAM","tbcmp_PD_HA_IntHigh_2100","PD","HA","IntHigh","2100",1584.55040618269
"03100208_49990000_DEVILS_CREEK",5200,21028,"DEVILS CREEK","03100208","49990000","STREAM","tbcmp_PD_HA_IntHigh_2100","PD","HA","IntHigh","2100",20.784527806672
"03100208_49990000_DEVILS_CREEK",6110,7379116,"DEVILS CREEK","03100208","49990000","STREAM","tbcmp_PD_HA_IntHigh_2100","PD","HA","IntHigh","2100",7293.67708249278
"03100208_49990000_DEVILS_CREEK",6410,1697192,"DEVILS CREEK","03100208","49990000","STREAM","tbcmp_PD_HA_IntHigh_2100","PD","HA","IntHigh","2100",1677.54110316061
"03100208_53000000_LAKE_ELIZABETH_OUTLET",1100,308561,"LAKE ELIZABETH OUTLET","03100208","53000000","SLOUGH","tbcmp_PD_HA_IntHigh_2100","PD","HA","IntHigh","2100",304.988333866964
"03100208_53000000_LAKE_ELIZABETH_OUTLET",1200,348488,"LAKE ELIZABETH OUTLET","03100208","53000000","SLOUGH","tbcmp_PD_HA_IntHigh_2100","PD","HA","IntHigh","2100",344.453040055712
"03100208_53000000_LAKE_ELIZABETH_OUTLET",1800,52,"LAKE ELIZABETH OUTLET","03100208","53000000","SLOUGH","tbcmp_PD_HA_IntHigh_2100","PD","HA","IntHigh","2100",0.051397919248
"03100208_53000000_LAKE_ELIZABETH_OUTLET",1820,892,"LAKE ELIZABETH OUTLET","03100208","53000000","SLOUGH","tbcmp_PD_HA_IntHigh_2100","PD","HA","IntHigh","2100",0.881671999408
"03100208_53000000_LAKE_ELIZABETH_OUTLET",1900,74414,"LAKE ELIZABETH OUTLET","03100208","53000000","SLOUGH","tbcmp_PD_HA_IntHigh_2100","PD","HA","IntHigh","2100",73.552399286936
"03100208_53000000_LAKE_ELIZABETH_OUTLET",2100,319104,"LAKE ELIZABETH OUTLET","03100208","53000000","SLOUGH","tbcmp_PD_HA_IntHigh_2100","PD","HA","IntHigh","2100",315.409261994496
"03100208_53000000_LAKE_ELIZABETH_OUTLET",2400,15723,"LAKE ELIZABETH OUTLET","03100208","53000000","SLOUGH","tbcmp_PD_HA_IntHigh_2100","PD","HA","IntHigh","2100",15.540951621852
"03100208_53000000_LAKE_ELIZABETH_OUTLET",4100,461166,"LAKE ELIZABETH OUTLET","03100208","53000000","SLOUGH","tbcmp_PD_HA_IntHigh_2100","PD","HA","IntHigh","2100",455.826400536984
"03100208_53000000_LAKE_ELIZABETH_OUTLET",5200,36015,"LAKE ELIZABETH OUTLET","03100208","53000000","SLOUGH","tbcmp_PD_HA_IntHigh_2100","PD","HA","IntHigh","2100",35.59800118686
"03100208_53000000_LAKE_ELIZABETH_OUTLET",6110,25790,"LAKE ELIZABETH OUTLET","03100208","53000000","SLOUGH","tbcmp_PD_HA_IntHigh_2100","PD","HA","IntHigh","2100",25.49139110396
"03100208_53000000_LAKE_ELIZABETH_OUTLET",6410,155779,"LAKE ELIZABETH OUTLET","03100208","53000000","SLOUGH","tbcmp_PD_HA_IntHigh_2100","PD","HA","IntHigh","2100",153.975316587196
"03100208_56000000_LONG_LAKE_OUTLET",1100,728406,"LONG LAKE OUTLET","03100208","56000000","OUTLET","tbcmp_PD_HA_IntHigh_2100","PD","HA","IntHigh","2100",719.972168610744
"03100208_56000000_LONG_LAKE_OUTLET",1200,786615,"LONG LAKE OUTLET","03100208","56000000","OUTLET","tbcmp_PD_HA_IntHigh_2100","PD","HA","IntHigh","2100",777.50719710126
"03100208_56000000_LONG_LAKE_OUTLET",1800,13150,"LONG LAKE OUTLET","03100208","56000000","OUTLET","tbcmp_PD_HA_IntHigh_2100","PD","HA","IntHigh","2100",12.9977430406
"03100208_56000000_LONG_LAKE_OUTLET",1820,100792,"LONG LAKE OUTLET","03100208","56000000","OUTLET","tbcmp_PD_HA_IntHigh_2100","PD","HA","IntHigh","2100",99.624982247008
"03100208_56000000_LONG_LAKE_OUTLET",1900,940571,"LONG LAKE OUTLET","03100208","56000000","OUTLET","tbcmp_PD_HA_IntHigh_2100","PD","HA","IntHigh","2100",929.680621250204
"03100208_56000000_LONG_LAKE_OUTLET",2100,351553,"LONG LAKE OUTLET","03100208","56000000","OUTLET","tbcmp_PD_HA_IntHigh_2100","PD","HA","IntHigh","2100",347.482552026772
"03100208_56000000_LONG_LAKE_OUTLET",4100,360373,"LONG LAKE OUTLET","03100208","56000000","OUTLET","tbcmp_PD_HA_IntHigh_2100","PD","HA","IntHigh","2100",356.200429868452
"03100208_56000000_LONG_LAKE_OUTLET",4400,220152,"LONG LAKE OUTLET","03100208","56000000","OUTLET","tbcmp_PD_HA_IntHigh_2100","PD","HA","IntHigh","2100",217.602975351648
"03100208_56000000_LONG_LAKE_OUTLET",5200,20152,"LONG LAKE OUTLET","03100208","56000000","OUTLET","tbcmp_PD_HA_IntHigh_2100","PD","HA","IntHigh","2100",19.918670551648
"03100208_56000000_LONG_LAKE_OUTLET",6110,134178,"LONG LAKE OUTLET","03100208","56000000","OUTLET","tbcmp_PD_HA_IntHigh_2100","PD","HA","IntHigh","2100",132.624423247272
"03100208_56000000_LONG_LAKE_OUTLET",6410,403736,"LONG LAKE OUTLET","03100208","56000000","OUTLET","tbcmp_PD_HA_IntHigh_2100","PD","HA","IntHigh","2100",399.061352413664
"03100208_57000000_SPRING_HAMMOCK_RUN",1100,242290,"SPRING HAMMOCK RUN","03100208","57000000","SLOUGH","tbcmp_PD_HA_IntHigh_2100","PD","HA","IntHigh","2100",239.48465104996
"03100208_57000000_SPRING_HAMMOCK_RUN",1900,1069992,"SPRING HAMMOCK RUN","03100208","57000000","SLOUGH","tbcmp_PD_HA_IntHigh_2100","PD","HA","IntHigh","2100",1057.60312330781
"03100208_57000000_SPRING_HAMMOCK_RUN",2100,124649,"SPRING HAMMOCK RUN","03100208","57000000","SLOUGH","tbcmp_PD_HA_IntHigh_2100","PD","HA","IntHigh","2100",123.205754545076
"03100208_57000000_SPRING_HAMMOCK_RUN",3200,2398,"SPRING HAMMOCK RUN","03100208","57000000","SLOUGH","tbcmp_PD_HA_IntHigh_2100","PD","HA","IntHigh","2100",2.370234814552
"03100208_57000000_SPRING_HAMMOCK_RUN",4100,510155,"SPRING HAMMOCK RUN","03100208","57000000","SLOUGH","tbcmp_PD_HA_IntHigh_2100","PD","HA","IntHigh","2100",504.24818257622
"03100208_57000000_SPRING_HAMMOCK_RUN",4400,263874,"SPRING HAMMOCK RUN","03100208","57000000","SLOUGH","tbcmp_PD_HA_IntHigh_2100","PD","HA","IntHigh","2100",260.818741223976
"03100208_57000000_SPRING_HAMMOCK_RUN",5200,40273,"SPRING HAMMOCK RUN","03100208","57000000","SLOUGH","tbcmp_PD_HA_IntHigh_2100","PD","HA","IntHigh","2100",39.806700036052
"03100208_57000000_SPRING_HAMMOCK_RUN",6110,126965,"SPRING HAMMOCK RUN","03100208","57000000","SLOUGH","tbcmp_PD_HA_IntHigh_2100","PD","HA","IntHigh","2100",125.49493879466
"03100208_57000000_SPRING_HAMMOCK_RUN",6410,349278,"SPRING HAMMOCK RUN","03100208","57000000","SLOUGH","tbcmp_PD_HA_IntHigh_2100","PD","HA","IntHigh","2100",345.233893059672
"03100208_57000000_SPRING_HAMMOCK_RUN",7100,5642,"SPRING HAMMOCK RUN","03100208","57000000","SLOUGH","tbcmp_PD_HA_IntHigh_2100","PD","HA","IntHigh","2100",5.576674238408
"03100208_58000000_ROCK_POND_OUTLET",1100,333387,"ROCK POND OUTLET","03100208","58000000","DRAIN","tbcmp_PD_HA_IntHigh_2100","PD","HA","IntHigh","2100",329.526886621788
"03100208_58000000_ROCK_POND_OUTLET",1200,149595,"ROCK POND OUTLET","03100208","58000000","DRAIN","tbcmp_PD_HA_IntHigh_2100","PD","HA","IntHigh","2100",147.86291788278
"03100208_58000000_ROCK_POND_OUTLET",1800,46555,"ROCK POND OUTLET","03100208","58000000","DRAIN","tbcmp_PD_HA_IntHigh_2100","PD","HA","IntHigh","2100",46.01596404982
"03100208_58000000_ROCK_POND_OUTLET",1820,3389,"ROCK POND OUTLET","03100208","58000000","DRAIN","tbcmp_PD_HA_IntHigh_2100","PD","HA","IntHigh","2100",3.349760544836
"03100208_58000000_ROCK_POND_OUTLET",1900,247903,"ROCK POND OUTLET","03100208","58000000","DRAIN","tbcmp_PD_HA_IntHigh_2100","PD","HA","IntHigh","2100",245.032661064172
"03100208_58000000_ROCK_POND_OUTLET",2100,567613,"ROCK POND OUTLET","03100208","58000000","DRAIN","tbcmp_PD_HA_IntHigh_2100","PD","HA","IntHigh","2100",561.040906502212
"03100208_58000000_ROCK_POND_OUTLET",2200,18428,"ROCK POND OUTLET","03100208","58000000","DRAIN","tbcmp_PD_HA_IntHigh_2100","PD","HA","IntHigh","2100",18.214631844272
"03100208_58000000_ROCK_POND_OUTLET",4100,3643135,"ROCK POND OUTLET","03100208","58000000","DRAIN","tbcmp_PD_HA_IntHigh_2100","PD","HA","IntHigh","2100",3600.95304883774
"03100208_58000000_ROCK_POND_OUTLET",4400,535348,"ROCK POND OUTLET","03100208","58000000","DRAIN","tbcmp_PD_HA_IntHigh_2100","PD","HA","IntHigh","2100",529.149486030352
"03100208_58000000_ROCK_POND_OUTLET",5200,11384,"ROCK POND OUTLET","03100208","58000000","DRAIN","tbcmp_PD_HA_IntHigh_2100","PD","HA","IntHigh","2100",11.252190629216
"03100208_58000000_ROCK_POND_OUTLET",6110,6872,"ROCK POND OUTLET","03100208","58000000","DRAIN","tbcmp_PD_HA_IntHigh_2100","PD","HA","IntHigh","2100",6.792432712928
"03100208_58000000_ROCK_POND_OUTLET",6410,243426,"ROCK POND OUTLET","03100208","58000000","DRAIN","tbcmp_PD_HA_IntHigh_2100","PD","HA","IntHigh","2100",240.607497901224
"03100208_60600000_GIDDON_LAKE_OUTLET",1100,134391,"GIDDON LAKE OUTLET","03100208","60600000","STREAM","tbcmp_PD_HA_IntHigh_2100","PD","HA","IntHigh","2100",132.834957031884
"03100208_60600000_GIDDON_LAKE_OUTLET",1200,3195,"GIDDON LAKE OUTLET","03100208","60600000","STREAM","tbcmp_PD_HA_IntHigh_2100","PD","HA","IntHigh","2100",3.15800676918
"03100208_60600000_GIDDON_LAKE_OUTLET",1900,41626,"GIDDON LAKE OUTLET","03100208","60600000","STREAM","tbcmp_PD_HA_IntHigh_2100","PD","HA","IntHigh","2100",41.144034358024
"03100208_60600000_GIDDON_LAKE_OUTLET",2100,181636,"GIDDON LAKE OUTLET","03100208","60600000","STREAM","tbcmp_PD_HA_IntHigh_2100","PD","HA","IntHigh","2100",179.532931933264
"03100208_60600000_GIDDON_LAKE_OUTLET",4100,507204,"GIDDON LAKE OUTLET","03100208","60600000","STREAM","tbcmp_PD_HA_IntHigh_2100","PD","HA","IntHigh","2100",501.331350658896
"03100208_60600000_GIDDON_LAKE_OUTLET",4400,197185,"GIDDON LAKE OUTLET","03100208","60600000","STREAM","tbcmp_PD_HA_IntHigh_2100","PD","HA","IntHigh","2100",194.90189820994
"03100208_60600000_GIDDON_LAKE_OUTLET",5200,1226,"GIDDON LAKE OUTLET","03100208","60600000","STREAM","tbcmp_PD_HA_IntHigh_2100","PD","HA","IntHigh","2100",1.211804788424
"03100208_60600000_GIDDON_LAKE_OUTLET",6110,451400,"GIDDON LAKE OUTLET","03100208","60600000","STREAM","tbcmp_PD_HA_IntHigh_2100","PD","HA","IntHigh","2100",446.1734759336
"03100208_60600000_GIDDON_LAKE_OUTLET",6410,79967,"GIDDON LAKE OUTLET","03100208","60600000","STREAM","tbcmp_PD_HA_IntHigh_2100","PD","HA","IntHigh","2100",79.041104009708
"03100208_60800000_BIG_GANT_CANAL",1100,1441837,"BIG GANT CANAL","03100208","60800000","CANAL","tbcmp_PD_HA_IntHigh_2100","PD","HA","IntHigh","2100",1425.14272489959
"03100208_60800000_BIG_GANT_CANAL",1200,540696,"BIG GANT CANAL","03100208","60800000","CANAL","tbcmp_PD_HA_IntHigh_2100","PD","HA","IntHigh","2100",534.435564340704
"03100208_60800000_BIG_GANT_CANAL",1800,456,"BIG GANT CANAL","03100208","60800000","CANAL","tbcmp_PD_HA_IntHigh_2100","PD","HA","IntHigh","2100",0.450720214944
"03100208_60800000_BIG_GANT_CANAL",1900,196088,"BIG GANT CANAL","03100208","60800000","CANAL","tbcmp_PD_HA_IntHigh_2100","PD","HA","IntHigh","2100",193.817599798112
"03100208_60800000_BIG_GANT_CANAL",2100,7242621,"BIG GANT CANAL","03100208","60800000","CANAL","tbcmp_PD_HA_IntHigh_2100","PD","HA","IntHigh","2100",7158.7624865744
"03100208_60800000_BIG_GANT_CANAL",2400,144147,"BIG GANT CANAL","03100208","60800000","CANAL","tbcmp_PD_HA_IntHigh_2100","PD","HA","IntHigh","2100",142.477997420028
"03100208_60800000_BIG_GANT_CANAL",4100,1239787,"BIG GANT CANAL","03100208","60800000","CANAL","tbcmp_PD_HA_IntHigh_2100","PD","HA","IntHigh","2100",1225.43215597539
"03100208_60800000_BIG_GANT_CANAL",4400,35240,"BIG GANT CANAL","03100208","60800000","CANAL","tbcmp_PD_HA_IntHigh_2100","PD","HA","IntHigh","2100",34.83197450576
"03100208_60800000_BIG_GANT_CANAL",5200,157677,"BIG GANT CANAL","03100208","60800000","CANAL","tbcmp_PD_HA_IntHigh_2100","PD","HA","IntHigh","2100",155.851340639748
"03100208_60800000_BIG_GANT_CANAL",6110,1007778,"BIG GANT CANAL","03100208","60800000","CANAL","tbcmp_PD_HA_IntHigh_2100","PD","HA","IntHigh","2100",996.109466613672
"03100208_60800000_BIG_GANT_CANAL",6410,1178619,"BIG GANT CANAL","03100208","60800000","CANAL","tbcmp_PD_HA_IntHigh_2100","PD","HA","IntHigh","2100",1164.97238819536
"03100208_60950000_WILD_COW_PRAIRIE_DRAIN",1100,495353,"WILD COW PRAIRIE DRAIN","03100208","60950000","DRAIN","tbcmp_PD_HA_IntHigh_2100","PD","HA","IntHigh","2100",489.617567177972
"03100208_60950000_WILD_COW_PRAIRIE_DRAIN",1200,109720,"WILD COW PRAIRIE DRAIN","03100208","60950000","DRAIN","tbcmp_PD_HA_IntHigh_2100","PD","HA","IntHigh","2100",108.44960961328
"03100208_60950000_WILD_COW_PRAIRIE_DRAIN",1900,62891,"WILD COW PRAIRIE DRAIN","03100208","60950000","DRAIN","tbcmp_PD_HA_IntHigh_2100","PD","HA","IntHigh","2100",62.162818065884
"03100208_60950000_WILD_COW_PRAIRIE_DRAIN",2100,5872,"WILD COW PRAIRIE DRAIN","03100208","60950000","DRAIN","tbcmp_PD_HA_IntHigh_2100","PD","HA","IntHigh","2100",5.804011188928
"03100208_60950000_WILD_COW_PRAIRIE_DRAIN",3200,75483,"WILD COW PRAIRIE DRAIN","03100208","60950000","DRAIN","tbcmp_PD_HA_IntHigh_2100","PD","HA","IntHigh","2100",74.609021896092
"03100208_60950000_WILD_COW_PRAIRIE_DRAIN",4100,723597,"WILD COW PRAIRIE DRAIN","03100208","60950000","DRAIN","tbcmp_PD_HA_IntHigh_2100","PD","HA","IntHigh","2100",715.218849501828
"03100208_60950000_WILD_COW_PRAIRIE_DRAIN",5200,575,"WILD COW PRAIRIE DRAIN","03100208","60950000","DRAIN","tbcmp_PD_HA_IntHigh_2100","PD","HA","IntHigh","2100",0.5683423763
"03100208_60950000_WILD_COW_PRAIRIE_DRAIN",6110,2867,"WILD COW PRAIRIE DRAIN","03100208","60950000","DRAIN","tbcmp_PD_HA_IntHigh_2100","PD","HA","IntHigh","2100",2.833804509308
"03100208_60950000_WILD_COW_PRAIRIE_DRAIN",6410,266697,"WILD COW PRAIRIE DRAIN","03100208","60950000","DRAIN","tbcmp_PD_HA_IntHigh_2100","PD","HA","IntHigh","2100",263.609055186228
"03100208_60990000_LITTLE_WITHLACOOCHEE",1100,1342585,"LITTLE WITHLACOOCHEE","03100208","60990000","STREAM","tbcmp_PD_HA_IntHigh_2100","PD","HA","IntHigh","2100",1327.03991179954
"03100208_60990000_LITTLE_WITHLACOOCHEE",1200,491618,"LITTLE WITHLACOOCHEE","03100208","60990000","STREAM","tbcmp_PD_HA_IntHigh_2100","PD","HA","IntHigh","2100",485.925812785832
"03100208_60990000_LITTLE_WITHLACOOCHEE",1800,15123,"LITTLE WITHLACOOCHEE","03100208","60990000","STREAM","tbcmp_PD_HA_IntHigh_2100","PD","HA","IntHigh","2100",14.947898707452
"03100208_60990000_LITTLE_WITHLACOOCHEE",1900,482316,"LITTLE WITHLACOOCHEE","03100208","60990000","STREAM","tbcmp_PD_HA_IntHigh_2100","PD","HA","IntHigh","2100",476.731515769584
"03100208_60990000_LITTLE_WITHLACOOCHEE",2100,2072821,"LITTLE WITHLACOOCHEE","03100208","60990000","STREAM","tbcmp_PD_HA_IntHigh_2100","PD","HA","IntHigh","2100",2048.8208917992
"03100208_60990000_LITTLE_WITHLACOOCHEE",2400,20441,"LITTLE WITHLACOOCHEE","03100208","60990000","STREAM","tbcmp_PD_HA_IntHigh_2100","PD","HA","IntHigh","2100",20.204324372084
"03100208_60990000_LITTLE_WITHLACOOCHEE",3200,447003,"LITTLE WITHLACOOCHEE","03100208","60990000","STREAM","tbcmp_PD_HA_IntHigh_2100","PD","HA","IntHigh","2100",441.827386492572
"03100208_60990000_LITTLE_WITHLACOOCHEE",4100,6110969,"LITTLE WITHLACOOCHEE","03100208","60990000","STREAM","tbcmp_PD_HA_IntHigh_2100","PD","HA","IntHigh","2100",6040.21329209676
"03100208_60990000_LITTLE_WITHLACOOCHEE",4400,2955803,"LITTLE WITHLACOOCHEE","03100208","60990000","STREAM","tbcmp_PD_HA_IntHigh_2100","PD","HA","IntHigh","2100",2921.57930590377
"03100208_60990000_LITTLE_WITHLACOOCHEE",5200,31969,"LITTLE WITHLACOOCHEE","03100208","60990000","STREAM","tbcmp_PD_HA_IntHigh_2100","PD","HA","IntHigh","2100",31.598847700756
"03100208_60990000_LITTLE_WITHLACOOCHEE",6110,8252654,"LITTLE WITHLACOOCHEE","03100208","60990000","STREAM","tbcmp_PD_HA_IntHigh_2100","PD","HA","IntHigh","2100",8157.10084372469
"03100208_60990000_LITTLE_WITHLACOOCHEE",6410,1319307,"LITTLE WITHLACOOCHEE","03100208","60990000","STREAM","tbcmp_PD_HA_IntHigh_2100","PD","HA","IntHigh","2100",1304.03143556387
"03100208_60990000_LITTLE_WITHLACOOCHEE",7100,2186,"LITTLE WITHLACOOCHEE","03100208","60990000","STREAM","tbcmp_PD_HA_IntHigh_2100","PD","HA","IntHigh","2100",2.160689451464
"03100208_64990000_MCKITHEN_LAKE_OUTLET",1100,2416537,"MCKITHEN LAKE OUTLET","03100208","64990000","OUTLET","tbcmp_PD_HA_IntHigh_2100","PD","HA","IntHigh","2100",2388.55718434239
"03100208_64990000_MCKITHEN_LAKE_OUTLET",1200,56076,"MCKITHEN LAKE OUTLET","03100208","64990000","OUTLET","tbcmp_PD_HA_IntHigh_2100","PD","HA","IntHigh","2100",55.426725379824
"03100208_64990000_MCKITHEN_LAKE_OUTLET",1900,299588,"MCKITHEN LAKE OUTLET","03100208","64990000","OUTLET","tbcmp_PD_HA_IntHigh_2100","PD","HA","IntHigh","2100",296.119227532112
"03100208_64990000_MCKITHEN_LAKE_OUTLET",2100,1607877,"MCKITHEN LAKE OUTLET","03100208","64990000","OUTLET","tbcmp_PD_HA_IntHigh_2100","PD","HA","IntHigh","2100",1589.26023474455
"03100208_64990000_MCKITHEN_LAKE_OUTLET",2400,116048,"MCKITHEN LAKE OUTLET","03100208","64990000","OUTLET","tbcmp_PD_HA_IntHigh_2100","PD","HA","IntHigh","2100",114.704341017152
"03100208_64990000_MCKITHEN_LAKE_OUTLET",3200,11125,"MCKITHEN LAKE OUTLET","03100208","64990000","OUTLET","tbcmp_PD_HA_IntHigh_2100","PD","HA","IntHigh","2100",10.9961894545
"03100208_64990000_MCKITHEN_LAKE_OUTLET",4100,3736836,"MCKITHEN LAKE OUTLET","03100208","64990000","OUTLET","tbcmp_PD_HA_IntHigh_2100","PD","HA","IntHigh","2100",3693.56913405806
"03100208_64990000_MCKITHEN_LAKE_OUTLET",4400,255964,"MCKITHEN LAKE OUTLET","03100208","64990000","OUTLET","tbcmp_PD_HA_IntHigh_2100","PD","HA","IntHigh","2100",253.000326969136
"03100208_64990000_MCKITHEN_LAKE_OUTLET",5200,28175,"MCKITHEN LAKE OUTLET","03100208","64990000","OUTLET","tbcmp_PD_HA_IntHigh_2100","PD","HA","IntHigh","2100",27.8487764387
"03100208_64990000_MCKITHEN_LAKE_OUTLET",6110,72175,"MCKITHEN LAKE OUTLET","03100208","64990000","OUTLET","tbcmp_PD_HA_IntHigh_2100","PD","HA","IntHigh","2100",71.3393234947
"03100208_64990000_MCKITHEN_LAKE_OUTLET",6410,121315,"MCKITHEN LAKE OUTLET","03100208","64990000","OUTLET","tbcmp_PD_HA_IntHigh_2100","PD","HA","IntHigh","2100",119.91035718406
"03100208_67200000_AKINS_POND_OUTLET",1100,541419,"AKINS POND OUTLET","03100208","67200000","OUTLET","tbcmp_PD_HA_IntHigh_2100","PD","HA","IntHigh","2100",535.150193102556
"03100208_67200000_AKINS_POND_OUTLET",1200,14702,"AKINS POND OUTLET","03100208","67200000","OUTLET","tbcmp_PD_HA_IntHigh_2100","PD","HA","IntHigh","2100",14.531773245848
"03100208_67200000_AKINS_POND_OUTLET",1900,22457,"AKINS POND OUTLET","03100208","67200000","OUTLET","tbcmp_PD_HA_IntHigh_2100","PD","HA","IntHigh","2100",22.196982164468
"03100208_67200000_AKINS_POND_OUTLET",2100,1760256,"AKINS POND OUTLET","03100208","67200000","OUTLET","tbcmp_PD_HA_IntHigh_2100","PD","HA","IntHigh","2100",1739.87491815014
"03100208_67200000_AKINS_POND_OUTLET",2400,24329,"AKINS POND OUTLET","03100208","67200000","OUTLET","tbcmp_PD_HA_IntHigh_2100","PD","HA","IntHigh","2100",24.047307257396
"03100208_67200000_AKINS_POND_OUTLET",4100,576639,"AKINS POND OUTLET","03100208","67200000","OUTLET","tbcmp_PD_HA_IntHigh_2100","PD","HA","IntHigh","2100",569.962399177836
"03100208_67200000_AKINS_POND_OUTLET",4400,67242,"AKINS POND OUTLET","03100208","67200000","OUTLET","tbcmp_PD_HA_IntHigh_2100","PD","HA","IntHigh","2100",66.463440116808
"03100208_67200000_AKINS_POND_OUTLET",5200,34933,"AKINS POND OUTLET","03100208","67200000","OUTLET","tbcmp_PD_HA_IntHigh_2100","PD","HA","IntHigh","2100",34.528529097892
"03100208_67200000_AKINS_POND_OUTLET",6110,23304,"AKINS POND OUTLET","03100208","67200000","OUTLET","tbcmp_PD_HA_IntHigh_2100","PD","HA","IntHigh","2100",23.034175195296
"03100208_67200000_AKINS_POND_OUTLET",6410,298431,"AKINS POND OUTLET","03100208","67200000","OUTLET","tbcmp_PD_HA_IntHigh_2100","PD","HA","IntHigh","2100",294.975623828844
"03100208_67700000_GATOR_HEAD_SLOUGH",1100,238808,"GATOR HEAD SLOUGH","03100208","67700000","SLOUGH","tbcmp_PD_HA_IntHigh_2100","PD","HA","IntHigh","2100",236.042967303392
"03100208_67700000_GATOR_HEAD_SLOUGH",1200,7902,"GATOR HEAD SLOUGH","03100208","67700000","SLOUGH","tbcmp_PD_HA_IntHigh_2100","PD","HA","IntHigh","2100",7.810506882648
"03100208_67700000_GATOR_HEAD_SLOUGH",1900,20133,"GATOR HEAD SLOUGH","03100208","67700000","SLOUGH","tbcmp_PD_HA_IntHigh_2100","PD","HA","IntHigh","2100",19.899890542692
"03100208_67700000_GATOR_HEAD_SLOUGH",2100,880571,"GATOR HEAD SLOUGH","03100208","67700000","SLOUGH","tbcmp_PD_HA_IntHigh_2100","PD","HA","IntHigh","2100",870.375329810204
"03100208_67700000_GATOR_HEAD_SLOUGH",4100,315359,"GATOR HEAD SLOUGH","03100208","67700000","SLOUGH","tbcmp_PD_HA_IntHigh_2100","PD","HA","IntHigh","2100",311.707623387116
"03100208_67700000_GATOR_HEAD_SLOUGH",4400,1653,"GATOR HEAD SLOUGH","03100208","67700000","SLOUGH","tbcmp_PD_HA_IntHigh_2100","PD","HA","IntHigh","2100",1.633860779172
"03100208_67700000_GATOR_HEAD_SLOUGH",5200,11339,"GATOR HEAD SLOUGH","03100208","67700000","SLOUGH","tbcmp_PD_HA_IntHigh_2100","PD","HA","IntHigh","2100",11.207711660636
"03100208_67700000_GATOR_HEAD_SLOUGH",6110,165843,"GATOR HEAD SLOUGH","03100208","67700000","SLOUGH","tbcmp_PD_HA_IntHigh_2100","PD","HA","IntHigh","2100",163.922790804732
"03100208_67700000_GATOR_HEAD_SLOUGH",6410,410342,"GATOR HEAD SLOUGH","03100208","67700000","SLOUGH","tbcmp_PD_HA_IntHigh_2100","PD","HA","IntHigh","2100",405.590865001208
"03100208_67750000_CLABBER_CREEK",1100,1222911,"CLABBER CREEK","03100208","67750000","SLOUGH","tbcmp_PD_HA_IntHigh_2100","PD","HA","IntHigh","2100",1208.75155433636
"03100208_67750000_CLABBER_CREEK",1200,455853,"CLABBER CREEK","03100208","67750000","SLOUGH","tbcmp_PD_HA_IntHigh_2100","PD","HA","IntHigh","2100",450.574916979972
"03100208_67750000_CLABBER_CREEK",1800,49079,"CLABBER CREEK","03100208","67750000","SLOUGH","tbcmp_PD_HA_IntHigh_2100","PD","HA","IntHigh","2100",48.510739976396
"03100208_67750000_CLABBER_CREEK",1900,151180,"CLABBER CREEK","03100208","67750000","SLOUGH","tbcmp_PD_HA_IntHigh_2100","PD","HA","IntHigh","2100",149.42956599832
"03100208_67750000_CLABBER_CREEK",2100,2084981,"CLABBER CREEK","03100208","67750000","SLOUGH","tbcmp_PD_HA_IntHigh_2100","PD","HA","IntHigh","2100",2060.84009753104
"03100208_67750000_CLABBER_CREEK",2400,7947,"CLABBER CREEK","03100208","67750000","SLOUGH","tbcmp_PD_HA_IntHigh_2100","PD","HA","IntHigh","2100",7.854985851228
"03100208_67750000_CLABBER_CREEK",4100,888023,"CLABBER CREEK","03100208","67750000","SLOUGH","tbcmp_PD_HA_IntHigh_2100","PD","HA","IntHigh","2100",877.741047007052
"03100208_67750000_CLABBER_CREEK",4400,58661,"CLABBER CREEK","03100208","67750000","SLOUGH","tbcmp_PD_HA_IntHigh_2100","PD","HA","IntHigh","2100",57.981795019364
"03100208_67750000_CLABBER_CREEK",5200,63273,"CLABBER CREEK","03100208","67750000","SLOUGH","tbcmp_PD_HA_IntHigh_2100","PD","HA","IntHigh","2100",62.540395088052
"03100208_67750000_CLABBER_CREEK",6110,442224,"CLABBER CREEK","03100208","67750000","SLOUGH","tbcmp_PD_HA_IntHigh_2100","PD","HA","IntHigh","2100",437.103720029376
"03100208_67750000_CLABBER_CREEK",6410,786412,"CLABBER CREEK","03100208","67750000","SLOUGH","tbcmp_PD_HA_IntHigh_2100","PD","HA","IntHigh","2100",777.306547531888
"03100208_67990000_GUM_SLOUGH",1100,4103191,"GUM SLOUGH","03100208","67990000","SLOUGH","tbcmp_PD_HA_IntHigh_2100","PD","HA","IntHigh","2100",4055.68230148308
"03100208_67990000_GUM_SLOUGH",1200,2258767,"GUM SLOUGH","03100208","67990000","SLOUGH","tbcmp_PD_HA_IntHigh_2100","PD","HA","IntHigh","2100",2232.61392050091
"03100208_67990000_GUM_SLOUGH",1800,40185,"GUM SLOUGH","03100208","67990000","SLOUGH","tbcmp_PD_HA_IntHigh_2100","PD","HA","IntHigh","2100",39.71971894194
"03100208_67990000_GUM_SLOUGH",1900,774396,"GUM SLOUGH","03100208","67990000","SLOUGH","tbcmp_PD_HA_IntHigh_2100","PD","HA","IntHigh","2100",765.429674499504
"03100208_67990000_GUM_SLOUGH",2100,11478842,"GUM SLOUGH","03100208","67990000","SLOUGH","tbcmp_PD_HA_IntHigh_2100","PD","HA","IntHigh","2100",11345.9345033952
"03100208_67990000_GUM_SLOUGH",2200,9586,"GUM SLOUGH","03100208","67990000","SLOUGH","tbcmp_PD_HA_IntHigh_2100","PD","HA","IntHigh","2100",9.475008729064
"03100208_67990000_GUM_SLOUGH",2400,245956,"GUM SLOUGH","03100208","67990000","SLOUGH","tbcmp_PD_HA_IntHigh_2100","PD","HA","IntHigh","2100",243.108204356944
"03100208_67990000_GUM_SLOUGH",3200,36248,"GUM SLOUGH","03100208","67990000","SLOUGH","tbcmp_PD_HA_IntHigh_2100","PD","HA","IntHigh","2100",35.828303401952
"03100208_67990000_GUM_SLOUGH",4100,4393155,"GUM SLOUGH","03100208","67990000","SLOUGH","tbcmp_PD_HA_IntHigh_2100","PD","HA","IntHigh","2100",4342.28896026822
"03100208_67990000_GUM_SLOUGH",4400,214482,"GUM SLOUGH","03100208","67990000","SLOUGH","tbcmp_PD_HA_IntHigh_2100","PD","HA","IntHigh","2100",211.998625310568
"03100208_67990000_GUM_SLOUGH",5200,134098,"GUM SLOUGH","03100208","67990000","SLOUGH","tbcmp_PD_HA_IntHigh_2100","PD","HA","IntHigh","2100",132.545349525352
"03100208_67990000_GUM_SLOUGH",6110,1158901,"GUM SLOUGH","03100208","67990000","SLOUGH","tbcmp_PD_HA_IntHigh_2100","PD","HA","IntHigh","2100",1145.48269258512
"03100208_67990000_GUM_SLOUGH",6410,3769705,"GUM SLOUGH","03100208","67990000","SLOUGH","tbcmp_PD_HA_IntHigh_2100","PD","HA","IntHigh","2100",3726.05756113042
"03100208_70400000_MOBLEY_POND_OUTLET",1100,27295,"MOBLEY POND OUTLET","03100208","70400000","DITCH","tbcmp_PD_HA_IntHigh_2100","PD","HA","IntHigh","2100",26.97896549758
"03100208_70400000_MOBLEY_POND_OUTLET",1200,6941,"MOBLEY POND OUTLET","03100208","70400000","DITCH","tbcmp_PD_HA_IntHigh_2100","PD","HA","IntHigh","2100",6.860633798084
"03100208_70400000_MOBLEY_POND_OUTLET",1900,6959,"MOBLEY POND OUTLET","03100208","70400000","DITCH","tbcmp_PD_HA_IntHigh_2100","PD","HA","IntHigh","2100",6.878425385516
"03100208_70400000_MOBLEY_POND_OUTLET",2100,832813,"MOBLEY POND OUTLET","03100208","70400000","DITCH","tbcmp_PD_HA_IntHigh_2100","PD","HA","IntHigh","2100",823.170294667012
"03100208_70400000_MOBLEY_POND_OUTLET",2400,91291,"MOBLEY POND OUTLET","03100208","70400000","DITCH","tbcmp_PD_HA_IntHigh_2100","PD","HA","IntHigh","2100",90.233989347484
"03100208_70400000_MOBLEY_POND_OUTLET",3200,7733,"MOBLEY POND OUTLET","03100208","70400000","DITCH","tbcmp_PD_HA_IntHigh_2100","PD","HA","IntHigh","2100",7.643463645092
"03100208_70400000_MOBLEY_POND_OUTLET",4100,155541,"MOBLEY POND OUTLET","03100208","70400000","DITCH","tbcmp_PD_HA_IntHigh_2100","PD","HA","IntHigh","2100",153.740072264484
"03100208_70400000_MOBLEY_POND_OUTLET",4400,16843,"MOBLEY POND OUTLET","03100208","70400000","DITCH","tbcmp_PD_HA_IntHigh_2100","PD","HA","IntHigh","2100",16.647983728732
"03100208_70400000_MOBLEY_POND_OUTLET",5200,811,"MOBLEY POND OUTLET","03100208","70400000","DITCH","tbcmp_PD_HA_IntHigh_2100","PD","HA","IntHigh","2100",0.801609855964
"03100208_70400000_MOBLEY_POND_OUTLET",6410,124995,"MOBLEY POND OUTLET","03100208","70400000","DITCH","tbcmp_PD_HA_IntHigh_2100","PD","HA","IntHigh","2100",123.54774839238
"03100208_70420000_UNNAMED_DITCH",1900,59059,"UNNAMED DITCH","03100208","70420000","DITCH","tbcmp_PD_HA_IntHigh_2100","PD","HA","IntHigh","2100",58.375186785916
"03100208_70420000_UNNAMED_DITCH",2100,95162,"UNNAMED DITCH","03100208","70420000","DITCH","tbcmp_PD_HA_IntHigh_2100","PD","HA","IntHigh","2100",94.060169066888
"03100208_70420000_UNNAMED_DITCH",4100,273423,"UNNAMED DITCH","03100208","70420000","DITCH","tbcmp_PD_HA_IntHigh_2100","PD","HA","IntHigh","2100",270.257178356652
"03100208_70420000_UNNAMED_DITCH",6410,62649,"UNNAMED DITCH","03100208","70420000","DITCH","tbcmp_PD_HA_IntHigh_2100","PD","HA","IntHigh","2100",61.923620057076
"03100208_70540000_TOWNS_PRAIRIE_DRAIN",1100,3906,"TOWNS PRAIRIE DRAIN","03100208","70540000","DRAIN","tbcmp_PD_HA_IntHigh_2100","PD","HA","IntHigh","2100",3.860774472744
"03100208_70540000_TOWNS_PRAIRIE_DRAIN",1900,11346,"TOWNS PRAIRIE DRAIN","03100208","70540000","DRAIN","tbcmp_PD_HA_IntHigh_2100","PD","HA","IntHigh","2100",11.214630611304
"03100208_70540000_TOWNS_PRAIRIE_DRAIN",2100,461533,"TOWNS PRAIRIE DRAIN","03100208","70540000","DRAIN","tbcmp_PD_HA_IntHigh_2100","PD","HA","IntHigh","2100",456.189151236292
"03100208_70540000_TOWNS_PRAIRIE_DRAIN",4100,135975,"TOWNS PRAIRIE DRAIN","03100208","70540000","DRAIN","tbcmp_PD_HA_IntHigh_2100","PD","HA","IntHigh","2100",134.4006167259
"03100208_70540000_TOWNS_PRAIRIE_DRAIN",5200,147,"TOWNS PRAIRIE DRAIN","03100208","70540000","DRAIN","tbcmp_PD_HA_IntHigh_2100","PD","HA","IntHigh","2100",0.145297964028
"03100208_70540000_TOWNS_PRAIRIE_DRAIN",6410,239725,"TOWNS PRAIRIE DRAIN","03100208","70540000","DRAIN","tbcmp_PD_HA_IntHigh_2100","PD","HA","IntHigh","2100",236.9493498409
"03100208_70560000_UNNAMED_DITCH",1100,270601,"UNNAMED DITCH","03100208","70560000","DITCH","tbcmp_PD_HA_IntHigh_2100","PD","HA","IntHigh","2100",267.467852815924
"03100208_70560000_UNNAMED_DITCH",1200,16104,"UNNAMED DITCH","03100208","70560000","DITCH","tbcmp_PD_HA_IntHigh_2100","PD","HA","IntHigh","2100",15.917540222496
"03100208_70560000_UNNAMED_DITCH",1900,44356,"UNNAMED DITCH","03100208","70560000","DITCH","tbcmp_PD_HA_IntHigh_2100","PD","HA","IntHigh","2100",43.842425118544
"03100208_70560000_UNNAMED_DITCH",2100,1318206,"UNNAMED DITCH","03100208","70560000","DITCH","tbcmp_PD_HA_IntHigh_2100","PD","HA","IntHigh","2100",1302.94318346594
"03100208_70560000_UNNAMED_DITCH",2400,214971,"UNNAMED DITCH","03100208","70560000","DITCH","tbcmp_PD_HA_IntHigh_2100","PD","HA","IntHigh","2100",212.481963435804
"03100208_70560000_UNNAMED_DITCH",4100,391226,"UNNAMED DITCH","03100208","70560000","DITCH","tbcmp_PD_HA_IntHigh_2100","PD","HA","IntHigh","2100",386.696199148424
"03100208_70560000_UNNAMED_DITCH",4400,6526,"UNNAMED DITCH","03100208","70560000","DITCH","tbcmp_PD_HA_IntHigh_2100","PD","HA","IntHigh","2100",6.450438865624
"03100208_70560000_UNNAMED_DITCH",5200,15793,"UNNAMED DITCH","03100208","70560000","DITCH","tbcmp_PD_HA_IntHigh_2100","PD","HA","IntHigh","2100",15.610141128532
"03100208_70560000_UNNAMED_DITCH",6410,26382,"UNNAMED DITCH","03100208","70560000","DITCH","tbcmp_PD_HA_IntHigh_2100","PD","HA","IntHigh","2100",26.076536646168
"03100208_70600000_SCHOOLHOUS_POND_DRAIN",1100,202830,"SCHOOLHOUS POND DRAIN","03100208","70600000","DITCH","tbcmp_PD_HA_IntHigh_2100","PD","HA","IntHigh","2100",200.48153771292
"03100208_70600000_SCHOOLHOUS_POND_DRAIN",1200,17335,"SCHOOLHOUS POND DRAIN","03100208","70600000","DITCH","tbcmp_PD_HA_IntHigh_2100","PD","HA","IntHigh","2100",17.13428711854
"03100208_70600000_SCHOOLHOUS_POND_DRAIN",1900,44431,"SCHOOLHOUS POND DRAIN","03100208","70600000","DITCH","tbcmp_PD_HA_IntHigh_2100","PD","HA","IntHigh","2100",43.916556732844
"03100208_70600000_SCHOOLHOUS_POND_DRAIN",2100,936795,"SCHOOLHOUS POND DRAIN","03100208","70600000","DITCH","tbcmp_PD_HA_IntHigh_2100","PD","HA","IntHigh","2100",925.94834157558
"03100208_70600000_SCHOOLHOUS_POND_DRAIN",2200,15612,"SCHOOLHOUS POND DRAIN","03100208","70600000","DITCH","tbcmp_PD_HA_IntHigh_2100","PD","HA","IntHigh","2100",15.431236832688
"03100208_70600000_SCHOOLHOUS_POND_DRAIN",2400,4338,"SCHOOLHOUS POND DRAIN","03100208","70600000","DITCH","tbcmp_PD_HA_IntHigh_2100","PD","HA","IntHigh","2100",4.287772571112
"03100208_70600000_SCHOOLHOUS_POND_DRAIN",4100,67907,"SCHOOLHOUS POND DRAIN","03100208","70600000","DITCH","tbcmp_PD_HA_IntHigh_2100","PD","HA","IntHigh","2100",67.120740430268
"03100208_70600000_SCHOOLHOUS_POND_DRAIN",4400,9481,"SCHOOLHOUS POND DRAIN","03100208","70600000","DITCH","tbcmp_PD_HA_IntHigh_2100","PD","HA","IntHigh","2100",9.371224469044
"03100208_70600000_SCHOOLHOUS_POND_DRAIN",5200,7463,"SCHOOLHOUS POND DRAIN","03100208","70600000","DITCH","tbcmp_PD_HA_IntHigh_2100","PD","HA","IntHigh","2100",7.376589833612
"03100208_70600000_SCHOOLHOUS_POND_DRAIN",6410,114781,"SCHOOLHOUS POND DRAIN","03100208","70600000","DITCH","tbcmp_PD_HA_IntHigh_2100","PD","HA","IntHigh","2100",113.452010946244
"03100208_70900000_THE_WILLOWS",1100,33708,"THE WILLOWS","03100208","70900000","SLOUGH","tbcmp_PD_HA_IntHigh_2100","PD","HA","IntHigh","2100",33.317712730992
"03100208_70900000_THE_WILLOWS",1900,9504,"THE WILLOWS","03100208","70900000","SLOUGH","tbcmp_PD_HA_IntHigh_2100","PD","HA","IntHigh","2100",9.393958164096
"03100208_70900000_THE_WILLOWS",2100,318078,"THE WILLOWS","03100208","70900000","SLOUGH","tbcmp_PD_HA_IntHigh_2100","PD","HA","IntHigh","2100",314.395141510872
"03100208_70900000_THE_WILLOWS",3200,6838,"THE WILLOWS","03100208","70900000","SLOUGH","tbcmp_PD_HA_IntHigh_2100","PD","HA","IntHigh","2100",6.758826381112
"03100208_70900000_THE_WILLOWS",4100,115681,"THE WILLOWS","03100208","70900000","SLOUGH","tbcmp_PD_HA_IntHigh_2100","PD","HA","IntHigh","2100",114.341590317844
"03100208_70900000_THE_WILLOWS",5200,962,"THE WILLOWS","03100208","70900000","SLOUGH","tbcmp_PD_HA_IntHigh_2100","PD","HA","IntHigh","2100",0.950861506088
"03100208_70900000_THE_WILLOWS",6110,719592,"THE WILLOWS","03100208","70900000","SLOUGH","tbcmp_PD_HA_IntHigh_2100","PD","HA","IntHigh","2100",711.260221298208
"03100208_70900000_THE_WILLOWS",6410,335432,"THE WILLOWS","03100208","70900000","SLOUGH","tbcmp_PD_HA_IntHigh_2100","PD","HA","IntHigh","2100",331.548208638368
"03100208_70903000_BAPTIZING_HOLE",1100,28203,"BAPTIZING HOLE","03100208","70903000","OUTLET","tbcmp_PD_HA_IntHigh_2100","PD","HA","IntHigh","2100",27.876452241372
"03100208_70903000_BAPTIZING_HOLE",2100,71985,"BAPTIZING HOLE","03100208","70903000","OUTLET","tbcmp_PD_HA_IntHigh_2100","PD","HA","IntHigh","2100",71.15152340514
"03100208_70903000_BAPTIZING_HOLE",4100,54847,"BAPTIZING HOLE","03100208","70903000","OUTLET","tbcmp_PD_HA_IntHigh_2100","PD","HA","IntHigh","2100",54.211955326828
"03100208_70903000_BAPTIZING_HOLE",5200,486,"BAPTIZING HOLE","03100208","70903000","OUTLET","tbcmp_PD_HA_IntHigh_2100","PD","HA","IntHigh","2100",0.480372860664
"03100208_70903000_BAPTIZING_HOLE",6110,6455,"BAPTIZING HOLE","03100208","70903000","OUTLET","tbcmp_PD_HA_IntHigh_2100","PD","HA","IntHigh","2100",6.38026093742
"03100208_70903000_BAPTIZING_HOLE",6410,37945,"BAPTIZING HOLE","03100208","70903000","OUTLET","tbcmp_PD_HA_IntHigh_2100","PD","HA","IntHigh","2100",37.50565472818
"03100208_70905000_GRANT_SLOUGH",1100,418629,"GRANT SLOUGH","03100208","70905000","SLOUGH","tbcmp_PD_HA_IntHigh_2100","PD","HA","IntHigh","2100",413.781914170596
"03100208_70905000_GRANT_SLOUGH",1200,113317,"GRANT SLOUGH","03100208","70905000","SLOUGH","tbcmp_PD_HA_IntHigh_2100","PD","HA","IntHigh","2100",112.004961835108
"03100208_70905000_GRANT_SLOUGH",1800,22686,"GRANT SLOUGH","03100208","70905000","SLOUGH","tbcmp_PD_HA_IntHigh_2100","PD","HA","IntHigh","2100",22.423330693464
"03100208_70905000_GRANT_SLOUGH",1900,52884,"GRANT SLOUGH","03100208","70905000","SLOUGH","tbcmp_PD_HA_IntHigh_2100","PD","HA","IntHigh","2100",52.271683875216
"03100208_70905000_GRANT_SLOUGH",2100,1398241,"GRANT SLOUGH","03100208","70905000","SLOUGH","tbcmp_PD_HA_IntHigh_2100","PD","HA","IntHigh","2100",1382.05150013928
"03100208_70905000_GRANT_SLOUGH",3200,215528,"GRANT SLOUGH","03100208","70905000","SLOUGH","tbcmp_PD_HA_IntHigh_2100","PD","HA","IntHigh","2100",213.032514224672
"03100208_70905000_GRANT_SLOUGH",4100,469234,"GRANT SLOUGH","03100208","70905000","SLOUGH","tbcmp_PD_HA_IntHigh_2100","PD","HA","IntHigh","2100",463.800985392616
"03100208_70905000_GRANT_SLOUGH",5200,5413,"GRANT SLOUGH","03100208","70905000","SLOUGH","tbcmp_PD_HA_IntHigh_2100","PD","HA","IntHigh","2100",5.350325709412
"03100208_70905000_GRANT_SLOUGH",6110,282091,"GRANT SLOUGH","03100208","70905000","SLOUGH","tbcmp_PD_HA_IntHigh_2100","PD","HA","IntHigh","2100",278.824816126684
"03100208_70905000_GRANT_SLOUGH",6410,328383,"GRANT SLOUGH","03100208","70905000","SLOUGH","tbcmp_PD_HA_IntHigh_2100","PD","HA","IntHigh","2100",324.580825315692
"03100208_70990000_JUMPER_CREEK_CANAL",1100,1952532,"JUMPER CREEK CANAL","03100208","70990000","CANAL","tbcmp_PD_HA_IntHigh_2100","PD","HA","IntHigh","2100",1929.92465509877
"03100208_70990000_JUMPER_CREEK_CANAL",1200,1394544,"JUMPER CREEK CANAL","03100208","70990000","CANAL","tbcmp_PD_HA_IntHigh_2100","PD","HA","IntHigh","2100",1378.39730576506
"03100208_70990000_JUMPER_CREEK_CANAL",1800,30420,"JUMPER CREEK CANAL","03100208","70990000","CANAL","tbcmp_PD_HA_IntHigh_2100","PD","HA","IntHigh","2100",30.06778276008
"03100208_70990000_JUMPER_CREEK_CANAL",1900,1349568,"JUMPER CREEK CANAL","03100208","70990000","CANAL","tbcmp_PD_HA_IntHigh_2100","PD","HA","IntHigh","2100",1333.94205930163
"03100208_70990000_JUMPER_CREEK_CANAL",2100,9937950,"JUMPER CREEK CANAL","03100208","70990000","CANAL","tbcmp_PD_HA_IntHigh_2100","PD","HA","IntHigh","2100",9822.8836844358
"03100208_70990000_JUMPER_CREEK_CANAL",2400,355381,"JUMPER CREEK CANAL","03100208","70990000","CANAL","tbcmp_PD_HA_IntHigh_2100","PD","HA","IntHigh","2100",351.266229620644
"03100208_70990000_JUMPER_CREEK_CANAL",3200,130100,"JUMPER CREEK CANAL","03100208","70990000","CANAL","tbcmp_PD_HA_IntHigh_2100","PD","HA","IntHigh","2100",128.5936402724
"03100208_70990000_JUMPER_CREEK_CANAL",4100,3442891,"JUMPER CREEK CANAL","03100208","70990000","CANAL","tbcmp_PD_HA_IntHigh_2100","PD","HA","IntHigh","2100",3403.02756918588
"03100208_70990000_JUMPER_CREEK_CANAL",4400,108837,"JUMPER CREEK CANAL","03100208","70990000","CANAL","tbcmp_PD_HA_IntHigh_2100","PD","HA","IntHigh","2100",107.576833407588
"03100208_70990000_JUMPER_CREEK_CANAL",5200,89438,"JUMPER CREEK CANAL","03100208","70990000","CANAL","tbcmp_PD_HA_IntHigh_2100","PD","HA","IntHigh","2100",88.402444263512
"03100208_70990000_JUMPER_CREEK_CANAL",6110,5844176,"JUMPER CREEK CANAL","03100208","70990000","CANAL","tbcmp_PD_HA_IntHigh_2100","PD","HA","IntHigh","2100",5776.50934844422
"03100208_70990000_JUMPER_CREEK_CANAL",6410,3178159,"JUMPER CREEK CANAL","03100208","70990000","CANAL","tbcmp_PD_HA_IntHigh_2100","PD","HA","IntHigh","2100",3141.36076229432
"03100208_72000000_OTTER_SLOUGH",3200,17663,"OTTER SLOUGH","03100208","72000000","DRAIN","tbcmp_PD_HA_IntHigh_2100","PD","HA","IntHigh","2100",17.458489378412
"03100208_72000000_OTTER_SLOUGH",4100,90101,"OTTER SLOUGH","03100208","72000000","DRAIN","tbcmp_PD_HA_IntHigh_2100","PD","HA","IntHigh","2100",89.057767733924
"03100208_72000000_OTTER_SLOUGH",5200,4254,"OTTER SLOUGH","03100208","72000000","DRAIN","tbcmp_PD_HA_IntHigh_2100","PD","HA","IntHigh","2100",4.204745163096
"03100208_72000000_OTTER_SLOUGH",6110,1821272,"OTTER SLOUGH","03100208","72000000","DRAIN","tbcmp_PD_HA_IntHigh_2100","PD","HA","IntHigh","2100",1800.18444585853
"03100208_72000000_OTTER_SLOUGH",6410,693945,"OTTER SLOUGH","03100208","72000000","DRAIN","tbcmp_PD_HA_IntHigh_2100","PD","HA","IntHigh","2100",685.91017447218
"03100208_73200000_BIG_JONES_CREEK",1100,4278247,"BIG JONES CREEK","03100208","73200000","NONCON","tbcmp_PD_HA_IntHigh_2100","PD","HA","IntHigh","2100",4228.71141978843
"03100208_73200000_BIG_JONES_CREEK",1200,2892019,"BIG JONES CREEK","03100208","73200000","NONCON","tbcmp_PD_HA_IntHigh_2100","PD","HA","IntHigh","2100",2858.53382741696
"03100208_73200000_BIG_JONES_CREEK",1800,30256,"BIG JONES CREEK","03100208","73200000","NONCON","tbcmp_PD_HA_IntHigh_2100","PD","HA","IntHigh","2100",29.905681630144
"03100208_73200000_BIG_JONES_CREEK",1820,146107,"BIG JONES CREEK","03100208","73200000","NONCON","tbcmp_PD_HA_IntHigh_2100","PD","HA","IntHigh","2100",144.415303607068
"03100208_73200000_BIG_JONES_CREEK",1900,830977,"BIG JONES CREEK","03100208","73200000","NONCON","tbcmp_PD_HA_IntHigh_2100","PD","HA","IntHigh","2100",821.355552748948
"03100208_73200000_BIG_JONES_CREEK",2100,12483121,"BIG JONES CREEK","03100208","73200000","NONCON","tbcmp_PD_HA_IntHigh_2100","PD","HA","IntHigh","2100",12338.5854830964
"03100208_73200000_BIG_JONES_CREEK",2200,2276,"BIG JONES CREEK","03100208","73200000","NONCON","tbcmp_PD_HA_IntHigh_2100","PD","HA","IntHigh","2100",2.249647388624
"03100208_73200000_BIG_JONES_CREEK",2400,272564,"BIG JONES CREEK","03100208","73200000","NONCON","tbcmp_PD_HA_IntHigh_2100","PD","HA","IntHigh","2100",269.408124267536
"03100208_73200000_BIG_JONES_CREEK",3200,577091,"BIG JONES CREEK","03100208","73200000","NONCON","tbcmp_PD_HA_IntHigh_2100","PD","HA","IntHigh","2100",570.409165706684
"03100208_73200000_BIG_JONES_CREEK",4100,5324485,"BIG JONES CREEK","03100208","73200000","NONCON","tbcmp_PD_HA_IntHigh_2100","PD","HA","IntHigh","2100",5262.83557821514
"03100208_73200000_BIG_JONES_CREEK",4400,632217,"BIG JONES CREEK","03100208","73200000","NONCON","tbcmp_PD_HA_IntHigh_2100","PD","HA","IntHigh","2100",624.896890638708
"03100208_73200000_BIG_JONES_CREEK",5200,153917,"BIG JONES CREEK","03100208","73200000","NONCON","tbcmp_PD_HA_IntHigh_2100","PD","HA","IntHigh","2100",152.134875709508
"03100208_73200000_BIG_JONES_CREEK",5400,22653563,"BIG JONES CREEK","03100208","73200000","NONCON","tbcmp_PD_HA_IntHigh_2100","PD","HA","IntHigh","2100",22391.26926449
"03100208_73200000_BIG_JONES_CREEK",6110,685639,"BIG JONES CREEK","03100208","73200000","NONCON","tbcmp_PD_HA_IntHigh_2100","PD","HA","IntHigh","2100",677.700345293836
"03100208_73200000_BIG_JONES_CREEK",6410,555441,"BIG JONES CREEK","03100208","73200000","NONCON","tbcmp_PD_HA_IntHigh_2100","PD","HA","IntHigh","2100",549.009839712084
"03100208_73304000_LAKE_OKAHUMPKA_OUTLET",1100,74441,"LAKE OKAHUMPKA OUTLET","03100208","73304000","OUTLET","tbcmp_PD_HA_IntHigh_2100","PD","HA","IntHigh","2100",73.579086668084
"03100208_73304000_LAKE_OKAHUMPKA_OUTLET",1200,49658,"LAKE OKAHUMPKA OUTLET","03100208","73304000","OUTLET","tbcmp_PD_HA_IntHigh_2100","PD","HA","IntHigh","2100",49.083036038792
"03100208_73304000_LAKE_OKAHUMPKA_OUTLET",1800,3302,"LAKE OKAHUMPKA OUTLET","03100208","73304000","OUTLET","tbcmp_PD_HA_IntHigh_2100","PD","HA","IntHigh","2100",3.263767872248
"03100208_73304000_LAKE_OKAHUMPKA_OUTLET",1900,24316,"LAKE OKAHUMPKA OUTLET","03100208","73304000","OUTLET","tbcmp_PD_HA_IntHigh_2100","PD","HA","IntHigh","2100",24.034457777584
"03100208_73304000_LAKE_OKAHUMPKA_OUTLET",5200,9238,"LAKE OKAHUMPKA OUTLET","03100208","73304000","OUTLET","tbcmp_PD_HA_IntHigh_2100","PD","HA","IntHigh","2100",9.131038038712
"03100208_73304000_LAKE_OKAHUMPKA_OUTLET",6410,588,"LAKE OKAHUMPKA OUTLET","03100208","73304000","OUTLET","tbcmp_PD_HA_IntHigh_2100","PD","HA","IntHigh","2100",0.581191856112
"03100208_73305000_LAKE_MIONA_OUTLET",1100,750039,"LAKE MIONA OUTLET","03100208","73305000","OUTLET","tbcmp_PD_HA_IntHigh_2100","PD","HA","IntHigh","2100",741.354691439436
"03100208_73305000_LAKE_MIONA_OUTLET",1200,988036,"LAKE MIONA OUTLET","03100208","73305000","OUTLET","tbcmp_PD_HA_IntHigh_2100","PD","HA","IntHigh","2100",976.596048886864
"03100208_73305000_LAKE_MIONA_OUTLET",1800,23501,"LAKE MIONA OUTLET","03100208","73305000","OUTLET","tbcmp_PD_HA_IntHigh_2100","PD","HA","IntHigh","2100",23.228894235524
"03100208_73305000_LAKE_MIONA_OUTLET",1820,20729,"LAKE MIONA OUTLET","03100208","73305000","OUTLET","tbcmp_PD_HA_IntHigh_2100","PD","HA","IntHigh","2100",20.488989770996
"03100208_73305000_LAKE_MIONA_OUTLET",1900,280275,"LAKE MIONA OUTLET","03100208","73305000","OUTLET","tbcmp_PD_HA_IntHigh_2100","PD","HA","IntHigh","2100",277.0298426391
"03100208_73305000_LAKE_MIONA_OUTLET",2100,1188790,"LAKE MIONA OUTLET","03100208","73305000","OUTLET","tbcmp_PD_HA_IntHigh_2100","PD","HA","IntHigh","2100",1175.02562351596
"03100208_73305000_LAKE_MIONA_OUTLET",2400,13223,"LAKE MIONA OUTLET","03100208","73305000","OUTLET","tbcmp_PD_HA_IntHigh_2100","PD","HA","IntHigh","2100",13.069897811852
"03100208_73305000_LAKE_MIONA_OUTLET",3200,18339,"LAKE MIONA OUTLET","03100208","73305000","OUTLET","tbcmp_PD_HA_IntHigh_2100","PD","HA","IntHigh","2100",18.126662328636
"03100208_73305000_LAKE_MIONA_OUTLET",4100,86073,"LAKE MIONA OUTLET","03100208","73305000","OUTLET","tbcmp_PD_HA_IntHigh_2100","PD","HA","IntHigh","2100",85.076405835252
"03100208_73305000_LAKE_MIONA_OUTLET",4400,95118,"LAKE MIONA OUTLET","03100208","73305000","OUTLET","tbcmp_PD_HA_IntHigh_2100","PD","HA","IntHigh","2100",94.016678519832
"03100208_73305000_LAKE_MIONA_OUTLET",5200,30562,"LAKE MIONA OUTLET","03100208","73305000","OUTLET","tbcmp_PD_HA_IntHigh_2100","PD","HA","IntHigh","2100",30.208138616488
"03100208_73305000_LAKE_MIONA_OUTLET",6410,47556,"LAKE MIONA OUTLET","03100208","73305000","OUTLET","tbcmp_PD_HA_IntHigh_2100","PD","HA","IntHigh","2100",47.005373995344
"03100208_73309000_LITTLE_JONES_SPRING",1100,270731,"LITTLE JONES SPRING","03100208","73309000","STREAM","tbcmp_PD_HA_IntHigh_2100","PD","HA","IntHigh","2100",267.596347614044
"03100208_73309000_LITTLE_JONES_SPRING",1200,237142,"LITTLE JONES SPRING","03100208","73309000","STREAM","tbcmp_PD_HA_IntHigh_2100","PD","HA","IntHigh","2100",234.396257044408
"03100208_73309000_LITTLE_JONES_SPRING",1900,77954,"LITTLE JONES SPRING","03100208","73309000","STREAM","tbcmp_PD_HA_IntHigh_2100","PD","HA","IntHigh","2100",77.051411481896
"03100208_73309000_LITTLE_JONES_SPRING",2100,690298,"LITTLE JONES SPRING","03100208","73309000","STREAM","tbcmp_PD_HA_IntHigh_2100","PD","HA","IntHigh","2100",682.305401174152
"03100208_73309000_LITTLE_JONES_SPRING",3200,32822,"LITTLE JONES SPRING","03100208","73309000","STREAM","tbcmp_PD_HA_IntHigh_2100","PD","HA","IntHigh","2100",32.441971260728
"03100208_73309000_LITTLE_JONES_SPRING",4100,173505,"LITTLE JONES SPRING","03100208","73309000","STREAM","tbcmp_PD_HA_IntHigh_2100","PD","HA","IntHigh","2100",171.49607652162
"03100208_73309000_LITTLE_JONES_SPRING",5200,8719,"LITTLE JONES SPRING","03100208","73309000","STREAM","tbcmp_PD_HA_IntHigh_2100","PD","HA","IntHigh","2100",8.618047267756
"03100208_73309000_LITTLE_JONES_SPRING",6110,448388,"LITTLE JONES SPRING","03100208","73309000","STREAM","tbcmp_PD_HA_IntHigh_2100","PD","HA","IntHigh","2100",443.196350303312
"03100208_73309000_LITTLE_JONES_SPRING",6410,58569,"LITTLE JONES SPRING","03100208","73309000","STREAM","tbcmp_PD_HA_IntHigh_2100","PD","HA","IntHigh","2100",57.890860239156
"03100208_73309900_LITTLE_JONES_CREEK",1100,2699756,"LITTLE JONES CREEK","03100208","73309900","SLOUGH","tbcmp_PD_HA_IntHigh_2100","PD","HA","IntHigh","2100",2668.49693994814
"03100208_73309900_LITTLE_JONES_CREEK",1200,3169132,"LITTLE JONES CREEK","03100208","73309900","SLOUGH","tbcmp_PD_HA_IntHigh_2100","PD","HA","IntHigh","2100",3132.43828119717
"03100208_73309900_LITTLE_JONES_CREEK",1800,128511,"LITTLE JONES CREEK","03100208","73309900","SLOUGH","tbcmp_PD_HA_IntHigh_2100","PD","HA","IntHigh","2100",127.023038470764
"03100208_73309900_LITTLE_JONES_CREEK",1900,826609,"LITTLE JONES CREEK","03100208","73309900","SLOUGH","tbcmp_PD_HA_IntHigh_2100","PD","HA","IntHigh","2100",817.038127532116
"03100208_73309900_LITTLE_JONES_CREEK",2100,6917276,"LITTLE JONES CREEK","03100208","73309900","SLOUGH","tbcmp_PD_HA_IntHigh_2100","PD","HA","IntHigh","2100",6837.18448584862
"03100208_73309900_LITTLE_JONES_CREEK",2200,17835,"LITTLE JONES CREEK","03100208","73309900","SLOUGH","tbcmp_PD_HA_IntHigh_2100","PD","HA","IntHigh","2100",17.62849788054
"03100208_73309900_LITTLE_JONES_CREEK",2400,58878,"LITTLE JONES CREEK","03100208","73309900","SLOUGH","tbcmp_PD_HA_IntHigh_2100","PD","HA","IntHigh","2100",58.196282490072
"03100208_73309900_LITTLE_JONES_CREEK",3200,352254,"LITTLE JONES CREEK","03100208","73309900","SLOUGH","tbcmp_PD_HA_IntHigh_2100","PD","HA","IntHigh","2100",348.175435515096
"03100208_73309900_LITTLE_JONES_CREEK",4100,3106903,"LITTLE JONES CREEK","03100208","73309900","SLOUGH","tbcmp_PD_HA_IntHigh_2100","PD","HA","IntHigh","2100",3070.92979818017
"03100208_73309900_LITTLE_JONES_CREEK",4400,247833,"LITTLE JONES CREEK","03100208","73309900","SLOUGH","tbcmp_PD_HA_IntHigh_2100","PD","HA","IntHigh","2100",244.963471557492
"03100208_73309900_LITTLE_JONES_CREEK",5200,195189,"LITTLE JONES CREEK","03100208","73309900","SLOUGH","tbcmp_PD_HA_IntHigh_2100","PD","HA","IntHigh","2100",192.929008848036
"03100208_73309900_LITTLE_JONES_CREEK",6110,3596360,"LITTLE JONES CREEK","03100208","73309900","SLOUGH","tbcmp_PD_HA_IntHigh_2100","PD","HA","IntHigh","2100",3554.71963205264
"03100208_73309900_LITTLE_JONES_CREEK",6410,1369981,"LITTLE JONES CREEK","03100208","73309900","SLOUGH","tbcmp_PD_HA_IntHigh_2100","PD","HA","IntHigh","2100",1354.11870787104
"03100208_73700000_SHADY_BROOK",1100,443859,"SHADY BROOK","03100208","73700000","STREAM","tbcmp_PD_HA_IntHigh_2100","PD","HA","IntHigh","2100",438.719789221116
"03100208_73700000_SHADY_BROOK",1200,1431705,"SHADY BROOK","03100208","73700000","STREAM","tbcmp_PD_HA_IntHigh_2100","PD","HA","IntHigh","2100",1415.12803801842
"03100208_73700000_SHADY_BROOK",1800,109188,"SHADY BROOK","03100208","73700000","STREAM","tbcmp_PD_HA_IntHigh_2100","PD","HA","IntHigh","2100",107.923769362512
"03100208_73700000_SHADY_BROOK",1820,9340,"SHADY BROOK","03100208","73700000","STREAM","tbcmp_PD_HA_IntHigh_2100","PD","HA","IntHigh","2100",9.23185703416
"03100208_73700000_SHADY_BROOK",1900,433094,"SHADY BROOK","03100208","73700000","STREAM","tbcmp_PD_HA_IntHigh_2100","PD","HA","IntHigh","2100",428.079431515256
"03100208_73700000_SHADY_BROOK",2100,1583083,"SHADY BROOK","03100208","73700000","STREAM","tbcmp_PD_HA_IntHigh_2100","PD","HA","IntHigh","2100",1564.75331147849
"03100208_73700000_SHADY_BROOK",2200,29103,"SHADY BROOK","03100208","73700000","STREAM","tbcmp_PD_HA_IntHigh_2100","PD","HA","IntHigh","2100",28.766031612972
"03100208_73700000_SHADY_BROOK",2400,5450,"SHADY BROOK","03100208","73700000","STREAM","tbcmp_PD_HA_IntHigh_2100","PD","HA","IntHigh","2100",5.3868973058
"03100208_73700000_SHADY_BROOK",3200,5843,"SHADY BROOK","03100208","73700000","STREAM","tbcmp_PD_HA_IntHigh_2100","PD","HA","IntHigh","2100",5.775346964732
"03100208_73700000_SHADY_BROOK",4100,727901,"SHADY BROOK","03100208","73700000","STREAM","tbcmp_PD_HA_IntHigh_2100","PD","HA","IntHigh","2100",719.473015741124
"03100208_73700000_SHADY_BROOK",5200,38045,"SHADY BROOK","03100208","73700000","STREAM","tbcmp_PD_HA_IntHigh_2100","PD","HA","IntHigh","2100",37.60449688058
"03100208_73700000_SHADY_BROOK",6110,962508,"SHADY BROOK","03100208","73700000","STREAM","tbcmp_PD_HA_IntHigh_2100","PD","HA","IntHigh","2100",951.363624222192
"03100208_73700000_SHADY_BROOK",6410,165587,"SHADY BROOK","03100208","73700000","STREAM","tbcmp_PD_HA_IntHigh_2100","PD","HA","IntHigh","2100",163.669754894588
"03100208_73800000_WALLED_SINK",1100,997017,"WALLED SINK","03100208","73800000","DITCH","tbcmp_PD_HA_IntHigh_2100","PD","HA","IntHigh","2100",985.473062593908
"03100208_73800000_WALLED_SINK",1200,646192,"WALLED SINK","03100208","73800000","DITCH","tbcmp_PD_HA_IntHigh_2100","PD","HA","IntHigh","2100",638.710081436608
"03100208_73800000_WALLED_SINK",1800,2304,"WALLED SINK","03100208","73800000","DITCH","tbcmp_PD_HA_IntHigh_2100","PD","HA","IntHigh","2100",2.277323191296
"03100208_73800000_WALLED_SINK",1820,95515,"WALLED SINK","03100208","73800000","DITCH","tbcmp_PD_HA_IntHigh_2100","PD","HA","IntHigh","2100",94.40908186486
"03100208_73800000_WALLED_SINK",1900,647293,"WALLED SINK","03100208","73800000","DITCH","tbcmp_PD_HA_IntHigh_2100","PD","HA","IntHigh","2100",639.798333534532
"03100208_73800000_WALLED_SINK",2100,2057654,"WALLED SINK","03100208","73800000","DITCH","tbcmp_PD_HA_IntHigh_2100","PD","HA","IntHigh","2100",2033.8295025447
"03100208_73800000_WALLED_SINK",2400,14344,"WALLED SINK","03100208","73800000","DITCH","tbcmp_PD_HA_IntHigh_2100","PD","HA","IntHigh","2100",14.177918340256
"03100208_73800000_WALLED_SINK",3200,7520,"WALLED SINK","03100208","73800000","DITCH","tbcmp_PD_HA_IntHigh_2100","PD","HA","IntHigh","2100",7.43292986048
"03100208_73800000_WALLED_SINK",4100,802868,"WALLED SINK","03100208","73800000","DITCH","tbcmp_PD_HA_IntHigh_2100","PD","HA","IntHigh","2100",793.572012130832
"03100208_73800000_WALLED_SINK",4400,21675,"WALLED SINK","03100208","73800000","DITCH","tbcmp_PD_HA_IntHigh_2100","PD","HA","IntHigh","2100",21.4240365327
"03100208_73800000_WALLED_SINK",5200,106556,"WALLED SINK","03100208","73800000","DITCH","tbcmp_PD_HA_IntHigh_2100","PD","HA","IntHigh","2100",105.322243911344
"03100208_73800000_WALLED_SINK",6110,8655,"WALLED SINK","03100208","73800000","DITCH","tbcmp_PD_HA_IntHigh_2100","PD","HA","IntHigh","2100",8.55478829022
"03100208_73800000_WALLED_SINK",6410,257489,"WALLED SINK","03100208","73800000","DITCH","tbcmp_PD_HA_IntHigh_2100","PD","HA","IntHigh","2100",254.507669793236
"03100208_73990000_OUTLET_RIVER",1100,367651,"OUTLET RIVER","03100208","73990000","STREAM","tbcmp_PD_HA_IntHigh_2100","PD","HA","IntHigh","2100",363.394161720124
"03100208_73990000_OUTLET_RIVER",1200,1655855,"OUTLET RIVER","03100208","73990000","STREAM","tbcmp_PD_HA_IntHigh_2100","PD","HA","IntHigh","2100",1636.68272262302
"03100208_73990000_OUTLET_RIVER",1800,6,"OUTLET RIVER","03100208","73990000","STREAM","tbcmp_PD_HA_IntHigh_2100","PD","HA","IntHigh","2100",0.005930529144
"03100208_73990000_OUTLET_RIVER",1820,17291,"OUTLET RIVER","03100208","73990000","STREAM","tbcmp_PD_HA_IntHigh_2100","PD","HA","IntHigh","2100",17.090796571484
"03100208_73990000_OUTLET_RIVER",1900,361592,"OUTLET RIVER","03100208","73990000","STREAM","tbcmp_PD_HA_IntHigh_2100","PD","HA","IntHigh","2100",357.405315706208
"03100208_73990000_OUTLET_RIVER",2100,2289841,"OUTLET RIVER","03100208","73990000","STREAM","tbcmp_PD_HA_IntHigh_2100","PD","HA","IntHigh","2100",2263.32813093768
"03100208_73990000_OUTLET_RIVER",3200,359656,"OUTLET RIVER","03100208","73990000","STREAM","tbcmp_PD_HA_IntHigh_2100","PD","HA","IntHigh","2100",355.491731635744
"03100208_73990000_OUTLET_RIVER",4100,1513372,"OUTLET RIVER","03100208","73990000","STREAM","tbcmp_PD_HA_IntHigh_2100","PD","HA","IntHigh","2100",1495.84945861893
"03100208_73990000_OUTLET_RIVER",4400,103870,"OUTLET RIVER","03100208","73990000","STREAM","tbcmp_PD_HA_IntHigh_2100","PD","HA","IntHigh","2100",102.66734369788
"03100208_73990000_OUTLET_RIVER",5200,3390042,"OUTLET RIVER","03100208","73990000","STREAM","tbcmp_PD_HA_IntHigh_2100","PD","HA","IntHigh","2100",3350.79048006401
"03100208_73990000_OUTLET_RIVER",6110,3887647,"OUTLET RIVER","03100208","73990000","STREAM","tbcmp_PD_HA_IntHigh_2100","PD","HA","IntHigh","2100",3842.63397251403
"03100208_73990000_OUTLET_RIVER",6410,1581090,"OUTLET RIVER","03100208","73990000","STREAM","tbcmp_PD_HA_IntHigh_2100","PD","HA","IntHigh","2100",1562.78338738116
"03100208_77000000_SHINN_DITCH",1100,17136,"SHINN DITCH","03100208","77000000","CANAL","tbcmp_PD_HA_IntHigh_2100","PD","HA","IntHigh","2100",16.937591235264
"03100208_77000000_SHINN_DITCH",1900,42643,"SHINN DITCH","03100208","77000000","CANAL","tbcmp_PD_HA_IntHigh_2100","PD","HA","IntHigh","2100",42.149259047932
"03100208_77000000_SHINN_DITCH",2100,10386,"SHINN DITCH","03100208","77000000","CANAL","tbcmp_PD_HA_IntHigh_2100","PD","HA","IntHigh","2100",10.265745948264
"03100208_77000000_SHINN_DITCH",3200,99944,"SHINN DITCH","03100208","77000000","CANAL","tbcmp_PD_HA_IntHigh_2100","PD","HA","IntHigh","2100",98.786800794656
"03100208_77000000_SHINN_DITCH",4100,1302208,"SHINN DITCH","03100208","77000000","CANAL","tbcmp_PD_HA_IntHigh_2100","PD","HA","IntHigh","2100",1287.13041592499
"03100208_77000000_SHINN_DITCH",5200,30,"SHINN DITCH","03100208","77000000","CANAL","tbcmp_PD_HA_IntHigh_2100","PD","HA","IntHigh","2100",0.02965264572
"03100208_77000000_SHINN_DITCH",6110,873633,"SHINN DITCH","03100208","77000000","CANAL","tbcmp_PD_HA_IntHigh_2100","PD","HA","IntHigh","2100",863.517661276692
"03100208_77000000_SHINN_DITCH",6410,1142094,"SHINN DITCH","03100208","77000000","CANAL","tbcmp_PD_HA_IntHigh_2100","PD","HA","IntHigh","2100",1128.87029203126
"03100208_81000000_UNNAMED_SLOUGH",1100,74567,"UNNAMED SLOUGH","03100208","81000000","SLOUGH","tbcmp_PD_HA_IntHigh_2100","PD","HA","IntHigh","2100",73.703627780108
"03100208_81000000_UNNAMED_SLOUGH",1200,111468,"UNNAMED SLOUGH","03100208","81000000","SLOUGH","tbcmp_PD_HA_IntHigh_2100","PD","HA","IntHigh","2100",110.177370437232
"03100208_81000000_UNNAMED_SLOUGH",1900,976486,"UNNAMED SLOUGH","03100208","81000000","SLOUGH","tbcmp_PD_HA_IntHigh_2100","PD","HA","IntHigh","2100",965.179780284664
"03100208_81000000_UNNAMED_SLOUGH",2100,2891543,"UNNAMED SLOUGH","03100208","81000000","SLOUGH","tbcmp_PD_HA_IntHigh_2100","PD","HA","IntHigh","2100",2858.06333877153
"03100208_81000000_UNNAMED_SLOUGH",3200,1038606,"UNNAMED SLOUGH","03100208","81000000","SLOUGH","tbcmp_PD_HA_IntHigh_2100","PD","HA","IntHigh","2100",1026.58052535554
"03100208_81000000_UNNAMED_SLOUGH",4100,2639124,"UNNAMED SLOUGH","03100208","81000000","SLOUGH","tbcmp_PD_HA_IntHigh_2100","PD","HA","IntHigh","2100",2608.56696610498
"03100208_81000000_UNNAMED_SLOUGH",4400,1557255,"UNNAMED SLOUGH","03100208","81000000","SLOUGH","tbcmp_PD_HA_IntHigh_2100","PD","HA","IntHigh","2100",1539.22436035662
"03100208_81000000_UNNAMED_SLOUGH",5200,857,"UNNAMED SLOUGH","03100208","81000000","SLOUGH","tbcmp_PD_HA_IntHigh_2100","PD","HA","IntHigh","2100",0.847077246068
"03100208_81000000_UNNAMED_SLOUGH",6110,1486638,"UNNAMED SLOUGH","03100208","81000000","SLOUGH","tbcmp_PD_HA_IntHigh_2100","PD","HA","IntHigh","2100",1469.42499759631
"03100208_81000000_UNNAMED_SLOUGH",6410,1514825,"UNNAMED SLOUGH","03100208","81000000","SLOUGH","tbcmp_PD_HA_IntHigh_2100","PD","HA","IntHigh","2100",1497.2856350933
"03100208_83000000_GUM_SLOUGH",1100,2978960,"GUM SLOUGH","03100208","83000000","SLOUGH","tbcmp_PD_HA_IntHigh_2100","PD","HA","IntHigh","2100",2944.46818313504
"03100208_83000000_GUM_SLOUGH",1200,6342529,"GUM SLOUGH","03100208","83000000","SLOUGH","tbcmp_PD_HA_IntHigh_2100","PD","HA","IntHigh","2100",6269.09218019419
"03100208_83000000_GUM_SLOUGH",1800,22809,"GUM SLOUGH","03100208","83000000","SLOUGH","tbcmp_PD_HA_IntHigh_2100","PD","HA","IntHigh","2100",22.544906540916
"03100208_83000000_GUM_SLOUGH",1900,5763798,"GUM SLOUGH","03100208","83000000","SLOUGH","tbcmp_PD_HA_IntHigh_2100","PD","HA","IntHigh","2100",5697.06200318815
"03100208_83000000_GUM_SLOUGH",2100,704262,"GUM SLOUGH","03100208","83000000","SLOUGH","tbcmp_PD_HA_IntHigh_2100","PD","HA","IntHigh","2100",696.107719335288
"03100208_83000000_GUM_SLOUGH",2400,121164,"GUM SLOUGH","03100208","83000000","SLOUGH","tbcmp_PD_HA_IntHigh_2100","PD","HA","IntHigh","2100",119.761105533936
"03100208_83000000_GUM_SLOUGH",3200,1422087,"GUM SLOUGH","03100208","83000000","SLOUGH","tbcmp_PD_HA_IntHigh_2100","PD","HA","IntHigh","2100",1405.62139980059
"03100208_83000000_GUM_SLOUGH",4100,8082101,"GUM SLOUGH","03100208","83000000","SLOUGH","tbcmp_PD_HA_IntHigh_2100","PD","HA","IntHigh","2100",7988.52258754192
"03100208_83000000_GUM_SLOUGH",4400,842457,"GUM SLOUGH","03100208","83000000","SLOUGH","tbcmp_PD_HA_IntHigh_2100","PD","HA","IntHigh","2100",832.702631844468
"03100208_83000000_GUM_SLOUGH",5200,232353,"GUM SLOUGH","03100208","83000000","SLOUGH","tbcmp_PD_HA_IntHigh_2100","PD","HA","IntHigh","2100",229.662706365972
"03100208_83000000_GUM_SLOUGH",6110,4209653,"GUM SLOUGH","03100208","83000000","SLOUGH","tbcmp_PD_HA_IntHigh_2100","PD","HA","IntHigh","2100",4160.91163377117
"03100208_83000000_GUM_SLOUGH",6410,1748395,"GUM SLOUGH","03100208","83000000","SLOUGH","tbcmp_PD_HA_IntHigh_2100","PD","HA","IntHigh","2100",1728.15125045398
"03100208_83000000_GUM_SLOUGH",7100,33616,"GUM SLOUGH","03100208","83000000","SLOUGH","tbcmp_PD_HA_IntHigh_2100","PD","HA","IntHigh","2100",33.226777950784
"03100208_87105000_LESLIE-HEFNER_CANAL",1100,51395,"LESLIE-HEFNER CANAL","03100208","87105000","CANAL","tbcmp_PD_HA_IntHigh_2100","PD","HA","IntHigh","2100",50.79992422598
"03100208_87105000_LESLIE-HEFNER_CANAL",1200,349487,"LESLIE-HEFNER CANAL","03100208","87105000","CANAL","tbcmp_PD_HA_IntHigh_2100","PD","HA","IntHigh","2100",345.440473158188
"03100208_87105000_LESLIE-HEFNER_CANAL",1900,734,"LESLIE-HEFNER CANAL","03100208","87105000","CANAL","tbcmp_PD_HA_IntHigh_2100","PD","HA","IntHigh","2100",0.725501398616
"03100208_87105000_LESLIE-HEFNER_CANAL",2100,11532,"LESLIE-HEFNER CANAL","03100208","87105000","CANAL","tbcmp_PD_HA_IntHigh_2100","PD","HA","IntHigh","2100",11.398477014768
"03100208_87105000_LESLIE-HEFNER_CANAL",4100,573348,"LESLIE-HEFNER CANAL","03100208","87105000","CANAL","tbcmp_PD_HA_IntHigh_2100","PD","HA","IntHigh","2100",566.709503942352
"03100208_87105000_LESLIE-HEFNER_CANAL",5200,64062,"LESLIE-HEFNER CANAL","03100208","87105000","CANAL","tbcmp_PD_HA_IntHigh_2100","PD","HA","IntHigh","2100",63.320259670488
"03100208_87105000_LESLIE-HEFNER_CANAL",6110,278292,"LESLIE-HEFNER CANAL","03100208","87105000","CANAL","tbcmp_PD_HA_IntHigh_2100","PD","HA","IntHigh","2100",275.069802757008
"03100208_87105000_LESLIE-HEFNER_CANAL",6410,685147,"LESLIE-HEFNER CANAL","03100208","87105000","CANAL","tbcmp_PD_HA_IntHigh_2100","PD","HA","IntHigh","2100",677.214041904028
"03100208_87990000_TSALA_APOPKA_OUTLET",1100,22870803,"TSALA APOPKA OUTLET","03100208","87990000","CANAL","tbcmp_PD_HA_IntHigh_2100","PD","HA","IntHigh","2100",22605.9939563638
"03100208_87990000_TSALA_APOPKA_OUTLET",1200,16207604,"TSALA APOPKA OUTLET","03100208","87990000","CANAL","tbcmp_PD_HA_IntHigh_2100","PD","HA","IntHigh","2100",16019.9446460685
"03100208_87990000_TSALA_APOPKA_OUTLET",1800,367267,"TSALA APOPKA OUTLET","03100208","87990000","CANAL","tbcmp_PD_HA_IntHigh_2100","PD","HA","IntHigh","2100",363.014607854908
"03100208_87990000_TSALA_APOPKA_OUTLET",1820,860733,"TSALA APOPKA OUTLET","03100208","87990000","CANAL","tbcmp_PD_HA_IntHigh_2100","PD","HA","IntHigh","2100",850.767023617092
"03100208_87990000_TSALA_APOPKA_OUTLET",1900,6214674,"TSALA APOPKA OUTLET","03100208","87990000","CANAL","tbcmp_PD_HA_IntHigh_2100","PD","HA","IntHigh","2100",6142.71754624318
"03100208_87990000_TSALA_APOPKA_OUTLET",2100,13505403,"TSALA APOPKA OUTLET","03100208","87990000","CANAL","tbcmp_PD_HA_IntHigh_2100","PD","HA","IntHigh","2100",13349.0310154942
"03100208_87990000_TSALA_APOPKA_OUTLET",2200,22705,"TSALA APOPKA OUTLET","03100208","87990000","CANAL","tbcmp_PD_HA_IntHigh_2100","PD","HA","IntHigh","2100",22.44211070242
"03100208_87990000_TSALA_APOPKA_OUTLET",2400,98566,"TSALA APOPKA OUTLET","03100208","87990000","CANAL","tbcmp_PD_HA_IntHigh_2100","PD","HA","IntHigh","2100",97.424755934584
"03100208_87990000_TSALA_APOPKA_OUTLET",3200,904201,"TSALA APOPKA OUTLET","03100208","87990000","CANAL","tbcmp_PD_HA_IntHigh_2100","PD","HA","IntHigh","2100",893.731730422324
"03100208_87990000_TSALA_APOPKA_OUTLET",4100,31434965,"TSALA APOPKA OUTLET","03100208","87990000","CANAL","tbcmp_PD_HA_IntHigh_2100","PD","HA","IntHigh","2100",31070.9960121867
"03100208_87990000_TSALA_APOPKA_OUTLET",4400,3547530,"TSALA APOPKA OUTLET","03100208","87990000","CANAL","tbcmp_PD_HA_IntHigh_2100","PD","HA","IntHigh","2100",3506.45500903572
"03100208_87990000_TSALA_APOPKA_OUTLET",5200,4703390,"TSALA APOPKA OUTLET","03100208","87990000","CANAL","tbcmp_PD_HA_IntHigh_2100","PD","HA","IntHigh","2100",4648.93191176636
"03100208_87990000_TSALA_APOPKA_OUTLET",5400,28,"TSALA APOPKA OUTLET","03100208","87990000","CANAL","tbcmp_PD_HA_IntHigh_2100","PD","HA","IntHigh","2100",0.027675802672
"03100208_87990000_TSALA_APOPKA_OUTLET",6110,4340665,"TSALA APOPKA OUTLET","03100208","87990000","CANAL","tbcmp_PD_HA_IntHigh_2100","PD","HA","IntHigh","2100",4290.40671447346
"03100208_87990000_TSALA_APOPKA_OUTLET",6410,16641899,"TSALA APOPKA OUTLET","03100208","87990000","CANAL","tbcmp_PD_HA_IntHigh_2100","PD","HA","IntHigh","2100",16449.2111718341
"03100208_87990000_TSALA_APOPKA_OUTLET",7100,3372,"TSALA APOPKA OUTLET","03100208","87990000","CANAL","tbcmp_PD_HA_IntHigh_2100","PD","HA","IntHigh","2100",3.332957378928
"03100208_91000000_TURNER_CREEK",1100,10863,"TURNER CREEK","03100208","91000000","STREAM","tbcmp_PD_HA_IntHigh_2100","PD","HA","IntHigh","2100",10.737223015212
"03100208_91000000_TURNER_CREEK",1900,5019,"TURNER CREEK","03100208","91000000","STREAM","tbcmp_PD_HA_IntHigh_2100","PD","HA","IntHigh","2100",4.960887628956
"03100208_91000000_TURNER_CREEK",4100,40727,"TURNER CREEK","03100208","91000000","STREAM","tbcmp_PD_HA_IntHigh_2100","PD","HA","IntHigh","2100",40.255443407948
"03100208_91000000_TURNER_CREEK",4400,6288,"TURNER CREEK","03100208","91000000","STREAM","tbcmp_PD_HA_IntHigh_2100","PD","HA","IntHigh","2100",6.215194542912
"03100208_91000000_TURNER_CREEK",5200,430,"TURNER CREEK","03100208","91000000","STREAM","tbcmp_PD_HA_IntHigh_2100","PD","HA","IntHigh","2100",0.42502125532
"03100208_91000000_TURNER_CREEK",6110,14284,"TURNER CREEK","03100208","91000000","STREAM","tbcmp_PD_HA_IntHigh_2100","PD","HA","IntHigh","2100",14.118613048816
"03100208_91000000_TURNER_CREEK",6410,260,"TURNER CREEK","03100208","91000000","STREAM","tbcmp_PD_HA_IntHigh_2100","PD","HA","IntHigh","2100",0.25698959624
"03100208_92000000_BELL_BRANCH",2100,117,"BELL BRANCH","03100208","92000000","STREAM","tbcmp_PD_HA_IntHigh_2100","PD","HA","IntHigh","2100",0.115645318308
"03100208_92000000_BELL_BRANCH",4100,393,"BELL BRANCH","03100208","92000000","STREAM","tbcmp_PD_HA_IntHigh_2100","PD","HA","IntHigh","2100",0.388449658932
"03100208_92000000_BELL_BRANCH",4400,10917,"BELL BRANCH","03100208","92000000","STREAM","tbcmp_PD_HA_IntHigh_2100","PD","HA","IntHigh","2100",10.790597777508
"03100208_92000000_BELL_BRANCH",6110,598,"BELL BRANCH","03100208","92000000","STREAM","tbcmp_PD_HA_IntHigh_2100","PD","HA","IntHigh","2100",0.591076071352
"03100208_92000000_BELL_BRANCH",6410,122,"BELL BRANCH","03100208","92000000","STREAM","tbcmp_PD_HA_IntHigh_2100","PD","HA","IntHigh","2100",0.120587425928
"03100208_98000000_WITHLACOOCHEE_RIVER",1100,10148609,"WITHLACOOCHEE RIVER","03100208","98000000","STREAM","tbcmp_PD_HA_IntHigh_2100","PD","HA","IntHigh","2100",10031.1035742601
"03100208_98000000_WITHLACOOCHEE_RIVER",1200,6837089,"WITHLACOOCHEE RIVER","03100208","98000000","STREAM","tbcmp_PD_HA_IntHigh_2100","PD","HA","IntHigh","2100",6757.92592910364
"03100208_98000000_WITHLACOOCHEE_RIVER",1800,123881,"WITHLACOOCHEE RIVER","03100208","98000000","STREAM","tbcmp_PD_HA_IntHigh_2100","PD","HA","IntHigh","2100",122.446646814644
"03100208_98000000_WITHLACOOCHEE_RIVER",1820,196046,"WITHLACOOCHEE RIVER","03100208","98000000","STREAM","tbcmp_PD_HA_IntHigh_2100","PD","HA","IntHigh","2100",193.776086094104
"03100208_98000000_WITHLACOOCHEE_RIVER",1900,1412819,"WITHLACOOCHEE RIVER","03100208","98000000","STREAM","tbcmp_PD_HA_IntHigh_2100","PD","HA","IntHigh","2100",1396.46070911616
"03100208_98000000_WITHLACOOCHEE_RIVER",2100,7363191,"WITHLACOOCHEE RIVER","03100208","98000000","STREAM","tbcmp_PD_HA_IntHigh_2100","PD","HA","IntHigh","2100",7277.93646972308
"03100208_98000000_WITHLACOOCHEE_RIVER",2200,20920,"WITHLACOOCHEE RIVER","03100208","98000000","STREAM","tbcmp_PD_HA_IntHigh_2100","PD","HA","IntHigh","2100",20.67777828208
"03100208_98000000_WITHLACOOCHEE_RIVER",2400,578198,"WITHLACOOCHEE RIVER","03100208","98000000","STREAM","tbcmp_PD_HA_IntHigh_2100","PD","HA","IntHigh","2100",571.503348333752
"03100208_98000000_WITHLACOOCHEE_RIVER",3200,206443,"WITHLACOOCHEE RIVER","03100208","98000000","STREAM","tbcmp_PD_HA_IntHigh_2100","PD","HA","IntHigh","2100",204.052704679132
"03100208_98000000_WITHLACOOCHEE_RIVER",4100,14921191,"WITHLACOOCHEE RIVER","03100208","98000000","STREAM","tbcmp_PD_HA_IntHigh_2100","PD","HA","IntHigh","2100",14748.4263481151
"03100208_98000000_WITHLACOOCHEE_RIVER",4400,877173,"WITHLACOOCHEE RIVER","03100208","98000000","STREAM","tbcmp_PD_HA_IntHigh_2100","PD","HA","IntHigh","2100",867.016673471652
"03100208_98000000_WITHLACOOCHEE_RIVER",5200,451556,"WITHLACOOCHEE RIVER","03100208","98000000","STREAM","tbcmp_PD_HA_IntHigh_2100","PD","HA","IntHigh","2100",446.327669691344
"03100208_98000000_WITHLACOOCHEE_RIVER",6110,650880,"WITHLACOOCHEE RIVER","03100208","98000000","STREAM","tbcmp_PD_HA_IntHigh_2100","PD","HA","IntHigh","2100",643.34380154112
"03100208_98000000_WITHLACOOCHEE_RIVER",6410,1717321,"WITHLACOOCHEE RIVER","03100208","98000000","STREAM","tbcmp_PD_HA_IntHigh_2100","PD","HA","IntHigh","2100",1697.4370400172
"03100208_99000000_WITHLACOOCHEE_RIVER",1100,27371185,"WITHLACOOCHEE RIVER","03100208","99000000","STREAM","tbcmp_PD_HA_IntHigh_2100","PD","HA","IntHigh","2100",27054.2683913859
"03100208_99000000_WITHLACOOCHEE_RIVER",1200,11179146,"WITHLACOOCHEE RIVER","03100208","99000000","STREAM","tbcmp_PD_HA_IntHigh_2100","PD","HA","IntHigh","2100",11049.7085263385
"03100208_99000000_WITHLACOOCHEE_RIVER",1800,373897,"WITHLACOOCHEE RIVER","03100208","99000000","STREAM","tbcmp_PD_HA_IntHigh_2100","PD","HA","IntHigh","2100",369.567842559028
"03100208_99000000_WITHLACOOCHEE_RIVER",1820,495469,"WITHLACOOCHEE RIVER","03100208","99000000","STREAM","tbcmp_PD_HA_IntHigh_2100","PD","HA","IntHigh","2100",489.732224074756
"03100208_99000000_WITHLACOOCHEE_RIVER",1900,13661996,"WITHLACOOCHEE RIVER","03100208","99000000","STREAM","tbcmp_PD_HA_IntHigh_2100","PD","HA","IntHigh","2100",13503.8109072019
"03100208_99000000_WITHLACOOCHEE_RIVER",2100,37232467,"WITHLACOOCHEE RIVER","03100208","99000000","STREAM","tbcmp_PD_HA_IntHigh_2100","PD","HA","IntHigh","2100",36801.3717744197
"03100208_99000000_WITHLACOOCHEE_RIVER",2200,309302,"WITHLACOOCHEE RIVER","03100208","99000000","STREAM","tbcmp_PD_HA_IntHigh_2100","PD","HA","IntHigh","2100",305.720754216248
"03100208_99000000_WITHLACOOCHEE_RIVER",2400,170071,"WITHLACOOCHEE RIVER","03100208","99000000","STREAM","tbcmp_PD_HA_IntHigh_2100","PD","HA","IntHigh","2100",168.101837008204
"03100208_99000000_WITHLACOOCHEE_RIVER",3200,5221332,"WITHLACOOCHEE RIVER","03100208","99000000","STREAM","tbcmp_PD_HA_IntHigh_2100","PD","HA","IntHigh","2100",5160.87693274997
"03100208_99000000_WITHLACOOCHEE_RIVER",4100,59643936,"WITHLACOOCHEE RIVER","03100208","99000000","STREAM","tbcmp_PD_HA_IntHigh_2100","PD","HA","IntHigh","2100",58953.3501184785
"03100208_99000000_WITHLACOOCHEE_RIVER",4400,13800610,"WITHLACOOCHEE RIVER","03100208","99000000","STREAM","tbcmp_PD_HA_IntHigh_2100","PD","HA","IntHigh","2100",13640.8199683296
"03100208_99000000_WITHLACOOCHEE_RIVER",5200,5992961,"WITHLACOOCHEE RIVER","03100208","99000000","STREAM","tbcmp_PD_HA_IntHigh_2100","PD","HA","IntHigh","2100",5923.57164489256
"03100208_99000000_WITHLACOOCHEE_RIVER",5400,687090,"WITHLACOOCHEE RIVER","03100208","99000000","STREAM","tbcmp_PD_HA_IntHigh_2100","PD","HA","IntHigh","2100",679.13454492516
"03100208_99000000_WITHLACOOCHEE_RIVER",6110,34814828,"WITHLACOOCHEE RIVER","03100208","99000000","STREAM","tbcmp_PD_HA_IntHigh_2100","PD","HA","IntHigh","2100",34411.7253495579
"03100208_99000000_WITHLACOOCHEE_RIVER",6120,191945,"WITHLACOOCHEE RIVER","03100208","99000000","STREAM","tbcmp_PD_HA_IntHigh_2100","PD","HA","IntHigh","2100",189.72256942418
"03100208_99000000_WITHLACOOCHEE_RIVER",6410,16215854,"WITHLACOOCHEE RIVER","03100208","99000000","STREAM","tbcmp_PD_HA_IntHigh_2100","PD","HA","IntHigh","2100",16028.0991236415
"03100208_99000000_WITHLACOOCHEE_RIVER",6420,58060,"WITHLACOOCHEE RIVER","03100208","99000000","STREAM","tbcmp_PD_HA_IntHigh_2100","PD","HA","IntHigh","2100",57.38775368344
"03100208_99000000_WITHLACOOCHEE_RIVER",6425,129673,"WITHLACOOCHEE RIVER","03100208","99000000","STREAM","tbcmp_PD_HA_IntHigh_2100","PD","HA","IntHigh","2100",128.171584281652
"03100208_99000000_WITHLACOOCHEE_RIVER",6510,93119,"WITHLACOOCHEE RIVER","03100208","99000000","STREAM","tbcmp_PD_HA_IntHigh_2100","PD","HA","IntHigh","2100",92.040823893356
"03100208_99000000_WITHLACOOCHEE_RIVER",6600,158723,"WITHLACOOCHEE RIVER","03100208","99000000","STREAM","tbcmp_PD_HA_IntHigh_2100","PD","HA","IntHigh","2100",156.885229553852
"03100208_99000000_WITHLACOOCHEE_RIVER",9113,2016487,"WITHLACOOCHEE RIVER","03100208","99000000","STREAM","tbcmp_PD_HA_IntHigh_2100","PD","HA","IntHigh","2100",1993.13915366619
"03100208_NA_OUTLET_RIVER",1100,354020,"OUTLET RIVER","03100208",NA,"STREAM","tbcmp_PD_HA_IntHigh_2100","PD","HA","IntHigh","2100",349.92098792648
"03100208_NA_OUTLET_RIVER",1200,343905,"OUTLET RIVER","03100208",NA,"STREAM","tbcmp_PD_HA_IntHigh_2100","PD","HA","IntHigh","2100",339.92310421122
"03100208_NA_OUTLET_RIVER",1800,34538,"OUTLET RIVER","03100208",NA,"STREAM","tbcmp_PD_HA_IntHigh_2100","PD","HA","IntHigh","2100",34.138102595912
"03100208_NA_OUTLET_RIVER",1900,60336,"OUTLET RIVER","03100208",NA,"STREAM","tbcmp_PD_HA_IntHigh_2100","PD","HA","IntHigh","2100",59.637401072064
"03100208_NA_OUTLET_RIVER",2100,453312,"OUTLET RIVER","03100208",NA,"STREAM","tbcmp_PD_HA_IntHigh_2100","PD","HA","IntHigh","2100",448.063337887488
"03100208_NA_OUTLET_RIVER",4100,439130,"OUTLET RIVER","03100208",NA,"STREAM","tbcmp_PD_HA_IntHigh_2100","PD","HA","IntHigh","2100",434.04554383412
"03100208_NA_OUTLET_RIVER",5200,45001,"OUTLET RIVER","03100208",NA,"STREAM","tbcmp_PD_HA_IntHigh_2100","PD","HA","IntHigh","2100",44.479957001524
"03100208_NA_OUTLET_RIVER",6110,287008,"OUTLET RIVER","03100208",NA,"STREAM","tbcmp_PD_HA_IntHigh_2100","PD","HA","IntHigh","2100",283.684884760192
"03100208_NA_OUTLET_RIVER",6410,83484,"OUTLET RIVER","03100208",NA,"STREAM","tbcmp_PD_HA_IntHigh_2100","PD","HA","IntHigh","2100",82.517382509616
"03100208_NA_RAINBOW_RIVER",1100,80086,"RAINBOW RIVER","03100208",NA,"STREAM","tbcmp_PD_HA_IntHigh_2100","PD","HA","IntHigh","2100",79.158726171064
"03100208_NA_RAINBOW_RIVER",1200,152238,"RAINBOW RIVER","03100208",NA,"STREAM","tbcmp_PD_HA_IntHigh_2100","PD","HA","IntHigh","2100",150.475315970712
"03100208_NA_RAINBOW_RIVER",1800,21235,"RAINBOW RIVER","03100208",NA,"STREAM","tbcmp_PD_HA_IntHigh_2100","PD","HA","IntHigh","2100",20.98913106214
"03100208_NA_RAINBOW_RIVER",1900,18580,"RAINBOW RIVER","03100208",NA,"STREAM","tbcmp_PD_HA_IntHigh_2100","PD","HA","IntHigh","2100",18.36487191592
"03100208_NA_RAINBOW_RIVER",2100,158172,"RAINBOW RIVER","03100208",NA,"STREAM","tbcmp_PD_HA_IntHigh_2100","PD","HA","IntHigh","2100",156.340609294128
"03100208_NA_RAINBOW_RIVER",4100,127914,"RAINBOW RIVER","03100208",NA,"STREAM","tbcmp_PD_HA_IntHigh_2100","PD","HA","IntHigh","2100",126.432950820936
"03100208_NA_RAINBOW_RIVER",4400,274443,"RAINBOW RIVER","03100208",NA,"STREAM","tbcmp_PD_HA_IntHigh_2100","PD","HA","IntHigh","2100",271.265368311132
"03100208_NA_RAINBOW_RIVER",5200,24021,"RAINBOW RIVER","03100208",NA,"STREAM","tbcmp_PD_HA_IntHigh_2100","PD","HA","IntHigh","2100",23.742873428004
"03100208_NA_RAINBOW_RIVER",6110,47077,"RAINBOW RIVER","03100208",NA,"STREAM","tbcmp_PD_HA_IntHigh_2100","PD","HA","IntHigh","2100",46.531920085348
"03100208_NA_RAINBOW_RIVER",6410,8502,"RAINBOW RIVER","03100208",NA,"STREAM","tbcmp_PD_HA_IntHigh_2100","PD","HA","IntHigh","2100",8.403559797048
"03110101_99999900_DIRECT_RUNOFF_TO_GULF",0,419,"DIRECT RUNOFF TO GULF","03110101","99999900","RUNOFF","tbcmp_PD_HA_IntHigh_2100","PD","HA","IntHigh","2100",0.414148618556
"03110101_99999900_DIRECT_RUNOFF_TO_GULF",1100,344957,"DIRECT RUNOFF TO GULF","03110101","99999900","RUNOFF","tbcmp_PD_HA_IntHigh_2100","PD","HA","IntHigh","2100",340.962923654468
"03110101_99999900_DIRECT_RUNOFF_TO_GULF",1200,36275,"DIRECT RUNOFF TO GULF","03110101","99999900","RUNOFF","tbcmp_PD_HA_IntHigh_2100","PD","HA","IntHigh","2100",35.8549907831
"03110101_99999900_DIRECT_RUNOFF_TO_GULF",1800,2198,"DIRECT RUNOFF TO GULF","03110101","99999900","RUNOFF","tbcmp_PD_HA_IntHigh_2100","PD","HA","IntHigh","2100",2.172550509752
"03110101_99999900_DIRECT_RUNOFF_TO_GULF",1900,43591,"DIRECT RUNOFF TO GULF","03110101","99999900","RUNOFF","tbcmp_PD_HA_IntHigh_2100","PD","HA","IntHigh","2100",43.086282652684
"03110101_99999900_DIRECT_RUNOFF_TO_GULF",3200,34545,"DIRECT RUNOFF TO GULF","03110101","99999900","RUNOFF","tbcmp_PD_HA_IntHigh_2100","PD","HA","IntHigh","2100",34.14502154658
"03110101_99999900_DIRECT_RUNOFF_TO_GULF",4100,266698,"DIRECT RUNOFF TO GULF","03110101","99999900","RUNOFF","tbcmp_PD_HA_IntHigh_2100","PD","HA","IntHigh","2100",263.610043607752
"03110101_99999900_DIRECT_RUNOFF_TO_GULF",4400,908110,"DIRECT RUNOFF TO GULF","03110101","99999900","RUNOFF","tbcmp_PD_HA_IntHigh_2100","PD","HA","IntHigh","2100",897.59547015964
"03110101_99999900_DIRECT_RUNOFF_TO_GULF",5200,1108,"DIRECT RUNOFF TO GULF","03110101","99999900","RUNOFF","tbcmp_PD_HA_IntHigh_2100","PD","HA","IntHigh","2100",1.095171048592
"03110101_99999900_DIRECT_RUNOFF_TO_GULF",5400,172266,"DIRECT RUNOFF TO GULF","03110101","99999900","RUNOFF","tbcmp_PD_HA_IntHigh_2100","PD","HA","IntHigh","2100",170.271422253384
"03110101_99999900_DIRECT_RUNOFF_TO_GULF",6110,625073,"DIRECT RUNOFF TO GULF","03110101","99999900","RUNOFF","tbcmp_PD_HA_IntHigh_2100","PD","HA","IntHigh","2100",617.835607271252
"03110101_99999900_DIRECT_RUNOFF_TO_GULF",6120,765198,"DIRECT RUNOFF TO GULF","03110101","99999900","RUNOFF","tbcmp_PD_HA_IntHigh_2100","PD","HA","IntHigh","2100",756.338173321752
"03110101_99999900_DIRECT_RUNOFF_TO_GULF",6410,55596,"DIRECT RUNOFF TO GULF","03110101","99999900","RUNOFF","tbcmp_PD_HA_IntHigh_2100","PD","HA","IntHigh","2100",54.952283048304
"03110101_99999900_DIRECT_RUNOFF_TO_GULF",6420,98734,"DIRECT RUNOFF TO GULF","03110101","99999900","RUNOFF","tbcmp_PD_HA_IntHigh_2100","PD","HA","IntHigh","2100",97.590810750616
"03110101_99999900_DIRECT_RUNOFF_TO_GULF",6425,17587,"DIRECT RUNOFF TO GULF","03110101","99999900","RUNOFF","tbcmp_PD_HA_IntHigh_2100","PD","HA","IntHigh","2100",17.383369342588
"03110101_99999900_DIRECT_RUNOFF_TO_GULF",6510,20218,"DIRECT RUNOFF TO GULF","03110101","99999900","RUNOFF","tbcmp_PD_HA_IntHigh_2100","PD","HA","IntHigh","2100",19.983906372232
"03110101_99999900_DIRECT_RUNOFF_TO_GULF",6600,260426,"DIRECT RUNOFF TO GULF","03110101","99999900","RUNOFF","tbcmp_PD_HA_IntHigh_2100","PD","HA","IntHigh","2100",257.410663809224
"03110101_99999900_DIRECT_RUNOFF_TO_GULF",9113,3577759,"DIRECT RUNOFF TO GULF","03110101","99999900","RUNOFF","tbcmp_PD_HA_IntHigh_2100","PD","HA","IntHigh","2100",3536.33400328472
