"id","value","count","basin_name","basin_huc8","basin_huc","basin_feat","filename","land_policy","accretion","slr_scenario","yr","acres"
"03080102_70880000_TIGER_LAKE_OUTLET",1100,10396,"TIGER LAKE OUTLET","03080102","70880000","OUTLET","tbcmp_PD_HA_IntHigh_2080","PD","HA","IntHigh","2080",10.275630163504
"03080102_70880000_TIGER_LAKE_OUTLET",1200,3016,"TIGER LAKE OUTLET","03080102","70880000","OUTLET","tbcmp_PD_HA_IntHigh_2080","PD","HA","IntHigh","2080",2.981079316384
"03080102_70880000_TIGER_LAKE_OUTLET",1900,1472,"TIGER LAKE OUTLET","03080102","70880000","OUTLET","tbcmp_PD_HA_IntHigh_2080","PD","HA","IntHigh","2080",1.454956483328
"03080102_70880000_TIGER_LAKE_OUTLET",2100,26641,"TIGER LAKE OUTLET","03080102","70880000","OUTLET","tbcmp_PD_HA_IntHigh_2080","PD","HA","IntHigh","2080",26.332537820884
"03080102_70880000_TIGER_LAKE_OUTLET",4100,7694,"TIGER LAKE OUTLET","03080102","70880000","OUTLET","tbcmp_PD_HA_IntHigh_2080","PD","HA","IntHigh","2080",7.604915205656
"03080102_70880000_TIGER_LAKE_OUTLET",5400,2446021,"TIGER LAKE OUTLET","03080102","70880000","OUTLET","tbcmp_PD_HA_IntHigh_2080","PD","HA","IntHigh","2080",2417.699804556
"03080102_70880000_TIGER_LAKE_OUTLET",6410,4753,"TIGER LAKE OUTLET","03080102","70880000","OUTLET","tbcmp_PD_HA_IntHigh_2080","PD","HA","IntHigh","2080",4.697967503572
"03080102_70900000_NONCONTRIBUTING_AREA",1100,67236,"NONCONTRIBUTING AREA","03080102","70900000","NONCON","tbcmp_PD_HA_IntHigh_2080","PD","HA","IntHigh","2080",66.457509587664
"03080102_70900000_NONCONTRIBUTING_AREA",1200,59088,"NONCONTRIBUTING AREA","03080102","70900000","NONCON","tbcmp_PD_HA_IntHigh_2080","PD","HA","IntHigh","2080",58.403851010112
"03080102_70900000_NONCONTRIBUTING_AREA",1900,6891,"NONCONTRIBUTING AREA","03080102","70900000","NONCON","tbcmp_PD_HA_IntHigh_2080","PD","HA","IntHigh","2080",6.811212721884
"03080102_70900000_NONCONTRIBUTING_AREA",2100,364304,"NONCONTRIBUTING AREA","03080102","70900000","NONCON","tbcmp_PD_HA_IntHigh_2080","PD","HA","IntHigh","2080",360.085914879296
"03080102_70900000_NONCONTRIBUTING_AREA",4100,7996,"NONCONTRIBUTING AREA","03080102","70900000","NONCON","tbcmp_PD_HA_IntHigh_2080","PD","HA","IntHigh","2080",7.903418505904
"03080102_70900000_NONCONTRIBUTING_AREA",5200,2902,"NONCONTRIBUTING AREA","03080102","70900000","NONCON","tbcmp_PD_HA_IntHigh_2080","PD","HA","IntHigh","2080",2.868399262648
"03080102_70900000_NONCONTRIBUTING_AREA",5400,270885,"NONCONTRIBUTING AREA","03080102","70900000","NONCON","tbcmp_PD_HA_IntHigh_2080","PD","HA","IntHigh","2080",267.74856452874
"03080102_70900000_NONCONTRIBUTING_AREA",6410,13115,"NONCONTRIBUTING AREA","03080102","70900000","NONCON","tbcmp_PD_HA_IntHigh_2080","PD","HA","IntHigh","2080",12.96314828726
"03080102_77990000_SILVER_RIVER",4100,215552,"SILVER RIVER","03080102","77990000","STREAM","tbcmp_PD_HA_IntHigh_2080","PD","HA","IntHigh","2080",213.056236341248
"03100101_33000000_MINED_AREA",1900,448144,"MINED AREA","03100101","33000000","NONCON","tbcmp_PD_HA_IntHigh_2080","PD","HA","IntHigh","2080",442.955175451456
"03100101_33000000_MINED_AREA",5200,38515,"MINED AREA","03100101","33000000","NONCON","tbcmp_PD_HA_IntHigh_2080","PD","HA","IntHigh","2080",38.06905499686
"03100101_33000000_MINED_AREA",6410,92299,"MINED AREA","03100101","33000000","NONCON","tbcmp_PD_HA_IntHigh_2080","PD","HA","IntHigh","2080",91.230318243676
"03100101_33990000_PAYNE_CREEK",1100,4521,"PAYNE CREEK","03100101","33990000","STREAM","tbcmp_PD_HA_IntHigh_2080","PD","HA","IntHigh","2080",4.468653710004
"03100101_33990000_PAYNE_CREEK",1200,252407,"PAYNE CREEK","03100101","33990000","STREAM","tbcmp_PD_HA_IntHigh_2080","PD","HA","IntHigh","2080",249.484511608268
"03100101_33990000_PAYNE_CREEK",1900,670054,"PAYNE CREEK","03100101","33990000","STREAM","tbcmp_PD_HA_IntHigh_2080","PD","HA","IntHigh","2080",662.295795842296
"03100101_33990000_PAYNE_CREEK",4400,20156,"PAYNE CREEK","03100101","33990000","STREAM","tbcmp_PD_HA_IntHigh_2080","PD","HA","IntHigh","2080",19.922624237744
"03100101_33990000_PAYNE_CREEK",5200,34187,"PAYNE CREEK","03100101","33990000","STREAM","tbcmp_PD_HA_IntHigh_2080","PD","HA","IntHigh","2080",33.791166640988
"03100101_33990000_PAYNE_CREEK",6110,121261,"PAYNE CREEK","03100101","33990000","STREAM","tbcmp_PD_HA_IntHigh_2080","PD","HA","IntHigh","2080",119.856982421764
"03100101_33990000_PAYNE_CREEK",6410,271616,"PAYNE CREEK","03100101","33990000","STREAM","tbcmp_PD_HA_IntHigh_2080","PD","HA","IntHigh","2080",268.471100662784
"03100101_85000000_MINED_AREA",1200,1127386,"MINED AREA","03100101","85000000","NONCON","tbcmp_PD_HA_IntHigh_2080","PD","HA","IntHigh","2080",1114.33258825626
"03100101_85300000_WEST_FORK_HORSE_CREEK",1200,3037146,"WEST FORK HORSE CREEK","03100101","85300000","STREAM","tbcmp_PD_HA_IntHigh_2080","PD","HA","IntHigh","2080",3001.9804779305
"03100101_85300000_WEST_FORK_HORSE_CREEK",1900,265953,"WEST FORK HORSE CREEK","03100101","85300000","STREAM","tbcmp_PD_HA_IntHigh_2080","PD","HA","IntHigh","2080",262.873669572372
"03100101_85300000_WEST_FORK_HORSE_CREEK",2100,633527,"WEST FORK HORSE CREEK","03100101","85300000","STREAM","tbcmp_PD_HA_IntHigh_2080","PD","HA","IntHigh","2080",626.191722835148
"03100101_85300000_WEST_FORK_HORSE_CREEK",2200,202893,"WEST FORK HORSE CREEK","03100101","85300000","STREAM","tbcmp_PD_HA_IntHigh_2080","PD","HA","IntHigh","2080",200.543808268932
"03100101_85300000_WEST_FORK_HORSE_CREEK",2400,26686,"WEST FORK HORSE CREEK","03100101","85300000","STREAM","tbcmp_PD_HA_IntHigh_2080","PD","HA","IntHigh","2080",26.377016789464
"03100101_85300000_WEST_FORK_HORSE_CREEK",3200,280400,"WEST FORK HORSE CREEK","03100101","85300000","STREAM","tbcmp_PD_HA_IntHigh_2080","PD","HA","IntHigh","2080",277.1533953296
"03100101_85300000_WEST_FORK_HORSE_CREEK",4100,263526,"WEST FORK HORSE CREEK","03100101","85300000","STREAM","tbcmp_PD_HA_IntHigh_2080","PD","HA","IntHigh","2080",260.474770533624
"03100101_85300000_WEST_FORK_HORSE_CREEK",4400,46538,"WEST FORK HORSE CREEK","03100101","85300000","STREAM","tbcmp_PD_HA_IntHigh_2080","PD","HA","IntHigh","2080",45.999160883912
"03100101_85300000_WEST_FORK_HORSE_CREEK",5200,535,"WEST FORK HORSE CREEK","03100101","85300000","STREAM","tbcmp_PD_HA_IntHigh_2080","PD","HA","IntHigh","2080",0.52880551534
"03100101_85300000_WEST_FORK_HORSE_CREEK",6110,494038,"WEST FORK HORSE CREEK","03100101","85300000","STREAM","tbcmp_PD_HA_IntHigh_2080","PD","HA","IntHigh","2080",488.317792873912
"03100101_85300000_WEST_FORK_HORSE_CREEK",6410,303954,"WEST FORK HORSE CREEK","03100101","85300000","STREAM","tbcmp_PD_HA_IntHigh_2080","PD","HA","IntHigh","2080",300.434675905896
"03100101_85360000_UNNAMED_STREAM",1100,52799,"UNNAMED STREAM","03100101","85360000","STREAM","tbcmp_PD_HA_IntHigh_2080","PD","HA","IntHigh","2080",52.187668045676
"03100101_85360000_UNNAMED_STREAM",1900,18268,"UNNAMED STREAM","03100101","85360000","STREAM","tbcmp_PD_HA_IntHigh_2080","PD","HA","IntHigh","2080",18.056484400432
"03100101_85360000_UNNAMED_STREAM",2100,449951,"UNNAMED STREAM","03100101","85360000","STREAM","tbcmp_PD_HA_IntHigh_2080","PD","HA","IntHigh","2080",444.741253145324
"03100101_85360000_UNNAMED_STREAM",3200,3303,"UNNAMED STREAM","03100101","85360000","STREAM","tbcmp_PD_HA_IntHigh_2080","PD","HA","IntHigh","2080",3.264756293772
"03100101_85360000_UNNAMED_STREAM",4100,184902,"UNNAMED STREAM","03100101","85360000","STREAM","tbcmp_PD_HA_IntHigh_2080","PD","HA","IntHigh","2080",182.761116630648
"03100101_85360000_UNNAMED_STREAM",4400,5146,"UNNAMED STREAM","03100101","85360000","STREAM","tbcmp_PD_HA_IntHigh_2080","PD","HA","IntHigh","2080",5.086417162504
"03100101_85360000_UNNAMED_STREAM",5200,878,"UNNAMED STREAM","03100101","85360000","STREAM","tbcmp_PD_HA_IntHigh_2080","PD","HA","IntHigh","2080",0.867834098072
"03100101_85360000_UNNAMED_STREAM",6110,96070,"UNNAMED STREAM","03100101","85360000","STREAM","tbcmp_PD_HA_IntHigh_2080","PD","HA","IntHigh","2080",94.95765581068
"03100101_85360000_UNNAMED_STREAM",6410,22489,"UNNAMED STREAM","03100101","85360000","STREAM","tbcmp_PD_HA_IntHigh_2080","PD","HA","IntHigh","2080",22.228611653236
"03100101_85400000_ELDER_CREEK",1200,14468,"ELDER CREEK","03100101","85400000","STREAM","tbcmp_PD_HA_IntHigh_2080","PD","HA","IntHigh","2080",14.300482609232
"03100101_85400000_ELDER_CREEK",1900,368702,"ELDER CREEK","03100101","85400000","STREAM","tbcmp_PD_HA_IntHigh_2080","PD","HA","IntHigh","2080",364.432992741848
"03100101_85400000_ELDER_CREEK",2100,162818,"ELDER CREEK","03100101","85400000","STREAM","tbcmp_PD_HA_IntHigh_2080","PD","HA","IntHigh","2080",160.932815694632
"03100101_85400000_ELDER_CREEK",2200,724365,"ELDER CREEK","03100101","85400000","STREAM","tbcmp_PD_HA_IntHigh_2080","PD","HA","IntHigh","2080",715.97795723226
"03100101_85400000_ELDER_CREEK",3200,29339,"ELDER CREEK","03100101","85400000","STREAM","tbcmp_PD_HA_IntHigh_2080","PD","HA","IntHigh","2080",28.999299092636
"03100101_85400000_ELDER_CREEK",4100,10934,"ELDER CREEK","03100101","85400000","STREAM","tbcmp_PD_HA_IntHigh_2080","PD","HA","IntHigh","2080",10.807400943416
"03100101_85400000_ELDER_CREEK",5200,141,"ELDER CREEK","03100101","85400000","STREAM","tbcmp_PD_HA_IntHigh_2080","PD","HA","IntHigh","2080",0.139367434884
"03100101_85400000_ELDER_CREEK",6110,157840,"ELDER CREEK","03100101","85400000","STREAM","tbcmp_PD_HA_IntHigh_2080","PD","HA","IntHigh","2080",156.01245334816
"03100101_85400000_ELDER_CREEK",6410,274965,"ELDER CREEK","03100101","85400000","STREAM","tbcmp_PD_HA_IntHigh_2080","PD","HA","IntHigh","2080",271.78132434666
"03100101_85420000_CYPRESS_CREEK",2100,112888,"CYPRESS CREEK","03100101","85420000","STREAM","tbcmp_PD_HA_IntHigh_2080","PD","HA","IntHigh","2080",111.580929001312
"03100101_85420000_CYPRESS_CREEK",2200,811,"CYPRESS CREEK","03100101","85420000","STREAM","tbcmp_PD_HA_IntHigh_2080","PD","HA","IntHigh","2080",0.801609855964
"03100101_85420000_CYPRESS_CREEK",3200,8264,"CYPRESS CREEK","03100101","85420000","STREAM","tbcmp_PD_HA_IntHigh_2080","PD","HA","IntHigh","2080",8.168315474336
"03100101_85420000_CYPRESS_CREEK",4100,38224,"CYPRESS CREEK","03100101","85420000","STREAM","tbcmp_PD_HA_IntHigh_2080","PD","HA","IntHigh","2080",37.781424333376
"03100101_85420000_CYPRESS_CREEK",5200,178,"CYPRESS CREEK","03100101","85420000","STREAM","tbcmp_PD_HA_IntHigh_2080","PD","HA","IntHigh","2080",0.175939031272
"03100101_85420000_CYPRESS_CREEK",6110,868,"CYPRESS CREEK","03100101","85420000","STREAM","tbcmp_PD_HA_IntHigh_2080","PD","HA","IntHigh","2080",0.857949882832
"03100101_85420000_CYPRESS_CREEK",6410,25141,"CYPRESS CREEK","03100101","85420000","STREAM","tbcmp_PD_HA_IntHigh_2080","PD","HA","IntHigh","2080",24.849905534884
"03100101_85730000_BUZZARD_ROOST_BRANCH",1900,3953,"BUZZARD ROOST BRANCH","03100101","85730000","STREAM","tbcmp_PD_HA_IntHigh_2080","PD","HA","IntHigh","2080",3.907230284372
"03100101_85730000_BUZZARD_ROOST_BRANCH",2100,106464,"BUZZARD ROOST BRANCH","03100101","85730000","STREAM","tbcmp_PD_HA_IntHigh_2080","PD","HA","IntHigh","2080",105.231309131136
"03100101_85730000_BUZZARD_ROOST_BRANCH",3200,94561,"BUZZARD ROOST BRANCH","03100101","85730000","STREAM","tbcmp_PD_HA_IntHigh_2080","PD","HA","IntHigh","2080",93.466127730964
"03100101_85730000_BUZZARD_ROOST_BRANCH",4100,137125,"BUZZARD ROOST BRANCH","03100101","85730000","STREAM","tbcmp_PD_HA_IntHigh_2080","PD","HA","IntHigh","2080",135.5373014785
"03100101_85730000_BUZZARD_ROOST_BRANCH",6110,86862,"BUZZARD ROOST BRANCH","03100101","85730000","STREAM","tbcmp_PD_HA_IntHigh_2080","PD","HA","IntHigh","2080",85.856270417688
"03100101_85730000_BUZZARD_ROOST_BRANCH",6410,29772,"BUZZARD ROOST BRANCH","03100101","85730000","STREAM","tbcmp_PD_HA_IntHigh_2080","PD","HA","IntHigh","2080",29.427285612528
"03100101_85738000_UNNAMED_STREAM",1100,20165,"UNNAMED STREAM","03100101","85738000","STREAM","tbcmp_PD_HA_IntHigh_2080","PD","HA","IntHigh","2080",19.93152003146
"03100101_85738000_UNNAMED_STREAM",1900,100692,"UNNAMED STREAM","03100101","85738000","STREAM","tbcmp_PD_HA_IntHigh_2080","PD","HA","IntHigh","2080",99.526140094608
"03100101_85738000_UNNAMED_STREAM",2100,717515,"UNNAMED STREAM","03100101","85738000","STREAM","tbcmp_PD_HA_IntHigh_2080","PD","HA","IntHigh","2080",709.20726979286
"03100101_85738000_UNNAMED_STREAM",2200,588311,"UNNAMED STREAM","03100101","85738000","STREAM","tbcmp_PD_HA_IntHigh_2080","PD","HA","IntHigh","2080",581.499255205964
"03100101_85738000_UNNAMED_STREAM",3200,253124,"UNNAMED STREAM","03100101","85738000","STREAM","tbcmp_PD_HA_IntHigh_2080","PD","HA","IntHigh","2080",250.193209840976
"03100101_85738000_UNNAMED_STREAM",4100,163922,"UNNAMED STREAM","03100101","85738000","STREAM","tbcmp_PD_HA_IntHigh_2080","PD","HA","IntHigh","2080",162.024033057128
"03100101_85738000_UNNAMED_STREAM",6110,82606,"UNNAMED STREAM","03100101","85738000","STREAM","tbcmp_PD_HA_IntHigh_2080","PD","HA","IntHigh","2080",81.649548411544
"03100101_85738000_UNNAMED_STREAM",6410,249060,"UNNAMED STREAM","03100101","85738000","STREAM","tbcmp_PD_HA_IntHigh_2080","PD","HA","IntHigh","2080",246.17626476744
"03100101_85990000_HORSE_CREEK",1200,4643861,"HORSE CREEK","03100101","85990000","STREAM","tbcmp_PD_HA_IntHigh_2080","PD","HA","IntHigh","2080",4590.09216686416
"03100101_85990000_HORSE_CREEK",1900,779214,"HORSE CREEK","03100101","85990000","STREAM","tbcmp_PD_HA_IntHigh_2080","PD","HA","IntHigh","2080",770.191889402136
"03100101_85990000_HORSE_CREEK",2100,264049,"HORSE CREEK","03100101","85990000","STREAM","tbcmp_PD_HA_IntHigh_2080","PD","HA","IntHigh","2080",260.991714990676
"03100101_85990000_HORSE_CREEK",2200,52183,"HORSE CREEK","03100101","85990000","STREAM","tbcmp_PD_HA_IntHigh_2080","PD","HA","IntHigh","2080",51.578800386892
"03100101_85990000_HORSE_CREEK",3200,500800,"HORSE CREEK","03100101","85990000","STREAM","tbcmp_PD_HA_IntHigh_2080","PD","HA","IntHigh","2080",495.0014992192
"03100101_85990000_HORSE_CREEK",4100,11652,"HORSE CREEK","03100101","85990000","STREAM","tbcmp_PD_HA_IntHigh_2080","PD","HA","IntHigh","2080",11.517087597648
"03100101_85990000_HORSE_CREEK",5200,167862,"HORSE CREEK","03100101","85990000","STREAM","tbcmp_PD_HA_IntHigh_2080","PD","HA","IntHigh","2080",165.918413861688
"03100101_85990000_HORSE_CREEK",6110,58084,"HORSE CREEK","03100101","85990000","STREAM","tbcmp_PD_HA_IntHigh_2080","PD","HA","IntHigh","2080",57.411475800016
"03100101_85990000_HORSE_CREEK",6410,490544,"HORSE CREEK","03100101","85990000","STREAM","tbcmp_PD_HA_IntHigh_2080","PD","HA","IntHigh","2080",484.864248069056
"03100101_89000000_UNNAMED_DRAIN",1900,2016,"UNNAMED DRAIN","03100101","89000000","DRAIN","tbcmp_PD_HA_IntHigh_2080","PD","HA","IntHigh","2080",1.992657792384
"03100101_89000000_UNNAMED_DRAIN",3200,1566,"UNNAMED DRAIN","03100101","89000000","DRAIN","tbcmp_PD_HA_IntHigh_2080","PD","HA","IntHigh","2080",1.547868106584
"03100101_89000000_UNNAMED_DRAIN",4100,3375,"UNNAMED DRAIN","03100101","89000000","DRAIN","tbcmp_PD_HA_IntHigh_2080","PD","HA","IntHigh","2080",3.3359226435
"03100101_98900000_UNNAMED_CANAL",0,8,"UNNAMED CANAL","03100101","98900000","CANAL","tbcmp_PD_HA_IntHigh_2080","PD","HA","IntHigh","2080",0.007907372192
"03100101_98900000_UNNAMED_CANAL",1100,921759,"UNNAMED CANAL","03100101","98900000","CANAL","tbcmp_PD_HA_IntHigh_2080","PD","HA","IntHigh","2080",911.086435540716
"03100101_98900000_UNNAMED_CANAL",1200,1627259,"UNNAMED CANAL","03100101","98900000","CANAL","tbcmp_PD_HA_IntHigh_2080","PD","HA","IntHigh","2080",1608.41782072272
"03100101_98900000_UNNAMED_CANAL",1800,27476,"UNNAMED CANAL","03100101","98900000","CANAL","tbcmp_PD_HA_IntHigh_2080","PD","HA","IntHigh","2080",27.157869793424
"03100101_98900000_UNNAMED_CANAL",1900,1247161,"UNNAMED CANAL","03100101","98900000","CANAL","tbcmp_PD_HA_IntHigh_2080","PD","HA","IntHigh","2080",1232.72077629336
"03100101_98900000_UNNAMED_CANAL",3200,36128,"UNNAMED CANAL","03100101","98900000","CANAL","tbcmp_PD_HA_IntHigh_2080","PD","HA","IntHigh","2080",35.709692819072
"03100101_98900000_UNNAMED_CANAL",4100,23650,"UNNAMED CANAL","03100101","98900000","CANAL","tbcmp_PD_HA_IntHigh_2080","PD","HA","IntHigh","2080",23.3761690426
"03100101_98900000_UNNAMED_CANAL",5200,15403,"UNNAMED CANAL","03100101","98900000","CANAL","tbcmp_PD_HA_IntHigh_2080","PD","HA","IntHigh","2080",15.224656734172
"03100101_98900000_UNNAMED_CANAL",5400,495207,"UNNAMED CANAL","03100101","98900000","CANAL","tbcmp_PD_HA_IntHigh_2080","PD","HA","IntHigh","2080",489.473257635468
"03100101_98900000_UNNAMED_CANAL",6110,537,"UNNAMED CANAL","03100101","98900000","CANAL","tbcmp_PD_HA_IntHigh_2080","PD","HA","IntHigh","2080",0.530782358388
"03100101_98900000_UNNAMED_CANAL",6120,163157,"UNNAMED CANAL","03100101","98900000","CANAL","tbcmp_PD_HA_IntHigh_2080","PD","HA","IntHigh","2080",161.267890591268
"03100101_98900000_UNNAMED_CANAL",6410,9121,"UNNAMED CANAL","03100101","98900000","CANAL","tbcmp_PD_HA_IntHigh_2080","PD","HA","IntHigh","2080",9.015392720404
"03100101_98900000_UNNAMED_CANAL",6420,27739,"UNNAMED CANAL","03100101","98900000","CANAL","tbcmp_PD_HA_IntHigh_2080","PD","HA","IntHigh","2080",27.417824654236
"03100101_98900000_UNNAMED_CANAL",6425,128585,"UNNAMED CANAL","03100101","98900000","CANAL","tbcmp_PD_HA_IntHigh_2080","PD","HA","IntHigh","2080",127.09618166354
"03100101_98900000_UNNAMED_CANAL",6510,52147,"UNNAMED CANAL","03100101","98900000","CANAL","tbcmp_PD_HA_IntHigh_2080","PD","HA","IntHigh","2080",51.543217212028
"03100101_98900000_UNNAMED_CANAL",6600,117688,"UNNAMED CANAL","03100101","98900000","CANAL","tbcmp_PD_HA_IntHigh_2080","PD","HA","IntHigh","2080",116.325352316512
"03100101_98900000_UNNAMED_CANAL",9113,183861,"UNNAMED CANAL","03100101","98900000","CANAL","tbcmp_PD_HA_IntHigh_2080","PD","HA","IntHigh","2080",181.732169824164
"03100101_98990000_LITTLE_ALLIGATOR_CREEK",0,197,"LITTLE ALLIGATOR CREEK","03100101","98990000","STREAM","tbcmp_PD_HA_IntHigh_2080","PD","HA","IntHigh","2080",0.194719040228
"03100101_98990000_LITTLE_ALLIGATOR_CREEK",1100,1097673,"LITTLE ALLIGATOR CREEK","03100101","98990000","STREAM","tbcmp_PD_HA_IntHigh_2080","PD","HA","IntHigh","2080",1084.96361951365
"03100101_98990000_LITTLE_ALLIGATOR_CREEK",1200,2956275,"LITTLE ALLIGATOR CREEK","03100101","98990000","STREAM","tbcmp_PD_HA_IntHigh_2080","PD","HA","IntHigh","2080",2922.0458408631
"03100101_98990000_LITTLE_ALLIGATOR_CREEK",1800,30563,"LITTLE ALLIGATOR CREEK","03100101","98990000","STREAM","tbcmp_PD_HA_IntHigh_2080","PD","HA","IntHigh","2080",30.209127038012
"03100101_98990000_LITTLE_ALLIGATOR_CREEK",1900,618078,"LITTLE ALLIGATOR CREEK","03100101","98990000","STREAM","tbcmp_PD_HA_IntHigh_2080","PD","HA","IntHigh","2080",610.921598710872
"03100101_98990000_LITTLE_ALLIGATOR_CREEK",3200,57,"LITTLE ALLIGATOR CREEK","03100101","98990000","STREAM","tbcmp_PD_HA_IntHigh_2080","PD","HA","IntHigh","2080",0.056340026868
"03100101_98990000_LITTLE_ALLIGATOR_CREEK",4100,16,"LITTLE ALLIGATOR CREEK","03100101","98990000","STREAM","tbcmp_PD_HA_IntHigh_2080","PD","HA","IntHigh","2080",0.015814744384
"03100101_98990000_LITTLE_ALLIGATOR_CREEK",5200,61923,"LITTLE ALLIGATOR CREEK","03100101","98990000","STREAM","tbcmp_PD_HA_IntHigh_2080","PD","HA","IntHigh","2080",61.206026030652
"03100101_98990000_LITTLE_ALLIGATOR_CREEK",5400,124974,"LITTLE ALLIGATOR CREEK","03100101","98990000","STREAM","tbcmp_PD_HA_IntHigh_2080","PD","HA","IntHigh","2080",123.526991540376
"03100101_98990000_LITTLE_ALLIGATOR_CREEK",6110,13098,"LITTLE ALLIGATOR CREEK","03100101","98990000","STREAM","tbcmp_PD_HA_IntHigh_2080","PD","HA","IntHigh","2080",12.946345121352
"03100101_98990000_LITTLE_ALLIGATOR_CREEK",6120,12628,"LITTLE ALLIGATOR CREEK","03100101","98990000","STREAM","tbcmp_PD_HA_IntHigh_2080","PD","HA","IntHigh","2080",12.481787005072
"03100101_98990000_LITTLE_ALLIGATOR_CREEK",6410,23319,"LITTLE ALLIGATOR CREEK","03100101","98990000","STREAM","tbcmp_PD_HA_IntHigh_2080","PD","HA","IntHigh","2080",23.049001518156
"03100101_98990000_LITTLE_ALLIGATOR_CREEK",6420,6297,"LITTLE ALLIGATOR CREEK","03100101","98990000","STREAM","tbcmp_PD_HA_IntHigh_2080","PD","HA","IntHigh","2080",6.224090336628
"03100101_98990000_LITTLE_ALLIGATOR_CREEK",6425,52144,"LITTLE ALLIGATOR CREEK","03100101","98990000","STREAM","tbcmp_PD_HA_IntHigh_2080","PD","HA","IntHigh","2080",51.540251947456
"03100101_98990000_LITTLE_ALLIGATOR_CREEK",6510,34012,"LITTLE ALLIGATOR CREEK","03100101","98990000","STREAM","tbcmp_PD_HA_IntHigh_2080","PD","HA","IntHigh","2080",33.618192874288
"03100101_98990000_LITTLE_ALLIGATOR_CREEK",6600,12398,"LITTLE ALLIGATOR CREEK","03100101","98990000","STREAM","tbcmp_PD_HA_IntHigh_2080","PD","HA","IntHigh","2080",12.254450054552
"03100101_98990000_LITTLE_ALLIGATOR_CREEK",9113,73521,"LITTLE ALLIGATOR CREEK","03100101","98990000","STREAM","tbcmp_PD_HA_IntHigh_2080","PD","HA","IntHigh","2080",72.669738866004
"03100101_99000000_PEACE_RIVER",0,83,"PEACE RIVER","03100101","99000000","STREAM","tbcmp_PD_HA_IntHigh_2080","PD","HA","IntHigh","2080",0.082038986492
"03100101_99000000_PEACE_RIVER",1100,1384072,"PEACE RIVER","03100101","99000000","STREAM","tbcmp_PD_HA_IntHigh_2080","PD","HA","IntHigh","2080",1368.04655556573
"03100101_99000000_PEACE_RIVER",1200,10895647,"PEACE RIVER","03100101","99000000","STREAM","tbcmp_PD_HA_IntHigh_2080","PD","HA","IntHigh","2080",10769.492012706
"03100101_99000000_PEACE_RIVER",1800,127884,"PEACE RIVER","03100101","99000000","STREAM","tbcmp_PD_HA_IntHigh_2080","PD","HA","IntHigh","2080",126.403298175216
"03100101_99000000_PEACE_RIVER",1820,152236,"PEACE RIVER","03100101","99000000","STREAM","tbcmp_PD_HA_IntHigh_2080","PD","HA","IntHigh","2080",150.473339127664
"03100101_99000000_PEACE_RIVER",1900,1381783,"PEACE RIVER","03100101","99000000","STREAM","tbcmp_PD_HA_IntHigh_2080","PD","HA","IntHigh","2080",1365.78405869729
"03100101_99000000_PEACE_RIVER",3200,106788,"PEACE RIVER","03100101","99000000","STREAM","tbcmp_PD_HA_IntHigh_2080","PD","HA","IntHigh","2080",105.551557704912
"03100101_99000000_PEACE_RIVER",4100,91052,"PEACE RIVER","03100101","99000000","STREAM","tbcmp_PD_HA_IntHigh_2080","PD","HA","IntHigh","2080",89.997756603248
"03100101_99000000_PEACE_RIVER",5200,377631,"PEACE RIVER","03100101","99000000","STREAM","tbcmp_PD_HA_IntHigh_2080","PD","HA","IntHigh","2080",373.258608529644
"03100101_99000000_PEACE_RIVER",5400,2887142,"PEACE RIVER","03100101","99000000","STREAM","tbcmp_PD_HA_IntHigh_2080","PD","HA","IntHigh","2080",2853.71329564441
"03100101_99000000_PEACE_RIVER",6110,24443,"PEACE RIVER","03100101","99000000","STREAM","tbcmp_PD_HA_IntHigh_2080","PD","HA","IntHigh","2080",24.159987311132
"03100101_99000000_PEACE_RIVER",6120,86417,"PEACE RIVER","03100101","99000000","STREAM","tbcmp_PD_HA_IntHigh_2080","PD","HA","IntHigh","2080",85.416422839508
"03100101_99000000_PEACE_RIVER",6410,78982,"PEACE RIVER","03100101","99000000","STREAM","tbcmp_PD_HA_IntHigh_2080","PD","HA","IntHigh","2080",78.067508808568
"03100101_99000000_PEACE_RIVER",6420,17744,"PEACE RIVER","03100101","99000000","STREAM","tbcmp_PD_HA_IntHigh_2080","PD","HA","IntHigh","2080",17.538551521856
"03100101_99000000_PEACE_RIVER",6425,102462,"PEACE RIVER","03100101","99000000","STREAM","tbcmp_PD_HA_IntHigh_2080","PD","HA","IntHigh","2080",101.275646192088
"03100101_99000000_PEACE_RIVER",6510,49608,"PEACE RIVER","03100101","99000000","STREAM","tbcmp_PD_HA_IntHigh_2080","PD","HA","IntHigh","2080",49.033614962592
"03100101_99000000_PEACE_RIVER",6600,37256,"PEACE RIVER","03100101","99000000","STREAM","tbcmp_PD_HA_IntHigh_2080","PD","HA","IntHigh","2080",36.824632298144
"03100101_99000000_PEACE_RIVER",9113,645189,"PEACE RIVER","03100101","99000000","STREAM","tbcmp_PD_HA_IntHigh_2080","PD","HA","IntHigh","2080",637.718694648036
"03100101_99980000_MYAKKA_CUTOFF",0,19,"MYAKKA CUTOFF","03100101","99980000","STREAM","tbcmp_PD_HA_IntHigh_2080","PD","HA","IntHigh","2080",0.018780008956
"03100101_99980000_MYAKKA_CUTOFF",5400,38701,"MYAKKA CUTOFF","03100101","99980000","STREAM","tbcmp_PD_HA_IntHigh_2080","PD","HA","IntHigh","2080",38.252901400324
"03100101_99980000_MYAKKA_CUTOFF",6120,954023,"MYAKKA CUTOFF","03100101","99980000","STREAM","tbcmp_PD_HA_IntHigh_2080","PD","HA","IntHigh","2080",942.976867591052
"03100101_99980000_MYAKKA_CUTOFF",6420,1457,"MYAKKA CUTOFF","03100101","99980000","STREAM","tbcmp_PD_HA_IntHigh_2080","PD","HA","IntHigh","2080",1.440130160468
"03100101_99980000_MYAKKA_CUTOFF",6425,1869,"MYAKKA CUTOFF","03100101","99980000","STREAM","tbcmp_PD_HA_IntHigh_2080","PD","HA","IntHigh","2080",1.847359828356
"03100101_99980000_MYAKKA_CUTOFF",6510,828,"MYAKKA CUTOFF","03100101","99980000","STREAM","tbcmp_PD_HA_IntHigh_2080","PD","HA","IntHigh","2080",0.818413021872
"03100101_99980000_MYAKKA_CUTOFF",6600,2,"MYAKKA CUTOFF","03100101","99980000","STREAM","tbcmp_PD_HA_IntHigh_2080","PD","HA","IntHigh","2080",0.001976843048
"03100101_99980000_MYAKKA_CUTOFF",9113,345049,"MYAKKA CUTOFF","03100101","99980000","STREAM","tbcmp_PD_HA_IntHigh_2080","PD","HA","IntHigh","2080",341.053858434676
"03100102_10000000_UNNAMED_CREEK",1100,32619,"UNNAMED CREEK","03100102","10000000","STREAM","tbcmp_PD_HA_IntHigh_2080","PD","HA","IntHigh","2080",32.241321691356
"03100102_10000000_UNNAMED_CREEK",1200,1472070,"UNNAMED CREEK","03100102","10000000","STREAM","tbcmp_PD_HA_IntHigh_2080","PD","HA","IntHigh","2080",1455.02567283468
"03100102_10000000_UNNAMED_CREEK",1900,33203,"UNNAMED CREEK","03100102","10000000","STREAM","tbcmp_PD_HA_IntHigh_2080","PD","HA","IntHigh","2080",32.818559861372
"03100102_10000000_UNNAMED_CREEK",2100,846886,"UNNAMED CREEK","03100102","10000000","STREAM","tbcmp_PD_HA_IntHigh_2080","PD","HA","IntHigh","2080",837.080350774264
"03100102_10000000_UNNAMED_CREEK",2200,576,"UNNAMED CREEK","03100102","10000000","STREAM","tbcmp_PD_HA_IntHigh_2080","PD","HA","IntHigh","2080",0.569330797824
"03100102_10000000_UNNAMED_CREEK",3200,459070,"UNNAMED CREEK","03100102","10000000","STREAM","tbcmp_PD_HA_IntHigh_2080","PD","HA","IntHigh","2080",453.75466902268
"03100102_10000000_UNNAMED_CREEK",4100,429913,"UNNAMED CREEK","03100102","10000000","STREAM","tbcmp_PD_HA_IntHigh_2080","PD","HA","IntHigh","2080",424.935262647412
"03100102_10000000_UNNAMED_CREEK",5200,6755,"UNNAMED CREEK","03100102","10000000","STREAM","tbcmp_PD_HA_IntHigh_2080","PD","HA","IntHigh","2080",6.67678739462
"03100102_10000000_UNNAMED_CREEK",6110,394420,"UNNAMED CREEK","03100102","10000000","STREAM","tbcmp_PD_HA_IntHigh_2080","PD","HA","IntHigh","2080",389.85321749608
"03100102_10000000_UNNAMED_CREEK",6410,149920,"UNNAMED CREEK","03100102","10000000","STREAM","tbcmp_PD_HA_IntHigh_2080","PD","HA","IntHigh","2080",148.18415487808
"03100102_20000000_WINGATE_CREEK",1100,568700,"WINGATE CREEK","03100102","20000000","STREAM","tbcmp_PD_HA_IntHigh_2080","PD","HA","IntHigh","2080",562.1153206988
"03100102_20000000_WINGATE_CREEK",1200,1926595,"WINGATE CREEK","03100102","20000000","STREAM","tbcmp_PD_HA_IntHigh_2080","PD","HA","IntHigh","2080",1904.28796603078
"03100102_20000000_WINGATE_CREEK",1900,656614,"WINGATE CREEK","03100102","20000000","STREAM","tbcmp_PD_HA_IntHigh_2080","PD","HA","IntHigh","2080",649.011410559736
"03100102_20000000_WINGATE_CREEK",2100,484619,"WINGATE CREEK","03100102","20000000","STREAM","tbcmp_PD_HA_IntHigh_2080","PD","HA","IntHigh","2080",479.007850539356
"03100102_20000000_WINGATE_CREEK",2200,7916,"WINGATE CREEK","03100102","20000000","STREAM","tbcmp_PD_HA_IntHigh_2080","PD","HA","IntHigh","2080",7.824344783984
"03100102_20000000_WINGATE_CREEK",2400,5411,"WINGATE CREEK","03100102","20000000","STREAM","tbcmp_PD_HA_IntHigh_2080","PD","HA","IntHigh","2080",5.348348866364
"03100102_20000000_WINGATE_CREEK",3200,566862,"WINGATE CREEK","03100102","20000000","STREAM","tbcmp_PD_HA_IntHigh_2080","PD","HA","IntHigh","2080",560.298601937688
"03100102_20000000_WINGATE_CREEK",4100,578384,"WINGATE CREEK","03100102","20000000","STREAM","tbcmp_PD_HA_IntHigh_2080","PD","HA","IntHigh","2080",571.687194737216
"03100102_20000000_WINGATE_CREEK",4400,4411,"WINGATE CREEK","03100102","20000000","STREAM","tbcmp_PD_HA_IntHigh_2080","PD","HA","IntHigh","2080",4.359927342364
"03100102_20000000_WINGATE_CREEK",5200,15376,"WINGATE CREEK","03100102","20000000","STREAM","tbcmp_PD_HA_IntHigh_2080","PD","HA","IntHigh","2080",15.197969353024
"03100102_20000000_WINGATE_CREEK",6110,338270,"WINGATE CREEK","03100102","20000000","STREAM","tbcmp_PD_HA_IntHigh_2080","PD","HA","IntHigh","2080",334.35334892348
"03100102_20000000_WINGATE_CREEK",6410,154721,"WINGATE CREEK","03100102","20000000","STREAM","tbcmp_PD_HA_IntHigh_2080","PD","HA","IntHigh","2080",152.929566614804
"03100102_20900000_JOHNSON_CREEK",1100,351451,"JOHNSON CREEK","03100102","20900000","STREAM","tbcmp_PD_HA_IntHigh_2080","PD","HA","IntHigh","2080",347.381733031324
"03100102_20900000_JOHNSON_CREEK",1200,435424,"JOHNSON CREEK","03100102","20900000","STREAM","tbcmp_PD_HA_IntHigh_2080","PD","HA","IntHigh","2080",430.382453666176
"03100102_20900000_JOHNSON_CREEK",1800,138475,"JOHNSON CREEK","03100102","20900000","STREAM","tbcmp_PD_HA_IntHigh_2080","PD","HA","IntHigh","2080",136.8716705359
"03100102_20900000_JOHNSON_CREEK",1900,229473,"JOHNSON CREEK","03100102","20900000","STREAM","tbcmp_PD_HA_IntHigh_2080","PD","HA","IntHigh","2080",226.816052376852
"03100102_20900000_JOHNSON_CREEK",2100,600395,"JOHNSON CREEK","03100102","20900000","STREAM","tbcmp_PD_HA_IntHigh_2080","PD","HA","IntHigh","2080",593.44334090198
"03100102_20900000_JOHNSON_CREEK",3200,540325,"JOHNSON CREEK","03100102","20900000","STREAM","tbcmp_PD_HA_IntHigh_2080","PD","HA","IntHigh","2080",534.0688599553
"03100102_20900000_JOHNSON_CREEK",4100,70643,"JOHNSON CREEK","03100102","20900000","STREAM","tbcmp_PD_HA_IntHigh_2080","PD","HA","IntHigh","2080",69.825061719932
"03100102_20900000_JOHNSON_CREEK",4400,837,"JOHNSON CREEK","03100102","20900000","STREAM","tbcmp_PD_HA_IntHigh_2080","PD","HA","IntHigh","2080",0.827308815588
"03100102_20900000_JOHNSON_CREEK",5200,18175,"JOHNSON CREEK","03100102","20900000","STREAM","tbcmp_PD_HA_IntHigh_2080","PD","HA","IntHigh","2080",17.9645611987
"03100102_20900000_JOHNSON_CREEK",6110,81849,"JOHNSON CREEK","03100102","20900000","STREAM","tbcmp_PD_HA_IntHigh_2080","PD","HA","IntHigh","2080",80.901313317876
"03100102_20900000_JOHNSON_CREEK",6410,314423,"JOHNSON CREEK","03100102","20900000","STREAM","tbcmp_PD_HA_IntHigh_2080","PD","HA","IntHigh","2080",310.782460840652
"03100102_22000000_TAYLOR_CREEK",1100,89613,"TAYLOR CREEK","03100102","22000000","STREAM","tbcmp_PD_HA_IntHigh_2080","PD","HA","IntHigh","2080",88.575418030212
"03100102_22000000_TAYLOR_CREEK",1200,20753,"TAYLOR CREEK","03100102","22000000","STREAM","tbcmp_PD_HA_IntHigh_2080","PD","HA","IntHigh","2080",20.512711887572
"03100102_22000000_TAYLOR_CREEK",1900,70964,"TAYLOR CREEK","03100102","22000000","STREAM","tbcmp_PD_HA_IntHigh_2080","PD","HA","IntHigh","2080",70.142345029136
"03100102_22000000_TAYLOR_CREEK",2100,498792,"TAYLOR CREEK","03100102","22000000","STREAM","tbcmp_PD_HA_IntHigh_2080","PD","HA","IntHigh","2080",493.016748799008
"03100102_22000000_TAYLOR_CREEK",3200,792319,"TAYLOR CREEK","03100102","22000000","STREAM","tbcmp_PD_HA_IntHigh_2080","PD","HA","IntHigh","2080",783.145153474156
"03100102_22000000_TAYLOR_CREEK",4100,166961,"TAYLOR CREEK","03100102","22000000","STREAM","tbcmp_PD_HA_IntHigh_2080","PD","HA","IntHigh","2080",165.027846068564
"03100102_22000000_TAYLOR_CREEK",5200,7460,"TAYLOR CREEK","03100102","22000000","STREAM","tbcmp_PD_HA_IntHigh_2080","PD","HA","IntHigh","2080",7.37362456904
"03100102_22000000_TAYLOR_CREEK",6110,32759,"TAYLOR CREEK","03100102","22000000","STREAM","tbcmp_PD_HA_IntHigh_2080","PD","HA","IntHigh","2080",32.379700704716
"03100102_22000000_TAYLOR_CREEK",6410,57374,"TAYLOR CREEK","03100102","22000000","STREAM","tbcmp_PD_HA_IntHigh_2080","PD","HA","IntHigh","2080",56.709696517976
"03100102_24000000_YOUNG_CREEK",1100,596359,"YOUNG CREEK","03100102","24000000","STREAM","tbcmp_PD_HA_IntHigh_2080","PD","HA","IntHigh","2080",589.454071631116
"03100102_24000000_YOUNG_CREEK",1200,456062,"YOUNG CREEK","03100102","24000000","STREAM","tbcmp_PD_HA_IntHigh_2080","PD","HA","IntHigh","2080",450.781497078488
"03100102_24000000_YOUNG_CREEK",1900,208854,"YOUNG CREEK","03100102","24000000","STREAM","tbcmp_PD_HA_IntHigh_2080","PD","HA","IntHigh","2080",206.435788973496
"03100102_24000000_YOUNG_CREEK",2100,888490,"YOUNG CREEK","03100102","24000000","STREAM","tbcmp_PD_HA_IntHigh_2080","PD","HA","IntHigh","2080",878.20263985876
"03100102_24000000_YOUNG_CREEK",2200,221530,"YOUNG CREEK","03100102","24000000","STREAM","tbcmp_PD_HA_IntHigh_2080","PD","HA","IntHigh","2080",218.96502021172
"03100102_24000000_YOUNG_CREEK",2400,23665,"YOUNG CREEK","03100102","24000000","STREAM","tbcmp_PD_HA_IntHigh_2080","PD","HA","IntHigh","2080",23.39099536546
"03100102_24000000_YOUNG_CREEK",3200,174012,"YOUNG CREEK","03100102","24000000","STREAM","tbcmp_PD_HA_IntHigh_2080","PD","HA","IntHigh","2080",171.997206234288
"03100102_24000000_YOUNG_CREEK",4100,457373,"YOUNG CREEK","03100102","24000000","STREAM","tbcmp_PD_HA_IntHigh_2080","PD","HA","IntHigh","2080",452.077317696452
"03100102_24000000_YOUNG_CREEK",5200,34009,"YOUNG CREEK","03100102","24000000","STREAM","tbcmp_PD_HA_IntHigh_2080","PD","HA","IntHigh","2080",33.615227609716
"03100102_24000000_YOUNG_CREEK",6110,329808,"YOUNG CREEK","03100102","24000000","STREAM","tbcmp_PD_HA_IntHigh_2080","PD","HA","IntHigh","2080",325.989325987392
"03100102_24000000_YOUNG_CREEK",6410,315746,"YOUNG CREEK","03100102","24000000","STREAM","tbcmp_PD_HA_IntHigh_2080","PD","HA","IntHigh","2080",312.090142516904
"03100102_30000000_LONG_CREEK",1100,101232,"LONG CREEK","03100102","30000000","STREAM","tbcmp_PD_HA_IntHigh_2080","PD","HA","IntHigh","2080",100.059887717568
"03100102_30000000_LONG_CREEK",1200,9110,"LONG CREEK","03100102","30000000","STREAM","tbcmp_PD_HA_IntHigh_2080","PD","HA","IntHigh","2080",9.00452008364
"03100102_30000000_LONG_CREEK",1900,116504,"LONG CREEK","03100102","30000000","STREAM","tbcmp_PD_HA_IntHigh_2080","PD","HA","IntHigh","2080",115.155061232096
"03100102_30000000_LONG_CREEK",2100,2081853,"LONG CREEK","03100102","30000000","STREAM","tbcmp_PD_HA_IntHigh_2080","PD","HA","IntHigh","2080",2057.74831500397
"03100102_30000000_LONG_CREEK",2200,716168,"LONG CREEK","03100102","30000000","STREAM","tbcmp_PD_HA_IntHigh_2080","PD","HA","IntHigh","2080",707.875866000032
"03100102_30000000_LONG_CREEK",2400,17140,"LONG CREEK","03100102","30000000","STREAM","tbcmp_PD_HA_IntHigh_2080","PD","HA","IntHigh","2080",16.94154492136
"03100102_30000000_LONG_CREEK",3200,239742,"LONG CREEK","03100102","30000000","STREAM","tbcmp_PD_HA_IntHigh_2080","PD","HA","IntHigh","2080",236.966153006808
"03100102_30000000_LONG_CREEK",4100,384030,"LONG CREEK","03100102","30000000","STREAM","tbcmp_PD_HA_IntHigh_2080","PD","HA","IntHigh","2080",379.58351786172
"03100102_30000000_LONG_CREEK",4400,10757,"LONG CREEK","03100102","30000000","STREAM","tbcmp_PD_HA_IntHigh_2080","PD","HA","IntHigh","2080",10.632450333668
"03100102_30000000_LONG_CREEK",5200,13591,"LONG CREEK","03100102","30000000","STREAM","tbcmp_PD_HA_IntHigh_2080","PD","HA","IntHigh","2080",13.433636932684
"03100102_30000000_LONG_CREEK",6110,312004,"LONG CREEK","03100102","30000000","STREAM","tbcmp_PD_HA_IntHigh_2080","PD","HA","IntHigh","2080",308.391469174096
"03100102_30000000_LONG_CREEK",6410,355302,"LONG CREEK","03100102","30000000","STREAM","tbcmp_PD_HA_IntHigh_2080","PD","HA","IntHigh","2080",351.188144320248
"03100102_32000000_MAPLE_CREEK",1100,8785,"MAPLE CREEK","03100102","32000000","STREAM","tbcmp_PD_HA_IntHigh_2080","PD","HA","IntHigh","2080",8.68328308834
"03100102_32000000_MAPLE_CREEK",1200,5616,"MAPLE CREEK","03100102","32000000","STREAM","tbcmp_PD_HA_IntHigh_2080","PD","HA","IntHigh","2080",5.550975278784
"03100102_32000000_MAPLE_CREEK",1900,103211,"MAPLE CREEK","03100102","32000000","STREAM","tbcmp_PD_HA_IntHigh_2080","PD","HA","IntHigh","2080",102.015973913564
"03100102_32000000_MAPLE_CREEK",2100,986075,"MAPLE CREEK","03100102","32000000","STREAM","tbcmp_PD_HA_IntHigh_2080","PD","HA","IntHigh","2080",974.6577542783
"03100102_32000000_MAPLE_CREEK",2200,835677,"MAPLE CREEK","03100102","32000000","STREAM","tbcmp_PD_HA_IntHigh_2080","PD","HA","IntHigh","2080",826.001133911748
"03100102_32000000_MAPLE_CREEK",2400,23665,"MAPLE CREEK","03100102","32000000","STREAM","tbcmp_PD_HA_IntHigh_2080","PD","HA","IntHigh","2080",23.39099536546
"03100102_32000000_MAPLE_CREEK",3200,117319,"MAPLE CREEK","03100102","32000000","STREAM","tbcmp_PD_HA_IntHigh_2080","PD","HA","IntHigh","2080",115.960624774156
"03100102_32000000_MAPLE_CREEK",4100,385865,"MAPLE CREEK","03100102","32000000","STREAM","tbcmp_PD_HA_IntHigh_2080","PD","HA","IntHigh","2080",381.39727135826
"03100102_32000000_MAPLE_CREEK",5200,1963,"MAPLE CREEK","03100102","32000000","STREAM","tbcmp_PD_HA_IntHigh_2080","PD","HA","IntHigh","2080",1.940271451612
"03100102_32000000_MAPLE_CREEK",6110,310614,"MAPLE CREEK","03100102","32000000","STREAM","tbcmp_PD_HA_IntHigh_2080","PD","HA","IntHigh","2080",307.017563255736
"03100102_32000000_MAPLE_CREEK",6410,105218,"MAPLE CREEK","03100102","32000000","STREAM","tbcmp_PD_HA_IntHigh_2080","PD","HA","IntHigh","2080",103.999735912232
"03100102_35000000_OGLEBAY_CREEK",1100,724142,"OGLEBAY CREEK","03100102","35000000","STREAM","tbcmp_PD_HA_IntHigh_2080","PD","HA","IntHigh","2080",715.757539232408
"03100102_35000000_OGLEBAY_CREEK",1200,123336,"OGLEBAY CREEK","03100102","35000000","STREAM","tbcmp_PD_HA_IntHigh_2080","PD","HA","IntHigh","2080",121.907957084064
"03100102_35000000_OGLEBAY_CREEK",1900,350752,"OGLEBAY CREEK","03100102","35000000","STREAM","tbcmp_PD_HA_IntHigh_2080","PD","HA","IntHigh","2080",346.690826386048
"03100102_35000000_OGLEBAY_CREEK",2100,3373649,"OGLEBAY CREEK","03100102","35000000","STREAM","tbcmp_PD_HA_IntHigh_2080","PD","HA","IntHigh","2080",3334.58728602108
"03100102_35000000_OGLEBAY_CREEK",2200,9818,"OGLEBAY CREEK","03100102","35000000","STREAM","tbcmp_PD_HA_IntHigh_2080","PD","HA","IntHigh","2080",9.704322522632
"03100102_35000000_OGLEBAY_CREEK",2400,12454,"OGLEBAY CREEK","03100102","35000000","STREAM","tbcmp_PD_HA_IntHigh_2080","PD","HA","IntHigh","2080",12.309801659896
"03100102_35000000_OGLEBAY_CREEK",3200,1090382,"OGLEBAY CREEK","03100102","35000000","STREAM","tbcmp_PD_HA_IntHigh_2080","PD","HA","IntHigh","2080",1077.75703818217
"03100102_35000000_OGLEBAY_CREEK",4100,1751317,"OGLEBAY CREEK","03100102","35000000","STREAM","tbcmp_PD_HA_IntHigh_2080","PD","HA","IntHigh","2080",1731.03941814711
"03100102_35000000_OGLEBAY_CREEK",5200,53857,"OGLEBAY CREEK","03100102","35000000","STREAM","tbcmp_PD_HA_IntHigh_2080","PD","HA","IntHigh","2080",53.233418018068
"03100102_35000000_OGLEBAY_CREEK",6110,1097005,"OGLEBAY CREEK","03100102","35000000","STREAM","tbcmp_PD_HA_IntHigh_2080","PD","HA","IntHigh","2080",1084.30335393562
"03100102_35000000_OGLEBAY_CREEK",6410,945882,"OGLEBAY CREEK","03100102","35000000","STREAM","tbcmp_PD_HA_IntHigh_2080","PD","HA","IntHigh","2080",934.930127964168
"03100102_35200000_UNNAMED_DITCH",1100,1243400,"UNNAMED DITCH","03100102","35200000","DITCH","tbcmp_PD_HA_IntHigh_2080","PD","HA","IntHigh","2080",1229.0033229416
"03100102_35200000_UNNAMED_DITCH",1200,113269,"UNNAMED DITCH","03100102","35200000","DITCH","tbcmp_PD_HA_IntHigh_2080","PD","HA","IntHigh","2080",111.957517601956
"03100102_35200000_UNNAMED_DITCH",1900,193046,"UNNAMED DITCH","03100102","35200000","DITCH","tbcmp_PD_HA_IntHigh_2080","PD","HA","IntHigh","2080",190.810821522104
"03100102_35200000_UNNAMED_DITCH",2100,1328047,"UNNAMED DITCH","03100102","35200000","DITCH","tbcmp_PD_HA_IntHigh_2080","PD","HA","IntHigh","2080",1312.67023968363
"03100102_35200000_UNNAMED_DITCH",2400,65058,"UNNAMED DITCH","03100102","35200000","DITCH","tbcmp_PD_HA_IntHigh_2080","PD","HA","IntHigh","2080",64.304727508392
"03100102_35200000_UNNAMED_DITCH",3200,587361,"UNNAMED DITCH","03100102","35200000","DITCH","tbcmp_PD_HA_IntHigh_2080","PD","HA","IntHigh","2080",580.560254758164
"03100102_35200000_UNNAMED_DITCH",4100,615573,"UNNAMED DITCH","03100102","35200000","DITCH","tbcmp_PD_HA_IntHigh_2080","PD","HA","IntHigh","2080",608.445602793252
"03100102_35200000_UNNAMED_DITCH",5200,41597,"UNNAMED DITCH","03100102","35200000","DITCH","tbcmp_PD_HA_IntHigh_2080","PD","HA","IntHigh","2080",41.115370133828
"03100102_35200000_UNNAMED_DITCH",6110,367380,"UNNAMED DITCH","03100102","35200000","DITCH","tbcmp_PD_HA_IntHigh_2080","PD","HA","IntHigh","2080",363.12629948712
"03100102_35200000_UNNAMED_DITCH",6410,1007897,"UNNAMED DITCH","03100102","35200000","DITCH","tbcmp_PD_HA_IntHigh_2080","PD","HA","IntHigh","2080",996.227088775028
"03100102_35500000_BOGGY_CREEK",1900,62934,"BOGGY CREEK","03100102","35500000","DRAIN","tbcmp_PD_HA_IntHigh_2080","PD","HA","IntHigh","2080",62.205320191416
"03100102_35500000_BOGGY_CREEK",2100,784555,"BOGGY CREEK","03100102","35500000","DRAIN","tbcmp_PD_HA_IntHigh_2080","PD","HA","IntHigh","2080",775.47104876182
"03100102_35500000_BOGGY_CREEK",3200,84778,"BOGGY CREEK","03100102","35500000","DRAIN","tbcmp_PD_HA_IntHigh_2080","PD","HA","IntHigh","2080",83.796399961672
"03100102_35500000_BOGGY_CREEK",4100,80814,"BOGGY CREEK","03100102","35500000","DRAIN","tbcmp_PD_HA_IntHigh_2080","PD","HA","IntHigh","2080",79.878297040536
"03100102_35500000_BOGGY_CREEK",6110,124233,"BOGGY CREEK","03100102","35500000","DRAIN","tbcmp_PD_HA_IntHigh_2080","PD","HA","IntHigh","2080",122.794571191092
"03100102_35500000_BOGGY_CREEK",6410,94211,"BOGGY CREEK","03100102","35500000","DRAIN","tbcmp_PD_HA_IntHigh_2080","PD","HA","IntHigh","2080",93.120180197564
"03100102_35600000_COKER_CREEK",1200,1305,"COKER CREEK","03100102","35600000","STREAM","tbcmp_PD_HA_IntHigh_2080","PD","HA","IntHigh","2080",1.28989008882
"03100102_35600000_COKER_CREEK",1900,143932,"COKER CREEK","03100102","35600000","STREAM","tbcmp_PD_HA_IntHigh_2080","PD","HA","IntHigh","2080",142.265486792368
"03100102_35600000_COKER_CREEK",2100,2044842,"COKER CREEK","03100102","35600000","STREAM","tbcmp_PD_HA_IntHigh_2080","PD","HA","IntHigh","2080",2021.16584597921
"03100102_35600000_COKER_CREEK",3200,706060,"COKER CREEK","03100102","35600000","STREAM","tbcmp_PD_HA_IntHigh_2080","PD","HA","IntHigh","2080",697.88490123544
"03100102_35600000_COKER_CREEK",4100,573705,"COKER CREEK","03100102","35600000","STREAM","tbcmp_PD_HA_IntHigh_2080","PD","HA","IntHigh","2080",567.06237042642
"03100102_35600000_COKER_CREEK",4400,50933,"COKER CREEK","03100102","35600000","STREAM","tbcmp_PD_HA_IntHigh_2080","PD","HA","IntHigh","2080",50.343273481892
"03100102_35600000_COKER_CREEK",5200,4692,"COKER CREEK","03100102","35600000","STREAM","tbcmp_PD_HA_IntHigh_2080","PD","HA","IntHigh","2080",4.637673790608
"03100102_35600000_COKER_CREEK",6110,345618,"COKER CREEK","03100102","35600000","STREAM","tbcmp_PD_HA_IntHigh_2080","PD","HA","IntHigh","2080",341.616270281832
"03100102_35600000_COKER_CREEK",6410,470197,"COKER CREEK","03100102","35600000","STREAM","tbcmp_PD_HA_IntHigh_2080","PD","HA","IntHigh","2080",464.752835320228
"03100102_35800000_SAND_SLOUGH",1100,10830,"SAND SLOUGH","03100102","35800000","DRAIN","tbcmp_PD_HA_IntHigh_2080","PD","HA","IntHigh","2080",10.70460510492
"03100102_35800000_SAND_SLOUGH",1900,58305,"SAND SLOUGH","03100102","35800000","DRAIN","tbcmp_PD_HA_IntHigh_2080","PD","HA","IntHigh","2080",57.62991695682
"03100102_35800000_SAND_SLOUGH",2100,201836,"SAND SLOUGH","03100102","35800000","DRAIN","tbcmp_PD_HA_IntHigh_2080","PD","HA","IntHigh","2080",199.499046718064
"03100102_35800000_SAND_SLOUGH",2200,202746,"SAND SLOUGH","03100102","35800000","DRAIN","tbcmp_PD_HA_IntHigh_2080","PD","HA","IntHigh","2080",200.398510304904
"03100102_35800000_SAND_SLOUGH",3200,322343,"SAND SLOUGH","03100102","35800000","DRAIN","tbcmp_PD_HA_IntHigh_2080","PD","HA","IntHigh","2080",318.610759310732
"03100102_35800000_SAND_SLOUGH",4100,105835,"SAND SLOUGH","03100102","35800000","DRAIN","tbcmp_PD_HA_IntHigh_2080","PD","HA","IntHigh","2080",104.60959199254
"03100102_35800000_SAND_SLOUGH",5200,7915,"SAND SLOUGH","03100102","35800000","DRAIN","tbcmp_PD_HA_IntHigh_2080","PD","HA","IntHigh","2080",7.82335636246
"03100102_35800000_SAND_SLOUGH",6110,216505,"SAND SLOUGH","03100102","35800000","DRAIN","tbcmp_PD_HA_IntHigh_2080","PD","HA","IntHigh","2080",213.99820205362
"03100102_35800000_SAND_SLOUGH",6410,94149,"SAND SLOUGH","03100102","35800000","DRAIN","tbcmp_PD_HA_IntHigh_2080","PD","HA","IntHigh","2080",93.058898063076
"03100102_38000000_OWEN_CREEK",1100,68531,"OWEN CREEK","03100102","38000000","STREAM","tbcmp_PD_HA_IntHigh_2080","PD","HA","IntHigh","2080",67.737515461244
"03100102_38000000_OWEN_CREEK",1200,71882,"OWEN CREEK","03100102","38000000","STREAM","tbcmp_PD_HA_IntHigh_2080","PD","HA","IntHigh","2080",71.049715988168
"03100102_38000000_OWEN_CREEK",1900,115818,"OWEN CREEK","03100102","38000000","STREAM","tbcmp_PD_HA_IntHigh_2080","PD","HA","IntHigh","2080",114.477004066632
"03100102_38000000_OWEN_CREEK",2100,5900337,"OWEN CREEK","03100102","38000000","STREAM","tbcmp_PD_HA_IntHigh_2080","PD","HA","IntHigh","2080",5832.02008965359
"03100102_38000000_OWEN_CREEK",2200,78012,"OWEN CREEK","03100102","38000000","STREAM","tbcmp_PD_HA_IntHigh_2080","PD","HA","IntHigh","2080",77.108739930288
"03100102_38000000_OWEN_CREEK",2400,4892,"OWEN CREEK","03100102","38000000","STREAM","tbcmp_PD_HA_IntHigh_2080","PD","HA","IntHigh","2080",4.835358095408
"03100102_38000000_OWEN_CREEK",3200,678832,"OWEN CREEK","03100102","38000000","STREAM","tbcmp_PD_HA_IntHigh_2080","PD","HA","IntHigh","2080",670.972159979968
"03100102_38000000_OWEN_CREEK",4100,1280338,"OWEN CREEK","03100102","38000000","STREAM","tbcmp_PD_HA_IntHigh_2080","PD","HA","IntHigh","2080",1265.51363719511
"03100102_38000000_OWEN_CREEK",4400,83892,"OWEN CREEK","03100102","38000000","STREAM","tbcmp_PD_HA_IntHigh_2080","PD","HA","IntHigh","2080",82.920658491408
"03100102_38000000_OWEN_CREEK",5200,57497,"OWEN CREEK","03100102","38000000","STREAM","tbcmp_PD_HA_IntHigh_2080","PD","HA","IntHigh","2080",56.831272365428
"03100102_38000000_OWEN_CREEK",6110,848999,"OWEN CREEK","03100102","38000000","STREAM","tbcmp_PD_HA_IntHigh_2080","PD","HA","IntHigh","2080",839.168885454476
"03100102_38000000_OWEN_CREEK",6410,530968,"OWEN CREEK","03100102","38000000","STREAM","tbcmp_PD_HA_IntHigh_2080","PD","HA","IntHigh","2080",524.820199755232
"03100102_38400000_UNN_DRAIN",1900,4943,"UNN DRAIN","03100102","38400000","DRAIN","tbcmp_PD_HA_IntHigh_2080","PD","HA","IntHigh","2080",4.885767593132
"03100102_38400000_UNN_DRAIN",2100,1006317,"UNN DRAIN","03100102","38400000","DRAIN","tbcmp_PD_HA_IntHigh_2080","PD","HA","IntHigh","2080",994.665382767108
"03100102_38400000_UNN_DRAIN",3200,184292,"UNN DRAIN","03100102","38400000","DRAIN","tbcmp_PD_HA_IntHigh_2080","PD","HA","IntHigh","2080",182.158179501008
"03100102_38400000_UNN_DRAIN",4100,208967,"UNN DRAIN","03100102","38400000","DRAIN","tbcmp_PD_HA_IntHigh_2080","PD","HA","IntHigh","2080",206.547480605708
"03100102_38400000_UNN_DRAIN",5200,1271,"UNN DRAIN","03100102","38400000","DRAIN","tbcmp_PD_HA_IntHigh_2080","PD","HA","IntHigh","2080",1.256283757004
"03100102_38400000_UNN_DRAIN",6110,53110,"UNN DRAIN","03100102","38400000","DRAIN","tbcmp_PD_HA_IntHigh_2080","PD","HA","IntHigh","2080",52.49506713964
"03100102_38400000_UNN_DRAIN",6410,154255,"UNN DRAIN","03100102","38400000","DRAIN","tbcmp_PD_HA_IntHigh_2080","PD","HA","IntHigh","2080",152.46896218462
"03100102_38500000_OWEN_BRANCH",1100,9543,"OWEN BRANCH","03100102","38500000","STREAM","tbcmp_PD_HA_IntHigh_2080","PD","HA","IntHigh","2080",9.432506603532
"03100102_38500000_OWEN_BRANCH",1900,44117,"OWEN BRANCH","03100102","38500000","STREAM","tbcmp_PD_HA_IntHigh_2080","PD","HA","IntHigh","2080",43.606192374308
"03100102_38500000_OWEN_BRANCH",2100,2511192,"OWEN BRANCH","03100102","38500000","STREAM","tbcmp_PD_HA_IntHigh_2080","PD","HA","IntHigh","2080",2482.11622369661
"03100102_38500000_OWEN_BRANCH",2200,694326,"OWEN BRANCH","03100102","38500000","STREAM","tbcmp_PD_HA_IntHigh_2080","PD","HA","IntHigh","2080",686.286763072824
"03100102_38500000_OWEN_BRANCH",3200,461283,"OWEN BRANCH","03100102","38500000","STREAM","tbcmp_PD_HA_IntHigh_2080","PD","HA","IntHigh","2080",455.942045855292
"03100102_38500000_OWEN_BRANCH",4100,877369,"OWEN BRANCH","03100102","38500000","STREAM","tbcmp_PD_HA_IntHigh_2080","PD","HA","IntHigh","2080",867.210404090356
"03100102_38500000_OWEN_BRANCH",4400,59998,"OWEN BRANCH","03100102","38500000","STREAM","tbcmp_PD_HA_IntHigh_2080","PD","HA","IntHigh","2080",59.303314596952
"03100102_38500000_OWEN_BRANCH",5200,5413,"OWEN BRANCH","03100102","38500000","STREAM","tbcmp_PD_HA_IntHigh_2080","PD","HA","IntHigh","2080",5.350325709412
"03100102_38500000_OWEN_BRANCH",6110,350934,"OWEN BRANCH","03100102","38500000","STREAM","tbcmp_PD_HA_IntHigh_2080","PD","HA","IntHigh","2080",346.870719103416
"03100102_38500000_OWEN_BRANCH",6410,399656,"OWEN BRANCH","03100102","38500000","STREAM","tbcmp_PD_HA_IntHigh_2080","PD","HA","IntHigh","2080",395.028592595744
"03100102_38700000_SAND_BRANCH",1100,1257,"SAND BRANCH","03100102","38700000","DITCH","tbcmp_PD_HA_IntHigh_2080","PD","HA","IntHigh","2080",1.242445855668
"03100102_38700000_SAND_BRANCH",1200,14786,"SAND BRANCH","03100102","38700000","DITCH","tbcmp_PD_HA_IntHigh_2080","PD","HA","IntHigh","2080",14.614800653864
"03100102_38700000_SAND_BRANCH",1900,42007,"SAND BRANCH","03100102","38700000","DITCH","tbcmp_PD_HA_IntHigh_2080","PD","HA","IntHigh","2080",41.520622958668
"03100102_38700000_SAND_BRANCH",2100,2280613,"SAND BRANCH","03100102","38700000","DITCH","tbcmp_PD_HA_IntHigh_2080","PD","HA","IntHigh","2080",2254.20697711421
"03100102_38700000_SAND_BRANCH",3200,129545,"SAND BRANCH","03100102","38700000","DITCH","tbcmp_PD_HA_IntHigh_2080","PD","HA","IntHigh","2080",128.04506632658
"03100102_38700000_SAND_BRANCH",4100,15046,"SAND BRANCH","03100102","38700000","DITCH","tbcmp_PD_HA_IntHigh_2080","PD","HA","IntHigh","2080",14.871790250104
"03100102_38700000_SAND_BRANCH",5200,3333,"SAND BRANCH","03100102","38700000","DITCH","tbcmp_PD_HA_IntHigh_2080","PD","HA","IntHigh","2080",3.294408939492
"03100102_38700000_SAND_BRANCH",6110,81251,"SAND BRANCH","03100102","38700000","DITCH","tbcmp_PD_HA_IntHigh_2080","PD","HA","IntHigh","2080",80.310237246524
"03100102_38700000_SAND_BRANCH",6410,338775,"SAND BRANCH","03100102","38700000","DITCH","tbcmp_PD_HA_IntHigh_2080","PD","HA","IntHigh","2080",334.8525017931
"03100102_42000000_UNN_DITCH",1900,9332,"UNN DITCH","03100102","42000000","DITCH","tbcmp_PD_HA_IntHigh_2080","PD","HA","IntHigh","2080",9.223949661968
"03100102_42000000_UNN_DITCH",2100,1109531,"UNN DITCH","03100102","42000000","DITCH","tbcmp_PD_HA_IntHigh_2080","PD","HA","IntHigh","2080",1096.68432194524
"03100102_42000000_UNN_DITCH",3200,115716,"UNN DITCH","03100102","42000000","DITCH","tbcmp_PD_HA_IntHigh_2080","PD","HA","IntHigh","2080",114.376185071184
"03100102_42000000_UNN_DITCH",4100,78343,"UNN DITCH","03100102","42000000","DITCH","tbcmp_PD_HA_IntHigh_2080","PD","HA","IntHigh","2080",77.435907454732
"03100102_42000000_UNN_DITCH",5200,202,"UNN DITCH","03100102","42000000","DITCH","tbcmp_PD_HA_IntHigh_2080","PD","HA","IntHigh","2080",0.199661147848
"03100102_42000000_UNN_DITCH",6110,17929,"UNN DITCH","03100102","42000000","DITCH","tbcmp_PD_HA_IntHigh_2080","PD","HA","IntHigh","2080",17.721409503796
"03100102_42000000_UNN_DITCH",6410,170765,"UNN DITCH","03100102","42000000","DITCH","tbcmp_PD_HA_IntHigh_2080","PD","HA","IntHigh","2080",168.78780154586
"03100102_48000000_SARDIS_BRANCH",1100,518526,"SARDIS BRANCH","03100102","48000000","STREAM","tbcmp_PD_HA_IntHigh_2080","PD","HA","IntHigh","2080",512.522259153624
"03100102_48000000_SARDIS_BRANCH",1200,16896,"SARDIS BRANCH","03100102","48000000","STREAM","tbcmp_PD_HA_IntHigh_2080","PD","HA","IntHigh","2080",16.700370069504
"03100102_48000000_SARDIS_BRANCH",1900,79304,"SARDIS BRANCH","03100102","48000000","STREAM","tbcmp_PD_HA_IntHigh_2080","PD","HA","IntHigh","2080",78.385780539296
"03100102_48000000_SARDIS_BRANCH",2100,1487232,"SARDIS BRANCH","03100102","48000000","STREAM","tbcmp_PD_HA_IntHigh_2080","PD","HA","IntHigh","2080",1470.01211998157
"03100102_48000000_SARDIS_BRANCH",2400,106970,"SARDIS BRANCH","03100102","48000000","STREAM","tbcmp_PD_HA_IntHigh_2080","PD","HA","IntHigh","2080",105.73145042228
"03100102_48000000_SARDIS_BRANCH",3200,26187,"SARDIS BRANCH","03100102","48000000","STREAM","tbcmp_PD_HA_IntHigh_2080","PD","HA","IntHigh","2080",25.883794448988
"03100102_48000000_SARDIS_BRANCH",4100,35919,"SARDIS BRANCH","03100102","48000000","STREAM","tbcmp_PD_HA_IntHigh_2080","PD","HA","IntHigh","2080",35.503112720556
"03100102_48000000_SARDIS_BRANCH",5200,3493,"SARDIS BRANCH","03100102","48000000","STREAM","tbcmp_PD_HA_IntHigh_2080","PD","HA","IntHigh","2080",3.452556383332
"03100102_48000000_SARDIS_BRANCH",6110,110870,"SARDIS BRANCH","03100102","48000000","STREAM","tbcmp_PD_HA_IntHigh_2080","PD","HA","IntHigh","2080",109.58629436588
"03100102_48000000_SARDIS_BRANCH",6410,186781,"SARDIS BRANCH","03100102","48000000","STREAM","tbcmp_PD_HA_IntHigh_2080","PD","HA","IntHigh","2080",184.618360674244
"03100102_50000000_TATUM_SAWGRASS_SLOUGH",1100,1305638,"TATUM SAWGRASS SLOUGH","03100102","50000000","SLOUGH","tbcmp_PD_HA_IntHigh_2080","PD","HA","IntHigh","2080",1290.52070175231
"03100102_50000000_TATUM_SAWGRASS_SLOUGH",1200,30702,"TATUM SAWGRASS SLOUGH","03100102","50000000","SLOUGH","tbcmp_PD_HA_IntHigh_2080","PD","HA","IntHigh","2080",30.346517629848
"03100102_50000000_TATUM_SAWGRASS_SLOUGH",1900,141982,"TATUM SAWGRASS SLOUGH","03100102","50000000","SLOUGH","tbcmp_PD_HA_IntHigh_2080","PD","HA","IntHigh","2080",140.338064820568
"03100102_50000000_TATUM_SAWGRASS_SLOUGH",2100,3550766,"TATUM SAWGRASS SLOUGH","03100102","50000000","SLOUGH","tbcmp_PD_HA_IntHigh_2080","PD","HA","IntHigh","2080",3509.65354108738
"03100102_50000000_TATUM_SAWGRASS_SLOUGH",2200,443214,"TATUM SAWGRASS SLOUGH","03100102","50000000","SLOUGH","tbcmp_PD_HA_IntHigh_2080","PD","HA","IntHigh","2080",438.082257338136
"03100102_50000000_TATUM_SAWGRASS_SLOUGH",2400,102328,"TATUM SAWGRASS SLOUGH","03100102","50000000","SLOUGH","tbcmp_PD_HA_IntHigh_2080","PD","HA","IntHigh","2080",101.143197707872
"03100102_50000000_TATUM_SAWGRASS_SLOUGH",3200,399706,"TATUM SAWGRASS SLOUGH","03100102","50000000","SLOUGH","tbcmp_PD_HA_IntHigh_2080","PD","HA","IntHigh","2080",395.078013671944
"03100102_50000000_TATUM_SAWGRASS_SLOUGH",4100,375658,"TATUM SAWGRASS SLOUGH","03100102","50000000","SLOUGH","tbcmp_PD_HA_IntHigh_2080","PD","HA","IntHigh","2080",371.308452862792
"03100102_50000000_TATUM_SAWGRASS_SLOUGH",4400,28972,"TATUM SAWGRASS SLOUGH","03100102","50000000","SLOUGH","tbcmp_PD_HA_IntHigh_2080","PD","HA","IntHigh","2080",28.636548393328
"03100102_50000000_TATUM_SAWGRASS_SLOUGH",5200,1040516,"TATUM SAWGRASS SLOUGH","03100102","50000000","SLOUGH","tbcmp_PD_HA_IntHigh_2080","PD","HA","IntHigh","2080",1028.46841046638
"03100102_50000000_TATUM_SAWGRASS_SLOUGH",6110,832025,"TATUM SAWGRASS SLOUGH","03100102","50000000","SLOUGH","tbcmp_PD_HA_IntHigh_2080","PD","HA","IntHigh","2080",822.3914185061
"03100102_50000000_TATUM_SAWGRASS_SLOUGH",6410,1563579,"TATUM SAWGRASS SLOUGH","03100102","50000000","SLOUGH","tbcmp_PD_HA_IntHigh_2080","PD","HA","IntHigh","2080",1545.4751380744
"03100102_53000000_CLAY_GULLY",2100,143,"CLAY GULLY","03100102","53000000","STREAM","tbcmp_PD_HA_IntHigh_2080","PD","HA","IntHigh","2080",0.141344277932
"03100102_53000000_CLAY_GULLY",3200,47468,"CLAY GULLY","03100102","53000000","STREAM","tbcmp_PD_HA_IntHigh_2080","PD","HA","IntHigh","2080",46.918392901232
"03100102_53000000_CLAY_GULLY",4100,13180,"CLAY GULLY","03100102","53000000","STREAM","tbcmp_PD_HA_IntHigh_2080","PD","HA","IntHigh","2080",13.02739568632
"03100102_53000000_CLAY_GULLY",6110,260138,"CLAY GULLY","03100102","53000000","STREAM","tbcmp_PD_HA_IntHigh_2080","PD","HA","IntHigh","2080",257.125998410312
"03100102_53000000_CLAY_GULLY",6410,74931,"CLAY GULLY","03100102","53000000","STREAM","tbcmp_PD_HA_IntHigh_2080","PD","HA","IntHigh","2080",74.063413214844
"03100102_55000000_HOWARD_CREEK",1100,1228201,"HOWARD CREEK","03100102","55000000","STREAM","tbcmp_PD_HA_IntHigh_2080","PD","HA","IntHigh","2080",1213.98030419832
"03100102_55000000_HOWARD_CREEK",1200,204959,"HOWARD CREEK","03100102","55000000","STREAM","tbcmp_PD_HA_IntHigh_2080","PD","HA","IntHigh","2080",202.585887137516
"03100102_55000000_HOWARD_CREEK",1800,1842,"HOWARD CREEK","03100102","55000000","STREAM","tbcmp_PD_HA_IntHigh_2080","PD","HA","IntHigh","2080",1.820672447208
"03100102_55000000_HOWARD_CREEK",1820,2010,"HOWARD CREEK","03100102","55000000","STREAM","tbcmp_PD_HA_IntHigh_2080","PD","HA","IntHigh","2080",1.98672726324
"03100102_55000000_HOWARD_CREEK",1900,412459,"HOWARD CREEK","03100102","55000000","STREAM","tbcmp_PD_HA_IntHigh_2080","PD","HA","IntHigh","2080",407.683353367516
"03100102_55000000_HOWARD_CREEK",2100,3514365,"HOWARD CREEK","03100102","55000000","STREAM","tbcmp_PD_HA_IntHigh_2080","PD","HA","IntHigh","2080",3473.67400919226
"03100102_55000000_HOWARD_CREEK",2200,264431,"HOWARD CREEK","03100102","55000000","STREAM","tbcmp_PD_HA_IntHigh_2080","PD","HA","IntHigh","2080",261.369292012844
"03100102_55000000_HOWARD_CREEK",2400,638883,"HOWARD CREEK","03100102","55000000","STREAM","tbcmp_PD_HA_IntHigh_2080","PD","HA","IntHigh","2080",631.485708517692
"03100102_55000000_HOWARD_CREEK",3200,287050,"HOWARD CREEK","03100102","55000000","STREAM","tbcmp_PD_HA_IntHigh_2080","PD","HA","IntHigh","2080",283.7263984642
"03100102_55000000_HOWARD_CREEK",4100,837555,"HOWARD CREEK","03100102","55000000","STREAM","tbcmp_PD_HA_IntHigh_2080","PD","HA","IntHigh","2080",827.85738953382
"03100102_55000000_HOWARD_CREEK",5200,162097,"HOWARD CREEK","03100102","55000000","STREAM","tbcmp_PD_HA_IntHigh_2080","PD","HA","IntHigh","2080",160.220163775828
"03100102_55000000_HOWARD_CREEK",6110,554221,"HOWARD CREEK","03100102","55000000","STREAM","tbcmp_PD_HA_IntHigh_2080","PD","HA","IntHigh","2080",547.803965452804
"03100102_55000000_HOWARD_CREEK",6410,1220989,"HOWARD CREEK","03100102","55000000","STREAM","tbcmp_PD_HA_IntHigh_2080","PD","HA","IntHigh","2080",1206.85180816724
"03100102_55400000_INDIAN_CREEK",1100,674289,"INDIAN CREEK","03100102","55400000","STREAM","tbcmp_PD_HA_IntHigh_2080","PD","HA","IntHigh","2080",666.481760996436
"03100102_55400000_INDIAN_CREEK",1200,11541,"INDIAN CREEK","03100102","55400000","STREAM","tbcmp_PD_HA_IntHigh_2080","PD","HA","IntHigh","2080",11.407372808484
"03100102_55400000_INDIAN_CREEK",1900,21689,"INDIAN CREEK","03100102","55400000","STREAM","tbcmp_PD_HA_IntHigh_2080","PD","HA","IntHigh","2080",21.437874434036
"03100102_55400000_INDIAN_CREEK",2100,3287739,"INDIAN CREEK","03100102","55400000","STREAM","tbcmp_PD_HA_IntHigh_2080","PD","HA","IntHigh","2080",3249.67199289424
"03100102_55400000_INDIAN_CREEK",2400,876,"INDIAN CREEK","03100102","55400000","STREAM","tbcmp_PD_HA_IntHigh_2080","PD","HA","IntHigh","2080",0.865857255024
"03100102_55400000_INDIAN_CREEK",3200,11797,"INDIAN CREEK","03100102","55400000","STREAM","tbcmp_PD_HA_IntHigh_2080","PD","HA","IntHigh","2080",11.660408718628
"03100102_55400000_INDIAN_CREEK",4100,129407,"INDIAN CREEK","03100102","55400000","STREAM","tbcmp_PD_HA_IntHigh_2080","PD","HA","IntHigh","2080",127.908664156268
"03100102_55400000_INDIAN_CREEK",5200,49410,"INDIAN CREEK","03100102","55400000","STREAM","tbcmp_PD_HA_IntHigh_2080","PD","HA","IntHigh","2080",48.83790750084
"03100102_55400000_INDIAN_CREEK",6110,265961,"INDIAN CREEK","03100102","55400000","STREAM","tbcmp_PD_HA_IntHigh_2080","PD","HA","IntHigh","2080",262.881576944564
"03100102_55400000_INDIAN_CREEK",6410,355263,"INDIAN CREEK","03100102","55400000","STREAM","tbcmp_PD_HA_IntHigh_2080","PD","HA","IntHigh","2080",351.149595880812
"03100102_55950000_UNNAMED_CREEK",1100,1325635,"UNNAMED CREEK","03100102","55950000","STREAM","tbcmp_PD_HA_IntHigh_2080","PD","HA","IntHigh","2080",1310.28616696774
"03100102_55950000_UNNAMED_CREEK",1900,312999,"UNNAMED CREEK","03100102","55950000","STREAM","tbcmp_PD_HA_IntHigh_2080","PD","HA","IntHigh","2080",309.374948590476
"03100102_55950000_UNNAMED_CREEK",2100,1393115,"UNNAMED CREEK","03100102","55950000","STREAM","tbcmp_PD_HA_IntHigh_2080","PD","HA","IntHigh","2080",1376.98485140726
"03100102_55950000_UNNAMED_CREEK",2400,93504,"UNNAMED CREEK","03100102","55950000","STREAM","tbcmp_PD_HA_IntHigh_2080","PD","HA","IntHigh","2080",92.421366180096
"03100102_55950000_UNNAMED_CREEK",3200,153385,"UNNAMED CREEK","03100102","55950000","STREAM","tbcmp_PD_HA_IntHigh_2080","PD","HA","IntHigh","2080",151.60903545874
"03100102_55950000_UNNAMED_CREEK",4100,368518,"UNNAMED CREEK","03100102","55950000","STREAM","tbcmp_PD_HA_IntHigh_2080","PD","HA","IntHigh","2080",364.251123181432
"03100102_55950000_UNNAMED_CREEK",5200,40112,"UNNAMED CREEK","03100102","55950000","STREAM","tbcmp_PD_HA_IntHigh_2080","PD","HA","IntHigh","2080",39.647564170688
"03100102_55950000_UNNAMED_CREEK",6110,532962,"UNNAMED CREEK","03100102","55950000","STREAM","tbcmp_PD_HA_IntHigh_2080","PD","HA","IntHigh","2080",526.791112274088
"03100102_55950000_UNNAMED_CREEK",6410,502590,"UNNAMED CREEK","03100102","55950000","STREAM","tbcmp_PD_HA_IntHigh_2080","PD","HA","IntHigh","2080",496.77077374716
"03100102_60000000_FISH_CAMP_DRAIN",1900,3541,"FISH CAMP DRAIN","03100102","60000000","DRAIN","tbcmp_PD_HA_IntHigh_2080","PD","HA","IntHigh","2080",3.500000616484
"03100102_60000000_FISH_CAMP_DRAIN",2100,656641,"FISH CAMP DRAIN","03100102","60000000","DRAIN","tbcmp_PD_HA_IntHigh_2080","PD","HA","IntHigh","2080",649.038097940884
"03100102_60000000_FISH_CAMP_DRAIN",3200,625826,"FISH CAMP DRAIN","03100102","60000000","DRAIN","tbcmp_PD_HA_IntHigh_2080","PD","HA","IntHigh","2080",618.579888678824
"03100102_60000000_FISH_CAMP_DRAIN",4100,217132,"FISH CAMP DRAIN","03100102","60000000","DRAIN","tbcmp_PD_HA_IntHigh_2080","PD","HA","IntHigh","2080",214.617942349168
"03100102_60000000_FISH_CAMP_DRAIN",6110,423361,"FISH CAMP DRAIN","03100102","60000000","DRAIN","tbcmp_PD_HA_IntHigh_2080","PD","HA","IntHigh","2080",418.459124822164
"03100102_60000000_FISH_CAMP_DRAIN",6410,496898,"FISH CAMP DRAIN","03100102","60000000","DRAIN","tbcmp_PD_HA_IntHigh_2080","PD","HA","IntHigh","2080",491.144678432552
"03100102_62000000_SHINEY_TOWN_SLOUGH",2100,51087,"SHINEY TOWN SLOUGH","03100102","62000000","SLOUGH","tbcmp_PD_HA_IntHigh_2080","PD","HA","IntHigh","2080",50.495490396588
"03100102_62000000_SHINEY_TOWN_SLOUGH",3200,2232093,"SHINEY TOWN SLOUGH","03100102","62000000","SLOUGH","tbcmp_PD_HA_IntHigh_2080","PD","HA","IntHigh","2080",2206.24876476973
"03100102_62000000_SHINEY_TOWN_SLOUGH",4100,2015111,"SHINEY TOWN SLOUGH","03100102","62000000","SLOUGH","tbcmp_PD_HA_IntHigh_2080","PD","HA","IntHigh","2080",1991.77908564916
"03100102_62000000_SHINEY_TOWN_SLOUGH",5200,2149,"SHINEY TOWN SLOUGH","03100102","62000000","SLOUGH","tbcmp_PD_HA_IntHigh_2080","PD","HA","IntHigh","2080",2.124117855076
"03100102_62000000_SHINEY_TOWN_SLOUGH",6110,912043,"SHINEY TOWN SLOUGH","03100102","62000000","SLOUGH","tbcmp_PD_HA_IntHigh_2080","PD","HA","IntHigh","2080",901.482932013532
"03100102_62000000_SHINEY_TOWN_SLOUGH",6410,1658284,"SHINEY TOWN SLOUGH","03100102","62000000","SLOUGH","tbcmp_PD_HA_IntHigh_2080","PD","HA","IntHigh","2080",1639.08359850482
"03100102_63500000_MOSSY_ISLAND_SLOUGH",1100,601750,"MOSSY ISLAND SLOUGH","03100102","63500000","SLOUGH","tbcmp_PD_HA_IntHigh_2080","PD","HA","IntHigh","2080",594.782652067
"03100102_63500000_MOSSY_ISLAND_SLOUGH",1200,112582,"MOSSY ISLAND SLOUGH","03100102","63500000","SLOUGH","tbcmp_PD_HA_IntHigh_2080","PD","HA","IntHigh","2080",111.278472014968
"03100102_63500000_MOSSY_ISLAND_SLOUGH",1900,410641,"MOSSY ISLAND SLOUGH","03100102","63500000","SLOUGH","tbcmp_PD_HA_IntHigh_2080","PD","HA","IntHigh","2080",405.886403036884
"03100102_63500000_MOSSY_ISLAND_SLOUGH",2100,4474591,"MOSSY ISLAND SLOUGH","03100102","63500000","SLOUGH","tbcmp_PD_HA_IntHigh_2080","PD","HA","IntHigh","2080",4422.78205549668
"03100102_63500000_MOSSY_ISLAND_SLOUGH",2200,112713,"MOSSY ISLAND SLOUGH","03100102","63500000","SLOUGH","tbcmp_PD_HA_IntHigh_2080","PD","HA","IntHigh","2080",111.407955234612
"03100102_63500000_MOSSY_ISLAND_SLOUGH",3200,9997411,"MOSSY ISLAND SLOUGH","03100102","63500000","SLOUGH","tbcmp_PD_HA_IntHigh_2080","PD","HA","IntHigh","2080",9881.65621667436
"03100102_63500000_MOSSY_ISLAND_SLOUGH",4100,5348690,"MOSSY ISLAND SLOUGH","03100102","63500000","SLOUGH","tbcmp_PD_HA_IntHigh_2080","PD","HA","IntHigh","2080",5286.76032120356
"03100102_63500000_MOSSY_ISLAND_SLOUGH",4400,24481,"MOSSY ISLAND SLOUGH","03100102","63500000","SLOUGH","tbcmp_PD_HA_IntHigh_2080","PD","HA","IntHigh","2080",24.197547329044
"03100102_63500000_MOSSY_ISLAND_SLOUGH",5200,89096,"MOSSY ISLAND SLOUGH","03100102","63500000","SLOUGH","tbcmp_PD_HA_IntHigh_2080","PD","HA","IntHigh","2080",88.064404102304
"03100102_63500000_MOSSY_ISLAND_SLOUGH",5400,20456,"MOSSY ISLAND SLOUGH","03100102","63500000","SLOUGH","tbcmp_PD_HA_IntHigh_2080","PD","HA","IntHigh","2080",20.219150694944
"03100102_63500000_MOSSY_ISLAND_SLOUGH",6110,3032483,"MOSSY ISLAND SLOUGH","03100102","63500000","SLOUGH","tbcmp_PD_HA_IntHigh_2080","PD","HA","IntHigh","2080",2997.37146836409
"03100102_63500000_MOSSY_ISLAND_SLOUGH",6120,798,"MOSSY ISLAND SLOUGH","03100102","63500000","SLOUGH","tbcmp_PD_HA_IntHigh_2080","PD","HA","IntHigh","2080",0.788760376152
"03100102_63500000_MOSSY_ISLAND_SLOUGH",6410,8344773,"MOSSY ISLAND SLOUGH","03100102","63500000","SLOUGH","tbcmp_PD_HA_IntHigh_2080","PD","HA","IntHigh","2080",8248.15324609405
"03100102_63500000_MOSSY_ISLAND_SLOUGH",6420,10626,"MOSSY ISLAND SLOUGH","03100102","63500000","SLOUGH","tbcmp_PD_HA_IntHigh_2080","PD","HA","IntHigh","2080",10.502967114024
"03100102_63500000_MOSSY_ISLAND_SLOUGH",6425,19787,"MOSSY ISLAND SLOUGH","03100102","63500000","SLOUGH","tbcmp_PD_HA_IntHigh_2080","PD","HA","IntHigh","2080",19.557896695388
"03100102_63500000_MOSSY_ISLAND_SLOUGH",6510,10990,"MOSSY ISLAND SLOUGH","03100102","63500000","SLOUGH","tbcmp_PD_HA_IntHigh_2080","PD","HA","IntHigh","2080",10.86275254876
"03100102_63500000_MOSSY_ISLAND_SLOUGH",6600,39014,"MOSSY ISLAND SLOUGH","03100102","63500000","SLOUGH","tbcmp_PD_HA_IntHigh_2080","PD","HA","IntHigh","2080",38.562277337336
"03100102_63500000_MOSSY_ISLAND_SLOUGH",9113,48653,"MOSSY ISLAND SLOUGH","03100102","63500000","SLOUGH","tbcmp_PD_HA_IntHigh_2080","PD","HA","IntHigh","2080",48.089672407172
"03100102_66000000_UNN_DITCH",1100,1309,"UNN DITCH","03100102","66000000","DITCH","tbcmp_PD_HA_IntHigh_2080","PD","HA","IntHigh","2080",1.293843774916
"03100102_66000000_UNN_DITCH",1200,666070,"UNN DITCH","03100102","66000000","DITCH","tbcmp_PD_HA_IntHigh_2080","PD","HA","IntHigh","2080",658.35792449068
"03100102_66000000_UNN_DITCH",1800,9697,"UNN DITCH","03100102","66000000","DITCH","tbcmp_PD_HA_IntHigh_2080","PD","HA","IntHigh","2080",9.584723518228
"03100102_66000000_UNN_DITCH",1820,138645,"UNN DITCH","03100102","66000000","DITCH","tbcmp_PD_HA_IntHigh_2080","PD","HA","IntHigh","2080",137.03970219498
"03100102_66000000_UNN_DITCH",1900,77714,"UNN DITCH","03100102","66000000","DITCH","tbcmp_PD_HA_IntHigh_2080","PD","HA","IntHigh","2080",76.814190316136
"03100102_66000000_UNN_DITCH",3200,6327,"UNN DITCH","03100102","66000000","DITCH","tbcmp_PD_HA_IntHigh_2080","PD","HA","IntHigh","2080",6.253742982348
"03100102_66000000_UNN_DITCH",4100,14306,"UNN DITCH","03100102","66000000","DITCH","tbcmp_PD_HA_IntHigh_2080","PD","HA","IntHigh","2080",14.140358322344
"03100102_66000000_UNN_DITCH",5200,219493,"UNN DITCH","03100102","66000000","DITCH","tbcmp_PD_HA_IntHigh_2080","PD","HA","IntHigh","2080",216.951605567332
"03100102_66000000_UNN_DITCH",6110,29565,"UNN DITCH","03100102","66000000","DITCH","tbcmp_PD_HA_IntHigh_2080","PD","HA","IntHigh","2080",29.22268235706
"03100102_66000000_UNN_DITCH",6410,191966,"UNN DITCH","03100102","66000000","DITCH","tbcmp_PD_HA_IntHigh_2080","PD","HA","IntHigh","2080",189.743326276184
"03100102_66000000_UNN_DITCH",6420,64,"UNN DITCH","03100102","66000000","DITCH","tbcmp_PD_HA_IntHigh_2080","PD","HA","IntHigh","2080",0.063258977536
"03100102_66000000_UNN_DITCH",6425,302,"UNN DITCH","03100102","66000000","DITCH","tbcmp_PD_HA_IntHigh_2080","PD","HA","IntHigh","2080",0.298503300248
"03100102_66000000_UNN_DITCH",6510,101,"UNN DITCH","03100102","66000000","DITCH","tbcmp_PD_HA_IntHigh_2080","PD","HA","IntHigh","2080",0.099830573924
"03100102_66000000_UNN_DITCH",6600,331,"UNN DITCH","03100102","66000000","DITCH","tbcmp_PD_HA_IntHigh_2080","PD","HA","IntHigh","2080",0.327167524444
"03100102_66000000_UNN_DITCH",9113,386,"UNN DITCH","03100102","66000000","DITCH","tbcmp_PD_HA_IntHigh_2080","PD","HA","IntHigh","2080",0.381530708264
"03100102_70000000_UNNAMED_CREEK",1100,12631,"UNNAMED CREEK","03100102","70000000","STREAM","tbcmp_PD_HA_IntHigh_2080","PD","HA","IntHigh","2080",12.484752269644
"03100102_70000000_UNNAMED_CREEK",1200,15575,"UNNAMED CREEK","03100102","70000000","STREAM","tbcmp_PD_HA_IntHigh_2080","PD","HA","IntHigh","2080",15.3946652363
"03100102_70000000_UNNAMED_CREEK",1900,12725,"UNNAMED CREEK","03100102","70000000","STREAM","tbcmp_PD_HA_IntHigh_2080","PD","HA","IntHigh","2080",12.5776638929
"03100102_70000000_UNNAMED_CREEK",2100,57,"UNNAMED CREEK","03100102","70000000","STREAM","tbcmp_PD_HA_IntHigh_2080","PD","HA","IntHigh","2080",0.056340026868
"03100102_70000000_UNNAMED_CREEK",3200,724227,"UNNAMED CREEK","03100102","70000000","STREAM","tbcmp_PD_HA_IntHigh_2080","PD","HA","IntHigh","2080",715.841555061948
"03100102_70000000_UNNAMED_CREEK",4100,1676433,"UNNAMED CREEK","03100102","70000000","STREAM","tbcmp_PD_HA_IntHigh_2080","PD","HA","IntHigh","2080",1657.02246074389
"03100102_70000000_UNNAMED_CREEK",5200,1451,"UNNAMED CREEK","03100102","70000000","STREAM","tbcmp_PD_HA_IntHigh_2080","PD","HA","IntHigh","2080",1.434199631324
"03100102_70000000_UNNAMED_CREEK",5400,1091,"UNNAMED CREEK","03100102","70000000","STREAM","tbcmp_PD_HA_IntHigh_2080","PD","HA","IntHigh","2080",1.078367882684
"03100102_70000000_UNNAMED_CREEK",6110,375456,"UNNAMED CREEK","03100102","70000000","STREAM","tbcmp_PD_HA_IntHigh_2080","PD","HA","IntHigh","2080",371.108791714944
"03100102_70000000_UNNAMED_CREEK",6120,40,"UNNAMED CREEK","03100102","70000000","STREAM","tbcmp_PD_HA_IntHigh_2080","PD","HA","IntHigh","2080",0.03953686096
"03100102_70000000_UNNAMED_CREEK",6410,872810,"UNNAMED CREEK","03100102","70000000","STREAM","tbcmp_PD_HA_IntHigh_2080","PD","HA","IntHigh","2080",862.70419036244
"03100102_70000000_UNNAMED_CREEK",6420,311,"UNNAMED CREEK","03100102","70000000","STREAM","tbcmp_PD_HA_IntHigh_2080","PD","HA","IntHigh","2080",0.307399093964
"03100102_70000000_UNNAMED_CREEK",6425,1047,"UNNAMED CREEK","03100102","70000000","STREAM","tbcmp_PD_HA_IntHigh_2080","PD","HA","IntHigh","2080",1.034877335628
"03100102_70000000_UNNAMED_CREEK",6510,1125,"UNNAMED CREEK","03100102","70000000","STREAM","tbcmp_PD_HA_IntHigh_2080","PD","HA","IntHigh","2080",1.1119742145
"03100102_70000000_UNNAMED_CREEK",6600,1000,"UNNAMED CREEK","03100102","70000000","STREAM","tbcmp_PD_HA_IntHigh_2080","PD","HA","IntHigh","2080",0.988421524
"03100102_70000000_UNNAMED_CREEK",9113,4479,"UNNAMED CREEK","03100102","70000000","STREAM","tbcmp_PD_HA_IntHigh_2080","PD","HA","IntHigh","2080",4.427140005996
"03100102_72000000_UNNAMED_CREEK",1100,94901,"UNNAMED CREEK","03100102","72000000","STREAM","tbcmp_PD_HA_IntHigh_2080","PD","HA","IntHigh","2080",93.802191049124
"03100102_72000000_UNNAMED_CREEK",1200,67348,"UNNAMED CREEK","03100102","72000000","STREAM","tbcmp_PD_HA_IntHigh_2080","PD","HA","IntHigh","2080",66.568212798352
"03100102_72000000_UNNAMED_CREEK",1900,5117,"UNNAMED CREEK","03100102","72000000","STREAM","tbcmp_PD_HA_IntHigh_2080","PD","HA","IntHigh","2080",5.057752938308
"03100102_72000000_UNNAMED_CREEK",2100,3109,"UNNAMED CREEK","03100102","72000000","STREAM","tbcmp_PD_HA_IntHigh_2080","PD","HA","IntHigh","2080",3.073002518116
"03100102_72000000_UNNAMED_CREEK",4100,78199,"UNNAMED CREEK","03100102","72000000","STREAM","tbcmp_PD_HA_IntHigh_2080","PD","HA","IntHigh","2080",77.293574755276
"03100102_72000000_UNNAMED_CREEK",5200,5519,"UNNAMED CREEK","03100102","72000000","STREAM","tbcmp_PD_HA_IntHigh_2080","PD","HA","IntHigh","2080",5.455098390956
"03100102_72000000_UNNAMED_CREEK",6110,1348,"UNNAMED CREEK","03100102","72000000","STREAM","tbcmp_PD_HA_IntHigh_2080","PD","HA","IntHigh","2080",1.332392214352
"03100102_72000000_UNNAMED_CREEK",6410,14523,"UNNAMED CREEK","03100102","72000000","STREAM","tbcmp_PD_HA_IntHigh_2080","PD","HA","IntHigh","2080",14.354845793052
"03100102_72000000_UNNAMED_CREEK",6420,56,"UNNAMED CREEK","03100102","72000000","STREAM","tbcmp_PD_HA_IntHigh_2080","PD","HA","IntHigh","2080",0.055351605344
"03100102_72000000_UNNAMED_CREEK",6425,82,"UNNAMED CREEK","03100102","72000000","STREAM","tbcmp_PD_HA_IntHigh_2080","PD","HA","IntHigh","2080",0.081050564968
"03100102_72000000_UNNAMED_CREEK",6510,17,"UNNAMED CREEK","03100102","72000000","STREAM","tbcmp_PD_HA_IntHigh_2080","PD","HA","IntHigh","2080",0.016803165908
"03100102_72000000_UNNAMED_CREEK",6600,366,"UNNAMED CREEK","03100102","72000000","STREAM","tbcmp_PD_HA_IntHigh_2080","PD","HA","IntHigh","2080",0.361762277784
"03100102_72000000_UNNAMED_CREEK",9113,5,"UNNAMED CREEK","03100102","72000000","STREAM","tbcmp_PD_HA_IntHigh_2080","PD","HA","IntHigh","2080",0.00494210762
"03100102_74000000_UNNAMED_CREEK",1100,14874,"UNNAMED CREEK","03100102","74000000","STREAM","tbcmp_PD_HA_IntHigh_2080","PD","HA","IntHigh","2080",14.701781747976
"03100102_74000000_UNNAMED_CREEK",1200,74749,"UNNAMED CREEK","03100102","74000000","STREAM","tbcmp_PD_HA_IntHigh_2080","PD","HA","IntHigh","2080",73.883520497476
"03100102_74000000_UNNAMED_CREEK",2100,61484,"UNNAMED CREEK","03100102","74000000","STREAM","tbcmp_PD_HA_IntHigh_2080","PD","HA","IntHigh","2080",60.772108981616
"03100102_74000000_UNNAMED_CREEK",3200,621651,"UNNAMED CREEK","03100102","74000000","STREAM","tbcmp_PD_HA_IntHigh_2080","PD","HA","IntHigh","2080",614.453228816124
"03100102_74000000_UNNAMED_CREEK",4100,1131450,"UNNAMED CREEK","03100102","74000000","STREAM","tbcmp_PD_HA_IntHigh_2080","PD","HA","IntHigh","2080",1118.3495333298
"03100102_74000000_UNNAMED_CREEK",5200,26563,"UNNAMED CREEK","03100102","74000000","STREAM","tbcmp_PD_HA_IntHigh_2080","PD","HA","IntHigh","2080",26.255440942012
"03100102_74000000_UNNAMED_CREEK",6110,164737,"UNNAMED CREEK","03100102","74000000","STREAM","tbcmp_PD_HA_IntHigh_2080","PD","HA","IntHigh","2080",162.829596599188
"03100102_74000000_UNNAMED_CREEK",6120,70,"UNNAMED CREEK","03100102","74000000","STREAM","tbcmp_PD_HA_IntHigh_2080","PD","HA","IntHigh","2080",0.06918950668
"03100102_74000000_UNNAMED_CREEK",6410,571629,"UNNAMED CREEK","03100102","74000000","STREAM","tbcmp_PD_HA_IntHigh_2080","PD","HA","IntHigh","2080",565.010407342596
"03100102_74000000_UNNAMED_CREEK",6420,163,"UNNAMED CREEK","03100102","74000000","STREAM","tbcmp_PD_HA_IntHigh_2080","PD","HA","IntHigh","2080",0.161112708412
"03100102_74000000_UNNAMED_CREEK",6425,291,"UNNAMED CREEK","03100102","74000000","STREAM","tbcmp_PD_HA_IntHigh_2080","PD","HA","IntHigh","2080",0.287630663484
"03100102_74000000_UNNAMED_CREEK",6510,100,"UNNAMED CREEK","03100102","74000000","STREAM","tbcmp_PD_HA_IntHigh_2080","PD","HA","IntHigh","2080",0.0988421524
"03100102_74000000_UNNAMED_CREEK",6600,435,"UNNAMED CREEK","03100102","74000000","STREAM","tbcmp_PD_HA_IntHigh_2080","PD","HA","IntHigh","2080",0.42996336294
"03100102_74000000_UNNAMED_CREEK",9113,247,"UNNAMED CREEK","03100102","74000000","STREAM","tbcmp_PD_HA_IntHigh_2080","PD","HA","IntHigh","2080",0.244140116428
"03100102_75000000_UNNAMED_CREEK",1100,109749,"UNNAMED CREEK","03100102","75000000","STREAM","tbcmp_PD_HA_IntHigh_2080","PD","HA","IntHigh","2080",108.478273837476
"03100102_75000000_UNNAMED_CREEK",1200,746575,"UNNAMED CREEK","03100102","75000000","STREAM","tbcmp_PD_HA_IntHigh_2080","PD","HA","IntHigh","2080",737.9307992803
"03100102_75000000_UNNAMED_CREEK",1800,9922,"UNNAMED CREEK","03100102","75000000","STREAM","tbcmp_PD_HA_IntHigh_2080","PD","HA","IntHigh","2080",9.807118361128
"03100102_75000000_UNNAMED_CREEK",1820,22469,"UNNAMED CREEK","03100102","75000000","STREAM","tbcmp_PD_HA_IntHigh_2080","PD","HA","IntHigh","2080",22.208843222756
"03100102_75000000_UNNAMED_CREEK",1900,154428,"UNNAMED CREEK","03100102","75000000","STREAM","tbcmp_PD_HA_IntHigh_2080","PD","HA","IntHigh","2080",152.639959108272
"03100102_75000000_UNNAMED_CREEK",2100,26477,"UNNAMED CREEK","03100102","75000000","STREAM","tbcmp_PD_HA_IntHigh_2080","PD","HA","IntHigh","2080",26.170436690948
"03100102_75000000_UNNAMED_CREEK",2400,47804,"UNNAMED CREEK","03100102","75000000","STREAM","tbcmp_PD_HA_IntHigh_2080","PD","HA","IntHigh","2080",47.250502533296
"03100102_75000000_UNNAMED_CREEK",3200,50854,"UNNAMED CREEK","03100102","75000000","STREAM","tbcmp_PD_HA_IntHigh_2080","PD","HA","IntHigh","2080",50.265188181496
"03100102_75000000_UNNAMED_CREEK",4100,253244,"UNNAMED CREEK","03100102","75000000","STREAM","tbcmp_PD_HA_IntHigh_2080","PD","HA","IntHigh","2080",250.311820423856
"03100102_75000000_UNNAMED_CREEK",5200,149579,"UNNAMED CREEK","03100102","75000000","STREAM","tbcmp_PD_HA_IntHigh_2080","PD","HA","IntHigh","2080",147.847103138396
"03100102_75000000_UNNAMED_CREEK",5400,8314,"UNNAMED CREEK","03100102","75000000","STREAM","tbcmp_PD_HA_IntHigh_2080","PD","HA","IntHigh","2080",8.217736550536
"03100102_75000000_UNNAMED_CREEK",6110,19856,"UNNAMED CREEK","03100102","75000000","STREAM","tbcmp_PD_HA_IntHigh_2080","PD","HA","IntHigh","2080",19.626097780544
"03100102_75000000_UNNAMED_CREEK",6120,8872,"UNNAMED CREEK","03100102","75000000","STREAM","tbcmp_PD_HA_IntHigh_2080","PD","HA","IntHigh","2080",8.769275760928
"03100102_75000000_UNNAMED_CREEK",6410,171827,"UNNAMED CREEK","03100102","75000000","STREAM","tbcmp_PD_HA_IntHigh_2080","PD","HA","IntHigh","2080",169.837505204348
"03100102_75000000_UNNAMED_CREEK",6420,2750,"UNNAMED CREEK","03100102","75000000","STREAM","tbcmp_PD_HA_IntHigh_2080","PD","HA","IntHigh","2080",2.718159191
"03100102_75000000_UNNAMED_CREEK",6425,2600,"UNNAMED CREEK","03100102","75000000","STREAM","tbcmp_PD_HA_IntHigh_2080","PD","HA","IntHigh","2080",2.5698959624
"03100102_75000000_UNNAMED_CREEK",6510,804,"UNNAMED CREEK","03100102","75000000","STREAM","tbcmp_PD_HA_IntHigh_2080","PD","HA","IntHigh","2080",0.794690905296
"03100102_75000000_UNNAMED_CREEK",6600,11607,"UNNAMED CREEK","03100102","75000000","STREAM","tbcmp_PD_HA_IntHigh_2080","PD","HA","IntHigh","2080",11.472608629068
"03100102_75000000_UNNAMED_CREEK",9113,7822,"UNNAMED CREEK","03100102","75000000","STREAM","tbcmp_PD_HA_IntHigh_2080","PD","HA","IntHigh","2080",7.731433160728
"03100102_77000000_UNNAMED_CREEK",1200,30119,"UNNAMED CREEK","03100102","77000000","STREAM","tbcmp_PD_HA_IntHigh_2080","PD","HA","IntHigh","2080",29.770267881356
"03100102_77000000_UNNAMED_CREEK",3200,311973,"UNNAMED CREEK","03100102","77000000","STREAM","tbcmp_PD_HA_IntHigh_2080","PD","HA","IntHigh","2080",308.360828106852
"03100102_77000000_UNNAMED_CREEK",4100,588764,"UNNAMED CREEK","03100102","77000000","STREAM","tbcmp_PD_HA_IntHigh_2080","PD","HA","IntHigh","2080",581.947010156336
"03100102_77000000_UNNAMED_CREEK",5200,1833,"UNNAMED CREEK","03100102","77000000","STREAM","tbcmp_PD_HA_IntHigh_2080","PD","HA","IntHigh","2080",1.811776653492
"03100102_77000000_UNNAMED_CREEK",6110,98799,"UNNAMED CREEK","03100102","77000000","STREAM","tbcmp_PD_HA_IntHigh_2080","PD","HA","IntHigh","2080",97.655058149676
"03100102_77000000_UNNAMED_CREEK",6120,4181,"UNNAMED CREEK","03100102","77000000","STREAM","tbcmp_PD_HA_IntHigh_2080","PD","HA","IntHigh","2080",4.132590391844
"03100102_77000000_UNNAMED_CREEK",6410,114973,"UNNAMED CREEK","03100102","77000000","STREAM","tbcmp_PD_HA_IntHigh_2080","PD","HA","IntHigh","2080",113.641787878852
"03100102_77000000_UNNAMED_CREEK",6420,2021,"UNNAMED CREEK","03100102","77000000","STREAM","tbcmp_PD_HA_IntHigh_2080","PD","HA","IntHigh","2080",1.997599900004
"03100102_77000000_UNNAMED_CREEK",6425,2387,"UNNAMED CREEK","03100102","77000000","STREAM","tbcmp_PD_HA_IntHigh_2080","PD","HA","IntHigh","2080",2.359362177788
"03100102_77000000_UNNAMED_CREEK",6510,461,"UNNAMED CREEK","03100102","77000000","STREAM","tbcmp_PD_HA_IntHigh_2080","PD","HA","IntHigh","2080",0.455662322564
"03100102_77000000_UNNAMED_CREEK",6600,14457,"UNNAMED CREEK","03100102","77000000","STREAM","tbcmp_PD_HA_IntHigh_2080","PD","HA","IntHigh","2080",14.289609972468
"03100102_77000000_UNNAMED_CREEK",9113,4187,"UNNAMED CREEK","03100102","77000000","STREAM","tbcmp_PD_HA_IntHigh_2080","PD","HA","IntHigh","2080",4.138520920988
"03100102_78000000_UNNAMED_CREEK",1100,1521,"UNNAMED CREEK","03100102","78000000","STREAM","tbcmp_PD_HA_IntHigh_2080","PD","HA","IntHigh","2080",1.503389138004
"03100102_78000000_UNNAMED_CREEK",1200,289261,"UNNAMED CREEK","03100102","78000000","STREAM","tbcmp_PD_HA_IntHigh_2080","PD","HA","IntHigh","2080",285.911798453764
"03100102_78000000_UNNAMED_CREEK",1800,19643,"UNNAMED CREEK","03100102","78000000","STREAM","tbcmp_PD_HA_IntHigh_2080","PD","HA","IntHigh","2080",19.415563995932
"03100102_78000000_UNNAMED_CREEK",1900,18544,"UNNAMED CREEK","03100102","78000000","STREAM","tbcmp_PD_HA_IntHigh_2080","PD","HA","IntHigh","2080",18.329288741056
"03100102_78000000_UNNAMED_CREEK",2100,7284,"UNNAMED CREEK","03100102","78000000","STREAM","tbcmp_PD_HA_IntHigh_2080","PD","HA","IntHigh","2080",7.199662380816
"03100102_78000000_UNNAMED_CREEK",3200,4651,"UNNAMED CREEK","03100102","78000000","STREAM","tbcmp_PD_HA_IntHigh_2080","PD","HA","IntHigh","2080",4.597148508124
"03100102_78000000_UNNAMED_CREEK",4100,77999,"UNNAMED CREEK","03100102","78000000","STREAM","tbcmp_PD_HA_IntHigh_2080","PD","HA","IntHigh","2080",77.095890450476
"03100102_78000000_UNNAMED_CREEK",5200,52597,"UNNAMED CREEK","03100102","78000000","STREAM","tbcmp_PD_HA_IntHigh_2080","PD","HA","IntHigh","2080",51.988006897828
"03100102_78000000_UNNAMED_CREEK",5400,2396,"UNNAMED CREEK","03100102","78000000","STREAM","tbcmp_PD_HA_IntHigh_2080","PD","HA","IntHigh","2080",2.368257971504
"03100102_78000000_UNNAMED_CREEK",6110,9276,"UNNAMED CREEK","03100102","78000000","STREAM","tbcmp_PD_HA_IntHigh_2080","PD","HA","IntHigh","2080",9.168598056624
"03100102_78000000_UNNAMED_CREEK",6120,11187,"UNNAMED CREEK","03100102","78000000","STREAM","tbcmp_PD_HA_IntHigh_2080","PD","HA","IntHigh","2080",11.057471588988
"03100102_78000000_UNNAMED_CREEK",6410,44664,"UNNAMED CREEK","03100102","78000000","STREAM","tbcmp_PD_HA_IntHigh_2080","PD","HA","IntHigh","2080",44.146858947936
"03100102_78000000_UNNAMED_CREEK",6420,9313,"UNNAMED CREEK","03100102","78000000","STREAM","tbcmp_PD_HA_IntHigh_2080","PD","HA","IntHigh","2080",9.205169653012
"03100102_78000000_UNNAMED_CREEK",6425,9165,"UNNAMED CREEK","03100102","78000000","STREAM","tbcmp_PD_HA_IntHigh_2080","PD","HA","IntHigh","2080",9.05888326746
"03100102_78000000_UNNAMED_CREEK",6510,5034,"UNNAMED CREEK","03100102","78000000","STREAM","tbcmp_PD_HA_IntHigh_2080","PD","HA","IntHigh","2080",4.975713951816
"03100102_78000000_UNNAMED_CREEK",6600,40540,"UNNAMED CREEK","03100102","78000000","STREAM","tbcmp_PD_HA_IntHigh_2080","PD","HA","IntHigh","2080",40.07060858296
"03100102_78000000_UNNAMED_CREEK",9113,28154,"UNNAMED CREEK","03100102","78000000","STREAM","tbcmp_PD_HA_IntHigh_2080","PD","HA","IntHigh","2080",27.828019586696
"03100102_79000000_UNNAMED_CREEK",1100,2983,"UNNAMED CREEK","03100102","79000000","STREAM","tbcmp_PD_HA_IntHigh_2080","PD","HA","IntHigh","2080",2.948461406092
"03100102_79000000_UNNAMED_CREEK",1200,1484677,"UNNAMED CREEK","03100102","79000000","STREAM","tbcmp_PD_HA_IntHigh_2080","PD","HA","IntHigh","2080",1467.48670298775
"03100102_79000000_UNNAMED_CREEK",1800,34232,"UNNAMED CREEK","03100102","79000000","STREAM","tbcmp_PD_HA_IntHigh_2080","PD","HA","IntHigh","2080",33.835645609568
"03100102_79000000_UNNAMED_CREEK",1820,300213,"UNNAMED CREEK","03100102","79000000","STREAM","tbcmp_PD_HA_IntHigh_2080","PD","HA","IntHigh","2080",296.736990984612
"03100102_79000000_UNNAMED_CREEK",1900,139534,"UNNAMED CREEK","03100102","79000000","STREAM","tbcmp_PD_HA_IntHigh_2080","PD","HA","IntHigh","2080",137.918408929816
"03100102_79000000_UNNAMED_CREEK",2100,87888,"UNNAMED CREEK","03100102","79000000","STREAM","tbcmp_PD_HA_IntHigh_2080","PD","HA","IntHigh","2080",86.870390901312
"03100102_79000000_UNNAMED_CREEK",3200,68561,"UNNAMED CREEK","03100102","79000000","STREAM","tbcmp_PD_HA_IntHigh_2080","PD","HA","IntHigh","2080",67.767168106964
"03100102_79000000_UNNAMED_CREEK",4100,137639,"UNNAMED CREEK","03100102","79000000","STREAM","tbcmp_PD_HA_IntHigh_2080","PD","HA","IntHigh","2080",136.045350141836
"03100102_79000000_UNNAMED_CREEK",5200,358434,"UNNAMED CREEK","03100102","79000000","STREAM","tbcmp_PD_HA_IntHigh_2080","PD","HA","IntHigh","2080",354.283880533416
"03100102_79000000_UNNAMED_CREEK",5400,22905,"UNNAMED CREEK","03100102","79000000","STREAM","tbcmp_PD_HA_IntHigh_2080","PD","HA","IntHigh","2080",22.63979500722
"03100102_79000000_UNNAMED_CREEK",6110,129683,"UNNAMED CREEK","03100102","79000000","STREAM","tbcmp_PD_HA_IntHigh_2080","PD","HA","IntHigh","2080",128.181468496892
"03100102_79000000_UNNAMED_CREEK",6120,10318,"UNNAMED CREEK","03100102","79000000","STREAM","tbcmp_PD_HA_IntHigh_2080","PD","HA","IntHigh","2080",10.198533284632
"03100102_79000000_UNNAMED_CREEK",6410,240845,"UNNAMED CREEK","03100102","79000000","STREAM","tbcmp_PD_HA_IntHigh_2080","PD","HA","IntHigh","2080",238.05638194778
"03100102_79000000_UNNAMED_CREEK",6420,4811,"UNNAMED CREEK","03100102","79000000","STREAM","tbcmp_PD_HA_IntHigh_2080","PD","HA","IntHigh","2080",4.755295951964
"03100102_79000000_UNNAMED_CREEK",6425,5769,"UNNAMED CREEK","03100102","79000000","STREAM","tbcmp_PD_HA_IntHigh_2080","PD","HA","IntHigh","2080",5.702203771956
"03100102_79000000_UNNAMED_CREEK",6510,3787,"UNNAMED CREEK","03100102","79000000","STREAM","tbcmp_PD_HA_IntHigh_2080","PD","HA","IntHigh","2080",3.743152311388
"03100102_79000000_UNNAMED_CREEK",6600,34451,"UNNAMED CREEK","03100102","79000000","STREAM","tbcmp_PD_HA_IntHigh_2080","PD","HA","IntHigh","2080",34.052109923324
"03100102_79000000_UNNAMED_CREEK",9113,18414,"UNNAMED CREEK","03100102","79000000","STREAM","tbcmp_PD_HA_IntHigh_2080","PD","HA","IntHigh","2080",18.200793942936
"03100102_80000000_UNNAMED_CANAL_SYSTEM",1100,694227,"UNNAMED CANAL SYSTEM","03100102","80000000","CANAL","tbcmp_PD_HA_IntHigh_2080","PD","HA","IntHigh","2080",686.188909341948
"03100102_80000000_UNNAMED_CANAL_SYSTEM",1200,2187560,"UNNAMED CANAL SYSTEM","03100102","80000000","CANAL","tbcmp_PD_HA_IntHigh_2080","PD","HA","IntHigh","2080",2162.23138904144
"03100102_80000000_UNNAMED_CANAL_SYSTEM",1900,477280,"UNNAMED CANAL SYSTEM","03100102","80000000","CANAL","tbcmp_PD_HA_IntHigh_2080","PD","HA","IntHigh","2080",471.75382497472
"03100102_80000000_UNNAMED_CANAL_SYSTEM",2100,2068604,"UNNAMED CANAL SYSTEM","03100102","80000000","CANAL","tbcmp_PD_HA_IntHigh_2080","PD","HA","IntHigh","2080",2044.6527182325
"03100102_80000000_UNNAMED_CANAL_SYSTEM",3200,873671,"UNNAMED CANAL SYSTEM","03100102","80000000","CANAL","tbcmp_PD_HA_IntHigh_2080","PD","HA","IntHigh","2080",863.555221294604
"03100102_80000000_UNNAMED_CANAL_SYSTEM",4100,1816075,"UNNAMED CANAL SYSTEM","03100102","80000000","CANAL","tbcmp_PD_HA_IntHigh_2080","PD","HA","IntHigh","2080",1795.0476191983
"03100102_80000000_UNNAMED_CANAL_SYSTEM",5200,141752,"UNNAMED CANAL SYSTEM","03100102","80000000","CANAL","tbcmp_PD_HA_IntHigh_2080","PD","HA","IntHigh","2080",140.110727870048
"03100102_80000000_UNNAMED_CANAL_SYSTEM",5400,243,"UNNAMED CANAL SYSTEM","03100102","80000000","CANAL","tbcmp_PD_HA_IntHigh_2080","PD","HA","IntHigh","2080",0.240186430332
"03100102_80000000_UNNAMED_CANAL_SYSTEM",6110,453647,"UNNAMED CANAL SYSTEM","03100102","80000000","CANAL","tbcmp_PD_HA_IntHigh_2080","PD","HA","IntHigh","2080",448.394459098028
"03100102_80000000_UNNAMED_CANAL_SYSTEM",6410,1418988,"UNNAMED CANAL SYSTEM","03100102","80000000","CANAL","tbcmp_PD_HA_IntHigh_2080","PD","HA","IntHigh","2080",1402.55828149771
"03100102_80000000_UNNAMED_CREEK",1100,44212,"UNNAMED CREEK","03100102","80000000","STREAM","tbcmp_PD_HA_IntHigh_2080","PD","HA","IntHigh","2080",43.700092419088
"03100102_80000000_UNNAMED_CREEK",1200,1284671,"UNNAMED CREEK","03100102","80000000","STREAM","tbcmp_PD_HA_IntHigh_2080","PD","HA","IntHigh","2080",1269.7964676586
"03100102_80000000_UNNAMED_CREEK",1800,46555,"UNNAMED CREEK","03100102","80000000","STREAM","tbcmp_PD_HA_IntHigh_2080","PD","HA","IntHigh","2080",46.01596404982
"03100102_80000000_UNNAMED_CREEK",1820,9713,"UNNAMED CREEK","03100102","80000000","STREAM","tbcmp_PD_HA_IntHigh_2080","PD","HA","IntHigh","2080",9.600538262612
"03100102_80000000_UNNAMED_CREEK",1900,363981,"UNNAMED CREEK","03100102","80000000","STREAM","tbcmp_PD_HA_IntHigh_2080","PD","HA","IntHigh","2080",359.766654727044
"03100102_80000000_UNNAMED_CREEK",2100,66423,"UNNAMED CREEK","03100102","80000000","STREAM","tbcmp_PD_HA_IntHigh_2080","PD","HA","IntHigh","2080",65.653922888652
"03100102_80000000_UNNAMED_CREEK",3200,82692,"UNNAMED CREEK","03100102","80000000","STREAM","tbcmp_PD_HA_IntHigh_2080","PD","HA","IntHigh","2080",81.734552662608
"03100102_80000000_UNNAMED_CREEK",4100,69953,"UNNAMED CREEK","03100102","80000000","STREAM","tbcmp_PD_HA_IntHigh_2080","PD","HA","IntHigh","2080",69.143050868372
"03100102_80000000_UNNAMED_CREEK",5200,366591,"UNNAMED CREEK","03100102","80000000","STREAM","tbcmp_PD_HA_IntHigh_2080","PD","HA","IntHigh","2080",362.346434904684
"03100102_80000000_UNNAMED_CREEK",5400,58257,"UNNAMED CREEK","03100102","80000000","STREAM","tbcmp_PD_HA_IntHigh_2080","PD","HA","IntHigh","2080",57.582472723668
"03100102_80000000_UNNAMED_CREEK",6110,25639,"UNNAMED CREEK","03100102","80000000","STREAM","tbcmp_PD_HA_IntHigh_2080","PD","HA","IntHigh","2080",25.342139453836
"03100102_80000000_UNNAMED_CREEK",6120,6377,"UNNAMED CREEK","03100102","80000000","STREAM","tbcmp_PD_HA_IntHigh_2080","PD","HA","IntHigh","2080",6.303164058548
"03100102_80000000_UNNAMED_CREEK",6410,241038,"UNNAMED CREEK","03100102","80000000","STREAM","tbcmp_PD_HA_IntHigh_2080","PD","HA","IntHigh","2080",238.247147301912
"03100102_80000000_UNNAMED_CREEK",6420,5442,"UNNAMED CREEK","03100102","80000000","STREAM","tbcmp_PD_HA_IntHigh_2080","PD","HA","IntHigh","2080",5.378989933608
"03100102_80000000_UNNAMED_CREEK",6425,6307,"UNNAMED CREEK","03100102","80000000","STREAM","tbcmp_PD_HA_IntHigh_2080","PD","HA","IntHigh","2080",6.233974551868
"03100102_80000000_UNNAMED_CREEK",6510,3208,"UNNAMED CREEK","03100102","80000000","STREAM","tbcmp_PD_HA_IntHigh_2080","PD","HA","IntHigh","2080",3.170856248992
"03100102_80000000_UNNAMED_CREEK",6600,23575,"UNNAMED CREEK","03100102","80000000","STREAM","tbcmp_PD_HA_IntHigh_2080","PD","HA","IntHigh","2080",23.3020374283
"03100102_80000000_UNNAMED_CREEK",9113,15707,"UNNAMED CREEK","03100102","80000000","STREAM","tbcmp_PD_HA_IntHigh_2080","PD","HA","IntHigh","2080",15.525136877468
"03100102_81000000_UNNAMED_CREEK",1200,13375,"UNNAMED CREEK","03100102","81000000","STREAM","tbcmp_PD_HA_IntHigh_2080","PD","HA","IntHigh","2080",13.2201378835
"03100102_81000000_UNNAMED_CREEK",3200,616154,"UNNAMED CREEK","03100102","81000000","STREAM","tbcmp_PD_HA_IntHigh_2080","PD","HA","IntHigh","2080",609.019875698696
"03100102_81000000_UNNAMED_CREEK",4100,1148446,"UNNAMED CREEK","03100102","81000000","STREAM","tbcmp_PD_HA_IntHigh_2080","PD","HA","IntHigh","2080",1135.1487455517
"03100102_81000000_UNNAMED_CREEK",5200,3301,"UNNAMED CREEK","03100102","81000000","STREAM","tbcmp_PD_HA_IntHigh_2080","PD","HA","IntHigh","2080",3.262779450724
"03100102_81000000_UNNAMED_CREEK",6110,173344,"UNNAMED CREEK","03100102","81000000","STREAM","tbcmp_PD_HA_IntHigh_2080","PD","HA","IntHigh","2080",171.336940656256
"03100102_81000000_UNNAMED_CREEK",6120,14081,"UNNAMED CREEK","03100102","81000000","STREAM","tbcmp_PD_HA_IntHigh_2080","PD","HA","IntHigh","2080",13.917963479444
"03100102_81000000_UNNAMED_CREEK",6410,458801,"UNNAMED CREEK","03100102","81000000","STREAM","tbcmp_PD_HA_IntHigh_2080","PD","HA","IntHigh","2080",453.488783632724
"03100102_81000000_UNNAMED_CREEK",6420,10529,"UNNAMED CREEK","03100102","81000000","STREAM","tbcmp_PD_HA_IntHigh_2080","PD","HA","IntHigh","2080",10.407090226196
"03100102_81000000_UNNAMED_CREEK",6425,12754,"UNNAMED CREEK","03100102","81000000","STREAM","tbcmp_PD_HA_IntHigh_2080","PD","HA","IntHigh","2080",12.606328117096
"03100102_81000000_UNNAMED_CREEK",6510,7973,"UNNAMED CREEK","03100102","81000000","STREAM","tbcmp_PD_HA_IntHigh_2080","PD","HA","IntHigh","2080",7.880684810852
"03100102_81000000_UNNAMED_CREEK",6600,30386,"UNNAMED CREEK","03100102","81000000","STREAM","tbcmp_PD_HA_IntHigh_2080","PD","HA","IntHigh","2080",30.034176428264
"03100102_81000000_UNNAMED_CREEK",9113,36453,"UNNAMED CREEK","03100102","81000000","STREAM","tbcmp_PD_HA_IntHigh_2080","PD","HA","IntHigh","2080",36.030929814372
"03100102_82000000_UNNAMED_CREEK",1100,65815,"UNNAMED CREEK","03100102","82000000","STREAM","tbcmp_PD_HA_IntHigh_2080","PD","HA","IntHigh","2080",65.05296260206
"03100102_82000000_UNNAMED_CREEK",1200,118077,"UNNAMED CREEK","03100102","82000000","STREAM","tbcmp_PD_HA_IntHigh_2080","PD","HA","IntHigh","2080",116.709848289348
"03100102_82000000_UNNAMED_CREEK",1800,9981,"UNNAMED CREEK","03100102","82000000","STREAM","tbcmp_PD_HA_IntHigh_2080","PD","HA","IntHigh","2080",9.865435231044
"03100102_82000000_UNNAMED_CREEK",1900,48126,"UNNAMED CREEK","03100102","82000000","STREAM","tbcmp_PD_HA_IntHigh_2080","PD","HA","IntHigh","2080",47.568774264024
"03100102_82000000_UNNAMED_CREEK",3200,2849,"UNNAMED CREEK","03100102","82000000","STREAM","tbcmp_PD_HA_IntHigh_2080","PD","HA","IntHigh","2080",2.816012921876
"03100102_82000000_UNNAMED_CREEK",4100,170,"UNNAMED CREEK","03100102","82000000","STREAM","tbcmp_PD_HA_IntHigh_2080","PD","HA","IntHigh","2080",0.16803165908
"03100102_82000000_UNNAMED_CREEK",5200,12236,"UNNAMED CREEK","03100102","82000000","STREAM","tbcmp_PD_HA_IntHigh_2080","PD","HA","IntHigh","2080",12.094325767664
"03100102_82000000_UNNAMED_CREEK",5400,8476,"UNNAMED CREEK","03100102","82000000","STREAM","tbcmp_PD_HA_IntHigh_2080","PD","HA","IntHigh","2080",8.377860837424
"03100102_82000000_UNNAMED_CREEK",6110,15,"UNNAMED CREEK","03100102","82000000","STREAM","tbcmp_PD_HA_IntHigh_2080","PD","HA","IntHigh","2080",0.01482632286
"03100102_82000000_UNNAMED_CREEK",6120,5504,"UNNAMED CREEK","03100102","82000000","STREAM","tbcmp_PD_HA_IntHigh_2080","PD","HA","IntHigh","2080",5.440272068096
"03100102_82000000_UNNAMED_CREEK",6410,3194,"UNNAMED CREEK","03100102","82000000","STREAM","tbcmp_PD_HA_IntHigh_2080","PD","HA","IntHigh","2080",3.157018347656
"03100102_82000000_UNNAMED_CREEK",6420,2096,"UNNAMED CREEK","03100102","82000000","STREAM","tbcmp_PD_HA_IntHigh_2080","PD","HA","IntHigh","2080",2.071731514304
"03100102_82000000_UNNAMED_CREEK",6425,877,"UNNAMED CREEK","03100102","82000000","STREAM","tbcmp_PD_HA_IntHigh_2080","PD","HA","IntHigh","2080",0.866845676548
"03100102_82000000_UNNAMED_CREEK",6510,1066,"UNNAMED CREEK","03100102","82000000","STREAM","tbcmp_PD_HA_IntHigh_2080","PD","HA","IntHigh","2080",1.053657344584
"03100102_82000000_UNNAMED_CREEK",6600,7915,"UNNAMED CREEK","03100102","82000000","STREAM","tbcmp_PD_HA_IntHigh_2080","PD","HA","IntHigh","2080",7.82335636246
"03100102_82000000_UNNAMED_CREEK",9113,5218,"UNNAMED CREEK","03100102","82000000","STREAM","tbcmp_PD_HA_IntHigh_2080","PD","HA","IntHigh","2080",5.157583512232
"03100102_83000000_UNNAMED_CREEK",1100,84021,"UNNAMED CREEK","03100102","83000000","STREAM","tbcmp_PD_HA_IntHigh_2080","PD","HA","IntHigh","2080",83.048164868004
"03100102_83000000_UNNAMED_CREEK",1200,56845,"UNNAMED CREEK","03100102","83000000","STREAM","tbcmp_PD_HA_IntHigh_2080","PD","HA","IntHigh","2080",56.18682153178
"03100102_83000000_UNNAMED_CREEK",1800,3080,"UNNAMED CREEK","03100102","83000000","STREAM","tbcmp_PD_HA_IntHigh_2080","PD","HA","IntHigh","2080",3.04433829392
"03100102_83000000_UNNAMED_CREEK",1900,4028,"UNNAMED CREEK","03100102","83000000","STREAM","tbcmp_PD_HA_IntHigh_2080","PD","HA","IntHigh","2080",3.981361898672
"03100102_83000000_UNNAMED_CREEK",4100,8249,"UNNAMED CREEK","03100102","83000000","STREAM","tbcmp_PD_HA_IntHigh_2080","PD","HA","IntHigh","2080",8.153489151476
"03100102_83000000_UNNAMED_CREEK",5200,12911,"UNNAMED CREEK","03100102","83000000","STREAM","tbcmp_PD_HA_IntHigh_2080","PD","HA","IntHigh","2080",12.761510296364
"03100102_83000000_UNNAMED_CREEK",5400,9982,"UNNAMED CREEK","03100102","83000000","STREAM","tbcmp_PD_HA_IntHigh_2080","PD","HA","IntHigh","2080",9.866423652568
"03100102_83000000_UNNAMED_CREEK",6110,143,"UNNAMED CREEK","03100102","83000000","STREAM","tbcmp_PD_HA_IntHigh_2080","PD","HA","IntHigh","2080",0.141344277932
"03100102_83000000_UNNAMED_CREEK",6120,9358,"UNNAMED CREEK","03100102","83000000","STREAM","tbcmp_PD_HA_IntHigh_2080","PD","HA","IntHigh","2080",9.249648621592
"03100102_83000000_UNNAMED_CREEK",6410,496,"UNNAMED CREEK","03100102","83000000","STREAM","tbcmp_PD_HA_IntHigh_2080","PD","HA","IntHigh","2080",0.490257075904
"03100102_83000000_UNNAMED_CREEK",6420,4752,"UNNAMED CREEK","03100102","83000000","STREAM","tbcmp_PD_HA_IntHigh_2080","PD","HA","IntHigh","2080",4.696979082048
"03100102_83000000_UNNAMED_CREEK",6425,1359,"UNNAMED CREEK","03100102","83000000","STREAM","tbcmp_PD_HA_IntHigh_2080","PD","HA","IntHigh","2080",1.343264851116
"03100102_83000000_UNNAMED_CREEK",6510,1551,"UNNAMED CREEK","03100102","83000000","STREAM","tbcmp_PD_HA_IntHigh_2080","PD","HA","IntHigh","2080",1.533041783724
"03100102_83000000_UNNAMED_CREEK",6600,8463,"UNNAMED CREEK","03100102","83000000","STREAM","tbcmp_PD_HA_IntHigh_2080","PD","HA","IntHigh","2080",8.365011357612
"03100102_83000000_UNNAMED_CREEK",9113,7005,"UNNAMED CREEK","03100102","83000000","STREAM","tbcmp_PD_HA_IntHigh_2080","PD","HA","IntHigh","2080",6.92389277562
"03100102_84800000_UNNAMED_DITCH",1100,160933,"UNNAMED DITCH","03100102","84800000","DITCH","tbcmp_PD_HA_IntHigh_2080","PD","HA","IntHigh","2080",159.069641121892
"03100102_84800000_UNNAMED_DITCH",1200,4680,"UNNAMED DITCH","03100102","84800000","DITCH","tbcmp_PD_HA_IntHigh_2080","PD","HA","IntHigh","2080",4.62581273232
"03100102_84800000_UNNAMED_DITCH",1900,17140,"UNNAMED DITCH","03100102","84800000","DITCH","tbcmp_PD_HA_IntHigh_2080","PD","HA","IntHigh","2080",16.94154492136
"03100102_84800000_UNNAMED_DITCH",2100,12892,"UNNAMED DITCH","03100102","84800000","DITCH","tbcmp_PD_HA_IntHigh_2080","PD","HA","IntHigh","2080",12.742730287408
"03100102_84800000_UNNAMED_DITCH",3200,1008514,"UNNAMED DITCH","03100102","84800000","DITCH","tbcmp_PD_HA_IntHigh_2080","PD","HA","IntHigh","2080",996.836944855336
"03100102_84800000_UNNAMED_DITCH",4100,863142,"UNNAMED DITCH","03100102","84800000","DITCH","tbcmp_PD_HA_IntHigh_2080","PD","HA","IntHigh","2080",853.148131068408
"03100102_84800000_UNNAMED_DITCH",5200,14011,"UNNAMED DITCH","03100102","84800000","DITCH","tbcmp_PD_HA_IntHigh_2080","PD","HA","IntHigh","2080",13.848773972764
"03100102_84800000_UNNAMED_DITCH",6110,244769,"UNNAMED DITCH","03100102","84800000","DITCH","tbcmp_PD_HA_IntHigh_2080","PD","HA","IntHigh","2080",241.934948007956
"03100102_84800000_UNNAMED_DITCH",6410,1031666,"UNNAMED DITCH","03100102","84800000","DITCH","tbcmp_PD_HA_IntHigh_2080","PD","HA","IntHigh","2080",1019.72087997898
"03100102_85000000_UNNAMED_CREEK",1100,69057,"UNNAMED CREEK","03100102","85000000","STREAM","tbcmp_PD_HA_IntHigh_2080","PD","HA","IntHigh","2080",68.257425182868
"03100102_85000000_UNNAMED_CREEK",1200,243045,"UNNAMED CREEK","03100102","85000000","STREAM","tbcmp_PD_HA_IntHigh_2080","PD","HA","IntHigh","2080",240.23090930058
"03100102_85000000_UNNAMED_CREEK",1800,81232,"UNNAMED CREEK","03100102","85000000","STREAM","tbcmp_PD_HA_IntHigh_2080","PD","HA","IntHigh","2080",80.291457237568
"03100102_85000000_UNNAMED_CREEK",1900,337359,"UNNAMED CREEK","03100102","85000000","STREAM","tbcmp_PD_HA_IntHigh_2080","PD","HA","IntHigh","2080",333.452896915116
"03100102_85000000_UNNAMED_CREEK",2100,7034,"UNNAMED CREEK","03100102","85000000","STREAM","tbcmp_PD_HA_IntHigh_2080","PD","HA","IntHigh","2080",6.952556999816
"03100102_85000000_UNNAMED_CREEK",3200,124162,"UNNAMED CREEK","03100102","85000000","STREAM","tbcmp_PD_HA_IntHigh_2080","PD","HA","IntHigh","2080",122.724393262888
"03100102_85000000_UNNAMED_CREEK",4100,63339,"UNNAMED CREEK","03100102","85000000","STREAM","tbcmp_PD_HA_IntHigh_2080","PD","HA","IntHigh","2080",62.605630908636
"03100102_85000000_UNNAMED_CREEK",5200,126041,"UNNAMED CREEK","03100102","85000000","STREAM","tbcmp_PD_HA_IntHigh_2080","PD","HA","IntHigh","2080",124.581637306484
"03100102_85000000_UNNAMED_CREEK",5400,6974,"UNNAMED CREEK","03100102","85000000","STREAM","tbcmp_PD_HA_IntHigh_2080","PD","HA","IntHigh","2080",6.893251708376
"03100102_85000000_UNNAMED_CREEK",6110,9772,"UNNAMED CREEK","03100102","85000000","STREAM","tbcmp_PD_HA_IntHigh_2080","PD","HA","IntHigh","2080",9.658855132528
"03100102_85000000_UNNAMED_CREEK",6120,5935,"UNNAMED CREEK","03100102","85000000","STREAM","tbcmp_PD_HA_IntHigh_2080","PD","HA","IntHigh","2080",5.86628174494
"03100102_85000000_UNNAMED_CREEK",6410,166557,"UNNAMED CREEK","03100102","85000000","STREAM","tbcmp_PD_HA_IntHigh_2080","PD","HA","IntHigh","2080",164.628523772868
"03100102_85000000_UNNAMED_CREEK",6420,2801,"UNNAMED CREEK","03100102","85000000","STREAM","tbcmp_PD_HA_IntHigh_2080","PD","HA","IntHigh","2080",2.768568688724
"03100102_85000000_UNNAMED_CREEK",6425,1383,"UNNAMED CREEK","03100102","85000000","STREAM","tbcmp_PD_HA_IntHigh_2080","PD","HA","IntHigh","2080",1.366986967692
"03100102_85000000_UNNAMED_CREEK",6510,1622,"UNNAMED CREEK","03100102","85000000","STREAM","tbcmp_PD_HA_IntHigh_2080","PD","HA","IntHigh","2080",1.603219711928
"03100102_85000000_UNNAMED_CREEK",6600,43347,"UNNAMED CREEK","03100102","85000000","STREAM","tbcmp_PD_HA_IntHigh_2080","PD","HA","IntHigh","2080",42.845107800828
"03100102_85000000_UNNAMED_CREEK",9113,17088,"UNNAMED CREEK","03100102","85000000","STREAM","tbcmp_PD_HA_IntHigh_2080","PD","HA","IntHigh","2080",16.890147002112
"03100102_87000000_UNNAMED_CREEK",1100,281022,"UNNAMED CREEK","03100102","87000000","STREAM","tbcmp_PD_HA_IntHigh_2080","PD","HA","IntHigh","2080",277.768193517528
"03100102_87000000_UNNAMED_CREEK",1200,473529,"UNNAMED CREEK","03100102","87000000","STREAM","tbcmp_PD_HA_IntHigh_2080","PD","HA","IntHigh","2080",468.046255838196
"03100102_87000000_UNNAMED_CREEK",1800,16416,"UNNAMED CREEK","03100102","87000000","STREAM","tbcmp_PD_HA_IntHigh_2080","PD","HA","IntHigh","2080",16.225927737984
"03100102_87000000_UNNAMED_CREEK",1900,109160,"UNNAMED CREEK","03100102","87000000","STREAM","tbcmp_PD_HA_IntHigh_2080","PD","HA","IntHigh","2080",107.89609355984
"03100102_87000000_UNNAMED_CREEK",3200,344432,"UNNAMED CREEK","03100102","87000000","STREAM","tbcmp_PD_HA_IntHigh_2080","PD","HA","IntHigh","2080",340.444002354368
"03100102_87000000_UNNAMED_CREEK",4100,274037,"UNNAMED CREEK","03100102","87000000","STREAM","tbcmp_PD_HA_IntHigh_2080","PD","HA","IntHigh","2080",270.864069172388
"03100102_87000000_UNNAMED_CREEK",5200,2657,"UNNAMED CREEK","03100102","87000000","STREAM","tbcmp_PD_HA_IntHigh_2080","PD","HA","IntHigh","2080",2.626235989268
"03100102_87000000_UNNAMED_CREEK",5400,37774,"UNNAMED CREEK","03100102","87000000","STREAM","tbcmp_PD_HA_IntHigh_2080","PD","HA","IntHigh","2080",37.336634647576
"03100102_87000000_UNNAMED_CREEK",6110,4969,"UNNAMED CREEK","03100102","87000000","STREAM","tbcmp_PD_HA_IntHigh_2080","PD","HA","IntHigh","2080",4.911466552756
"03100102_87000000_UNNAMED_CREEK",6120,1,"UNNAMED CREEK","03100102","87000000","STREAM","tbcmp_PD_HA_IntHigh_2080","PD","HA","IntHigh","2080",0.000988421524
"03100102_87000000_UNNAMED_CREEK",6410,80304,"UNNAMED CREEK","03100102","87000000","STREAM","tbcmp_PD_HA_IntHigh_2080","PD","HA","IntHigh","2080",79.374202063296
"03100102_87000000_UNNAMED_CREEK",6420,2613,"UNNAMED CREEK","03100102","87000000","STREAM","tbcmp_PD_HA_IntHigh_2080","PD","HA","IntHigh","2080",2.582745442212
"03100102_87000000_UNNAMED_CREEK",6425,8805,"UNNAMED CREEK","03100102","87000000","STREAM","tbcmp_PD_HA_IntHigh_2080","PD","HA","IntHigh","2080",8.70305151882
"03100102_87000000_UNNAMED_CREEK",6510,6043,"UNNAMED CREEK","03100102","87000000","STREAM","tbcmp_PD_HA_IntHigh_2080","PD","HA","IntHigh","2080",5.973031269532
"03100102_87000000_UNNAMED_CREEK",6600,8587,"UNNAMED CREEK","03100102","87000000","STREAM","tbcmp_PD_HA_IntHigh_2080","PD","HA","IntHigh","2080",8.487575626588
"03100102_87000000_UNNAMED_CREEK",9113,7952,"UNNAMED CREEK","03100102","87000000","STREAM","tbcmp_PD_HA_IntHigh_2080","PD","HA","IntHigh","2080",7.859927958848
"03100102_90000000_BIG_SLOUGH_CANAL",1100,1425898,"BIG SLOUGH CANAL","03100102","90000000","CANAL","tbcmp_PD_HA_IntHigh_2080","PD","HA","IntHigh","2080",1409.38827422855
"03100102_90000000_BIG_SLOUGH_CANAL",1200,2037090,"BIG SLOUGH CANAL","03100102","90000000","CANAL","tbcmp_PD_HA_IntHigh_2080","PD","HA","IntHigh","2080",2013.50360232516
"03100102_90000000_BIG_SLOUGH_CANAL",1800,23027,"BIG SLOUGH CANAL","03100102","90000000","CANAL","tbcmp_PD_HA_IntHigh_2080","PD","HA","IntHigh","2080",22.760382433148
"03100102_90000000_BIG_SLOUGH_CANAL",1820,30165,"BIG SLOUGH CANAL","03100102","90000000","CANAL","tbcmp_PD_HA_IntHigh_2080","PD","HA","IntHigh","2080",29.81573527146
"03100102_90000000_BIG_SLOUGH_CANAL",1900,1182683,"BIG SLOUGH CANAL","03100102","90000000","CANAL","tbcmp_PD_HA_IntHigh_2080","PD","HA","IntHigh","2080",1168.98933326889
"03100102_90000000_BIG_SLOUGH_CANAL",2100,9253846,"BIG SLOUGH CANAL","03100102","90000000","CANAL","tbcmp_PD_HA_IntHigh_2080","PD","HA","IntHigh","2080",9146.7005661813
"03100102_90000000_BIG_SLOUGH_CANAL",2200,1128587,"BIG SLOUGH CANAL","03100102","90000000","CANAL","tbcmp_PD_HA_IntHigh_2080","PD","HA","IntHigh","2080",1115.51968250659
"03100102_90000000_BIG_SLOUGH_CANAL",3200,3650234,"BIG SLOUGH CANAL","03100102","90000000","CANAL","tbcmp_PD_HA_IntHigh_2080","PD","HA","IntHigh","2080",3607.96985323662
"03100102_90000000_BIG_SLOUGH_CANAL",4100,6367152,"BIG SLOUGH CANAL","03100102","90000000","CANAL","tbcmp_PD_HA_IntHigh_2080","PD","HA","IntHigh","2080",6293.43008337965
"03100102_90000000_BIG_SLOUGH_CANAL",5200,124821,"BIG SLOUGH CANAL","03100102","90000000","CANAL","tbcmp_PD_HA_IntHigh_2080","PD","HA","IntHigh","2080",123.375763047204
"03100102_90000000_BIG_SLOUGH_CANAL",5400,129622,"BIG SLOUGH CANAL","03100102","90000000","CANAL","tbcmp_PD_HA_IntHigh_2080","PD","HA","IntHigh","2080",128.121174783928
"03100102_90000000_BIG_SLOUGH_CANAL",6110,1891791,"BIG SLOUGH CANAL","03100102","90000000","CANAL","tbcmp_PD_HA_IntHigh_2080","PD","HA","IntHigh","2080",1869.88694330948
"03100102_90000000_BIG_SLOUGH_CANAL",6120,19116,"BIG SLOUGH CANAL","03100102","90000000","CANAL","tbcmp_PD_HA_IntHigh_2080","PD","HA","IntHigh","2080",18.894665852784
"03100102_90000000_BIG_SLOUGH_CANAL",6410,5972093,"BIG SLOUGH CANAL","03100102","90000000","CANAL","tbcmp_PD_HA_IntHigh_2080","PD","HA","IntHigh","2080",5902.94526452973
"03100102_90000000_BIG_SLOUGH_CANAL",6420,40294,"BIG SLOUGH CANAL","03100102","90000000","CANAL","tbcmp_PD_HA_IntHigh_2080","PD","HA","IntHigh","2080",39.827456888056
"03100102_90000000_BIG_SLOUGH_CANAL",6425,61734,"BIG SLOUGH CANAL","03100102","90000000","CANAL","tbcmp_PD_HA_IntHigh_2080","PD","HA","IntHigh","2080",61.019214362616
"03100102_90000000_BIG_SLOUGH_CANAL",6510,30158,"BIG SLOUGH CANAL","03100102","90000000","CANAL","tbcmp_PD_HA_IntHigh_2080","PD","HA","IntHigh","2080",29.808816320792
"03100102_90000000_BIG_SLOUGH_CANAL",6600,110987,"BIG SLOUGH CANAL","03100102","90000000","CANAL","tbcmp_PD_HA_IntHigh_2080","PD","HA","IntHigh","2080",109.701939684188
"03100102_90000000_BIG_SLOUGH_CANAL",9113,71864,"BIG SLOUGH CANAL","03100102","90000000","CANAL","tbcmp_PD_HA_IntHigh_2080","PD","HA","IntHigh","2080",71.031924400736
"03100102_90200000_WILDCAT_SLOUGH",1100,123166,"WILDCAT SLOUGH","03100102","90200000","SLOUGH","tbcmp_PD_HA_IntHigh_2080","PD","HA","IntHigh","2080",121.739925424984
"03100102_90200000_WILDCAT_SLOUGH",1200,15829,"WILDCAT SLOUGH","03100102","90200000","SLOUGH","tbcmp_PD_HA_IntHigh_2080","PD","HA","IntHigh","2080",15.645724303396
"03100102_90200000_WILDCAT_SLOUGH",1900,432897,"WILDCAT SLOUGH","03100102","90200000","SLOUGH","tbcmp_PD_HA_IntHigh_2080","PD","HA","IntHigh","2080",427.884712475028
"03100102_90200000_WILDCAT_SLOUGH",2100,3480665,"WILDCAT SLOUGH","03100102","90200000","SLOUGH","tbcmp_PD_HA_IntHigh_2080","PD","HA","IntHigh","2080",3440.36420383346
"03100102_90200000_WILDCAT_SLOUGH",2400,312202,"WILDCAT SLOUGH","03100102","90200000","SLOUGH","tbcmp_PD_HA_IntHigh_2080","PD","HA","IntHigh","2080",308.587176635848
"03100102_90200000_WILDCAT_SLOUGH",3200,800548,"WILDCAT SLOUGH","03100102","90200000","SLOUGH","tbcmp_PD_HA_IntHigh_2080","PD","HA","IntHigh","2080",791.278874195152
"03100102_90200000_WILDCAT_SLOUGH",4100,766628,"WILDCAT SLOUGH","03100102","90200000","SLOUGH","tbcmp_PD_HA_IntHigh_2080","PD","HA","IntHigh","2080",757.751616101072
"03100102_90200000_WILDCAT_SLOUGH",5200,10134,"WILDCAT SLOUGH","03100102","90200000","SLOUGH","tbcmp_PD_HA_IntHigh_2080","PD","HA","IntHigh","2080",10.016663724216
"03100102_90200000_WILDCAT_SLOUGH",6110,762611,"WILDCAT SLOUGH","03100102","90200000","SLOUGH","tbcmp_PD_HA_IntHigh_2080","PD","HA","IntHigh","2080",753.781126839164
"03100102_90200000_WILDCAT_SLOUGH",6410,1055730,"WILDCAT SLOUGH","03100102","90200000","SLOUGH","tbcmp_PD_HA_IntHigh_2080","PD","HA","IntHigh","2080",1043.50625553252
"03100102_90201000_BUD_SLOUGH",1100,536654,"BUD SLOUGH","03100102","90201000","SLOUGH","tbcmp_PD_HA_IntHigh_2080","PD","HA","IntHigh","2080",530.440364540696
"03100102_90201000_BUD_SLOUGH",1200,8247,"BUD SLOUGH","03100102","90201000","SLOUGH","tbcmp_PD_HA_IntHigh_2080","PD","HA","IntHigh","2080",8.151512308428
"03100102_90201000_BUD_SLOUGH",1900,63059,"BUD SLOUGH","03100102","90201000","SLOUGH","tbcmp_PD_HA_IntHigh_2080","PD","HA","IntHigh","2080",62.328872881916
"03100102_90201000_BUD_SLOUGH",2100,1925902,"BUD SLOUGH","03100102","90201000","SLOUGH","tbcmp_PD_HA_IntHigh_2080","PD","HA","IntHigh","2080",1903.60298991465
"03100102_90201000_BUD_SLOUGH",2400,15952,"BUD SLOUGH","03100102","90201000","SLOUGH","tbcmp_PD_HA_IntHigh_2080","PD","HA","IntHigh","2080",15.767300150848
"03100102_90201000_BUD_SLOUGH",3200,327041,"BUD SLOUGH","03100102","90201000","SLOUGH","tbcmp_PD_HA_IntHigh_2080","PD","HA","IntHigh","2080",323.254363630484
"03100102_90201000_BUD_SLOUGH",4100,515053,"BUD SLOUGH","03100102","90201000","SLOUGH","tbcmp_PD_HA_IntHigh_2080","PD","HA","IntHigh","2080",509.089471200772
"03100102_90201000_BUD_SLOUGH",4400,1763,"BUD SLOUGH","03100102","90201000","SLOUGH","tbcmp_PD_HA_IntHigh_2080","PD","HA","IntHigh","2080",1.742587146812
"03100102_90201000_BUD_SLOUGH",5200,13356,"BUD SLOUGH","03100102","90201000","SLOUGH","tbcmp_PD_HA_IntHigh_2080","PD","HA","IntHigh","2080",13.201357874544
"03100102_90201000_BUD_SLOUGH",6110,428429,"BUD SLOUGH","03100102","90201000","SLOUGH","tbcmp_PD_HA_IntHigh_2080","PD","HA","IntHigh","2080",423.468445105796
"03100102_90201000_BUD_SLOUGH",6410,366894,"BUD SLOUGH","03100102","90201000","SLOUGH","tbcmp_PD_HA_IntHigh_2080","PD","HA","IntHigh","2080",362.645926626456
"03100102_90300000_MUD_LAKE_SLOUGH",1100,274353,"MUD LAKE SLOUGH","03100102","90300000","SLOUGH","tbcmp_PD_HA_IntHigh_2080","PD","HA","IntHigh","2080",271.176410373972
"03100102_90300000_MUD_LAKE_SLOUGH",1200,42040,"MUD LAKE SLOUGH","03100102","90300000","SLOUGH","tbcmp_PD_HA_IntHigh_2080","PD","HA","IntHigh","2080",41.55324086896
"03100102_90300000_MUD_LAKE_SLOUGH",1900,344266,"MUD LAKE SLOUGH","03100102","90300000","SLOUGH","tbcmp_PD_HA_IntHigh_2080","PD","HA","IntHigh","2080",340.279924381384
"03100102_90300000_MUD_LAKE_SLOUGH",2100,5326717,"MUD LAKE SLOUGH","03100102","90300000","SLOUGH","tbcmp_PD_HA_IntHigh_2080","PD","HA","IntHigh","2080",5265.04173505671
"03100102_90300000_MUD_LAKE_SLOUGH",2200,114321,"MUD LAKE SLOUGH","03100102","90300000","SLOUGH","tbcmp_PD_HA_IntHigh_2080","PD","HA","IntHigh","2080",112.997337045204
"03100102_90300000_MUD_LAKE_SLOUGH",2400,17863,"MUD LAKE SLOUGH","03100102","90300000","SLOUGH","tbcmp_PD_HA_IntHigh_2080","PD","HA","IntHigh","2080",17.656173683212
"03100102_90300000_MUD_LAKE_SLOUGH",3200,980330,"MUD LAKE SLOUGH","03100102","90300000","SLOUGH","tbcmp_PD_HA_IntHigh_2080","PD","HA","IntHigh","2080",968.97927262292
"03100102_90300000_MUD_LAKE_SLOUGH",4100,1713689,"MUD LAKE SLOUGH","03100102","90300000","SLOUGH","tbcmp_PD_HA_IntHigh_2080","PD","HA","IntHigh","2080",1693.84709304204
"03100102_90300000_MUD_LAKE_SLOUGH",4400,45797,"MUD LAKE SLOUGH","03100102","90300000","SLOUGH","tbcmp_PD_HA_IntHigh_2080","PD","HA","IntHigh","2080",45.266740534628
"03100102_90300000_MUD_LAKE_SLOUGH",5200,12950,"MUD LAKE SLOUGH","03100102","90300000","SLOUGH","tbcmp_PD_HA_IntHigh_2080","PD","HA","IntHigh","2080",12.8000587358
"03100102_90300000_MUD_LAKE_SLOUGH",6110,688532,"MUD LAKE SLOUGH","03100102","90300000","SLOUGH","tbcmp_PD_HA_IntHigh_2080","PD","HA","IntHigh","2080",680.559848762768
"03100102_90300000_MUD_LAKE_SLOUGH",6410,1978328,"MUD LAKE SLOUGH","03100102","90300000","SLOUGH","tbcmp_PD_HA_IntHigh_2080","PD","HA","IntHigh","2080",1955.42197673187
"03100102_90690000_UNNAMED_DITCH_SYSTEM",1100,326989,"UNNAMED DITCH SYSTEM","03100102","90690000","DITCH","tbcmp_PD_HA_IntHigh_2080","PD","HA","IntHigh","2080",323.202965711236
"03100102_90690000_UNNAMED_DITCH_SYSTEM",1200,89524,"UNNAMED DITCH SYSTEM","03100102","90690000","DITCH","tbcmp_PD_HA_IntHigh_2080","PD","HA","IntHigh","2080",88.487448514576
"03100102_90690000_UNNAMED_DITCH_SYSTEM",1900,33889,"UNNAMED DITCH SYSTEM","03100102","90690000","DITCH","tbcmp_PD_HA_IntHigh_2080","PD","HA","IntHigh","2080",33.496617026836
"03100102_90690000_UNNAMED_DITCH_SYSTEM",3200,5358,"UNNAMED DITCH SYSTEM","03100102","90690000","DITCH","tbcmp_PD_HA_IntHigh_2080","PD","HA","IntHigh","2080",5.295962525592
"03100102_90690000_UNNAMED_DITCH_SYSTEM",4100,2184,"UNNAMED DITCH SYSTEM","03100102","90690000","DITCH","tbcmp_PD_HA_IntHigh_2080","PD","HA","IntHigh","2080",2.158712608416
"03100102_90690000_UNNAMED_DITCH_SYSTEM",5200,1057,"UNNAMED DITCH SYSTEM","03100102","90690000","DITCH","tbcmp_PD_HA_IntHigh_2080","PD","HA","IntHigh","2080",1.044761550868
"03100102_90690000_UNNAMED_DITCH_SYSTEM",6110,9101,"UNNAMED DITCH SYSTEM","03100102","90690000","DITCH","tbcmp_PD_HA_IntHigh_2080","PD","HA","IntHigh","2080",8.995624289924
"03100102_90690000_UNNAMED_DITCH_SYSTEM",6410,21203,"UNNAMED DITCH SYSTEM","03100102","90690000","DITCH","tbcmp_PD_HA_IntHigh_2080","PD","HA","IntHigh","2080",20.957501573372
"03100102_90720000_UNNAMED_DITCH_SYSTEM",1100,504195,"UNNAMED DITCH SYSTEM","03100102","90720000","DITCH","tbcmp_PD_HA_IntHigh_2080","PD","HA","IntHigh","2080",498.35719029318
"03100102_90720000_UNNAMED_DITCH_SYSTEM",1200,241129,"UNNAMED DITCH SYSTEM","03100102","90720000","DITCH","tbcmp_PD_HA_IntHigh_2080","PD","HA","IntHigh","2080",238.337093660596
"03100102_90720000_UNNAMED_DITCH_SYSTEM",1900,20163,"UNNAMED DITCH SYSTEM","03100102","90720000","DITCH","tbcmp_PD_HA_IntHigh_2080","PD","HA","IntHigh","2080",19.929543188412
"03100102_90720000_UNNAMED_DITCH_SYSTEM",3200,24236,"UNNAMED DITCH SYSTEM","03100102","90720000","DITCH","tbcmp_PD_HA_IntHigh_2080","PD","HA","IntHigh","2080",23.955384055664
"03100102_90720000_UNNAMED_DITCH_SYSTEM",4100,1918,"UNNAMED DITCH SYSTEM","03100102","90720000","DITCH","tbcmp_PD_HA_IntHigh_2080","PD","HA","IntHigh","2080",1.895792483032
"03100102_90720000_UNNAMED_DITCH_SYSTEM",5200,3995,"UNNAMED DITCH SYSTEM","03100102","90720000","DITCH","tbcmp_PD_HA_IntHigh_2080","PD","HA","IntHigh","2080",3.94874398838
"03100102_90720000_UNNAMED_DITCH_SYSTEM",6110,29226,"UNNAMED DITCH SYSTEM","03100102","90720000","DITCH","tbcmp_PD_HA_IntHigh_2080","PD","HA","IntHigh","2080",28.887607460424
"03100102_90720000_UNNAMED_DITCH_SYSTEM",6410,43549,"UNNAMED DITCH SYSTEM","03100102","90720000","DITCH","tbcmp_PD_HA_IntHigh_2080","PD","HA","IntHigh","2080",43.044768948676
"03100102_90800000_UNNAMED_DITCH",1100,816787,"UNNAMED DITCH","03100102","90800000","DITCH","tbcmp_PD_HA_IntHigh_2080","PD","HA","IntHigh","2080",807.329851323388
"03100102_90800000_UNNAMED_DITCH",1200,40110,"UNNAMED DITCH","03100102","90800000","DITCH","tbcmp_PD_HA_IntHigh_2080","PD","HA","IntHigh","2080",39.64558732764
"03100102_90800000_UNNAMED_DITCH",1900,108474,"UNNAMED DITCH","03100102","90800000","DITCH","tbcmp_PD_HA_IntHigh_2080","PD","HA","IntHigh","2080",107.218036394376
"03100102_90800000_UNNAMED_DITCH",3200,9722,"UNNAMED DITCH","03100102","90800000","DITCH","tbcmp_PD_HA_IntHigh_2080","PD","HA","IntHigh","2080",9.609434056328
"03100102_90800000_UNNAMED_DITCH",4100,5937,"UNNAMED DITCH","03100102","90800000","DITCH","tbcmp_PD_HA_IntHigh_2080","PD","HA","IntHigh","2080",5.868258587988
"03100102_90800000_UNNAMED_DITCH",5200,2997,"UNNAMED DITCH","03100102","90800000","DITCH","tbcmp_PD_HA_IntHigh_2080","PD","HA","IntHigh","2080",2.962299307428
"03100102_90800000_UNNAMED_DITCH",6110,2789,"UNNAMED DITCH","03100102","90800000","DITCH","tbcmp_PD_HA_IntHigh_2080","PD","HA","IntHigh","2080",2.756707630436
"03100102_90800000_UNNAMED_DITCH",6410,5333,"UNNAMED DITCH","03100102","90800000","DITCH","tbcmp_PD_HA_IntHigh_2080","PD","HA","IntHigh","2080",5.271251987492
"03100102_90800000_UNNAMED_DITCH",6600,1,"UNNAMED DITCH","03100102","90800000","DITCH","tbcmp_PD_HA_IntHigh_2080","PD","HA","IntHigh","2080",0.000988421524
"03100102_90900000_UNNAMED_DITCH_SYSTEM",1100,1091231,"UNNAMED DITCH SYSTEM","03100102","90900000","DITCH","tbcmp_PD_HA_IntHigh_2080","PD","HA","IntHigh","2080",1078.59620805604
"03100102_90900000_UNNAMED_DITCH_SYSTEM",1200,5407197,"UNNAMED DITCH SYSTEM","03100102","90900000","DITCH","tbcmp_PD_HA_IntHigh_2080","PD","HA","IntHigh","2080",5344.58989930823
"03100102_90900000_UNNAMED_DITCH_SYSTEM",1800,19055,"UNNAMED DITCH SYSTEM","03100102","90900000","DITCH","tbcmp_PD_HA_IntHigh_2080","PD","HA","IntHigh","2080",18.83437213982
"03100102_90900000_UNNAMED_DITCH_SYSTEM",1820,130027,"UNNAMED DITCH SYSTEM","03100102","90900000","DITCH","tbcmp_PD_HA_IntHigh_2080","PD","HA","IntHigh","2080",128.521485501148
"03100102_90900000_UNNAMED_DITCH_SYSTEM",1900,4165881,"UNNAMED DITCH SYSTEM","03100102","90900000","DITCH","tbcmp_PD_HA_IntHigh_2080","PD","HA","IntHigh","2080",4117.64644682264
"03100102_90900000_UNNAMED_DITCH_SYSTEM",2100,620790,"UNNAMED DITCH SYSTEM","03100102","90900000","DITCH","tbcmp_PD_HA_IntHigh_2080","PD","HA","IntHigh","2080",613.60219788396
"03100102_90900000_UNNAMED_DITCH_SYSTEM",3200,2287694,"UNNAMED DITCH SYSTEM","03100102","90900000","DITCH","tbcmp_PD_HA_IntHigh_2080","PD","HA","IntHigh","2080",2261.20598992566
"03100102_90900000_UNNAMED_DITCH_SYSTEM",4100,1558782,"UNNAMED DITCH SYSTEM","03100102","90900000","DITCH","tbcmp_PD_HA_IntHigh_2080","PD","HA","IntHigh","2080",1540.73368002377
"03100102_90900000_UNNAMED_DITCH_SYSTEM",5200,575307,"UNNAMED DITCH SYSTEM","03100102","90900000","DITCH","tbcmp_PD_HA_IntHigh_2080","PD","HA","IntHigh","2080",568.645821707868
"03100102_90900000_UNNAMED_DITCH_SYSTEM",5400,67361,"UNNAMED DITCH SYSTEM","03100102","90900000","DITCH","tbcmp_PD_HA_IntHigh_2080","PD","HA","IntHigh","2080",66.581062278164
"03100102_90900000_UNNAMED_DITCH_SYSTEM",6110,301916,"UNNAMED DITCH SYSTEM","03100102","90900000","DITCH","tbcmp_PD_HA_IntHigh_2080","PD","HA","IntHigh","2080",298.420272839984
"03100102_90900000_UNNAMED_DITCH_SYSTEM",6120,633,"UNNAMED DITCH SYSTEM","03100102","90900000","DITCH","tbcmp_PD_HA_IntHigh_2080","PD","HA","IntHigh","2080",0.625670824692
"03100102_90900000_UNNAMED_DITCH_SYSTEM",6410,2412235,"UNNAMED DITCH SYSTEM","03100102","90900000","DITCH","tbcmp_PD_HA_IntHigh_2080","PD","HA","IntHigh","2080",2384.30499494614
"03100102_90900000_UNNAMED_DITCH_SYSTEM",6420,47,"UNNAMED DITCH SYSTEM","03100102","90900000","DITCH","tbcmp_PD_HA_IntHigh_2080","PD","HA","IntHigh","2080",0.046455811628
"03100102_90900000_UNNAMED_DITCH_SYSTEM",6425,1,"UNNAMED DITCH SYSTEM","03100102","90900000","DITCH","tbcmp_PD_HA_IntHigh_2080","PD","HA","IntHigh","2080",0.000988421524
"03100102_90900000_UNNAMED_DITCH_SYSTEM",6510,1,"UNNAMED DITCH SYSTEM","03100102","90900000","DITCH","tbcmp_PD_HA_IntHigh_2080","PD","HA","IntHigh","2080",0.000988421524
"03100102_90900000_UNNAMED_DITCH_SYSTEM",6600,139,"UNNAMED DITCH SYSTEM","03100102","90900000","DITCH","tbcmp_PD_HA_IntHigh_2080","PD","HA","IntHigh","2080",0.137390591836
"03100102_90900000_UNNAMED_DITCH_SYSTEM",9113,1347,"UNNAMED DITCH SYSTEM","03100102","90900000","DITCH","tbcmp_PD_HA_IntHigh_2080","PD","HA","IntHigh","2080",1.331403792828
"03100102_90904000_UNNAMED_DITCH_SYSTEM",1100,334121,"UNNAMED DITCH SYSTEM","03100102","90904000","DITCH","tbcmp_PD_HA_IntHigh_2080","PD","HA","IntHigh","2080",330.252388020404
"03100102_90904000_UNNAMED_DITCH_SYSTEM",1200,814363,"UNNAMED DITCH SYSTEM","03100102","90904000","DITCH","tbcmp_PD_HA_IntHigh_2080","PD","HA","IntHigh","2080",804.933917549212
"03100102_90904000_UNNAMED_DITCH_SYSTEM",1900,81263,"UNNAMED DITCH SYSTEM","03100102","90904000","DITCH","tbcmp_PD_HA_IntHigh_2080","PD","HA","IntHigh","2080",80.322098304812
"03100102_90904000_UNNAMED_DITCH_SYSTEM",5200,10911,"UNNAMED DITCH SYSTEM","03100102","90904000","DITCH","tbcmp_PD_HA_IntHigh_2080","PD","HA","IntHigh","2080",10.784667248364
"03100102_90904000_UNNAMED_DITCH_SYSTEM",6110,6143,"UNNAMED DITCH SYSTEM","03100102","90904000","DITCH","tbcmp_PD_HA_IntHigh_2080","PD","HA","IntHigh","2080",6.071873421932
"03100102_90904000_UNNAMED_DITCH_SYSTEM",6410,29881,"UNNAMED DITCH SYSTEM","03100102","90904000","DITCH","tbcmp_PD_HA_IntHigh_2080","PD","HA","IntHigh","2080",29.535023558644
"03100102_90905000_UNNAMED_DITCH_SYSTEM",1100,21900,"UNNAMED DITCH SYSTEM","03100102","90905000","DITCH","tbcmp_PD_HA_IntHigh_2080","PD","HA","IntHigh","2080",21.6464313756
"03100102_90905000_UNNAMED_DITCH_SYSTEM",1200,1076060,"UNNAMED DITCH SYSTEM","03100102","90905000","DITCH","tbcmp_PD_HA_IntHigh_2080","PD","HA","IntHigh","2080",1063.60086511544
"03100102_90905000_UNNAMED_DITCH_SYSTEM",1900,277178,"UNNAMED DITCH SYSTEM","03100102","90905000","DITCH","tbcmp_PD_HA_IntHigh_2080","PD","HA","IntHigh","2080",273.968701179272
"03100102_90905000_UNNAMED_DITCH_SYSTEM",2100,1751362,"UNNAMED DITCH SYSTEM","03100102","90905000","DITCH","tbcmp_PD_HA_IntHigh_2080","PD","HA","IntHigh","2080",1731.08389711569
"03100102_90905000_UNNAMED_DITCH_SYSTEM",2200,233740,"UNNAMED DITCH SYSTEM","03100102","90905000","DITCH","tbcmp_PD_HA_IntHigh_2080","PD","HA","IntHigh","2080",231.03364701976
"03100102_90905000_UNNAMED_DITCH_SYSTEM",2400,28786,"UNNAMED DITCH SYSTEM","03100102","90905000","DITCH","tbcmp_PD_HA_IntHigh_2080","PD","HA","IntHigh","2080",28.452701989864
"03100102_90905000_UNNAMED_DITCH_SYSTEM",3200,1161471,"UNNAMED DITCH SYSTEM","03100102","90905000","DITCH","tbcmp_PD_HA_IntHigh_2080","PD","HA","IntHigh","2080",1148.0229359018
"03100102_90905000_UNNAMED_DITCH_SYSTEM",4100,4696995,"UNNAMED DITCH SYSTEM","03100102","90905000","DITCH","tbcmp_PD_HA_IntHigh_2080","PD","HA","IntHigh","2080",4642.61095612038
"03100102_90905000_UNNAMED_DITCH_SYSTEM",5200,62517,"UNNAMED DITCH SYSTEM","03100102","90905000","DITCH","tbcmp_PD_HA_IntHigh_2080","PD","HA","IntHigh","2080",61.793148415908
"03100102_90905000_UNNAMED_DITCH_SYSTEM",6110,744363,"UNNAMED DITCH SYSTEM","03100102","90905000","DITCH","tbcmp_PD_HA_IntHigh_2080","PD","HA","IntHigh","2080",735.744410869212
"03100102_90905000_UNNAMED_DITCH_SYSTEM",6410,3522464,"UNNAMED DITCH SYSTEM","03100102","90905000","DITCH","tbcmp_PD_HA_IntHigh_2080","PD","HA","IntHigh","2080",3481.67923511514
"03100102_90907000_UNNAMED_CANAL_SYSTEM",1200,1866169,"UNNAMED CANAL SYSTEM","03100102","90907000","CANAL","tbcmp_PD_HA_IntHigh_2080","PD","HA","IntHigh","2080",1844.56160702156
"03100102_90907000_UNNAMED_CANAL_SYSTEM",1900,198511,"UNNAMED CANAL SYSTEM","03100102","90907000","CANAL","tbcmp_PD_HA_IntHigh_2080","PD","HA","IntHigh","2080",196.212545150764
"03100102_90907000_UNNAMED_CANAL_SYSTEM",4100,156659,"UNNAMED CANAL SYSTEM","03100102","90907000","CANAL","tbcmp_PD_HA_IntHigh_2080","PD","HA","IntHigh","2080",154.845127528316
"03100102_90907000_UNNAMED_CANAL_SYSTEM",5200,104327,"UNNAMED CANAL SYSTEM","03100102","90907000","CANAL","tbcmp_PD_HA_IntHigh_2080","PD","HA","IntHigh","2080",103.119052334348
"03100102_90907000_UNNAMED_CANAL_SYSTEM",5400,551,"UNNAMED CANAL SYSTEM","03100102","90907000","CANAL","tbcmp_PD_HA_IntHigh_2080","PD","HA","IntHigh","2080",0.544620259724
"03100102_90907000_UNNAMED_CANAL_SYSTEM",6410,49578,"UNNAMED CANAL SYSTEM","03100102","90907000","CANAL","tbcmp_PD_HA_IntHigh_2080","PD","HA","IntHigh","2080",49.003962316872
"03100102_90907500_UNNAMED_CANAL_SYSTEM",1200,2370454,"UNNAMED CANAL SYSTEM","03100102","90907500","CANAL","tbcmp_PD_HA_IntHigh_2080","PD","HA","IntHigh","2080",2343.0077552519
"03100102_90907500_UNNAMED_CANAL_SYSTEM",5200,42398,"UNNAMED CANAL SYSTEM","03100102","90907500","CANAL","tbcmp_PD_HA_IntHigh_2080","PD","HA","IntHigh","2080",41.907095774552
"03100102_90907500_UNNAMED_CANAL_SYSTEM",5400,382,"UNNAMED CANAL SYSTEM","03100102","90907500","CANAL","tbcmp_PD_HA_IntHigh_2080","PD","HA","IntHigh","2080",0.377577022168
"03100102_90907500_UNNAMED_CANAL_SYSTEM",6110,2312,"UNNAMED CANAL SYSTEM","03100102","90907500","CANAL","tbcmp_PD_HA_IntHigh_2080","PD","HA","IntHigh","2080",2.285230563488
"03100102_90907500_UNNAMED_CANAL_SYSTEM",6410,4409,"UNNAMED CANAL SYSTEM","03100102","90907500","CANAL","tbcmp_PD_HA_IntHigh_2080","PD","HA","IntHigh","2080",4.357950499316
"03100102_90908500_UNNAMED_CANAL_SYSTEM",1200,2078440,"UNNAMED CANAL SYSTEM","03100102","90908500","CANAL","tbcmp_PD_HA_IntHigh_2080","PD","HA","IntHigh","2080",2054.37483234256
"03100102_90908500_UNNAMED_CANAL_SYSTEM",1800,7636,"UNNAMED CANAL SYSTEM","03100102","90908500","CANAL","tbcmp_PD_HA_IntHigh_2080","PD","HA","IntHigh","2080",7.547586757264
"03100102_90908500_UNNAMED_CANAL_SYSTEM",1820,201050,"UNNAMED CANAL SYSTEM","03100102","90908500","CANAL","tbcmp_PD_HA_IntHigh_2080","PD","HA","IntHigh","2080",198.7221474002
"03100102_90908500_UNNAMED_CANAL_SYSTEM",1900,51981,"UNNAMED CANAL SYSTEM","03100102","90908500","CANAL","tbcmp_PD_HA_IntHigh_2080","PD","HA","IntHigh","2080",51.379139239044
"03100102_90908500_UNNAMED_CANAL_SYSTEM",3200,9585,"UNNAMED CANAL SYSTEM","03100102","90908500","CANAL","tbcmp_PD_HA_IntHigh_2080","PD","HA","IntHigh","2080",9.47402030754
"03100102_90908500_UNNAMED_CANAL_SYSTEM",4100,71473,"UNNAMED CANAL SYSTEM","03100102","90908500","CANAL","tbcmp_PD_HA_IntHigh_2080","PD","HA","IntHigh","2080",70.645451584852
"03100102_90908500_UNNAMED_CANAL_SYSTEM",5200,102669,"UNNAMED CANAL SYSTEM","03100102","90908500","CANAL","tbcmp_PD_HA_IntHigh_2080","PD","HA","IntHigh","2080",101.480249447556
"03100102_90908500_UNNAMED_CANAL_SYSTEM",5400,49382,"UNNAMED CANAL SYSTEM","03100102","90908500","CANAL","tbcmp_PD_HA_IntHigh_2080","PD","HA","IntHigh","2080",48.810231698168
"03100102_90908500_UNNAMED_CANAL_SYSTEM",6110,1884,"UNNAMED CANAL SYSTEM","03100102","90908500","CANAL","tbcmp_PD_HA_IntHigh_2080","PD","HA","IntHigh","2080",1.862186151216
"03100102_90908500_UNNAMED_CANAL_SYSTEM",6410,46008,"UNNAMED CANAL SYSTEM","03100102","90908500","CANAL","tbcmp_PD_HA_IntHigh_2080","PD","HA","IntHigh","2080",45.475297476192
"03100102_90908500_UNNAMED_CANAL_SYSTEM",6600,1,"UNNAMED CANAL SYSTEM","03100102","90908500","CANAL","tbcmp_PD_HA_IntHigh_2080","PD","HA","IntHigh","2080",0.000988421524
"03100102_90908500_UNNAMED_CANAL_SYSTEM",9113,1,"UNNAMED CANAL SYSTEM","03100102","90908500","CANAL","tbcmp_PD_HA_IntHigh_2080","PD","HA","IntHigh","2080",0.000988421524
"03100102_90910000_UNNAMED_DITCH_SYSTEM",1100,1423095,"UNNAMED DITCH SYSTEM","03100102","90910000","DITCH","tbcmp_PD_HA_IntHigh_2080","PD","HA","IntHigh","2080",1406.61772869678
"03100102_90910000_UNNAMED_DITCH_SYSTEM",1200,1576783,"UNNAMED DITCH SYSTEM","03100102","90910000","DITCH","tbcmp_PD_HA_IntHigh_2080","PD","HA","IntHigh","2080",1558.52625587729
"03100102_90910000_UNNAMED_DITCH_SYSTEM",1800,24787,"UNNAMED DITCH SYSTEM","03100102","90910000","DITCH","tbcmp_PD_HA_IntHigh_2080","PD","HA","IntHigh","2080",24.500004315388
"03100102_90910000_UNNAMED_DITCH_SYSTEM",1900,127656,"UNNAMED DITCH SYSTEM","03100102","90910000","DITCH","tbcmp_PD_HA_IntHigh_2080","PD","HA","IntHigh","2080",126.177938067744
"03100102_90910000_UNNAMED_DITCH_SYSTEM",3200,23625,"UNNAMED DITCH SYSTEM","03100102","90910000","DITCH","tbcmp_PD_HA_IntHigh_2080","PD","HA","IntHigh","2080",23.3514585045
"03100102_90910000_UNNAMED_DITCH_SYSTEM",4100,64046,"UNNAMED DITCH SYSTEM","03100102","90910000","DITCH","tbcmp_PD_HA_IntHigh_2080","PD","HA","IntHigh","2080",63.304444926104
"03100102_90910000_UNNAMED_DITCH_SYSTEM",5200,9539,"UNNAMED DITCH SYSTEM","03100102","90910000","DITCH","tbcmp_PD_HA_IntHigh_2080","PD","HA","IntHigh","2080",9.428552917436
"03100102_90910000_UNNAMED_DITCH_SYSTEM",6110,15632,"UNNAMED DITCH SYSTEM","03100102","90910000","DITCH","tbcmp_PD_HA_IntHigh_2080","PD","HA","IntHigh","2080",15.451005263168
"03100102_90910000_UNNAMED_DITCH_SYSTEM",6120,743,"UNNAMED DITCH SYSTEM","03100102","90910000","DITCH","tbcmp_PD_HA_IntHigh_2080","PD","HA","IntHigh","2080",0.734397192332
"03100102_90910000_UNNAMED_DITCH_SYSTEM",6410,53574,"UNNAMED DITCH SYSTEM","03100102","90910000","DITCH","tbcmp_PD_HA_IntHigh_2080","PD","HA","IntHigh","2080",52.953694726776
"03100102_90910000_UNNAMED_DITCH_SYSTEM",6420,324,"UNNAMED DITCH SYSTEM","03100102","90910000","DITCH","tbcmp_PD_HA_IntHigh_2080","PD","HA","IntHigh","2080",0.320248573776
"03100102_90910000_UNNAMED_DITCH_SYSTEM",6425,161,"UNNAMED DITCH SYSTEM","03100102","90910000","DITCH","tbcmp_PD_HA_IntHigh_2080","PD","HA","IntHigh","2080",0.159135865364
"03100102_90910000_UNNAMED_DITCH_SYSTEM",6510,30,"UNNAMED DITCH SYSTEM","03100102","90910000","DITCH","tbcmp_PD_HA_IntHigh_2080","PD","HA","IntHigh","2080",0.02965264572
"03100102_90910000_UNNAMED_DITCH_SYSTEM",6600,1052,"UNNAMED DITCH SYSTEM","03100102","90910000","DITCH","tbcmp_PD_HA_IntHigh_2080","PD","HA","IntHigh","2080",1.039819443248
"03100102_90910000_UNNAMED_DITCH_SYSTEM",9113,288,"UNNAMED DITCH SYSTEM","03100102","90910000","DITCH","tbcmp_PD_HA_IntHigh_2080","PD","HA","IntHigh","2080",0.284665398912
"03100102_92000000_ROCK_CREEK",1100,443530,"ROCK CREEK","03100102","92000000","CANAL","tbcmp_PD_HA_IntHigh_2080","PD","HA","IntHigh","2080",438.39459853972
"03100102_92000000_ROCK_CREEK",1200,124764,"ROCK CREEK","03100102","92000000","CANAL","tbcmp_PD_HA_IntHigh_2080","PD","HA","IntHigh","2080",123.319423020336
"03100102_92000000_ROCK_CREEK",1800,41,"ROCK CREEK","03100102","92000000","CANAL","tbcmp_PD_HA_IntHigh_2080","PD","HA","IntHigh","2080",0.040525282484
"03100102_92000000_ROCK_CREEK",1900,451867,"ROCK CREEK","03100102","92000000","CANAL","tbcmp_PD_HA_IntHigh_2080","PD","HA","IntHigh","2080",446.635068785308
"03100102_92000000_ROCK_CREEK",4100,8823,"ROCK CREEK","03100102","92000000","CANAL","tbcmp_PD_HA_IntHigh_2080","PD","HA","IntHigh","2080",8.720843106252
"03100102_92000000_ROCK_CREEK",5200,2250,"ROCK CREEK","03100102","92000000","CANAL","tbcmp_PD_HA_IntHigh_2080","PD","HA","IntHigh","2080",2.223948429
"03100102_92000000_ROCK_CREEK",5400,57766,"ROCK CREEK","03100102","92000000","CANAL","tbcmp_PD_HA_IntHigh_2080","PD","HA","IntHigh","2080",57.097157755384
"03100102_92000000_ROCK_CREEK",6410,6190,"ROCK CREEK","03100102","92000000","CANAL","tbcmp_PD_HA_IntHigh_2080","PD","HA","IntHigh","2080",6.11832923356
"03100102_92000000_ROCK_CREEK",6420,8779,"ROCK CREEK","03100102","92000000","CANAL","tbcmp_PD_HA_IntHigh_2080","PD","HA","IntHigh","2080",8.677352559196
"03100102_92000000_ROCK_CREEK",6425,17312,"ROCK CREEK","03100102","92000000","CANAL","tbcmp_PD_HA_IntHigh_2080","PD","HA","IntHigh","2080",17.111553423488
"03100102_92000000_ROCK_CREEK",6510,10722,"ROCK CREEK","03100102","92000000","CANAL","tbcmp_PD_HA_IntHigh_2080","PD","HA","IntHigh","2080",10.597855580328
"03100102_92000000_ROCK_CREEK",6600,65599,"ROCK CREEK","03100102","92000000","CANAL","tbcmp_PD_HA_IntHigh_2080","PD","HA","IntHigh","2080",64.839463552876
"03100102_92000000_ROCK_CREEK",9113,24802,"ROCK CREEK","03100102","92000000","CANAL","tbcmp_PD_HA_IntHigh_2080","PD","HA","IntHigh","2080",24.514830638248
"03100102_93000000_UNNAMED_CANAL",1100,903182,"UNNAMED CANAL","03100102","93000000","CANAL","tbcmp_PD_HA_IntHigh_2080","PD","HA","IntHigh","2080",892.724528889368
"03100102_93000000_UNNAMED_CANAL",1200,865803,"UNNAMED CANAL","03100102","93000000","CANAL","tbcmp_PD_HA_IntHigh_2080","PD","HA","IntHigh","2080",855.778320743772
"03100102_93000000_UNNAMED_CANAL",1800,13682,"UNNAMED CANAL","03100102","93000000","CANAL","tbcmp_PD_HA_IntHigh_2080","PD","HA","IntHigh","2080",13.523583291368
"03100102_93000000_UNNAMED_CANAL",1900,954765,"UNNAMED CANAL","03100102","93000000","CANAL","tbcmp_PD_HA_IntHigh_2080","PD","HA","IntHigh","2080",943.71027636186
"03100102_93000000_UNNAMED_CANAL",3200,7240,"UNNAMED CANAL","03100102","93000000","CANAL","tbcmp_PD_HA_IntHigh_2080","PD","HA","IntHigh","2080",7.15617183376
"03100102_93000000_UNNAMED_CANAL",4100,7868,"UNNAMED CANAL","03100102","93000000","CANAL","tbcmp_PD_HA_IntHigh_2080","PD","HA","IntHigh","2080",7.776900550832
"03100102_93000000_UNNAMED_CANAL",5200,11992,"UNNAMED CANAL","03100102","93000000","CANAL","tbcmp_PD_HA_IntHigh_2080","PD","HA","IntHigh","2080",11.853150915808
"03100102_93000000_UNNAMED_CANAL",5400,83005,"UNNAMED CANAL","03100102","93000000","CANAL","tbcmp_PD_HA_IntHigh_2080","PD","HA","IntHigh","2080",82.04392859962
"03100102_93000000_UNNAMED_CANAL",6110,4692,"UNNAMED CANAL","03100102","93000000","CANAL","tbcmp_PD_HA_IntHigh_2080","PD","HA","IntHigh","2080",4.637673790608
"03100102_93000000_UNNAMED_CANAL",6120,162,"UNNAMED CANAL","03100102","93000000","CANAL","tbcmp_PD_HA_IntHigh_2080","PD","HA","IntHigh","2080",0.160124286888
"03100102_93000000_UNNAMED_CANAL",6410,14213,"UNNAMED CANAL","03100102","93000000","CANAL","tbcmp_PD_HA_IntHigh_2080","PD","HA","IntHigh","2080",14.048435120612
"03100102_93000000_UNNAMED_CANAL",6420,5059,"UNNAMED CANAL","03100102","93000000","CANAL","tbcmp_PD_HA_IntHigh_2080","PD","HA","IntHigh","2080",5.000424489916
"03100102_93000000_UNNAMED_CANAL",6425,9763,"UNNAMED CANAL","03100102","93000000","CANAL","tbcmp_PD_HA_IntHigh_2080","PD","HA","IntHigh","2080",9.649959338812
"03100102_93000000_UNNAMED_CANAL",6510,5072,"UNNAMED CANAL","03100102","93000000","CANAL","tbcmp_PD_HA_IntHigh_2080","PD","HA","IntHigh","2080",5.013273969728
"03100102_93000000_UNNAMED_CANAL",6600,35847,"UNNAMED CANAL","03100102","93000000","CANAL","tbcmp_PD_HA_IntHigh_2080","PD","HA","IntHigh","2080",35.431946370828
"03100102_93000000_UNNAMED_CANAL",9113,12452,"UNNAMED CANAL","03100102","93000000","CANAL","tbcmp_PD_HA_IntHigh_2080","PD","HA","IntHigh","2080",12.307824816848
"03100102_96000000_SAM_KNIGHT_CREEK",1100,887808,"SAM KNIGHT CREEK","03100102","96000000","STREAM","tbcmp_PD_HA_IntHigh_2080","PD","HA","IntHigh","2080",877.528536379392
"03100102_96000000_SAM_KNIGHT_CREEK",1200,489325,"SAM KNIGHT CREEK","03100102","96000000","STREAM","tbcmp_PD_HA_IntHigh_2080","PD","HA","IntHigh","2080",483.6593622313
"03100102_96000000_SAM_KNIGHT_CREEK",1800,161164,"SAM KNIGHT CREEK","03100102","96000000","STREAM","tbcmp_PD_HA_IntHigh_2080","PD","HA","IntHigh","2080",159.297966493936
"03100102_96000000_SAM_KNIGHT_CREEK",1900,1263976,"SAM KNIGHT CREEK","03100102","96000000","STREAM","tbcmp_PD_HA_IntHigh_2080","PD","HA","IntHigh","2080",1249.34108421942
"03100102_96000000_SAM_KNIGHT_CREEK",3200,119320,"SAM KNIGHT CREEK","03100102","96000000","STREAM","tbcmp_PD_HA_IntHigh_2080","PD","HA","IntHigh","2080",117.93845624368
"03100102_96000000_SAM_KNIGHT_CREEK",4100,182762,"SAM KNIGHT CREEK","03100102","96000000","STREAM","tbcmp_PD_HA_IntHigh_2080","PD","HA","IntHigh","2080",180.645894569288
"03100102_96000000_SAM_KNIGHT_CREEK",5200,91197,"SAM KNIGHT CREEK","03100102","96000000","STREAM","tbcmp_PD_HA_IntHigh_2080","PD","HA","IntHigh","2080",90.141077724228
"03100102_96000000_SAM_KNIGHT_CREEK",5400,243920,"SAM KNIGHT CREEK","03100102","96000000","STREAM","tbcmp_PD_HA_IntHigh_2080","PD","HA","IntHigh","2080",241.09577813408
"03100102_96000000_SAM_KNIGHT_CREEK",6110,1244,"SAM KNIGHT CREEK","03100102","96000000","STREAM","tbcmp_PD_HA_IntHigh_2080","PD","HA","IntHigh","2080",1.229596375856
"03100102_96000000_SAM_KNIGHT_CREEK",6120,79743,"SAM KNIGHT CREEK","03100102","96000000","STREAM","tbcmp_PD_HA_IntHigh_2080","PD","HA","IntHigh","2080",78.819697588332
"03100102_96000000_SAM_KNIGHT_CREEK",6410,38838,"SAM KNIGHT CREEK","03100102","96000000","STREAM","tbcmp_PD_HA_IntHigh_2080","PD","HA","IntHigh","2080",38.388315149112
"03100102_96000000_SAM_KNIGHT_CREEK",6420,127419,"SAM KNIGHT CREEK","03100102","96000000","STREAM","tbcmp_PD_HA_IntHigh_2080","PD","HA","IntHigh","2080",125.943682166556
"03100102_96000000_SAM_KNIGHT_CREEK",6425,338673,"SAM KNIGHT CREEK","03100102","96000000","STREAM","tbcmp_PD_HA_IntHigh_2080","PD","HA","IntHigh","2080",334.751682797652
"03100102_96000000_SAM_KNIGHT_CREEK",6510,111328,"SAM KNIGHT CREEK","03100102","96000000","STREAM","tbcmp_PD_HA_IntHigh_2080","PD","HA","IntHigh","2080",110.038991423872
"03100102_96000000_SAM_KNIGHT_CREEK",6600,325767,"SAM KNIGHT CREEK","03100102","96000000","STREAM","tbcmp_PD_HA_IntHigh_2080","PD","HA","IntHigh","2080",321.995114608908
"03100102_96000000_SAM_KNIGHT_CREEK",9113,229403,"SAM KNIGHT CREEK","03100102","96000000","STREAM","tbcmp_PD_HA_IntHigh_2080","PD","HA","IntHigh","2080",226.746862870172
"03100102_96000000_TIPPECANOE_BAY",0,3,"TIPPECANOE BAY","03100102","96000000","BAY","tbcmp_PD_HA_IntHigh_2080","PD","HA","IntHigh","2080",0.002965264572
"03100102_96000000_TIPPECANOE_BAY",1200,436,"TIPPECANOE BAY","03100102","96000000","BAY","tbcmp_PD_HA_IntHigh_2080","PD","HA","IntHigh","2080",0.430951784464
"03100102_96000000_TIPPECANOE_BAY",3200,2355,"TIPPECANOE BAY","03100102","96000000","BAY","tbcmp_PD_HA_IntHigh_2080","PD","HA","IntHigh","2080",2.32773268902
"03100102_96000000_TIPPECANOE_BAY",4100,2919,"TIPPECANOE BAY","03100102","96000000","BAY","tbcmp_PD_HA_IntHigh_2080","PD","HA","IntHigh","2080",2.885202428556
"03100102_96000000_TIPPECANOE_BAY",5400,475661,"TIPPECANOE BAY","03100102","96000000","BAY","tbcmp_PD_HA_IntHigh_2080","PD","HA","IntHigh","2080",470.153570527364
"03100102_96000000_TIPPECANOE_BAY",6120,56661,"TIPPECANOE BAY","03100102","96000000","BAY","tbcmp_PD_HA_IntHigh_2080","PD","HA","IntHigh","2080",56.004951971364
"03100102_96000000_TIPPECANOE_BAY",6420,14977,"TIPPECANOE BAY","03100102","96000000","BAY","tbcmp_PD_HA_IntHigh_2080","PD","HA","IntHigh","2080",14.803589164948
"03100102_96000000_TIPPECANOE_BAY",6425,354710,"TIPPECANOE BAY","03100102","96000000","BAY","tbcmp_PD_HA_IntHigh_2080","PD","HA","IntHigh","2080",350.60299877804
"03100102_96000000_TIPPECANOE_BAY",6510,143362,"TIPPECANOE BAY","03100102","96000000","BAY","tbcmp_PD_HA_IntHigh_2080","PD","HA","IntHigh","2080",141.702086523688
"03100102_96000000_TIPPECANOE_BAY",6600,14473,"TIPPECANOE BAY","03100102","96000000","BAY","tbcmp_PD_HA_IntHigh_2080","PD","HA","IntHigh","2080",14.305424716852
"03100102_96000000_TIPPECANOE_BAY",9113,363332,"TIPPECANOE BAY","03100102","96000000","BAY","tbcmp_PD_HA_IntHigh_2080","PD","HA","IntHigh","2080",359.125169157968
"03100102_96950000_TRAILER_PARK_CANAL",1200,113167,"TRAILER PARK CANAL","03100102","96950000","CANAL","tbcmp_PD_HA_IntHigh_2080","PD","HA","IntHigh","2080",111.856698606508
"03100102_96950000_TRAILER_PARK_CANAL",1800,2775,"TRAILER PARK CANAL","03100102","96950000","CANAL","tbcmp_PD_HA_IntHigh_2080","PD","HA","IntHigh","2080",2.7428697291
"03100102_96950000_TRAILER_PARK_CANAL",1900,1276,"TRAILER PARK CANAL","03100102","96950000","CANAL","tbcmp_PD_HA_IntHigh_2080","PD","HA","IntHigh","2080",1.261225864624
"03100102_96950000_TRAILER_PARK_CANAL",3200,15297,"TRAILER PARK CANAL","03100102","96950000","CANAL","tbcmp_PD_HA_IntHigh_2080","PD","HA","IntHigh","2080",15.119884052628
"03100102_96950000_TRAILER_PARK_CANAL",4100,18963,"TRAILER PARK CANAL","03100102","96950000","CANAL","tbcmp_PD_HA_IntHigh_2080","PD","HA","IntHigh","2080",18.743437359612
"03100102_96950000_TRAILER_PARK_CANAL",5400,22553,"TRAILER PARK CANAL","03100102","96950000","CANAL","tbcmp_PD_HA_IntHigh_2080","PD","HA","IntHigh","2080",22.291870630772
"03100102_96950000_TRAILER_PARK_CANAL",6110,410,"TRAILER PARK CANAL","03100102","96950000","CANAL","tbcmp_PD_HA_IntHigh_2080","PD","HA","IntHigh","2080",0.40525282484
"03100102_96950000_TRAILER_PARK_CANAL",6120,83103,"TRAILER PARK CANAL","03100102","96950000","CANAL","tbcmp_PD_HA_IntHigh_2080","PD","HA","IntHigh","2080",82.140793908972
"03100102_96950000_TRAILER_PARK_CANAL",6410,405,"TRAILER PARK CANAL","03100102","96950000","CANAL","tbcmp_PD_HA_IntHigh_2080","PD","HA","IntHigh","2080",0.40031071722
"03100102_96950000_TRAILER_PARK_CANAL",6420,25214,"TRAILER PARK CANAL","03100102","96950000","CANAL","tbcmp_PD_HA_IntHigh_2080","PD","HA","IntHigh","2080",24.922060306136
"03100102_96950000_TRAILER_PARK_CANAL",6425,164912,"TRAILER PARK CANAL","03100102","96950000","CANAL","tbcmp_PD_HA_IntHigh_2080","PD","HA","IntHigh","2080",163.002570365888
"03100102_96950000_TRAILER_PARK_CANAL",6510,34155,"TRAILER PARK CANAL","03100102","96950000","CANAL","tbcmp_PD_HA_IntHigh_2080","PD","HA","IntHigh","2080",33.75953715222
"03100102_96950000_TRAILER_PARK_CANAL",6600,55620,"TRAILER PARK CANAL","03100102","96950000","CANAL","tbcmp_PD_HA_IntHigh_2080","PD","HA","IntHigh","2080",54.97600516488
"03100102_96950000_TRAILER_PARK_CANAL",9113,56824,"TRAILER PARK CANAL","03100102","96950000","CANAL","tbcmp_PD_HA_IntHigh_2080","PD","HA","IntHigh","2080",56.166064679776
"03100102_97000000_MYAKKA_RIVER",1100,6294543,"MYAKKA RIVER","03100102","97000000","STREAM","tbcmp_PD_HA_IntHigh_2080","PD","HA","IntHigh","2080",6221.66178494353
"03100102_97000000_MYAKKA_RIVER",1200,237119,"MYAKKA RIVER","03100102","97000000","STREAM","tbcmp_PD_HA_IntHigh_2080","PD","HA","IntHigh","2080",234.373523349356
"03100102_97000000_MYAKKA_RIVER",1800,12966,"MYAKKA RIVER","03100102","97000000","STREAM","tbcmp_PD_HA_IntHigh_2080","PD","HA","IntHigh","2080",12.815873480184
"03100102_97000000_MYAKKA_RIVER",1900,1359872,"MYAKKA RIVER","03100102","97000000","STREAM","tbcmp_PD_HA_IntHigh_2080","PD","HA","IntHigh","2080",1344.12675468493
"03100102_97000000_MYAKKA_RIVER",2100,6750029,"MYAKKA RIVER","03100102","97000000","STREAM","tbcmp_PD_HA_IntHigh_2080","PD","HA","IntHigh","2080",6671.87395122419
"03100102_97000000_MYAKKA_RIVER",2200,626395,"MYAKKA RIVER","03100102","97000000","STREAM","tbcmp_PD_HA_IntHigh_2080","PD","HA","IntHigh","2080",619.14230052598
"03100102_97000000_MYAKKA_RIVER",2400,63827,"MYAKKA RIVER","03100102","97000000","STREAM","tbcmp_PD_HA_IntHigh_2080","PD","HA","IntHigh","2080",63.087980612348
"03100102_97000000_MYAKKA_RIVER",3200,3150651,"MYAKKA RIVER","03100102","97000000","STREAM","tbcmp_PD_HA_IntHigh_2080","PD","HA","IntHigh","2080",3114.17126301212
"03100102_97000000_MYAKKA_RIVER",4100,2754832,"MYAKKA RIVER","03100102","97000000","STREAM","tbcmp_PD_HA_IntHigh_2080","PD","HA","IntHigh","2080",2722.93524380397
"03100102_97000000_MYAKKA_RIVER",4400,4816,"MYAKKA RIVER","03100102","97000000","STREAM","tbcmp_PD_HA_IntHigh_2080","PD","HA","IntHigh","2080",4.760238059584
"03100102_97000000_MYAKKA_RIVER",5200,1022247,"MYAKKA RIVER","03100102","97000000","STREAM","tbcmp_PD_HA_IntHigh_2080","PD","HA","IntHigh","2080",1010.41093764443
"03100102_97000000_MYAKKA_RIVER",5400,20,"MYAKKA RIVER","03100102","97000000","STREAM","tbcmp_PD_HA_IntHigh_2080","PD","HA","IntHigh","2080",0.01976843048
"03100102_97000000_MYAKKA_RIVER",6110,4826646,"MYAKKA RIVER","03100102","97000000","STREAM","tbcmp_PD_HA_IntHigh_2080","PD","HA","IntHigh","2080",4770.7607951285
"03100102_97000000_MYAKKA_RIVER",6410,2776007,"MYAKKA RIVER","03100102","97000000","STREAM","tbcmp_PD_HA_IntHigh_2080","PD","HA","IntHigh","2080",2743.86506957467
"03100102_98000000_MYAKKA_RIVER",1100,13398,"MYAKKA RIVER","03100102","98000000","STREAM","tbcmp_PD_HA_IntHigh_2080","PD","HA","IntHigh","2080",13.242871578552
"03100102_98000000_MYAKKA_RIVER",1200,7071,"MYAKKA RIVER","03100102","98000000","STREAM","tbcmp_PD_HA_IntHigh_2080","PD","HA","IntHigh","2080",6.989128596204
"03100102_98000000_MYAKKA_RIVER",1800,56968,"MYAKKA RIVER","03100102","98000000","STREAM","tbcmp_PD_HA_IntHigh_2080","PD","HA","IntHigh","2080",56.308397379232
"03100102_98000000_MYAKKA_RIVER",1900,1780,"MYAKKA RIVER","03100102","98000000","STREAM","tbcmp_PD_HA_IntHigh_2080","PD","HA","IntHigh","2080",1.75939031272
"03100102_98000000_MYAKKA_RIVER",2100,64448,"MYAKKA RIVER","03100102","98000000","STREAM","tbcmp_PD_HA_IntHigh_2080","PD","HA","IntHigh","2080",63.701790378752
"03100102_98000000_MYAKKA_RIVER",3200,5106220,"MYAKKA RIVER","03100102","98000000","STREAM","tbcmp_PD_HA_IntHigh_2080","PD","HA","IntHigh","2080",5047.09775427928
"03100102_98000000_MYAKKA_RIVER",4100,368902,"MYAKKA RIVER","03100102","98000000","STREAM","tbcmp_PD_HA_IntHigh_2080","PD","HA","IntHigh","2080",364.630677046648
"03100102_98000000_MYAKKA_RIVER",5200,565118,"MYAKKA RIVER","03100102","98000000","STREAM","tbcmp_PD_HA_IntHigh_2080","PD","HA","IntHigh","2080",558.574794799832
"03100102_98000000_MYAKKA_RIVER",6110,2287281,"MYAKKA RIVER","03100102","98000000","STREAM","tbcmp_PD_HA_IntHigh_2080","PD","HA","IntHigh","2080",2260.79777183624
"03100102_98000000_MYAKKA_RIVER",6120,20,"MYAKKA RIVER","03100102","98000000","STREAM","tbcmp_PD_HA_IntHigh_2080","PD","HA","IntHigh","2080",0.01976843048
"03100102_98000000_MYAKKA_RIVER",6410,2503585,"MYAKKA RIVER","03100102","98000000","STREAM","tbcmp_PD_HA_IntHigh_2080","PD","HA","IntHigh","2080",2474.59730116354
"03100102_98000000_MYAKKA_RIVER",6420,10,"MYAKKA RIVER","03100102","98000000","STREAM","tbcmp_PD_HA_IntHigh_2080","PD","HA","IntHigh","2080",0.00988421524
"03100102_98000000_MYAKKA_RIVER",6600,30,"MYAKKA RIVER","03100102","98000000","STREAM","tbcmp_PD_HA_IntHigh_2080","PD","HA","IntHigh","2080",0.02965264572
"03100102_98000000_MYAKKA_RIVER",9113,1,"MYAKKA RIVER","03100102","98000000","STREAM","tbcmp_PD_HA_IntHigh_2080","PD","HA","IntHigh","2080",0.000988421524
"03100102_99000000_MYAKKA_RIVER",1100,2197747,"MYAKKA RIVER","03100102","99000000","STREAM","tbcmp_PD_HA_IntHigh_2080","PD","HA","IntHigh","2080",2172.30043910643
"03100102_99000000_MYAKKA_RIVER",1200,4117472,"MYAKKA RIVER","03100102","99000000","STREAM","tbcmp_PD_HA_IntHigh_2080","PD","HA","IntHigh","2080",4069.79794926733
"03100102_99000000_MYAKKA_RIVER",1800,68930,"MYAKKA RIVER","03100102","99000000","STREAM","tbcmp_PD_HA_IntHigh_2080","PD","HA","IntHigh","2080",68.13189564932
"03100102_99000000_MYAKKA_RIVER",1820,183804,"MYAKKA RIVER","03100102","99000000","STREAM","tbcmp_PD_HA_IntHigh_2080","PD","HA","IntHigh","2080",181.675829797296
"03100102_99000000_MYAKKA_RIVER",1900,1555234,"MYAKKA RIVER","03100102","99000000","STREAM","tbcmp_PD_HA_IntHigh_2080","PD","HA","IntHigh","2080",1537.22676045662
"03100102_99000000_MYAKKA_RIVER",2100,718397,"MYAKKA RIVER","03100102","99000000","STREAM","tbcmp_PD_HA_IntHigh_2080","PD","HA","IntHigh","2080",710.079057577028
"03100102_99000000_MYAKKA_RIVER",2400,13243,"MYAKKA RIVER","03100102","99000000","STREAM","tbcmp_PD_HA_IntHigh_2080","PD","HA","IntHigh","2080",13.089666242332
"03100102_99000000_MYAKKA_RIVER",3200,3801378,"MYAKKA RIVER","03100102","99000000","STREAM","tbcmp_PD_HA_IntHigh_2080","PD","HA","IntHigh","2080",3757.36383606007
"03100102_99000000_MYAKKA_RIVER",4100,9819248,"MYAKKA RIVER","03100102","99000000","STREAM","tbcmp_PD_HA_IntHigh_2080","PD","HA","IntHigh","2080",9705.55607269395
"03100102_99000000_MYAKKA_RIVER",4400,310217,"MYAKKA RIVER","03100102","99000000","STREAM","tbcmp_PD_HA_IntHigh_2080","PD","HA","IntHigh","2080",306.625159910708
"03100102_99000000_MYAKKA_RIVER",5200,322815,"MYAKKA RIVER","03100102","99000000","STREAM","tbcmp_PD_HA_IntHigh_2080","PD","HA","IntHigh","2080",319.07729427006
"03100102_99000000_MYAKKA_RIVER",5400,4348448,"MYAKKA RIVER","03100102","99000000","STREAM","tbcmp_PD_HA_IntHigh_2080","PD","HA","IntHigh","2080",4298.09959919475
"03100102_99000000_MYAKKA_RIVER",6110,2241466,"MYAKKA RIVER","03100102","99000000","STREAM","tbcmp_PD_HA_IntHigh_2080","PD","HA","IntHigh","2080",2215.51323971418
"03100102_99000000_MYAKKA_RIVER",6120,180119,"MYAKKA RIVER","03100102","99000000","STREAM","tbcmp_PD_HA_IntHigh_2080","PD","HA","IntHigh","2080",178.033496481356
"03100102_99000000_MYAKKA_RIVER",6410,3598292,"MYAKKA RIVER","03100102","99000000","STREAM","tbcmp_PD_HA_IntHigh_2080","PD","HA","IntHigh","2080",3556.62926243701
"03100102_99000000_MYAKKA_RIVER",6420,345011,"MYAKKA RIVER","03100102","99000000","STREAM","tbcmp_PD_HA_IntHigh_2080","PD","HA","IntHigh","2080",341.016298416764
"03100102_99000000_MYAKKA_RIVER",6425,976058,"MYAKKA RIVER","03100102","99000000","STREAM","tbcmp_PD_HA_IntHigh_2080","PD","HA","IntHigh","2080",964.756735872392
"03100102_99000000_MYAKKA_RIVER",6510,467398,"MYAKKA RIVER","03100102","99000000","STREAM","tbcmp_PD_HA_IntHigh_2080","PD","HA","IntHigh","2080",461.986243474552
"03100102_99000000_MYAKKA_RIVER",6600,976980,"MYAKKA RIVER","03100102","99000000","STREAM","tbcmp_PD_HA_IntHigh_2080","PD","HA","IntHigh","2080",965.66806051752
"03100102_99000000_MYAKKA_RIVER",9113,1612756,"MYAKKA RIVER","03100102","99000000","STREAM","tbcmp_PD_HA_IntHigh_2080","PD","HA","IntHigh","2080",1594.08274336014
"03100103_99990000_DIRECT_RUNOFF_TO_BAY",6120,4967,"DIRECT RUNOFF TO BAY","03100103","99990000","RUNOFF","tbcmp_PD_HA_IntHigh_2080","PD","HA","IntHigh","2080",4.909489709708
"03100103_99990000_DIRECT_RUNOFF_TO_BAY",9113,124,"DIRECT RUNOFF TO BAY","03100103","99990000","RUNOFF","tbcmp_PD_HA_IntHigh_2080","PD","HA","IntHigh","2080",0.122564268976
"03100201_26000000_ROCK_CREEK",1100,646645,"ROCK CREEK","03100201","26000000","STREAM","tbcmp_PD_HA_IntHigh_2080","PD","HA","IntHigh","2080",639.15783638698
"03100201_26000000_ROCK_CREEK",1200,294249,"ROCK CREEK","03100201","26000000","STREAM","tbcmp_PD_HA_IntHigh_2080","PD","HA","IntHigh","2080",290.842045015476
"03100201_26000000_ROCK_CREEK",1800,15119,"ROCK CREEK","03100201","26000000","STREAM","tbcmp_PD_HA_IntHigh_2080","PD","HA","IntHigh","2080",14.943945021356
"03100201_26000000_ROCK_CREEK",1900,111671,"ROCK CREEK","03100201","26000000","STREAM","tbcmp_PD_HA_IntHigh_2080","PD","HA","IntHigh","2080",110.378020006604
"03100201_26000000_ROCK_CREEK",2100,90420,"ROCK CREEK","03100201","26000000","STREAM","tbcmp_PD_HA_IntHigh_2080","PD","HA","IntHigh","2080",89.37307420008
"03100201_26000000_ROCK_CREEK",3200,807315,"ROCK CREEK","03100201","26000000","STREAM","tbcmp_PD_HA_IntHigh_2080","PD","HA","IntHigh","2080",797.96752264806
"03100201_26000000_ROCK_CREEK",4100,683305,"ROCK CREEK","03100201","26000000","STREAM","tbcmp_PD_HA_IntHigh_2080","PD","HA","IntHigh","2080",675.39336945682
"03100201_26000000_ROCK_CREEK",4400,307251,"ROCK CREEK","03100201","26000000","STREAM","tbcmp_PD_HA_IntHigh_2080","PD","HA","IntHigh","2080",303.693501670524
"03100201_26000000_ROCK_CREEK",5200,51649,"ROCK CREEK","03100201","26000000","STREAM","tbcmp_PD_HA_IntHigh_2080","PD","HA","IntHigh","2080",51.050983293076
"03100201_26000000_ROCK_CREEK",5400,28847,"ROCK CREEK","03100201","26000000","STREAM","tbcmp_PD_HA_IntHigh_2080","PD","HA","IntHigh","2080",28.512995702828
"03100201_26000000_ROCK_CREEK",6110,99395,"ROCK CREEK","03100201","26000000","STREAM","tbcmp_PD_HA_IntHigh_2080","PD","HA","IntHigh","2080",98.24415737798
"03100201_26000000_ROCK_CREEK",6120,2183,"ROCK CREEK","03100201","26000000","STREAM","tbcmp_PD_HA_IntHigh_2080","PD","HA","IntHigh","2080",2.157724186892
"03100201_26000000_ROCK_CREEK",6410,348675,"ROCK CREEK","03100201","26000000","STREAM","tbcmp_PD_HA_IntHigh_2080","PD","HA","IntHigh","2080",344.6378748807
"03100201_26000000_ROCK_CREEK",6420,11594,"ROCK CREEK","03100201","26000000","STREAM","tbcmp_PD_HA_IntHigh_2080","PD","HA","IntHigh","2080",11.459759149256
"03100201_26000000_ROCK_CREEK",6425,29103,"ROCK CREEK","03100201","26000000","STREAM","tbcmp_PD_HA_IntHigh_2080","PD","HA","IntHigh","2080",28.766031612972
"03100201_26000000_ROCK_CREEK",6510,15010,"ROCK CREEK","03100201","26000000","STREAM","tbcmp_PD_HA_IntHigh_2080","PD","HA","IntHigh","2080",14.83620707524
"03100201_26000000_ROCK_CREEK",6600,36831,"ROCK CREEK","03100201","26000000","STREAM","tbcmp_PD_HA_IntHigh_2080","PD","HA","IntHigh","2080",36.404553150444
"03100201_26000000_ROCK_CREEK",9113,36561,"ROCK CREEK","03100201","26000000","STREAM","tbcmp_PD_HA_IntHigh_2080","PD","HA","IntHigh","2080",36.137679338964
"03100201_26500000_UNNAMED_DITCH",1100,20011,"UNNAMED DITCH","03100201","26500000","DITCH","tbcmp_PD_HA_IntHigh_2080","PD","HA","IntHigh","2080",19.779303116764
"03100201_26500000_UNNAMED_DITCH",1200,14340,"UNNAMED DITCH","03100201","26500000","DITCH","tbcmp_PD_HA_IntHigh_2080","PD","HA","IntHigh","2080",14.17396465416
"03100201_26500000_UNNAMED_DITCH",3200,279262,"UNNAMED DITCH","03100201","26500000","DITCH","tbcmp_PD_HA_IntHigh_2080","PD","HA","IntHigh","2080",276.028571635288
"03100201_26500000_UNNAMED_DITCH",4100,968002,"UNNAMED DITCH","03100201","26500000","DITCH","tbcmp_PD_HA_IntHigh_2080","PD","HA","IntHigh","2080",956.794012075048
"03100201_26500000_UNNAMED_DITCH",4400,130661,"UNNAMED DITCH","03100201","26500000","DITCH","tbcmp_PD_HA_IntHigh_2080","PD","HA","IntHigh","2080",129.148144747364
"03100201_26500000_UNNAMED_DITCH",5200,3672,"UNNAMED DITCH","03100201","26500000","DITCH","tbcmp_PD_HA_IntHigh_2080","PD","HA","IntHigh","2080",3.629483836128
"03100201_26500000_UNNAMED_DITCH",6110,21523,"UNNAMED DITCH","03100201","26500000","DITCH","tbcmp_PD_HA_IntHigh_2080","PD","HA","IntHigh","2080",21.273796461052
"03100201_26500000_UNNAMED_DITCH",6120,118,"UNNAMED DITCH","03100201","26500000","DITCH","tbcmp_PD_HA_IntHigh_2080","PD","HA","IntHigh","2080",0.116633739832
"03100201_26500000_UNNAMED_DITCH",6410,424737,"UNNAMED DITCH","03100201","26500000","DITCH","tbcmp_PD_HA_IntHigh_2080","PD","HA","IntHigh","2080",419.819192839188
"03100201_26500000_UNNAMED_DITCH",6420,64,"UNNAMED DITCH","03100201","26500000","DITCH","tbcmp_PD_HA_IntHigh_2080","PD","HA","IntHigh","2080",0.063258977536
"03100201_26500000_UNNAMED_DITCH",6600,299,"UNNAMED DITCH","03100201","26500000","DITCH","tbcmp_PD_HA_IntHigh_2080","PD","HA","IntHigh","2080",0.295538035676
"03100201_26500000_UNNAMED_DITCH",9113,19,"UNNAMED DITCH","03100201","26500000","DITCH","tbcmp_PD_HA_IntHigh_2080","PD","HA","IntHigh","2080",0.018780008956
"03100201_28000000_GOTTFRIED_CREEK",1100,444302,"GOTTFRIED CREEK","03100201","28000000","STREAM","tbcmp_PD_HA_IntHigh_2080","PD","HA","IntHigh","2080",439.157659956248
"03100201_28000000_GOTTFRIED_CREEK",1200,1156033,"GOTTFRIED CREEK","03100201","28000000","STREAM","tbcmp_PD_HA_IntHigh_2080","PD","HA","IntHigh","2080",1142.64789965429
"03100201_28000000_GOTTFRIED_CREEK",1800,198611,"GOTTFRIED CREEK","03100201","28000000","STREAM","tbcmp_PD_HA_IntHigh_2080","PD","HA","IntHigh","2080",196.311387303164
"03100201_28000000_GOTTFRIED_CREEK",1820,181003,"GOTTFRIED CREEK","03100201","28000000","STREAM","tbcmp_PD_HA_IntHigh_2080","PD","HA","IntHigh","2080",178.907261108572
"03100201_28000000_GOTTFRIED_CREEK",1900,1412624,"GOTTFRIED CREEK","03100201","28000000","STREAM","tbcmp_PD_HA_IntHigh_2080","PD","HA","IntHigh","2080",1396.26796691898
"03100201_28000000_GOTTFRIED_CREEK",2100,848572,"GOTTFRIED CREEK","03100201","28000000","STREAM","tbcmp_PD_HA_IntHigh_2080","PD","HA","IntHigh","2080",838.746829463728
"03100201_28000000_GOTTFRIED_CREEK",3200,665028,"GOTTFRIED CREEK","03100201","28000000","STREAM","tbcmp_PD_HA_IntHigh_2080","PD","HA","IntHigh","2080",657.327989262672
"03100201_28000000_GOTTFRIED_CREEK",4100,650398,"GOTTFRIED CREEK","03100201","28000000","STREAM","tbcmp_PD_HA_IntHigh_2080","PD","HA","IntHigh","2080",642.867382366552
"03100201_28000000_GOTTFRIED_CREEK",4400,3284,"GOTTFRIED CREEK","03100201","28000000","STREAM","tbcmp_PD_HA_IntHigh_2080","PD","HA","IntHigh","2080",3.245976284816
"03100201_28000000_GOTTFRIED_CREEK",5200,228361,"GOTTFRIED CREEK","03100201","28000000","STREAM","tbcmp_PD_HA_IntHigh_2080","PD","HA","IntHigh","2080",225.716927642164
"03100201_28000000_GOTTFRIED_CREEK",5400,73086,"GOTTFRIED CREEK","03100201","28000000","STREAM","tbcmp_PD_HA_IntHigh_2080","PD","HA","IntHigh","2080",72.239775503064
"03100201_28000000_GOTTFRIED_CREEK",6110,297560,"GOTTFRIED CREEK","03100201","28000000","STREAM","tbcmp_PD_HA_IntHigh_2080","PD","HA","IntHigh","2080",294.11470868144
"03100201_28000000_GOTTFRIED_CREEK",6120,5484,"GOTTFRIED CREEK","03100201","28000000","STREAM","tbcmp_PD_HA_IntHigh_2080","PD","HA","IntHigh","2080",5.420503637616
"03100201_28000000_GOTTFRIED_CREEK",6410,845586,"GOTTFRIED CREEK","03100201","28000000","STREAM","tbcmp_PD_HA_IntHigh_2080","PD","HA","IntHigh","2080",835.795402793064
"03100201_28000000_GOTTFRIED_CREEK",6420,8623,"GOTTFRIED CREEK","03100201","28000000","STREAM","tbcmp_PD_HA_IntHigh_2080","PD","HA","IntHigh","2080",8.523158801452
"03100201_28000000_GOTTFRIED_CREEK",6425,16267,"GOTTFRIED CREEK","03100201","28000000","STREAM","tbcmp_PD_HA_IntHigh_2080","PD","HA","IntHigh","2080",16.078652930908
"03100201_28000000_GOTTFRIED_CREEK",6510,3896,"GOTTFRIED CREEK","03100201","28000000","STREAM","tbcmp_PD_HA_IntHigh_2080","PD","HA","IntHigh","2080",3.850890257504
"03100201_28000000_GOTTFRIED_CREEK",6600,28028,"GOTTFRIED CREEK","03100201","28000000","STREAM","tbcmp_PD_HA_IntHigh_2080","PD","HA","IntHigh","2080",27.703478474672
"03100201_28000000_GOTTFRIED_CREEK",9113,30649,"GOTTFRIED CREEK","03100201","28000000","STREAM","tbcmp_PD_HA_IntHigh_2080","PD","HA","IntHigh","2080",30.294131289076
"03100201_28600000_UNNAMED_DITCH",1100,3752,"UNNAMED DITCH","03100201","28600000","DITCH","tbcmp_PD_HA_IntHigh_2080","PD","HA","IntHigh","2080",3.708557558048
"03100201_28600000_UNNAMED_DITCH",1200,736338,"UNNAMED DITCH","03100201","28600000","DITCH","tbcmp_PD_HA_IntHigh_2080","PD","HA","IntHigh","2080",727.812328139112
"03100201_28600000_UNNAMED_DITCH",1800,2423,"UNNAMED DITCH","03100201","28600000","DITCH","tbcmp_PD_HA_IntHigh_2080","PD","HA","IntHigh","2080",2.394945352652
"03100201_28600000_UNNAMED_DITCH",1900,51409,"UNNAMED DITCH","03100201","28600000","DITCH","tbcmp_PD_HA_IntHigh_2080","PD","HA","IntHigh","2080",50.813762127316
"03100201_28600000_UNNAMED_DITCH",2100,58235,"UNNAMED DITCH","03100201","28600000","DITCH","tbcmp_PD_HA_IntHigh_2080","PD","HA","IntHigh","2080",57.56072745014
"03100201_28600000_UNNAMED_DITCH",3200,55940,"UNNAMED DITCH","03100201","28600000","DITCH","tbcmp_PD_HA_IntHigh_2080","PD","HA","IntHigh","2080",55.29230005256
"03100201_28600000_UNNAMED_DITCH",4100,188067,"UNNAMED DITCH","03100201","28600000","DITCH","tbcmp_PD_HA_IntHigh_2080","PD","HA","IntHigh","2080",185.889470754108
"03100201_28600000_UNNAMED_DITCH",5200,57593,"UNNAMED DITCH","03100201","28600000","DITCH","tbcmp_PD_HA_IntHigh_2080","PD","HA","IntHigh","2080",56.926160831732
"03100201_28600000_UNNAMED_DITCH",5400,19,"UNNAMED DITCH","03100201","28600000","DITCH","tbcmp_PD_HA_IntHigh_2080","PD","HA","IntHigh","2080",0.018780008956
"03100201_28600000_UNNAMED_DITCH",6110,109940,"UNNAMED DITCH","03100201","28600000","DITCH","tbcmp_PD_HA_IntHigh_2080","PD","HA","IntHigh","2080",108.66706234856
"03100201_28600000_UNNAMED_DITCH",6120,1041,"UNNAMED DITCH","03100201","28600000","DITCH","tbcmp_PD_HA_IntHigh_2080","PD","HA","IntHigh","2080",1.028946806484
"03100201_28600000_UNNAMED_DITCH",6410,74561,"UNNAMED DITCH","03100201","28600000","DITCH","tbcmp_PD_HA_IntHigh_2080","PD","HA","IntHigh","2080",73.697697250964
"03100201_28600000_UNNAMED_DITCH",6420,325,"UNNAMED DITCH","03100201","28600000","DITCH","tbcmp_PD_HA_IntHigh_2080","PD","HA","IntHigh","2080",0.3212369953
"03100201_28600000_UNNAMED_DITCH",6600,3573,"UNNAMED DITCH","03100201","28600000","DITCH","tbcmp_PD_HA_IntHigh_2080","PD","HA","IntHigh","2080",3.531630105252
"03100201_28600000_UNNAMED_DITCH",9113,767,"UNNAMED DITCH","03100201","28600000","DITCH","tbcmp_PD_HA_IntHigh_2080","PD","HA","IntHigh","2080",0.758119308908
"03100201_40000000_FORKED_CREEK",0,18,"FORKED CREEK","03100201","40000000","STREAM","tbcmp_PD_HA_IntHigh_2080","PD","HA","IntHigh","2080",0.017791587432
"03100201_40000000_FORKED_CREEK",1100,569284,"FORKED CREEK","03100201","40000000","STREAM","tbcmp_PD_HA_IntHigh_2080","PD","HA","IntHigh","2080",562.692558868816
"03100201_40000000_FORKED_CREEK",1200,2493852,"FORKED CREEK","03100201","40000000","STREAM","tbcmp_PD_HA_IntHigh_2080","PD","HA","IntHigh","2080",2464.97699447045
"03100201_40000000_FORKED_CREEK",1800,36250,"FORKED CREEK","03100201","40000000","STREAM","tbcmp_PD_HA_IntHigh_2080","PD","HA","IntHigh","2080",35.830280245
"03100201_40000000_FORKED_CREEK",1820,214295,"FORKED CREEK","03100201","40000000","STREAM","tbcmp_PD_HA_IntHigh_2080","PD","HA","IntHigh","2080",211.81379048558
"03100201_40000000_FORKED_CREEK",1900,489203,"FORKED CREEK","03100201","40000000","STREAM","tbcmp_PD_HA_IntHigh_2080","PD","HA","IntHigh","2080",483.538774805372
"03100201_40000000_FORKED_CREEK",2100,493116,"FORKED CREEK","03100201","40000000","STREAM","tbcmp_PD_HA_IntHigh_2080","PD","HA","IntHigh","2080",487.406468228784
"03100201_40000000_FORKED_CREEK",3200,518127,"FORKED CREEK","03100201","40000000","STREAM","tbcmp_PD_HA_IntHigh_2080","PD","HA","IntHigh","2080",512.127878965548
"03100201_40000000_FORKED_CREEK",4100,863531,"FORKED CREEK","03100201","40000000","STREAM","tbcmp_PD_HA_IntHigh_2080","PD","HA","IntHigh","2080",853.532627041244
"03100201_40000000_FORKED_CREEK",5200,504735,"FORKED CREEK","03100201","40000000","STREAM","tbcmp_PD_HA_IntHigh_2080","PD","HA","IntHigh","2080",498.89093791614
"03100201_40000000_FORKED_CREEK",5400,106637,"FORKED CREEK","03100201","40000000","STREAM","tbcmp_PD_HA_IntHigh_2080","PD","HA","IntHigh","2080",105.402306054788
"03100201_40000000_FORKED_CREEK",6110,302737,"FORKED CREEK","03100201","40000000","STREAM","tbcmp_PD_HA_IntHigh_2080","PD","HA","IntHigh","2080",299.231766911188
"03100201_40000000_FORKED_CREEK",6120,4021,"FORKED CREEK","03100201","40000000","STREAM","tbcmp_PD_HA_IntHigh_2080","PD","HA","IntHigh","2080",3.974442948004
"03100201_40000000_FORKED_CREEK",6410,816834,"FORKED CREEK","03100201","40000000","STREAM","tbcmp_PD_HA_IntHigh_2080","PD","HA","IntHigh","2080",807.376307135016
"03100201_40000000_FORKED_CREEK",6420,613,"FORKED CREEK","03100201","40000000","STREAM","tbcmp_PD_HA_IntHigh_2080","PD","HA","IntHigh","2080",0.605902394212
"03100201_40000000_FORKED_CREEK",6600,2600,"FORKED CREEK","03100201","40000000","STREAM","tbcmp_PD_HA_IntHigh_2080","PD","HA","IntHigh","2080",2.5698959624
"03100201_40000000_FORKED_CREEK",9113,38067,"FORKED CREEK","03100201","40000000","STREAM","tbcmp_PD_HA_IntHigh_2080","PD","HA","IntHigh","2080",37.626242154108
"03100201_50000000_ALLIGATOR_CREEK",0,7,"ALLIGATOR CREEK","03100201","50000000","STREAM","tbcmp_PD_HA_IntHigh_2080","PD","HA","IntHigh","2080",0.006918950668
"03100201_50000000_ALLIGATOR_CREEK",1200,4274681,"ALLIGATOR CREEK","03100201","50000000","STREAM","tbcmp_PD_HA_IntHigh_2080","PD","HA","IntHigh","2080",4225.18670863384
"03100201_50000000_ALLIGATOR_CREEK",1800,22113,"ALLIGATOR CREEK","03100201","50000000","STREAM","tbcmp_PD_HA_IntHigh_2080","PD","HA","IntHigh","2080",21.856965160212
"03100201_50000000_ALLIGATOR_CREEK",1820,182124,"ALLIGATOR CREEK","03100201","50000000","STREAM","tbcmp_PD_HA_IntHigh_2080","PD","HA","IntHigh","2080",180.015281636976
"03100201_50000000_ALLIGATOR_CREEK",1900,80629,"ALLIGATOR CREEK","03100201","50000000","STREAM","tbcmp_PD_HA_IntHigh_2080","PD","HA","IntHigh","2080",79.695439058596
"03100201_50000000_ALLIGATOR_CREEK",3200,138911,"ALLIGATOR CREEK","03100201","50000000","STREAM","tbcmp_PD_HA_IntHigh_2080","PD","HA","IntHigh","2080",137.302622320364
"03100201_50000000_ALLIGATOR_CREEK",4100,152364,"ALLIGATOR CREEK","03100201","50000000","STREAM","tbcmp_PD_HA_IntHigh_2080","PD","HA","IntHigh","2080",150.599857082736
"03100201_50000000_ALLIGATOR_CREEK",5200,412180,"ALLIGATOR CREEK","03100201","50000000","STREAM","tbcmp_PD_HA_IntHigh_2080","PD","HA","IntHigh","2080",407.40758376232
"03100201_50000000_ALLIGATOR_CREEK",5400,25092,"ALLIGATOR CREEK","03100201","50000000","STREAM","tbcmp_PD_HA_IntHigh_2080","PD","HA","IntHigh","2080",24.801472880208
"03100201_50000000_ALLIGATOR_CREEK",6110,230173,"ALLIGATOR CREEK","03100201","50000000","STREAM","tbcmp_PD_HA_IntHigh_2080","PD","HA","IntHigh","2080",227.507947443652
"03100201_50000000_ALLIGATOR_CREEK",6120,68209,"ALLIGATOR CREEK","03100201","50000000","STREAM","tbcmp_PD_HA_IntHigh_2080","PD","HA","IntHigh","2080",67.419243730516
"03100201_50000000_ALLIGATOR_CREEK",6410,170428,"ALLIGATOR CREEK","03100201","50000000","STREAM","tbcmp_PD_HA_IntHigh_2080","PD","HA","IntHigh","2080",168.454703492272
"03100201_50000000_ALLIGATOR_CREEK",6420,4316,"ALLIGATOR CREEK","03100201","50000000","STREAM","tbcmp_PD_HA_IntHigh_2080","PD","HA","IntHigh","2080",4.266027297584
"03100201_50000000_ALLIGATOR_CREEK",6600,13324,"ALLIGATOR CREEK","03100201","50000000","STREAM","tbcmp_PD_HA_IntHigh_2080","PD","HA","IntHigh","2080",13.169728385776
"03100201_50000000_ALLIGATOR_CREEK",9113,55228,"ALLIGATOR CREEK","03100201","50000000","STREAM","tbcmp_PD_HA_IntHigh_2080","PD","HA","IntHigh","2080",54.588543927472
"03100201_54000000_HATCHETT_CREEK",1100,136999,"HATCHETT CREEK","03100201","54000000","STREAM","tbcmp_PD_HA_IntHigh_2080","PD","HA","IntHigh","2080",135.412760366476
"03100201_54000000_HATCHETT_CREEK",1200,2501166,"HATCHETT CREEK","03100201","54000000","STREAM","tbcmp_PD_HA_IntHigh_2080","PD","HA","IntHigh","2080",2472.20630949698
"03100201_54000000_HATCHETT_CREEK",1800,151360,"HATCHETT CREEK","03100201","54000000","STREAM","tbcmp_PD_HA_IntHigh_2080","PD","HA","IntHigh","2080",149.60748187264
"03100201_54000000_HATCHETT_CREEK",1820,295747,"HATCHETT CREEK","03100201","54000000","STREAM","tbcmp_PD_HA_IntHigh_2080","PD","HA","IntHigh","2080",292.322700458428
"03100201_54000000_HATCHETT_CREEK",1900,46779,"HATCHETT CREEK","03100201","54000000","STREAM","tbcmp_PD_HA_IntHigh_2080","PD","HA","IntHigh","2080",46.237370471196
"03100201_54000000_HATCHETT_CREEK",2100,6204,"HATCHETT CREEK","03100201","54000000","STREAM","tbcmp_PD_HA_IntHigh_2080","PD","HA","IntHigh","2080",6.132167134896
"03100201_54000000_HATCHETT_CREEK",3200,11119,"HATCHETT CREEK","03100201","54000000","STREAM","tbcmp_PD_HA_IntHigh_2080","PD","HA","IntHigh","2080",10.990258925356
"03100201_54000000_HATCHETT_CREEK",4100,209426,"HATCHETT CREEK","03100201","54000000","STREAM","tbcmp_PD_HA_IntHigh_2080","PD","HA","IntHigh","2080",207.001166085224
"03100201_54000000_HATCHETT_CREEK",5200,280319,"HATCHETT CREEK","03100201","54000000","STREAM","tbcmp_PD_HA_IntHigh_2080","PD","HA","IntHigh","2080",277.073333186156
"03100201_54000000_HATCHETT_CREEK",5400,9155,"HATCHETT CREEK","03100201","54000000","STREAM","tbcmp_PD_HA_IntHigh_2080","PD","HA","IntHigh","2080",9.04899905222
"03100201_54000000_HATCHETT_CREEK",6110,149281,"HATCHETT CREEK","03100201","54000000","STREAM","tbcmp_PD_HA_IntHigh_2080","PD","HA","IntHigh","2080",147.552553524244
"03100201_54000000_HATCHETT_CREEK",6120,2781,"HATCHETT CREEK","03100201","54000000","STREAM","tbcmp_PD_HA_IntHigh_2080","PD","HA","IntHigh","2080",2.748800258244
"03100201_54000000_HATCHETT_CREEK",6410,211265,"HATCHETT CREEK","03100201","54000000","STREAM","tbcmp_PD_HA_IntHigh_2080","PD","HA","IntHigh","2080",208.81887326786
"03100201_54000000_HATCHETT_CREEK",6420,567,"HATCHETT CREEK","03100201","54000000","STREAM","tbcmp_PD_HA_IntHigh_2080","PD","HA","IntHigh","2080",0.560435004108
"03100201_54000000_HATCHETT_CREEK",6600,1979,"HATCHETT CREEK","03100201","54000000","STREAM","tbcmp_PD_HA_IntHigh_2080","PD","HA","IntHigh","2080",1.956086195996
"03100201_54000000_HATCHETT_CREEK",9113,3856,"HATCHETT CREEK","03100201","54000000","STREAM","tbcmp_PD_HA_IntHigh_2080","PD","HA","IntHigh","2080",3.811353396544
"03100201_58000000_CURRY_CREEK",1100,835170,"CURRY CREEK","03100201","58000000","CANAL","tbcmp_PD_HA_IntHigh_2080","PD","HA","IntHigh","2080",825.50000419908
"03100201_58000000_CURRY_CREEK",1200,2045639,"CURRY CREEK","03100201","58000000","CANAL","tbcmp_PD_HA_IntHigh_2080","PD","HA","IntHigh","2080",2021.95361793384
"03100201_58000000_CURRY_CREEK",1800,129470,"CURRY CREEK","03100201","58000000","CANAL","tbcmp_PD_HA_IntHigh_2080","PD","HA","IntHigh","2080",127.97093471228
"03100201_58000000_CURRY_CREEK",1820,254103,"CURRY CREEK","03100201","58000000","CANAL","tbcmp_PD_HA_IntHigh_2080","PD","HA","IntHigh","2080",251.160874512972
"03100201_58000000_CURRY_CREEK",1900,314679,"CURRY CREEK","03100201","58000000","CANAL","tbcmp_PD_HA_IntHigh_2080","PD","HA","IntHigh","2080",311.035496750796
"03100201_58000000_CURRY_CREEK",2100,67066,"CURRY CREEK","03100201","58000000","CANAL","tbcmp_PD_HA_IntHigh_2080","PD","HA","IntHigh","2080",66.289477928584
"03100201_58000000_CURRY_CREEK",2400,6515,"CURRY CREEK","03100201","58000000","CANAL","tbcmp_PD_HA_IntHigh_2080","PD","HA","IntHigh","2080",6.43956622886
"03100201_58000000_CURRY_CREEK",3200,39630,"CURRY CREEK","03100201","58000000","CANAL","tbcmp_PD_HA_IntHigh_2080","PD","HA","IntHigh","2080",39.17114499612
"03100201_58000000_CURRY_CREEK",4100,287700,"CURRY CREEK","03100201","58000000","CANAL","tbcmp_PD_HA_IntHigh_2080","PD","HA","IntHigh","2080",284.3688724548
"03100201_58000000_CURRY_CREEK",5200,342515,"CURRY CREEK","03100201","58000000","CANAL","tbcmp_PD_HA_IntHigh_2080","PD","HA","IntHigh","2080",338.54919829286
"03100201_58000000_CURRY_CREEK",5400,55142,"CURRY CREEK","03100201","58000000","CANAL","tbcmp_PD_HA_IntHigh_2080","PD","HA","IntHigh","2080",54.503539676408
"03100201_58000000_CURRY_CREEK",6110,47209,"CURRY CREEK","03100201","58000000","CANAL","tbcmp_PD_HA_IntHigh_2080","PD","HA","IntHigh","2080",46.662391726516
"03100201_58000000_CURRY_CREEK",6120,2069,"CURRY CREEK","03100201","58000000","CANAL","tbcmp_PD_HA_IntHigh_2080","PD","HA","IntHigh","2080",2.045044133156
"03100201_58000000_CURRY_CREEK",6410,227314,"CURRY CREEK","03100201","58000000","CANAL","tbcmp_PD_HA_IntHigh_2080","PD","HA","IntHigh","2080",224.682050306536
"03100201_58000000_CURRY_CREEK",6420,6470,"CURRY CREEK","03100201","58000000","CANAL","tbcmp_PD_HA_IntHigh_2080","PD","HA","IntHigh","2080",6.39508726028
"03100201_58000000_CURRY_CREEK",6425,26779,"CURRY CREEK","03100201","58000000","CANAL","tbcmp_PD_HA_IntHigh_2080","PD","HA","IntHigh","2080",26.468939991196
"03100201_58000000_CURRY_CREEK",6510,11883,"CURRY CREEK","03100201","58000000","CANAL","tbcmp_PD_HA_IntHigh_2080","PD","HA","IntHigh","2080",11.745412969692
"03100201_58000000_CURRY_CREEK",6600,19383,"CURRY CREEK","03100201","58000000","CANAL","tbcmp_PD_HA_IntHigh_2080","PD","HA","IntHigh","2080",19.158574399692
"03100201_58000000_CURRY_CREEK",9113,97287,"CURRY CREEK","03100201","58000000","CANAL","tbcmp_PD_HA_IntHigh_2080","PD","HA","IntHigh","2080",96.160564805388
"03100201_58500000_BLACKBURN_CANAL",1100,256066,"BLACKBURN CANAL","03100201","58500000","CANAL","tbcmp_PD_HA_IntHigh_2080","PD","HA","IntHigh","2080",253.101145964584
"03100201_58500000_BLACKBURN_CANAL",1200,684958,"BLACKBURN CANAL","03100201","58500000","CANAL","tbcmp_PD_HA_IntHigh_2080","PD","HA","IntHigh","2080",677.027230235992
"03100201_58500000_BLACKBURN_CANAL",1800,8846,"BLACKBURN CANAL","03100201","58500000","CANAL","tbcmp_PD_HA_IntHigh_2080","PD","HA","IntHigh","2080",8.743576801304
"03100201_58500000_BLACKBURN_CANAL",1820,16114,"BLACKBURN CANAL","03100201","58500000","CANAL","tbcmp_PD_HA_IntHigh_2080","PD","HA","IntHigh","2080",15.927424437736
"03100201_58500000_BLACKBURN_CANAL",1900,82663,"BLACKBURN CANAL","03100201","58500000","CANAL","tbcmp_PD_HA_IntHigh_2080","PD","HA","IntHigh","2080",81.705888438412
"03100201_58500000_BLACKBURN_CANAL",2100,37283,"BLACKBURN CANAL","03100201","58500000","CANAL","tbcmp_PD_HA_IntHigh_2080","PD","HA","IntHigh","2080",36.851319679292
"03100201_58500000_BLACKBURN_CANAL",2400,13598,"BLACKBURN CANAL","03100201","58500000","CANAL","tbcmp_PD_HA_IntHigh_2080","PD","HA","IntHigh","2080",13.440555883352
"03100201_58500000_BLACKBURN_CANAL",3200,52709,"BLACKBURN CANAL","03100201","58500000","CANAL","tbcmp_PD_HA_IntHigh_2080","PD","HA","IntHigh","2080",52.098710108516
"03100201_58500000_BLACKBURN_CANAL",4100,59424,"BLACKBURN CANAL","03100201","58500000","CANAL","tbcmp_PD_HA_IntHigh_2080","PD","HA","IntHigh","2080",58.735960642176
"03100201_58500000_BLACKBURN_CANAL",5200,103123,"BLACKBURN CANAL","03100201","58500000","CANAL","tbcmp_PD_HA_IntHigh_2080","PD","HA","IntHigh","2080",101.928992819452
"03100201_58500000_BLACKBURN_CANAL",5400,5321,"BLACKBURN CANAL","03100201","58500000","CANAL","tbcmp_PD_HA_IntHigh_2080","PD","HA","IntHigh","2080",5.259390929204
"03100201_58500000_BLACKBURN_CANAL",6110,21347,"BLACKBURN CANAL","03100201","58500000","CANAL","tbcmp_PD_HA_IntHigh_2080","PD","HA","IntHigh","2080",21.099834272828
"03100201_58500000_BLACKBURN_CANAL",6120,3086,"BLACKBURN CANAL","03100201","58500000","CANAL","tbcmp_PD_HA_IntHigh_2080","PD","HA","IntHigh","2080",3.050268823064
"03100201_58500000_BLACKBURN_CANAL",6410,23260,"BLACKBURN CANAL","03100201","58500000","CANAL","tbcmp_PD_HA_IntHigh_2080","PD","HA","IntHigh","2080",22.99068464824
"03100201_58500000_BLACKBURN_CANAL",6420,479,"BLACKBURN CANAL","03100201","58500000","CANAL","tbcmp_PD_HA_IntHigh_2080","PD","HA","IntHigh","2080",0.473453909996
"03100201_58500000_BLACKBURN_CANAL",6425,204,"BLACKBURN CANAL","03100201","58500000","CANAL","tbcmp_PD_HA_IntHigh_2080","PD","HA","IntHigh","2080",0.201637990896
"03100201_58500000_BLACKBURN_CANAL",6510,105,"BLACKBURN CANAL","03100201","58500000","CANAL","tbcmp_PD_HA_IntHigh_2080","PD","HA","IntHigh","2080",0.10378426002
"03100201_58500000_BLACKBURN_CANAL",6600,1879,"BLACKBURN CANAL","03100201","58500000","CANAL","tbcmp_PD_HA_IntHigh_2080","PD","HA","IntHigh","2080",1.857244043596
"03100201_58500000_BLACKBURN_CANAL",9113,3357,"BLACKBURN CANAL","03100201","58500000","CANAL","tbcmp_PD_HA_IntHigh_2080","PD","HA","IntHigh","2080",3.318131056068
"03100201_60500000_COW_PEN_SLOUGH",1100,6415672,"COW PEN SLOUGH","03100201","60500000","CANAL","tbcmp_PD_HA_IntHigh_2080","PD","HA","IntHigh","2080",6341.38829572413
"03100201_60500000_COW_PEN_SLOUGH",1200,3573890,"COW PEN SLOUGH","03100201","60500000","CANAL","tbcmp_PD_HA_IntHigh_2080","PD","HA","IntHigh","2080",3532.50980040836
"03100201_60500000_COW_PEN_SLOUGH",1800,74040,"COW PEN SLOUGH","03100201","60500000","CANAL","tbcmp_PD_HA_IntHigh_2080","PD","HA","IntHigh","2080",73.18272963696
"03100201_60500000_COW_PEN_SLOUGH",1820,506492,"COW PEN SLOUGH","03100201","60500000","CANAL","tbcmp_PD_HA_IntHigh_2080","PD","HA","IntHigh","2080",500.627594533808
"03100201_60500000_COW_PEN_SLOUGH",1900,1901121,"COW PEN SLOUGH","03100201","60500000","CANAL","tbcmp_PD_HA_IntHigh_2080","PD","HA","IntHigh","2080",1879.1089161284
"03100201_60500000_COW_PEN_SLOUGH",2100,8230028,"COW PEN SLOUGH","03100201","60500000","CANAL","tbcmp_PD_HA_IntHigh_2080","PD","HA","IntHigh","2080",8134.73681832267
"03100201_60500000_COW_PEN_SLOUGH",2200,317892,"COW PEN SLOUGH","03100201","60500000","CANAL","tbcmp_PD_HA_IntHigh_2080","PD","HA","IntHigh","2080",314.211295107408
"03100201_60500000_COW_PEN_SLOUGH",2400,199619,"COW PEN SLOUGH","03100201","60500000","CANAL","tbcmp_PD_HA_IntHigh_2080","PD","HA","IntHigh","2080",197.307716199356
"03100201_60500000_COW_PEN_SLOUGH",3200,1352148,"COW PEN SLOUGH","03100201","60500000","CANAL","tbcmp_PD_HA_IntHigh_2080","PD","HA","IntHigh","2080",1336.49218683355
"03100201_60500000_COW_PEN_SLOUGH",4100,4443735,"COW PEN SLOUGH","03100201","60500000","CANAL","tbcmp_PD_HA_IntHigh_2080","PD","HA","IntHigh","2080",4392.28332095214
"03100201_60500000_COW_PEN_SLOUGH",4400,57129,"COW PEN SLOUGH","03100201","60500000","CANAL","tbcmp_PD_HA_IntHigh_2080","PD","HA","IntHigh","2080",56.467533244596
"03100201_60500000_COW_PEN_SLOUGH",5200,1452630,"COW PEN SLOUGH","03100201","60500000","CANAL","tbcmp_PD_HA_IntHigh_2080","PD","HA","IntHigh","2080",1435.81075840812
"03100201_60500000_COW_PEN_SLOUGH",5400,66256,"COW PEN SLOUGH","03100201","60500000","CANAL","tbcmp_PD_HA_IntHigh_2080","PD","HA","IntHigh","2080",65.488856494144
"03100201_60500000_COW_PEN_SLOUGH",6110,2678279,"COW PEN SLOUGH","03100201","60500000","CANAL","tbcmp_PD_HA_IntHigh_2080","PD","HA","IntHigh","2080",2647.2686108772
"03100201_60500000_COW_PEN_SLOUGH",6120,4,"COW PEN SLOUGH","03100201","60500000","CANAL","tbcmp_PD_HA_IntHigh_2080","PD","HA","IntHigh","2080",0.003953686096
"03100201_60500000_COW_PEN_SLOUGH",6410,4471038,"COW PEN SLOUGH","03100201","60500000","CANAL","tbcmp_PD_HA_IntHigh_2080","PD","HA","IntHigh","2080",4419.27019382191
"03100201_60500000_COW_PEN_SLOUGH",6420,3066,"COW PEN SLOUGH","03100201","60500000","CANAL","tbcmp_PD_HA_IntHigh_2080","PD","HA","IntHigh","2080",3.030500392584
"03100201_60500000_COW_PEN_SLOUGH",6425,15148,"COW PEN SLOUGH","03100201","60500000","CANAL","tbcmp_PD_HA_IntHigh_2080","PD","HA","IntHigh","2080",14.972609245552
"03100201_60500000_COW_PEN_SLOUGH",6510,11035,"COW PEN SLOUGH","03100201","60500000","CANAL","tbcmp_PD_HA_IntHigh_2080","PD","HA","IntHigh","2080",10.90723151734
"03100201_60500000_COW_PEN_SLOUGH",6600,5058,"COW PEN SLOUGH","03100201","60500000","CANAL","tbcmp_PD_HA_IntHigh_2080","PD","HA","IntHigh","2080",4.999436068392
"03100201_60500000_COW_PEN_SLOUGH",9113,24250,"COW PEN SLOUGH","03100201","60500000","CANAL","tbcmp_PD_HA_IntHigh_2080","PD","HA","IntHigh","2080",23.969221957
"03100201_60507000_UNNAMED_DRAIN",1100,8692,"UNNAMED DRAIN","03100201","60507000","DRAIN","tbcmp_PD_HA_IntHigh_2080","PD","HA","IntHigh","2080",8.591359886608
"03100201_60507000_UNNAMED_DRAIN",1200,423448,"UNNAMED DRAIN","03100201","60507000","DRAIN","tbcmp_PD_HA_IntHigh_2080","PD","HA","IntHigh","2080",418.545117494752
"03100201_60507000_UNNAMED_DRAIN",1900,146600,"UNNAMED DRAIN","03100201","60507000","DRAIN","tbcmp_PD_HA_IntHigh_2080","PD","HA","IntHigh","2080",144.9025954184
"03100201_60507000_UNNAMED_DRAIN",2100,1017872,"UNNAMED DRAIN","03100201","60507000","DRAIN","tbcmp_PD_HA_IntHigh_2080","PD","HA","IntHigh","2080",1006.08659347693
"03100201_60507000_UNNAMED_DRAIN",2200,127307,"UNNAMED DRAIN","03100201","60507000","DRAIN","tbcmp_PD_HA_IntHigh_2080","PD","HA","IntHigh","2080",125.832978955868
"03100201_60507000_UNNAMED_DRAIN",3200,102995,"UNNAMED DRAIN","03100201","60507000","DRAIN","tbcmp_PD_HA_IntHigh_2080","PD","HA","IntHigh","2080",101.80247486438
"03100201_60507000_UNNAMED_DRAIN",4100,651246,"UNNAMED DRAIN","03100201","60507000","DRAIN","tbcmp_PD_HA_IntHigh_2080","PD","HA","IntHigh","2080",643.705563818904
"03100201_60507000_UNNAMED_DRAIN",5200,79444,"UNNAMED DRAIN","03100201","60507000","DRAIN","tbcmp_PD_HA_IntHigh_2080","PD","HA","IntHigh","2080",78.524159552656
"03100201_60507000_UNNAMED_DRAIN",6110,325894,"UNNAMED DRAIN","03100201","60507000","DRAIN","tbcmp_PD_HA_IntHigh_2080","PD","HA","IntHigh","2080",322.120644142456
"03100201_60507000_UNNAMED_DRAIN",6410,835422,"UNNAMED DRAIN","03100201","60507000","DRAIN","tbcmp_PD_HA_IntHigh_2080","PD","HA","IntHigh","2080",825.749086423128
"03100201_60508500_SALT_CREEK",1100,193790,"SALT CREEK","03100201","60508500","STREAM","tbcmp_PD_HA_IntHigh_2080","PD","HA","IntHigh","2080",191.54620713596
"03100201_60508500_SALT_CREEK",1200,800982,"SALT CREEK","03100201","60508500","STREAM","tbcmp_PD_HA_IntHigh_2080","PD","HA","IntHigh","2080",791.707849136568
"03100201_60508500_SALT_CREEK",1800,53171,"SALT CREEK","03100201","60508500","STREAM","tbcmp_PD_HA_IntHigh_2080","PD","HA","IntHigh","2080",52.555360852604
"03100201_60508500_SALT_CREEK",1900,218063,"SALT CREEK","03100201","60508500","STREAM","tbcmp_PD_HA_IntHigh_2080","PD","HA","IntHigh","2080",215.538162788012
"03100201_60508500_SALT_CREEK",2100,149854,"SALT CREEK","03100201","60508500","STREAM","tbcmp_PD_HA_IntHigh_2080","PD","HA","IntHigh","2080",148.118919057496
"03100201_60508500_SALT_CREEK",2200,54071,"SALT CREEK","03100201","60508500","STREAM","tbcmp_PD_HA_IntHigh_2080","PD","HA","IntHigh","2080",53.444940224204
"03100201_60508500_SALT_CREEK",3200,142506,"SALT CREEK","03100201","60508500","STREAM","tbcmp_PD_HA_IntHigh_2080","PD","HA","IntHigh","2080",140.855997699144
"03100201_60508500_SALT_CREEK",4100,1482163,"SALT CREEK","03100201","60508500","STREAM","tbcmp_PD_HA_IntHigh_2080","PD","HA","IntHigh","2080",1465.00181127641
"03100201_60508500_SALT_CREEK",5200,284805,"SALT CREEK","03100201","60508500","STREAM","tbcmp_PD_HA_IntHigh_2080","PD","HA","IntHigh","2080",281.50739214282
"03100201_60508500_SALT_CREEK",5400,9950,"SALT CREEK","03100201","60508500","STREAM","tbcmp_PD_HA_IntHigh_2080","PD","HA","IntHigh","2080",9.8347941638
"03100201_60508500_SALT_CREEK",6110,170991,"SALT CREEK","03100201","60508500","STREAM","tbcmp_PD_HA_IntHigh_2080","PD","HA","IntHigh","2080",169.011184810284
"03100201_60508500_SALT_CREEK",6120,1776,"SALT CREEK","03100201","60508500","STREAM","tbcmp_PD_HA_IntHigh_2080","PD","HA","IntHigh","2080",1.755436626624
"03100201_60508500_SALT_CREEK",6410,537545,"SALT CREEK","03100201","60508500","STREAM","tbcmp_PD_HA_IntHigh_2080","PD","HA","IntHigh","2080",531.32104811858
"03100201_60508500_SALT_CREEK",6420,1676,"SALT CREEK","03100201","60508500","STREAM","tbcmp_PD_HA_IntHigh_2080","PD","HA","IntHigh","2080",1.656594474224
"03100201_60508500_SALT_CREEK",6425,3828,"SALT CREEK","03100201","60508500","STREAM","tbcmp_PD_HA_IntHigh_2080","PD","HA","IntHigh","2080",3.783677593872
"03100201_60508500_SALT_CREEK",6510,1865,"SALT CREEK","03100201","60508500","STREAM","tbcmp_PD_HA_IntHigh_2080","PD","HA","IntHigh","2080",1.84340614226
"03100201_60508500_SALT_CREEK",6600,5030,"SALT CREEK","03100201","60508500","STREAM","tbcmp_PD_HA_IntHigh_2080","PD","HA","IntHigh","2080",4.97176026572
"03100201_60508500_SALT_CREEK",9113,7010,"SALT CREEK","03100201","60508500","STREAM","tbcmp_PD_HA_IntHigh_2080","PD","HA","IntHigh","2080",6.92883488324
"03100201_60509000_FOX_CREEK",1100,215658,"FOX CREEK","03100201","60509000","STREAM","tbcmp_PD_HA_IntHigh_2080","PD","HA","IntHigh","2080",213.161009022792
"03100201_60509000_FOX_CREEK",1200,945520,"FOX CREEK","03100201","60509000","STREAM","tbcmp_PD_HA_IntHigh_2080","PD","HA","IntHigh","2080",934.57231937248
"03100201_60509000_FOX_CREEK",1800,31261,"FOX CREEK","03100201","60509000","STREAM","tbcmp_PD_HA_IntHigh_2080","PD","HA","IntHigh","2080",30.899045261764
"03100201_60509000_FOX_CREEK",1820,271585,"FOX CREEK","03100201","60509000","STREAM","tbcmp_PD_HA_IntHigh_2080","PD","HA","IntHigh","2080",268.44045959554
"03100201_60509000_FOX_CREEK",1900,293230,"FOX CREEK","03100201","60509000","STREAM","tbcmp_PD_HA_IntHigh_2080","PD","HA","IntHigh","2080",289.83484348252
"03100201_60509000_FOX_CREEK",2100,709278,"FOX CREEK","03100201","60509000","STREAM","tbcmp_PD_HA_IntHigh_2080","PD","HA","IntHigh","2080",701.065641699672
"03100201_60509000_FOX_CREEK",3200,105925,"FOX CREEK","03100201","60509000","STREAM","tbcmp_PD_HA_IntHigh_2080","PD","HA","IntHigh","2080",104.6985499297
"03100201_60509000_FOX_CREEK",4100,215943,"FOX CREEK","03100201","60509000","STREAM","tbcmp_PD_HA_IntHigh_2080","PD","HA","IntHigh","2080",213.442709157132
"03100201_60509000_FOX_CREEK",5200,165891,"FOX CREEK","03100201","60509000","STREAM","tbcmp_PD_HA_IntHigh_2080","PD","HA","IntHigh","2080",163.970235037884
"03100201_60509000_FOX_CREEK",5400,17422,"FOX CREEK","03100201","60509000","STREAM","tbcmp_PD_HA_IntHigh_2080","PD","HA","IntHigh","2080",17.220279791128
"03100201_60509000_FOX_CREEK",6110,114500,"FOX CREEK","03100201","60509000","STREAM","tbcmp_PD_HA_IntHigh_2080","PD","HA","IntHigh","2080",113.174264498
"03100201_60509000_FOX_CREEK",6120,1337,"FOX CREEK","03100201","60509000","STREAM","tbcmp_PD_HA_IntHigh_2080","PD","HA","IntHigh","2080",1.321519577588
"03100201_60509000_FOX_CREEK",6410,396623,"FOX CREEK","03100201","60509000","STREAM","tbcmp_PD_HA_IntHigh_2080","PD","HA","IntHigh","2080",392.030710113452
"03100201_60509000_FOX_CREEK",6420,2827,"FOX CREEK","03100201","60509000","STREAM","tbcmp_PD_HA_IntHigh_2080","PD","HA","IntHigh","2080",2.794267648348
"03100201_60509000_FOX_CREEK",6425,7271,"FOX CREEK","03100201","60509000","STREAM","tbcmp_PD_HA_IntHigh_2080","PD","HA","IntHigh","2080",7.186812901004
"03100201_60509000_FOX_CREEK",6510,3169,"FOX CREEK","03100201","60509000","STREAM","tbcmp_PD_HA_IntHigh_2080","PD","HA","IntHigh","2080",3.132307809556
"03100201_60509000_FOX_CREEK",6600,9133,"FOX CREEK","03100201","60509000","STREAM","tbcmp_PD_HA_IntHigh_2080","PD","HA","IntHigh","2080",9.027253778692
"03100201_60509000_FOX_CREEK",9113,6817,"FOX CREEK","03100201","60509000","STREAM","tbcmp_PD_HA_IntHigh_2080","PD","HA","IntHigh","2080",6.738069529108
"03100201_70000000_SOUTH_CREEK",1100,259728,"SOUTH CREEK","03100201","70000000","STREAM","tbcmp_PD_HA_IntHigh_2080","PD","HA","IntHigh","2080",256.720745585472
"03100201_70000000_SOUTH_CREEK",1200,3637596,"SOUTH CREEK","03100201","70000000","STREAM","tbcmp_PD_HA_IntHigh_2080","PD","HA","IntHigh","2080",3595.4781820163
"03100201_70000000_SOUTH_CREEK",1800,94908,"SOUTH CREEK","03100201","70000000","STREAM","tbcmp_PD_HA_IntHigh_2080","PD","HA","IntHigh","2080",93.809109999792
"03100201_70000000_SOUTH_CREEK",1820,138740,"SOUTH CREEK","03100201","70000000","STREAM","tbcmp_PD_HA_IntHigh_2080","PD","HA","IntHigh","2080",137.13360223976
"03100201_70000000_SOUTH_CREEK",1900,329855,"SOUTH CREEK","03100201","70000000","STREAM","tbcmp_PD_HA_IntHigh_2080","PD","HA","IntHigh","2080",326.03578179902
"03100201_70000000_SOUTH_CREEK",2100,165842,"SOUTH CREEK","03100201","70000000","STREAM","tbcmp_PD_HA_IntHigh_2080","PD","HA","IntHigh","2080",163.921802383208
"03100201_70000000_SOUTH_CREEK",2400,6580,"SOUTH CREEK","03100201","70000000","STREAM","tbcmp_PD_HA_IntHigh_2080","PD","HA","IntHigh","2080",6.50381362792
"03100201_70000000_SOUTH_CREEK",3200,271102,"SOUTH CREEK","03100201","70000000","STREAM","tbcmp_PD_HA_IntHigh_2080","PD","HA","IntHigh","2080",267.963051999448
"03100201_70000000_SOUTH_CREEK",4100,1565443,"SOUTH CREEK","03100201","70000000","STREAM","tbcmp_PD_HA_IntHigh_2080","PD","HA","IntHigh","2080",1547.31755579513
"03100201_70000000_SOUTH_CREEK",5200,795980,"SOUTH CREEK","03100201","70000000","STREAM","tbcmp_PD_HA_IntHigh_2080","PD","HA","IntHigh","2080",786.76376467352
"03100201_70000000_SOUTH_CREEK",5400,55007,"SOUTH CREEK","03100201","70000000","STREAM","tbcmp_PD_HA_IntHigh_2080","PD","HA","IntHigh","2080",54.370102770668
"03100201_70000000_SOUTH_CREEK",6110,290380,"SOUTH CREEK","03100201","70000000","STREAM","tbcmp_PD_HA_IntHigh_2080","PD","HA","IntHigh","2080",287.01784213912
"03100201_70000000_SOUTH_CREEK",6120,3615,"SOUTH CREEK","03100201","70000000","STREAM","tbcmp_PD_HA_IntHigh_2080","PD","HA","IntHigh","2080",3.57314380926
"03100201_70000000_SOUTH_CREEK",6410,788822,"SOUTH CREEK","03100201","70000000","STREAM","tbcmp_PD_HA_IntHigh_2080","PD","HA","IntHigh","2080",779.688643404728
"03100201_70000000_SOUTH_CREEK",6420,4486,"SOUTH CREEK","03100201","70000000","STREAM","tbcmp_PD_HA_IntHigh_2080","PD","HA","IntHigh","2080",4.434058956664
"03100201_70000000_SOUTH_CREEK",6425,8501,"SOUTH CREEK","03100201","70000000","STREAM","tbcmp_PD_HA_IntHigh_2080","PD","HA","IntHigh","2080",8.402571375524
"03100201_70000000_SOUTH_CREEK",6510,3085,"SOUTH CREEK","03100201","70000000","STREAM","tbcmp_PD_HA_IntHigh_2080","PD","HA","IntHigh","2080",3.04928040154
"03100201_70000000_SOUTH_CREEK",6600,12887,"SOUTH CREEK","03100201","70000000","STREAM","tbcmp_PD_HA_IntHigh_2080","PD","HA","IntHigh","2080",12.737788179788
"03100201_70000000_SOUTH_CREEK",9113,28114,"SOUTH CREEK","03100201","70000000","STREAM","tbcmp_PD_HA_IntHigh_2080","PD","HA","IntHigh","2080",27.788482725736
"03100201_70500000_UNNAMED_CREEK",1100,65542,"UNNAMED CREEK","03100201","70500000","STREAM","tbcmp_PD_HA_IntHigh_2080","PD","HA","IntHigh","2080",64.783123526008
"03100201_70500000_UNNAMED_CREEK",1200,338919,"UNNAMED CREEK","03100201","70500000","STREAM","tbcmp_PD_HA_IntHigh_2080","PD","HA","IntHigh","2080",334.994834492556
"03100201_70500000_UNNAMED_CREEK",1800,35261,"UNNAMED CREEK","03100201","70500000","STREAM","tbcmp_PD_HA_IntHigh_2080","PD","HA","IntHigh","2080",34.852731357764
"03100201_70500000_UNNAMED_CREEK",1900,150417,"UNNAMED CREEK","03100201","70500000","STREAM","tbcmp_PD_HA_IntHigh_2080","PD","HA","IntHigh","2080",148.675400375508
"03100201_70500000_UNNAMED_CREEK",2100,2657769,"UNNAMED CREEK","03100201","70500000","STREAM","tbcmp_PD_HA_IntHigh_2080","PD","HA","IntHigh","2080",2626.99608541996
"03100201_70500000_UNNAMED_CREEK",2200,5334,"UNNAMED CREEK","03100201","70500000","STREAM","tbcmp_PD_HA_IntHigh_2080","PD","HA","IntHigh","2080",5.272240409016
"03100201_70500000_UNNAMED_CREEK",2400,268,"UNNAMED CREEK","03100201","70500000","STREAM","tbcmp_PD_HA_IntHigh_2080","PD","HA","IntHigh","2080",0.264896968432
"03100201_70500000_UNNAMED_CREEK",3200,210722,"UNNAMED CREEK","03100201","70500000","STREAM","tbcmp_PD_HA_IntHigh_2080","PD","HA","IntHigh","2080",208.282160380328
"03100201_70500000_UNNAMED_CREEK",4100,565049,"UNNAMED CREEK","03100201","70500000","STREAM","tbcmp_PD_HA_IntHigh_2080","PD","HA","IntHigh","2080",558.506593714676
"03100201_70500000_UNNAMED_CREEK",5200,115079,"UNNAMED CREEK","03100201","70500000","STREAM","tbcmp_PD_HA_IntHigh_2080","PD","HA","IntHigh","2080",113.746560560396
"03100201_70500000_UNNAMED_CREEK",6110,88384,"UNNAMED CREEK","03100201","70500000","STREAM","tbcmp_PD_HA_IntHigh_2080","PD","HA","IntHigh","2080",87.360647977216
"03100201_70500000_UNNAMED_CREEK",6410,1240226,"UNNAMED CREEK","03100201","70500000","STREAM","tbcmp_PD_HA_IntHigh_2080","PD","HA","IntHigh","2080",1225.86607302442
"03100201_78000000_CATFISH_CREEK",1100,87398,"CATFISH CREEK","03100201","78000000","STREAM","tbcmp_PD_HA_IntHigh_2080","PD","HA","IntHigh","2080",86.386064354552
"03100201_78000000_CATFISH_CREEK",1200,2207178,"CATFISH CREEK","03100201","78000000","STREAM","tbcmp_PD_HA_IntHigh_2080","PD","HA","IntHigh","2080",2181.62224249927
"03100201_78000000_CATFISH_CREEK",1800,56864,"CATFISH CREEK","03100201","78000000","STREAM","tbcmp_PD_HA_IntHigh_2080","PD","HA","IntHigh","2080",56.205601540736
"03100201_78000000_CATFISH_CREEK",1820,596599,"CATFISH CREEK","03100201","78000000","STREAM","tbcmp_PD_HA_IntHigh_2080","PD","HA","IntHigh","2080",589.691292796876
"03100201_78000000_CATFISH_CREEK",1900,22461,"CATFISH CREEK","03100201","78000000","STREAM","tbcmp_PD_HA_IntHigh_2080","PD","HA","IntHigh","2080",22.200935850564
"03100201_78000000_CATFISH_CREEK",2100,54745,"CATFISH CREEK","03100201","78000000","STREAM","tbcmp_PD_HA_IntHigh_2080","PD","HA","IntHigh","2080",54.11113633138
"03100201_78000000_CATFISH_CREEK",3200,2941,"CATFISH CREEK","03100201","78000000","STREAM","tbcmp_PD_HA_IntHigh_2080","PD","HA","IntHigh","2080",2.906947702084
"03100201_78000000_CATFISH_CREEK",4100,217845,"CATFISH CREEK","03100201","78000000","STREAM","tbcmp_PD_HA_IntHigh_2080","PD","HA","IntHigh","2080",215.32268689578
"03100201_78000000_CATFISH_CREEK",5200,380009,"CATFISH CREEK","03100201","78000000","STREAM","tbcmp_PD_HA_IntHigh_2080","PD","HA","IntHigh","2080",375.609074913716
"03100201_78000000_CATFISH_CREEK",5400,30366,"CATFISH CREEK","03100201","78000000","STREAM","tbcmp_PD_HA_IntHigh_2080","PD","HA","IntHigh","2080",30.014407997784
"03100201_78000000_CATFISH_CREEK",6110,135719,"CATFISH CREEK","03100201","78000000","STREAM","tbcmp_PD_HA_IntHigh_2080","PD","HA","IntHigh","2080",134.147580815756
"03100201_78000000_CATFISH_CREEK",6120,30684,"CATFISH CREEK","03100201","78000000","STREAM","tbcmp_PD_HA_IntHigh_2080","PD","HA","IntHigh","2080",30.328726042416
"03100201_78000000_CATFISH_CREEK",6410,276488,"CATFISH CREEK","03100201","78000000","STREAM","tbcmp_PD_HA_IntHigh_2080","PD","HA","IntHigh","2080",273.286690327712
"03100201_78000000_CATFISH_CREEK",6420,2677,"CATFISH CREEK","03100201","78000000","STREAM","tbcmp_PD_HA_IntHigh_2080","PD","HA","IntHigh","2080",2.646004419748
"03100201_78000000_CATFISH_CREEK",6600,6509,"CATFISH CREEK","03100201","78000000","STREAM","tbcmp_PD_HA_IntHigh_2080","PD","HA","IntHigh","2080",6.433635699716
"03100201_78000000_CATFISH_CREEK",9113,31739,"CATFISH CREEK","03100201","78000000","STREAM","tbcmp_PD_HA_IntHigh_2080","PD","HA","IntHigh","2080",31.371510750236
"03100201_84000000_ROBERTS_BAY",0,82,"ROBERTS BAY","03100201","84000000","BAY","tbcmp_PD_HA_IntHigh_2080","PD","HA","IntHigh","2080",0.081050564968
"03100201_84000000_ROBERTS_BAY",1100,47086,"ROBERTS BAY","03100201","84000000","BAY","tbcmp_PD_HA_IntHigh_2080","PD","HA","IntHigh","2080",46.540815879064
"03100201_84000000_ROBERTS_BAY",1200,1574212,"ROBERTS BAY","03100201","84000000","BAY","tbcmp_PD_HA_IntHigh_2080","PD","HA","IntHigh","2080",1555.98502413909
"03100201_84000000_ROBERTS_BAY",1800,27248,"ROBERTS BAY","03100201","84000000","BAY","tbcmp_PD_HA_IntHigh_2080","PD","HA","IntHigh","2080",26.932509685952
"03100201_84000000_ROBERTS_BAY",1900,7370,"ROBERTS BAY","03100201","84000000","BAY","tbcmp_PD_HA_IntHigh_2080","PD","HA","IntHigh","2080",7.28466663188
"03100201_84000000_ROBERTS_BAY",4100,6799,"ROBERTS BAY","03100201","84000000","BAY","tbcmp_PD_HA_IntHigh_2080","PD","HA","IntHigh","2080",6.720277941676
"03100201_84000000_ROBERTS_BAY",5200,12811,"ROBERTS BAY","03100201","84000000","BAY","tbcmp_PD_HA_IntHigh_2080","PD","HA","IntHigh","2080",12.662668143964
"03100201_84000000_ROBERTS_BAY",5400,845158,"ROBERTS BAY","03100201","84000000","BAY","tbcmp_PD_HA_IntHigh_2080","PD","HA","IntHigh","2080",835.372358380792
"03100201_84000000_ROBERTS_BAY",6120,49718,"ROBERTS BAY","03100201","84000000","BAY","tbcmp_PD_HA_IntHigh_2080","PD","HA","IntHigh","2080",49.142341330232
"03100201_84000000_ROBERTS_BAY",6420,850,"ROBERTS BAY","03100201","84000000","BAY","tbcmp_PD_HA_IntHigh_2080","PD","HA","IntHigh","2080",0.8401582954
"03100201_84000000_ROBERTS_BAY",6425,14785,"ROBERTS BAY","03100201","84000000","BAY","tbcmp_PD_HA_IntHigh_2080","PD","HA","IntHigh","2080",14.61381223234
"03100201_84000000_ROBERTS_BAY",6510,5423,"ROBERTS BAY","03100201","84000000","BAY","tbcmp_PD_HA_IntHigh_2080","PD","HA","IntHigh","2080",5.360209924652
"03100201_84000000_ROBERTS_BAY",6600,1748,"ROBERTS BAY","03100201","84000000","BAY","tbcmp_PD_HA_IntHigh_2080","PD","HA","IntHigh","2080",1.727760823952
"03100201_84000000_ROBERTS_BAY",9113,171836,"ROBERTS BAY","03100201","84000000","BAY","tbcmp_PD_HA_IntHigh_2080","PD","HA","IntHigh","2080",169.846400998064
"03100201_84505000_UNNAMED_DITCH",1100,1225585,"UNNAMED DITCH","03100201","84505000","DITCH","tbcmp_PD_HA_IntHigh_2080","PD","HA","IntHigh","2080",1211.39459349154
"03100201_84505000_UNNAMED_DITCH",1200,2871837,"UNNAMED DITCH","03100201","84505000","DITCH","tbcmp_PD_HA_IntHigh_2080","PD","HA","IntHigh","2080",2838.58550421959
"03100201_84505000_UNNAMED_DITCH",1800,71411,"UNNAMED DITCH","03100201","84505000","DITCH","tbcmp_PD_HA_IntHigh_2080","PD","HA","IntHigh","2080",70.584169450364
"03100201_84505000_UNNAMED_DITCH",1820,540624,"UNNAMED DITCH","03100201","84505000","DITCH","tbcmp_PD_HA_IntHigh_2080","PD","HA","IntHigh","2080",534.364397990976
"03100201_84505000_UNNAMED_DITCH",1900,430856,"UNNAMED DITCH","03100201","84505000","DITCH","tbcmp_PD_HA_IntHigh_2080","PD","HA","IntHigh","2080",425.867344144544
"03100201_84505000_UNNAMED_DITCH",2100,336130,"UNNAMED DITCH","03100201","84505000","DITCH","tbcmp_PD_HA_IntHigh_2080","PD","HA","IntHigh","2080",332.23812686212
"03100201_84505000_UNNAMED_DITCH",2200,10049,"UNNAMED DITCH","03100201","84505000","DITCH","tbcmp_PD_HA_IntHigh_2080","PD","HA","IntHigh","2080",9.932647894676
"03100201_84505000_UNNAMED_DITCH",2400,35471,"UNNAMED DITCH","03100201","84505000","DITCH","tbcmp_PD_HA_IntHigh_2080","PD","HA","IntHigh","2080",35.060299877804
"03100201_84505000_UNNAMED_DITCH",3200,42080,"UNNAMED DITCH","03100201","84505000","DITCH","tbcmp_PD_HA_IntHigh_2080","PD","HA","IntHigh","2080",41.59277772992
"03100201_84505000_UNNAMED_DITCH",4100,280108,"UNNAMED DITCH","03100201","84505000","DITCH","tbcmp_PD_HA_IntHigh_2080","PD","HA","IntHigh","2080",276.864776244592
"03100201_84505000_UNNAMED_DITCH",5200,653424,"UNNAMED DITCH","03100201","84505000","DITCH","tbcmp_PD_HA_IntHigh_2080","PD","HA","IntHigh","2080",645.858345898176
"03100201_84505000_UNNAMED_DITCH",6110,188296,"UNNAMED DITCH","03100201","84505000","DITCH","tbcmp_PD_HA_IntHigh_2080","PD","HA","IntHigh","2080",186.115819283104
"03100201_84505000_UNNAMED_DITCH",6410,348118,"UNNAMED DITCH","03100201","84505000","DITCH","tbcmp_PD_HA_IntHigh_2080","PD","HA","IntHigh","2080",344.087324091832
"03100201_84505500_UNNAMED_DITCH",1100,775064,"UNNAMED DITCH","03100201","84505500","DITCH","tbcmp_PD_HA_IntHigh_2080","PD","HA","IntHigh","2080",766.089940077536
"03100201_84505500_UNNAMED_DITCH",1200,2555609,"UNNAMED DITCH","03100201","84505500","DITCH","tbcmp_PD_HA_IntHigh_2080","PD","HA","IntHigh","2080",2526.01894252812
"03100201_84505500_UNNAMED_DITCH",1800,113873,"UNNAMED DITCH","03100201","84505500","DITCH","tbcmp_PD_HA_IntHigh_2080","PD","HA","IntHigh","2080",112.554524202452
"03100201_84505500_UNNAMED_DITCH",1900,163513,"UNNAMED DITCH","03100201","84505500","DITCH","tbcmp_PD_HA_IntHigh_2080","PD","HA","IntHigh","2080",161.619768653812
"03100201_84505500_UNNAMED_DITCH",2100,132138,"UNNAMED DITCH","03100201","84505500","DITCH","tbcmp_PD_HA_IntHigh_2080","PD","HA","IntHigh","2080",130.608043338312
"03100201_84505500_UNNAMED_DITCH",2400,4617,"UNNAMED DITCH","03100201","84505500","DITCH","tbcmp_PD_HA_IntHigh_2080","PD","HA","IntHigh","2080",4.563542176308
"03100201_84505500_UNNAMED_DITCH",3200,16666,"UNNAMED DITCH","03100201","84505500","DITCH","tbcmp_PD_HA_IntHigh_2080","PD","HA","IntHigh","2080",16.473033118984
"03100201_84505500_UNNAMED_DITCH",4100,237444,"UNNAMED DITCH","03100201","84505500","DITCH","tbcmp_PD_HA_IntHigh_2080","PD","HA","IntHigh","2080",234.694760344656
"03100201_84505500_UNNAMED_DITCH",5200,254602,"UNNAMED DITCH","03100201","84505500","DITCH","tbcmp_PD_HA_IntHigh_2080","PD","HA","IntHigh","2080",251.654096853448
"03100201_84505500_UNNAMED_DITCH",6110,127361,"UNNAMED DITCH","03100201","84505500","DITCH","tbcmp_PD_HA_IntHigh_2080","PD","HA","IntHigh","2080",125.886353718164
"03100201_84505500_UNNAMED_DITCH",6410,91993,"UNNAMED DITCH","03100201","84505500","DITCH","tbcmp_PD_HA_IntHigh_2080","PD","HA","IntHigh","2080",90.927861257332
"03100201_84507000_UNNAMED_DITCH",1100,813582,"UNNAMED DITCH","03100201","84507000","DITCH","tbcmp_PD_HA_IntHigh_2080","PD","HA","IntHigh","2080",804.161960338968
"03100201_84507000_UNNAMED_DITCH",1200,3592315,"UNNAMED DITCH","03100201","84507000","DITCH","tbcmp_PD_HA_IntHigh_2080","PD","HA","IntHigh","2080",3550.72146698806
"03100201_84507000_UNNAMED_DITCH",1800,324802,"UNNAMED DITCH","03100201","84507000","DITCH","tbcmp_PD_HA_IntHigh_2080","PD","HA","IntHigh","2080",321.041287838248
"03100201_84507000_UNNAMED_DITCH",1820,280504,"UNNAMED DITCH","03100201","84507000","DITCH","tbcmp_PD_HA_IntHigh_2080","PD","HA","IntHigh","2080",277.256191168096
"03100201_84507000_UNNAMED_DITCH",1900,57471,"UNNAMED DITCH","03100201","84507000","DITCH","tbcmp_PD_HA_IntHigh_2080","PD","HA","IntHigh","2080",56.805573405804
"03100201_84507000_UNNAMED_DITCH",2100,85467,"UNNAMED DITCH","03100201","84507000","DITCH","tbcmp_PD_HA_IntHigh_2080","PD","HA","IntHigh","2080",84.477422391708
"03100201_84507000_UNNAMED_DITCH",2400,13627,"UNNAMED DITCH","03100201","84507000","DITCH","tbcmp_PD_HA_IntHigh_2080","PD","HA","IntHigh","2080",13.469220107548
"03100201_84507000_UNNAMED_DITCH",3200,4918,"UNNAMED DITCH","03100201","84507000","DITCH","tbcmp_PD_HA_IntHigh_2080","PD","HA","IntHigh","2080",4.861057055032
"03100201_84507000_UNNAMED_DITCH",4100,325268,"UNNAMED DITCH","03100201","84507000","DITCH","tbcmp_PD_HA_IntHigh_2080","PD","HA","IntHigh","2080",321.501892268432
"03100201_84507000_UNNAMED_DITCH",5200,257545,"UNNAMED DITCH","03100201","84507000","DITCH","tbcmp_PD_HA_IntHigh_2080","PD","HA","IntHigh","2080",254.56302139858
"03100201_84507000_UNNAMED_DITCH",6110,202412,"UNNAMED DITCH","03100201","84507000","DITCH","tbcmp_PD_HA_IntHigh_2080","PD","HA","IntHigh","2080",200.068377515888
"03100201_84507000_UNNAMED_DITCH",6410,69772,"UNNAMED DITCH","03100201","84507000","DITCH","tbcmp_PD_HA_IntHigh_2080","PD","HA","IntHigh","2080",68.964146572528
"03100201_84507000_UNNAMED_DITCH",6420,75,"UNNAMED DITCH","03100201","84507000","DITCH","tbcmp_PD_HA_IntHigh_2080","PD","HA","IntHigh","2080",0.0741316143
"03100201_84507000_UNNAMED_DITCH",6425,177,"UNNAMED DITCH","03100201","84507000","DITCH","tbcmp_PD_HA_IntHigh_2080","PD","HA","IntHigh","2080",0.174950609748
"03100201_84507000_UNNAMED_DITCH",6510,32,"UNNAMED DITCH","03100201","84507000","DITCH","tbcmp_PD_HA_IntHigh_2080","PD","HA","IntHigh","2080",0.031629488768
"03100201_84507000_UNNAMED_DITCH",6600,202,"UNNAMED DITCH","03100201","84507000","DITCH","tbcmp_PD_HA_IntHigh_2080","PD","HA","IntHigh","2080",0.199661147848
"03100201_84507000_UNNAMED_DITCH",9113,34,"UNNAMED DITCH","03100201","84507000","DITCH","tbcmp_PD_HA_IntHigh_2080","PD","HA","IntHigh","2080",0.033606331816
"03100201_84508800_UNNAMED_DITCH",1100,12050,"UNNAMED DITCH","03100201","84508800","DITCH","tbcmp_PD_HA_IntHigh_2080","PD","HA","IntHigh","2080",11.9104793642
"03100201_84508800_UNNAMED_DITCH",1200,1610965,"UNNAMED DITCH","03100201","84508800","DITCH","tbcmp_PD_HA_IntHigh_2080","PD","HA","IntHigh","2080",1592.31248041066
"03100201_84508800_UNNAMED_DITCH",1800,14343,"UNNAMED DITCH","03100201","84508800","DITCH","tbcmp_PD_HA_IntHigh_2080","PD","HA","IntHigh","2080",14.176929918732
"03100201_84508800_UNNAMED_DITCH",1900,215,"UNNAMED DITCH","03100201","84508800","DITCH","tbcmp_PD_HA_IntHigh_2080","PD","HA","IntHigh","2080",0.21251062766
"03100201_84508800_UNNAMED_DITCH",2400,10390,"UNNAMED DITCH","03100201","84508800","DITCH","tbcmp_PD_HA_IntHigh_2080","PD","HA","IntHigh","2080",10.26969963436
"03100201_84508800_UNNAMED_DITCH",4100,64446,"UNNAMED DITCH","03100201","84508800","DITCH","tbcmp_PD_HA_IntHigh_2080","PD","HA","IntHigh","2080",63.699813535704
"03100201_84508800_UNNAMED_DITCH",5200,85921,"UNNAMED DITCH","03100201","84508800","DITCH","tbcmp_PD_HA_IntHigh_2080","PD","HA","IntHigh","2080",84.926165763604
"03100201_84508800_UNNAMED_DITCH",5400,427,"UNNAMED DITCH","03100201","84508800","DITCH","tbcmp_PD_HA_IntHigh_2080","PD","HA","IntHigh","2080",0.422055990748
"03100201_84508800_UNNAMED_DITCH",6110,99905,"UNNAMED DITCH","03100201","84508800","DITCH","tbcmp_PD_HA_IntHigh_2080","PD","HA","IntHigh","2080",98.74825235522
"03100201_84508800_UNNAMED_DITCH",6410,5619,"UNNAMED DITCH","03100201","84508800","DITCH","tbcmp_PD_HA_IntHigh_2080","PD","HA","IntHigh","2080",5.553940543356
"03100201_84508800_UNNAMED_DITCH",6420,100,"UNNAMED DITCH","03100201","84508800","DITCH","tbcmp_PD_HA_IntHigh_2080","PD","HA","IntHigh","2080",0.0988421524
"03100201_84508800_UNNAMED_DITCH",6425,203,"UNNAMED DITCH","03100201","84508800","DITCH","tbcmp_PD_HA_IntHigh_2080","PD","HA","IntHigh","2080",0.200649569372
"03100201_84508800_UNNAMED_DITCH",6510,63,"UNNAMED DITCH","03100201","84508800","DITCH","tbcmp_PD_HA_IntHigh_2080","PD","HA","IntHigh","2080",0.062270556012
"03100201_84508800_UNNAMED_DITCH",6600,250,"UNNAMED DITCH","03100201","84508800","DITCH","tbcmp_PD_HA_IntHigh_2080","PD","HA","IntHigh","2080",0.247105381
"03100201_84508800_UNNAMED_DITCH",9113,440,"UNNAMED DITCH","03100201","84508800","DITCH","tbcmp_PD_HA_IntHigh_2080","PD","HA","IntHigh","2080",0.43490547056
"03100201_84509900_PHILIPPE_CREEK",1100,1246881,"PHILIPPE CREEK","03100201","84509900","STREAM","tbcmp_PD_HA_IntHigh_2080","PD","HA","IntHigh","2080",1232.44401826664
"03100201_84509900_PHILIPPE_CREEK",1200,11550704,"PHILIPPE CREEK","03100201","84509900","STREAM","tbcmp_PD_HA_IntHigh_2080","PD","HA","IntHigh","2080",11416.9644509529
"03100201_84509900_PHILIPPE_CREEK",1800,348967,"PHILIPPE CREEK","03100201","84509900","STREAM","tbcmp_PD_HA_IntHigh_2080","PD","HA","IntHigh","2080",344.926493965708
"03100201_84509900_PHILIPPE_CREEK",1820,204486,"PHILIPPE CREEK","03100201","84509900","STREAM","tbcmp_PD_HA_IntHigh_2080","PD","HA","IntHigh","2080",202.118363756664
"03100201_84509900_PHILIPPE_CREEK",1900,680872,"PHILIPPE CREEK","03100201","84509900","STREAM","tbcmp_PD_HA_IntHigh_2080","PD","HA","IntHigh","2080",672.988539888928
"03100201_84509900_PHILIPPE_CREEK",2100,222335,"PHILIPPE CREEK","03100201","84509900","STREAM","tbcmp_PD_HA_IntHigh_2080","PD","HA","IntHigh","2080",219.76069953854
"03100201_84509900_PHILIPPE_CREEK",2400,13938,"PHILIPPE CREEK","03100201","84509900","STREAM","tbcmp_PD_HA_IntHigh_2080","PD","HA","IntHigh","2080",13.776619201512
"03100201_84509900_PHILIPPE_CREEK",3200,41115,"PHILIPPE CREEK","03100201","84509900","STREAM","tbcmp_PD_HA_IntHigh_2080","PD","HA","IntHigh","2080",40.63895095926
"03100201_84509900_PHILIPPE_CREEK",4100,367295,"PHILIPPE CREEK","03100201","84509900","STREAM","tbcmp_PD_HA_IntHigh_2080","PD","HA","IntHigh","2080",363.04228365758
"03100201_84509900_PHILIPPE_CREEK",5200,749465,"PHILIPPE CREEK","03100201","84509900","STREAM","tbcmp_PD_HA_IntHigh_2080","PD","HA","IntHigh","2080",740.78733748466
"03100201_84509900_PHILIPPE_CREEK",5400,173453,"PHILIPPE CREEK","03100201","84509900","STREAM","tbcmp_PD_HA_IntHigh_2080","PD","HA","IntHigh","2080",171.444678602372
"03100201_84509900_PHILIPPE_CREEK",6110,303055,"PHILIPPE CREEK","03100201","84509900","STREAM","tbcmp_PD_HA_IntHigh_2080","PD","HA","IntHigh","2080",299.54608495582
"03100201_84509900_PHILIPPE_CREEK",6120,24,"PHILIPPE CREEK","03100201","84509900","STREAM","tbcmp_PD_HA_IntHigh_2080","PD","HA","IntHigh","2080",0.023722116576
"03100201_84509900_PHILIPPE_CREEK",6410,455296,"PHILIPPE CREEK","03100201","84509900","STREAM","tbcmp_PD_HA_IntHigh_2080","PD","HA","IntHigh","2080",450.024366191104
"03100201_84509900_PHILIPPE_CREEK",6420,1488,"PHILIPPE CREEK","03100201","84509900","STREAM","tbcmp_PD_HA_IntHigh_2080","PD","HA","IntHigh","2080",1.470771227712
"03100201_84509900_PHILIPPE_CREEK",6425,19443,"PHILIPPE CREEK","03100201","84509900","STREAM","tbcmp_PD_HA_IntHigh_2080","PD","HA","IntHigh","2080",19.217879691132
"03100201_84509900_PHILIPPE_CREEK",6510,7899,"PHILIPPE CREEK","03100201","84509900","STREAM","tbcmp_PD_HA_IntHigh_2080","PD","HA","IntHigh","2080",7.807541618076
"03100201_84509900_PHILIPPE_CREEK",6600,4870,"PHILIPPE CREEK","03100201","84509900","STREAM","tbcmp_PD_HA_IntHigh_2080","PD","HA","IntHigh","2080",4.81361282188
"03100201_84509900_PHILIPPE_CREEK",9113,17836,"PHILIPPE CREEK","03100201","84509900","STREAM","tbcmp_PD_HA_IntHigh_2080","PD","HA","IntHigh","2080",17.629486302064
"03100201_86000000_HUDSON_BAYOU",1200,1744795,"HUDSON BAYOU","03100201","86000000","BAYOU","tbcmp_PD_HA_IntHigh_2080","PD","HA","IntHigh","2080",1724.59293296758
"03100201_86000000_HUDSON_BAYOU",1800,77595,"HUDSON BAYOU","03100201","86000000","BAYOU","tbcmp_PD_HA_IntHigh_2080","PD","HA","IntHigh","2080",76.69656815478
"03100201_86000000_HUDSON_BAYOU",1900,8353,"HUDSON BAYOU","03100201","86000000","BAYOU","tbcmp_PD_HA_IntHigh_2080","PD","HA","IntHigh","2080",8.256284989972
"03100201_86000000_HUDSON_BAYOU",4100,357,"HUDSON BAYOU","03100201","86000000","BAYOU","tbcmp_PD_HA_IntHigh_2080","PD","HA","IntHigh","2080",0.352866484068
"03100201_86000000_HUDSON_BAYOU",5200,9317,"HUDSON BAYOU","03100201","86000000","BAYOU","tbcmp_PD_HA_IntHigh_2080","PD","HA","IntHigh","2080",9.209123339108
"03100201_86000000_HUDSON_BAYOU",5400,23914,"HUDSON BAYOU","03100201","86000000","BAYOU","tbcmp_PD_HA_IntHigh_2080","PD","HA","IntHigh","2080",23.637112324936
"03100201_86000000_HUDSON_BAYOU",6110,4190,"HUDSON BAYOU","03100201","86000000","BAYOU","tbcmp_PD_HA_IntHigh_2080","PD","HA","IntHigh","2080",4.14148618556
"03100201_86000000_HUDSON_BAYOU",6120,76,"HUDSON BAYOU","03100201","86000000","BAYOU","tbcmp_PD_HA_IntHigh_2080","PD","HA","IntHigh","2080",0.075120035824
"03100201_86000000_HUDSON_BAYOU",6410,3284,"HUDSON BAYOU","03100201","86000000","BAYOU","tbcmp_PD_HA_IntHigh_2080","PD","HA","IntHigh","2080",3.245976284816
"03100201_86000000_HUDSON_BAYOU",6420,10,"HUDSON BAYOU","03100201","86000000","BAYOU","tbcmp_PD_HA_IntHigh_2080","PD","HA","IntHigh","2080",0.00988421524
"03100201_86000000_HUDSON_BAYOU",6600,23,"HUDSON BAYOU","03100201","86000000","BAYOU","tbcmp_PD_HA_IntHigh_2080","PD","HA","IntHigh","2080",0.022733695052
"03100201_86000000_HUDSON_BAYOU",9113,88,"HUDSON BAYOU","03100201","86000000","BAYOU","tbcmp_PD_HA_IntHigh_2080","PD","HA","IntHigh","2080",0.086981094112
"03100201_88000000_WHITAKER_BAYOU",1100,481642,"WHITAKER BAYOU","03100201","88000000","BAYOU","tbcmp_PD_HA_IntHigh_2080","PD","HA","IntHigh","2080",476.065319662408
"03100201_88000000_WHITAKER_BAYOU",1200,3828420,"WHITAKER BAYOU","03100201","88000000","BAYOU","tbcmp_PD_HA_IntHigh_2080","PD","HA","IntHigh","2080",3784.09273091208
"03100201_88000000_WHITAKER_BAYOU",1800,107655,"WHITAKER BAYOU","03100201","88000000","BAYOU","tbcmp_PD_HA_IntHigh_2080","PD","HA","IntHigh","2080",106.40851916622
"03100201_88000000_WHITAKER_BAYOU",1820,15029,"WHITAKER BAYOU","03100201","88000000","BAYOU","tbcmp_PD_HA_IntHigh_2080","PD","HA","IntHigh","2080",14.854987084196
"03100201_88000000_WHITAKER_BAYOU",1900,294546,"WHITAKER BAYOU","03100201","88000000","BAYOU","tbcmp_PD_HA_IntHigh_2080","PD","HA","IntHigh","2080",291.135606208104
"03100201_88000000_WHITAKER_BAYOU",2100,114205,"WHITAKER BAYOU","03100201","88000000","BAYOU","tbcmp_PD_HA_IntHigh_2080","PD","HA","IntHigh","2080",112.88268014842
"03100201_88000000_WHITAKER_BAYOU",2400,1819,"WHITAKER BAYOU","03100201","88000000","BAYOU","tbcmp_PD_HA_IntHigh_2080","PD","HA","IntHigh","2080",1.797938752156
"03100201_88000000_WHITAKER_BAYOU",3200,11297,"WHITAKER BAYOU","03100201","88000000","BAYOU","tbcmp_PD_HA_IntHigh_2080","PD","HA","IntHigh","2080",11.166197956628
"03100201_88000000_WHITAKER_BAYOU",4100,148760,"WHITAKER BAYOU","03100201","88000000","BAYOU","tbcmp_PD_HA_IntHigh_2080","PD","HA","IntHigh","2080",147.03758591024
"03100201_88000000_WHITAKER_BAYOU",5200,121565,"WHITAKER BAYOU","03100201","88000000","BAYOU","tbcmp_PD_HA_IntHigh_2080","PD","HA","IntHigh","2080",120.15746256506
"03100201_88000000_WHITAKER_BAYOU",5400,12110,"WHITAKER BAYOU","03100201","88000000","BAYOU","tbcmp_PD_HA_IntHigh_2080","PD","HA","IntHigh","2080",11.96978465564
"03100201_88000000_WHITAKER_BAYOU",6110,168298,"WHITAKER BAYOU","03100201","88000000","BAYOU","tbcmp_PD_HA_IntHigh_2080","PD","HA","IntHigh","2080",166.349365646152
"03100201_88000000_WHITAKER_BAYOU",6120,80,"WHITAKER BAYOU","03100201","88000000","BAYOU","tbcmp_PD_HA_IntHigh_2080","PD","HA","IntHigh","2080",0.07907372192
"03100201_88000000_WHITAKER_BAYOU",6410,51961,"WHITAKER BAYOU","03100201","88000000","BAYOU","tbcmp_PD_HA_IntHigh_2080","PD","HA","IntHigh","2080",51.359370808564
"03100201_88000000_WHITAKER_BAYOU",6420,1,"WHITAKER BAYOU","03100201","88000000","BAYOU","tbcmp_PD_HA_IntHigh_2080","PD","HA","IntHigh","2080",0.000988421524
"03100201_88000000_WHITAKER_BAYOU",6600,19,"WHITAKER BAYOU","03100201","88000000","BAYOU","tbcmp_PD_HA_IntHigh_2080","PD","HA","IntHigh","2080",0.018780008956
"03100201_88000000_WHITAKER_BAYOU",9113,63,"WHITAKER BAYOU","03100201","88000000","BAYOU","tbcmp_PD_HA_IntHigh_2080","PD","HA","IntHigh","2080",0.062270556012
"03100201_90000000_BOWLEES_CREEK",1100,22763,"BOWLEES CREEK","03100201","90000000","STREAM","tbcmp_PD_HA_IntHigh_2080","PD","HA","IntHigh","2080",22.499439150812
"03100201_90000000_BOWLEES_CREEK",1200,5617607,"BOWLEES CREEK","03100201","90000000","STREAM","tbcmp_PD_HA_IntHigh_2080","PD","HA","IntHigh","2080",5552.56367217307
"03100201_90000000_BOWLEES_CREEK",1800,17001,"BOWLEES CREEK","03100201","90000000","STREAM","tbcmp_PD_HA_IntHigh_2080","PD","HA","IntHigh","2080",16.804154329524
"03100201_90000000_BOWLEES_CREEK",1820,120484,"BOWLEES CREEK","03100201","90000000","STREAM","tbcmp_PD_HA_IntHigh_2080","PD","HA","IntHigh","2080",119.088978897616
"03100201_90000000_BOWLEES_CREEK",1900,175875,"BOWLEES CREEK","03100201","90000000","STREAM","tbcmp_PD_HA_IntHigh_2080","PD","HA","IntHigh","2080",173.8386355335
"03100201_90000000_BOWLEES_CREEK",2100,10199,"BOWLEES CREEK","03100201","90000000","STREAM","tbcmp_PD_HA_IntHigh_2080","PD","HA","IntHigh","2080",10.080911123276
"03100201_90000000_BOWLEES_CREEK",2400,9156,"BOWLEES CREEK","03100201","90000000","STREAM","tbcmp_PD_HA_IntHigh_2080","PD","HA","IntHigh","2080",9.049987473744
"03100201_90000000_BOWLEES_CREEK",3200,13533,"BOWLEES CREEK","03100201","90000000","STREAM","tbcmp_PD_HA_IntHigh_2080","PD","HA","IntHigh","2080",13.376308484292
"03100201_90000000_BOWLEES_CREEK",4100,84166,"BOWLEES CREEK","03100201","90000000","STREAM","tbcmp_PD_HA_IntHigh_2080","PD","HA","IntHigh","2080",83.191485988984
"03100201_90000000_BOWLEES_CREEK",4400,9,"BOWLEES CREEK","03100201","90000000","STREAM","tbcmp_PD_HA_IntHigh_2080","PD","HA","IntHigh","2080",0.008895793716
"03100201_90000000_BOWLEES_CREEK",5200,188807,"BOWLEES CREEK","03100201","90000000","STREAM","tbcmp_PD_HA_IntHigh_2080","PD","HA","IntHigh","2080",186.620902681868
"03100201_90000000_BOWLEES_CREEK",5400,36992,"BOWLEES CREEK","03100201","90000000","STREAM","tbcmp_PD_HA_IntHigh_2080","PD","HA","IntHigh","2080",36.563689015808
"03100201_90000000_BOWLEES_CREEK",6110,40133,"BOWLEES CREEK","03100201","90000000","STREAM","tbcmp_PD_HA_IntHigh_2080","PD","HA","IntHigh","2080",39.668321022692
"03100201_90000000_BOWLEES_CREEK",6120,1443,"BOWLEES CREEK","03100201","90000000","STREAM","tbcmp_PD_HA_IntHigh_2080","PD","HA","IntHigh","2080",1.426292259132
"03100201_90000000_BOWLEES_CREEK",6410,52626,"BOWLEES CREEK","03100201","90000000","STREAM","tbcmp_PD_HA_IntHigh_2080","PD","HA","IntHigh","2080",52.016671122024
"03100201_90000000_BOWLEES_CREEK",6420,12,"BOWLEES CREEK","03100201","90000000","STREAM","tbcmp_PD_HA_IntHigh_2080","PD","HA","IntHigh","2080",0.011861058288
"03100201_90000000_BOWLEES_CREEK",6600,254,"BOWLEES CREEK","03100201","90000000","STREAM","tbcmp_PD_HA_IntHigh_2080","PD","HA","IntHigh","2080",0.251059067096
"03100201_90000000_BOWLEES_CREEK",9113,210,"BOWLEES CREEK","03100201","90000000","STREAM","tbcmp_PD_HA_IntHigh_2080","PD","HA","IntHigh","2080",0.20756852004
"03100201_95000000_PALMA_SOLA_BAY",0,21,"PALMA SOLA BAY","03100201","95000000","BAY","tbcmp_PD_HA_IntHigh_2080","PD","HA","IntHigh","2080",0.020756852004
"03100201_95000000_PALMA_SOLA_BAY",1100,380,"PALMA SOLA BAY","03100201","95000000","BAY","tbcmp_PD_HA_IntHigh_2080","PD","HA","IntHigh","2080",0.37560017912
"03100201_95000000_PALMA_SOLA_BAY",1200,16061,"PALMA SOLA BAY","03100201","95000000","BAY","tbcmp_PD_HA_IntHigh_2080","PD","HA","IntHigh","2080",15.875038096964
"03100201_95000000_PALMA_SOLA_BAY",5400,1576194,"PALMA SOLA BAY","03100201","95000000","BAY","tbcmp_PD_HA_IntHigh_2080","PD","HA","IntHigh","2080",1557.94407559966
"03100201_95000000_PALMA_SOLA_BAY",6120,7957,"PALMA SOLA BAY","03100201","95000000","BAY","tbcmp_PD_HA_IntHigh_2080","PD","HA","IntHigh","2080",7.864870066468
"03100201_95000000_PALMA_SOLA_BAY",7100,496,"PALMA SOLA BAY","03100201","95000000","BAY","tbcmp_PD_HA_IntHigh_2080","PD","HA","IntHigh","2080",0.490257075904
"03100201_95000000_PALMA_SOLA_BAY",9113,666295,"PALMA SOLA BAY","03100201","95000000","BAY","tbcmp_PD_HA_IntHigh_2080","PD","HA","IntHigh","2080",658.58031933358
"03100201_95500000_WEST_CEDAR_HAMMOCK",1100,29812,"WEST CEDAR HAMMOCK","03100201","95500000","CANAL","tbcmp_PD_HA_IntHigh_2080","PD","HA","IntHigh","2080",29.466822473488
"03100201_95500000_WEST_CEDAR_HAMMOCK",1200,3446374,"WEST CEDAR HAMMOCK","03100201","95500000","CANAL","tbcmp_PD_HA_IntHigh_2080","PD","HA","IntHigh","2080",3406.47024135398
"03100201_95500000_WEST_CEDAR_HAMMOCK",1800,112269,"WEST CEDAR HAMMOCK","03100201","95500000","CANAL","tbcmp_PD_HA_IntHigh_2080","PD","HA","IntHigh","2080",110.969096077956
"03100201_95500000_WEST_CEDAR_HAMMOCK",1820,150047,"WEST CEDAR HAMMOCK","03100201","95500000","CANAL","tbcmp_PD_HA_IntHigh_2080","PD","HA","IntHigh","2080",148.309684411628
"03100201_95500000_WEST_CEDAR_HAMMOCK",1900,31243,"WEST CEDAR HAMMOCK","03100201","95500000","CANAL","tbcmp_PD_HA_IntHigh_2080","PD","HA","IntHigh","2080",30.881253674332
"03100201_95500000_WEST_CEDAR_HAMMOCK",4100,45972,"WEST CEDAR HAMMOCK","03100201","95500000","CANAL","tbcmp_PD_HA_IntHigh_2080","PD","HA","IntHigh","2080",45.439714301328
"03100201_95500000_WEST_CEDAR_HAMMOCK",5200,205188,"WEST CEDAR HAMMOCK","03100201","95500000","CANAL","tbcmp_PD_HA_IntHigh_2080","PD","HA","IntHigh","2080",202.812235666512
"03100201_95500000_WEST_CEDAR_HAMMOCK",5400,15035,"WEST CEDAR HAMMOCK","03100201","95500000","CANAL","tbcmp_PD_HA_IntHigh_2080","PD","HA","IntHigh","2080",14.86091761334
"03100201_95500000_WEST_CEDAR_HAMMOCK",6110,15513,"WEST CEDAR HAMMOCK","03100201","95500000","CANAL","tbcmp_PD_HA_IntHigh_2080","PD","HA","IntHigh","2080",15.333383101812
"03100201_95500000_WEST_CEDAR_HAMMOCK",6120,11,"WEST CEDAR HAMMOCK","03100201","95500000","CANAL","tbcmp_PD_HA_IntHigh_2080","PD","HA","IntHigh","2080",0.010872636764
"03100201_95500000_WEST_CEDAR_HAMMOCK",6410,189,"WEST CEDAR HAMMOCK","03100201","95500000","CANAL","tbcmp_PD_HA_IntHigh_2080","PD","HA","IntHigh","2080",0.186811668036
"03100201_95500000_WEST_CEDAR_HAMMOCK",9113,51,"WEST CEDAR HAMMOCK","03100201","95500000","CANAL","tbcmp_PD_HA_IntHigh_2080","PD","HA","IntHigh","2080",0.050409497724
"03100201_99990000_DIRECT_RUNOFF_TO_BAY",0,9542,"DIRECT RUNOFF TO BAY","03100201","99990000","RUNOFF","tbcmp_PD_HA_IntHigh_2080","PD","HA","IntHigh","2080",9.431518182008
"03100201_99990000_DIRECT_RUNOFF_TO_BAY",1100,968483,"DIRECT RUNOFF TO BAY","03100201","99990000","RUNOFF","tbcmp_PD_HA_IntHigh_2080","PD","HA","IntHigh","2080",957.269442828092
"03100201_99990000_DIRECT_RUNOFF_TO_BAY",1200,23315156,"DIRECT RUNOFF TO BAY","03100201","99990000","RUNOFF","tbcmp_PD_HA_IntHigh_2080","PD","HA","IntHigh","2080",23045.2020258177
"03100201_99990000_DIRECT_RUNOFF_TO_BAY",1800,1660699,"DIRECT RUNOFF TO BAY","03100201","99990000","RUNOFF","tbcmp_PD_HA_IntHigh_2080","PD","HA","IntHigh","2080",1641.47063648528
"03100201_99990000_DIRECT_RUNOFF_TO_BAY",1820,1019835,"DIRECT RUNOFF TO BAY","03100201","99990000","RUNOFF","tbcmp_PD_HA_IntHigh_2080","PD","HA","IntHigh","2080",1008.02686492854
"03100201_99990000_DIRECT_RUNOFF_TO_BAY",1900,1115625,"DIRECT RUNOFF TO BAY","03100201","99990000","RUNOFF","tbcmp_PD_HA_IntHigh_2080","PD","HA","IntHigh","2080",1102.7077627125
"03100201_99990000_DIRECT_RUNOFF_TO_BAY",2100,437011,"DIRECT RUNOFF TO BAY","03100201","99990000","RUNOFF","tbcmp_PD_HA_IntHigh_2080","PD","HA","IntHigh","2080",431.951078624764
"03100201_99990000_DIRECT_RUNOFF_TO_BAY",2200,30911,"DIRECT RUNOFF TO BAY","03100201","99990000","RUNOFF","tbcmp_PD_HA_IntHigh_2080","PD","HA","IntHigh","2080",30.553097728364
"03100201_99990000_DIRECT_RUNOFF_TO_BAY",2400,299695,"DIRECT RUNOFF TO BAY","03100201","99990000","RUNOFF","tbcmp_PD_HA_IntHigh_2080","PD","HA","IntHigh","2080",296.22498863518
"03100201_99990000_DIRECT_RUNOFF_TO_BAY",3200,243850,"DIRECT RUNOFF TO BAY","03100201","99990000","RUNOFF","tbcmp_PD_HA_IntHigh_2080","PD","HA","IntHigh","2080",241.0265886274
"03100201_99990000_DIRECT_RUNOFF_TO_BAY",4100,709995,"DIRECT RUNOFF TO BAY","03100201","99990000","RUNOFF","tbcmp_PD_HA_IntHigh_2080","PD","HA","IntHigh","2080",701.77433993238
"03100201_99990000_DIRECT_RUNOFF_TO_BAY",5200,738415,"DIRECT RUNOFF TO BAY","03100201","99990000","RUNOFF","tbcmp_PD_HA_IntHigh_2080","PD","HA","IntHigh","2080",729.86527964446
"03100201_99990000_DIRECT_RUNOFF_TO_BAY",5400,2295691,"DIRECT RUNOFF TO BAY","03100201","99990000","RUNOFF","tbcmp_PD_HA_IntHigh_2080","PD","HA","IntHigh","2080",2269.11039685308
"03100201_99990000_DIRECT_RUNOFF_TO_BAY",6110,529457,"DIRECT RUNOFF TO BAY","03100201","99990000","RUNOFF","tbcmp_PD_HA_IntHigh_2080","PD","HA","IntHigh","2080",523.326694832468
"03100201_99990000_DIRECT_RUNOFF_TO_BAY",6120,1908420,"DIRECT RUNOFF TO BAY","03100201","99990000","RUNOFF","tbcmp_PD_HA_IntHigh_2080","PD","HA","IntHigh","2080",1886.32340483208
"03100201_99990000_DIRECT_RUNOFF_TO_BAY",6410,128487,"DIRECT RUNOFF TO BAY","03100201","99990000","RUNOFF","tbcmp_PD_HA_IntHigh_2080","PD","HA","IntHigh","2080",126.999316354188
"03100201_99990000_DIRECT_RUNOFF_TO_BAY",6420,75344,"DIRECT RUNOFF TO BAY","03100201","99990000","RUNOFF","tbcmp_PD_HA_IntHigh_2080","PD","HA","IntHigh","2080",74.471631304256
"03100201_99990000_DIRECT_RUNOFF_TO_BAY",6425,6994,"DIRECT RUNOFF TO BAY","03100201","99990000","RUNOFF","tbcmp_PD_HA_IntHigh_2080","PD","HA","IntHigh","2080",6.913020138856
"03100201_99990000_DIRECT_RUNOFF_TO_BAY",6510,3421,"DIRECT RUNOFF TO BAY","03100201","99990000","RUNOFF","tbcmp_PD_HA_IntHigh_2080","PD","HA","IntHigh","2080",3.381390033604
"03100201_99990000_DIRECT_RUNOFF_TO_BAY",6600,184087,"DIRECT RUNOFF TO BAY","03100201","99990000","RUNOFF","tbcmp_PD_HA_IntHigh_2080","PD","HA","IntHigh","2080",181.955553088588
"03100201_99990000_DIRECT_RUNOFF_TO_BAY",7100,384,"DIRECT RUNOFF TO BAY","03100201","99990000","RUNOFF","tbcmp_PD_HA_IntHigh_2080","PD","HA","IntHigh","2080",0.379553865216
"03100201_99990000_DIRECT_RUNOFF_TO_BAY",9113,1991584,"DIRECT RUNOFF TO BAY","03100201","99990000","RUNOFF","tbcmp_PD_HA_IntHigh_2080","PD","HA","IntHigh","2080",1968.52449245402
"03100201_99990000_DIRECT_RUNOFF_TO_GULF",0,96,"DIRECT RUNOFF TO GULF","03100201","99990000","RUNOFF","tbcmp_PD_HA_IntHigh_2080","PD","HA","IntHigh","2080",0.094888466304
"03100201_99990000_DIRECT_RUNOFF_TO_GULF",1100,20532,"DIRECT RUNOFF TO GULF","03100201","99990000","RUNOFF","tbcmp_PD_HA_IntHigh_2080","PD","HA","IntHigh","2080",20.294270730768
"03100201_99990000_DIRECT_RUNOFF_TO_GULF",1200,947531,"DIRECT RUNOFF TO GULF","03100201","99990000","RUNOFF","tbcmp_PD_HA_IntHigh_2080","PD","HA","IntHigh","2080",936.560035057244
"03100201_99990000_DIRECT_RUNOFF_TO_GULF",1900,5399,"DIRECT RUNOFF TO GULF","03100201","99990000","RUNOFF","tbcmp_PD_HA_IntHigh_2080","PD","HA","IntHigh","2080",5.336487808076
"03100201_99990000_DIRECT_RUNOFF_TO_GULF",4100,9170,"DIRECT RUNOFF TO GULF","03100201","99990000","RUNOFF","tbcmp_PD_HA_IntHigh_2080","PD","HA","IntHigh","2080",9.06382537508
"03100201_99990000_DIRECT_RUNOFF_TO_GULF",5200,3676,"DIRECT RUNOFF TO GULF","03100201","99990000","RUNOFF","tbcmp_PD_HA_IntHigh_2080","PD","HA","IntHigh","2080",3.633437522224
"03100201_99990000_DIRECT_RUNOFF_TO_GULF",5400,45773,"DIRECT RUNOFF TO GULF","03100201","99990000","RUNOFF","tbcmp_PD_HA_IntHigh_2080","PD","HA","IntHigh","2080",45.243018418052
"03100201_99990000_DIRECT_RUNOFF_TO_GULF",6120,3541,"DIRECT RUNOFF TO GULF","03100201","99990000","RUNOFF","tbcmp_PD_HA_IntHigh_2080","PD","HA","IntHigh","2080",3.500000616484
"03100201_99990000_DIRECT_RUNOFF_TO_GULF",6410,411,"DIRECT RUNOFF TO GULF","03100201","99990000","RUNOFF","tbcmp_PD_HA_IntHigh_2080","PD","HA","IntHigh","2080",0.406241246364
"03100201_99990000_DIRECT_RUNOFF_TO_GULF",6420,523,"DIRECT RUNOFF TO GULF","03100201","99990000","RUNOFF","tbcmp_PD_HA_IntHigh_2080","PD","HA","IntHigh","2080",0.516944457052
"03100201_99990000_DIRECT_RUNOFF_TO_GULF",6600,1500,"DIRECT RUNOFF TO GULF","03100201","99990000","RUNOFF","tbcmp_PD_HA_IntHigh_2080","PD","HA","IntHigh","2080",1.482632286
"03100201_99990000_DIRECT_RUNOFF_TO_GULF",9113,43970,"DIRECT RUNOFF TO GULF","03100201","99990000","RUNOFF","tbcmp_PD_HA_IntHigh_2080","PD","HA","IntHigh","2080",43.46089441028
"03100201_99999900_LEMON_BAY",0,196,"LEMON BAY","03100201","99999900","BAY","tbcmp_PD_HA_IntHigh_2080","PD","HA","IntHigh","2080",0.193730618704
"03100201_99999900_LEMON_BAY",1100,5550,"LEMON BAY","03100201","99999900","BAY","tbcmp_PD_HA_IntHigh_2080","PD","HA","IntHigh","2080",5.4857394582
"03100201_99999900_LEMON_BAY",1200,94753,"LEMON BAY","03100201","99999900","BAY","tbcmp_PD_HA_IntHigh_2080","PD","HA","IntHigh","2080",93.655904663572
"03100201_99999900_LEMON_BAY",1800,16085,"LEMON BAY","03100201","99999900","BAY","tbcmp_PD_HA_IntHigh_2080","PD","HA","IntHigh","2080",15.89876021354
"03100201_99999900_LEMON_BAY",1820,187,"LEMON BAY","03100201","99999900","BAY","tbcmp_PD_HA_IntHigh_2080","PD","HA","IntHigh","2080",0.184834824988
"03100201_99999900_LEMON_BAY",1900,9,"LEMON BAY","03100201","99999900","BAY","tbcmp_PD_HA_IntHigh_2080","PD","HA","IntHigh","2080",0.008895793716
"03100201_99999900_LEMON_BAY",3200,5564,"LEMON BAY","03100201","99999900","BAY","tbcmp_PD_HA_IntHigh_2080","PD","HA","IntHigh","2080",5.499577359536
"03100201_99999900_LEMON_BAY",4100,15321,"LEMON BAY","03100201","99999900","BAY","tbcmp_PD_HA_IntHigh_2080","PD","HA","IntHigh","2080",15.143606169204
"03100201_99999900_LEMON_BAY",5400,4127676,"LEMON BAY","03100201","99999900","BAY","tbcmp_PD_HA_IntHigh_2080","PD","HA","IntHigh","2080",4079.88380249822
"03100201_99999900_LEMON_BAY",6110,1156,"LEMON BAY","03100201","99999900","BAY","tbcmp_PD_HA_IntHigh_2080","PD","HA","IntHigh","2080",1.142615281744
"03100201_99999900_LEMON_BAY",6120,130318,"LEMON BAY","03100201","99999900","BAY","tbcmp_PD_HA_IntHigh_2080","PD","HA","IntHigh","2080",128.809116164632
"03100201_99999900_LEMON_BAY",6420,1877,"LEMON BAY","03100201","99999900","BAY","tbcmp_PD_HA_IntHigh_2080","PD","HA","IntHigh","2080",1.855267200548
"03100201_99999900_LEMON_BAY",6425,682,"LEMON BAY","03100201","99999900","BAY","tbcmp_PD_HA_IntHigh_2080","PD","HA","IntHigh","2080",0.674103479368
"03100201_99999900_LEMON_BAY",6510,2236,"LEMON BAY","03100201","99999900","BAY","tbcmp_PD_HA_IntHigh_2080","PD","HA","IntHigh","2080",2.210110527664
"03100201_99999900_LEMON_BAY",6600,5102,"LEMON BAY","03100201","99999900","BAY","tbcmp_PD_HA_IntHigh_2080","PD","HA","IntHigh","2080",5.042926615448
"03100201_99999900_LEMON_BAY",9113,1312965,"LEMON BAY","03100201","99999900","BAY","tbcmp_PD_HA_IntHigh_2080","PD","HA","IntHigh","2080",1297.76286625866
"03100202_10000000_PEACOCK_BRANCH",1100,47,"PEACOCK BRANCH","03100202","10000000","DRAIN","tbcmp_PD_HA_IntHigh_2080","PD","HA","IntHigh","2080",0.046455811628
"03100202_10000000_PEACOCK_BRANCH",2100,712043,"PEACOCK BRANCH","03100202","10000000","DRAIN","tbcmp_PD_HA_IntHigh_2080","PD","HA","IntHigh","2080",703.798627213532
"03100202_10000000_PEACOCK_BRANCH",2200,20238,"PEACOCK BRANCH","03100202","10000000","DRAIN","tbcmp_PD_HA_IntHigh_2080","PD","HA","IntHigh","2080",20.003674802712
"03100202_10000000_PEACOCK_BRANCH",3200,59015,"PEACOCK BRANCH","03100202","10000000","DRAIN","tbcmp_PD_HA_IntHigh_2080","PD","HA","IntHigh","2080",58.33169623886
"03100202_10000000_PEACOCK_BRANCH",4100,359013,"PEACOCK BRANCH","03100202","10000000","DRAIN","tbcmp_PD_HA_IntHigh_2080","PD","HA","IntHigh","2080",354.856176595812
"03100202_10000000_PEACOCK_BRANCH",6110,113657,"PEACOCK BRANCH","03100202","10000000","DRAIN","tbcmp_PD_HA_IntHigh_2080","PD","HA","IntHigh","2080",112.341025153268
"03100202_10000000_PEACOCK_BRANCH",6410,31644,"PEACOCK BRANCH","03100202","10000000","DRAIN","tbcmp_PD_HA_IntHigh_2080","PD","HA","IntHigh","2080",31.277610705456
"03100202_11000000_UNNAMED_DITCH",1200,14902,"UNNAMED DITCH","03100202","11000000","DITCH","tbcmp_PD_HA_IntHigh_2080","PD","HA","IntHigh","2080",14.729457550648
"03100202_11000000_UNNAMED_DITCH",1900,103219,"UNNAMED DITCH","03100202","11000000","DITCH","tbcmp_PD_HA_IntHigh_2080","PD","HA","IntHigh","2080",102.023881285756
"03100202_11000000_UNNAMED_DITCH",2100,246768,"UNNAMED DITCH","03100202","11000000","DITCH","tbcmp_PD_HA_IntHigh_2080","PD","HA","IntHigh","2080",243.910802634432
"03100202_11000000_UNNAMED_DITCH",3200,84395,"UNNAMED DITCH","03100202","11000000","DITCH","tbcmp_PD_HA_IntHigh_2080","PD","HA","IntHigh","2080",83.41783451798
"03100202_11000000_UNNAMED_DITCH",4100,82064,"UNNAMED DITCH","03100202","11000000","DITCH","tbcmp_PD_HA_IntHigh_2080","PD","HA","IntHigh","2080",81.113823945536
"03100202_11000000_UNNAMED_DITCH",4400,124757,"UNNAMED DITCH","03100202","11000000","DITCH","tbcmp_PD_HA_IntHigh_2080","PD","HA","IntHigh","2080",123.312504069668
"03100202_11000000_UNNAMED_DITCH",5200,1389,"UNNAMED DITCH","03100202","11000000","DITCH","tbcmp_PD_HA_IntHigh_2080","PD","HA","IntHigh","2080",1.372917496836
"03100202_11000000_UNNAMED_DITCH",6110,5534,"UNNAMED DITCH","03100202","11000000","DITCH","tbcmp_PD_HA_IntHigh_2080","PD","HA","IntHigh","2080",5.469924713816
"03100202_11000000_UNNAMED_DITCH",6410,60324,"UNNAMED DITCH","03100202","11000000","DITCH","tbcmp_PD_HA_IntHigh_2080","PD","HA","IntHigh","2080",59.625540013776
"03100202_22000000_UNNAMED_CREEK",1200,312252,"UNNAMED CREEK","03100202","22000000","STREAM","tbcmp_PD_HA_IntHigh_2080","PD","HA","IntHigh","2080",308.636597712048
"03100202_22000000_UNNAMED_CREEK",1900,77367,"UNNAMED CREEK","03100202","22000000","STREAM","tbcmp_PD_HA_IntHigh_2080","PD","HA","IntHigh","2080",76.471208047308
"03100202_22000000_UNNAMED_CREEK",2100,1465714,"UNNAMED CREEK","03100202","22000000","STREAM","tbcmp_PD_HA_IntHigh_2080","PD","HA","IntHigh","2080",1448.74326562814
"03100202_22000000_UNNAMED_CREEK",2200,93223,"UNNAMED CREEK","03100202","22000000","STREAM","tbcmp_PD_HA_IntHigh_2080","PD","HA","IntHigh","2080",92.143619731852
"03100202_22000000_UNNAMED_CREEK",2400,282708,"UNNAMED CREEK","03100202","22000000","STREAM","tbcmp_PD_HA_IntHigh_2080","PD","HA","IntHigh","2080",279.434672206992
"03100202_22000000_UNNAMED_CREEK",3200,1568909,"UNNAMED CREEK","03100202","22000000","STREAM","tbcmp_PD_HA_IntHigh_2080","PD","HA","IntHigh","2080",1550.74342479732
"03100202_22000000_UNNAMED_CREEK",4100,1231658,"UNNAMED CREEK","03100202","22000000","STREAM","tbcmp_PD_HA_IntHigh_2080","PD","HA","IntHigh","2080",1217.39727740679
"03100202_22000000_UNNAMED_CREEK",4400,32452,"UNNAMED CREEK","03100202","22000000","STREAM","tbcmp_PD_HA_IntHigh_2080","PD","HA","IntHigh","2080",32.076255296848
"03100202_22000000_UNNAMED_CREEK",5200,11197,"UNNAMED CREEK","03100202","22000000","STREAM","tbcmp_PD_HA_IntHigh_2080","PD","HA","IntHigh","2080",11.067355804228
"03100202_22000000_UNNAMED_CREEK",6110,250425,"UNNAMED CREEK","03100202","22000000","STREAM","tbcmp_PD_HA_IntHigh_2080","PD","HA","IntHigh","2080",247.5254601477
"03100202_22000000_UNNAMED_CREEK",6410,319337,"UNNAMED CREEK","03100202","22000000","STREAM","tbcmp_PD_HA_IntHigh_2080","PD","HA","IntHigh","2080",315.639564209588
"03100202_24000000_UNNAMED_STREAM",1900,21001,"UNNAMED STREAM","03100202","24000000","STREAM","tbcmp_PD_HA_IntHigh_2080","PD","HA","IntHigh","2080",20.757840425524
"03100202_24000000_UNNAMED_STREAM",2100,10299,"UNNAMED STREAM","03100202","24000000","STREAM","tbcmp_PD_HA_IntHigh_2080","PD","HA","IntHigh","2080",10.179753275676
"03100202_24000000_UNNAMED_STREAM",2200,837005,"UNNAMED STREAM","03100202","24000000","STREAM","tbcmp_PD_HA_IntHigh_2080","PD","HA","IntHigh","2080",827.31375769562
"03100202_24000000_UNNAMED_STREAM",3200,598681,"UNNAMED STREAM","03100202","24000000","STREAM","tbcmp_PD_HA_IntHigh_2080","PD","HA","IntHigh","2080",591.749186409844
"03100202_24000000_UNNAMED_STREAM",4100,100262,"UNNAMED STREAM","03100202","24000000","STREAM","tbcmp_PD_HA_IntHigh_2080","PD","HA","IntHigh","2080",99.101118839288
"03100202_24000000_UNNAMED_STREAM",5200,25554,"UNNAMED STREAM","03100202","24000000","STREAM","tbcmp_PD_HA_IntHigh_2080","PD","HA","IntHigh","2080",25.258123624296
"03100202_24000000_UNNAMED_STREAM",6110,118664,"UNNAMED STREAM","03100202","24000000","STREAM","tbcmp_PD_HA_IntHigh_2080","PD","HA","IntHigh","2080",117.290051723936
"03100202_24000000_UNNAMED_STREAM",6410,273441,"UNNAMED STREAM","03100202","24000000","STREAM","tbcmp_PD_HA_IntHigh_2080","PD","HA","IntHigh","2080",270.274969944084
"03100202_30400000_UNNAMED_DRAIN",1900,320971,"UNNAMED DRAIN","03100202","30400000","DRAIN","tbcmp_PD_HA_IntHigh_2080","PD","HA","IntHigh","2080",317.254644979804
"03100202_30400000_UNNAMED_DRAIN",2100,957840,"UNNAMED DRAIN","03100202","30400000","DRAIN","tbcmp_PD_HA_IntHigh_2080","PD","HA","IntHigh","2080",946.74967254816
"03100202_30400000_UNNAMED_DRAIN",2200,313156,"UNNAMED DRAIN","03100202","30400000","DRAIN","tbcmp_PD_HA_IntHigh_2080","PD","HA","IntHigh","2080",309.530130769744
"03100202_30400000_UNNAMED_DRAIN",3200,1091432,"UNNAMED DRAIN","03100202","30400000","DRAIN","tbcmp_PD_HA_IntHigh_2080","PD","HA","IntHigh","2080",1078.79488078237
"03100202_30400000_UNNAMED_DRAIN",4100,224848,"UNNAMED DRAIN","03100202","30400000","DRAIN","tbcmp_PD_HA_IntHigh_2080","PD","HA","IntHigh","2080",222.244602828352
"03100202_30400000_UNNAMED_DRAIN",4400,479292,"UNNAMED DRAIN","03100202","30400000","DRAIN","tbcmp_PD_HA_IntHigh_2080","PD","HA","IntHigh","2080",473.742529081008
"03100202_30400000_UNNAMED_DRAIN",5200,8496,"UNNAMED DRAIN","03100202","30400000","DRAIN","tbcmp_PD_HA_IntHigh_2080","PD","HA","IntHigh","2080",8.397629267904
"03100202_30400000_UNNAMED_DRAIN",6110,189423,"UNNAMED DRAIN","03100202","30400000","DRAIN","tbcmp_PD_HA_IntHigh_2080","PD","HA","IntHigh","2080",187.229770340652
"03100202_30400000_UNNAMED_DRAIN",6410,220326,"UNNAMED DRAIN","03100202","30400000","DRAIN","tbcmp_PD_HA_IntHigh_2080","PD","HA","IntHigh","2080",217.774960696824
"03100202_30990000_EAST_FORK_MANATEE_RIVER",1100,58204,"EAST FORK MANATEE RIVER","03100202","30990000","STREAM","tbcmp_PD_HA_IntHigh_2080","PD","HA","IntHigh","2080",57.530086382896
"03100202_30990000_EAST_FORK_MANATEE_RIVER",1200,405842,"EAST FORK MANATEE RIVER","03100202","30990000","STREAM","tbcmp_PD_HA_IntHigh_2080","PD","HA","IntHigh","2080",401.142968143208
"03100202_30990000_EAST_FORK_MANATEE_RIVER",1900,656839,"EAST FORK MANATEE RIVER","03100202","30990000","STREAM","tbcmp_PD_HA_IntHigh_2080","PD","HA","IntHigh","2080",649.233805402636
"03100202_30990000_EAST_FORK_MANATEE_RIVER",2100,2554115,"EAST FORK MANATEE RIVER","03100202","30990000","STREAM","tbcmp_PD_HA_IntHigh_2080","PD","HA","IntHigh","2080",2524.54224077126
"03100202_30990000_EAST_FORK_MANATEE_RIVER",2200,790494,"EAST FORK MANATEE RIVER","03100202","30990000","STREAM","tbcmp_PD_HA_IntHigh_2080","PD","HA","IntHigh","2080",781.341284192856
"03100202_30990000_EAST_FORK_MANATEE_RIVER",2400,230971,"EAST FORK MANATEE RIVER","03100202","30990000","STREAM","tbcmp_PD_HA_IntHigh_2080","PD","HA","IntHigh","2080",228.296707819804
"03100202_30990000_EAST_FORK_MANATEE_RIVER",3200,5321475,"EAST FORK MANATEE RIVER","03100202","30990000","STREAM","tbcmp_PD_HA_IntHigh_2080","PD","HA","IntHigh","2080",5259.8604294279
"03100202_30990000_EAST_FORK_MANATEE_RIVER",4100,901624,"EAST FORK MANATEE RIVER","03100202","30990000","STREAM","tbcmp_PD_HA_IntHigh_2080","PD","HA","IntHigh","2080",891.184568154976
"03100202_30990000_EAST_FORK_MANATEE_RIVER",4400,864723,"EAST FORK MANATEE RIVER","03100202","30990000","STREAM","tbcmp_PD_HA_IntHigh_2080","PD","HA","IntHigh","2080",854.710825497852
"03100202_30990000_EAST_FORK_MANATEE_RIVER",5200,22523,"EAST FORK MANATEE RIVER","03100202","30990000","STREAM","tbcmp_PD_HA_IntHigh_2080","PD","HA","IntHigh","2080",22.262217985052
"03100202_30990000_EAST_FORK_MANATEE_RIVER",6110,917259,"EAST FORK MANATEE RIVER","03100202","30990000","STREAM","tbcmp_PD_HA_IntHigh_2080","PD","HA","IntHigh","2080",906.638538682716
"03100202_30990000_EAST_FORK_MANATEE_RIVER",6410,1388980,"EAST FORK MANATEE RIVER","03100202","30990000","STREAM","tbcmp_PD_HA_IntHigh_2080","PD","HA","IntHigh","2080",1372.89772840552
"03100202_33000000_UNNAMED_STREAM",1200,1391,"UNNAMED STREAM","03100202","33000000","STREAM","tbcmp_PD_HA_IntHigh_2080","PD","HA","IntHigh","2080",1.374894339884
"03100202_33000000_UNNAMED_STREAM",2100,132699,"UNNAMED STREAM","03100202","33000000","STREAM","tbcmp_PD_HA_IntHigh_2080","PD","HA","IntHigh","2080",131.162547813276
"03100202_33000000_UNNAMED_STREAM",2200,603814,"UNNAMED STREAM","03100202","33000000","STREAM","tbcmp_PD_HA_IntHigh_2080","PD","HA","IntHigh","2080",596.822754092536
"03100202_33000000_UNNAMED_STREAM",3200,1181391,"UNNAMED STREAM","03100202","33000000","STREAM","tbcmp_PD_HA_IntHigh_2080","PD","HA","IntHigh","2080",1167.71229265988
"03100202_33000000_UNNAMED_STREAM",4100,77295,"UNNAMED STREAM","03100202","33000000","STREAM","tbcmp_PD_HA_IntHigh_2080","PD","HA","IntHigh","2080",76.40004169758
"03100202_33000000_UNNAMED_STREAM",4400,72999,"UNNAMED STREAM","03100202","33000000","STREAM","tbcmp_PD_HA_IntHigh_2080","PD","HA","IntHigh","2080",72.153782830476
"03100202_33000000_UNNAMED_STREAM",5200,19870,"UNNAMED STREAM","03100202","33000000","STREAM","tbcmp_PD_HA_IntHigh_2080","PD","HA","IntHigh","2080",19.63993568188
"03100202_33000000_UNNAMED_STREAM",6110,110128,"UNNAMED STREAM","03100202","33000000","STREAM","tbcmp_PD_HA_IntHigh_2080","PD","HA","IntHigh","2080",108.852885595072
"03100202_33000000_UNNAMED_STREAM",6410,85756,"UNNAMED STREAM","03100202","33000000","STREAM","tbcmp_PD_HA_IntHigh_2080","PD","HA","IntHigh","2080",84.763076212144
"03100202_40000000_WEBB_BRANCH",1200,86318,"WEBB BRANCH","03100202","40000000","DRAIN","tbcmp_PD_HA_IntHigh_2080","PD","HA","IntHigh","2080",85.318569108632
"03100202_40000000_WEBB_BRANCH",1900,23261,"WEBB BRANCH","03100202","40000000","DRAIN","tbcmp_PD_HA_IntHigh_2080","PD","HA","IntHigh","2080",22.991673069764
"03100202_40000000_WEBB_BRANCH",2100,591117,"WEBB BRANCH","03100202","40000000","DRAIN","tbcmp_PD_HA_IntHigh_2080","PD","HA","IntHigh","2080",584.272766002308
"03100202_40000000_WEBB_BRANCH",3200,728446,"WEBB BRANCH","03100202","40000000","DRAIN","tbcmp_PD_HA_IntHigh_2080","PD","HA","IntHigh","2080",720.011705471704
"03100202_40000000_WEBB_BRANCH",4100,597144,"WEBB BRANCH","03100202","40000000","DRAIN","tbcmp_PD_HA_IntHigh_2080","PD","HA","IntHigh","2080",590.229982527456
"03100202_40000000_WEBB_BRANCH",5200,1705,"WEBB BRANCH","03100202","40000000","DRAIN","tbcmp_PD_HA_IntHigh_2080","PD","HA","IntHigh","2080",1.68525869842
"03100202_40000000_WEBB_BRANCH",6110,546498,"WEBB BRANCH","03100202","40000000","DRAIN","tbcmp_PD_HA_IntHigh_2080","PD","HA","IntHigh","2080",540.170386022952
"03100202_40000000_WEBB_BRANCH",6410,142870,"WEBB BRANCH","03100202","40000000","DRAIN","tbcmp_PD_HA_IntHigh_2080","PD","HA","IntHigh","2080",141.21578313388
"03100202_45000000_LITTLE_FT_CRAWFORD_CR",1900,99893,"LITTLE FT CRAWFORD CR","03100202","45000000","STREAM","tbcmp_PD_HA_IntHigh_2080","PD","HA","IntHigh","2080",98.736391296932
"03100202_45000000_LITTLE_FT_CRAWFORD_CR",2100,628692,"LITTLE FT CRAWFORD CR","03100202","45000000","STREAM","tbcmp_PD_HA_IntHigh_2080","PD","HA","IntHigh","2080",621.412704766608
"03100202_45000000_LITTLE_FT_CRAWFORD_CR",3200,236543,"LITTLE FT CRAWFORD CR","03100202","45000000","STREAM","tbcmp_PD_HA_IntHigh_2080","PD","HA","IntHigh","2080",233.804192551532
"03100202_45000000_LITTLE_FT_CRAWFORD_CR",4100,254220,"LITTLE FT CRAWFORD CR","03100202","45000000","STREAM","tbcmp_PD_HA_IntHigh_2080","PD","HA","IntHigh","2080",251.27651983128
"03100202_45000000_LITTLE_FT_CRAWFORD_CR",5200,3860,"LITTLE FT CRAWFORD CR","03100202","45000000","STREAM","tbcmp_PD_HA_IntHigh_2080","PD","HA","IntHigh","2080",3.81530708264
"03100202_45000000_LITTLE_FT_CRAWFORD_CR",6110,155539,"LITTLE FT CRAWFORD CR","03100202","45000000","STREAM","tbcmp_PD_HA_IntHigh_2080","PD","HA","IntHigh","2080",153.738095421436
"03100202_45000000_LITTLE_FT_CRAWFORD_CR",6410,38685,"LITTLE FT CRAWFORD CR","03100202","45000000","STREAM","tbcmp_PD_HA_IntHigh_2080","PD","HA","IntHigh","2080",38.23708665594
"03100202_50000000_FORT_CRAWFORD_CREEK",1900,58186,"FORT CRAWFORD CREEK","03100202","50000000","STREAM","tbcmp_PD_HA_IntHigh_2080","PD","HA","IntHigh","2080",57.512294795464
"03100202_50000000_FORT_CRAWFORD_CREEK",2100,530764,"FORT CRAWFORD CREEK","03100202","50000000","STREAM","tbcmp_PD_HA_IntHigh_2080","PD","HA","IntHigh","2080",524.618561764336
"03100202_50000000_FORT_CRAWFORD_CREEK",3200,57559,"FORT CRAWFORD CREEK","03100202","50000000","STREAM","tbcmp_PD_HA_IntHigh_2080","PD","HA","IntHigh","2080",56.892554499916
"03100202_50000000_FORT_CRAWFORD_CREEK",4100,56474,"FORT CRAWFORD CREEK","03100202","50000000","STREAM","tbcmp_PD_HA_IntHigh_2080","PD","HA","IntHigh","2080",55.820117146376
"03100202_50000000_FORT_CRAWFORD_CREEK",5200,3276,"FORT CRAWFORD CREEK","03100202","50000000","STREAM","tbcmp_PD_HA_IntHigh_2080","PD","HA","IntHigh","2080",3.238068912624
"03100202_50000000_FORT_CRAWFORD_CREEK",6110,55427,"FORT CRAWFORD CREEK","03100202","50000000","STREAM","tbcmp_PD_HA_IntHigh_2080","PD","HA","IntHigh","2080",54.785239810748
"03100202_50000000_FORT_CRAWFORD_CREEK",6410,21942,"FORT CRAWFORD CREEK","03100202","50000000","STREAM","tbcmp_PD_HA_IntHigh_2080","PD","HA","IntHigh","2080",21.687945079608
"03100202_60000000_FISHER_BRANCH",1100,1014948,"FISHER BRANCH","03100202","60000000","STREAM","tbcmp_PD_HA_IntHigh_2080","PD","HA","IntHigh","2080",1003.19644894075
"03100202_60000000_FISHER_BRANCH",1200,4842,"FISHER BRANCH","03100202","60000000","STREAM","tbcmp_PD_HA_IntHigh_2080","PD","HA","IntHigh","2080",4.785937019208
"03100202_60000000_FISHER_BRANCH",1900,133043,"FISHER BRANCH","03100202","60000000","STREAM","tbcmp_PD_HA_IntHigh_2080","PD","HA","IntHigh","2080",131.502564817532
"03100202_60000000_FISHER_BRANCH",2100,1166248,"FISHER BRANCH","03100202","60000000","STREAM","tbcmp_PD_HA_IntHigh_2080","PD","HA","IntHigh","2080",1152.74462552195
"03100202_60000000_FISHER_BRANCH",2200,4185,"FISHER BRANCH","03100202","60000000","STREAM","tbcmp_PD_HA_IntHigh_2080","PD","HA","IntHigh","2080",4.13654407794
"03100202_60000000_FISHER_BRANCH",2400,21894,"FISHER BRANCH","03100202","60000000","STREAM","tbcmp_PD_HA_IntHigh_2080","PD","HA","IntHigh","2080",21.640500846456
"03100202_60000000_FISHER_BRANCH",3200,39526,"FISHER BRANCH","03100202","60000000","STREAM","tbcmp_PD_HA_IntHigh_2080","PD","HA","IntHigh","2080",39.068349157624
"03100202_60000000_FISHER_BRANCH",4100,182441,"FISHER BRANCH","03100202","60000000","STREAM","tbcmp_PD_HA_IntHigh_2080","PD","HA","IntHigh","2080",180.328611260084
"03100202_60000000_FISHER_BRANCH",5200,20356,"FISHER BRANCH","03100202","60000000","STREAM","tbcmp_PD_HA_IntHigh_2080","PD","HA","IntHigh","2080",20.120308542544
"03100202_60000000_FISHER_BRANCH",6110,200877,"FISHER BRANCH","03100202","60000000","STREAM","tbcmp_PD_HA_IntHigh_2080","PD","HA","IntHigh","2080",198.551150476548
"03100202_60000000_FISHER_BRANCH",6410,57943,"FISHER BRANCH","03100202","60000000","STREAM","tbcmp_PD_HA_IntHigh_2080","PD","HA","IntHigh","2080",57.272108365132
"03100202_62000000_CORBIT_BRANCH",1100,575587,"CORBIT BRANCH","03100202","62000000","STREAM","tbcmp_PD_HA_IntHigh_2080","PD","HA","IntHigh","2080",568.922579734588
"03100202_62000000_CORBIT_BRANCH",1200,62364,"CORBIT BRANCH","03100202","62000000","STREAM","tbcmp_PD_HA_IntHigh_2080","PD","HA","IntHigh","2080",61.641919922736
"03100202_62000000_CORBIT_BRANCH",1800,519,"CORBIT BRANCH","03100202","62000000","STREAM","tbcmp_PD_HA_IntHigh_2080","PD","HA","IntHigh","2080",0.512990770956
"03100202_62000000_CORBIT_BRANCH",1900,120891,"CORBIT BRANCH","03100202","62000000","STREAM","tbcmp_PD_HA_IntHigh_2080","PD","HA","IntHigh","2080",119.491266457884
"03100202_62000000_CORBIT_BRANCH",2100,868468,"CORBIT BRANCH","03100202","62000000","STREAM","tbcmp_PD_HA_IntHigh_2080","PD","HA","IntHigh","2080",858.412464105232
"03100202_62000000_CORBIT_BRANCH",2200,5803,"CORBIT BRANCH","03100202","62000000","STREAM","tbcmp_PD_HA_IntHigh_2080","PD","HA","IntHigh","2080",5.735810103772
"03100202_62000000_CORBIT_BRANCH",2400,23050,"CORBIT BRANCH","03100202","62000000","STREAM","tbcmp_PD_HA_IntHigh_2080","PD","HA","IntHigh","2080",22.7831161282
"03100202_62000000_CORBIT_BRANCH",3200,25360,"CORBIT BRANCH","03100202","62000000","STREAM","tbcmp_PD_HA_IntHigh_2080","PD","HA","IntHigh","2080",25.06636984864
"03100202_62000000_CORBIT_BRANCH",4100,525665,"CORBIT BRANCH","03100202","62000000","STREAM","tbcmp_PD_HA_IntHigh_2080","PD","HA","IntHigh","2080",519.57860041346
"03100202_62000000_CORBIT_BRANCH",5200,12097,"CORBIT BRANCH","03100202","62000000","STREAM","tbcmp_PD_HA_IntHigh_2080","PD","HA","IntHigh","2080",11.956935175828
"03100202_62000000_CORBIT_BRANCH",6110,36030,"CORBIT BRANCH","03100202","62000000","STREAM","tbcmp_PD_HA_IntHigh_2080","PD","HA","IntHigh","2080",35.61282750972
"03100202_62000000_CORBIT_BRANCH",6410,78349,"CORBIT BRANCH","03100202","62000000","STREAM","tbcmp_PD_HA_IntHigh_2080","PD","HA","IntHigh","2080",77.441837983876
"03100202_64000000_CRAIG_BRANCH",1100,12152,"CRAIG BRANCH","03100202","64000000","STREAM","tbcmp_PD_HA_IntHigh_2080","PD","HA","IntHigh","2080",12.011298359648
"03100202_64000000_CRAIG_BRANCH",1200,225,"CRAIG BRANCH","03100202","64000000","STREAM","tbcmp_PD_HA_IntHigh_2080","PD","HA","IntHigh","2080",0.2223948429
"03100202_64000000_CRAIG_BRANCH",1900,11975,"CRAIG BRANCH","03100202","64000000","STREAM","tbcmp_PD_HA_IntHigh_2080","PD","HA","IntHigh","2080",11.8363477499
"03100202_64000000_CRAIG_BRANCH",2100,332151,"CRAIG BRANCH","03100202","64000000","STREAM","tbcmp_PD_HA_IntHigh_2080","PD","HA","IntHigh","2080",328.305197618124
"03100202_64000000_CRAIG_BRANCH",2200,19859,"CRAIG BRANCH","03100202","64000000","STREAM","tbcmp_PD_HA_IntHigh_2080","PD","HA","IntHigh","2080",19.629063045116
"03100202_64000000_CRAIG_BRANCH",3200,272833,"CRAIG BRANCH","03100202","64000000","STREAM","tbcmp_PD_HA_IntHigh_2080","PD","HA","IntHigh","2080",269.674009657492
"03100202_64000000_CRAIG_BRANCH",4100,24225,"CRAIG BRANCH","03100202","64000000","STREAM","tbcmp_PD_HA_IntHigh_2080","PD","HA","IntHigh","2080",23.9445114189
"03100202_64000000_CRAIG_BRANCH",6110,3080,"CRAIG BRANCH","03100202","64000000","STREAM","tbcmp_PD_HA_IntHigh_2080","PD","HA","IntHigh","2080",3.04433829392
"03100202_64000000_CRAIG_BRANCH",6410,42586,"CRAIG BRANCH","03100202","64000000","STREAM","tbcmp_PD_HA_IntHigh_2080","PD","HA","IntHigh","2080",42.092919021064
"03100202_65500000_UNNAMED_STREAM",1900,55196,"UNNAMED STREAM","03100202","65500000","STREAM","tbcmp_PD_HA_IntHigh_2080","PD","HA","IntHigh","2080",54.556914438704
"03100202_65500000_UNNAMED_STREAM",2100,533213,"UNNAMED STREAM","03100202","65500000","STREAM","tbcmp_PD_HA_IntHigh_2080","PD","HA","IntHigh","2080",527.039206076612
"03100202_65500000_UNNAMED_STREAM",3200,768547,"UNNAMED STREAM","03100202","65500000","STREAM","tbcmp_PD_HA_IntHigh_2080","PD","HA","IntHigh","2080",759.648397005628
"03100202_65500000_UNNAMED_STREAM",4100,28061,"UNNAMED STREAM","03100202","65500000","STREAM","tbcmp_PD_HA_IntHigh_2080","PD","HA","IntHigh","2080",27.736096384964
"03100202_65500000_UNNAMED_STREAM",5200,750,"UNNAMED STREAM","03100202","65500000","STREAM","tbcmp_PD_HA_IntHigh_2080","PD","HA","IntHigh","2080",0.741316143
"03100202_65500000_UNNAMED_STREAM",6110,59788,"UNNAMED STREAM","03100202","65500000","STREAM","tbcmp_PD_HA_IntHigh_2080","PD","HA","IntHigh","2080",59.095746076912
"03100202_65500000_UNNAMED_STREAM",6410,140538,"UNNAMED STREAM","03100202","65500000","STREAM","tbcmp_PD_HA_IntHigh_2080","PD","HA","IntHigh","2080",138.910784139912
"03100202_65600000_UNNAMED_STREAM",1200,6451,"UNNAMED STREAM","03100202","65600000","STREAM","tbcmp_PD_HA_IntHigh_2080","PD","HA","IntHigh","2080",6.376307251324
"03100202_65600000_UNNAMED_STREAM",1900,221154,"UNNAMED STREAM","03100202","65600000","STREAM","tbcmp_PD_HA_IntHigh_2080","PD","HA","IntHigh","2080",218.593373718696
"03100202_65600000_UNNAMED_STREAM",2100,3689156,"UNNAMED STREAM","03100202","65600000","STREAM","tbcmp_PD_HA_IntHigh_2080","PD","HA","IntHigh","2080",3646.44119579374
"03100202_65600000_UNNAMED_STREAM",2200,29488,"UNNAMED STREAM","03100202","65600000","STREAM","tbcmp_PD_HA_IntHigh_2080","PD","HA","IntHigh","2080",29.146573899712
"03100202_65600000_UNNAMED_STREAM",3200,679030,"UNNAMED STREAM","03100202","65600000","STREAM","tbcmp_PD_HA_IntHigh_2080","PD","HA","IntHigh","2080",671.16786744172
"03100202_65600000_UNNAMED_STREAM",4100,88193,"UNNAMED STREAM","03100202","65600000","STREAM","tbcmp_PD_HA_IntHigh_2080","PD","HA","IntHigh","2080",87.171859466132
"03100202_65600000_UNNAMED_STREAM",5200,4135,"UNNAMED STREAM","03100202","65600000","STREAM","tbcmp_PD_HA_IntHigh_2080","PD","HA","IntHigh","2080",4.08712300174
"03100202_65600000_UNNAMED_STREAM",6110,243530,"UNNAMED STREAM","03100202","65600000","STREAM","tbcmp_PD_HA_IntHigh_2080","PD","HA","IntHigh","2080",240.71029373972
"03100202_65600000_UNNAMED_STREAM",6410,167268,"UNNAMED STREAM","03100202","65600000","STREAM","tbcmp_PD_HA_IntHigh_2080","PD","HA","IntHigh","2080",165.331291476432
"03100202_65990000_GILLY_CREEK",1100,11962,"GILLY CREEK","03100202","65990000","STREAM","tbcmp_PD_HA_IntHigh_2080","PD","HA","IntHigh","2080",11.823498270088
"03100202_65990000_GILLY_CREEK",1200,52781,"GILLY CREEK","03100202","65990000","STREAM","tbcmp_PD_HA_IntHigh_2080","PD","HA","IntHigh","2080",52.169876458244
"03100202_65990000_GILLY_CREEK",1900,921930,"GILLY CREEK","03100202","65990000","STREAM","tbcmp_PD_HA_IntHigh_2080","PD","HA","IntHigh","2080",911.25545562132
"03100202_65990000_GILLY_CREEK",2100,3107192,"GILLY CREEK","03100202","65990000","STREAM","tbcmp_PD_HA_IntHigh_2080","PD","HA","IntHigh","2080",3071.21545200061
"03100202_65990000_GILLY_CREEK",2200,262539,"GILLY CREEK","03100202","65990000","STREAM","tbcmp_PD_HA_IntHigh_2080","PD","HA","IntHigh","2080",259.499198489436
"03100202_65990000_GILLY_CREEK",3200,2908879,"GILLY CREEK","03100202","65990000","STREAM","tbcmp_PD_HA_IntHigh_2080","PD","HA","IntHigh","2080",2875.1986143116
"03100202_65990000_GILLY_CREEK",4100,507129,"GILLY CREEK","03100202","65990000","STREAM","tbcmp_PD_HA_IntHigh_2080","PD","HA","IntHigh","2080",501.257219044596
"03100202_65990000_GILLY_CREEK",5200,63232,"GILLY CREEK","03100202","65990000","STREAM","tbcmp_PD_HA_IntHigh_2080","PD","HA","IntHigh","2080",62.499869805568
"03100202_65990000_GILLY_CREEK",6110,488259,"GILLY CREEK","03100202","65990000","STREAM","tbcmp_PD_HA_IntHigh_2080","PD","HA","IntHigh","2080",482.605704886716
"03100202_65990000_GILLY_CREEK",6410,413205,"GILLY CREEK","03100202","65990000","STREAM","tbcmp_PD_HA_IntHigh_2080","PD","HA","IntHigh","2080",408.42071582442
"03100202_68000000_POLEY_BRANCH",1100,57625,"POLEY BRANCH","03100202","68000000","STREAM","tbcmp_PD_HA_IntHigh_2080","PD","HA","IntHigh","2080",56.9577903205
"03100202_68000000_POLEY_BRANCH",1200,1336,"POLEY BRANCH","03100202","68000000","STREAM","tbcmp_PD_HA_IntHigh_2080","PD","HA","IntHigh","2080",1.320531156064
"03100202_68000000_POLEY_BRANCH",1800,35824,"POLEY BRANCH","03100202","68000000","STREAM","tbcmp_PD_HA_IntHigh_2080","PD","HA","IntHigh","2080",35.409212675776
"03100202_68000000_POLEY_BRANCH",1900,324477,"POLEY BRANCH","03100202","68000000","STREAM","tbcmp_PD_HA_IntHigh_2080","PD","HA","IntHigh","2080",320.720050842948
"03100202_68000000_POLEY_BRANCH",2100,460309,"POLEY BRANCH","03100202","68000000","STREAM","tbcmp_PD_HA_IntHigh_2080","PD","HA","IntHigh","2080",454.979323290916
"03100202_68000000_POLEY_BRANCH",2400,49609,"POLEY BRANCH","03100202","68000000","STREAM","tbcmp_PD_HA_IntHigh_2080","PD","HA","IntHigh","2080",49.034603384116
"03100202_68000000_POLEY_BRANCH",3200,161733,"POLEY BRANCH","03100202","68000000","STREAM","tbcmp_PD_HA_IntHigh_2080","PD","HA","IntHigh","2080",159.860378341092
"03100202_68000000_POLEY_BRANCH",4100,127213,"POLEY BRANCH","03100202","68000000","STREAM","tbcmp_PD_HA_IntHigh_2080","PD","HA","IntHigh","2080",125.740067332612
"03100202_68000000_POLEY_BRANCH",5200,85954,"POLEY BRANCH","03100202","68000000","STREAM","tbcmp_PD_HA_IntHigh_2080","PD","HA","IntHigh","2080",84.958783673896
"03100202_68000000_POLEY_BRANCH",6110,29242,"POLEY BRANCH","03100202","68000000","STREAM","tbcmp_PD_HA_IntHigh_2080","PD","HA","IntHigh","2080",28.903422204808
"03100202_68000000_POLEY_BRANCH",6410,92524,"POLEY BRANCH","03100202","68000000","STREAM","tbcmp_PD_HA_IntHigh_2080","PD","HA","IntHigh","2080",91.452713086576
"03100202_69000000_BOGGY_CREEK",1100,16987,"BOGGY CREEK","03100202","69000000","STREAM","tbcmp_PD_HA_IntHigh_2080","PD","HA","IntHigh","2080",16.790316428188
"03100202_69000000_BOGGY_CREEK",1200,1190,"BOGGY CREEK","03100202","69000000","STREAM","tbcmp_PD_HA_IntHigh_2080","PD","HA","IntHigh","2080",1.17622161356
"03100202_69000000_BOGGY_CREEK",1900,163460,"BOGGY CREEK","03100202","69000000","STREAM","tbcmp_PD_HA_IntHigh_2080","PD","HA","IntHigh","2080",161.56738231304
"03100202_69000000_BOGGY_CREEK",2100,1546111,"BOGGY CREEK","03100202","69000000","STREAM","tbcmp_PD_HA_IntHigh_2080","PD","HA","IntHigh","2080",1528.20939089316
"03100202_69000000_BOGGY_CREEK",3200,469902,"BOGGY CREEK","03100202","69000000","STREAM","tbcmp_PD_HA_IntHigh_2080","PD","HA","IntHigh","2080",464.461250970648
"03100202_69000000_BOGGY_CREEK",4100,228047,"BOGGY CREEK","03100202","69000000","STREAM","tbcmp_PD_HA_IntHigh_2080","PD","HA","IntHigh","2080",225.406563283628
"03100202_69000000_BOGGY_CREEK",5200,39488,"BOGGY CREEK","03100202","69000000","STREAM","tbcmp_PD_HA_IntHigh_2080","PD","HA","IntHigh","2080",39.030789139712
"03100202_69000000_BOGGY_CREEK",6110,30028,"BOGGY CREEK","03100202","69000000","STREAM","tbcmp_PD_HA_IntHigh_2080","PD","HA","IntHigh","2080",29.680321522672
"03100202_69000000_BOGGY_CREEK",6410,222684,"BOGGY CREEK","03100202","69000000","STREAM","tbcmp_PD_HA_IntHigh_2080","PD","HA","IntHigh","2080",220.105658650416
"03100202_71000000_SAND_BRANCH",1100,82903,"SAND BRANCH","03100202","71000000","STREAM","tbcmp_PD_HA_IntHigh_2080","PD","HA","IntHigh","2080",81.943109604172
"03100202_71000000_SAND_BRANCH",1200,75965,"SAND BRANCH","03100202","71000000","STREAM","tbcmp_PD_HA_IntHigh_2080","PD","HA","IntHigh","2080",75.08544107066
"03100202_71000000_SAND_BRANCH",1900,274948,"SAND BRANCH","03100202","71000000","STREAM","tbcmp_PD_HA_IntHigh_2080","PD","HA","IntHigh","2080",271.764521180752
"03100202_71000000_SAND_BRANCH",2100,183459,"SAND BRANCH","03100202","71000000","STREAM","tbcmp_PD_HA_IntHigh_2080","PD","HA","IntHigh","2080",181.334824371516
"03100202_71000000_SAND_BRANCH",2400,3086,"SAND BRANCH","03100202","71000000","STREAM","tbcmp_PD_HA_IntHigh_2080","PD","HA","IntHigh","2080",3.050268823064
"03100202_71000000_SAND_BRANCH",3200,81892,"SAND BRANCH","03100202","71000000","STREAM","tbcmp_PD_HA_IntHigh_2080","PD","HA","IntHigh","2080",80.943815443408
"03100202_71000000_SAND_BRANCH",4100,53922,"SAND BRANCH","03100202","71000000","STREAM","tbcmp_PD_HA_IntHigh_2080","PD","HA","IntHigh","2080",53.297665417128
"03100202_71000000_SAND_BRANCH",5200,29650,"SAND BRANCH","03100202","71000000","STREAM","tbcmp_PD_HA_IntHigh_2080","PD","HA","IntHigh","2080",29.3066981866
"03100202_71000000_SAND_BRANCH",5400,34,"SAND BRANCH","03100202","71000000","STREAM","tbcmp_PD_HA_IntHigh_2080","PD","HA","IntHigh","2080",0.033606331816
"03100202_71000000_SAND_BRANCH",6110,23905,"SAND BRANCH","03100202","71000000","STREAM","tbcmp_PD_HA_IntHigh_2080","PD","HA","IntHigh","2080",23.62821653122
"03100202_71000000_SAND_BRANCH",6410,65558,"SAND BRANCH","03100202","71000000","STREAM","tbcmp_PD_HA_IntHigh_2080","PD","HA","IntHigh","2080",64.798938270392
"03100202_71000000_SAND_BRANCH",6420,11,"SAND BRANCH","03100202","71000000","STREAM","tbcmp_PD_HA_IntHigh_2080","PD","HA","IntHigh","2080",0.010872636764
"03100202_71000000_SAND_BRANCH",6425,43,"SAND BRANCH","03100202","71000000","STREAM","tbcmp_PD_HA_IntHigh_2080","PD","HA","IntHigh","2080",0.042502125532
"03100202_71000000_SAND_BRANCH",6510,15,"SAND BRANCH","03100202","71000000","STREAM","tbcmp_PD_HA_IntHigh_2080","PD","HA","IntHigh","2080",0.01482632286
"03100202_71000000_SAND_BRANCH",6600,66,"SAND BRANCH","03100202","71000000","STREAM","tbcmp_PD_HA_IntHigh_2080","PD","HA","IntHigh","2080",0.065235820584
"03100202_71000000_SAND_BRANCH",9113,19,"SAND BRANCH","03100202","71000000","STREAM","tbcmp_PD_HA_IntHigh_2080","PD","HA","IntHigh","2080",0.018780008956
"03100202_73000000_RYE_BRANCH",1100,20226,"RYE BRANCH","03100202","73000000","STREAM","tbcmp_PD_HA_IntHigh_2080","PD","HA","IntHigh","2080",19.991813744424
"03100202_73000000_RYE_BRANCH",1900,204655,"RYE BRANCH","03100202","73000000","STREAM","tbcmp_PD_HA_IntHigh_2080","PD","HA","IntHigh","2080",202.28540699422
"03100202_73000000_RYE_BRANCH",2100,1514324,"RYE BRANCH","03100202","73000000","STREAM","tbcmp_PD_HA_IntHigh_2080","PD","HA","IntHigh","2080",1496.79043590978
"03100202_73000000_RYE_BRANCH",3200,80070,"RYE BRANCH","03100202","73000000","STREAM","tbcmp_PD_HA_IntHigh_2080","PD","HA","IntHigh","2080",79.14291142668
"03100202_73000000_RYE_BRANCH",4100,182447,"RYE BRANCH","03100202","73000000","STREAM","tbcmp_PD_HA_IntHigh_2080","PD","HA","IntHigh","2080",180.334541789228
"03100202_73000000_RYE_BRANCH",5200,8496,"RYE BRANCH","03100202","73000000","STREAM","tbcmp_PD_HA_IntHigh_2080","PD","HA","IntHigh","2080",8.397629267904
"03100202_73000000_RYE_BRANCH",6110,68849,"RYE BRANCH","03100202","73000000","STREAM","tbcmp_PD_HA_IntHigh_2080","PD","HA","IntHigh","2080",68.051833505876
"03100202_73000000_RYE_BRANCH",6410,97361,"RYE BRANCH","03100202","73000000","STREAM","tbcmp_PD_HA_IntHigh_2080","PD","HA","IntHigh","2080",96.233707998164
"03100202_73000000_RYE_BRANCH",6420,95,"RYE BRANCH","03100202","73000000","STREAM","tbcmp_PD_HA_IntHigh_2080","PD","HA","IntHigh","2080",0.09390004478
"03100202_73000000_RYE_BRANCH",6425,191,"RYE BRANCH","03100202","73000000","STREAM","tbcmp_PD_HA_IntHigh_2080","PD","HA","IntHigh","2080",0.188788511084
"03100202_73000000_RYE_BRANCH",6510,92,"RYE BRANCH","03100202","73000000","STREAM","tbcmp_PD_HA_IntHigh_2080","PD","HA","IntHigh","2080",0.090934780208
"03100202_73000000_RYE_BRANCH",6600,303,"RYE BRANCH","03100202","73000000","STREAM","tbcmp_PD_HA_IntHigh_2080","PD","HA","IntHigh","2080",0.299491721772
"03100202_73000000_RYE_BRANCH",9113,169,"RYE BRANCH","03100202","73000000","STREAM","tbcmp_PD_HA_IntHigh_2080","PD","HA","IntHigh","2080",0.167043237556
"03100202_76000000_GODDARD_CREEK",1100,5539,"GODDARD CREEK","03100202","76000000","STREAM","tbcmp_PD_HA_IntHigh_2080","PD","HA","IntHigh","2080",5.474866821436
"03100202_76000000_GODDARD_CREEK",1200,73326,"GODDARD CREEK","03100202","76000000","STREAM","tbcmp_PD_HA_IntHigh_2080","PD","HA","IntHigh","2080",72.476996668824
"03100202_76000000_GODDARD_CREEK",1900,44092,"GODDARD CREEK","03100202","76000000","STREAM","tbcmp_PD_HA_IntHigh_2080","PD","HA","IntHigh","2080",43.581481836208
"03100202_76000000_GODDARD_CREEK",2100,337423,"GODDARD CREEK","03100202","76000000","STREAM","tbcmp_PD_HA_IntHigh_2080","PD","HA","IntHigh","2080",333.516155892652
"03100202_76000000_GODDARD_CREEK",2200,16,"GODDARD CREEK","03100202","76000000","STREAM","tbcmp_PD_HA_IntHigh_2080","PD","HA","IntHigh","2080",0.015814744384
"03100202_76000000_GODDARD_CREEK",3200,173407,"GODDARD CREEK","03100202","76000000","STREAM","tbcmp_PD_HA_IntHigh_2080","PD","HA","IntHigh","2080",171.399211212268
"03100202_76000000_GODDARD_CREEK",4100,37630,"GODDARD CREEK","03100202","76000000","STREAM","tbcmp_PD_HA_IntHigh_2080","PD","HA","IntHigh","2080",37.19430194812
"03100202_76000000_GODDARD_CREEK",5200,16395,"GODDARD CREEK","03100202","76000000","STREAM","tbcmp_PD_HA_IntHigh_2080","PD","HA","IntHigh","2080",16.20517088598
"03100202_76000000_GODDARD_CREEK",5400,121,"GODDARD CREEK","03100202","76000000","STREAM","tbcmp_PD_HA_IntHigh_2080","PD","HA","IntHigh","2080",0.119599004404
"03100202_76000000_GODDARD_CREEK",6110,64121,"GODDARD CREEK","03100202","76000000","STREAM","tbcmp_PD_HA_IntHigh_2080","PD","HA","IntHigh","2080",63.378576540404
"03100202_76000000_GODDARD_CREEK",6410,11317,"GODDARD CREEK","03100202","76000000","STREAM","tbcmp_PD_HA_IntHigh_2080","PD","HA","IntHigh","2080",11.185966387108
"03100202_76000000_GODDARD_CREEK",6420,8,"GODDARD CREEK","03100202","76000000","STREAM","tbcmp_PD_HA_IntHigh_2080","PD","HA","IntHigh","2080",0.007907372192
"03100202_76000000_GODDARD_CREEK",6425,8,"GODDARD CREEK","03100202","76000000","STREAM","tbcmp_PD_HA_IntHigh_2080","PD","HA","IntHigh","2080",0.007907372192
"03100202_76000000_GODDARD_CREEK",6600,18,"GODDARD CREEK","03100202","76000000","STREAM","tbcmp_PD_HA_IntHigh_2080","PD","HA","IntHigh","2080",0.017791587432
"03100202_79000000_MILL_CREEK",1100,855363,"MILL CREEK","03100202","79000000","STREAM","tbcmp_PD_HA_IntHigh_2080","PD","HA","IntHigh","2080",845.459200033212
"03100202_79000000_MILL_CREEK",1200,3318658,"MILL CREEK","03100202","79000000","STREAM","tbcmp_PD_HA_IntHigh_2080","PD","HA","IntHigh","2080",3280.23299799479
"03100202_79000000_MILL_CREEK",1800,366360,"MILL CREEK","03100202","79000000","STREAM","tbcmp_PD_HA_IntHigh_2080","PD","HA","IntHigh","2080",362.11810953264
"03100202_79000000_MILL_CREEK",1900,1253594,"MILL CREEK","03100202","79000000","STREAM","tbcmp_PD_HA_IntHigh_2080","PD","HA","IntHigh","2080",1239.07929195726
"03100202_79000000_MILL_CREEK",2100,521023,"MILL CREEK","03100202","79000000","STREAM","tbcmp_PD_HA_IntHigh_2080","PD","HA","IntHigh","2080",514.990347699052
"03100202_79000000_MILL_CREEK",2200,7462,"MILL CREEK","03100202","79000000","STREAM","tbcmp_PD_HA_IntHigh_2080","PD","HA","IntHigh","2080",7.375601412088
"03100202_79000000_MILL_CREEK",2400,48560,"MILL CREEK","03100202","79000000","STREAM","tbcmp_PD_HA_IntHigh_2080","PD","HA","IntHigh","2080",47.99774920544
"03100202_79000000_MILL_CREEK",3200,58072,"MILL CREEK","03100202","79000000","STREAM","tbcmp_PD_HA_IntHigh_2080","PD","HA","IntHigh","2080",57.399614741728
"03100202_79000000_MILL_CREEK",4100,179363,"MILL CREEK","03100202","79000000","STREAM","tbcmp_PD_HA_IntHigh_2080","PD","HA","IntHigh","2080",177.286249809212
"03100202_79000000_MILL_CREEK",5200,790438,"MILL CREEK","03100202","79000000","STREAM","tbcmp_PD_HA_IntHigh_2080","PD","HA","IntHigh","2080",781.285932587512
"03100202_79000000_MILL_CREEK",5400,24474,"MILL CREEK","03100202","79000000","STREAM","tbcmp_PD_HA_IntHigh_2080","PD","HA","IntHigh","2080",24.190628378376
"03100202_79000000_MILL_CREEK",6110,773982,"MILL CREEK","03100202","79000000","STREAM","tbcmp_PD_HA_IntHigh_2080","PD","HA","IntHigh","2080",765.020467988568
"03100202_79000000_MILL_CREEK",6120,3754,"MILL CREEK","03100202","79000000","STREAM","tbcmp_PD_HA_IntHigh_2080","PD","HA","IntHigh","2080",3.710534401096
"03100202_79000000_MILL_CREEK",6410,313014,"MILL CREEK","03100202","79000000","STREAM","tbcmp_PD_HA_IntHigh_2080","PD","HA","IntHigh","2080",309.389774913336
"03100202_79000000_MILL_CREEK",6420,3565,"MILL CREEK","03100202","79000000","STREAM","tbcmp_PD_HA_IntHigh_2080","PD","HA","IntHigh","2080",3.52372273306
"03100202_79000000_MILL_CREEK",6425,9932,"MILL CREEK","03100202","79000000","STREAM","tbcmp_PD_HA_IntHigh_2080","PD","HA","IntHigh","2080",9.817002576368
"03100202_79000000_MILL_CREEK",6510,6673,"MILL CREEK","03100202","79000000","STREAM","tbcmp_PD_HA_IntHigh_2080","PD","HA","IntHigh","2080",6.595736829652
"03100202_79000000_MILL_CREEK",6600,8547,"MILL CREEK","03100202","79000000","STREAM","tbcmp_PD_HA_IntHigh_2080","PD","HA","IntHigh","2080",8.448038765628
"03100202_79000000_MILL_CREEK",9113,31181,"MILL CREEK","03100202","79000000","STREAM","tbcmp_PD_HA_IntHigh_2080","PD","HA","IntHigh","2080",30.819971539844
"03100202_80200000_UNNAMED_STREAM",1100,2759,"UNNAMED STREAM","03100202","80200000","STREAM","tbcmp_PD_HA_IntHigh_2080","PD","HA","IntHigh","2080",2.727054984716
"03100202_80200000_UNNAMED_STREAM",1200,109631,"UNNAMED STREAM","03100202","80200000","STREAM","tbcmp_PD_HA_IntHigh_2080","PD","HA","IntHigh","2080",108.361640097644
"03100202_80200000_UNNAMED_STREAM",1900,137634,"UNNAMED STREAM","03100202","80200000","STREAM","tbcmp_PD_HA_IntHigh_2080","PD","HA","IntHigh","2080",136.040408034216
"03100202_80200000_UNNAMED_STREAM",2100,865837,"UNNAMED STREAM","03100202","80200000","STREAM","tbcmp_PD_HA_IntHigh_2080","PD","HA","IntHigh","2080",855.811927075588
"03100202_80200000_UNNAMED_STREAM",3200,55794,"UNNAMED STREAM","03100202","80200000","STREAM","tbcmp_PD_HA_IntHigh_2080","PD","HA","IntHigh","2080",55.147990510056
"03100202_80200000_UNNAMED_STREAM",4100,25054,"UNNAMED STREAM","03100202","80200000","STREAM","tbcmp_PD_HA_IntHigh_2080","PD","HA","IntHigh","2080",24.763912862296
"03100202_80200000_UNNAMED_STREAM",4400,71519,"UNNAMED STREAM","03100202","80200000","STREAM","tbcmp_PD_HA_IntHigh_2080","PD","HA","IntHigh","2080",70.690918974956
"03100202_80200000_UNNAMED_STREAM",5200,331534,"UNNAMED STREAM","03100202","80200000","STREAM","tbcmp_PD_HA_IntHigh_2080","PD","HA","IntHigh","2080",327.695341537816
"03100202_80200000_UNNAMED_STREAM",6110,167727,"UNNAMED STREAM","03100202","80200000","STREAM","tbcmp_PD_HA_IntHigh_2080","PD","HA","IntHigh","2080",165.784976955948
"03100202_80200000_UNNAMED_STREAM",6410,290546,"UNNAMED STREAM","03100202","80200000","STREAM","tbcmp_PD_HA_IntHigh_2080","PD","HA","IntHigh","2080",287.181920112104
"03100202_80240000_LANDING_FIELD_DRAIN",1200,372,"LANDING FIELD DRAIN","03100202","80240000","DRAIN","tbcmp_PD_HA_IntHigh_2080","PD","HA","IntHigh","2080",0.367692806928
"03100202_80240000_LANDING_FIELD_DRAIN",1900,254147,"LANDING FIELD DRAIN","03100202","80240000","DRAIN","tbcmp_PD_HA_IntHigh_2080","PD","HA","IntHigh","2080",251.204365060028
"03100202_80240000_LANDING_FIELD_DRAIN",2100,1104731,"LANDING FIELD DRAIN","03100202","80240000","DRAIN","tbcmp_PD_HA_IntHigh_2080","PD","HA","IntHigh","2080",1091.93989863004
"03100202_80240000_LANDING_FIELD_DRAIN",2200,6518,"LANDING FIELD DRAIN","03100202","80240000","DRAIN","tbcmp_PD_HA_IntHigh_2080","PD","HA","IntHigh","2080",6.442531493432
"03100202_80240000_LANDING_FIELD_DRAIN",3200,191505,"LANDING FIELD DRAIN","03100202","80240000","DRAIN","tbcmp_PD_HA_IntHigh_2080","PD","HA","IntHigh","2080",189.28766395362
"03100202_80240000_LANDING_FIELD_DRAIN",4100,19536,"LANDING FIELD DRAIN","03100202","80240000","DRAIN","tbcmp_PD_HA_IntHigh_2080","PD","HA","IntHigh","2080",19.309802892864
"03100202_80240000_LANDING_FIELD_DRAIN",5200,2531,"LANDING FIELD DRAIN","03100202","80240000","DRAIN","tbcmp_PD_HA_IntHigh_2080","PD","HA","IntHigh","2080",2.501694877244
"03100202_80240000_LANDING_FIELD_DRAIN",6110,247008,"LANDING FIELD DRAIN","03100202","80240000","DRAIN","tbcmp_PD_HA_IntHigh_2080","PD","HA","IntHigh","2080",244.148023800192
"03100202_80240000_LANDING_FIELD_DRAIN",6410,94261,"LANDING FIELD DRAIN","03100202","80240000","DRAIN","tbcmp_PD_HA_IntHigh_2080","PD","HA","IntHigh","2080",93.169601273764
"03100202_80300000_TYRE_CREEK",1100,5,"TYRE CREEK","03100202","80300000","STREAM","tbcmp_PD_HA_IntHigh_2080","PD","HA","IntHigh","2080",0.00494210762
"03100202_80300000_TYRE_CREEK",1200,1973,"TYRE CREEK","03100202","80300000","STREAM","tbcmp_PD_HA_IntHigh_2080","PD","HA","IntHigh","2080",1.950155666852
"03100202_80300000_TYRE_CREEK",1900,313005,"TYRE CREEK","03100202","80300000","STREAM","tbcmp_PD_HA_IntHigh_2080","PD","HA","IntHigh","2080",309.38087911962
"03100202_80300000_TYRE_CREEK",2100,3174654,"TYRE CREEK","03100202","80300000","STREAM","tbcmp_PD_HA_IntHigh_2080","PD","HA","IntHigh","2080",3137.8963448527
"03100202_80300000_TYRE_CREEK",2200,205706,"TYRE CREEK","03100202","80300000","STREAM","tbcmp_PD_HA_IntHigh_2080","PD","HA","IntHigh","2080",203.324238015944
"03100202_80300000_TYRE_CREEK",2400,9,"TYRE CREEK","03100202","80300000","STREAM","tbcmp_PD_HA_IntHigh_2080","PD","HA","IntHigh","2080",0.008895793716
"03100202_80300000_TYRE_CREEK",3200,373629,"TYRE CREEK","03100202","80300000","STREAM","tbcmp_PD_HA_IntHigh_2080","PD","HA","IntHigh","2080",369.302945590596
"03100202_80300000_TYRE_CREEK",4100,272929,"TYRE CREEK","03100202","80300000","STREAM","tbcmp_PD_HA_IntHigh_2080","PD","HA","IntHigh","2080",269.768898123796
"03100202_80300000_TYRE_CREEK",5200,6342,"TYRE CREEK","03100202","80300000","STREAM","tbcmp_PD_HA_IntHigh_2080","PD","HA","IntHigh","2080",6.268569305208
"03100202_80300000_TYRE_CREEK",6110,434539,"TYRE CREEK","03100202","80300000","STREAM","tbcmp_PD_HA_IntHigh_2080","PD","HA","IntHigh","2080",429.507700617436
"03100202_80300000_TYRE_CREEK",6410,244881,"TYRE CREEK","03100202","80300000","STREAM","tbcmp_PD_HA_IntHigh_2080","PD","HA","IntHigh","2080",242.045651218644
"03100202_80326000_HARVEY_PRONG",1200,1,"HARVEY PRONG","03100202","80326000","STREAM","tbcmp_PD_HA_IntHigh_2080","PD","HA","IntHigh","2080",0.000988421524
"03100202_80326000_HARVEY_PRONG",1900,72541,"HARVEY PRONG","03100202","80326000","STREAM","tbcmp_PD_HA_IntHigh_2080","PD","HA","IntHigh","2080",71.701085772484
"03100202_80326000_HARVEY_PRONG",2100,1285750,"HARVEY PRONG","03100202","80326000","STREAM","tbcmp_PD_HA_IntHigh_2080","PD","HA","IntHigh","2080",1270.862974483
"03100202_80326000_HARVEY_PRONG",2200,48760,"HARVEY PRONG","03100202","80326000","STREAM","tbcmp_PD_HA_IntHigh_2080","PD","HA","IntHigh","2080",48.19543351024
"03100202_80326000_HARVEY_PRONG",3200,161713,"HARVEY PRONG","03100202","80326000","STREAM","tbcmp_PD_HA_IntHigh_2080","PD","HA","IntHigh","2080",159.840609910612
"03100202_80326000_HARVEY_PRONG",4100,25362,"HARVEY PRONG","03100202","80326000","STREAM","tbcmp_PD_HA_IntHigh_2080","PD","HA","IntHigh","2080",25.068346691688
"03100202_80326000_HARVEY_PRONG",5200,2557,"HARVEY PRONG","03100202","80326000","STREAM","tbcmp_PD_HA_IntHigh_2080","PD","HA","IntHigh","2080",2.527393836868
"03100202_80326000_HARVEY_PRONG",6110,70632,"HARVEY PRONG","03100202","80326000","STREAM","tbcmp_PD_HA_IntHigh_2080","PD","HA","IntHigh","2080",69.814189083168
"03100202_80326000_HARVEY_PRONG",6410,143011,"HARVEY PRONG","03100202","80326000","STREAM","tbcmp_PD_HA_IntHigh_2080","PD","HA","IntHigh","2080",141.355150568764
"03100202_80500000_WATER_HOLE_CREEK",1100,158484,"WATER HOLE CREEK","03100202","80500000","STREAM","tbcmp_PD_HA_IntHigh_2080","PD","HA","IntHigh","2080",156.648996809616
"03100202_80500000_WATER_HOLE_CREEK",1200,28866,"WATER HOLE CREEK","03100202","80500000","STREAM","tbcmp_PD_HA_IntHigh_2080","PD","HA","IntHigh","2080",28.531775711784
"03100202_80500000_WATER_HOLE_CREEK",1900,339002,"WATER HOLE CREEK","03100202","80500000","STREAM","tbcmp_PD_HA_IntHigh_2080","PD","HA","IntHigh","2080",335.076873479048
"03100202_80500000_WATER_HOLE_CREEK",2100,1246655,"WATER HOLE CREEK","03100202","80500000","STREAM","tbcmp_PD_HA_IntHigh_2080","PD","HA","IntHigh","2080",1232.22063500222
"03100202_80500000_WATER_HOLE_CREEK",2200,181216,"WATER HOLE CREEK","03100202","80500000","STREAM","tbcmp_PD_HA_IntHigh_2080","PD","HA","IntHigh","2080",179.117794893184
"03100202_80500000_WATER_HOLE_CREEK",3200,80221,"WATER HOLE CREEK","03100202","80500000","STREAM","tbcmp_PD_HA_IntHigh_2080","PD","HA","IntHigh","2080",79.292163076804
"03100202_80500000_WATER_HOLE_CREEK",4100,56641,"WATER HOLE CREEK","03100202","80500000","STREAM","tbcmp_PD_HA_IntHigh_2080","PD","HA","IntHigh","2080",55.985183540884
"03100202_80500000_WATER_HOLE_CREEK",5200,15262,"WATER HOLE CREEK","03100202","80500000","STREAM","tbcmp_PD_HA_IntHigh_2080","PD","HA","IntHigh","2080",15.085289299288
"03100202_80500000_WATER_HOLE_CREEK",6110,119270,"WATER HOLE CREEK","03100202","80500000","STREAM","tbcmp_PD_HA_IntHigh_2080","PD","HA","IntHigh","2080",117.88903516748
"03100202_80500000_WATER_HOLE_CREEK",6410,84716,"WATER HOLE CREEK","03100202","80500000","STREAM","tbcmp_PD_HA_IntHigh_2080","PD","HA","IntHigh","2080",83.735117827184
"03100202_80606000_GAMBLE_CREEK_SINK",1100,740249,"GAMBLE CREEK SINK","03100202","80606000","NONCON","tbcmp_PD_HA_IntHigh_2080","PD","HA","IntHigh","2080",731.678044719476
"03100202_80606000_GAMBLE_CREEK_SINK",1200,885621,"GAMBLE CREEK SINK","03100202","80606000","NONCON","tbcmp_PD_HA_IntHigh_2080","PD","HA","IntHigh","2080",875.366858506404
"03100202_80606000_GAMBLE_CREEK_SINK",1800,1402,"GAMBLE CREEK SINK","03100202","80606000","NONCON","tbcmp_PD_HA_IntHigh_2080","PD","HA","IntHigh","2080",1.385766976648
"03100202_80606000_GAMBLE_CREEK_SINK",1900,1414024,"GAMBLE CREEK SINK","03100202","80606000","NONCON","tbcmp_PD_HA_IntHigh_2080","PD","HA","IntHigh","2080",1397.65175705258
"03100202_80606000_GAMBLE_CREEK_SINK",2100,3053499,"GAMBLE CREEK SINK","03100202","80606000","NONCON","tbcmp_PD_HA_IntHigh_2080","PD","HA","IntHigh","2080",3018.14413511248
"03100202_80606000_GAMBLE_CREEK_SINK",2200,33059,"GAMBLE CREEK SINK","03100202","80606000","NONCON","tbcmp_PD_HA_IntHigh_2080","PD","HA","IntHigh","2080",32.676227161916
"03100202_80606000_GAMBLE_CREEK_SINK",2400,20683,"GAMBLE CREEK SINK","03100202","80606000","NONCON","tbcmp_PD_HA_IntHigh_2080","PD","HA","IntHigh","2080",20.443522380892
"03100202_80606000_GAMBLE_CREEK_SINK",3200,448734,"GAMBLE CREEK SINK","03100202","80606000","NONCON","tbcmp_PD_HA_IntHigh_2080","PD","HA","IntHigh","2080",443.538344150616
"03100202_80606000_GAMBLE_CREEK_SINK",4100,853284,"GAMBLE CREEK SINK","03100202","80606000","NONCON","tbcmp_PD_HA_IntHigh_2080","PD","HA","IntHigh","2080",843.404271684816
"03100202_80606000_GAMBLE_CREEK_SINK",4400,158659,"GAMBLE CREEK SINK","03100202","80606000","NONCON","tbcmp_PD_HA_IntHigh_2080","PD","HA","IntHigh","2080",156.821970576316
"03100202_80606000_GAMBLE_CREEK_SINK",5200,249944,"GAMBLE CREEK SINK","03100202","80606000","NONCON","tbcmp_PD_HA_IntHigh_2080","PD","HA","IntHigh","2080",247.050029394656
"03100202_80606000_GAMBLE_CREEK_SINK",6110,1736427,"GAMBLE CREEK SINK","03100202","80606000","NONCON","tbcmp_PD_HA_IntHigh_2080","PD","HA","IntHigh","2080",1716.32182165475
"03100202_80606000_GAMBLE_CREEK_SINK",6410,1046273,"GAMBLE CREEK SINK","03100202","80606000","NONCON","tbcmp_PD_HA_IntHigh_2080","PD","HA","IntHigh","2080",1034.15875318005
"03100202_80700000_GAMBLE_SINK_OVERFLOW",1100,333152,"GAMBLE SINK OVERFLOW","03100202","80700000","NONCON","tbcmp_PD_HA_IntHigh_2080","PD","HA","IntHigh","2080",329.294607563648
"03100202_80700000_GAMBLE_SINK_OVERFLOW",1200,82378,"GAMBLE SINK OVERFLOW","03100202","80700000","NONCON","tbcmp_PD_HA_IntHigh_2080","PD","HA","IntHigh","2080",81.424188304072
"03100202_80700000_GAMBLE_SINK_OVERFLOW",1900,47967,"GAMBLE SINK OVERFLOW","03100202","80700000","NONCON","tbcmp_PD_HA_IntHigh_2080","PD","HA","IntHigh","2080",47.411615241708
"03100202_80700000_GAMBLE_SINK_OVERFLOW",2100,312928,"GAMBLE SINK OVERFLOW","03100202","80700000","NONCON","tbcmp_PD_HA_IntHigh_2080","PD","HA","IntHigh","2080",309.304770662272
"03100202_80700000_GAMBLE_SINK_OVERFLOW",2400,13921,"GAMBLE SINK OVERFLOW","03100202","80700000","NONCON","tbcmp_PD_HA_IntHigh_2080","PD","HA","IntHigh","2080",13.759816035604
"03100202_80700000_GAMBLE_SINK_OVERFLOW",3200,76245,"GAMBLE SINK OVERFLOW","03100202","80700000","NONCON","tbcmp_PD_HA_IntHigh_2080","PD","HA","IntHigh","2080",75.36219909738
"03100202_80700000_GAMBLE_SINK_OVERFLOW",4100,31870,"GAMBLE SINK OVERFLOW","03100202","80700000","NONCON","tbcmp_PD_HA_IntHigh_2080","PD","HA","IntHigh","2080",31.50099396988
"03100202_80700000_GAMBLE_SINK_OVERFLOW",5200,35421,"GAMBLE SINK OVERFLOW","03100202","80700000","NONCON","tbcmp_PD_HA_IntHigh_2080","PD","HA","IntHigh","2080",35.010878801604
"03100202_80700000_GAMBLE_SINK_OVERFLOW",6110,79370,"GAMBLE SINK OVERFLOW","03100202","80700000","NONCON","tbcmp_PD_HA_IntHigh_2080","PD","HA","IntHigh","2080",78.45101635988
"03100202_80700000_GAMBLE_SINK_OVERFLOW",6120,178,"GAMBLE SINK OVERFLOW","03100202","80700000","NONCON","tbcmp_PD_HA_IntHigh_2080","PD","HA","IntHigh","2080",0.175939031272
"03100202_80700000_GAMBLE_SINK_OVERFLOW",6410,117418,"GAMBLE SINK OVERFLOW","03100202","80700000","NONCON","tbcmp_PD_HA_IntHigh_2080","PD","HA","IntHigh","2080",116.058478505032
"03100202_80700000_GAMBLE_SINK_OVERFLOW",6420,331,"GAMBLE SINK OVERFLOW","03100202","80700000","NONCON","tbcmp_PD_HA_IntHigh_2080","PD","HA","IntHigh","2080",0.327167524444
"03100202_80700000_GAMBLE_SINK_OVERFLOW",6600,2253,"GAMBLE SINK OVERFLOW","03100202","80700000","NONCON","tbcmp_PD_HA_IntHigh_2080","PD","HA","IntHigh","2080",2.226913693572
"03100202_80990000_GAMBLE_CREEK",1100,1011535,"GAMBLE CREEK","03100202","80990000","STREAM","tbcmp_PD_HA_IntHigh_2080","PD","HA","IntHigh","2080",999.82296627934
"03100202_80990000_GAMBLE_CREEK",1200,1944332,"GAMBLE CREEK","03100202","80990000","STREAM","tbcmp_PD_HA_IntHigh_2080","PD","HA","IntHigh","2080",1921.81959860197
"03100202_80990000_GAMBLE_CREEK",1800,5219,"GAMBLE CREEK","03100202","80990000","STREAM","tbcmp_PD_HA_IntHigh_2080","PD","HA","IntHigh","2080",5.158571933756
"03100202_80990000_GAMBLE_CREEK",1820,41267,"GAMBLE CREEK","03100202","80990000","STREAM","tbcmp_PD_HA_IntHigh_2080","PD","HA","IntHigh","2080",40.789191030908
"03100202_80990000_GAMBLE_CREEK",1900,1127606,"GAMBLE CREEK","03100202","80990000","STREAM","tbcmp_PD_HA_IntHigh_2080","PD","HA","IntHigh","2080",1114.55004099154
"03100202_80990000_GAMBLE_CREEK",2100,4016408,"GAMBLE CREEK","03100202","80990000","STREAM","tbcmp_PD_HA_IntHigh_2080","PD","HA","IntHigh","2080",3969.90411636579
"03100202_80990000_GAMBLE_CREEK",2200,68254,"GAMBLE CREEK","03100202","80990000","STREAM","tbcmp_PD_HA_IntHigh_2080","PD","HA","IntHigh","2080",67.463722699096
"03100202_80990000_GAMBLE_CREEK",2400,254819,"GAMBLE CREEK","03100202","80990000","STREAM","tbcmp_PD_HA_IntHigh_2080","PD","HA","IntHigh","2080",251.868584324156
"03100202_80990000_GAMBLE_CREEK",3200,373403,"GAMBLE CREEK","03100202","80990000","STREAM","tbcmp_PD_HA_IntHigh_2080","PD","HA","IntHigh","2080",369.079562326172
"03100202_80990000_GAMBLE_CREEK",4100,593688,"GAMBLE CREEK","03100202","80990000","STREAM","tbcmp_PD_HA_IntHigh_2080","PD","HA","IntHigh","2080",586.813997740512
"03100202_80990000_GAMBLE_CREEK",5200,872491,"GAMBLE CREEK","03100202","80990000","STREAM","tbcmp_PD_HA_IntHigh_2080","PD","HA","IntHigh","2080",862.388883896284
"03100202_80990000_GAMBLE_CREEK",5400,132719,"GAMBLE CREEK","03100202","80990000","STREAM","tbcmp_PD_HA_IntHigh_2080","PD","HA","IntHigh","2080",131.182316243756
"03100202_80990000_GAMBLE_CREEK",6110,1927483,"GAMBLE CREEK","03100202","80990000","STREAM","tbcmp_PD_HA_IntHigh_2080","PD","HA","IntHigh","2080",1905.16568434409
"03100202_80990000_GAMBLE_CREEK",6120,3371,"GAMBLE CREEK","03100202","80990000","STREAM","tbcmp_PD_HA_IntHigh_2080","PD","HA","IntHigh","2080",3.331968957404
"03100202_80990000_GAMBLE_CREEK",6410,471519,"GAMBLE CREEK","03100202","80990000","STREAM","tbcmp_PD_HA_IntHigh_2080","PD","HA","IntHigh","2080",466.059528574956
"03100202_80990000_GAMBLE_CREEK",6420,44903,"GAMBLE CREEK","03100202","80990000","STREAM","tbcmp_PD_HA_IntHigh_2080","PD","HA","IntHigh","2080",44.383091692172
"03100202_80990000_GAMBLE_CREEK",6425,83795,"GAMBLE CREEK","03100202","80990000","STREAM","tbcmp_PD_HA_IntHigh_2080","PD","HA","IntHigh","2080",82.82478160358
"03100202_80990000_GAMBLE_CREEK",6510,53086,"GAMBLE CREEK","03100202","80990000","STREAM","tbcmp_PD_HA_IntHigh_2080","PD","HA","IntHigh","2080",52.471345023064
"03100202_80990000_GAMBLE_CREEK",6600,78432,"GAMBLE CREEK","03100202","80990000","STREAM","tbcmp_PD_HA_IntHigh_2080","PD","HA","IntHigh","2080",77.523876970368
"03100202_80990000_GAMBLE_CREEK",9113,210845,"GAMBLE CREEK","03100202","80990000","STREAM","tbcmp_PD_HA_IntHigh_2080","PD","HA","IntHigh","2080",208.40373622778
"03100202_81000000_GATES_CREEK",1100,190826,"GATES CREEK","03100202","81000000","STREAM","tbcmp_PD_HA_IntHigh_2080","PD","HA","IntHigh","2080",188.616525738824
"03100202_81000000_GATES_CREEK",1200,1316759,"GATES CREEK","03100202","81000000","STREAM","tbcmp_PD_HA_IntHigh_2080","PD","HA","IntHigh","2080",1301.51293752072
"03100202_81000000_GATES_CREEK",1800,28826,"GATES CREEK","03100202","81000000","STREAM","tbcmp_PD_HA_IntHigh_2080","PD","HA","IntHigh","2080",28.492238850824
"03100202_81000000_GATES_CREEK",1820,18456,"GATES CREEK","03100202","81000000","STREAM","tbcmp_PD_HA_IntHigh_2080","PD","HA","IntHigh","2080",18.242307646944
"03100202_81000000_GATES_CREEK",1900,64573,"GATES CREEK","03100202","81000000","STREAM","tbcmp_PD_HA_IntHigh_2080","PD","HA","IntHigh","2080",63.825343069252
"03100202_81000000_GATES_CREEK",2100,142556,"GATES CREEK","03100202","81000000","STREAM","tbcmp_PD_HA_IntHigh_2080","PD","HA","IntHigh","2080",140.905418775344
"03100202_81000000_GATES_CREEK",2400,37857,"GATES CREEK","03100202","81000000","STREAM","tbcmp_PD_HA_IntHigh_2080","PD","HA","IntHigh","2080",37.418673634068
"03100202_81000000_GATES_CREEK",3200,31004,"GATES CREEK","03100202","81000000","STREAM","tbcmp_PD_HA_IntHigh_2080","PD","HA","IntHigh","2080",30.645020930096
"03100202_81000000_GATES_CREEK",4100,67997,"GATES CREEK","03100202","81000000","STREAM","tbcmp_PD_HA_IntHigh_2080","PD","HA","IntHigh","2080",67.209698367428
"03100202_81000000_GATES_CREEK",5200,269675,"GATES CREEK","03100202","81000000","STREAM","tbcmp_PD_HA_IntHigh_2080","PD","HA","IntHigh","2080",266.5525744847
"03100202_81000000_GATES_CREEK",5400,3334,"GATES CREEK","03100202","81000000","STREAM","tbcmp_PD_HA_IntHigh_2080","PD","HA","IntHigh","2080",3.295397361016
"03100202_81000000_GATES_CREEK",6110,234467,"GATES CREEK","03100202","81000000","STREAM","tbcmp_PD_HA_IntHigh_2080","PD","HA","IntHigh","2080",231.752229467708
"03100202_81000000_GATES_CREEK",6120,326,"GATES CREEK","03100202","81000000","STREAM","tbcmp_PD_HA_IntHigh_2080","PD","HA","IntHigh","2080",0.322225416824
"03100202_81000000_GATES_CREEK",6410,190388,"GATES CREEK","03100202","81000000","STREAM","tbcmp_PD_HA_IntHigh_2080","PD","HA","IntHigh","2080",188.183597111312
"03100202_81000000_GATES_CREEK",6420,713,"GATES CREEK","03100202","81000000","STREAM","tbcmp_PD_HA_IntHigh_2080","PD","HA","IntHigh","2080",0.704744546612
"03100202_81000000_GATES_CREEK",6425,4397,"GATES CREEK","03100202","81000000","STREAM","tbcmp_PD_HA_IntHigh_2080","PD","HA","IntHigh","2080",4.346089441028
"03100202_81000000_GATES_CREEK",6510,2091,"GATES CREEK","03100202","81000000","STREAM","tbcmp_PD_HA_IntHigh_2080","PD","HA","IntHigh","2080",2.066789406684
"03100202_81000000_GATES_CREEK",6600,2121,"GATES CREEK","03100202","81000000","STREAM","tbcmp_PD_HA_IntHigh_2080","PD","HA","IntHigh","2080",2.096442052404
"03100202_81000000_GATES_CREEK",9113,7909,"GATES CREEK","03100202","81000000","STREAM","tbcmp_PD_HA_IntHigh_2080","PD","HA","IntHigh","2080",7.817425833316
"03100202_84000000_CYPRESS_STRAND",1100,192155,"CYPRESS STRAND","03100202","84000000","DRAIN","tbcmp_PD_HA_IntHigh_2080","PD","HA","IntHigh","2080",189.93013794422
"03100202_84000000_CYPRESS_STRAND",1200,971773,"CYPRESS STRAND","03100202","84000000","DRAIN","tbcmp_PD_HA_IntHigh_2080","PD","HA","IntHigh","2080",960.521349642052
"03100202_84000000_CYPRESS_STRAND",1800,18300,"CYPRESS STRAND","03100202","84000000","DRAIN","tbcmp_PD_HA_IntHigh_2080","PD","HA","IntHigh","2080",18.0881138892
"03100202_84000000_CYPRESS_STRAND",1820,4478,"CYPRESS STRAND","03100202","84000000","DRAIN","tbcmp_PD_HA_IntHigh_2080","PD","HA","IntHigh","2080",4.426151584472
"03100202_84000000_CYPRESS_STRAND",1900,268549,"CYPRESS STRAND","03100202","84000000","DRAIN","tbcmp_PD_HA_IntHigh_2080","PD","HA","IntHigh","2080",265.439611848676
"03100202_84000000_CYPRESS_STRAND",2100,228533,"CYPRESS STRAND","03100202","84000000","DRAIN","tbcmp_PD_HA_IntHigh_2080","PD","HA","IntHigh","2080",225.886936144292
"03100202_84000000_CYPRESS_STRAND",3200,7683,"CYPRESS STRAND","03100202","84000000","DRAIN","tbcmp_PD_HA_IntHigh_2080","PD","HA","IntHigh","2080",7.594042568892
"03100202_84000000_CYPRESS_STRAND",4100,358043,"CYPRESS STRAND","03100202","84000000","DRAIN","tbcmp_PD_HA_IntHigh_2080","PD","HA","IntHigh","2080",353.897407717532
"03100202_84000000_CYPRESS_STRAND",5200,243338,"CYPRESS STRAND","03100202","84000000","DRAIN","tbcmp_PD_HA_IntHigh_2080","PD","HA","IntHigh","2080",240.520516807112
"03100202_84000000_CYPRESS_STRAND",5400,40142,"CYPRESS STRAND","03100202","84000000","DRAIN","tbcmp_PD_HA_IntHigh_2080","PD","HA","IntHigh","2080",39.677216816408
"03100202_84000000_CYPRESS_STRAND",6110,137577,"CYPRESS STRAND","03100202","84000000","DRAIN","tbcmp_PD_HA_IntHigh_2080","PD","HA","IntHigh","2080",135.984068007348
"03100202_84000000_CYPRESS_STRAND",6120,3964,"CYPRESS STRAND","03100202","84000000","DRAIN","tbcmp_PD_HA_IntHigh_2080","PD","HA","IntHigh","2080",3.918102921136
"03100202_84000000_CYPRESS_STRAND",6410,133217,"CYPRESS STRAND","03100202","84000000","DRAIN","tbcmp_PD_HA_IntHigh_2080","PD","HA","IntHigh","2080",131.674550162708
"03100202_84000000_CYPRESS_STRAND",6420,928,"CYPRESS STRAND","03100202","84000000","DRAIN","tbcmp_PD_HA_IntHigh_2080","PD","HA","IntHigh","2080",0.917255174272
"03100202_84000000_CYPRESS_STRAND",6425,7504,"CYPRESS STRAND","03100202","84000000","DRAIN","tbcmp_PD_HA_IntHigh_2080","PD","HA","IntHigh","2080",7.417115116096
"03100202_84000000_CYPRESS_STRAND",6510,9672,"CYPRESS STRAND","03100202","84000000","DRAIN","tbcmp_PD_HA_IntHigh_2080","PD","HA","IntHigh","2080",9.560012980128
"03100202_84000000_CYPRESS_STRAND",6600,2979,"CYPRESS STRAND","03100202","84000000","DRAIN","tbcmp_PD_HA_IntHigh_2080","PD","HA","IntHigh","2080",2.944507719996
"03100202_84000000_CYPRESS_STRAND",9113,16943,"CYPRESS STRAND","03100202","84000000","DRAIN","tbcmp_PD_HA_IntHigh_2080","PD","HA","IntHigh","2080",16.746825881132
"03100202_85000000_UNNAMED_DRAIN",1100,106720,"UNNAMED DRAIN","03100202","85000000","DRAIN","tbcmp_PD_HA_IntHigh_2080","PD","HA","IntHigh","2080",105.48434504128
"03100202_85000000_UNNAMED_DRAIN",1200,1173574,"UNNAMED DRAIN","03100202","85000000","DRAIN","tbcmp_PD_HA_IntHigh_2080","PD","HA","IntHigh","2080",1159.98580160678
"03100202_85000000_UNNAMED_DRAIN",1800,16788,"UNNAMED DRAIN","03100202","85000000","DRAIN","tbcmp_PD_HA_IntHigh_2080","PD","HA","IntHigh","2080",16.593620544912
"03100202_85000000_UNNAMED_DRAIN",1900,221775,"UNNAMED DRAIN","03100202","85000000","DRAIN","tbcmp_PD_HA_IntHigh_2080","PD","HA","IntHigh","2080",219.2071834851
"03100202_85000000_UNNAMED_DRAIN",2100,76293,"UNNAMED DRAIN","03100202","85000000","DRAIN","tbcmp_PD_HA_IntHigh_2080","PD","HA","IntHigh","2080",75.409643330532
"03100202_85000000_UNNAMED_DRAIN",2400,14529,"UNNAMED DRAIN","03100202","85000000","DRAIN","tbcmp_PD_HA_IntHigh_2080","PD","HA","IntHigh","2080",14.360776322196
"03100202_85000000_UNNAMED_DRAIN",3200,12101,"UNNAMED DRAIN","03100202","85000000","DRAIN","tbcmp_PD_HA_IntHigh_2080","PD","HA","IntHigh","2080",11.960888861924
"03100202_85000000_UNNAMED_DRAIN",4100,794,"UNNAMED DRAIN","03100202","85000000","DRAIN","tbcmp_PD_HA_IntHigh_2080","PD","HA","IntHigh","2080",0.784806690056
"03100202_85000000_UNNAMED_DRAIN",5200,137029,"UNNAMED DRAIN","03100202","85000000","DRAIN","tbcmp_PD_HA_IntHigh_2080","PD","HA","IntHigh","2080",135.442413012196
"03100202_85000000_UNNAMED_DRAIN",5400,3382,"UNNAMED DRAIN","03100202","85000000","DRAIN","tbcmp_PD_HA_IntHigh_2080","PD","HA","IntHigh","2080",3.342841594168
"03100202_85000000_UNNAMED_DRAIN",6110,230035,"UNNAMED DRAIN","03100202","85000000","DRAIN","tbcmp_PD_HA_IntHigh_2080","PD","HA","IntHigh","2080",227.37154527334
"03100202_85000000_UNNAMED_DRAIN",6120,78,"UNNAMED DRAIN","03100202","85000000","DRAIN","tbcmp_PD_HA_IntHigh_2080","PD","HA","IntHigh","2080",0.077096878872
"03100202_85000000_UNNAMED_DRAIN",6410,121357,"UNNAMED DRAIN","03100202","85000000","DRAIN","tbcmp_PD_HA_IntHigh_2080","PD","HA","IntHigh","2080",119.951870888068
"03100202_85000000_UNNAMED_DRAIN",6420,346,"UNNAMED DRAIN","03100202","85000000","DRAIN","tbcmp_PD_HA_IntHigh_2080","PD","HA","IntHigh","2080",0.341993847304
"03100202_85000000_UNNAMED_DRAIN",6425,874,"UNNAMED DRAIN","03100202","85000000","DRAIN","tbcmp_PD_HA_IntHigh_2080","PD","HA","IntHigh","2080",0.863880411976
"03100202_85000000_UNNAMED_DRAIN",6510,1423,"UNNAMED DRAIN","03100202","85000000","DRAIN","tbcmp_PD_HA_IntHigh_2080","PD","HA","IntHigh","2080",1.406523828652
"03100202_85000000_UNNAMED_DRAIN",6600,437,"UNNAMED DRAIN","03100202","85000000","DRAIN","tbcmp_PD_HA_IntHigh_2080","PD","HA","IntHigh","2080",0.431940205988
"03100202_85000000_UNNAMED_DRAIN",9113,3685,"UNNAMED DRAIN","03100202","85000000","DRAIN","tbcmp_PD_HA_IntHigh_2080","PD","HA","IntHigh","2080",3.64233331594
"03100202_90300000_UNNAMED_DITCH",1100,701569,"UNNAMED DITCH","03100202","90300000","DITCH","tbcmp_PD_HA_IntHigh_2080","PD","HA","IntHigh","2080",693.445900171156
"03100202_90300000_UNNAMED_DITCH",1200,741774,"UNNAMED DITCH","03100202","90300000","DITCH","tbcmp_PD_HA_IntHigh_2080","PD","HA","IntHigh","2080",733.185387543576
"03100202_90300000_UNNAMED_DITCH",1800,73673,"UNNAMED DITCH","03100202","90300000","DITCH","tbcmp_PD_HA_IntHigh_2080","PD","HA","IntHigh","2080",72.819978937652
"03100202_90300000_UNNAMED_DITCH",1820,99155,"UNNAMED DITCH","03100202","90300000","DITCH","tbcmp_PD_HA_IntHigh_2080","PD","HA","IntHigh","2080",98.00693621222
"03100202_90300000_UNNAMED_DITCH",1900,208872,"UNNAMED DITCH","03100202","90300000","DITCH","tbcmp_PD_HA_IntHigh_2080","PD","HA","IntHigh","2080",206.453580560928
"03100202_90300000_UNNAMED_DITCH",2100,15142,"UNNAMED DITCH","03100202","90300000","DITCH","tbcmp_PD_HA_IntHigh_2080","PD","HA","IntHigh","2080",14.966678716408
"03100202_90300000_UNNAMED_DITCH",3200,122393,"UNNAMED DITCH","03100202","90300000","DITCH","tbcmp_PD_HA_IntHigh_2080","PD","HA","IntHigh","2080",120.975875586932
"03100202_90300000_UNNAMED_DITCH",4100,433577,"UNNAMED DITCH","03100202","90300000","DITCH","tbcmp_PD_HA_IntHigh_2080","PD","HA","IntHigh","2080",428.556839111348
"03100202_90300000_UNNAMED_DITCH",5200,305372,"UNNAMED DITCH","03100202","90300000","DITCH","tbcmp_PD_HA_IntHigh_2080","PD","HA","IntHigh","2080",301.836257626928
"03100202_90300000_UNNAMED_DITCH",6110,246234,"UNNAMED DITCH","03100202","90300000","DITCH","tbcmp_PD_HA_IntHigh_2080","PD","HA","IntHigh","2080",243.382985540616
"03100202_90300000_UNNAMED_DITCH",6410,280502,"UNNAMED DITCH","03100202","90300000","DITCH","tbcmp_PD_HA_IntHigh_2080","PD","HA","IntHigh","2080",277.254214325048
"03100202_90320000_UNNAMED_DRAIN",1100,26435,"UNNAMED DRAIN","03100202","90320000","DRAIN","tbcmp_PD_HA_IntHigh_2080","PD","HA","IntHigh","2080",26.12892298694
"03100202_90320000_UNNAMED_DRAIN",1200,336963,"UNNAMED DRAIN","03100202","90320000","DRAIN","tbcmp_PD_HA_IntHigh_2080","PD","HA","IntHigh","2080",333.061481991612
"03100202_90320000_UNNAMED_DRAIN",1800,170822,"UNNAMED DRAIN","03100202","90320000","DRAIN","tbcmp_PD_HA_IntHigh_2080","PD","HA","IntHigh","2080",168.844141572728
"03100202_90320000_UNNAMED_DRAIN",1900,355719,"UNNAMED DRAIN","03100202","90320000","DRAIN","tbcmp_PD_HA_IntHigh_2080","PD","HA","IntHigh","2080",351.600316095756
"03100202_90320000_UNNAMED_DRAIN",2100,1026400,"UNNAMED DRAIN","03100202","90320000","DRAIN","tbcmp_PD_HA_IntHigh_2080","PD","HA","IntHigh","2080",1014.5158522336
"03100202_90320000_UNNAMED_DRAIN",2400,24303,"UNNAMED DRAIN","03100202","90320000","DRAIN","tbcmp_PD_HA_IntHigh_2080","PD","HA","IntHigh","2080",24.021608297772
"03100202_90320000_UNNAMED_DRAIN",3200,67480,"UNNAMED DRAIN","03100202","90320000","DRAIN","tbcmp_PD_HA_IntHigh_2080","PD","HA","IntHigh","2080",66.69868443952
"03100202_90320000_UNNAMED_DRAIN",4100,45974,"UNNAMED DRAIN","03100202","90320000","DRAIN","tbcmp_PD_HA_IntHigh_2080","PD","HA","IntHigh","2080",45.441691144376
"03100202_90320000_UNNAMED_DRAIN",5200,130639,"UNNAMED DRAIN","03100202","90320000","DRAIN","tbcmp_PD_HA_IntHigh_2080","PD","HA","IntHigh","2080",129.126399473836
"03100202_90320000_UNNAMED_DRAIN",6110,174996,"UNNAMED DRAIN","03100202","90320000","DRAIN","tbcmp_PD_HA_IntHigh_2080","PD","HA","IntHigh","2080",172.969813013904
"03100202_90320000_UNNAMED_DRAIN",6410,108686,"UNNAMED DRAIN","03100202","90320000","DRAIN","tbcmp_PD_HA_IntHigh_2080","PD","HA","IntHigh","2080",107.427581757464
"03100202_90400000_WOLF_SLOUGH",1100,115660,"WOLF SLOUGH","03100202","90400000","SLOUGH","tbcmp_PD_HA_IntHigh_2080","PD","HA","IntHigh","2080",114.32083346584
"03100202_90400000_WOLF_SLOUGH",1200,1107836,"WOLF SLOUGH","03100202","90400000","SLOUGH","tbcmp_PD_HA_IntHigh_2080","PD","HA","IntHigh","2080",1095.00894746206
"03100202_90400000_WOLF_SLOUGH",1800,86424,"WOLF SLOUGH","03100202","90400000","SLOUGH","tbcmp_PD_HA_IntHigh_2080","PD","HA","IntHigh","2080",85.423341790176
"03100202_90400000_WOLF_SLOUGH",1900,491711,"WOLF SLOUGH","03100202","90400000","SLOUGH","tbcmp_PD_HA_IntHigh_2080","PD","HA","IntHigh","2080",486.017735987564
"03100202_90400000_WOLF_SLOUGH",2100,76712,"WOLF SLOUGH","03100202","90400000","SLOUGH","tbcmp_PD_HA_IntHigh_2080","PD","HA","IntHigh","2080",75.823791949088
"03100202_90400000_WOLF_SLOUGH",2200,18608,"WOLF SLOUGH","03100202","90400000","SLOUGH","tbcmp_PD_HA_IntHigh_2080","PD","HA","IntHigh","2080",18.392547718592
"03100202_90400000_WOLF_SLOUGH",2400,64971,"WOLF SLOUGH","03100202","90400000","SLOUGH","tbcmp_PD_HA_IntHigh_2080","PD","HA","IntHigh","2080",64.218734835804
"03100202_90400000_WOLF_SLOUGH",3200,11214,"WOLF SLOUGH","03100202","90400000","SLOUGH","tbcmp_PD_HA_IntHigh_2080","PD","HA","IntHigh","2080",11.084158970136
"03100202_90400000_WOLF_SLOUGH",4100,100830,"WOLF SLOUGH","03100202","90400000","SLOUGH","tbcmp_PD_HA_IntHigh_2080","PD","HA","IntHigh","2080",99.66254226492
"03100202_90400000_WOLF_SLOUGH",5200,336795,"WOLF SLOUGH","03100202","90400000","SLOUGH","tbcmp_PD_HA_IntHigh_2080","PD","HA","IntHigh","2080",332.89542717558
"03100202_90400000_WOLF_SLOUGH",6110,122114,"WOLF SLOUGH","03100202","90400000","SLOUGH","tbcmp_PD_HA_IntHigh_2080","PD","HA","IntHigh","2080",120.700105981736
"03100202_90400000_WOLF_SLOUGH",6410,66561,"WOLF SLOUGH","03100202","90400000","SLOUGH","tbcmp_PD_HA_IntHigh_2080","PD","HA","IntHigh","2080",65.790325058964
"03100202_90470000_UNNAMED_DRAIN",1100,149872,"UNNAMED DRAIN","03100202","90470000","DRAIN","tbcmp_PD_HA_IntHigh_2080","PD","HA","IntHigh","2080",148.136710644928
"03100202_90470000_UNNAMED_DRAIN",1200,816686,"UNNAMED DRAIN","03100202","90470000","DRAIN","tbcmp_PD_HA_IntHigh_2080","PD","HA","IntHigh","2080",807.230020749464
"03100202_90470000_UNNAMED_DRAIN",1800,13939,"UNNAMED DRAIN","03100202","90470000","DRAIN","tbcmp_PD_HA_IntHigh_2080","PD","HA","IntHigh","2080",13.777607623036
"03100202_90470000_UNNAMED_DRAIN",1820,75078,"UNNAMED DRAIN","03100202","90470000","DRAIN","tbcmp_PD_HA_IntHigh_2080","PD","HA","IntHigh","2080",74.208711178872
"03100202_90470000_UNNAMED_DRAIN",1900,101161,"UNNAMED DRAIN","03100202","90470000","DRAIN","tbcmp_PD_HA_IntHigh_2080","PD","HA","IntHigh","2080",99.989709789364
"03100202_90470000_UNNAMED_DRAIN",3200,62298,"UNNAMED DRAIN","03100202","90470000","DRAIN","tbcmp_PD_HA_IntHigh_2080","PD","HA","IntHigh","2080",61.576684102152
"03100202_90470000_UNNAMED_DRAIN",4100,42632,"UNNAMED DRAIN","03100202","90470000","DRAIN","tbcmp_PD_HA_IntHigh_2080","PD","HA","IntHigh","2080",42.138386411168
"03100202_90470000_UNNAMED_DRAIN",5200,136612,"UNNAMED DRAIN","03100202","90470000","DRAIN","tbcmp_PD_HA_IntHigh_2080","PD","HA","IntHigh","2080",135.030241236688
"03100202_90470000_UNNAMED_DRAIN",6110,51059,"UNNAMED DRAIN","03100202","90470000","DRAIN","tbcmp_PD_HA_IntHigh_2080","PD","HA","IntHigh","2080",50.467814593916
"03100202_90470000_UNNAMED_DRAIN",6410,142142,"UNNAMED DRAIN","03100202","90470000","DRAIN","tbcmp_PD_HA_IntHigh_2080","PD","HA","IntHigh","2080",140.496212264408
"03100202_90470000_UNNAMED_DRAIN",6600,1,"UNNAMED DRAIN","03100202","90470000","DRAIN","tbcmp_PD_HA_IntHigh_2080","PD","HA","IntHigh","2080",0.000988421524
"03100202_90500000_COOPER_CREEK",1100,62225,"COOPER CREEK","03100202","90500000","STREAM","tbcmp_PD_HA_IntHigh_2080","PD","HA","IntHigh","2080",61.5045293309
"03100202_90500000_COOPER_CREEK",1200,2689854,"COOPER CREEK","03100202","90500000","STREAM","tbcmp_PD_HA_IntHigh_2080","PD","HA","IntHigh","2080",2658.7095900175
"03100202_90500000_COOPER_CREEK",1800,271936,"COOPER CREEK","03100202","90500000","STREAM","tbcmp_PD_HA_IntHigh_2080","PD","HA","IntHigh","2080",268.787395550464
"03100202_90500000_COOPER_CREEK",1820,109009,"COOPER CREEK","03100202","90500000","STREAM","tbcmp_PD_HA_IntHigh_2080","PD","HA","IntHigh","2080",107.746841909716
"03100202_90500000_COOPER_CREEK",1900,428222,"COOPER CREEK","03100202","90500000","STREAM","tbcmp_PD_HA_IntHigh_2080","PD","HA","IntHigh","2080",423.263841850328
"03100202_90500000_COOPER_CREEK",2100,365620,"COOPER CREEK","03100202","90500000","STREAM","tbcmp_PD_HA_IntHigh_2080","PD","HA","IntHigh","2080",361.38667760488
"03100202_90500000_COOPER_CREEK",2400,5006,"COOPER CREEK","03100202","90500000","STREAM","tbcmp_PD_HA_IntHigh_2080","PD","HA","IntHigh","2080",4.948038149144
"03100202_90500000_COOPER_CREEK",3200,281979,"COOPER CREEK","03100202","90500000","STREAM","tbcmp_PD_HA_IntHigh_2080","PD","HA","IntHigh","2080",278.714112915996
"03100202_90500000_COOPER_CREEK",4100,395901,"COOPER CREEK","03100202","90500000","STREAM","tbcmp_PD_HA_IntHigh_2080","PD","HA","IntHigh","2080",391.317069773124
"03100202_90500000_COOPER_CREEK",5200,1403816,"COOPER CREEK","03100202","90500000","STREAM","tbcmp_PD_HA_IntHigh_2080","PD","HA","IntHigh","2080",1387.56195013558
"03100202_90500000_COOPER_CREEK",5400,59,"COOPER CREEK","03100202","90500000","STREAM","tbcmp_PD_HA_IntHigh_2080","PD","HA","IntHigh","2080",0.058316869916
"03100202_90500000_COOPER_CREEK",6110,393510,"COOPER CREEK","03100202","90500000","STREAM","tbcmp_PD_HA_IntHigh_2080","PD","HA","IntHigh","2080",388.95375390924
"03100202_90500000_COOPER_CREEK",6120,4947,"COOPER CREEK","03100202","90500000","STREAM","tbcmp_PD_HA_IntHigh_2080","PD","HA","IntHigh","2080",4.889721279228
"03100202_90500000_COOPER_CREEK",6410,812424,"COOPER CREEK","03100202","90500000","STREAM","tbcmp_PD_HA_IntHigh_2080","PD","HA","IntHigh","2080",803.017368214176
"03100202_90500000_COOPER_CREEK",6420,1068,"COOPER CREEK","03100202","90500000","STREAM","tbcmp_PD_HA_IntHigh_2080","PD","HA","IntHigh","2080",1.055634187632
"03100202_90500000_COOPER_CREEK",6600,2974,"COOPER CREEK","03100202","90500000","STREAM","tbcmp_PD_HA_IntHigh_2080","PD","HA","IntHigh","2080",2.939565612376
"03100202_90500000_COOPER_CREEK",9113,2227,"COOPER CREEK","03100202","90500000","STREAM","tbcmp_PD_HA_IntHigh_2080","PD","HA","IntHigh","2080",2.201214733948
"03100202_90509800_UNNAMED_STREAM",1200,1385350,"UNNAMED STREAM","03100202","90509800","STREAM","tbcmp_PD_HA_IntHigh_2080","PD","HA","IntHigh","2080",1369.3097582734
"03100202_90509800_UNNAMED_STREAM",1800,42646,"UNNAMED STREAM","03100202","90509800","STREAM","tbcmp_PD_HA_IntHigh_2080","PD","HA","IntHigh","2080",42.152224312504
"03100202_90509800_UNNAMED_STREAM",1820,348486,"UNNAMED STREAM","03100202","90509800","STREAM","tbcmp_PD_HA_IntHigh_2080","PD","HA","IntHigh","2080",344.451063212664
"03100202_90509800_UNNAMED_STREAM",1900,98997,"UNNAMED STREAM","03100202","90509800","STREAM","tbcmp_PD_HA_IntHigh_2080","PD","HA","IntHigh","2080",97.850765611428
"03100202_90509800_UNNAMED_STREAM",2100,13730,"UNNAMED STREAM","03100202","90509800","STREAM","tbcmp_PD_HA_IntHigh_2080","PD","HA","IntHigh","2080",13.57102752452
"03100202_90509800_UNNAMED_STREAM",3200,4657,"UNNAMED STREAM","03100202","90509800","STREAM","tbcmp_PD_HA_IntHigh_2080","PD","HA","IntHigh","2080",4.603079037268
"03100202_90509800_UNNAMED_STREAM",4100,108265,"UNNAMED STREAM","03100202","90509800","STREAM","tbcmp_PD_HA_IntHigh_2080","PD","HA","IntHigh","2080",107.01145629586
"03100202_90509800_UNNAMED_STREAM",5200,483896,"UNNAMED STREAM","03100202","90509800","STREAM","tbcmp_PD_HA_IntHigh_2080","PD","HA","IntHigh","2080",478.293221777504
"03100202_90509800_UNNAMED_STREAM",6110,231278,"UNNAMED STREAM","03100202","90509800","STREAM","tbcmp_PD_HA_IntHigh_2080","PD","HA","IntHigh","2080",228.600153227672
"03100202_90509800_UNNAMED_STREAM",6120,451,"UNNAMED STREAM","03100202","90509800","STREAM","tbcmp_PD_HA_IntHigh_2080","PD","HA","IntHigh","2080",0.445778107324
"03100202_90509800_UNNAMED_STREAM",6410,232359,"UNNAMED STREAM","03100202","90509800","STREAM","tbcmp_PD_HA_IntHigh_2080","PD","HA","IntHigh","2080",229.668636895116
"03100202_90509800_UNNAMED_STREAM",6420,143,"UNNAMED STREAM","03100202","90509800","STREAM","tbcmp_PD_HA_IntHigh_2080","PD","HA","IntHigh","2080",0.141344277932
"03100202_90509800_UNNAMED_STREAM",6600,356,"UNNAMED STREAM","03100202","90509800","STREAM","tbcmp_PD_HA_IntHigh_2080","PD","HA","IntHigh","2080",0.351878062544
"03100202_90509800_UNNAMED_STREAM",9113,108,"UNNAMED STREAM","03100202","90509800","STREAM","tbcmp_PD_HA_IntHigh_2080","PD","HA","IntHigh","2080",0.106749524592
"03100202_90580000_CEDAR_CREEK",1200,728424,"CEDAR CREEK","03100202","90580000","STREAM","tbcmp_PD_HA_IntHigh_2080","PD","HA","IntHigh","2080",719.989960198176
"03100202_90580000_CEDAR_CREEK",1800,15920,"CEDAR CREEK","03100202","90580000","STREAM","tbcmp_PD_HA_IntHigh_2080","PD","HA","IntHigh","2080",15.73567066208
"03100202_90580000_CEDAR_CREEK",1820,237270,"CEDAR CREEK","03100202","90580000","STREAM","tbcmp_PD_HA_IntHigh_2080","PD","HA","IntHigh","2080",234.52277499948
"03100202_90580000_CEDAR_CREEK",4100,46328,"CEDAR CREEK","03100202","90580000","STREAM","tbcmp_PD_HA_IntHigh_2080","PD","HA","IntHigh","2080",45.791592363872
"03100202_90580000_CEDAR_CREEK",5200,130755,"CEDAR CREEK","03100202","90580000","STREAM","tbcmp_PD_HA_IntHigh_2080","PD","HA","IntHigh","2080",129.24105637062
"03100202_90580000_CEDAR_CREEK",5400,1069,"CEDAR CREEK","03100202","90580000","STREAM","tbcmp_PD_HA_IntHigh_2080","PD","HA","IntHigh","2080",1.056622609156
"03100202_90580000_CEDAR_CREEK",6110,71851,"CEDAR CREEK","03100202","90580000","STREAM","tbcmp_PD_HA_IntHigh_2080","PD","HA","IntHigh","2080",71.019074920924
"03100202_90580000_CEDAR_CREEK",6120,709,"CEDAR CREEK","03100202","90580000","STREAM","tbcmp_PD_HA_IntHigh_2080","PD","HA","IntHigh","2080",0.700790860516
"03100202_90580000_CEDAR_CREEK",6410,14478,"CEDAR CREEK","03100202","90580000","STREAM","tbcmp_PD_HA_IntHigh_2080","PD","HA","IntHigh","2080",14.310366824472
"03100202_90580000_CEDAR_CREEK",6420,278,"CEDAR CREEK","03100202","90580000","STREAM","tbcmp_PD_HA_IntHigh_2080","PD","HA","IntHigh","2080",0.274781183672
"03100202_90580000_CEDAR_CREEK",6600,1242,"CEDAR CREEK","03100202","90580000","STREAM","tbcmp_PD_HA_IntHigh_2080","PD","HA","IntHigh","2080",1.227619532808
"03100202_90580000_CEDAR_CREEK",9113,508,"CEDAR CREEK","03100202","90580000","STREAM","tbcmp_PD_HA_IntHigh_2080","PD","HA","IntHigh","2080",0.502118134192
"03100202_90600000_RATTLESNAKE_SLOUGH",1100,112176,"RATTLESNAKE SLOUGH","03100202","90600000","STREAM","tbcmp_PD_HA_IntHigh_2080","PD","HA","IntHigh","2080",110.877172876224
"03100202_90600000_RATTLESNAKE_SLOUGH",1200,1701663,"RATTLESNAKE SLOUGH","03100202","90600000","STREAM","tbcmp_PD_HA_IntHigh_2080","PD","HA","IntHigh","2080",1681.96033579441
"03100202_90600000_RATTLESNAKE_SLOUGH",1800,64619,"RATTLESNAKE SLOUGH","03100202","90600000","STREAM","tbcmp_PD_HA_IntHigh_2080","PD","HA","IntHigh","2080",63.870810459356
"03100202_90600000_RATTLESNAKE_SLOUGH",1820,169257,"RATTLESNAKE SLOUGH","03100202","90600000","STREAM","tbcmp_PD_HA_IntHigh_2080","PD","HA","IntHigh","2080",167.297261887668
"03100202_90600000_RATTLESNAKE_SLOUGH",1900,41734,"RATTLESNAKE SLOUGH","03100202","90600000","STREAM","tbcmp_PD_HA_IntHigh_2080","PD","HA","IntHigh","2080",41.250783882616
"03100202_90600000_RATTLESNAKE_SLOUGH",2100,25788,"RATTLESNAKE SLOUGH","03100202","90600000","STREAM","tbcmp_PD_HA_IntHigh_2080","PD","HA","IntHigh","2080",25.489414260912
"03100202_90600000_RATTLESNAKE_SLOUGH",3200,4029,"RATTLESNAKE SLOUGH","03100202","90600000","STREAM","tbcmp_PD_HA_IntHigh_2080","PD","HA","IntHigh","2080",3.982350320196
"03100202_90600000_RATTLESNAKE_SLOUGH",4100,24490,"RATTLESNAKE SLOUGH","03100202","90600000","STREAM","tbcmp_PD_HA_IntHigh_2080","PD","HA","IntHigh","2080",24.20644312276
"03100202_90600000_RATTLESNAKE_SLOUGH",5200,232853,"RATTLESNAKE SLOUGH","03100202","90600000","STREAM","tbcmp_PD_HA_IntHigh_2080","PD","HA","IntHigh","2080",230.156917127972
"03100202_90600000_RATTLESNAKE_SLOUGH",5400,42652,"RATTLESNAKE SLOUGH","03100202","90600000","STREAM","tbcmp_PD_HA_IntHigh_2080","PD","HA","IntHigh","2080",42.158154841648
"03100202_90600000_RATTLESNAKE_SLOUGH",6110,227969,"RATTLESNAKE SLOUGH","03100202","90600000","STREAM","tbcmp_PD_HA_IntHigh_2080","PD","HA","IntHigh","2080",225.329466404756
"03100202_90600000_RATTLESNAKE_SLOUGH",6120,1506,"RATTLESNAKE SLOUGH","03100202","90600000","STREAM","tbcmp_PD_HA_IntHigh_2080","PD","HA","IntHigh","2080",1.488562815144
"03100202_90600000_RATTLESNAKE_SLOUGH",6410,68690,"RATTLESNAKE SLOUGH","03100202","90600000","STREAM","tbcmp_PD_HA_IntHigh_2080","PD","HA","IntHigh","2080",67.89467448356
"03100202_90600000_RATTLESNAKE_SLOUGH",6420,1140,"RATTLESNAKE SLOUGH","03100202","90600000","STREAM","tbcmp_PD_HA_IntHigh_2080","PD","HA","IntHigh","2080",1.12680053736
"03100202_90600000_RATTLESNAKE_SLOUGH",6600,5027,"RATTLESNAKE SLOUGH","03100202","90600000","STREAM","tbcmp_PD_HA_IntHigh_2080","PD","HA","IntHigh","2080",4.968795001148
"03100202_90600000_RATTLESNAKE_SLOUGH",9113,345,"RATTLESNAKE SLOUGH","03100202","90600000","STREAM","tbcmp_PD_HA_IntHigh_2080","PD","HA","IntHigh","2080",0.34100542578
"03100202_90610000_UNNAMED_STREAM",1100,1283,"UNNAMED STREAM","03100202","90610000","STREAM","tbcmp_PD_HA_IntHigh_2080","PD","HA","IntHigh","2080",1.268144815292
"03100202_90610000_UNNAMED_STREAM",1200,769729,"UNNAMED STREAM","03100202","90610000","STREAM","tbcmp_PD_HA_IntHigh_2080","PD","HA","IntHigh","2080",760.816711246996
"03100202_90610000_UNNAMED_STREAM",1820,120737,"UNNAMED STREAM","03100202","90610000","STREAM","tbcmp_PD_HA_IntHigh_2080","PD","HA","IntHigh","2080",119.339049543188
"03100202_90610000_UNNAMED_STREAM",1900,20853,"UNNAMED STREAM","03100202","90610000","STREAM","tbcmp_PD_HA_IntHigh_2080","PD","HA","IntHigh","2080",20.611554039972
"03100202_90610000_UNNAMED_STREAM",3200,220,"UNNAMED STREAM","03100202","90610000","STREAM","tbcmp_PD_HA_IntHigh_2080","PD","HA","IntHigh","2080",0.21745273528
"03100202_90610000_UNNAMED_STREAM",4100,40248,"UNNAMED STREAM","03100202","90610000","STREAM","tbcmp_PD_HA_IntHigh_2080","PD","HA","IntHigh","2080",39.781989497952
"03100202_90610000_UNNAMED_STREAM",5200,114098,"UNNAMED STREAM","03100202","90610000","STREAM","tbcmp_PD_HA_IntHigh_2080","PD","HA","IntHigh","2080",112.776919045352
"03100202_90610000_UNNAMED_STREAM",6110,56195,"UNNAMED STREAM","03100202","90610000","STREAM","tbcmp_PD_HA_IntHigh_2080","PD","HA","IntHigh","2080",55.54434754118
"03100202_90610000_UNNAMED_STREAM",6120,366,"UNNAMED STREAM","03100202","90610000","STREAM","tbcmp_PD_HA_IntHigh_2080","PD","HA","IntHigh","2080",0.361762277784
"03100202_90610000_UNNAMED_STREAM",6410,75489,"UNNAMED STREAM","03100202","90610000","STREAM","tbcmp_PD_HA_IntHigh_2080","PD","HA","IntHigh","2080",74.614952425236
"03100202_90610000_UNNAMED_STREAM",6420,423,"UNNAMED STREAM","03100202","90610000","STREAM","tbcmp_PD_HA_IntHigh_2080","PD","HA","IntHigh","2080",0.418102304652
"03100202_90610000_UNNAMED_STREAM",6600,4411,"UNNAMED STREAM","03100202","90610000","STREAM","tbcmp_PD_HA_IntHigh_2080","PD","HA","IntHigh","2080",4.359927342364
"03100202_90750000_WILLIAMS_CREEK",1100,185961,"WILLIAMS CREEK","03100202","90750000","STREAM","tbcmp_PD_HA_IntHigh_2080","PD","HA","IntHigh","2080",183.807855024564
"03100202_90750000_WILLIAMS_CREEK",1200,1164129,"WILLIAMS CREEK","03100202","90750000","STREAM","tbcmp_PD_HA_IntHigh_2080","PD","HA","IntHigh","2080",1150.6501603126
"03100202_90750000_WILLIAMS_CREEK",1800,18106,"WILLIAMS CREEK","03100202","90750000","STREAM","tbcmp_PD_HA_IntHigh_2080","PD","HA","IntHigh","2080",17.896360113544
"03100202_90750000_WILLIAMS_CREEK",1820,74553,"WILLIAMS CREEK","03100202","90750000","STREAM","tbcmp_PD_HA_IntHigh_2080","PD","HA","IntHigh","2080",73.689789878772
"03100202_90750000_WILLIAMS_CREEK",1900,66062,"WILLIAMS CREEK","03100202","90750000","STREAM","tbcmp_PD_HA_IntHigh_2080","PD","HA","IntHigh","2080",65.297102718488
"03100202_90750000_WILLIAMS_CREEK",2100,84508,"WILLIAMS CREEK","03100202","90750000","STREAM","tbcmp_PD_HA_IntHigh_2080","PD","HA","IntHigh","2080",83.529526150192
"03100202_90750000_WILLIAMS_CREEK",3200,18885,"WILLIAMS CREEK","03100202","90750000","STREAM","tbcmp_PD_HA_IntHigh_2080","PD","HA","IntHigh","2080",18.66634048074
"03100202_90750000_WILLIAMS_CREEK",4100,157136,"WILLIAMS CREEK","03100202","90750000","STREAM","tbcmp_PD_HA_IntHigh_2080","PD","HA","IntHigh","2080",155.316604595264
"03100202_90750000_WILLIAMS_CREEK",5200,232050,"WILLIAMS CREEK","03100202","90750000","STREAM","tbcmp_PD_HA_IntHigh_2080","PD","HA","IntHigh","2080",229.3632146442
"03100202_90750000_WILLIAMS_CREEK",5400,119,"WILLIAMS CREEK","03100202","90750000","STREAM","tbcmp_PD_HA_IntHigh_2080","PD","HA","IntHigh","2080",0.117622161356
"03100202_90750000_WILLIAMS_CREEK",6110,106977,"WILLIAMS CREEK","03100202","90750000","STREAM","tbcmp_PD_HA_IntHigh_2080","PD","HA","IntHigh","2080",105.738369372948
"03100202_90750000_WILLIAMS_CREEK",6120,208,"WILLIAMS CREEK","03100202","90750000","STREAM","tbcmp_PD_HA_IntHigh_2080","PD","HA","IntHigh","2080",0.205591676992
"03100202_90750000_WILLIAMS_CREEK",6410,186019,"WILLIAMS CREEK","03100202","90750000","STREAM","tbcmp_PD_HA_IntHigh_2080","PD","HA","IntHigh","2080",183.865183472956
"03100202_90750000_WILLIAMS_CREEK",6420,585,"WILLIAMS CREEK","03100202","90750000","STREAM","tbcmp_PD_HA_IntHigh_2080","PD","HA","IntHigh","2080",0.57822659154
"03100202_90750000_WILLIAMS_CREEK",6425,1808,"WILLIAMS CREEK","03100202","90750000","STREAM","tbcmp_PD_HA_IntHigh_2080","PD","HA","IntHigh","2080",1.787066115392
"03100202_90750000_WILLIAMS_CREEK",6510,1302,"WILLIAMS CREEK","03100202","90750000","STREAM","tbcmp_PD_HA_IntHigh_2080","PD","HA","IntHigh","2080",1.286924824248
"03100202_90750000_WILLIAMS_CREEK",6600,1488,"WILLIAMS CREEK","03100202","90750000","STREAM","tbcmp_PD_HA_IntHigh_2080","PD","HA","IntHigh","2080",1.470771227712
"03100202_90750000_WILLIAMS_CREEK",9113,3708,"WILLIAMS CREEK","03100202","90750000","STREAM","tbcmp_PD_HA_IntHigh_2080","PD","HA","IntHigh","2080",3.665067010992
"03100202_90800000_GAP_CREEK",1100,348837,"GAP CREEK","03100202","90800000","STREAM","tbcmp_PD_HA_IntHigh_2080","PD","HA","IntHigh","2080",344.797999167588
"03100202_90800000_GAP_CREEK",1200,3495993,"GAP CREEK","03100202","90800000","STREAM","tbcmp_PD_HA_IntHigh_2080","PD","HA","IntHigh","2080",3455.51472895333
"03100202_90800000_GAP_CREEK",1800,47886,"GAP CREEK","03100202","90800000","STREAM","tbcmp_PD_HA_IntHigh_2080","PD","HA","IntHigh","2080",47.331553098264
"03100202_90800000_GAP_CREEK",1820,42899,"GAP CREEK","03100202","90800000","STREAM","tbcmp_PD_HA_IntHigh_2080","PD","HA","IntHigh","2080",42.402294958076
"03100202_90800000_GAP_CREEK",1900,285967,"GAP CREEK","03100202","90800000","STREAM","tbcmp_PD_HA_IntHigh_2080","PD","HA","IntHigh","2080",282.655937953708
"03100202_90800000_GAP_CREEK",2100,146672,"GAP CREEK","03100202","90800000","STREAM","tbcmp_PD_HA_IntHigh_2080","PD","HA","IntHigh","2080",144.973761768128
"03100202_90800000_GAP_CREEK",2400,13710,"GAP CREEK","03100202","90800000","STREAM","tbcmp_PD_HA_IntHigh_2080","PD","HA","IntHigh","2080",13.55125909404
"03100202_90800000_GAP_CREEK",3200,4964,"GAP CREEK","03100202","90800000","STREAM","tbcmp_PD_HA_IntHigh_2080","PD","HA","IntHigh","2080",4.906524445136
"03100202_90800000_GAP_CREEK",4100,221615,"GAP CREEK","03100202","90800000","STREAM","tbcmp_PD_HA_IntHigh_2080","PD","HA","IntHigh","2080",219.04903604126
"03100202_90800000_GAP_CREEK",4400,48564,"GAP CREEK","03100202","90800000","STREAM","tbcmp_PD_HA_IntHigh_2080","PD","HA","IntHigh","2080",48.001702891536
"03100202_90800000_GAP_CREEK",5200,348552,"GAP CREEK","03100202","90800000","STREAM","tbcmp_PD_HA_IntHigh_2080","PD","HA","IntHigh","2080",344.516299033248
"03100202_90800000_GAP_CREEK",5400,35952,"GAP CREEK","03100202","90800000","STREAM","tbcmp_PD_HA_IntHigh_2080","PD","HA","IntHigh","2080",35.535730630848
"03100202_90800000_GAP_CREEK",6110,179833,"GAP CREEK","03100202","90800000","STREAM","tbcmp_PD_HA_IntHigh_2080","PD","HA","IntHigh","2080",177.750807925492
"03100202_90800000_GAP_CREEK",6120,5260,"GAP CREEK","03100202","90800000","STREAM","tbcmp_PD_HA_IntHigh_2080","PD","HA","IntHigh","2080",5.19909721624
"03100202_90800000_GAP_CREEK",6410,118769,"GAP CREEK","03100202","90800000","STREAM","tbcmp_PD_HA_IntHigh_2080","PD","HA","IntHigh","2080",117.393835983956
"03100202_90800000_GAP_CREEK",6420,3444,"GAP CREEK","03100202","90800000","STREAM","tbcmp_PD_HA_IntHigh_2080","PD","HA","IntHigh","2080",3.404123728656
"03100202_90800000_GAP_CREEK",6425,28280,"GAP CREEK","03100202","90800000","STREAM","tbcmp_PD_HA_IntHigh_2080","PD","HA","IntHigh","2080",27.95256069872
"03100202_90800000_GAP_CREEK",6510,15828,"GAP CREEK","03100202","90800000","STREAM","tbcmp_PD_HA_IntHigh_2080","PD","HA","IntHigh","2080",15.644735881872
"03100202_90800000_GAP_CREEK",6600,3281,"GAP CREEK","03100202","90800000","STREAM","tbcmp_PD_HA_IntHigh_2080","PD","HA","IntHigh","2080",3.243011020244
"03100202_90800000_GAP_CREEK",9113,19650,"GAP CREEK","03100202","90800000","STREAM","tbcmp_PD_HA_IntHigh_2080","PD","HA","IntHigh","2080",19.4224829466
"03100202_90900000_SUGARHOUSE_CREEK",1100,182058,"SUGARHOUSE CREEK","03100202","90900000","STREAM","tbcmp_PD_HA_IntHigh_2080","PD","HA","IntHigh","2080",179.950045816392
"03100202_90900000_SUGARHOUSE_CREEK",1200,2025608,"SUGARHOUSE CREEK","03100202","90900000","STREAM","tbcmp_PD_HA_IntHigh_2080","PD","HA","IntHigh","2080",2002.15454638659
"03100202_90900000_SUGARHOUSE_CREEK",1800,48375,"SUGARHOUSE CREEK","03100202","90900000","STREAM","tbcmp_PD_HA_IntHigh_2080","PD","HA","IntHigh","2080",47.8148912235
"03100202_90900000_SUGARHOUSE_CREEK",1820,49997,"SUGARHOUSE CREEK","03100202","90900000","STREAM","tbcmp_PD_HA_IntHigh_2080","PD","HA","IntHigh","2080",49.418110935428
"03100202_90900000_SUGARHOUSE_CREEK",1900,297508,"SUGARHOUSE CREEK","03100202","90900000","STREAM","tbcmp_PD_HA_IntHigh_2080","PD","HA","IntHigh","2080",294.063310762192
"03100202_90900000_SUGARHOUSE_CREEK",2100,121140,"SUGARHOUSE CREEK","03100202","90900000","STREAM","tbcmp_PD_HA_IntHigh_2080","PD","HA","IntHigh","2080",119.73738341736
"03100202_90900000_SUGARHOUSE_CREEK",2200,38642,"SUGARHOUSE CREEK","03100202","90900000","STREAM","tbcmp_PD_HA_IntHigh_2080","PD","HA","IntHigh","2080",38.194584530408
"03100202_90900000_SUGARHOUSE_CREEK",2400,29228,"SUGARHOUSE CREEK","03100202","90900000","STREAM","tbcmp_PD_HA_IntHigh_2080","PD","HA","IntHigh","2080",28.889584303472
"03100202_90900000_SUGARHOUSE_CREEK",3200,4124,"SUGARHOUSE CREEK","03100202","90900000","STREAM","tbcmp_PD_HA_IntHigh_2080","PD","HA","IntHigh","2080",4.076250364976
"03100202_90900000_SUGARHOUSE_CREEK",4100,102479,"SUGARHOUSE CREEK","03100202","90900000","STREAM","tbcmp_PD_HA_IntHigh_2080","PD","HA","IntHigh","2080",101.292449357996
"03100202_90900000_SUGARHOUSE_CREEK",5200,106856,"SUGARHOUSE CREEK","03100202","90900000","STREAM","tbcmp_PD_HA_IntHigh_2080","PD","HA","IntHigh","2080",105.618770368544
"03100202_90900000_SUGARHOUSE_CREEK",5400,5226,"SUGARHOUSE CREEK","03100202","90900000","STREAM","tbcmp_PD_HA_IntHigh_2080","PD","HA","IntHigh","2080",5.165490884424
"03100202_90900000_SUGARHOUSE_CREEK",6110,101117,"SUGARHOUSE CREEK","03100202","90900000","STREAM","tbcmp_PD_HA_IntHigh_2080","PD","HA","IntHigh","2080",99.946219242308
"03100202_90900000_SUGARHOUSE_CREEK",6120,599,"SUGARHOUSE CREEK","03100202","90900000","STREAM","tbcmp_PD_HA_IntHigh_2080","PD","HA","IntHigh","2080",0.592064492876
"03100202_90900000_SUGARHOUSE_CREEK",6410,24156,"SUGARHOUSE CREEK","03100202","90900000","STREAM","tbcmp_PD_HA_IntHigh_2080","PD","HA","IntHigh","2080",23.876310333744
"03100202_90900000_SUGARHOUSE_CREEK",6420,1634,"SUGARHOUSE CREEK","03100202","90900000","STREAM","tbcmp_PD_HA_IntHigh_2080","PD","HA","IntHigh","2080",1.615080770216
"03100202_90900000_SUGARHOUSE_CREEK",6425,4427,"SUGARHOUSE CREEK","03100202","90900000","STREAM","tbcmp_PD_HA_IntHigh_2080","PD","HA","IntHigh","2080",4.375742086748
"03100202_90900000_SUGARHOUSE_CREEK",6510,1613,"SUGARHOUSE CREEK","03100202","90900000","STREAM","tbcmp_PD_HA_IntHigh_2080","PD","HA","IntHigh","2080",1.594323918212
"03100202_90900000_SUGARHOUSE_CREEK",6600,4615,"SUGARHOUSE CREEK","03100202","90900000","STREAM","tbcmp_PD_HA_IntHigh_2080","PD","HA","IntHigh","2080",4.56156533326
"03100202_90900000_SUGARHOUSE_CREEK",9113,4619,"SUGARHOUSE CREEK","03100202","90900000","STREAM","tbcmp_PD_HA_IntHigh_2080","PD","HA","IntHigh","2080",4.565519019356
"03100202_90980000_BRADEN_RIVER_AB_WARD_L",1100,3003833,"BRADEN RIVER AB WARD L","03100202","90980000","STREAM","tbcmp_PD_HA_IntHigh_2080","PD","HA","IntHigh","2080",2969.05319170149
"03100202_90980000_BRADEN_RIVER_AB_WARD_L",1200,6225488,"BRADEN RIVER AB WARD L","03100202","90980000","STREAM","tbcmp_PD_HA_IntHigh_2080","PD","HA","IntHigh","2080",6153.40633660371
"03100202_90980000_BRADEN_RIVER_AB_WARD_L",1800,446988,"BRADEN RIVER AB WARD L","03100202","90980000","STREAM","tbcmp_PD_HA_IntHigh_2080","PD","HA","IntHigh","2080",441.812560169712
"03100202_90980000_BRADEN_RIVER_AB_WARD_L",1820,950970,"BRADEN RIVER AB WARD L","03100202","90980000","STREAM","tbcmp_PD_HA_IntHigh_2080","PD","HA","IntHigh","2080",939.95921667828
"03100202_90980000_BRADEN_RIVER_AB_WARD_L",1900,799268,"BRADEN RIVER AB WARD L","03100202","90980000","STREAM","tbcmp_PD_HA_IntHigh_2080","PD","HA","IntHigh","2080",790.013694644432
"03100202_90980000_BRADEN_RIVER_AB_WARD_L",2100,900632,"BRADEN RIVER AB WARD L","03100202","90980000","STREAM","tbcmp_PD_HA_IntHigh_2080","PD","HA","IntHigh","2080",890.204054003168
"03100202_90980000_BRADEN_RIVER_AB_WARD_L",2400,37590,"BRADEN RIVER AB WARD L","03100202","90980000","STREAM","tbcmp_PD_HA_IntHigh_2080","PD","HA","IntHigh","2080",37.15476508716
"03100202_90980000_BRADEN_RIVER_AB_WARD_L",3200,281294,"BRADEN RIVER AB WARD L","03100202","90980000","STREAM","tbcmp_PD_HA_IntHigh_2080","PD","HA","IntHigh","2080",278.037044172056
"03100202_90980000_BRADEN_RIVER_AB_WARD_L",4100,1421753,"BRADEN RIVER AB WARD L","03100202","90980000","STREAM","tbcmp_PD_HA_IntHigh_2080","PD","HA","IntHigh","2080",1405.29126701157
"03100202_90980000_BRADEN_RIVER_AB_WARD_L",4400,9958,"BRADEN RIVER AB WARD L","03100202","90980000","STREAM","tbcmp_PD_HA_IntHigh_2080","PD","HA","IntHigh","2080",9.842701535992
"03100202_90980000_BRADEN_RIVER_AB_WARD_L",5200,1285798,"BRADEN RIVER AB WARD L","03100202","90980000","STREAM","tbcmp_PD_HA_IntHigh_2080","PD","HA","IntHigh","2080",1270.91041871615
"03100202_90980000_BRADEN_RIVER_AB_WARD_L",5400,965285,"BRADEN RIVER AB WARD L","03100202","90980000","STREAM","tbcmp_PD_HA_IntHigh_2080","PD","HA","IntHigh","2080",954.10847079434
"03100202_90980000_BRADEN_RIVER_AB_WARD_L",6110,889207,"BRADEN RIVER AB WARD L","03100202","90980000","STREAM","tbcmp_PD_HA_IntHigh_2080","PD","HA","IntHigh","2080",878.911338091468
"03100202_90980000_BRADEN_RIVER_AB_WARD_L",6120,53765,"BRADEN RIVER AB WARD L","03100202","90980000","STREAM","tbcmp_PD_HA_IntHigh_2080","PD","HA","IntHigh","2080",53.14248323786
"03100202_90980000_BRADEN_RIVER_AB_WARD_L",6410,634337,"BRADEN RIVER AB WARD L","03100202","90980000","STREAM","tbcmp_PD_HA_IntHigh_2080","PD","HA","IntHigh","2080",626.992344269588
"03100202_90980000_BRADEN_RIVER_AB_WARD_L",6420,43926,"BRADEN RIVER AB WARD L","03100202","90980000","STREAM","tbcmp_PD_HA_IntHigh_2080","PD","HA","IntHigh","2080",43.417403863224
"03100202_90980000_BRADEN_RIVER_AB_WARD_L",6425,133532,"BRADEN RIVER AB WARD L","03100202","90980000","STREAM","tbcmp_PD_HA_IntHigh_2080","PD","HA","IntHigh","2080",131.985902942768
"03100202_90980000_BRADEN_RIVER_AB_WARD_L",6510,131942,"BRADEN RIVER AB WARD L","03100202","90980000","STREAM","tbcmp_PD_HA_IntHigh_2080","PD","HA","IntHigh","2080",130.414312719608
"03100202_90980000_BRADEN_RIVER_AB_WARD_L",6600,69655,"BRADEN RIVER AB WARD L","03100202","90980000","STREAM","tbcmp_PD_HA_IntHigh_2080","PD","HA","IntHigh","2080",68.84850125422
"03100202_90980000_BRADEN_RIVER_AB_WARD_L",9113,502068,"BRADEN RIVER AB WARD L","03100202","90980000","STREAM","tbcmp_PD_HA_IntHigh_2080","PD","HA","IntHigh","2080",496.254817711632
"03100202_98000000_MANATEE_RIVER_AB_DAM",1100,912864,"MANATEE RIVER AB DAM","03100202","98000000","STREAM","tbcmp_PD_HA_IntHigh_2080","PD","HA","IntHigh","2080",902.294426084736
"03100202_98000000_MANATEE_RIVER_AB_DAM",1200,676810,"MANATEE RIVER AB DAM","03100202","98000000","STREAM","tbcmp_PD_HA_IntHigh_2080","PD","HA","IntHigh","2080",668.97357165844
"03100202_98000000_MANATEE_RIVER_AB_DAM",1800,110300,"MANATEE RIVER AB DAM","03100202","98000000","STREAM","tbcmp_PD_HA_IntHigh_2080","PD","HA","IntHigh","2080",109.0228940972
"03100202_98000000_MANATEE_RIVER_AB_DAM",1900,664038,"MANATEE RIVER AB DAM","03100202","98000000","STREAM","tbcmp_PD_HA_IntHigh_2080","PD","HA","IntHigh","2080",656.349451953912
"03100202_98000000_MANATEE_RIVER_AB_DAM",2100,4764605,"MANATEE RIVER AB DAM","03100202","98000000","STREAM","tbcmp_PD_HA_IntHigh_2080","PD","HA","IntHigh","2080",4709.43813535802
"03100202_98000000_MANATEE_RIVER_AB_DAM",2200,865249,"MANATEE RIVER AB DAM","03100202","98000000","STREAM","tbcmp_PD_HA_IntHigh_2080","PD","HA","IntHigh","2080",855.230735219476
"03100202_98000000_MANATEE_RIVER_AB_DAM",3200,5768204,"MANATEE RIVER AB DAM","03100202","98000000","STREAM","tbcmp_PD_HA_IntHigh_2080","PD","HA","IntHigh","2080",5701.41698842289
"03100202_98000000_MANATEE_RIVER_AB_DAM",4100,3110905,"MANATEE RIVER AB DAM","03100202","98000000","STREAM","tbcmp_PD_HA_IntHigh_2080","PD","HA","IntHigh","2080",3074.88546111922
"03100202_98000000_MANATEE_RIVER_AB_DAM",4400,870429,"MANATEE RIVER AB DAM","03100202","98000000","STREAM","tbcmp_PD_HA_IntHigh_2080","PD","HA","IntHigh","2080",860.350758713796
"03100202_98000000_MANATEE_RIVER_AB_DAM",5200,1372636,"MANATEE RIVER AB DAM","03100202","98000000","STREAM","tbcmp_PD_HA_IntHigh_2080","PD","HA","IntHigh","2080",1356.74296701726
"03100202_98000000_MANATEE_RIVER_AB_DAM",6110,1723768,"MANATEE RIVER AB DAM","03100202","98000000","STREAM","tbcmp_PD_HA_IntHigh_2080","PD","HA","IntHigh","2080",1703.80939358243
"03100202_98000000_MANATEE_RIVER_AB_DAM",6410,1391843,"MANATEE RIVER AB DAM","03100202","98000000","STREAM","tbcmp_PD_HA_IntHigh_2080","PD","HA","IntHigh","2080",1375.72757922873
"03100202_99000000_MANATEE_RIVER_BL_DAM",0,49,"MANATEE RIVER BL DAM","03100202","99000000","STREAM","tbcmp_PD_HA_IntHigh_2080","PD","HA","IntHigh","2080",0.048432654676
"03100202_99000000_MANATEE_RIVER_BL_DAM",1100,1731990,"MANATEE RIVER BL DAM","03100202","99000000","STREAM","tbcmp_PD_HA_IntHigh_2080","PD","HA","IntHigh","2080",1711.93619535276
"03100202_99000000_MANATEE_RIVER_BL_DAM",1200,17095012,"MANATEE RIVER BL DAM","03100202","99000000","STREAM","tbcmp_PD_HA_IntHigh_2080","PD","HA","IntHigh","2080",16897.0778138383
"03100202_99000000_MANATEE_RIVER_BL_DAM",1800,344109,"MANATEE RIVER BL DAM","03100202","99000000","STREAM","tbcmp_PD_HA_IntHigh_2080","PD","HA","IntHigh","2080",340.124742202116
"03100202_99000000_MANATEE_RIVER_BL_DAM",1820,755833,"MANATEE RIVER BL DAM","03100202","99000000","STREAM","tbcmp_PD_HA_IntHigh_2080","PD","HA","IntHigh","2080",747.081605749492
"03100202_99000000_MANATEE_RIVER_BL_DAM",1900,1333237,"MANATEE RIVER BL DAM","03100202","99000000","STREAM","tbcmp_PD_HA_IntHigh_2080","PD","HA","IntHigh","2080",1317.80014739319
"03100202_99000000_MANATEE_RIVER_BL_DAM",2100,1350267,"MANATEE RIVER BL DAM","03100202","99000000","STREAM","tbcmp_PD_HA_IntHigh_2080","PD","HA","IntHigh","2080",1334.63296594691
"03100202_99000000_MANATEE_RIVER_BL_DAM",2200,33846,"MANATEE RIVER BL DAM","03100202","99000000","STREAM","tbcmp_PD_HA_IntHigh_2080","PD","HA","IntHigh","2080",33.454114901304
"03100202_99000000_MANATEE_RIVER_BL_DAM",2400,88949,"MANATEE RIVER BL DAM","03100202","99000000","STREAM","tbcmp_PD_HA_IntHigh_2080","PD","HA","IntHigh","2080",87.919106138276
"03100202_99000000_MANATEE_RIVER_BL_DAM",3200,218692,"MANATEE RIVER BL DAM","03100202","99000000","STREAM","tbcmp_PD_HA_IntHigh_2080","PD","HA","IntHigh","2080",216.159879926608
"03100202_99000000_MANATEE_RIVER_BL_DAM",4100,1346131,"MANATEE RIVER BL DAM","03100202","99000000","STREAM","tbcmp_PD_HA_IntHigh_2080","PD","HA","IntHigh","2080",1330.54485452364
"03100202_99000000_MANATEE_RIVER_BL_DAM",5200,1095170,"MANATEE RIVER BL DAM","03100202","99000000","STREAM","tbcmp_PD_HA_IntHigh_2080","PD","HA","IntHigh","2080",1082.48960043908
"03100202_99000000_MANATEE_RIVER_BL_DAM",5400,7064422,"MANATEE RIVER BL DAM","03100202","99000000","STREAM","tbcmp_PD_HA_IntHigh_2080","PD","HA","IntHigh","2080",6982.62675941913
"03100202_99000000_MANATEE_RIVER_BL_DAM",6110,1525848,"MANATEE RIVER BL DAM","03100202","99000000","STREAM","tbcmp_PD_HA_IntHigh_2080","PD","HA","IntHigh","2080",1508.18100555235
"03100202_99000000_MANATEE_RIVER_BL_DAM",6120,48754,"MANATEE RIVER BL DAM","03100202","99000000","STREAM","tbcmp_PD_HA_IntHigh_2080","PD","HA","IntHigh","2080",48.189502981096
"03100202_99000000_MANATEE_RIVER_BL_DAM",6410,622927,"MANATEE RIVER BL DAM","03100202","99000000","STREAM","tbcmp_PD_HA_IntHigh_2080","PD","HA","IntHigh","2080",615.714454680748
"03100202_99000000_MANATEE_RIVER_BL_DAM",6420,72992,"MANATEE RIVER BL DAM","03100202","99000000","STREAM","tbcmp_PD_HA_IntHigh_2080","PD","HA","IntHigh","2080",72.146863879808
"03100202_99000000_MANATEE_RIVER_BL_DAM",6425,340090,"MANATEE RIVER BL DAM","03100202","99000000","STREAM","tbcmp_PD_HA_IntHigh_2080","PD","HA","IntHigh","2080",336.15227609716
"03100202_99000000_MANATEE_RIVER_BL_DAM",6510,403771,"MANATEE RIVER BL DAM","03100202","99000000","STREAM","tbcmp_PD_HA_IntHigh_2080","PD","HA","IntHigh","2080",399.095947167004
"03100202_99000000_MANATEE_RIVER_BL_DAM",6600,143210,"MANATEE RIVER BL DAM","03100202","99000000","STREAM","tbcmp_PD_HA_IntHigh_2080","PD","HA","IntHigh","2080",141.55184645204
"03100202_99000000_MANATEE_RIVER_BL_DAM",9113,1515001,"MANATEE RIVER BL DAM","03100202","99000000","STREAM","tbcmp_PD_HA_IntHigh_2080","PD","HA","IntHigh","2080",1497.45959728152
"03100203_12000000_MINED_AREA",1200,1484122,"MINED AREA","03100203","12000000","NONCON","tbcmp_PD_HA_IntHigh_2080","PD","HA","IntHigh","2080",1466.93812904193
"03100203_12000000_MINED_AREA",1900,24010,"MINED AREA","03100203","12000000","NONCON","tbcmp_PD_HA_IntHigh_2080","PD","HA","IntHigh","2080",23.73200079124
"03100203_12000000_MINED_AREA",3200,3495,"MINED AREA","03100203","12000000","NONCON","tbcmp_PD_HA_IntHigh_2080","PD","HA","IntHigh","2080",3.45453322638
"03100203_12000000_MINED_AREA",4100,11042,"MINED AREA","03100203","12000000","NONCON","tbcmp_PD_HA_IntHigh_2080","PD","HA","IntHigh","2080",10.914150468008
"03100203_12000000_MINED_AREA",4400,22678,"MINED AREA","03100203","12000000","NONCON","tbcmp_PD_HA_IntHigh_2080","PD","HA","IntHigh","2080",22.415423321272
"03100203_12000000_MINED_AREA",6110,1134,"MINED AREA","03100203","12000000","NONCON","tbcmp_PD_HA_IntHigh_2080","PD","HA","IntHigh","2080",1.120870008216
"03100203_12000000_MINED_AREA",6410,63644,"MINED AREA","03100203","12000000","NONCON","tbcmp_PD_HA_IntHigh_2080","PD","HA","IntHigh","2080",62.907099473456
"03100203_12990000_ALDERMANN_CREEK",1200,2548486,"ALDERMANN CREEK","03100203","12990000","STREAM","tbcmp_PD_HA_IntHigh_2080","PD","HA","IntHigh","2080",2518.97841601266
"03100203_12990000_ALDERMANN_CREEK",1900,1686484,"ALDERMANN CREEK","03100203","12990000","STREAM","tbcmp_PD_HA_IntHigh_2080","PD","HA","IntHigh","2080",1666.95708548162
"03100203_12990000_ALDERMANN_CREEK",2100,553468,"ALDERMANN CREEK","03100203","12990000","STREAM","tbcmp_PD_HA_IntHigh_2080","PD","HA","IntHigh","2080",547.059684045232
"03100203_12990000_ALDERMANN_CREEK",2200,98476,"ALDERMANN CREEK","03100203","12990000","STREAM","tbcmp_PD_HA_IntHigh_2080","PD","HA","IntHigh","2080",97.335797997424
"03100203_12990000_ALDERMANN_CREEK",3200,64405,"ALDERMANN CREEK","03100203","12990000","STREAM","tbcmp_PD_HA_IntHigh_2080","PD","HA","IntHigh","2080",63.65928825322
"03100203_12990000_ALDERMANN_CREEK",4100,36648,"ALDERMANN CREEK","03100203","12990000","STREAM","tbcmp_PD_HA_IntHigh_2080","PD","HA","IntHigh","2080",36.223672011552
"03100203_12990000_ALDERMANN_CREEK",4400,134999,"ALDERMANN CREEK","03100203","12990000","STREAM","tbcmp_PD_HA_IntHigh_2080","PD","HA","IntHigh","2080",133.435917318476
"03100203_12990000_ALDERMANN_CREEK",5200,4922,"ALDERMANN CREEK","03100203","12990000","STREAM","tbcmp_PD_HA_IntHigh_2080","PD","HA","IntHigh","2080",4.865010741128
"03100203_12990000_ALDERMANN_CREEK",6110,361918,"ALDERMANN CREEK","03100203","12990000","STREAM","tbcmp_PD_HA_IntHigh_2080","PD","HA","IntHigh","2080",357.727541123032
"03100203_12990000_ALDERMANN_CREEK",6410,367047,"ALDERMANN CREEK","03100203","12990000","STREAM","tbcmp_PD_HA_IntHigh_2080","PD","HA","IntHigh","2080",362.797155119628
"03100203_30000000_HOWARD_PRAIRIE_BRANCH",1200,1337495,"HOWARD PRAIRIE BRANCH","03100203","30000000","STREAM","tbcmp_PD_HA_IntHigh_2080","PD","HA","IntHigh","2080",1322.00884624238
"03100203_30000000_HOWARD_PRAIRIE_BRANCH",1900,128544,"HOWARD PRAIRIE BRANCH","03100203","30000000","STREAM","tbcmp_PD_HA_IntHigh_2080","PD","HA","IntHigh","2080",127.055656381056
"03100203_30000000_HOWARD_PRAIRIE_BRANCH",2100,47123,"HOWARD PRAIRIE BRANCH","03100203","30000000","STREAM","tbcmp_PD_HA_IntHigh_2080","PD","HA","IntHigh","2080",46.577387475452
"03100203_30000000_HOWARD_PRAIRIE_BRANCH",3200,181719,"HOWARD PRAIRIE BRANCH","03100203","30000000","STREAM","tbcmp_PD_HA_IntHigh_2080","PD","HA","IntHigh","2080",179.614970919756
"03100203_30000000_HOWARD_PRAIRIE_BRANCH",4100,986,"HOWARD PRAIRIE BRANCH","03100203","30000000","STREAM","tbcmp_PD_HA_IntHigh_2080","PD","HA","IntHigh","2080",0.974583622664
"03100203_30000000_HOWARD_PRAIRIE_BRANCH",5200,216,"HOWARD PRAIRIE BRANCH","03100203","30000000","STREAM","tbcmp_PD_HA_IntHigh_2080","PD","HA","IntHigh","2080",0.213499049184
"03100203_30000000_HOWARD_PRAIRIE_BRANCH",6110,107554,"HOWARD PRAIRIE BRANCH","03100203","30000000","STREAM","tbcmp_PD_HA_IntHigh_2080","PD","HA","IntHigh","2080",106.308688592296
"03100203_30000000_HOWARD_PRAIRIE_BRANCH",6410,200614,"HOWARD PRAIRIE BRANCH","03100203","30000000","STREAM","tbcmp_PD_HA_IntHigh_2080","PD","HA","IntHigh","2080",198.291195615736
"03100203_30900000_UNNAMED_DRAIN",1100,286429,"UNNAMED DRAIN","03100203","30900000","DRAIN","tbcmp_PD_HA_IntHigh_2080","PD","HA","IntHigh","2080",283.112588697796
"03100203_30900000_UNNAMED_DRAIN",1200,6169387,"UNNAMED DRAIN","03100203","30900000","DRAIN","tbcmp_PD_HA_IntHigh_2080","PD","HA","IntHigh","2080",6097.95490068579
"03100203_30900000_UNNAMED_DRAIN",1900,80142,"UNNAMED DRAIN","03100203","30900000","DRAIN","tbcmp_PD_HA_IntHigh_2080","PD","HA","IntHigh","2080",79.214077776408
"03100203_30900000_UNNAMED_DRAIN",2100,1116383,"UNNAMED DRAIN","03100203","30900000","DRAIN","tbcmp_PD_HA_IntHigh_2080","PD","HA","IntHigh","2080",1103.45698622769
"03100203_30900000_UNNAMED_DRAIN",2200,37,"UNNAMED DRAIN","03100203","30900000","DRAIN","tbcmp_PD_HA_IntHigh_2080","PD","HA","IntHigh","2080",0.036571596388
"03100203_30900000_UNNAMED_DRAIN",2400,3122,"UNNAMED DRAIN","03100203","30900000","DRAIN","tbcmp_PD_HA_IntHigh_2080","PD","HA","IntHigh","2080",3.085851997928
"03100203_30900000_UNNAMED_DRAIN",3200,148586,"UNNAMED DRAIN","03100203","30900000","DRAIN","tbcmp_PD_HA_IntHigh_2080","PD","HA","IntHigh","2080",146.865600565064
"03100203_30900000_UNNAMED_DRAIN",4100,101656,"UNNAMED DRAIN","03100203","30900000","DRAIN","tbcmp_PD_HA_IntHigh_2080","PD","HA","IntHigh","2080",100.478978443744
"03100203_30900000_UNNAMED_DRAIN",4400,5778,"UNNAMED DRAIN","03100203","30900000","DRAIN","tbcmp_PD_HA_IntHigh_2080","PD","HA","IntHigh","2080",5.711099565672
"03100203_30900000_UNNAMED_DRAIN",5200,6774,"UNNAMED DRAIN","03100203","30900000","DRAIN","tbcmp_PD_HA_IntHigh_2080","PD","HA","IntHigh","2080",6.695567403576
"03100203_30900000_UNNAMED_DRAIN",6110,559815,"UNNAMED DRAIN","03100203","30900000","DRAIN","tbcmp_PD_HA_IntHigh_2080","PD","HA","IntHigh","2080",553.33319545806
"03100203_30900000_UNNAMED_DRAIN",6410,162016,"UNNAMED DRAIN","03100203","30900000","DRAIN","tbcmp_PD_HA_IntHigh_2080","PD","HA","IntHigh","2080",160.140101632384
"03100203_30990000_HOWARD_PRAIRIE_BRANCH",1200,173820,"HOWARD PRAIRIE BRANCH","03100203","30990000","STREAM","tbcmp_PD_HA_IntHigh_2080","PD","HA","IntHigh","2080",171.80742930168
"03100203_30990000_HOWARD_PRAIRIE_BRANCH",1900,339044,"HOWARD PRAIRIE BRANCH","03100203","30990000","STREAM","tbcmp_PD_HA_IntHigh_2080","PD","HA","IntHigh","2080",335.118387183056
"03100203_30990000_HOWARD_PRAIRIE_BRANCH",2100,168404,"HOWARD PRAIRIE BRANCH","03100203","30990000","STREAM","tbcmp_PD_HA_IntHigh_2080","PD","HA","IntHigh","2080",166.454138327696
"03100203_30990000_HOWARD_PRAIRIE_BRANCH",2200,1163,"HOWARD PRAIRIE BRANCH","03100203","30990000","STREAM","tbcmp_PD_HA_IntHigh_2080","PD","HA","IntHigh","2080",1.149534232412
"03100203_30990000_HOWARD_PRAIRIE_BRANCH",3200,62943,"HOWARD PRAIRIE BRANCH","03100203","30990000","STREAM","tbcmp_PD_HA_IntHigh_2080","PD","HA","IntHigh","2080",62.214215985132
"03100203_30990000_HOWARD_PRAIRIE_BRANCH",4100,37406,"HOWARD PRAIRIE BRANCH","03100203","30990000","STREAM","tbcmp_PD_HA_IntHigh_2080","PD","HA","IntHigh","2080",36.972895526744
"03100203_30990000_HOWARD_PRAIRIE_BRANCH",4400,45733,"HOWARD PRAIRIE BRANCH","03100203","30990000","STREAM","tbcmp_PD_HA_IntHigh_2080","PD","HA","IntHigh","2080",45.203481557092
"03100203_30990000_HOWARD_PRAIRIE_BRANCH",5200,931,"HOWARD PRAIRIE BRANCH","03100203","30990000","STREAM","tbcmp_PD_HA_IntHigh_2080","PD","HA","IntHigh","2080",0.920220438844
"03100203_30990000_HOWARD_PRAIRIE_BRANCH",6110,154426,"HOWARD PRAIRIE BRANCH","03100203","30990000","STREAM","tbcmp_PD_HA_IntHigh_2080","PD","HA","IntHigh","2080",152.637982265224
"03100203_30990000_HOWARD_PRAIRIE_BRANCH",6410,61340,"HOWARD PRAIRIE BRANCH","03100203","30990000","STREAM","tbcmp_PD_HA_IntHigh_2080","PD","HA","IntHigh","2080",60.62977628216
"03100203_35000000_PIERCE_BRANCH",1100,501438,"PIERCE BRANCH","03100203","35000000","STREAM","tbcmp_PD_HA_IntHigh_2080","PD","HA","IntHigh","2080",495.632112151512
"03100203_35000000_PIERCE_BRANCH",1200,1246257,"PIERCE BRANCH","03100203","35000000","STREAM","tbcmp_PD_HA_IntHigh_2080","PD","HA","IntHigh","2080",1231.82724323567
"03100203_35000000_PIERCE_BRANCH",1800,4517,"PIERCE BRANCH","03100203","35000000","STREAM","tbcmp_PD_HA_IntHigh_2080","PD","HA","IntHigh","2080",4.464700023908
"03100203_35000000_PIERCE_BRANCH",1900,153716,"PIERCE BRANCH","03100203","35000000","STREAM","tbcmp_PD_HA_IntHigh_2080","PD","HA","IntHigh","2080",151.936202983184
"03100203_35000000_PIERCE_BRANCH",2100,1423598,"PIERCE BRANCH","03100203","35000000","STREAM","tbcmp_PD_HA_IntHigh_2080","PD","HA","IntHigh","2080",1407.11490472335
"03100203_35000000_PIERCE_BRANCH",2200,132504,"PIERCE BRANCH","03100203","35000000","STREAM","tbcmp_PD_HA_IntHigh_2080","PD","HA","IntHigh","2080",130.969805616096
"03100203_35000000_PIERCE_BRANCH",2400,107237,"PIERCE BRANCH","03100203","35000000","STREAM","tbcmp_PD_HA_IntHigh_2080","PD","HA","IntHigh","2080",105.995358969188
"03100203_35000000_PIERCE_BRANCH",3200,106349,"PIERCE BRANCH","03100203","35000000","STREAM","tbcmp_PD_HA_IntHigh_2080","PD","HA","IntHigh","2080",105.117640655876
"03100203_35000000_PIERCE_BRANCH",4100,147495,"PIERCE BRANCH","03100203","35000000","STREAM","tbcmp_PD_HA_IntHigh_2080","PD","HA","IntHigh","2080",145.78723268238
"03100203_35000000_PIERCE_BRANCH",5200,34540,"PIERCE BRANCH","03100203","35000000","STREAM","tbcmp_PD_HA_IntHigh_2080","PD","HA","IntHigh","2080",34.14007943896
"03100203_35000000_PIERCE_BRANCH",6110,422003,"PIERCE BRANCH","03100203","35000000","STREAM","tbcmp_PD_HA_IntHigh_2080","PD","HA","IntHigh","2080",417.116848392572
"03100203_35000000_PIERCE_BRANCH",6410,69716,"PIERCE BRANCH","03100203","35000000","STREAM","tbcmp_PD_HA_IntHigh_2080","PD","HA","IntHigh","2080",68.908794967184
"03100203_40000000_CARLTON_BRANCH",1100,942932,"CARLTON BRANCH","03100203","40000000","STREAM","tbcmp_PD_HA_IntHigh_2080","PD","HA","IntHigh","2080",932.014284468368
"03100203_40000000_CARLTON_BRANCH",1200,768783,"CARLTON BRANCH","03100203","40000000","STREAM","tbcmp_PD_HA_IntHigh_2080","PD","HA","IntHigh","2080",759.881664485292
"03100203_40000000_CARLTON_BRANCH",1800,1019,"CARLTON BRANCH","03100203","40000000","STREAM","tbcmp_PD_HA_IntHigh_2080","PD","HA","IntHigh","2080",1.007201532956
"03100203_40000000_CARLTON_BRANCH",1900,591220,"CARLTON BRANCH","03100203","40000000","STREAM","tbcmp_PD_HA_IntHigh_2080","PD","HA","IntHigh","2080",584.37457341928
"03100203_40000000_CARLTON_BRANCH",2100,2729696,"CARLTON BRANCH","03100203","40000000","STREAM","tbcmp_PD_HA_IntHigh_2080","PD","HA","IntHigh","2080",2698.0902803767
"03100203_40000000_CARLTON_BRANCH",2200,228962,"CARLTON BRANCH","03100203","40000000","STREAM","tbcmp_PD_HA_IntHigh_2080","PD","HA","IntHigh","2080",226.310968978088
"03100203_40000000_CARLTON_BRANCH",2400,162786,"CARLTON BRANCH","03100203","40000000","STREAM","tbcmp_PD_HA_IntHigh_2080","PD","HA","IntHigh","2080",160.901186205864
"03100203_40000000_CARLTON_BRANCH",3200,1965,"CARLTON BRANCH","03100203","40000000","STREAM","tbcmp_PD_HA_IntHigh_2080","PD","HA","IntHigh","2080",1.94224829466
"03100203_40000000_CARLTON_BRANCH",4100,95122,"CARLTON BRANCH","03100203","40000000","STREAM","tbcmp_PD_HA_IntHigh_2080","PD","HA","IntHigh","2080",94.020632205928
"03100203_40000000_CARLTON_BRANCH",5200,226221,"CARLTON BRANCH","03100203","40000000","STREAM","tbcmp_PD_HA_IntHigh_2080","PD","HA","IntHigh","2080",223.601705580804
"03100203_40000000_CARLTON_BRANCH",6110,592673,"CARLTON BRANCH","03100203","40000000","STREAM","tbcmp_PD_HA_IntHigh_2080","PD","HA","IntHigh","2080",585.810749893652
"03100203_40000000_CARLTON_BRANCH",6410,98822,"CARLTON BRANCH","03100203","40000000","STREAM","tbcmp_PD_HA_IntHigh_2080","PD","HA","IntHigh","2080",97.677791844728
"03100203_42000000_UNNAMED_STREAM",1100,46255,"UNNAMED STREAM","03100203","42000000","STREAM","tbcmp_PD_HA_IntHigh_2080","PD","HA","IntHigh","2080",45.71943759262
"03100203_42000000_UNNAMED_STREAM",1900,126077,"UNNAMED STREAM","03100203","42000000","STREAM","tbcmp_PD_HA_IntHigh_2080","PD","HA","IntHigh","2080",124.617220481348
"03100203_42000000_UNNAMED_STREAM",2100,2209276,"UNNAMED STREAM","03100203","42000000","STREAM","tbcmp_PD_HA_IntHigh_2080","PD","HA","IntHigh","2080",2183.69595085662
"03100203_42000000_UNNAMED_STREAM",3200,217834,"UNNAMED STREAM","03100203","42000000","STREAM","tbcmp_PD_HA_IntHigh_2080","PD","HA","IntHigh","2080",215.311814259016
"03100203_42000000_UNNAMED_STREAM",4100,128925,"UNNAMED STREAM","03100203","42000000","STREAM","tbcmp_PD_HA_IntHigh_2080","PD","HA","IntHigh","2080",127.4322449817
"03100203_42000000_UNNAMED_STREAM",4400,5454,"UNNAMED STREAM","03100203","42000000","STREAM","tbcmp_PD_HA_IntHigh_2080","PD","HA","IntHigh","2080",5.390850991896
"03100203_42000000_UNNAMED_STREAM",5200,6544,"UNNAMED STREAM","03100203","42000000","STREAM","tbcmp_PD_HA_IntHigh_2080","PD","HA","IntHigh","2080",6.468230453056
"03100203_42000000_UNNAMED_STREAM",6110,284521,"UNNAMED STREAM","03100203","42000000","STREAM","tbcmp_PD_HA_IntHigh_2080","PD","HA","IntHigh","2080",281.226680430004
"03100203_42000000_UNNAMED_STREAM",6410,66838,"UNNAMED STREAM","03100203","42000000","STREAM","tbcmp_PD_HA_IntHigh_2080","PD","HA","IntHigh","2080",66.064117821112
"03100203_44000000_GULLY_BRANCH",1200,31741,"GULLY BRANCH","03100203","44000000","STREAM","tbcmp_PD_HA_IntHigh_2080","PD","HA","IntHigh","2080",31.373487593284
"03100203_44000000_GULLY_BRANCH",1900,233890,"GULLY BRANCH","03100203","44000000","STREAM","tbcmp_PD_HA_IntHigh_2080","PD","HA","IntHigh","2080",231.18191024836
"03100203_44000000_GULLY_BRANCH",2100,488193,"GULLY BRANCH","03100203","44000000","STREAM","tbcmp_PD_HA_IntHigh_2080","PD","HA","IntHigh","2080",482.540469066132
"03100203_44000000_GULLY_BRANCH",3200,336752,"GULLY BRANCH","03100203","44000000","STREAM","tbcmp_PD_HA_IntHigh_2080","PD","HA","IntHigh","2080",332.852925050048
"03100203_44000000_GULLY_BRANCH",4100,89951,"GULLY BRANCH","03100203","44000000","STREAM","tbcmp_PD_HA_IntHigh_2080","PD","HA","IntHigh","2080",88.909504505324
"03100203_44000000_GULLY_BRANCH",5200,1718,"GULLY BRANCH","03100203","44000000","STREAM","tbcmp_PD_HA_IntHigh_2080","PD","HA","IntHigh","2080",1.698108178232
"03100203_44000000_GULLY_BRANCH",6110,93004,"GULLY BRANCH","03100203","44000000","STREAM","tbcmp_PD_HA_IntHigh_2080","PD","HA","IntHigh","2080",91.927155418096
"03100203_44000000_GULLY_BRANCH",6410,36768,"GULLY BRANCH","03100203","44000000","STREAM","tbcmp_PD_HA_IntHigh_2080","PD","HA","IntHigh","2080",36.342282594432
"03100203_46990000_LAKE_WIMAUMA_DRAIN",1100,244772,"LAKE WIMAUMA DRAIN","03100203","46990000","OUTLET","tbcmp_PD_HA_IntHigh_2080","PD","HA","IntHigh","2080",241.937913272528
"03100203_46990000_LAKE_WIMAUMA_DRAIN",1200,95299,"LAKE WIMAUMA DRAIN","03100203","46990000","OUTLET","tbcmp_PD_HA_IntHigh_2080","PD","HA","IntHigh","2080",94.195582815676
"03100203_46990000_LAKE_WIMAUMA_DRAIN",1800,20996,"LAKE WIMAUMA DRAIN","03100203","46990000","OUTLET","tbcmp_PD_HA_IntHigh_2080","PD","HA","IntHigh","2080",20.752898317904
"03100203_46990000_LAKE_WIMAUMA_DRAIN",1820,15811,"LAKE WIMAUMA DRAIN","03100203","46990000","OUTLET","tbcmp_PD_HA_IntHigh_2080","PD","HA","IntHigh","2080",15.627932715964
"03100203_46990000_LAKE_WIMAUMA_DRAIN",1900,180510,"LAKE WIMAUMA DRAIN","03100203","46990000","OUTLET","tbcmp_PD_HA_IntHigh_2080","PD","HA","IntHigh","2080",178.41996929724
"03100203_46990000_LAKE_WIMAUMA_DRAIN",2100,711175,"LAKE WIMAUMA DRAIN","03100203","46990000","OUTLET","tbcmp_PD_HA_IntHigh_2080","PD","HA","IntHigh","2080",702.9406773307
"03100203_46990000_LAKE_WIMAUMA_DRAIN",2400,51778,"LAKE WIMAUMA DRAIN","03100203","46990000","OUTLET","tbcmp_PD_HA_IntHigh_2080","PD","HA","IntHigh","2080",51.178489669672
"03100203_46990000_LAKE_WIMAUMA_DRAIN",3200,321484,"LAKE WIMAUMA DRAIN","03100203","46990000","OUTLET","tbcmp_PD_HA_IntHigh_2080","PD","HA","IntHigh","2080",317.761705221616
"03100203_46990000_LAKE_WIMAUMA_DRAIN",4100,203642,"LAKE WIMAUMA DRAIN","03100203","46990000","OUTLET","tbcmp_PD_HA_IntHigh_2080","PD","HA","IntHigh","2080",201.284135990408
"03100203_46990000_LAKE_WIMAUMA_DRAIN",5200,94193,"LAKE WIMAUMA DRAIN","03100203","46990000","OUTLET","tbcmp_PD_HA_IntHigh_2080","PD","HA","IntHigh","2080",93.102388610132
"03100203_46990000_LAKE_WIMAUMA_DRAIN",6110,287701,"LAKE WIMAUMA DRAIN","03100203","46990000","OUTLET","tbcmp_PD_HA_IntHigh_2080","PD","HA","IntHigh","2080",284.369860876324
"03100203_46990000_LAKE_WIMAUMA_DRAIN",6410,39846,"LAKE WIMAUMA DRAIN","03100203","46990000","OUTLET","tbcmp_PD_HA_IntHigh_2080","PD","HA","IntHigh","2080",39.384644045304
"03100203_50300000_KEEN_BRANCH",1100,92920,"KEEN BRANCH","03100203","50300000","STREAM","tbcmp_PD_HA_IntHigh_2080","PD","HA","IntHigh","2080",91.84412801008
"03100203_50300000_KEEN_BRANCH",1200,7720,"KEEN BRANCH","03100203","50300000","STREAM","tbcmp_PD_HA_IntHigh_2080","PD","HA","IntHigh","2080",7.63061416528
"03100203_50300000_KEEN_BRANCH",1800,13204,"KEEN BRANCH","03100203","50300000","STREAM","tbcmp_PD_HA_IntHigh_2080","PD","HA","IntHigh","2080",13.051117802896
"03100203_50300000_KEEN_BRANCH",1900,41385,"KEEN BRANCH","03100203","50300000","STREAM","tbcmp_PD_HA_IntHigh_2080","PD","HA","IntHigh","2080",40.90582477074
"03100203_50300000_KEEN_BRANCH",2100,155936,"KEEN BRANCH","03100203","50300000","STREAM","tbcmp_PD_HA_IntHigh_2080","PD","HA","IntHigh","2080",154.130498766464
"03100203_50300000_KEEN_BRANCH",3200,919780,"KEEN BRANCH","03100203","50300000","STREAM","tbcmp_PD_HA_IntHigh_2080","PD","HA","IntHigh","2080",909.13034934472
"03100203_50300000_KEEN_BRANCH",4100,456660,"KEEN BRANCH","03100203","50300000","STREAM","tbcmp_PD_HA_IntHigh_2080","PD","HA","IntHigh","2080",451.37257314984
"03100203_50300000_KEEN_BRANCH",5200,3306,"KEEN BRANCH","03100203","50300000","STREAM","tbcmp_PD_HA_IntHigh_2080","PD","HA","IntHigh","2080",3.267721558344
"03100203_50300000_KEEN_BRANCH",6110,126303,"KEEN BRANCH","03100203","50300000","STREAM","tbcmp_PD_HA_IntHigh_2080","PD","HA","IntHigh","2080",124.840603745772
"03100203_50300000_KEEN_BRANCH",6410,140672,"KEEN BRANCH","03100203","50300000","STREAM","tbcmp_PD_HA_IntHigh_2080","PD","HA","IntHigh","2080",139.043232624128
"03100203_50400000_LONG_BRANCH",1100,101604,"LONG BRANCH","03100203","50400000","STREAM","tbcmp_PD_HA_IntHigh_2080","PD","HA","IntHigh","2080",100.427580524496
"03100203_50400000_LONG_BRANCH",1200,1775743,"LONG BRANCH","03100203","50400000","STREAM","tbcmp_PD_HA_IntHigh_2080","PD","HA","IntHigh","2080",1755.18260229233
"03100203_50400000_LONG_BRANCH",1900,590077,"LONG BRANCH","03100203","50400000","STREAM","tbcmp_PD_HA_IntHigh_2080","PD","HA","IntHigh","2080",583.244807617348
"03100203_50400000_LONG_BRANCH",2100,513729,"LONG BRANCH","03100203","50400000","STREAM","tbcmp_PD_HA_IntHigh_2080","PD","HA","IntHigh","2080",507.780801102996
"03100203_50400000_LONG_BRANCH",2400,4333,"LONG BRANCH","03100203","50400000","STREAM","tbcmp_PD_HA_IntHigh_2080","PD","HA","IntHigh","2080",4.282830463492
"03100203_50400000_LONG_BRANCH",3200,174962,"LONG BRANCH","03100203","50400000","STREAM","tbcmp_PD_HA_IntHigh_2080","PD","HA","IntHigh","2080",172.936206682088
"03100203_50400000_LONG_BRANCH",4100,22773,"LONG BRANCH","03100203","50400000","STREAM","tbcmp_PD_HA_IntHigh_2080","PD","HA","IntHigh","2080",22.509323366052
"03100203_50400000_LONG_BRANCH",5200,370,"LONG BRANCH","03100203","50400000","STREAM","tbcmp_PD_HA_IntHigh_2080","PD","HA","IntHigh","2080",0.36571596388
"03100203_50400000_LONG_BRANCH",6110,207769,"LONG BRANCH","03100203","50400000","STREAM","tbcmp_PD_HA_IntHigh_2080","PD","HA","IntHigh","2080",205.363351619956
"03100203_50400000_LONG_BRANCH",6410,89975,"LONG BRANCH","03100203","50400000","STREAM","tbcmp_PD_HA_IntHigh_2080","PD","HA","IntHigh","2080",88.9332266219
"03100203_50500000_BAKER_BRANCH",1100,23149,"BAKER BRANCH","03100203","50500000","STREAM","tbcmp_PD_HA_IntHigh_2080","PD","HA","IntHigh","2080",22.880969859076
"03100203_50500000_BAKER_BRANCH",1900,76044,"BAKER BRANCH","03100203","50500000","STREAM","tbcmp_PD_HA_IntHigh_2080","PD","HA","IntHigh","2080",75.163526371056
"03100203_50500000_BAKER_BRANCH",2100,280215,"BAKER BRANCH","03100203","50500000","STREAM","tbcmp_PD_HA_IntHigh_2080","PD","HA","IntHigh","2080",276.97053734766
"03100203_50500000_BAKER_BRANCH",2200,90282,"BAKER BRANCH","03100203","50500000","STREAM","tbcmp_PD_HA_IntHigh_2080","PD","HA","IntHigh","2080",89.236672029768
"03100203_50500000_BAKER_BRANCH",4100,30376,"BAKER BRANCH","03100203","50500000","STREAM","tbcmp_PD_HA_IntHigh_2080","PD","HA","IntHigh","2080",30.024292213024
"03100203_50500000_BAKER_BRANCH",5200,980,"BAKER BRANCH","03100203","50500000","STREAM","tbcmp_PD_HA_IntHigh_2080","PD","HA","IntHigh","2080",0.96865309352
"03100203_50500000_BAKER_BRANCH",6110,40596,"BAKER BRANCH","03100203","50500000","STREAM","tbcmp_PD_HA_IntHigh_2080","PD","HA","IntHigh","2080",40.125960188304
"03100203_50500000_BAKER_BRANCH",6410,22816,"BAKER BRANCH","03100203","50500000","STREAM","tbcmp_PD_HA_IntHigh_2080","PD","HA","IntHigh","2080",22.551825491584
"03100203_50520000_MOODY_BRANCH",2100,117725,"MOODY BRANCH","03100203","50520000","STREAM","tbcmp_PD_HA_IntHigh_2080","PD","HA","IntHigh","2080",116.3619239129
"03100203_50520000_MOODY_BRANCH",2200,100750,"MOODY BRANCH","03100203","50520000","STREAM","tbcmp_PD_HA_IntHigh_2080","PD","HA","IntHigh","2080",99.583468543
"03100203_50520000_MOODY_BRANCH",3200,221179,"MOODY BRANCH","03100203","50520000","STREAM","tbcmp_PD_HA_IntHigh_2080","PD","HA","IntHigh","2080",218.618084256796
"03100203_50520000_MOODY_BRANCH",4100,102811,"MOODY BRANCH","03100203","50520000","STREAM","tbcmp_PD_HA_IntHigh_2080","PD","HA","IntHigh","2080",101.620605303964
"03100203_50520000_MOODY_BRANCH",6110,73884,"MOODY BRANCH","03100203","50520000","STREAM","tbcmp_PD_HA_IntHigh_2080","PD","HA","IntHigh","2080",73.028535879216
"03100203_50520000_MOODY_BRANCH",6410,4331,"MOODY BRANCH","03100203","50520000","STREAM","tbcmp_PD_HA_IntHigh_2080","PD","HA","IntHigh","2080",4.280853620444
"03100203_50990000_SO_FK_LITTLE_MANATEE",1100,754350,"SO FK LITTLE MANATEE","03100203","50990000","STREAM","tbcmp_PD_HA_IntHigh_2080","PD","HA","IntHigh","2080",745.6157766294
"03100203_50990000_SO_FK_LITTLE_MANATEE",1200,3175300,"SO FK LITTLE MANATEE","03100203","50990000","STREAM","tbcmp_PD_HA_IntHigh_2080","PD","HA","IntHigh","2080",3138.5348651572
"03100203_50990000_SO_FK_LITTLE_MANATEE",1800,75216,"SO FK LITTLE MANATEE","03100203","50990000","STREAM","tbcmp_PD_HA_IntHigh_2080","PD","HA","IntHigh","2080",74.345113349184
"03100203_50990000_SO_FK_LITTLE_MANATEE",1900,1054595,"SO FK LITTLE MANATEE","03100203","50990000","STREAM","tbcmp_PD_HA_IntHigh_2080","PD","HA","IntHigh","2080",1042.38439710278
"03100203_50990000_SO_FK_LITTLE_MANATEE",2100,6715620,"SO FK LITTLE MANATEE","03100203","50990000","STREAM","tbcmp_PD_HA_IntHigh_2080","PD","HA","IntHigh","2080",6637.86335500488
"03100203_50990000_SO_FK_LITTLE_MANATEE",2200,285905,"SO FK LITTLE MANATEE","03100203","50990000","STREAM","tbcmp_PD_HA_IntHigh_2080","PD","HA","IntHigh","2080",282.59465581922
"03100203_50990000_SO_FK_LITTLE_MANATEE",2400,163087,"SO FK LITTLE MANATEE","03100203","50990000","STREAM","tbcmp_PD_HA_IntHigh_2080","PD","HA","IntHigh","2080",161.198701084588
"03100203_50990000_SO_FK_LITTLE_MANATEE",3200,1323615,"SO FK LITTLE MANATEE","03100203","50990000","STREAM","tbcmp_PD_HA_IntHigh_2080","PD","HA","IntHigh","2080",1308.28955548926
"03100203_50990000_SO_FK_LITTLE_MANATEE",4100,2146087,"SO FK LITTLE MANATEE","03100203","50990000","STREAM","tbcmp_PD_HA_IntHigh_2080","PD","HA","IntHigh","2080",2121.23858317659
"03100203_50990000_SO_FK_LITTLE_MANATEE",4400,129812,"SO FK LITTLE MANATEE","03100203","50990000","STREAM","tbcmp_PD_HA_IntHigh_2080","PD","HA","IntHigh","2080",128.308974873488
"03100203_50990000_SO_FK_LITTLE_MANATEE",5200,54943,"SO FK LITTLE MANATEE","03100203","50990000","STREAM","tbcmp_PD_HA_IntHigh_2080","PD","HA","IntHigh","2080",54.306843793132
"03100203_50990000_SO_FK_LITTLE_MANATEE",6110,2322945,"SO FK LITTLE MANATEE","03100203","50990000","STREAM","tbcmp_PD_HA_IntHigh_2080","PD","HA","IntHigh","2080",2296.04883706818
"03100203_50990000_SO_FK_LITTLE_MANATEE",6410,532389,"SO FK LITTLE MANATEE","03100203","50990000","STREAM","tbcmp_PD_HA_IntHigh_2080","PD","HA","IntHigh","2080",526.224746740836
"03100203_66000000_DUG_CREEK",1100,848192,"DUG CREEK","03100203","66000000","STREAM","tbcmp_PD_HA_IntHigh_2080","PD","HA","IntHigh","2080",838.371229284608
"03100203_66000000_DUG_CREEK",1200,1256608,"DUG CREEK","03100203","66000000","STREAM","tbcmp_PD_HA_IntHigh_2080","PD","HA","IntHigh","2080",1242.05839443059
"03100203_66000000_DUG_CREEK",1800,31155,"DUG CREEK","03100203","66000000","STREAM","tbcmp_PD_HA_IntHigh_2080","PD","HA","IntHigh","2080",30.79427258022
"03100203_66000000_DUG_CREEK",1820,120028,"DUG CREEK","03100203","66000000","STREAM","tbcmp_PD_HA_IntHigh_2080","PD","HA","IntHigh","2080",118.638258682672
"03100203_66000000_DUG_CREEK",1900,653687,"DUG CREEK","03100203","66000000","STREAM","tbcmp_PD_HA_IntHigh_2080","PD","HA","IntHigh","2080",646.118300758988
"03100203_66000000_DUG_CREEK",2100,602878,"DUG CREEK","03100203","66000000","STREAM","tbcmp_PD_HA_IntHigh_2080","PD","HA","IntHigh","2080",595.897591546072
"03100203_66000000_DUG_CREEK",2400,145367,"DUG CREEK","03100203","66000000","STREAM","tbcmp_PD_HA_IntHigh_2080","PD","HA","IntHigh","2080",143.683871679308
"03100203_66000000_DUG_CREEK",3200,161712,"DUG CREEK","03100203","66000000","STREAM","tbcmp_PD_HA_IntHigh_2080","PD","HA","IntHigh","2080",159.839621489088
"03100203_66000000_DUG_CREEK",4100,429004,"DUG CREEK","03100203","66000000","STREAM","tbcmp_PD_HA_IntHigh_2080","PD","HA","IntHigh","2080",424.036787482096
"03100203_66000000_DUG_CREEK",4400,17954,"DUG CREEK","03100203","66000000","STREAM","tbcmp_PD_HA_IntHigh_2080","PD","HA","IntHigh","2080",17.746120041896
"03100203_66000000_DUG_CREEK",5200,261793,"DUG CREEK","03100203","66000000","STREAM","tbcmp_PD_HA_IntHigh_2080","PD","HA","IntHigh","2080",258.761836032532
"03100203_66000000_DUG_CREEK",6110,335093,"DUG CREEK","03100203","66000000","STREAM","tbcmp_PD_HA_IntHigh_2080","PD","HA","IntHigh","2080",331.213133741732
"03100203_66000000_DUG_CREEK",6410,43406,"DUG CREEK","03100203","66000000","STREAM","tbcmp_PD_HA_IntHigh_2080","PD","HA","IntHigh","2080",42.903424670744
"03100203_70000000_CYPRESS_CREEK",1100,18173,"CYPRESS CREEK","03100203","70000000","STREAM","tbcmp_PD_HA_IntHigh_2080","PD","HA","IntHigh","2080",17.962584355652
"03100203_70000000_CYPRESS_CREEK",1200,3789952,"CYPRESS CREEK","03100203","70000000","STREAM","tbcmp_PD_HA_IntHigh_2080","PD","HA","IntHigh","2080",3746.07013172685
"03100203_70000000_CYPRESS_CREEK",1800,60806,"CYPRESS CREEK","03100203","70000000","STREAM","tbcmp_PD_HA_IntHigh_2080","PD","HA","IntHigh","2080",60.101959188344
"03100203_70000000_CYPRESS_CREEK",1820,908241,"CYPRESS CREEK","03100203","70000000","STREAM","tbcmp_PD_HA_IntHigh_2080","PD","HA","IntHigh","2080",897.724953379284
"03100203_70000000_CYPRESS_CREEK",1900,253974,"CYPRESS CREEK","03100203","70000000","STREAM","tbcmp_PD_HA_IntHigh_2080","PD","HA","IntHigh","2080",251.033368136376
"03100203_70000000_CYPRESS_CREEK",2100,15372,"CYPRESS CREEK","03100203","70000000","STREAM","tbcmp_PD_HA_IntHigh_2080","PD","HA","IntHigh","2080",15.194015666928
"03100203_70000000_CYPRESS_CREEK",2400,6360,"CYPRESS CREEK","03100203","70000000","STREAM","tbcmp_PD_HA_IntHigh_2080","PD","HA","IntHigh","2080",6.28636089264
"03100203_70000000_CYPRESS_CREEK",3200,121073,"CYPRESS CREEK","03100203","70000000","STREAM","tbcmp_PD_HA_IntHigh_2080","PD","HA","IntHigh","2080",119.671159175252
"03100203_70000000_CYPRESS_CREEK",4100,300094,"CYPRESS CREEK","03100203","70000000","STREAM","tbcmp_PD_HA_IntHigh_2080","PD","HA","IntHigh","2080",296.619368823256
"03100203_70000000_CYPRESS_CREEK",5200,712090,"CYPRESS CREEK","03100203","70000000","STREAM","tbcmp_PD_HA_IntHigh_2080","PD","HA","IntHigh","2080",703.84508302516
"03100203_70000000_CYPRESS_CREEK",6110,847919,"CYPRESS CREEK","03100203","70000000","STREAM","tbcmp_PD_HA_IntHigh_2080","PD","HA","IntHigh","2080",838.101390208556
"03100203_70000000_CYPRESS_CREEK",6410,260970,"CYPRESS CREEK","03100203","70000000","STREAM","tbcmp_PD_HA_IntHigh_2080","PD","HA","IntHigh","2080",257.94836511828
"03100203_70000000_CYPRESS_CREEK",6420,381,"CYPRESS CREEK","03100203","70000000","STREAM","tbcmp_PD_HA_IntHigh_2080","PD","HA","IntHigh","2080",0.376588600644
"03100203_70000000_CYPRESS_CREEK",6425,786,"CYPRESS CREEK","03100203","70000000","STREAM","tbcmp_PD_HA_IntHigh_2080","PD","HA","IntHigh","2080",0.776899317864
"03100203_70000000_CYPRESS_CREEK",6510,210,"CYPRESS CREEK","03100203","70000000","STREAM","tbcmp_PD_HA_IntHigh_2080","PD","HA","IntHigh","2080",0.20756852004
"03100203_70000000_CYPRESS_CREEK",6600,2587,"CYPRESS CREEK","03100203","70000000","STREAM","tbcmp_PD_HA_IntHigh_2080","PD","HA","IntHigh","2080",2.557046482588
"03100203_70000000_CYPRESS_CREEK",9113,163,"CYPRESS CREEK","03100203","70000000","STREAM","tbcmp_PD_HA_IntHigh_2080","PD","HA","IntHigh","2080",0.161112708412
"03100203_74000000_UNNAMED_SLOUGH",1100,1134804,"UNNAMED SLOUGH","03100203","74000000","SLOUGH","tbcmp_PD_HA_IntHigh_2080","PD","HA","IntHigh","2080",1121.6646991213
"03100203_74000000_UNNAMED_SLOUGH",1200,353194,"UNNAMED SLOUGH","03100203","74000000","SLOUGH","tbcmp_PD_HA_IntHigh_2080","PD","HA","IntHigh","2080",349.104551747656
"03100203_74000000_UNNAMED_SLOUGH",1900,437959,"UNNAMED SLOUGH","03100203","74000000","SLOUGH","tbcmp_PD_HA_IntHigh_2080","PD","HA","IntHigh","2080",432.888102229516
"03100203_74000000_UNNAMED_SLOUGH",2100,486341,"UNNAMED SLOUGH","03100203","74000000","SLOUGH","tbcmp_PD_HA_IntHigh_2080","PD","HA","IntHigh","2080",480.709912403684
"03100203_74000000_UNNAMED_SLOUGH",2400,22663,"UNNAMED SLOUGH","03100203","74000000","SLOUGH","tbcmp_PD_HA_IntHigh_2080","PD","HA","IntHigh","2080",22.400596998412
"03100203_74000000_UNNAMED_SLOUGH",3200,440946,"UNNAMED SLOUGH","03100203","74000000","SLOUGH","tbcmp_PD_HA_IntHigh_2080","PD","HA","IntHigh","2080",435.840517321704
"03100203_74000000_UNNAMED_SLOUGH",4100,576903,"UNNAMED SLOUGH","03100203","74000000","SLOUGH","tbcmp_PD_HA_IntHigh_2080","PD","HA","IntHigh","2080",570.223342460172
"03100203_74000000_UNNAMED_SLOUGH",5200,18226,"UNNAMED SLOUGH","03100203","74000000","SLOUGH","tbcmp_PD_HA_IntHigh_2080","PD","HA","IntHigh","2080",18.014970696424
"03100203_74000000_UNNAMED_SLOUGH",6110,755902,"UNNAMED SLOUGH","03100203","74000000","SLOUGH","tbcmp_PD_HA_IntHigh_2080","PD","HA","IntHigh","2080",747.149806834648
"03100203_74000000_UNNAMED_SLOUGH",6120,1903,"UNNAMED SLOUGH","03100203","74000000","SLOUGH","tbcmp_PD_HA_IntHigh_2080","PD","HA","IntHigh","2080",1.880966160172
"03100203_74000000_UNNAMED_SLOUGH",6410,640469,"UNNAMED SLOUGH","03100203","74000000","SLOUGH","tbcmp_PD_HA_IntHigh_2080","PD","HA","IntHigh","2080",633.053345054756
"03100203_74000000_UNNAMED_SLOUGH",6420,847,"UNNAMED SLOUGH","03100203","74000000","SLOUGH","tbcmp_PD_HA_IntHigh_2080","PD","HA","IntHigh","2080",0.837193030828
"03100203_74000000_UNNAMED_SLOUGH",6425,1695,"UNNAMED SLOUGH","03100203","74000000","SLOUGH","tbcmp_PD_HA_IntHigh_2080","PD","HA","IntHigh","2080",1.67537448318
"03100203_74000000_UNNAMED_SLOUGH",6510,1318,"UNNAMED SLOUGH","03100203","74000000","SLOUGH","tbcmp_PD_HA_IntHigh_2080","PD","HA","IntHigh","2080",1.302739568632
"03100203_74000000_UNNAMED_SLOUGH",6600,2302,"UNNAMED SLOUGH","03100203","74000000","SLOUGH","tbcmp_PD_HA_IntHigh_2080","PD","HA","IntHigh","2080",2.275346348248
"03100203_74000000_UNNAMED_SLOUGH",9113,14108,"UNNAMED SLOUGH","03100203","74000000","SLOUGH","tbcmp_PD_HA_IntHigh_2080","PD","HA","IntHigh","2080",13.944650860592
"03100203_80950000_UNNAMED_DRAINAGE_DITCH",1100,134970,"UNNAMED DRAINAGE DITCH","03100203","80950000","DITCH","tbcmp_PD_HA_IntHigh_2080","PD","HA","IntHigh","2080",133.40725309428
"03100203_80950000_UNNAMED_DRAINAGE_DITCH",1200,754433,"UNNAMED DRAINAGE DITCH","03100203","80950000","DITCH","tbcmp_PD_HA_IntHigh_2080","PD","HA","IntHigh","2080",745.697815615892
"03100203_80950000_UNNAMED_DRAINAGE_DITCH",1800,12511,"UNNAMED DRAINAGE DITCH","03100203","80950000","DITCH","tbcmp_PD_HA_IntHigh_2080","PD","HA","IntHigh","2080",12.366141686764
"03100203_80950000_UNNAMED_DRAINAGE_DITCH",1900,2119093,"UNNAMED DRAINAGE DITCH","03100203","80950000","DITCH","tbcmp_PD_HA_IntHigh_2080","PD","HA","IntHigh","2080",2094.55713255773
"03100203_80950000_UNNAMED_DRAINAGE_DITCH",2100,4877759,"UNNAMED DRAINAGE DITCH","03100203","80950000","DITCH","tbcmp_PD_HA_IntHigh_2080","PD","HA","IntHigh","2080",4821.28198448472
"03100203_80950000_UNNAMED_DRAINAGE_DITCH",2200,43464,"UNNAMED DRAINAGE DITCH","03100203","80950000","DITCH","tbcmp_PD_HA_IntHigh_2080","PD","HA","IntHigh","2080",42.960753119136
"03100203_80950000_UNNAMED_DRAINAGE_DITCH",2400,3676,"UNNAMED DRAINAGE DITCH","03100203","80950000","DITCH","tbcmp_PD_HA_IntHigh_2080","PD","HA","IntHigh","2080",3.633437522224
"03100203_80950000_UNNAMED_DRAINAGE_DITCH",3200,531516,"UNNAMED DRAINAGE DITCH","03100203","80950000","DITCH","tbcmp_PD_HA_IntHigh_2080","PD","HA","IntHigh","2080",525.361854750384
"03100203_80950000_UNNAMED_DRAINAGE_DITCH",4100,698279,"UNNAMED DRAINAGE DITCH","03100203","80950000","DITCH","tbcmp_PD_HA_IntHigh_2080","PD","HA","IntHigh","2080",690.193993357196
"03100203_80950000_UNNAMED_DRAINAGE_DITCH",5200,338061,"UNNAMED DRAINAGE DITCH","03100203","80950000","DITCH","tbcmp_PD_HA_IntHigh_2080","PD","HA","IntHigh","2080",334.146768824964
"03100203_80950000_UNNAMED_DRAINAGE_DITCH",5400,8427,"UNNAMED DRAINAGE DITCH","03100203","80950000","DITCH","tbcmp_PD_HA_IntHigh_2080","PD","HA","IntHigh","2080",8.329428182748
"03100203_80950000_UNNAMED_DRAINAGE_DITCH",6110,1502713,"UNNAMED DRAINAGE DITCH","03100203","80950000","DITCH","tbcmp_PD_HA_IntHigh_2080","PD","HA","IntHigh","2080",1485.31387359461
"03100203_80950000_UNNAMED_DRAINAGE_DITCH",6120,2435,"UNNAMED DRAINAGE DITCH","03100203","80950000","DITCH","tbcmp_PD_HA_IntHigh_2080","PD","HA","IntHigh","2080",2.40680641094
"03100203_80950000_UNNAMED_DRAINAGE_DITCH",6410,864069,"UNNAMED DRAINAGE DITCH","03100203","80950000","DITCH","tbcmp_PD_HA_IntHigh_2080","PD","HA","IntHigh","2080",854.064397821156
"03100203_80950000_UNNAMED_DRAINAGE_DITCH",6420,3418,"UNNAMED DRAINAGE DITCH","03100203","80950000","DITCH","tbcmp_PD_HA_IntHigh_2080","PD","HA","IntHigh","2080",3.378424769032
"03100203_80950000_UNNAMED_DRAINAGE_DITCH",6425,14447,"UNNAMED DRAINAGE DITCH","03100203","80950000","DITCH","tbcmp_PD_HA_IntHigh_2080","PD","HA","IntHigh","2080",14.279725757228
"03100203_80950000_UNNAMED_DRAINAGE_DITCH",6510,13104,"UNNAMED DRAINAGE DITCH","03100203","80950000","DITCH","tbcmp_PD_HA_IntHigh_2080","PD","HA","IntHigh","2080",12.952275650496
"03100203_80950000_UNNAMED_DRAINAGE_DITCH",6600,6156,"UNNAMED DRAINAGE DITCH","03100203","80950000","DITCH","tbcmp_PD_HA_IntHigh_2080","PD","HA","IntHigh","2080",6.084722901744
"03100203_80950000_UNNAMED_DRAINAGE_DITCH",9113,26224,"UNNAMED DRAINAGE DITCH","03100203","80950000","DITCH","tbcmp_PD_HA_IntHigh_2080","PD","HA","IntHigh","2080",25.920366045376
"03100203_80990000_CURIOSITY_CREEK",1100,691043,"CURIOSITY CREEK","03100203","80990000","STREAM","tbcmp_PD_HA_IntHigh_2080","PD","HA","IntHigh","2080",683.041775209532
"03100203_80990000_CURIOSITY_CREEK",1200,1880,"CURIOSITY CREEK","03100203","80990000","STREAM","tbcmp_PD_HA_IntHigh_2080","PD","HA","IntHigh","2080",1.85823246512
"03100203_80990000_CURIOSITY_CREEK",1900,111138,"CURIOSITY CREEK","03100203","80990000","STREAM","tbcmp_PD_HA_IntHigh_2080","PD","HA","IntHigh","2080",109.851191334312
"03100203_80990000_CURIOSITY_CREEK",2100,989286,"CURIOSITY CREEK","03100203","80990000","STREAM","tbcmp_PD_HA_IntHigh_2080","PD","HA","IntHigh","2080",977.831575791864
"03100203_80990000_CURIOSITY_CREEK",2200,19734,"CURIOSITY CREEK","03100203","80990000","STREAM","tbcmp_PD_HA_IntHigh_2080","PD","HA","IntHigh","2080",19.505510354616
"03100203_80990000_CURIOSITY_CREEK",2400,17791,"CURIOSITY CREEK","03100203","80990000","STREAM","tbcmp_PD_HA_IntHigh_2080","PD","HA","IntHigh","2080",17.585007333484
"03100203_80990000_CURIOSITY_CREEK",3200,27747,"CURIOSITY CREEK","03100203","80990000","STREAM","tbcmp_PD_HA_IntHigh_2080","PD","HA","IntHigh","2080",27.425732026428
"03100203_80990000_CURIOSITY_CREEK",4100,200460,"CURIOSITY CREEK","03100203","80990000","STREAM","tbcmp_PD_HA_IntHigh_2080","PD","HA","IntHigh","2080",198.13897870104
"03100203_80990000_CURIOSITY_CREEK",5200,19308,"CURIOSITY CREEK","03100203","80990000","STREAM","tbcmp_PD_HA_IntHigh_2080","PD","HA","IntHigh","2080",19.084442785392
"03100203_80990000_CURIOSITY_CREEK",5400,68,"CURIOSITY CREEK","03100203","80990000","STREAM","tbcmp_PD_HA_IntHigh_2080","PD","HA","IntHigh","2080",0.067212663632
"03100203_80990000_CURIOSITY_CREEK",6110,196293,"CURIOSITY CREEK","03100203","80990000","STREAM","tbcmp_PD_HA_IntHigh_2080","PD","HA","IntHigh","2080",194.020226210532
"03100203_80990000_CURIOSITY_CREEK",6120,739,"CURIOSITY CREEK","03100203","80990000","STREAM","tbcmp_PD_HA_IntHigh_2080","PD","HA","IntHigh","2080",0.730443506236
"03100203_80990000_CURIOSITY_CREEK",6410,73584,"CURIOSITY CREEK","03100203","80990000","STREAM","tbcmp_PD_HA_IntHigh_2080","PD","HA","IntHigh","2080",72.732009422016
"03100203_80990000_CURIOSITY_CREEK",6420,732,"CURIOSITY CREEK","03100203","80990000","STREAM","tbcmp_PD_HA_IntHigh_2080","PD","HA","IntHigh","2080",0.723524555568
"03100203_80990000_CURIOSITY_CREEK",6425,1906,"CURIOSITY CREEK","03100203","80990000","STREAM","tbcmp_PD_HA_IntHigh_2080","PD","HA","IntHigh","2080",1.883931424744
"03100203_80990000_CURIOSITY_CREEK",6510,1726,"CURIOSITY CREEK","03100203","80990000","STREAM","tbcmp_PD_HA_IntHigh_2080","PD","HA","IntHigh","2080",1.706015550424
"03100203_80990000_CURIOSITY_CREEK",6600,1646,"CURIOSITY CREEK","03100203","80990000","STREAM","tbcmp_PD_HA_IntHigh_2080","PD","HA","IntHigh","2080",1.626941828504
"03100203_80990000_CURIOSITY_CREEK",9113,5742,"CURIOSITY CREEK","03100203","80990000","STREAM","tbcmp_PD_HA_IntHigh_2080","PD","HA","IntHigh","2080",5.675516390808
"03100203_84000000_BOLSTER_BAYOU",1200,37350,"BOLSTER BAYOU","03100203","84000000","BAYOU","tbcmp_PD_HA_IntHigh_2080","PD","HA","IntHigh","2080",36.9175439214
"03100203_84000000_BOLSTER_BAYOU",3200,51223,"BOLSTER BAYOU","03100203","84000000","BAYOU","tbcmp_PD_HA_IntHigh_2080","PD","HA","IntHigh","2080",50.629915723852
"03100203_84000000_BOLSTER_BAYOU",4100,11990,"BOLSTER BAYOU","03100203","84000000","BAYOU","tbcmp_PD_HA_IntHigh_2080","PD","HA","IntHigh","2080",11.85117407276
"03100203_84000000_BOLSTER_BAYOU",5400,50998,"BOLSTER BAYOU","03100203","84000000","BAYOU","tbcmp_PD_HA_IntHigh_2080","PD","HA","IntHigh","2080",50.407520880952
"03100203_84000000_BOLSTER_BAYOU",6110,5150,"BOLSTER BAYOU","03100203","84000000","BAYOU","tbcmp_PD_HA_IntHigh_2080","PD","HA","IntHigh","2080",5.0903708486
"03100203_84000000_BOLSTER_BAYOU",6410,3352,"BOLSTER BAYOU","03100203","84000000","BAYOU","tbcmp_PD_HA_IntHigh_2080","PD","HA","IntHigh","2080",3.313188948448
"03100203_84000000_BOLSTER_BAYOU",6420,5096,"BOLSTER BAYOU","03100203","84000000","BAYOU","tbcmp_PD_HA_IntHigh_2080","PD","HA","IntHigh","2080",5.036996086304
"03100203_84000000_BOLSTER_BAYOU",6425,23847,"BOLSTER BAYOU","03100203","84000000","BAYOU","tbcmp_PD_HA_IntHigh_2080","PD","HA","IntHigh","2080",23.570888082828
"03100203_84000000_BOLSTER_BAYOU",6510,14407,"BOLSTER BAYOU","03100203","84000000","BAYOU","tbcmp_PD_HA_IntHigh_2080","PD","HA","IntHigh","2080",14.240188896268
"03100203_84000000_BOLSTER_BAYOU",6600,4562,"BOLSTER BAYOU","03100203","84000000","BAYOU","tbcmp_PD_HA_IntHigh_2080","PD","HA","IntHigh","2080",4.509178992488
"03100203_84000000_BOLSTER_BAYOU",9113,19177,"BOLSTER BAYOU","03100203","84000000","BAYOU","tbcmp_PD_HA_IntHigh_2080","PD","HA","IntHigh","2080",18.954959565748
"03100203_88500000_WILDCAT_CREEK",1100,26651,"WILDCAT CREEK","03100203","88500000","STREAM","tbcmp_PD_HA_IntHigh_2080","PD","HA","IntHigh","2080",26.342422036124
"03100203_88500000_WILDCAT_CREEK",1200,549948,"WILDCAT CREEK","03100203","88500000","STREAM","tbcmp_PD_HA_IntHigh_2080","PD","HA","IntHigh","2080",543.580440280752
"03100203_88500000_WILDCAT_CREEK",1820,113325,"WILDCAT CREEK","03100203","88500000","STREAM","tbcmp_PD_HA_IntHigh_2080","PD","HA","IntHigh","2080",112.0128692073
"03100203_88500000_WILDCAT_CREEK",1900,148433,"WILDCAT CREEK","03100203","88500000","STREAM","tbcmp_PD_HA_IntHigh_2080","PD","HA","IntHigh","2080",146.714372071892
"03100203_88500000_WILDCAT_CREEK",2100,499845,"WILDCAT CREEK","03100203","88500000","STREAM","tbcmp_PD_HA_IntHigh_2080","PD","HA","IntHigh","2080",494.05755666378
"03100203_88500000_WILDCAT_CREEK",2200,454761,"WILDCAT CREEK","03100203","88500000","STREAM","tbcmp_PD_HA_IntHigh_2080","PD","HA","IntHigh","2080",449.495560675764
"03100203_88500000_WILDCAT_CREEK",3200,185367,"WILDCAT CREEK","03100203","88500000","STREAM","tbcmp_PD_HA_IntHigh_2080","PD","HA","IntHigh","2080",183.220732639308
"03100203_88500000_WILDCAT_CREEK",4100,39671,"WILDCAT CREEK","03100203","88500000","STREAM","tbcmp_PD_HA_IntHigh_2080","PD","HA","IntHigh","2080",39.211670278604
"03100203_88500000_WILDCAT_CREEK",5200,31580,"WILDCAT CREEK","03100203","88500000","STREAM","tbcmp_PD_HA_IntHigh_2080","PD","HA","IntHigh","2080",31.21435172792
"03100203_88500000_WILDCAT_CREEK",5400,11925,"WILDCAT CREEK","03100203","88500000","STREAM","tbcmp_PD_HA_IntHigh_2080","PD","HA","IntHigh","2080",11.7869266737
"03100203_88500000_WILDCAT_CREEK",6110,110767,"WILDCAT CREEK","03100203","88500000","STREAM","tbcmp_PD_HA_IntHigh_2080","PD","HA","IntHigh","2080",109.484486948908
"03100203_88500000_WILDCAT_CREEK",6120,4717,"WILDCAT CREEK","03100203","88500000","STREAM","tbcmp_PD_HA_IntHigh_2080","PD","HA","IntHigh","2080",4.662384328708
"03100203_88500000_WILDCAT_CREEK",6410,86749,"WILDCAT CREEK","03100203","88500000","STREAM","tbcmp_PD_HA_IntHigh_2080","PD","HA","IntHigh","2080",85.744578785476
"03100203_88500000_WILDCAT_CREEK",6420,2447,"WILDCAT CREEK","03100203","88500000","STREAM","tbcmp_PD_HA_IntHigh_2080","PD","HA","IntHigh","2080",2.418667469228
"03100203_88500000_WILDCAT_CREEK",6425,22472,"WILDCAT CREEK","03100203","88500000","STREAM","tbcmp_PD_HA_IntHigh_2080","PD","HA","IntHigh","2080",22.211808487328
"03100203_88500000_WILDCAT_CREEK",6510,10385,"WILDCAT CREEK","03100203","88500000","STREAM","tbcmp_PD_HA_IntHigh_2080","PD","HA","IntHigh","2080",10.26475752674
"03100203_88500000_WILDCAT_CREEK",6600,4464,"WILDCAT CREEK","03100203","88500000","STREAM","tbcmp_PD_HA_IntHigh_2080","PD","HA","IntHigh","2080",4.412313683136
"03100203_88500000_WILDCAT_CREEK",9113,12297,"WILDCAT CREEK","03100203","88500000","STREAM","tbcmp_PD_HA_IntHigh_2080","PD","HA","IntHigh","2080",12.154619480628
"03100203_88990000_HAYNES_BAYOU",1100,6958,"HAYNES BAYOU","03100203","88990000","BAYOU","tbcmp_PD_HA_IntHigh_2080","PD","HA","IntHigh","2080",6.877436963992
"03100203_88990000_HAYNES_BAYOU",1200,64139,"HAYNES BAYOU","03100203","88990000","BAYOU","tbcmp_PD_HA_IntHigh_2080","PD","HA","IntHigh","2080",63.396368127836
"03100203_88990000_HAYNES_BAYOU",1800,6404,"HAYNES BAYOU","03100203","88990000","BAYOU","tbcmp_PD_HA_IntHigh_2080","PD","HA","IntHigh","2080",6.329851439696
"03100203_88990000_HAYNES_BAYOU",1820,11229,"HAYNES BAYOU","03100203","88990000","BAYOU","tbcmp_PD_HA_IntHigh_2080","PD","HA","IntHigh","2080",11.098985292996
"03100203_88990000_HAYNES_BAYOU",1900,2305,"HAYNES BAYOU","03100203","88990000","BAYOU","tbcmp_PD_HA_IntHigh_2080","PD","HA","IntHigh","2080",2.27831161282
"03100203_88990000_HAYNES_BAYOU",3200,7472,"HAYNES BAYOU","03100203","88990000","BAYOU","tbcmp_PD_HA_IntHigh_2080","PD","HA","IntHigh","2080",7.385485627328
"03100203_88990000_HAYNES_BAYOU",4100,2888,"HAYNES BAYOU","03100203","88990000","BAYOU","tbcmp_PD_HA_IntHigh_2080","PD","HA","IntHigh","2080",2.854561361312
"03100203_88990000_HAYNES_BAYOU",5200,4039,"HAYNES BAYOU","03100203","88990000","BAYOU","tbcmp_PD_HA_IntHigh_2080","PD","HA","IntHigh","2080",3.992234535436
"03100203_88990000_HAYNES_BAYOU",5400,166421,"HAYNES BAYOU","03100203","88990000","BAYOU","tbcmp_PD_HA_IntHigh_2080","PD","HA","IntHigh","2080",164.494098445604
"03100203_88990000_HAYNES_BAYOU",6110,488,"HAYNES BAYOU","03100203","88990000","BAYOU","tbcmp_PD_HA_IntHigh_2080","PD","HA","IntHigh","2080",0.482349703712
"03100203_88990000_HAYNES_BAYOU",6410,1820,"HAYNES BAYOU","03100203","88990000","BAYOU","tbcmp_PD_HA_IntHigh_2080","PD","HA","IntHigh","2080",1.79892717368
"03100203_88990000_HAYNES_BAYOU",6420,2789,"HAYNES BAYOU","03100203","88990000","BAYOU","tbcmp_PD_HA_IntHigh_2080","PD","HA","IntHigh","2080",2.756707630436
"03100203_88990000_HAYNES_BAYOU",6425,21784,"HAYNES BAYOU","03100203","88990000","BAYOU","tbcmp_PD_HA_IntHigh_2080","PD","HA","IntHigh","2080",21.531774478816
"03100203_88990000_HAYNES_BAYOU",6510,10580,"HAYNES BAYOU","03100203","88990000","BAYOU","tbcmp_PD_HA_IntHigh_2080","PD","HA","IntHigh","2080",10.45749972392
"03100203_88990000_HAYNES_BAYOU",6600,1697,"HAYNES BAYOU","03100203","88990000","BAYOU","tbcmp_PD_HA_IntHigh_2080","PD","HA","IntHigh","2080",1.677351326228
"03100203_88990000_HAYNES_BAYOU",9113,11282,"HAYNES BAYOU","03100203","88990000","BAYOU","tbcmp_PD_HA_IntHigh_2080","PD","HA","IntHigh","2080",11.151371633768
"03100203_89000000_SUN_CITY_SLOUGH",1100,49551,"SUN CITY SLOUGH","03100203","89000000","SLOUGH","tbcmp_PD_HA_IntHigh_2080","PD","HA","IntHigh","2080",48.977274935724
"03100203_89000000_SUN_CITY_SLOUGH",1200,317084,"SUN CITY SLOUGH","03100203","89000000","SLOUGH","tbcmp_PD_HA_IntHigh_2080","PD","HA","IntHigh","2080",313.412650516016
"03100203_89000000_SUN_CITY_SLOUGH",1820,2426,"SUN CITY SLOUGH","03100203","89000000","SLOUGH","tbcmp_PD_HA_IntHigh_2080","PD","HA","IntHigh","2080",2.397910617224
"03100203_89000000_SUN_CITY_SLOUGH",1900,122580,"SUN CITY SLOUGH","03100203","89000000","SLOUGH","tbcmp_PD_HA_IntHigh_2080","PD","HA","IntHigh","2080",121.16071041192
"03100203_89000000_SUN_CITY_SLOUGH",2100,259597,"SUN CITY SLOUGH","03100203","89000000","SLOUGH","tbcmp_PD_HA_IntHigh_2080","PD","HA","IntHigh","2080",256.591262365828
"03100203_89000000_SUN_CITY_SLOUGH",2200,36431,"SUN CITY SLOUGH","03100203","89000000","SLOUGH","tbcmp_PD_HA_IntHigh_2080","PD","HA","IntHigh","2080",36.009184540844
"03100203_89000000_SUN_CITY_SLOUGH",2400,115,"SUN CITY SLOUGH","03100203","89000000","SLOUGH","tbcmp_PD_HA_IntHigh_2080","PD","HA","IntHigh","2080",0.11366847526
"03100203_89000000_SUN_CITY_SLOUGH",3200,68268,"SUN CITY SLOUGH","03100203","89000000","SLOUGH","tbcmp_PD_HA_IntHigh_2080","PD","HA","IntHigh","2080",67.477560600432
"03100203_89000000_SUN_CITY_SLOUGH",4100,179467,"SUN CITY SLOUGH","03100203","89000000","SLOUGH","tbcmp_PD_HA_IntHigh_2080","PD","HA","IntHigh","2080",177.389045647708
"03100203_89000000_SUN_CITY_SLOUGH",5200,8405,"SUN CITY SLOUGH","03100203","89000000","SLOUGH","tbcmp_PD_HA_IntHigh_2080","PD","HA","IntHigh","2080",8.30768290922
"03100203_89000000_SUN_CITY_SLOUGH",5400,460,"SUN CITY SLOUGH","03100203","89000000","SLOUGH","tbcmp_PD_HA_IntHigh_2080","PD","HA","IntHigh","2080",0.45467390104
"03100203_89000000_SUN_CITY_SLOUGH",6110,136729,"SUN CITY SLOUGH","03100203","89000000","SLOUGH","tbcmp_PD_HA_IntHigh_2080","PD","HA","IntHigh","2080",135.145886554996
"03100203_89000000_SUN_CITY_SLOUGH",6410,15603,"SUN CITY SLOUGH","03100203","89000000","SLOUGH","tbcmp_PD_HA_IntHigh_2080","PD","HA","IntHigh","2080",15.422341038972
"03100203_89000000_SUN_CITY_SLOUGH",6420,163,"SUN CITY SLOUGH","03100203","89000000","SLOUGH","tbcmp_PD_HA_IntHigh_2080","PD","HA","IntHigh","2080",0.161112708412
"03100203_89000000_SUN_CITY_SLOUGH",6425,690,"SUN CITY SLOUGH","03100203","89000000","SLOUGH","tbcmp_PD_HA_IntHigh_2080","PD","HA","IntHigh","2080",0.68201085156
"03100203_89000000_SUN_CITY_SLOUGH",6510,476,"SUN CITY SLOUGH","03100203","89000000","SLOUGH","tbcmp_PD_HA_IntHigh_2080","PD","HA","IntHigh","2080",0.470488645424
"03100203_89000000_SUN_CITY_SLOUGH",6600,423,"SUN CITY SLOUGH","03100203","89000000","SLOUGH","tbcmp_PD_HA_IntHigh_2080","PD","HA","IntHigh","2080",0.418102304652
"03100203_89000000_SUN_CITY_SLOUGH",9113,1823,"SUN CITY SLOUGH","03100203","89000000","SLOUGH","tbcmp_PD_HA_IntHigh_2080","PD","HA","IntHigh","2080",1.801892438252
"03100203_90000000_MILL_BAYOU",1100,146902,"MILL BAYOU","03100203","90000000","BAYOU","tbcmp_PD_HA_IntHigh_2080","PD","HA","IntHigh","2080",145.201098718648
"03100203_90000000_MILL_BAYOU",1200,420253,"MILL BAYOU","03100203","90000000","BAYOU","tbcmp_PD_HA_IntHigh_2080","PD","HA","IntHigh","2080",415.387110725572
"03100203_90000000_MILL_BAYOU",1800,4105,"MILL BAYOU","03100203","90000000","BAYOU","tbcmp_PD_HA_IntHigh_2080","PD","HA","IntHigh","2080",4.05747035602
"03100203_90000000_MILL_BAYOU",1900,104512,"MILL BAYOU","03100203","90000000","BAYOU","tbcmp_PD_HA_IntHigh_2080","PD","HA","IntHigh","2080",103.301910316288
"03100203_90000000_MILL_BAYOU",2100,46021,"MILL BAYOU","03100203","90000000","BAYOU","tbcmp_PD_HA_IntHigh_2080","PD","HA","IntHigh","2080",45.488146956004
"03100203_90000000_MILL_BAYOU",2400,39964,"MILL BAYOU","03100203","90000000","BAYOU","tbcmp_PD_HA_IntHigh_2080","PD","HA","IntHigh","2080",39.501277785136
"03100203_90000000_MILL_BAYOU",4100,26597,"MILL BAYOU","03100203","90000000","BAYOU","tbcmp_PD_HA_IntHigh_2080","PD","HA","IntHigh","2080",26.289047273828
"03100203_90000000_MILL_BAYOU",5200,40970,"MILL BAYOU","03100203","90000000","BAYOU","tbcmp_PD_HA_IntHigh_2080","PD","HA","IntHigh","2080",40.49562983828
"03100203_90000000_MILL_BAYOU",5400,100350,"MILL BAYOU","03100203","90000000","BAYOU","tbcmp_PD_HA_IntHigh_2080","PD","HA","IntHigh","2080",99.1880999334
"03100203_90000000_MILL_BAYOU",6110,2143,"MILL BAYOU","03100203","90000000","BAYOU","tbcmp_PD_HA_IntHigh_2080","PD","HA","IntHigh","2080",2.118187325932
"03100203_90000000_MILL_BAYOU",6420,2967,"MILL BAYOU","03100203","90000000","BAYOU","tbcmp_PD_HA_IntHigh_2080","PD","HA","IntHigh","2080",2.932646661708
"03100203_90000000_MILL_BAYOU",6425,45603,"MILL BAYOU","03100203","90000000","BAYOU","tbcmp_PD_HA_IntHigh_2080","PD","HA","IntHigh","2080",45.074986758972
"03100203_90000000_MILL_BAYOU",6510,40629,"MILL BAYOU","03100203","90000000","BAYOU","tbcmp_PD_HA_IntHigh_2080","PD","HA","IntHigh","2080",40.158578098596
"03100203_90000000_MILL_BAYOU",6600,4664,"MILL BAYOU","03100203","90000000","BAYOU","tbcmp_PD_HA_IntHigh_2080","PD","HA","IntHigh","2080",4.609997987936
"03100203_90000000_MILL_BAYOU",9113,34828,"MILL BAYOU","03100203","90000000","BAYOU","tbcmp_PD_HA_IntHigh_2080","PD","HA","IntHigh","2080",34.424744837872
"03100203_95000000_RUSKIN_INLET_MARSH_BR",1100,353706,"RUSKIN INLET MARSH BR","03100203","95000000","STREAM","tbcmp_PD_HA_IntHigh_2080","PD","HA","IntHigh","2080",349.610623567944
"03100203_95000000_RUSKIN_INLET_MARSH_BR",1200,2571572,"RUSKIN INLET MARSH BR","03100203","95000000","STREAM","tbcmp_PD_HA_IntHigh_2080","PD","HA","IntHigh","2080",2541.79711531573
"03100203_95000000_RUSKIN_INLET_MARSH_BR",1800,22803,"RUSKIN INLET MARSH BR","03100203","95000000","STREAM","tbcmp_PD_HA_IntHigh_2080","PD","HA","IntHigh","2080",22.538976011772
"03100203_95000000_RUSKIN_INLET_MARSH_BR",1900,188277,"RUSKIN INLET MARSH BR","03100203","95000000","STREAM","tbcmp_PD_HA_IntHigh_2080","PD","HA","IntHigh","2080",186.097039274148
"03100203_95000000_RUSKIN_INLET_MARSH_BR",2100,204413,"RUSKIN INLET MARSH BR","03100203","95000000","STREAM","tbcmp_PD_HA_IntHigh_2080","PD","HA","IntHigh","2080",202.046208985412
"03100203_95000000_RUSKIN_INLET_MARSH_BR",2200,12539,"RUSKIN INLET MARSH BR","03100203","95000000","STREAM","tbcmp_PD_HA_IntHigh_2080","PD","HA","IntHigh","2080",12.393817489436
"03100203_95000000_RUSKIN_INLET_MARSH_BR",2400,66060,"RUSKIN INLET MARSH BR","03100203","95000000","STREAM","tbcmp_PD_HA_IntHigh_2080","PD","HA","IntHigh","2080",65.29512587544
"03100203_95000000_RUSKIN_INLET_MARSH_BR",3200,10806,"RUSKIN INLET MARSH BR","03100203","95000000","STREAM","tbcmp_PD_HA_IntHigh_2080","PD","HA","IntHigh","2080",10.680882988344
"03100203_95000000_RUSKIN_INLET_MARSH_BR",4100,144601,"RUSKIN INLET MARSH BR","03100203","95000000","STREAM","tbcmp_PD_HA_IntHigh_2080","PD","HA","IntHigh","2080",142.926740791924
"03100203_95000000_RUSKIN_INLET_MARSH_BR",5200,177947,"RUSKIN INLET MARSH BR","03100203","95000000","STREAM","tbcmp_PD_HA_IntHigh_2080","PD","HA","IntHigh","2080",175.886644931228
"03100203_95000000_RUSKIN_INLET_MARSH_BR",5400,209911,"RUSKIN INLET MARSH BR","03100203","95000000","STREAM","tbcmp_PD_HA_IntHigh_2080","PD","HA","IntHigh","2080",207.480550524364
"03100203_95000000_RUSKIN_INLET_MARSH_BR",6110,133449,"RUSKIN INLET MARSH BR","03100203","95000000","STREAM","tbcmp_PD_HA_IntHigh_2080","PD","HA","IntHigh","2080",131.903863956276
"03100203_95000000_RUSKIN_INLET_MARSH_BR",6120,33093,"RUSKIN INLET MARSH BR","03100203","95000000","STREAM","tbcmp_PD_HA_IntHigh_2080","PD","HA","IntHigh","2080",32.709833493732
"03100203_95000000_RUSKIN_INLET_MARSH_BR",6410,31349,"RUSKIN INLET MARSH BR","03100203","95000000","STREAM","tbcmp_PD_HA_IntHigh_2080","PD","HA","IntHigh","2080",30.986026355876
"03100203_95000000_RUSKIN_INLET_MARSH_BR",6420,14161,"RUSKIN INLET MARSH BR","03100203","95000000","STREAM","tbcmp_PD_HA_IntHigh_2080","PD","HA","IntHigh","2080",13.997037201364
"03100203_95000000_RUSKIN_INLET_MARSH_BR",6425,10986,"RUSKIN INLET MARSH BR","03100203","95000000","STREAM","tbcmp_PD_HA_IntHigh_2080","PD","HA","IntHigh","2080",10.858798862664
"03100203_95000000_RUSKIN_INLET_MARSH_BR",6510,5891,"RUSKIN INLET MARSH BR","03100203","95000000","STREAM","tbcmp_PD_HA_IntHigh_2080","PD","HA","IntHigh","2080",5.822791197884
"03100203_95000000_RUSKIN_INLET_MARSH_BR",6600,41690,"RUSKIN INLET MARSH BR","03100203","95000000","STREAM","tbcmp_PD_HA_IntHigh_2080","PD","HA","IntHigh","2080",41.20729333556
"03100203_95000000_RUSKIN_INLET_MARSH_BR",9113,22354,"RUSKIN INLET MARSH BR","03100203","95000000","STREAM","tbcmp_PD_HA_IntHigh_2080","PD","HA","IntHigh","2080",22.095174747496
"03100203_99000000_LITTLE_MANATEE_RIVER",0,130,"LITTLE MANATEE RIVER","03100203","99000000","STREAM","tbcmp_PD_HA_IntHigh_2080","PD","HA","IntHigh","2080",0.12849479812
"03100203_99000000_LITTLE_MANATEE_RIVER",1100,2606387,"LITTLE MANATEE RIVER","03100203","99000000","STREAM","tbcmp_PD_HA_IntHigh_2080","PD","HA","IntHigh","2080",2576.20901067379
"03100203_99000000_LITTLE_MANATEE_RIVER",1200,10218584,"LITTLE MANATEE RIVER","03100203","99000000","STREAM","tbcmp_PD_HA_IntHigh_2080","PD","HA","IntHigh","2080",10100.268370402
"03100203_99000000_LITTLE_MANATEE_RIVER",1800,111112,"LITTLE MANATEE RIVER","03100203","99000000","STREAM","tbcmp_PD_HA_IntHigh_2080","PD","HA","IntHigh","2080",109.825492374688
"03100203_99000000_LITTLE_MANATEE_RIVER",1820,140187,"LITTLE MANATEE RIVER","03100203","99000000","STREAM","tbcmp_PD_HA_IntHigh_2080","PD","HA","IntHigh","2080",138.563848184988
"03100203_99000000_LITTLE_MANATEE_RIVER",1900,4012986,"LITTLE MANATEE RIVER","03100203","99000000","STREAM","tbcmp_PD_HA_IntHigh_2080","PD","HA","IntHigh","2080",3966.52173791066
"03100203_99000000_LITTLE_MANATEE_RIVER",2100,7359930,"LITTLE MANATEE RIVER","03100203","99000000","STREAM","tbcmp_PD_HA_IntHigh_2080","PD","HA","IntHigh","2080",7274.71322713332
"03100203_99000000_LITTLE_MANATEE_RIVER",2200,111694,"LITTLE MANATEE RIVER","03100203","99000000","STREAM","tbcmp_PD_HA_IntHigh_2080","PD","HA","IntHigh","2080",110.400753701656
"03100203_99000000_LITTLE_MANATEE_RIVER",2400,856119,"LITTLE MANATEE RIVER","03100203","99000000","STREAM","tbcmp_PD_HA_IntHigh_2080","PD","HA","IntHigh","2080",846.206446705356
"03100203_99000000_LITTLE_MANATEE_RIVER",3200,2044712,"LITTLE MANATEE RIVER","03100203","99000000","STREAM","tbcmp_PD_HA_IntHigh_2080","PD","HA","IntHigh","2080",2021.03735118109
"03100203_99000000_LITTLE_MANATEE_RIVER",4100,3373740,"LITTLE MANATEE RIVER","03100203","99000000","STREAM","tbcmp_PD_HA_IntHigh_2080","PD","HA","IntHigh","2080",3334.67723237976
"03100203_99000000_LITTLE_MANATEE_RIVER",4400,236810,"LITTLE MANATEE RIVER","03100203","99000000","STREAM","tbcmp_PD_HA_IntHigh_2080","PD","HA","IntHigh","2080",234.06810109844
"03100203_99000000_LITTLE_MANATEE_RIVER",5200,2539116,"LITTLE MANATEE RIVER","03100203","99000000","STREAM","tbcmp_PD_HA_IntHigh_2080","PD","HA","IntHigh","2080",2509.71690633278
"03100203_99000000_LITTLE_MANATEE_RIVER",5400,1108061,"LITTLE MANATEE RIVER","03100203","99000000","STREAM","tbcmp_PD_HA_IntHigh_2080","PD","HA","IntHigh","2080",1095.23134230496
"03100203_99000000_LITTLE_MANATEE_RIVER",6110,4220504,"LITTLE MANATEE RIVER","03100203","99000000","STREAM","tbcmp_PD_HA_IntHigh_2080","PD","HA","IntHigh","2080",4171.63699572809
"03100203_99000000_LITTLE_MANATEE_RIVER",6120,271283,"LITTLE MANATEE RIVER","03100203","99000000","STREAM","tbcmp_PD_HA_IntHigh_2080","PD","HA","IntHigh","2080",268.141956295292
"03100203_99000000_LITTLE_MANATEE_RIVER",6410,1244924,"LITTLE MANATEE RIVER","03100203","99000000","STREAM","tbcmp_PD_HA_IntHigh_2080","PD","HA","IntHigh","2080",1230.50967734418
"03100203_99000000_LITTLE_MANATEE_RIVER",6420,74081,"LITTLE MANATEE RIVER","03100203","99000000","STREAM","tbcmp_PD_HA_IntHigh_2080","PD","HA","IntHigh","2080",73.223254919444
"03100203_99000000_LITTLE_MANATEE_RIVER",6425,272746,"LITTLE MANATEE RIVER","03100203","99000000","STREAM","tbcmp_PD_HA_IntHigh_2080","PD","HA","IntHigh","2080",269.588016984904
"03100203_99000000_LITTLE_MANATEE_RIVER",6510,170191,"LITTLE MANATEE RIVER","03100203","99000000","STREAM","tbcmp_PD_HA_IntHigh_2080","PD","HA","IntHigh","2080",168.220447591084
"03100203_99000000_LITTLE_MANATEE_RIVER",6600,174465,"LITTLE MANATEE RIVER","03100203","99000000","STREAM","tbcmp_PD_HA_IntHigh_2080","PD","HA","IntHigh","2080",172.44496118466
"03100203_99000000_LITTLE_MANATEE_RIVER",9113,676315,"LITTLE MANATEE RIVER","03100203","99000000","STREAM","tbcmp_PD_HA_IntHigh_2080","PD","HA","IntHigh","2080",668.48430300406
"03100203_99000000_MINED_AREA",1200,41587,"MINED AREA","03100203","99000000","NONCON","tbcmp_PD_HA_IntHigh_2080","PD","HA","IntHigh","2080",41.105485918588
"03100203_99000000_MINED_AREA",1900,136239,"MINED AREA","03100203","99000000","NONCON","tbcmp_PD_HA_IntHigh_2080","PD","HA","IntHigh","2080",134.661560008236
"03100203_99000000_MINED_AREA",4400,13751,"MINED AREA","03100203","99000000","NONCON","tbcmp_PD_HA_IntHigh_2080","PD","HA","IntHigh","2080",13.591784376524
"03100203_99000000_MINED_AREA",6110,1160,"MINED AREA","03100203","99000000","NONCON","tbcmp_PD_HA_IntHigh_2080","PD","HA","IntHigh","2080",1.14656896784
"03100204_30990000_POLEY_CREEK",1100,68189,"POLEY CREEK","03100204","30990000","STREAM","tbcmp_PD_HA_IntHigh_2080","PD","HA","IntHigh","2080",67.399475300036
"03100204_30990000_POLEY_CREEK",1200,284446,"POLEY CREEK","03100204","30990000","STREAM","tbcmp_PD_HA_IntHigh_2080","PD","HA","IntHigh","2080",281.152548815704
"03100204_30990000_POLEY_CREEK",1900,8374,"POLEY CREEK","03100204","30990000","STREAM","tbcmp_PD_HA_IntHigh_2080","PD","HA","IntHigh","2080",8.277041841976
"03100204_30990000_POLEY_CREEK",3200,27370,"POLEY CREEK","03100204","30990000","STREAM","tbcmp_PD_HA_IntHigh_2080","PD","HA","IntHigh","2080",27.05309711188
"03100204_30990000_POLEY_CREEK",4100,29974,"POLEY CREEK","03100204","30990000","STREAM","tbcmp_PD_HA_IntHigh_2080","PD","HA","IntHigh","2080",29.626946760376
"03100204_30990000_POLEY_CREEK",5200,762,"POLEY CREEK","03100204","30990000","STREAM","tbcmp_PD_HA_IntHigh_2080","PD","HA","IntHigh","2080",0.753177201288
"03100204_30990000_POLEY_CREEK",6110,94119,"POLEY CREEK","03100204","30990000","STREAM","tbcmp_PD_HA_IntHigh_2080","PD","HA","IntHigh","2080",93.029245417356
"03100204_30990000_POLEY_CREEK",6410,5239,"POLEY CREEK","03100204","30990000","STREAM","tbcmp_PD_HA_IntHigh_2080","PD","HA","IntHigh","2080",5.178340364236
"03100204_34400000_HAMILTON_BRANCH",1100,116312,"HAMILTON BRANCH","03100204","34400000","STREAM","tbcmp_PD_HA_IntHigh_2080","PD","HA","IntHigh","2080",114.965284299488
"03100204_34400000_HAMILTON_BRANCH",1200,769626,"HAMILTON BRANCH","03100204","34400000","STREAM","tbcmp_PD_HA_IntHigh_2080","PD","HA","IntHigh","2080",760.714903830024
"03100204_34400000_HAMILTON_BRANCH",1900,300492,"HAMILTON BRANCH","03100204","34400000","STREAM","tbcmp_PD_HA_IntHigh_2080","PD","HA","IntHigh","2080",297.012760589808
"03100204_34400000_HAMILTON_BRANCH",2100,224444,"HAMILTON BRANCH","03100204","34400000","STREAM","tbcmp_PD_HA_IntHigh_2080","PD","HA","IntHigh","2080",221.845280532656
"03100204_34400000_HAMILTON_BRANCH",4100,144936,"HAMILTON BRANCH","03100204","34400000","STREAM","tbcmp_PD_HA_IntHigh_2080","PD","HA","IntHigh","2080",143.257862002464
"03100204_34400000_HAMILTON_BRANCH",4400,5201,"HAMILTON BRANCH","03100204","34400000","STREAM","tbcmp_PD_HA_IntHigh_2080","PD","HA","IntHigh","2080",5.140780346324
"03100204_34400000_HAMILTON_BRANCH",5200,91041,"HAMILTON BRANCH","03100204","34400000","STREAM","tbcmp_PD_HA_IntHigh_2080","PD","HA","IntHigh","2080",89.986883966484
"03100204_34400000_HAMILTON_BRANCH",6110,137725,"HAMILTON BRANCH","03100204","34400000","STREAM","tbcmp_PD_HA_IntHigh_2080","PD","HA","IntHigh","2080",136.1303543929
"03100204_34400000_HAMILTON_BRANCH",6410,167998,"HAMILTON BRANCH","03100204","34400000","STREAM","tbcmp_PD_HA_IntHigh_2080","PD","HA","IntHigh","2080",166.052839188952
"03100204_34450000_AIRPORT_BRANCH",1100,1490,"AIRPORT BRANCH","03100204","34450000","STREAM","tbcmp_PD_HA_IntHigh_2080","PD","HA","IntHigh","2080",1.47274807076
"03100204_34450000_AIRPORT_BRANCH",1200,36522,"AIRPORT BRANCH","03100204","34450000","STREAM","tbcmp_PD_HA_IntHigh_2080","PD","HA","IntHigh","2080",36.099130899528
"03100204_34450000_AIRPORT_BRANCH",1900,18215,"AIRPORT BRANCH","03100204","34450000","STREAM","tbcmp_PD_HA_IntHigh_2080","PD","HA","IntHigh","2080",18.00409805966
"03100204_34450000_AIRPORT_BRANCH",2100,52533,"AIRPORT BRANCH","03100204","34450000","STREAM","tbcmp_PD_HA_IntHigh_2080","PD","HA","IntHigh","2080",51.924747920292
"03100204_34450000_AIRPORT_BRANCH",2200,9454,"AIRPORT BRANCH","03100204","34450000","STREAM","tbcmp_PD_HA_IntHigh_2080","PD","HA","IntHigh","2080",9.344537087896
"03100204_34450000_AIRPORT_BRANCH",3200,40048,"AIRPORT BRANCH","03100204","34450000","STREAM","tbcmp_PD_HA_IntHigh_2080","PD","HA","IntHigh","2080",39.584305193152
"03100204_34450000_AIRPORT_BRANCH",4100,62173,"AIRPORT BRANCH","03100204","34450000","STREAM","tbcmp_PD_HA_IntHigh_2080","PD","HA","IntHigh","2080",61.453131411652
"03100204_34450000_AIRPORT_BRANCH",5200,4205,"AIRPORT BRANCH","03100204","34450000","STREAM","tbcmp_PD_HA_IntHigh_2080","PD","HA","IntHigh","2080",4.15631250842
"03100204_34450000_AIRPORT_BRANCH",6110,34785,"AIRPORT BRANCH","03100204","34450000","STREAM","tbcmp_PD_HA_IntHigh_2080","PD","HA","IntHigh","2080",34.38224271234
"03100204_34450000_AIRPORT_BRANCH",6410,8500,"AIRPORT BRANCH","03100204","34450000","STREAM","tbcmp_PD_HA_IntHigh_2080","PD","HA","IntHigh","2080",8.401582954
"03100204_34700000_HOWELL_BRANCH",1100,1520818,"HOWELL BRANCH","03100204","34700000","STREAM","tbcmp_PD_HA_IntHigh_2080","PD","HA","IntHigh","2080",1503.20924528663
"03100204_34700000_HOWELL_BRANCH",1200,1050000,"HOWELL BRANCH","03100204","34700000","STREAM","tbcmp_PD_HA_IntHigh_2080","PD","HA","IntHigh","2080",1037.8426002
"03100204_34700000_HOWELL_BRANCH",1800,7248,"HOWELL BRANCH","03100204","34700000","STREAM","tbcmp_PD_HA_IntHigh_2080","PD","HA","IntHigh","2080",7.164079205952
"03100204_34700000_HOWELL_BRANCH",1900,378947,"HOWELL BRANCH","03100204","34700000","STREAM","tbcmp_PD_HA_IntHigh_2080","PD","HA","IntHigh","2080",374.559371255228
"03100204_34700000_HOWELL_BRANCH",2100,1597957,"HOWELL BRANCH","03100204","34700000","STREAM","tbcmp_PD_HA_IntHigh_2080","PD","HA","IntHigh","2080",1579.45509322647
"03100204_34700000_HOWELL_BRANCH",2200,3229,"HOWELL BRANCH","03100204","34700000","STREAM","tbcmp_PD_HA_IntHigh_2080","PD","HA","IntHigh","2080",3.191613100996
"03100204_34700000_HOWELL_BRANCH",2400,68161,"HOWELL BRANCH","03100204","34700000","STREAM","tbcmp_PD_HA_IntHigh_2080","PD","HA","IntHigh","2080",67.371799497364
"03100204_34700000_HOWELL_BRANCH",3200,10191,"HOWELL BRANCH","03100204","34700000","STREAM","tbcmp_PD_HA_IntHigh_2080","PD","HA","IntHigh","2080",10.073003751084
"03100204_34700000_HOWELL_BRANCH",4100,550154,"HOWELL BRANCH","03100204","34700000","STREAM","tbcmp_PD_HA_IntHigh_2080","PD","HA","IntHigh","2080",543.784055114696
"03100204_34700000_HOWELL_BRANCH",4400,26826,"HOWELL BRANCH","03100204","34700000","STREAM","tbcmp_PD_HA_IntHigh_2080","PD","HA","IntHigh","2080",26.515395802824
"03100204_34700000_HOWELL_BRANCH",5200,165199,"HOWELL BRANCH","03100204","34700000","STREAM","tbcmp_PD_HA_IntHigh_2080","PD","HA","IntHigh","2080",163.286247343276
"03100204_34700000_HOWELL_BRANCH",6110,427413,"HOWELL BRANCH","03100204","34700000","STREAM","tbcmp_PD_HA_IntHigh_2080","PD","HA","IntHigh","2080",422.464208837412
"03100204_34700000_HOWELL_BRANCH",6410,165683,"HOWELL BRANCH","03100204","34700000","STREAM","tbcmp_PD_HA_IntHigh_2080","PD","HA","IntHigh","2080",163.764643360892
"03100204_34990000_ENGLISH_CREEK",1100,2527947,"ENGLISH CREEK","03100204","34990000","STREAM","tbcmp_PD_HA_IntHigh_2080","PD","HA","IntHigh","2080",2498.67722633123
"03100204_34990000_ENGLISH_CREEK",1200,2214092,"ENGLISH CREEK","03100204","34990000","STREAM","tbcmp_PD_HA_IntHigh_2080","PD","HA","IntHigh","2080",2188.45618891621
"03100204_34990000_ENGLISH_CREEK",1800,4686,"ENGLISH CREEK","03100204","34990000","STREAM","tbcmp_PD_HA_IntHigh_2080","PD","HA","IntHigh","2080",4.631743261464
"03100204_34990000_ENGLISH_CREEK",1900,642377,"ENGLISH CREEK","03100204","34990000","STREAM","tbcmp_PD_HA_IntHigh_2080","PD","HA","IntHigh","2080",634.939253322548
"03100204_34990000_ENGLISH_CREEK",2100,1588432,"ENGLISH CREEK","03100204","34990000","STREAM","tbcmp_PD_HA_IntHigh_2080","PD","HA","IntHigh","2080",1570.04037821037
"03100204_34990000_ENGLISH_CREEK",2200,20576,"ENGLISH CREEK","03100204","34990000","STREAM","tbcmp_PD_HA_IntHigh_2080","PD","HA","IntHigh","2080",20.337761277824
"03100204_34990000_ENGLISH_CREEK",2400,198681,"ENGLISH CREEK","03100204","34990000","STREAM","tbcmp_PD_HA_IntHigh_2080","PD","HA","IntHigh","2080",196.380576809844
"03100204_34990000_ENGLISH_CREEK",3200,159386,"ENGLISH CREEK","03100204","34990000","STREAM","tbcmp_PD_HA_IntHigh_2080","PD","HA","IntHigh","2080",157.540553024264
"03100204_34990000_ENGLISH_CREEK",4100,608382,"ENGLISH CREEK","03100204","34990000","STREAM","tbcmp_PD_HA_IntHigh_2080","PD","HA","IntHigh","2080",601.337863614168
"03100204_34990000_ENGLISH_CREEK",4400,5661,"ENGLISH CREEK","03100204","34990000","STREAM","tbcmp_PD_HA_IntHigh_2080","PD","HA","IntHigh","2080",5.595454247364
"03100204_34990000_ENGLISH_CREEK",5200,156922,"ENGLISH CREEK","03100204","34990000","STREAM","tbcmp_PD_HA_IntHigh_2080","PD","HA","IntHigh","2080",155.105082389128
"03100204_34990000_ENGLISH_CREEK",6110,1064373,"ENGLISH CREEK","03100204","34990000","STREAM","tbcmp_PD_HA_IntHigh_2080","PD","HA","IntHigh","2080",1052.04918276445
"03100204_34990000_ENGLISH_CREEK",6410,510812,"ENGLISH CREEK","03100204","34990000","STREAM","tbcmp_PD_HA_IntHigh_2080","PD","HA","IntHigh","2080",504.897575517488
"03100204_36000000_MINED_AREA",1100,608,"MINED AREA","03100204","36000000","NONCON","tbcmp_PD_HA_IntHigh_2080","PD","HA","IntHigh","2080",0.600960286592
"03100204_36000000_MINED_AREA",1200,594218,"MINED AREA","03100204","36000000","NONCON","tbcmp_PD_HA_IntHigh_2080","PD","HA","IntHigh","2080",587.337861148232
"03100204_36000000_MINED_AREA",1900,4004,"MINED AREA","03100204","36000000","NONCON","tbcmp_PD_HA_IntHigh_2080","PD","HA","IntHigh","2080",3.957639782096
"03100204_36000000_MINED_AREA",2100,85,"MINED AREA","03100204","36000000","NONCON","tbcmp_PD_HA_IntHigh_2080","PD","HA","IntHigh","2080",0.08401582954
"03100204_36000000_MINED_AREA",4400,3023,"MINED AREA","03100204","36000000","NONCON","tbcmp_PD_HA_IntHigh_2080","PD","HA","IntHigh","2080",2.987998267052
"03100204_36990000_THIRTYMILE_CREEK",1100,381248,"THIRTYMILE CREEK","03100204","36990000","STREAM","tbcmp_PD_HA_IntHigh_2080","PD","HA","IntHigh","2080",376.833729181952
"03100204_36990000_THIRTYMILE_CREEK",1200,243902,"THIRTYMILE CREEK","03100204","36990000","STREAM","tbcmp_PD_HA_IntHigh_2080","PD","HA","IntHigh","2080",241.077986546648
"03100204_36990000_THIRTYMILE_CREEK",1900,563043,"THIRTYMILE CREEK","03100204","36990000","STREAM","tbcmp_PD_HA_IntHigh_2080","PD","HA","IntHigh","2080",556.523820137532
"03100204_36990000_THIRTYMILE_CREEK",2100,393411,"THIRTYMILE CREEK","03100204","36990000","STREAM","tbcmp_PD_HA_IntHigh_2080","PD","HA","IntHigh","2080",388.855900178364
"03100204_36990000_THIRTYMILE_CREEK",2200,80,"THIRTYMILE CREEK","03100204","36990000","STREAM","tbcmp_PD_HA_IntHigh_2080","PD","HA","IntHigh","2080",0.07907372192
"03100204_36990000_THIRTYMILE_CREEK",2400,55235,"THIRTYMILE CREEK","03100204","36990000","STREAM","tbcmp_PD_HA_IntHigh_2080","PD","HA","IntHigh","2080",54.59546287814
"03100204_36990000_THIRTYMILE_CREEK",4100,110502,"THIRTYMILE CREEK","03100204","36990000","STREAM","tbcmp_PD_HA_IntHigh_2080","PD","HA","IntHigh","2080",109.222555245048
"03100204_36990000_THIRTYMILE_CREEK",4400,130696,"THIRTYMILE CREEK","03100204","36990000","STREAM","tbcmp_PD_HA_IntHigh_2080","PD","HA","IntHigh","2080",129.182739500704
"03100204_36990000_THIRTYMILE_CREEK",5200,66188,"THIRTYMILE CREEK","03100204","36990000","STREAM","tbcmp_PD_HA_IntHigh_2080","PD","HA","IntHigh","2080",65.421643830512
"03100204_36990000_THIRTYMILE_CREEK",6110,290728,"THIRTYMILE CREEK","03100204","36990000","STREAM","tbcmp_PD_HA_IntHigh_2080","PD","HA","IntHigh","2080",287.361812829472
"03100204_36990000_THIRTYMILE_CREEK",6410,146816,"THIRTYMILE CREEK","03100204","36990000","STREAM","tbcmp_PD_HA_IntHigh_2080","PD","HA","IntHigh","2080",145.116094467584
"03100204_38000000_SLOMAN_BRANCH",1100,552571,"SLOMAN BRANCH","03100204","38000000","STREAM","tbcmp_PD_HA_IntHigh_2080","PD","HA","IntHigh","2080",546.173069938204
"03100204_38000000_SLOMAN_BRANCH",1200,4304,"SLOMAN BRANCH","03100204","38000000","STREAM","tbcmp_PD_HA_IntHigh_2080","PD","HA","IntHigh","2080",4.254166239296
"03100204_38000000_SLOMAN_BRANCH",1900,31051,"SLOMAN BRANCH","03100204","38000000","STREAM","tbcmp_PD_HA_IntHigh_2080","PD","HA","IntHigh","2080",30.691476741724
"03100204_38000000_SLOMAN_BRANCH",2100,376401,"SLOMAN BRANCH","03100204","38000000","STREAM","tbcmp_PD_HA_IntHigh_2080","PD","HA","IntHigh","2080",372.042850055124
"03100204_38000000_SLOMAN_BRANCH",2200,21067,"SLOMAN BRANCH","03100204","38000000","STREAM","tbcmp_PD_HA_IntHigh_2080","PD","HA","IntHigh","2080",20.823076246108
"03100204_38000000_SLOMAN_BRANCH",4100,90989,"SLOMAN BRANCH","03100204","38000000","STREAM","tbcmp_PD_HA_IntHigh_2080","PD","HA","IntHigh","2080",89.935486047236
"03100204_38000000_SLOMAN_BRANCH",4400,10387,"SLOMAN BRANCH","03100204","38000000","STREAM","tbcmp_PD_HA_IntHigh_2080","PD","HA","IntHigh","2080",10.266734369788
"03100204_38000000_SLOMAN_BRANCH",5200,3287,"SLOMAN BRANCH","03100204","38000000","STREAM","tbcmp_PD_HA_IntHigh_2080","PD","HA","IntHigh","2080",3.248941549388
"03100204_38000000_SLOMAN_BRANCH",6110,137193,"SLOMAN BRANCH","03100204","38000000","STREAM","tbcmp_PD_HA_IntHigh_2080","PD","HA","IntHigh","2080",135.604514142132
"03100204_38000000_SLOMAN_BRANCH",6410,9358,"SLOMAN BRANCH","03100204","38000000","STREAM","tbcmp_PD_HA_IntHigh_2080","PD","HA","IntHigh","2080",9.249648621592
"03100204_50000000_MINED_AREA",1200,338979,"MINED AREA","03100204","50000000","NONCON","tbcmp_PD_HA_IntHigh_2080","PD","HA","IntHigh","2080",335.054139783996
"03100204_50000000_MINED_AREA",1900,1026566,"MINED AREA","03100204","50000000","NONCON","tbcmp_PD_HA_IntHigh_2080","PD","HA","IntHigh","2080",1014.67993020658
"03100204_50000000_MINED_AREA",4400,72458,"MINED AREA","03100204","50000000","NONCON","tbcmp_PD_HA_IntHigh_2080","PD","HA","IntHigh","2080",71.619046785992
"03100204_50000000_MINED_AREA",5200,15337,"MINED AREA","03100204","50000000","NONCON","tbcmp_PD_HA_IntHigh_2080","PD","HA","IntHigh","2080",15.159420913588
"03100204_50000000_MINED_AREA",6110,46562,"MINED AREA","03100204","50000000","NONCON","tbcmp_PD_HA_IntHigh_2080","PD","HA","IntHigh","2080",46.022883000488
"03100204_50000000_MINED_AREA",6410,374888,"MINED AREA","03100204","50000000","NONCON","tbcmp_PD_HA_IntHigh_2080","PD","HA","IntHigh","2080",370.547368289312
"03100204_50370000_LAKE_BRANCH",1100,13139,"LAKE BRANCH","03100204","50370000","STREAM","tbcmp_PD_HA_IntHigh_2080","PD","HA","IntHigh","2080",12.986870403836
"03100204_50370000_LAKE_BRANCH",1200,21339,"LAKE BRANCH","03100204","50370000","STREAM","tbcmp_PD_HA_IntHigh_2080","PD","HA","IntHigh","2080",21.091926900636
"03100204_50370000_LAKE_BRANCH",1900,1677529,"LAKE BRANCH","03100204","50370000","STREAM","tbcmp_PD_HA_IntHigh_2080","PD","HA","IntHigh","2080",1658.1057707342
"03100204_50370000_LAKE_BRANCH",2100,69780,"LAKE BRANCH","03100204","50370000","STREAM","tbcmp_PD_HA_IntHigh_2080","PD","HA","IntHigh","2080",68.97205394472
"03100204_50370000_LAKE_BRANCH",4400,270993,"LAKE BRANCH","03100204","50370000","STREAM","tbcmp_PD_HA_IntHigh_2080","PD","HA","IntHigh","2080",267.855314053332
"03100204_50370000_LAKE_BRANCH",5200,81212,"LAKE BRANCH","03100204","50370000","STREAM","tbcmp_PD_HA_IntHigh_2080","PD","HA","IntHigh","2080",80.271688807088
"03100204_50370000_LAKE_BRANCH",6110,499221,"LAKE BRANCH","03100204","50370000","STREAM","tbcmp_PD_HA_IntHigh_2080","PD","HA","IntHigh","2080",493.440781632804
"03100204_50370000_LAKE_BRANCH",6410,305687,"LAKE BRANCH","03100204","50370000","STREAM","tbcmp_PD_HA_IntHigh_2080","PD","HA","IntHigh","2080",302.147610406988
"03100204_50370000_MINED_AREA",1100,526,"MINED AREA","03100204","50370000","NONCON","tbcmp_PD_HA_IntHigh_2080","PD","HA","IntHigh","2080",0.519909721624
"03100204_50370000_MINED_AREA",1900,731238,"MINED AREA","03100204","50370000","NONCON","tbcmp_PD_HA_IntHigh_2080","PD","HA","IntHigh","2080",722.771378366712
"03100204_50370000_MINED_AREA",4400,119077,"MINED AREA","03100204","50370000","NONCON","tbcmp_PD_HA_IntHigh_2080","PD","HA","IntHigh","2080",117.698269813348
"03100204_50370000_MINED_AREA",5200,118919,"MINED AREA","03100204","50370000","NONCON","tbcmp_PD_HA_IntHigh_2080","PD","HA","IntHigh","2080",117.542099212556
"03100204_50370000_MINED_AREA",6110,18462,"MINED AREA","03100204","50370000","NONCON","tbcmp_PD_HA_IntHigh_2080","PD","HA","IntHigh","2080",18.248238176088
"03100204_50370000_MINED_AREA",6410,303557,"MINED AREA","03100204","50370000","NONCON","tbcmp_PD_HA_IntHigh_2080","PD","HA","IntHigh","2080",300.042272560868
"03100204_50480000_MINED_AREA",1900,463315,"MINED AREA","03100204","50480000","NONCON","tbcmp_PD_HA_IntHigh_2080","PD","HA","IntHigh","2080",457.95051839206
"03100204_50480000_MINED_AREA",4400,59667,"MINED AREA","03100204","50480000","NONCON","tbcmp_PD_HA_IntHigh_2080","PD","HA","IntHigh","2080",58.976147072508
"03100204_50480000_MINED_AREA",6110,16060,"MINED AREA","03100204","50480000","NONCON","tbcmp_PD_HA_IntHigh_2080","PD","HA","IntHigh","2080",15.87404967544
"03100204_50488500_GULLY_BRANCH",1900,118722,"GULLY BRANCH","03100204","50488500","STREAM","tbcmp_PD_HA_IntHigh_2080","PD","HA","IntHigh","2080",117.347380172328
"03100204_50488500_GULLY_BRANCH",4100,319,"GULLY BRANCH","03100204","50488500","STREAM","tbcmp_PD_HA_IntHigh_2080","PD","HA","IntHigh","2080",0.315306466156
"03100204_50488500_GULLY_BRANCH",5200,13511,"GULLY BRANCH","03100204","50488500","STREAM","tbcmp_PD_HA_IntHigh_2080","PD","HA","IntHigh","2080",13.354563210764
"03100204_50488500_GULLY_BRANCH",6110,113212,"GULLY BRANCH","03100204","50488500","STREAM","tbcmp_PD_HA_IntHigh_2080","PD","HA","IntHigh","2080",111.901177575088
"03100204_50488500_MINED_AREA",1900,461453,"MINED AREA","03100204","50488500","NONCON","tbcmp_PD_HA_IntHigh_2080","PD","HA","IntHigh","2080",456.110077514372
"03100204_50488500_MINED_AREA",4100,21406,"MINED AREA","03100204","50488500","NONCON","tbcmp_PD_HA_IntHigh_2080","PD","HA","IntHigh","2080",21.158151142744
"03100204_50488500_MINED_AREA",4400,36779,"MINED AREA","03100204","50488500","NONCON","tbcmp_PD_HA_IntHigh_2080","PD","HA","IntHigh","2080",36.353155231196
"03100204_50488500_MINED_AREA",5200,119027,"MINED AREA","03100204","50488500","NONCON","tbcmp_PD_HA_IntHigh_2080","PD","HA","IntHigh","2080",117.648848737148
"03100204_50488500_MINED_AREA",6110,7884,"MINED AREA","03100204","50488500","NONCON","tbcmp_PD_HA_IntHigh_2080","PD","HA","IntHigh","2080",7.792715295216
"03100204_50488500_MINED_AREA",6410,288936,"MINED AREA","03100204","50488500","NONCON","tbcmp_PD_HA_IntHigh_2080","PD","HA","IntHigh","2080",285.590561458464
"03100204_50489900_BOGGY_BRANCH",1900,967093,"BOGGY BRANCH","03100204","50489900","STREAM","tbcmp_PD_HA_IntHigh_2080","PD","HA","IntHigh","2080",955.895536909732
"03100204_50489900_BOGGY_BRANCH",2100,3166,"BOGGY BRANCH","03100204","50489900","STREAM","tbcmp_PD_HA_IntHigh_2080","PD","HA","IntHigh","2080",3.129342544984
"03100204_50489900_BOGGY_BRANCH",4100,9459,"BOGGY BRANCH","03100204","50489900","STREAM","tbcmp_PD_HA_IntHigh_2080","PD","HA","IntHigh","2080",9.349479195516
"03100204_50489900_BOGGY_BRANCH",4400,7834,"BOGGY BRANCH","03100204","50489900","STREAM","tbcmp_PD_HA_IntHigh_2080","PD","HA","IntHigh","2080",7.743294219016
"03100204_50489900_BOGGY_BRANCH",5200,48153,"BOGGY BRANCH","03100204","50489900","STREAM","tbcmp_PD_HA_IntHigh_2080","PD","HA","IntHigh","2080",47.595461645172
"03100204_50489900_BOGGY_BRANCH",6110,380694,"BOGGY BRANCH","03100204","50489900","STREAM","tbcmp_PD_HA_IntHigh_2080","PD","HA","IntHigh","2080",376.286143657656
"03100204_50489900_BOGGY_BRANCH",6410,33048,"BOGGY BRANCH","03100204","50489900","STREAM","tbcmp_PD_HA_IntHigh_2080","PD","HA","IntHigh","2080",32.665354525152
"03100204_50500000_MINED_AREA",1100,2363,"MINED AREA","03100204","50500000","NONCON","tbcmp_PD_HA_IntHigh_2080","PD","HA","IntHigh","2080",2.335640061212
"03100204_50500000_MINED_AREA",1200,498629,"MINED AREA","03100204","50500000","NONCON","tbcmp_PD_HA_IntHigh_2080","PD","HA","IntHigh","2080",492.855636090596
"03100204_50500000_MINED_AREA",1900,692206,"MINED AREA","03100204","50500000","NONCON","tbcmp_PD_HA_IntHigh_2080","PD","HA","IntHigh","2080",684.191309441944
"03100204_50500000_MINED_AREA",5200,15200,"MINED AREA","03100204","50500000","NONCON","tbcmp_PD_HA_IntHigh_2080","PD","HA","IntHigh","2080",15.0240071648
"03100204_50500000_MINED_AREA",6410,26180,"MINED AREA","03100204","50500000","NONCON","tbcmp_PD_HA_IntHigh_2080","PD","HA","IntHigh","2080",25.87687549832
"03100204_50502000_LEWIS_BRANCH",1100,21459,"LEWIS BRANCH","03100204","50502000","SLOUGH","tbcmp_PD_HA_IntHigh_2080","PD","HA","IntHigh","2080",21.210537483516
"03100204_50502000_LEWIS_BRANCH",1200,1394798,"LEWIS BRANCH","03100204","50502000","SLOUGH","tbcmp_PD_HA_IntHigh_2080","PD","HA","IntHigh","2080",1378.64836483215
"03100204_50502000_LEWIS_BRANCH",1900,116469,"LEWIS BRANCH","03100204","50502000","SLOUGH","tbcmp_PD_HA_IntHigh_2080","PD","HA","IntHigh","2080",115.120466478756
"03100204_50502000_LEWIS_BRANCH",2100,1040462,"LEWIS BRANCH","03100204","50502000","SLOUGH","tbcmp_PD_HA_IntHigh_2080","PD","HA","IntHigh","2080",1028.41503570409
"03100204_50502000_LEWIS_BRANCH",2200,21237,"LEWIS BRANCH","03100204","50502000","SLOUGH","tbcmp_PD_HA_IntHigh_2080","PD","HA","IntHigh","2080",20.991107905188
"03100204_50502000_LEWIS_BRANCH",3200,5491,"LEWIS BRANCH","03100204","50502000","SLOUGH","tbcmp_PD_HA_IntHigh_2080","PD","HA","IntHigh","2080",5.427422588284
"03100204_50502000_LEWIS_BRANCH",4100,62895,"LEWIS BRANCH","03100204","50502000","SLOUGH","tbcmp_PD_HA_IntHigh_2080","PD","HA","IntHigh","2080",62.16677175198
"03100204_50502000_LEWIS_BRANCH",4400,25170,"LEWIS BRANCH","03100204","50502000","SLOUGH","tbcmp_PD_HA_IntHigh_2080","PD","HA","IntHigh","2080",24.87856975908
"03100204_50502000_LEWIS_BRANCH",5200,2254,"LEWIS BRANCH","03100204","50502000","SLOUGH","tbcmp_PD_HA_IntHigh_2080","PD","HA","IntHigh","2080",2.227902115096
"03100204_50502000_LEWIS_BRANCH",6110,327028,"LEWIS BRANCH","03100204","50502000","SLOUGH","tbcmp_PD_HA_IntHigh_2080","PD","HA","IntHigh","2080",323.241514150672
"03100204_50502000_LEWIS_BRANCH",6410,40389,"LEWIS BRANCH","03100204","50502000","SLOUGH","tbcmp_PD_HA_IntHigh_2080","PD","HA","IntHigh","2080",39.921356932836
"03100204_50509900_HURRAH_CREEK",1100,184411,"HURRAH CREEK","03100204","50509900","SLOUGH","tbcmp_PD_HA_IntHigh_2080","PD","HA","IntHigh","2080",182.275801662364
"03100204_50509900_HURRAH_CREEK",1200,2662740,"HURRAH CREEK","03100204","50509900","SLOUGH","tbcmp_PD_HA_IntHigh_2080","PD","HA","IntHigh","2080",2631.90952881576
"03100204_50509900_HURRAH_CREEK",1900,252247,"HURRAH CREEK","03100204","50509900","SLOUGH","tbcmp_PD_HA_IntHigh_2080","PD","HA","IntHigh","2080",249.326364164428
"03100204_50509900_HURRAH_CREEK",2100,1021641,"HURRAH CREEK","03100204","50509900","SLOUGH","tbcmp_PD_HA_IntHigh_2080","PD","HA","IntHigh","2080",1009.81195420088
"03100204_50509900_HURRAH_CREEK",2200,21479,"HURRAH CREEK","03100204","50509900","SLOUGH","tbcmp_PD_HA_IntHigh_2080","PD","HA","IntHigh","2080",21.230305913996
"03100204_50509900_HURRAH_CREEK",3200,13743,"HURRAH CREEK","03100204","50509900","SLOUGH","tbcmp_PD_HA_IntHigh_2080","PD","HA","IntHigh","2080",13.583877004332
"03100204_50509900_HURRAH_CREEK",4100,60170,"HURRAH CREEK","03100204","50509900","SLOUGH","tbcmp_PD_HA_IntHigh_2080","PD","HA","IntHigh","2080",59.47332309908
"03100204_50509900_HURRAH_CREEK",4400,9155,"HURRAH CREEK","03100204","50509900","SLOUGH","tbcmp_PD_HA_IntHigh_2080","PD","HA","IntHigh","2080",9.04899905222
"03100204_50509900_HURRAH_CREEK",5200,43688,"HURRAH CREEK","03100204","50509900","SLOUGH","tbcmp_PD_HA_IntHigh_2080","PD","HA","IntHigh","2080",43.182159540512
"03100204_50509900_HURRAH_CREEK",6110,809079,"HURRAH CREEK","03100204","50509900","SLOUGH","tbcmp_PD_HA_IntHigh_2080","PD","HA","IntHigh","2080",799.711098216396
"03100204_50509900_HURRAH_CREEK",6410,133922,"HURRAH CREEK","03100204","50509900","SLOUGH","tbcmp_PD_HA_IntHigh_2080","PD","HA","IntHigh","2080",132.371387337128
"03100204_50540000_MCMULLEN_BRANCH",1900,1343396,"MCMULLEN BRANCH","03100204","50540000","STREAM","tbcmp_PD_HA_IntHigh_2080","PD","HA","IntHigh","2080",1327.8415216555
"03100204_50540000_MCMULLEN_BRANCH",4400,107963,"MCMULLEN BRANCH","03100204","50540000","STREAM","tbcmp_PD_HA_IntHigh_2080","PD","HA","IntHigh","2080",106.712952995612
"03100204_50540000_MCMULLEN_BRANCH",5200,104226,"MCMULLEN BRANCH","03100204","50540000","STREAM","tbcmp_PD_HA_IntHigh_2080","PD","HA","IntHigh","2080",103.019221760424
"03100204_50540000_MCMULLEN_BRANCH",6110,164603,"MCMULLEN BRANCH","03100204","50540000","STREAM","tbcmp_PD_HA_IntHigh_2080","PD","HA","IntHigh","2080",162.697148114972
"03100204_50540000_MCMULLEN_BRANCH",6410,139700,"MCMULLEN BRANCH","03100204","50540000","STREAM","tbcmp_PD_HA_IntHigh_2080","PD","HA","IntHigh","2080",138.0824869028
"03100204_50600000_HALLS_BRANCH",1100,22440,"HALLS BRANCH","03100204","50600000","STREAM","tbcmp_PD_HA_IntHigh_2080","PD","HA","IntHigh","2080",22.18017899856
"03100204_50600000_HALLS_BRANCH",1900,562019,"HALLS BRANCH","03100204","50600000","STREAM","tbcmp_PD_HA_IntHigh_2080","PD","HA","IntHigh","2080",555.511676496956
"03100204_50600000_HALLS_BRANCH",2100,222976,"HALLS BRANCH","03100204","50600000","STREAM","tbcmp_PD_HA_IntHigh_2080","PD","HA","IntHigh","2080",220.394277735424
"03100204_50600000_HALLS_BRANCH",4100,18392,"HALLS BRANCH","03100204","50600000","STREAM","tbcmp_PD_HA_IntHigh_2080","PD","HA","IntHigh","2080",18.179048669408
"03100204_50600000_HALLS_BRANCH",4400,29563,"HALLS BRANCH","03100204","50600000","STREAM","tbcmp_PD_HA_IntHigh_2080","PD","HA","IntHigh","2080",29.220705514012
"03100204_50600000_HALLS_BRANCH",5200,66504,"HALLS BRANCH","03100204","50600000","STREAM","tbcmp_PD_HA_IntHigh_2080","PD","HA","IntHigh","2080",65.733985032096
"03100204_50600000_HALLS_BRANCH",6110,99168,"HALLS BRANCH","03100204","50600000","STREAM","tbcmp_PD_HA_IntHigh_2080","PD","HA","IntHigh","2080",98.019785692032
"03100204_50600000_HALLS_BRANCH",6410,38393,"HALLS BRANCH","03100204","50600000","STREAM","tbcmp_PD_HA_IntHigh_2080","PD","HA","IntHigh","2080",37.948467570932
"03100204_50680000_MINED_AREA",1200,313147,"MINED AREA","03100204","50680000","NONCON","tbcmp_PD_HA_IntHigh_2080","PD","HA","IntHigh","2080",309.521234976028
"03100204_50680000_MINED_AREA",1900,1642073,"MINED AREA","03100204","50680000","NONCON","tbcmp_PD_HA_IntHigh_2080","PD","HA","IntHigh","2080",1623.06029717925
"03100204_50680000_MINED_AREA",5200,34139,"MINED AREA","03100204","50680000","NONCON","tbcmp_PD_HA_IntHigh_2080","PD","HA","IntHigh","2080",33.743722407836
"03100204_50689900_OWENS_BRANCH",1100,93691,"OWENS BRANCH","03100204","50689900","STREAM","tbcmp_PD_HA_IntHigh_2080","PD","HA","IntHigh","2080",92.606201005084
"03100204_50689900_OWENS_BRANCH",1900,415814,"OWENS BRANCH","03100204","50689900","STREAM","tbcmp_PD_HA_IntHigh_2080","PD","HA","IntHigh","2080",410.999507580536
"03100204_50689900_OWENS_BRANCH",2100,593955,"OWENS BRANCH","03100204","50689900","STREAM","tbcmp_PD_HA_IntHigh_2080","PD","HA","IntHigh","2080",587.07790628742
"03100204_50689900_OWENS_BRANCH",3200,104628,"OWENS BRANCH","03100204","50689900","STREAM","tbcmp_PD_HA_IntHigh_2080","PD","HA","IntHigh","2080",103.416567213072
"03100204_50689900_OWENS_BRANCH",4100,75419,"OWENS BRANCH","03100204","50689900","STREAM","tbcmp_PD_HA_IntHigh_2080","PD","HA","IntHigh","2080",74.545762918556
"03100204_50689900_OWENS_BRANCH",4400,9755,"OWENS BRANCH","03100204","50689900","STREAM","tbcmp_PD_HA_IntHigh_2080","PD","HA","IntHigh","2080",9.64205196662
"03100204_50689900_OWENS_BRANCH",5200,1514,"OWENS BRANCH","03100204","50689900","STREAM","tbcmp_PD_HA_IntHigh_2080","PD","HA","IntHigh","2080",1.496470187336
"03100204_50689900_OWENS_BRANCH",6110,233455,"OWENS BRANCH","03100204","50689900","STREAM","tbcmp_PD_HA_IntHigh_2080","PD","HA","IntHigh","2080",230.75194688542
"03100204_50689900_OWENS_BRANCH",6410,31824,"OWENS BRANCH","03100204","50689900","STREAM","tbcmp_PD_HA_IntHigh_2080","PD","HA","IntHigh","2080",31.455526579776
"03100204_50706000_UNNAMED_STREAM",1100,259044,"UNNAMED STREAM","03100204","50706000","STREAM","tbcmp_PD_HA_IntHigh_2080","PD","HA","IntHigh","2080",256.044665263056
"03100204_50706000_UNNAMED_STREAM",2100,259444,"UNNAMED STREAM","03100204","50706000","STREAM","tbcmp_PD_HA_IntHigh_2080","PD","HA","IntHigh","2080",256.440033872656
"03100204_50706000_UNNAMED_STREAM",2400,19835,"UNNAMED STREAM","03100204","50706000","STREAM","tbcmp_PD_HA_IntHigh_2080","PD","HA","IntHigh","2080",19.60534092854
"03100204_50706000_UNNAMED_STREAM",3200,149611,"UNNAMED STREAM","03100204","50706000","STREAM","tbcmp_PD_HA_IntHigh_2080","PD","HA","IntHigh","2080",147.878732627164
"03100204_50706000_UNNAMED_STREAM",4100,10069,"UNNAMED STREAM","03100204","50706000","STREAM","tbcmp_PD_HA_IntHigh_2080","PD","HA","IntHigh","2080",9.952416325156
"03100204_50706000_UNNAMED_STREAM",5200,10120,"UNNAMED STREAM","03100204","50706000","STREAM","tbcmp_PD_HA_IntHigh_2080","PD","HA","IntHigh","2080",10.00282582288
"03100204_50706000_UNNAMED_STREAM",6110,41689,"UNNAMED STREAM","03100204","50706000","STREAM","tbcmp_PD_HA_IntHigh_2080","PD","HA","IntHigh","2080",41.206304914036
"03100204_50706000_UNNAMED_STREAM",6410,18390,"UNNAMED STREAM","03100204","50706000","STREAM","tbcmp_PD_HA_IntHigh_2080","PD","HA","IntHigh","2080",18.17707182636
"03100204_50709900_CHITC_BRANCH",1100,400822,"CHITC BRANCH","03100204","50709900","STREAM","tbcmp_PD_HA_IntHigh_2080","PD","HA","IntHigh","2080",396.181092092728
"03100204_50709900_CHITC_BRANCH",1900,511247,"CHITC BRANCH","03100204","50709900","STREAM","tbcmp_PD_HA_IntHigh_2080","PD","HA","IntHigh","2080",505.327538880428
"03100204_50709900_CHITC_BRANCH",2100,748296,"CHITC BRANCH","03100204","50709900","STREAM","tbcmp_PD_HA_IntHigh_2080","PD","HA","IntHigh","2080",739.631872723104
"03100204_50709900_CHITC_BRANCH",2400,11737,"CHITC BRANCH","03100204","50709900","STREAM","tbcmp_PD_HA_IntHigh_2080","PD","HA","IntHigh","2080",11.601103427188
"03100204_50709900_CHITC_BRANCH",3200,1022360,"CHITC BRANCH","03100204","50709900","STREAM","tbcmp_PD_HA_IntHigh_2080","PD","HA","IntHigh","2080",1010.52262927664
"03100204_50709900_CHITC_BRANCH",4100,39186,"CHITC BRANCH","03100204","50709900","STREAM","tbcmp_PD_HA_IntHigh_2080","PD","HA","IntHigh","2080",38.732285839464
"03100204_50709900_CHITC_BRANCH",4400,79513,"CHITC BRANCH","03100204","50709900","STREAM","tbcmp_PD_HA_IntHigh_2080","PD","HA","IntHigh","2080",78.592360637812
"03100204_50709900_CHITC_BRANCH",5200,40554,"CHITC BRANCH","03100204","50709900","STREAM","tbcmp_PD_HA_IntHigh_2080","PD","HA","IntHigh","2080",40.084446484296
"03100204_50709900_CHITC_BRANCH",6110,304596,"CHITC BRANCH","03100204","50709900","STREAM","tbcmp_PD_HA_IntHigh_2080","PD","HA","IntHigh","2080",301.069242524304
"03100204_50709900_CHITC_BRANCH",6410,129200,"CHITC BRANCH","03100204","50709900","STREAM","tbcmp_PD_HA_IntHigh_2080","PD","HA","IntHigh","2080",127.7040609008
"03100204_50809900_MIZELLE_CREEK",1100,326029,"MIZELLE CREEK","03100204","50809900","STREAM","tbcmp_PD_HA_IntHigh_2080","PD","HA","IntHigh","2080",322.254081048196
"03100204_50809900_MIZELLE_CREEK",1200,83241,"MIZELLE CREEK","03100204","50809900","STREAM","tbcmp_PD_HA_IntHigh_2080","PD","HA","IntHigh","2080",82.277196079284
"03100204_50809900_MIZELLE_CREEK",1900,1636364,"MIZELLE CREEK","03100204","50809900","STREAM","tbcmp_PD_HA_IntHigh_2080","PD","HA","IntHigh","2080",1617.41739869874
"03100204_50809900_MIZELLE_CREEK",2100,430270,"MIZELLE CREEK","03100204","50809900","STREAM","tbcmp_PD_HA_IntHigh_2080","PD","HA","IntHigh","2080",425.28812913148
"03100204_50809900_MIZELLE_CREEK",3200,13825,"MIZELLE CREEK","03100204","50809900","STREAM","tbcmp_PD_HA_IntHigh_2080","PD","HA","IntHigh","2080",13.6649275693
"03100204_50809900_MIZELLE_CREEK",4100,69038,"MIZELLE CREEK","03100204","50809900","STREAM","tbcmp_PD_HA_IntHigh_2080","PD","HA","IntHigh","2080",68.238645173912
"03100204_50809900_MIZELLE_CREEK",5200,42473,"MIZELLE CREEK","03100204","50809900","STREAM","tbcmp_PD_HA_IntHigh_2080","PD","HA","IntHigh","2080",41.981227388852
"03100204_50809900_MIZELLE_CREEK",6110,374565,"MIZELLE CREEK","03100204","50809900","STREAM","tbcmp_PD_HA_IntHigh_2080","PD","HA","IntHigh","2080",370.22810813706
"03100204_50809900_MIZELLE_CREEK",6410,34618,"MIZELLE CREEK","03100204","50809900","STREAM","tbcmp_PD_HA_IntHigh_2080","PD","HA","IntHigh","2080",34.217176317832
"03100204_50850000_WEST_BRANCH",1100,615701,"WEST BRANCH","03100204","50850000","STREAM","tbcmp_PD_HA_IntHigh_2080","PD","HA","IntHigh","2080",608.572120748324
"03100204_50850000_WEST_BRANCH",1200,29712,"WEST BRANCH","03100204","50850000","STREAM","tbcmp_PD_HA_IntHigh_2080","PD","HA","IntHigh","2080",29.367980321088
"03100204_50850000_WEST_BRANCH",1900,565415,"WEST BRANCH","03100204","50850000","STREAM","tbcmp_PD_HA_IntHigh_2080","PD","HA","IntHigh","2080",558.86835599246
"03100204_50850000_WEST_BRANCH",2100,477025,"WEST BRANCH","03100204","50850000","STREAM","tbcmp_PD_HA_IntHigh_2080","PD","HA","IntHigh","2080",471.5017774861
"03100204_50850000_WEST_BRANCH",2400,15754,"WEST BRANCH","03100204","50850000","STREAM","tbcmp_PD_HA_IntHigh_2080","PD","HA","IntHigh","2080",15.571592689096
"03100204_50850000_WEST_BRANCH",3200,720,"WEST BRANCH","03100204","50850000","STREAM","tbcmp_PD_HA_IntHigh_2080","PD","HA","IntHigh","2080",0.71166349728
"03100204_50850000_WEST_BRANCH",4100,328002,"WEST BRANCH","03100204","50850000","STREAM","tbcmp_PD_HA_IntHigh_2080","PD","HA","IntHigh","2080",324.204236715048
"03100204_50850000_WEST_BRANCH",5200,69126,"WEST BRANCH","03100204","50850000","STREAM","tbcmp_PD_HA_IntHigh_2080","PD","HA","IntHigh","2080",68.325626268024
"03100204_50850000_WEST_BRANCH",6110,162544,"WEST BRANCH","03100204","50850000","STREAM","tbcmp_PD_HA_IntHigh_2080","PD","HA","IntHigh","2080",160.661988197056
"03100204_50850000_WEST_BRANCH",6410,33316,"WEST BRANCH","03100204","50850000","STREAM","tbcmp_PD_HA_IntHigh_2080","PD","HA","IntHigh","2080",32.930251493584
"03100204_54000000_MC_DONALD_BRANCH",1100,384529,"MC DONALD BRANCH","03100204","54000000","STREAM","tbcmp_PD_HA_IntHigh_2080","PD","HA","IntHigh","2080",380.076740202196
"03100204_54000000_MC_DONALD_BRANCH",1200,44664,"MC DONALD BRANCH","03100204","54000000","STREAM","tbcmp_PD_HA_IntHigh_2080","PD","HA","IntHigh","2080",44.146858947936
"03100204_54000000_MC_DONALD_BRANCH",1900,99536,"MC DONALD BRANCH","03100204","54000000","STREAM","tbcmp_PD_HA_IntHigh_2080","PD","HA","IntHigh","2080",98.383524812864
"03100204_54000000_MC_DONALD_BRANCH",2100,356993,"MC DONALD BRANCH","03100204","54000000","STREAM","tbcmp_PD_HA_IntHigh_2080","PD","HA","IntHigh","2080",352.859565117332
"03100204_54000000_MC_DONALD_BRANCH",2200,6548,"MC DONALD BRANCH","03100204","54000000","STREAM","tbcmp_PD_HA_IntHigh_2080","PD","HA","IntHigh","2080",6.472184139152
"03100204_54000000_MC_DONALD_BRANCH",2400,9619,"MC DONALD BRANCH","03100204","54000000","STREAM","tbcmp_PD_HA_IntHigh_2080","PD","HA","IntHigh","2080",9.507626639356
"03100204_54000000_MC_DONALD_BRANCH",4100,118638,"MC DONALD BRANCH","03100204","54000000","STREAM","tbcmp_PD_HA_IntHigh_2080","PD","HA","IntHigh","2080",117.264352764312
"03100204_54000000_MC_DONALD_BRANCH",4400,21838,"MC DONALD BRANCH","03100204","54000000","STREAM","tbcmp_PD_HA_IntHigh_2080","PD","HA","IntHigh","2080",21.585149241112
"03100204_54000000_MC_DONALD_BRANCH",5200,6753,"MC DONALD BRANCH","03100204","54000000","STREAM","tbcmp_PD_HA_IntHigh_2080","PD","HA","IntHigh","2080",6.674810551572
"03100204_54000000_MC_DONALD_BRANCH",6110,88092,"MC DONALD BRANCH","03100204","54000000","STREAM","tbcmp_PD_HA_IntHigh_2080","PD","HA","IntHigh","2080",87.072028892208
"03100204_54000000_MC_DONALD_BRANCH",6410,4818,"MC DONALD BRANCH","03100204","54000000","STREAM","tbcmp_PD_HA_IntHigh_2080","PD","HA","IntHigh","2080",4.762214902632
"03100204_58000000_MCCULLOUGH_BRANCH",1100,567971,"MCCULLOUGH BRANCH","03100204","58000000","STREAM","tbcmp_PD_HA_IntHigh_2080","PD","HA","IntHigh","2080",561.394761407804
"03100204_58000000_MCCULLOUGH_BRANCH",1200,42091,"MCCULLOUGH BRANCH","03100204","58000000","STREAM","tbcmp_PD_HA_IntHigh_2080","PD","HA","IntHigh","2080",41.603650366684
"03100204_58000000_MCCULLOUGH_BRANCH",1900,81192,"MCCULLOUGH BRANCH","03100204","58000000","STREAM","tbcmp_PD_HA_IntHigh_2080","PD","HA","IntHigh","2080",80.251920376608
"03100204_58000000_MCCULLOUGH_BRANCH",2100,168056,"MCCULLOUGH BRANCH","03100204","58000000","STREAM","tbcmp_PD_HA_IntHigh_2080","PD","HA","IntHigh","2080",166.110167637344
"03100204_58000000_MCCULLOUGH_BRANCH",2400,18405,"MCCULLOUGH BRANCH","03100204","58000000","STREAM","tbcmp_PD_HA_IntHigh_2080","PD","HA","IntHigh","2080",18.19189814922
"03100204_58000000_MCCULLOUGH_BRANCH",4100,110535,"MCCULLOUGH BRANCH","03100204","58000000","STREAM","tbcmp_PD_HA_IntHigh_2080","PD","HA","IntHigh","2080",109.25517315534
"03100204_58000000_MCCULLOUGH_BRANCH",5200,10423,"MCCULLOUGH BRANCH","03100204","58000000","STREAM","tbcmp_PD_HA_IntHigh_2080","PD","HA","IntHigh","2080",10.302317544652
"03100204_58000000_MCCULLOUGH_BRANCH",6110,160715,"MCCULLOUGH BRANCH","03100204","58000000","STREAM","tbcmp_PD_HA_IntHigh_2080","PD","HA","IntHigh","2080",158.85416522966
"03100204_58000000_MCCULLOUGH_BRANCH",6410,11357,"MCCULLOUGH BRANCH","03100204","58000000","STREAM","tbcmp_PD_HA_IntHigh_2080","PD","HA","IntHigh","2080",11.225503248068
"03100204_60950000_MEDARD_PARK_RUN",1100,2404746,"MEDARD PARK RUN","03100204","60950000","STREAM","tbcmp_PD_HA_IntHigh_2080","PD","HA","IntHigh","2080",2376.9027061529
"03100204_60950000_MEDARD_PARK_RUN",1200,1338216,"MEDARD PARK RUN","03100204","60950000","STREAM","tbcmp_PD_HA_IntHigh_2080","PD","HA","IntHigh","2080",1322.72149816118
"03100204_60950000_MEDARD_PARK_RUN",1800,107330,"MEDARD PARK RUN","03100204","60950000","STREAM","tbcmp_PD_HA_IntHigh_2080","PD","HA","IntHigh","2080",106.08728217092
"03100204_60950000_MEDARD_PARK_RUN",1820,1172,"MEDARD PARK RUN","03100204","60950000","STREAM","tbcmp_PD_HA_IntHigh_2080","PD","HA","IntHigh","2080",1.158430026128
"03100204_60950000_MEDARD_PARK_RUN",1900,2515204,"MEDARD PARK RUN","03100204","60950000","STREAM","tbcmp_PD_HA_IntHigh_2080","PD","HA","IntHigh","2080",2486.0817708509
"03100204_60950000_MEDARD_PARK_RUN",2100,5393090,"MEDARD PARK RUN","03100204","60950000","STREAM","tbcmp_PD_HA_IntHigh_2080","PD","HA","IntHigh","2080",5330.64623686916
"03100204_60950000_MEDARD_PARK_RUN",2200,80020,"MEDARD PARK RUN","03100204","60950000","STREAM","tbcmp_PD_HA_IntHigh_2080","PD","HA","IntHigh","2080",79.09349035048
"03100204_60950000_MEDARD_PARK_RUN",2400,182902,"MEDARD PARK RUN","03100204","60950000","STREAM","tbcmp_PD_HA_IntHigh_2080","PD","HA","IntHigh","2080",180.784273582648
"03100204_60950000_MEDARD_PARK_RUN",3200,30869,"MEDARD PARK RUN","03100204","60950000","STREAM","tbcmp_PD_HA_IntHigh_2080","PD","HA","IntHigh","2080",30.511584024356
"03100204_60950000_MEDARD_PARK_RUN",4100,543999,"MEDARD PARK RUN","03100204","60950000","STREAM","tbcmp_PD_HA_IntHigh_2080","PD","HA","IntHigh","2080",537.700320634476
"03100204_60950000_MEDARD_PARK_RUN",4400,96530,"MEDARD PARK RUN","03100204","60950000","STREAM","tbcmp_PD_HA_IntHigh_2080","PD","HA","IntHigh","2080",95.41232971172
"03100204_60950000_MEDARD_PARK_RUN",5200,875862,"MEDARD PARK RUN","03100204","60950000","STREAM","tbcmp_PD_HA_IntHigh_2080","PD","HA","IntHigh","2080",865.720852853688
"03100204_60950000_MEDARD_PARK_RUN",6110,943065,"MEDARD PARK RUN","03100204","60950000","STREAM","tbcmp_PD_HA_IntHigh_2080","PD","HA","IntHigh","2080",932.14574453106
"03100204_60950000_MEDARD_PARK_RUN",6410,326930,"MEDARD PARK RUN","03100204","60950000","STREAM","tbcmp_PD_HA_IntHigh_2080","PD","HA","IntHigh","2080",323.14464884132
"03100204_60990000_TURKEY_CREEK",1100,2378861,"TURKEY CREEK","03100204","60990000","STREAM","tbcmp_PD_HA_IntHigh_2080","PD","HA","IntHigh","2080",2351.31741500416
"03100204_60990000_TURKEY_CREEK",1200,1666909,"TURKEY CREEK","03100204","60990000","STREAM","tbcmp_PD_HA_IntHigh_2080","PD","HA","IntHigh","2080",1647.60873414932
"03100204_60990000_TURKEY_CREEK",1800,84837,"TURKEY CREEK","03100204","60990000","STREAM","tbcmp_PD_HA_IntHigh_2080","PD","HA","IntHigh","2080",83.854716831588
"03100204_60990000_TURKEY_CREEK",1820,40100,"TURKEY CREEK","03100204","60990000","STREAM","tbcmp_PD_HA_IntHigh_2080","PD","HA","IntHigh","2080",39.6357031124
"03100204_60990000_TURKEY_CREEK",1900,3083597,"TURKEY CREEK","03100204","60990000","STREAM","tbcmp_PD_HA_IntHigh_2080","PD","HA","IntHigh","2080",3047.89364614183
"03100204_60990000_TURKEY_CREEK",2100,3308921,"TURKEY CREEK","03100204","60990000","STREAM","tbcmp_PD_HA_IntHigh_2080","PD","HA","IntHigh","2080",3270.6087376156
"03100204_60990000_TURKEY_CREEK",2200,21241,"TURKEY CREEK","03100204","60990000","STREAM","tbcmp_PD_HA_IntHigh_2080","PD","HA","IntHigh","2080",20.995061591284
"03100204_60990000_TURKEY_CREEK",2400,91757,"TURKEY CREEK","03100204","60990000","STREAM","tbcmp_PD_HA_IntHigh_2080","PD","HA","IntHigh","2080",90.694593777668
"03100204_60990000_TURKEY_CREEK",3200,11542,"TURKEY CREEK","03100204","60990000","STREAM","tbcmp_PD_HA_IntHigh_2080","PD","HA","IntHigh","2080",11.408361230008
"03100204_60990000_TURKEY_CREEK",4100,348119,"TURKEY CREEK","03100204","60990000","STREAM","tbcmp_PD_HA_IntHigh_2080","PD","HA","IntHigh","2080",344.088312513356
"03100204_60990000_TURKEY_CREEK",4400,32956,"TURKEY CREEK","03100204","60990000","STREAM","tbcmp_PD_HA_IntHigh_2080","PD","HA","IntHigh","2080",32.574419744944
"03100204_60990000_TURKEY_CREEK",5200,177514,"TURKEY CREEK","03100204","60990000","STREAM","tbcmp_PD_HA_IntHigh_2080","PD","HA","IntHigh","2080",175.458658411336
"03100204_60990000_TURKEY_CREEK",6110,995848,"TURKEY CREEK","03100204","60990000","STREAM","tbcmp_PD_HA_IntHigh_2080","PD","HA","IntHigh","2080",984.317597832352
"03100204_60990000_TURKEY_CREEK",6410,537661,"TURKEY CREEK","03100204","60990000","STREAM","tbcmp_PD_HA_IntHigh_2080","PD","HA","IntHigh","2080",531.435705015364
"03100204_68000000_LITTLE_FISHHAWK_CREEK",1100,625288,"LITTLE FISHHAWK CREEK","03100204","68000000","STREAM","tbcmp_PD_HA_IntHigh_2080","PD","HA","IntHigh","2080",618.048117898912
"03100204_68000000_LITTLE_FISHHAWK_CREEK",1200,1400552,"LITTLE FISHHAWK CREEK","03100204","68000000","STREAM","tbcmp_PD_HA_IntHigh_2080","PD","HA","IntHigh","2080",1384.33574228125
"03100204_68000000_LITTLE_FISHHAWK_CREEK",1800,61612,"LITTLE FISHHAWK CREEK","03100204","68000000","STREAM","tbcmp_PD_HA_IntHigh_2080","PD","HA","IntHigh","2080",60.898626936688
"03100204_68000000_LITTLE_FISHHAWK_CREEK",1900,137347,"LITTLE FISHHAWK CREEK","03100204","68000000","STREAM","tbcmp_PD_HA_IntHigh_2080","PD","HA","IntHigh","2080",135.756731056828
"03100204_68000000_LITTLE_FISHHAWK_CREEK",2100,446340,"LITTLE FISHHAWK CREEK","03100204","68000000","STREAM","tbcmp_PD_HA_IntHigh_2080","PD","HA","IntHigh","2080",441.17206302216
"03100204_68000000_LITTLE_FISHHAWK_CREEK",2400,5511,"LITTLE FISHHAWK CREEK","03100204","68000000","STREAM","tbcmp_PD_HA_IntHigh_2080","PD","HA","IntHigh","2080",5.447191018764
"03100204_68000000_LITTLE_FISHHAWK_CREEK",3200,10486,"LITTLE FISHHAWK CREEK","03100204","68000000","STREAM","tbcmp_PD_HA_IntHigh_2080","PD","HA","IntHigh","2080",10.364588100664
"03100204_68000000_LITTLE_FISHHAWK_CREEK",4100,380604,"LITTLE FISHHAWK CREEK","03100204","68000000","STREAM","tbcmp_PD_HA_IntHigh_2080","PD","HA","IntHigh","2080",376.197185720496
"03100204_68000000_LITTLE_FISHHAWK_CREEK",5200,84112,"LITTLE FISHHAWK CREEK","03100204","68000000","STREAM","tbcmp_PD_HA_IntHigh_2080","PD","HA","IntHigh","2080",83.138111226688
"03100204_68000000_LITTLE_FISHHAWK_CREEK",6110,265928,"LITTLE FISHHAWK CREEK","03100204","68000000","STREAM","tbcmp_PD_HA_IntHigh_2080","PD","HA","IntHigh","2080",262.848959034272
"03100204_68000000_LITTLE_FISHHAWK_CREEK",6410,57222,"LITTLE FISHHAWK CREEK","03100204","68000000","STREAM","tbcmp_PD_HA_IntHigh_2080","PD","HA","IntHigh","2080",56.559456446328
"03100204_70400000_FLAT_CREEK",1200,73104,"FLAT CREEK","03100204","70400000","SLOUGH","tbcmp_PD_HA_IntHigh_2080","PD","HA","IntHigh","2080",72.257567090496
"03100204_70400000_FLAT_CREEK",1900,258616,"FLAT CREEK","03100204","70400000","SLOUGH","tbcmp_PD_HA_IntHigh_2080","PD","HA","IntHigh","2080",255.621620850784
"03100204_70400000_FLAT_CREEK",2100,137048,"FLAT CREEK","03100204","70400000","SLOUGH","tbcmp_PD_HA_IntHigh_2080","PD","HA","IntHigh","2080",135.461193021152
"03100204_70400000_FLAT_CREEK",2200,58809,"FLAT CREEK","03100204","70400000","SLOUGH","tbcmp_PD_HA_IntHigh_2080","PD","HA","IntHigh","2080",58.128081404916
"03100204_70400000_FLAT_CREEK",2400,62736,"FLAT CREEK","03100204","70400000","SLOUGH","tbcmp_PD_HA_IntHigh_2080","PD","HA","IntHigh","2080",62.009612729664
"03100204_70400000_FLAT_CREEK",5200,176939,"FLAT CREEK","03100204","70400000","SLOUGH","tbcmp_PD_HA_IntHigh_2080","PD","HA","IntHigh","2080",174.890316035036
"03100204_70400000_FLAT_CREEK",6110,135935,"FLAT CREEK","03100204","70400000","SLOUGH","tbcmp_PD_HA_IntHigh_2080","PD","HA","IntHigh","2080",134.36107986494
"03100204_70400000_FLAT_CREEK",6410,21060,"FLAT CREEK","03100204","70400000","SLOUGH","tbcmp_PD_HA_IntHigh_2080","PD","HA","IntHigh","2080",20.81615729544
"03100204_70500000_DOE_BRANCH",1100,314505,"DOE BRANCH","03100204","70500000","STREAM","tbcmp_PD_HA_IntHigh_2080","PD","HA","IntHigh","2080",310.86351140562
"03100204_70500000_DOE_BRANCH",1200,390081,"DOE BRANCH","03100204","70500000","STREAM","tbcmp_PD_HA_IntHigh_2080","PD","HA","IntHigh","2080",385.564456503444
"03100204_70500000_DOE_BRANCH",1900,1097696,"DOE BRANCH","03100204","70500000","STREAM","tbcmp_PD_HA_IntHigh_2080","PD","HA","IntHigh","2080",1084.9863532087
"03100204_70500000_DOE_BRANCH",2100,163073,"DOE BRANCH","03100204","70500000","STREAM","tbcmp_PD_HA_IntHigh_2080","PD","HA","IntHigh","2080",161.184863183252
"03100204_70500000_DOE_BRANCH",2400,5870,"DOE BRANCH","03100204","70500000","STREAM","tbcmp_PD_HA_IntHigh_2080","PD","HA","IntHigh","2080",5.80203434588
"03100204_70500000_DOE_BRANCH",3200,982680,"DOE BRANCH","03100204","70500000","STREAM","tbcmp_PD_HA_IntHigh_2080","PD","HA","IntHigh","2080",971.30206320432
"03100204_70500000_DOE_BRANCH",4100,579132,"DOE BRANCH","03100204","70500000","STREAM","tbcmp_PD_HA_IntHigh_2080","PD","HA","IntHigh","2080",572.426534037168
"03100204_70500000_DOE_BRANCH",4400,43013,"DOE BRANCH","03100204","70500000","STREAM","tbcmp_PD_HA_IntHigh_2080","PD","HA","IntHigh","2080",42.514975011812
"03100204_70500000_DOE_BRANCH",5200,821328,"DOE BRANCH","03100204","70500000","STREAM","tbcmp_PD_HA_IntHigh_2080","PD","HA","IntHigh","2080",811.818273463872
"03100204_70500000_DOE_BRANCH",6110,215736,"DOE BRANCH","03100204","70500000","STREAM","tbcmp_PD_HA_IntHigh_2080","PD","HA","IntHigh","2080",213.238105901664
"03100204_70500000_DOE_BRANCH",6410,330478,"DOE BRANCH","03100204","70500000","STREAM","tbcmp_PD_HA_IntHigh_2080","PD","HA","IntHigh","2080",326.651568408472
"03100204_70990000_FISHHAWK_CREEK",1100,179383,"FISHHAWK CREEK","03100204","70990000","STREAM","tbcmp_PD_HA_IntHigh_2080","PD","HA","IntHigh","2080",177.306018239692
"03100204_70990000_FISHHAWK_CREEK",1200,1387404,"FISHHAWK CREEK","03100204","70990000","STREAM","tbcmp_PD_HA_IntHigh_2080","PD","HA","IntHigh","2080",1371.3399760837
"03100204_70990000_FISHHAWK_CREEK",1800,9457,"FISHHAWK CREEK","03100204","70990000","STREAM","tbcmp_PD_HA_IntHigh_2080","PD","HA","IntHigh","2080",9.347502352468
"03100204_70990000_FISHHAWK_CREEK",1900,1040890,"FISHHAWK CREEK","03100204","70990000","STREAM","tbcmp_PD_HA_IntHigh_2080","PD","HA","IntHigh","2080",1028.83808011636
"03100204_70990000_FISHHAWK_CREEK",2100,766612,"FISHHAWK CREEK","03100204","70990000","STREAM","tbcmp_PD_HA_IntHigh_2080","PD","HA","IntHigh","2080",757.735801356688
"03100204_70990000_FISHHAWK_CREEK",2200,1118,"FISHHAWK CREEK","03100204","70990000","STREAM","tbcmp_PD_HA_IntHigh_2080","PD","HA","IntHigh","2080",1.105055263832
"03100204_70990000_FISHHAWK_CREEK",2400,101984,"FISHHAWK CREEK","03100204","70990000","STREAM","tbcmp_PD_HA_IntHigh_2080","PD","HA","IntHigh","2080",100.803180703616
"03100204_70990000_FISHHAWK_CREEK",3200,776981,"FISHHAWK CREEK","03100204","70990000","STREAM","tbcmp_PD_HA_IntHigh_2080","PD","HA","IntHigh","2080",767.984744139044
"03100204_70990000_FISHHAWK_CREEK",4100,1503591,"FISHHAWK CREEK","03100204","70990000","STREAM","tbcmp_PD_HA_IntHigh_2080","PD","HA","IntHigh","2080",1486.18170769268
"03100204_70990000_FISHHAWK_CREEK",4400,81636,"FISHHAWK CREEK","03100204","70990000","STREAM","tbcmp_PD_HA_IntHigh_2080","PD","HA","IntHigh","2080",80.690779533264
"03100204_70990000_FISHHAWK_CREEK",5200,174963,"FISHHAWK CREEK","03100204","70990000","STREAM","tbcmp_PD_HA_IntHigh_2080","PD","HA","IntHigh","2080",172.937195103612
"03100204_70990000_FISHHAWK_CREEK",6110,1122523,"FISHHAWK CREEK","03100204","70990000","STREAM","tbcmp_PD_HA_IntHigh_2080","PD","HA","IntHigh","2080",1109.52589438505
"03100204_70990000_FISHHAWK_CREEK",6410,213290,"FISHHAWK CREEK","03100204","70990000","STREAM","tbcmp_PD_HA_IntHigh_2080","PD","HA","IntHigh","2080",210.82042685396
"03100204_70990000_FISHHAWK_CREEK",6600,11,"FISHHAWK CREEK","03100204","70990000","STREAM","tbcmp_PD_HA_IntHigh_2080","PD","HA","IntHigh","2080",0.010872636764
"03100204_80000000_BELL_CREEK_RESERVOIR",1100,621573,"BELL CREEK RESERVOIR","03100204","80000000","RESERV","tbcmp_PD_HA_IntHigh_2080","PD","HA","IntHigh","2080",614.376131937252
"03100204_80000000_BELL_CREEK_RESERVOIR",1200,1244778,"BELL CREEK RESERVOIR","03100204","80000000","RESERV","tbcmp_PD_HA_IntHigh_2080","PD","HA","IntHigh","2080",1230.36536780167
"03100204_80000000_BELL_CREEK_RESERVOIR",1800,50659,"BELL CREEK RESERVOIR","03100204","80000000","RESERV","tbcmp_PD_HA_IntHigh_2080","PD","HA","IntHigh","2080",50.072445984316
"03100204_80000000_BELL_CREEK_RESERVOIR",1900,812359,"BELL CREEK RESERVOIR","03100204","80000000","RESERV","tbcmp_PD_HA_IntHigh_2080","PD","HA","IntHigh","2080",802.953120815116
"03100204_80000000_BELL_CREEK_RESERVOIR",2100,905202,"BELL CREEK RESERVOIR","03100204","80000000","RESERV","tbcmp_PD_HA_IntHigh_2080","PD","HA","IntHigh","2080",894.721140367848
"03100204_80000000_BELL_CREEK_RESERVOIR",3200,846229,"BELL CREEK RESERVOIR","03100204","80000000","RESERV","tbcmp_PD_HA_IntHigh_2080","PD","HA","IntHigh","2080",836.430957832996
"03100204_80000000_BELL_CREEK_RESERVOIR",4100,1108672,"BELL CREEK RESERVOIR","03100204","80000000","RESERV","tbcmp_PD_HA_IntHigh_2080","PD","HA","IntHigh","2080",1095.83526785613
"03100204_80000000_BELL_CREEK_RESERVOIR",4400,141487,"BELL CREEK RESERVOIR","03100204","80000000","RESERV","tbcmp_PD_HA_IntHigh_2080","PD","HA","IntHigh","2080",139.848796166188
"03100204_80000000_BELL_CREEK_RESERVOIR",5200,303543,"BELL CREEK RESERVOIR","03100204","80000000","RESERV","tbcmp_PD_HA_IntHigh_2080","PD","HA","IntHigh","2080",300.028434659532
"03100204_80000000_BELL_CREEK_RESERVOIR",6110,998494,"BELL CREEK RESERVOIR","03100204","80000000","RESERV","tbcmp_PD_HA_IntHigh_2080","PD","HA","IntHigh","2080",986.932961184856
"03100204_80000000_BELL_CREEK_RESERVOIR",6410,238060,"BELL CREEK RESERVOIR","03100204","80000000","RESERV","tbcmp_PD_HA_IntHigh_2080","PD","HA","IntHigh","2080",235.30362800344
"03100204_80500000_BOGGY_CREEK",1100,211478,"BOGGY CREEK","03100204","80500000","STREAM","tbcmp_PD_HA_IntHigh_2080","PD","HA","IntHigh","2080",209.029407052472
"03100204_80500000_BOGGY_CREEK",1200,516560,"BOGGY CREEK","03100204","80500000","STREAM","tbcmp_PD_HA_IntHigh_2080","PD","HA","IntHigh","2080",510.57902243744
"03100204_80500000_BOGGY_CREEK",1800,11883,"BOGGY CREEK","03100204","80500000","STREAM","tbcmp_PD_HA_IntHigh_2080","PD","HA","IntHigh","2080",11.745412969692
"03100204_80500000_BOGGY_CREEK",1900,180304,"BOGGY CREEK","03100204","80500000","STREAM","tbcmp_PD_HA_IntHigh_2080","PD","HA","IntHigh","2080",178.216354463296
"03100204_80500000_BOGGY_CREEK",2100,442436,"BOGGY CREEK","03100204","80500000","STREAM","tbcmp_PD_HA_IntHigh_2080","PD","HA","IntHigh","2080",437.313265392464
"03100204_80500000_BOGGY_CREEK",2400,5937,"BOGGY CREEK","03100204","80500000","STREAM","tbcmp_PD_HA_IntHigh_2080","PD","HA","IntHigh","2080",5.868258587988
"03100204_80500000_BOGGY_CREEK",3200,343610,"BOGGY CREEK","03100204","80500000","STREAM","tbcmp_PD_HA_IntHigh_2080","PD","HA","IntHigh","2080",339.63151986164
"03100204_80500000_BOGGY_CREEK",4100,363089,"BOGGY CREEK","03100204","80500000","STREAM","tbcmp_PD_HA_IntHigh_2080","PD","HA","IntHigh","2080",358.884982727636
"03100204_80500000_BOGGY_CREEK",5200,148568,"BOGGY CREEK","03100204","80500000","STREAM","tbcmp_PD_HA_IntHigh_2080","PD","HA","IntHigh","2080",146.847808977632
"03100204_80500000_BOGGY_CREEK",6110,380600,"BOGGY CREEK","03100204","80500000","STREAM","tbcmp_PD_HA_IntHigh_2080","PD","HA","IntHigh","2080",376.1932320344
"03100204_80500000_BOGGY_CREEK",6410,66822,"BOGGY CREEK","03100204","80500000","STREAM","tbcmp_PD_HA_IntHigh_2080","PD","HA","IntHigh","2080",66.048303076728
"03100204_80800000_PELLEHAM_BRANCH",1100,32782,"PELLEHAM BRANCH","03100204","80800000","STREAM","tbcmp_PD_HA_IntHigh_2080","PD","HA","IntHigh","2080",32.402434399768
"03100204_80800000_PELLEHAM_BRANCH",1200,1409413,"PELLEHAM BRANCH","03100204","80800000","STREAM","tbcmp_PD_HA_IntHigh_2080","PD","HA","IntHigh","2080",1393.09414540541
"03100204_80800000_PELLEHAM_BRANCH",1800,19701,"PELLEHAM BRANCH","03100204","80800000","STREAM","tbcmp_PD_HA_IntHigh_2080","PD","HA","IntHigh","2080",19.472892444324
"03100204_80800000_PELLEHAM_BRANCH",1900,83382,"PELLEHAM BRANCH","03100204","80800000","STREAM","tbcmp_PD_HA_IntHigh_2080","PD","HA","IntHigh","2080",82.416563514168
"03100204_80800000_PELLEHAM_BRANCH",2100,16898,"PELLEHAM BRANCH","03100204","80800000","STREAM","tbcmp_PD_HA_IntHigh_2080","PD","HA","IntHigh","2080",16.702346912552
"03100204_80800000_PELLEHAM_BRANCH",3200,40055,"PELLEHAM BRANCH","03100204","80800000","STREAM","tbcmp_PD_HA_IntHigh_2080","PD","HA","IntHigh","2080",39.59122414382
"03100204_80800000_PELLEHAM_BRANCH",4100,183698,"PELLEHAM BRANCH","03100204","80800000","STREAM","tbcmp_PD_HA_IntHigh_2080","PD","HA","IntHigh","2080",181.571057115752
"03100204_80800000_PELLEHAM_BRANCH",5200,59154,"PELLEHAM BRANCH","03100204","80800000","STREAM","tbcmp_PD_HA_IntHigh_2080","PD","HA","IntHigh","2080",58.469086830696
"03100204_80800000_PELLEHAM_BRANCH",6110,165494,"PELLEHAM BRANCH","03100204","80800000","STREAM","tbcmp_PD_HA_IntHigh_2080","PD","HA","IntHigh","2080",163.577831692856
"03100204_80800000_PELLEHAM_BRANCH",6410,95359,"PELLEHAM BRANCH","03100204","80800000","STREAM","tbcmp_PD_HA_IntHigh_2080","PD","HA","IntHigh","2080",94.254888107116
"03100204_80990000_BELL_CREEK",1100,115411,"BELL CREEK","03100204","80990000","STREAM","tbcmp_PD_HA_IntHigh_2080","PD","HA","IntHigh","2080",114.074716506364
"03100204_80990000_BELL_CREEK",1200,867414,"BELL CREEK","03100204","80990000","STREAM","tbcmp_PD_HA_IntHigh_2080","PD","HA","IntHigh","2080",857.370667818936
"03100204_80990000_BELL_CREEK",1800,17393,"BELL CREEK","03100204","80990000","STREAM","tbcmp_PD_HA_IntHigh_2080","PD","HA","IntHigh","2080",17.191615566932
"03100204_80990000_BELL_CREEK",1900,24809,"BELL CREEK","03100204","80990000","STREAM","tbcmp_PD_HA_IntHigh_2080","PD","HA","IntHigh","2080",24.521749588916
"03100204_80990000_BELL_CREEK",2100,101478,"BELL CREEK","03100204","80990000","STREAM","tbcmp_PD_HA_IntHigh_2080","PD","HA","IntHigh","2080",100.303039412472
"03100204_80990000_BELL_CREEK",2400,5569,"BELL CREEK","03100204","80990000","STREAM","tbcmp_PD_HA_IntHigh_2080","PD","HA","IntHigh","2080",5.504519467156
"03100204_80990000_BELL_CREEK",4100,132541,"BELL CREEK","03100204","80990000","STREAM","tbcmp_PD_HA_IntHigh_2080","PD","HA","IntHigh","2080",131.006377212484
"03100204_80990000_BELL_CREEK",5200,46259,"BELL CREEK","03100204","80990000","STREAM","tbcmp_PD_HA_IntHigh_2080","PD","HA","IntHigh","2080",45.723391278716
"03100204_80990000_BELL_CREEK",6110,249877,"BELL CREEK","03100204","80990000","STREAM","tbcmp_PD_HA_IntHigh_2080","PD","HA","IntHigh","2080",246.983805152548
"03100204_80990000_BELL_CREEK",6410,42498,"BELL CREEK","03100204","80990000","STREAM","tbcmp_PD_HA_IntHigh_2080","PD","HA","IntHigh","2080",42.005937926952
"03100204_80990000_BELL_CREEK",6420,337,"BELL CREEK","03100204","80990000","STREAM","tbcmp_PD_HA_IntHigh_2080","PD","HA","IntHigh","2080",0.333098053588
"03100204_80990000_BELL_CREEK",6425,664,"BELL CREEK","03100204","80990000","STREAM","tbcmp_PD_HA_IntHigh_2080","PD","HA","IntHigh","2080",0.656311891936
"03100204_80990000_BELL_CREEK",6510,196,"BELL CREEK","03100204","80990000","STREAM","tbcmp_PD_HA_IntHigh_2080","PD","HA","IntHigh","2080",0.193730618704
"03100204_80990000_BELL_CREEK",6600,1116,"BELL CREEK","03100204","80990000","STREAM","tbcmp_PD_HA_IntHigh_2080","PD","HA","IntHigh","2080",1.103078420784
"03100204_80990000_BELL_CREEK",9113,339,"BELL CREEK","03100204","80990000","STREAM","tbcmp_PD_HA_IntHigh_2080","PD","HA","IntHigh","2080",0.335074896636
"03100204_88000000_BUCKHORN_CREEK",1100,529163,"BUCKHORN CREEK","03100204","88000000","STREAM","tbcmp_PD_HA_IntHigh_2080","PD","HA","IntHigh","2080",523.036098904412
"03100204_88000000_BUCKHORN_CREEK",1200,3235407,"BUCKHORN CREEK","03100204","88000000","STREAM","tbcmp_PD_HA_IntHigh_2080","PD","HA","IntHigh","2080",3197.94591770027
"03100204_88000000_BUCKHORN_CREEK",1800,73092,"BUCKHORN CREEK","03100204","88000000","STREAM","tbcmp_PD_HA_IntHigh_2080","PD","HA","IntHigh","2080",72.245706032208
"03100204_88000000_BUCKHORN_CREEK",1820,153919,"BUCKHORN CREEK","03100204","88000000","STREAM","tbcmp_PD_HA_IntHigh_2080","PD","HA","IntHigh","2080",152.136852552556
"03100204_88000000_BUCKHORN_CREEK",1900,119543,"BUCKHORN CREEK","03100204","88000000","STREAM","tbcmp_PD_HA_IntHigh_2080","PD","HA","IntHigh","2080",118.158874243532
"03100204_88000000_BUCKHORN_CREEK",2100,42591,"BUCKHORN CREEK","03100204","88000000","STREAM","tbcmp_PD_HA_IntHigh_2080","PD","HA","IntHigh","2080",42.097861128684
"03100204_88000000_BUCKHORN_CREEK",2200,2498,"BUCKHORN CREEK","03100204","88000000","STREAM","tbcmp_PD_HA_IntHigh_2080","PD","HA","IntHigh","2080",2.469076966952
"03100204_88000000_BUCKHORN_CREEK",2400,15926,"BUCKHORN CREEK","03100204","88000000","STREAM","tbcmp_PD_HA_IntHigh_2080","PD","HA","IntHigh","2080",15.741601191224
"03100204_88000000_BUCKHORN_CREEK",4100,112068,"BUCKHORN CREEK","03100204","88000000","STREAM","tbcmp_PD_HA_IntHigh_2080","PD","HA","IntHigh","2080",110.770423351632
"03100204_88000000_BUCKHORN_CREEK",5200,174230,"BUCKHORN CREEK","03100204","88000000","STREAM","tbcmp_PD_HA_IntHigh_2080","PD","HA","IntHigh","2080",172.21268212652
"03100204_88000000_BUCKHORN_CREEK",6110,255637,"BUCKHORN CREEK","03100204","88000000","STREAM","tbcmp_PD_HA_IntHigh_2080","PD","HA","IntHigh","2080",252.677113130788
"03100204_88000000_BUCKHORN_CREEK",6410,145158,"BUCKHORN CREEK","03100204","88000000","STREAM","tbcmp_PD_HA_IntHigh_2080","PD","HA","IntHigh","2080",143.477291580792
"03100204_88000000_BUCKHORN_CREEK",6420,2830,"BUCKHORN CREEK","03100204","88000000","STREAM","tbcmp_PD_HA_IntHigh_2080","PD","HA","IntHigh","2080",2.79723291292
"03100204_88000000_BUCKHORN_CREEK",6425,5564,"BUCKHORN CREEK","03100204","88000000","STREAM","tbcmp_PD_HA_IntHigh_2080","PD","HA","IntHigh","2080",5.499577359536
"03100204_88000000_BUCKHORN_CREEK",6510,1681,"BUCKHORN CREEK","03100204","88000000","STREAM","tbcmp_PD_HA_IntHigh_2080","PD","HA","IntHigh","2080",1.661536581844
"03100204_88000000_BUCKHORN_CREEK",6600,12746,"BUCKHORN CREEK","03100204","88000000","STREAM","tbcmp_PD_HA_IntHigh_2080","PD","HA","IntHigh","2080",12.598420744904
"03100204_88000000_BUCKHORN_CREEK",9113,2369,"BUCKHORN CREEK","03100204","88000000","STREAM","tbcmp_PD_HA_IntHigh_2080","PD","HA","IntHigh","2080",2.341570590356
"03100204_90000000_RICE_CREEK",1100,125125,"RICE CREEK","03100204","90000000","STREAM","tbcmp_PD_HA_IntHigh_2080","PD","HA","IntHigh","2080",123.6762431905
"03100204_90000000_RICE_CREEK",1200,2090659,"RICE CREEK","03100204","90000000","STREAM","tbcmp_PD_HA_IntHigh_2080","PD","HA","IntHigh","2080",2066.45235494432
"03100204_90000000_RICE_CREEK",1800,4044,"RICE CREEK","03100204","90000000","STREAM","tbcmp_PD_HA_IntHigh_2080","PD","HA","IntHigh","2080",3.997176643056
"03100204_90000000_RICE_CREEK",1900,139553,"RICE CREEK","03100204","90000000","STREAM","tbcmp_PD_HA_IntHigh_2080","PD","HA","IntHigh","2080",137.937188938772
"03100204_90000000_RICE_CREEK",2100,26998,"RICE CREEK","03100204","90000000","STREAM","tbcmp_PD_HA_IntHigh_2080","PD","HA","IntHigh","2080",26.685404304952
"03100204_90000000_RICE_CREEK",3200,15559,"RICE CREEK","03100204","90000000","STREAM","tbcmp_PD_HA_IntHigh_2080","PD","HA","IntHigh","2080",15.378850491916
"03100204_90000000_RICE_CREEK",4100,186276,"RICE CREEK","03100204","90000000","STREAM","tbcmp_PD_HA_IntHigh_2080","PD","HA","IntHigh","2080",184.119207804624
"03100204_90000000_RICE_CREEK",4400,688,"RICE CREEK","03100204","90000000","STREAM","tbcmp_PD_HA_IntHigh_2080","PD","HA","IntHigh","2080",0.680034008512
"03100204_90000000_RICE_CREEK",5200,288224,"RICE CREEK","03100204","90000000","STREAM","tbcmp_PD_HA_IntHigh_2080","PD","HA","IntHigh","2080",284.886805333376
"03100204_90000000_RICE_CREEK",6110,231175,"RICE CREEK","03100204","90000000","STREAM","tbcmp_PD_HA_IntHigh_2080","PD","HA","IntHigh","2080",228.4983458107
"03100204_90000000_RICE_CREEK",6120,73,"RICE CREEK","03100204","90000000","STREAM","tbcmp_PD_HA_IntHigh_2080","PD","HA","IntHigh","2080",0.072154771252
"03100204_90000000_RICE_CREEK",6410,178960,"RICE CREEK","03100204","90000000","STREAM","tbcmp_PD_HA_IntHigh_2080","PD","HA","IntHigh","2080",176.88791593504
"03100204_90000000_RICE_CREEK",6420,120,"RICE CREEK","03100204","90000000","STREAM","tbcmp_PD_HA_IntHigh_2080","PD","HA","IntHigh","2080",0.11861058288
"03100204_90000000_RICE_CREEK",6425,252,"RICE CREEK","03100204","90000000","STREAM","tbcmp_PD_HA_IntHigh_2080","PD","HA","IntHigh","2080",0.249082224048
"03100204_90000000_RICE_CREEK",6510,165,"RICE CREEK","03100204","90000000","STREAM","tbcmp_PD_HA_IntHigh_2080","PD","HA","IntHigh","2080",0.16308955146
"03100204_90000000_RICE_CREEK",6600,438,"RICE CREEK","03100204","90000000","STREAM","tbcmp_PD_HA_IntHigh_2080","PD","HA","IntHigh","2080",0.432928627512
"03100204_90000000_RICE_CREEK",9113,595,"RICE CREEK","03100204","90000000","STREAM","tbcmp_PD_HA_IntHigh_2080","PD","HA","IntHigh","2080",0.58811080678
"03100204_99000000_NORTH_PRONG_ALAFIA_RIVE",1100,6107965,"NORTH PRONG ALAFIA RIVE","03100204","99000000","STREAM","tbcmp_PD_HA_IntHigh_2080","PD","HA","IntHigh","2080",6037.24407383866
"03100204_99000000_NORTH_PRONG_ALAFIA_RIVE",1200,12346388,"NORTH PRONG ALAFIA RIVE","03100204","99000000","STREAM","tbcmp_PD_HA_IntHigh_2080","PD","HA","IntHigh","2080",12203.4356428553
"03100204_99000000_NORTH_PRONG_ALAFIA_RIVE",1800,233430,"NORTH PRONG ALAFIA RIVE","03100204","99000000","STREAM","tbcmp_PD_HA_IntHigh_2080","PD","HA","IntHigh","2080",230.72723634732
"03100204_99000000_NORTH_PRONG_ALAFIA_RIVE",1820,274335,"NORTH PRONG ALAFIA RIVE","03100204","99000000","STREAM","tbcmp_PD_HA_IntHigh_2080","PD","HA","IntHigh","2080",271.15861878654
"03100204_99000000_NORTH_PRONG_ALAFIA_RIVE",1900,7569044,"NORTH PRONG ALAFIA RIVE","03100204","99000000","STREAM","tbcmp_PD_HA_IntHigh_2080","PD","HA","IntHigh","2080",7481.40600570305
"03100204_99000000_NORTH_PRONG_ALAFIA_RIVE",2100,4206638,"NORTH PRONG ALAFIA RIVE","03100204","99000000","STREAM","tbcmp_PD_HA_IntHigh_2080","PD","HA","IntHigh","2080",4157.93154287631
"03100204_99000000_NORTH_PRONG_ALAFIA_RIVE",2200,47430,"NORTH PRONG ALAFIA RIVE","03100204","99000000","STREAM","tbcmp_PD_HA_IntHigh_2080","PD","HA","IntHigh","2080",46.88083288332
"03100204_99000000_NORTH_PRONG_ALAFIA_RIVE",2400,39321,"NORTH PRONG ALAFIA RIVE","03100204","99000000","STREAM","tbcmp_PD_HA_IntHigh_2080","PD","HA","IntHigh","2080",38.865722745204
"03100204_99000000_NORTH_PRONG_ALAFIA_RIVE",3200,567448,"NORTH PRONG ALAFIA RIVE","03100204","99000000","STREAM","tbcmp_PD_HA_IntHigh_2080","PD","HA","IntHigh","2080",560.877816950752
"03100204_99000000_NORTH_PRONG_ALAFIA_RIVE",4100,3831723,"NORTH PRONG ALAFIA RIVE","03100204","99000000","STREAM","tbcmp_PD_HA_IntHigh_2080","PD","HA","IntHigh","2080",3787.35748720585
"03100204_99000000_NORTH_PRONG_ALAFIA_RIVE",4400,1013997,"NORTH PRONG ALAFIA RIVE","03100204","99000000","STREAM","tbcmp_PD_HA_IntHigh_2080","PD","HA","IntHigh","2080",1002.25646007143
"03100204_99000000_NORTH_PRONG_ALAFIA_RIVE",5200,994936,"NORTH PRONG ALAFIA RIVE","03100204","99000000","STREAM","tbcmp_PD_HA_IntHigh_2080","PD","HA","IntHigh","2080",983.416157402464
"03100204_99000000_NORTH_PRONG_ALAFIA_RIVE",5400,676399,"NORTH PRONG ALAFIA RIVE","03100204","99000000","STREAM","tbcmp_PD_HA_IntHigh_2080","PD","HA","IntHigh","2080",668.567330412076
"03100204_99000000_NORTH_PRONG_ALAFIA_RIVE",6110,7964344,"NORTH PRONG ALAFIA RIVE","03100204","99000000","STREAM","tbcmp_PD_HA_IntHigh_2080","PD","HA","IntHigh","2080",7872.12903414025
"03100204_99000000_NORTH_PRONG_ALAFIA_RIVE",6120,977,"NORTH PRONG ALAFIA RIVE","03100204","99000000","STREAM","tbcmp_PD_HA_IntHigh_2080","PD","HA","IntHigh","2080",0.965687828948
"03100204_99000000_NORTH_PRONG_ALAFIA_RIVE",6410,1619945,"NORTH PRONG ALAFIA RIVE","03100204","99000000","STREAM","tbcmp_PD_HA_IntHigh_2080","PD","HA","IntHigh","2080",1601.18850569618
"03100204_99000000_NORTH_PRONG_ALAFIA_RIVE",6420,15183,"NORTH PRONG ALAFIA RIVE","03100204","99000000","STREAM","tbcmp_PD_HA_IntHigh_2080","PD","HA","IntHigh","2080",15.007203998892
"03100204_99000000_NORTH_PRONG_ALAFIA_RIVE",6425,38977,"NORTH PRONG ALAFIA RIVE","03100204","99000000","STREAM","tbcmp_PD_HA_IntHigh_2080","PD","HA","IntHigh","2080",38.525705740948
"03100204_99000000_NORTH_PRONG_ALAFIA_RIVE",6510,29163,"NORTH PRONG ALAFIA RIVE","03100204","99000000","STREAM","tbcmp_PD_HA_IntHigh_2080","PD","HA","IntHigh","2080",28.825336904412
"03100204_99000000_NORTH_PRONG_ALAFIA_RIVE",6600,30736,"NORTH PRONG ALAFIA RIVE","03100204","99000000","STREAM","tbcmp_PD_HA_IntHigh_2080","PD","HA","IntHigh","2080",30.380123961664
"03100204_99000000_NORTH_PRONG_ALAFIA_RIVE",9113,121506,"NORTH PRONG ALAFIA RIVE","03100204","99000000","STREAM","tbcmp_PD_HA_IntHigh_2080","PD","HA","IntHigh","2080",120.099145695144
"03100204_NA_UNNAMED_BRANCH",1100,49881,"UNNAMED BRANCH","03100204",NA,"STREAM","tbcmp_PD_HA_IntHigh_2080","PD","HA","IntHigh","2080",49.303454038644
"03100204_NA_UNNAMED_BRANCH",1200,1568698,"UNNAMED BRANCH","03100204",NA,"STREAM","tbcmp_PD_HA_IntHigh_2080","PD","HA","IntHigh","2080",1550.53486785575
"03100204_NA_UNNAMED_BRANCH",1900,376129,"UNNAMED BRANCH","03100204",NA,"STREAM","tbcmp_PD_HA_IntHigh_2080","PD","HA","IntHigh","2080",371.773999400596
"03100204_NA_UNNAMED_BRANCH",2100,247357,"UNNAMED BRANCH","03100204",NA,"STREAM","tbcmp_PD_HA_IntHigh_2080","PD","HA","IntHigh","2080",244.492982912068
"03100204_NA_UNNAMED_BRANCH",4100,78684,"UNNAMED BRANCH","03100204",NA,"STREAM","tbcmp_PD_HA_IntHigh_2080","PD","HA","IntHigh","2080",77.772959194416
"03100204_NA_UNNAMED_BRANCH",4400,8395,"UNNAMED BRANCH","03100204",NA,"STREAM","tbcmp_PD_HA_IntHigh_2080","PD","HA","IntHigh","2080",8.29779869398
"03100204_NA_UNNAMED_BRANCH",5200,59912,"UNNAMED BRANCH","03100204",NA,"STREAM","tbcmp_PD_HA_IntHigh_2080","PD","HA","IntHigh","2080",59.218310345888
"03100204_NA_UNNAMED_BRANCH",6110,172552,"UNNAMED BRANCH","03100204",NA,"STREAM","tbcmp_PD_HA_IntHigh_2080","PD","HA","IntHigh","2080",170.554110809248
"03100204_NA_UNNAMED_BRANCH",6410,85286,"UNNAMED BRANCH","03100204",NA,"STREAM","tbcmp_PD_HA_IntHigh_2080","PD","HA","IntHigh","2080",84.298518095864
"03100205_01000000_PORT_LONESOME_DITCHES",1100,570907,"PORT LONESOME DITCHES","03100205","01000000","DITCH","tbcmp_PD_HA_IntHigh_2080","PD","HA","IntHigh","2080",564.296767002268
"03100205_01000000_PORT_LONESOME_DITCHES",1200,121996,"PORT LONESOME DITCHES","03100205","01000000","DITCH","tbcmp_PD_HA_IntHigh_2080","PD","HA","IntHigh","2080",120.583472241904
"03100205_01000000_PORT_LONESOME_DITCHES",1900,408319,"PORT LONESOME DITCHES","03100205","01000000","DITCH","tbcmp_PD_HA_IntHigh_2080","PD","HA","IntHigh","2080",403.591288258156
"03100205_01000000_PORT_LONESOME_DITCHES",2100,1660335,"PORT LONESOME DITCHES","03100205","01000000","DITCH","tbcmp_PD_HA_IntHigh_2080","PD","HA","IntHigh","2080",1641.11085105054
"03100205_01000000_PORT_LONESOME_DITCHES",2200,1769,"PORT LONESOME DITCHES","03100205","01000000","DITCH","tbcmp_PD_HA_IntHigh_2080","PD","HA","IntHigh","2080",1.748517675956
"03100205_01000000_PORT_LONESOME_DITCHES",2400,5778,"PORT LONESOME DITCHES","03100205","01000000","DITCH","tbcmp_PD_HA_IntHigh_2080","PD","HA","IntHigh","2080",5.711099565672
"03100205_01000000_PORT_LONESOME_DITCHES",3200,760828,"PORT LONESOME DITCHES","03100205","01000000","DITCH","tbcmp_PD_HA_IntHigh_2080","PD","HA","IntHigh","2080",752.018771261872
"03100205_01000000_PORT_LONESOME_DITCHES",4100,978695,"PORT LONESOME DITCHES","03100205","01000000","DITCH","tbcmp_PD_HA_IntHigh_2080","PD","HA","IntHigh","2080",967.36320343118
"03100205_01000000_PORT_LONESOME_DITCHES",4400,88556,"PORT LONESOME DITCHES","03100205","01000000","DITCH","tbcmp_PD_HA_IntHigh_2080","PD","HA","IntHigh","2080",87.530656479344
"03100205_01000000_PORT_LONESOME_DITCHES",5200,24054,"PORT LONESOME DITCHES","03100205","01000000","DITCH","tbcmp_PD_HA_IntHigh_2080","PD","HA","IntHigh","2080",23.775491338296
"03100205_01000000_PORT_LONESOME_DITCHES",6110,2077541,"PORT LONESOME DITCHES","03100205","01000000","DITCH","tbcmp_PD_HA_IntHigh_2080","PD","HA","IntHigh","2080",2053.48624139248
"03100205_01000000_PORT_LONESOME_DITCHES",6410,279439,"PORT LONESOME DITCHES","03100205","01000000","DITCH","tbcmp_PD_HA_IntHigh_2080","PD","HA","IntHigh","2080",276.203522245036
"03100205_07000000_DITCH",1100,88157,"DITCH","03100205","07000000","DITCH","tbcmp_PD_HA_IntHigh_2080","PD","HA","IntHigh","2080",87.136276291268
"03100205_07000000_DITCH",1900,32868,"DITCH","03100205","07000000","DITCH","tbcmp_PD_HA_IntHigh_2080","PD","HA","IntHigh","2080",32.487438650832
"03100205_07000000_DITCH",2100,183344,"DITCH","03100205","07000000","DITCH","tbcmp_PD_HA_IntHigh_2080","PD","HA","IntHigh","2080",181.221155896256
"03100205_07000000_DITCH",3200,261720,"DITCH","03100205","07000000","DITCH","tbcmp_PD_HA_IntHigh_2080","PD","HA","IntHigh","2080",258.68968126128
"03100205_07000000_DITCH",4100,204772,"DITCH","03100205","07000000","DITCH","tbcmp_PD_HA_IntHigh_2080","PD","HA","IntHigh","2080",202.401052312528
"03100205_07000000_DITCH",5200,1311,"DITCH","03100205","07000000","DITCH","tbcmp_PD_HA_IntHigh_2080","PD","HA","IntHigh","2080",1.295820617964
"03100205_07000000_DITCH",6110,184124,"DITCH","03100205","07000000","DITCH","tbcmp_PD_HA_IntHigh_2080","PD","HA","IntHigh","2080",181.992124684976
"03100205_07000000_DITCH",6410,46496,"DITCH","03100205","07000000","DITCH","tbcmp_PD_HA_IntHigh_2080","PD","HA","IntHigh","2080",45.957647179904
"03100205_10000000_FISH_HATCHERY_DRAIN",1100,88506,"FISH HATCHERY DRAIN","03100205","10000000","DRAIN","tbcmp_PD_HA_IntHigh_2080","PD","HA","IntHigh","2080",87.481235403144
"03100205_10000000_FISH_HATCHERY_DRAIN",1200,298581,"FISH HATCHERY DRAIN","03100205","10000000","DRAIN","tbcmp_PD_HA_IntHigh_2080","PD","HA","IntHigh","2080",295.123887057444
"03100205_10000000_FISH_HATCHERY_DRAIN",1900,31967,"FISH HATCHERY DRAIN","03100205","10000000","DRAIN","tbcmp_PD_HA_IntHigh_2080","PD","HA","IntHigh","2080",31.596870857708
"03100205_10000000_FISH_HATCHERY_DRAIN",2100,664480,"FISH HATCHERY DRAIN","03100205","10000000","DRAIN","tbcmp_PD_HA_IntHigh_2080","PD","HA","IntHigh","2080",656.78633426752
"03100205_10000000_FISH_HATCHERY_DRAIN",3200,1298265,"FISH HATCHERY DRAIN","03100205","10000000","DRAIN","tbcmp_PD_HA_IntHigh_2080","PD","HA","IntHigh","2080",1283.23306985586
"03100205_10000000_FISH_HATCHERY_DRAIN",4100,736415,"FISH HATCHERY DRAIN","03100205","10000000","DRAIN","tbcmp_PD_HA_IntHigh_2080","PD","HA","IntHigh","2080",727.88843659646
"03100205_10000000_FISH_HATCHERY_DRAIN",4400,77519,"FISH HATCHERY DRAIN","03100205","10000000","DRAIN","tbcmp_PD_HA_IntHigh_2080","PD","HA","IntHigh","2080",76.621448118956
"03100205_10000000_FISH_HATCHERY_DRAIN",5200,13932,"FISH HATCHERY DRAIN","03100205","10000000","DRAIN","tbcmp_PD_HA_IntHigh_2080","PD","HA","IntHigh","2080",13.770688672368
"03100205_10000000_FISH_HATCHERY_DRAIN",6110,1646219,"FISH HATCHERY DRAIN","03100205","10000000","DRAIN","tbcmp_PD_HA_IntHigh_2080","PD","HA","IntHigh","2080",1627.15829281776
"03100205_10000000_FISH_HATCHERY_DRAIN",6410,135363,"FISH HATCHERY DRAIN","03100205","10000000","DRAIN","tbcmp_PD_HA_IntHigh_2080","PD","HA","IntHigh","2080",133.795702753212
"03100205_24000000_INTERMITTENT_STREAM",1100,218707,"INTERMITTENT STREAM","03100205","24000000","STREAM","tbcmp_PD_HA_IntHigh_2080","PD","HA","IntHigh","2080",216.174706249468
"03100205_24000000_INTERMITTENT_STREAM",1200,20896,"INTERMITTENT STREAM","03100205","24000000","STREAM","tbcmp_PD_HA_IntHigh_2080","PD","HA","IntHigh","2080",20.654056165504
"03100205_24000000_INTERMITTENT_STREAM",1900,3465,"INTERMITTENT STREAM","03100205","24000000","STREAM","tbcmp_PD_HA_IntHigh_2080","PD","HA","IntHigh","2080",3.42488058066
"03100205_24000000_INTERMITTENT_STREAM",2100,1124346,"INTERMITTENT STREAM","03100205","24000000","STREAM","tbcmp_PD_HA_IntHigh_2080","PD","HA","IntHigh","2080",1111.3277868233
"03100205_24000000_INTERMITTENT_STREAM",3200,510488,"INTERMITTENT STREAM","03100205","24000000","STREAM","tbcmp_PD_HA_IntHigh_2080","PD","HA","IntHigh","2080",504.577326943712
"03100205_24000000_INTERMITTENT_STREAM",4100,280621,"INTERMITTENT STREAM","03100205","24000000","STREAM","tbcmp_PD_HA_IntHigh_2080","PD","HA","IntHigh","2080",277.371836486404
"03100205_24000000_INTERMITTENT_STREAM",5200,1762,"INTERMITTENT STREAM","03100205","24000000","STREAM","tbcmp_PD_HA_IntHigh_2080","PD","HA","IntHigh","2080",1.741598725288
"03100205_24000000_INTERMITTENT_STREAM",6110,633312,"INTERMITTENT STREAM","03100205","24000000","STREAM","tbcmp_PD_HA_IntHigh_2080","PD","HA","IntHigh","2080",625.979212207488
"03100205_24000000_INTERMITTENT_STREAM",6410,210815,"INTERMITTENT STREAM","03100205","24000000","STREAM","tbcmp_PD_HA_IntHigh_2080","PD","HA","IntHigh","2080",208.37408358206
"03100205_26000000_HAWK_LAKE_DRAIN",1100,260128,"HAWK LAKE DRAIN","03100205","26000000","DRAIN","tbcmp_PD_HA_IntHigh_2080","PD","HA","IntHigh","2080",257.116114195072
"03100205_26000000_HAWK_LAKE_DRAIN",1200,90911,"HAWK LAKE DRAIN","03100205","26000000","DRAIN","tbcmp_PD_HA_IntHigh_2080","PD","HA","IntHigh","2080",89.858389168364
"03100205_26000000_HAWK_LAKE_DRAIN",1900,12908,"HAWK LAKE DRAIN","03100205","26000000","DRAIN","tbcmp_PD_HA_IntHigh_2080","PD","HA","IntHigh","2080",12.758545031792
"03100205_26000000_HAWK_LAKE_DRAIN",2100,369411,"HAWK LAKE DRAIN","03100205","26000000","DRAIN","tbcmp_PD_HA_IntHigh_2080","PD","HA","IntHigh","2080",365.133783602364
"03100205_26000000_HAWK_LAKE_DRAIN",3200,66294,"HAWK LAKE DRAIN","03100205","26000000","DRAIN","tbcmp_PD_HA_IntHigh_2080","PD","HA","IntHigh","2080",65.526416512056
"03100205_26000000_HAWK_LAKE_DRAIN",4100,37244,"HAWK LAKE DRAIN","03100205","26000000","DRAIN","tbcmp_PD_HA_IntHigh_2080","PD","HA","IntHigh","2080",36.812771239856
"03100205_26000000_HAWK_LAKE_DRAIN",5200,1934,"HAWK LAKE DRAIN","03100205","26000000","DRAIN","tbcmp_PD_HA_IntHigh_2080","PD","HA","IntHigh","2080",1.911607227416
"03100205_26000000_HAWK_LAKE_DRAIN",6110,93052,"HAWK LAKE DRAIN","03100205","26000000","DRAIN","tbcmp_PD_HA_IntHigh_2080","PD","HA","IntHigh","2080",91.974599651248
"03100205_26000000_HAWK_LAKE_DRAIN",6410,71296,"HAWK LAKE DRAIN","03100205","26000000","DRAIN","tbcmp_PD_HA_IntHigh_2080","PD","HA","IntHigh","2080",70.470500975104
"03100205_27000000_NONCONTRIBUTING_AREA",1100,2347192,"NONCONTRIBUTING AREA","03100205","27000000","NONCON","tbcmp_PD_HA_IntHigh_2080","PD","HA","IntHigh","2080",2320.01509376061
"03100205_27000000_NONCONTRIBUTING_AREA",1200,1553115,"NONCONTRIBUTING AREA","03100205","27000000","NONCON","tbcmp_PD_HA_IntHigh_2080","PD","HA","IntHigh","2080",1535.13229524726
"03100205_27000000_NONCONTRIBUTING_AREA",1800,8237,"NONCONTRIBUTING AREA","03100205","27000000","NONCON","tbcmp_PD_HA_IntHigh_2080","PD","HA","IntHigh","2080",8.141628093188
"03100205_27000000_NONCONTRIBUTING_AREA",1820,96142,"NONCONTRIBUTING AREA","03100205","27000000","NONCON","tbcmp_PD_HA_IntHigh_2080","PD","HA","IntHigh","2080",95.028822160408
"03100205_27000000_NONCONTRIBUTING_AREA",1900,756299,"NONCONTRIBUTING AREA","03100205","27000000","NONCON","tbcmp_PD_HA_IntHigh_2080","PD","HA","IntHigh","2080",747.542210179676
"03100205_27000000_NONCONTRIBUTING_AREA",2100,3825402,"NONCONTRIBUTING AREA","03100205","27000000","NONCON","tbcmp_PD_HA_IntHigh_2080","PD","HA","IntHigh","2080",3781.10967475265
"03100205_27000000_NONCONTRIBUTING_AREA",2200,43763,"NONCONTRIBUTING AREA","03100205","27000000","NONCON","tbcmp_PD_HA_IntHigh_2080","PD","HA","IntHigh","2080",43.256291154812
"03100205_27000000_NONCONTRIBUTING_AREA",2400,38194,"NONCONTRIBUTING AREA","03100205","27000000","NONCON","tbcmp_PD_HA_IntHigh_2080","PD","HA","IntHigh","2080",37.751771687656
"03100205_27000000_NONCONTRIBUTING_AREA",3200,6840,"NONCONTRIBUTING AREA","03100205","27000000","NONCON","tbcmp_PD_HA_IntHigh_2080","PD","HA","IntHigh","2080",6.76080322416
"03100205_27000000_NONCONTRIBUTING_AREA",4100,777946,"NONCONTRIBUTING AREA","03100205","27000000","NONCON","tbcmp_PD_HA_IntHigh_2080","PD","HA","IntHigh","2080",768.938570909704
"03100205_27000000_NONCONTRIBUTING_AREA",4400,298126,"NONCONTRIBUTING AREA","03100205","27000000","NONCON","tbcmp_PD_HA_IntHigh_2080","PD","HA","IntHigh","2080",294.674155264024
"03100205_27000000_NONCONTRIBUTING_AREA",5200,330813,"NONCONTRIBUTING AREA","03100205","27000000","NONCON","tbcmp_PD_HA_IntHigh_2080","PD","HA","IntHigh","2080",326.982689619012
"03100205_27000000_NONCONTRIBUTING_AREA",6110,251310,"NONCONTRIBUTING AREA","03100205","27000000","NONCON","tbcmp_PD_HA_IntHigh_2080","PD","HA","IntHigh","2080",248.40021319644
"03100205_27000000_NONCONTRIBUTING_AREA",6410,1075259,"NONCONTRIBUTING AREA","03100205","27000000","NONCON","tbcmp_PD_HA_IntHigh_2080","PD","HA","IntHigh","2080",1062.80913947472
"03100205_27000000_ZEPHYRHILLS_AIRPT_RUN",1100,338235,"ZEPHYRHILLS AIRPT RUN","03100205","27000000","DRAIN","tbcmp_PD_HA_IntHigh_2080","PD","HA","IntHigh","2080",334.31875417014
"03100205_27000000_ZEPHYRHILLS_AIRPT_RUN",1200,3335672,"ZEPHYRHILLS AIRPT RUN","03100205","27000000","DRAIN","tbcmp_PD_HA_IntHigh_2080","PD","HA","IntHigh","2080",3297.05000180413
"03100205_27000000_ZEPHYRHILLS_AIRPT_RUN",1800,117314,"ZEPHYRHILLS AIRPT RUN","03100205","27000000","DRAIN","tbcmp_PD_HA_IntHigh_2080","PD","HA","IntHigh","2080",115.955682666536
"03100205_27000000_ZEPHYRHILLS_AIRPT_RUN",1820,73761,"ZEPHYRHILLS AIRPT RUN","03100205","27000000","DRAIN","tbcmp_PD_HA_IntHigh_2080","PD","HA","IntHigh","2080",72.906960031764
"03100205_27000000_ZEPHYRHILLS_AIRPT_RUN",1900,231418,"ZEPHYRHILLS AIRPT RUN","03100205","27000000","DRAIN","tbcmp_PD_HA_IntHigh_2080","PD","HA","IntHigh","2080",228.738532241032
"03100205_27000000_ZEPHYRHILLS_AIRPT_RUN",2100,600004,"ZEPHYRHILLS AIRPT RUN","03100205","27000000","DRAIN","tbcmp_PD_HA_IntHigh_2080","PD","HA","IntHigh","2080",593.056868086096
"03100205_27000000_ZEPHYRHILLS_AIRPT_RUN",2200,7609,"ZEPHYRHILLS AIRPT RUN","03100205","27000000","DRAIN","tbcmp_PD_HA_IntHigh_2080","PD","HA","IntHigh","2080",7.520899376116
"03100205_27000000_ZEPHYRHILLS_AIRPT_RUN",3200,54936,"ZEPHYRHILLS AIRPT RUN","03100205","27000000","DRAIN","tbcmp_PD_HA_IntHigh_2080","PD","HA","IntHigh","2080",54.299924842464
"03100205_27000000_ZEPHYRHILLS_AIRPT_RUN",4100,367111,"ZEPHYRHILLS AIRPT RUN","03100205","27000000","DRAIN","tbcmp_PD_HA_IntHigh_2080","PD","HA","IntHigh","2080",362.860414097164
"03100205_27000000_ZEPHYRHILLS_AIRPT_RUN",4400,25888,"ZEPHYRHILLS AIRPT RUN","03100205","27000000","DRAIN","tbcmp_PD_HA_IntHigh_2080","PD","HA","IntHigh","2080",25.588256413312
"03100205_27000000_ZEPHYRHILLS_AIRPT_RUN",5200,84579,"ZEPHYRHILLS AIRPT RUN","03100205","27000000","DRAIN","tbcmp_PD_HA_IntHigh_2080","PD","HA","IntHigh","2080",83.599704078396
"03100205_27000000_ZEPHYRHILLS_AIRPT_RUN",6110,147096,"ZEPHYRHILLS AIRPT RUN","03100205","27000000","DRAIN","tbcmp_PD_HA_IntHigh_2080","PD","HA","IntHigh","2080",145.392852494304
"03100205_27000000_ZEPHYRHILLS_AIRPT_RUN",6410,99074,"ZEPHYRHILLS AIRPT RUN","03100205","27000000","DRAIN","tbcmp_PD_HA_IntHigh_2080","PD","HA","IntHigh","2080",97.926874068776
"03100205_30000000_SOUTHSIDE_BRANCH",1100,596087,"SOUTHSIDE BRANCH","03100205","30000000","STREAM","tbcmp_PD_HA_IntHigh_2080","PD","HA","IntHigh","2080",589.185220976588
"03100205_30000000_SOUTHSIDE_BRANCH",1200,2646196,"SOUTHSIDE BRANCH","03100205","30000000","STREAM","tbcmp_PD_HA_IntHigh_2080","PD","HA","IntHigh","2080",2615.5570831227
"03100205_30000000_SOUTHSIDE_BRANCH",1800,66166,"SOUTHSIDE BRANCH","03100205","30000000","STREAM","tbcmp_PD_HA_IntHigh_2080","PD","HA","IntHigh","2080",65.399898556984
"03100205_30000000_SOUTHSIDE_BRANCH",1820,181255,"SOUTHSIDE BRANCH","03100205","30000000","STREAM","tbcmp_PD_HA_IntHigh_2080","PD","HA","IntHigh","2080",179.15634333262
"03100205_30000000_SOUTHSIDE_BRANCH",1900,473664,"SOUTHSIDE BRANCH","03100205","30000000","STREAM","tbcmp_PD_HA_IntHigh_2080","PD","HA","IntHigh","2080",468.179692743936
"03100205_30000000_SOUTHSIDE_BRANCH",2100,551231,"SOUTHSIDE BRANCH","03100205","30000000","STREAM","tbcmp_PD_HA_IntHigh_2080","PD","HA","IntHigh","2080",544.848585096044
"03100205_30000000_SOUTHSIDE_BRANCH",2200,120227,"SOUTHSIDE BRANCH","03100205","30000000","STREAM","tbcmp_PD_HA_IntHigh_2080","PD","HA","IntHigh","2080",118.834954565948
"03100205_30000000_SOUTHSIDE_BRANCH",2400,13856,"SOUTHSIDE BRANCH","03100205","30000000","STREAM","tbcmp_PD_HA_IntHigh_2080","PD","HA","IntHigh","2080",13.695568636544
"03100205_30000000_SOUTHSIDE_BRANCH",3200,12691,"SOUTHSIDE BRANCH","03100205","30000000","STREAM","tbcmp_PD_HA_IntHigh_2080","PD","HA","IntHigh","2080",12.544057561084
"03100205_30000000_SOUTHSIDE_BRANCH",4100,291438,"SOUTHSIDE BRANCH","03100205","30000000","STREAM","tbcmp_PD_HA_IntHigh_2080","PD","HA","IntHigh","2080",288.063592111512
"03100205_30000000_SOUTHSIDE_BRANCH",4400,13422,"SOUTHSIDE BRANCH","03100205","30000000","STREAM","tbcmp_PD_HA_IntHigh_2080","PD","HA","IntHigh","2080",13.266593695128
"03100205_30000000_SOUTHSIDE_BRANCH",5200,189536,"SOUTHSIDE BRANCH","03100205","30000000","STREAM","tbcmp_PD_HA_IntHigh_2080","PD","HA","IntHigh","2080",187.341461972864
"03100205_30000000_SOUTHSIDE_BRANCH",6110,294747,"SOUTHSIDE BRANCH","03100205","30000000","STREAM","tbcmp_PD_HA_IntHigh_2080","PD","HA","IntHigh","2080",291.334278934428
"03100205_30000000_SOUTHSIDE_BRANCH",6410,186887,"SOUTHSIDE BRANCH","03100205","30000000","STREAM","tbcmp_PD_HA_IntHigh_2080","PD","HA","IntHigh","2080",184.723133355788
"03100205_35000000_BIG_DITCH",1100,421536,"BIG DITCH","03100205","35000000","STREAM","tbcmp_PD_HA_IntHigh_2080","PD","HA","IntHigh","2080",416.655255540864
"03100205_35000000_BIG_DITCH",1200,505818,"BIG DITCH","03100205","35000000","STREAM","tbcmp_PD_HA_IntHigh_2080","PD","HA","IntHigh","2080",499.961398426632
"03100205_35000000_BIG_DITCH",1900,31967,"BIG DITCH","03100205","35000000","STREAM","tbcmp_PD_HA_IntHigh_2080","PD","HA","IntHigh","2080",31.596870857708
"03100205_35000000_BIG_DITCH",2100,425124,"BIG DITCH","03100205","35000000","STREAM","tbcmp_PD_HA_IntHigh_2080","PD","HA","IntHigh","2080",420.201711968976
"03100205_35000000_BIG_DITCH",3200,15419,"BIG DITCH","03100205","35000000","STREAM","tbcmp_PD_HA_IntHigh_2080","PD","HA","IntHigh","2080",15.240471478556
"03100205_35000000_BIG_DITCH",4100,259037,"BIG DITCH","03100205","35000000","STREAM","tbcmp_PD_HA_IntHigh_2080","PD","HA","IntHigh","2080",256.037746312388
"03100205_35000000_BIG_DITCH",4400,114293,"BIG DITCH","03100205","35000000","STREAM","tbcmp_PD_HA_IntHigh_2080","PD","HA","IntHigh","2080",112.969661242532
"03100205_35000000_BIG_DITCH",5200,6107,"BIG DITCH","03100205","35000000","STREAM","tbcmp_PD_HA_IntHigh_2080","PD","HA","IntHigh","2080",6.036290247068
"03100205_35000000_BIG_DITCH",6110,431176,"BIG DITCH","03100205","35000000","STREAM","tbcmp_PD_HA_IntHigh_2080","PD","HA","IntHigh","2080",426.183639032224
"03100205_35000000_BIG_DITCH",6410,91357,"BIG DITCH","03100205","35000000","STREAM","tbcmp_PD_HA_IntHigh_2080","PD","HA","IntHigh","2080",90.299225168068
"03100205_35000000_BIG_DITCH_NONCONT_AREA",1200,791703,"BIG DITCH NONCONT AREA","03100205","35000000","NONCON","tbcmp_PD_HA_IntHigh_2080","PD","HA","IntHigh","2080",782.536285815372
"03100205_35000000_BIG_DITCH_NONCONT_AREA",1900,128602,"BIG DITCH NONCONT AREA","03100205","35000000","NONCON","tbcmp_PD_HA_IntHigh_2080","PD","HA","IntHigh","2080",127.112984829448
"03100205_35000000_BIG_DITCH_NONCONT_AREA",2100,1195048,"BIG DITCH NONCONT AREA","03100205","35000000","NONCON","tbcmp_PD_HA_IntHigh_2080","PD","HA","IntHigh","2080",1181.21116541315
"03100205_35000000_BIG_DITCH_NONCONT_AREA",3200,249608,"BIG DITCH NONCONT AREA","03100205","35000000","NONCON","tbcmp_PD_HA_IntHigh_2080","PD","HA","IntHigh","2080",246.717919762592
"03100205_35000000_BIG_DITCH_NONCONT_AREA",4100,211534,"BIG DITCH NONCONT AREA","03100205","35000000","NONCON","tbcmp_PD_HA_IntHigh_2080","PD","HA","IntHigh","2080",209.084758657816
"03100205_35000000_BIG_DITCH_NONCONT_AREA",5200,1323,"BIG DITCH NONCONT AREA","03100205","35000000","NONCON","tbcmp_PD_HA_IntHigh_2080","PD","HA","IntHigh","2080",1.307681676252
"03100205_35000000_BIG_DITCH_NONCONT_AREA",6110,724835,"BIG DITCH NONCONT AREA","03100205","35000000","NONCON","tbcmp_PD_HA_IntHigh_2080","PD","HA","IntHigh","2080",716.44251534854
"03100205_35000000_BIG_DITCH_NONCONT_AREA",6120,90361,"BIG DITCH NONCONT AREA","03100205","35000000","NONCON","tbcmp_PD_HA_IntHigh_2080","PD","HA","IntHigh","2080",89.314757330164
"03100205_35000000_BIG_DITCH_NONCONT_AREA",6410,64700,"BIG DITCH NONCONT AREA","03100205","35000000","NONCON","tbcmp_PD_HA_IntHigh_2080","PD","HA","IntHigh","2080",63.9508726028
"03100205_40000000_BLACKWATER_CREEK",1100,1697194,"BLACKWATER CREEK","03100205","40000000","STREAM","tbcmp_PD_HA_IntHigh_2080","PD","HA","IntHigh","2080",1677.54308000366
"03100205_40000000_BLACKWATER_CREEK",1200,818723,"BLACKWATER CREEK","03100205","40000000","STREAM","tbcmp_PD_HA_IntHigh_2080","PD","HA","IntHigh","2080",809.243435393852
"03100205_40000000_BLACKWATER_CREEK",1800,11364,"BLACKWATER CREEK","03100205","40000000","STREAM","tbcmp_PD_HA_IntHigh_2080","PD","HA","IntHigh","2080",11.232422198736
"03100205_40000000_BLACKWATER_CREEK",1900,596213,"BLACKWATER CREEK","03100205","40000000","STREAM","tbcmp_PD_HA_IntHigh_2080","PD","HA","IntHigh","2080",589.309762088612
"03100205_40000000_BLACKWATER_CREEK",2100,5859901,"BLACKWATER CREEK","03100205","40000000","STREAM","tbcmp_PD_HA_IntHigh_2080","PD","HA","IntHigh","2080",5792.05227690912
"03100205_40000000_BLACKWATER_CREEK",2200,8599,"BLACKWATER CREEK","03100205","40000000","STREAM","tbcmp_PD_HA_IntHigh_2080","PD","HA","IntHigh","2080",8.499436684876
"03100205_40000000_BLACKWATER_CREEK",2400,36313,"BLACKWATER CREEK","03100205","40000000","STREAM","tbcmp_PD_HA_IntHigh_2080","PD","HA","IntHigh","2080",35.892550801012
"03100205_40000000_BLACKWATER_CREEK",3200,1025195,"BLACKWATER CREEK","03100205","40000000","STREAM","tbcmp_PD_HA_IntHigh_2080","PD","HA","IntHigh","2080",1013.32480429718
"03100205_40000000_BLACKWATER_CREEK",4100,1583184,"BLACKWATER CREEK","03100205","40000000","STREAM","tbcmp_PD_HA_IntHigh_2080","PD","HA","IntHigh","2080",1564.85314205242
"03100205_40000000_BLACKWATER_CREEK",4400,1066741,"BLACKWATER CREEK","03100205","40000000","STREAM","tbcmp_PD_HA_IntHigh_2080","PD","HA","IntHigh","2080",1054.38976493328
"03100205_40000000_BLACKWATER_CREEK",5200,67503,"BLACKWATER CREEK","03100205","40000000","STREAM","tbcmp_PD_HA_IntHigh_2080","PD","HA","IntHigh","2080",66.721418134572
"03100205_40000000_BLACKWATER_CREEK",6110,4161201,"BLACKWATER CREEK","03100205","40000000","STREAM","tbcmp_PD_HA_IntHigh_2080","PD","HA","IntHigh","2080",4113.02063409032
"03100205_40000000_BLACKWATER_CREEK",6410,1333663,"BLACKWATER CREEK","03100205","40000000","STREAM","tbcmp_PD_HA_IntHigh_2080","PD","HA","IntHigh","2080",1318.22121496241
"03100205_40300000_CHANNELZED_STREAM",1100,191131,"CHANNELZED STREAM","03100205","40300000","STREAM","tbcmp_PD_HA_IntHigh_2080","PD","HA","IntHigh","2080",188.917994303644
"03100205_40300000_CHANNELZED_STREAM",1200,20272,"CHANNELZED STREAM","03100205","40300000","STREAM","tbcmp_PD_HA_IntHigh_2080","PD","HA","IntHigh","2080",20.037281134528
"03100205_40300000_CHANNELZED_STREAM",1900,3064,"CHANNELZED STREAM","03100205","40300000","STREAM","tbcmp_PD_HA_IntHigh_2080","PD","HA","IntHigh","2080",3.028523549536
"03100205_40300000_CHANNELZED_STREAM",2100,99287,"CHANNELZED STREAM","03100205","40300000","STREAM","tbcmp_PD_HA_IntHigh_2080","PD","HA","IntHigh","2080",98.137407853388
"03100205_40300000_CHANNELZED_STREAM",4100,79383,"CHANNELZED STREAM","03100205","40300000","STREAM","tbcmp_PD_HA_IntHigh_2080","PD","HA","IntHigh","2080",78.463865839692
"03100205_40300000_CHANNELZED_STREAM",4400,6876,"CHANNELZED STREAM","03100205","40300000","STREAM","tbcmp_PD_HA_IntHigh_2080","PD","HA","IntHigh","2080",6.796386399024
"03100205_40300000_CHANNELZED_STREAM",5200,995,"CHANNELZED STREAM","03100205","40300000","STREAM","tbcmp_PD_HA_IntHigh_2080","PD","HA","IntHigh","2080",0.98347941638
"03100205_40300000_CHANNELZED_STREAM",6110,118,"CHANNELZED STREAM","03100205","40300000","STREAM","tbcmp_PD_HA_IntHigh_2080","PD","HA","IntHigh","2080",0.116633739832
"03100205_40300000_CHANNELZED_STREAM",6410,16578,"CHANNELZED STREAM","03100205","40300000","STREAM","tbcmp_PD_HA_IntHigh_2080","PD","HA","IntHigh","2080",16.386052024872
"03100205_40340000_KATHLEEN_DRAIN",1100,128570,"KATHLEEN DRAIN","03100205","40340000","DRAIN","tbcmp_PD_HA_IntHigh_2080","PD","HA","IntHigh","2080",127.08135534068
"03100205_40340000_KATHLEEN_DRAIN",1200,230254,"KATHLEEN DRAIN","03100205","40340000","DRAIN","tbcmp_PD_HA_IntHigh_2080","PD","HA","IntHigh","2080",227.588009587096
"03100205_40340000_KATHLEEN_DRAIN",1800,11347,"KATHLEEN DRAIN","03100205","40340000","DRAIN","tbcmp_PD_HA_IntHigh_2080","PD","HA","IntHigh","2080",11.215619032828
"03100205_40340000_KATHLEEN_DRAIN",1900,15025,"KATHLEEN DRAIN","03100205","40340000","DRAIN","tbcmp_PD_HA_IntHigh_2080","PD","HA","IntHigh","2080",14.8510333981
"03100205_40340000_KATHLEEN_DRAIN",2100,36629,"KATHLEEN DRAIN","03100205","40340000","DRAIN","tbcmp_PD_HA_IntHigh_2080","PD","HA","IntHigh","2080",36.204892002596
"03100205_40340000_KATHLEEN_DRAIN",4100,66202,"KATHLEEN DRAIN","03100205","40340000","DRAIN","tbcmp_PD_HA_IntHigh_2080","PD","HA","IntHigh","2080",65.435481731848
"03100205_40340000_KATHLEEN_DRAIN",4400,270,"KATHLEEN DRAIN","03100205","40340000","DRAIN","tbcmp_PD_HA_IntHigh_2080","PD","HA","IntHigh","2080",0.26687381148
"03100205_40340000_KATHLEEN_DRAIN",5200,2213,"KATHLEEN DRAIN","03100205","40340000","DRAIN","tbcmp_PD_HA_IntHigh_2080","PD","HA","IntHigh","2080",2.187376832612
"03100205_40340000_KATHLEEN_DRAIN",6110,73781,"KATHLEEN DRAIN","03100205","40340000","DRAIN","tbcmp_PD_HA_IntHigh_2080","PD","HA","IntHigh","2080",72.926728462244
"03100205_40340000_KATHLEEN_DRAIN",6410,7092,"KATHLEEN DRAIN","03100205","40340000","DRAIN","tbcmp_PD_HA_IntHigh_2080","PD","HA","IntHigh","2080",7.009885448208
"03100205_40400000_INTERMITTENT_DITCH",1100,124393,"INTERMITTENT DITCH","03100205","40400000","DITCH","tbcmp_PD_HA_IntHigh_2080","PD","HA","IntHigh","2080",122.952718634932
"03100205_40400000_INTERMITTENT_DITCH",1200,788824,"INTERMITTENT DITCH","03100205","40400000","DITCH","tbcmp_PD_HA_IntHigh_2080","PD","HA","IntHigh","2080",779.690620247776
"03100205_40400000_INTERMITTENT_DITCH",1900,25243,"INTERMITTENT DITCH","03100205","40400000","DITCH","tbcmp_PD_HA_IntHigh_2080","PD","HA","IntHigh","2080",24.950724530332
"03100205_40400000_INTERMITTENT_DITCH",2100,559111,"INTERMITTENT DITCH","03100205","40400000","DITCH","tbcmp_PD_HA_IntHigh_2080","PD","HA","IntHigh","2080",552.637346705164
"03100205_40400000_INTERMITTENT_DITCH",2400,1302,"INTERMITTENT DITCH","03100205","40400000","DITCH","tbcmp_PD_HA_IntHigh_2080","PD","HA","IntHigh","2080",1.286924824248
"03100205_40400000_INTERMITTENT_DITCH",3200,35985,"INTERMITTENT DITCH","03100205","40400000","DITCH","tbcmp_PD_HA_IntHigh_2080","PD","HA","IntHigh","2080",35.56834854114
"03100205_40400000_INTERMITTENT_DITCH",4100,106646,"INTERMITTENT DITCH","03100205","40400000","DITCH","tbcmp_PD_HA_IntHigh_2080","PD","HA","IntHigh","2080",105.411201848504
"03100205_40400000_INTERMITTENT_DITCH",5200,3909,"INTERMITTENT DITCH","03100205","40400000","DITCH","tbcmp_PD_HA_IntHigh_2080","PD","HA","IntHigh","2080",3.863739737316
"03100205_40400000_INTERMITTENT_DITCH",6110,103234,"INTERMITTENT DITCH","03100205","40400000","DITCH","tbcmp_PD_HA_IntHigh_2080","PD","HA","IntHigh","2080",102.038707608616
"03100205_40400000_INTERMITTENT_DITCH",6410,134169,"INTERMITTENT DITCH","03100205","40400000","DITCH","tbcmp_PD_HA_IntHigh_2080","PD","HA","IntHigh","2080",132.615527453556
"03100205_40440000_CHANNELIZED_STREAM",1100,7489,"CHANNELIZED STREAM","03100205","40440000","STREAM","tbcmp_PD_HA_IntHigh_2080","PD","HA","IntHigh","2080",7.402288793236
"03100205_40440000_CHANNELIZED_STREAM",1200,129387,"CHANNELIZED STREAM","03100205","40440000","STREAM","tbcmp_PD_HA_IntHigh_2080","PD","HA","IntHigh","2080",127.888895725788
"03100205_40440000_CHANNELIZED_STREAM",2100,546403,"CHANNELIZED STREAM","03100205","40440000","STREAM","tbcmp_PD_HA_IntHigh_2080","PD","HA","IntHigh","2080",540.076485978172
"03100205_40440000_CHANNELIZED_STREAM",3200,79,"CHANNELIZED STREAM","03100205","40440000","STREAM","tbcmp_PD_HA_IntHigh_2080","PD","HA","IntHigh","2080",0.078085300396
"03100205_40440000_CHANNELIZED_STREAM",4100,60302,"CHANNELIZED STREAM","03100205","40440000","STREAM","tbcmp_PD_HA_IntHigh_2080","PD","HA","IntHigh","2080",59.603794740248
"03100205_40440000_CHANNELIZED_STREAM",5200,4265,"CHANNELIZED STREAM","03100205","40440000","STREAM","tbcmp_PD_HA_IntHigh_2080","PD","HA","IntHigh","2080",4.21561779986
"03100205_40440000_CHANNELIZED_STREAM",6110,158655,"CHANNELIZED STREAM","03100205","40440000","STREAM","tbcmp_PD_HA_IntHigh_2080","PD","HA","IntHigh","2080",156.81801689022
"03100205_40440000_CHANNELIZED_STREAM",6410,41602,"CHANNELIZED STREAM","03100205","40440000","STREAM","tbcmp_PD_HA_IntHigh_2080","PD","HA","IntHigh","2080",41.120312241448
"03100205_40480000_CHANNELIZED_STREAM",1100,16217,"CHANNELIZED STREAM","03100205","40480000","STREAM","tbcmp_PD_HA_IntHigh_2080","PD","HA","IntHigh","2080",16.029231854708
"03100205_40480000_CHANNELIZED_STREAM",1200,93941,"CHANNELIZED STREAM","03100205","40480000","STREAM","tbcmp_PD_HA_IntHigh_2080","PD","HA","IntHigh","2080",92.853306386084
"03100205_40480000_CHANNELIZED_STREAM",1900,7149,"CHANNELIZED STREAM","03100205","40480000","STREAM","tbcmp_PD_HA_IntHigh_2080","PD","HA","IntHigh","2080",7.066225475076
"03100205_40480000_CHANNELIZED_STREAM",2100,744616,"CHANNELIZED STREAM","03100205","40480000","STREAM","tbcmp_PD_HA_IntHigh_2080","PD","HA","IntHigh","2080",735.994481514784
"03100205_40480000_CHANNELIZED_STREAM",3200,36311,"CHANNELIZED STREAM","03100205","40480000","STREAM","tbcmp_PD_HA_IntHigh_2080","PD","HA","IntHigh","2080",35.890573957964
"03100205_40480000_CHANNELIZED_STREAM",4100,11412,"CHANNELIZED STREAM","03100205","40480000","STREAM","tbcmp_PD_HA_IntHigh_2080","PD","HA","IntHigh","2080",11.279866431888
"03100205_40480000_CHANNELIZED_STREAM",5200,1682,"CHANNELIZED STREAM","03100205","40480000","STREAM","tbcmp_PD_HA_IntHigh_2080","PD","HA","IntHigh","2080",1.662525003368
"03100205_40480000_CHANNELIZED_STREAM",6110,135564,"CHANNELIZED STREAM","03100205","40480000","STREAM","tbcmp_PD_HA_IntHigh_2080","PD","HA","IntHigh","2080",133.994375479536
"03100205_40480000_CHANNELIZED_STREAM",6410,125871,"CHANNELIZED STREAM","03100205","40480000","STREAM","tbcmp_PD_HA_IntHigh_2080","PD","HA","IntHigh","2080",124.413605647404
"03100205_40500000_CHANNELIZED_STREAM",1100,6826,"CHANNELIZED STREAM","03100205","40500000","STREAM","tbcmp_PD_HA_IntHigh_2080","PD","HA","IntHigh","2080",6.746965322824
"03100205_40500000_CHANNELIZED_STREAM",1900,7258,"CHANNELIZED STREAM","03100205","40500000","STREAM","tbcmp_PD_HA_IntHigh_2080","PD","HA","IntHigh","2080",7.173963421192
"03100205_40500000_CHANNELIZED_STREAM",2100,1100135,"CHANNELIZED STREAM","03100205","40500000","STREAM","tbcmp_PD_HA_IntHigh_2080","PD","HA","IntHigh","2080",1087.39711330574
"03100205_40500000_CHANNELIZED_STREAM",4100,32813,"CHANNELIZED STREAM","03100205","40500000","STREAM","tbcmp_PD_HA_IntHigh_2080","PD","HA","IntHigh","2080",32.433075467012
"03100205_40500000_CHANNELIZED_STREAM",5200,2170,"CHANNELIZED STREAM","03100205","40500000","STREAM","tbcmp_PD_HA_IntHigh_2080","PD","HA","IntHigh","2080",2.14487470708
"03100205_40500000_CHANNELIZED_STREAM",6110,233044,"CHANNELIZED STREAM","03100205","40500000","STREAM","tbcmp_PD_HA_IntHigh_2080","PD","HA","IntHigh","2080",230.345705639056
"03100205_40500000_CHANNELIZED_STREAM",6410,147384,"CHANNELIZED STREAM","03100205","40500000","STREAM","tbcmp_PD_HA_IntHigh_2080","PD","HA","IntHigh","2080",145.677517893216
"03100205_40600000_ITCHEPACKASASSA_CREEK",1100,551376,"ITCHEPACKASASSA CREEK","03100205","40600000","STREAM","tbcmp_PD_HA_IntHigh_2080","PD","HA","IntHigh","2080",544.991906217024
"03100205_40600000_ITCHEPACKASASSA_CREEK",1200,16626,"ITCHEPACKASASSA CREEK","03100205","40600000","STREAM","tbcmp_PD_HA_IntHigh_2080","PD","HA","IntHigh","2080",16.433496258024
"03100205_40600000_ITCHEPACKASASSA_CREEK",1800,77,"ITCHEPACKASASSA CREEK","03100205","40600000","STREAM","tbcmp_PD_HA_IntHigh_2080","PD","HA","IntHigh","2080",0.076108457348
"03100205_40600000_ITCHEPACKASASSA_CREEK",1900,39712,"ITCHEPACKASASSA CREEK","03100205","40600000","STREAM","tbcmp_PD_HA_IntHigh_2080","PD","HA","IntHigh","2080",39.252195561088
"03100205_40600000_ITCHEPACKASASSA_CREEK",2100,2303352,"ITCHEPACKASASSA CREEK","03100205","40600000","STREAM","tbcmp_PD_HA_IntHigh_2080","PD","HA","IntHigh","2080",2276.68269414845
"03100205_40600000_ITCHEPACKASASSA_CREEK",2400,5152,"ITCHEPACKASASSA CREEK","03100205","40600000","STREAM","tbcmp_PD_HA_IntHigh_2080","PD","HA","IntHigh","2080",5.092347691648
"03100205_40600000_ITCHEPACKASASSA_CREEK",3200,308307,"ITCHEPACKASASSA CREEK","03100205","40600000","STREAM","tbcmp_PD_HA_IntHigh_2080","PD","HA","IntHigh","2080",304.737274799868
"03100205_40600000_ITCHEPACKASASSA_CREEK",4100,427861,"ITCHEPACKASASSA CREEK","03100205","40600000","STREAM","tbcmp_PD_HA_IntHigh_2080","PD","HA","IntHigh","2080",422.907021680164
"03100205_40600000_ITCHEPACKASASSA_CREEK",4400,1119088,"ITCHEPACKASASSA CREEK","03100205","40600000","STREAM","tbcmp_PD_HA_IntHigh_2080","PD","HA","IntHigh","2080",1106.13066645011
"03100205_40600000_ITCHEPACKASASSA_CREEK",5200,50205,"ITCHEPACKASASSA CREEK","03100205","40600000","STREAM","tbcmp_PD_HA_IntHigh_2080","PD","HA","IntHigh","2080",49.62370261242
"03100205_40600000_ITCHEPACKASASSA_CREEK",6110,1206098,"ITCHEPACKASASSA CREEK","03100205","40600000","STREAM","tbcmp_PD_HA_IntHigh_2080","PD","HA","IntHigh","2080",1192.13322325335
"03100205_40600000_ITCHEPACKASASSA_CREEK",6410,674233,"ITCHEPACKASASSA CREEK","03100205","40600000","STREAM","tbcmp_PD_HA_IntHigh_2080","PD","HA","IntHigh","2080",666.426409391092
"03100205_40603000_WINSTON_DRAIN",1200,20489,"WINSTON DRAIN","03100205","40603000","DRAIN","tbcmp_PD_HA_IntHigh_2080","PD","HA","IntHigh","2080",20.251768605236
"03100205_40603000_WINSTON_DRAIN",4100,31479,"WINSTON DRAIN","03100205","40603000","DRAIN","tbcmp_PD_HA_IntHigh_2080","PD","HA","IntHigh","2080",31.114521153996
"03100205_40603000_WINSTON_DRAIN",5200,640,"WINSTON DRAIN","03100205","40603000","DRAIN","tbcmp_PD_HA_IntHigh_2080","PD","HA","IntHigh","2080",0.63258977536
"03100205_40603000_WINSTON_DRAIN",6410,8333,"WINSTON DRAIN","03100205","40603000","DRAIN","tbcmp_PD_HA_IntHigh_2080","PD","HA","IntHigh","2080",8.236516559492
"03100205_40605000_WIGGINS_PRAIRIE_DRAIN",1100,689229,"WIGGINS PRAIRIE DRAIN","03100205","40605000","DRAIN","tbcmp_PD_HA_IntHigh_2080","PD","HA","IntHigh","2080",681.248778564996
"03100205_40605000_WIGGINS_PRAIRIE_DRAIN",1200,787547,"WIGGINS PRAIRIE DRAIN","03100205","40605000","DRAIN","tbcmp_PD_HA_IntHigh_2080","PD","HA","IntHigh","2080",778.428405961628
"03100205_40605000_WIGGINS_PRAIRIE_DRAIN",1820,543,"WIGGINS PRAIRIE DRAIN","03100205","40605000","DRAIN","tbcmp_PD_HA_IntHigh_2080","PD","HA","IntHigh","2080",0.536712887532
"03100205_40605000_WIGGINS_PRAIRIE_DRAIN",1900,392443,"WIGGINS PRAIRIE DRAIN","03100205","40605000","DRAIN","tbcmp_PD_HA_IntHigh_2080","PD","HA","IntHigh","2080",387.899108143132
"03100205_40605000_WIGGINS_PRAIRIE_DRAIN",2100,850746,"WIGGINS PRAIRIE DRAIN","03100205","40605000","DRAIN","tbcmp_PD_HA_IntHigh_2080","PD","HA","IntHigh","2080",840.895657856904
"03100205_40605000_WIGGINS_PRAIRIE_DRAIN",4100,194094,"WIGGINS PRAIRIE DRAIN","03100205","40605000","DRAIN","tbcmp_PD_HA_IntHigh_2080","PD","HA","IntHigh","2080",191.846687279256
"03100205_40605000_WIGGINS_PRAIRIE_DRAIN",4400,7976,"WIGGINS PRAIRIE DRAIN","03100205","40605000","DRAIN","tbcmp_PD_HA_IntHigh_2080","PD","HA","IntHigh","2080",7.883650075424
"03100205_40605000_WIGGINS_PRAIRIE_DRAIN",5200,137968,"WIGGINS PRAIRIE DRAIN","03100205","40605000","DRAIN","tbcmp_PD_HA_IntHigh_2080","PD","HA","IntHigh","2080",136.370540823232
"03100205_40605000_WIGGINS_PRAIRIE_DRAIN",6110,117457,"WIGGINS PRAIRIE DRAIN","03100205","40605000","DRAIN","tbcmp_PD_HA_IntHigh_2080","PD","HA","IntHigh","2080",116.097026944468
"03100205_40605000_WIGGINS_PRAIRIE_DRAIN",6410,412912,"WIGGINS PRAIRIE DRAIN","03100205","40605000","DRAIN","tbcmp_PD_HA_IntHigh_2080","PD","HA","IntHigh","2080",408.131108317888
"03100205_40606500_MIDWAY_ROAD_DRAIN",1100,356197,"MIDWAY ROAD DRAIN","03100205","40606500","DRAIN","tbcmp_PD_HA_IntHigh_2080","PD","HA","IntHigh","2080",352.072781584228
"03100205_40606500_MIDWAY_ROAD_DRAIN",1200,82063,"MIDWAY ROAD DRAIN","03100205","40606500","DRAIN","tbcmp_PD_HA_IntHigh_2080","PD","HA","IntHigh","2080",81.112835524012
"03100205_40606500_MIDWAY_ROAD_DRAIN",1800,1810,"MIDWAY ROAD DRAIN","03100205","40606500","DRAIN","tbcmp_PD_HA_IntHigh_2080","PD","HA","IntHigh","2080",1.78904295844
"03100205_40606500_MIDWAY_ROAD_DRAIN",1900,159242,"MIDWAY ROAD DRAIN","03100205","40606500","DRAIN","tbcmp_PD_HA_IntHigh_2080","PD","HA","IntHigh","2080",157.398220324808
"03100205_40606500_MIDWAY_ROAD_DRAIN",2100,1173505,"MIDWAY ROAD DRAIN","03100205","40606500","DRAIN","tbcmp_PD_HA_IntHigh_2080","PD","HA","IntHigh","2080",1159.91760052162
"03100205_40606500_MIDWAY_ROAD_DRAIN",2400,73675,"MIDWAY ROAD DRAIN","03100205","40606500","DRAIN","tbcmp_PD_HA_IntHigh_2080","PD","HA","IntHigh","2080",72.8219557807
"03100205_40606500_MIDWAY_ROAD_DRAIN",3200,6838,"MIDWAY ROAD DRAIN","03100205","40606500","DRAIN","tbcmp_PD_HA_IntHigh_2080","PD","HA","IntHigh","2080",6.758826381112
"03100205_40606500_MIDWAY_ROAD_DRAIN",4100,116722,"MIDWAY ROAD DRAIN","03100205","40606500","DRAIN","tbcmp_PD_HA_IntHigh_2080","PD","HA","IntHigh","2080",115.370537124328
"03100205_40606500_MIDWAY_ROAD_DRAIN",4400,15232,"MIDWAY ROAD DRAIN","03100205","40606500","DRAIN","tbcmp_PD_HA_IntHigh_2080","PD","HA","IntHigh","2080",15.055636653568
"03100205_40606500_MIDWAY_ROAD_DRAIN",5200,50625,"MIDWAY ROAD DRAIN","03100205","40606500","DRAIN","tbcmp_PD_HA_IntHigh_2080","PD","HA","IntHigh","2080",50.0388396525
"03100205_40606500_MIDWAY_ROAD_DRAIN",6110,49465,"MIDWAY ROAD DRAIN","03100205","40606500","DRAIN","tbcmp_PD_HA_IntHigh_2080","PD","HA","IntHigh","2080",48.89227068466
"03100205_40606500_MIDWAY_ROAD_DRAIN",6410,348204,"MIDWAY ROAD DRAIN","03100205","40606500","DRAIN","tbcmp_PD_HA_IntHigh_2080","PD","HA","IntHigh","2080",344.172328342896
"03100205_40608000_EAST_CANAL",1100,1065077,"EAST CANAL","03100205","40608000","CANAL","tbcmp_PD_HA_IntHigh_2080","PD","HA","IntHigh","2080",1052.74503151735
"03100205_40608000_EAST_CANAL",1200,1941247,"EAST CANAL","03100205","40608000","CANAL","tbcmp_PD_HA_IntHigh_2080","PD","HA","IntHigh","2080",1918.77031820043
"03100205_40608000_EAST_CANAL",1800,84345,"EAST CANAL","03100205","40608000","CANAL","tbcmp_PD_HA_IntHigh_2080","PD","HA","IntHigh","2080",83.36841344178
"03100205_40608000_EAST_CANAL",1900,514915,"EAST CANAL","03100205","40608000","CANAL","tbcmp_PD_HA_IntHigh_2080","PD","HA","IntHigh","2080",508.95306903046
"03100205_40608000_EAST_CANAL",2100,1439816,"EAST CANAL","03100205","40608000","CANAL","tbcmp_PD_HA_IntHigh_2080","PD","HA","IntHigh","2080",1423.14512499958
"03100205_40608000_EAST_CANAL",2200,44757,"EAST CANAL","03100205","40608000","CANAL","tbcmp_PD_HA_IntHigh_2080","PD","HA","IntHigh","2080",44.238782149668
"03100205_40608000_EAST_CANAL",2400,89712,"EAST CANAL","03100205","40608000","CANAL","tbcmp_PD_HA_IntHigh_2080","PD","HA","IntHigh","2080",88.673271761088
"03100205_40608000_EAST_CANAL",3200,88745,"EAST CANAL","03100205","40608000","CANAL","tbcmp_PD_HA_IntHigh_2080","PD","HA","IntHigh","2080",87.71746814738
"03100205_40608000_EAST_CANAL",4100,152225,"EAST CANAL","03100205","40608000","CANAL","tbcmp_PD_HA_IntHigh_2080","PD","HA","IntHigh","2080",150.4624664909
"03100205_40608000_EAST_CANAL",4400,7863,"EAST CANAL","03100205","40608000","CANAL","tbcmp_PD_HA_IntHigh_2080","PD","HA","IntHigh","2080",7.771958443212
"03100205_40608000_EAST_CANAL",5200,228066,"EAST CANAL","03100205","40608000","CANAL","tbcmp_PD_HA_IntHigh_2080","PD","HA","IntHigh","2080",225.425343292584
"03100205_40608000_EAST_CANAL",6110,694589,"EAST CANAL","03100205","40608000","CANAL","tbcmp_PD_HA_IntHigh_2080","PD","HA","IntHigh","2080",686.546717933636
"03100205_40608000_EAST_CANAL",6410,423974,"EAST CANAL","03100205","40608000","CANAL","tbcmp_PD_HA_IntHigh_2080","PD","HA","IntHigh","2080",419.065027216376
"03100205_40608030_INTERMITTENT_STREAM",1100,34919,"INTERMITTENT STREAM","03100205","40608030","STREAM","tbcmp_PD_HA_IntHigh_2080","PD","HA","IntHigh","2080",34.514691196556
"03100205_40608030_INTERMITTENT_STREAM",1200,345688,"INTERMITTENT STREAM","03100205","40608030","STREAM","tbcmp_PD_HA_IntHigh_2080","PD","HA","IntHigh","2080",341.685459788512
"03100205_40608030_INTERMITTENT_STREAM",1800,50338,"INTERMITTENT STREAM","03100205","40608030","STREAM","tbcmp_PD_HA_IntHigh_2080","PD","HA","IntHigh","2080",49.755162675112
"03100205_40608030_INTERMITTENT_STREAM",1900,3528,"INTERMITTENT STREAM","03100205","40608030","STREAM","tbcmp_PD_HA_IntHigh_2080","PD","HA","IntHigh","2080",3.487151136672
"03100205_40608030_INTERMITTENT_STREAM",2100,61172,"INTERMITTENT STREAM","03100205","40608030","STREAM","tbcmp_PD_HA_IntHigh_2080","PD","HA","IntHigh","2080",60.463721466128
"03100205_40608030_INTERMITTENT_STREAM",5200,5854,"INTERMITTENT STREAM","03100205","40608030","STREAM","tbcmp_PD_HA_IntHigh_2080","PD","HA","IntHigh","2080",5.786219601496
"03100205_40608030_INTERMITTENT_STREAM",6110,5667,"INTERMITTENT STREAM","03100205","40608030","STREAM","tbcmp_PD_HA_IntHigh_2080","PD","HA","IntHigh","2080",5.601384776508
"03100205_40608030_INTERMITTENT_STREAM",6410,9908,"INTERMITTENT STREAM","03100205","40608030","STREAM","tbcmp_PD_HA_IntHigh_2080","PD","HA","IntHigh","2080",9.793280459792
"03100205_40608040_INTERMITTENT_STREAM",1100,240352,"INTERMITTENT STREAM","03100205","40608040","STREAM","tbcmp_PD_HA_IntHigh_2080","PD","HA","IntHigh","2080",237.569090136448
"03100205_40608040_INTERMITTENT_STREAM",1200,481253,"INTERMITTENT STREAM","03100205","40608040","STREAM","tbcmp_PD_HA_IntHigh_2080","PD","HA","IntHigh","2080",475.680823689572
"03100205_40608040_INTERMITTENT_STREAM",1800,99314,"INTERMITTENT STREAM","03100205","40608040","STREAM","tbcmp_PD_HA_IntHigh_2080","PD","HA","IntHigh","2080",98.164095234536
"03100205_40608040_INTERMITTENT_STREAM",1900,99365,"INTERMITTENT STREAM","03100205","40608040","STREAM","tbcmp_PD_HA_IntHigh_2080","PD","HA","IntHigh","2080",98.21450473226
"03100205_40608040_INTERMITTENT_STREAM",2100,194376,"INTERMITTENT STREAM","03100205","40608040","STREAM","tbcmp_PD_HA_IntHigh_2080","PD","HA","IntHigh","2080",192.125422149024
"03100205_40608040_INTERMITTENT_STREAM",2400,32049,"INTERMITTENT STREAM","03100205","40608040","STREAM","tbcmp_PD_HA_IntHigh_2080","PD","HA","IntHigh","2080",31.677921422676
"03100205_40608040_INTERMITTENT_STREAM",4100,88263,"INTERMITTENT STREAM","03100205","40608040","STREAM","tbcmp_PD_HA_IntHigh_2080","PD","HA","IntHigh","2080",87.241048972812
"03100205_40608040_INTERMITTENT_STREAM",5200,49475,"INTERMITTENT STREAM","03100205","40608040","STREAM","tbcmp_PD_HA_IntHigh_2080","PD","HA","IntHigh","2080",48.9021548999
"03100205_40608040_INTERMITTENT_STREAM",6110,89181,"INTERMITTENT STREAM","03100205","40608040","STREAM","tbcmp_PD_HA_IntHigh_2080","PD","HA","IntHigh","2080",88.148419931844
"03100205_40608040_INTERMITTENT_STREAM",6410,76275,"INTERMITTENT STREAM","03100205","40608040","STREAM","tbcmp_PD_HA_IntHigh_2080","PD","HA","IntHigh","2080",75.3918517431
"03100205_43000000_INDIAN_CREEK",1100,1289065,"INDIAN CREEK","03100205","43000000","STREAM","tbcmp_PD_HA_IntHigh_2080","PD","HA","IntHigh","2080",1274.13959183506
"03100205_43000000_INDIAN_CREEK",1200,1094927,"INDIAN CREEK","03100205","43000000","STREAM","tbcmp_PD_HA_IntHigh_2080","PD","HA","IntHigh","2080",1082.24941400875
"03100205_43000000_INDIAN_CREEK",1800,18274,"INDIAN CREEK","03100205","43000000","STREAM","tbcmp_PD_HA_IntHigh_2080","PD","HA","IntHigh","2080",18.062414929576
"03100205_43000000_INDIAN_CREEK",1820,138808,"INDIAN CREEK","03100205","43000000","STREAM","tbcmp_PD_HA_IntHigh_2080","PD","HA","IntHigh","2080",137.200814903392
"03100205_43000000_INDIAN_CREEK",1900,441775,"INDIAN CREEK","03100205","43000000","STREAM","tbcmp_PD_HA_IntHigh_2080","PD","HA","IntHigh","2080",436.6599187651
"03100205_43000000_INDIAN_CREEK",2100,1703335,"INDIAN CREEK","03100205","43000000","STREAM","tbcmp_PD_HA_IntHigh_2080","PD","HA","IntHigh","2080",1683.61297658254
"03100205_43000000_INDIAN_CREEK",2200,8072,"INDIAN CREEK","03100205","43000000","STREAM","tbcmp_PD_HA_IntHigh_2080","PD","HA","IntHigh","2080",7.978538541728
"03100205_43000000_INDIAN_CREEK",2400,2672,"INDIAN CREEK","03100205","43000000","STREAM","tbcmp_PD_HA_IntHigh_2080","PD","HA","IntHigh","2080",2.641062312128
"03100205_43000000_INDIAN_CREEK",3200,297847,"INDIAN CREEK","03100205","43000000","STREAM","tbcmp_PD_HA_IntHigh_2080","PD","HA","IntHigh","2080",294.398385658828
"03100205_43000000_INDIAN_CREEK",4100,439566,"INDIAN CREEK","03100205","43000000","STREAM","tbcmp_PD_HA_IntHigh_2080","PD","HA","IntHigh","2080",434.476495618584
"03100205_43000000_INDIAN_CREEK",4400,116973,"INDIAN CREEK","03100205","43000000","STREAM","tbcmp_PD_HA_IntHigh_2080","PD","HA","IntHigh","2080",115.618630926852
"03100205_43000000_INDIAN_CREEK",5200,131936,"INDIAN CREEK","03100205","43000000","STREAM","tbcmp_PD_HA_IntHigh_2080","PD","HA","IntHigh","2080",130.408382190464
"03100205_43000000_INDIAN_CREEK",6110,597142,"INDIAN CREEK","03100205","43000000","STREAM","tbcmp_PD_HA_IntHigh_2080","PD","HA","IntHigh","2080",590.228005684408
"03100205_43000000_INDIAN_CREEK",6410,542470,"INDIAN CREEK","03100205","43000000","STREAM","tbcmp_PD_HA_IntHigh_2080","PD","HA","IntHigh","2080",536.18902412428
"03100205_47000000_NEW_RIVER",1100,1585676,"NEW RIVER","03100205","47000000","STREAM","tbcmp_PD_HA_IntHigh_2080","PD","HA","IntHigh","2080",1567.31628849022
"03100205_47000000_NEW_RIVER",1200,2931029,"NEW RIVER","03100205","47000000","STREAM","tbcmp_PD_HA_IntHigh_2080","PD","HA","IntHigh","2080",2897.0921510682
"03100205_47000000_NEW_RIVER",1800,44167,"NEW RIVER","03100205","47000000","STREAM","tbcmp_PD_HA_IntHigh_2080","PD","HA","IntHigh","2080",43.655613450508
"03100205_47000000_NEW_RIVER",1820,26278,"NEW RIVER","03100205","47000000","STREAM","tbcmp_PD_HA_IntHigh_2080","PD","HA","IntHigh","2080",25.973740807672
"03100205_47000000_NEW_RIVER",1900,1115312,"NEW RIVER","03100205","47000000","STREAM","tbcmp_PD_HA_IntHigh_2080","PD","HA","IntHigh","2080",1102.39838677549
"03100205_47000000_NEW_RIVER",2100,3134951,"NEW RIVER","03100205","47000000","STREAM","tbcmp_PD_HA_IntHigh_2080","PD","HA","IntHigh","2080",3098.65304508532
"03100205_47000000_NEW_RIVER",2200,16179,"NEW RIVER","03100205","47000000","STREAM","tbcmp_PD_HA_IntHigh_2080","PD","HA","IntHigh","2080",15.991671836796
"03100205_47000000_NEW_RIVER",3200,414309,"NEW RIVER","03100205","47000000","STREAM","tbcmp_PD_HA_IntHigh_2080","PD","HA","IntHigh","2080",409.511933186916
"03100205_47000000_NEW_RIVER",4100,749242,"NEW RIVER","03100205","47000000","STREAM","tbcmp_PD_HA_IntHigh_2080","PD","HA","IntHigh","2080",740.566919484808
"03100205_47000000_NEW_RIVER",4400,123303,"NEW RIVER","03100205","47000000","STREAM","tbcmp_PD_HA_IntHigh_2080","PD","HA","IntHigh","2080",121.875339173772
"03100205_47000000_NEW_RIVER",5200,807617,"NEW RIVER","03100205","47000000","STREAM","tbcmp_PD_HA_IntHigh_2080","PD","HA","IntHigh","2080",798.266025948308
"03100205_47000000_NEW_RIVER",6110,1007353,"NEW RIVER","03100205","47000000","STREAM","tbcmp_PD_HA_IntHigh_2080","PD","HA","IntHigh","2080",995.689387465972
"03100205_47000000_NEW_RIVER",6410,1566551,"NEW RIVER","03100205","47000000","STREAM","tbcmp_PD_HA_IntHigh_2080","PD","HA","IntHigh","2080",1548.41272684372
"03100205_49000000_BASSET_BRANCH",1100,829805,"BASSET BRANCH","03100205","49000000","STREAM","tbcmp_PD_HA_IntHigh_2080","PD","HA","IntHigh","2080",820.19712272282
"03100205_49000000_BASSET_BRANCH",1200,1852504,"BASSET BRANCH","03100205","49000000","STREAM","tbcmp_PD_HA_IntHigh_2080","PD","HA","IntHigh","2080",1831.0548268961
"03100205_49000000_BASSET_BRANCH",1800,42137,"BASSET BRANCH","03100205","49000000","STREAM","tbcmp_PD_HA_IntHigh_2080","PD","HA","IntHigh","2080",41.649117756788
"03100205_49000000_BASSET_BRANCH",1820,10381,"BASSET BRANCH","03100205","49000000","STREAM","tbcmp_PD_HA_IntHigh_2080","PD","HA","IntHigh","2080",10.260803840644
"03100205_49000000_BASSET_BRANCH",1900,538166,"BASSET BRANCH","03100205","49000000","STREAM","tbcmp_PD_HA_IntHigh_2080","PD","HA","IntHigh","2080",531.934857884984
"03100205_49000000_BASSET_BRANCH",2100,249487,"BASSET BRANCH","03100205","49000000","STREAM","tbcmp_PD_HA_IntHigh_2080","PD","HA","IntHigh","2080",246.598320758188
"03100205_49000000_BASSET_BRANCH",3200,415377,"BASSET BRANCH","03100205","49000000","STREAM","tbcmp_PD_HA_IntHigh_2080","PD","HA","IntHigh","2080",410.567567374548
"03100205_49000000_BASSET_BRANCH",4100,186887,"BASSET BRANCH","03100205","49000000","STREAM","tbcmp_PD_HA_IntHigh_2080","PD","HA","IntHigh","2080",184.723133355788
"03100205_49000000_BASSET_BRANCH",4400,81933,"BASSET BRANCH","03100205","49000000","STREAM","tbcmp_PD_HA_IntHigh_2080","PD","HA","IntHigh","2080",80.984340725892
"03100205_49000000_BASSET_BRANCH",5200,486521,"BASSET BRANCH","03100205","49000000","STREAM","tbcmp_PD_HA_IntHigh_2080","PD","HA","IntHigh","2080",480.887828278004
"03100205_49000000_BASSET_BRANCH",6110,864050,"BASSET BRANCH","03100205","49000000","STREAM","tbcmp_PD_HA_IntHigh_2080","PD","HA","IntHigh","2080",854.0456178122
"03100205_49000000_BASSET_BRANCH",6410,691896,"BASSET BRANCH","03100205","49000000","STREAM","tbcmp_PD_HA_IntHigh_2080","PD","HA","IntHigh","2080",683.884898769504
"03100205_50000000_TWO_HOLE_BRANCH",1100,825671,"TWO HOLE BRANCH","03100205","50000000","STREAM","tbcmp_PD_HA_IntHigh_2080","PD","HA","IntHigh","2080",816.110988142604
"03100205_50000000_TWO_HOLE_BRANCH",1200,33478,"TWO HOLE BRANCH","03100205","50000000","STREAM","tbcmp_PD_HA_IntHigh_2080","PD","HA","IntHigh","2080",33.090375780472
"03100205_50000000_TWO_HOLE_BRANCH",1800,5822,"TWO HOLE BRANCH","03100205","50000000","STREAM","tbcmp_PD_HA_IntHigh_2080","PD","HA","IntHigh","2080",5.754590112728
"03100205_50000000_TWO_HOLE_BRANCH",1900,136988,"TWO HOLE BRANCH","03100205","50000000","STREAM","tbcmp_PD_HA_IntHigh_2080","PD","HA","IntHigh","2080",135.401887729712
"03100205_50000000_TWO_HOLE_BRANCH",2100,2566365,"TWO HOLE BRANCH","03100205","50000000","STREAM","tbcmp_PD_HA_IntHigh_2080","PD","HA","IntHigh","2080",2536.65040444026
"03100205_50000000_TWO_HOLE_BRANCH",2400,40667,"TWO HOLE BRANCH","03100205","50000000","STREAM","tbcmp_PD_HA_IntHigh_2080","PD","HA","IntHigh","2080",40.196138116508
"03100205_50000000_TWO_HOLE_BRANCH",3200,315326,"TWO HOLE BRANCH","03100205","50000000","STREAM","tbcmp_PD_HA_IntHigh_2080","PD","HA","IntHigh","2080",311.675005476824
"03100205_50000000_TWO_HOLE_BRANCH",4100,398139,"TWO HOLE BRANCH","03100205","50000000","STREAM","tbcmp_PD_HA_IntHigh_2080","PD","HA","IntHigh","2080",393.529157143836
"03100205_50000000_TWO_HOLE_BRANCH",4400,315748,"TWO HOLE BRANCH","03100205","50000000","STREAM","tbcmp_PD_HA_IntHigh_2080","PD","HA","IntHigh","2080",312.092119359952
"03100205_50000000_TWO_HOLE_BRANCH",5200,25532,"TWO HOLE BRANCH","03100205","50000000","STREAM","tbcmp_PD_HA_IntHigh_2080","PD","HA","IntHigh","2080",25.236378350768
"03100205_50000000_TWO_HOLE_BRANCH",6110,1204013,"TWO HOLE BRANCH","03100205","50000000","STREAM","tbcmp_PD_HA_IntHigh_2080","PD","HA","IntHigh","2080",1190.07236437581
"03100205_50000000_TWO_HOLE_BRANCH",6410,506619,"TWO HOLE BRANCH","03100205","50000000","STREAM","tbcmp_PD_HA_IntHigh_2080","PD","HA","IntHigh","2080",500.753124067356
"03100205_52000000_CLAY_GULLY",1100,763359,"CLAY GULLY","03100205","52000000","STREAM","tbcmp_PD_HA_IntHigh_2080","PD","HA","IntHigh","2080",754.520466139116
"03100205_52000000_CLAY_GULLY",1200,36887,"CLAY GULLY","03100205","52000000","STREAM","tbcmp_PD_HA_IntHigh_2080","PD","HA","IntHigh","2080",36.459904755788
"03100205_52000000_CLAY_GULLY",1900,20062,"CLAY GULLY","03100205","52000000","STREAM","tbcmp_PD_HA_IntHigh_2080","PD","HA","IntHigh","2080",19.829712614488
"03100205_52000000_CLAY_GULLY",2100,1256220,"CLAY GULLY","03100205","52000000","STREAM","tbcmp_PD_HA_IntHigh_2080","PD","HA","IntHigh","2080",1241.67488687928
"03100205_52000000_CLAY_GULLY",2200,7399,"CLAY GULLY","03100205","52000000","STREAM","tbcmp_PD_HA_IntHigh_2080","PD","HA","IntHigh","2080",7.313330856076
"03100205_52000000_CLAY_GULLY",3200,15641,"CLAY GULLY","03100205","52000000","STREAM","tbcmp_PD_HA_IntHigh_2080","PD","HA","IntHigh","2080",15.459901056884
"03100205_52000000_CLAY_GULLY",4100,272710,"CLAY GULLY","03100205","52000000","STREAM","tbcmp_PD_HA_IntHigh_2080","PD","HA","IntHigh","2080",269.55243381004
"03100205_52000000_CLAY_GULLY",4400,71956,"CLAY GULLY","03100205","52000000","STREAM","tbcmp_PD_HA_IntHigh_2080","PD","HA","IntHigh","2080",71.122859180944
"03100205_52000000_CLAY_GULLY",5200,28990,"CLAY GULLY","03100205","52000000","STREAM","tbcmp_PD_HA_IntHigh_2080","PD","HA","IntHigh","2080",28.65433998076
"03100205_52000000_CLAY_GULLY",6110,497649,"CLAY GULLY","03100205","52000000","STREAM","tbcmp_PD_HA_IntHigh_2080","PD","HA","IntHigh","2080",491.886982997076
"03100205_52000000_CLAY_GULLY",6410,154710,"CLAY GULLY","03100205","52000000","STREAM","tbcmp_PD_HA_IntHigh_2080","PD","HA","IntHigh","2080",152.91869397804
"03100205_54000000_HOLLOMANS_BRANCH",1100,3722814,"HOLLOMANS BRANCH","03100205","54000000","STREAM","tbcmp_PD_HA_IntHigh_2080","PD","HA","IntHigh","2080",3679.70948744854
"03100205_54000000_HOLLOMANS_BRANCH",1200,172490,"HOLLOMANS BRANCH","03100205","54000000","STREAM","tbcmp_PD_HA_IntHigh_2080","PD","HA","IntHigh","2080",170.49282867476
"03100205_54000000_HOLLOMANS_BRANCH",1800,20230,"HOLLOMANS BRANCH","03100205","54000000","STREAM","tbcmp_PD_HA_IntHigh_2080","PD","HA","IntHigh","2080",19.99576743052
"03100205_54000000_HOLLOMANS_BRANCH",1900,137056,"HOLLOMANS BRANCH","03100205","54000000","STREAM","tbcmp_PD_HA_IntHigh_2080","PD","HA","IntHigh","2080",135.469100393344
"03100205_54000000_HOLLOMANS_BRANCH",2100,2827445,"HOLLOMANS BRANCH","03100205","54000000","STREAM","tbcmp_PD_HA_IntHigh_2080","PD","HA","IntHigh","2080",2794.70749592618
"03100205_54000000_HOLLOMANS_BRANCH",2200,8586,"HOLLOMANS BRANCH","03100205","54000000","STREAM","tbcmp_PD_HA_IntHigh_2080","PD","HA","IntHigh","2080",8.486587205064
"03100205_54000000_HOLLOMANS_BRANCH",2400,65498,"HOLLOMANS BRANCH","03100205","54000000","STREAM","tbcmp_PD_HA_IntHigh_2080","PD","HA","IntHigh","2080",64.739632978952
"03100205_54000000_HOLLOMANS_BRANCH",3200,56797,"HOLLOMANS BRANCH","03100205","54000000","STREAM","tbcmp_PD_HA_IntHigh_2080","PD","HA","IntHigh","2080",56.139377298628
"03100205_54000000_HOLLOMANS_BRANCH",4100,536301,"HOLLOMANS BRANCH","03100205","54000000","STREAM","tbcmp_PD_HA_IntHigh_2080","PD","HA","IntHigh","2080",530.091451742724
"03100205_54000000_HOLLOMANS_BRANCH",4400,14610,"HOLLOMANS BRANCH","03100205","54000000","STREAM","tbcmp_PD_HA_IntHigh_2080","PD","HA","IntHigh","2080",14.44083846564
"03100205_54000000_HOLLOMANS_BRANCH",5200,108283,"HOLLOMANS BRANCH","03100205","54000000","STREAM","tbcmp_PD_HA_IntHigh_2080","PD","HA","IntHigh","2080",107.029247883292
"03100205_54000000_HOLLOMANS_BRANCH",6110,428065,"HOLLOMANS BRANCH","03100205","54000000","STREAM","tbcmp_PD_HA_IntHigh_2080","PD","HA","IntHigh","2080",423.10865967106
"03100205_54000000_HOLLOMANS_BRANCH",6410,829279,"HOLLOMANS BRANCH","03100205","54000000","STREAM","tbcmp_PD_HA_IntHigh_2080","PD","HA","IntHigh","2080",819.677213001196
"03100205_56000000_FLINT_CREEK",1100,1707612,"FLINT CREEK","03100205","56000000","STREAM","tbcmp_PD_HA_IntHigh_2080","PD","HA","IntHigh","2080",1687.84045544069
"03100205_56000000_FLINT_CREEK",1200,101833,"FLINT CREEK","03100205","56000000","STREAM","tbcmp_PD_HA_IntHigh_2080","PD","HA","IntHigh","2080",100.653929053492
"03100205_56000000_FLINT_CREEK",1800,11748,"FLINT CREEK","03100205","56000000","STREAM","tbcmp_PD_HA_IntHigh_2080","PD","HA","IntHigh","2080",11.611976063952
"03100205_56000000_FLINT_CREEK",1900,484586,"FLINT CREEK","03100205","56000000","STREAM","tbcmp_PD_HA_IntHigh_2080","PD","HA","IntHigh","2080",478.975232629064
"03100205_56000000_FLINT_CREEK",2100,1074223,"FLINT CREEK","03100205","56000000","STREAM","tbcmp_PD_HA_IntHigh_2080","PD","HA","IntHigh","2080",1061.78513477585
"03100205_56000000_FLINT_CREEK",2200,63272,"FLINT CREEK","03100205","56000000","STREAM","tbcmp_PD_HA_IntHigh_2080","PD","HA","IntHigh","2080",62.539406666528
"03100205_56000000_FLINT_CREEK",2400,34159,"FLINT CREEK","03100205","56000000","STREAM","tbcmp_PD_HA_IntHigh_2080","PD","HA","IntHigh","2080",33.763490838316
"03100205_56000000_FLINT_CREEK",3200,5467,"FLINT CREEK","03100205","56000000","STREAM","tbcmp_PD_HA_IntHigh_2080","PD","HA","IntHigh","2080",5.403700471708
"03100205_56000000_FLINT_CREEK",4100,140281,"FLINT CREEK","03100205","56000000","STREAM","tbcmp_PD_HA_IntHigh_2080","PD","HA","IntHigh","2080",138.656759808244
"03100205_56000000_FLINT_CREEK",4400,26982,"FLINT CREEK","03100205","56000000","STREAM","tbcmp_PD_HA_IntHigh_2080","PD","HA","IntHigh","2080",26.669589560568
"03100205_56000000_FLINT_CREEK",5200,907400,"FLINT CREEK","03100205","56000000","STREAM","tbcmp_PD_HA_IntHigh_2080","PD","HA","IntHigh","2080",896.8936908776
"03100205_56000000_FLINT_CREEK",6110,636118,"FLINT CREEK","03100205","56000000","STREAM","tbcmp_PD_HA_IntHigh_2080","PD","HA","IntHigh","2080",628.752723003832
"03100205_56000000_FLINT_CREEK",6410,227082,"FLINT CREEK","03100205","56000000","STREAM","tbcmp_PD_HA_IntHigh_2080","PD","HA","IntHigh","2080",224.452736512968
"03100205_56100000_PEMBERTON_CREEK",1100,1221470,"PEMBERTON CREEK","03100205","56100000","STREAM","tbcmp_PD_HA_IntHigh_2080","PD","HA","IntHigh","2080",1207.32723892028
"03100205_56100000_PEMBERTON_CREEK",1200,2607463,"PEMBERTON CREEK","03100205","56100000","STREAM","tbcmp_PD_HA_IntHigh_2080","PD","HA","IntHigh","2080",2577.27255223361
"03100205_56100000_PEMBERTON_CREEK",1800,29297,"PEMBERTON CREEK","03100205","56100000","STREAM","tbcmp_PD_HA_IntHigh_2080","PD","HA","IntHigh","2080",28.957785388628
"03100205_56100000_PEMBERTON_CREEK",1900,243147,"PEMBERTON CREEK","03100205","56100000","STREAM","tbcmp_PD_HA_IntHigh_2080","PD","HA","IntHigh","2080",240.331728296028
"03100205_56100000_PEMBERTON_CREEK",2100,1001513,"PEMBERTON CREEK","03100205","56100000","STREAM","tbcmp_PD_HA_IntHigh_2080","PD","HA","IntHigh","2080",989.917005765812
"03100205_56100000_PEMBERTON_CREEK",2200,9442,"PEMBERTON CREEK","03100205","56100000","STREAM","tbcmp_PD_HA_IntHigh_2080","PD","HA","IntHigh","2080",9.332676029608
"03100205_56100000_PEMBERTON_CREEK",2400,43789,"PEMBERTON CREEK","03100205","56100000","STREAM","tbcmp_PD_HA_IntHigh_2080","PD","HA","IntHigh","2080",43.281990114436
"03100205_56100000_PEMBERTON_CREEK",3200,5517,"PEMBERTON CREEK","03100205","56100000","STREAM","tbcmp_PD_HA_IntHigh_2080","PD","HA","IntHigh","2080",5.453121547908
"03100205_56100000_PEMBERTON_CREEK",4100,281852,"PEMBERTON CREEK","03100205","56100000","STREAM","tbcmp_PD_HA_IntHigh_2080","PD","HA","IntHigh","2080",278.588583382448
"03100205_56100000_PEMBERTON_CREEK",4400,17301,"PEMBERTON CREEK","03100205","56100000","STREAM","tbcmp_PD_HA_IntHigh_2080","PD","HA","IntHigh","2080",17.100680786724
"03100205_56100000_PEMBERTON_CREEK",5200,97305,"PEMBERTON CREEK","03100205","56100000","STREAM","tbcmp_PD_HA_IntHigh_2080","PD","HA","IntHigh","2080",96.17835639282
"03100205_56100000_PEMBERTON_CREEK",6110,708302,"PEMBERTON CREEK","03100205","56100000","STREAM","tbcmp_PD_HA_IntHigh_2080","PD","HA","IntHigh","2080",700.100942292248
"03100205_56100000_PEMBERTON_CREEK",6410,564476,"PEMBERTON CREEK","03100205","56100000","STREAM","tbcmp_PD_HA_IntHigh_2080","PD","HA","IntHigh","2080",557.940228181424
"03100205_56105000_SPARKMAN_BRANCH",1100,444226,"SPARKMAN BRANCH","03100205","56105000","STREAM","tbcmp_PD_HA_IntHigh_2080","PD","HA","IntHigh","2080",439.082539920424
"03100205_56105000_SPARKMAN_BRANCH",1200,2430616,"SPARKMAN BRANCH","03100205","56105000","STREAM","tbcmp_PD_HA_IntHigh_2080","PD","HA","IntHigh","2080",2402.47317097878
"03100205_56105000_SPARKMAN_BRANCH",1800,21325,"SPARKMAN BRANCH","03100205","56105000","STREAM","tbcmp_PD_HA_IntHigh_2080","PD","HA","IntHigh","2080",21.0780889993
"03100205_56105000_SPARKMAN_BRANCH",1820,181020,"SPARKMAN BRANCH","03100205","56105000","STREAM","tbcmp_PD_HA_IntHigh_2080","PD","HA","IntHigh","2080",178.92406427448
"03100205_56105000_SPARKMAN_BRANCH",1900,156426,"SPARKMAN BRANCH","03100205","56105000","STREAM","tbcmp_PD_HA_IntHigh_2080","PD","HA","IntHigh","2080",154.614825313224
"03100205_56105000_SPARKMAN_BRANCH",2100,416880,"SPARKMAN BRANCH","03100205","56105000","STREAM","tbcmp_PD_HA_IntHigh_2080","PD","HA","IntHigh","2080",412.05316492512
"03100205_56105000_SPARKMAN_BRANCH",2400,45131,"SPARKMAN BRANCH","03100205","56105000","STREAM","tbcmp_PD_HA_IntHigh_2080","PD","HA","IntHigh","2080",44.608451799644
"03100205_56105000_SPARKMAN_BRANCH",3200,46137,"SPARKMAN BRANCH","03100205","56105000","STREAM","tbcmp_PD_HA_IntHigh_2080","PD","HA","IntHigh","2080",45.602803852788
"03100205_56105000_SPARKMAN_BRANCH",4100,113279,"SPARKMAN BRANCH","03100205","56105000","STREAM","tbcmp_PD_HA_IntHigh_2080","PD","HA","IntHigh","2080",111.967401817196
"03100205_56105000_SPARKMAN_BRANCH",5200,166317,"SPARKMAN BRANCH","03100205","56105000","STREAM","tbcmp_PD_HA_IntHigh_2080","PD","HA","IntHigh","2080",164.391302607108
"03100205_56105000_SPARKMAN_BRANCH",6110,843408,"SPARKMAN BRANCH","03100205","56105000","STREAM","tbcmp_PD_HA_IntHigh_2080","PD","HA","IntHigh","2080",833.642620713792
"03100205_56105000_SPARKMAN_BRANCH",6410,119378,"SPARKMAN BRANCH","03100205","56105000","STREAM","tbcmp_PD_HA_IntHigh_2080","PD","HA","IntHigh","2080",117.995784692072
"03100205_56106000_MOORE_LAKE_DRAIN",1100,434013,"MOORE LAKE DRAIN","03100205","56106000","DRAIN","tbcmp_PD_HA_IntHigh_2080","PD","HA","IntHigh","2080",428.987790895812
"03100205_56106000_MOORE_LAKE_DRAIN",1200,197617,"MOORE LAKE DRAIN","03100205","56106000","DRAIN","tbcmp_PD_HA_IntHigh_2080","PD","HA","IntHigh","2080",195.328896308308
"03100205_56106000_MOORE_LAKE_DRAIN",1900,54472,"MOORE LAKE DRAIN","03100205","56106000","DRAIN","tbcmp_PD_HA_IntHigh_2080","PD","HA","IntHigh","2080",53.841297255328
"03100205_56106000_MOORE_LAKE_DRAIN",2100,491488,"MOORE LAKE DRAIN","03100205","56106000","DRAIN","tbcmp_PD_HA_IntHigh_2080","PD","HA","IntHigh","2080",485.797317987712
"03100205_56106000_MOORE_LAKE_DRAIN",2200,11245,"MOORE LAKE DRAIN","03100205","56106000","DRAIN","tbcmp_PD_HA_IntHigh_2080","PD","HA","IntHigh","2080",11.11480003738
"03100205_56106000_MOORE_LAKE_DRAIN",2400,54214,"MOORE LAKE DRAIN","03100205","56106000","DRAIN","tbcmp_PD_HA_IntHigh_2080","PD","HA","IntHigh","2080",53.586284502136
"03100205_56106000_MOORE_LAKE_DRAIN",4100,22747,"MOORE LAKE DRAIN","03100205","56106000","DRAIN","tbcmp_PD_HA_IntHigh_2080","PD","HA","IntHigh","2080",22.483624406428
"03100205_56106000_MOORE_LAKE_DRAIN",5200,87743,"MOORE LAKE DRAIN","03100205","56106000","DRAIN","tbcmp_PD_HA_IntHigh_2080","PD","HA","IntHigh","2080",86.727069780332
"03100205_56106000_MOORE_LAKE_DRAIN",6110,212050,"MOORE LAKE DRAIN","03100205","56106000","DRAIN","tbcmp_PD_HA_IntHigh_2080","PD","HA","IntHigh","2080",209.5947841642
"03100205_56106000_MOORE_LAKE_DRAIN",6410,83939,"MOORE LAKE DRAIN","03100205","56106000","DRAIN","tbcmp_PD_HA_IntHigh_2080","PD","HA","IntHigh","2080",82.967114303036
"03100205_56200000_SELFER_CANAL",1100,4363908,"SELFER CANAL","03100205","56200000","CANAL","tbcmp_PD_HA_IntHigh_2080","PD","HA","IntHigh","2080",4313.38059595579
"03100205_56200000_SELFER_CANAL",1200,7367981,"SELFER CANAL","03100205","56200000","CANAL","tbcmp_PD_HA_IntHigh_2080","PD","HA","IntHigh","2080",7282.67100882304
"03100205_56200000_SELFER_CANAL",1800,235781,"SELFER CANAL","03100205","56200000","CANAL","tbcmp_PD_HA_IntHigh_2080","PD","HA","IntHigh","2080",233.051015350244
"03100205_56200000_SELFER_CANAL",1820,205315,"SELFER CANAL","03100205","56200000","CANAL","tbcmp_PD_HA_IntHigh_2080","PD","HA","IntHigh","2080",202.93776520006
"03100205_56200000_SELFER_CANAL",1900,946646,"SELFER CANAL","03100205","56200000","CANAL","tbcmp_PD_HA_IntHigh_2080","PD","HA","IntHigh","2080",935.685282008504
"03100205_56200000_SELFER_CANAL",2100,3356050,"SELFER CANAL","03100205","56200000","CANAL","tbcmp_PD_HA_IntHigh_2080","PD","HA","IntHigh","2080",3317.1920556202
"03100205_56200000_SELFER_CANAL",2200,26061,"SELFER CANAL","03100205","56200000","CANAL","tbcmp_PD_HA_IntHigh_2080","PD","HA","IntHigh","2080",25.759253336964
"03100205_56200000_SELFER_CANAL",2400,202396,"SELFER CANAL","03100205","56200000","CANAL","tbcmp_PD_HA_IntHigh_2080","PD","HA","IntHigh","2080",200.052562771504
"03100205_56200000_SELFER_CANAL",3200,5141,"SELFER CANAL","03100205","56200000","CANAL","tbcmp_PD_HA_IntHigh_2080","PD","HA","IntHigh","2080",5.081475054884
"03100205_56200000_SELFER_CANAL",4100,853654,"SELFER CANAL","03100205","56200000","CANAL","tbcmp_PD_HA_IntHigh_2080","PD","HA","IntHigh","2080",843.769987648696
"03100205_56200000_SELFER_CANAL",4400,28054,"SELFER CANAL","03100205","56200000","CANAL","tbcmp_PD_HA_IntHigh_2080","PD","HA","IntHigh","2080",27.729177434296
"03100205_56200000_SELFER_CANAL",5200,847302,"SELFER CANAL","03100205","56200000","CANAL","tbcmp_PD_HA_IntHigh_2080","PD","HA","IntHigh","2080",837.491534128248
"03100205_56200000_SELFER_CANAL",6110,369897,"SELFER CANAL","03100205","56200000","CANAL","tbcmp_PD_HA_IntHigh_2080","PD","HA","IntHigh","2080",365.614156463028
"03100205_56200000_SELFER_CANAL",6410,1259989,"SELFER CANAL","03100205","56200000","CANAL","tbcmp_PD_HA_IntHigh_2080","PD","HA","IntHigh","2080",1245.40024760324
"03100205_56310000_BAKER_CREEK_TRIBUTARY",1100,211745,"BAKER CREEK TRIBUTARY","03100205","56310000","STREAM","tbcmp_PD_HA_IntHigh_2080","PD","HA","IntHigh","2080",209.29331559938
"03100205_56310000_BAKER_CREEK_TRIBUTARY",1200,4685,"BAKER CREEK TRIBUTARY","03100205","56310000","STREAM","tbcmp_PD_HA_IntHigh_2080","PD","HA","IntHigh","2080",4.63075483994
"03100205_56310000_BAKER_CREEK_TRIBUTARY",1900,22046,"BAKER CREEK TRIBUTARY","03100205","56310000","STREAM","tbcmp_PD_HA_IntHigh_2080","PD","HA","IntHigh","2080",21.790740918104
"03100205_56310000_BAKER_CREEK_TRIBUTARY",2100,106963,"BAKER CREEK TRIBUTARY","03100205","56310000","STREAM","tbcmp_PD_HA_IntHigh_2080","PD","HA","IntHigh","2080",105.724531471612
"03100205_56310000_BAKER_CREEK_TRIBUTARY",2400,2248,"BAKER CREEK TRIBUTARY","03100205","56310000","STREAM","tbcmp_PD_HA_IntHigh_2080","PD","HA","IntHigh","2080",2.221971585952
"03100205_56310000_BAKER_CREEK_TRIBUTARY",4100,31653,"BAKER CREEK TRIBUTARY","03100205","56310000","STREAM","tbcmp_PD_HA_IntHigh_2080","PD","HA","IntHigh","2080",31.286506499172
"03100205_56310000_BAKER_CREEK_TRIBUTARY",5200,792,"BAKER CREEK TRIBUTARY","03100205","56310000","STREAM","tbcmp_PD_HA_IntHigh_2080","PD","HA","IntHigh","2080",0.782829847008
"03100205_56310000_BAKER_CREEK_TRIBUTARY",6410,39993,"BAKER CREEK TRIBUTARY","03100205","56310000","STREAM","tbcmp_PD_HA_IntHigh_2080","PD","HA","IntHigh","2080",39.529942009332
"03100205_56600000_CAMPBELL_BRANCH",1100,3151019,"CAMPBELL BRANCH","03100205","56600000","STREAM","tbcmp_PD_HA_IntHigh_2080","PD","HA","IntHigh","2080",3114.53500213296
"03100205_56600000_CAMPBELL_BRANCH",1200,107870,"CAMPBELL BRANCH","03100205","56600000","STREAM","tbcmp_PD_HA_IntHigh_2080","PD","HA","IntHigh","2080",106.62102979388
"03100205_56600000_CAMPBELL_BRANCH",1900,232745,"CAMPBELL BRANCH","03100205","56600000","STREAM","tbcmp_PD_HA_IntHigh_2080","PD","HA","IntHigh","2080",230.05016760338
"03100205_56600000_CAMPBELL_BRANCH",2100,2024819,"CAMPBELL BRANCH","03100205","56600000","STREAM","tbcmp_PD_HA_IntHigh_2080","PD","HA","IntHigh","2080",2001.37468180416
"03100205_56600000_CAMPBELL_BRANCH",2200,1007,"CAMPBELL BRANCH","03100205","56600000","STREAM","tbcmp_PD_HA_IntHigh_2080","PD","HA","IntHigh","2080",0.995340474668
"03100205_56600000_CAMPBELL_BRANCH",2400,160080,"CAMPBELL BRANCH","03100205","56600000","STREAM","tbcmp_PD_HA_IntHigh_2080","PD","HA","IntHigh","2080",158.22651756192
"03100205_56600000_CAMPBELL_BRANCH",3200,29104,"CAMPBELL BRANCH","03100205","56600000","STREAM","tbcmp_PD_HA_IntHigh_2080","PD","HA","IntHigh","2080",28.767020034496
"03100205_56600000_CAMPBELL_BRANCH",4100,281524,"CAMPBELL BRANCH","03100205","56600000","STREAM","tbcmp_PD_HA_IntHigh_2080","PD","HA","IntHigh","2080",278.264381122576
"03100205_56600000_CAMPBELL_BRANCH",4400,7086,"CAMPBELL BRANCH","03100205","56600000","STREAM","tbcmp_PD_HA_IntHigh_2080","PD","HA","IntHigh","2080",7.003954919064
"03100205_56600000_CAMPBELL_BRANCH",5200,97121,"CAMPBELL BRANCH","03100205","56600000","STREAM","tbcmp_PD_HA_IntHigh_2080","PD","HA","IntHigh","2080",95.996486832404
"03100205_56600000_CAMPBELL_BRANCH",6110,204749,"CAMPBELL BRANCH","03100205","56600000","STREAM","tbcmp_PD_HA_IntHigh_2080","PD","HA","IntHigh","2080",202.378318617476
"03100205_56600000_CAMPBELL_BRANCH",6410,560079,"CAMPBELL BRANCH","03100205","56600000","STREAM","tbcmp_PD_HA_IntHigh_2080","PD","HA","IntHigh","2080",553.594138740396
"03100205_63000000_TROUT_CREEK",1100,298007,"TROUT CREEK","03100205","63000000","SLOUGH","tbcmp_PD_HA_IntHigh_2080","PD","HA","IntHigh","2080",294.556533102668
"03100205_63000000_TROUT_CREEK",1200,5964835,"TROUT CREEK","03100205","63000000","SLOUGH","tbcmp_PD_HA_IntHigh_2080","PD","HA","IntHigh","2080",5895.77130110854
"03100205_63000000_TROUT_CREEK",1800,193420,"TROUT CREEK","03100205","63000000","SLOUGH","tbcmp_PD_HA_IntHigh_2080","PD","HA","IntHigh","2080",191.18049117208
"03100205_63000000_TROUT_CREEK",1820,382065,"TROUT CREEK","03100205","63000000","SLOUGH","tbcmp_PD_HA_IntHigh_2080","PD","HA","IntHigh","2080",377.64126956706
"03100205_63000000_TROUT_CREEK",1900,931846,"TROUT CREEK","03100205","63000000","SLOUGH","tbcmp_PD_HA_IntHigh_2080","PD","HA","IntHigh","2080",921.056643453304
"03100205_63000000_TROUT_CREEK",2100,354970,"TROUT CREEK","03100205","63000000","SLOUGH","tbcmp_PD_HA_IntHigh_2080","PD","HA","IntHigh","2080",350.85998837428
"03100205_63000000_TROUT_CREEK",3200,695116,"TROUT CREEK","03100205","63000000","SLOUGH","tbcmp_PD_HA_IntHigh_2080","PD","HA","IntHigh","2080",687.067616076784
"03100205_63000000_TROUT_CREEK",4100,906856,"TROUT CREEK","03100205","63000000","SLOUGH","tbcmp_PD_HA_IntHigh_2080","PD","HA","IntHigh","2080",896.355989568544
"03100205_63000000_TROUT_CREEK",4400,47931,"TROUT CREEK","03100205","63000000","SLOUGH","tbcmp_PD_HA_IntHigh_2080","PD","HA","IntHigh","2080",47.376032066844
"03100205_63000000_TROUT_CREEK",5200,934161,"TROUT CREEK","03100205","63000000","SLOUGH","tbcmp_PD_HA_IntHigh_2080","PD","HA","IntHigh","2080",923.344839281364
"03100205_63000000_TROUT_CREEK",6110,3279572,"TROUT CREEK","03100205","63000000","SLOUGH","tbcmp_PD_HA_IntHigh_2080","PD","HA","IntHigh","2080",3241.59955430773
"03100205_63000000_TROUT_CREEK",6410,1150891,"TROUT CREEK","03100205","63000000","SLOUGH","tbcmp_PD_HA_IntHigh_2080","PD","HA","IntHigh","2080",1137.56543617788
"03100205_63950000_CLAY_GULLY",1100,37051,"CLAY GULLY","03100205","63950000","SLOUGH","tbcmp_PD_HA_IntHigh_2080","PD","HA","IntHigh","2080",36.622005885724
"03100205_63950000_CLAY_GULLY",1200,2121901,"CLAY GULLY","03100205","63950000","SLOUGH","tbcmp_PD_HA_IntHigh_2080","PD","HA","IntHigh","2080",2097.33262019712
"03100205_63950000_CLAY_GULLY",1800,33653,"CLAY GULLY","03100205","63950000","SLOUGH","tbcmp_PD_HA_IntHigh_2080","PD","HA","IntHigh","2080",33.263349547172
"03100205_63950000_CLAY_GULLY",1820,79512,"CLAY GULLY","03100205","63950000","SLOUGH","tbcmp_PD_HA_IntHigh_2080","PD","HA","IntHigh","2080",78.591372216288
"03100205_63950000_CLAY_GULLY",1900,184520,"CLAY GULLY","03100205","63950000","SLOUGH","tbcmp_PD_HA_IntHigh_2080","PD","HA","IntHigh","2080",182.38353960848
"03100205_63950000_CLAY_GULLY",2100,543970,"CLAY GULLY","03100205","63950000","SLOUGH","tbcmp_PD_HA_IntHigh_2080","PD","HA","IntHigh","2080",537.67165641028
"03100205_63950000_CLAY_GULLY",3200,393138,"CLAY GULLY","03100205","63950000","SLOUGH","tbcmp_PD_HA_IntHigh_2080","PD","HA","IntHigh","2080",388.586061102312
"03100205_63950000_CLAY_GULLY",4100,706603,"CLAY GULLY","03100205","63950000","SLOUGH","tbcmp_PD_HA_IntHigh_2080","PD","HA","IntHigh","2080",698.421614122972
"03100205_63950000_CLAY_GULLY",4400,2507,"CLAY GULLY","03100205","63950000","SLOUGH","tbcmp_PD_HA_IntHigh_2080","PD","HA","IntHigh","2080",2.477972760668
"03100205_63950000_CLAY_GULLY",5200,375393,"CLAY GULLY","03100205","63950000","SLOUGH","tbcmp_PD_HA_IntHigh_2080","PD","HA","IntHigh","2080",371.046521158932
"03100205_63950000_CLAY_GULLY",6110,1152640,"CLAY GULLY","03100205","63950000","SLOUGH","tbcmp_PD_HA_IntHigh_2080","PD","HA","IntHigh","2080",1139.29418542336
"03100205_63950000_CLAY_GULLY",6410,490891,"CLAY GULLY","03100205","63950000","SLOUGH","tbcmp_PD_HA_IntHigh_2080","PD","HA","IntHigh","2080",485.207230337884
"03100205_67000000_CYPRESS_CREEK",1100,2532995,"CYPRESS CREEK","03100205","67000000","STREAM","tbcmp_PD_HA_IntHigh_2080","PD","HA","IntHigh","2080",2503.66677818438
"03100205_67000000_CYPRESS_CREEK",1200,11460693,"CYPRESS CREEK","03100205","67000000","STREAM","tbcmp_PD_HA_IntHigh_2080","PD","HA","IntHigh","2080",11327.9956411561
"03100205_67000000_CYPRESS_CREEK",1800,238305,"CYPRESS CREEK","03100205","67000000","STREAM","tbcmp_PD_HA_IntHigh_2080","PD","HA","IntHigh","2080",235.54579127682
"03100205_67000000_CYPRESS_CREEK",1820,420759,"CYPRESS CREEK","03100205","67000000","STREAM","tbcmp_PD_HA_IntHigh_2080","PD","HA","IntHigh","2080",415.887252016716
"03100205_67000000_CYPRESS_CREEK",1900,1519123,"CYPRESS CREEK","03100205","67000000","STREAM","tbcmp_PD_HA_IntHigh_2080","PD","HA","IntHigh","2080",1501.53387080345
"03100205_67000000_CYPRESS_CREEK",2100,7290824,"CYPRESS CREEK","03100205","67000000","STREAM","tbcmp_PD_HA_IntHigh_2080","PD","HA","IntHigh","2080",7206.40736929577
"03100205_67000000_CYPRESS_CREEK",2200,156560,"CYPRESS CREEK","03100205","67000000","STREAM","tbcmp_PD_HA_IntHigh_2080","PD","HA","IntHigh","2080",154.74727379744
"03100205_67000000_CYPRESS_CREEK",2400,76839,"CYPRESS CREEK","03100205","67000000","STREAM","tbcmp_PD_HA_IntHigh_2080","PD","HA","IntHigh","2080",75.949321482636
"03100205_67000000_CYPRESS_CREEK",3200,1218200,"CYPRESS CREEK","03100205","67000000","STREAM","tbcmp_PD_HA_IntHigh_2080","PD","HA","IntHigh","2080",1204.0951005368
"03100205_67000000_CYPRESS_CREEK",4100,4588434,"CYPRESS CREEK","03100205","67000000","STREAM","tbcmp_PD_HA_IntHigh_2080","PD","HA","IntHigh","2080",4535.30692705342
"03100205_67000000_CYPRESS_CREEK",4400,669335,"CYPRESS CREEK","03100205","67000000","STREAM","tbcmp_PD_HA_IntHigh_2080","PD","HA","IntHigh","2080",661.58512076654
"03100205_67000000_CYPRESS_CREEK",5200,1699297,"CYPRESS CREEK","03100205","67000000","STREAM","tbcmp_PD_HA_IntHigh_2080","PD","HA","IntHigh","2080",1679.62173046863
"03100205_67000000_CYPRESS_CREEK",6110,14663833,"CYPRESS CREEK","03100205","67000000","STREAM","tbcmp_PD_HA_IntHigh_2080","PD","HA","IntHigh","2080",14494.0481615415
"03100205_67000000_CYPRESS_CREEK",6410,3279639,"CYPRESS CREEK","03100205","67000000","STREAM","tbcmp_PD_HA_IntHigh_2080","PD","HA","IntHigh","2080",3241.66577854984
"03100205_67160000_BAYOU_BRANCH",1100,974351,"BAYOU BRANCH","03100205","67160000","STREAM","tbcmp_PD_HA_IntHigh_2080","PD","HA","IntHigh","2080",963.069500330924
"03100205_67160000_BAYOU_BRANCH",1200,1877844,"BAYOU BRANCH","03100205","67160000","STREAM","tbcmp_PD_HA_IntHigh_2080","PD","HA","IntHigh","2080",1856.10142831426
"03100205_67160000_BAYOU_BRANCH",1800,42437,"BAYOU BRANCH","03100205","67160000","STREAM","tbcmp_PD_HA_IntHigh_2080","PD","HA","IntHigh","2080",41.945644213988
"03100205_67160000_BAYOU_BRANCH",1900,1424181,"BAYOU BRANCH","03100205","67160000","STREAM","tbcmp_PD_HA_IntHigh_2080","PD","HA","IntHigh","2080",1407.69115447184
"03100205_67160000_BAYOU_BRANCH",2100,3634761,"BAYOU BRANCH","03100205","67160000","STREAM","tbcmp_PD_HA_IntHigh_2080","PD","HA","IntHigh","2080",3592.67600699576
"03100205_67160000_BAYOU_BRANCH",2200,131392,"BAYOU BRANCH","03100205","67160000","STREAM","tbcmp_PD_HA_IntHigh_2080","PD","HA","IntHigh","2080",129.870680881408
"03100205_67160000_BAYOU_BRANCH",2400,65089,"BAYOU BRANCH","03100205","67160000","STREAM","tbcmp_PD_HA_IntHigh_2080","PD","HA","IntHigh","2080",64.335368575636
"03100205_67160000_BAYOU_BRANCH",3200,2596,"BAYOU BRANCH","03100205","67160000","STREAM","tbcmp_PD_HA_IntHigh_2080","PD","HA","IntHigh","2080",2.565942276304
"03100205_67160000_BAYOU_BRANCH",4100,873870,"BAYOU BRANCH","03100205","67160000","STREAM","tbcmp_PD_HA_IntHigh_2080","PD","HA","IntHigh","2080",863.75191717788
"03100205_67160000_BAYOU_BRANCH",4400,209497,"BAYOU BRANCH","03100205","67160000","STREAM","tbcmp_PD_HA_IntHigh_2080","PD","HA","IntHigh","2080",207.071344013428
"03100205_67160000_BAYOU_BRANCH",5200,708258,"BAYOU BRANCH","03100205","67160000","STREAM","tbcmp_PD_HA_IntHigh_2080","PD","HA","IntHigh","2080",700.057451745192
"03100205_67160000_BAYOU_BRANCH",6110,463571,"BAYOU BRANCH","03100205","67160000","STREAM","tbcmp_PD_HA_IntHigh_2080","PD","HA","IntHigh","2080",458.203554302204
"03100205_67160000_BAYOU_BRANCH",6410,1504474,"BAYOU BRANCH","03100205","67160000","STREAM","tbcmp_PD_HA_IntHigh_2080","PD","HA","IntHigh","2080",1487.05448389838
"03100205_67160000_BAYOU_LAKE_OUTLET",1100,109856,"BAYOU LAKE OUTLET","03100205","67160000","OUTLET","tbcmp_PD_HA_IntHigh_2080","PD","HA","IntHigh","2080",108.584034940544
"03100205_67160000_BAYOU_LAKE_OUTLET",1200,181105,"BAYOU LAKE OUTLET","03100205","67160000","OUTLET","tbcmp_PD_HA_IntHigh_2080","PD","HA","IntHigh","2080",179.00808010402
"03100205_67160000_BAYOU_LAKE_OUTLET",1800,4012,"BAYOU LAKE OUTLET","03100205","67160000","OUTLET","tbcmp_PD_HA_IntHigh_2080","PD","HA","IntHigh","2080",3.965547154288
"03100205_67160000_BAYOU_LAKE_OUTLET",1900,156686,"BAYOU LAKE OUTLET","03100205","67160000","OUTLET","tbcmp_PD_HA_IntHigh_2080","PD","HA","IntHigh","2080",154.871814909464
"03100205_67160000_BAYOU_LAKE_OUTLET",2100,990464,"BAYOU LAKE OUTLET","03100205","67160000","OUTLET","tbcmp_PD_HA_IntHigh_2080","PD","HA","IntHigh","2080",978.995936347136
"03100205_67160000_BAYOU_LAKE_OUTLET",2200,6464,"BAYOU LAKE OUTLET","03100205","67160000","OUTLET","tbcmp_PD_HA_IntHigh_2080","PD","HA","IntHigh","2080",6.389156731136
"03100205_67160000_BAYOU_LAKE_OUTLET",3200,2163,"BAYOU LAKE OUTLET","03100205","67160000","OUTLET","tbcmp_PD_HA_IntHigh_2080","PD","HA","IntHigh","2080",2.137955756412
"03100205_67160000_BAYOU_LAKE_OUTLET",4100,205525,"BAYOU LAKE OUTLET","03100205","67160000","OUTLET","tbcmp_PD_HA_IntHigh_2080","PD","HA","IntHigh","2080",203.1453337201
"03100205_67160000_BAYOU_LAKE_OUTLET",4400,34140,"BAYOU LAKE OUTLET","03100205","67160000","OUTLET","tbcmp_PD_HA_IntHigh_2080","PD","HA","IntHigh","2080",33.74471082936
"03100205_67160000_BAYOU_LAKE_OUTLET",5200,105173,"BAYOU LAKE OUTLET","03100205","67160000","OUTLET","tbcmp_PD_HA_IntHigh_2080","PD","HA","IntHigh","2080",103.955256943652
"03100205_67160000_BAYOU_LAKE_OUTLET",6110,357424,"BAYOU LAKE OUTLET","03100205","67160000","OUTLET","tbcmp_PD_HA_IntHigh_2080","PD","HA","IntHigh","2080",353.285574794176
"03100205_67160000_BAYOU_LAKE_OUTLET",6410,315786,"BAYOU LAKE OUTLET","03100205","67160000","OUTLET","tbcmp_PD_HA_IntHigh_2080","PD","HA","IntHigh","2080",312.129679377864
"03100205_67167000_STANLEY_BRANCH",1100,559481,"STANLEY BRANCH","03100205","67167000","STREAM","tbcmp_PD_HA_IntHigh_2080","PD","HA","IntHigh","2080",553.003062669044
"03100205_67167000_STANLEY_BRANCH",1200,25383,"STANLEY BRANCH","03100205","67167000","STREAM","tbcmp_PD_HA_IntHigh_2080","PD","HA","IntHigh","2080",25.089103543692
"03100205_67167000_STANLEY_BRANCH",1900,43654,"STANLEY BRANCH","03100205","67167000","STREAM","tbcmp_PD_HA_IntHigh_2080","PD","HA","IntHigh","2080",43.148553208696
"03100205_67167000_STANLEY_BRANCH",2100,725951,"STANLEY BRANCH","03100205","67167000","STREAM","tbcmp_PD_HA_IntHigh_2080","PD","HA","IntHigh","2080",717.545593769324
"03100205_67167000_STANLEY_BRANCH",2200,19299,"STANLEY BRANCH","03100205","67167000","STREAM","tbcmp_PD_HA_IntHigh_2080","PD","HA","IntHigh","2080",19.075546991676
"03100205_67167000_STANLEY_BRANCH",2400,5695,"STANLEY BRANCH","03100205","67167000","STREAM","tbcmp_PD_HA_IntHigh_2080","PD","HA","IntHigh","2080",5.62906057918
"03100205_67167000_STANLEY_BRANCH",4100,123701,"STANLEY BRANCH","03100205","67167000","STREAM","tbcmp_PD_HA_IntHigh_2080","PD","HA","IntHigh","2080",122.268730940324
"03100205_67167000_STANLEY_BRANCH",4400,36503,"STANLEY BRANCH","03100205","67167000","STREAM","tbcmp_PD_HA_IntHigh_2080","PD","HA","IntHigh","2080",36.080350890572
"03100205_67167000_STANLEY_BRANCH",5200,7173,"STANLEY BRANCH","03100205","67167000","STREAM","tbcmp_PD_HA_IntHigh_2080","PD","HA","IntHigh","2080",7.089947591652
"03100205_67167000_STANLEY_BRANCH",6110,106769,"STANLEY BRANCH","03100205","67167000","STREAM","tbcmp_PD_HA_IntHigh_2080","PD","HA","IntHigh","2080",105.532777695956
"03100205_67167000_STANLEY_BRANCH",6410,73949,"STANLEY BRANCH","03100205","67167000","STREAM","tbcmp_PD_HA_IntHigh_2080","PD","HA","IntHigh","2080",73.092783278276
"03100205_67168000_BEE_TREE_BRANCH",1100,268858,"BEE TREE BRANCH","03100205","67168000","STREAM","tbcmp_PD_HA_IntHigh_2080","PD","HA","IntHigh","2080",265.745034099592
"03100205_67168000_BEE_TREE_BRANCH",1200,24532,"BEE TREE BRANCH","03100205","67168000","STREAM","tbcmp_PD_HA_IntHigh_2080","PD","HA","IntHigh","2080",24.247956826768
"03100205_67168000_BEE_TREE_BRANCH",1900,31925,"BEE TREE BRANCH","03100205","67168000","STREAM","tbcmp_PD_HA_IntHigh_2080","PD","HA","IntHigh","2080",31.5553571537
"03100205_67168000_BEE_TREE_BRANCH",2100,1004834,"BEE TREE BRANCH","03100205","67168000","STREAM","tbcmp_PD_HA_IntHigh_2080","PD","HA","IntHigh","2080",993.199553647016
"03100205_67168000_BEE_TREE_BRANCH",2200,34365,"BEE TREE BRANCH","03100205","67168000","STREAM","tbcmp_PD_HA_IntHigh_2080","PD","HA","IntHigh","2080",33.96710567226
"03100205_67168000_BEE_TREE_BRANCH",4100,192585,"BEE TREE BRANCH","03100205","67168000","STREAM","tbcmp_PD_HA_IntHigh_2080","PD","HA","IntHigh","2080",190.35515919954
"03100205_67168000_BEE_TREE_BRANCH",4400,8897,"BEE TREE BRANCH","03100205","67168000","STREAM","tbcmp_PD_HA_IntHigh_2080","PD","HA","IntHigh","2080",8.793986299028
"03100205_67168000_BEE_TREE_BRANCH",5200,30229,"BEE TREE BRANCH","03100205","67168000","STREAM","tbcmp_PD_HA_IntHigh_2080","PD","HA","IntHigh","2080",29.878994248996
"03100205_67168000_BEE_TREE_BRANCH",6110,35112,"BEE TREE BRANCH","03100205","67168000","STREAM","tbcmp_PD_HA_IntHigh_2080","PD","HA","IntHigh","2080",34.705456550688
"03100205_67168000_BEE_TREE_BRANCH",6410,158941,"BEE TREE BRANCH","03100205","67168000","STREAM","tbcmp_PD_HA_IntHigh_2080","PD","HA","IntHigh","2080",157.100705446084
"03100205_67200000_PONDS_DRAINAGE_DITCH",1100,379825,"PONDS DRAINAGE DITCH","03100205","67200000","DITCH","tbcmp_PD_HA_IntHigh_2080","PD","HA","IntHigh","2080",375.4272053533
"03100205_67200000_PONDS_DRAINAGE_DITCH",1200,32669,"PONDS DRAINAGE DITCH","03100205","67200000","DITCH","tbcmp_PD_HA_IntHigh_2080","PD","HA","IntHigh","2080",32.290742767556
"03100205_67200000_PONDS_DRAINAGE_DITCH",1800,157,"PONDS DRAINAGE DITCH","03100205","67200000","DITCH","tbcmp_PD_HA_IntHigh_2080","PD","HA","IntHigh","2080",0.155182179268
"03100205_67200000_PONDS_DRAINAGE_DITCH",1900,307090,"PONDS DRAINAGE DITCH","03100205","67200000","DITCH","tbcmp_PD_HA_IntHigh_2080","PD","HA","IntHigh","2080",303.53436580516
"03100205_67200000_PONDS_DRAINAGE_DITCH",2100,3450300,"PONDS DRAINAGE DITCH","03100205","67200000","DITCH","tbcmp_PD_HA_IntHigh_2080","PD","HA","IntHigh","2080",3410.3507842572
"03100205_67200000_PONDS_DRAINAGE_DITCH",2200,4001,"PONDS DRAINAGE DITCH","03100205","67200000","DITCH","tbcmp_PD_HA_IntHigh_2080","PD","HA","IntHigh","2080",3.954674517524
"03100205_67200000_PONDS_DRAINAGE_DITCH",2400,41324,"PONDS DRAINAGE DITCH","03100205","67200000","DITCH","tbcmp_PD_HA_IntHigh_2080","PD","HA","IntHigh","2080",40.845531057776
"03100205_67200000_PONDS_DRAINAGE_DITCH",3200,519450,"PONDS DRAINAGE DITCH","03100205","67200000","DITCH","tbcmp_PD_HA_IntHigh_2080","PD","HA","IntHigh","2080",513.4355606418
"03100205_67200000_PONDS_DRAINAGE_DITCH",4100,1019861,"PONDS DRAINAGE DITCH","03100205","67200000","DITCH","tbcmp_PD_HA_IntHigh_2080","PD","HA","IntHigh","2080",1008.05256388816
"03100205_67200000_PONDS_DRAINAGE_DITCH",4400,32959,"PONDS DRAINAGE DITCH","03100205","67200000","DITCH","tbcmp_PD_HA_IntHigh_2080","PD","HA","IntHigh","2080",32.577385009516
"03100205_67200000_PONDS_DRAINAGE_DITCH",5200,91201,"PONDS DRAINAGE DITCH","03100205","67200000","DITCH","tbcmp_PD_HA_IntHigh_2080","PD","HA","IntHigh","2080",90.145031410324
"03100205_67200000_PONDS_DRAINAGE_DITCH",6110,183589,"PONDS DRAINAGE DITCH","03100205","67200000","DITCH","tbcmp_PD_HA_IntHigh_2080","PD","HA","IntHigh","2080",181.463319169636
"03100205_67200000_PONDS_DRAINAGE_DITCH",6410,3434264,"PONDS DRAINAGE DITCH","03100205","67200000","DITCH","tbcmp_PD_HA_IntHigh_2080","PD","HA","IntHigh","2080",3394.50045669834
"03100205_67220000_DRAIN",1100,38649,"DRAIN","03100205","67220000","DRAIN","tbcmp_PD_HA_IntHigh_2080","PD","HA","IntHigh","2080",38.201503481076
"03100205_67220000_DRAIN",1200,256943,"DRAIN","03100205","67220000","DRAIN","tbcmp_PD_HA_IntHigh_2080","PD","HA","IntHigh","2080",253.967991641132
"03100205_67220000_DRAIN",1820,31757,"DRAIN","03100205","67220000","DRAIN","tbcmp_PD_HA_IntHigh_2080","PD","HA","IntHigh","2080",31.389302337668
"03100205_67220000_DRAIN",1900,74714,"DRAIN","03100205","67220000","DRAIN","tbcmp_PD_HA_IntHigh_2080","PD","HA","IntHigh","2080",73.848925744136
"03100205_67220000_DRAIN",2100,1440834,"DRAIN","03100205","67220000","DRAIN","tbcmp_PD_HA_IntHigh_2080","PD","HA","IntHigh","2080",1424.15133811102
"03100205_67220000_DRAIN",2400,2976,"DRAIN","03100205","67220000","DRAIN","tbcmp_PD_HA_IntHigh_2080","PD","HA","IntHigh","2080",2.941542455424
"03100205_67220000_DRAIN",3200,26206,"DRAIN","03100205","67220000","DRAIN","tbcmp_PD_HA_IntHigh_2080","PD","HA","IntHigh","2080",25.902574457944
"03100205_67220000_DRAIN",4100,283714,"DRAIN","03100205","67220000","DRAIN","tbcmp_PD_HA_IntHigh_2080","PD","HA","IntHigh","2080",280.429024260136
"03100205_67220000_DRAIN",5200,28738,"DRAIN","03100205","67220000","DRAIN","tbcmp_PD_HA_IntHigh_2080","PD","HA","IntHigh","2080",28.405257756712
"03100205_67220000_DRAIN",6110,327120,"DRAIN","03100205","67220000","DRAIN","tbcmp_PD_HA_IntHigh_2080","PD","HA","IntHigh","2080",323.33244893088
"03100205_67220000_DRAIN",6410,295096,"DRAIN","03100205","67220000","DRAIN","tbcmp_PD_HA_IntHigh_2080","PD","HA","IntHigh","2080",291.679238046304
"03100205_67290000_DRAIN",1100,316068,"DRAIN","03100205","67290000","DRAIN","tbcmp_PD_HA_IntHigh_2080","PD","HA","IntHigh","2080",312.408414247632
"03100205_67290000_DRAIN",1200,79489,"DRAIN","03100205","67290000","DRAIN","tbcmp_PD_HA_IntHigh_2080","PD","HA","IntHigh","2080",78.568638521236
"03100205_67290000_DRAIN",1800,19904,"DRAIN","03100205","67290000","DRAIN","tbcmp_PD_HA_IntHigh_2080","PD","HA","IntHigh","2080",19.673542013696
"03100205_67290000_DRAIN",1900,90831,"DRAIN","03100205","67290000","DRAIN","tbcmp_PD_HA_IntHigh_2080","PD","HA","IntHigh","2080",89.779315446444
"03100205_67290000_DRAIN",2100,544470,"DRAIN","03100205","67290000","DRAIN","tbcmp_PD_HA_IntHigh_2080","PD","HA","IntHigh","2080",538.16586717228
"03100205_67290000_DRAIN",3200,28288,"DRAIN","03100205","67290000","DRAIN","tbcmp_PD_HA_IntHigh_2080","PD","HA","IntHigh","2080",27.960468070912
"03100205_67290000_DRAIN",4100,173163,"DRAIN","03100205","67290000","DRAIN","tbcmp_PD_HA_IntHigh_2080","PD","HA","IntHigh","2080",171.158036360412
"03100205_67290000_DRAIN",4400,128273,"DRAIN","03100205","67290000","DRAIN","tbcmp_PD_HA_IntHigh_2080","PD","HA","IntHigh","2080",126.787794148052
"03100205_67290000_DRAIN",5200,51048,"DRAIN","03100205","67290000","DRAIN","tbcmp_PD_HA_IntHigh_2080","PD","HA","IntHigh","2080",50.456941957152
"03100205_67290000_DRAIN",6110,138875,"DRAIN","03100205","67290000","DRAIN","tbcmp_PD_HA_IntHigh_2080","PD","HA","IntHigh","2080",137.2670391455
"03100205_67290000_DRAIN",6410,716639,"DRAIN","03100205","67290000","DRAIN","tbcmp_PD_HA_IntHigh_2080","PD","HA","IntHigh","2080",708.341412537836
"03100205_67310000_DRAIN",1100,113439,"DRAIN","03100205","67310000","DRAIN","tbcmp_PD_HA_IntHigh_2080","PD","HA","IntHigh","2080",112.125549261036
"03100205_67310000_DRAIN",1200,128254,"DRAIN","03100205","67310000","DRAIN","tbcmp_PD_HA_IntHigh_2080","PD","HA","IntHigh","2080",126.769014139096
"03100205_67310000_DRAIN",1820,1676,"DRAIN","03100205","67310000","DRAIN","tbcmp_PD_HA_IntHigh_2080","PD","HA","IntHigh","2080",1.656594474224
"03100205_67310000_DRAIN",1900,115247,"DRAIN","03100205","67310000","DRAIN","tbcmp_PD_HA_IntHigh_2080","PD","HA","IntHigh","2080",113.912615376428
"03100205_67310000_DRAIN",2100,207630,"DRAIN","03100205","67310000","DRAIN","tbcmp_PD_HA_IntHigh_2080","PD","HA","IntHigh","2080",205.22596102812
"03100205_67310000_DRAIN",3200,1449,"DRAIN","03100205","67310000","DRAIN","tbcmp_PD_HA_IntHigh_2080","PD","HA","IntHigh","2080",1.432222788276
"03100205_67310000_DRAIN",4100,46812,"DRAIN","03100205","67310000","DRAIN","tbcmp_PD_HA_IntHigh_2080","PD","HA","IntHigh","2080",46.269988381488
"03100205_67310000_DRAIN",5200,47451,"DRAIN","03100205","67310000","DRAIN","tbcmp_PD_HA_IntHigh_2080","PD","HA","IntHigh","2080",46.901589735324
"03100205_67310000_DRAIN",6110,72714,"DRAIN","03100205","67310000","DRAIN","tbcmp_PD_HA_IntHigh_2080","PD","HA","IntHigh","2080",71.872082696136
"03100205_67310000_DRAIN",6410,172540,"DRAIN","03100205","67310000","DRAIN","tbcmp_PD_HA_IntHigh_2080","PD","HA","IntHigh","2080",170.54224975096
"03100205_67440000_SLOUGH",1100,2661691,"SLOUGH","03100205","67440000","SLOUGH","tbcmp_PD_HA_IntHigh_2080","PD","HA","IntHigh","2080",2630.87267463708
"03100205_67440000_SLOUGH",1200,1703718,"SLOUGH","03100205","67440000","SLOUGH","tbcmp_PD_HA_IntHigh_2080","PD","HA","IntHigh","2080",1683.99154202623
"03100205_67440000_SLOUGH",1800,65068,"SLOUGH","03100205","67440000","SLOUGH","tbcmp_PD_HA_IntHigh_2080","PD","HA","IntHigh","2080",64.314611723632
"03100205_67440000_SLOUGH",1820,132081,"SLOUGH","03100205","67440000","SLOUGH","tbcmp_PD_HA_IntHigh_2080","PD","HA","IntHigh","2080",130.551703311444
"03100205_67440000_SLOUGH",1900,398161,"SLOUGH","03100205","67440000","SLOUGH","tbcmp_PD_HA_IntHigh_2080","PD","HA","IntHigh","2080",393.550902417364
"03100205_67440000_SLOUGH",2100,2076868,"SLOUGH","03100205","67440000","SLOUGH","tbcmp_PD_HA_IntHigh_2080","PD","HA","IntHigh","2080",2052.82103370683
"03100205_67440000_SLOUGH",2200,4418,"SLOUGH","03100205","67440000","SLOUGH","tbcmp_PD_HA_IntHigh_2080","PD","HA","IntHigh","2080",4.366846293032
"03100205_67440000_SLOUGH",2400,6685,"SLOUGH","03100205","67440000","SLOUGH","tbcmp_PD_HA_IntHigh_2080","PD","HA","IntHigh","2080",6.60759788794
"03100205_67440000_SLOUGH",3200,363985,"SLOUGH","03100205","67440000","SLOUGH","tbcmp_PD_HA_IntHigh_2080","PD","HA","IntHigh","2080",359.77060841314
"03100205_67440000_SLOUGH",4100,892750,"SLOUGH","03100205","67440000","SLOUGH","tbcmp_PD_HA_IntHigh_2080","PD","HA","IntHigh","2080",882.413315551
"03100205_67440000_SLOUGH",4400,345723,"SLOUGH","03100205","67440000","SLOUGH","tbcmp_PD_HA_IntHigh_2080","PD","HA","IntHigh","2080",341.720054541852
"03100205_67440000_SLOUGH",5200,326708,"SLOUGH","03100205","67440000","SLOUGH","tbcmp_PD_HA_IntHigh_2080","PD","HA","IntHigh","2080",322.925219262992
"03100205_67440000_SLOUGH",6110,3990182,"SLOUGH","03100205","67440000","SLOUGH","tbcmp_PD_HA_IntHigh_2080","PD","HA","IntHigh","2080",3943.98177347737
"03100205_67440000_SLOUGH",6410,1175486,"SLOUGH","03100205","67440000","SLOUGH","tbcmp_PD_HA_IntHigh_2080","PD","HA","IntHigh","2080",1161.87566356066
"03100205_67449000_DRAIN",1100,1026028,"DRAIN","03100205","67449000","DRAIN","tbcmp_PD_HA_IntHigh_2080","PD","HA","IntHigh","2080",1014.14815942667
"03100205_67449000_DRAIN",1200,1270537,"DRAIN","03100205","67449000","DRAIN","tbcmp_PD_HA_IntHigh_2080","PD","HA","IntHigh","2080",1255.82611783839
"03100205_67449000_DRAIN",1800,47743,"DRAIN","03100205","67449000","DRAIN","tbcmp_PD_HA_IntHigh_2080","PD","HA","IntHigh","2080",47.190208820332
"03100205_67449000_DRAIN",1900,196050,"DRAIN","03100205","67449000","DRAIN","tbcmp_PD_HA_IntHigh_2080","PD","HA","IntHigh","2080",193.7800397802
"03100205_67449000_DRAIN",2100,303407,"DRAIN","03100205","67449000","DRAIN","tbcmp_PD_HA_IntHigh_2080","PD","HA","IntHigh","2080",299.894009332268
"03100205_67449000_DRAIN",3200,28222,"DRAIN","03100205","67449000","DRAIN","tbcmp_PD_HA_IntHigh_2080","PD","HA","IntHigh","2080",27.895232250328
"03100205_67449000_DRAIN",4100,257597,"DRAIN","03100205","67449000","DRAIN","tbcmp_PD_HA_IntHigh_2080","PD","HA","IntHigh","2080",254.614419317828
"03100205_67449000_DRAIN",4400,26953,"DRAIN","03100205","67449000","DRAIN","tbcmp_PD_HA_IntHigh_2080","PD","HA","IntHigh","2080",26.640925336372
"03100205_67449000_DRAIN",5200,127812,"DRAIN","03100205","67449000","DRAIN","tbcmp_PD_HA_IntHigh_2080","PD","HA","IntHigh","2080",126.332131825488
"03100205_67449000_DRAIN",6110,524666,"DRAIN","03100205","67449000","DRAIN","tbcmp_PD_HA_IntHigh_2080","PD","HA","IntHigh","2080",518.591167310984
"03100205_67449000_DRAIN",6410,152589,"DRAIN","03100205","67449000","DRAIN","tbcmp_PD_HA_IntHigh_2080","PD","HA","IntHigh","2080",150.822251925636
"03100205_67500000_BANJO_LAKE_OUTLET",1100,69884,"BANJO LAKE OUTLET","03100205","67500000","OUTLET","tbcmp_PD_HA_IntHigh_2080","PD","HA","IntHigh","2080",69.074849783216
"03100205_67500000_BANJO_LAKE_OUTLET",1200,361340,"BANJO LAKE OUTLET","03100205","67500000","OUTLET","tbcmp_PD_HA_IntHigh_2080","PD","HA","IntHigh","2080",357.15623348216
"03100205_67500000_BANJO_LAKE_OUTLET",1800,16527,"BANJO LAKE OUTLET","03100205","67500000","OUTLET","tbcmp_PD_HA_IntHigh_2080","PD","HA","IntHigh","2080",16.335642527148
"03100205_67500000_BANJO_LAKE_OUTLET",1900,11437,"BANJO LAKE OUTLET","03100205","67500000","OUTLET","tbcmp_PD_HA_IntHigh_2080","PD","HA","IntHigh","2080",11.304576969988
"03100205_67500000_BANJO_LAKE_OUTLET",2100,3971,"BANJO LAKE OUTLET","03100205","67500000","OUTLET","tbcmp_PD_HA_IntHigh_2080","PD","HA","IntHigh","2080",3.925021871804
"03100205_67500000_BANJO_LAKE_OUTLET",5200,51646,"BANJO LAKE OUTLET","03100205","67500000","OUTLET","tbcmp_PD_HA_IntHigh_2080","PD","HA","IntHigh","2080",51.048018028504
"03100205_67500000_BANJO_LAKE_OUTLET",6110,15618,"BANJO LAKE OUTLET","03100205","67500000","OUTLET","tbcmp_PD_HA_IntHigh_2080","PD","HA","IntHigh","2080",15.437167361832
"03100205_67500000_BANJO_LAKE_OUTLET",6410,22168,"BANJO LAKE OUTLET","03100205","67500000","OUTLET","tbcmp_PD_HA_IntHigh_2080","PD","HA","IntHigh","2080",21.911328344032
"03100205_67741000_SHERRYS_BROOK",1100,69306,"SHERRYS BROOK","03100205","67741000","STREAM","tbcmp_PD_HA_IntHigh_2080","PD","HA","IntHigh","2080",68.503542142344
"03100205_67741000_SHERRYS_BROOK",1200,330018,"SHERRYS BROOK","03100205","67741000","STREAM","tbcmp_PD_HA_IntHigh_2080","PD","HA","IntHigh","2080",326.196894507432
"03100205_67741000_SHERRYS_BROOK",1820,4028,"SHERRYS BROOK","03100205","67741000","STREAM","tbcmp_PD_HA_IntHigh_2080","PD","HA","IntHigh","2080",3.981361898672
"03100205_67741000_SHERRYS_BROOK",1900,19419,"SHERRYS BROOK","03100205","67741000","STREAM","tbcmp_PD_HA_IntHigh_2080","PD","HA","IntHigh","2080",19.194157574556
"03100205_67741000_SHERRYS_BROOK",2100,83221,"SHERRYS BROOK","03100205","67741000","STREAM","tbcmp_PD_HA_IntHigh_2080","PD","HA","IntHigh","2080",82.257427648804
"03100205_67741000_SHERRYS_BROOK",2200,4026,"SHERRYS BROOK","03100205","67741000","STREAM","tbcmp_PD_HA_IntHigh_2080","PD","HA","IntHigh","2080",3.979385055624
"03100205_67741000_SHERRYS_BROOK",4100,16038,"SHERRYS BROOK","03100205","67741000","STREAM","tbcmp_PD_HA_IntHigh_2080","PD","HA","IntHigh","2080",15.852304401912
"03100205_67741000_SHERRYS_BROOK",4400,12489,"SHERRYS BROOK","03100205","67741000","STREAM","tbcmp_PD_HA_IntHigh_2080","PD","HA","IntHigh","2080",12.344396413236
"03100205_67741000_SHERRYS_BROOK",5200,22342,"SHERRYS BROOK","03100205","67741000","STREAM","tbcmp_PD_HA_IntHigh_2080","PD","HA","IntHigh","2080",22.083313689208
"03100205_67741000_SHERRYS_BROOK",6110,5740,"SHERRYS BROOK","03100205","67741000","STREAM","tbcmp_PD_HA_IntHigh_2080","PD","HA","IntHigh","2080",5.67353954776
"03100205_67741000_SHERRYS_BROOK",6410,30135,"SHERRYS BROOK","03100205","67741000","STREAM","tbcmp_PD_HA_IntHigh_2080","PD","HA","IntHigh","2080",29.78608262574
"03100205_67830000_LAKE_HANNA_OUTLET",1100,816856,"LAKE HANNA OUTLET","03100205","67830000","OUTLET","tbcmp_PD_HA_IntHigh_2080","PD","HA","IntHigh","2080",807.398052408544
"03100205_67830000_LAKE_HANNA_OUTLET",1200,3647795,"LAKE HANNA OUTLET","03100205","67830000","OUTLET","tbcmp_PD_HA_IntHigh_2080","PD","HA","IntHigh","2080",3605.55909313958
"03100205_67830000_LAKE_HANNA_OUTLET",1800,54716,"LAKE HANNA OUTLET","03100205","67830000","OUTLET","tbcmp_PD_HA_IntHigh_2080","PD","HA","IntHigh","2080",54.082472107184
"03100205_67830000_LAKE_HANNA_OUTLET",1820,1699,"LAKE HANNA OUTLET","03100205","67830000","OUTLET","tbcmp_PD_HA_IntHigh_2080","PD","HA","IntHigh","2080",1.679328169276
"03100205_67830000_LAKE_HANNA_OUTLET",1900,205029,"LAKE HANNA OUTLET","03100205","67830000","OUTLET","tbcmp_PD_HA_IntHigh_2080","PD","HA","IntHigh","2080",202.655076644196
"03100205_67830000_LAKE_HANNA_OUTLET",2100,266876,"LAKE HANNA OUTLET","03100205","67830000","OUTLET","tbcmp_PD_HA_IntHigh_2080","PD","HA","IntHigh","2080",263.785982639024
"03100205_67830000_LAKE_HANNA_OUTLET",2200,18490,"LAKE HANNA OUTLET","03100205","67830000","OUTLET","tbcmp_PD_HA_IntHigh_2080","PD","HA","IntHigh","2080",18.27591397876
"03100205_67830000_LAKE_HANNA_OUTLET",2400,3099,"LAKE HANNA OUTLET","03100205","67830000","OUTLET","tbcmp_PD_HA_IntHigh_2080","PD","HA","IntHigh","2080",3.063118302876
"03100205_67830000_LAKE_HANNA_OUTLET",3200,39739,"LAKE HANNA OUTLET","03100205","67830000","OUTLET","tbcmp_PD_HA_IntHigh_2080","PD","HA","IntHigh","2080",39.278882942236
"03100205_67830000_LAKE_HANNA_OUTLET",4100,134972,"LAKE HANNA OUTLET","03100205","67830000","OUTLET","tbcmp_PD_HA_IntHigh_2080","PD","HA","IntHigh","2080",133.409229937328
"03100205_67830000_LAKE_HANNA_OUTLET",4400,227656,"LAKE HANNA OUTLET","03100205","67830000","OUTLET","tbcmp_PD_HA_IntHigh_2080","PD","HA","IntHigh","2080",225.020090467744
"03100205_67830000_LAKE_HANNA_OUTLET",5200,1327622,"LAKE HANNA OUTLET","03100205","67830000","OUTLET","tbcmp_PD_HA_IntHigh_2080","PD","HA","IntHigh","2080",1312.25016053593
"03100205_67830000_LAKE_HANNA_OUTLET",6110,896904,"LAKE HANNA OUTLET","03100205","67830000","OUTLET","tbcmp_PD_HA_IntHigh_2080","PD","HA","IntHigh","2080",886.519218561696
"03100205_67830000_LAKE_HANNA_OUTLET",6410,729444,"LAKE HANNA OUTLET","03100205","67830000","OUTLET","tbcmp_PD_HA_IntHigh_2080","PD","HA","IntHigh","2080",720.998150152656
"03100205_67900000_THIRTEEN_MILE_CREEK",1100,148613,"THIRTEEN MILE CREEK","03100205","67900000","STREAM","tbcmp_PD_HA_IntHigh_2080","PD","HA","IntHigh","2080",146.892287946212
"03100205_67900000_THIRTEEN_MILE_CREEK",1200,799017,"THIRTEEN MILE CREEK","03100205","67900000","STREAM","tbcmp_PD_HA_IntHigh_2080","PD","HA","IntHigh","2080",789.765600841908
"03100205_67900000_THIRTEEN_MILE_CREEK",1800,2660,"THIRTEEN MILE CREEK","03100205","67900000","STREAM","tbcmp_PD_HA_IntHigh_2080","PD","HA","IntHigh","2080",2.62920125384
"03100205_67900000_THIRTEEN_MILE_CREEK",1900,53314,"THIRTEEN MILE CREEK","03100205","67900000","STREAM","tbcmp_PD_HA_IntHigh_2080","PD","HA","IntHigh","2080",52.696705130536
"03100205_67900000_THIRTEEN_MILE_CREEK",2100,59507,"THIRTEEN MILE CREEK","03100205","67900000","STREAM","tbcmp_PD_HA_IntHigh_2080","PD","HA","IntHigh","2080",58.817999628668
"03100205_67900000_THIRTEEN_MILE_CREEK",2200,2323,"THIRTEEN MILE CREEK","03100205","67900000","STREAM","tbcmp_PD_HA_IntHigh_2080","PD","HA","IntHigh","2080",2.296103200252
"03100205_67900000_THIRTEEN_MILE_CREEK",4100,81069,"THIRTEEN MILE CREEK","03100205","67900000","STREAM","tbcmp_PD_HA_IntHigh_2080","PD","HA","IntHigh","2080",80.130344529156
"03100205_67900000_THIRTEEN_MILE_CREEK",4400,10857,"THIRTEEN MILE CREEK","03100205","67900000","STREAM","tbcmp_PD_HA_IntHigh_2080","PD","HA","IntHigh","2080",10.731292486068
"03100205_67900000_THIRTEEN_MILE_CREEK",5200,32183,"THIRTEEN MILE CREEK","03100205","67900000","STREAM","tbcmp_PD_HA_IntHigh_2080","PD","HA","IntHigh","2080",31.810369906892
"03100205_67900000_THIRTEEN_MILE_CREEK",6110,457756,"THIRTEEN MILE CREEK","03100205","67900000","STREAM","tbcmp_PD_HA_IntHigh_2080","PD","HA","IntHigh","2080",452.455883140144
"03100205_67900000_THIRTEEN_MILE_CREEK",6410,59137,"THIRTEEN MILE CREEK","03100205","67900000","STREAM","tbcmp_PD_HA_IntHigh_2080","PD","HA","IntHigh","2080",58.452283664788
"03100205_70000000_COW_HOUSE_CREEK",1100,45670,"COW HOUSE CREEK","03100205","70000000","STREAM","tbcmp_PD_HA_IntHigh_2080","PD","HA","IntHigh","2080",45.14121100108
"03100205_70000000_COW_HOUSE_CREEK",1200,362246,"COW HOUSE CREEK","03100205","70000000","STREAM","tbcmp_PD_HA_IntHigh_2080","PD","HA","IntHigh","2080",358.051743382904
"03100205_70000000_COW_HOUSE_CREEK",1800,2724,"COW HOUSE CREEK","03100205","70000000","STREAM","tbcmp_PD_HA_IntHigh_2080","PD","HA","IntHigh","2080",2.692460231376
"03100205_70000000_COW_HOUSE_CREEK",1900,89214,"COW HOUSE CREEK","03100205","70000000","STREAM","tbcmp_PD_HA_IntHigh_2080","PD","HA","IntHigh","2080",88.181037842136
"03100205_70000000_COW_HOUSE_CREEK",4100,118351,"COW HOUSE CREEK","03100205","70000000","STREAM","tbcmp_PD_HA_IntHigh_2080","PD","HA","IntHigh","2080",116.980675786924
"03100205_70000000_COW_HOUSE_CREEK",5200,16326,"COW HOUSE CREEK","03100205","70000000","STREAM","tbcmp_PD_HA_IntHigh_2080","PD","HA","IntHigh","2080",16.136969800824
"03100205_70000000_COW_HOUSE_CREEK",6110,226484,"COW HOUSE CREEK","03100205","70000000","STREAM","tbcmp_PD_HA_IntHigh_2080","PD","HA","IntHigh","2080",223.861660441616
"03100205_70000000_COW_HOUSE_CREEK",6410,21698,"COW HOUSE CREEK","03100205","70000000","STREAM","tbcmp_PD_HA_IntHigh_2080","PD","HA","IntHigh","2080",21.446770227752
"03100205_80000000_SULPHUR_SPRINGS",1200,923724,"SULPHUR SPRINGS","03100205","80000000","STREAM","tbcmp_PD_HA_IntHigh_2080","PD","HA","IntHigh","2080",913.028683835376
"03100205_80000000_SULPHUR_SPRINGS",1800,47122,"SULPHUR SPRINGS","03100205","80000000","STREAM","tbcmp_PD_HA_IntHigh_2080","PD","HA","IntHigh","2080",46.576399053928
"03100205_80000000_SULPHUR_SPRINGS",1900,8365,"SULPHUR SPRINGS","03100205","80000000","STREAM","tbcmp_PD_HA_IntHigh_2080","PD","HA","IntHigh","2080",8.26814604826
"03100205_80000000_SULPHUR_SPRINGS",4100,7898,"SULPHUR SPRINGS","03100205","80000000","STREAM","tbcmp_PD_HA_IntHigh_2080","PD","HA","IntHigh","2080",7.806553196552
"03100205_80000000_SULPHUR_SPRINGS",5200,146,"SULPHUR SPRINGS","03100205","80000000","STREAM","tbcmp_PD_HA_IntHigh_2080","PD","HA","IntHigh","2080",0.144309542504
"03100205_80000000_SULPHUR_SPRINGS",5400,712,"SULPHUR SPRINGS","03100205","80000000","STREAM","tbcmp_PD_HA_IntHigh_2080","PD","HA","IntHigh","2080",0.703756125088
"03100205_80000000_SULPHUR_SPRINGS",6410,3869,"SULPHUR SPRINGS","03100205","80000000","STREAM","tbcmp_PD_HA_IntHigh_2080","PD","HA","IntHigh","2080",3.824202876356
"03100205_80000000_SULPHUR_SPRINGS",6420,5,"SULPHUR SPRINGS","03100205","80000000","STREAM","tbcmp_PD_HA_IntHigh_2080","PD","HA","IntHigh","2080",0.00494210762
"03100205_80000000_SULPHUR_SPRINGS",6425,4,"SULPHUR SPRINGS","03100205","80000000","STREAM","tbcmp_PD_HA_IntHigh_2080","PD","HA","IntHigh","2080",0.003953686096
"03100205_80000000_SULPHUR_SPRINGS",6510,3,"SULPHUR SPRINGS","03100205","80000000","STREAM","tbcmp_PD_HA_IntHigh_2080","PD","HA","IntHigh","2080",0.002965264572
"03100205_80000000_SULPHUR_SPRINGS",6600,32,"SULPHUR SPRINGS","03100205","80000000","STREAM","tbcmp_PD_HA_IntHigh_2080","PD","HA","IntHigh","2080",0.031629488768
"03100205_80000000_SULPHUR_SPRINGS",9113,1,"SULPHUR SPRINGS","03100205","80000000","STREAM","tbcmp_PD_HA_IntHigh_2080","PD","HA","IntHigh","2080",0.000988421524
"03100205_80800000_CURIOSITY_CREEK",1100,6040,"CURIOSITY CREEK","03100205","80800000","STREAM","tbcmp_PD_HA_IntHigh_2080","PD","HA","IntHigh","2080",5.97006600496
"03100205_80800000_CURIOSITY_CREEK",1200,2862057,"CURIOSITY CREEK","03100205","80800000","STREAM","tbcmp_PD_HA_IntHigh_2080","PD","HA","IntHigh","2080",2828.91874171487
"03100205_80800000_CURIOSITY_CREEK",1800,2971,"CURIOSITY CREEK","03100205","80800000","STREAM","tbcmp_PD_HA_IntHigh_2080","PD","HA","IntHigh","2080",2.936600347804
"03100205_80800000_CURIOSITY_CREEK",1820,122183,"CURIOSITY CREEK","03100205","80800000","STREAM","tbcmp_PD_HA_IntHigh_2080","PD","HA","IntHigh","2080",120.768307066892
"03100205_80800000_CURIOSITY_CREEK",1900,49203,"CURIOSITY CREEK","03100205","80800000","STREAM","tbcmp_PD_HA_IntHigh_2080","PD","HA","IntHigh","2080",48.633304245372
"03100205_80800000_CURIOSITY_CREEK",4100,98978,"CURIOSITY CREEK","03100205","80800000","STREAM","tbcmp_PD_HA_IntHigh_2080","PD","HA","IntHigh","2080",97.831985602472
"03100205_80800000_CURIOSITY_CREEK",5200,141460,"CURIOSITY CREEK","03100205","80800000","STREAM","tbcmp_PD_HA_IntHigh_2080","PD","HA","IntHigh","2080",139.82210878504
"03100205_80800000_CURIOSITY_CREEK",6110,5965,"CURIOSITY CREEK","03100205","80800000","STREAM","tbcmp_PD_HA_IntHigh_2080","PD","HA","IntHigh","2080",5.89593439066
"03100205_80800000_CURIOSITY_CREEK",6410,86300,"CURIOSITY CREEK","03100205","80800000","STREAM","tbcmp_PD_HA_IntHigh_2080","PD","HA","IntHigh","2080",85.3007775212
"03100205_83000000_TWIN_LAKE_OUTLET",1100,2091,"TWIN LAKE OUTLET","03100205","83000000","OUTLET","tbcmp_PD_HA_IntHigh_2080","PD","HA","IntHigh","2080",2.066789406684
"03100205_83000000_TWIN_LAKE_OUTLET",1200,1550119,"TWIN LAKE OUTLET","03100205","83000000","OUTLET","tbcmp_PD_HA_IntHigh_2080","PD","HA","IntHigh","2080",1532.17098436136
"03100205_83000000_TWIN_LAKE_OUTLET",1800,30848,"TWIN LAKE OUTLET","03100205","83000000","OUTLET","tbcmp_PD_HA_IntHigh_2080","PD","HA","IntHigh","2080",30.490827172352
"03100205_83000000_TWIN_LAKE_OUTLET",1820,409,"TWIN LAKE OUTLET","03100205","83000000","OUTLET","tbcmp_PD_HA_IntHigh_2080","PD","HA","IntHigh","2080",0.404264403316
"03100205_83000000_TWIN_LAKE_OUTLET",5200,60101,"TWIN LAKE OUTLET","03100205","83000000","OUTLET","tbcmp_PD_HA_IntHigh_2080","PD","HA","IntHigh","2080",59.405122013924
"03100205_83000000_TWIN_LAKE_OUTLET",6110,1167,"TWIN LAKE OUTLET","03100205","83000000","OUTLET","tbcmp_PD_HA_IntHigh_2080","PD","HA","IntHigh","2080",1.153487918508
"03100205_83000000_TWIN_LAKE_OUTLET",6410,24482,"TWIN LAKE OUTLET","03100205","83000000","OUTLET","tbcmp_PD_HA_IntHigh_2080","PD","HA","IntHigh","2080",24.198535750568
"03100205_99000000_HILLSBOROUGH_RIVER",1100,4161242,"HILLSBOROUGH RIVER","03100205","99000000","STREAM","tbcmp_PD_HA_IntHigh_2080","PD","HA","IntHigh","2080",4113.06115937281
"03100205_99000000_HILLSBOROUGH_RIVER",1200,29550007,"HILLSBOROUGH RIVER","03100205","99000000","STREAM","tbcmp_PD_HA_IntHigh_2080","PD","HA","IntHigh","2080",29207.8629531507
"03100205_99000000_HILLSBOROUGH_RIVER",1800,1119442,"HILLSBOROUGH RIVER","03100205","99000000","STREAM","tbcmp_PD_HA_IntHigh_2080","PD","HA","IntHigh","2080",1106.48056766961
"03100205_99000000_HILLSBOROUGH_RIVER",1820,431015,"HILLSBOROUGH RIVER","03100205","99000000","STREAM","tbcmp_PD_HA_IntHigh_2080","PD","HA","IntHigh","2080",426.02450316686
"03100205_99000000_HILLSBOROUGH_RIVER",1900,2117943,"HILLSBOROUGH RIVER","03100205","99000000","STREAM","tbcmp_PD_HA_IntHigh_2080","PD","HA","IntHigh","2080",2093.42044780513
"03100205_99000000_HILLSBOROUGH_RIVER",2100,3917079,"HILLSBOROUGH RIVER","03100205","99000000","STREAM","tbcmp_PD_HA_IntHigh_2080","PD","HA","IntHigh","2080",3871.7251948084
"03100205_99000000_HILLSBOROUGH_RIVER",2200,43972,"HILLSBOROUGH RIVER","03100205","99000000","STREAM","tbcmp_PD_HA_IntHigh_2080","PD","HA","IntHigh","2080",43.462871253328
"03100205_99000000_HILLSBOROUGH_RIVER",2400,25731,"HILLSBOROUGH RIVER","03100205","99000000","STREAM","tbcmp_PD_HA_IntHigh_2080","PD","HA","IntHigh","2080",25.433074234044
"03100205_99000000_HILLSBOROUGH_RIVER",3200,2943860,"HILLSBOROUGH RIVER","03100205","99000000","STREAM","tbcmp_PD_HA_IntHigh_2080","PD","HA","IntHigh","2080",2909.77458764264
"03100205_99000000_HILLSBOROUGH_RIVER",4100,6629090,"HILLSBOROUGH RIVER","03100205","99000000","STREAM","tbcmp_PD_HA_IntHigh_2080","PD","HA","IntHigh","2080",6552.33524053316
"03100205_99000000_HILLSBOROUGH_RIVER",4400,915280,"HILLSBOROUGH RIVER","03100205","99000000","STREAM","tbcmp_PD_HA_IntHigh_2080","PD","HA","IntHigh","2080",904.68245248672
"03100205_99000000_HILLSBOROUGH_RIVER",5200,1709340,"HILLSBOROUGH RIVER","03100205","99000000","STREAM","tbcmp_PD_HA_IntHigh_2080","PD","HA","IntHigh","2080",1689.54844783416
"03100205_99000000_HILLSBOROUGH_RIVER",5400,280919,"HILLSBOROUGH RIVER","03100205","99000000","STREAM","tbcmp_PD_HA_IntHigh_2080","PD","HA","IntHigh","2080",277.666386100556
"03100205_99000000_HILLSBOROUGH_RIVER",6110,20030904,"HILLSBOROUGH RIVER","03100205","99000000","STREAM","tbcmp_PD_HA_IntHigh_2080","PD","HA","IntHigh","2080",19798.9766587777
"03100205_99000000_HILLSBOROUGH_RIVER",6410,1966690,"HILLSBOROUGH RIVER","03100205","99000000","STREAM","tbcmp_PD_HA_IntHigh_2080","PD","HA","IntHigh","2080",1943.91872703556
"03100205_99000000_HILLSBOROUGH_RIVER",6420,1096,"HILLSBOROUGH RIVER","03100205","99000000","STREAM","tbcmp_PD_HA_IntHigh_2080","PD","HA","IntHigh","2080",1.083309990304
"03100205_99000000_HILLSBOROUGH_RIVER",6425,2383,"HILLSBOROUGH RIVER","03100205","99000000","STREAM","tbcmp_PD_HA_IntHigh_2080","PD","HA","IntHigh","2080",2.355408491692
"03100205_99000000_HILLSBOROUGH_RIVER",6510,794,"HILLSBOROUGH RIVER","03100205","99000000","STREAM","tbcmp_PD_HA_IntHigh_2080","PD","HA","IntHigh","2080",0.784806690056
"03100205_99000000_HILLSBOROUGH_RIVER",6600,3108,"HILLSBOROUGH RIVER","03100205","99000000","STREAM","tbcmp_PD_HA_IntHigh_2080","PD","HA","IntHigh","2080",3.072014096592
"03100205_99000000_HILLSBOROUGH_RIVER",9113,5877,"HILLSBOROUGH RIVER","03100205","99000000","STREAM","tbcmp_PD_HA_IntHigh_2080","PD","HA","IntHigh","2080",5.808953296548
"03100206_02503000_BUFFALO_CREEK",1100,419649,"BUFFALO CREEK","03100206","02503000","STREAM","tbcmp_PD_HA_IntHigh_2080","PD","HA","IntHigh","2080",414.790104125076
"03100206_02503000_BUFFALO_CREEK",1200,1942578,"BUFFALO CREEK","03100206","02503000","STREAM","tbcmp_PD_HA_IntHigh_2080","PD","HA","IntHigh","2080",1920.08590724887
"03100206_02503000_BUFFALO_CREEK",1800,31349,"BUFFALO CREEK","03100206","02503000","STREAM","tbcmp_PD_HA_IntHigh_2080","PD","HA","IntHigh","2080",30.986026355876
"03100206_02503000_BUFFALO_CREEK",1820,200672,"BUFFALO CREEK","03100206","02503000","STREAM","tbcmp_PD_HA_IntHigh_2080","PD","HA","IntHigh","2080",198.348524064128
"03100206_02503000_BUFFALO_CREEK",1900,1102441,"BUFFALO CREEK","03100206","02503000","STREAM","tbcmp_PD_HA_IntHigh_2080","PD","HA","IntHigh","2080",1089.67641334008
"03100206_02503000_BUFFALO_CREEK",2100,840034,"BUFFALO CREEK","03100206","02503000","STREAM","tbcmp_PD_HA_IntHigh_2080","PD","HA","IntHigh","2080",830.307686491816
"03100206_02503000_BUFFALO_CREEK",2200,241479,"BUFFALO CREEK","03100206","02503000","STREAM","tbcmp_PD_HA_IntHigh_2080","PD","HA","IntHigh","2080",238.683041193996
"03100206_02503000_BUFFALO_CREEK",2400,6426,"BUFFALO CREEK","03100206","02503000","STREAM","tbcmp_PD_HA_IntHigh_2080","PD","HA","IntHigh","2080",6.351596713224
"03100206_02503000_BUFFALO_CREEK",3200,22158,"BUFFALO CREEK","03100206","02503000","STREAM","tbcmp_PD_HA_IntHigh_2080","PD","HA","IntHigh","2080",21.901444128792
"03100206_02503000_BUFFALO_CREEK",4100,273108,"BUFFALO CREEK","03100206","02503000","STREAM","tbcmp_PD_HA_IntHigh_2080","PD","HA","IntHigh","2080",269.945825576592
"03100206_02503000_BUFFALO_CREEK",5200,590950,"BUFFALO CREEK","03100206","02503000","STREAM","tbcmp_PD_HA_IntHigh_2080","PD","HA","IntHigh","2080",584.1076996078
"03100206_02503000_BUFFALO_CREEK",6110,668445,"BUFFALO CREEK","03100206","02503000","STREAM","tbcmp_PD_HA_IntHigh_2080","PD","HA","IntHigh","2080",660.70542561018
"03100206_02503000_BUFFALO_CREEK",6410,331335,"BUFFALO CREEK","03100206","02503000","STREAM","tbcmp_PD_HA_IntHigh_2080","PD","HA","IntHigh","2080",327.49864565454
"03100206_02507000_CABBAGE_SLOUGH",1100,149591,"CABBAGE SLOUGH","03100206","02507000","DITCH","tbcmp_PD_HA_IntHigh_2080","PD","HA","IntHigh","2080",147.858964196684
"03100206_02507000_CABBAGE_SLOUGH",1200,867636,"CABBAGE SLOUGH","03100206","02507000","DITCH","tbcmp_PD_HA_IntHigh_2080","PD","HA","IntHigh","2080",857.590097397264
"03100206_02507000_CABBAGE_SLOUGH",1800,15883,"CABBAGE SLOUGH","03100206","02507000","DITCH","tbcmp_PD_HA_IntHigh_2080","PD","HA","IntHigh","2080",15.699099065692
"03100206_02507000_CABBAGE_SLOUGH",1820,74559,"CABBAGE SLOUGH","03100206","02507000","DITCH","tbcmp_PD_HA_IntHigh_2080","PD","HA","IntHigh","2080",73.695720407916
"03100206_02507000_CABBAGE_SLOUGH",1900,489320,"CABBAGE SLOUGH","03100206","02507000","DITCH","tbcmp_PD_HA_IntHigh_2080","PD","HA","IntHigh","2080",483.65442012368
"03100206_02507000_CABBAGE_SLOUGH",2100,423137,"CABBAGE SLOUGH","03100206","02507000","DITCH","tbcmp_PD_HA_IntHigh_2080","PD","HA","IntHigh","2080",418.237718400788
"03100206_02507000_CABBAGE_SLOUGH",2400,51811,"CABBAGE SLOUGH","03100206","02507000","DITCH","tbcmp_PD_HA_IntHigh_2080","PD","HA","IntHigh","2080",51.211107579964
"03100206_02507000_CABBAGE_SLOUGH",3200,9425,"CABBAGE SLOUGH","03100206","02507000","DITCH","tbcmp_PD_HA_IntHigh_2080","PD","HA","IntHigh","2080",9.3158728637
"03100206_02507000_CABBAGE_SLOUGH",4100,82403,"CABBAGE SLOUGH","03100206","02507000","DITCH","tbcmp_PD_HA_IntHigh_2080","PD","HA","IntHigh","2080",81.448898842172
"03100206_02507000_CABBAGE_SLOUGH",5200,253344,"CABBAGE SLOUGH","03100206","02507000","DITCH","tbcmp_PD_HA_IntHigh_2080","PD","HA","IntHigh","2080",250.410662576256
"03100206_02507000_CABBAGE_SLOUGH",6110,228401,"CABBAGE SLOUGH","03100206","02507000","DITCH","tbcmp_PD_HA_IntHigh_2080","PD","HA","IntHigh","2080",225.756464503124
"03100206_02507000_CABBAGE_SLOUGH",6120,24,"CABBAGE SLOUGH","03100206","02507000","DITCH","tbcmp_PD_HA_IntHigh_2080","PD","HA","IntHigh","2080",0.023722116576
"03100206_02507000_CABBAGE_SLOUGH",6410,95528,"CABBAGE SLOUGH","03100206","02507000","DITCH","tbcmp_PD_HA_IntHigh_2080","PD","HA","IntHigh","2080",94.421931344672
"03100206_02507000_CABBAGE_SLOUGH",6420,4,"CABBAGE SLOUGH","03100206","02507000","DITCH","tbcmp_PD_HA_IntHigh_2080","PD","HA","IntHigh","2080",0.003953686096
"03100206_02507000_CABBAGE_SLOUGH",6600,40,"CABBAGE SLOUGH","03100206","02507000","DITCH","tbcmp_PD_HA_IntHigh_2080","PD","HA","IntHigh","2080",0.03953686096
"03100206_02507000_CABBAGE_SLOUGH",9113,1,"CABBAGE SLOUGH","03100206","02507000","DITCH","tbcmp_PD_HA_IntHigh_2080","PD","HA","IntHigh","2080",0.000988421524
"03100206_02509900_FROG_CREEK",1100,472202,"FROG CREEK","03100206","02509900","STREAM","tbcmp_PD_HA_IntHigh_2080","PD","HA","IntHigh","2080",466.734620475848
"03100206_02509900_FROG_CREEK",1200,1081742,"FROG CREEK","03100206","02509900","STREAM","tbcmp_PD_HA_IntHigh_2080","PD","HA","IntHigh","2080",1069.21707621481
"03100206_02509900_FROG_CREEK",1800,74096,"FROG CREEK","03100206","02509900","STREAM","tbcmp_PD_HA_IntHigh_2080","PD","HA","IntHigh","2080",73.238081242304
"03100206_02509900_FROG_CREEK",1820,8517,"FROG CREEK","03100206","02509900","STREAM","tbcmp_PD_HA_IntHigh_2080","PD","HA","IntHigh","2080",8.418386119908
"03100206_02509900_FROG_CREEK",1900,303945,"FROG CREEK","03100206","02509900","STREAM","tbcmp_PD_HA_IntHigh_2080","PD","HA","IntHigh","2080",300.42578011218
"03100206_02509900_FROG_CREEK",2100,97307,"FROG CREEK","03100206","02509900","STREAM","tbcmp_PD_HA_IntHigh_2080","PD","HA","IntHigh","2080",96.180333235868
"03100206_02509900_FROG_CREEK",2400,19007,"FROG CREEK","03100206","02509900","STREAM","tbcmp_PD_HA_IntHigh_2080","PD","HA","IntHigh","2080",18.786927906668
"03100206_02509900_FROG_CREEK",3200,38390,"FROG CREEK","03100206","02509900","STREAM","tbcmp_PD_HA_IntHigh_2080","PD","HA","IntHigh","2080",37.94550230636
"03100206_02509900_FROG_CREEK",4100,132463,"FROG CREEK","03100206","02509900","STREAM","tbcmp_PD_HA_IntHigh_2080","PD","HA","IntHigh","2080",130.929280333612
"03100206_02509900_FROG_CREEK",5200,141491,"FROG CREEK","03100206","02509900","STREAM","tbcmp_PD_HA_IntHigh_2080","PD","HA","IntHigh","2080",139.852749852284
"03100206_02509900_FROG_CREEK",5400,88012,"FROG CREEK","03100206","02509900","STREAM","tbcmp_PD_HA_IntHigh_2080","PD","HA","IntHigh","2080",86.992955170288
"03100206_02509900_FROG_CREEK",6110,215222,"FROG CREEK","03100206","02509900","STREAM","tbcmp_PD_HA_IntHigh_2080","PD","HA","IntHigh","2080",212.730057238328
"03100206_02509900_FROG_CREEK",6120,48872,"FROG CREEK","03100206","02509900","STREAM","tbcmp_PD_HA_IntHigh_2080","PD","HA","IntHigh","2080",48.306136720928
"03100206_02509900_FROG_CREEK",6410,67476,"FROG CREEK","03100206","02509900","STREAM","tbcmp_PD_HA_IntHigh_2080","PD","HA","IntHigh","2080",66.694730753424
"03100206_02509900_FROG_CREEK",6420,15840,"FROG CREEK","03100206","02509900","STREAM","tbcmp_PD_HA_IntHigh_2080","PD","HA","IntHigh","2080",15.65659694016
"03100206_02509900_FROG_CREEK",6425,73468,"FROG CREEK","03100206","02509900","STREAM","tbcmp_PD_HA_IntHigh_2080","PD","HA","IntHigh","2080",72.617352525232
"03100206_02509900_FROG_CREEK",6510,49996,"FROG CREEK","03100206","02509900","STREAM","tbcmp_PD_HA_IntHigh_2080","PD","HA","IntHigh","2080",49.417122513904
"03100206_02509900_FROG_CREEK",6600,47036,"FROG CREEK","03100206","02509900","STREAM","tbcmp_PD_HA_IntHigh_2080","PD","HA","IntHigh","2080",46.491394802864
"03100206_02509900_FROG_CREEK",9113,177206,"FROG CREEK","03100206","02509900","STREAM","tbcmp_PD_HA_IntHigh_2080","PD","HA","IntHigh","2080",175.154224581944
"03100206_02550000_MCMULLIN_CREEK",1100,247640,"MCMULLIN CREEK","03100206","02550000","STREAM","tbcmp_PD_HA_IntHigh_2080","PD","HA","IntHigh","2080",244.77270620336
"03100206_02550000_MCMULLIN_CREEK",1200,918416,"MCMULLIN CREEK","03100206","02550000","STREAM","tbcmp_PD_HA_IntHigh_2080","PD","HA","IntHigh","2080",907.782142385984
"03100206_02550000_MCMULLIN_CREEK",1900,208468,"MCMULLIN CREEK","03100206","02550000","STREAM","tbcmp_PD_HA_IntHigh_2080","PD","HA","IntHigh","2080",206.054258265232
"03100206_02550000_MCMULLIN_CREEK",2100,129823,"MCMULLIN CREEK","03100206","02550000","STREAM","tbcmp_PD_HA_IntHigh_2080","PD","HA","IntHigh","2080",128.319847510252
"03100206_02550000_MCMULLIN_CREEK",2400,18865,"MCMULLIN CREEK","03100206","02550000","STREAM","tbcmp_PD_HA_IntHigh_2080","PD","HA","IntHigh","2080",18.64657205026
"03100206_02550000_MCMULLIN_CREEK",4100,68931,"MCMULLIN CREEK","03100206","02550000","STREAM","tbcmp_PD_HA_IntHigh_2080","PD","HA","IntHigh","2080",68.132884070844
"03100206_02550000_MCMULLIN_CREEK",5200,107190,"MCMULLIN CREEK","03100206","02550000","STREAM","tbcmp_PD_HA_IntHigh_2080","PD","HA","IntHigh","2080",105.94890315756
"03100206_02550000_MCMULLIN_CREEK",5400,16996,"MCMULLIN CREEK","03100206","02550000","STREAM","tbcmp_PD_HA_IntHigh_2080","PD","HA","IntHigh","2080",16.799212221904
"03100206_02550000_MCMULLIN_CREEK",6110,35365,"MCMULLIN CREEK","03100206","02550000","STREAM","tbcmp_PD_HA_IntHigh_2080","PD","HA","IntHigh","2080",34.95552719626
"03100206_02550000_MCMULLIN_CREEK",6120,202,"MCMULLIN CREEK","03100206","02550000","STREAM","tbcmp_PD_HA_IntHigh_2080","PD","HA","IntHigh","2080",0.199661147848
"03100206_02550000_MCMULLIN_CREEK",6410,26592,"MCMULLIN CREEK","03100206","02550000","STREAM","tbcmp_PD_HA_IntHigh_2080","PD","HA","IntHigh","2080",26.284105166208
"03100206_02550000_MCMULLIN_CREEK",6420,4343,"MCMULLIN CREEK","03100206","02550000","STREAM","tbcmp_PD_HA_IntHigh_2080","PD","HA","IntHigh","2080",4.292714678732
"03100206_02550000_MCMULLIN_CREEK",6425,33863,"MCMULLIN CREEK","03100206","02550000","STREAM","tbcmp_PD_HA_IntHigh_2080","PD","HA","IntHigh","2080",33.470918067212
"03100206_02550000_MCMULLIN_CREEK",6510,15777,"MCMULLIN CREEK","03100206","02550000","STREAM","tbcmp_PD_HA_IntHigh_2080","PD","HA","IntHigh","2080",15.594326384148
"03100206_02550000_MCMULLIN_CREEK",6600,11707,"MCMULLIN CREEK","03100206","02550000","STREAM","tbcmp_PD_HA_IntHigh_2080","PD","HA","IntHigh","2080",11.571450781468
"03100206_02550000_MCMULLIN_CREEK",9113,49699,"MCMULLIN CREEK","03100206","02550000","STREAM","tbcmp_PD_HA_IntHigh_2080","PD","HA","IntHigh","2080",49.123561321276
"03100206_02990000_TERRA_CEIA_BAY",0,12802,"TERRA CEIA BAY","03100206","02990000","BAY","tbcmp_PD_HA_IntHigh_2080","PD","HA","IntHigh","2080",12.653772350248
"03100206_02990000_TERRA_CEIA_BAY",1100,1164600,"TERRA CEIA BAY","03100206","02990000","BAY","tbcmp_PD_HA_IntHigh_2080","PD","HA","IntHigh","2080",1151.1157068504
"03100206_02990000_TERRA_CEIA_BAY",1200,3836394,"TERRA CEIA BAY","03100206","02990000","BAY","tbcmp_PD_HA_IntHigh_2080","PD","HA","IntHigh","2080",3791.97440414446
"03100206_02990000_TERRA_CEIA_BAY",1800,68739,"TERRA CEIA BAY","03100206","02990000","BAY","tbcmp_PD_HA_IntHigh_2080","PD","HA","IntHigh","2080",67.943107138236
"03100206_02990000_TERRA_CEIA_BAY",1820,72236,"TERRA CEIA BAY","03100206","02990000","BAY","tbcmp_PD_HA_IntHigh_2080","PD","HA","IntHigh","2080",71.399617207664
"03100206_02990000_TERRA_CEIA_BAY",1900,616766,"TERRA CEIA BAY","03100206","02990000","BAY","tbcmp_PD_HA_IntHigh_2080","PD","HA","IntHigh","2080",609.624789671384
"03100206_02990000_TERRA_CEIA_BAY",2100,1036234,"TERRA CEIA BAY","03100206","02990000","BAY","tbcmp_PD_HA_IntHigh_2080","PD","HA","IntHigh","2080",1024.23598950062
"03100206_02990000_TERRA_CEIA_BAY",2200,69281,"TERRA CEIA BAY","03100206","02990000","BAY","tbcmp_PD_HA_IntHigh_2080","PD","HA","IntHigh","2080",68.478831604244
"03100206_02990000_TERRA_CEIA_BAY",2400,137275,"TERRA CEIA BAY","03100206","02990000","BAY","tbcmp_PD_HA_IntHigh_2080","PD","HA","IntHigh","2080",135.6855647071
"03100206_02990000_TERRA_CEIA_BAY",3200,59935,"TERRA CEIA BAY","03100206","02990000","BAY","tbcmp_PD_HA_IntHigh_2080","PD","HA","IntHigh","2080",59.24104404094
"03100206_02990000_TERRA_CEIA_BAY",4100,269961,"TERRA CEIA BAY","03100206","02990000","BAY","tbcmp_PD_HA_IntHigh_2080","PD","HA","IntHigh","2080",266.835263040564
"03100206_02990000_TERRA_CEIA_BAY",5200,119959,"TERRA CEIA BAY","03100206","02990000","BAY","tbcmp_PD_HA_IntHigh_2080","PD","HA","IntHigh","2080",118.570057597516
"03100206_02990000_TERRA_CEIA_BAY",5400,3903604,"TERRA CEIA BAY","03100206","02990000","BAY","tbcmp_PD_HA_IntHigh_2080","PD","HA","IntHigh","2080",3858.4062147725
"03100206_02990000_TERRA_CEIA_BAY",6110,268667,"TERRA CEIA BAY","03100206","02990000","BAY","tbcmp_PD_HA_IntHigh_2080","PD","HA","IntHigh","2080",265.556245588508
"03100206_02990000_TERRA_CEIA_BAY",6120,2584151,"TERRA CEIA BAY","03100206","02990000","BAY","tbcmp_PD_HA_IntHigh_2080","PD","HA","IntHigh","2080",2554.23046966612
"03100206_02990000_TERRA_CEIA_BAY",6410,36865,"TERRA CEIA BAY","03100206","02990000","BAY","tbcmp_PD_HA_IntHigh_2080","PD","HA","IntHigh","2080",36.43815948226
"03100206_02990000_TERRA_CEIA_BAY",6420,186508,"TERRA CEIA BAY","03100206","02990000","BAY","tbcmp_PD_HA_IntHigh_2080","PD","HA","IntHigh","2080",184.348521598192
"03100206_02990000_TERRA_CEIA_BAY",6425,101543,"TERRA CEIA BAY","03100206","02990000","BAY","tbcmp_PD_HA_IntHigh_2080","PD","HA","IntHigh","2080",100.367286811532
"03100206_02990000_TERRA_CEIA_BAY",6510,65992,"TERRA CEIA BAY","03100206","02990000","BAY","tbcmp_PD_HA_IntHigh_2080","PD","HA","IntHigh","2080",65.227913211808
"03100206_02990000_TERRA_CEIA_BAY",6600,261252,"TERRA CEIA BAY","03100206","02990000","BAY","tbcmp_PD_HA_IntHigh_2080","PD","HA","IntHigh","2080",258.227099988048
"03100206_02990000_TERRA_CEIA_BAY",7100,4502,"TERRA CEIA BAY","03100206","02990000","BAY","tbcmp_PD_HA_IntHigh_2080","PD","HA","IntHigh","2080",4.449873701048
"03100206_02990000_TERRA_CEIA_BAY",9113,3017574,"TERRA CEIA BAY","03100206","02990000","BAY","tbcmp_PD_HA_IntHigh_2080","PD","HA","IntHigh","2080",2982.63509186278
"03100206_10990000_LONG_BAYOU",0,180,"LONG BAYOU","03100206","10990000","BAYOU","tbcmp_PD_HA_IntHigh_2080","PD","HA","IntHigh","2080",0.17791587432
"03100206_10990000_LONG_BAYOU",1100,248136,"LONG BAYOU","03100206","10990000","BAYOU","tbcmp_PD_HA_IntHigh_2080","PD","HA","IntHigh","2080",245.262963279264
"03100206_10990000_LONG_BAYOU",1200,10695827,"LONG BAYOU","03100206","10990000","BAYOU","tbcmp_PD_HA_IntHigh_2080","PD","HA","IntHigh","2080",10571.9856237803
"03100206_10990000_LONG_BAYOU",1800,484421,"LONG BAYOU","03100206","10990000","BAYOU","tbcmp_PD_HA_IntHigh_2080","PD","HA","IntHigh","2080",478.812143077604
"03100206_10990000_LONG_BAYOU",1820,296670,"LONG BAYOU","03100206","10990000","BAYOU","tbcmp_PD_HA_IntHigh_2080","PD","HA","IntHigh","2080",293.23501352508
"03100206_10990000_LONG_BAYOU",1900,282811,"LONG BAYOU","03100206","10990000","BAYOU","tbcmp_PD_HA_IntHigh_2080","PD","HA","IntHigh","2080",279.536479623964
"03100206_10990000_LONG_BAYOU",2400,1948,"LONG BAYOU","03100206","10990000","BAYOU","tbcmp_PD_HA_IntHigh_2080","PD","HA","IntHigh","2080",1.925445128752
"03100206_10990000_LONG_BAYOU",3200,156,"LONG BAYOU","03100206","10990000","BAYOU","tbcmp_PD_HA_IntHigh_2080","PD","HA","IntHigh","2080",0.154193757744
"03100206_10990000_LONG_BAYOU",4100,152393,"LONG BAYOU","03100206","10990000","BAYOU","tbcmp_PD_HA_IntHigh_2080","PD","HA","IntHigh","2080",150.628521306932
"03100206_10990000_LONG_BAYOU",5200,324750,"LONG BAYOU","03100206","10990000","BAYOU","tbcmp_PD_HA_IntHigh_2080","PD","HA","IntHigh","2080",320.989889919
"03100206_10990000_LONG_BAYOU",5400,1236805,"LONG BAYOU","03100206","10990000","BAYOU","tbcmp_PD_HA_IntHigh_2080","PD","HA","IntHigh","2080",1222.48468299082
"03100206_10990000_LONG_BAYOU",6110,78532,"LONG BAYOU","03100206","10990000","BAYOU","tbcmp_PD_HA_IntHigh_2080","PD","HA","IntHigh","2080",77.622719122768
"03100206_10990000_LONG_BAYOU",6120,138512,"LONG BAYOU","03100206","10990000","BAYOU","tbcmp_PD_HA_IntHigh_2080","PD","HA","IntHigh","2080",136.908242132288
"03100206_10990000_LONG_BAYOU",6410,91162,"LONG BAYOU","03100206","10990000","BAYOU","tbcmp_PD_HA_IntHigh_2080","PD","HA","IntHigh","2080",90.106482970888
"03100206_10990000_LONG_BAYOU",6420,18265,"LONG BAYOU","03100206","10990000","BAYOU","tbcmp_PD_HA_IntHigh_2080","PD","HA","IntHigh","2080",18.05351913586
"03100206_10990000_LONG_BAYOU",6600,76498,"LONG BAYOU","03100206","10990000","BAYOU","tbcmp_PD_HA_IntHigh_2080","PD","HA","IntHigh","2080",75.612269742952
"03100206_10990000_LONG_BAYOU",7100,427,"LONG BAYOU","03100206","10990000","BAYOU","tbcmp_PD_HA_IntHigh_2080","PD","HA","IntHigh","2080",0.422055990748
"03100206_10990000_LONG_BAYOU",9113,511682,"LONG BAYOU","03100206","10990000","BAYOU","tbcmp_PD_HA_IntHigh_2080","PD","HA","IntHigh","2080",505.757502243368
"03100206_14000000_PINEY_POINT_CREEK",1100,3380,"PINEY POINT CREEK","03100206","14000000","DITCH","tbcmp_PD_HA_IntHigh_2080","PD","HA","IntHigh","2080",3.34086475112
"03100206_14000000_PINEY_POINT_CREEK",1200,633730,"PINEY POINT CREEK","03100206","14000000","DITCH","tbcmp_PD_HA_IntHigh_2080","PD","HA","IntHigh","2080",626.39237240452
"03100206_14000000_PINEY_POINT_CREEK",1820,1014,"PINEY POINT CREEK","03100206","14000000","DITCH","tbcmp_PD_HA_IntHigh_2080","PD","HA","IntHigh","2080",1.002259425336
"03100206_14000000_PINEY_POINT_CREEK",1900,147459,"PINEY POINT CREEK","03100206","14000000","DITCH","tbcmp_PD_HA_IntHigh_2080","PD","HA","IntHigh","2080",145.751649507516
"03100206_14000000_PINEY_POINT_CREEK",2100,652610,"PINEY POINT CREEK","03100206","14000000","DITCH","tbcmp_PD_HA_IntHigh_2080","PD","HA","IntHigh","2080",645.05377077764
"03100206_14000000_PINEY_POINT_CREEK",2200,104998,"PINEY POINT CREEK","03100206","14000000","DITCH","tbcmp_PD_HA_IntHigh_2080","PD","HA","IntHigh","2080",103.782283176952
"03100206_14000000_PINEY_POINT_CREEK",3200,99555,"PINEY POINT CREEK","03100206","14000000","DITCH","tbcmp_PD_HA_IntHigh_2080","PD","HA","IntHigh","2080",98.40230482182
"03100206_14000000_PINEY_POINT_CREEK",4100,79418,"PINEY POINT CREEK","03100206","14000000","DITCH","tbcmp_PD_HA_IntHigh_2080","PD","HA","IntHigh","2080",78.498460593032
"03100206_14000000_PINEY_POINT_CREEK",5200,42000,"PINEY POINT CREEK","03100206","14000000","DITCH","tbcmp_PD_HA_IntHigh_2080","PD","HA","IntHigh","2080",41.513704008
"03100206_14000000_PINEY_POINT_CREEK",5400,214112,"PINEY POINT CREEK","03100206","14000000","DITCH","tbcmp_PD_HA_IntHigh_2080","PD","HA","IntHigh","2080",211.632909346688
"03100206_14000000_PINEY_POINT_CREEK",6110,132459,"PINEY POINT CREEK","03100206","14000000","DITCH","tbcmp_PD_HA_IntHigh_2080","PD","HA","IntHigh","2080",130.925326647516
"03100206_14000000_PINEY_POINT_CREEK",6120,799870,"PINEY POINT CREEK","03100206","14000000","DITCH","tbcmp_PD_HA_IntHigh_2080","PD","HA","IntHigh","2080",790.60872440188
"03100206_14000000_PINEY_POINT_CREEK",6410,130851,"PINEY POINT CREEK","03100206","14000000","DITCH","tbcmp_PD_HA_IntHigh_2080","PD","HA","IntHigh","2080",129.335944836924
"03100206_14000000_PINEY_POINT_CREEK",6420,29513,"PINEY POINT CREEK","03100206","14000000","DITCH","tbcmp_PD_HA_IntHigh_2080","PD","HA","IntHigh","2080",29.171284437812
"03100206_14000000_PINEY_POINT_CREEK",6600,46513,"PINEY POINT CREEK","03100206","14000000","DITCH","tbcmp_PD_HA_IntHigh_2080","PD","HA","IntHigh","2080",45.974450345812
"03100206_14000000_PINEY_POINT_CREEK",9113,85300,"PINEY POINT CREEK","03100206","14000000","DITCH","tbcmp_PD_HA_IntHigh_2080","PD","HA","IntHigh","2080",84.3123559972
"03100206_16700000_COCKROACH_CREEK",0,5,"COCKROACH CREEK","03100206","16700000","STREAM","tbcmp_PD_HA_IntHigh_2080","PD","HA","IntHigh","2080",0.00494210762
"03100206_16700000_COCKROACH_CREEK",1200,41917,"COCKROACH CREEK","03100206","16700000","STREAM","tbcmp_PD_HA_IntHigh_2080","PD","HA","IntHigh","2080",41.431665021508
"03100206_16700000_COCKROACH_CREEK",1900,177337,"COCKROACH CREEK","03100206","16700000","STREAM","tbcmp_PD_HA_IntHigh_2080","PD","HA","IntHigh","2080",175.283707801588
"03100206_16700000_COCKROACH_CREEK",2100,200569,"COCKROACH CREEK","03100206","16700000","STREAM","tbcmp_PD_HA_IntHigh_2080","PD","HA","IntHigh","2080",198.246716647156
"03100206_16700000_COCKROACH_CREEK",2200,75406,"COCKROACH CREEK","03100206","16700000","STREAM","tbcmp_PD_HA_IntHigh_2080","PD","HA","IntHigh","2080",74.532913438744
"03100206_16700000_COCKROACH_CREEK",2400,98383,"COCKROACH CREEK","03100206","16700000","STREAM","tbcmp_PD_HA_IntHigh_2080","PD","HA","IntHigh","2080",97.243874795692
"03100206_16700000_COCKROACH_CREEK",3200,16825,"COCKROACH CREEK","03100206","16700000","STREAM","tbcmp_PD_HA_IntHigh_2080","PD","HA","IntHigh","2080",16.6301921413
"03100206_16700000_COCKROACH_CREEK",4100,54020,"COCKROACH CREEK","03100206","16700000","STREAM","tbcmp_PD_HA_IntHigh_2080","PD","HA","IntHigh","2080",53.39453072648
"03100206_16700000_COCKROACH_CREEK",5200,2134,"COCKROACH CREEK","03100206","16700000","STREAM","tbcmp_PD_HA_IntHigh_2080","PD","HA","IntHigh","2080",2.109291532216
"03100206_16700000_COCKROACH_CREEK",5400,425,"COCKROACH CREEK","03100206","16700000","STREAM","tbcmp_PD_HA_IntHigh_2080","PD","HA","IntHigh","2080",0.4200791477
"03100206_16700000_COCKROACH_CREEK",6110,90001,"COCKROACH CREEK","03100206","16700000","STREAM","tbcmp_PD_HA_IntHigh_2080","PD","HA","IntHigh","2080",88.958925581524
"03100206_16700000_COCKROACH_CREEK",6120,43597,"COCKROACH CREEK","03100206","16700000","STREAM","tbcmp_PD_HA_IntHigh_2080","PD","HA","IntHigh","2080",43.092213181828
"03100206_16700000_COCKROACH_CREEK",6410,14994,"COCKROACH CREEK","03100206","16700000","STREAM","tbcmp_PD_HA_IntHigh_2080","PD","HA","IntHigh","2080",14.820392330856
"03100206_16700000_COCKROACH_CREEK",6420,834,"COCKROACH CREEK","03100206","16700000","STREAM","tbcmp_PD_HA_IntHigh_2080","PD","HA","IntHigh","2080",0.824343551016
"03100206_16700000_COCKROACH_CREEK",6600,2312,"COCKROACH CREEK","03100206","16700000","STREAM","tbcmp_PD_HA_IntHigh_2080","PD","HA","IntHigh","2080",2.285230563488
"03100206_16700000_COCKROACH_CREEK",9113,10273,"COCKROACH CREEK","03100206","16700000","STREAM","tbcmp_PD_HA_IntHigh_2080","PD","HA","IntHigh","2080",10.154054316052
"03100206_16990000_COCKROACH_BAY",0,65,"COCKROACH BAY","03100206","16990000","BAY","tbcmp_PD_HA_IntHigh_2080","PD","HA","IntHigh","2080",0.06424739906
"03100206_16990000_COCKROACH_BAY",1200,282446,"COCKROACH BAY","03100206","16990000","BAY","tbcmp_PD_HA_IntHigh_2080","PD","HA","IntHigh","2080",279.175705767704
"03100206_16990000_COCKROACH_BAY",1820,4432,"COCKROACH BAY","03100206","16990000","BAY","tbcmp_PD_HA_IntHigh_2080","PD","HA","IntHigh","2080",4.380684194368
"03100206_16990000_COCKROACH_BAY",1900,266054,"COCKROACH BAY","03100206","16990000","BAY","tbcmp_PD_HA_IntHigh_2080","PD","HA","IntHigh","2080",262.973500146296
"03100206_16990000_COCKROACH_BAY",2100,72609,"COCKROACH BAY","03100206","16990000","BAY","tbcmp_PD_HA_IntHigh_2080","PD","HA","IntHigh","2080",71.768298436116
"03100206_16990000_COCKROACH_BAY",2400,272471,"COCKROACH BAY","03100206","16990000","BAY","tbcmp_PD_HA_IntHigh_2080","PD","HA","IntHigh","2080",269.316201065804
"03100206_16990000_COCKROACH_BAY",4100,64838,"COCKROACH BAY","03100206","16990000","BAY","tbcmp_PD_HA_IntHigh_2080","PD","HA","IntHigh","2080",64.087274773112
"03100206_16990000_COCKROACH_BAY",5200,2685,"COCKROACH BAY","03100206","16990000","BAY","tbcmp_PD_HA_IntHigh_2080","PD","HA","IntHigh","2080",2.65391179194
"03100206_16990000_COCKROACH_BAY",5400,409869,"COCKROACH BAY","03100206","16990000","BAY","tbcmp_PD_HA_IntHigh_2080","PD","HA","IntHigh","2080",405.123341620356
"03100206_16990000_COCKROACH_BAY",6110,46027,"COCKROACH BAY","03100206","16990000","BAY","tbcmp_PD_HA_IntHigh_2080","PD","HA","IntHigh","2080",45.494077485148
"03100206_16990000_COCKROACH_BAY",6120,1221954,"COCKROACH BAY","03100206","16990000","BAY","tbcmp_PD_HA_IntHigh_2080","PD","HA","IntHigh","2080",1207.8056349379
"03100206_16990000_COCKROACH_BAY",6410,17151,"COCKROACH BAY","03100206","16990000","BAY","tbcmp_PD_HA_IntHigh_2080","PD","HA","IntHigh","2080",16.952417558124
"03100206_16990000_COCKROACH_BAY",6420,64462,"COCKROACH BAY","03100206","16990000","BAY","tbcmp_PD_HA_IntHigh_2080","PD","HA","IntHigh","2080",63.715628280088
"03100206_16990000_COCKROACH_BAY",6600,78404,"COCKROACH BAY","03100206","16990000","BAY","tbcmp_PD_HA_IntHigh_2080","PD","HA","IntHigh","2080",77.496201167696
"03100206_16990000_COCKROACH_BAY",9113,636005,"COCKROACH BAY","03100206","16990000","BAY","tbcmp_PD_HA_IntHigh_2080","PD","HA","IntHigh","2080",628.64103137162
"03100206_24000000_WOLF_BRANCH",1100,10802,"WOLF BRANCH","03100206","24000000","DITCH","tbcmp_PD_HA_IntHigh_2080","PD","HA","IntHigh","2080",10.676929302248
"03100206_24000000_WOLF_BRANCH",1200,565899,"WOLF BRANCH","03100206","24000000","DITCH","tbcmp_PD_HA_IntHigh_2080","PD","HA","IntHigh","2080",559.346752010076
"03100206_24000000_WOLF_BRANCH",1900,52811,"WOLF BRANCH","03100206","24000000","DITCH","tbcmp_PD_HA_IntHigh_2080","PD","HA","IntHigh","2080",52.199529103964
"03100206_24000000_WOLF_BRANCH",2100,141012,"WOLF BRANCH","03100206","24000000","DITCH","tbcmp_PD_HA_IntHigh_2080","PD","HA","IntHigh","2080",139.379295942288
"03100206_24000000_WOLF_BRANCH",2200,12441,"WOLF BRANCH","03100206","24000000","DITCH","tbcmp_PD_HA_IntHigh_2080","PD","HA","IntHigh","2080",12.296952180084
"03100206_24000000_WOLF_BRANCH",2400,59450,"WOLF BRANCH","03100206","24000000","DITCH","tbcmp_PD_HA_IntHigh_2080","PD","HA","IntHigh","2080",58.7616596018
"03100206_24000000_WOLF_BRANCH",4100,18185,"WOLF BRANCH","03100206","24000000","DITCH","tbcmp_PD_HA_IntHigh_2080","PD","HA","IntHigh","2080",17.97444541394
"03100206_24000000_WOLF_BRANCH",5200,32285,"WOLF BRANCH","03100206","24000000","DITCH","tbcmp_PD_HA_IntHigh_2080","PD","HA","IntHigh","2080",31.91118890234
"03100206_24000000_WOLF_BRANCH",5400,144923,"WOLF BRANCH","03100206","24000000","DITCH","tbcmp_PD_HA_IntHigh_2080","PD","HA","IntHigh","2080",143.245012522652
"03100206_24000000_WOLF_BRANCH",6110,15802,"WOLF BRANCH","03100206","24000000","DITCH","tbcmp_PD_HA_IntHigh_2080","PD","HA","IntHigh","2080",15.619036922248
"03100206_24000000_WOLF_BRANCH",6120,215571,"WOLF BRANCH","03100206","24000000","DITCH","tbcmp_PD_HA_IntHigh_2080","PD","HA","IntHigh","2080",213.075016350204
"03100206_24000000_WOLF_BRANCH",6410,5593,"WOLF BRANCH","03100206","24000000","DITCH","tbcmp_PD_HA_IntHigh_2080","PD","HA","IntHigh","2080",5.528241583732
"03100206_24000000_WOLF_BRANCH",6420,40228,"WOLF BRANCH","03100206","24000000","DITCH","tbcmp_PD_HA_IntHigh_2080","PD","HA","IntHigh","2080",39.762221067472
"03100206_24000000_WOLF_BRANCH",6600,84003,"WOLF BRANCH","03100206","24000000","DITCH","tbcmp_PD_HA_IntHigh_2080","PD","HA","IntHigh","2080",83.030373280572
"03100206_24000000_WOLF_BRANCH",9113,88012,"WOLF BRANCH","03100206","24000000","DITCH","tbcmp_PD_HA_IntHigh_2080","PD","HA","IntHigh","2080",86.992955170288
"03100206_25000000_WOLF_BR_CUTOFF_CANAL",1100,62138,"WOLF BR CUTOFF CANAL","03100206","25000000","CANAL","tbcmp_PD_HA_IntHigh_2080","PD","HA","IntHigh","2080",61.418536658312
"03100206_25000000_WOLF_BR_CUTOFF_CANAL",1200,1275213,"WOLF BR CUTOFF CANAL","03100206","25000000","CANAL","tbcmp_PD_HA_IntHigh_2080","PD","HA","IntHigh","2080",1260.44797688461
"03100206_25000000_WOLF_BR_CUTOFF_CANAL",1800,16594,"WOLF BR CUTOFF CANAL","03100206","25000000","CANAL","tbcmp_PD_HA_IntHigh_2080","PD","HA","IntHigh","2080",16.401866769256
"03100206_25000000_WOLF_BR_CUTOFF_CANAL",1820,5977,"WOLF BR CUTOFF CANAL","03100206","25000000","CANAL","tbcmp_PD_HA_IntHigh_2080","PD","HA","IntHigh","2080",5.907795448948
"03100206_25000000_WOLF_BR_CUTOFF_CANAL",1900,541120,"WOLF BR CUTOFF CANAL","03100206","25000000","CANAL","tbcmp_PD_HA_IntHigh_2080","PD","HA","IntHigh","2080",534.85465506688
"03100206_25000000_WOLF_BR_CUTOFF_CANAL",2100,589905,"WOLF BR CUTOFF CANAL","03100206","25000000","CANAL","tbcmp_PD_HA_IntHigh_2080","PD","HA","IntHigh","2080",583.07479911522
"03100206_25000000_WOLF_BR_CUTOFF_CANAL",2400,35139,"WOLF BR CUTOFF CANAL","03100206","25000000","CANAL","tbcmp_PD_HA_IntHigh_2080","PD","HA","IntHigh","2080",34.732143931836
"03100206_25000000_WOLF_BR_CUTOFF_CANAL",4100,144361,"WOLF BR CUTOFF CANAL","03100206","25000000","CANAL","tbcmp_PD_HA_IntHigh_2080","PD","HA","IntHigh","2080",142.689519626164
"03100206_25000000_WOLF_BR_CUTOFF_CANAL",5200,150418,"WOLF BR CUTOFF CANAL","03100206","25000000","CANAL","tbcmp_PD_HA_IntHigh_2080","PD","HA","IntHigh","2080",148.676388797032
"03100206_25000000_WOLF_BR_CUTOFF_CANAL",5400,233402,"WOLF BR CUTOFF CANAL","03100206","25000000","CANAL","tbcmp_PD_HA_IntHigh_2080","PD","HA","IntHigh","2080",230.699560544648
"03100206_25000000_WOLF_BR_CUTOFF_CANAL",6110,189362,"WOLF BR CUTOFF CANAL","03100206","25000000","CANAL","tbcmp_PD_HA_IntHigh_2080","PD","HA","IntHigh","2080",187.169476627688
"03100206_25000000_WOLF_BR_CUTOFF_CANAL",6120,130104,"WOLF BR CUTOFF CANAL","03100206","25000000","CANAL","tbcmp_PD_HA_IntHigh_2080","PD","HA","IntHigh","2080",128.597593958496
"03100206_25000000_WOLF_BR_CUTOFF_CANAL",6410,53700,"WOLF BR CUTOFF CANAL","03100206","25000000","CANAL","tbcmp_PD_HA_IntHigh_2080","PD","HA","IntHigh","2080",53.0782358388
"03100206_25000000_WOLF_BR_CUTOFF_CANAL",6420,21844,"WOLF BR CUTOFF CANAL","03100206","25000000","CANAL","tbcmp_PD_HA_IntHigh_2080","PD","HA","IntHigh","2080",21.591079770256
"03100206_25000000_WOLF_BR_CUTOFF_CANAL",6600,52430,"WOLF BR CUTOFF CANAL","03100206","25000000","CANAL","tbcmp_PD_HA_IntHigh_2080","PD","HA","IntHigh","2080",51.82294050332
"03100206_25000000_WOLF_BR_CUTOFF_CANAL",9113,22833,"WOLF BR CUTOFF CANAL","03100206","25000000","CANAL","tbcmp_PD_HA_IntHigh_2080","PD","HA","IntHigh","2080",22.568628657492
"03100206_26000000_GOLF_COURSE_DRAIN",0,192,"GOLF COURSE DRAIN","03100206","26000000","DITCH","tbcmp_PD_HA_IntHigh_2080","PD","HA","IntHigh","2080",0.189776932608
"03100206_26000000_GOLF_COURSE_DRAIN",1100,10429,"GOLF COURSE DRAIN","03100206","26000000","DITCH","tbcmp_PD_HA_IntHigh_2080","PD","HA","IntHigh","2080",10.308248073796
"03100206_26000000_GOLF_COURSE_DRAIN",1200,829819,"GOLF COURSE DRAIN","03100206","26000000","DITCH","tbcmp_PD_HA_IntHigh_2080","PD","HA","IntHigh","2080",820.210960624156
"03100206_26000000_GOLF_COURSE_DRAIN",1800,16228,"GOLF COURSE DRAIN","03100206","26000000","DITCH","tbcmp_PD_HA_IntHigh_2080","PD","HA","IntHigh","2080",16.040104491472
"03100206_26000000_GOLF_COURSE_DRAIN",1820,111279,"GOLF COURSE DRAIN","03100206","26000000","DITCH","tbcmp_PD_HA_IntHigh_2080","PD","HA","IntHigh","2080",109.990558769196
"03100206_26000000_GOLF_COURSE_DRAIN",1900,140568,"GOLF COURSE DRAIN","03100206","26000000","DITCH","tbcmp_PD_HA_IntHigh_2080","PD","HA","IntHigh","2080",138.940436785632
"03100206_26000000_GOLF_COURSE_DRAIN",2100,180617,"GOLF COURSE DRAIN","03100206","26000000","DITCH","tbcmp_PD_HA_IntHigh_2080","PD","HA","IntHigh","2080",178.525730400308
"03100206_26000000_GOLF_COURSE_DRAIN",2400,16976,"GOLF COURSE DRAIN","03100206","26000000","DITCH","tbcmp_PD_HA_IntHigh_2080","PD","HA","IntHigh","2080",16.779443791424
"03100206_26000000_GOLF_COURSE_DRAIN",4100,92979,"GOLF COURSE DRAIN","03100206","26000000","DITCH","tbcmp_PD_HA_IntHigh_2080","PD","HA","IntHigh","2080",91.902444879996
"03100206_26000000_GOLF_COURSE_DRAIN",5200,89084,"GOLF COURSE DRAIN","03100206","26000000","DITCH","tbcmp_PD_HA_IntHigh_2080","PD","HA","IntHigh","2080",88.052543044016
"03100206_26000000_GOLF_COURSE_DRAIN",5400,153159,"GOLF COURSE DRAIN","03100206","26000000","DITCH","tbcmp_PD_HA_IntHigh_2080","PD","HA","IntHigh","2080",151.385652194316
"03100206_26000000_GOLF_COURSE_DRAIN",6110,68837,"GOLF COURSE DRAIN","03100206","26000000","DITCH","tbcmp_PD_HA_IntHigh_2080","PD","HA","IntHigh","2080",68.039972447588
"03100206_26000000_GOLF_COURSE_DRAIN",6120,2798,"GOLF COURSE DRAIN","03100206","26000000","DITCH","tbcmp_PD_HA_IntHigh_2080","PD","HA","IntHigh","2080",2.765603424152
"03100206_26000000_GOLF_COURSE_DRAIN",6410,40897,"GOLF COURSE DRAIN","03100206","26000000","DITCH","tbcmp_PD_HA_IntHigh_2080","PD","HA","IntHigh","2080",40.423475067028
"03100206_26000000_GOLF_COURSE_DRAIN",6420,986,"GOLF COURSE DRAIN","03100206","26000000","DITCH","tbcmp_PD_HA_IntHigh_2080","PD","HA","IntHigh","2080",0.974583622664
"03100206_26000000_GOLF_COURSE_DRAIN",6600,4371,"GOLF COURSE DRAIN","03100206","26000000","DITCH","tbcmp_PD_HA_IntHigh_2080","PD","HA","IntHigh","2080",4.320390481404
"03100206_26000000_GOLF_COURSE_DRAIN",9113,9192,"GOLF COURSE DRAIN","03100206","26000000","DITCH","tbcmp_PD_HA_IntHigh_2080","PD","HA","IntHigh","2080",9.085570648608
"03100206_27000000_APOLLO_BEACH_CANAL",0,2632,"APOLLO BEACH CANAL","03100206","27000000","CANAL","tbcmp_PD_HA_IntHigh_2080","PD","HA","IntHigh","2080",2.601525451168
"03100206_27000000_APOLLO_BEACH_CANAL",1100,2075,"APOLLO BEACH CANAL","03100206","27000000","CANAL","tbcmp_PD_HA_IntHigh_2080","PD","HA","IntHigh","2080",2.0509746623
"03100206_27000000_APOLLO_BEACH_CANAL",1200,1237231,"APOLLO BEACH CANAL","03100206","27000000","CANAL","tbcmp_PD_HA_IntHigh_2080","PD","HA","IntHigh","2080",1222.90575056004
"03100206_27000000_APOLLO_BEACH_CANAL",1800,22858,"APOLLO BEACH CANAL","03100206","27000000","CANAL","tbcmp_PD_HA_IntHigh_2080","PD","HA","IntHigh","2080",22.593339195592
"03100206_27000000_APOLLO_BEACH_CANAL",1900,92980,"APOLLO BEACH CANAL","03100206","27000000","CANAL","tbcmp_PD_HA_IntHigh_2080","PD","HA","IntHigh","2080",91.90343330152
"03100206_27000000_APOLLO_BEACH_CANAL",2100,45753,"APOLLO BEACH CANAL","03100206","27000000","CANAL","tbcmp_PD_HA_IntHigh_2080","PD","HA","IntHigh","2080",45.223249987572
"03100206_27000000_APOLLO_BEACH_CANAL",3200,5163,"APOLLO BEACH CANAL","03100206","27000000","CANAL","tbcmp_PD_HA_IntHigh_2080","PD","HA","IntHigh","2080",5.103220328412
"03100206_27000000_APOLLO_BEACH_CANAL",4100,24232,"APOLLO BEACH CANAL","03100206","27000000","CANAL","tbcmp_PD_HA_IntHigh_2080","PD","HA","IntHigh","2080",23.951430369568
"03100206_27000000_APOLLO_BEACH_CANAL",5200,98634,"APOLLO BEACH CANAL","03100206","27000000","CANAL","tbcmp_PD_HA_IntHigh_2080","PD","HA","IntHigh","2080",97.491968598216
"03100206_27000000_APOLLO_BEACH_CANAL",5400,260701,"APOLLO BEACH CANAL","03100206","27000000","CANAL","tbcmp_PD_HA_IntHigh_2080","PD","HA","IntHigh","2080",257.682479728324
"03100206_27000000_APOLLO_BEACH_CANAL",6110,23600,"APOLLO BEACH CANAL","03100206","27000000","CANAL","tbcmp_PD_HA_IntHigh_2080","PD","HA","IntHigh","2080",23.3267479664
"03100206_27000000_APOLLO_BEACH_CANAL",6120,7315,"APOLLO BEACH CANAL","03100206","27000000","CANAL","tbcmp_PD_HA_IntHigh_2080","PD","HA","IntHigh","2080",7.23030344806
"03100206_27000000_APOLLO_BEACH_CANAL",6410,27642,"APOLLO BEACH CANAL","03100206","27000000","CANAL","tbcmp_PD_HA_IntHigh_2080","PD","HA","IntHigh","2080",27.321947766408
"03100206_27000000_APOLLO_BEACH_CANAL",6420,8,"APOLLO BEACH CANAL","03100206","27000000","CANAL","tbcmp_PD_HA_IntHigh_2080","PD","HA","IntHigh","2080",0.007907372192
"03100206_27000000_APOLLO_BEACH_CANAL",6600,84,"APOLLO BEACH CANAL","03100206","27000000","CANAL","tbcmp_PD_HA_IntHigh_2080","PD","HA","IntHigh","2080",0.083027408016
"03100206_27000000_APOLLO_BEACH_CANAL",9113,12690,"APOLLO BEACH CANAL","03100206","27000000","CANAL","tbcmp_PD_HA_IntHigh_2080","PD","HA","IntHigh","2080",12.54306913956
"03100206_28000000_BIG_BEND_BAYOU",0,831,"BIG BEND BAYOU","03100206","28000000","BAYOU","tbcmp_PD_HA_IntHigh_2080","PD","HA","IntHigh","2080",0.821378286444
"03100206_28000000_BIG_BEND_BAYOU",1100,25850,"BIG BEND BAYOU","03100206","28000000","BAYOU","tbcmp_PD_HA_IntHigh_2080","PD","HA","IntHigh","2080",25.5506963954
"03100206_28000000_BIG_BEND_BAYOU",1200,1356814,"BIG BEND BAYOU","03100206","28000000","BAYOU","tbcmp_PD_HA_IntHigh_2080","PD","HA","IntHigh","2080",1341.10416166454
"03100206_28000000_BIG_BEND_BAYOU",1800,3838,"BIG BEND BAYOU","03100206","28000000","BAYOU","tbcmp_PD_HA_IntHigh_2080","PD","HA","IntHigh","2080",3.793561809112
"03100206_28000000_BIG_BEND_BAYOU",1820,7066,"BIG BEND BAYOU","03100206","28000000","BAYOU","tbcmp_PD_HA_IntHigh_2080","PD","HA","IntHigh","2080",6.984186488584
"03100206_28000000_BIG_BEND_BAYOU",1900,164834,"BIG BEND BAYOU","03100206","28000000","BAYOU","tbcmp_PD_HA_IntHigh_2080","PD","HA","IntHigh","2080",162.925473487016
"03100206_28000000_BIG_BEND_BAYOU",2100,115290,"BIG BEND BAYOU","03100206","28000000","BAYOU","tbcmp_PD_HA_IntHigh_2080","PD","HA","IntHigh","2080",113.95511750196
"03100206_28000000_BIG_BEND_BAYOU",3200,33616,"BIG BEND BAYOU","03100206","28000000","BAYOU","tbcmp_PD_HA_IntHigh_2080","PD","HA","IntHigh","2080",33.226777950784
"03100206_28000000_BIG_BEND_BAYOU",4100,4043,"BIG BEND BAYOU","03100206","28000000","BAYOU","tbcmp_PD_HA_IntHigh_2080","PD","HA","IntHigh","2080",3.996188221532
"03100206_28000000_BIG_BEND_BAYOU",4400,11925,"BIG BEND BAYOU","03100206","28000000","BAYOU","tbcmp_PD_HA_IntHigh_2080","PD","HA","IntHigh","2080",11.7869266737
"03100206_28000000_BIG_BEND_BAYOU",5200,55109,"BIG BEND BAYOU","03100206","28000000","BAYOU","tbcmp_PD_HA_IntHigh_2080","PD","HA","IntHigh","2080",54.470921766116
"03100206_28000000_BIG_BEND_BAYOU",5400,295567,"BIG BEND BAYOU","03100206","28000000","BAYOU","tbcmp_PD_HA_IntHigh_2080","PD","HA","IntHigh","2080",292.144784584108
"03100206_28000000_BIG_BEND_BAYOU",6110,10283,"BIG BEND BAYOU","03100206","28000000","BAYOU","tbcmp_PD_HA_IntHigh_2080","PD","HA","IntHigh","2080",10.163938531292
"03100206_28000000_BIG_BEND_BAYOU",6120,211550,"BIG BEND BAYOU","03100206","28000000","BAYOU","tbcmp_PD_HA_IntHigh_2080","PD","HA","IntHigh","2080",209.1005734022
"03100206_28000000_BIG_BEND_BAYOU",6410,54698,"BIG BEND BAYOU","03100206","28000000","BAYOU","tbcmp_PD_HA_IntHigh_2080","PD","HA","IntHigh","2080",54.064680519752
"03100206_28000000_BIG_BEND_BAYOU",6420,17083,"BIG BEND BAYOU","03100206","28000000","BAYOU","tbcmp_PD_HA_IntHigh_2080","PD","HA","IntHigh","2080",16.885204894492
"03100206_28000000_BIG_BEND_BAYOU",6600,54225,"BIG BEND BAYOU","03100206","28000000","BAYOU","tbcmp_PD_HA_IntHigh_2080","PD","HA","IntHigh","2080",53.5971571389
"03100206_28000000_BIG_BEND_BAYOU",9113,234120,"BIG BEND BAYOU","03100206","28000000","BAYOU","tbcmp_PD_HA_IntHigh_2080","PD","HA","IntHigh","2080",231.40924719888
"03100206_28400000_NEWMAN_BRANCH",0,39,"NEWMAN BRANCH","03100206","28400000","CANAL","tbcmp_PD_HA_IntHigh_2080","PD","HA","IntHigh","2080",0.038548439436
"03100206_28400000_NEWMAN_BRANCH",1100,9440,"NEWMAN BRANCH","03100206","28400000","CANAL","tbcmp_PD_HA_IntHigh_2080","PD","HA","IntHigh","2080",9.33069918656
"03100206_28400000_NEWMAN_BRANCH",1200,939917,"NEWMAN BRANCH","03100206","28400000","CANAL","tbcmp_PD_HA_IntHigh_2080","PD","HA","IntHigh","2080",929.034193573508
"03100206_28400000_NEWMAN_BRANCH",1800,6231,"NEWMAN BRANCH","03100206","28400000","CANAL","tbcmp_PD_HA_IntHigh_2080","PD","HA","IntHigh","2080",6.158854516044
"03100206_28400000_NEWMAN_BRANCH",1820,6541,"NEWMAN BRANCH","03100206","28400000","CANAL","tbcmp_PD_HA_IntHigh_2080","PD","HA","IntHigh","2080",6.465265188484
"03100206_28400000_NEWMAN_BRANCH",1900,16624,"NEWMAN BRANCH","03100206","28400000","CANAL","tbcmp_PD_HA_IntHigh_2080","PD","HA","IntHigh","2080",16.431519414976
"03100206_28400000_NEWMAN_BRANCH",2100,52430,"NEWMAN BRANCH","03100206","28400000","CANAL","tbcmp_PD_HA_IntHigh_2080","PD","HA","IntHigh","2080",51.82294050332
"03100206_28400000_NEWMAN_BRANCH",3200,13163,"NEWMAN BRANCH","03100206","28400000","CANAL","tbcmp_PD_HA_IntHigh_2080","PD","HA","IntHigh","2080",13.010592520412
"03100206_28400000_NEWMAN_BRANCH",4100,32992,"NEWMAN BRANCH","03100206","28400000","CANAL","tbcmp_PD_HA_IntHigh_2080","PD","HA","IntHigh","2080",32.610002919808
"03100206_28400000_NEWMAN_BRANCH",5200,72136,"NEWMAN BRANCH","03100206","28400000","CANAL","tbcmp_PD_HA_IntHigh_2080","PD","HA","IntHigh","2080",71.300775055264
"03100206_28400000_NEWMAN_BRANCH",5400,81374,"NEWMAN BRANCH","03100206","28400000","CANAL","tbcmp_PD_HA_IntHigh_2080","PD","HA","IntHigh","2080",80.431813093976
"03100206_28400000_NEWMAN_BRANCH",6110,2826,"NEWMAN BRANCH","03100206","28400000","CANAL","tbcmp_PD_HA_IntHigh_2080","PD","HA","IntHigh","2080",2.793279226824
"03100206_28400000_NEWMAN_BRANCH",6120,87998,"NEWMAN BRANCH","03100206","28400000","CANAL","tbcmp_PD_HA_IntHigh_2080","PD","HA","IntHigh","2080",86.979117268952
"03100206_28400000_NEWMAN_BRANCH",6410,42314,"NEWMAN BRANCH","03100206","28400000","CANAL","tbcmp_PD_HA_IntHigh_2080","PD","HA","IntHigh","2080",41.824068366536
"03100206_28400000_NEWMAN_BRANCH",6420,5214,"NEWMAN BRANCH","03100206","28400000","CANAL","tbcmp_PD_HA_IntHigh_2080","PD","HA","IntHigh","2080",5.153629826136
"03100206_28400000_NEWMAN_BRANCH",6600,12783,"NEWMAN BRANCH","03100206","28400000","CANAL","tbcmp_PD_HA_IntHigh_2080","PD","HA","IntHigh","2080",12.634992341292
"03100206_28400000_NEWMAN_BRANCH",9113,8114,"NEWMAN BRANCH","03100206","28400000","CANAL","tbcmp_PD_HA_IntHigh_2080","PD","HA","IntHigh","2080",8.020052245736
"03100206_32500000_KITCHEN_BRANCH",1100,26970,"KITCHEN BRANCH","03100206","32500000","STREAM","tbcmp_PD_HA_IntHigh_2080","PD","HA","IntHigh","2080",26.65772850228
"03100206_32500000_KITCHEN_BRANCH",1200,917259,"KITCHEN BRANCH","03100206","32500000","STREAM","tbcmp_PD_HA_IntHigh_2080","PD","HA","IntHigh","2080",906.638538682716
"03100206_32500000_KITCHEN_BRANCH",1800,2145,"KITCHEN BRANCH","03100206","32500000","STREAM","tbcmp_PD_HA_IntHigh_2080","PD","HA","IntHigh","2080",2.12016416898
"03100206_32500000_KITCHEN_BRANCH",1900,146407,"KITCHEN BRANCH","03100206","32500000","STREAM","tbcmp_PD_HA_IntHigh_2080","PD","HA","IntHigh","2080",144.711830064268
"03100206_32500000_KITCHEN_BRANCH",2100,163307,"KITCHEN BRANCH","03100206","32500000","STREAM","tbcmp_PD_HA_IntHigh_2080","PD","HA","IntHigh","2080",161.416153819868
"03100206_32500000_KITCHEN_BRANCH",2400,912,"KITCHEN BRANCH","03100206","32500000","STREAM","tbcmp_PD_HA_IntHigh_2080","PD","HA","IntHigh","2080",0.901440429888
"03100206_32500000_KITCHEN_BRANCH",3200,194576,"KITCHEN BRANCH","03100206","32500000","STREAM","tbcmp_PD_HA_IntHigh_2080","PD","HA","IntHigh","2080",192.323106453824
"03100206_32500000_KITCHEN_BRANCH",4100,711314,"KITCHEN BRANCH","03100206","32500000","STREAM","tbcmp_PD_HA_IntHigh_2080","PD","HA","IntHigh","2080",703.078067922536
"03100206_32500000_KITCHEN_BRANCH",4400,2956,"KITCHEN BRANCH","03100206","32500000","STREAM","tbcmp_PD_HA_IntHigh_2080","PD","HA","IntHigh","2080",2.921774024944
"03100206_32500000_KITCHEN_BRANCH",5200,130665,"KITCHEN BRANCH","03100206","32500000","STREAM","tbcmp_PD_HA_IntHigh_2080","PD","HA","IntHigh","2080",129.15209843346
"03100206_32500000_KITCHEN_BRANCH",5400,14564,"KITCHEN BRANCH","03100206","32500000","STREAM","tbcmp_PD_HA_IntHigh_2080","PD","HA","IntHigh","2080",14.395371075536
"03100206_32500000_KITCHEN_BRANCH",6110,42643,"KITCHEN BRANCH","03100206","32500000","STREAM","tbcmp_PD_HA_IntHigh_2080","PD","HA","IntHigh","2080",42.149259047932
"03100206_32500000_KITCHEN_BRANCH",6120,19989,"KITCHEN BRANCH","03100206","32500000","STREAM","tbcmp_PD_HA_IntHigh_2080","PD","HA","IntHigh","2080",19.757557843236
"03100206_32500000_KITCHEN_BRANCH",6410,94628,"KITCHEN BRANCH","03100206","32500000","STREAM","tbcmp_PD_HA_IntHigh_2080","PD","HA","IntHigh","2080",93.532351973072
"03100206_32500000_KITCHEN_BRANCH",6420,3658,"KITCHEN BRANCH","03100206","32500000","STREAM","tbcmp_PD_HA_IntHigh_2080","PD","HA","IntHigh","2080",3.615645934792
"03100206_32500000_KITCHEN_BRANCH",6600,6840,"KITCHEN BRANCH","03100206","32500000","STREAM","tbcmp_PD_HA_IntHigh_2080","PD","HA","IntHigh","2080",6.76080322416
"03100206_32500000_KITCHEN_BRANCH",9113,13077,"KITCHEN BRANCH","03100206","32500000","STREAM","tbcmp_PD_HA_IntHigh_2080","PD","HA","IntHigh","2080",12.925588269348
"03100206_33500000_LITTLE_BULLFROG_CREEK",1100,87992,"LITTLE BULLFROG CREEK","03100206","33500000","STREAM","tbcmp_PD_HA_IntHigh_2080","PD","HA","IntHigh","2080",86.973186739808
"03100206_33500000_LITTLE_BULLFROG_CREEK",1200,2991246,"LITTLE BULLFROG CREEK","03100206","33500000","STREAM","tbcmp_PD_HA_IntHigh_2080","PD","HA","IntHigh","2080",2956.6119299789
"03100206_33500000_LITTLE_BULLFROG_CREEK",1800,69478,"LITTLE BULLFROG CREEK","03100206","33500000","STREAM","tbcmp_PD_HA_IntHigh_2080","PD","HA","IntHigh","2080",68.673550644472
"03100206_33500000_LITTLE_BULLFROG_CREEK",1820,120526,"LITTLE BULLFROG CREEK","03100206","33500000","STREAM","tbcmp_PD_HA_IntHigh_2080","PD","HA","IntHigh","2080",119.130492601624
"03100206_33500000_LITTLE_BULLFROG_CREEK",1900,114026,"LITTLE BULLFROG CREEK","03100206","33500000","STREAM","tbcmp_PD_HA_IntHigh_2080","PD","HA","IntHigh","2080",112.705752695624
"03100206_33500000_LITTLE_BULLFROG_CREEK",2100,170204,"LITTLE BULLFROG CREEK","03100206","33500000","STREAM","tbcmp_PD_HA_IntHigh_2080","PD","HA","IntHigh","2080",168.233297070896
"03100206_33500000_LITTLE_BULLFROG_CREEK",2200,33545,"LITTLE BULLFROG CREEK","03100206","33500000","STREAM","tbcmp_PD_HA_IntHigh_2080","PD","HA","IntHigh","2080",33.15660002258
"03100206_33500000_LITTLE_BULLFROG_CREEK",2400,6233,"LITTLE BULLFROG CREEK","03100206","33500000","STREAM","tbcmp_PD_HA_IntHigh_2080","PD","HA","IntHigh","2080",6.160831359092
"03100206_33500000_LITTLE_BULLFROG_CREEK",3200,99923,"LITTLE BULLFROG CREEK","03100206","33500000","STREAM","tbcmp_PD_HA_IntHigh_2080","PD","HA","IntHigh","2080",98.766043942652
"03100206_33500000_LITTLE_BULLFROG_CREEK",4100,152825,"LITTLE BULLFROG CREEK","03100206","33500000","STREAM","tbcmp_PD_HA_IntHigh_2080","PD","HA","IntHigh","2080",151.0555194053
"03100206_33500000_LITTLE_BULLFROG_CREEK",5200,454228,"LITTLE BULLFROG CREEK","03100206","33500000","STREAM","tbcmp_PD_HA_IntHigh_2080","PD","HA","IntHigh","2080",448.968732003472
"03100206_33500000_LITTLE_BULLFROG_CREEK",6110,237617,"LITTLE BULLFROG CREEK","03100206","33500000","STREAM","tbcmp_PD_HA_IntHigh_2080","PD","HA","IntHigh","2080",234.865757268308
"03100206_33500000_LITTLE_BULLFROG_CREEK",6410,268184,"LITTLE BULLFROG CREEK","03100206","33500000","STREAM","tbcmp_PD_HA_IntHigh_2080","PD","HA","IntHigh","2080",265.078837992416
"03100206_33506000_UNNAMED_STREAM",1200,283089,"UNNAMED STREAM","03100206","33506000","STREAM","tbcmp_PD_HA_IntHigh_2080","PD","HA","IntHigh","2080",279.811260807636
"03100206_33506000_UNNAMED_STREAM",1800,7105,"UNNAMED STREAM","03100206","33506000","STREAM","tbcmp_PD_HA_IntHigh_2080","PD","HA","IntHigh","2080",7.02273492802
"03100206_33506000_UNNAMED_STREAM",1900,77754,"UNNAMED STREAM","03100206","33506000","STREAM","tbcmp_PD_HA_IntHigh_2080","PD","HA","IntHigh","2080",76.853727177096
"03100206_33506000_UNNAMED_STREAM",2100,354137,"UNNAMED STREAM","03100206","33506000","STREAM","tbcmp_PD_HA_IntHigh_2080","PD","HA","IntHigh","2080",350.036633244788
"03100206_33506000_UNNAMED_STREAM",2400,149997,"UNNAMED STREAM","03100206","33506000","STREAM","tbcmp_PD_HA_IntHigh_2080","PD","HA","IntHigh","2080",148.260263335428
"03100206_33506000_UNNAMED_STREAM",3200,20766,"UNNAMED STREAM","03100206","33506000","STREAM","tbcmp_PD_HA_IntHigh_2080","PD","HA","IntHigh","2080",20.525561367384
"03100206_33506000_UNNAMED_STREAM",4100,18189,"UNNAMED STREAM","03100206","33506000","STREAM","tbcmp_PD_HA_IntHigh_2080","PD","HA","IntHigh","2080",17.978399100036
"03100206_33506000_UNNAMED_STREAM",5200,53852,"UNNAMED STREAM","03100206","33506000","STREAM","tbcmp_PD_HA_IntHigh_2080","PD","HA","IntHigh","2080",53.228475910448
"03100206_33506000_UNNAMED_STREAM",6110,41679,"UNNAMED STREAM","03100206","33506000","STREAM","tbcmp_PD_HA_IntHigh_2080","PD","HA","IntHigh","2080",41.196420698796
"03100206_33506000_UNNAMED_STREAM",6410,17149,"UNNAMED STREAM","03100206","33506000","STREAM","tbcmp_PD_HA_IntHigh_2080","PD","HA","IntHigh","2080",16.950440715076
"03100206_33620000_UNNAMED_CREEK",1100,294150,"UNNAMED CREEK","03100206","33620000","STREAM","tbcmp_PD_HA_IntHigh_2080","PD","HA","IntHigh","2080",290.7441912846
"03100206_33620000_UNNAMED_CREEK",1200,735564,"UNNAMED CREEK","03100206","33620000","STREAM","tbcmp_PD_HA_IntHigh_2080","PD","HA","IntHigh","2080",727.047289879536
"03100206_33620000_UNNAMED_CREEK",1800,14049,"UNNAMED CREEK","03100206","33620000","STREAM","tbcmp_PD_HA_IntHigh_2080","PD","HA","IntHigh","2080",13.886333990676
"03100206_33620000_UNNAMED_CREEK",1820,22864,"UNNAMED CREEK","03100206","33620000","STREAM","tbcmp_PD_HA_IntHigh_2080","PD","HA","IntHigh","2080",22.599269724736
"03100206_33620000_UNNAMED_CREEK",1900,79088,"UNNAMED CREEK","03100206","33620000","STREAM","tbcmp_PD_HA_IntHigh_2080","PD","HA","IntHigh","2080",78.172281490112
"03100206_33620000_UNNAMED_CREEK",2100,9041,"UNNAMED CREEK","03100206","33620000","STREAM","tbcmp_PD_HA_IntHigh_2080","PD","HA","IntHigh","2080",8.936318998484
"03100206_33620000_UNNAMED_CREEK",4100,25455,"UNNAMED CREEK","03100206","33620000","STREAM","tbcmp_PD_HA_IntHigh_2080","PD","HA","IntHigh","2080",25.16026989342
"03100206_33620000_UNNAMED_CREEK",5200,90656,"UNNAMED CREEK","03100206","33620000","STREAM","tbcmp_PD_HA_IntHigh_2080","PD","HA","IntHigh","2080",89.606341679744
"03100206_33620000_UNNAMED_CREEK",6110,6769,"UNNAMED CREEK","03100206","33620000","STREAM","tbcmp_PD_HA_IntHigh_2080","PD","HA","IntHigh","2080",6.690625295956
"03100206_33620000_UNNAMED_CREEK",6410,42193,"UNNAMED CREEK","03100206","33620000","STREAM","tbcmp_PD_HA_IntHigh_2080","PD","HA","IntHigh","2080",41.704469362132
"03100206_33990000_BULLFROG_CREEK",1100,1750864,"BULLFROG CREEK","03100206","33990000","STREAM","tbcmp_PD_HA_IntHigh_2080","PD","HA","IntHigh","2080",1730.59166319674
"03100206_33990000_BULLFROG_CREEK",1200,5472862,"BULLFROG CREEK","03100206","33990000","STREAM","tbcmp_PD_HA_IntHigh_2080","PD","HA","IntHigh","2080",5409.49459868169
"03100206_33990000_BULLFROG_CREEK",1800,136921,"BULLFROG CREEK","03100206","33990000","STREAM","tbcmp_PD_HA_IntHigh_2080","PD","HA","IntHigh","2080",135.335663487604
"03100206_33990000_BULLFROG_CREEK",1900,1548188,"BULLFROG CREEK","03100206","33990000","STREAM","tbcmp_PD_HA_IntHigh_2080","PD","HA","IntHigh","2080",1530.26234239851
"03100206_33990000_BULLFROG_CREEK",2100,3610442,"BULLFROG CREEK","03100206","33990000","STREAM","tbcmp_PD_HA_IntHigh_2080","PD","HA","IntHigh","2080",3568.63858395361
"03100206_33990000_BULLFROG_CREEK",2200,23379,"BULLFROG CREEK","03100206","33990000","STREAM","tbcmp_PD_HA_IntHigh_2080","PD","HA","IntHigh","2080",23.108306809596
"03100206_33990000_BULLFROG_CREEK",2400,150427,"BULLFROG CREEK","03100206","33990000","STREAM","tbcmp_PD_HA_IntHigh_2080","PD","HA","IntHigh","2080",148.685284590748
"03100206_33990000_BULLFROG_CREEK",3200,988880,"BULLFROG CREEK","03100206","33990000","STREAM","tbcmp_PD_HA_IntHigh_2080","PD","HA","IntHigh","2080",977.43027665312
"03100206_33990000_BULLFROG_CREEK",4100,2023219,"BULLFROG CREEK","03100206","33990000","STREAM","tbcmp_PD_HA_IntHigh_2080","PD","HA","IntHigh","2080",1999.79320736576
"03100206_33990000_BULLFROG_CREEK",4400,8408,"BULLFROG CREEK","03100206","33990000","STREAM","tbcmp_PD_HA_IntHigh_2080","PD","HA","IntHigh","2080",8.310648173792
"03100206_33990000_BULLFROG_CREEK",5200,858320,"BULLFROG CREEK","03100206","33990000","STREAM","tbcmp_PD_HA_IntHigh_2080","PD","HA","IntHigh","2080",848.38196247968
"03100206_33990000_BULLFROG_CREEK",5400,75394,"BULLFROG CREEK","03100206","33990000","STREAM","tbcmp_PD_HA_IntHigh_2080","PD","HA","IntHigh","2080",74.521052380456
"03100206_33990000_BULLFROG_CREEK",6110,1233257,"BULLFROG CREEK","03100206","33990000","STREAM","tbcmp_PD_HA_IntHigh_2080","PD","HA","IntHigh","2080",1218.97776342367
"03100206_33990000_BULLFROG_CREEK",6120,1120,"BULLFROG CREEK","03100206","33990000","STREAM","tbcmp_PD_HA_IntHigh_2080","PD","HA","IntHigh","2080",1.10703210688
"03100206_33990000_BULLFROG_CREEK",6410,820303,"BULLFROG CREEK","03100206","33990000","STREAM","tbcmp_PD_HA_IntHigh_2080","PD","HA","IntHigh","2080",810.805141401772
"03100206_33990000_BULLFROG_CREEK",6420,6326,"BULLFROG CREEK","03100206","33990000","STREAM","tbcmp_PD_HA_IntHigh_2080","PD","HA","IntHigh","2080",6.252754560824
"03100206_33990000_BULLFROG_CREEK",6425,53540,"BULLFROG CREEK","03100206","33990000","STREAM","tbcmp_PD_HA_IntHigh_2080","PD","HA","IntHigh","2080",52.92008839496
"03100206_33990000_BULLFROG_CREEK",6510,33650,"BULLFROG CREEK","03100206","33990000","STREAM","tbcmp_PD_HA_IntHigh_2080","PD","HA","IntHigh","2080",33.2603842826
"03100206_33990000_BULLFROG_CREEK",6600,16306,"BULLFROG CREEK","03100206","33990000","STREAM","tbcmp_PD_HA_IntHigh_2080","PD","HA","IntHigh","2080",16.117201370344
"03100206_33990000_BULLFROG_CREEK",9113,109268,"BULLFROG CREEK","03100206","33990000","STREAM","tbcmp_PD_HA_IntHigh_2080","PD","HA","IntHigh","2080",108.002843084432
"03100206_36000000_NORTH_ARCHIE_CREEK",0,8,"NORTH ARCHIE CREEK","03100206","36000000","STREAM","tbcmp_PD_HA_IntHigh_2080","PD","HA","IntHigh","2080",0.007907372192
"03100206_36000000_NORTH_ARCHIE_CREEK",1100,189885,"NORTH ARCHIE CREEK","03100206","36000000","STREAM","tbcmp_PD_HA_IntHigh_2080","PD","HA","IntHigh","2080",187.68642108474
"03100206_36000000_NORTH_ARCHIE_CREEK",1200,5989675,"NORTH ARCHIE CREEK","03100206","36000000","STREAM","tbcmp_PD_HA_IntHigh_2080","PD","HA","IntHigh","2080",5920.3236917647
"03100206_36000000_NORTH_ARCHIE_CREEK",1800,87205,"NORTH ARCHIE CREEK","03100206","36000000","STREAM","tbcmp_PD_HA_IntHigh_2080","PD","HA","IntHigh","2080",86.19529900042
"03100206_36000000_NORTH_ARCHIE_CREEK",1900,308501,"NORTH ARCHIE CREEK","03100206","36000000","STREAM","tbcmp_PD_HA_IntHigh_2080","PD","HA","IntHigh","2080",304.929028575524
"03100206_36000000_NORTH_ARCHIE_CREEK",2100,126283,"NORTH ARCHIE CREEK","03100206","36000000","STREAM","tbcmp_PD_HA_IntHigh_2080","PD","HA","IntHigh","2080",124.820835315292
"03100206_36000000_NORTH_ARCHIE_CREEK",2400,4784,"NORTH ARCHIE CREEK","03100206","36000000","STREAM","tbcmp_PD_HA_IntHigh_2080","PD","HA","IntHigh","2080",4.728608570816
"03100206_36000000_NORTH_ARCHIE_CREEK",3200,84155,"NORTH ARCHIE CREEK","03100206","36000000","STREAM","tbcmp_PD_HA_IntHigh_2080","PD","HA","IntHigh","2080",83.18061335222
"03100206_36000000_NORTH_ARCHIE_CREEK",4100,351278,"NORTH ARCHIE CREEK","03100206","36000000","STREAM","tbcmp_PD_HA_IntHigh_2080","PD","HA","IntHigh","2080",347.210736107672
"03100206_36000000_NORTH_ARCHIE_CREEK",5200,770067,"NORTH ARCHIE CREEK","03100206","36000000","STREAM","tbcmp_PD_HA_IntHigh_2080","PD","HA","IntHigh","2080",761.150797722108
"03100206_36000000_NORTH_ARCHIE_CREEK",5400,21318,"NORTH ARCHIE CREEK","03100206","36000000","STREAM","tbcmp_PD_HA_IntHigh_2080","PD","HA","IntHigh","2080",21.071170048632
"03100206_36000000_NORTH_ARCHIE_CREEK",6110,53341,"NORTH ARCHIE CREEK","03100206","36000000","STREAM","tbcmp_PD_HA_IntHigh_2080","PD","HA","IntHigh","2080",52.723392511684
"03100206_36000000_NORTH_ARCHIE_CREEK",6120,77509,"NORTH ARCHIE CREEK","03100206","36000000","STREAM","tbcmp_PD_HA_IntHigh_2080","PD","HA","IntHigh","2080",76.611563903716
"03100206_36000000_NORTH_ARCHIE_CREEK",6410,470318,"NORTH ARCHIE CREEK","03100206","36000000","STREAM","tbcmp_PD_HA_IntHigh_2080","PD","HA","IntHigh","2080",464.872434324632
"03100206_36000000_NORTH_ARCHIE_CREEK",6420,12015,"NORTH ARCHIE CREEK","03100206","36000000","STREAM","tbcmp_PD_HA_IntHigh_2080","PD","HA","IntHigh","2080",11.87588461086
"03100206_36000000_NORTH_ARCHIE_CREEK",6600,16984,"NORTH ARCHIE CREEK","03100206","36000000","STREAM","tbcmp_PD_HA_IntHigh_2080","PD","HA","IntHigh","2080",16.787351163616
"03100206_36000000_NORTH_ARCHIE_CREEK",9113,95720,"NORTH ARCHIE CREEK","03100206","36000000","STREAM","tbcmp_PD_HA_IntHigh_2080","PD","HA","IntHigh","2080",94.61170827728
"03100206_37000000_UNNAMED_CANAL",1100,33758,"UNNAMED CANAL","03100206","37000000","CANAL","tbcmp_PD_HA_IntHigh_2080","PD","HA","IntHigh","2080",33.367133807192
"03100206_37000000_UNNAMED_CANAL",1200,1258894,"UNNAMED CANAL","03100206","37000000","CANAL","tbcmp_PD_HA_IntHigh_2080","PD","HA","IntHigh","2080",1244.31792603446
"03100206_37000000_UNNAMED_CANAL",1800,33170,"UNNAMED CANAL","03100206","37000000","CANAL","tbcmp_PD_HA_IntHigh_2080","PD","HA","IntHigh","2080",32.78594195108
"03100206_37000000_UNNAMED_CANAL",1900,61488,"UNNAMED CANAL","03100206","37000000","CANAL","tbcmp_PD_HA_IntHigh_2080","PD","HA","IntHigh","2080",60.776062667712
"03100206_37000000_UNNAMED_CANAL",2100,84115,"UNNAMED CANAL","03100206","37000000","CANAL","tbcmp_PD_HA_IntHigh_2080","PD","HA","IntHigh","2080",83.14107649126
"03100206_37000000_UNNAMED_CANAL",3200,55039,"UNNAMED CANAL","03100206","37000000","CANAL","tbcmp_PD_HA_IntHigh_2080","PD","HA","IntHigh","2080",54.401732259436
"03100206_37000000_UNNAMED_CANAL",4100,82636,"UNNAMED CANAL","03100206","37000000","CANAL","tbcmp_PD_HA_IntHigh_2080","PD","HA","IntHigh","2080",81.679201057264
"03100206_37000000_UNNAMED_CANAL",5200,138707,"UNNAMED CANAL","03100206","37000000","CANAL","tbcmp_PD_HA_IntHigh_2080","PD","HA","IntHigh","2080",137.100984329468
"03100206_37000000_UNNAMED_CANAL",5400,12281,"UNNAMED CANAL","03100206","37000000","CANAL","tbcmp_PD_HA_IntHigh_2080","PD","HA","IntHigh","2080",12.138804736244
"03100206_37000000_UNNAMED_CANAL",6110,8304,"UNNAMED CANAL","03100206","37000000","CANAL","tbcmp_PD_HA_IntHigh_2080","PD","HA","IntHigh","2080",8.207852335296
"03100206_37000000_UNNAMED_CANAL",6120,68044,"UNNAMED CANAL","03100206","37000000","CANAL","tbcmp_PD_HA_IntHigh_2080","PD","HA","IntHigh","2080",67.256154179056
"03100206_37000000_UNNAMED_CANAL",6410,68597,"UNNAMED CANAL","03100206","37000000","CANAL","tbcmp_PD_HA_IntHigh_2080","PD","HA","IntHigh","2080",67.802751281828
"03100206_37000000_UNNAMED_CANAL",6420,8166,"UNNAMED CANAL","03100206","37000000","CANAL","tbcmp_PD_HA_IntHigh_2080","PD","HA","IntHigh","2080",8.071450164984
"03100206_37000000_UNNAMED_CANAL",6600,19193,"UNNAMED CANAL","03100206","37000000","CANAL","tbcmp_PD_HA_IntHigh_2080","PD","HA","IntHigh","2080",18.970774310132
"03100206_37000000_UNNAMED_CANAL",9113,31648,"UNNAMED CANAL","03100206","37000000","CANAL","tbcmp_PD_HA_IntHigh_2080","PD","HA","IntHigh","2080",31.281564391552
"03100206_39500000_BLACK_POINT_DRAIN",1100,103040,"BLACK POINT DRAIN","03100206","39500000","DRAIN","tbcmp_PD_HA_IntHigh_2080","PD","HA","IntHigh","2080",101.84695383296
"03100206_39500000_BLACK_POINT_DRAIN",1200,581438,"BLACK POINT DRAIN","03100206","39500000","DRAIN","tbcmp_PD_HA_IntHigh_2080","PD","HA","IntHigh","2080",574.705834071512
"03100206_39500000_BLACK_POINT_DRAIN",1900,18167,"BLACK POINT DRAIN","03100206","39500000","DRAIN","tbcmp_PD_HA_IntHigh_2080","PD","HA","IntHigh","2080",17.956653826508
"03100206_39500000_BLACK_POINT_DRAIN",2100,11170,"BLACK POINT DRAIN","03100206","39500000","DRAIN","tbcmp_PD_HA_IntHigh_2080","PD","HA","IntHigh","2080",11.04066842308
"03100206_39500000_BLACK_POINT_DRAIN",3200,69,"BLACK POINT DRAIN","03100206","39500000","DRAIN","tbcmp_PD_HA_IntHigh_2080","PD","HA","IntHigh","2080",0.068201085156
"03100206_39500000_BLACK_POINT_DRAIN",4100,22462,"BLACK POINT DRAIN","03100206","39500000","DRAIN","tbcmp_PD_HA_IntHigh_2080","PD","HA","IntHigh","2080",22.201924272088
"03100206_39500000_BLACK_POINT_DRAIN",5200,8376,"BLACK POINT DRAIN","03100206","39500000","DRAIN","tbcmp_PD_HA_IntHigh_2080","PD","HA","IntHigh","2080",8.279018685024
"03100206_39500000_BLACK_POINT_DRAIN",5400,11087,"BLACK POINT DRAIN","03100206","39500000","DRAIN","tbcmp_PD_HA_IntHigh_2080","PD","HA","IntHigh","2080",10.958629436588
"03100206_39500000_BLACK_POINT_DRAIN",6110,510,"BLACK POINT DRAIN","03100206","39500000","DRAIN","tbcmp_PD_HA_IntHigh_2080","PD","HA","IntHigh","2080",0.50409497724
"03100206_39500000_BLACK_POINT_DRAIN",6120,18358,"BLACK POINT DRAIN","03100206","39500000","DRAIN","tbcmp_PD_HA_IntHigh_2080","PD","HA","IntHigh","2080",18.145442337592
"03100206_39500000_BLACK_POINT_DRAIN",6410,18538,"BLACK POINT DRAIN","03100206","39500000","DRAIN","tbcmp_PD_HA_IntHigh_2080","PD","HA","IntHigh","2080",18.323358211912
"03100206_39500000_BLACK_POINT_DRAIN",6420,4098,"BLACK POINT DRAIN","03100206","39500000","DRAIN","tbcmp_PD_HA_IntHigh_2080","PD","HA","IntHigh","2080",4.050551405352
"03100206_39500000_BLACK_POINT_DRAIN",6600,8779,"BLACK POINT DRAIN","03100206","39500000","DRAIN","tbcmp_PD_HA_IntHigh_2080","PD","HA","IntHigh","2080",8.677352559196
"03100206_39500000_BLACK_POINT_DRAIN",9113,1361,"BLACK POINT DRAIN","03100206","39500000","DRAIN","tbcmp_PD_HA_IntHigh_2080","PD","HA","IntHigh","2080",1.345241694164
"03100206_39990000_BLACK_POINT_CHANNEL",0,18,"BLACK POINT CHANNEL","03100206","39990000","BAY","tbcmp_PD_HA_IntHigh_2080","PD","HA","IntHigh","2080",0.017791587432
"03100206_39990000_BLACK_POINT_CHANNEL",1200,634108,"BLACK POINT CHANNEL","03100206","39990000","BAY","tbcmp_PD_HA_IntHigh_2080","PD","HA","IntHigh","2080",626.765995740592
"03100206_39990000_BLACK_POINT_CHANNEL",1900,17275,"BLACK POINT CHANNEL","03100206","39990000","BAY","tbcmp_PD_HA_IntHigh_2080","PD","HA","IntHigh","2080",17.0749818271
"03100206_39990000_BLACK_POINT_CHANNEL",2100,1179,"BLACK POINT CHANNEL","03100206","39990000","BAY","tbcmp_PD_HA_IntHigh_2080","PD","HA","IntHigh","2080",1.165348976796
"03100206_39990000_BLACK_POINT_CHANNEL",3200,96427,"BLACK POINT CHANNEL","03100206","39990000","BAY","tbcmp_PD_HA_IntHigh_2080","PD","HA","IntHigh","2080",95.310522294748
"03100206_39990000_BLACK_POINT_CHANNEL",4100,31826,"BLACK POINT CHANNEL","03100206","39990000","BAY","tbcmp_PD_HA_IntHigh_2080","PD","HA","IntHigh","2080",31.457503422824
"03100206_39990000_BLACK_POINT_CHANNEL",5200,24281,"BLACK POINT CHANNEL","03100206","39990000","BAY","tbcmp_PD_HA_IntHigh_2080","PD","HA","IntHigh","2080",23.999863024244
"03100206_39990000_BLACK_POINT_CHANNEL",5400,157382,"BLACK POINT CHANNEL","03100206","39990000","BAY","tbcmp_PD_HA_IntHigh_2080","PD","HA","IntHigh","2080",155.559756290168
"03100206_39990000_BLACK_POINT_CHANNEL",6110,9788,"BLACK POINT CHANNEL","03100206","39990000","BAY","tbcmp_PD_HA_IntHigh_2080","PD","HA","IntHigh","2080",9.674669876912
"03100206_39990000_BLACK_POINT_CHANNEL",6120,142270,"BLACK POINT CHANNEL","03100206","39990000","BAY","tbcmp_PD_HA_IntHigh_2080","PD","HA","IntHigh","2080",140.62273021948
"03100206_39990000_BLACK_POINT_CHANNEL",6410,10294,"BLACK POINT CHANNEL","03100206","39990000","BAY","tbcmp_PD_HA_IntHigh_2080","PD","HA","IntHigh","2080",10.174811168056
"03100206_39990000_BLACK_POINT_CHANNEL",6420,31127,"BLACK POINT CHANNEL","03100206","39990000","BAY","tbcmp_PD_HA_IntHigh_2080","PD","HA","IntHigh","2080",30.766596777548
"03100206_39990000_BLACK_POINT_CHANNEL",6600,67922,"BLACK POINT CHANNEL","03100206","39990000","BAY","tbcmp_PD_HA_IntHigh_2080","PD","HA","IntHigh","2080",67.135566753128
"03100206_39990000_BLACK_POINT_CHANNEL",7100,7,"BLACK POINT CHANNEL","03100206","39990000","BAY","tbcmp_PD_HA_IntHigh_2080","PD","HA","IntHigh","2080",0.006918950668
"03100206_39990000_BLACK_POINT_CHANNEL",9113,76071,"BLACK POINT CHANNEL","03100206","39990000","BAY","tbcmp_PD_HA_IntHigh_2080","PD","HA","IntHigh","2080",75.190213752204
"03100206_40000000_DELANEY_CREEK",1100,953785,"DELANEY CREEK","03100206","40000000","STREAM","tbcmp_PD_HA_IntHigh_2080","PD","HA","IntHigh","2080",942.74162326834
"03100206_40000000_DELANEY_CREEK",1200,8478815,"DELANEY CREEK","03100206","40000000","STREAM","tbcmp_PD_HA_IntHigh_2080","PD","HA","IntHigh","2080",8380.64324401406
"03100206_40000000_DELANEY_CREEK",1800,105232,"DELANEY CREEK","03100206","40000000","STREAM","tbcmp_PD_HA_IntHigh_2080","PD","HA","IntHigh","2080",104.013573813568
"03100206_40000000_DELANEY_CREEK",1900,736559,"DELANEY CREEK","03100206","40000000","STREAM","tbcmp_PD_HA_IntHigh_2080","PD","HA","IntHigh","2080",728.030769295916
"03100206_40000000_DELANEY_CREEK",2100,121850,"DELANEY CREEK","03100206","40000000","STREAM","tbcmp_PD_HA_IntHigh_2080","PD","HA","IntHigh","2080",120.4391626994
"03100206_40000000_DELANEY_CREEK",2200,4958,"DELANEY CREEK","03100206","40000000","STREAM","tbcmp_PD_HA_IntHigh_2080","PD","HA","IntHigh","2080",4.900593915992
"03100206_40000000_DELANEY_CREEK",2400,16726,"DELANEY CREEK","03100206","40000000","STREAM","tbcmp_PD_HA_IntHigh_2080","PD","HA","IntHigh","2080",16.532338410424
"03100206_40000000_DELANEY_CREEK",3200,7658,"DELANEY CREEK","03100206","40000000","STREAM","tbcmp_PD_HA_IntHigh_2080","PD","HA","IntHigh","2080",7.569332030792
"03100206_40000000_DELANEY_CREEK",4100,323796,"DELANEY CREEK","03100206","40000000","STREAM","tbcmp_PD_HA_IntHigh_2080","PD","HA","IntHigh","2080",320.046935785104
"03100206_40000000_DELANEY_CREEK",5200,381037,"DELANEY CREEK","03100206","40000000","STREAM","tbcmp_PD_HA_IntHigh_2080","PD","HA","IntHigh","2080",376.625172240388
"03100206_40000000_DELANEY_CREEK",5400,26156,"DELANEY CREEK","03100206","40000000","STREAM","tbcmp_PD_HA_IntHigh_2080","PD","HA","IntHigh","2080",25.853153381744
"03100206_40000000_DELANEY_CREEK",6110,117770,"DELANEY CREEK","03100206","40000000","STREAM","tbcmp_PD_HA_IntHigh_2080","PD","HA","IntHigh","2080",116.40640288148
"03100206_40000000_DELANEY_CREEK",6120,104839,"DELANEY CREEK","03100206","40000000","STREAM","tbcmp_PD_HA_IntHigh_2080","PD","HA","IntHigh","2080",103.625124154636
"03100206_40000000_DELANEY_CREEK",6410,439054,"DELANEY CREEK","03100206","40000000","STREAM","tbcmp_PD_HA_IntHigh_2080","PD","HA","IntHigh","2080",433.970423798296
"03100206_40000000_DELANEY_CREEK",6420,22762,"DELANEY CREEK","03100206","40000000","STREAM","tbcmp_PD_HA_IntHigh_2080","PD","HA","IntHigh","2080",22.498450729288
"03100206_40000000_DELANEY_CREEK",6600,59382,"DELANEY CREEK","03100206","40000000","STREAM","tbcmp_PD_HA_IntHigh_2080","PD","HA","IntHigh","2080",58.694446938168
"03100206_40000000_DELANEY_CREEK",9113,48934,"DELANEY CREEK","03100206","40000000","STREAM","tbcmp_PD_HA_IntHigh_2080","PD","HA","IntHigh","2080",48.367418855416
"03100206_41000000_UNNAMED_DITCH",0,127,"UNNAMED DITCH","03100206","41000000","DITCH","tbcmp_PD_HA_IntHigh_2080","PD","HA","IntHigh","2080",0.125529533548
"03100206_41000000_UNNAMED_DITCH",1100,237566,"UNNAMED DITCH","03100206","41000000","DITCH","tbcmp_PD_HA_IntHigh_2080","PD","HA","IntHigh","2080",234.815347770584
"03100206_41000000_UNNAMED_DITCH",1200,603578,"UNNAMED DITCH","03100206","41000000","DITCH","tbcmp_PD_HA_IntHigh_2080","PD","HA","IntHigh","2080",596.589486612872
"03100206_41000000_UNNAMED_DITCH",1900,185970,"UNNAMED DITCH","03100206","41000000","DITCH","tbcmp_PD_HA_IntHigh_2080","PD","HA","IntHigh","2080",183.81675081828
"03100206_41000000_UNNAMED_DITCH",2100,7927,"UNNAMED DITCH","03100206","41000000","DITCH","tbcmp_PD_HA_IntHigh_2080","PD","HA","IntHigh","2080",7.835217420748
"03100206_41000000_UNNAMED_DITCH",4100,810,"UNNAMED DITCH","03100206","41000000","DITCH","tbcmp_PD_HA_IntHigh_2080","PD","HA","IntHigh","2080",0.80062143444
"03100206_41000000_UNNAMED_DITCH",5200,19145,"UNNAMED DITCH","03100206","41000000","DITCH","tbcmp_PD_HA_IntHigh_2080","PD","HA","IntHigh","2080",18.92333007698
"03100206_41000000_UNNAMED_DITCH",5400,18449,"UNNAMED DITCH","03100206","41000000","DITCH","tbcmp_PD_HA_IntHigh_2080","PD","HA","IntHigh","2080",18.235388696276
"03100206_41000000_UNNAMED_DITCH",6110,32567,"UNNAMED DITCH","03100206","41000000","DITCH","tbcmp_PD_HA_IntHigh_2080","PD","HA","IntHigh","2080",32.189923772108
"03100206_41000000_UNNAMED_DITCH",6120,93721,"UNNAMED DITCH","03100206","41000000","DITCH","tbcmp_PD_HA_IntHigh_2080","PD","HA","IntHigh","2080",92.635853650804
"03100206_41000000_UNNAMED_DITCH",6410,18885,"UNNAMED DITCH","03100206","41000000","DITCH","tbcmp_PD_HA_IntHigh_2080","PD","HA","IntHigh","2080",18.66634048074
"03100206_41000000_UNNAMED_DITCH",6420,9206,"UNNAMED DITCH","03100206","41000000","DITCH","tbcmp_PD_HA_IntHigh_2080","PD","HA","IntHigh","2080",9.099408549944
"03100206_41000000_UNNAMED_DITCH",6425,1048,"UNNAMED DITCH","03100206","41000000","DITCH","tbcmp_PD_HA_IntHigh_2080","PD","HA","IntHigh","2080",1.035865757152
"03100206_41000000_UNNAMED_DITCH",6510,403,"UNNAMED DITCH","03100206","41000000","DITCH","tbcmp_PD_HA_IntHigh_2080","PD","HA","IntHigh","2080",0.398333874172
"03100206_41000000_UNNAMED_DITCH",6600,25839,"UNNAMED DITCH","03100206","41000000","DITCH","tbcmp_PD_HA_IntHigh_2080","PD","HA","IntHigh","2080",25.539823758636
"03100206_41000000_UNNAMED_DITCH",9113,32855,"UNNAMED DITCH","03100206","41000000","DITCH","tbcmp_PD_HA_IntHigh_2080","PD","HA","IntHigh","2080",32.47458917102
"03100206_42500000_MANGO_DRAIN",1100,603907,"MANGO DRAIN","03100206","42500000","DRAIN","tbcmp_PD_HA_IntHigh_2080","PD","HA","IntHigh","2080",596.914677294268
"03100206_42500000_MANGO_DRAIN",1200,3673829,"MANGO DRAIN","03100206","42500000","DRAIN","tbcmp_PD_HA_IntHigh_2080","PD","HA","IntHigh","2080",3631.2916590954
"03100206_42500000_MANGO_DRAIN",1800,40968,"MANGO DRAIN","03100206","42500000","DRAIN","tbcmp_PD_HA_IntHigh_2080","PD","HA","IntHigh","2080",40.493652995232
"03100206_42500000_MANGO_DRAIN",1900,271451,"MANGO DRAIN","03100206","42500000","DRAIN","tbcmp_PD_HA_IntHigh_2080","PD","HA","IntHigh","2080",268.308011111324
"03100206_42500000_MANGO_DRAIN",2100,42171,"MANGO DRAIN","03100206","42500000","DRAIN","tbcmp_PD_HA_IntHigh_2080","PD","HA","IntHigh","2080",41.682724088604
"03100206_42500000_MANGO_DRAIN",2400,25551,"MANGO DRAIN","03100206","42500000","DRAIN","tbcmp_PD_HA_IntHigh_2080","PD","HA","IntHigh","2080",25.255158359724
"03100206_42500000_MANGO_DRAIN",4100,105470,"MANGO DRAIN","03100206","42500000","DRAIN","tbcmp_PD_HA_IntHigh_2080","PD","HA","IntHigh","2080",104.24881813628
"03100206_42500000_MANGO_DRAIN",5200,265970,"MANGO DRAIN","03100206","42500000","DRAIN","tbcmp_PD_HA_IntHigh_2080","PD","HA","IntHigh","2080",262.89047273828
"03100206_42500000_MANGO_DRAIN",6110,53373,"MANGO DRAIN","03100206","42500000","DRAIN","tbcmp_PD_HA_IntHigh_2080","PD","HA","IntHigh","2080",52.755022000452
"03100206_42500000_MANGO_DRAIN",6410,288754,"MANGO DRAIN","03100206","42500000","DRAIN","tbcmp_PD_HA_IntHigh_2080","PD","HA","IntHigh","2080",285.410668741096
"03100206_42540000_EAST_LAKE_OUTFALL",1200,915218,"EAST LAKE OUTFALL","03100206","42540000","OUTFAL","tbcmp_PD_HA_IntHigh_2080","PD","HA","IntHigh","2080",904.621170352232
"03100206_42540000_EAST_LAKE_OUTFALL",1800,61632,"EAST LAKE OUTFALL","03100206","42540000","OUTFAL","tbcmp_PD_HA_IntHigh_2080","PD","HA","IntHigh","2080",60.918395367168
"03100206_42540000_EAST_LAKE_OUTFALL",1820,1471,"EAST LAKE OUTFALL","03100206","42540000","OUTFAL","tbcmp_PD_HA_IntHigh_2080","PD","HA","IntHigh","2080",1.453968061804
"03100206_42540000_EAST_LAKE_OUTFALL",1900,22646,"EAST LAKE OUTFALL","03100206","42540000","OUTFAL","tbcmp_PD_HA_IntHigh_2080","PD","HA","IntHigh","2080",22.383793832504
"03100206_42540000_EAST_LAKE_OUTFALL",2100,64673,"EAST LAKE OUTFALL","03100206","42540000","OUTFAL","tbcmp_PD_HA_IntHigh_2080","PD","HA","IntHigh","2080",63.924185221652
"03100206_42540000_EAST_LAKE_OUTFALL",4100,20284,"EAST LAKE OUTFALL","03100206","42540000","OUTFAL","tbcmp_PD_HA_IntHigh_2080","PD","HA","IntHigh","2080",20.049142192816
"03100206_42540000_EAST_LAKE_OUTFALL",5200,156880,"EAST LAKE OUTFALL","03100206","42540000","OUTFAL","tbcmp_PD_HA_IntHigh_2080","PD","HA","IntHigh","2080",155.06356868512
"03100206_42540000_EAST_LAKE_OUTFALL",6110,17249,"EAST LAKE OUTFALL","03100206","42540000","OUTFAL","tbcmp_PD_HA_IntHigh_2080","PD","HA","IntHigh","2080",17.049282867476
"03100206_42540000_EAST_LAKE_OUTFALL",6410,25885,"EAST LAKE OUTFALL","03100206","42540000","OUTFAL","tbcmp_PD_HA_IntHigh_2080","PD","HA","IntHigh","2080",25.58529114874
"03100206_42900000_UCETA_YARD_DRAIN",1100,37070,"UCETA YARD DRAIN","03100206","42900000","DRAIN","tbcmp_PD_HA_IntHigh_2080","PD","HA","IntHigh","2080",36.64078589468
"03100206_42900000_UCETA_YARD_DRAIN",1200,1491572,"UCETA YARD DRAIN","03100206","42900000","DRAIN","tbcmp_PD_HA_IntHigh_2080","PD","HA","IntHigh","2080",1474.30186939573
"03100206_42900000_UCETA_YARD_DRAIN",1800,4127,"UCETA YARD DRAIN","03100206","42900000","DRAIN","tbcmp_PD_HA_IntHigh_2080","PD","HA","IntHigh","2080",4.079215629548
"03100206_42900000_UCETA_YARD_DRAIN",1900,39907,"UCETA YARD DRAIN","03100206","42900000","DRAIN","tbcmp_PD_HA_IntHigh_2080","PD","HA","IntHigh","2080",39.444937758268
"03100206_42900000_UCETA_YARD_DRAIN",2400,3939,"UCETA YARD DRAIN","03100206","42900000","DRAIN","tbcmp_PD_HA_IntHigh_2080","PD","HA","IntHigh","2080",3.893392383036
"03100206_42900000_UCETA_YARD_DRAIN",4100,33570,"UCETA YARD DRAIN","03100206","42900000","DRAIN","tbcmp_PD_HA_IntHigh_2080","PD","HA","IntHigh","2080",33.18131056068
"03100206_42900000_UCETA_YARD_DRAIN",5200,66929,"UCETA YARD DRAIN","03100206","42900000","DRAIN","tbcmp_PD_HA_IntHigh_2080","PD","HA","IntHigh","2080",66.154064179796
"03100206_42900000_UCETA_YARD_DRAIN",5400,2145,"UCETA YARD DRAIN","03100206","42900000","DRAIN","tbcmp_PD_HA_IntHigh_2080","PD","HA","IntHigh","2080",2.12016416898
"03100206_42900000_UCETA_YARD_DRAIN",6110,42038,"UCETA YARD DRAIN","03100206","42900000","DRAIN","tbcmp_PD_HA_IntHigh_2080","PD","HA","IntHigh","2080",41.551264025912
"03100206_42900000_UCETA_YARD_DRAIN",6120,10611,"UCETA YARD DRAIN","03100206","42900000","DRAIN","tbcmp_PD_HA_IntHigh_2080","PD","HA","IntHigh","2080",10.488140791164
"03100206_42900000_UCETA_YARD_DRAIN",6410,79114,"UCETA YARD DRAIN","03100206","42900000","DRAIN","tbcmp_PD_HA_IntHigh_2080","PD","HA","IntHigh","2080",78.197980449736
"03100206_42900000_UCETA_YARD_DRAIN",6420,1498,"UCETA YARD DRAIN","03100206","42900000","DRAIN","tbcmp_PD_HA_IntHigh_2080","PD","HA","IntHigh","2080",1.480655442952
"03100206_42900000_UCETA_YARD_DRAIN",6425,1112,"UCETA YARD DRAIN","03100206","42900000","DRAIN","tbcmp_PD_HA_IntHigh_2080","PD","HA","IntHigh","2080",1.099124734688
"03100206_42900000_UCETA_YARD_DRAIN",6510,385,"UCETA YARD DRAIN","03100206","42900000","DRAIN","tbcmp_PD_HA_IntHigh_2080","PD","HA","IntHigh","2080",0.38054228674
"03100206_42900000_UCETA_YARD_DRAIN",6600,3458,"UCETA YARD DRAIN","03100206","42900000","DRAIN","tbcmp_PD_HA_IntHigh_2080","PD","HA","IntHigh","2080",3.417961629992
"03100206_42900000_UCETA_YARD_DRAIN",9113,1877,"UCETA YARD DRAIN","03100206","42900000","DRAIN","tbcmp_PD_HA_IntHigh_2080","PD","HA","IntHigh","2080",1.855267200548
"03100206_42990000_TAMPA_BYPASS_CANAL",1100,2052944,"TAMPA BYPASS CANAL","03100206","42990000","CANAL","tbcmp_PD_HA_IntHigh_2080","PD","HA","IntHigh","2080",2029.17403716666
"03100206_42990000_TAMPA_BYPASS_CANAL",1200,8936289,"TAMPA BYPASS CANAL","03100206","42990000","CANAL","tbcmp_PD_HA_IntHigh_2080","PD","HA","IntHigh","2080",8832.82039228444
"03100206_42990000_TAMPA_BYPASS_CANAL",1800,388890,"TAMPA BYPASS CANAL","03100206","42990000","CANAL","tbcmp_PD_HA_IntHigh_2080","PD","HA","IntHigh","2080",384.38724646836
"03100206_42990000_TAMPA_BYPASS_CANAL",1820,2027,"TAMPA BYPASS CANAL","03100206","42990000","CANAL","tbcmp_PD_HA_IntHigh_2080","PD","HA","IntHigh","2080",2.003530429148
"03100206_42990000_TAMPA_BYPASS_CANAL",1900,1162483,"TAMPA BYPASS CANAL","03100206","42990000","CANAL","tbcmp_PD_HA_IntHigh_2080","PD","HA","IntHigh","2080",1149.02321848409
"03100206_42990000_TAMPA_BYPASS_CANAL",2100,439364,"TAMPA BYPASS CANAL","03100206","42990000","CANAL","tbcmp_PD_HA_IntHigh_2080","PD","HA","IntHigh","2080",434.276834470736
"03100206_42990000_TAMPA_BYPASS_CANAL",2200,4206,"TAMPA BYPASS CANAL","03100206","42990000","CANAL","tbcmp_PD_HA_IntHigh_2080","PD","HA","IntHigh","2080",4.157300929944
"03100206_42990000_TAMPA_BYPASS_CANAL",2400,65250,"TAMPA BYPASS CANAL","03100206","42990000","CANAL","tbcmp_PD_HA_IntHigh_2080","PD","HA","IntHigh","2080",64.494504441
"03100206_42990000_TAMPA_BYPASS_CANAL",3200,11243,"TAMPA BYPASS CANAL","03100206","42990000","CANAL","tbcmp_PD_HA_IntHigh_2080","PD","HA","IntHigh","2080",11.112823194332
"03100206_42990000_TAMPA_BYPASS_CANAL",4100,599544,"TAMPA BYPASS CANAL","03100206","42990000","CANAL","tbcmp_PD_HA_IntHigh_2080","PD","HA","IntHigh","2080",592.602194185056
"03100206_42990000_TAMPA_BYPASS_CANAL",4400,12487,"TAMPA BYPASS CANAL","03100206","42990000","CANAL","tbcmp_PD_HA_IntHigh_2080","PD","HA","IntHigh","2080",12.342419570188
"03100206_42990000_TAMPA_BYPASS_CANAL",5200,429085,"TAMPA BYPASS CANAL","03100206","42990000","CANAL","tbcmp_PD_HA_IntHigh_2080","PD","HA","IntHigh","2080",424.11684962554
"03100206_42990000_TAMPA_BYPASS_CANAL",5400,555712,"TAMPA BYPASS CANAL","03100206","42990000","CANAL","tbcmp_PD_HA_IntHigh_2080","PD","HA","IntHigh","2080",549.277701945088
"03100206_42990000_TAMPA_BYPASS_CANAL",6110,1072162,"TAMPA BYPASS CANAL","03100206","42990000","CANAL","tbcmp_PD_HA_IntHigh_2080","PD","HA","IntHigh","2080",1059.74799801489
"03100206_42990000_TAMPA_BYPASS_CANAL",6120,8128,"TAMPA BYPASS CANAL","03100206","42990000","CANAL","tbcmp_PD_HA_IntHigh_2080","PD","HA","IntHigh","2080",8.033890147072
"03100206_42990000_TAMPA_BYPASS_CANAL",6410,734712,"TAMPA BYPASS CANAL","03100206","42990000","CANAL","tbcmp_PD_HA_IntHigh_2080","PD","HA","IntHigh","2080",726.205154741088
"03100206_42990000_TAMPA_BYPASS_CANAL",6420,6260,"TAMPA BYPASS CANAL","03100206","42990000","CANAL","tbcmp_PD_HA_IntHigh_2080","PD","HA","IntHigh","2080",6.18751874024
"03100206_42990000_TAMPA_BYPASS_CANAL",6425,26327,"TAMPA BYPASS CANAL","03100206","42990000","CANAL","tbcmp_PD_HA_IntHigh_2080","PD","HA","IntHigh","2080",26.022173462348
"03100206_42990000_TAMPA_BYPASS_CANAL",6510,14003,"TAMPA BYPASS CANAL","03100206","42990000","CANAL","tbcmp_PD_HA_IntHigh_2080","PD","HA","IntHigh","2080",13.840866600572
"03100206_42990000_TAMPA_BYPASS_CANAL",6600,11491,"TAMPA BYPASS CANAL","03100206","42990000","CANAL","tbcmp_PD_HA_IntHigh_2080","PD","HA","IntHigh","2080",11.357951732284
"03100206_42990000_TAMPA_BYPASS_CANAL",9113,49655,"TAMPA BYPASS CANAL","03100206","42990000","CANAL","tbcmp_PD_HA_IntHigh_2080","PD","HA","IntHigh","2080",49.08007077422
"03100206_43500000_YBOR_CITY_DRAIN",0,2458,"YBOR CITY DRAIN","03100206","43500000","DRAIN","tbcmp_PD_HA_IntHigh_2080","PD","HA","IntHigh","2080",2.429540105992
"03100206_43500000_YBOR_CITY_DRAIN",1200,5380083,"YBOR CITY DRAIN","03100206","43500000","DRAIN","tbcmp_PD_HA_IntHigh_2080","PD","HA","IntHigh","2080",5317.78983810649
"03100206_43500000_YBOR_CITY_DRAIN",1800,66517,"YBOR CITY DRAIN","03100206","43500000","DRAIN","tbcmp_PD_HA_IntHigh_2080","PD","HA","IntHigh","2080",65.746834511908
"03100206_43500000_YBOR_CITY_DRAIN",1900,138029,"YBOR CITY DRAIN","03100206","43500000","DRAIN","tbcmp_PD_HA_IntHigh_2080","PD","HA","IntHigh","2080",136.430834536196
"03100206_43500000_YBOR_CITY_DRAIN",2400,2463,"YBOR CITY DRAIN","03100206","43500000","DRAIN","tbcmp_PD_HA_IntHigh_2080","PD","HA","IntHigh","2080",2.434482213612
"03100206_43500000_YBOR_CITY_DRAIN",4100,17902,"YBOR CITY DRAIN","03100206","43500000","DRAIN","tbcmp_PD_HA_IntHigh_2080","PD","HA","IntHigh","2080",17.694722122648
"03100206_43500000_YBOR_CITY_DRAIN",5200,37986,"YBOR CITY DRAIN","03100206","43500000","DRAIN","tbcmp_PD_HA_IntHigh_2080","PD","HA","IntHigh","2080",37.546180010664
"03100206_43500000_YBOR_CITY_DRAIN",5400,325257,"YBOR CITY DRAIN","03100206","43500000","DRAIN","tbcmp_PD_HA_IntHigh_2080","PD","HA","IntHigh","2080",321.491019631668
"03100206_43500000_YBOR_CITY_DRAIN",6110,7999,"YBOR CITY DRAIN","03100206","43500000","DRAIN","tbcmp_PD_HA_IntHigh_2080","PD","HA","IntHigh","2080",7.906383770476
"03100206_43500000_YBOR_CITY_DRAIN",6120,78694,"YBOR CITY DRAIN","03100206","43500000","DRAIN","tbcmp_PD_HA_IntHigh_2080","PD","HA","IntHigh","2080",77.782843409656
"03100206_43500000_YBOR_CITY_DRAIN",6410,41072,"YBOR CITY DRAIN","03100206","43500000","DRAIN","tbcmp_PD_HA_IntHigh_2080","PD","HA","IntHigh","2080",40.596448833728
"03100206_43500000_YBOR_CITY_DRAIN",6420,9310,"YBOR CITY DRAIN","03100206","43500000","DRAIN","tbcmp_PD_HA_IntHigh_2080","PD","HA","IntHigh","2080",9.20220438844
"03100206_43500000_YBOR_CITY_DRAIN",6425,4956,"YBOR CITY DRAIN","03100206","43500000","DRAIN","tbcmp_PD_HA_IntHigh_2080","PD","HA","IntHigh","2080",4.898617072944
"03100206_43500000_YBOR_CITY_DRAIN",6510,3108,"YBOR CITY DRAIN","03100206","43500000","DRAIN","tbcmp_PD_HA_IntHigh_2080","PD","HA","IntHigh","2080",3.072014096592
"03100206_43500000_YBOR_CITY_DRAIN",6600,18098,"YBOR CITY DRAIN","03100206","43500000","DRAIN","tbcmp_PD_HA_IntHigh_2080","PD","HA","IntHigh","2080",17.888452741352
"03100206_43500000_YBOR_CITY_DRAIN",9113,132019,"YBOR CITY DRAIN","03100206","43500000","DRAIN","tbcmp_PD_HA_IntHigh_2080","PD","HA","IntHigh","2080",130.490421176956
"03100206_55000000_RATTLESNAKE_DITCH",1200,1388327,"RATTLESNAKE DITCH","03100206","55000000","DITCH","tbcmp_PD_HA_IntHigh_2080","PD","HA","IntHigh","2080",1372.25228915035
"03100206_55000000_RATTLESNAKE_DITCH",1800,32694,"RATTLESNAKE DITCH","03100206","55000000","DITCH","tbcmp_PD_HA_IntHigh_2080","PD","HA","IntHigh","2080",32.315453305656
"03100206_55000000_RATTLESNAKE_DITCH",1900,10421,"RATTLESNAKE DITCH","03100206","55000000","DITCH","tbcmp_PD_HA_IntHigh_2080","PD","HA","IntHigh","2080",10.300340701604
"03100206_55000000_RATTLESNAKE_DITCH",5200,10372,"RATTLESNAKE DITCH","03100206","55000000","DITCH","tbcmp_PD_HA_IntHigh_2080","PD","HA","IntHigh","2080",10.251908046928
"03100206_55000000_RATTLESNAKE_DITCH",5400,8422,"RATTLESNAKE DITCH","03100206","55000000","DITCH","tbcmp_PD_HA_IntHigh_2080","PD","HA","IntHigh","2080",8.324486075128
"03100206_55000000_RATTLESNAKE_DITCH",6110,2764,"RATTLESNAKE DITCH","03100206","55000000","DITCH","tbcmp_PD_HA_IntHigh_2080","PD","HA","IntHigh","2080",2.731997092336
"03100206_55000000_RATTLESNAKE_DITCH",6120,9199,"RATTLESNAKE DITCH","03100206","55000000","DITCH","tbcmp_PD_HA_IntHigh_2080","PD","HA","IntHigh","2080",9.092489599276
"03100206_55000000_RATTLESNAKE_DITCH",6410,9070,"RATTLESNAKE DITCH","03100206","55000000","DITCH","tbcmp_PD_HA_IntHigh_2080","PD","HA","IntHigh","2080",8.96498322268
"03100206_55000000_RATTLESNAKE_DITCH",6420,3046,"RATTLESNAKE DITCH","03100206","55000000","DITCH","tbcmp_PD_HA_IntHigh_2080","PD","HA","IntHigh","2080",3.010731962104
"03100206_55000000_RATTLESNAKE_DITCH",6600,3799,"RATTLESNAKE DITCH","03100206","55000000","DITCH","tbcmp_PD_HA_IntHigh_2080","PD","HA","IntHigh","2080",3.755013369676
"03100206_55000000_RATTLESNAKE_DITCH",9113,11253,"RATTLESNAKE DITCH","03100206","55000000","DITCH","tbcmp_PD_HA_IntHigh_2080","PD","HA","IntHigh","2080",11.122707409572
"03100206_59000000_LEMMON_STREET_DITCH",1200,2193262,"LEMMON STREET DITCH","03100206","59000000","DITCH","tbcmp_PD_HA_IntHigh_2080","PD","HA","IntHigh","2080",2167.86736857129
"03100206_59000000_LEMMON_STREET_DITCH",1800,17621,"LEMMON STREET DITCH","03100206","59000000","DITCH","tbcmp_PD_HA_IntHigh_2080","PD","HA","IntHigh","2080",17.416975674404
"03100206_59000000_LEMMON_STREET_DITCH",1900,19290,"LEMMON STREET DITCH","03100206","59000000","DITCH","tbcmp_PD_HA_IntHigh_2080","PD","HA","IntHigh","2080",19.06665119796
"03100206_59000000_LEMMON_STREET_DITCH",4100,7206,"LEMMON STREET DITCH","03100206","59000000","DITCH","tbcmp_PD_HA_IntHigh_2080","PD","HA","IntHigh","2080",7.122565501944
"03100206_59000000_LEMMON_STREET_DITCH",5200,14131,"LEMMON STREET DITCH","03100206","59000000","DITCH","tbcmp_PD_HA_IntHigh_2080","PD","HA","IntHigh","2080",13.967384555644
"03100206_59000000_LEMMON_STREET_DITCH",5400,6340,"LEMMON STREET DITCH","03100206","59000000","DITCH","tbcmp_PD_HA_IntHigh_2080","PD","HA","IntHigh","2080",6.26659246216
"03100206_59000000_LEMMON_STREET_DITCH",6110,1253,"LEMMON STREET DITCH","03100206","59000000","DITCH","tbcmp_PD_HA_IntHigh_2080","PD","HA","IntHigh","2080",1.238492169572
"03100206_59000000_LEMMON_STREET_DITCH",6120,9815,"LEMMON STREET DITCH","03100206","59000000","DITCH","tbcmp_PD_HA_IntHigh_2080","PD","HA","IntHigh","2080",9.70135725806
"03100206_59000000_LEMMON_STREET_DITCH",6410,4331,"LEMMON STREET DITCH","03100206","59000000","DITCH","tbcmp_PD_HA_IntHigh_2080","PD","HA","IntHigh","2080",4.280853620444
"03100206_59000000_LEMMON_STREET_DITCH",6420,1498,"LEMMON STREET DITCH","03100206","59000000","DITCH","tbcmp_PD_HA_IntHigh_2080","PD","HA","IntHigh","2080",1.480655442952
"03100206_59000000_LEMMON_STREET_DITCH",6600,3728,"LEMMON STREET DITCH","03100206","59000000","DITCH","tbcmp_PD_HA_IntHigh_2080","PD","HA","IntHigh","2080",3.684835441472
"03100206_59000000_LEMMON_STREET_DITCH",9113,1748,"LEMMON STREET DITCH","03100206","59000000","DITCH","tbcmp_PD_HA_IntHigh_2080","PD","HA","IntHigh","2080",1.727760823952
"03100206_60000000_FISH_CREEK",0,41,"FISH CREEK","03100206","60000000","DITCH","tbcmp_PD_HA_IntHigh_2080","PD","HA","IntHigh","2080",0.040525282484
"03100206_60000000_FISH_CREEK",1200,2156464,"FISH CREEK","03100206","60000000","DITCH","tbcmp_PD_HA_IntHigh_2080","PD","HA","IntHigh","2080",2131.49543333114
"03100206_60000000_FISH_CREEK",1800,87286,"FISH CREEK","03100206","60000000","DITCH","tbcmp_PD_HA_IntHigh_2080","PD","HA","IntHigh","2080",86.275361143864
"03100206_60000000_FISH_CREEK",1900,25488,"FISH CREEK","03100206","60000000","DITCH","tbcmp_PD_HA_IntHigh_2080","PD","HA","IntHigh","2080",25.192887803712
"03100206_60000000_FISH_CREEK",3200,4743,"FISH CREEK","03100206","60000000","DITCH","tbcmp_PD_HA_IntHigh_2080","PD","HA","IntHigh","2080",4.688083288332
"03100206_60000000_FISH_CREEK",4100,87921,"FISH CREEK","03100206","60000000","DITCH","tbcmp_PD_HA_IntHigh_2080","PD","HA","IntHigh","2080",86.903008811604
"03100206_60000000_FISH_CREEK",5200,23364,"FISH CREEK","03100206","60000000","DITCH","tbcmp_PD_HA_IntHigh_2080","PD","HA","IntHigh","2080",23.093480486736
"03100206_60000000_FISH_CREEK",5400,17128,"FISH CREEK","03100206","60000000","DITCH","tbcmp_PD_HA_IntHigh_2080","PD","HA","IntHigh","2080",16.929683863072
"03100206_60000000_FISH_CREEK",6110,25556,"FISH CREEK","03100206","60000000","DITCH","tbcmp_PD_HA_IntHigh_2080","PD","HA","IntHigh","2080",25.260100467344
"03100206_60000000_FISH_CREEK",6120,22592,"FISH CREEK","03100206","60000000","DITCH","tbcmp_PD_HA_IntHigh_2080","PD","HA","IntHigh","2080",22.330419070208
"03100206_60000000_FISH_CREEK",6410,8733,"FISH CREEK","03100206","60000000","DITCH","tbcmp_PD_HA_IntHigh_2080","PD","HA","IntHigh","2080",8.631885169092
"03100206_60000000_FISH_CREEK",6420,4035,"FISH CREEK","03100206","60000000","DITCH","tbcmp_PD_HA_IntHigh_2080","PD","HA","IntHigh","2080",3.98828084934
"03100206_60000000_FISH_CREEK",6600,8061,"FISH CREEK","03100206","60000000","DITCH","tbcmp_PD_HA_IntHigh_2080","PD","HA","IntHigh","2080",7.967665904964
"03100206_60000000_FISH_CREEK",9113,11576,"FISH CREEK","03100206","60000000","DITCH","tbcmp_PD_HA_IntHigh_2080","PD","HA","IntHigh","2080",11.441967561824
"03100206_61500000_SWEETWATER_CREEK",0,971,"SWEETWATER CREEK","03100206","61500000","STREAM","tbcmp_PD_HA_IntHigh_2080","PD","HA","IntHigh","2080",0.959757299804
"03100206_61500000_SWEETWATER_CREEK",1100,19812,"SWEETWATER CREEK","03100206","61500000","STREAM","tbcmp_PD_HA_IntHigh_2080","PD","HA","IntHigh","2080",19.582607233488
"03100206_61500000_SWEETWATER_CREEK",1200,5161665,"SWEETWATER CREEK","03100206","61500000","STREAM","tbcmp_PD_HA_IntHigh_2080","PD","HA","IntHigh","2080",5101.90078567746
"03100206_61500000_SWEETWATER_CREEK",1800,196933,"SWEETWATER CREEK","03100206","61500000","STREAM","tbcmp_PD_HA_IntHigh_2080","PD","HA","IntHigh","2080",194.652815985892
"03100206_61500000_SWEETWATER_CREEK",1820,733,"SWEETWATER CREEK","03100206","61500000","STREAM","tbcmp_PD_HA_IntHigh_2080","PD","HA","IntHigh","2080",0.724512977092
"03100206_61500000_SWEETWATER_CREEK",1900,241910,"SWEETWATER CREEK","03100206","61500000","STREAM","tbcmp_PD_HA_IntHigh_2080","PD","HA","IntHigh","2080",239.10905087084
"03100206_61500000_SWEETWATER_CREEK",4100,70584,"SWEETWATER CREEK","03100206","61500000","STREAM","tbcmp_PD_HA_IntHigh_2080","PD","HA","IntHigh","2080",69.766744850016
"03100206_61500000_SWEETWATER_CREEK",5200,151824,"SWEETWATER CREEK","03100206","61500000","STREAM","tbcmp_PD_HA_IntHigh_2080","PD","HA","IntHigh","2080",150.066109459776
"03100206_61500000_SWEETWATER_CREEK",5400,49368,"SWEETWATER CREEK","03100206","61500000","STREAM","tbcmp_PD_HA_IntHigh_2080","PD","HA","IntHigh","2080",48.796393796832
"03100206_61500000_SWEETWATER_CREEK",6110,101542,"SWEETWATER CREEK","03100206","61500000","STREAM","tbcmp_PD_HA_IntHigh_2080","PD","HA","IntHigh","2080",100.366298390008
"03100206_61500000_SWEETWATER_CREEK",6120,30631,"SWEETWATER CREEK","03100206","61500000","STREAM","tbcmp_PD_HA_IntHigh_2080","PD","HA","IntHigh","2080",30.276339701644
"03100206_61500000_SWEETWATER_CREEK",6410,51524,"SWEETWATER CREEK","03100206","61500000","STREAM","tbcmp_PD_HA_IntHigh_2080","PD","HA","IntHigh","2080",50.927430602576
"03100206_61500000_SWEETWATER_CREEK",6420,5073,"SWEETWATER CREEK","03100206","61500000","STREAM","tbcmp_PD_HA_IntHigh_2080","PD","HA","IntHigh","2080",5.014262391252
"03100206_61500000_SWEETWATER_CREEK",6600,12324,"SWEETWATER CREEK","03100206","61500000","STREAM","tbcmp_PD_HA_IntHigh_2080","PD","HA","IntHigh","2080",12.181306861776
"03100206_61500000_SWEETWATER_CREEK",9113,12360,"SWEETWATER CREEK","03100206","61500000","STREAM","tbcmp_PD_HA_IntHigh_2080","PD","HA","IntHigh","2080",12.21689003664
"03100206_62600000_PEPPER_MOUND_CREEK",1200,631315,"PEPPER MOUND CREEK","03100206","62600000","STREAM","tbcmp_PD_HA_IntHigh_2080","PD","HA","IntHigh","2080",624.00533442406
"03100206_62600000_PEPPER_MOUND_CREEK",1800,185,"PEPPER MOUND CREEK","03100206","62600000","STREAM","tbcmp_PD_HA_IntHigh_2080","PD","HA","IntHigh","2080",0.18285798194
"03100206_62600000_PEPPER_MOUND_CREEK",1900,6810,"PEPPER MOUND CREEK","03100206","62600000","STREAM","tbcmp_PD_HA_IntHigh_2080","PD","HA","IntHigh","2080",6.73115057844
"03100206_62600000_PEPPER_MOUND_CREEK",4100,23185,"PEPPER MOUND CREEK","03100206","62600000","STREAM","tbcmp_PD_HA_IntHigh_2080","PD","HA","IntHigh","2080",22.91655303394
"03100206_62600000_PEPPER_MOUND_CREEK",5200,4861,"PEPPER MOUND CREEK","03100206","62600000","STREAM","tbcmp_PD_HA_IntHigh_2080","PD","HA","IntHigh","2080",4.804717028164
"03100206_62600000_PEPPER_MOUND_CREEK",5400,217,"PEPPER MOUND CREEK","03100206","62600000","STREAM","tbcmp_PD_HA_IntHigh_2080","PD","HA","IntHigh","2080",0.214487470708
"03100206_62600000_PEPPER_MOUND_CREEK",6110,8273,"PEPPER MOUND CREEK","03100206","62600000","STREAM","tbcmp_PD_HA_IntHigh_2080","PD","HA","IntHigh","2080",8.177211268052
"03100206_62600000_PEPPER_MOUND_CREEK",6120,42546,"PEPPER MOUND CREEK","03100206","62600000","STREAM","tbcmp_PD_HA_IntHigh_2080","PD","HA","IntHigh","2080",42.053382160104
"03100206_62600000_PEPPER_MOUND_CREEK",6410,153,"PEPPER MOUND CREEK","03100206","62600000","STREAM","tbcmp_PD_HA_IntHigh_2080","PD","HA","IntHigh","2080",0.151228493172
"03100206_62600000_PEPPER_MOUND_CREEK",6420,4665,"PEPPER MOUND CREEK","03100206","62600000","STREAM","tbcmp_PD_HA_IntHigh_2080","PD","HA","IntHigh","2080",4.61098640946
"03100206_62600000_PEPPER_MOUND_CREEK",6600,2682,"PEPPER MOUND CREEK","03100206","62600000","STREAM","tbcmp_PD_HA_IntHigh_2080","PD","HA","IntHigh","2080",2.650946527368
"03100206_62600000_PEPPER_MOUND_CREEK",9113,2431,"PEPPER MOUND CREEK","03100206","62600000","STREAM","tbcmp_PD_HA_IntHigh_2080","PD","HA","IntHigh","2080",2.402852724844
"03100206_63000000_WOODS_CREEK",0,84,"WOODS CREEK","03100206","63000000","STREAM","tbcmp_PD_HA_IntHigh_2080","PD","HA","IntHigh","2080",0.083027408016
"03100206_63000000_WOODS_CREEK",1100,2588,"WOODS CREEK","03100206","63000000","STREAM","tbcmp_PD_HA_IntHigh_2080","PD","HA","IntHigh","2080",2.558034904112
"03100206_63000000_WOODS_CREEK",1200,162660,"WOODS CREEK","03100206","63000000","STREAM","tbcmp_PD_HA_IntHigh_2080","PD","HA","IntHigh","2080",160.77664509384
"03100206_63000000_WOODS_CREEK",5400,26030,"WOODS CREEK","03100206","63000000","STREAM","tbcmp_PD_HA_IntHigh_2080","PD","HA","IntHigh","2080",25.72861226972
"03100206_63000000_WOODS_CREEK",6110,10716,"WOODS CREEK","03100206","63000000","STREAM","tbcmp_PD_HA_IntHigh_2080","PD","HA","IntHigh","2080",10.591925051184
"03100206_63000000_WOODS_CREEK",6120,10446,"WOODS CREEK","03100206","63000000","STREAM","tbcmp_PD_HA_IntHigh_2080","PD","HA","IntHigh","2080",10.325051239704
"03100206_63000000_WOODS_CREEK",6420,309,"WOODS CREEK","03100206","63000000","STREAM","tbcmp_PD_HA_IntHigh_2080","PD","HA","IntHigh","2080",0.305422250916
"03100206_63000000_WOODS_CREEK",6425,41,"WOODS CREEK","03100206","63000000","STREAM","tbcmp_PD_HA_IntHigh_2080","PD","HA","IntHigh","2080",0.040525282484
"03100206_63000000_WOODS_CREEK",6510,254,"WOODS CREEK","03100206","63000000","STREAM","tbcmp_PD_HA_IntHigh_2080","PD","HA","IntHigh","2080",0.251059067096
"03100206_63000000_WOODS_CREEK",6600,314,"WOODS CREEK","03100206","63000000","STREAM","tbcmp_PD_HA_IntHigh_2080","PD","HA","IntHigh","2080",0.310364358536
"03100206_63000000_WOODS_CREEK",9113,3213,"WOODS CREEK","03100206","63000000","STREAM","tbcmp_PD_HA_IntHigh_2080","PD","HA","IntHigh","2080",3.175798356612
"03100206_63900000_WOODS_CREEK_TRIBUTARY",0,787,"WOODS CREEK TRIBUTARY","03100206","63900000","CANAL","tbcmp_PD_HA_IntHigh_2080","PD","HA","IntHigh","2080",0.777887739388
"03100206_63900000_WOODS_CREEK_TRIBUTARY",1200,245359,"WOODS CREEK TRIBUTARY","03100206","63900000","CANAL","tbcmp_PD_HA_IntHigh_2080","PD","HA","IntHigh","2080",242.518116707116
"03100206_63900000_WOODS_CREEK_TRIBUTARY",1900,244,"WOODS CREEK TRIBUTARY","03100206","63900000","CANAL","tbcmp_PD_HA_IntHigh_2080","PD","HA","IntHigh","2080",0.241174851856
"03100206_63900000_WOODS_CREEK_TRIBUTARY",5200,2655,"WOODS CREEK TRIBUTARY","03100206","63900000","CANAL","tbcmp_PD_HA_IntHigh_2080","PD","HA","IntHigh","2080",2.62425914622
"03100206_63900000_WOODS_CREEK_TRIBUTARY",5400,30933,"WOODS CREEK TRIBUTARY","03100206","63900000","CANAL","tbcmp_PD_HA_IntHigh_2080","PD","HA","IntHigh","2080",30.574843001892
"03100206_63900000_WOODS_CREEK_TRIBUTARY",6110,2344,"WOODS CREEK TRIBUTARY","03100206","63900000","CANAL","tbcmp_PD_HA_IntHigh_2080","PD","HA","IntHigh","2080",2.316860052256
"03100206_63900000_WOODS_CREEK_TRIBUTARY",6120,965,"WOODS CREEK TRIBUTARY","03100206","63900000","CANAL","tbcmp_PD_HA_IntHigh_2080","PD","HA","IntHigh","2080",0.95382677066
"03100206_63900000_WOODS_CREEK_TRIBUTARY",6420,61,"WOODS CREEK TRIBUTARY","03100206","63900000","CANAL","tbcmp_PD_HA_IntHigh_2080","PD","HA","IntHigh","2080",0.060293712964
"03100206_63900000_WOODS_CREEK_TRIBUTARY",6600,207,"WOODS CREEK TRIBUTARY","03100206","63900000","CANAL","tbcmp_PD_HA_IntHigh_2080","PD","HA","IntHigh","2080",0.204603255468
"03100206_63900000_WOODS_CREEK_TRIBUTARY",9113,2968,"WOODS CREEK TRIBUTARY","03100206","63900000","CANAL","tbcmp_PD_HA_IntHigh_2080","PD","HA","IntHigh","2080",2.933635083232
"03100206_64990000_CHANNEL_G",0,1584,"CHANNEL G","03100206","64990000","CANAL","tbcmp_PD_HA_IntHigh_2080","PD","HA","IntHigh","2080",1.565659694016
"03100206_64990000_CHANNEL_G",1100,15343,"CHANNEL G","03100206","64990000","CANAL","tbcmp_PD_HA_IntHigh_2080","PD","HA","IntHigh","2080",15.165351442732
"03100206_64990000_CHANNEL_G",1200,2175464,"CHANNEL G","03100206","64990000","CANAL","tbcmp_PD_HA_IntHigh_2080","PD","HA","IntHigh","2080",2150.27544228714
"03100206_64990000_CHANNEL_G",1800,2905,"CHANNEL G","03100206","64990000","CANAL","tbcmp_PD_HA_IntHigh_2080","PD","HA","IntHigh","2080",2.87136452722
"03100206_64990000_CHANNEL_G",1900,30504,"CHANNEL G","03100206","64990000","CANAL","tbcmp_PD_HA_IntHigh_2080","PD","HA","IntHigh","2080",30.150810168096
"03100206_64990000_CHANNEL_G",2100,8506,"CHANNEL G","03100206","64990000","CANAL","tbcmp_PD_HA_IntHigh_2080","PD","HA","IntHigh","2080",8.407513483144
"03100206_64990000_CHANNEL_G",3200,1104,"CHANNEL G","03100206","64990000","CANAL","tbcmp_PD_HA_IntHigh_2080","PD","HA","IntHigh","2080",1.091217362496
"03100206_64990000_CHANNEL_G",4100,46966,"CHANNEL G","03100206","64990000","CANAL","tbcmp_PD_HA_IntHigh_2080","PD","HA","IntHigh","2080",46.422205296184
"03100206_64990000_CHANNEL_G",5200,41426,"CHANNEL G","03100206","64990000","CANAL","tbcmp_PD_HA_IntHigh_2080","PD","HA","IntHigh","2080",40.946350053224
"03100206_64990000_CHANNEL_G",5400,171197,"CHANNEL G","03100206","64990000","CANAL","tbcmp_PD_HA_IntHigh_2080","PD","HA","IntHigh","2080",169.214799644228
"03100206_64990000_CHANNEL_G",6110,45448,"CHANNEL G","03100206","64990000","CANAL","tbcmp_PD_HA_IntHigh_2080","PD","HA","IntHigh","2080",44.921781422752
"03100206_64990000_CHANNEL_G",6120,8453,"CHANNEL G","03100206","64990000","CANAL","tbcmp_PD_HA_IntHigh_2080","PD","HA","IntHigh","2080",8.355127142372
"03100206_64990000_CHANNEL_G",6410,13520,"CHANNEL G","03100206","64990000","CANAL","tbcmp_PD_HA_IntHigh_2080","PD","HA","IntHigh","2080",13.36345900448
"03100206_64990000_CHANNEL_G",6420,52623,"CHANNEL G","03100206","64990000","CANAL","tbcmp_PD_HA_IntHigh_2080","PD","HA","IntHigh","2080",52.013705857452
"03100206_64990000_CHANNEL_G",6425,185455,"CHANNEL G","03100206","64990000","CANAL","tbcmp_PD_HA_IntHigh_2080","PD","HA","IntHigh","2080",183.30771373342
"03100206_64990000_CHANNEL_G",6510,73214,"CHANNEL G","03100206","64990000","CANAL","tbcmp_PD_HA_IntHigh_2080","PD","HA","IntHigh","2080",72.366293458136
"03100206_64990000_CHANNEL_G",6600,15171,"CHANNEL G","03100206","64990000","CANAL","tbcmp_PD_HA_IntHigh_2080","PD","HA","IntHigh","2080",14.995342940604
"03100206_64990000_CHANNEL_G",9113,158604,"CHANNEL G","03100206","64990000","CANAL","tbcmp_PD_HA_IntHigh_2080","PD","HA","IntHigh","2080",156.767607392496
"03100206_65500000_CHAPMAN_LAKE_OUTLET",1100,246782,"CHAPMAN LAKE OUTLET","03100206","65500000","STREAM","tbcmp_PD_HA_IntHigh_2080","PD","HA","IntHigh","2080",243.924640535768
"03100206_65500000_CHAPMAN_LAKE_OUTLET",1200,932877,"CHAPMAN LAKE OUTLET","03100206","65500000","STREAM","tbcmp_PD_HA_IntHigh_2080","PD","HA","IntHigh","2080",922.075706044548
"03100206_65500000_CHAPMAN_LAKE_OUTLET",1800,7110,"CHAPMAN LAKE OUTLET","03100206","65500000","STREAM","tbcmp_PD_HA_IntHigh_2080","PD","HA","IntHigh","2080",7.02767703564
"03100206_65500000_CHAPMAN_LAKE_OUTLET",1820,48207,"CHAPMAN LAKE OUTLET","03100206","65500000","STREAM","tbcmp_PD_HA_IntHigh_2080","PD","HA","IntHigh","2080",47.648836407468
"03100206_65500000_CHAPMAN_LAKE_OUTLET",1900,46311,"CHAPMAN LAKE OUTLET","03100206","65500000","STREAM","tbcmp_PD_HA_IntHigh_2080","PD","HA","IntHigh","2080",45.774789197964
"03100206_65500000_CHAPMAN_LAKE_OUTLET",2100,2559,"CHAPMAN LAKE OUTLET","03100206","65500000","STREAM","tbcmp_PD_HA_IntHigh_2080","PD","HA","IntHigh","2080",2.529370679916
"03100206_65500000_CHAPMAN_LAKE_OUTLET",4100,81329,"CHAPMAN LAKE OUTLET","03100206","65500000","STREAM","tbcmp_PD_HA_IntHigh_2080","PD","HA","IntHigh","2080",80.387334125396
"03100206_65500000_CHAPMAN_LAKE_OUTLET",4400,1595,"CHAPMAN LAKE OUTLET","03100206","65500000","STREAM","tbcmp_PD_HA_IntHigh_2080","PD","HA","IntHigh","2080",1.57653233078
"03100206_65500000_CHAPMAN_LAKE_OUTLET",5200,186814,"CHAPMAN LAKE OUTLET","03100206","65500000","STREAM","tbcmp_PD_HA_IntHigh_2080","PD","HA","IntHigh","2080",184.650978584536
"03100206_65500000_CHAPMAN_LAKE_OUTLET",6110,66250,"CHAPMAN LAKE OUTLET","03100206","65500000","STREAM","tbcmp_PD_HA_IntHigh_2080","PD","HA","IntHigh","2080",65.482925965
"03100206_65500000_CHAPMAN_LAKE_OUTLET",6410,166218,"CHAPMAN LAKE OUTLET","03100206","65500000","STREAM","tbcmp_PD_HA_IntHigh_2080","PD","HA","IntHigh","2080",164.293448876232
"03100206_65509900_SWEETWATER_CREEK",1100,333023,"SWEETWATER CREEK","03100206","65509900","STREAM","tbcmp_PD_HA_IntHigh_2080","PD","HA","IntHigh","2080",329.167101187052
"03100206_65509900_SWEETWATER_CREEK",1200,8579932,"SWEETWATER CREEK","03100206","65509900","STREAM","tbcmp_PD_HA_IntHigh_2080","PD","HA","IntHigh","2080",8480.58946325637
"03100206_65509900_SWEETWATER_CREEK",1800,86620,"SWEETWATER CREEK","03100206","65509900","STREAM","tbcmp_PD_HA_IntHigh_2080","PD","HA","IntHigh","2080",85.61707240888
"03100206_65509900_SWEETWATER_CREEK",1820,102404,"SWEETWATER CREEK","03100206","65509900","STREAM","tbcmp_PD_HA_IntHigh_2080","PD","HA","IntHigh","2080",101.218317743696
"03100206_65509900_SWEETWATER_CREEK",1900,240471,"SWEETWATER CREEK","03100206","65509900","STREAM","tbcmp_PD_HA_IntHigh_2080","PD","HA","IntHigh","2080",237.686712297804
"03100206_65509900_SWEETWATER_CREEK",2100,6840,"SWEETWATER CREEK","03100206","65509900","STREAM","tbcmp_PD_HA_IntHigh_2080","PD","HA","IntHigh","2080",6.76080322416
"03100206_65509900_SWEETWATER_CREEK",2200,12490,"SWEETWATER CREEK","03100206","65509900","STREAM","tbcmp_PD_HA_IntHigh_2080","PD","HA","IntHigh","2080",12.34538483476
"03100206_65509900_SWEETWATER_CREEK",3200,44248,"SWEETWATER CREEK","03100206","65509900","STREAM","tbcmp_PD_HA_IntHigh_2080","PD","HA","IntHigh","2080",43.735675593952
"03100206_65509900_SWEETWATER_CREEK",4100,64406,"SWEETWATER CREEK","03100206","65509900","STREAM","tbcmp_PD_HA_IntHigh_2080","PD","HA","IntHigh","2080",63.660276674744
"03100206_65509900_SWEETWATER_CREEK",5200,1300451,"SWEETWATER CREEK","03100206","65509900","STREAM","tbcmp_PD_HA_IntHigh_2080","PD","HA","IntHigh","2080",1285.39375930732
"03100206_65509900_SWEETWATER_CREEK",5400,14029,"SWEETWATER CREEK","03100206","65509900","STREAM","tbcmp_PD_HA_IntHigh_2080","PD","HA","IntHigh","2080",13.866565560196
"03100206_65509900_SWEETWATER_CREEK",6110,805726,"SWEETWATER CREEK","03100206","65509900","STREAM","tbcmp_PD_HA_IntHigh_2080","PD","HA","IntHigh","2080",796.396920846424
"03100206_65509900_SWEETWATER_CREEK",6120,58,"SWEETWATER CREEK","03100206","65509900","STREAM","tbcmp_PD_HA_IntHigh_2080","PD","HA","IntHigh","2080",0.057328448392
"03100206_65509900_SWEETWATER_CREEK",6410,419670,"SWEETWATER CREEK","03100206","65509900","STREAM","tbcmp_PD_HA_IntHigh_2080","PD","HA","IntHigh","2080",414.81086097708
"03100206_65509900_SWEETWATER_CREEK",6420,33,"SWEETWATER CREEK","03100206","65509900","STREAM","tbcmp_PD_HA_IntHigh_2080","PD","HA","IntHigh","2080",0.032617910292
"03100206_65509900_SWEETWATER_CREEK",6425,38,"SWEETWATER CREEK","03100206","65509900","STREAM","tbcmp_PD_HA_IntHigh_2080","PD","HA","IntHigh","2080",0.037560017912
"03100206_65509900_SWEETWATER_CREEK",6510,10,"SWEETWATER CREEK","03100206","65509900","STREAM","tbcmp_PD_HA_IntHigh_2080","PD","HA","IntHigh","2080",0.00988421524
"03100206_65509900_SWEETWATER_CREEK",6600,361,"SWEETWATER CREEK","03100206","65509900","STREAM","tbcmp_PD_HA_IntHigh_2080","PD","HA","IntHigh","2080",0.356820170164
"03100206_65509900_SWEETWATER_CREEK",9113,17,"SWEETWATER CREEK","03100206","65509900","STREAM","tbcmp_PD_HA_IntHigh_2080","PD","HA","IntHigh","2080",0.016803165908
"03100206_66000000_LAKE_LE_CLARE_DRAIN",1100,109689,"LAKE LE CLARE DRAIN","03100206","66000000","DRAIN","tbcmp_PD_HA_IntHigh_2080","PD","HA","IntHigh","2080",108.418968546036
"03100206_66000000_LAKE_LE_CLARE_DRAIN",1200,792393,"LAKE LE CLARE DRAIN","03100206","66000000","DRAIN","tbcmp_PD_HA_IntHigh_2080","PD","HA","IntHigh","2080",783.218296666932
"03100206_66000000_LAKE_LE_CLARE_DRAIN",1820,1253,"LAKE LE CLARE DRAIN","03100206","66000000","DRAIN","tbcmp_PD_HA_IntHigh_2080","PD","HA","IntHigh","2080",1.238492169572
"03100206_66000000_LAKE_LE_CLARE_DRAIN",1900,30703,"LAKE LE CLARE DRAIN","03100206","66000000","DRAIN","tbcmp_PD_HA_IntHigh_2080","PD","HA","IntHigh","2080",30.347506051372
"03100206_66000000_LAKE_LE_CLARE_DRAIN",2400,4055,"LAKE LE CLARE DRAIN","03100206","66000000","DRAIN","tbcmp_PD_HA_IntHigh_2080","PD","HA","IntHigh","2080",4.00804927982
"03100206_66000000_LAKE_LE_CLARE_DRAIN",4100,37789,"LAKE LE CLARE DRAIN","03100206","66000000","DRAIN","tbcmp_PD_HA_IntHigh_2080","PD","HA","IntHigh","2080",37.351460970436
"03100206_66000000_LAKE_LE_CLARE_DRAIN",5200,121956,"LAKE LE CLARE DRAIN","03100206","66000000","DRAIN","tbcmp_PD_HA_IntHigh_2080","PD","HA","IntHigh","2080",120.543935380944
"03100206_66000000_LAKE_LE_CLARE_DRAIN",6110,174163,"LAKE LE CLARE DRAIN","03100206","66000000","DRAIN","tbcmp_PD_HA_IntHigh_2080","PD","HA","IntHigh","2080",172.146457884412
"03100206_66000000_LAKE_LE_CLARE_DRAIN",6410,26288,"LAKE LE CLARE DRAIN","03100206","66000000","DRAIN","tbcmp_PD_HA_IntHigh_2080","PD","HA","IntHigh","2080",25.983625022912
"03100206_66700000_HORSE_LAKE",1100,27045,"HORSE LAKE","03100206","66700000","LAKE","tbcmp_PD_HA_IntHigh_2080","PD","HA","IntHigh","2080",26.73186011658
"03100206_66700000_HORSE_LAKE",1200,25701,"HORSE LAKE","03100206","66700000","LAKE","tbcmp_PD_HA_IntHigh_2080","PD","HA","IntHigh","2080",25.403421588324
"03100206_66700000_HORSE_LAKE",1820,13074,"HORSE LAKE","03100206","66700000","LAKE","tbcmp_PD_HA_IntHigh_2080","PD","HA","IntHigh","2080",12.922623004776
"03100206_66700000_HORSE_LAKE",1900,2328,"HORSE LAKE","03100206","66700000","LAKE","tbcmp_PD_HA_IntHigh_2080","PD","HA","IntHigh","2080",2.301045307872
"03100206_66700000_HORSE_LAKE",2100,3902,"HORSE LAKE","03100206","66700000","LAKE","tbcmp_PD_HA_IntHigh_2080","PD","HA","IntHigh","2080",3.856820786648
"03100206_66700000_HORSE_LAKE",2400,185,"HORSE LAKE","03100206","66700000","LAKE","tbcmp_PD_HA_IntHigh_2080","PD","HA","IntHigh","2080",0.18285798194
"03100206_66700000_HORSE_LAKE",4100,24471,"HORSE LAKE","03100206","66700000","LAKE","tbcmp_PD_HA_IntHigh_2080","PD","HA","IntHigh","2080",24.187663113804
"03100206_66700000_HORSE_LAKE",5200,17333,"HORSE LAKE","03100206","66700000","LAKE","tbcmp_PD_HA_IntHigh_2080","PD","HA","IntHigh","2080",17.132310275492
"03100206_66700000_HORSE_LAKE",6110,5821,"HORSE LAKE","03100206","66700000","LAKE","tbcmp_PD_HA_IntHigh_2080","PD","HA","IntHigh","2080",5.753601691204
"03100206_66700000_HORSE_LAKE",6410,8573,"HORSE LAKE","03100206","66700000","LAKE","tbcmp_PD_HA_IntHigh_2080","PD","HA","IntHigh","2080",8.473737725252
"03100206_66700000_SLOUGH",1100,228192,"SLOUGH","03100206","66700000","SLOUGH","tbcmp_PD_HA_IntHigh_2080","PD","HA","IntHigh","2080",225.549884404608
"03100206_66700000_SLOUGH",1200,231927,"SLOUGH","03100206","66700000","SLOUGH","tbcmp_PD_HA_IntHigh_2080","PD","HA","IntHigh","2080",229.241638796748
"03100206_66700000_SLOUGH",1820,1396,"SLOUGH","03100206","66700000","SLOUGH","tbcmp_PD_HA_IntHigh_2080","PD","HA","IntHigh","2080",1.379836447504
"03100206_66700000_SLOUGH",1900,36249,"SLOUGH","03100206","66700000","SLOUGH","tbcmp_PD_HA_IntHigh_2080","PD","HA","IntHigh","2080",35.829291823476
"03100206_66700000_SLOUGH",2100,74622,"SLOUGH","03100206","66700000","SLOUGH","tbcmp_PD_HA_IntHigh_2080","PD","HA","IntHigh","2080",73.757990963928
"03100206_66700000_SLOUGH",2400,14706,"SLOUGH","03100206","66700000","SLOUGH","tbcmp_PD_HA_IntHigh_2080","PD","HA","IntHigh","2080",14.535726931944
"03100206_66700000_SLOUGH",3200,13116,"SLOUGH","03100206","66700000","SLOUGH","tbcmp_PD_HA_IntHigh_2080","PD","HA","IntHigh","2080",12.964136708784
"03100206_66700000_SLOUGH",4100,18967,"SLOUGH","03100206","66700000","SLOUGH","tbcmp_PD_HA_IntHigh_2080","PD","HA","IntHigh","2080",18.747391045708
"03100206_66700000_SLOUGH",5200,24768,"SLOUGH","03100206","66700000","SLOUGH","tbcmp_PD_HA_IntHigh_2080","PD","HA","IntHigh","2080",24.481224306432
"03100206_66700000_SLOUGH",6110,127338,"SLOUGH","03100206","66700000","SLOUGH","tbcmp_PD_HA_IntHigh_2080","PD","HA","IntHigh","2080",125.863620023112
"03100206_66700000_SLOUGH",6410,28684,"SLOUGH","03100206","66700000","SLOUGH","tbcmp_PD_HA_IntHigh_2080","PD","HA","IntHigh","2080",28.351882994416
"03100206_66720000_HALFMOON_LAKE_DRAIN",1100,245973,"HALFMOON LAKE DRAIN","03100206","66720000","DRAIN","tbcmp_PD_HA_IntHigh_2080","PD","HA","IntHigh","2080",243.125007522852
"03100206_66720000_HALFMOON_LAKE_DRAIN",1200,322116,"HALFMOON LAKE DRAIN","03100206","66720000","DRAIN","tbcmp_PD_HA_IntHigh_2080","PD","HA","IntHigh","2080",318.386387624784
"03100206_66720000_HALFMOON_LAKE_DRAIN",1900,2740,"HALFMOON LAKE DRAIN","03100206","66720000","DRAIN","tbcmp_PD_HA_IntHigh_2080","PD","HA","IntHigh","2080",2.70827497576
"03100206_66720000_HALFMOON_LAKE_DRAIN",2400,8564,"HALFMOON LAKE DRAIN","03100206","66720000","DRAIN","tbcmp_PD_HA_IntHigh_2080","PD","HA","IntHigh","2080",8.464841931536
"03100206_66720000_HALFMOON_LAKE_DRAIN",4100,4684,"HALFMOON LAKE DRAIN","03100206","66720000","DRAIN","tbcmp_PD_HA_IntHigh_2080","PD","HA","IntHigh","2080",4.629766418416
"03100206_66720000_HALFMOON_LAKE_DRAIN",5200,77149,"HALFMOON LAKE DRAIN","03100206","66720000","DRAIN","tbcmp_PD_HA_IntHigh_2080","PD","HA","IntHigh","2080",76.255732155076
"03100206_66720000_HALFMOON_LAKE_DRAIN",6110,82637,"HALFMOON LAKE DRAIN","03100206","66720000","DRAIN","tbcmp_PD_HA_IntHigh_2080","PD","HA","IntHigh","2080",81.680189478788
"03100206_66720000_HALFMOON_LAKE_DRAIN",6410,8687,"HALFMOON LAKE DRAIN","03100206","66720000","DRAIN","tbcmp_PD_HA_IntHigh_2080","PD","HA","IntHigh","2080",8.586417778988
"03100206_66805000_LAKE_DRAINAGE_DITCH",1100,116255,"LAKE DRAINAGE DITCH","03100206","66805000","DITCH","tbcmp_PD_HA_IntHigh_2080","PD","HA","IntHigh","2080",114.90894427262
"03100206_66805000_LAKE_DRAINAGE_DITCH",1200,784851,"LAKE DRAINAGE DITCH","03100206","66805000","DITCH","tbcmp_PD_HA_IntHigh_2080","PD","HA","IntHigh","2080",775.763621532924
"03100206_66805000_LAKE_DRAINAGE_DITCH",1800,25451,"LAKE DRAINAGE DITCH","03100206","66805000","DITCH","tbcmp_PD_HA_IntHigh_2080","PD","HA","IntHigh","2080",25.156316207324
"03100206_66805000_LAKE_DRAINAGE_DITCH",1820,76434,"LAKE DRAINAGE DITCH","03100206","66805000","DITCH","tbcmp_PD_HA_IntHigh_2080","PD","HA","IntHigh","2080",75.549010765416
"03100206_66805000_LAKE_DRAINAGE_DITCH",1900,32496,"LAKE DRAINAGE DITCH","03100206","66805000","DITCH","tbcmp_PD_HA_IntHigh_2080","PD","HA","IntHigh","2080",32.119745843904
"03100206_66805000_LAKE_DRAINAGE_DITCH",2100,26524,"LAKE DRAINAGE DITCH","03100206","66805000","DITCH","tbcmp_PD_HA_IntHigh_2080","PD","HA","IntHigh","2080",26.216892502576
"03100206_66805000_LAKE_DRAINAGE_DITCH",2200,15996,"LAKE DRAINAGE DITCH","03100206","66805000","DITCH","tbcmp_PD_HA_IntHigh_2080","PD","HA","IntHigh","2080",15.810790697904
"03100206_66805000_LAKE_DRAINAGE_DITCH",2400,1275,"LAKE DRAINAGE DITCH","03100206","66805000","DITCH","tbcmp_PD_HA_IntHigh_2080","PD","HA","IntHigh","2080",1.2602374431
"03100206_66805000_LAKE_DRAINAGE_DITCH",4100,3653,"LAKE DRAINAGE DITCH","03100206","66805000","DITCH","tbcmp_PD_HA_IntHigh_2080","PD","HA","IntHigh","2080",3.610703827172
"03100206_66805000_LAKE_DRAINAGE_DITCH",4400,9669,"LAKE DRAINAGE DITCH","03100206","66805000","DITCH","tbcmp_PD_HA_IntHigh_2080","PD","HA","IntHigh","2080",9.557047715556
"03100206_66805000_LAKE_DRAINAGE_DITCH",5200,121522,"LAKE DRAINAGE DITCH","03100206","66805000","DITCH","tbcmp_PD_HA_IntHigh_2080","PD","HA","IntHigh","2080",120.114960439528
"03100206_66805000_LAKE_DRAINAGE_DITCH",6110,193288,"LAKE DRAINAGE DITCH","03100206","66805000","DITCH","tbcmp_PD_HA_IntHigh_2080","PD","HA","IntHigh","2080",191.050019530912
"03100206_66805000_LAKE_DRAINAGE_DITCH",6410,90344,"LAKE DRAINAGE DITCH","03100206","66805000","DITCH","tbcmp_PD_HA_IntHigh_2080","PD","HA","IntHigh","2080",89.297954164256
"03100206_66805099_DRAINAGE_CANAL",1100,310753,"DRAINAGE CANAL","03100206","66805099","CANAL","tbcmp_PD_HA_IntHigh_2080","PD","HA","IntHigh","2080",307.154953847572
"03100206_66805099_DRAINAGE_CANAL",1200,1513731,"DRAINAGE CANAL","03100206","66805099","CANAL","tbcmp_PD_HA_IntHigh_2080","PD","HA","IntHigh","2080",1496.20430194604
"03100206_66805099_DRAINAGE_CANAL",1800,32110,"DRAINAGE CANAL","03100206","66805099","CANAL","tbcmp_PD_HA_IntHigh_2080","PD","HA","IntHigh","2080",31.73821513564
"03100206_66805099_DRAINAGE_CANAL",1820,3482,"DRAINAGE CANAL","03100206","66805099","CANAL","tbcmp_PD_HA_IntHigh_2080","PD","HA","IntHigh","2080",3.441683746568
"03100206_66805099_DRAINAGE_CANAL",1900,48441,"DRAINAGE CANAL","03100206","66805099","CANAL","tbcmp_PD_HA_IntHigh_2080","PD","HA","IntHigh","2080",47.880127044084
"03100206_66805099_DRAINAGE_CANAL",2100,26643,"DRAINAGE CANAL","03100206","66805099","CANAL","tbcmp_PD_HA_IntHigh_2080","PD","HA","IntHigh","2080",26.334514663932
"03100206_66805099_DRAINAGE_CANAL",2400,18779,"DRAINAGE CANAL","03100206","66805099","CANAL","tbcmp_PD_HA_IntHigh_2080","PD","HA","IntHigh","2080",18.561567799196
"03100206_66805099_DRAINAGE_CANAL",4100,50910,"DRAINAGE CANAL","03100206","66805099","CANAL","tbcmp_PD_HA_IntHigh_2080","PD","HA","IntHigh","2080",50.32053978684
"03100206_66805099_DRAINAGE_CANAL",4400,18714,"DRAINAGE CANAL","03100206","66805099","CANAL","tbcmp_PD_HA_IntHigh_2080","PD","HA","IntHigh","2080",18.497320400136
"03100206_66805099_DRAINAGE_CANAL",5200,405800,"DRAINAGE CANAL","03100206","66805099","CANAL","tbcmp_PD_HA_IntHigh_2080","PD","HA","IntHigh","2080",401.1014544392
"03100206_66805099_DRAINAGE_CANAL",6110,272471,"DRAINAGE CANAL","03100206","66805099","CANAL","tbcmp_PD_HA_IntHigh_2080","PD","HA","IntHigh","2080",269.316201065804
"03100206_66805099_DRAINAGE_CANAL",6410,173342,"DRAINAGE CANAL","03100206","66805099","CANAL","tbcmp_PD_HA_IntHigh_2080","PD","HA","IntHigh","2080",171.334963813208
"03100206_66805500_DRAINAGE_DITCHES",1100,20312,"DRAINAGE DITCHES","03100206","66805500","DITCH","tbcmp_PD_HA_IntHigh_2080","PD","HA","IntHigh","2080",20.076817995488
"03100206_66805500_DRAINAGE_DITCHES",1200,560832,"DRAINAGE DITCHES","03100206","66805500","DITCH","tbcmp_PD_HA_IntHigh_2080","PD","HA","IntHigh","2080",554.338420147968
"03100206_66805500_DRAINAGE_DITCHES",1800,15504,"DRAINAGE DITCHES","03100206","66805500","DITCH","tbcmp_PD_HA_IntHigh_2080","PD","HA","IntHigh","2080",15.324487308096
"03100206_66805500_DRAINAGE_DITCHES",1820,29081,"DRAINAGE DITCHES","03100206","66805500","DITCH","tbcmp_PD_HA_IntHigh_2080","PD","HA","IntHigh","2080",28.744286339444
"03100206_66805500_DRAINAGE_DITCHES",2400,435,"DRAINAGE DITCHES","03100206","66805500","DITCH","tbcmp_PD_HA_IntHigh_2080","PD","HA","IntHigh","2080",0.42996336294
"03100206_66805500_DRAINAGE_DITCHES",5200,41693,"DRAINAGE DITCHES","03100206","66805500","DITCH","tbcmp_PD_HA_IntHigh_2080","PD","HA","IntHigh","2080",41.210258600132
"03100206_66805500_DRAINAGE_DITCHES",6110,102649,"DRAINAGE DITCHES","03100206","66805500","DITCH","tbcmp_PD_HA_IntHigh_2080","PD","HA","IntHigh","2080",101.460481017076
"03100206_66805500_DRAINAGE_DITCHES",6410,8908,"DRAINAGE DITCHES","03100206","66805500","DITCH","tbcmp_PD_HA_IntHigh_2080","PD","HA","IntHigh","2080",8.804858935792
"03100206_66809900_BRUSHY_CREEK",1100,344236,"BRUSHY CREEK","03100206","66809900","STREAM","tbcmp_PD_HA_IntHigh_2080","PD","HA","IntHigh","2080",340.250271735664
"03100206_66809900_BRUSHY_CREEK",1200,3017353,"BRUSHY CREEK","03100206","66809900","STREAM","tbcmp_PD_HA_IntHigh_2080","PD","HA","IntHigh","2080",2982.41665070597
"03100206_66809900_BRUSHY_CREEK",1800,79373,"BRUSHY CREEK","03100206","66809900","STREAM","tbcmp_PD_HA_IntHigh_2080","PD","HA","IntHigh","2080",78.453981624452
"03100206_66809900_BRUSHY_CREEK",1820,141549,"BRUSHY CREEK","03100206","66809900","STREAM","tbcmp_PD_HA_IntHigh_2080","PD","HA","IntHigh","2080",139.910078300676
"03100206_66809900_BRUSHY_CREEK",1900,134456,"BRUSHY CREEK","03100206","66809900","STREAM","tbcmp_PD_HA_IntHigh_2080","PD","HA","IntHigh","2080",132.899204430944
"03100206_66809900_BRUSHY_CREEK",2100,16885,"BRUSHY CREEK","03100206","66809900","STREAM","tbcmp_PD_HA_IntHigh_2080","PD","HA","IntHigh","2080",16.68949743274
"03100206_66809900_BRUSHY_CREEK",2400,2571,"BRUSHY CREEK","03100206","66809900","STREAM","tbcmp_PD_HA_IntHigh_2080","PD","HA","IntHigh","2080",2.541231738204
"03100206_66809900_BRUSHY_CREEK",3200,10213,"BRUSHY CREEK","03100206","66809900","STREAM","tbcmp_PD_HA_IntHigh_2080","PD","HA","IntHigh","2080",10.094749024612
"03100206_66809900_BRUSHY_CREEK",4100,263235,"BRUSHY CREEK","03100206","66809900","STREAM","tbcmp_PD_HA_IntHigh_2080","PD","HA","IntHigh","2080",260.18713987014
"03100206_66809900_BRUSHY_CREEK",5200,349683,"BRUSHY CREEK","03100206","66809900","STREAM","tbcmp_PD_HA_IntHigh_2080","PD","HA","IntHigh","2080",345.634203776892
"03100206_66809900_BRUSHY_CREEK",6110,655195,"BRUSHY CREEK","03100206","66809900","STREAM","tbcmp_PD_HA_IntHigh_2080","PD","HA","IntHigh","2080",647.60884041718
"03100206_66809900_BRUSHY_CREEK",6410,190932,"BRUSHY CREEK","03100206","66809900","STREAM","tbcmp_PD_HA_IntHigh_2080","PD","HA","IntHigh","2080",188.721298420368
"03100206_66980000_UPPER_ROCKY_CREEK",1100,889010,"UPPER ROCKY CREEK","03100206","66980000","STREAM","tbcmp_PD_HA_IntHigh_2080","PD","HA","IntHigh","2080",878.71661905124
"03100206_66980000_UPPER_ROCKY_CREEK",1200,3478587,"UPPER ROCKY CREEK","03100206","66980000","STREAM","tbcmp_PD_HA_IntHigh_2080","PD","HA","IntHigh","2080",3438.31026390659
"03100206_66980000_UPPER_ROCKY_CREEK",1800,76108,"UPPER ROCKY CREEK","03100206","66980000","STREAM","tbcmp_PD_HA_IntHigh_2080","PD","HA","IntHigh","2080",75.226785348592
"03100206_66980000_UPPER_ROCKY_CREEK",1820,330647,"UPPER ROCKY CREEK","03100206","66980000","STREAM","tbcmp_PD_HA_IntHigh_2080","PD","HA","IntHigh","2080",326.818611646028
"03100206_66980000_UPPER_ROCKY_CREEK",1900,444459,"UPPER ROCKY CREEK","03100206","66980000","STREAM","tbcmp_PD_HA_IntHigh_2080","PD","HA","IntHigh","2080",439.312842135516
"03100206_66980000_UPPER_ROCKY_CREEK",2100,282038,"UPPER ROCKY CREEK","03100206","66980000","STREAM","tbcmp_PD_HA_IntHigh_2080","PD","HA","IntHigh","2080",278.772429785912
"03100206_66980000_UPPER_ROCKY_CREEK",2200,7516,"UPPER ROCKY CREEK","03100206","66980000","STREAM","tbcmp_PD_HA_IntHigh_2080","PD","HA","IntHigh","2080",7.428976174384
"03100206_66980000_UPPER_ROCKY_CREEK",2400,24904,"UPPER ROCKY CREEK","03100206","66980000","STREAM","tbcmp_PD_HA_IntHigh_2080","PD","HA","IntHigh","2080",24.615649633696
"03100206_66980000_UPPER_ROCKY_CREEK",3200,84103,"UPPER ROCKY CREEK","03100206","66980000","STREAM","tbcmp_PD_HA_IntHigh_2080","PD","HA","IntHigh","2080",83.129215432972
"03100206_66980000_UPPER_ROCKY_CREEK",4100,185587,"UPPER ROCKY CREEK","03100206","66980000","STREAM","tbcmp_PD_HA_IntHigh_2080","PD","HA","IntHigh","2080",183.438185374588
"03100206_66980000_UPPER_ROCKY_CREEK",4400,156415,"UPPER ROCKY CREEK","03100206","66980000","STREAM","tbcmp_PD_HA_IntHigh_2080","PD","HA","IntHigh","2080",154.60395267646
"03100206_66980000_UPPER_ROCKY_CREEK",5200,1219782,"UPPER ROCKY CREEK","03100206","66980000","STREAM","tbcmp_PD_HA_IntHigh_2080","PD","HA","IntHigh","2080",1205.65878338777
"03100206_66980000_UPPER_ROCKY_CREEK",6110,1882242,"UPPER ROCKY CREEK","03100206","66980000","STREAM","tbcmp_PD_HA_IntHigh_2080","PD","HA","IntHigh","2080",1860.44850617681
"03100206_66980000_UPPER_ROCKY_CREEK",6410,483167,"UPPER ROCKY CREEK","03100206","66980000","STREAM","tbcmp_PD_HA_IntHigh_2080","PD","HA","IntHigh","2080",477.572662486508
"03100206_66990000_LOWER_ROCKY_CREEK",1100,659802,"LOWER ROCKY CREEK","03100206","66990000","STREAM","tbcmp_PD_HA_IntHigh_2080","PD","HA","IntHigh","2080",652.162498378248
"03100206_66990000_LOWER_ROCKY_CREEK",1200,4366722,"LOWER ROCKY CREEK","03100206","66990000","STREAM","tbcmp_PD_HA_IntHigh_2080","PD","HA","IntHigh","2080",4316.16201412433
"03100206_66990000_LOWER_ROCKY_CREEK",1800,129301,"LOWER ROCKY CREEK","03100206","66990000","STREAM","tbcmp_PD_HA_IntHigh_2080","PD","HA","IntHigh","2080",127.803891474724
"03100206_66990000_LOWER_ROCKY_CREEK",1820,82640,"LOWER ROCKY CREEK","03100206","66990000","STREAM","tbcmp_PD_HA_IntHigh_2080","PD","HA","IntHigh","2080",81.68315474336
"03100206_66990000_LOWER_ROCKY_CREEK",1900,185811,"LOWER ROCKY CREEK","03100206","66990000","STREAM","tbcmp_PD_HA_IntHigh_2080","PD","HA","IntHigh","2080",183.659591795964
"03100206_66990000_LOWER_ROCKY_CREEK",2100,8738,"LOWER ROCKY CREEK","03100206","66990000","STREAM","tbcmp_PD_HA_IntHigh_2080","PD","HA","IntHigh","2080",8.636827276712
"03100206_66990000_LOWER_ROCKY_CREEK",2400,10656,"LOWER ROCKY CREEK","03100206","66990000","STREAM","tbcmp_PD_HA_IntHigh_2080","PD","HA","IntHigh","2080",10.532619759744
"03100206_66990000_LOWER_ROCKY_CREEK",3200,116156,"LOWER ROCKY CREEK","03100206","66990000","STREAM","tbcmp_PD_HA_IntHigh_2080","PD","HA","IntHigh","2080",114.811090541744
"03100206_66990000_LOWER_ROCKY_CREEK",4100,66226,"LOWER ROCKY CREEK","03100206","66990000","STREAM","tbcmp_PD_HA_IntHigh_2080","PD","HA","IntHigh","2080",65.459203848424
"03100206_66990000_LOWER_ROCKY_CREEK",5200,536228,"LOWER ROCKY CREEK","03100206","66990000","STREAM","tbcmp_PD_HA_IntHigh_2080","PD","HA","IntHigh","2080",530.019296971472
"03100206_66990000_LOWER_ROCKY_CREEK",5400,83754,"LOWER ROCKY CREEK","03100206","66990000","STREAM","tbcmp_PD_HA_IntHigh_2080","PD","HA","IntHigh","2080",82.784256321096
"03100206_66990000_LOWER_ROCKY_CREEK",6110,1016936,"LOWER ROCKY CREEK","03100206","66990000","STREAM","tbcmp_PD_HA_IntHigh_2080","PD","HA","IntHigh","2080",1005.16143093046
"03100206_66990000_LOWER_ROCKY_CREEK",6410,183496,"LOWER ROCKY CREEK","03100206","66990000","STREAM","tbcmp_PD_HA_IntHigh_2080","PD","HA","IntHigh","2080",181.371395967904
"03100206_66990000_LOWER_ROCKY_CREEK",6420,1136,"LOWER ROCKY CREEK","03100206","66990000","STREAM","tbcmp_PD_HA_IntHigh_2080","PD","HA","IntHigh","2080",1.122846851264
"03100206_66990000_LOWER_ROCKY_CREEK",6425,16628,"LOWER ROCKY CREEK","03100206","66990000","STREAM","tbcmp_PD_HA_IntHigh_2080","PD","HA","IntHigh","2080",16.435473101072
"03100206_66990000_LOWER_ROCKY_CREEK",6510,2661,"LOWER ROCKY CREEK","03100206","66990000","STREAM","tbcmp_PD_HA_IntHigh_2080","PD","HA","IntHigh","2080",2.630189675364
"03100206_66990000_LOWER_ROCKY_CREEK",6600,3263,"LOWER ROCKY CREEK","03100206","66990000","STREAM","tbcmp_PD_HA_IntHigh_2080","PD","HA","IntHigh","2080",3.225219432812
"03100206_66990000_LOWER_ROCKY_CREEK",9113,16685,"LOWER ROCKY CREEK","03100206","66990000","STREAM","tbcmp_PD_HA_IntHigh_2080","PD","HA","IntHigh","2080",16.49181312794
"03100206_67000000_DOUBLE_BRANCH",0,71,"DOUBLE BRANCH","03100206","67000000","STREAM","tbcmp_PD_HA_IntHigh_2080","PD","HA","IntHigh","2080",0.070177928204
"03100206_67000000_DOUBLE_BRANCH",1100,1053523,"DOUBLE BRANCH","03100206","67000000","STREAM","tbcmp_PD_HA_IntHigh_2080","PD","HA","IntHigh","2080",1041.32480922905
"03100206_67000000_DOUBLE_BRANCH",1200,5856607,"DOUBLE BRANCH","03100206","67000000","STREAM","tbcmp_PD_HA_IntHigh_2080","PD","HA","IntHigh","2080",5788.79641640907
"03100206_67000000_DOUBLE_BRANCH",1800,411795,"DOUBLE BRANCH","03100206","67000000","STREAM","tbcmp_PD_HA_IntHigh_2080","PD","HA","IntHigh","2080",407.02704147558
"03100206_67000000_DOUBLE_BRANCH",1820,391650,"DOUBLE BRANCH","03100206","67000000","STREAM","tbcmp_PD_HA_IntHigh_2080","PD","HA","IntHigh","2080",387.1152898746
"03100206_67000000_DOUBLE_BRANCH",1900,655630,"DOUBLE BRANCH","03100206","67000000","STREAM","tbcmp_PD_HA_IntHigh_2080","PD","HA","IntHigh","2080",648.03880378012
"03100206_67000000_DOUBLE_BRANCH",2100,505859,"DOUBLE BRANCH","03100206","67000000","STREAM","tbcmp_PD_HA_IntHigh_2080","PD","HA","IntHigh","2080",500.001923709116
"03100206_67000000_DOUBLE_BRANCH",2400,19884,"DOUBLE BRANCH","03100206","67000000","STREAM","tbcmp_PD_HA_IntHigh_2080","PD","HA","IntHigh","2080",19.653773583216
"03100206_67000000_DOUBLE_BRANCH",3200,441787,"DOUBLE BRANCH","03100206","67000000","STREAM","tbcmp_PD_HA_IntHigh_2080","PD","HA","IntHigh","2080",436.671779823388
"03100206_67000000_DOUBLE_BRANCH",4100,1828144,"DOUBLE BRANCH","03100206","67000000","STREAM","tbcmp_PD_HA_IntHigh_2080","PD","HA","IntHigh","2080",1806.97687857146
"03100206_67000000_DOUBLE_BRANCH",4400,12779,"DOUBLE BRANCH","03100206","67000000","STREAM","tbcmp_PD_HA_IntHigh_2080","PD","HA","IntHigh","2080",12.631038655196
"03100206_67000000_DOUBLE_BRANCH",5200,1147769,"DOUBLE BRANCH","03100206","67000000","STREAM","tbcmp_PD_HA_IntHigh_2080","PD","HA","IntHigh","2080",1134.47958417996
"03100206_67000000_DOUBLE_BRANCH",5400,232336,"DOUBLE BRANCH","03100206","67000000","STREAM","tbcmp_PD_HA_IntHigh_2080","PD","HA","IntHigh","2080",229.645903200064
"03100206_67000000_DOUBLE_BRANCH",6110,2882158,"DOUBLE BRANCH","03100206","67000000","STREAM","tbcmp_PD_HA_IntHigh_2080","PD","HA","IntHigh","2080",2848.78700276879
"03100206_67000000_DOUBLE_BRANCH",6120,222557,"DOUBLE BRANCH","03100206","67000000","STREAM","tbcmp_PD_HA_IntHigh_2080","PD","HA","IntHigh","2080",219.980129116868
"03100206_67000000_DOUBLE_BRANCH",6410,852825,"DOUBLE BRANCH","03100206","67000000","STREAM","tbcmp_PD_HA_IntHigh_2080","PD","HA","IntHigh","2080",842.9505862053
"03100206_67000000_DOUBLE_BRANCH",6420,73602,"DOUBLE BRANCH","03100206","67000000","STREAM","tbcmp_PD_HA_IntHigh_2080","PD","HA","IntHigh","2080",72.749801009448
"03100206_67000000_DOUBLE_BRANCH",6425,229011,"DOUBLE BRANCH","03100206","67000000","STREAM","tbcmp_PD_HA_IntHigh_2080","PD","HA","IntHigh","2080",226.359401632764
"03100206_67000000_DOUBLE_BRANCH",6510,89874,"DOUBLE BRANCH","03100206","67000000","STREAM","tbcmp_PD_HA_IntHigh_2080","PD","HA","IntHigh","2080",88.833396047976
"03100206_67000000_DOUBLE_BRANCH",6600,124967,"DOUBLE BRANCH","03100206","67000000","STREAM","tbcmp_PD_HA_IntHigh_2080","PD","HA","IntHigh","2080",123.520072589708
"03100206_67000000_DOUBLE_BRANCH",9113,399193,"DOUBLE BRANCH","03100206","67000000","STREAM","tbcmp_PD_HA_IntHigh_2080","PD","HA","IntHigh","2080",394.570953430132
"03100206_68000000_BOAT_BAYOU",0,103,"BOAT BAYOU","03100206","68000000","BAYOU","tbcmp_PD_HA_IntHigh_2080","PD","HA","IntHigh","2080",0.101807416972
"03100206_68000000_BOAT_BAYOU",1100,31260,"BOAT BAYOU","03100206","68000000","BAYOU","tbcmp_PD_HA_IntHigh_2080","PD","HA","IntHigh","2080",30.89805684024
"03100206_68000000_BOAT_BAYOU",1200,141742,"BOAT BAYOU","03100206","68000000","BAYOU","tbcmp_PD_HA_IntHigh_2080","PD","HA","IntHigh","2080",140.100843654808
"03100206_68000000_BOAT_BAYOU",1800,232,"BOAT BAYOU","03100206","68000000","BAYOU","tbcmp_PD_HA_IntHigh_2080","PD","HA","IntHigh","2080",0.229313793568
"03100206_68000000_BOAT_BAYOU",1900,889,"BOAT BAYOU","03100206","68000000","BAYOU","tbcmp_PD_HA_IntHigh_2080","PD","HA","IntHigh","2080",0.878706734836
"03100206_68000000_BOAT_BAYOU",2100,20878,"BOAT BAYOU","03100206","68000000","BAYOU","tbcmp_PD_HA_IntHigh_2080","PD","HA","IntHigh","2080",20.636264578072
"03100206_68000000_BOAT_BAYOU",3200,24,"BOAT BAYOU","03100206","68000000","BAYOU","tbcmp_PD_HA_IntHigh_2080","PD","HA","IntHigh","2080",0.023722116576
"03100206_68000000_BOAT_BAYOU",4100,33914,"BOAT BAYOU","03100206","68000000","BAYOU","tbcmp_PD_HA_IntHigh_2080","PD","HA","IntHigh","2080",33.521327564936
"03100206_68000000_BOAT_BAYOU",5200,4604,"BOAT BAYOU","03100206","68000000","BAYOU","tbcmp_PD_HA_IntHigh_2080","PD","HA","IntHigh","2080",4.550692696496
"03100206_68000000_BOAT_BAYOU",5400,19823,"BOAT BAYOU","03100206","68000000","BAYOU","tbcmp_PD_HA_IntHigh_2080","PD","HA","IntHigh","2080",19.593479870252
"03100206_68000000_BOAT_BAYOU",6110,143,"BOAT BAYOU","03100206","68000000","BAYOU","tbcmp_PD_HA_IntHigh_2080","PD","HA","IntHigh","2080",0.141344277932
"03100206_68000000_BOAT_BAYOU",6120,161251,"BOAT BAYOU","03100206","68000000","BAYOU","tbcmp_PD_HA_IntHigh_2080","PD","HA","IntHigh","2080",159.383959166524
"03100206_68000000_BOAT_BAYOU",6410,931,"BOAT BAYOU","03100206","68000000","BAYOU","tbcmp_PD_HA_IntHigh_2080","PD","HA","IntHigh","2080",0.920220438844
"03100206_68000000_BOAT_BAYOU",6420,18768,"BOAT BAYOU","03100206","68000000","BAYOU","tbcmp_PD_HA_IntHigh_2080","PD","HA","IntHigh","2080",18.550695162432
"03100206_68000000_BOAT_BAYOU",6425,4307,"BOAT BAYOU","03100206","68000000","BAYOU","tbcmp_PD_HA_IntHigh_2080","PD","HA","IntHigh","2080",4.257131503868
"03100206_68000000_BOAT_BAYOU",6510,381,"BOAT BAYOU","03100206","68000000","BAYOU","tbcmp_PD_HA_IntHigh_2080","PD","HA","IntHigh","2080",0.376588600644
"03100206_68000000_BOAT_BAYOU",6600,40361,"BOAT BAYOU","03100206","68000000","BAYOU","tbcmp_PD_HA_IntHigh_2080","PD","HA","IntHigh","2080",39.893681130164
"03100206_68000000_BOAT_BAYOU",9113,43234,"BOAT BAYOU","03100206","68000000","BAYOU","tbcmp_PD_HA_IntHigh_2080","PD","HA","IntHigh","2080",42.733416168616
"03100206_69000000_MOBBLY_BAYOU",0,214,"MOBBLY BAYOU","03100206","69000000","BAYOU","tbcmp_PD_HA_IntHigh_2080","PD","HA","IntHigh","2080",0.211522206136
"03100206_69000000_MOBBLY_BAYOU",1100,82507,"MOBBLY BAYOU","03100206","69000000","BAYOU","tbcmp_PD_HA_IntHigh_2080","PD","HA","IntHigh","2080",81.551694680668
"03100206_69000000_MOBBLY_BAYOU",1200,1039281,"MOBBLY BAYOU","03100206","69000000","BAYOU","tbcmp_PD_HA_IntHigh_2080","PD","HA","IntHigh","2080",1027.24770988424
"03100206_69000000_MOBBLY_BAYOU",1800,29292,"MOBBLY BAYOU","03100206","69000000","BAYOU","tbcmp_PD_HA_IntHigh_2080","PD","HA","IntHigh","2080",28.952843281008
"03100206_69000000_MOBBLY_BAYOU",1900,22724,"MOBBLY BAYOU","03100206","69000000","BAYOU","tbcmp_PD_HA_IntHigh_2080","PD","HA","IntHigh","2080",22.460890711376
"03100206_69000000_MOBBLY_BAYOU",3200,29474,"MOBBLY BAYOU","03100206","69000000","BAYOU","tbcmp_PD_HA_IntHigh_2080","PD","HA","IntHigh","2080",29.132735998376
"03100206_69000000_MOBBLY_BAYOU",4100,56121,"MOBBLY BAYOU","03100206","69000000","BAYOU","tbcmp_PD_HA_IntHigh_2080","PD","HA","IntHigh","2080",55.471204348404
"03100206_69000000_MOBBLY_BAYOU",5200,26112,"MOBBLY BAYOU","03100206","69000000","BAYOU","tbcmp_PD_HA_IntHigh_2080","PD","HA","IntHigh","2080",25.809662834688
"03100206_69000000_MOBBLY_BAYOU",5400,84601,"MOBBLY BAYOU","03100206","69000000","BAYOU","tbcmp_PD_HA_IntHigh_2080","PD","HA","IntHigh","2080",83.621449351924
"03100206_69000000_MOBBLY_BAYOU",6110,22441,"MOBBLY BAYOU","03100206","69000000","BAYOU","tbcmp_PD_HA_IntHigh_2080","PD","HA","IntHigh","2080",22.181167420084
"03100206_69000000_MOBBLY_BAYOU",6120,298132,"MOBBLY BAYOU","03100206","69000000","BAYOU","tbcmp_PD_HA_IntHigh_2080","PD","HA","IntHigh","2080",294.680085793168
"03100206_69000000_MOBBLY_BAYOU",6410,19477,"MOBBLY BAYOU","03100206","69000000","BAYOU","tbcmp_PD_HA_IntHigh_2080","PD","HA","IntHigh","2080",19.251486022948
"03100206_69000000_MOBBLY_BAYOU",6420,21391,"MOBBLY BAYOU","03100206","69000000","BAYOU","tbcmp_PD_HA_IntHigh_2080","PD","HA","IntHigh","2080",21.143324819884
"03100206_69000000_MOBBLY_BAYOU",6600,38887,"MOBBLY BAYOU","03100206","69000000","BAYOU","tbcmp_PD_HA_IntHigh_2080","PD","HA","IntHigh","2080",38.436747803788
"03100206_69000000_MOBBLY_BAYOU",9113,72790,"MOBBLY BAYOU","03100206","69000000","BAYOU","tbcmp_PD_HA_IntHigh_2080","PD","HA","IntHigh","2080",71.94720273196
"03100206_70000000_MOCCASIN_CREEK",0,109,"MOCCASIN CREEK","03100206","70000000","STREAM","tbcmp_PD_HA_IntHigh_2080","PD","HA","IntHigh","2080",0.107737946116
"03100206_70000000_MOCCASIN_CREEK",1200,1397173,"MOCCASIN CREEK","03100206","70000000","STREAM","tbcmp_PD_HA_IntHigh_2080","PD","HA","IntHigh","2080",1380.99586595165
"03100206_70000000_MOCCASIN_CREEK",1800,14498,"MOCCASIN CREEK","03100206","70000000","STREAM","tbcmp_PD_HA_IntHigh_2080","PD","HA","IntHigh","2080",14.330135254952
"03100206_70000000_MOCCASIN_CREEK",1820,94825,"MOCCASIN CREEK","03100206","70000000","STREAM","tbcmp_PD_HA_IntHigh_2080","PD","HA","IntHigh","2080",93.7270710133
"03100206_70000000_MOCCASIN_CREEK",1900,46344,"MOCCASIN CREEK","03100206","70000000","STREAM","tbcmp_PD_HA_IntHigh_2080","PD","HA","IntHigh","2080",45.807407108256
"03100206_70000000_MOCCASIN_CREEK",3200,38967,"MOCCASIN CREEK","03100206","70000000","STREAM","tbcmp_PD_HA_IntHigh_2080","PD","HA","IntHigh","2080",38.515821525708
"03100206_70000000_MOCCASIN_CREEK",4100,268801,"MOCCASIN CREEK","03100206","70000000","STREAM","tbcmp_PD_HA_IntHigh_2080","PD","HA","IntHigh","2080",265.688694072724
"03100206_70000000_MOCCASIN_CREEK",5200,99444,"MOCCASIN CREEK","03100206","70000000","STREAM","tbcmp_PD_HA_IntHigh_2080","PD","HA","IntHigh","2080",98.292590032656
"03100206_70000000_MOCCASIN_CREEK",5400,43820,"MOCCASIN CREEK","03100206","70000000","STREAM","tbcmp_PD_HA_IntHigh_2080","PD","HA","IntHigh","2080",43.31263118168
"03100206_70000000_MOCCASIN_CREEK",6110,697207,"MOCCASIN CREEK","03100206","70000000","STREAM","tbcmp_PD_HA_IntHigh_2080","PD","HA","IntHigh","2080",689.134405483468
"03100206_70000000_MOCCASIN_CREEK",6120,43300,"MOCCASIN CREEK","03100206","70000000","STREAM","tbcmp_PD_HA_IntHigh_2080","PD","HA","IntHigh","2080",42.7986519892
"03100206_70000000_MOCCASIN_CREEK",6410,60875,"MOCCASIN CREEK","03100206","70000000","STREAM","tbcmp_PD_HA_IntHigh_2080","PD","HA","IntHigh","2080",60.1701602735
"03100206_70000000_MOCCASIN_CREEK",6420,13729,"MOCCASIN CREEK","03100206","70000000","STREAM","tbcmp_PD_HA_IntHigh_2080","PD","HA","IntHigh","2080",13.570039102996
"03100206_70000000_MOCCASIN_CREEK",6600,9446,"MOCCASIN CREEK","03100206","70000000","STREAM","tbcmp_PD_HA_IntHigh_2080","PD","HA","IntHigh","2080",9.336629715704
"03100206_70000000_MOCCASIN_CREEK",9113,15783,"MOCCASIN CREEK","03100206","70000000","STREAM","tbcmp_PD_HA_IntHigh_2080","PD","HA","IntHigh","2080",15.600256913292
"03100206_71000000_LAKE_TARPON",1100,763936,"LAKE TARPON","03100206","71000000","LAKE","tbcmp_PD_HA_IntHigh_2080","PD","HA","IntHigh","2080",755.090785358464
"03100206_71000000_LAKE_TARPON",1200,4288669,"LAKE TARPON","03100206","71000000","LAKE","tbcmp_PD_HA_IntHigh_2080","PD","HA","IntHigh","2080",4239.01274891155
"03100206_71000000_LAKE_TARPON",1800,273516,"LAKE TARPON","03100206","71000000","LAKE","tbcmp_PD_HA_IntHigh_2080","PD","HA","IntHigh","2080",270.349101558384
"03100206_71000000_LAKE_TARPON",1820,267878,"LAKE TARPON","03100206","71000000","LAKE","tbcmp_PD_HA_IntHigh_2080","PD","HA","IntHigh","2080",264.776381006072
"03100206_71000000_LAKE_TARPON",1900,92966,"LAKE TARPON","03100206","71000000","LAKE","tbcmp_PD_HA_IntHigh_2080","PD","HA","IntHigh","2080",91.889595400184
"03100206_71000000_LAKE_TARPON",2400,473,"LAKE TARPON","03100206","71000000","LAKE","tbcmp_PD_HA_IntHigh_2080","PD","HA","IntHigh","2080",0.467523380852
"03100206_71000000_LAKE_TARPON",4100,125711,"LAKE TARPON","03100206","71000000","LAKE","tbcmp_PD_HA_IntHigh_2080","PD","HA","IntHigh","2080",124.255458203564
"03100206_71000000_LAKE_TARPON",5200,226691,"LAKE TARPON","03100206","71000000","LAKE","tbcmp_PD_HA_IntHigh_2080","PD","HA","IntHigh","2080",224.066263697084
"03100206_71000000_LAKE_TARPON",5400,2624748,"LAKE TARPON","03100206","71000000","LAKE","tbcmp_PD_HA_IntHigh_2080","PD","HA","IntHigh","2080",2594.35741827595
"03100206_71000000_LAKE_TARPON",6110,899676,"LAKE TARPON","03100206","71000000","LAKE","tbcmp_PD_HA_IntHigh_2080","PD","HA","IntHigh","2080",889.259123026224
"03100206_71000000_LAKE_TARPON",6120,161635,"LAKE TARPON","03100206","71000000","LAKE","tbcmp_PD_HA_IntHigh_2080","PD","HA","IntHigh","2080",159.76351303174
"03100206_71000000_LAKE_TARPON",6410,107294,"LAKE TARPON","03100206","71000000","LAKE","tbcmp_PD_HA_IntHigh_2080","PD","HA","IntHigh","2080",106.051698996056
"03100206_71000000_LAKE_TARPON",6420,72214,"LAKE TARPON","03100206","71000000","LAKE","tbcmp_PD_HA_IntHigh_2080","PD","HA","IntHigh","2080",71.377871934136
"03100206_71000000_LAKE_TARPON",6425,54866,"LAKE TARPON","03100206","71000000","LAKE","tbcmp_PD_HA_IntHigh_2080","PD","HA","IntHigh","2080",54.230735335784
"03100206_71000000_LAKE_TARPON",6510,3329,"LAKE TARPON","03100206","71000000","LAKE","tbcmp_PD_HA_IntHigh_2080","PD","HA","IntHigh","2080",3.290455253396
"03100206_71000000_LAKE_TARPON",6600,150529,"LAKE TARPON","03100206","71000000","LAKE","tbcmp_PD_HA_IntHigh_2080","PD","HA","IntHigh","2080",148.786103586196
"03100206_71000000_LAKE_TARPON",9113,33172,"LAKE TARPON","03100206","71000000","LAKE","tbcmp_PD_HA_IntHigh_2080","PD","HA","IntHigh","2080",32.787918794128
"03100206_71505000_SUNSET_LAKE_OUTLET",1100,91986,"SUNSET LAKE OUTLET","03100206","71505000","OUTLET","tbcmp_PD_HA_IntHigh_2080","PD","HA","IntHigh","2080",90.920942306664
"03100206_71505000_SUNSET_LAKE_OUTLET",1200,13536,"SUNSET LAKE OUTLET","03100206","71505000","OUTLET","tbcmp_PD_HA_IntHigh_2080","PD","HA","IntHigh","2080",13.379273748864
"03100206_71505000_SUNSET_LAKE_OUTLET",1900,32558,"SUNSET LAKE OUTLET","03100206","71505000","OUTLET","tbcmp_PD_HA_IntHigh_2080","PD","HA","IntHigh","2080",32.181027978392
"03100206_71505000_SUNSET_LAKE_OUTLET",2100,16729,"SUNSET LAKE OUTLET","03100206","71505000","OUTLET","tbcmp_PD_HA_IntHigh_2080","PD","HA","IntHigh","2080",16.535303674996
"03100206_71505000_SUNSET_LAKE_OUTLET",2400,43113,"SUNSET LAKE OUTLET","03100206","71505000","OUTLET","tbcmp_PD_HA_IntHigh_2080","PD","HA","IntHigh","2080",42.613817164212
"03100206_71505000_SUNSET_LAKE_OUTLET",4400,12712,"SUNSET LAKE OUTLET","03100206","71505000","OUTLET","tbcmp_PD_HA_IntHigh_2080","PD","HA","IntHigh","2080",12.564814413088
"03100206_71505000_SUNSET_LAKE_OUTLET",5200,64516,"SUNSET LAKE OUTLET","03100206","71505000","OUTLET","tbcmp_PD_HA_IntHigh_2080","PD","HA","IntHigh","2080",63.769003042384
"03100206_71505000_SUNSET_LAKE_OUTLET",6110,23985,"SUNSET LAKE OUTLET","03100206","71505000","OUTLET","tbcmp_PD_HA_IntHigh_2080","PD","HA","IntHigh","2080",23.70729025314
"03100206_71505000_SUNSET_LAKE_OUTLET",6410,10287,"SUNSET LAKE OUTLET","03100206","71505000","OUTLET","tbcmp_PD_HA_IntHigh_2080","PD","HA","IntHigh","2080",10.167892217388
"03100206_71508500_UNNAMED_DITCH",1100,1038001,"UNNAMED DITCH","03100206","71508500","DITCH","tbcmp_PD_HA_IntHigh_2080","PD","HA","IntHigh","2080",1025.98253033352
"03100206_71508500_UNNAMED_DITCH",1200,729184,"UNNAMED DITCH","03100206","71508500","DITCH","tbcmp_PD_HA_IntHigh_2080","PD","HA","IntHigh","2080",720.741160556416
"03100206_71508500_UNNAMED_DITCH",1800,47088,"UNNAMED DITCH","03100206","71508500","DITCH","tbcmp_PD_HA_IntHigh_2080","PD","HA","IntHigh","2080",46.542792722112
"03100206_71508500_UNNAMED_DITCH",1820,313207,"UNNAMED DITCH","03100206","71508500","DITCH","tbcmp_PD_HA_IntHigh_2080","PD","HA","IntHigh","2080",309.580540267468
"03100206_71508500_UNNAMED_DITCH",1900,190218,"UNNAMED DITCH","03100206","71508500","DITCH","tbcmp_PD_HA_IntHigh_2080","PD","HA","IntHigh","2080",188.015565452232
"03100206_71508500_UNNAMED_DITCH",2100,950612,"UNNAMED DITCH","03100206","71508500","DITCH","tbcmp_PD_HA_IntHigh_2080","PD","HA","IntHigh","2080",939.605361772688
"03100206_71508500_UNNAMED_DITCH",2200,92422,"UNNAMED DITCH","03100206","71508500","DITCH","tbcmp_PD_HA_IntHigh_2080","PD","HA","IntHigh","2080",91.351894091128
"03100206_71508500_UNNAMED_DITCH",2400,16203,"UNNAMED DITCH","03100206","71508500","DITCH","tbcmp_PD_HA_IntHigh_2080","PD","HA","IntHigh","2080",16.015393953372
"03100206_71508500_UNNAMED_DITCH",3200,4560,"UNNAMED DITCH","03100206","71508500","DITCH","tbcmp_PD_HA_IntHigh_2080","PD","HA","IntHigh","2080",4.50720214944
"03100206_71508500_UNNAMED_DITCH",4100,430058,"UNNAMED DITCH","03100206","71508500","DITCH","tbcmp_PD_HA_IntHigh_2080","PD","HA","IntHigh","2080",425.078583768392
"03100206_71508500_UNNAMED_DITCH",4400,2094,"UNNAMED DITCH","03100206","71508500","DITCH","tbcmp_PD_HA_IntHigh_2080","PD","HA","IntHigh","2080",2.069754671256
"03100206_71508500_UNNAMED_DITCH",5200,583123,"UNNAMED DITCH","03100206","71508500","DITCH","tbcmp_PD_HA_IntHigh_2080","PD","HA","IntHigh","2080",576.371324339452
"03100206_71508500_UNNAMED_DITCH",6110,930920,"UNNAMED DITCH","03100206","71508500","DITCH","tbcmp_PD_HA_IntHigh_2080","PD","HA","IntHigh","2080",920.14136512208
"03100206_71508500_UNNAMED_DITCH",6410,294608,"UNNAMED DITCH","03100206","71508500","DITCH","tbcmp_PD_HA_IntHigh_2080","PD","HA","IntHigh","2080",291.196888342592
"03100206_71509900_BROOKER_CREEK",1100,3053166,"BROOKER CREEK","03100206","71509900","STREAM","tbcmp_PD_HA_IntHigh_2080","PD","HA","IntHigh","2080",3017.81499074498
"03100206_71509900_BROOKER_CREEK",1200,3638903,"BROOKER CREEK","03100206","71509900","STREAM","tbcmp_PD_HA_IntHigh_2080","PD","HA","IntHigh","2080",3596.77004894817
"03100206_71509900_BROOKER_CREEK",1800,94256,"BROOKER CREEK","03100206","71509900","STREAM","tbcmp_PD_HA_IntHigh_2080","PD","HA","IntHigh","2080",93.164659166144
"03100206_71509900_BROOKER_CREEK",1820,427843,"BROOKER CREEK","03100206","71509900","STREAM","tbcmp_PD_HA_IntHigh_2080","PD","HA","IntHigh","2080",422.889230092732
"03100206_71509900_BROOKER_CREEK",1900,642401,"BROOKER CREEK","03100206","71509900","STREAM","tbcmp_PD_HA_IntHigh_2080","PD","HA","IntHigh","2080",634.962975439124
"03100206_71509900_BROOKER_CREEK",2100,1355644,"BROOKER CREEK","03100206","71509900","STREAM","tbcmp_PD_HA_IntHigh_2080","PD","HA","IntHigh","2080",1339.94770848146
"03100206_71509900_BROOKER_CREEK",2200,7974,"BROOKER CREEK","03100206","71509900","STREAM","tbcmp_PD_HA_IntHigh_2080","PD","HA","IntHigh","2080",7.881673232376
"03100206_71509900_BROOKER_CREEK",2400,106091,"BROOKER CREEK","03100206","71509900","STREAM","tbcmp_PD_HA_IntHigh_2080","PD","HA","IntHigh","2080",104.862627902684
"03100206_71509900_BROOKER_CREEK",3200,226490,"BROOKER CREEK","03100206","71509900","STREAM","tbcmp_PD_HA_IntHigh_2080","PD","HA","IntHigh","2080",223.86759097076
"03100206_71509900_BROOKER_CREEK",4100,2892573,"BROOKER CREEK","03100206","71509900","STREAM","tbcmp_PD_HA_IntHigh_2080","PD","HA","IntHigh","2080",2859.08141294125
"03100206_71509900_BROOKER_CREEK",4400,120421,"BROOKER CREEK","03100206","71509900","STREAM","tbcmp_PD_HA_IntHigh_2080","PD","HA","IntHigh","2080",119.026708341604
"03100206_71509900_BROOKER_CREEK",5200,1491388,"BROOKER CREEK","03100206","71509900","STREAM","tbcmp_PD_HA_IntHigh_2080","PD","HA","IntHigh","2080",1474.11999983531
"03100206_71509900_BROOKER_CREEK",5400,13653,"BROOKER CREEK","03100206","71509900","STREAM","tbcmp_PD_HA_IntHigh_2080","PD","HA","IntHigh","2080",13.494919067172
"03100206_71509900_BROOKER_CREEK",6110,4759149,"BROOKER CREEK","03100206","71509900","STREAM","tbcmp_PD_HA_IntHigh_2080","PD","HA","IntHigh","2080",4704.04530752308
"03100206_71509900_BROOKER_CREEK",6120,35530,"BROOKER CREEK","03100206","71509900","STREAM","tbcmp_PD_HA_IntHigh_2080","PD","HA","IntHigh","2080",35.11861674772
"03100206_71509900_BROOKER_CREEK",6410,583785,"BROOKER CREEK","03100206","71509900","STREAM","tbcmp_PD_HA_IntHigh_2080","PD","HA","IntHigh","2080",577.02565938834
"03100206_71509900_BROOKER_CREEK",6420,16380,"BROOKER CREEK","03100206","71509900","STREAM","tbcmp_PD_HA_IntHigh_2080","PD","HA","IntHigh","2080",16.19034456312
"03100206_71509900_BROOKER_CREEK",6600,55248,"BROOKER CREEK","03100206","71509900","STREAM","tbcmp_PD_HA_IntHigh_2080","PD","HA","IntHigh","2080",54.608312357952
"03100206_71509900_BROOKER_CREEK",9113,1744,"BROOKER CREEK","03100206","71509900","STREAM","tbcmp_PD_HA_IntHigh_2080","PD","HA","IntHigh","2080",1.723807137856
"03100206_71700000_COW_BRANCH",1100,899,"COW BRANCH","03100206","71700000","STREAM","tbcmp_PD_HA_IntHigh_2080","PD","HA","IntHigh","2080",0.888590950076
"03100206_71700000_COW_BRANCH",1200,1382442,"COW BRANCH","03100206","71700000","STREAM","tbcmp_PD_HA_IntHigh_2080","PD","HA","IntHigh","2080",1366.43542848161
"03100206_71700000_COW_BRANCH",1800,1395,"COW BRANCH","03100206","71700000","STREAM","tbcmp_PD_HA_IntHigh_2080","PD","HA","IntHigh","2080",1.37884802598
"03100206_71700000_COW_BRANCH",1820,31252,"COW BRANCH","03100206","71700000","STREAM","tbcmp_PD_HA_IntHigh_2080","PD","HA","IntHigh","2080",30.890149468048
"03100206_71700000_COW_BRANCH",1900,7074,"COW BRANCH","03100206","71700000","STREAM","tbcmp_PD_HA_IntHigh_2080","PD","HA","IntHigh","2080",6.992093860776
"03100206_71700000_COW_BRANCH",4100,7663,"COW BRANCH","03100206","71700000","STREAM","tbcmp_PD_HA_IntHigh_2080","PD","HA","IntHigh","2080",7.574274138412
"03100206_71700000_COW_BRANCH",5200,103074,"COW BRANCH","03100206","71700000","STREAM","tbcmp_PD_HA_IntHigh_2080","PD","HA","IntHigh","2080",101.880560164776
"03100206_71700000_COW_BRANCH",6110,75207,"COW BRANCH","03100206","71700000","STREAM","tbcmp_PD_HA_IntHigh_2080","PD","HA","IntHigh","2080",74.336217555468
"03100206_71700000_COW_BRANCH",6120,5558,"COW BRANCH","03100206","71700000","STREAM","tbcmp_PD_HA_IntHigh_2080","PD","HA","IntHigh","2080",5.493646830392
"03100206_71700000_COW_BRANCH",6410,31672,"COW BRANCH","03100206","71700000","STREAM","tbcmp_PD_HA_IntHigh_2080","PD","HA","IntHigh","2080",31.305286508128
"03100206_71700000_COW_BRANCH",6420,2475,"COW BRANCH","03100206","71700000","STREAM","tbcmp_PD_HA_IntHigh_2080","PD","HA","IntHigh","2080",2.4463432719
"03100206_71700000_COW_BRANCH",6425,2925,"COW BRANCH","03100206","71700000","STREAM","tbcmp_PD_HA_IntHigh_2080","PD","HA","IntHigh","2080",2.8911329577
"03100206_71700000_COW_BRANCH",6510,111,"COW BRANCH","03100206","71700000","STREAM","tbcmp_PD_HA_IntHigh_2080","PD","HA","IntHigh","2080",0.109714789164
"03100206_71700000_COW_BRANCH",6600,3976,"COW BRANCH","03100206","71700000","STREAM","tbcmp_PD_HA_IntHigh_2080","PD","HA","IntHigh","2080",3.929963979424
"03100206_71990000_LAKE_TARPON_CANAL",1200,1162099,"LAKE TARPON CANAL","03100206","71990000","CANAL","tbcmp_PD_HA_IntHigh_2080","PD","HA","IntHigh","2080",1148.64366461888
"03100206_71990000_LAKE_TARPON_CANAL",1800,84074,"LAKE TARPON CANAL","03100206","71990000","CANAL","tbcmp_PD_HA_IntHigh_2080","PD","HA","IntHigh","2080",83.100551208776
"03100206_71990000_LAKE_TARPON_CANAL",1820,209588,"LAKE TARPON CANAL","03100206","71990000","CANAL","tbcmp_PD_HA_IntHigh_2080","PD","HA","IntHigh","2080",207.161290372112
"03100206_71990000_LAKE_TARPON_CANAL",1900,54486,"LAKE TARPON CANAL","03100206","71990000","CANAL","tbcmp_PD_HA_IntHigh_2080","PD","HA","IntHigh","2080",53.855135156664
"03100206_71990000_LAKE_TARPON_CANAL",4100,98524,"LAKE TARPON CANAL","03100206","71990000","CANAL","tbcmp_PD_HA_IntHigh_2080","PD","HA","IntHigh","2080",97.383242230576
"03100206_71990000_LAKE_TARPON_CANAL",5200,50029,"LAKE TARPON CANAL","03100206","71990000","CANAL","tbcmp_PD_HA_IntHigh_2080","PD","HA","IntHigh","2080",49.449740424196
"03100206_71990000_LAKE_TARPON_CANAL",5400,45978,"LAKE TARPON CANAL","03100206","71990000","CANAL","tbcmp_PD_HA_IntHigh_2080","PD","HA","IntHigh","2080",45.445644830472
"03100206_71990000_LAKE_TARPON_CANAL",6110,21872,"LAKE TARPON CANAL","03100206","71990000","CANAL","tbcmp_PD_HA_IntHigh_2080","PD","HA","IntHigh","2080",21.618755572928
"03100206_71990000_LAKE_TARPON_CANAL",6410,23125,"LAKE TARPON CANAL","03100206","71990000","CANAL","tbcmp_PD_HA_IntHigh_2080","PD","HA","IntHigh","2080",22.8572477425
"03100206_71990000_LAKE_TARPON_CANAL",6420,6354,"LAKE TARPON CANAL","03100206","71990000","CANAL","tbcmp_PD_HA_IntHigh_2080","PD","HA","IntHigh","2080",6.280430363496
"03100206_71990000_LAKE_TARPON_CANAL",6425,21115,"LAKE TARPON CANAL","03100206","71990000","CANAL","tbcmp_PD_HA_IntHigh_2080","PD","HA","IntHigh","2080",20.87052047926
"03100206_71990000_LAKE_TARPON_CANAL",6510,4605,"LAKE TARPON CANAL","03100206","71990000","CANAL","tbcmp_PD_HA_IntHigh_2080","PD","HA","IntHigh","2080",4.55168111802
"03100206_71990000_LAKE_TARPON_CANAL",6600,7110,"LAKE TARPON CANAL","03100206","71990000","CANAL","tbcmp_PD_HA_IntHigh_2080","PD","HA","IntHigh","2080",7.02767703564
"03100206_71990000_LAKE_TARPON_CANAL",9113,14557,"LAKE TARPON CANAL","03100206","71990000","CANAL","tbcmp_PD_HA_IntHigh_2080","PD","HA","IntHigh","2080",14.388452124868
"03100206_72000000_BISHOP_CREEK",0,2,"BISHOP CREEK","03100206","72000000","STREAM","tbcmp_PD_HA_IntHigh_2080","PD","HA","IntHigh","2080",0.001976843048
"03100206_72000000_BISHOP_CREEK",1100,96447,"BISHOP CREEK","03100206","72000000","STREAM","tbcmp_PD_HA_IntHigh_2080","PD","HA","IntHigh","2080",95.330290725228
"03100206_72000000_BISHOP_CREEK",1200,767929,"BISHOP CREEK","03100206","72000000","STREAM","tbcmp_PD_HA_IntHigh_2080","PD","HA","IntHigh","2080",759.037552503796
"03100206_72000000_BISHOP_CREEK",1800,8645,"BISHOP CREEK","03100206","72000000","STREAM","tbcmp_PD_HA_IntHigh_2080","PD","HA","IntHigh","2080",8.54490407498
"03100206_72000000_BISHOP_CREEK",1900,3617,"BISHOP CREEK","03100206","72000000","STREAM","tbcmp_PD_HA_IntHigh_2080","PD","HA","IntHigh","2080",3.575120652308
"03100206_72000000_BISHOP_CREEK",2400,1300,"BISHOP CREEK","03100206","72000000","STREAM","tbcmp_PD_HA_IntHigh_2080","PD","HA","IntHigh","2080",1.2849479812
"03100206_72000000_BISHOP_CREEK",4100,10949,"BISHOP CREEK","03100206","72000000","STREAM","tbcmp_PD_HA_IntHigh_2080","PD","HA","IntHigh","2080",10.822227266276
"03100206_72000000_BISHOP_CREEK",5200,11071,"BISHOP CREEK","03100206","72000000","STREAM","tbcmp_PD_HA_IntHigh_2080","PD","HA","IntHigh","2080",10.942814692204
"03100206_72000000_BISHOP_CREEK",5400,195,"BISHOP CREEK","03100206","72000000","STREAM","tbcmp_PD_HA_IntHigh_2080","PD","HA","IntHigh","2080",0.19274219718
"03100206_72000000_BISHOP_CREEK",6110,9208,"BISHOP CREEK","03100206","72000000","STREAM","tbcmp_PD_HA_IntHigh_2080","PD","HA","IntHigh","2080",9.101385392992
"03100206_72000000_BISHOP_CREEK",6120,15257,"BISHOP CREEK","03100206","72000000","STREAM","tbcmp_PD_HA_IntHigh_2080","PD","HA","IntHigh","2080",15.080347191668
"03100206_72000000_BISHOP_CREEK",6410,4552,"BISHOP CREEK","03100206","72000000","STREAM","tbcmp_PD_HA_IntHigh_2080","PD","HA","IntHigh","2080",4.499294777248
"03100206_72000000_BISHOP_CREEK",6420,2228,"BISHOP CREEK","03100206","72000000","STREAM","tbcmp_PD_HA_IntHigh_2080","PD","HA","IntHigh","2080",2.202203155472
"03100206_72000000_BISHOP_CREEK",6600,1184,"BISHOP CREEK","03100206","72000000","STREAM","tbcmp_PD_HA_IntHigh_2080","PD","HA","IntHigh","2080",1.170291084416
"03100206_72000000_BISHOP_CREEK",9113,2129,"BISHOP CREEK","03100206","72000000","STREAM","tbcmp_PD_HA_IntHigh_2080","PD","HA","IntHigh","2080",2.104349424596
"03100206_73000000_MULLET_CREEK",1100,144610,"MULLET CREEK","03100206","73000000","STREAM","tbcmp_PD_HA_IntHigh_2080","PD","HA","IntHigh","2080",142.93563658564
"03100206_73000000_MULLET_CREEK",1200,1483068,"MULLET CREEK","03100206","73000000","STREAM","tbcmp_PD_HA_IntHigh_2080","PD","HA","IntHigh","2080",1465.89633275563
"03100206_73000000_MULLET_CREEK",1800,89328,"MULLET CREEK","03100206","73000000","STREAM","tbcmp_PD_HA_IntHigh_2080","PD","HA","IntHigh","2080",88.293717895872
"03100206_73000000_MULLET_CREEK",1900,15637,"MULLET CREEK","03100206","73000000","STREAM","tbcmp_PD_HA_IntHigh_2080","PD","HA","IntHigh","2080",15.455947370788
"03100206_73000000_MULLET_CREEK",2400,2858,"MULLET CREEK","03100206","73000000","STREAM","tbcmp_PD_HA_IntHigh_2080","PD","HA","IntHigh","2080",2.824908715592
"03100206_73000000_MULLET_CREEK",4100,17152,"MULLET CREEK","03100206","73000000","STREAM","tbcmp_PD_HA_IntHigh_2080","PD","HA","IntHigh","2080",16.953405979648
"03100206_73000000_MULLET_CREEK",5200,44971,"MULLET CREEK","03100206","73000000","STREAM","tbcmp_PD_HA_IntHigh_2080","PD","HA","IntHigh","2080",44.450304355804
"03100206_73000000_MULLET_CREEK",5400,287,"MULLET CREEK","03100206","73000000","STREAM","tbcmp_PD_HA_IntHigh_2080","PD","HA","IntHigh","2080",0.283676977388
"03100206_73000000_MULLET_CREEK",6110,93440,"MULLET CREEK","03100206","73000000","STREAM","tbcmp_PD_HA_IntHigh_2080","PD","HA","IntHigh","2080",92.35810720256
"03100206_73000000_MULLET_CREEK",6120,2232,"MULLET CREEK","03100206","73000000","STREAM","tbcmp_PD_HA_IntHigh_2080","PD","HA","IntHigh","2080",2.206156841568
"03100206_73000000_MULLET_CREEK",6410,22546,"MULLET CREEK","03100206","73000000","STREAM","tbcmp_PD_HA_IntHigh_2080","PD","HA","IntHigh","2080",22.284951680104
"03100206_73000000_MULLET_CREEK",9113,62,"MULLET CREEK","03100206","73000000","STREAM","tbcmp_PD_HA_IntHigh_2080","PD","HA","IntHigh","2080",0.061282134488
"03100206_74990000_ALLIGATOR_CREEK",1100,297108,"ALLIGATOR CREEK","03100206","74990000","STREAM","tbcmp_PD_HA_IntHigh_2080","PD","HA","IntHigh","2080",293.667942152592
"03100206_74990000_ALLIGATOR_CREEK",1200,4296235,"ALLIGATOR CREEK","03100206","74990000","STREAM","tbcmp_PD_HA_IntHigh_2080","PD","HA","IntHigh","2080",4246.49114616214
"03100206_74990000_ALLIGATOR_CREEK",1800,306297,"ALLIGATOR CREEK","03100206","74990000","STREAM","tbcmp_PD_HA_IntHigh_2080","PD","HA","IntHigh","2080",302.750547536628
"03100206_74990000_ALLIGATOR_CREEK",1820,24653,"ALLIGATOR CREEK","03100206","74990000","STREAM","tbcmp_PD_HA_IntHigh_2080","PD","HA","IntHigh","2080",24.367555831172
"03100206_74990000_ALLIGATOR_CREEK",1900,80426,"ALLIGATOR CREEK","03100206","74990000","STREAM","tbcmp_PD_HA_IntHigh_2080","PD","HA","IntHigh","2080",79.494789489224
"03100206_74990000_ALLIGATOR_CREEK",2400,5055,"ALLIGATOR CREEK","03100206","74990000","STREAM","tbcmp_PD_HA_IntHigh_2080","PD","HA","IntHigh","2080",4.99647080382
"03100206_74990000_ALLIGATOR_CREEK",4100,102959,"ALLIGATOR CREEK","03100206","74990000","STREAM","tbcmp_PD_HA_IntHigh_2080","PD","HA","IntHigh","2080",101.766891689516
"03100206_74990000_ALLIGATOR_CREEK",5200,210090,"ALLIGATOR CREEK","03100206","74990000","STREAM","tbcmp_PD_HA_IntHigh_2080","PD","HA","IntHigh","2080",207.65747797716
"03100206_74990000_ALLIGATOR_CREEK",5400,77728,"ALLIGATOR CREEK","03100206","74990000","STREAM","tbcmp_PD_HA_IntHigh_2080","PD","HA","IntHigh","2080",76.828028217472
"03100206_74990000_ALLIGATOR_CREEK",6110,182212,"ALLIGATOR CREEK","03100206","74990000","STREAM","tbcmp_PD_HA_IntHigh_2080","PD","HA","IntHigh","2080",180.102262731088
"03100206_74990000_ALLIGATOR_CREEK",6120,345,"ALLIGATOR CREEK","03100206","74990000","STREAM","tbcmp_PD_HA_IntHigh_2080","PD","HA","IntHigh","2080",0.34100542578
"03100206_74990000_ALLIGATOR_CREEK",6410,156817,"ALLIGATOR CREEK","03100206","74990000","STREAM","tbcmp_PD_HA_IntHigh_2080","PD","HA","IntHigh","2080",155.001298129108
"03100206_74990000_ALLIGATOR_CREEK",6420,14364,"ALLIGATOR CREEK","03100206","74990000","STREAM","tbcmp_PD_HA_IntHigh_2080","PD","HA","IntHigh","2080",14.197686770736
"03100206_74990000_ALLIGATOR_CREEK",6600,529,"ALLIGATOR CREEK","03100206","74990000","STREAM","tbcmp_PD_HA_IntHigh_2080","PD","HA","IntHigh","2080",0.522874986196
"03100206_74990000_ALLIGATOR_CREEK",9113,546,"ALLIGATOR CREEK","03100206","74990000","STREAM","tbcmp_PD_HA_IntHigh_2080","PD","HA","IntHigh","2080",0.539678152104
"03100206_78000000_ALLEN_CREEK",0,117,"ALLEN CREEK","03100206","78000000","STREAM","tbcmp_PD_HA_IntHigh_2080","PD","HA","IntHigh","2080",0.115645318308
"03100206_78000000_ALLEN_CREEK",1100,255049,"ALLEN CREEK","03100206","78000000","STREAM","tbcmp_PD_HA_IntHigh_2080","PD","HA","IntHigh","2080",252.095921274676
"03100206_78000000_ALLEN_CREEK",1200,4454898,"ALLEN CREEK","03100206","78000000","STREAM","tbcmp_PD_HA_IntHigh_2080","PD","HA","IntHigh","2080",4403.31707042455
"03100206_78000000_ALLEN_CREEK",1800,192076,"ALLEN CREEK","03100206","78000000","STREAM","tbcmp_PD_HA_IntHigh_2080","PD","HA","IntHigh","2080",189.852052643824
"03100206_78000000_ALLEN_CREEK",1820,54838,"ALLEN CREEK","03100206","78000000","STREAM","tbcmp_PD_HA_IntHigh_2080","PD","HA","IntHigh","2080",54.203059533112
"03100206_78000000_ALLEN_CREEK",1900,31259,"ALLEN CREEK","03100206","78000000","STREAM","tbcmp_PD_HA_IntHigh_2080","PD","HA","IntHigh","2080",30.897068418716
"03100206_78000000_ALLEN_CREEK",3200,321,"ALLEN CREEK","03100206","78000000","STREAM","tbcmp_PD_HA_IntHigh_2080","PD","HA","IntHigh","2080",0.317283309204
"03100206_78000000_ALLEN_CREEK",4100,32032,"ALLEN CREEK","03100206","78000000","STREAM","tbcmp_PD_HA_IntHigh_2080","PD","HA","IntHigh","2080",31.661118256768
"03100206_78000000_ALLEN_CREEK",5200,140481,"ALLEN CREEK","03100206","78000000","STREAM","tbcmp_PD_HA_IntHigh_2080","PD","HA","IntHigh","2080",138.854444113044
"03100206_78000000_ALLEN_CREEK",5400,127546,"ALLEN CREEK","03100206","78000000","STREAM","tbcmp_PD_HA_IntHigh_2080","PD","HA","IntHigh","2080",126.069211700104
"03100206_78000000_ALLEN_CREEK",6110,12068,"ALLEN CREEK","03100206","78000000","STREAM","tbcmp_PD_HA_IntHigh_2080","PD","HA","IntHigh","2080",11.928270951632
"03100206_78000000_ALLEN_CREEK",6120,57764,"ALLEN CREEK","03100206","78000000","STREAM","tbcmp_PD_HA_IntHigh_2080","PD","HA","IntHigh","2080",57.095180912336
"03100206_78000000_ALLEN_CREEK",6410,20692,"ALLEN CREEK","03100206","78000000","STREAM","tbcmp_PD_HA_IntHigh_2080","PD","HA","IntHigh","2080",20.452418174608
"03100206_78000000_ALLEN_CREEK",6420,7629,"ALLEN CREEK","03100206","78000000","STREAM","tbcmp_PD_HA_IntHigh_2080","PD","HA","IntHigh","2080",7.540667806596
"03100206_78000000_ALLEN_CREEK",6600,2196,"ALLEN CREEK","03100206","78000000","STREAM","tbcmp_PD_HA_IntHigh_2080","PD","HA","IntHigh","2080",2.170573666704
"03100206_78000000_ALLEN_CREEK",9113,50618,"ALLEN CREEK","03100206","78000000","STREAM","tbcmp_PD_HA_IntHigh_2080","PD","HA","IntHigh","2080",50.031920701832
"03100206_79000000_LONG_BRANCH",1100,49087,"LONG BRANCH","03100206","79000000","STREAM","tbcmp_PD_HA_IntHigh_2080","PD","HA","IntHigh","2080",48.518647348588
"03100206_79000000_LONG_BRANCH",1200,1380867,"LONG BRANCH","03100206","79000000","STREAM","tbcmp_PD_HA_IntHigh_2080","PD","HA","IntHigh","2080",1364.87866458131
"03100206_79000000_LONG_BRANCH",1800,5183,"LONG BRANCH","03100206","79000000","STREAM","tbcmp_PD_HA_IntHigh_2080","PD","HA","IntHigh","2080",5.122988758892
"03100206_79000000_LONG_BRANCH",1820,161,"LONG BRANCH","03100206","79000000","STREAM","tbcmp_PD_HA_IntHigh_2080","PD","HA","IntHigh","2080",0.159135865364
"03100206_79000000_LONG_BRANCH",1900,13602,"LONG BRANCH","03100206","79000000","STREAM","tbcmp_PD_HA_IntHigh_2080","PD","HA","IntHigh","2080",13.444509569448
"03100206_79000000_LONG_BRANCH",2400,83,"LONG BRANCH","03100206","79000000","STREAM","tbcmp_PD_HA_IntHigh_2080","PD","HA","IntHigh","2080",0.082038986492
"03100206_79000000_LONG_BRANCH",4100,7334,"LONG BRANCH","03100206","79000000","STREAM","tbcmp_PD_HA_IntHigh_2080","PD","HA","IntHigh","2080",7.249083457016
"03100206_79000000_LONG_BRANCH",5200,38678,"LONG BRANCH","03100206","79000000","STREAM","tbcmp_PD_HA_IntHigh_2080","PD","HA","IntHigh","2080",38.230167705272
"03100206_79000000_LONG_BRANCH",5400,2378,"LONG BRANCH","03100206","79000000","STREAM","tbcmp_PD_HA_IntHigh_2080","PD","HA","IntHigh","2080",2.350466384072
"03100206_79000000_LONG_BRANCH",6110,14058,"LONG BRANCH","03100206","79000000","STREAM","tbcmp_PD_HA_IntHigh_2080","PD","HA","IntHigh","2080",13.895229784392
"03100206_79000000_LONG_BRANCH",6120,12997,"LONG BRANCH","03100206","79000000","STREAM","tbcmp_PD_HA_IntHigh_2080","PD","HA","IntHigh","2080",12.846514547428
"03100206_79000000_LONG_BRANCH",6410,2252,"LONG BRANCH","03100206","79000000","STREAM","tbcmp_PD_HA_IntHigh_2080","PD","HA","IntHigh","2080",2.225925272048
"03100206_79000000_LONG_BRANCH",6420,659,"LONG BRANCH","03100206","79000000","STREAM","tbcmp_PD_HA_IntHigh_2080","PD","HA","IntHigh","2080",0.651369784316
"03100206_79000000_LONG_BRANCH",6600,1763,"LONG BRANCH","03100206","79000000","STREAM","tbcmp_PD_HA_IntHigh_2080","PD","HA","IntHigh","2080",1.742587146812
"03100206_79000000_LONG_BRANCH",9113,2753,"LONG BRANCH","03100206","79000000","STREAM","tbcmp_PD_HA_IntHigh_2080","PD","HA","IntHigh","2080",2.721124455572
"03100206_80000000_CROSS_CANAL_(NORTH)",0,12,"CROSS CANAL (NORTH)","03100206","80000000","CANAL","tbcmp_PD_HA_IntHigh_2080","PD","HA","IntHigh","2080",0.011861058288
"03100206_80000000_CROSS_CANAL_(NORTH)",1100,27398,"CROSS CANAL (NORTH)","03100206","80000000","CANAL","tbcmp_PD_HA_IntHigh_2080","PD","HA","IntHigh","2080",27.080772914552
"03100206_80000000_CROSS_CANAL_(NORTH)",1200,3827707,"CROSS CANAL (NORTH)","03100206","80000000","CANAL","tbcmp_PD_HA_IntHigh_2080","PD","HA","IntHigh","2080",3783.38798636547
"03100206_80000000_CROSS_CANAL_(NORTH)",1800,26889,"CROSS CANAL (NORTH)","03100206","80000000","CANAL","tbcmp_PD_HA_IntHigh_2080","PD","HA","IntHigh","2080",26.577666358836
"03100206_80000000_CROSS_CANAL_(NORTH)",1900,102253,"CROSS CANAL (NORTH)","03100206","80000000","CANAL","tbcmp_PD_HA_IntHigh_2080","PD","HA","IntHigh","2080",101.069066093572
"03100206_80000000_CROSS_CANAL_(NORTH)",2400,3179,"CROSS CANAL (NORTH)","03100206","80000000","CANAL","tbcmp_PD_HA_IntHigh_2080","PD","HA","IntHigh","2080",3.142192024796
"03100206_80000000_CROSS_CANAL_(NORTH)",4100,35839,"CROSS CANAL (NORTH)","03100206","80000000","CANAL","tbcmp_PD_HA_IntHigh_2080","PD","HA","IntHigh","2080",35.424038998636
"03100206_80000000_CROSS_CANAL_(NORTH)",5200,103265,"CROSS CANAL (NORTH)","03100206","80000000","CANAL","tbcmp_PD_HA_IntHigh_2080","PD","HA","IntHigh","2080",102.06934867586
"03100206_80000000_CROSS_CANAL_(NORTH)",5400,121240,"CROSS CANAL (NORTH)","03100206","80000000","CANAL","tbcmp_PD_HA_IntHigh_2080","PD","HA","IntHigh","2080",119.83622556976
"03100206_80000000_CROSS_CANAL_(NORTH)",6110,28261,"CROSS CANAL (NORTH)","03100206","80000000","CANAL","tbcmp_PD_HA_IntHigh_2080","PD","HA","IntHigh","2080",27.933780689764
"03100206_80000000_CROSS_CANAL_(NORTH)",6120,75138,"CROSS CANAL (NORTH)","03100206","80000000","CANAL","tbcmp_PD_HA_IntHigh_2080","PD","HA","IntHigh","2080",74.268016470312
"03100206_80000000_CROSS_CANAL_(NORTH)",6410,85342,"CROSS CANAL (NORTH)","03100206","80000000","CANAL","tbcmp_PD_HA_IntHigh_2080","PD","HA","IntHigh","2080",84.353869701208
"03100206_80000000_CROSS_CANAL_(NORTH)",6420,11278,"CROSS CANAL (NORTH)","03100206","80000000","CANAL","tbcmp_PD_HA_IntHigh_2080","PD","HA","IntHigh","2080",11.147417947672
"03100206_80000000_CROSS_CANAL_(NORTH)",6600,24085,"CROSS CANAL (NORTH)","03100206","80000000","CANAL","tbcmp_PD_HA_IntHigh_2080","PD","HA","IntHigh","2080",23.80613240554
"03100206_80000000_CROSS_CANAL_(NORTH)",9113,44325,"CROSS CANAL (NORTH)","03100206","80000000","CANAL","tbcmp_PD_HA_IntHigh_2080","PD","HA","IntHigh","2080",43.8117840513
"03100206_83000000_MASTERS_BAYOU",0,3,"MASTERS BAYOU","03100206","83000000","BAYOU","tbcmp_PD_HA_IntHigh_2080","PD","HA","IntHigh","2080",0.002965264572
"03100206_83000000_MASTERS_BAYOU",1100,1659,"MASTERS BAYOU","03100206","83000000","BAYOU","tbcmp_PD_HA_IntHigh_2080","PD","HA","IntHigh","2080",1.639791308316
"03100206_83000000_MASTERS_BAYOU",1200,162474,"MASTERS BAYOU","03100206","83000000","BAYOU","tbcmp_PD_HA_IntHigh_2080","PD","HA","IntHigh","2080",160.592798690376
"03100206_83000000_MASTERS_BAYOU",1800,48708,"MASTERS BAYOU","03100206","83000000","BAYOU","tbcmp_PD_HA_IntHigh_2080","PD","HA","IntHigh","2080",48.144035590992
"03100206_83000000_MASTERS_BAYOU",1900,3985,"MASTERS BAYOU","03100206","83000000","BAYOU","tbcmp_PD_HA_IntHigh_2080","PD","HA","IntHigh","2080",3.93885977314
"03100206_83000000_MASTERS_BAYOU",3200,13401,"MASTERS BAYOU","03100206","83000000","BAYOU","tbcmp_PD_HA_IntHigh_2080","PD","HA","IntHigh","2080",13.245836843124
"03100206_83000000_MASTERS_BAYOU",5200,213,"MASTERS BAYOU","03100206","83000000","BAYOU","tbcmp_PD_HA_IntHigh_2080","PD","HA","IntHigh","2080",0.210533784612
"03100206_83000000_MASTERS_BAYOU",5400,100605,"MASTERS BAYOU","03100206","83000000","BAYOU","tbcmp_PD_HA_IntHigh_2080","PD","HA","IntHigh","2080",99.44014742202
"03100206_83000000_MASTERS_BAYOU",6110,16344,"MASTERS BAYOU","03100206","83000000","BAYOU","tbcmp_PD_HA_IntHigh_2080","PD","HA","IntHigh","2080",16.154761388256
"03100206_83000000_MASTERS_BAYOU",6120,224864,"MASTERS BAYOU","03100206","83000000","BAYOU","tbcmp_PD_HA_IntHigh_2080","PD","HA","IntHigh","2080",222.260417572736
"03100206_83000000_MASTERS_BAYOU",6410,206,"MASTERS BAYOU","03100206","83000000","BAYOU","tbcmp_PD_HA_IntHigh_2080","PD","HA","IntHigh","2080",0.203614833944
"03100206_83000000_MASTERS_BAYOU",6420,9420,"MASTERS BAYOU","03100206","83000000","BAYOU","tbcmp_PD_HA_IntHigh_2080","PD","HA","IntHigh","2080",9.31093075608
"03100206_83000000_MASTERS_BAYOU",6600,14989,"MASTERS BAYOU","03100206","83000000","BAYOU","tbcmp_PD_HA_IntHigh_2080","PD","HA","IntHigh","2080",14.815450223236
"03100206_83000000_MASTERS_BAYOU",9113,100629,"MASTERS BAYOU","03100206","83000000","BAYOU","tbcmp_PD_HA_IntHigh_2080","PD","HA","IntHigh","2080",99.463869538596
"03100206_85000000_PAPYS_BAYOU",0,649,"PAPYS BAYOU","03100206","85000000","BAYOU","tbcmp_PD_HA_IntHigh_2080","PD","HA","IntHigh","2080",0.641485569076
"03100206_85000000_PAPYS_BAYOU",1100,27853,"PAPYS BAYOU","03100206","85000000","BAYOU","tbcmp_PD_HA_IntHigh_2080","PD","HA","IntHigh","2080",27.530504707972
"03100206_85000000_PAPYS_BAYOU",1200,6359496,"PAPYS BAYOU","03100206","85000000","BAYOU","tbcmp_PD_HA_IntHigh_2080","PD","HA","IntHigh","2080",6285.8627281919
"03100206_85000000_PAPYS_BAYOU",1800,229750,"PAPYS BAYOU","03100206","85000000","BAYOU","tbcmp_PD_HA_IntHigh_2080","PD","HA","IntHigh","2080",227.089845139
"03100206_85000000_PAPYS_BAYOU",1820,229974,"PAPYS BAYOU","03100206","85000000","BAYOU","tbcmp_PD_HA_IntHigh_2080","PD","HA","IntHigh","2080",227.311251560376
"03100206_85000000_PAPYS_BAYOU",1900,165975,"PAPYS BAYOU","03100206","85000000","BAYOU","tbcmp_PD_HA_IntHigh_2080","PD","HA","IntHigh","2080",164.0532624459
"03100206_85000000_PAPYS_BAYOU",2100,2456,"PAPYS BAYOU","03100206","85000000","BAYOU","tbcmp_PD_HA_IntHigh_2080","PD","HA","IntHigh","2080",2.427563262944
"03100206_85000000_PAPYS_BAYOU",3200,4924,"PAPYS BAYOU","03100206","85000000","BAYOU","tbcmp_PD_HA_IntHigh_2080","PD","HA","IntHigh","2080",4.866987584176
"03100206_85000000_PAPYS_BAYOU",4100,105956,"PAPYS BAYOU","03100206","85000000","BAYOU","tbcmp_PD_HA_IntHigh_2080","PD","HA","IntHigh","2080",104.729190996944
"03100206_85000000_PAPYS_BAYOU",5200,166743,"PAPYS BAYOU","03100206","85000000","BAYOU","tbcmp_PD_HA_IntHigh_2080","PD","HA","IntHigh","2080",164.812370176332
"03100206_85000000_PAPYS_BAYOU",5400,1010874,"PAPYS BAYOU","03100206","85000000","BAYOU","tbcmp_PD_HA_IntHigh_2080","PD","HA","IntHigh","2080",999.169619651976
"03100206_85000000_PAPYS_BAYOU",6110,196388,"PAPYS BAYOU","03100206","85000000","BAYOU","tbcmp_PD_HA_IntHigh_2080","PD","HA","IntHigh","2080",194.114126255312
"03100206_85000000_PAPYS_BAYOU",6120,662268,"PAPYS BAYOU","03100206","85000000","BAYOU","tbcmp_PD_HA_IntHigh_2080","PD","HA","IntHigh","2080",654.599945856432
"03100206_85000000_PAPYS_BAYOU",6410,49787,"PAPYS BAYOU","03100206","85000000","BAYOU","tbcmp_PD_HA_IntHigh_2080","PD","HA","IntHigh","2080",49.210542415388
"03100206_85000000_PAPYS_BAYOU",6420,18913,"PAPYS BAYOU","03100206","85000000","BAYOU","tbcmp_PD_HA_IntHigh_2080","PD","HA","IntHigh","2080",18.694016283412
"03100206_85000000_PAPYS_BAYOU",6600,138560,"PAPYS BAYOU","03100206","85000000","BAYOU","tbcmp_PD_HA_IntHigh_2080","PD","HA","IntHigh","2080",136.95568636544
"03100206_85000000_PAPYS_BAYOU",7100,3585,"PAPYS BAYOU","03100206","85000000","BAYOU","tbcmp_PD_HA_IntHigh_2080","PD","HA","IntHigh","2080",3.54349116354
"03100206_85000000_PAPYS_BAYOU",9113,620863,"PAPYS BAYOU","03100206","85000000","BAYOU","tbcmp_PD_HA_IntHigh_2080","PD","HA","IntHigh","2080",613.674352655212
"03100206_86000000_SHORE_ACRES_DRAIN",0,964,"SHORE ACRES DRAIN","03100206","86000000","DRAIN","tbcmp_PD_HA_IntHigh_2080","PD","HA","IntHigh","2080",0.952838349136
"03100206_86000000_SHORE_ACRES_DRAIN",1200,269649,"SHORE ACRES DRAIN","03100206","86000000","DRAIN","tbcmp_PD_HA_IntHigh_2080","PD","HA","IntHigh","2080",266.526875525076
"03100206_86000000_SHORE_ACRES_DRAIN",5400,49644,"SHORE ACRES DRAIN","03100206","86000000","DRAIN","tbcmp_PD_HA_IntHigh_2080","PD","HA","IntHigh","2080",49.069198137456
"03100206_86000000_SHORE_ACRES_DRAIN",6120,1060,"SHORE ACRES DRAIN","03100206","86000000","DRAIN","tbcmp_PD_HA_IntHigh_2080","PD","HA","IntHigh","2080",1.04772681544
"03100206_86000000_SHORE_ACRES_DRAIN",9113,2681,"SHORE ACRES DRAIN","03100206","86000000","DRAIN","tbcmp_PD_HA_IntHigh_2080","PD","HA","IntHigh","2080",2.649958105844
"03100206_87000000_SMACKS_BAYOU",0,604,"SMACKS BAYOU","03100206","87000000","BAYOU","tbcmp_PD_HA_IntHigh_2080","PD","HA","IntHigh","2080",0.597006600496
"03100206_87000000_SMACKS_BAYOU",1200,3437471,"SMACKS BAYOU","03100206","87000000","BAYOU","tbcmp_PD_HA_IntHigh_2080","PD","HA","IntHigh","2080",3397.6703245258
"03100206_87000000_SMACKS_BAYOU",1800,79213,"SMACKS BAYOU","03100206","87000000","BAYOU","tbcmp_PD_HA_IntHigh_2080","PD","HA","IntHigh","2080",78.295834180612
"03100206_87000000_SMACKS_BAYOU",1820,98088,"SMACKS BAYOU","03100206","87000000","BAYOU","tbcmp_PD_HA_IntHigh_2080","PD","HA","IntHigh","2080",96.952290446112
"03100206_87000000_SMACKS_BAYOU",1900,21558,"SMACKS BAYOU","03100206","87000000","BAYOU","tbcmp_PD_HA_IntHigh_2080","PD","HA","IntHigh","2080",21.308391214392
"03100206_87000000_SMACKS_BAYOU",5200,3070,"SMACKS BAYOU","03100206","87000000","BAYOU","tbcmp_PD_HA_IntHigh_2080","PD","HA","IntHigh","2080",3.03445407868
"03100206_87000000_SMACKS_BAYOU",5400,426121,"SMACKS BAYOU","03100206","87000000","BAYOU","tbcmp_PD_HA_IntHigh_2080","PD","HA","IntHigh","2080",421.187168228404
"03100206_87000000_SMACKS_BAYOU",6110,551,"SMACKS BAYOU","03100206","87000000","BAYOU","tbcmp_PD_HA_IntHigh_2080","PD","HA","IntHigh","2080",0.544620259724
"03100206_87000000_SMACKS_BAYOU",6120,130167,"SMACKS BAYOU","03100206","87000000","BAYOU","tbcmp_PD_HA_IntHigh_2080","PD","HA","IntHigh","2080",128.659864514508
"03100206_87000000_SMACKS_BAYOU",6410,8,"SMACKS BAYOU","03100206","87000000","BAYOU","tbcmp_PD_HA_IntHigh_2080","PD","HA","IntHigh","2080",0.007907372192
"03100206_87000000_SMACKS_BAYOU",6420,989,"SMACKS BAYOU","03100206","87000000","BAYOU","tbcmp_PD_HA_IntHigh_2080","PD","HA","IntHigh","2080",0.977548887236
"03100206_87000000_SMACKS_BAYOU",6600,2610,"SMACKS BAYOU","03100206","87000000","BAYOU","tbcmp_PD_HA_IntHigh_2080","PD","HA","IntHigh","2080",2.57978017764
"03100206_87000000_SMACKS_BAYOU",9113,85250,"SMACKS BAYOU","03100206","87000000","BAYOU","tbcmp_PD_HA_IntHigh_2080","PD","HA","IntHigh","2080",84.262934921
"03100206_88000000_COFFEEPOT_BAYOU",0,32,"COFFEEPOT BAYOU","03100206","88000000","BAYOU","tbcmp_PD_HA_IntHigh_2080","PD","HA","IntHigh","2080",0.031629488768
"03100206_88000000_COFFEEPOT_BAYOU",1200,1073915,"COFFEEPOT BAYOU","03100206","88000000","BAYOU","tbcmp_PD_HA_IntHigh_2080","PD","HA","IntHigh","2080",1061.48070094646
"03100206_88000000_COFFEEPOT_BAYOU",1800,32681,"COFFEEPOT BAYOU","03100206","88000000","BAYOU","tbcmp_PD_HA_IntHigh_2080","PD","HA","IntHigh","2080",32.302603825844
"03100206_88000000_COFFEEPOT_BAYOU",1820,4531,"COFFEEPOT BAYOU","03100206","88000000","BAYOU","tbcmp_PD_HA_IntHigh_2080","PD","HA","IntHigh","2080",4.478537925244
"03100206_88000000_COFFEEPOT_BAYOU",1900,3432,"COFFEEPOT BAYOU","03100206","88000000","BAYOU","tbcmp_PD_HA_IntHigh_2080","PD","HA","IntHigh","2080",3.392262670368
"03100206_88000000_COFFEEPOT_BAYOU",5200,21129,"COFFEEPOT BAYOU","03100206","88000000","BAYOU","tbcmp_PD_HA_IntHigh_2080","PD","HA","IntHigh","2080",20.884358380596
"03100206_88000000_COFFEEPOT_BAYOU",5400,103170,"COFFEEPOT BAYOU","03100206","88000000","BAYOU","tbcmp_PD_HA_IntHigh_2080","PD","HA","IntHigh","2080",101.97544863108
"03100206_88000000_COFFEEPOT_BAYOU",6120,1628,"COFFEEPOT BAYOU","03100206","88000000","BAYOU","tbcmp_PD_HA_IntHigh_2080","PD","HA","IntHigh","2080",1.609150241072
"03100206_88000000_COFFEEPOT_BAYOU",9113,10119,"COFFEEPOT BAYOU","03100206","88000000","BAYOU","tbcmp_PD_HA_IntHigh_2080","PD","HA","IntHigh","2080",10.001837401356
"03100206_90000000_DIRECT_RUNOFF_TO_BAY",0,1439,"DIRECT RUNOFF TO BAY","03100206","90000000","RUNOFF","tbcmp_PD_HA_IntHigh_2080","PD","HA","IntHigh","2080",1.422338573036
"03100206_90000000_DIRECT_RUNOFF_TO_BAY",1200,4245493,"DIRECT RUNOFF TO BAY","03100206","90000000","RUNOFF","tbcmp_PD_HA_IntHigh_2080","PD","HA","IntHigh","2080",4196.33666119133
"03100206_90000000_DIRECT_RUNOFF_TO_BAY",1800,345123,"DIRECT RUNOFF TO BAY","03100206","90000000","RUNOFF","tbcmp_PD_HA_IntHigh_2080","PD","HA","IntHigh","2080",341.127001627452
"03100206_90000000_DIRECT_RUNOFF_TO_BAY",1820,72022,"DIRECT RUNOFF TO BAY","03100206","90000000","RUNOFF","tbcmp_PD_HA_IntHigh_2080","PD","HA","IntHigh","2080",71.188095001528
"03100206_90000000_DIRECT_RUNOFF_TO_BAY",1900,33629,"DIRECT RUNOFF TO BAY","03100206","90000000","RUNOFF","tbcmp_PD_HA_IntHigh_2080","PD","HA","IntHigh","2080",33.239627430596
"03100206_90000000_DIRECT_RUNOFF_TO_BAY",4100,13007,"DIRECT RUNOFF TO BAY","03100206","90000000","RUNOFF","tbcmp_PD_HA_IntHigh_2080","PD","HA","IntHigh","2080",12.856398762668
"03100206_90000000_DIRECT_RUNOFF_TO_BAY",5200,59045,"DIRECT RUNOFF TO BAY","03100206","90000000","RUNOFF","tbcmp_PD_HA_IntHigh_2080","PD","HA","IntHigh","2080",58.36134888458
"03100206_90000000_DIRECT_RUNOFF_TO_BAY",5400,1086741,"DIRECT RUNOFF TO BAY","03100206","90000000","RUNOFF","tbcmp_PD_HA_IntHigh_2080","PD","HA","IntHigh","2080",1074.15819541328
"03100206_90000000_DIRECT_RUNOFF_TO_BAY",6120,18966,"DIRECT RUNOFF TO BAY","03100206","90000000","RUNOFF","tbcmp_PD_HA_IntHigh_2080","PD","HA","IntHigh","2080",18.746402624184
"03100206_90000000_DIRECT_RUNOFF_TO_BAY",6410,706,"DIRECT RUNOFF TO BAY","03100206","90000000","RUNOFF","tbcmp_PD_HA_IntHigh_2080","PD","HA","IntHigh","2080",0.697825595944
"03100206_90000000_DIRECT_RUNOFF_TO_BAY",6420,3376,"DIRECT RUNOFF TO BAY","03100206","90000000","RUNOFF","tbcmp_PD_HA_IntHigh_2080","PD","HA","IntHigh","2080",3.336911065024
"03100206_90000000_DIRECT_RUNOFF_TO_BAY",6600,10035,"DIRECT RUNOFF TO BAY","03100206","90000000","RUNOFF","tbcmp_PD_HA_IntHigh_2080","PD","HA","IntHigh","2080",9.91880999334
"03100206_90000000_DIRECT_RUNOFF_TO_BAY",9113,227602,"DIRECT RUNOFF TO BAY","03100206","90000000","RUNOFF","tbcmp_PD_HA_IntHigh_2080","PD","HA","IntHigh","2080",224.966715705448
"03100206_90680000_SALT_CREEK",0,113,"SALT CREEK","03100206","90680000","BAYOU","tbcmp_PD_HA_IntHigh_2080","PD","HA","IntHigh","2080",0.111691632212
"03100206_90680000_SALT_CREEK",1100,60844,"SALT CREEK","03100206","90680000","BAYOU","tbcmp_PD_HA_IntHigh_2080","PD","HA","IntHigh","2080",60.139519206256
"03100206_90680000_SALT_CREEK",1200,2577978,"SALT CREEK","03100206","90680000","BAYOU","tbcmp_PD_HA_IntHigh_2080","PD","HA","IntHigh","2080",2548.12894359847
"03100206_90680000_SALT_CREEK",1800,149747,"SALT CREEK","03100206","90680000","BAYOU","tbcmp_PD_HA_IntHigh_2080","PD","HA","IntHigh","2080",148.013157954428
"03100206_90680000_SALT_CREEK",1820,170251,"SALT CREEK","03100206","90680000","BAYOU","tbcmp_PD_HA_IntHigh_2080","PD","HA","IntHigh","2080",168.279752882524
"03100206_90680000_SALT_CREEK",1900,9938,"SALT CREEK","03100206","90680000","BAYOU","tbcmp_PD_HA_IntHigh_2080","PD","HA","IntHigh","2080",9.822933105512
"03100206_90680000_SALT_CREEK",4100,193068,"SALT CREEK","03100206","90680000","BAYOU","tbcmp_PD_HA_IntHigh_2080","PD","HA","IntHigh","2080",190.832566795632
"03100206_90680000_SALT_CREEK",5200,32594,"SALT CREEK","03100206","90680000","BAYOU","tbcmp_PD_HA_IntHigh_2080","PD","HA","IntHigh","2080",32.216611153256
"03100206_90680000_SALT_CREEK",5400,267229,"SALT CREEK","03100206","90680000","BAYOU","tbcmp_PD_HA_IntHigh_2080","PD","HA","IntHigh","2080",264.134895436996
"03100206_90680000_SALT_CREEK",6110,2683,"SALT CREEK","03100206","90680000","BAYOU","tbcmp_PD_HA_IntHigh_2080","PD","HA","IntHigh","2080",2.651934948892
"03100206_90680000_SALT_CREEK",6120,47575,"SALT CREEK","03100206","90680000","BAYOU","tbcmp_PD_HA_IntHigh_2080","PD","HA","IntHigh","2080",47.0241540043
"03100206_90680000_SALT_CREEK",6410,13502,"SALT CREEK","03100206","90680000","BAYOU","tbcmp_PD_HA_IntHigh_2080","PD","HA","IntHigh","2080",13.345667417048
"03100206_90680000_SALT_CREEK",6420,8190,"SALT CREEK","03100206","90680000","BAYOU","tbcmp_PD_HA_IntHigh_2080","PD","HA","IntHigh","2080",8.09517228156
"03100206_90680000_SALT_CREEK",6600,26284,"SALT CREEK","03100206","90680000","BAYOU","tbcmp_PD_HA_IntHigh_2080","PD","HA","IntHigh","2080",25.979671336816
"03100206_90680000_SALT_CREEK",9113,192269,"SALT CREEK","03100206","90680000","BAYOU","tbcmp_PD_HA_IntHigh_2080","PD","HA","IntHigh","2080",190.042817997956
"03100206_90700000_BOOKER_CREEK",1200,3343132,"BOOKER CREEK","03100206","90700000","STREAM","tbcmp_PD_HA_IntHigh_2080","PD","HA","IntHigh","2080",3304.42362637317
"03100206_90700000_BOOKER_CREEK",1800,169458,"BOOKER CREEK","03100206","90700000","STREAM","tbcmp_PD_HA_IntHigh_2080","PD","HA","IntHigh","2080",167.495934613992
"03100206_90700000_BOOKER_CREEK",1900,48354,"BOOKER CREEK","03100206","90700000","STREAM","tbcmp_PD_HA_IntHigh_2080","PD","HA","IntHigh","2080",47.794134371496
"03100206_90700000_BOOKER_CREEK",5200,52071,"BOOKER CREEK","03100206","90700000","STREAM","tbcmp_PD_HA_IntHigh_2080","PD","HA","IntHigh","2080",51.468097176204
"03100206_90700000_BOOKER_CREEK",5400,13,"BOOKER CREEK","03100206","90700000","STREAM","tbcmp_PD_HA_IntHigh_2080","PD","HA","IntHigh","2080",0.012849479812
"03100206_90700000_BOOKER_CREEK",6120,359,"BOOKER CREEK","03100206","90700000","STREAM","tbcmp_PD_HA_IntHigh_2080","PD","HA","IntHigh","2080",0.354843327116
"03100206_90700000_BOOKER_CREEK",6410,3824,"BOOKER CREEK","03100206","90700000","STREAM","tbcmp_PD_HA_IntHigh_2080","PD","HA","IntHigh","2080",3.779723907776
"03100206_90700000_BOOKER_CREEK",6420,193,"BOOKER CREEK","03100206","90700000","STREAM","tbcmp_PD_HA_IntHigh_2080","PD","HA","IntHigh","2080",0.190765354132
"03100206_90700000_BOOKER_CREEK",6600,1163,"BOOKER CREEK","03100206","90700000","STREAM","tbcmp_PD_HA_IntHigh_2080","PD","HA","IntHigh","2080",1.149534232412
"03100206_99990000_DIRECT_RUNOFF_TO_BAY",0,4107,"DIRECT RUNOFF TO BAY","03100206","99990000","BAY/RUNOFF","tbcmp_PD_HA_IntHigh_2080","PD","HA","IntHigh","2080",4.059447199068
"03100206_99990000_DIRECT_RUNOFF_TO_BAY",1100,350158,"DIRECT RUNOFF TO BAY","03100206","99990000","BAY/RUNOFF","tbcmp_PD_HA_IntHigh_2080","PD","HA","IntHigh","2080",346.103704000792
"03100206_99990000_DIRECT_RUNOFF_TO_BAY",1200,24143469,"DIRECT RUNOFF TO BAY","03100206","99990000","BAY/RUNOFF","tbcmp_PD_HA_IntHigh_2080","PD","HA","IntHigh","2080",23863.9244236268
"03100206_99990000_DIRECT_RUNOFF_TO_BAY",1800,656876,"DIRECT RUNOFF TO BAY","03100206","99990000","BAY/RUNOFF","tbcmp_PD_HA_IntHigh_2080","PD","HA","IntHigh","2080",649.270376999024
"03100206_99990000_DIRECT_RUNOFF_TO_BAY",1820,548545,"DIRECT RUNOFF TO BAY","03100206","99990000","BAY/RUNOFF","tbcmp_PD_HA_IntHigh_2080","PD","HA","IntHigh","2080",542.19368488258
"03100206_99990000_DIRECT_RUNOFF_TO_BAY",1900,929213,"DIRECT RUNOFF TO BAY","03100206","99990000","BAY/RUNOFF","tbcmp_PD_HA_IntHigh_2080","PD","HA","IntHigh","2080",918.454129580612
"03100206_99990000_DIRECT_RUNOFF_TO_BAY",2100,36414,"DIRECT RUNOFF TO BAY","03100206","99990000","BAY/RUNOFF","tbcmp_PD_HA_IntHigh_2080","PD","HA","IntHigh","2080",35.992381374936
"03100206_99990000_DIRECT_RUNOFF_TO_BAY",2400,33905,"DIRECT RUNOFF TO BAY","03100206","99990000","BAY/RUNOFF","tbcmp_PD_HA_IntHigh_2080","PD","HA","IntHigh","2080",33.51243177122
"03100206_99990000_DIRECT_RUNOFF_TO_BAY",3200,25871,"DIRECT RUNOFF TO BAY","03100206","99990000","BAY/RUNOFF","tbcmp_PD_HA_IntHigh_2080","PD","HA","IntHigh","2080",25.571453247404
"03100206_99990000_DIRECT_RUNOFF_TO_BAY",4100,316823,"DIRECT RUNOFF TO BAY","03100206","99990000","BAY/RUNOFF","tbcmp_PD_HA_IntHigh_2080","PD","HA","IntHigh","2080",313.154672498252
"03100206_99990000_DIRECT_RUNOFF_TO_BAY",4400,37764,"DIRECT RUNOFF TO BAY","03100206","99990000","BAY/RUNOFF","tbcmp_PD_HA_IntHigh_2080","PD","HA","IntHigh","2080",37.326750432336
"03100206_99990000_DIRECT_RUNOFF_TO_BAY",5200,397113,"DIRECT RUNOFF TO BAY","03100206","99990000","BAY/RUNOFF","tbcmp_PD_HA_IntHigh_2080","PD","HA","IntHigh","2080",392.515036660212
"03100206_99990000_DIRECT_RUNOFF_TO_BAY",5400,2717484,"DIRECT RUNOFF TO BAY","03100206","99990000","BAY/RUNOFF","tbcmp_PD_HA_IntHigh_2080","PD","HA","IntHigh","2080",2686.01967672562
"03100206_99990000_DIRECT_RUNOFF_TO_BAY",6110,129839,"DIRECT RUNOFF TO BAY","03100206","99990000","BAY/RUNOFF","tbcmp_PD_HA_IntHigh_2080","PD","HA","IntHigh","2080",128.335662254636
"03100206_99990000_DIRECT_RUNOFF_TO_BAY",6120,5761288,"DIRECT RUNOFF TO BAY","03100206","99990000","BAY/RUNOFF","tbcmp_PD_HA_IntHigh_2080","PD","HA","IntHigh","2080",5694.58106516291
"03100206_99990000_DIRECT_RUNOFF_TO_BAY",6410,232163,"DIRECT RUNOFF TO BAY","03100206","99990000","BAY/RUNOFF","tbcmp_PD_HA_IntHigh_2080","PD","HA","IntHigh","2080",229.474906276412
"03100206_99990000_DIRECT_RUNOFF_TO_BAY",6420,483610,"DIRECT RUNOFF TO BAY","03100206","99990000","BAY/RUNOFF","tbcmp_PD_HA_IntHigh_2080","PD","HA","IntHigh","2080",478.01053322164
"03100206_99990000_DIRECT_RUNOFF_TO_BAY",6425,428048,"DIRECT RUNOFF TO BAY","03100206","99990000","BAY/RUNOFF","tbcmp_PD_HA_IntHigh_2080","PD","HA","IntHigh","2080",423.091856505152
"03100206_99990000_DIRECT_RUNOFF_TO_BAY",6510,87951,"DIRECT RUNOFF TO BAY","03100206","99990000","BAY/RUNOFF","tbcmp_PD_HA_IntHigh_2080","PD","HA","IntHigh","2080",86.932661457324
"03100206_99990000_DIRECT_RUNOFF_TO_BAY",6600,348070,"DIRECT RUNOFF TO BAY","03100206","99990000","BAY/RUNOFF","tbcmp_PD_HA_IntHigh_2080","PD","HA","IntHigh","2080",344.03987985868
"03100206_99990000_DIRECT_RUNOFF_TO_BAY",7100,119,"DIRECT RUNOFF TO BAY","03100206","99990000","BAY/RUNOFF","tbcmp_PD_HA_IntHigh_2080","PD","HA","IntHigh","2080",0.117622161356
"03100206_99990000_DIRECT_RUNOFF_TO_BAY",9113,3419998,"DIRECT RUNOFF TO BAY","03100206","99990000","BAY/RUNOFF","tbcmp_PD_HA_IntHigh_2080","PD","HA","IntHigh","2080",3380.39963523695
"03100206_99990000_TAMPA_BAY",0,8406,"TAMPA BAY","03100206","99990000","BAY","tbcmp_PD_HA_IntHigh_2080","PD","HA","IntHigh","2080",8.308671330744
"03100206_99990000_TAMPA_BAY",1100,104150,"TAMPA BAY","03100206","99990000","BAY","tbcmp_PD_HA_IntHigh_2080","PD","HA","IntHigh","2080",102.9441017246
"03100206_99990000_TAMPA_BAY",1200,2616463,"TAMPA BAY","03100206","99990000","BAY","tbcmp_PD_HA_IntHigh_2080","PD","HA","IntHigh","2080",2586.16834594961
"03100206_99990000_TAMPA_BAY",1800,541014,"TAMPA BAY","03100206","99990000","BAY","tbcmp_PD_HA_IntHigh_2080","PD","HA","IntHigh","2080",534.749882385336
"03100206_99990000_TAMPA_BAY",1820,1278,"TAMPA BAY","03100206","99990000","BAY","tbcmp_PD_HA_IntHigh_2080","PD","HA","IntHigh","2080",1.263202707672
"03100206_99990000_TAMPA_BAY",1900,97681,"TAMPA BAY","03100206","99990000","BAY","tbcmp_PD_HA_IntHigh_2080","PD","HA","IntHigh","2080",96.550002885844
"03100206_99990000_TAMPA_BAY",3200,175197,"TAMPA BAY","03100206","99990000","BAY","tbcmp_PD_HA_IntHigh_2080","PD","HA","IntHigh","2080",173.168485740228
"03100206_99990000_TAMPA_BAY",4100,32861,"TAMPA BAY","03100206","99990000","BAY","tbcmp_PD_HA_IntHigh_2080","PD","HA","IntHigh","2080",32.480519700164
"03100206_99990000_TAMPA_BAY",5200,30617,"TAMPA BAY","03100206","99990000","BAY","tbcmp_PD_HA_IntHigh_2080","PD","HA","IntHigh","2080",30.262501800308
"03100206_99990000_TAMPA_BAY",5400,207198788,"TAMPA BAY","03100206","99990000","BAY","tbcmp_PD_HA_IntHigh_2080","PD","HA","IntHigh","2080",204799.741805913
"03100206_99990000_TAMPA_BAY",6110,56911,"TAMPA BAY","03100206","99990000","BAY","tbcmp_PD_HA_IntHigh_2080","PD","HA","IntHigh","2080",56.252057352364
"03100206_99990000_TAMPA_BAY",6120,1769673,"TAMPA BAY","03100206","99990000","BAY","tbcmp_PD_HA_IntHigh_2080","PD","HA","IntHigh","2080",1749.18288364165
"03100206_99990000_TAMPA_BAY",6410,270374,"TAMPA BAY","03100206","99990000","BAY","tbcmp_PD_HA_IntHigh_2080","PD","HA","IntHigh","2080",267.243481129976
"03100206_99990000_TAMPA_BAY",6420,40090,"TAMPA BAY","03100206","99990000","BAY","tbcmp_PD_HA_IntHigh_2080","PD","HA","IntHigh","2080",39.62581889716
"03100206_99990000_TAMPA_BAY",6425,2487,"TAMPA BAY","03100206","99990000","BAY","tbcmp_PD_HA_IntHigh_2080","PD","HA","IntHigh","2080",2.458204330188
"03100206_99990000_TAMPA_BAY",6510,2757,"TAMPA BAY","03100206","99990000","BAY","tbcmp_PD_HA_IntHigh_2080","PD","HA","IntHigh","2080",2.725078141668
"03100206_99990000_TAMPA_BAY",6600,247256,"TAMPA BAY","03100206","99990000","BAY","tbcmp_PD_HA_IntHigh_2080","PD","HA","IntHigh","2080",244.393152338144
"03100206_99990000_TAMPA_BAY",7100,41673,"TAMPA BAY","03100206","99990000","BAY","tbcmp_PD_HA_IntHigh_2080","PD","HA","IntHigh","2080",41.190490169652
"03100206_99990000_TAMPA_BAY",9113,23239363,"TAMPA BAY","03100206","99990000","BAY","tbcmp_PD_HA_IntHigh_2080","PD","HA","IntHigh","2080",22970.2865932492
"03100207_04000000_CLAM_BAYOU_DRAIN",1100,271,"CLAM BAYOU DRAIN","03100207","04000000","DRAIN","tbcmp_PD_HA_IntHigh_2080","PD","HA","IntHigh","2080",0.267862233004
"03100207_04000000_CLAM_BAYOU_DRAIN",1200,1943228,"CLAM BAYOU DRAIN","03100207","04000000","DRAIN","tbcmp_PD_HA_IntHigh_2080","PD","HA","IntHigh","2080",1920.72838123947
"03100207_04000000_CLAM_BAYOU_DRAIN",1800,34927,"CLAM BAYOU DRAIN","03100207","04000000","DRAIN","tbcmp_PD_HA_IntHigh_2080","PD","HA","IntHigh","2080",34.522598568748
"03100207_04000000_CLAM_BAYOU_DRAIN",1820,23180,"CLAM BAYOU DRAIN","03100207","04000000","DRAIN","tbcmp_PD_HA_IntHigh_2080","PD","HA","IntHigh","2080",22.91161092632
"03100207_04000000_CLAM_BAYOU_DRAIN",1900,17869,"CLAM BAYOU DRAIN","03100207","04000000","DRAIN","tbcmp_PD_HA_IntHigh_2080","PD","HA","IntHigh","2080",17.662104212356
"03100207_04000000_CLAM_BAYOU_DRAIN",4100,9267,"CLAM BAYOU DRAIN","03100207","04000000","DRAIN","tbcmp_PD_HA_IntHigh_2080","PD","HA","IntHigh","2080",9.159702262908
"03100207_04000000_CLAM_BAYOU_DRAIN",5200,12926,"CLAM BAYOU DRAIN","03100207","04000000","DRAIN","tbcmp_PD_HA_IntHigh_2080","PD","HA","IntHigh","2080",12.776336619224
"03100207_04000000_CLAM_BAYOU_DRAIN",5400,36777,"CLAM BAYOU DRAIN","03100207","04000000","DRAIN","tbcmp_PD_HA_IntHigh_2080","PD","HA","IntHigh","2080",36.351178388148
"03100207_04000000_CLAM_BAYOU_DRAIN",6110,164,"CLAM BAYOU DRAIN","03100207","04000000","DRAIN","tbcmp_PD_HA_IntHigh_2080","PD","HA","IntHigh","2080",0.162101129936
"03100207_04000000_CLAM_BAYOU_DRAIN",6120,52446,"CLAM BAYOU DRAIN","03100207","04000000","DRAIN","tbcmp_PD_HA_IntHigh_2080","PD","HA","IntHigh","2080",51.838755247704
"03100207_04000000_CLAM_BAYOU_DRAIN",6410,200,"CLAM BAYOU DRAIN","03100207","04000000","DRAIN","tbcmp_PD_HA_IntHigh_2080","PD","HA","IntHigh","2080",0.1976843048
"03100207_04000000_CLAM_BAYOU_DRAIN",6420,1831,"CLAM BAYOU DRAIN","03100207","04000000","DRAIN","tbcmp_PD_HA_IntHigh_2080","PD","HA","IntHigh","2080",1.809799810444
"03100207_04000000_CLAM_BAYOU_DRAIN",6600,4653,"CLAM BAYOU DRAIN","03100207","04000000","DRAIN","tbcmp_PD_HA_IntHigh_2080","PD","HA","IntHigh","2080",4.599125351172
"03100207_04000000_CLAM_BAYOU_DRAIN",9113,22813,"CLAM BAYOU DRAIN","03100207","04000000","DRAIN","tbcmp_PD_HA_IntHigh_2080","PD","HA","IntHigh","2080",22.548860227012
"03100207_07000000_BEAR_CREEK",1200,2458807,"BEAR CREEK","03100207","07000000","STREAM","tbcmp_PD_HA_IntHigh_2080","PD","HA","IntHigh","2080",2430.33776216187
"03100207_07000000_BEAR_CREEK",1800,18806,"BEAR CREEK","03100207","07000000","STREAM","tbcmp_PD_HA_IntHigh_2080","PD","HA","IntHigh","2080",18.588255180344
"03100207_07000000_BEAR_CREEK",1820,8246,"BEAR CREEK","03100207","07000000","STREAM","tbcmp_PD_HA_IntHigh_2080","PD","HA","IntHigh","2080",8.150523886904
"03100207_07000000_BEAR_CREEK",1900,12351,"BEAR CREEK","03100207","07000000","STREAM","tbcmp_PD_HA_IntHigh_2080","PD","HA","IntHigh","2080",12.207994242924
"03100207_07000000_BEAR_CREEK",5200,33540,"BEAR CREEK","03100207","07000000","STREAM","tbcmp_PD_HA_IntHigh_2080","PD","HA","IntHigh","2080",33.15165791496
"03100207_07000000_BEAR_CREEK",5400,16900,"BEAR CREEK","03100207","07000000","STREAM","tbcmp_PD_HA_IntHigh_2080","PD","HA","IntHigh","2080",16.7043237556
"03100207_07000000_BEAR_CREEK",6110,4015,"BEAR CREEK","03100207","07000000","STREAM","tbcmp_PD_HA_IntHigh_2080","PD","HA","IntHigh","2080",3.96851241886
"03100207_07000000_BEAR_CREEK",6120,1593,"BEAR CREEK","03100207","07000000","STREAM","tbcmp_PD_HA_IntHigh_2080","PD","HA","IntHigh","2080",1.574555487732
"03100207_07000000_BEAR_CREEK",6410,3476,"BEAR CREEK","03100207","07000000","STREAM","tbcmp_PD_HA_IntHigh_2080","PD","HA","IntHigh","2080",3.435753217424
"03100207_07000000_BEAR_CREEK",6420,159,"BEAR CREEK","03100207","07000000","STREAM","tbcmp_PD_HA_IntHigh_2080","PD","HA","IntHigh","2080",0.157159022316
"03100207_07000000_BEAR_CREEK",6600,530,"BEAR CREEK","03100207","07000000","STREAM","tbcmp_PD_HA_IntHigh_2080","PD","HA","IntHigh","2080",0.52386340772
"03100207_07000000_BEAR_CREEK",9113,1021,"BEAR CREEK","03100207","07000000","STREAM","tbcmp_PD_HA_IntHigh_2080","PD","HA","IntHigh","2080",1.009178376004
"03100207_10900000_CROSS_CANAL_(SOUTH)",0,529,"CROSS CANAL (SOUTH)","03100207","10900000","CANAL","tbcmp_PD_HA_IntHigh_2080","PD","HA","IntHigh","2080",0.522874986196
"03100207_10900000_CROSS_CANAL_(SOUTH)",1100,4080,"CROSS CANAL (SOUTH)","03100207","10900000","CANAL","tbcmp_PD_HA_IntHigh_2080","PD","HA","IntHigh","2080",4.03275981792
"03100207_10900000_CROSS_CANAL_(SOUTH)",1200,4161612,"CROSS CANAL (SOUTH)","03100207","10900000","CANAL","tbcmp_PD_HA_IntHigh_2080","PD","HA","IntHigh","2080",4113.42687533669
"03100207_10900000_CROSS_CANAL_(SOUTH)",1800,49745,"CROSS CANAL (SOUTH)","03100207","10900000","CANAL","tbcmp_PD_HA_IntHigh_2080","PD","HA","IntHigh","2080",49.16902871138
"03100207_10900000_CROSS_CANAL_(SOUTH)",1820,226567,"CROSS CANAL (SOUTH)","03100207","10900000","CANAL","tbcmp_PD_HA_IntHigh_2080","PD","HA","IntHigh","2080",223.943699428108
"03100207_10900000_CROSS_CANAL_(SOUTH)",1900,83249,"CROSS CANAL (SOUTH)","03100207","10900000","CANAL","tbcmp_PD_HA_IntHigh_2080","PD","HA","IntHigh","2080",82.285103451476
"03100207_10900000_CROSS_CANAL_(SOUTH)",2400,3788,"CROSS CANAL (SOUTH)","03100207","10900000","CANAL","tbcmp_PD_HA_IntHigh_2080","PD","HA","IntHigh","2080",3.744140732912
"03100207_10900000_CROSS_CANAL_(SOUTH)",3200,3127,"CROSS CANAL (SOUTH)","03100207","10900000","CANAL","tbcmp_PD_HA_IntHigh_2080","PD","HA","IntHigh","2080",3.090794105548
"03100207_10900000_CROSS_CANAL_(SOUTH)",4100,36868,"CROSS CANAL (SOUTH)","03100207","10900000","CANAL","tbcmp_PD_HA_IntHigh_2080","PD","HA","IntHigh","2080",36.441124746832
"03100207_10900000_CROSS_CANAL_(SOUTH)",5200,112407,"CROSS CANAL (SOUTH)","03100207","10900000","CANAL","tbcmp_PD_HA_IntHigh_2080","PD","HA","IntHigh","2080",111.105498248268
"03100207_10900000_CROSS_CANAL_(SOUTH)",5400,75824,"CROSS CANAL (SOUTH)","03100207","10900000","CANAL","tbcmp_PD_HA_IntHigh_2080","PD","HA","IntHigh","2080",74.946073635776
"03100207_10900000_CROSS_CANAL_(SOUTH)",6110,8005,"CROSS CANAL (SOUTH)","03100207","10900000","CANAL","tbcmp_PD_HA_IntHigh_2080","PD","HA","IntHigh","2080",7.91231429962
"03100207_10900000_CROSS_CANAL_(SOUTH)",6120,167947,"CROSS CANAL (SOUTH)","03100207","10900000","CANAL","tbcmp_PD_HA_IntHigh_2080","PD","HA","IntHigh","2080",166.002429691228
"03100207_10900000_CROSS_CANAL_(SOUTH)",6410,15437,"CROSS CANAL (SOUTH)","03100207","10900000","CANAL","tbcmp_PD_HA_IntHigh_2080","PD","HA","IntHigh","2080",15.258263065988
"03100207_10900000_CROSS_CANAL_(SOUTH)",6420,5456,"CROSS CANAL (SOUTH)","03100207","10900000","CANAL","tbcmp_PD_HA_IntHigh_2080","PD","HA","IntHigh","2080",5.392827834944
"03100207_10900000_CROSS_CANAL_(SOUTH)",6600,12152,"CROSS CANAL (SOUTH)","03100207","10900000","CANAL","tbcmp_PD_HA_IntHigh_2080","PD","HA","IntHigh","2080",12.011298359648
"03100207_10900000_CROSS_CANAL_(SOUTH)",9113,276795,"CROSS CANAL (SOUTH)","03100207","10900000","CANAL","tbcmp_PD_HA_IntHigh_2080","PD","HA","IntHigh","2080",273.59013573558
"03100207_10908500_PINELLAS_PARK_DITCH",0,275,"PINELLAS PARK DITCH","03100207","10908500","DITCH","tbcmp_PD_HA_IntHigh_2080","PD","HA","IntHigh","2080",0.2718159191
"03100207_10908500_PINELLAS_PARK_DITCH",1100,256638,"PINELLAS PARK DITCH","03100207","10908500","DITCH","tbcmp_PD_HA_IntHigh_2080","PD","HA","IntHigh","2080",253.666523076312
"03100207_10908500_PINELLAS_PARK_DITCH",1200,1786927,"PINELLAS PARK DITCH","03100207","10908500","DITCH","tbcmp_PD_HA_IntHigh_2080","PD","HA","IntHigh","2080",1766.23710861675
"03100207_10908500_PINELLAS_PARK_DITCH",1800,69979,"PINELLAS PARK DITCH","03100207","10908500","DITCH","tbcmp_PD_HA_IntHigh_2080","PD","HA","IntHigh","2080",69.168749827996
"03100207_10908500_PINELLAS_PARK_DITCH",1900,8823,"PINELLAS PARK DITCH","03100207","10908500","DITCH","tbcmp_PD_HA_IntHigh_2080","PD","HA","IntHigh","2080",8.720843106252
"03100207_10908500_PINELLAS_PARK_DITCH",2400,5908,"PINELLAS PARK DITCH","03100207","10908500","DITCH","tbcmp_PD_HA_IntHigh_2080","PD","HA","IntHigh","2080",5.839594363792
"03100207_10908500_PINELLAS_PARK_DITCH",4100,27781,"PINELLAS PARK DITCH","03100207","10908500","DITCH","tbcmp_PD_HA_IntHigh_2080","PD","HA","IntHigh","2080",27.459338358244
"03100207_10908500_PINELLAS_PARK_DITCH",5200,57478,"PINELLAS PARK DITCH","03100207","10908500","DITCH","tbcmp_PD_HA_IntHigh_2080","PD","HA","IntHigh","2080",56.812492356472
"03100207_10908500_PINELLAS_PARK_DITCH",5400,23114,"PINELLAS PARK DITCH","03100207","10908500","DITCH","tbcmp_PD_HA_IntHigh_2080","PD","HA","IntHigh","2080",22.846375105736
"03100207_10908500_PINELLAS_PARK_DITCH",6110,23426,"PINELLAS PARK DITCH","03100207","10908500","DITCH","tbcmp_PD_HA_IntHigh_2080","PD","HA","IntHigh","2080",23.154762621224
"03100207_10908500_PINELLAS_PARK_DITCH",6120,9728,"PINELLAS PARK DITCH","03100207","10908500","DITCH","tbcmp_PD_HA_IntHigh_2080","PD","HA","IntHigh","2080",9.615364585472
"03100207_10908500_PINELLAS_PARK_DITCH",6410,8541,"PINELLAS PARK DITCH","03100207","10908500","DITCH","tbcmp_PD_HA_IntHigh_2080","PD","HA","IntHigh","2080",8.442108236484
"03100207_10908500_PINELLAS_PARK_DITCH",6420,538,"PINELLAS PARK DITCH","03100207","10908500","DITCH","tbcmp_PD_HA_IntHigh_2080","PD","HA","IntHigh","2080",0.531770779912
"03100207_10908500_PINELLAS_PARK_DITCH",6600,1469,"PINELLAS PARK DITCH","03100207","10908500","DITCH","tbcmp_PD_HA_IntHigh_2080","PD","HA","IntHigh","2080",1.451991218756
"03100207_10908500_PINELLAS_PARK_DITCH",9113,28200,"PINELLAS PARK DITCH","03100207","10908500","DITCH","tbcmp_PD_HA_IntHigh_2080","PD","HA","IntHigh","2080",27.8734869768
"03100207_10909000_ST_JOE_CREEK",0,141,"ST JOE CREEK","03100207","10909000","STREAM","tbcmp_PD_HA_IntHigh_2080","PD","HA","IntHigh","2080",0.139367434884
"03100207_10909000_ST_JOE_CREEK",1100,128974,"ST JOE CREEK","03100207","10909000","STREAM","tbcmp_PD_HA_IntHigh_2080","PD","HA","IntHigh","2080",127.480677636376
"03100207_10909000_ST_JOE_CREEK",1200,9620129,"ST JOE CREEK","03100207","10909000","STREAM","tbcmp_PD_HA_IntHigh_2080","PD","HA","IntHigh","2080",9508.7425672566
"03100207_10909000_ST_JOE_CREEK",1800,96479,"ST JOE CREEK","03100207","10909000","STREAM","tbcmp_PD_HA_IntHigh_2080","PD","HA","IntHigh","2080",95.361920213996
"03100207_10909000_ST_JOE_CREEK",1900,70847,"ST JOE CREEK","03100207","10909000","STREAM","tbcmp_PD_HA_IntHigh_2080","PD","HA","IntHigh","2080",70.026699710828
"03100207_10909000_ST_JOE_CREEK",2400,3551,"ST JOE CREEK","03100207","10909000","STREAM","tbcmp_PD_HA_IntHigh_2080","PD","HA","IntHigh","2080",3.509884831724
"03100207_10909000_ST_JOE_CREEK",4100,16896,"ST JOE CREEK","03100207","10909000","STREAM","tbcmp_PD_HA_IntHigh_2080","PD","HA","IntHigh","2080",16.700370069504
"03100207_10909000_ST_JOE_CREEK",5200,163982,"ST JOE CREEK","03100207","10909000","STREAM","tbcmp_PD_HA_IntHigh_2080","PD","HA","IntHigh","2080",162.083338348568
"03100207_10909000_ST_JOE_CREEK",5400,25228,"ST JOE CREEK","03100207","10909000","STREAM","tbcmp_PD_HA_IntHigh_2080","PD","HA","IntHigh","2080",24.935898207472
"03100207_10909000_ST_JOE_CREEK",6110,45572,"ST JOE CREEK","03100207","10909000","STREAM","tbcmp_PD_HA_IntHigh_2080","PD","HA","IntHigh","2080",45.044345691728
"03100207_10909000_ST_JOE_CREEK",6120,71291,"ST JOE CREEK","03100207","10909000","STREAM","tbcmp_PD_HA_IntHigh_2080","PD","HA","IntHigh","2080",70.465558867484
"03100207_10909000_ST_JOE_CREEK",6410,26802,"ST JOE CREEK","03100207","10909000","STREAM","tbcmp_PD_HA_IntHigh_2080","PD","HA","IntHigh","2080",26.491673686248
"03100207_10909000_ST_JOE_CREEK",6420,10577,"ST JOE CREEK","03100207","10909000","STREAM","tbcmp_PD_HA_IntHigh_2080","PD","HA","IntHigh","2080",10.454534459348
"03100207_10909000_ST_JOE_CREEK",6600,6589,"ST JOE CREEK","03100207","10909000","STREAM","tbcmp_PD_HA_IntHigh_2080","PD","HA","IntHigh","2080",6.512709421636
"03100207_10909000_ST_JOE_CREEK",9113,43722,"ST JOE CREEK","03100207","10909000","STREAM","tbcmp_PD_HA_IntHigh_2080","PD","HA","IntHigh","2080",43.215765872328
"03100207_20000000_MCKAY_CREEK",0,36,"MCKAY CREEK","03100207","20000000","STREAM","tbcmp_PD_HA_IntHigh_2080","PD","HA","IntHigh","2080",0.035583174864
"03100207_20000000_MCKAY_CREEK",1100,42563,"MCKAY CREEK","03100207","20000000","STREAM","tbcmp_PD_HA_IntHigh_2080","PD","HA","IntHigh","2080",42.070185326012
"03100207_20000000_MCKAY_CREEK",1200,2432162,"MCKAY CREEK","03100207","20000000","STREAM","tbcmp_PD_HA_IntHigh_2080","PD","HA","IntHigh","2080",2404.00127065489
"03100207_20000000_MCKAY_CREEK",1800,148618,"MCKAY CREEK","03100207","20000000","STREAM","tbcmp_PD_HA_IntHigh_2080","PD","HA","IntHigh","2080",146.897230053832
"03100207_20000000_MCKAY_CREEK",1820,29225,"MCKAY CREEK","03100207","20000000","STREAM","tbcmp_PD_HA_IntHigh_2080","PD","HA","IntHigh","2080",28.8866190389
"03100207_20000000_MCKAY_CREEK",1900,91786,"MCKAY CREEK","03100207","20000000","STREAM","tbcmp_PD_HA_IntHigh_2080","PD","HA","IntHigh","2080",90.723258001864
"03100207_20000000_MCKAY_CREEK",4100,101239,"MCKAY CREEK","03100207","20000000","STREAM","tbcmp_PD_HA_IntHigh_2080","PD","HA","IntHigh","2080",100.066806668236
"03100207_20000000_MCKAY_CREEK",5200,85444,"MCKAY CREEK","03100207","20000000","STREAM","tbcmp_PD_HA_IntHigh_2080","PD","HA","IntHigh","2080",84.454688696656
"03100207_20000000_MCKAY_CREEK",5400,34037,"MCKAY CREEK","03100207","20000000","STREAM","tbcmp_PD_HA_IntHigh_2080","PD","HA","IntHigh","2080",33.642903412388
"03100207_20000000_MCKAY_CREEK",6110,16653,"MCKAY CREEK","03100207","20000000","STREAM","tbcmp_PD_HA_IntHigh_2080","PD","HA","IntHigh","2080",16.460183639172
"03100207_20000000_MCKAY_CREEK",6120,273,"MCKAY CREEK","03100207","20000000","STREAM","tbcmp_PD_HA_IntHigh_2080","PD","HA","IntHigh","2080",0.269839076052
"03100207_20000000_MCKAY_CREEK",6410,57421,"MCKAY CREEK","03100207","20000000","STREAM","tbcmp_PD_HA_IntHigh_2080","PD","HA","IntHigh","2080",56.756152329604
"03100207_20000000_MCKAY_CREEK",6420,32,"MCKAY CREEK","03100207","20000000","STREAM","tbcmp_PD_HA_IntHigh_2080","PD","HA","IntHigh","2080",0.031629488768
"03100207_20000000_MCKAY_CREEK",6600,188,"MCKAY CREEK","03100207","20000000","STREAM","tbcmp_PD_HA_IntHigh_2080","PD","HA","IntHigh","2080",0.185823246512
"03100207_20000000_MCKAY_CREEK",9113,2264,"MCKAY CREEK","03100207","20000000","STREAM","tbcmp_PD_HA_IntHigh_2080","PD","HA","IntHigh","2080",2.237786330336
"03100207_20000000_WALSINGHAM_RESERVOIR",1100,46415,"WALSINGHAM RESERVOIR","03100207","20000000","RESERV","tbcmp_PD_HA_IntHigh_2080","PD","HA","IntHigh","2080",45.87758503646
"03100207_20000000_WALSINGHAM_RESERVOIR",1200,1090346,"WALSINGHAM RESERVOIR","03100207","20000000","RESERV","tbcmp_PD_HA_IntHigh_2080","PD","HA","IntHigh","2080",1077.7214550073
"03100207_20000000_WALSINGHAM_RESERVOIR",1800,295767,"WALSINGHAM RESERVOIR","03100207","20000000","RESERV","tbcmp_PD_HA_IntHigh_2080","PD","HA","IntHigh","2080",292.342468888908
"03100207_20000000_WALSINGHAM_RESERVOIR",1900,36327,"WALSINGHAM RESERVOIR","03100207","20000000","RESERV","tbcmp_PD_HA_IntHigh_2080","PD","HA","IntHigh","2080",35.906388702348
"03100207_20000000_WALSINGHAM_RESERVOIR",2100,27064,"WALSINGHAM RESERVOIR","03100207","20000000","RESERV","tbcmp_PD_HA_IntHigh_2080","PD","HA","IntHigh","2080",26.750640125536
"03100207_20000000_WALSINGHAM_RESERVOIR",4100,4651,"WALSINGHAM RESERVOIR","03100207","20000000","RESERV","tbcmp_PD_HA_IntHigh_2080","PD","HA","IntHigh","2080",4.597148508124
"03100207_20000000_WALSINGHAM_RESERVOIR",5200,107616,"WALSINGHAM RESERVOIR","03100207","20000000","RESERV","tbcmp_PD_HA_IntHigh_2080","PD","HA","IntHigh","2080",106.369970726784
"03100207_20000000_WALSINGHAM_RESERVOIR",6410,25332,"WALSINGHAM RESERVOIR","03100207","20000000","RESERV","tbcmp_PD_HA_IntHigh_2080","PD","HA","IntHigh","2080",25.038694045968
"03100207_20900000_CHURCH_CREEK",1200,946943,"CHURCH CREEK","03100207","20900000","STREAM","tbcmp_PD_HA_IntHigh_2080","PD","HA","IntHigh","2080",935.978843201132
"03100207_20900000_CHURCH_CREEK",1800,15490,"CHURCH CREEK","03100207","20900000","STREAM","tbcmp_PD_HA_IntHigh_2080","PD","HA","IntHigh","2080",15.31064940676
"03100207_20900000_CHURCH_CREEK",1820,42870,"CHURCH CREEK","03100207","20900000","STREAM","tbcmp_PD_HA_IntHigh_2080","PD","HA","IntHigh","2080",42.37363073388
"03100207_20900000_CHURCH_CREEK",1900,294,"CHURCH CREEK","03100207","20900000","STREAM","tbcmp_PD_HA_IntHigh_2080","PD","HA","IntHigh","2080",0.290595928056
"03100207_20900000_CHURCH_CREEK",4100,26853,"CHURCH CREEK","03100207","20900000","STREAM","tbcmp_PD_HA_IntHigh_2080","PD","HA","IntHigh","2080",26.542083183972
"03100207_20900000_CHURCH_CREEK",5200,32074,"CHURCH CREEK","03100207","20900000","STREAM","tbcmp_PD_HA_IntHigh_2080","PD","HA","IntHigh","2080",31.702631960776
"03100207_20900000_CHURCH_CREEK",5400,7885,"CHURCH CREEK","03100207","20900000","STREAM","tbcmp_PD_HA_IntHigh_2080","PD","HA","IntHigh","2080",7.79370371674
"03100207_20900000_CHURCH_CREEK",6120,661,"CHURCH CREEK","03100207","20900000","STREAM","tbcmp_PD_HA_IntHigh_2080","PD","HA","IntHigh","2080",0.653346627364
"03100207_20900000_CHURCH_CREEK",6410,4689,"CHURCH CREEK","03100207","20900000","STREAM","tbcmp_PD_HA_IntHigh_2080","PD","HA","IntHigh","2080",4.634708526036
"03100207_20900000_CHURCH_CREEK",6420,542,"CHURCH CREEK","03100207","20900000","STREAM","tbcmp_PD_HA_IntHigh_2080","PD","HA","IntHigh","2080",0.535724466008
"03100207_20900000_CHURCH_CREEK",6600,39,"CHURCH CREEK","03100207","20900000","STREAM","tbcmp_PD_HA_IntHigh_2080","PD","HA","IntHigh","2080",0.038548439436
"03100207_20900000_CHURCH_CREEK",9113,1541,"CHURCH CREEK","03100207","20900000","STREAM","tbcmp_PD_HA_IntHigh_2080","PD","HA","IntHigh","2080",1.523157568484
"03100207_22000000_BELLEAIR_GOLFCLUB_RUN",1100,10131,"BELLEAIR GOLFCLUB RUN","03100207","22000000","STREAM","tbcmp_PD_HA_IntHigh_2080","PD","HA","IntHigh","2080",10.013698459644
"03100207_22000000_BELLEAIR_GOLFCLUB_RUN",1200,811666,"BELLEAIR GOLFCLUB RUN","03100207","22000000","STREAM","tbcmp_PD_HA_IntHigh_2080","PD","HA","IntHigh","2080",802.268144698984
"03100207_22000000_BELLEAIR_GOLFCLUB_RUN",1800,130848,"BELLEAIR GOLFCLUB RUN","03100207","22000000","STREAM","tbcmp_PD_HA_IntHigh_2080","PD","HA","IntHigh","2080",129.332979572352
"03100207_22000000_BELLEAIR_GOLFCLUB_RUN",1820,63548,"BELLEAIR GOLFCLUB RUN","03100207","22000000","STREAM","tbcmp_PD_HA_IntHigh_2080","PD","HA","IntHigh","2080",62.812211007152
"03100207_22000000_BELLEAIR_GOLFCLUB_RUN",1900,10759,"BELLEAIR GOLFCLUB RUN","03100207","22000000","STREAM","tbcmp_PD_HA_IntHigh_2080","PD","HA","IntHigh","2080",10.634427176716
"03100207_22000000_BELLEAIR_GOLFCLUB_RUN",2100,2321,"BELLEAIR GOLFCLUB RUN","03100207","22000000","STREAM","tbcmp_PD_HA_IntHigh_2080","PD","HA","IntHigh","2080",2.294126357204
"03100207_22000000_BELLEAIR_GOLFCLUB_RUN",4100,11573,"BELLEAIR GOLFCLUB RUN","03100207","22000000","STREAM","tbcmp_PD_HA_IntHigh_2080","PD","HA","IntHigh","2080",11.439002297252
"03100207_22000000_BELLEAIR_GOLFCLUB_RUN",5200,34098,"BELLEAIR GOLFCLUB RUN","03100207","22000000","STREAM","tbcmp_PD_HA_IntHigh_2080","PD","HA","IntHigh","2080",33.703197125352
"03100207_22000000_BELLEAIR_GOLFCLUB_RUN",5400,2953,"BELLEAIR GOLFCLUB RUN","03100207","22000000","STREAM","tbcmp_PD_HA_IntHigh_2080","PD","HA","IntHigh","2080",2.918808760372
"03100207_22000000_BELLEAIR_GOLFCLUB_RUN",6110,6294,"BELLEAIR GOLFCLUB RUN","03100207","22000000","STREAM","tbcmp_PD_HA_IntHigh_2080","PD","HA","IntHigh","2080",6.221125072056
"03100207_22000000_BELLEAIR_GOLFCLUB_RUN",6120,108,"BELLEAIR GOLFCLUB RUN","03100207","22000000","STREAM","tbcmp_PD_HA_IntHigh_2080","PD","HA","IntHigh","2080",0.106749524592
"03100207_22000000_BELLEAIR_GOLFCLUB_RUN",6410,2531,"BELLEAIR GOLFCLUB RUN","03100207","22000000","STREAM","tbcmp_PD_HA_IntHigh_2080","PD","HA","IntHigh","2080",2.501694877244
"03100207_22000000_BELLEAIR_GOLFCLUB_RUN",6420,103,"BELLEAIR GOLFCLUB RUN","03100207","22000000","STREAM","tbcmp_PD_HA_IntHigh_2080","PD","HA","IntHigh","2080",0.101807416972
"03100207_22000000_BELLEAIR_GOLFCLUB_RUN",6600,240,"BELLEAIR GOLFCLUB RUN","03100207","22000000","STREAM","tbcmp_PD_HA_IntHigh_2080","PD","HA","IntHigh","2080",0.23722116576
"03100207_22000000_BELLEAIR_GOLFCLUB_RUN",9113,4,"BELLEAIR GOLFCLUB RUN","03100207","22000000","STREAM","tbcmp_PD_HA_IntHigh_2080","PD","HA","IntHigh","2080",0.003953686096
"03100207_25000000_STEVENSON_CREEK",1100,52097,"STEVENSON CREEK","03100207","25000000","STREAM","tbcmp_PD_HA_IntHigh_2080","PD","HA","IntHigh","2080",51.493796135828
"03100207_25000000_STEVENSON_CREEK",1200,5339711,"STEVENSON CREEK","03100207","25000000","STREAM","tbcmp_PD_HA_IntHigh_2080","PD","HA","IntHigh","2080",5277.88528433956
"03100207_25000000_STEVENSON_CREEK",1800,161239,"STEVENSON CREEK","03100207","25000000","STREAM","tbcmp_PD_HA_IntHigh_2080","PD","HA","IntHigh","2080",159.372098108236
"03100207_25000000_STEVENSON_CREEK",1820,170513,"STEVENSON CREEK","03100207","25000000","STREAM","tbcmp_PD_HA_IntHigh_2080","PD","HA","IntHigh","2080",168.538719321812
"03100207_25000000_STEVENSON_CREEK",1900,80085,"STEVENSON CREEK","03100207","25000000","STREAM","tbcmp_PD_HA_IntHigh_2080","PD","HA","IntHigh","2080",79.15773774954
"03100207_25000000_STEVENSON_CREEK",2400,5816,"STEVENSON CREEK","03100207","25000000","STREAM","tbcmp_PD_HA_IntHigh_2080","PD","HA","IntHigh","2080",5.748659583584
"03100207_25000000_STEVENSON_CREEK",4100,13246,"STEVENSON CREEK","03100207","25000000","STREAM","tbcmp_PD_HA_IntHigh_2080","PD","HA","IntHigh","2080",13.092631506904
"03100207_25000000_STEVENSON_CREEK",5200,132734,"STEVENSON CREEK","03100207","25000000","STREAM","tbcmp_PD_HA_IntHigh_2080","PD","HA","IntHigh","2080",131.197142566616
"03100207_25000000_STEVENSON_CREEK",5400,34686,"STEVENSON CREEK","03100207","25000000","STREAM","tbcmp_PD_HA_IntHigh_2080","PD","HA","IntHigh","2080",34.284388981464
"03100207_25000000_STEVENSON_CREEK",6110,28436,"STEVENSON CREEK","03100207","25000000","STREAM","tbcmp_PD_HA_IntHigh_2080","PD","HA","IntHigh","2080",28.106754456464
"03100207_25000000_STEVENSON_CREEK",6120,1887,"STEVENSON CREEK","03100207","25000000","STREAM","tbcmp_PD_HA_IntHigh_2080","PD","HA","IntHigh","2080",1.865151415788
"03100207_25000000_STEVENSON_CREEK",6410,68540,"STEVENSON CREEK","03100207","25000000","STREAM","tbcmp_PD_HA_IntHigh_2080","PD","HA","IntHigh","2080",67.74641125496
"03100207_25000000_STEVENSON_CREEK",6420,140,"STEVENSON CREEK","03100207","25000000","STREAM","tbcmp_PD_HA_IntHigh_2080","PD","HA","IntHigh","2080",0.13837901336
"03100207_25000000_STEVENSON_CREEK",6600,361,"STEVENSON CREEK","03100207","25000000","STREAM","tbcmp_PD_HA_IntHigh_2080","PD","HA","IntHigh","2080",0.356820170164
"03100207_25000000_STEVENSON_CREEK",9113,7238,"STEVENSON CREEK","03100207","25000000","STREAM","tbcmp_PD_HA_IntHigh_2080","PD","HA","IntHigh","2080",7.154194990712
"03100207_29000000_CEDAR_CREEK",0,147,"CEDAR CREEK","03100207","29000000","STREAM","tbcmp_PD_HA_IntHigh_2080","PD","HA","IntHigh","2080",0.145297964028
"03100207_29000000_CEDAR_CREEK",1100,6750,"CEDAR CREEK","03100207","29000000","STREAM","tbcmp_PD_HA_IntHigh_2080","PD","HA","IntHigh","2080",6.671845287
"03100207_29000000_CEDAR_CREEK",1200,738598,"CEDAR CREEK","03100207","29000000","STREAM","tbcmp_PD_HA_IntHigh_2080","PD","HA","IntHigh","2080",730.046160783352
"03100207_29000000_CEDAR_CREEK",1800,72615,"CEDAR CREEK","03100207","29000000","STREAM","tbcmp_PD_HA_IntHigh_2080","PD","HA","IntHigh","2080",71.77422896526
"03100207_29000000_CEDAR_CREEK",1820,62762,"CEDAR CREEK","03100207","29000000","STREAM","tbcmp_PD_HA_IntHigh_2080","PD","HA","IntHigh","2080",62.035311689288
"03100207_29000000_CEDAR_CREEK",4100,46847,"CEDAR CREEK","03100207","29000000","STREAM","tbcmp_PD_HA_IntHigh_2080","PD","HA","IntHigh","2080",46.304583134828
"03100207_29000000_CEDAR_CREEK",5200,7678,"CEDAR CREEK","03100207","29000000","STREAM","tbcmp_PD_HA_IntHigh_2080","PD","HA","IntHigh","2080",7.589100461272
"03100207_29000000_CEDAR_CREEK",5400,5171,"CEDAR CREEK","03100207","29000000","STREAM","tbcmp_PD_HA_IntHigh_2080","PD","HA","IntHigh","2080",5.111127700604
"03100207_29000000_CEDAR_CREEK",6110,29137,"CEDAR CREEK","03100207","29000000","STREAM","tbcmp_PD_HA_IntHigh_2080","PD","HA","IntHigh","2080",28.799637944788
"03100207_29000000_CEDAR_CREEK",6120,13046,"CEDAR CREEK","03100207","29000000","STREAM","tbcmp_PD_HA_IntHigh_2080","PD","HA","IntHigh","2080",12.894947202104
"03100207_29000000_CEDAR_CREEK",6410,2356,"CEDAR CREEK","03100207","29000000","STREAM","tbcmp_PD_HA_IntHigh_2080","PD","HA","IntHigh","2080",2.328721110544
"03100207_29000000_CEDAR_CREEK",6420,6355,"CEDAR CREEK","03100207","29000000","STREAM","tbcmp_PD_HA_IntHigh_2080","PD","HA","IntHigh","2080",6.28141878502
"03100207_29000000_CEDAR_CREEK",6600,19435,"CEDAR CREEK","03100207","29000000","STREAM","tbcmp_PD_HA_IntHigh_2080","PD","HA","IntHigh","2080",19.20997231894
"03100207_29000000_CEDAR_CREEK",9113,5725,"CEDAR CREEK","03100207","29000000","STREAM","tbcmp_PD_HA_IntHigh_2080","PD","HA","IntHigh","2080",5.6587132249
"03100207_30000000_CURLEW_CREEK",0,57,"CURLEW CREEK","03100207","30000000","STREAM","tbcmp_PD_HA_IntHigh_2080","PD","HA","IntHigh","2080",0.056340026868
"03100207_30000000_CURLEW_CREEK",1100,140618,"CURLEW CREEK","03100207","30000000","STREAM","tbcmp_PD_HA_IntHigh_2080","PD","HA","IntHigh","2080",138.989857861832
"03100207_30000000_CURLEW_CREEK",1200,3556628,"CURLEW CREEK","03100207","30000000","STREAM","tbcmp_PD_HA_IntHigh_2080","PD","HA","IntHigh","2080",3515.44766806107
"03100207_30000000_CURLEW_CREEK",1800,44338,"CURLEW CREEK","03100207","30000000","STREAM","tbcmp_PD_HA_IntHigh_2080","PD","HA","IntHigh","2080",43.824633531112
"03100207_30000000_CURLEW_CREEK",1820,135416,"CURLEW CREEK","03100207","30000000","STREAM","tbcmp_PD_HA_IntHigh_2080","PD","HA","IntHigh","2080",133.848089093984
"03100207_30000000_CURLEW_CREEK",1900,22895,"CURLEW CREEK","03100207","30000000","STREAM","tbcmp_PD_HA_IntHigh_2080","PD","HA","IntHigh","2080",22.62991079198
"03100207_30000000_CURLEW_CREEK",4100,56219,"CURLEW CREEK","03100207","30000000","STREAM","tbcmp_PD_HA_IntHigh_2080","PD","HA","IntHigh","2080",55.568069657756
"03100207_30000000_CURLEW_CREEK",5200,96768,"CURLEW CREEK","03100207","30000000","STREAM","tbcmp_PD_HA_IntHigh_2080","PD","HA","IntHigh","2080",95.647574034432
"03100207_30000000_CURLEW_CREEK",5400,11664,"CURLEW CREEK","03100207","30000000","STREAM","tbcmp_PD_HA_IntHigh_2080","PD","HA","IntHigh","2080",11.528948655936
"03100207_30000000_CURLEW_CREEK",6110,55634,"CURLEW CREEK","03100207","30000000","STREAM","tbcmp_PD_HA_IntHigh_2080","PD","HA","IntHigh","2080",54.989843066216
"03100207_30000000_CURLEW_CREEK",6120,4592,"CURLEW CREEK","03100207","30000000","STREAM","tbcmp_PD_HA_IntHigh_2080","PD","HA","IntHigh","2080",4.538831638208
"03100207_30000000_CURLEW_CREEK",6410,57775,"CURLEW CREEK","03100207","30000000","STREAM","tbcmp_PD_HA_IntHigh_2080","PD","HA","IntHigh","2080",57.1060535491
"03100207_30000000_CURLEW_CREEK",6420,774,"CURLEW CREEK","03100207","30000000","STREAM","tbcmp_PD_HA_IntHigh_2080","PD","HA","IntHigh","2080",0.765038259576
"03100207_30000000_CURLEW_CREEK",6600,2899,"CURLEW CREEK","03100207","30000000","STREAM","tbcmp_PD_HA_IntHigh_2080","PD","HA","IntHigh","2080",2.865433998076
"03100207_30000000_CURLEW_CREEK",9113,8864,"CURLEW CREEK","03100207","30000000","STREAM","tbcmp_PD_HA_IntHigh_2080","PD","HA","IntHigh","2080",8.761368388736
"03100207_30500000_JERRY_BRANCH",1100,34253,"JERRY BRANCH","03100207","30500000","STREAM","tbcmp_PD_HA_IntHigh_2080","PD","HA","IntHigh","2080",33.856402461572
"03100207_30500000_JERRY_BRANCH",1200,1924445,"JERRY BRANCH","03100207","30500000","STREAM","tbcmp_PD_HA_IntHigh_2080","PD","HA","IntHigh","2080",1902.16285975418
"03100207_30500000_JERRY_BRANCH",1800,48228,"JERRY BRANCH","03100207","30500000","STREAM","tbcmp_PD_HA_IntHigh_2080","PD","HA","IntHigh","2080",47.669593259472
"03100207_30500000_JERRY_BRANCH",1820,50584,"JERRY BRANCH","03100207","30500000","STREAM","tbcmp_PD_HA_IntHigh_2080","PD","HA","IntHigh","2080",49.998314370016
"03100207_30500000_JERRY_BRANCH",1900,28193,"JERRY BRANCH","03100207","30500000","STREAM","tbcmp_PD_HA_IntHigh_2080","PD","HA","IntHigh","2080",27.866568026132
"03100207_30500000_JERRY_BRANCH",4100,57340,"JERRY BRANCH","03100207","30500000","STREAM","tbcmp_PD_HA_IntHigh_2080","PD","HA","IntHigh","2080",56.67609018616
"03100207_30500000_JERRY_BRANCH",5200,110478,"JERRY BRANCH","03100207","30500000","STREAM","tbcmp_PD_HA_IntHigh_2080","PD","HA","IntHigh","2080",109.198833128472
"03100207_30500000_JERRY_BRANCH",6110,93792,"JERRY BRANCH","03100207","30500000","STREAM","tbcmp_PD_HA_IntHigh_2080","PD","HA","IntHigh","2080",92.706031579008
"03100207_30500000_JERRY_BRANCH",6410,16844,"JERRY BRANCH","03100207","30500000","STREAM","tbcmp_PD_HA_IntHigh_2080","PD","HA","IntHigh","2080",16.648972150256
"03100207_32000000_SUTHERLAND_BAYOU",1100,75964,"SUTHERLAND BAYOU","03100207","32000000","BAYOU","tbcmp_PD_HA_IntHigh_2080","PD","HA","IntHigh","2080",75.084452649136
"03100207_32000000_SUTHERLAND_BAYOU",1200,972275,"SUTHERLAND BAYOU","03100207","32000000","BAYOU","tbcmp_PD_HA_IntHigh_2080","PD","HA","IntHigh","2080",961.0175372471
"03100207_32000000_SUTHERLAND_BAYOU",1800,13770,"SUTHERLAND BAYOU","03100207","32000000","BAYOU","tbcmp_PD_HA_IntHigh_2080","PD","HA","IntHigh","2080",13.61056438548
"03100207_32000000_SUTHERLAND_BAYOU",1900,4914,"SUTHERLAND BAYOU","03100207","32000000","BAYOU","tbcmp_PD_HA_IntHigh_2080","PD","HA","IntHigh","2080",4.857103368936
"03100207_32000000_SUTHERLAND_BAYOU",4100,2208,"SUTHERLAND BAYOU","03100207","32000000","BAYOU","tbcmp_PD_HA_IntHigh_2080","PD","HA","IntHigh","2080",2.182434724992
"03100207_32000000_SUTHERLAND_BAYOU",5200,13996,"SUTHERLAND BAYOU","03100207","32000000","BAYOU","tbcmp_PD_HA_IntHigh_2080","PD","HA","IntHigh","2080",13.833947649904
"03100207_32000000_SUTHERLAND_BAYOU",5400,9437,"SUTHERLAND BAYOU","03100207","32000000","BAYOU","tbcmp_PD_HA_IntHigh_2080","PD","HA","IntHigh","2080",9.327733921988
"03100207_32000000_SUTHERLAND_BAYOU",6110,34848,"SUTHERLAND BAYOU","03100207","32000000","BAYOU","tbcmp_PD_HA_IntHigh_2080","PD","HA","IntHigh","2080",34.444513268352
"03100207_32000000_SUTHERLAND_BAYOU",6120,4087,"SUTHERLAND BAYOU","03100207","32000000","BAYOU","tbcmp_PD_HA_IntHigh_2080","PD","HA","IntHigh","2080",4.039678768588
"03100207_32000000_SUTHERLAND_BAYOU",6410,8531,"SUTHERLAND BAYOU","03100207","32000000","BAYOU","tbcmp_PD_HA_IntHigh_2080","PD","HA","IntHigh","2080",8.432224021244
"03100207_32000000_SUTHERLAND_BAYOU",6420,223,"SUTHERLAND BAYOU","03100207","32000000","BAYOU","tbcmp_PD_HA_IntHigh_2080","PD","HA","IntHigh","2080",0.220417999852
"03100207_32000000_SUTHERLAND_BAYOU",6600,760,"SUTHERLAND BAYOU","03100207","32000000","BAYOU","tbcmp_PD_HA_IntHigh_2080","PD","HA","IntHigh","2080",0.75120035824
"03100207_32000000_SUTHERLAND_BAYOU",9113,2428,"SUTHERLAND BAYOU","03100207","32000000","BAYOU","tbcmp_PD_HA_IntHigh_2080","PD","HA","IntHigh","2080",2.399887460272
"03100207_37000000_KLOSTERMAN_BAYOU_RUN",0,10,"KLOSTERMAN BAYOU RUN","03100207","37000000","STREAM","tbcmp_PD_HA_IntHigh_2080","PD","HA","IntHigh","2080",0.00988421524
"03100207_37000000_KLOSTERMAN_BAYOU_RUN",1100,37237,"KLOSTERMAN BAYOU RUN","03100207","37000000","STREAM","tbcmp_PD_HA_IntHigh_2080","PD","HA","IntHigh","2080",36.805852289188
"03100207_37000000_KLOSTERMAN_BAYOU_RUN",1200,878822,"KLOSTERMAN BAYOU RUN","03100207","37000000","STREAM","tbcmp_PD_HA_IntHigh_2080","PD","HA","IntHigh","2080",868.646580564728
"03100207_37000000_KLOSTERMAN_BAYOU_RUN",1800,51258,"KLOSTERMAN BAYOU RUN","03100207","37000000","STREAM","tbcmp_PD_HA_IntHigh_2080","PD","HA","IntHigh","2080",50.664510477192
"03100207_37000000_KLOSTERMAN_BAYOU_RUN",1820,428126,"KLOSTERMAN BAYOU RUN","03100207","37000000","STREAM","tbcmp_PD_HA_IntHigh_2080","PD","HA","IntHigh","2080",423.168953384024
"03100207_37000000_KLOSTERMAN_BAYOU_RUN",1900,8324,"KLOSTERMAN BAYOU RUN","03100207","37000000","STREAM","tbcmp_PD_HA_IntHigh_2080","PD","HA","IntHigh","2080",8.227620765776
"03100207_37000000_KLOSTERMAN_BAYOU_RUN",3200,98,"KLOSTERMAN BAYOU RUN","03100207","37000000","STREAM","tbcmp_PD_HA_IntHigh_2080","PD","HA","IntHigh","2080",0.096865309352
"03100207_37000000_KLOSTERMAN_BAYOU_RUN",4100,53206,"KLOSTERMAN BAYOU RUN","03100207","37000000","STREAM","tbcmp_PD_HA_IntHigh_2080","PD","HA","IntHigh","2080",52.589955605944
"03100207_37000000_KLOSTERMAN_BAYOU_RUN",5200,48742,"KLOSTERMAN BAYOU RUN","03100207","37000000","STREAM","tbcmp_PD_HA_IntHigh_2080","PD","HA","IntHigh","2080",48.177641922808
"03100207_37000000_KLOSTERMAN_BAYOU_RUN",5400,58895,"KLOSTERMAN BAYOU RUN","03100207","37000000","STREAM","tbcmp_PD_HA_IntHigh_2080","PD","HA","IntHigh","2080",58.21308565598
"03100207_37000000_KLOSTERMAN_BAYOU_RUN",6110,84938,"KLOSTERMAN BAYOU RUN","03100207","37000000","STREAM","tbcmp_PD_HA_IntHigh_2080","PD","HA","IntHigh","2080",83.954547405512
"03100207_37000000_KLOSTERMAN_BAYOU_RUN",6120,19673,"KLOSTERMAN BAYOU RUN","03100207","37000000","STREAM","tbcmp_PD_HA_IntHigh_2080","PD","HA","IntHigh","2080",19.445216641652
"03100207_37000000_KLOSTERMAN_BAYOU_RUN",6410,12168,"KLOSTERMAN BAYOU RUN","03100207","37000000","STREAM","tbcmp_PD_HA_IntHigh_2080","PD","HA","IntHigh","2080",12.027113104032
"03100207_37000000_KLOSTERMAN_BAYOU_RUN",6420,5614,"KLOSTERMAN BAYOU RUN","03100207","37000000","STREAM","tbcmp_PD_HA_IntHigh_2080","PD","HA","IntHigh","2080",5.548998435736
"03100207_37000000_KLOSTERMAN_BAYOU_RUN",6600,24272,"KLOSTERMAN BAYOU RUN","03100207","37000000","STREAM","tbcmp_PD_HA_IntHigh_2080","PD","HA","IntHigh","2080",23.990967230528
"03100207_37000000_KLOSTERMAN_BAYOU_RUN",9113,5560,"KLOSTERMAN BAYOU RUN","03100207","37000000","STREAM","tbcmp_PD_HA_IntHigh_2080","PD","HA","IntHigh","2080",5.49562367344
"03100207_40120000_SANDY_BRANCH",1200,1078392,"SANDY BRANCH","03100207","40120000","STREAM","tbcmp_PD_HA_IntHigh_2080","PD","HA","IntHigh","2080",1065.90586410941
"03100207_40120000_SANDY_BRANCH",1800,12804,"SANDY BRANCH","03100207","40120000","STREAM","tbcmp_PD_HA_IntHigh_2080","PD","HA","IntHigh","2080",12.655749193296
"03100207_40120000_SANDY_BRANCH",1900,234745,"SANDY BRANCH","03100207","40120000","STREAM","tbcmp_PD_HA_IntHigh_2080","PD","HA","IntHigh","2080",232.02701065138
"03100207_40120000_SANDY_BRANCH",2100,196603,"SANDY BRANCH","03100207","40120000","STREAM","tbcmp_PD_HA_IntHigh_2080","PD","HA","IntHigh","2080",194.326636882972
"03100207_40120000_SANDY_BRANCH",3200,18218,"SANDY BRANCH","03100207","40120000","STREAM","tbcmp_PD_HA_IntHigh_2080","PD","HA","IntHigh","2080",18.007063324232
"03100207_40120000_SANDY_BRANCH",4100,190984,"SANDY BRANCH","03100207","40120000","STREAM","tbcmp_PD_HA_IntHigh_2080","PD","HA","IntHigh","2080",188.772696339616
"03100207_40120000_SANDY_BRANCH",4400,226646,"SANDY BRANCH","03100207","40120000","STREAM","tbcmp_PD_HA_IntHigh_2080","PD","HA","IntHigh","2080",224.021784728504
"03100207_40120000_SANDY_BRANCH",5200,210775,"SANDY BRANCH","03100207","40120000","STREAM","tbcmp_PD_HA_IntHigh_2080","PD","HA","IntHigh","2080",208.3345467211
"03100207_40120000_SANDY_BRANCH",6110,504038,"SANDY BRANCH","03100207","40120000","STREAM","tbcmp_PD_HA_IntHigh_2080","PD","HA","IntHigh","2080",498.202008113912
"03100207_40120000_SANDY_BRANCH",6410,241620,"SANDY BRANCH","03100207","40120000","STREAM","tbcmp_PD_HA_IntHigh_2080","PD","HA","IntHigh","2080",238.82240862888
"03100207_40140000_CROSS_CYPRESS_BRANCH",1200,180733,"CROSS CYPRESS BRANCH","03100207","40140000","STREAM","tbcmp_PD_HA_IntHigh_2080","PD","HA","IntHigh","2080",178.640387297092
"03100207_40140000_CROSS_CYPRESS_BRANCH",1900,886477,"CROSS CYPRESS BRANCH","03100207","40140000","STREAM","tbcmp_PD_HA_IntHigh_2080","PD","HA","IntHigh","2080",876.212947330948
"03100207_40140000_CROSS_CYPRESS_BRANCH",2100,254152,"CROSS CYPRESS BRANCH","03100207","40140000","STREAM","tbcmp_PD_HA_IntHigh_2080","PD","HA","IntHigh","2080",251.209307167648
"03100207_40140000_CROSS_CYPRESS_BRANCH",3200,569548,"CROSS CYPRESS BRANCH","03100207","40140000","STREAM","tbcmp_PD_HA_IntHigh_2080","PD","HA","IntHigh","2080",562.953502151152
"03100207_40140000_CROSS_CYPRESS_BRANCH",4100,1688943,"CROSS CYPRESS BRANCH","03100207","40140000","STREAM","tbcmp_PD_HA_IntHigh_2080","PD","HA","IntHigh","2080",1669.38761400913
"03100207_40140000_CROSS_CYPRESS_BRANCH",4400,2022,"CROSS CYPRESS BRANCH","03100207","40140000","STREAM","tbcmp_PD_HA_IntHigh_2080","PD","HA","IntHigh","2080",1.998588321528
"03100207_40140000_CROSS_CYPRESS_BRANCH",5200,74586,"CROSS CYPRESS BRANCH","03100207","40140000","STREAM","tbcmp_PD_HA_IntHigh_2080","PD","HA","IntHigh","2080",73.722407789064
"03100207_40140000_CROSS_CYPRESS_BRANCH",6110,1539711,"CROSS CYPRESS BRANCH","03100207","40140000","STREAM","tbcmp_PD_HA_IntHigh_2080","PD","HA","IntHigh","2080",1521.88349313956
"03100207_40140000_CROSS_CYPRESS_BRANCH",6410,240109,"CROSS CYPRESS BRANCH","03100207","40140000","STREAM","tbcmp_PD_HA_IntHigh_2080","PD","HA","IntHigh","2080",237.328903706116
"03100207_40500000_SOUTH_BRANCH",1100,420643,"SOUTH BRANCH","03100207","40500000","STREAM","tbcmp_PD_HA_IntHigh_2080","PD","HA","IntHigh","2080",415.772595119932
"03100207_40500000_SOUTH_BRANCH",1200,4294476,"SOUTH BRANCH","03100207","40500000","STREAM","tbcmp_PD_HA_IntHigh_2080","PD","HA","IntHigh","2080",4244.75251270142
"03100207_40500000_SOUTH_BRANCH",1800,43381,"SOUTH BRANCH","03100207","40500000","STREAM","tbcmp_PD_HA_IntHigh_2080","PD","HA","IntHigh","2080",42.878714132644
"03100207_40500000_SOUTH_BRANCH",1820,21192,"SOUTH BRANCH","03100207","40500000","STREAM","tbcmp_PD_HA_IntHigh_2080","PD","HA","IntHigh","2080",20.946628936608
"03100207_40500000_SOUTH_BRANCH",1900,666949,"SOUTH BRANCH","03100207","40500000","STREAM","tbcmp_PD_HA_IntHigh_2080","PD","HA","IntHigh","2080",659.226747010276
"03100207_40500000_SOUTH_BRANCH",2100,365728,"SOUTH BRANCH","03100207","40500000","STREAM","tbcmp_PD_HA_IntHigh_2080","PD","HA","IntHigh","2080",361.493427129472
"03100207_40500000_SOUTH_BRANCH",2400,6684,"SOUTH BRANCH","03100207","40500000","STREAM","tbcmp_PD_HA_IntHigh_2080","PD","HA","IntHigh","2080",6.606609466416
"03100207_40500000_SOUTH_BRANCH",3200,172320,"SOUTH BRANCH","03100207","40500000","STREAM","tbcmp_PD_HA_IntHigh_2080","PD","HA","IntHigh","2080",170.32479701568
"03100207_40500000_SOUTH_BRANCH",4100,867372,"SOUTH BRANCH","03100207","40500000","STREAM","tbcmp_PD_HA_IntHigh_2080","PD","HA","IntHigh","2080",857.329154114928
"03100207_40500000_SOUTH_BRANCH",4400,346181,"SOUTH BRANCH","03100207","40500000","STREAM","tbcmp_PD_HA_IntHigh_2080","PD","HA","IntHigh","2080",342.172751599844
"03100207_40500000_SOUTH_BRANCH",5200,1199146,"SOUTH BRANCH","03100207","40500000","STREAM","tbcmp_PD_HA_IntHigh_2080","PD","HA","IntHigh","2080",1185.2617168185
"03100207_40500000_SOUTH_BRANCH",6110,2473917,"SOUTH BRANCH","03100207","40500000","STREAM","tbcmp_PD_HA_IntHigh_2080","PD","HA","IntHigh","2080",2445.27281138951
"03100207_40500000_SOUTH_BRANCH",6410,928557,"SOUTH BRANCH","03100207","40500000","STREAM","tbcmp_PD_HA_IntHigh_2080","PD","HA","IntHigh","2080",917.805725060868
"03100207_40508000_LAKE_ANN_OUTLET",1100,267700,"LAKE ANN OUTLET","03100207","40508000","OUTLET","tbcmp_PD_HA_IntHigh_2080","PD","HA","IntHigh","2080",264.6004419748
"03100207_40508000_LAKE_ANN_OUTLET",1200,885371,"LAKE ANN OUTLET","03100207","40508000","OUTLET","tbcmp_PD_HA_IntHigh_2080","PD","HA","IntHigh","2080",875.119753125404
"03100207_40508000_LAKE_ANN_OUTLET",1800,10039,"LAKE ANN OUTLET","03100207","40508000","OUTLET","tbcmp_PD_HA_IntHigh_2080","PD","HA","IntHigh","2080",9.922763679436
"03100207_40508000_LAKE_ANN_OUTLET",1900,26412,"LAKE ANN OUTLET","03100207","40508000","OUTLET","tbcmp_PD_HA_IntHigh_2080","PD","HA","IntHigh","2080",26.106189291888
"03100207_40508000_LAKE_ANN_OUTLET",2100,68611,"LAKE ANN OUTLET","03100207","40508000","OUTLET","tbcmp_PD_HA_IntHigh_2080","PD","HA","IntHigh","2080",67.816589183164
"03100207_40508000_LAKE_ANN_OUTLET",2400,1431,"LAKE ANN OUTLET","03100207","40508000","OUTLET","tbcmp_PD_HA_IntHigh_2080","PD","HA","IntHigh","2080",1.414431200844
"03100207_40508000_LAKE_ANN_OUTLET",3200,18665,"LAKE ANN OUTLET","03100207","40508000","OUTLET","tbcmp_PD_HA_IntHigh_2080","PD","HA","IntHigh","2080",18.44888774546
"03100207_40508000_LAKE_ANN_OUTLET",4100,15006,"LAKE ANN OUTLET","03100207","40508000","OUTLET","tbcmp_PD_HA_IntHigh_2080","PD","HA","IntHigh","2080",14.832253389144
"03100207_40508000_LAKE_ANN_OUTLET",5200,371904,"LAKE ANN OUTLET","03100207","40508000","OUTLET","tbcmp_PD_HA_IntHigh_2080","PD","HA","IntHigh","2080",367.597918461696
"03100207_40508000_LAKE_ANN_OUTLET",6110,219153,"LAKE ANN OUTLET","03100207","40508000","OUTLET","tbcmp_PD_HA_IntHigh_2080","PD","HA","IntHigh","2080",216.615542249172
"03100207_40508000_LAKE_ANN_OUTLET",6410,46728,"LAKE ANN OUTLET","03100207","40508000","OUTLET","tbcmp_PD_HA_IntHigh_2080","PD","HA","IntHigh","2080",46.186960973472
"03100207_40600000_DUCK_SLOUGH",1100,122136,"DUCK SLOUGH","03100207","40600000","SLOUGH","tbcmp_PD_HA_IntHigh_2080","PD","HA","IntHigh","2080",120.721851255264
"03100207_40600000_DUCK_SLOUGH",1200,3465199,"DUCK SLOUGH","03100207","40600000","SLOUGH","tbcmp_PD_HA_IntHigh_2080","PD","HA","IntHigh","2080",3425.07727654328
"03100207_40600000_DUCK_SLOUGH",1800,45270,"DUCK SLOUGH","03100207","40600000","SLOUGH","tbcmp_PD_HA_IntHigh_2080","PD","HA","IntHigh","2080",44.74584239148
"03100207_40600000_DUCK_SLOUGH",1820,161216,"DUCK SLOUGH","03100207","40600000","SLOUGH","tbcmp_PD_HA_IntHigh_2080","PD","HA","IntHigh","2080",159.349364413184
"03100207_40600000_DUCK_SLOUGH",1900,369397,"DUCK SLOUGH","03100207","40600000","SLOUGH","tbcmp_PD_HA_IntHigh_2080","PD","HA","IntHigh","2080",365.119945701028
"03100207_40600000_DUCK_SLOUGH",2100,786586,"DUCK SLOUGH","03100207","40600000","SLOUGH","tbcmp_PD_HA_IntHigh_2080","PD","HA","IntHigh","2080",777.478532877064
"03100207_40600000_DUCK_SLOUGH",3200,50639,"DUCK SLOUGH","03100207","40600000","SLOUGH","tbcmp_PD_HA_IntHigh_2080","PD","HA","IntHigh","2080",50.052677553836
"03100207_40600000_DUCK_SLOUGH",4100,20327,"DUCK SLOUGH","03100207","40600000","SLOUGH","tbcmp_PD_HA_IntHigh_2080","PD","HA","IntHigh","2080",20.091644318348
"03100207_40600000_DUCK_SLOUGH",4400,66720,"DUCK SLOUGH","03100207","40600000","SLOUGH","tbcmp_PD_HA_IntHigh_2080","PD","HA","IntHigh","2080",65.94748408128
"03100207_40600000_DUCK_SLOUGH",5200,600809,"DUCK SLOUGH","03100207","40600000","SLOUGH","tbcmp_PD_HA_IntHigh_2080","PD","HA","IntHigh","2080",593.852547412916
"03100207_40600000_DUCK_SLOUGH",5400,332,"DUCK SLOUGH","03100207","40600000","SLOUGH","tbcmp_PD_HA_IntHigh_2080","PD","HA","IntHigh","2080",0.328155945968
"03100207_40600000_DUCK_SLOUGH",6110,1245454,"DUCK SLOUGH","03100207","40600000","SLOUGH","tbcmp_PD_HA_IntHigh_2080","PD","HA","IntHigh","2080",1231.0335407519
"03100207_40600000_DUCK_SLOUGH",6120,5,"DUCK SLOUGH","03100207","40600000","SLOUGH","tbcmp_PD_HA_IntHigh_2080","PD","HA","IntHigh","2080",0.00494210762
"03100207_40600000_DUCK_SLOUGH",6410,254222,"DUCK SLOUGH","03100207","40600000","SLOUGH","tbcmp_PD_HA_IntHigh_2080","PD","HA","IntHigh","2080",251.278496674328
"03100207_40600000_DUCK_SLOUGH",6420,312,"DUCK SLOUGH","03100207","40600000","SLOUGH","tbcmp_PD_HA_IntHigh_2080","PD","HA","IntHigh","2080",0.308387515488
"03100207_40600000_DUCK_SLOUGH",6425,1088,"DUCK SLOUGH","03100207","40600000","SLOUGH","tbcmp_PD_HA_IntHigh_2080","PD","HA","IntHigh","2080",1.075402618112
"03100207_40600000_DUCK_SLOUGH",6510,678,"DUCK SLOUGH","03100207","40600000","SLOUGH","tbcmp_PD_HA_IntHigh_2080","PD","HA","IntHigh","2080",0.670149793272
"03100207_40600000_DUCK_SLOUGH",6600,1007,"DUCK SLOUGH","03100207","40600000","SLOUGH","tbcmp_PD_HA_IntHigh_2080","PD","HA","IntHigh","2080",0.995340474668
"03100207_40600000_DUCK_SLOUGH",9113,3408,"DUCK SLOUGH","03100207","40600000","SLOUGH","tbcmp_PD_HA_IntHigh_2080","PD","HA","IntHigh","2080",3.368540553792
"03100207_40700000_SALT_LAKE",1100,51193,"SALT LAKE","03100207","40700000","LAKE","tbcmp_PD_HA_IntHigh_2080","PD","HA","IntHigh","2080",50.600263078132
"03100207_40700000_SALT_LAKE",1200,151408,"SALT LAKE","03100207","40700000","LAKE","tbcmp_PD_HA_IntHigh_2080","PD","HA","IntHigh","2080",149.654926105792
"03100207_40700000_SALT_LAKE",1800,12931,"SALT LAKE","03100207","40700000","LAKE","tbcmp_PD_HA_IntHigh_2080","PD","HA","IntHigh","2080",12.781278726844
"03100207_40700000_SALT_LAKE",1900,22572,"SALT LAKE","03100207","40700000","LAKE","tbcmp_PD_HA_IntHigh_2080","PD","HA","IntHigh","2080",22.310650639728
"03100207_40700000_SALT_LAKE",4100,19562,"SALT LAKE","03100207","40700000","LAKE","tbcmp_PD_HA_IntHigh_2080","PD","HA","IntHigh","2080",19.335501852488
"03100207_40700000_SALT_LAKE",5200,15177,"SALT LAKE","03100207","40700000","LAKE","tbcmp_PD_HA_IntHigh_2080","PD","HA","IntHigh","2080",15.001273469748
"03100207_40700000_SALT_LAKE",5400,194839,"SALT LAKE","03100207","40700000","LAKE","tbcmp_PD_HA_IntHigh_2080","PD","HA","IntHigh","2080",192.583061314636
"03100207_40700000_SALT_LAKE",6110,4236,"SALT LAKE","03100207","40700000","LAKE","tbcmp_PD_HA_IntHigh_2080","PD","HA","IntHigh","2080",4.186953575664
"03100207_40700000_SALT_LAKE",6120,21204,"SALT LAKE","03100207","40700000","LAKE","tbcmp_PD_HA_IntHigh_2080","PD","HA","IntHigh","2080",20.958489994896
"03100207_40700000_SALT_LAKE",6410,7649,"SALT LAKE","03100207","40700000","LAKE","tbcmp_PD_HA_IntHigh_2080","PD","HA","IntHigh","2080",7.560436237076
"03100207_40700000_SALT_LAKE",6420,9970,"SALT LAKE","03100207","40700000","LAKE","tbcmp_PD_HA_IntHigh_2080","PD","HA","IntHigh","2080",9.85456259428
"03100207_40700000_SALT_LAKE",6425,11119,"SALT LAKE","03100207","40700000","LAKE","tbcmp_PD_HA_IntHigh_2080","PD","HA","IntHigh","2080",10.990258925356
"03100207_40700000_SALT_LAKE",6510,5354,"SALT LAKE","03100207","40700000","LAKE","tbcmp_PD_HA_IntHigh_2080","PD","HA","IntHigh","2080",5.292008839496
"03100207_40700000_SALT_LAKE",6600,12479,"SALT LAKE","03100207","40700000","LAKE","tbcmp_PD_HA_IntHigh_2080","PD","HA","IntHigh","2080",12.334512197996
"03100207_40700000_SALT_LAKE",9113,8765,"SALT LAKE","03100207","40700000","LAKE","tbcmp_PD_HA_IntHigh_2080","PD","HA","IntHigh","2080",8.66351465786
"03100207_40701000_HOLLIN_CREEK",1100,478718,"HOLLIN CREEK","03100207","40701000","STREAM","tbcmp_PD_HA_IntHigh_2080","PD","HA","IntHigh","2080",473.175175126232
"03100207_40701000_HOLLIN_CREEK",1200,832984,"HOLLIN CREEK","03100207","40701000","STREAM","tbcmp_PD_HA_IntHigh_2080","PD","HA","IntHigh","2080",823.339314747616
"03100207_40701000_HOLLIN_CREEK",1800,43275,"HOLLIN CREEK","03100207","40701000","STREAM","tbcmp_PD_HA_IntHigh_2080","PD","HA","IntHigh","2080",42.7739414511
"03100207_40701000_HOLLIN_CREEK",1820,410804,"HOLLIN CREEK","03100207","40701000","STREAM","tbcmp_PD_HA_IntHigh_2080","PD","HA","IntHigh","2080",406.047515745296
"03100207_40701000_HOLLIN_CREEK",1900,319182,"HOLLIN CREEK","03100207","40701000","STREAM","tbcmp_PD_HA_IntHigh_2080","PD","HA","IntHigh","2080",315.486358873368
"03100207_40701000_HOLLIN_CREEK",2100,1021997,"HOLLIN CREEK","03100207","40701000","STREAM","tbcmp_PD_HA_IntHigh_2080","PD","HA","IntHigh","2080",1010.16383226343
"03100207_40701000_HOLLIN_CREEK",3200,161647,"HOLLIN CREEK","03100207","40701000","STREAM","tbcmp_PD_HA_IntHigh_2080","PD","HA","IntHigh","2080",159.775374090028
"03100207_40701000_HOLLIN_CREEK",4100,736616,"HOLLIN CREEK","03100207","40701000","STREAM","tbcmp_PD_HA_IntHigh_2080","PD","HA","IntHigh","2080",728.087109322784
"03100207_40701000_HOLLIN_CREEK",4400,231350,"HOLLIN CREEK","03100207","40701000","STREAM","tbcmp_PD_HA_IntHigh_2080","PD","HA","IntHigh","2080",228.6713195774
"03100207_40701000_HOLLIN_CREEK",5200,260428,"HOLLIN CREEK","03100207","40701000","STREAM","tbcmp_PD_HA_IntHigh_2080","PD","HA","IntHigh","2080",257.412640652272
"03100207_40701000_HOLLIN_CREEK",5400,22408,"HOLLIN CREEK","03100207","40701000","STREAM","tbcmp_PD_HA_IntHigh_2080","PD","HA","IntHigh","2080",22.148549509792
"03100207_40701000_HOLLIN_CREEK",6110,1142199,"HOLLIN CREEK","03100207","40701000","STREAM","tbcmp_PD_HA_IntHigh_2080","PD","HA","IntHigh","2080",1128.97407629128
"03100207_40701000_HOLLIN_CREEK",6120,7532,"HOLLIN CREEK","03100207","40701000","STREAM","tbcmp_PD_HA_IntHigh_2080","PD","HA","IntHigh","2080",7.444790918768
"03100207_40701000_HOLLIN_CREEK",6410,499664,"HOLLIN CREEK","03100207","40701000","STREAM","tbcmp_PD_HA_IntHigh_2080","PD","HA","IntHigh","2080",493.878652367936
"03100207_40701000_HOLLIN_CREEK",6420,19708,"HOLLIN CREEK","03100207","40701000","STREAM","tbcmp_PD_HA_IntHigh_2080","PD","HA","IntHigh","2080",19.479811394992
"03100207_40701000_HOLLIN_CREEK",6425,81055,"HOLLIN CREEK","03100207","40701000","STREAM","tbcmp_PD_HA_IntHigh_2080","PD","HA","IntHigh","2080",80.11650662782
"03100207_40701000_HOLLIN_CREEK",6510,37666,"HOLLIN CREEK","03100207","40701000","STREAM","tbcmp_PD_HA_IntHigh_2080","PD","HA","IntHigh","2080",37.229885122984
"03100207_40701000_HOLLIN_CREEK",6600,20993,"HOLLIN CREEK","03100207","40701000","STREAM","tbcmp_PD_HA_IntHigh_2080","PD","HA","IntHigh","2080",20.749933053332
"03100207_40701000_HOLLIN_CREEK",9113,47448,"HOLLIN CREEK","03100207","40701000","STREAM","tbcmp_PD_HA_IntHigh_2080","PD","HA","IntHigh","2080",46.898624470752
"03100207_40990000_ANCLOTE_RIVER",1100,717574,"ANCLOTE RIVER","03100207","40990000","STREAM","tbcmp_PD_HA_IntHigh_2080","PD","HA","IntHigh","2080",709.265586662776
"03100207_40990000_ANCLOTE_RIVER",1200,12359107,"ANCLOTE RIVER","03100207","40990000","STREAM","tbcmp_PD_HA_IntHigh_2080","PD","HA","IntHigh","2080",12216.0073762191
"03100207_40990000_ANCLOTE_RIVER",1800,215359,"ANCLOTE RIVER","03100207","40990000","STREAM","tbcmp_PD_HA_IntHigh_2080","PD","HA","IntHigh","2080",212.865470987116
"03100207_40990000_ANCLOTE_RIVER",1820,392257,"ANCLOTE RIVER","03100207","40990000","STREAM","tbcmp_PD_HA_IntHigh_2080","PD","HA","IntHigh","2080",387.715261739668
"03100207_40990000_ANCLOTE_RIVER",1900,2129534,"ANCLOTE RIVER","03100207","40990000","STREAM","tbcmp_PD_HA_IntHigh_2080","PD","HA","IntHigh","2080",2104.87724168982
"03100207_40990000_ANCLOTE_RIVER",2100,4183560,"ANCLOTE RIVER","03100207","40990000","STREAM","tbcmp_PD_HA_IntHigh_2080","PD","HA","IntHigh","2080",4135.12075094544
"03100207_40990000_ANCLOTE_RIVER",2200,41658,"ANCLOTE RIVER","03100207","40990000","STREAM","tbcmp_PD_HA_IntHigh_2080","PD","HA","IntHigh","2080",41.175663846792
"03100207_40990000_ANCLOTE_RIVER",2400,2410,"ANCLOTE RIVER","03100207","40990000","STREAM","tbcmp_PD_HA_IntHigh_2080","PD","HA","IntHigh","2080",2.38209587284
"03100207_40990000_ANCLOTE_RIVER",3200,995608,"ANCLOTE RIVER","03100207","40990000","STREAM","tbcmp_PD_HA_IntHigh_2080","PD","HA","IntHigh","2080",984.080376666592
"03100207_40990000_ANCLOTE_RIVER",4100,3056462,"ANCLOTE RIVER","03100207","40990000","STREAM","tbcmp_PD_HA_IntHigh_2080","PD","HA","IntHigh","2080",3021.07282808809
"03100207_40990000_ANCLOTE_RIVER",4400,1196104,"ANCLOTE RIVER","03100207","40990000","STREAM","tbcmp_PD_HA_IntHigh_2080","PD","HA","IntHigh","2080",1182.2549385425
"03100207_40990000_ANCLOTE_RIVER",5200,1293210,"ANCLOTE RIVER","03100207","40990000","STREAM","tbcmp_PD_HA_IntHigh_2080","PD","HA","IntHigh","2080",1278.23659905204
"03100207_40990000_ANCLOTE_RIVER",5400,1104318,"ANCLOTE RIVER","03100207","40990000","STREAM","tbcmp_PD_HA_IntHigh_2080","PD","HA","IntHigh","2080",1091.53168054063
"03100207_40990000_ANCLOTE_RIVER",6110,5922592,"ANCLOTE RIVER","03100207","40990000","STREAM","tbcmp_PD_HA_IntHigh_2080","PD","HA","IntHigh","2080",5854.01741067021
"03100207_40990000_ANCLOTE_RIVER",6120,113445,"ANCLOTE RIVER","03100207","40990000","STREAM","tbcmp_PD_HA_IntHigh_2080","PD","HA","IntHigh","2080",112.13147979018
"03100207_40990000_ANCLOTE_RIVER",6410,2060635,"ANCLOTE RIVER","03100207","40990000","STREAM","tbcmp_PD_HA_IntHigh_2080","PD","HA","IntHigh","2080",2036.77598710774
"03100207_40990000_ANCLOTE_RIVER",6420,81454,"ANCLOTE RIVER","03100207","40990000","STREAM","tbcmp_PD_HA_IntHigh_2080","PD","HA","IntHigh","2080",80.510886815896
"03100207_40990000_ANCLOTE_RIVER",6425,255310,"ANCLOTE RIVER","03100207","40990000","STREAM","tbcmp_PD_HA_IntHigh_2080","PD","HA","IntHigh","2080",252.35389929244
"03100207_40990000_ANCLOTE_RIVER",6510,127292,"ANCLOTE RIVER","03100207","40990000","STREAM","tbcmp_PD_HA_IntHigh_2080","PD","HA","IntHigh","2080",125.818152633008
"03100207_40990000_ANCLOTE_RIVER",6600,162367,"ANCLOTE RIVER","03100207","40990000","STREAM","tbcmp_PD_HA_IntHigh_2080","PD","HA","IntHigh","2080",160.487037587308
"03100207_40990000_ANCLOTE_RIVER",9113,623636,"ANCLOTE RIVER","03100207","40990000","STREAM","tbcmp_PD_HA_IntHigh_2080","PD","HA","IntHigh","2080",616.415245541264
"03100207_50000000_CREWS_LAKE_OUTLET",1100,11099994,"CREWS LAKE OUTLET","03100207","50000000","OUTLET","tbcmp_PD_HA_IntHigh_2080","PD","HA","IntHigh","2080",10971.4729858709
"03100207_50000000_CREWS_LAKE_OUTLET",1200,6771187,"CREWS LAKE OUTLET","03100207","50000000","OUTLET","tbcmp_PD_HA_IntHigh_2080","PD","HA","IntHigh","2080",6692.78697382899
"03100207_50000000_CREWS_LAKE_OUTLET",1800,132998,"CREWS LAKE OUTLET","03100207","50000000","OUTLET","tbcmp_PD_HA_IntHigh_2080","PD","HA","IntHigh","2080",131.458085848952
"03100207_50000000_CREWS_LAKE_OUTLET",1820,190612,"CREWS LAKE OUTLET","03100207","50000000","OUTLET","tbcmp_PD_HA_IntHigh_2080","PD","HA","IntHigh","2080",188.405003532688
"03100207_50000000_CREWS_LAKE_OUTLET",1900,2453498,"CREWS LAKE OUTLET","03100207","50000000","OUTLET","tbcmp_PD_HA_IntHigh_2080","PD","HA","IntHigh","2080",2425.09023229095
"03100207_50000000_CREWS_LAKE_OUTLET",2100,15598080,"CREWS LAKE OUTLET","03100207","50000000","OUTLET","tbcmp_PD_HA_IntHigh_2080","PD","HA","IntHigh","2080",15417.4780050739
"03100207_50000000_CREWS_LAKE_OUTLET",2200,121597,"CREWS LAKE OUTLET","03100207","50000000","OUTLET","tbcmp_PD_HA_IntHigh_2080","PD","HA","IntHigh","2080",120.189092053828
"03100207_50000000_CREWS_LAKE_OUTLET",2400,176712,"CREWS LAKE OUTLET","03100207","50000000","OUTLET","tbcmp_PD_HA_IntHigh_2080","PD","HA","IntHigh","2080",174.665944349088
"03100207_50000000_CREWS_LAKE_OUTLET",3200,182583,"CREWS LAKE OUTLET","03100207","50000000","OUTLET","tbcmp_PD_HA_IntHigh_2080","PD","HA","IntHigh","2080",180.468967116492
"03100207_50000000_CREWS_LAKE_OUTLET",4100,10619480,"CREWS LAKE OUTLET","03100207","50000000","OUTLET","tbcmp_PD_HA_IntHigh_2080","PD","HA","IntHigh","2080",10496.5226056875
"03100207_50000000_CREWS_LAKE_OUTLET",4400,3403591,"CREWS LAKE OUTLET","03100207","50000000","OUTLET","tbcmp_PD_HA_IntHigh_2080","PD","HA","IntHigh","2080",3364.18260329268
"03100207_50000000_CREWS_LAKE_OUTLET",5200,1343405,"CREWS LAKE OUTLET","03100207","50000000","OUTLET","tbcmp_PD_HA_IntHigh_2080","PD","HA","IntHigh","2080",1327.85041744922
"03100207_50000000_CREWS_LAKE_OUTLET",6110,1509233,"CREWS LAKE OUTLET","03100207","50000000","OUTLET","tbcmp_PD_HA_IntHigh_2080","PD","HA","IntHigh","2080",1491.75838193109
"03100207_50000000_CREWS_LAKE_OUTLET",6410,2415350,"CREWS LAKE OUTLET","03100207","50000000","OUTLET","tbcmp_PD_HA_IntHigh_2080","PD","HA","IntHigh","2080",2387.3839279934
"03100207_50357000_PECKS_SINK_OVERFLOW",1100,1322646,"PECKS SINK OVERFLOW","03100207","50357000","NONCON","tbcmp_PD_HA_IntHigh_2080","PD","HA","IntHigh","2080",1307.3317750325
"03100207_50357000_PECKS_SINK_OVERFLOW",1200,545758,"PECKS SINK OVERFLOW","03100207","50357000","NONCON","tbcmp_PD_HA_IntHigh_2080","PD","HA","IntHigh","2080",539.438954095192
"03100207_50357000_PECKS_SINK_OVERFLOW",1800,53504,"PECKS SINK OVERFLOW","03100207","50357000","NONCON","tbcmp_PD_HA_IntHigh_2080","PD","HA","IntHigh","2080",52.884505220096
"03100207_50357000_PECKS_SINK_OVERFLOW",1820,182586,"PECKS SINK OVERFLOW","03100207","50357000","NONCON","tbcmp_PD_HA_IntHigh_2080","PD","HA","IntHigh","2080",180.471932381064
"03100207_50357000_PECKS_SINK_OVERFLOW",1900,318173,"PECKS SINK OVERFLOW","03100207","50357000","NONCON","tbcmp_PD_HA_IntHigh_2080","PD","HA","IntHigh","2080",314.489041555652
"03100207_50357000_PECKS_SINK_OVERFLOW",2100,1235340,"PECKS SINK OVERFLOW","03100207","50357000","NONCON","tbcmp_PD_HA_IntHigh_2080","PD","HA","IntHigh","2080",1221.03664545816
"03100207_50357000_PECKS_SINK_OVERFLOW",2200,9413,"PECKS SINK OVERFLOW","03100207","50357000","NONCON","tbcmp_PD_HA_IntHigh_2080","PD","HA","IntHigh","2080",9.304011805412
"03100207_50357000_PECKS_SINK_OVERFLOW",2400,2175,"PECKS SINK OVERFLOW","03100207","50357000","NONCON","tbcmp_PD_HA_IntHigh_2080","PD","HA","IntHigh","2080",2.1498168147
"03100207_50357000_PECKS_SINK_OVERFLOW",3200,113140,"PECKS SINK OVERFLOW","03100207","50357000","NONCON","tbcmp_PD_HA_IntHigh_2080","PD","HA","IntHigh","2080",111.83001122536
"03100207_50357000_PECKS_SINK_OVERFLOW",4100,1872443,"PECKS SINK OVERFLOW","03100207","50357000","NONCON","tbcmp_PD_HA_IntHigh_2080","PD","HA","IntHigh","2080",1850.76296366313
"03100207_50357000_PECKS_SINK_OVERFLOW",4400,133016,"PECKS SINK OVERFLOW","03100207","50357000","NONCON","tbcmp_PD_HA_IntHigh_2080","PD","HA","IntHigh","2080",131.475877436384
"03100207_50357000_PECKS_SINK_OVERFLOW",5200,91312,"PECKS SINK OVERFLOW","03100207","50357000","NONCON","tbcmp_PD_HA_IntHigh_2080","PD","HA","IntHigh","2080",90.254746199488
"03100207_50357000_PECKS_SINK_OVERFLOW",6110,60514,"PECKS SINK OVERFLOW","03100207","50357000","NONCON","tbcmp_PD_HA_IntHigh_2080","PD","HA","IntHigh","2080",59.813340103336
"03100207_50357000_PECKS_SINK_OVERFLOW",6410,173439,"PECKS SINK OVERFLOW","03100207","50357000","NONCON","tbcmp_PD_HA_IntHigh_2080","PD","HA","IntHigh","2080",171.430840701036
"03100207_50358000_PECKS_SINK",1100,393812,"PECKS SINK","03100207","50358000","NONCON","tbcmp_PD_HA_IntHigh_2080","PD","HA","IntHigh","2080",389.252257209488
"03100207_50358000_PECKS_SINK",1200,2069162,"PECKS SINK","03100207","50358000","NONCON","tbcmp_PD_HA_IntHigh_2080","PD","HA","IntHigh","2080",2045.20425744289
"03100207_50358000_PECKS_SINK",1800,70016,"PECKS SINK","03100207","50358000","NONCON","tbcmp_PD_HA_IntHigh_2080","PD","HA","IntHigh","2080",69.205321424384
"03100207_50358000_PECKS_SINK",1820,22598,"PECKS SINK","03100207","50358000","NONCON","tbcmp_PD_HA_IntHigh_2080","PD","HA","IntHigh","2080",22.336349599352
"03100207_50358000_PECKS_SINK",1900,266989,"PECKS SINK","03100207","50358000","NONCON","tbcmp_PD_HA_IntHigh_2080","PD","HA","IntHigh","2080",263.897674271236
"03100207_50358000_PECKS_SINK",2100,304464,"PECKS SINK","03100207","50358000","NONCON","tbcmp_PD_HA_IntHigh_2080","PD","HA","IntHigh","2080",300.938770883136
"03100207_50358000_PECKS_SINK",2200,1849,"PECKS SINK","03100207","50358000","NONCON","tbcmp_PD_HA_IntHigh_2080","PD","HA","IntHigh","2080",1.827591397876
"03100207_50358000_PECKS_SINK",3200,31167,"PECKS SINK","03100207","50358000","NONCON","tbcmp_PD_HA_IntHigh_2080","PD","HA","IntHigh","2080",30.806133638508
"03100207_50358000_PECKS_SINK",4100,1543486,"PECKS SINK","03100207","50358000","NONCON","tbcmp_PD_HA_IntHigh_2080","PD","HA","IntHigh","2080",1525.61478439266
"03100207_50358000_PECKS_SINK",4400,23543,"PECKS SINK","03100207","50358000","NONCON","tbcmp_PD_HA_IntHigh_2080","PD","HA","IntHigh","2080",23.270407939532
"03100207_50358000_PECKS_SINK",5200,67492,"PECKS SINK","03100207","50358000","NONCON","tbcmp_PD_HA_IntHigh_2080","PD","HA","IntHigh","2080",66.710545497808
"03100207_50358000_PECKS_SINK",6110,57907,"PECKS SINK","03100207","50358000","NONCON","tbcmp_PD_HA_IntHigh_2080","PD","HA","IntHigh","2080",57.236525190268
"03100207_50358000_PECKS_SINK",6410,70597,"PECKS SINK","03100207","50358000","NONCON","tbcmp_PD_HA_IntHigh_2080","PD","HA","IntHigh","2080",69.779594329828
"03100207_50500000_JUMPING_GULLY",1100,1233816,"JUMPING GULLY","03100207","50500000","STREAM","tbcmp_PD_HA_IntHigh_2080","PD","HA","IntHigh","2080",1219.53029105558
"03100207_50500000_JUMPING_GULLY",1200,177307,"JUMPING GULLY","03100207","50500000","STREAM","tbcmp_PD_HA_IntHigh_2080","PD","HA","IntHigh","2080",175.254055155868
"03100207_50500000_JUMPING_GULLY",1800,47539,"JUMPING GULLY","03100207","50500000","STREAM","tbcmp_PD_HA_IntHigh_2080","PD","HA","IntHigh","2080",46.988570829436
"03100207_50500000_JUMPING_GULLY",1820,44105,"JUMPING GULLY","03100207","50500000","STREAM","tbcmp_PD_HA_IntHigh_2080","PD","HA","IntHigh","2080",43.59433131602
"03100207_50500000_JUMPING_GULLY",1900,583692,"JUMPING GULLY","03100207","50500000","STREAM","tbcmp_PD_HA_IntHigh_2080","PD","HA","IntHigh","2080",576.933736186608
"03100207_50500000_JUMPING_GULLY",2100,4745890,"JUMPING GULLY","03100207","50500000","STREAM","tbcmp_PD_HA_IntHigh_2080","PD","HA","IntHigh","2080",4690.93982653636
"03100207_50500000_JUMPING_GULLY",2200,131317,"JUMPING GULLY","03100207","50500000","STREAM","tbcmp_PD_HA_IntHigh_2080","PD","HA","IntHigh","2080",129.796549267108
"03100207_50500000_JUMPING_GULLY",2400,93421,"JUMPING GULLY","03100207","50500000","STREAM","tbcmp_PD_HA_IntHigh_2080","PD","HA","IntHigh","2080",92.339327193604
"03100207_50500000_JUMPING_GULLY",3200,1092387,"JUMPING GULLY","03100207","50500000","STREAM","tbcmp_PD_HA_IntHigh_2080","PD","HA","IntHigh","2080",1079.73882333779
"03100207_50500000_JUMPING_GULLY",4100,4952614,"JUMPING GULLY","03100207","50500000","STREAM","tbcmp_PD_HA_IntHigh_2080","PD","HA","IntHigh","2080",4895.27027766374
"03100207_50500000_JUMPING_GULLY",4400,3765126,"JUMPING GULLY","03100207","50500000","STREAM","tbcmp_PD_HA_IntHigh_2080","PD","HA","IntHigh","2080",3721.53157897202
"03100207_50500000_JUMPING_GULLY",5200,298023,"JUMPING GULLY","03100207","50500000","STREAM","tbcmp_PD_HA_IntHigh_2080","PD","HA","IntHigh","2080",294.572347847052
"03100207_50500000_JUMPING_GULLY",6110,936085,"JUMPING GULLY","03100207","50500000","STREAM","tbcmp_PD_HA_IntHigh_2080","PD","HA","IntHigh","2080",925.24656229354
"03100207_50500000_JUMPING_GULLY",6410,3266405,"JUMPING GULLY","03100207","50500000","STREAM","tbcmp_PD_HA_IntHigh_2080","PD","HA","IntHigh","2080",3228.58500810122
"03100207_50600000_GOWERS_CORNER_SLOUGH",1100,368250,"GOWERS CORNER SLOUGH","03100207","50600000","SLOUGH","tbcmp_PD_HA_IntHigh_2080","PD","HA","IntHigh","2080",363.986226213
"03100207_50600000_GOWERS_CORNER_SLOUGH",1200,555184,"GOWERS CORNER SLOUGH","03100207","50600000","SLOUGH","tbcmp_PD_HA_IntHigh_2080","PD","HA","IntHigh","2080",548.755815380416
"03100207_50600000_GOWERS_CORNER_SLOUGH",1800,9374,"GOWERS CORNER SLOUGH","03100207","50600000","SLOUGH","tbcmp_PD_HA_IntHigh_2080","PD","HA","IntHigh","2080",9.265463365976
"03100207_50600000_GOWERS_CORNER_SLOUGH",1900,407770,"GOWERS CORNER SLOUGH","03100207","50600000","SLOUGH","tbcmp_PD_HA_IntHigh_2080","PD","HA","IntHigh","2080",403.04864484148
"03100207_50600000_GOWERS_CORNER_SLOUGH",2100,491070,"GOWERS CORNER SLOUGH","03100207","50600000","SLOUGH","tbcmp_PD_HA_IntHigh_2080","PD","HA","IntHigh","2080",485.38415779068
"03100207_50600000_GOWERS_CORNER_SLOUGH",2400,735,"GOWERS CORNER SLOUGH","03100207","50600000","SLOUGH","tbcmp_PD_HA_IntHigh_2080","PD","HA","IntHigh","2080",0.72648982014
"03100207_50600000_GOWERS_CORNER_SLOUGH",3200,360782,"GOWERS CORNER SLOUGH","03100207","50600000","SLOUGH","tbcmp_PD_HA_IntHigh_2080","PD","HA","IntHigh","2080",356.604694271768
"03100207_50600000_GOWERS_CORNER_SLOUGH",4100,622023,"GOWERS CORNER SLOUGH","03100207","50600000","SLOUGH","tbcmp_PD_HA_IntHigh_2080","PD","HA","IntHigh","2080",614.820921623052
"03100207_50600000_GOWERS_CORNER_SLOUGH",4400,6642,"GOWERS CORNER SLOUGH","03100207","50600000","SLOUGH","tbcmp_PD_HA_IntHigh_2080","PD","HA","IntHigh","2080",6.565095762408
"03100207_50600000_GOWERS_CORNER_SLOUGH",5200,125997,"GOWERS CORNER SLOUGH","03100207","50600000","SLOUGH","tbcmp_PD_HA_IntHigh_2080","PD","HA","IntHigh","2080",124.538146759428
"03100207_50600000_GOWERS_CORNER_SLOUGH",6110,1006485,"GOWERS CORNER SLOUGH","03100207","50600000","SLOUGH","tbcmp_PD_HA_IntHigh_2080","PD","HA","IntHigh","2080",994.83143758314
"03100207_50600000_GOWERS_CORNER_SLOUGH",6410,732394,"GOWERS CORNER SLOUGH","03100207","50600000","SLOUGH","tbcmp_PD_HA_IntHigh_2080","PD","HA","IntHigh","2080",723.913993648456
"03100207_50700000_FIVE_MILE_CREEK",1100,21130,"FIVE MILE CREEK","03100207","50700000","STREAM","tbcmp_PD_HA_IntHigh_2080","PD","HA","IntHigh","2080",20.88534680212
"03100207_50700000_FIVE_MILE_CREEK",1200,1196645,"FIVE MILE CREEK","03100207","50700000","STREAM","tbcmp_PD_HA_IntHigh_2080","PD","HA","IntHigh","2080",1182.78967458698
"03100207_50700000_FIVE_MILE_CREEK",1800,25786,"FIVE MILE CREEK","03100207","50700000","STREAM","tbcmp_PD_HA_IntHigh_2080","PD","HA","IntHigh","2080",25.487437417864
"03100207_50700000_FIVE_MILE_CREEK",1820,30909,"FIVE MILE CREEK","03100207","50700000","STREAM","tbcmp_PD_HA_IntHigh_2080","PD","HA","IntHigh","2080",30.551120885316
"03100207_50700000_FIVE_MILE_CREEK",1900,683529,"FIVE MILE CREEK","03100207","50700000","STREAM","tbcmp_PD_HA_IntHigh_2080","PD","HA","IntHigh","2080",675.614775878196
"03100207_50700000_FIVE_MILE_CREEK",2100,586793,"FIVE MILE CREEK","03100207","50700000","STREAM","tbcmp_PD_HA_IntHigh_2080","PD","HA","IntHigh","2080",579.998831332532
"03100207_50700000_FIVE_MILE_CREEK",3200,311089,"FIVE MILE CREEK","03100207","50700000","STREAM","tbcmp_PD_HA_IntHigh_2080","PD","HA","IntHigh","2080",307.487063479636
"03100207_50700000_FIVE_MILE_CREEK",4100,654618,"FIVE MILE CREEK","03100207","50700000","STREAM","tbcmp_PD_HA_IntHigh_2080","PD","HA","IntHigh","2080",647.038521197832
"03100207_50700000_FIVE_MILE_CREEK",4400,51791,"FIVE MILE CREEK","03100207","50700000","STREAM","tbcmp_PD_HA_IntHigh_2080","PD","HA","IntHigh","2080",51.191339149484
"03100207_50700000_FIVE_MILE_CREEK",5200,330084,"FIVE MILE CREEK","03100207","50700000","STREAM","tbcmp_PD_HA_IntHigh_2080","PD","HA","IntHigh","2080",326.262130328016
"03100207_50700000_FIVE_MILE_CREEK",6110,1501550,"FIVE MILE CREEK","03100207","50700000","STREAM","tbcmp_PD_HA_IntHigh_2080","PD","HA","IntHigh","2080",1484.1643393622
"03100207_50700000_FIVE_MILE_CREEK",6410,734147,"FIVE MILE CREEK","03100207","50700000","STREAM","tbcmp_PD_HA_IntHigh_2080","PD","HA","IntHigh","2080",725.646696580028
"03100207_50990000_PITHLACHASCOTEE_RIVER",0,156,"PITHLACHASCOTEE RIVER","03100207","50990000","STREAM","tbcmp_PD_HA_IntHigh_2080","PD","HA","IntHigh","2080",0.154193757744
"03100207_50990000_PITHLACHASCOTEE_RIVER",1100,1113312,"PITHLACHASCOTEE RIVER","03100207","50990000","STREAM","tbcmp_PD_HA_IntHigh_2080","PD","HA","IntHigh","2080",1100.42154372749
"03100207_50990000_PITHLACHASCOTEE_RIVER",1200,8936085,"PITHLACHASCOTEE RIVER","03100207","50990000","STREAM","tbcmp_PD_HA_IntHigh_2080","PD","HA","IntHigh","2080",8832.61875429354
"03100207_50990000_PITHLACHASCOTEE_RIVER",1800,344275,"PITHLACHASCOTEE RIVER","03100207","50990000","STREAM","tbcmp_PD_HA_IntHigh_2080","PD","HA","IntHigh","2080",340.2888201751
"03100207_50990000_PITHLACHASCOTEE_RIVER",1820,347324,"PITHLACHASCOTEE RIVER","03100207","50990000","STREAM","tbcmp_PD_HA_IntHigh_2080","PD","HA","IntHigh","2080",343.302517401776
"03100207_50990000_PITHLACHASCOTEE_RIVER",1900,791749,"PITHLACHASCOTEE RIVER","03100207","50990000","STREAM","tbcmp_PD_HA_IntHigh_2080","PD","HA","IntHigh","2080",782.581753205476
"03100207_50990000_PITHLACHASCOTEE_RIVER",2100,1206475,"PITHLACHASCOTEE RIVER","03100207","50990000","STREAM","tbcmp_PD_HA_IntHigh_2080","PD","HA","IntHigh","2080",1192.5058581679
"03100207_50990000_PITHLACHASCOTEE_RIVER",2400,6598,"PITHLACHASCOTEE RIVER","03100207","50990000","STREAM","tbcmp_PD_HA_IntHigh_2080","PD","HA","IntHigh","2080",6.521605215352
"03100207_50990000_PITHLACHASCOTEE_RIVER",3200,1418681,"PITHLACHASCOTEE RIVER","03100207","50990000","STREAM","tbcmp_PD_HA_IntHigh_2080","PD","HA","IntHigh","2080",1402.25483608984
"03100207_50990000_PITHLACHASCOTEE_RIVER",4100,4241673,"PITHLACHASCOTEE RIVER","03100207","50990000","STREAM","tbcmp_PD_HA_IntHigh_2080","PD","HA","IntHigh","2080",4192.56089096965
"03100207_50990000_PITHLACHASCOTEE_RIVER",4400,1330619,"PITHLACHASCOTEE RIVER","03100207","50990000","STREAM","tbcmp_PD_HA_IntHigh_2080","PD","HA","IntHigh","2080",1315.21245984336
"03100207_50990000_PITHLACHASCOTEE_RIVER",5200,658977,"PITHLACHASCOTEE RIVER","03100207","50990000","STREAM","tbcmp_PD_HA_IntHigh_2080","PD","HA","IntHigh","2080",651.347050620948
"03100207_50990000_PITHLACHASCOTEE_RIVER",5400,321011,"PITHLACHASCOTEE RIVER","03100207","50990000","STREAM","tbcmp_PD_HA_IntHigh_2080","PD","HA","IntHigh","2080",317.294181840764
"03100207_50990000_PITHLACHASCOTEE_RIVER",6110,6115795,"PITHLACHASCOTEE RIVER","03100207","50990000","STREAM","tbcmp_PD_HA_IntHigh_2080","PD","HA","IntHigh","2080",6044.98341437158
"03100207_50990000_PITHLACHASCOTEE_RIVER",6120,82006,"PITHLACHASCOTEE RIVER","03100207","50990000","STREAM","tbcmp_PD_HA_IntHigh_2080","PD","HA","IntHigh","2080",81.056495497144
"03100207_50990000_PITHLACHASCOTEE_RIVER",6410,1546638,"PITHLACHASCOTEE RIVER","03100207","50990000","STREAM","tbcmp_PD_HA_IntHigh_2080","PD","HA","IntHigh","2080",1528.73028903631
"03100207_50990000_PITHLACHASCOTEE_RIVER",6420,16805,"PITHLACHASCOTEE RIVER","03100207","50990000","STREAM","tbcmp_PD_HA_IntHigh_2080","PD","HA","IntHigh","2080",16.61042371082
"03100207_50990000_PITHLACHASCOTEE_RIVER",6425,18962,"PITHLACHASCOTEE RIVER","03100207","50990000","STREAM","tbcmp_PD_HA_IntHigh_2080","PD","HA","IntHigh","2080",18.742448938088
"03100207_50990000_PITHLACHASCOTEE_RIVER",6510,12235,"PITHLACHASCOTEE RIVER","03100207","50990000","STREAM","tbcmp_PD_HA_IntHigh_2080","PD","HA","IntHigh","2080",12.09333734614
"03100207_50990000_PITHLACHASCOTEE_RIVER",6600,31122,"PITHLACHASCOTEE RIVER","03100207","50990000","STREAM","tbcmp_PD_HA_IntHigh_2080","PD","HA","IntHigh","2080",30.761654669928
"03100207_50990000_PITHLACHASCOTEE_RIVER",9113,115373,"PITHLACHASCOTEE RIVER","03100207","50990000","STREAM","tbcmp_PD_HA_IntHigh_2080","PD","HA","IntHigh","2080",114.037156488452
"03100207_51000000_SALT_SPRINGS_RUN",1100,1213,"SALT SPRINGS RUN","03100207","51000000","STREAM","tbcmp_PD_HA_IntHigh_2080","PD","HA","IntHigh","2080",1.198955308612
"03100207_51000000_SALT_SPRINGS_RUN",1200,200192,"SALT SPRINGS RUN","03100207","51000000","STREAM","tbcmp_PD_HA_IntHigh_2080","PD","HA","IntHigh","2080",197.874081732608
"03100207_51000000_SALT_SPRINGS_RUN",1800,2725,"SALT SPRINGS RUN","03100207","51000000","STREAM","tbcmp_PD_HA_IntHigh_2080","PD","HA","IntHigh","2080",2.6934486529
"03100207_51000000_SALT_SPRINGS_RUN",1900,20846,"SALT SPRINGS RUN","03100207","51000000","STREAM","tbcmp_PD_HA_IntHigh_2080","PD","HA","IntHigh","2080",20.604635089304
"03100207_51000000_SALT_SPRINGS_RUN",3200,16760,"SALT SPRINGS RUN","03100207","51000000","STREAM","tbcmp_PD_HA_IntHigh_2080","PD","HA","IntHigh","2080",16.56594474224
"03100207_51000000_SALT_SPRINGS_RUN",4100,10840,"SALT SPRINGS RUN","03100207","51000000","STREAM","tbcmp_PD_HA_IntHigh_2080","PD","HA","IntHigh","2080",10.71448932016
"03100207_51000000_SALT_SPRINGS_RUN",5200,164,"SALT SPRINGS RUN","03100207","51000000","STREAM","tbcmp_PD_HA_IntHigh_2080","PD","HA","IntHigh","2080",0.162101129936
"03100207_51000000_SALT_SPRINGS_RUN",5400,28182,"SALT SPRINGS RUN","03100207","51000000","STREAM","tbcmp_PD_HA_IntHigh_2080","PD","HA","IntHigh","2080",27.855695389368
"03100207_51000000_SALT_SPRINGS_RUN",6110,377,"SALT SPRINGS RUN","03100207","51000000","STREAM","tbcmp_PD_HA_IntHigh_2080","PD","HA","IntHigh","2080",0.372634914548
"03100207_51000000_SALT_SPRINGS_RUN",6120,146992,"SALT SPRINGS RUN","03100207","51000000","STREAM","tbcmp_PD_HA_IntHigh_2080","PD","HA","IntHigh","2080",145.290056655808
"03100207_51000000_SALT_SPRINGS_RUN",6410,331,"SALT SPRINGS RUN","03100207","51000000","STREAM","tbcmp_PD_HA_IntHigh_2080","PD","HA","IntHigh","2080",0.327167524444
"03100207_51000000_SALT_SPRINGS_RUN",6420,29754,"SALT SPRINGS RUN","03100207","51000000","STREAM","tbcmp_PD_HA_IntHigh_2080","PD","HA","IntHigh","2080",29.409494025096
"03100207_51000000_SALT_SPRINGS_RUN",6600,27388,"SALT SPRINGS RUN","03100207","51000000","STREAM","tbcmp_PD_HA_IntHigh_2080","PD","HA","IntHigh","2080",27.070888699312
"03100207_51000000_SALT_SPRINGS_RUN",9113,135416,"SALT SPRINGS RUN","03100207","51000000","STREAM","tbcmp_PD_HA_IntHigh_2080","PD","HA","IntHigh","2080",133.848089093984
"03100207_52000000_DOUBLE_HAMMOCK_CREEK",0,31,"DOUBLE HAMMOCK CREEK","03100207","52000000","STREAM","tbcmp_PD_HA_IntHigh_2080","PD","HA","IntHigh","2080",0.030641067244
"03100207_52000000_DOUBLE_HAMMOCK_CREEK",1100,440768,"DOUBLE HAMMOCK CREEK","03100207","52000000","STREAM","tbcmp_PD_HA_IntHigh_2080","PD","HA","IntHigh","2080",435.664578290432
"03100207_52000000_DOUBLE_HAMMOCK_CREEK",1200,3062212,"DOUBLE HAMMOCK CREEK","03100207","52000000","STREAM","tbcmp_PD_HA_IntHigh_2080","PD","HA","IntHigh","2080",3026.75625185109
"03100207_52000000_DOUBLE_HAMMOCK_CREEK",1800,4517,"DOUBLE HAMMOCK CREEK","03100207","52000000","STREAM","tbcmp_PD_HA_IntHigh_2080","PD","HA","IntHigh","2080",4.464700023908
"03100207_52000000_DOUBLE_HAMMOCK_CREEK",1900,78504,"DOUBLE HAMMOCK CREEK","03100207","52000000","STREAM","tbcmp_PD_HA_IntHigh_2080","PD","HA","IntHigh","2080",77.595043320096
"03100207_52000000_DOUBLE_HAMMOCK_CREEK",2100,5501,"DOUBLE HAMMOCK CREEK","03100207","52000000","STREAM","tbcmp_PD_HA_IntHigh_2080","PD","HA","IntHigh","2080",5.437306803524
"03100207_52000000_DOUBLE_HAMMOCK_CREEK",3200,2106,"DOUBLE HAMMOCK CREEK","03100207","52000000","STREAM","tbcmp_PD_HA_IntHigh_2080","PD","HA","IntHigh","2080",2.081615729544
"03100207_52000000_DOUBLE_HAMMOCK_CREEK",4100,77678,"DOUBLE HAMMOCK CREEK","03100207","52000000","STREAM","tbcmp_PD_HA_IntHigh_2080","PD","HA","IntHigh","2080",76.778607141272
"03100207_52000000_DOUBLE_HAMMOCK_CREEK",4400,20964,"DOUBLE HAMMOCK CREEK","03100207","52000000","STREAM","tbcmp_PD_HA_IntHigh_2080","PD","HA","IntHigh","2080",20.721268829136
"03100207_52000000_DOUBLE_HAMMOCK_CREEK",5200,191529,"DOUBLE HAMMOCK CREEK","03100207","52000000","STREAM","tbcmp_PD_HA_IntHigh_2080","PD","HA","IntHigh","2080",189.311386070196
"03100207_52000000_DOUBLE_HAMMOCK_CREEK",5400,109547,"DOUBLE HAMMOCK CREEK","03100207","52000000","STREAM","tbcmp_PD_HA_IntHigh_2080","PD","HA","IntHigh","2080",108.278612689628
"03100207_52000000_DOUBLE_HAMMOCK_CREEK",6110,160135,"DOUBLE HAMMOCK CREEK","03100207","52000000","STREAM","tbcmp_PD_HA_IntHigh_2080","PD","HA","IntHigh","2080",158.28088074574
"03100207_52000000_DOUBLE_HAMMOCK_CREEK",6120,361725,"DOUBLE HAMMOCK CREEK","03100207","52000000","STREAM","tbcmp_PD_HA_IntHigh_2080","PD","HA","IntHigh","2080",357.5367757689
"03100207_52000000_DOUBLE_HAMMOCK_CREEK",6410,146507,"DOUBLE HAMMOCK CREEK","03100207","52000000","STREAM","tbcmp_PD_HA_IntHigh_2080","PD","HA","IntHigh","2080",144.810672216668
"03100207_52000000_DOUBLE_HAMMOCK_CREEK",6420,74070,"DOUBLE HAMMOCK CREEK","03100207","52000000","STREAM","tbcmp_PD_HA_IntHigh_2080","PD","HA","IntHigh","2080",73.21238228268
"03100207_52000000_DOUBLE_HAMMOCK_CREEK",6600,21265,"DOUBLE HAMMOCK CREEK","03100207","52000000","STREAM","tbcmp_PD_HA_IntHigh_2080","PD","HA","IntHigh","2080",21.01878370786
"03100207_52000000_DOUBLE_HAMMOCK_CREEK",9113,146247,"DOUBLE HAMMOCK CREEK","03100207","52000000","STREAM","tbcmp_PD_HA_IntHigh_2080","PD","HA","IntHigh","2080",144.553682620428
"03100207_59300000_BUCKHORN_CREEK",1100,435367,"BUCKHORN CREEK","03100207","59300000","STREAM","tbcmp_PD_HA_IntHigh_2080","PD","HA","IntHigh","2080",430.326113639308
"03100207_59300000_BUCKHORN_CREEK",1200,2175889,"BUCKHORN CREEK","03100207","59300000","STREAM","tbcmp_PD_HA_IntHigh_2080","PD","HA","IntHigh","2080",2150.69552143484
"03100207_59300000_BUCKHORN_CREEK",1800,19521,"BUCKHORN CREEK","03100207","59300000","STREAM","tbcmp_PD_HA_IntHigh_2080","PD","HA","IntHigh","2080",19.294976570004
"03100207_59300000_BUCKHORN_CREEK",1820,79631,"BUCKHORN CREEK","03100207","59300000","STREAM","tbcmp_PD_HA_IntHigh_2080","PD","HA","IntHigh","2080",78.708994377644
"03100207_59300000_BUCKHORN_CREEK",1900,365190,"BUCKHORN CREEK","03100207","59300000","STREAM","tbcmp_PD_HA_IntHigh_2080","PD","HA","IntHigh","2080",360.96165634956
"03100207_59300000_BUCKHORN_CREEK",2100,240086,"BUCKHORN CREEK","03100207","59300000","STREAM","tbcmp_PD_HA_IntHigh_2080","PD","HA","IntHigh","2080",237.306170011064
"03100207_59300000_BUCKHORN_CREEK",2400,1764,"BUCKHORN CREEK","03100207","59300000","STREAM","tbcmp_PD_HA_IntHigh_2080","PD","HA","IntHigh","2080",1.743575568336
"03100207_59300000_BUCKHORN_CREEK",3200,161692,"BUCKHORN CREEK","03100207","59300000","STREAM","tbcmp_PD_HA_IntHigh_2080","PD","HA","IntHigh","2080",159.819853058608
"03100207_59300000_BUCKHORN_CREEK",4100,863964,"BUCKHORN CREEK","03100207","59300000","STREAM","tbcmp_PD_HA_IntHigh_2080","PD","HA","IntHigh","2080",853.960613561136
"03100207_59300000_BUCKHORN_CREEK",4400,401537,"BUCKHORN CREEK","03100207","59300000","STREAM","tbcmp_PD_HA_IntHigh_2080","PD","HA","IntHigh","2080",396.887813482388
"03100207_59300000_BUCKHORN_CREEK",5200,307027,"BUCKHORN CREEK","03100207","59300000","STREAM","tbcmp_PD_HA_IntHigh_2080","PD","HA","IntHigh","2080",303.472095249148
"03100207_59300000_BUCKHORN_CREEK",6110,826192,"BUCKHORN CREEK","03100207","59300000","STREAM","tbcmp_PD_HA_IntHigh_2080","PD","HA","IntHigh","2080",816.625955756608
"03100207_59300000_BUCKHORN_CREEK",6410,938590,"BUCKHORN CREEK","03100207","59300000","STREAM","tbcmp_PD_HA_IntHigh_2080","PD","HA","IntHigh","2080",927.72255821116
"03100207_59300000_NONCONTRIBUTING_AREA",1100,665552,"NONCONTRIBUTING AREA","03100207","59300000","NONCON","tbcmp_PD_HA_IntHigh_2080","PD","HA","IntHigh","2080",657.845922141248
"03100207_59300000_NONCONTRIBUTING_AREA",1200,719738,"NONCONTRIBUTING AREA","03100207","59300000","NONCON","tbcmp_PD_HA_IntHigh_2080","PD","HA","IntHigh","2080",711.404530840712
"03100207_59300000_NONCONTRIBUTING_AREA",1800,4843,"NONCONTRIBUTING AREA","03100207","59300000","NONCON","tbcmp_PD_HA_IntHigh_2080","PD","HA","IntHigh","2080",4.786925440732
"03100207_59300000_NONCONTRIBUTING_AREA",1820,15741,"NONCONTRIBUTING AREA","03100207","59300000","NONCON","tbcmp_PD_HA_IntHigh_2080","PD","HA","IntHigh","2080",15.558743209284
"03100207_59300000_NONCONTRIBUTING_AREA",1900,25652,"NONCONTRIBUTING AREA","03100207","59300000","NONCON","tbcmp_PD_HA_IntHigh_2080","PD","HA","IntHigh","2080",25.354988933648
"03100207_59300000_NONCONTRIBUTING_AREA",2100,1237,"NONCONTRIBUTING AREA","03100207","59300000","NONCON","tbcmp_PD_HA_IntHigh_2080","PD","HA","IntHigh","2080",1.222677425188
"03100207_59300000_NONCONTRIBUTING_AREA",4100,47308,"NONCONTRIBUTING AREA","03100207","59300000","NONCON","tbcmp_PD_HA_IntHigh_2080","PD","HA","IntHigh","2080",46.760245457392
"03100207_59300000_NONCONTRIBUTING_AREA",5200,28021,"NONCONTRIBUTING AREA","03100207","59300000","NONCON","tbcmp_PD_HA_IntHigh_2080","PD","HA","IntHigh","2080",27.696559524004
"03100207_59300000_NONCONTRIBUTING_AREA",5400,19,"NONCONTRIBUTING AREA","03100207","59300000","NONCON","tbcmp_PD_HA_IntHigh_2080","PD","HA","IntHigh","2080",0.018780008956
"03100207_59300000_NONCONTRIBUTING_AREA",6110,28166,"NONCONTRIBUTING AREA","03100207","59300000","NONCON","tbcmp_PD_HA_IntHigh_2080","PD","HA","IntHigh","2080",27.839880644984
"03100207_59300000_NONCONTRIBUTING_AREA",6120,739,"NONCONTRIBUTING AREA","03100207","59300000","NONCON","tbcmp_PD_HA_IntHigh_2080","PD","HA","IntHigh","2080",0.730443506236
"03100207_59300000_NONCONTRIBUTING_AREA",6410,118642,"NONCONTRIBUTING AREA","03100207","59300000","NONCON","tbcmp_PD_HA_IntHigh_2080","PD","HA","IntHigh","2080",117.268306450408
"03100207_59300000_NONCONTRIBUTING_AREA",6420,166,"NONCONTRIBUTING AREA","03100207","59300000","NONCON","tbcmp_PD_HA_IntHigh_2080","PD","HA","IntHigh","2080",0.164077972984
"03100207_59300000_NONCONTRIBUTING_AREA",6600,290,"NONCONTRIBUTING AREA","03100207","59300000","NONCON","tbcmp_PD_HA_IntHigh_2080","PD","HA","IntHigh","2080",0.28664224196
"03100207_59305000_CABBAGE_SLOUGH",1100,100260,"CABBAGE SLOUGH","03100207","59305000","SLOUGH","tbcmp_PD_HA_IntHigh_2080","PD","HA","IntHigh","2080",99.09914199624
"03100207_59305000_CABBAGE_SLOUGH",1200,221694,"CABBAGE SLOUGH","03100207","59305000","SLOUGH","tbcmp_PD_HA_IntHigh_2080","PD","HA","IntHigh","2080",219.127121341656
"03100207_59305000_CABBAGE_SLOUGH",1800,6521,"CABBAGE SLOUGH","03100207","59305000","SLOUGH","tbcmp_PD_HA_IntHigh_2080","PD","HA","IntHigh","2080",6.445496758004
"03100207_59305000_CABBAGE_SLOUGH",1820,21031,"CABBAGE SLOUGH","03100207","59305000","SLOUGH","tbcmp_PD_HA_IntHigh_2080","PD","HA","IntHigh","2080",20.787493071244
"03100207_59305000_CABBAGE_SLOUGH",1900,204,"CABBAGE SLOUGH","03100207","59305000","SLOUGH","tbcmp_PD_HA_IntHigh_2080","PD","HA","IntHigh","2080",0.201637990896
"03100207_59305000_CABBAGE_SLOUGH",2100,1863,"CABBAGE SLOUGH","03100207","59305000","SLOUGH","tbcmp_PD_HA_IntHigh_2080","PD","HA","IntHigh","2080",1.841429299212
"03100207_59305000_CABBAGE_SLOUGH",2200,695,"CABBAGE SLOUGH","03100207","59305000","SLOUGH","tbcmp_PD_HA_IntHigh_2080","PD","HA","IntHigh","2080",0.68695295918
"03100207_59305000_CABBAGE_SLOUGH",2400,971,"CABBAGE SLOUGH","03100207","59305000","SLOUGH","tbcmp_PD_HA_IntHigh_2080","PD","HA","IntHigh","2080",0.959757299804
"03100207_59305000_CABBAGE_SLOUGH",4100,34257,"CABBAGE SLOUGH","03100207","59305000","SLOUGH","tbcmp_PD_HA_IntHigh_2080","PD","HA","IntHigh","2080",33.860356147668
"03100207_59305000_CABBAGE_SLOUGH",5200,52102,"CABBAGE SLOUGH","03100207","59305000","SLOUGH","tbcmp_PD_HA_IntHigh_2080","PD","HA","IntHigh","2080",51.498738243448
"03100207_59305000_CABBAGE_SLOUGH",6110,15050,"CABBAGE SLOUGH","03100207","59305000","SLOUGH","tbcmp_PD_HA_IntHigh_2080","PD","HA","IntHigh","2080",14.8757439362
"03100207_59305000_CABBAGE_SLOUGH",6410,33240,"CABBAGE SLOUGH","03100207","59305000","SLOUGH","tbcmp_PD_HA_IntHigh_2080","PD","HA","IntHigh","2080",32.85513145776
"03100207_59990000_BEAR_CREEK",0,2,"BEAR CREEK","03100207","59990000","STREAM","tbcmp_PD_HA_IntHigh_2080","PD","HA","IntHigh","2080",0.001976843048
"03100207_59990000_BEAR_CREEK",1100,2095319,"BEAR CREEK","03100207","59990000","STREAM","tbcmp_PD_HA_IntHigh_2080","PD","HA","IntHigh","2080",2071.05839924616
"03100207_59990000_BEAR_CREEK",1200,4463171,"BEAR CREEK","03100207","59990000","STREAM","tbcmp_PD_HA_IntHigh_2080","PD","HA","IntHigh","2080",4411.4942816926
"03100207_59990000_BEAR_CREEK",1800,29247,"BEAR CREEK","03100207","59990000","STREAM","tbcmp_PD_HA_IntHigh_2080","PD","HA","IntHigh","2080",28.908364312428
"03100207_59990000_BEAR_CREEK",1820,134350,"BEAR CREEK","03100207","59990000","STREAM","tbcmp_PD_HA_IntHigh_2080","PD","HA","IntHigh","2080",132.7944317494
"03100207_59990000_BEAR_CREEK",1900,239083,"BEAR CREEK","03100207","59990000","STREAM","tbcmp_PD_HA_IntHigh_2080","PD","HA","IntHigh","2080",236.314783222492
"03100207_59990000_BEAR_CREEK",2100,90597,"BEAR CREEK","03100207","59990000","STREAM","tbcmp_PD_HA_IntHigh_2080","PD","HA","IntHigh","2080",89.548024809828
"03100207_59990000_BEAR_CREEK",3200,208558,"BEAR CREEK","03100207","59990000","STREAM","tbcmp_PD_HA_IntHigh_2080","PD","HA","IntHigh","2080",206.143216202392
"03100207_59990000_BEAR_CREEK",4100,1282757,"BEAR CREEK","03100207","59990000","STREAM","tbcmp_PD_HA_IntHigh_2080","PD","HA","IntHigh","2080",1267.90462886167
"03100207_59990000_BEAR_CREEK",4400,44095,"BEAR CREEK","03100207","59990000","STREAM","tbcmp_PD_HA_IntHigh_2080","PD","HA","IntHigh","2080",43.58444710078
"03100207_59990000_BEAR_CREEK",5200,329688,"BEAR CREEK","03100207","59990000","STREAM","tbcmp_PD_HA_IntHigh_2080","PD","HA","IntHigh","2080",325.870715404512
"03100207_59990000_BEAR_CREEK",5400,98553,"BEAR CREEK","03100207","59990000","STREAM","tbcmp_PD_HA_IntHigh_2080","PD","HA","IntHigh","2080",97.411906454772
"03100207_59990000_BEAR_CREEK",6110,3603962,"BEAR CREEK","03100207","59990000","STREAM","tbcmp_PD_HA_IntHigh_2080","PD","HA","IntHigh","2080",3562.23361247809
"03100207_59990000_BEAR_CREEK",6120,28412,"BEAR CREEK","03100207","59990000","STREAM","tbcmp_PD_HA_IntHigh_2080","PD","HA","IntHigh","2080",28.083032339888
"03100207_59990000_BEAR_CREEK",6410,616309,"BEAR CREEK","03100207","59990000","STREAM","tbcmp_PD_HA_IntHigh_2080","PD","HA","IntHigh","2080",609.173081034916
"03100207_59990000_BEAR_CREEK",6420,7607,"BEAR CREEK","03100207","59990000","STREAM","tbcmp_PD_HA_IntHigh_2080","PD","HA","IntHigh","2080",7.518922533068
"03100207_59990000_BEAR_CREEK",6600,18150,"BEAR CREEK","03100207","59990000","STREAM","tbcmp_PD_HA_IntHigh_2080","PD","HA","IntHigh","2080",17.9398506606
"03100207_59990000_BEAR_CREEK",9113,11156,"BEAR CREEK","03100207","59990000","STREAM","tbcmp_PD_HA_IntHigh_2080","PD","HA","IntHigh","2080",11.026830521744
"03100207_65000000_HAMMOCK_CREEK",1100,5661860,"HAMMOCK CREEK","03100207","65000000","STREAM","tbcmp_PD_HA_IntHigh_2080","PD","HA","IntHigh","2080",5596.30428987464
"03100207_65000000_HAMMOCK_CREEK",1200,13925336,"HAMMOCK CREEK","03100207","65000000","STREAM","tbcmp_PD_HA_IntHigh_2080","PD","HA","IntHigh","2080",13764.1018313321
"03100207_65000000_HAMMOCK_CREEK",1800,133551,"HAMMOCK CREEK","03100207","65000000","STREAM","tbcmp_PD_HA_IntHigh_2080","PD","HA","IntHigh","2080",132.004682951724
"03100207_65000000_HAMMOCK_CREEK",1820,599795,"HAMMOCK CREEK","03100207","65000000","STREAM","tbcmp_PD_HA_IntHigh_2080","PD","HA","IntHigh","2080",592.85028798758
"03100207_65000000_HAMMOCK_CREEK",1900,1068041,"HAMMOCK CREEK","03100207","65000000","STREAM","tbcmp_PD_HA_IntHigh_2080","PD","HA","IntHigh","2080",1055.67471291448
"03100207_65000000_HAMMOCK_CREEK",2100,401809,"HAMMOCK CREEK","03100207","65000000","STREAM","tbcmp_PD_HA_IntHigh_2080","PD","HA","IntHigh","2080",397.156664136916
"03100207_65000000_HAMMOCK_CREEK",2400,48493,"HAMMOCK CREEK","03100207","65000000","STREAM","tbcmp_PD_HA_IntHigh_2080","PD","HA","IntHigh","2080",47.931524963332
"03100207_65000000_HAMMOCK_CREEK",3200,9684,"HAMMOCK CREEK","03100207","65000000","STREAM","tbcmp_PD_HA_IntHigh_2080","PD","HA","IntHigh","2080",9.571874038416
"03100207_65000000_HAMMOCK_CREEK",4100,1699132,"HAMMOCK CREEK","03100207","65000000","STREAM","tbcmp_PD_HA_IntHigh_2080","PD","HA","IntHigh","2080",1679.45864091717
"03100207_65000000_HAMMOCK_CREEK",4400,8220,"HAMMOCK CREEK","03100207","65000000","STREAM","tbcmp_PD_HA_IntHigh_2080","PD","HA","IntHigh","2080",8.12482492728
"03100207_65000000_HAMMOCK_CREEK",5200,428907,"HAMMOCK CREEK","03100207","65000000","STREAM","tbcmp_PD_HA_IntHigh_2080","PD","HA","IntHigh","2080",423.940910594268
"03100207_65000000_HAMMOCK_CREEK",5400,60090,"HAMMOCK CREEK","03100207","65000000","STREAM","tbcmp_PD_HA_IntHigh_2080","PD","HA","IntHigh","2080",59.39424937716
"03100207_65000000_HAMMOCK_CREEK",6110,394740,"HAMMOCK CREEK","03100207","65000000","STREAM","tbcmp_PD_HA_IntHigh_2080","PD","HA","IntHigh","2080",390.16951238376
"03100207_65000000_HAMMOCK_CREEK",6120,103093,"HAMMOCK CREEK","03100207","65000000","STREAM","tbcmp_PD_HA_IntHigh_2080","PD","HA","IntHigh","2080",101.899340173732
"03100207_65000000_HAMMOCK_CREEK",6410,1360672,"HAMMOCK CREEK","03100207","65000000","STREAM","tbcmp_PD_HA_IntHigh_2080","PD","HA","IntHigh","2080",1344.91749190413
"03100207_65000000_HAMMOCK_CREEK",6420,17531,"HAMMOCK CREEK","03100207","65000000","STREAM","tbcmp_PD_HA_IntHigh_2080","PD","HA","IntHigh","2080",17.328017737244
"03100207_65000000_HAMMOCK_CREEK",6600,25251,"HAMMOCK CREEK","03100207","65000000","STREAM","tbcmp_PD_HA_IntHigh_2080","PD","HA","IntHigh","2080",24.958631902524
"03100207_65000000_HAMMOCK_CREEK",7100,2148,"HAMMOCK CREEK","03100207","65000000","STREAM","tbcmp_PD_HA_IntHigh_2080","PD","HA","IntHigh","2080",2.123129433552
"03100207_65000000_HAMMOCK_CREEK",9113,69957,"HAMMOCK CREEK","03100207","65000000","STREAM","tbcmp_PD_HA_IntHigh_2080","PD","HA","IntHigh","2080",69.147004554468
"03100207_66000000_INDIAN_CREEK",1100,62418,"INDIAN CREEK","03100207","66000000","STREAM","tbcmp_PD_HA_IntHigh_2080","PD","HA","IntHigh","2080",61.695294685032
"03100207_66000000_INDIAN_CREEK",1200,957818,"INDIAN CREEK","03100207","66000000","STREAM","tbcmp_PD_HA_IntHigh_2080","PD","HA","IntHigh","2080",946.727927274632
"03100207_66000000_INDIAN_CREEK",1800,10601,"INDIAN CREEK","03100207","66000000","STREAM","tbcmp_PD_HA_IntHigh_2080","PD","HA","IntHigh","2080",10.478256575924
"03100207_66000000_INDIAN_CREEK",1820,71333,"INDIAN CREEK","03100207","66000000","STREAM","tbcmp_PD_HA_IntHigh_2080","PD","HA","IntHigh","2080",70.507072571492
"03100207_66000000_INDIAN_CREEK",1900,71087,"INDIAN CREEK","03100207","66000000","STREAM","tbcmp_PD_HA_IntHigh_2080","PD","HA","IntHigh","2080",70.263920876588
"03100207_66000000_INDIAN_CREEK",3200,3,"INDIAN CREEK","03100207","66000000","STREAM","tbcmp_PD_HA_IntHigh_2080","PD","HA","IntHigh","2080",0.002965264572
"03100207_66000000_INDIAN_CREEK",4100,188632,"INDIAN CREEK","03100207","66000000","STREAM","tbcmp_PD_HA_IntHigh_2080","PD","HA","IntHigh","2080",186.447928915168
"03100207_66000000_INDIAN_CREEK",4400,42236,"INDIAN CREEK","03100207","66000000","STREAM","tbcmp_PD_HA_IntHigh_2080","PD","HA","IntHigh","2080",41.746971487664
"03100207_66000000_INDIAN_CREEK",5200,53832,"INDIAN CREEK","03100207","66000000","STREAM","tbcmp_PD_HA_IntHigh_2080","PD","HA","IntHigh","2080",53.208707479968
"03100207_66000000_INDIAN_CREEK",5400,13243,"INDIAN CREEK","03100207","66000000","STREAM","tbcmp_PD_HA_IntHigh_2080","PD","HA","IntHigh","2080",13.089666242332
"03100207_66000000_INDIAN_CREEK",6110,375590,"INDIAN CREEK","03100207","66000000","STREAM","tbcmp_PD_HA_IntHigh_2080","PD","HA","IntHigh","2080",371.24124019916
"03100207_66000000_INDIAN_CREEK",6120,110739,"INDIAN CREEK","03100207","66000000","STREAM","tbcmp_PD_HA_IntHigh_2080","PD","HA","IntHigh","2080",109.456811146236
"03100207_66000000_INDIAN_CREEK",6410,219765,"INDIAN CREEK","03100207","66000000","STREAM","tbcmp_PD_HA_IntHigh_2080","PD","HA","IntHigh","2080",217.22045622186
"03100207_66000000_INDIAN_CREEK",6420,26551,"INDIAN CREEK","03100207","66000000","STREAM","tbcmp_PD_HA_IntHigh_2080","PD","HA","IntHigh","2080",26.243579883724
"03100207_66000000_INDIAN_CREEK",6600,62727,"INDIAN CREEK","03100207","66000000","STREAM","tbcmp_PD_HA_IntHigh_2080","PD","HA","IntHigh","2080",62.000716935948
"03100207_66000000_INDIAN_CREEK",9113,40553,"INDIAN CREEK","03100207","66000000","STREAM","tbcmp_PD_HA_IntHigh_2080","PD","HA","IntHigh","2080",40.083458062772
"03100207_70000000_INTERNALLY_DRAINED",1100,6230742,"INTERNALLY DRAINED","03100207","70000000","NONCON","tbcmp_PD_HA_IntHigh_2080","PD","HA","IntHigh","2080",6158.59950329081
"03100207_70000000_INTERNALLY_DRAINED",1200,9279586,"INTERNALLY DRAINED","03100207","70000000","NONCON","tbcmp_PD_HA_IntHigh_2080","PD","HA","IntHigh","2080",9172.14253620906
"03100207_70000000_INTERNALLY_DRAINED",1800,27161,"INTERNALLY DRAINED","03100207","70000000","NONCON","tbcmp_PD_HA_IntHigh_2080","PD","HA","IntHigh","2080",26.846517013364
"03100207_70000000_INTERNALLY_DRAINED",1820,374469,"INTERNALLY DRAINED","03100207","70000000","NONCON","tbcmp_PD_HA_IntHigh_2080","PD","HA","IntHigh","2080",370.133219670756
"03100207_70000000_INTERNALLY_DRAINED",1900,916798,"INTERNALLY DRAINED","03100207","70000000","NONCON","tbcmp_PD_HA_IntHigh_2080","PD","HA","IntHigh","2080",906.182876360152
"03100207_70000000_INTERNALLY_DRAINED",2100,1185192,"INTERNALLY DRAINED","03100207","70000000","NONCON","tbcmp_PD_HA_IntHigh_2080","PD","HA","IntHigh","2080",1171.46928287261
"03100207_70000000_INTERNALLY_DRAINED",2200,15247,"INTERNALLY DRAINED","03100207","70000000","NONCON","tbcmp_PD_HA_IntHigh_2080","PD","HA","IntHigh","2080",15.070462976428
"03100207_70000000_INTERNALLY_DRAINED",2400,65678,"INTERNALLY DRAINED","03100207","70000000","NONCON","tbcmp_PD_HA_IntHigh_2080","PD","HA","IntHigh","2080",64.917548853272
"03100207_70000000_INTERNALLY_DRAINED",3200,27797,"INTERNALLY DRAINED","03100207","70000000","NONCON","tbcmp_PD_HA_IntHigh_2080","PD","HA","IntHigh","2080",27.475153102628
"03100207_70000000_INTERNALLY_DRAINED",4100,2998907,"INTERNALLY DRAINED","03100207","70000000","NONCON","tbcmp_PD_HA_IntHigh_2080","PD","HA","IntHigh","2080",2964.18422727427
"03100207_70000000_INTERNALLY_DRAINED",4400,231651,"INTERNALLY DRAINED","03100207","70000000","NONCON","tbcmp_PD_HA_IntHigh_2080","PD","HA","IntHigh","2080",228.968834456124
"03100207_70000000_INTERNALLY_DRAINED",5200,136602,"INTERNALLY DRAINED","03100207","70000000","NONCON","tbcmp_PD_HA_IntHigh_2080","PD","HA","IntHigh","2080",135.020357021448
"03100207_70000000_INTERNALLY_DRAINED",6110,30490,"INTERNALLY DRAINED","03100207","70000000","NONCON","tbcmp_PD_HA_IntHigh_2080","PD","HA","IntHigh","2080",30.13697226676
"03100207_70000000_INTERNALLY_DRAINED",6410,277688,"INTERNALLY DRAINED","03100207","70000000","NONCON","tbcmp_PD_HA_IntHigh_2080","PD","HA","IntHigh","2080",274.472796156512
"03100207_70990000_WEEKIWATCHEE_RIVER",1100,2387146,"WEEKIWATCHEE RIVER","03100207","70990000","STREAM","tbcmp_PD_HA_IntHigh_2080","PD","HA","IntHigh","2080",2359.5064873305
"03100207_70990000_WEEKIWATCHEE_RIVER",1200,7960739,"WEEKIWATCHEE RIVER","03100207","70990000","STREAM","tbcmp_PD_HA_IntHigh_2080","PD","HA","IntHigh","2080",7868.56577454623
"03100207_70990000_WEEKIWATCHEE_RIVER",1800,243830,"WEEKIWATCHEE RIVER","03100207","70990000","STREAM","tbcmp_PD_HA_IntHigh_2080","PD","HA","IntHigh","2080",241.00682019692
"03100207_70990000_WEEKIWATCHEE_RIVER",1820,384135,"WEEKIWATCHEE RIVER","03100207","70990000","STREAM","tbcmp_PD_HA_IntHigh_2080","PD","HA","IntHigh","2080",379.68730212174
"03100207_70990000_WEEKIWATCHEE_RIVER",1900,799432,"WEEKIWATCHEE RIVER","03100207","70990000","STREAM","tbcmp_PD_HA_IntHigh_2080","PD","HA","IntHigh","2080",790.175795774368
"03100207_70990000_WEEKIWATCHEE_RIVER",2100,26396,"WEEKIWATCHEE RIVER","03100207","70990000","STREAM","tbcmp_PD_HA_IntHigh_2080","PD","HA","IntHigh","2080",26.090374547504
"03100207_70990000_WEEKIWATCHEE_RIVER",2400,4643,"WEEKIWATCHEE RIVER","03100207","70990000","STREAM","tbcmp_PD_HA_IntHigh_2080","PD","HA","IntHigh","2080",4.589241135932
"03100207_70990000_WEEKIWATCHEE_RIVER",3200,694239,"WEEKIWATCHEE RIVER","03100207","70990000","STREAM","tbcmp_PD_HA_IntHigh_2080","PD","HA","IntHigh","2080",686.200770400236
"03100207_70990000_WEEKIWATCHEE_RIVER",4100,4842264,"WEEKIWATCHEE RIVER","03100207","70990000","STREAM","tbcmp_PD_HA_IntHigh_2080","PD","HA","IntHigh","2080",4786.19796249034
"03100207_70990000_WEEKIWATCHEE_RIVER",4400,162189,"WEEKIWATCHEE RIVER","03100207","70990000","STREAM","tbcmp_PD_HA_IntHigh_2080","PD","HA","IntHigh","2080",160.311098556036
"03100207_70990000_WEEKIWATCHEE_RIVER",5200,480118,"WEEKIWATCHEE RIVER","03100207","70990000","STREAM","tbcmp_PD_HA_IntHigh_2080","PD","HA","IntHigh","2080",474.558965259832
"03100207_70990000_WEEKIWATCHEE_RIVER",5400,178630,"WEEKIWATCHEE RIVER","03100207","70990000","STREAM","tbcmp_PD_HA_IntHigh_2080","PD","HA","IntHigh","2080",176.56173683212
"03100207_70990000_WEEKIWATCHEE_RIVER",6110,2378403,"WEEKIWATCHEE RIVER","03100207","70990000","STREAM","tbcmp_PD_HA_IntHigh_2080","PD","HA","IntHigh","2080",2350.86471794617
"03100207_70990000_WEEKIWATCHEE_RIVER",6120,293380,"WEEKIWATCHEE RIVER","03100207","70990000","STREAM","tbcmp_PD_HA_IntHigh_2080","PD","HA","IntHigh","2080",289.98310671112
"03100207_70990000_WEEKIWATCHEE_RIVER",6410,1609888,"WEEKIWATCHEE RIVER","03100207","70990000","STREAM","tbcmp_PD_HA_IntHigh_2080","PD","HA","IntHigh","2080",1591.24795042931
"03100207_70990000_WEEKIWATCHEE_RIVER",6420,277071,"WEEKIWATCHEE RIVER","03100207","70990000","STREAM","tbcmp_PD_HA_IntHigh_2080","PD","HA","IntHigh","2080",273.862940076204
"03100207_70990000_WEEKIWATCHEE_RIVER",6425,526257,"WEEKIWATCHEE RIVER","03100207","70990000","STREAM","tbcmp_PD_HA_IntHigh_2080","PD","HA","IntHigh","2080",520.163745955668
"03100207_70990000_WEEKIWATCHEE_RIVER",6510,269902,"WEEKIWATCHEE RIVER","03100207","70990000","STREAM","tbcmp_PD_HA_IntHigh_2080","PD","HA","IntHigh","2080",266.776946170648
"03100207_70990000_WEEKIWATCHEE_RIVER",6600,556047,"WEEKIWATCHEE RIVER","03100207","70990000","STREAM","tbcmp_PD_HA_IntHigh_2080","PD","HA","IntHigh","2080",549.608823155628
"03100207_70990000_WEEKIWATCHEE_RIVER",9113,557974,"WEEKIWATCHEE RIVER","03100207","70990000","STREAM","tbcmp_PD_HA_IntHigh_2080","PD","HA","IntHigh","2080",551.513511432376
"03100207_80000000_CHASSAHOWITZKA_RIVER",1100,4949741,"CHASSAHOWITZKA RIVER","03100207","80000000","STREAM","tbcmp_PD_HA_IntHigh_2080","PD","HA","IntHigh","2080",4892.43054262528
"03100207_80000000_CHASSAHOWITZKA_RIVER",1200,7143850,"CHASSAHOWITZKA RIVER","03100207","80000000","STREAM","tbcmp_PD_HA_IntHigh_2080","PD","HA","IntHigh","2080",7061.1351042274
"03100207_80000000_CHASSAHOWITZKA_RIVER",1800,79491,"CHASSAHOWITZKA RIVER","03100207","80000000","STREAM","tbcmp_PD_HA_IntHigh_2080","PD","HA","IntHigh","2080",78.570615364284
"03100207_80000000_CHASSAHOWITZKA_RIVER",1820,376528,"CHASSAHOWITZKA RIVER","03100207","80000000","STREAM","tbcmp_PD_HA_IntHigh_2080","PD","HA","IntHigh","2080",372.168379588672
"03100207_80000000_CHASSAHOWITZKA_RIVER",1900,3825503,"CHASSAHOWITZKA RIVER","03100207","80000000","STREAM","tbcmp_PD_HA_IntHigh_2080","PD","HA","IntHigh","2080",3781.20950532657
"03100207_80000000_CHASSAHOWITZKA_RIVER",2100,4678394,"CHASSAHOWITZKA RIVER","03100207","80000000","STREAM","tbcmp_PD_HA_IntHigh_2080","PD","HA","IntHigh","2080",4624.22532735245
"03100207_80000000_CHASSAHOWITZKA_RIVER",2200,4146,"CHASSAHOWITZKA RIVER","03100207","80000000","STREAM","tbcmp_PD_HA_IntHigh_2080","PD","HA","IntHigh","2080",4.097995638504
"03100207_80000000_CHASSAHOWITZKA_RIVER",3200,978852,"CHASSAHOWITZKA RIVER","03100207","80000000","STREAM","tbcmp_PD_HA_IntHigh_2080","PD","HA","IntHigh","2080",967.518385610448
"03100207_80000000_CHASSAHOWITZKA_RIVER",4100,19984773,"CHASSAHOWITZKA RIVER","03100207","80000000","STREAM","tbcmp_PD_HA_IntHigh_2080","PD","HA","IntHigh","2080",19753.379785454
"03100207_80000000_CHASSAHOWITZKA_RIVER",4400,3198523,"CHASSAHOWITZKA RIVER","03100207","80000000","STREAM","tbcmp_PD_HA_IntHigh_2080","PD","HA","IntHigh","2080",3161.48897820905
"03100207_80000000_CHASSAHOWITZKA_RIVER",5200,237139,"CHASSAHOWITZKA RIVER","03100207","80000000","STREAM","tbcmp_PD_HA_IntHigh_2080","PD","HA","IntHigh","2080",234.393291779836
"03100207_80000000_CHASSAHOWITZKA_RIVER",5400,886559,"CHASSAHOWITZKA RIVER","03100207","80000000","STREAM","tbcmp_PD_HA_IntHigh_2080","PD","HA","IntHigh","2080",876.293997895916
"03100207_80000000_CHASSAHOWITZKA_RIVER",6110,2322060,"CHASSAHOWITZKA RIVER","03100207","80000000","STREAM","tbcmp_PD_HA_IntHigh_2080","PD","HA","IntHigh","2080",2295.17408401944
"03100207_80000000_CHASSAHOWITZKA_RIVER",6120,2271224,"CHASSAHOWITZKA RIVER","03100207","80000000","STREAM","tbcmp_PD_HA_IntHigh_2080","PD","HA","IntHigh","2080",2244.92668742538
"03100207_80000000_CHASSAHOWITZKA_RIVER",6410,732159,"CHASSAHOWITZKA RIVER","03100207","80000000","STREAM","tbcmp_PD_HA_IntHigh_2080","PD","HA","IntHigh","2080",723.681714590316
"03100207_80000000_CHASSAHOWITZKA_RIVER",6420,868470,"CHASSAHOWITZKA RIVER","03100207","80000000","STREAM","tbcmp_PD_HA_IntHigh_2080","PD","HA","IntHigh","2080",858.41444094828
"03100207_80000000_CHASSAHOWITZKA_RIVER",6425,1263216,"CHASSAHOWITZKA RIVER","03100207","80000000","STREAM","tbcmp_PD_HA_IntHigh_2080","PD","HA","IntHigh","2080",1248.58988386118
"03100207_80000000_CHASSAHOWITZKA_RIVER",6510,638002,"CHASSAHOWITZKA RIVER","03100207","80000000","STREAM","tbcmp_PD_HA_IntHigh_2080","PD","HA","IntHigh","2080",630.614909155048
"03100207_80000000_CHASSAHOWITZKA_RIVER",6600,1652524,"CHASSAHOWITZKA RIVER","03100207","80000000","STREAM","tbcmp_PD_HA_IntHigh_2080","PD","HA","IntHigh","2080",1633.39029052658
"03100207_80000000_CHASSAHOWITZKA_RIVER",9113,3305325,"CHASSAHOWITZKA RIVER","03100207","80000000","STREAM","tbcmp_PD_HA_IntHigh_2080","PD","HA","IntHigh","2080",3267.0543738153
"03100207_80000000_LIZZIE_HART_SINK",1100,2129751,"LIZZIE HART SINK","03100207","80000000","NONCON","tbcmp_PD_HA_IntHigh_2080","PD","HA","IntHigh","2080",2105.09172916052
"03100207_80000000_LIZZIE_HART_SINK",1200,1083638,"LIZZIE HART SINK","03100207","80000000","NONCON","tbcmp_PD_HA_IntHigh_2080","PD","HA","IntHigh","2080",1071.09112342431
"03100207_80000000_LIZZIE_HART_SINK",1800,7184,"LIZZIE HART SINK","03100207","80000000","NONCON","tbcmp_PD_HA_IntHigh_2080","PD","HA","IntHigh","2080",7.100820228416
"03100207_80000000_LIZZIE_HART_SINK",1900,871204,"LIZZIE HART SINK","03100207","80000000","NONCON","tbcmp_PD_HA_IntHigh_2080","PD","HA","IntHigh","2080",861.116785394896
"03100207_80000000_LIZZIE_HART_SINK",2100,3612121,"LIZZIE HART SINK","03100207","80000000","NONCON","tbcmp_PD_HA_IntHigh_2080","PD","HA","IntHigh","2080",3570.2981436924
"03100207_80000000_LIZZIE_HART_SINK",2200,18423,"LIZZIE HART SINK","03100207","80000000","NONCON","tbcmp_PD_HA_IntHigh_2080","PD","HA","IntHigh","2080",18.209689736652
"03100207_80000000_LIZZIE_HART_SINK",2400,135712,"LIZZIE HART SINK","03100207","80000000","NONCON","tbcmp_PD_HA_IntHigh_2080","PD","HA","IntHigh","2080",134.140661865088
"03100207_80000000_LIZZIE_HART_SINK",3200,143565,"LIZZIE HART SINK","03100207","80000000","NONCON","tbcmp_PD_HA_IntHigh_2080","PD","HA","IntHigh","2080",141.90273609306
"03100207_80000000_LIZZIE_HART_SINK",4100,9930279,"LIZZIE HART SINK","03100207","80000000","NONCON","tbcmp_PD_HA_IntHigh_2080","PD","HA","IntHigh","2080",9815.30150292519
"03100207_80000000_LIZZIE_HART_SINK",4400,444311,"LIZZIE HART SINK","03100207","80000000","NONCON","tbcmp_PD_HA_IntHigh_2080","PD","HA","IntHigh","2080",439.166555749964
"03100207_80000000_LIZZIE_HART_SINK",5200,33104,"LIZZIE HART SINK","03100207","80000000","NONCON","tbcmp_PD_HA_IntHigh_2080","PD","HA","IntHigh","2080",32.720706130496
"03100207_80000000_LIZZIE_HART_SINK",6110,99567,"LIZZIE HART SINK","03100207","80000000","NONCON","tbcmp_PD_HA_IntHigh_2080","PD","HA","IntHigh","2080",98.414165880108
"03100207_80000000_LIZZIE_HART_SINK",6410,226378,"LIZZIE HART SINK","03100207","80000000","NONCON","tbcmp_PD_HA_IntHigh_2080","PD","HA","IntHigh","2080",223.756887760072
"03100207_83000000_HOMOSASSA_RIVER",1100,8479574,"HOMOSASSA RIVER","03100207","83000000","STREAM","tbcmp_PD_HA_IntHigh_2080","PD","HA","IntHigh","2080",8381.39345595077
"03100207_83000000_HOMOSASSA_RIVER",1200,4651501,"HOMOSASSA RIVER","03100207","83000000","STREAM","tbcmp_PD_HA_IntHigh_2080","PD","HA","IntHigh","2080",4597.64370730752
"03100207_83000000_HOMOSASSA_RIVER",1800,218272,"HOMOSASSA RIVER","03100207","83000000","STREAM","tbcmp_PD_HA_IntHigh_2080","PD","HA","IntHigh","2080",215.744742886528
"03100207_83000000_HOMOSASSA_RIVER",1820,154903,"HOMOSASSA RIVER","03100207","83000000","STREAM","tbcmp_PD_HA_IntHigh_2080","PD","HA","IntHigh","2080",153.109459332172
"03100207_83000000_HOMOSASSA_RIVER",1900,1226707,"HOMOSASSA RIVER","03100207","83000000","STREAM","tbcmp_PD_HA_IntHigh_2080","PD","HA","IntHigh","2080",1212.50360244147
"03100207_83000000_HOMOSASSA_RIVER",2100,1803652,"HOMOSASSA RIVER","03100207","83000000","STREAM","tbcmp_PD_HA_IntHigh_2080","PD","HA","IntHigh","2080",1782.76845860565
"03100207_83000000_HOMOSASSA_RIVER",2400,29571,"HOMOSASSA RIVER","03100207","83000000","STREAM","tbcmp_PD_HA_IntHigh_2080","PD","HA","IntHigh","2080",29.228612886204
"03100207_83000000_HOMOSASSA_RIVER",3200,371187,"HOMOSASSA RIVER","03100207","83000000","STREAM","tbcmp_PD_HA_IntHigh_2080","PD","HA","IntHigh","2080",366.889220228988
"03100207_83000000_HOMOSASSA_RIVER",4100,8515833,"HOMOSASSA RIVER","03100207","83000000","STREAM","tbcmp_PD_HA_IntHigh_2080","PD","HA","IntHigh","2080",8417.23263198949
"03100207_83000000_HOMOSASSA_RIVER",4400,618590,"HOMOSASSA RIVER","03100207","83000000","STREAM","tbcmp_PD_HA_IntHigh_2080","PD","HA","IntHigh","2080",611.42767053116
"03100207_83000000_HOMOSASSA_RIVER",5200,89929,"HOMOSASSA RIVER","03100207","83000000","STREAM","tbcmp_PD_HA_IntHigh_2080","PD","HA","IntHigh","2080",88.887759231796
"03100207_83000000_HOMOSASSA_RIVER",5400,1185693,"HOMOSASSA RIVER","03100207","83000000","STREAM","tbcmp_PD_HA_IntHigh_2080","PD","HA","IntHigh","2080",1171.96448205613
"03100207_83000000_HOMOSASSA_RIVER",6110,412686,"HOMOSASSA RIVER","03100207","83000000","STREAM","tbcmp_PD_HA_IntHigh_2080","PD","HA","IntHigh","2080",407.907725053464
"03100207_83000000_HOMOSASSA_RIVER",6120,2032651,"HOMOSASSA RIVER","03100207","83000000","STREAM","tbcmp_PD_HA_IntHigh_2080","PD","HA","IntHigh","2080",2009.11599918012
"03100207_83000000_HOMOSASSA_RIVER",6410,188930,"HOMOSASSA RIVER","03100207","83000000","STREAM","tbcmp_PD_HA_IntHigh_2080","PD","HA","IntHigh","2080",186.74247852932
"03100207_83000000_HOMOSASSA_RIVER",6420,392710,"HOMOSASSA RIVER","03100207","83000000","STREAM","tbcmp_PD_HA_IntHigh_2080","PD","HA","IntHigh","2080",388.16301669004
"03100207_83000000_HOMOSASSA_RIVER",6425,691460,"HOMOSASSA RIVER","03100207","83000000","STREAM","tbcmp_PD_HA_IntHigh_2080","PD","HA","IntHigh","2080",683.45394698504
"03100207_83000000_HOMOSASSA_RIVER",6510,670627,"HOMOSASSA RIVER","03100207","83000000","STREAM","tbcmp_PD_HA_IntHigh_2080","PD","HA","IntHigh","2080",662.862161375548
"03100207_83000000_HOMOSASSA_RIVER",6600,690627,"HOMOSASSA RIVER","03100207","83000000","STREAM","tbcmp_PD_HA_IntHigh_2080","PD","HA","IntHigh","2080",682.630591855548
"03100207_83000000_HOMOSASSA_RIVER",7100,693,"HOMOSASSA RIVER","03100207","83000000","STREAM","tbcmp_PD_HA_IntHigh_2080","PD","HA","IntHigh","2080",0.684976116132
"03100207_83000000_HOMOSASSA_RIVER",9113,3630127,"HOMOSASSA RIVER","03100207","83000000","STREAM","tbcmp_PD_HA_IntHigh_2080","PD","HA","IntHigh","2080",3588.09566165355
"03100207_90000000_CRYSTAL_RIVER",0,905,"CRYSTAL RIVER","03100207","90000000","STREAM","tbcmp_PD_HA_IntHigh_2080","PD","HA","IntHigh","2080",0.89452147922
"03100207_90000000_CRYSTAL_RIVER",1100,13602714,"CRYSTAL RIVER","03100207","90000000","STREAM","tbcmp_PD_HA_IntHigh_2080","PD","HA","IntHigh","2080",13445.2153024161
"03100207_90000000_CRYSTAL_RIVER",1200,6637992,"CRYSTAL RIVER","03100207","90000000","STREAM","tbcmp_PD_HA_IntHigh_2080","PD","HA","IntHigh","2080",6561.13416893981
"03100207_90000000_CRYSTAL_RIVER",1800,241695,"CRYSTAL RIVER","03100207","90000000","STREAM","tbcmp_PD_HA_IntHigh_2080","PD","HA","IntHigh","2080",238.89654024318
"03100207_90000000_CRYSTAL_RIVER",1820,632202,"CRYSTAL RIVER","03100207","90000000","STREAM","tbcmp_PD_HA_IntHigh_2080","PD","HA","IntHigh","2080",624.882064315848
"03100207_90000000_CRYSTAL_RIVER",1900,1914913,"CRYSTAL RIVER","03100207","90000000","STREAM","tbcmp_PD_HA_IntHigh_2080","PD","HA","IntHigh","2080",1892.74122578741
"03100207_90000000_CRYSTAL_RIVER",2100,2329610,"CRYSTAL RIVER","03100207","90000000","STREAM","tbcmp_PD_HA_IntHigh_2080","PD","HA","IntHigh","2080",2302.63666652564
"03100207_90000000_CRYSTAL_RIVER",2400,30558,"CRYSTAL RIVER","03100207","90000000","STREAM","tbcmp_PD_HA_IntHigh_2080","PD","HA","IntHigh","2080",30.204184930392
"03100207_90000000_CRYSTAL_RIVER",3200,283004,"CRYSTAL RIVER","03100207","90000000","STREAM","tbcmp_PD_HA_IntHigh_2080","PD","HA","IntHigh","2080",279.727244978096
"03100207_90000000_CRYSTAL_RIVER",4100,7426780,"CRYSTAL RIVER","03100207","90000000","STREAM","tbcmp_PD_HA_IntHigh_2080","PD","HA","IntHigh","2080",7340.78920601272
"03100207_90000000_CRYSTAL_RIVER",4400,642326,"CRYSTAL RIVER","03100207","90000000","STREAM","tbcmp_PD_HA_IntHigh_2080","PD","HA","IntHigh","2080",634.888843824824
"03100207_90000000_CRYSTAL_RIVER",5200,183891,"CRYSTAL RIVER","03100207","90000000","STREAM","tbcmp_PD_HA_IntHigh_2080","PD","HA","IntHigh","2080",181.761822469884
"03100207_90000000_CRYSTAL_RIVER",5400,1485203,"CRYSTAL RIVER","03100207","90000000","STREAM","tbcmp_PD_HA_IntHigh_2080","PD","HA","IntHigh","2080",1468.00661270937
"03100207_90000000_CRYSTAL_RIVER",6110,606102,"CRYSTAL RIVER","03100207","90000000","STREAM","tbcmp_PD_HA_IntHigh_2080","PD","HA","IntHigh","2080",599.084262539448
"03100207_90000000_CRYSTAL_RIVER",6120,2082587,"CRYSTAL RIVER","03100207","90000000","STREAM","tbcmp_PD_HA_IntHigh_2080","PD","HA","IntHigh","2080",2058.47381640259
"03100207_90000000_CRYSTAL_RIVER",6410,540631,"CRYSTAL RIVER","03100207","90000000","STREAM","tbcmp_PD_HA_IntHigh_2080","PD","HA","IntHigh","2080",534.371316941644
"03100207_90000000_CRYSTAL_RIVER",6420,775898,"CRYSTAL RIVER","03100207","90000000","STREAM","tbcmp_PD_HA_IntHigh_2080","PD","HA","IntHigh","2080",766.914283628552
"03100207_90000000_CRYSTAL_RIVER",6425,620686,"CRYSTAL RIVER","03100207","90000000","STREAM","tbcmp_PD_HA_IntHigh_2080","PD","HA","IntHigh","2080",613.499402045464
"03100207_90000000_CRYSTAL_RIVER",6510,322234,"CRYSTAL RIVER","03100207","90000000","STREAM","tbcmp_PD_HA_IntHigh_2080","PD","HA","IntHigh","2080",318.503021364616
"03100207_90000000_CRYSTAL_RIVER",6600,1149774,"CRYSTAL RIVER","03100207","90000000","STREAM","tbcmp_PD_HA_IntHigh_2080","PD","HA","IntHigh","2080",1136.46136933558
"03100207_90000000_CRYSTAL_RIVER",9113,2995542,"CRYSTAL RIVER","03100207","90000000","STREAM","tbcmp_PD_HA_IntHigh_2080","PD","HA","IntHigh","2080",2960.85818884601
"03100207_99990000_DIRECT_RUNOFF_TO_GULF",0,187,"DIRECT RUNOFF TO GULF","03100207","99990000","RUNOFF","tbcmp_PD_HA_IntHigh_2080","PD","HA","IntHigh","2080",0.184834824988
"03100207_99990000_DIRECT_RUNOFF_TO_GULF",1100,7715059,"DIRECT RUNOFF TO GULF","03100207","99990000","RUNOFF","tbcmp_PD_HA_IntHigh_2080","PD","HA","IntHigh","2080",7625.73037452992
"03100207_99990000_DIRECT_RUNOFF_TO_GULF",1200,6772430,"DIRECT RUNOFF TO GULF","03100207","99990000","RUNOFF","tbcmp_PD_HA_IntHigh_2080","PD","HA","IntHigh","2080",6694.01558178332
"03100207_99990000_DIRECT_RUNOFF_TO_GULF",1800,124749,"DIRECT RUNOFF TO GULF","03100207","99990000","RUNOFF","tbcmp_PD_HA_IntHigh_2080","PD","HA","IntHigh","2080",123.304596697476
"03100207_99990000_DIRECT_RUNOFF_TO_GULF",1820,72825,"DIRECT RUNOFF TO GULF","03100207","99990000","RUNOFF","tbcmp_PD_HA_IntHigh_2080","PD","HA","IntHigh","2080",71.9817974853
"03100207_99990000_DIRECT_RUNOFF_TO_GULF",1900,1385517,"DIRECT RUNOFF TO GULF","03100207","99990000","RUNOFF","tbcmp_PD_HA_IntHigh_2080","PD","HA","IntHigh","2080",1369.47482466791
"03100207_99990000_DIRECT_RUNOFF_TO_GULF",2100,675001,"DIRECT RUNOFF TO GULF","03100207","99990000","RUNOFF","tbcmp_PD_HA_IntHigh_2080","PD","HA","IntHigh","2080",667.185517121524
"03100207_99990000_DIRECT_RUNOFF_TO_GULF",2200,9314,"DIRECT RUNOFF TO GULF","03100207","99990000","RUNOFF","tbcmp_PD_HA_IntHigh_2080","PD","HA","IntHigh","2080",9.206158074536
"03100207_99990000_DIRECT_RUNOFF_TO_GULF",2400,76674,"DIRECT RUNOFF TO GULF","03100207","99990000","RUNOFF","tbcmp_PD_HA_IntHigh_2080","PD","HA","IntHigh","2080",75.786231931176
"03100207_99990000_DIRECT_RUNOFF_TO_GULF",3200,259819,"DIRECT RUNOFF TO GULF","03100207","99990000","RUNOFF","tbcmp_PD_HA_IntHigh_2080","PD","HA","IntHigh","2080",256.810691944156
"03100207_99990000_DIRECT_RUNOFF_TO_GULF",4100,4320783,"DIRECT RUNOFF TO GULF","03100207","99990000","RUNOFF","tbcmp_PD_HA_IntHigh_2080","PD","HA","IntHigh","2080",4270.75491773329
"03100207_99990000_DIRECT_RUNOFF_TO_GULF",4400,449421,"DIRECT RUNOFF TO GULF","03100207","99990000","RUNOFF","tbcmp_PD_HA_IntHigh_2080","PD","HA","IntHigh","2080",444.217389737604
"03100207_99990000_DIRECT_RUNOFF_TO_GULF",5200,156890,"DIRECT RUNOFF TO GULF","03100207","99990000","RUNOFF","tbcmp_PD_HA_IntHigh_2080","PD","HA","IntHigh","2080",155.07345290036
"03100207_99990000_DIRECT_RUNOFF_TO_GULF",5400,476691,"DIRECT RUNOFF TO GULF","03100207","99990000","RUNOFF","tbcmp_PD_HA_IntHigh_2080","PD","HA","IntHigh","2080",471.171644697084
"03100207_99990000_DIRECT_RUNOFF_TO_GULF",6110,606940,"DIRECT RUNOFF TO GULF","03100207","99990000","RUNOFF","tbcmp_PD_HA_IntHigh_2080","PD","HA","IntHigh","2080",599.91255977656
"03100207_99990000_DIRECT_RUNOFF_TO_GULF",6120,1570105,"DIRECT RUNOFF TO GULF","03100207","99990000","RUNOFF","tbcmp_PD_HA_IntHigh_2080","PD","HA","IntHigh","2080",1551.92557694002
"03100207_99990000_DIRECT_RUNOFF_TO_GULF",6410,483726,"DIRECT RUNOFF TO GULF","03100207","99990000","RUNOFF","tbcmp_PD_HA_IntHigh_2080","PD","HA","IntHigh","2080",478.125190118424
"03100207_99990000_DIRECT_RUNOFF_TO_GULF",6420,174535,"DIRECT RUNOFF TO GULF","03100207","99990000","RUNOFF","tbcmp_PD_HA_IntHigh_2080","PD","HA","IntHigh","2080",172.51415069134
"03100207_99990000_DIRECT_RUNOFF_TO_GULF",6600,218283,"DIRECT RUNOFF TO GULF","03100207","99990000","RUNOFF","tbcmp_PD_HA_IntHigh_2080","PD","HA","IntHigh","2080",215.755615523292
"03100207_99990000_DIRECT_RUNOFF_TO_GULF",9113,1635101,"DIRECT RUNOFF TO GULF","03100207","99990000","RUNOFF","tbcmp_PD_HA_IntHigh_2080","PD","HA","IntHigh","2080",1616.16902231392
"03100207_99999900_DIRECT_RUNOFF_TO_GULF",0,23237,"DIRECT RUNOFF TO GULF","03100207","99999900","RUNOFF","tbcmp_PD_HA_IntHigh_2080","PD","HA","IntHigh","2080",22.967950953188
"03100207_99999900_DIRECT_RUNOFF_TO_GULF",1100,18126368,"DIRECT RUNOFF TO GULF","03100207","99999900","RUNOFF","tbcmp_PD_HA_IntHigh_2080","PD","HA","IntHigh","2080",17916.4922831448
"03100207_99999900_DIRECT_RUNOFF_TO_GULF",1200,35981055,"DIRECT RUNOFF TO GULF","03100207","99999900","RUNOFF","tbcmp_PD_HA_IntHigh_2080","PD","HA","IntHigh","2080",35564.4492182278
"03100207_99999900_DIRECT_RUNOFF_TO_GULF",1800,1494782,"DIRECT RUNOFF TO GULF","03100207","99999900","RUNOFF","tbcmp_PD_HA_IntHigh_2080","PD","HA","IntHigh","2080",1477.47470248777
"03100207_99999900_DIRECT_RUNOFF_TO_GULF",1820,709090,"DIRECT RUNOFF TO GULF","03100207","99999900","RUNOFF","tbcmp_PD_HA_IntHigh_2080","PD","HA","IntHigh","2080",700.87981845316
"03100207_99999900_DIRECT_RUNOFF_TO_GULF",1900,5727170,"DIRECT RUNOFF TO GULF","03100207","99999900","RUNOFF","tbcmp_PD_HA_IntHigh_2080","PD","HA","IntHigh","2080",5660.85809960708
"03100207_99999900_DIRECT_RUNOFF_TO_GULF",2100,3560318,"DIRECT RUNOFF TO GULF","03100207","99999900","RUNOFF","tbcmp_PD_HA_IntHigh_2080","PD","HA","IntHigh","2080",3519.09494348463
"03100207_99999900_DIRECT_RUNOFF_TO_GULF",2200,2081,"DIRECT RUNOFF TO GULF","03100207","99999900","RUNOFF","tbcmp_PD_HA_IntHigh_2080","PD","HA","IntHigh","2080",2.056905191444
"03100207_99999900_DIRECT_RUNOFF_TO_GULF",2400,132661,"DIRECT RUNOFF TO GULF","03100207","99999900","RUNOFF","tbcmp_PD_HA_IntHigh_2080","PD","HA","IntHigh","2080",131.124987795364
"03100207_99999900_DIRECT_RUNOFF_TO_GULF",3200,1925361,"DIRECT RUNOFF TO GULF","03100207","99999900","RUNOFF","tbcmp_PD_HA_IntHigh_2080","PD","HA","IntHigh","2080",1903.06825387016
"03100207_99999900_DIRECT_RUNOFF_TO_GULF",4100,23558422,"DIRECT RUNOFF TO GULF","03100207","99999900","RUNOFF","tbcmp_PD_HA_IntHigh_2080","PD","HA","IntHigh","2080",23285.6513762751
"03100207_99999900_DIRECT_RUNOFF_TO_GULF",4400,3473010,"DIRECT RUNOFF TO GULF","03100207","99999900","RUNOFF","tbcmp_PD_HA_IntHigh_2080","PD","HA","IntHigh","2080",3432.79783706724
"03100207_99999900_DIRECT_RUNOFF_TO_GULF",5200,678809,"DIRECT RUNOFF TO GULF","03100207","99999900","RUNOFF","tbcmp_PD_HA_IntHigh_2080","PD","HA","IntHigh","2080",670.949426284916
"03100207_99999900_DIRECT_RUNOFF_TO_GULF",5400,18836848,"DIRECT RUNOFF TO GULF","03100207","99999900","RUNOFF","tbcmp_PD_HA_IntHigh_2080","PD","HA","IntHigh","2080",18618.7460075163
"03100207_99999900_DIRECT_RUNOFF_TO_GULF",6110,9320144,"DIRECT RUNOFF TO GULF","03100207","99999900","RUNOFF","tbcmp_PD_HA_IntHigh_2080","PD","HA","IntHigh","2080",9212.23093637945
"03100207_99999900_DIRECT_RUNOFF_TO_GULF",6120,29020173,"DIRECT RUNOFF TO GULF","03100207","99999900","RUNOFF","tbcmp_PD_HA_IntHigh_2080","PD","HA","IntHigh","2080",28684.1636234036
"03100207_99999900_DIRECT_RUNOFF_TO_GULF",6410,1688505,"DIRECT RUNOFF TO GULF","03100207","99999900","RUNOFF","tbcmp_PD_HA_IntHigh_2080","PD","HA","IntHigh","2080",1668.95468538162
"03100207_99999900_DIRECT_RUNOFF_TO_GULF",6420,3938175,"DIRECT RUNOFF TO GULF","03100207","99999900","RUNOFF","tbcmp_PD_HA_IntHigh_2080","PD","HA","IntHigh","2080",3892.5769352787
"03100207_99999900_DIRECT_RUNOFF_TO_GULF",6425,398990,"DIRECT RUNOFF TO GULF","03100207","99999900","RUNOFF","tbcmp_PD_HA_IntHigh_2080","PD","HA","IntHigh","2080",394.37030386076
"03100207_99999900_DIRECT_RUNOFF_TO_GULF",6510,268264,"DIRECT RUNOFF TO GULF","03100207","99999900","RUNOFF","tbcmp_PD_HA_IntHigh_2080","PD","HA","IntHigh","2080",265.157911714336
"03100207_99999900_DIRECT_RUNOFF_TO_GULF",6600,4975002,"DIRECT RUNOFF TO GULF","03100207","99999900","RUNOFF","tbcmp_PD_HA_IntHigh_2080","PD","HA","IntHigh","2080",4917.39905874305
"03100207_99999900_DIRECT_RUNOFF_TO_GULF",7100,4418,"DIRECT RUNOFF TO GULF","03100207","99999900","RUNOFF","tbcmp_PD_HA_IntHigh_2080","PD","HA","IntHigh","2080",4.366846293032
"03100207_99999900_DIRECT_RUNOFF_TO_GULF",9113,40881312,"DIRECT RUNOFF TO GULF","03100207","99999900","RUNOFF","tbcmp_PD_HA_IntHigh_2080","PD","HA","IntHigh","2080",40407.9687101595
"03100208_32000000_CROSS_CREEK",1900,890,"CROSS CREEK","03100208","32000000","STREAM","tbcmp_PD_HA_IntHigh_2080","PD","HA","IntHigh","2080",0.87969515636
"03100208_32000000_CROSS_CREEK",3200,4315,"CROSS CREEK","03100208","32000000","STREAM","tbcmp_PD_HA_IntHigh_2080","PD","HA","IntHigh","2080",4.26503887606
"03100208_32000000_CROSS_CREEK",4100,89438,"CROSS CREEK","03100208","32000000","STREAM","tbcmp_PD_HA_IntHigh_2080","PD","HA","IntHigh","2080",88.402444263512
"03100208_32000000_CROSS_CREEK",6110,70196,"CROSS CREEK","03100208","32000000","STREAM","tbcmp_PD_HA_IntHigh_2080","PD","HA","IntHigh","2080",69.383237298704
"03100208_32000000_CROSS_CREEK",6410,2920,"CROSS CREEK","03100208","32000000","STREAM","tbcmp_PD_HA_IntHigh_2080","PD","HA","IntHigh","2080",2.88619085008
"03100208_34900000_COLT_CREEK",2100,177489,"COLT CREEK","03100208","34900000","STREAM","tbcmp_PD_HA_IntHigh_2080","PD","HA","IntHigh","2080",175.433947873236
"03100208_34900000_COLT_CREEK",4100,27978,"COLT CREEK","03100208","34900000","STREAM","tbcmp_PD_HA_IntHigh_2080","PD","HA","IntHigh","2080",27.654057398472
"03100208_34900000_COLT_CREEK",5200,16009,"COLT CREEK","03100208","34900000","STREAM","tbcmp_PD_HA_IntHigh_2080","PD","HA","IntHigh","2080",15.823640177716
"03100208_34900000_COLT_CREEK",6110,111308,"COLT CREEK","03100208","34900000","STREAM","tbcmp_PD_HA_IntHigh_2080","PD","HA","IntHigh","2080",110.019222993392
"03100208_34900000_COLT_CREEK",6410,2569,"COLT CREEK","03100208","34900000","STREAM","tbcmp_PD_HA_IntHigh_2080","PD","HA","IntHigh","2080",2.539254895156
"03100208_34990000_GATOR_CREEK",1100,7040,"GATOR CREEK","03100208","34990000","STREAM","tbcmp_PD_HA_IntHigh_2080","PD","HA","IntHigh","2080",6.95848752896
"03100208_34990000_GATOR_CREEK",1200,59713,"GATOR CREEK","03100208","34990000","STREAM","tbcmp_PD_HA_IntHigh_2080","PD","HA","IntHigh","2080",59.021614462612
"03100208_34990000_GATOR_CREEK",1900,206374,"GATOR CREEK","03100208","34990000","STREAM","tbcmp_PD_HA_IntHigh_2080","PD","HA","IntHigh","2080",203.984503593976
"03100208_34990000_GATOR_CREEK",2100,144408,"GATOR CREEK","03100208","34990000","STREAM","tbcmp_PD_HA_IntHigh_2080","PD","HA","IntHigh","2080",142.735975437792
"03100208_34990000_GATOR_CREEK",3200,40469,"GATOR CREEK","03100208","34990000","STREAM","tbcmp_PD_HA_IntHigh_2080","PD","HA","IntHigh","2080",40.000430654756
"03100208_34990000_GATOR_CREEK",4100,512494,"GATOR CREEK","03100208","34990000","STREAM","tbcmp_PD_HA_IntHigh_2080","PD","HA","IntHigh","2080",506.560100520856
"03100208_34990000_GATOR_CREEK",4400,72761,"GATOR CREEK","03100208","34990000","STREAM","tbcmp_PD_HA_IntHigh_2080","PD","HA","IntHigh","2080",71.918538507764
"03100208_34990000_GATOR_CREEK",5200,18850,"GATOR CREEK","03100208","34990000","STREAM","tbcmp_PD_HA_IntHigh_2080","PD","HA","IntHigh","2080",18.6317457274
"03100208_34990000_GATOR_CREEK",6110,828636,"GATOR CREEK","03100208","34990000","STREAM","tbcmp_PD_HA_IntHigh_2080","PD","HA","IntHigh","2080",819.041657961264
"03100208_34990000_GATOR_CREEK",6410,91771,"GATOR CREEK","03100208","34990000","STREAM","tbcmp_PD_HA_IntHigh_2080","PD","HA","IntHigh","2080",90.708431679004
"03100208_40500000_TANK_LAKE_OUTLET",1100,2978897,"TANK LAKE OUTLET","03100208","40500000","OUTLET","tbcmp_PD_HA_IntHigh_2080","PD","HA","IntHigh","2080",2944.40591257903
"03100208_40500000_TANK_LAKE_OUTLET",1200,3191935,"TANK LAKE OUTLET","03100208","40500000","OUTLET","tbcmp_PD_HA_IntHigh_2080","PD","HA","IntHigh","2080",3154.97725720894
"03100208_40500000_TANK_LAKE_OUTLET",1800,175195,"TANK LAKE OUTLET","03100208","40500000","OUTLET","tbcmp_PD_HA_IntHigh_2080","PD","HA","IntHigh","2080",173.16650889718
"03100208_40500000_TANK_LAKE_OUTLET",1820,426756,"TANK LAKE OUTLET","03100208","40500000","OUTLET","tbcmp_PD_HA_IntHigh_2080","PD","HA","IntHigh","2080",421.814815896144
"03100208_40500000_TANK_LAKE_OUTLET",1900,1117812,"TANK LAKE OUTLET","03100208","40500000","OUTLET","tbcmp_PD_HA_IntHigh_2080","PD","HA","IntHigh","2080",1104.86944058549
"03100208_40500000_TANK_LAKE_OUTLET",2100,5244353,"TANK LAKE OUTLET","03100208","40500000","OUTLET","tbcmp_PD_HA_IntHigh_2080","PD","HA","IntHigh","2080",5183.63138465397
"03100208_40500000_TANK_LAKE_OUTLET",2200,105579,"TANK LAKE OUTLET","03100208","40500000","OUTLET","tbcmp_PD_HA_IntHigh_2080","PD","HA","IntHigh","2080",104.356556082396
"03100208_40500000_TANK_LAKE_OUTLET",2400,58361,"TANK LAKE OUTLET","03100208","40500000","OUTLET","tbcmp_PD_HA_IntHigh_2080","PD","HA","IntHigh","2080",57.685268562164
"03100208_40500000_TANK_LAKE_OUTLET",3200,2885,"TANK LAKE OUTLET","03100208","40500000","OUTLET","tbcmp_PD_HA_IntHigh_2080","PD","HA","IntHigh","2080",2.85159609674
"03100208_40500000_TANK_LAKE_OUTLET",4100,1022441,"TANK LAKE OUTLET","03100208","40500000","OUTLET","tbcmp_PD_HA_IntHigh_2080","PD","HA","IntHigh","2080",1010.60269142008
"03100208_40500000_TANK_LAKE_OUTLET",4400,467443,"TANK LAKE OUTLET","03100208","40500000","OUTLET","tbcmp_PD_HA_IntHigh_2080","PD","HA","IntHigh","2080",462.030722443132
"03100208_40500000_TANK_LAKE_OUTLET",5200,741946,"TANK LAKE OUTLET","03100208","40500000","OUTLET","tbcmp_PD_HA_IntHigh_2080","PD","HA","IntHigh","2080",733.355396045704
"03100208_40500000_TANK_LAKE_OUTLET",6110,500212,"TANK LAKE OUTLET","03100208","40500000","OUTLET","tbcmp_PD_HA_IntHigh_2080","PD","HA","IntHigh","2080",494.420307363088
"03100208_40500000_TANK_LAKE_OUTLET",6410,1530916,"TANK LAKE OUTLET","03100208","40500000","OUTLET","tbcmp_PD_HA_IntHigh_2080","PD","HA","IntHigh","2080",1513.19032583598
"03100208_40990000_DUCK_LAKE_CANAL",1100,246190,"DUCK LAKE CANAL","03100208","40990000","CANAL","tbcmp_PD_HA_IntHigh_2080","PD","HA","IntHigh","2080",243.33949499356
"03100208_40990000_DUCK_LAKE_CANAL",1200,254783,"DUCK LAKE CANAL","03100208","40990000","CANAL","tbcmp_PD_HA_IntHigh_2080","PD","HA","IntHigh","2080",251.833001149292
"03100208_40990000_DUCK_LAKE_CANAL",1800,6321,"DUCK LAKE CANAL","03100208","40990000","CANAL","tbcmp_PD_HA_IntHigh_2080","PD","HA","IntHigh","2080",6.247812453204
"03100208_40990000_DUCK_LAKE_CANAL",1900,5361,"DUCK LAKE CANAL","03100208","40990000","CANAL","tbcmp_PD_HA_IntHigh_2080","PD","HA","IntHigh","2080",5.298927790164
"03100208_40990000_DUCK_LAKE_CANAL",2100,462905,"DUCK LAKE CANAL","03100208","40990000","CANAL","tbcmp_PD_HA_IntHigh_2080","PD","HA","IntHigh","2080",457.54526556722
"03100208_40990000_DUCK_LAKE_CANAL",2400,3758,"DUCK LAKE CANAL","03100208","40990000","CANAL","tbcmp_PD_HA_IntHigh_2080","PD","HA","IntHigh","2080",3.714488087192
"03100208_40990000_DUCK_LAKE_CANAL",3200,7847,"DUCK LAKE CANAL","03100208","40990000","CANAL","tbcmp_PD_HA_IntHigh_2080","PD","HA","IntHigh","2080",7.756143698828
"03100208_40990000_DUCK_LAKE_CANAL",4100,48884,"DUCK LAKE CANAL","03100208","40990000","CANAL","tbcmp_PD_HA_IntHigh_2080","PD","HA","IntHigh","2080",48.317997779216
"03100208_40990000_DUCK_LAKE_CANAL",4400,78935,"DUCK LAKE CANAL","03100208","40990000","CANAL","tbcmp_PD_HA_IntHigh_2080","PD","HA","IntHigh","2080",78.02105299694
"03100208_40990000_DUCK_LAKE_CANAL",5200,5420,"DUCK LAKE CANAL","03100208","40990000","CANAL","tbcmp_PD_HA_IntHigh_2080","PD","HA","IntHigh","2080",5.35724466008
"03100208_40990000_DUCK_LAKE_CANAL",6110,9963,"DUCK LAKE CANAL","03100208","40990000","CANAL","tbcmp_PD_HA_IntHigh_2080","PD","HA","IntHigh","2080",9.847643643612
"03100208_40990000_DUCK_LAKE_CANAL",6410,246874,"DUCK LAKE CANAL","03100208","40990000","CANAL","tbcmp_PD_HA_IntHigh_2080","PD","HA","IntHigh","2080",244.015575315976
"03100208_45000000_DADE_CITY_CANAL",1100,940548,"DADE CITY CANAL","03100208","45000000","CANAL","tbcmp_PD_HA_IntHigh_2080","PD","HA","IntHigh","2080",929.657887555152
"03100208_45000000_DADE_CITY_CANAL",1200,2043754,"DADE CITY CANAL","03100208","45000000","CANAL","tbcmp_PD_HA_IntHigh_2080","PD","HA","IntHigh","2080",2020.0904433611
"03100208_45000000_DADE_CITY_CANAL",1800,13373,"DADE CITY CANAL","03100208","45000000","CANAL","tbcmp_PD_HA_IntHigh_2080","PD","HA","IntHigh","2080",13.218161040452
"03100208_45000000_DADE_CITY_CANAL",1820,3348,"DADE CITY CANAL","03100208","45000000","CANAL","tbcmp_PD_HA_IntHigh_2080","PD","HA","IntHigh","2080",3.309235262352
"03100208_45000000_DADE_CITY_CANAL",1900,405916,"DADE CITY CANAL","03100208","45000000","CANAL","tbcmp_PD_HA_IntHigh_2080","PD","HA","IntHigh","2080",401.216111335984
"03100208_45000000_DADE_CITY_CANAL",2100,3169724,"DADE CITY CANAL","03100208","45000000","CANAL","tbcmp_PD_HA_IntHigh_2080","PD","HA","IntHigh","2080",3133.02342673938
"03100208_45000000_DADE_CITY_CANAL",2200,64343,"DADE CITY CANAL","03100208","45000000","CANAL","tbcmp_PD_HA_IntHigh_2080","PD","HA","IntHigh","2080",63.598006118732
"03100208_45000000_DADE_CITY_CANAL",3200,9548,"DADE CITY CANAL","03100208","45000000","CANAL","tbcmp_PD_HA_IntHigh_2080","PD","HA","IntHigh","2080",9.437448711152
"03100208_45000000_DADE_CITY_CANAL",4100,807792,"DADE CITY CANAL","03100208","45000000","CANAL","tbcmp_PD_HA_IntHigh_2080","PD","HA","IntHigh","2080",798.438999715008
"03100208_45000000_DADE_CITY_CANAL",4400,355365,"DADE CITY CANAL","03100208","45000000","CANAL","tbcmp_PD_HA_IntHigh_2080","PD","HA","IntHigh","2080",351.25041487626
"03100208_45000000_DADE_CITY_CANAL",5200,250450,"DADE CITY CANAL","03100208","45000000","CANAL","tbcmp_PD_HA_IntHigh_2080","PD","HA","IntHigh","2080",247.5501706858
"03100208_45000000_DADE_CITY_CANAL",6110,394486,"DADE CITY CANAL","03100208","45000000","CANAL","tbcmp_PD_HA_IntHigh_2080","PD","HA","IntHigh","2080",389.918453316664
"03100208_45000000_DADE_CITY_CANAL",6410,996429,"DADE CITY CANAL","03100208","45000000","CANAL","tbcmp_PD_HA_IntHigh_2080","PD","HA","IntHigh","2080",984.891870737796
"03100208_46000000_OWENSBORO_SWAMP_OUTLET",1100,2256012,"OWENSBORO SWAMP OUTLET","03100208","46000000","SLOUGH","tbcmp_PD_HA_IntHigh_2080","PD","HA","IntHigh","2080",2229.89081920229
"03100208_46000000_OWENSBORO_SWAMP_OUTLET",1200,589079,"OWENSBORO SWAMP OUTLET","03100208","46000000","SLOUGH","tbcmp_PD_HA_IntHigh_2080","PD","HA","IntHigh","2080",582.258362936396
"03100208_46000000_OWENSBORO_SWAMP_OUTLET",1820,2038,"OWENSBORO SWAMP OUTLET","03100208","46000000","SLOUGH","tbcmp_PD_HA_IntHigh_2080","PD","HA","IntHigh","2080",2.014403065912
"03100208_46000000_OWENSBORO_SWAMP_OUTLET",1900,282188,"OWENSBORO SWAMP OUTLET","03100208","46000000","SLOUGH","tbcmp_PD_HA_IntHigh_2080","PD","HA","IntHigh","2080",278.920693014512
"03100208_46000000_OWENSBORO_SWAMP_OUTLET",2100,3300631,"OWENSBORO SWAMP OUTLET","03100208","46000000","SLOUGH","tbcmp_PD_HA_IntHigh_2080","PD","HA","IntHigh","2080",3262.41472318164
"03100208_46000000_OWENSBORO_SWAMP_OUTLET",2200,152218,"OWENSBORO SWAMP OUTLET","03100208","46000000","SLOUGH","tbcmp_PD_HA_IntHigh_2080","PD","HA","IntHigh","2080",150.455547540232
"03100208_46000000_OWENSBORO_SWAMP_OUTLET",2400,38251,"OWENSBORO SWAMP OUTLET","03100208","46000000","SLOUGH","tbcmp_PD_HA_IntHigh_2080","PD","HA","IntHigh","2080",37.808111714524
"03100208_46000000_OWENSBORO_SWAMP_OUTLET",4100,705582,"OWENSBORO SWAMP OUTLET","03100208","46000000","SLOUGH","tbcmp_PD_HA_IntHigh_2080","PD","HA","IntHigh","2080",697.412435746968
"03100208_46000000_OWENSBORO_SWAMP_OUTLET",4400,843526,"OWENSBORO SWAMP OUTLET","03100208","46000000","SLOUGH","tbcmp_PD_HA_IntHigh_2080","PD","HA","IntHigh","2080",833.759254453624
"03100208_46000000_OWENSBORO_SWAMP_OUTLET",5200,212499,"OWENSBORO SWAMP OUTLET","03100208","46000000","SLOUGH","tbcmp_PD_HA_IntHigh_2080","PD","HA","IntHigh","2080",210.038585428476
"03100208_46000000_OWENSBORO_SWAMP_OUTLET",6110,466993,"OWENSBORO SWAMP OUTLET","03100208","46000000","SLOUGH","tbcmp_PD_HA_IntHigh_2080","PD","HA","IntHigh","2080",461.585932757332
"03100208_46000000_OWENSBORO_SWAMP_OUTLET",6410,287850,"OWENSBORO SWAMP OUTLET","03100208","46000000","SLOUGH","tbcmp_PD_HA_IntHigh_2080","PD","HA","IntHigh","2080",284.5171356834
"03100208_46000000_OWENSBORO_SWAMP_OUTLET",6420,828,"OWENSBORO SWAMP OUTLET","03100208","46000000","SLOUGH","tbcmp_PD_HA_IntHigh_2080","PD","HA","IntHigh","2080",0.818413021872
"03100208_49800000_GATOR_HOLE_SLOUGH",1100,5492,"GATOR HOLE SLOUGH","03100208","49800000","SLOUGH","tbcmp_PD_HA_IntHigh_2080","PD","HA","IntHigh","2080",5.428411009808
"03100208_49800000_GATOR_HOLE_SLOUGH",1200,450,"GATOR HOLE SLOUGH","03100208","49800000","SLOUGH","tbcmp_PD_HA_IntHigh_2080","PD","HA","IntHigh","2080",0.4447896858
"03100208_49800000_GATOR_HOLE_SLOUGH",1900,39390,"GATOR HOLE SLOUGH","03100208","49800000","SLOUGH","tbcmp_PD_HA_IntHigh_2080","PD","HA","IntHigh","2080",38.93392383036
"03100208_49800000_GATOR_HOLE_SLOUGH",2100,151160,"GATOR HOLE SLOUGH","03100208","49800000","SLOUGH","tbcmp_PD_HA_IntHigh_2080","PD","HA","IntHigh","2080",149.40979756784
"03100208_49800000_GATOR_HOLE_SLOUGH",3200,193662,"GATOR HOLE SLOUGH","03100208","49800000","SLOUGH","tbcmp_PD_HA_IntHigh_2080","PD","HA","IntHigh","2080",191.419689180888
"03100208_49800000_GATOR_HOLE_SLOUGH",4100,1855664,"GATOR HOLE SLOUGH","03100208","49800000","SLOUGH","tbcmp_PD_HA_IntHigh_2080","PD","HA","IntHigh","2080",1834.17823891194
"03100208_49800000_GATOR_HOLE_SLOUGH",4400,211141,"GATOR HOLE SLOUGH","03100208","49800000","SLOUGH","tbcmp_PD_HA_IntHigh_2080","PD","HA","IntHigh","2080",208.696308998884
"03100208_49800000_GATOR_HOLE_SLOUGH",5200,6459,"GATOR HOLE SLOUGH","03100208","49800000","SLOUGH","tbcmp_PD_HA_IntHigh_2080","PD","HA","IntHigh","2080",6.384214623516
"03100208_49800000_GATOR_HOLE_SLOUGH",6110,2055900,"GATOR HOLE SLOUGH","03100208","49800000","SLOUGH","tbcmp_PD_HA_IntHigh_2080","PD","HA","IntHigh","2080",2032.0958111916
"03100208_49800000_GATOR_HOLE_SLOUGH",6410,97665,"GATOR HOLE SLOUGH","03100208","49800000","SLOUGH","tbcmp_PD_HA_IntHigh_2080","PD","HA","IntHigh","2080",96.53418814146
"03100208_49990000_DEVILS_CREEK",1100,23917,"DEVILS CREEK","03100208","49990000","STREAM","tbcmp_PD_HA_IntHigh_2080","PD","HA","IntHigh","2080",23.640077589508
"03100208_49990000_DEVILS_CREEK",1900,324753,"DEVILS CREEK","03100208","49990000","STREAM","tbcmp_PD_HA_IntHigh_2080","PD","HA","IntHigh","2080",320.992855183572
"03100208_49990000_DEVILS_CREEK",2100,306421,"DEVILS CREEK","03100208","49990000","STREAM","tbcmp_PD_HA_IntHigh_2080","PD","HA","IntHigh","2080",302.873111805604
"03100208_49990000_DEVILS_CREEK",3200,1094702,"DEVILS CREEK","03100208","49990000","STREAM","tbcmp_PD_HA_IntHigh_2080","PD","HA","IntHigh","2080",1082.02701916585
"03100208_49990000_DEVILS_CREEK",4100,8137140,"DEVILS CREEK","03100208","49990000","STREAM","tbcmp_PD_HA_IntHigh_2080","PD","HA","IntHigh","2080",8042.92431980136
"03100208_49990000_DEVILS_CREEK",4400,1603112,"DEVILS CREEK","03100208","49990000","STREAM","tbcmp_PD_HA_IntHigh_2080","PD","HA","IntHigh","2080",1584.55040618269
"03100208_49990000_DEVILS_CREEK",5200,21028,"DEVILS CREEK","03100208","49990000","STREAM","tbcmp_PD_HA_IntHigh_2080","PD","HA","IntHigh","2080",20.784527806672
"03100208_49990000_DEVILS_CREEK",6110,7379116,"DEVILS CREEK","03100208","49990000","STREAM","tbcmp_PD_HA_IntHigh_2080","PD","HA","IntHigh","2080",7293.67708249278
"03100208_49990000_DEVILS_CREEK",6410,1697192,"DEVILS CREEK","03100208","49990000","STREAM","tbcmp_PD_HA_IntHigh_2080","PD","HA","IntHigh","2080",1677.54110316061
"03100208_53000000_LAKE_ELIZABETH_OUTLET",1100,308561,"LAKE ELIZABETH OUTLET","03100208","53000000","SLOUGH","tbcmp_PD_HA_IntHigh_2080","PD","HA","IntHigh","2080",304.988333866964
"03100208_53000000_LAKE_ELIZABETH_OUTLET",1200,348488,"LAKE ELIZABETH OUTLET","03100208","53000000","SLOUGH","tbcmp_PD_HA_IntHigh_2080","PD","HA","IntHigh","2080",344.453040055712
"03100208_53000000_LAKE_ELIZABETH_OUTLET",1800,52,"LAKE ELIZABETH OUTLET","03100208","53000000","SLOUGH","tbcmp_PD_HA_IntHigh_2080","PD","HA","IntHigh","2080",0.051397919248
"03100208_53000000_LAKE_ELIZABETH_OUTLET",1820,892,"LAKE ELIZABETH OUTLET","03100208","53000000","SLOUGH","tbcmp_PD_HA_IntHigh_2080","PD","HA","IntHigh","2080",0.881671999408
"03100208_53000000_LAKE_ELIZABETH_OUTLET",1900,74414,"LAKE ELIZABETH OUTLET","03100208","53000000","SLOUGH","tbcmp_PD_HA_IntHigh_2080","PD","HA","IntHigh","2080",73.552399286936
"03100208_53000000_LAKE_ELIZABETH_OUTLET",2100,319104,"LAKE ELIZABETH OUTLET","03100208","53000000","SLOUGH","tbcmp_PD_HA_IntHigh_2080","PD","HA","IntHigh","2080",315.409261994496
"03100208_53000000_LAKE_ELIZABETH_OUTLET",2400,15723,"LAKE ELIZABETH OUTLET","03100208","53000000","SLOUGH","tbcmp_PD_HA_IntHigh_2080","PD","HA","IntHigh","2080",15.540951621852
"03100208_53000000_LAKE_ELIZABETH_OUTLET",4100,461166,"LAKE ELIZABETH OUTLET","03100208","53000000","SLOUGH","tbcmp_PD_HA_IntHigh_2080","PD","HA","IntHigh","2080",455.826400536984
"03100208_53000000_LAKE_ELIZABETH_OUTLET",5200,36015,"LAKE ELIZABETH OUTLET","03100208","53000000","SLOUGH","tbcmp_PD_HA_IntHigh_2080","PD","HA","IntHigh","2080",35.59800118686
"03100208_53000000_LAKE_ELIZABETH_OUTLET",6110,25790,"LAKE ELIZABETH OUTLET","03100208","53000000","SLOUGH","tbcmp_PD_HA_IntHigh_2080","PD","HA","IntHigh","2080",25.49139110396
"03100208_53000000_LAKE_ELIZABETH_OUTLET",6410,155779,"LAKE ELIZABETH OUTLET","03100208","53000000","SLOUGH","tbcmp_PD_HA_IntHigh_2080","PD","HA","IntHigh","2080",153.975316587196
"03100208_56000000_LONG_LAKE_OUTLET",1100,728406,"LONG LAKE OUTLET","03100208","56000000","OUTLET","tbcmp_PD_HA_IntHigh_2080","PD","HA","IntHigh","2080",719.972168610744
"03100208_56000000_LONG_LAKE_OUTLET",1200,786615,"LONG LAKE OUTLET","03100208","56000000","OUTLET","tbcmp_PD_HA_IntHigh_2080","PD","HA","IntHigh","2080",777.50719710126
"03100208_56000000_LONG_LAKE_OUTLET",1800,13150,"LONG LAKE OUTLET","03100208","56000000","OUTLET","tbcmp_PD_HA_IntHigh_2080","PD","HA","IntHigh","2080",12.9977430406
"03100208_56000000_LONG_LAKE_OUTLET",1820,100792,"LONG LAKE OUTLET","03100208","56000000","OUTLET","tbcmp_PD_HA_IntHigh_2080","PD","HA","IntHigh","2080",99.624982247008
"03100208_56000000_LONG_LAKE_OUTLET",1900,940571,"LONG LAKE OUTLET","03100208","56000000","OUTLET","tbcmp_PD_HA_IntHigh_2080","PD","HA","IntHigh","2080",929.680621250204
"03100208_56000000_LONG_LAKE_OUTLET",2100,351553,"LONG LAKE OUTLET","03100208","56000000","OUTLET","tbcmp_PD_HA_IntHigh_2080","PD","HA","IntHigh","2080",347.482552026772
"03100208_56000000_LONG_LAKE_OUTLET",4100,360373,"LONG LAKE OUTLET","03100208","56000000","OUTLET","tbcmp_PD_HA_IntHigh_2080","PD","HA","IntHigh","2080",356.200429868452
"03100208_56000000_LONG_LAKE_OUTLET",4400,220152,"LONG LAKE OUTLET","03100208","56000000","OUTLET","tbcmp_PD_HA_IntHigh_2080","PD","HA","IntHigh","2080",217.602975351648
"03100208_56000000_LONG_LAKE_OUTLET",5200,20152,"LONG LAKE OUTLET","03100208","56000000","OUTLET","tbcmp_PD_HA_IntHigh_2080","PD","HA","IntHigh","2080",19.918670551648
"03100208_56000000_LONG_LAKE_OUTLET",6110,134178,"LONG LAKE OUTLET","03100208","56000000","OUTLET","tbcmp_PD_HA_IntHigh_2080","PD","HA","IntHigh","2080",132.624423247272
"03100208_56000000_LONG_LAKE_OUTLET",6410,403736,"LONG LAKE OUTLET","03100208","56000000","OUTLET","tbcmp_PD_HA_IntHigh_2080","PD","HA","IntHigh","2080",399.061352413664
"03100208_57000000_SPRING_HAMMOCK_RUN",1100,242290,"SPRING HAMMOCK RUN","03100208","57000000","SLOUGH","tbcmp_PD_HA_IntHigh_2080","PD","HA","IntHigh","2080",239.48465104996
"03100208_57000000_SPRING_HAMMOCK_RUN",1900,1069992,"SPRING HAMMOCK RUN","03100208","57000000","SLOUGH","tbcmp_PD_HA_IntHigh_2080","PD","HA","IntHigh","2080",1057.60312330781
"03100208_57000000_SPRING_HAMMOCK_RUN",2100,124649,"SPRING HAMMOCK RUN","03100208","57000000","SLOUGH","tbcmp_PD_HA_IntHigh_2080","PD","HA","IntHigh","2080",123.205754545076
"03100208_57000000_SPRING_HAMMOCK_RUN",3200,2398,"SPRING HAMMOCK RUN","03100208","57000000","SLOUGH","tbcmp_PD_HA_IntHigh_2080","PD","HA","IntHigh","2080",2.370234814552
"03100208_57000000_SPRING_HAMMOCK_RUN",4100,510155,"SPRING HAMMOCK RUN","03100208","57000000","SLOUGH","tbcmp_PD_HA_IntHigh_2080","PD","HA","IntHigh","2080",504.24818257622
"03100208_57000000_SPRING_HAMMOCK_RUN",4400,263874,"SPRING HAMMOCK RUN","03100208","57000000","SLOUGH","tbcmp_PD_HA_IntHigh_2080","PD","HA","IntHigh","2080",260.818741223976
"03100208_57000000_SPRING_HAMMOCK_RUN",5200,40273,"SPRING HAMMOCK RUN","03100208","57000000","SLOUGH","tbcmp_PD_HA_IntHigh_2080","PD","HA","IntHigh","2080",39.806700036052
"03100208_57000000_SPRING_HAMMOCK_RUN",6110,126965,"SPRING HAMMOCK RUN","03100208","57000000","SLOUGH","tbcmp_PD_HA_IntHigh_2080","PD","HA","IntHigh","2080",125.49493879466
"03100208_57000000_SPRING_HAMMOCK_RUN",6410,349278,"SPRING HAMMOCK RUN","03100208","57000000","SLOUGH","tbcmp_PD_HA_IntHigh_2080","PD","HA","IntHigh","2080",345.233893059672
"03100208_57000000_SPRING_HAMMOCK_RUN",7100,5642,"SPRING HAMMOCK RUN","03100208","57000000","SLOUGH","tbcmp_PD_HA_IntHigh_2080","PD","HA","IntHigh","2080",5.576674238408
"03100208_58000000_ROCK_POND_OUTLET",1100,333387,"ROCK POND OUTLET","03100208","58000000","DRAIN","tbcmp_PD_HA_IntHigh_2080","PD","HA","IntHigh","2080",329.526886621788
"03100208_58000000_ROCK_POND_OUTLET",1200,149595,"ROCK POND OUTLET","03100208","58000000","DRAIN","tbcmp_PD_HA_IntHigh_2080","PD","HA","IntHigh","2080",147.86291788278
"03100208_58000000_ROCK_POND_OUTLET",1800,46555,"ROCK POND OUTLET","03100208","58000000","DRAIN","tbcmp_PD_HA_IntHigh_2080","PD","HA","IntHigh","2080",46.01596404982
"03100208_58000000_ROCK_POND_OUTLET",1820,3389,"ROCK POND OUTLET","03100208","58000000","DRAIN","tbcmp_PD_HA_IntHigh_2080","PD","HA","IntHigh","2080",3.349760544836
"03100208_58000000_ROCK_POND_OUTLET",1900,247903,"ROCK POND OUTLET","03100208","58000000","DRAIN","tbcmp_PD_HA_IntHigh_2080","PD","HA","IntHigh","2080",245.032661064172
"03100208_58000000_ROCK_POND_OUTLET",2100,567613,"ROCK POND OUTLET","03100208","58000000","DRAIN","tbcmp_PD_HA_IntHigh_2080","PD","HA","IntHigh","2080",561.040906502212
"03100208_58000000_ROCK_POND_OUTLET",2200,18428,"ROCK POND OUTLET","03100208","58000000","DRAIN","tbcmp_PD_HA_IntHigh_2080","PD","HA","IntHigh","2080",18.214631844272
"03100208_58000000_ROCK_POND_OUTLET",4100,3643135,"ROCK POND OUTLET","03100208","58000000","DRAIN","tbcmp_PD_HA_IntHigh_2080","PD","HA","IntHigh","2080",3600.95304883774
"03100208_58000000_ROCK_POND_OUTLET",4400,535348,"ROCK POND OUTLET","03100208","58000000","DRAIN","tbcmp_PD_HA_IntHigh_2080","PD","HA","IntHigh","2080",529.149486030352
"03100208_58000000_ROCK_POND_OUTLET",5200,11384,"ROCK POND OUTLET","03100208","58000000","DRAIN","tbcmp_PD_HA_IntHigh_2080","PD","HA","IntHigh","2080",11.252190629216
"03100208_58000000_ROCK_POND_OUTLET",6110,6872,"ROCK POND OUTLET","03100208","58000000","DRAIN","tbcmp_PD_HA_IntHigh_2080","PD","HA","IntHigh","2080",6.792432712928
"03100208_58000000_ROCK_POND_OUTLET",6410,243426,"ROCK POND OUTLET","03100208","58000000","DRAIN","tbcmp_PD_HA_IntHigh_2080","PD","HA","IntHigh","2080",240.607497901224
"03100208_60600000_GIDDON_LAKE_OUTLET",1100,134391,"GIDDON LAKE OUTLET","03100208","60600000","STREAM","tbcmp_PD_HA_IntHigh_2080","PD","HA","IntHigh","2080",132.834957031884
"03100208_60600000_GIDDON_LAKE_OUTLET",1200,3195,"GIDDON LAKE OUTLET","03100208","60600000","STREAM","tbcmp_PD_HA_IntHigh_2080","PD","HA","IntHigh","2080",3.15800676918
"03100208_60600000_GIDDON_LAKE_OUTLET",1900,41626,"GIDDON LAKE OUTLET","03100208","60600000","STREAM","tbcmp_PD_HA_IntHigh_2080","PD","HA","IntHigh","2080",41.144034358024
"03100208_60600000_GIDDON_LAKE_OUTLET",2100,181636,"GIDDON LAKE OUTLET","03100208","60600000","STREAM","tbcmp_PD_HA_IntHigh_2080","PD","HA","IntHigh","2080",179.532931933264
"03100208_60600000_GIDDON_LAKE_OUTLET",4100,507204,"GIDDON LAKE OUTLET","03100208","60600000","STREAM","tbcmp_PD_HA_IntHigh_2080","PD","HA","IntHigh","2080",501.331350658896
"03100208_60600000_GIDDON_LAKE_OUTLET",4400,197185,"GIDDON LAKE OUTLET","03100208","60600000","STREAM","tbcmp_PD_HA_IntHigh_2080","PD","HA","IntHigh","2080",194.90189820994
"03100208_60600000_GIDDON_LAKE_OUTLET",5200,1226,"GIDDON LAKE OUTLET","03100208","60600000","STREAM","tbcmp_PD_HA_IntHigh_2080","PD","HA","IntHigh","2080",1.211804788424
"03100208_60600000_GIDDON_LAKE_OUTLET",6110,451400,"GIDDON LAKE OUTLET","03100208","60600000","STREAM","tbcmp_PD_HA_IntHigh_2080","PD","HA","IntHigh","2080",446.1734759336
"03100208_60600000_GIDDON_LAKE_OUTLET",6410,79967,"GIDDON LAKE OUTLET","03100208","60600000","STREAM","tbcmp_PD_HA_IntHigh_2080","PD","HA","IntHigh","2080",79.041104009708
"03100208_60800000_BIG_GANT_CANAL",1100,1441837,"BIG GANT CANAL","03100208","60800000","CANAL","tbcmp_PD_HA_IntHigh_2080","PD","HA","IntHigh","2080",1425.14272489959
"03100208_60800000_BIG_GANT_CANAL",1200,540696,"BIG GANT CANAL","03100208","60800000","CANAL","tbcmp_PD_HA_IntHigh_2080","PD","HA","IntHigh","2080",534.435564340704
"03100208_60800000_BIG_GANT_CANAL",1800,456,"BIG GANT CANAL","03100208","60800000","CANAL","tbcmp_PD_HA_IntHigh_2080","PD","HA","IntHigh","2080",0.450720214944
"03100208_60800000_BIG_GANT_CANAL",1900,196088,"BIG GANT CANAL","03100208","60800000","CANAL","tbcmp_PD_HA_IntHigh_2080","PD","HA","IntHigh","2080",193.817599798112
"03100208_60800000_BIG_GANT_CANAL",2100,7242621,"BIG GANT CANAL","03100208","60800000","CANAL","tbcmp_PD_HA_IntHigh_2080","PD","HA","IntHigh","2080",7158.7624865744
"03100208_60800000_BIG_GANT_CANAL",2400,144147,"BIG GANT CANAL","03100208","60800000","CANAL","tbcmp_PD_HA_IntHigh_2080","PD","HA","IntHigh","2080",142.477997420028
"03100208_60800000_BIG_GANT_CANAL",4100,1239787,"BIG GANT CANAL","03100208","60800000","CANAL","tbcmp_PD_HA_IntHigh_2080","PD","HA","IntHigh","2080",1225.43215597539
"03100208_60800000_BIG_GANT_CANAL",4400,35240,"BIG GANT CANAL","03100208","60800000","CANAL","tbcmp_PD_HA_IntHigh_2080","PD","HA","IntHigh","2080",34.83197450576
"03100208_60800000_BIG_GANT_CANAL",5200,157677,"BIG GANT CANAL","03100208","60800000","CANAL","tbcmp_PD_HA_IntHigh_2080","PD","HA","IntHigh","2080",155.851340639748
"03100208_60800000_BIG_GANT_CANAL",6110,1007778,"BIG GANT CANAL","03100208","60800000","CANAL","tbcmp_PD_HA_IntHigh_2080","PD","HA","IntHigh","2080",996.109466613672
"03100208_60800000_BIG_GANT_CANAL",6410,1178619,"BIG GANT CANAL","03100208","60800000","CANAL","tbcmp_PD_HA_IntHigh_2080","PD","HA","IntHigh","2080",1164.97238819536
"03100208_60950000_WILD_COW_PRAIRIE_DRAIN",1100,495353,"WILD COW PRAIRIE DRAIN","03100208","60950000","DRAIN","tbcmp_PD_HA_IntHigh_2080","PD","HA","IntHigh","2080",489.617567177972
"03100208_60950000_WILD_COW_PRAIRIE_DRAIN",1200,109720,"WILD COW PRAIRIE DRAIN","03100208","60950000","DRAIN","tbcmp_PD_HA_IntHigh_2080","PD","HA","IntHigh","2080",108.44960961328
"03100208_60950000_WILD_COW_PRAIRIE_DRAIN",1900,62891,"WILD COW PRAIRIE DRAIN","03100208","60950000","DRAIN","tbcmp_PD_HA_IntHigh_2080","PD","HA","IntHigh","2080",62.162818065884
"03100208_60950000_WILD_COW_PRAIRIE_DRAIN",2100,5872,"WILD COW PRAIRIE DRAIN","03100208","60950000","DRAIN","tbcmp_PD_HA_IntHigh_2080","PD","HA","IntHigh","2080",5.804011188928
"03100208_60950000_WILD_COW_PRAIRIE_DRAIN",3200,75483,"WILD COW PRAIRIE DRAIN","03100208","60950000","DRAIN","tbcmp_PD_HA_IntHigh_2080","PD","HA","IntHigh","2080",74.609021896092
"03100208_60950000_WILD_COW_PRAIRIE_DRAIN",4100,723597,"WILD COW PRAIRIE DRAIN","03100208","60950000","DRAIN","tbcmp_PD_HA_IntHigh_2080","PD","HA","IntHigh","2080",715.218849501828
"03100208_60950000_WILD_COW_PRAIRIE_DRAIN",5200,575,"WILD COW PRAIRIE DRAIN","03100208","60950000","DRAIN","tbcmp_PD_HA_IntHigh_2080","PD","HA","IntHigh","2080",0.5683423763
"03100208_60950000_WILD_COW_PRAIRIE_DRAIN",6110,2867,"WILD COW PRAIRIE DRAIN","03100208","60950000","DRAIN","tbcmp_PD_HA_IntHigh_2080","PD","HA","IntHigh","2080",2.833804509308
"03100208_60950000_WILD_COW_PRAIRIE_DRAIN",6410,266697,"WILD COW PRAIRIE DRAIN","03100208","60950000","DRAIN","tbcmp_PD_HA_IntHigh_2080","PD","HA","IntHigh","2080",263.609055186228
"03100208_60990000_LITTLE_WITHLACOOCHEE",1100,1342585,"LITTLE WITHLACOOCHEE","03100208","60990000","STREAM","tbcmp_PD_HA_IntHigh_2080","PD","HA","IntHigh","2080",1327.03991179954
"03100208_60990000_LITTLE_WITHLACOOCHEE",1200,491618,"LITTLE WITHLACOOCHEE","03100208","60990000","STREAM","tbcmp_PD_HA_IntHigh_2080","PD","HA","IntHigh","2080",485.925812785832
"03100208_60990000_LITTLE_WITHLACOOCHEE",1800,15123,"LITTLE WITHLACOOCHEE","03100208","60990000","STREAM","tbcmp_PD_HA_IntHigh_2080","PD","HA","IntHigh","2080",14.947898707452
"03100208_60990000_LITTLE_WITHLACOOCHEE",1900,482316,"LITTLE WITHLACOOCHEE","03100208","60990000","STREAM","tbcmp_PD_HA_IntHigh_2080","PD","HA","IntHigh","2080",476.731515769584
"03100208_60990000_LITTLE_WITHLACOOCHEE",2100,2072821,"LITTLE WITHLACOOCHEE","03100208","60990000","STREAM","tbcmp_PD_HA_IntHigh_2080","PD","HA","IntHigh","2080",2048.8208917992
"03100208_60990000_LITTLE_WITHLACOOCHEE",2400,20441,"LITTLE WITHLACOOCHEE","03100208","60990000","STREAM","tbcmp_PD_HA_IntHigh_2080","PD","HA","IntHigh","2080",20.204324372084
"03100208_60990000_LITTLE_WITHLACOOCHEE",3200,447003,"LITTLE WITHLACOOCHEE","03100208","60990000","STREAM","tbcmp_PD_HA_IntHigh_2080","PD","HA","IntHigh","2080",441.827386492572
"03100208_60990000_LITTLE_WITHLACOOCHEE",4100,6110969,"LITTLE WITHLACOOCHEE","03100208","60990000","STREAM","tbcmp_PD_HA_IntHigh_2080","PD","HA","IntHigh","2080",6040.21329209676
"03100208_60990000_LITTLE_WITHLACOOCHEE",4400,2955803,"LITTLE WITHLACOOCHEE","03100208","60990000","STREAM","tbcmp_PD_HA_IntHigh_2080","PD","HA","IntHigh","2080",2921.57930590377
"03100208_60990000_LITTLE_WITHLACOOCHEE",5200,31969,"LITTLE WITHLACOOCHEE","03100208","60990000","STREAM","tbcmp_PD_HA_IntHigh_2080","PD","HA","IntHigh","2080",31.598847700756
"03100208_60990000_LITTLE_WITHLACOOCHEE",6110,8252654,"LITTLE WITHLACOOCHEE","03100208","60990000","STREAM","tbcmp_PD_HA_IntHigh_2080","PD","HA","IntHigh","2080",8157.10084372469
"03100208_60990000_LITTLE_WITHLACOOCHEE",6410,1319307,"LITTLE WITHLACOOCHEE","03100208","60990000","STREAM","tbcmp_PD_HA_IntHigh_2080","PD","HA","IntHigh","2080",1304.03143556387
"03100208_60990000_LITTLE_WITHLACOOCHEE",7100,2186,"LITTLE WITHLACOOCHEE","03100208","60990000","STREAM","tbcmp_PD_HA_IntHigh_2080","PD","HA","IntHigh","2080",2.160689451464
"03100208_64990000_MCKITHEN_LAKE_OUTLET",1100,2416537,"MCKITHEN LAKE OUTLET","03100208","64990000","OUTLET","tbcmp_PD_HA_IntHigh_2080","PD","HA","IntHigh","2080",2388.55718434239
"03100208_64990000_MCKITHEN_LAKE_OUTLET",1200,56076,"MCKITHEN LAKE OUTLET","03100208","64990000","OUTLET","tbcmp_PD_HA_IntHigh_2080","PD","HA","IntHigh","2080",55.426725379824
"03100208_64990000_MCKITHEN_LAKE_OUTLET",1900,299588,"MCKITHEN LAKE OUTLET","03100208","64990000","OUTLET","tbcmp_PD_HA_IntHigh_2080","PD","HA","IntHigh","2080",296.119227532112
"03100208_64990000_MCKITHEN_LAKE_OUTLET",2100,1607877,"MCKITHEN LAKE OUTLET","03100208","64990000","OUTLET","tbcmp_PD_HA_IntHigh_2080","PD","HA","IntHigh","2080",1589.26023474455
"03100208_64990000_MCKITHEN_LAKE_OUTLET",2400,116048,"MCKITHEN LAKE OUTLET","03100208","64990000","OUTLET","tbcmp_PD_HA_IntHigh_2080","PD","HA","IntHigh","2080",114.704341017152
"03100208_64990000_MCKITHEN_LAKE_OUTLET",3200,11125,"MCKITHEN LAKE OUTLET","03100208","64990000","OUTLET","tbcmp_PD_HA_IntHigh_2080","PD","HA","IntHigh","2080",10.9961894545
"03100208_64990000_MCKITHEN_LAKE_OUTLET",4100,3736836,"MCKITHEN LAKE OUTLET","03100208","64990000","OUTLET","tbcmp_PD_HA_IntHigh_2080","PD","HA","IntHigh","2080",3693.56913405806
"03100208_64990000_MCKITHEN_LAKE_OUTLET",4400,255964,"MCKITHEN LAKE OUTLET","03100208","64990000","OUTLET","tbcmp_PD_HA_IntHigh_2080","PD","HA","IntHigh","2080",253.000326969136
"03100208_64990000_MCKITHEN_LAKE_OUTLET",5200,28175,"MCKITHEN LAKE OUTLET","03100208","64990000","OUTLET","tbcmp_PD_HA_IntHigh_2080","PD","HA","IntHigh","2080",27.8487764387
"03100208_64990000_MCKITHEN_LAKE_OUTLET",6110,72175,"MCKITHEN LAKE OUTLET","03100208","64990000","OUTLET","tbcmp_PD_HA_IntHigh_2080","PD","HA","IntHigh","2080",71.3393234947
"03100208_64990000_MCKITHEN_LAKE_OUTLET",6410,121315,"MCKITHEN LAKE OUTLET","03100208","64990000","OUTLET","tbcmp_PD_HA_IntHigh_2080","PD","HA","IntHigh","2080",119.91035718406
"03100208_67200000_AKINS_POND_OUTLET",1100,541419,"AKINS POND OUTLET","03100208","67200000","OUTLET","tbcmp_PD_HA_IntHigh_2080","PD","HA","IntHigh","2080",535.150193102556
"03100208_67200000_AKINS_POND_OUTLET",1200,14702,"AKINS POND OUTLET","03100208","67200000","OUTLET","tbcmp_PD_HA_IntHigh_2080","PD","HA","IntHigh","2080",14.531773245848
"03100208_67200000_AKINS_POND_OUTLET",1900,22457,"AKINS POND OUTLET","03100208","67200000","OUTLET","tbcmp_PD_HA_IntHigh_2080","PD","HA","IntHigh","2080",22.196982164468
"03100208_67200000_AKINS_POND_OUTLET",2100,1760256,"AKINS POND OUTLET","03100208","67200000","OUTLET","tbcmp_PD_HA_IntHigh_2080","PD","HA","IntHigh","2080",1739.87491815014
"03100208_67200000_AKINS_POND_OUTLET",2400,24329,"AKINS POND OUTLET","03100208","67200000","OUTLET","tbcmp_PD_HA_IntHigh_2080","PD","HA","IntHigh","2080",24.047307257396
"03100208_67200000_AKINS_POND_OUTLET",4100,576639,"AKINS POND OUTLET","03100208","67200000","OUTLET","tbcmp_PD_HA_IntHigh_2080","PD","HA","IntHigh","2080",569.962399177836
"03100208_67200000_AKINS_POND_OUTLET",4400,67242,"AKINS POND OUTLET","03100208","67200000","OUTLET","tbcmp_PD_HA_IntHigh_2080","PD","HA","IntHigh","2080",66.463440116808
"03100208_67200000_AKINS_POND_OUTLET",5200,34933,"AKINS POND OUTLET","03100208","67200000","OUTLET","tbcmp_PD_HA_IntHigh_2080","PD","HA","IntHigh","2080",34.528529097892
"03100208_67200000_AKINS_POND_OUTLET",6110,23304,"AKINS POND OUTLET","03100208","67200000","OUTLET","tbcmp_PD_HA_IntHigh_2080","PD","HA","IntHigh","2080",23.034175195296
"03100208_67200000_AKINS_POND_OUTLET",6410,298431,"AKINS POND OUTLET","03100208","67200000","OUTLET","tbcmp_PD_HA_IntHigh_2080","PD","HA","IntHigh","2080",294.975623828844
"03100208_67700000_GATOR_HEAD_SLOUGH",1100,238808,"GATOR HEAD SLOUGH","03100208","67700000","SLOUGH","tbcmp_PD_HA_IntHigh_2080","PD","HA","IntHigh","2080",236.042967303392
"03100208_67700000_GATOR_HEAD_SLOUGH",1200,7902,"GATOR HEAD SLOUGH","03100208","67700000","SLOUGH","tbcmp_PD_HA_IntHigh_2080","PD","HA","IntHigh","2080",7.810506882648
"03100208_67700000_GATOR_HEAD_SLOUGH",1900,20133,"GATOR HEAD SLOUGH","03100208","67700000","SLOUGH","tbcmp_PD_HA_IntHigh_2080","PD","HA","IntHigh","2080",19.899890542692
"03100208_67700000_GATOR_HEAD_SLOUGH",2100,880571,"GATOR HEAD SLOUGH","03100208","67700000","SLOUGH","tbcmp_PD_HA_IntHigh_2080","PD","HA","IntHigh","2080",870.375329810204
"03100208_67700000_GATOR_HEAD_SLOUGH",4100,315359,"GATOR HEAD SLOUGH","03100208","67700000","SLOUGH","tbcmp_PD_HA_IntHigh_2080","PD","HA","IntHigh","2080",311.707623387116
"03100208_67700000_GATOR_HEAD_SLOUGH",4400,1653,"GATOR HEAD SLOUGH","03100208","67700000","SLOUGH","tbcmp_PD_HA_IntHigh_2080","PD","HA","IntHigh","2080",1.633860779172
"03100208_67700000_GATOR_HEAD_SLOUGH",5200,11339,"GATOR HEAD SLOUGH","03100208","67700000","SLOUGH","tbcmp_PD_HA_IntHigh_2080","PD","HA","IntHigh","2080",11.207711660636
"03100208_67700000_GATOR_HEAD_SLOUGH",6110,165843,"GATOR HEAD SLOUGH","03100208","67700000","SLOUGH","tbcmp_PD_HA_IntHigh_2080","PD","HA","IntHigh","2080",163.922790804732
"03100208_67700000_GATOR_HEAD_SLOUGH",6410,410342,"GATOR HEAD SLOUGH","03100208","67700000","SLOUGH","tbcmp_PD_HA_IntHigh_2080","PD","HA","IntHigh","2080",405.590865001208
"03100208_67750000_CLABBER_CREEK",1100,1222911,"CLABBER CREEK","03100208","67750000","SLOUGH","tbcmp_PD_HA_IntHigh_2080","PD","HA","IntHigh","2080",1208.75155433636
"03100208_67750000_CLABBER_CREEK",1200,455853,"CLABBER CREEK","03100208","67750000","SLOUGH","tbcmp_PD_HA_IntHigh_2080","PD","HA","IntHigh","2080",450.574916979972
"03100208_67750000_CLABBER_CREEK",1800,49079,"CLABBER CREEK","03100208","67750000","SLOUGH","tbcmp_PD_HA_IntHigh_2080","PD","HA","IntHigh","2080",48.510739976396
"03100208_67750000_CLABBER_CREEK",1900,151180,"CLABBER CREEK","03100208","67750000","SLOUGH","tbcmp_PD_HA_IntHigh_2080","PD","HA","IntHigh","2080",149.42956599832
"03100208_67750000_CLABBER_CREEK",2100,2084981,"CLABBER CREEK","03100208","67750000","SLOUGH","tbcmp_PD_HA_IntHigh_2080","PD","HA","IntHigh","2080",2060.84009753104
"03100208_67750000_CLABBER_CREEK",2400,7947,"CLABBER CREEK","03100208","67750000","SLOUGH","tbcmp_PD_HA_IntHigh_2080","PD","HA","IntHigh","2080",7.854985851228
"03100208_67750000_CLABBER_CREEK",4100,888023,"CLABBER CREEK","03100208","67750000","SLOUGH","tbcmp_PD_HA_IntHigh_2080","PD","HA","IntHigh","2080",877.741047007052
"03100208_67750000_CLABBER_CREEK",4400,58661,"CLABBER CREEK","03100208","67750000","SLOUGH","tbcmp_PD_HA_IntHigh_2080","PD","HA","IntHigh","2080",57.981795019364
"03100208_67750000_CLABBER_CREEK",5200,63273,"CLABBER CREEK","03100208","67750000","SLOUGH","tbcmp_PD_HA_IntHigh_2080","PD","HA","IntHigh","2080",62.540395088052
"03100208_67750000_CLABBER_CREEK",6110,442224,"CLABBER CREEK","03100208","67750000","SLOUGH","tbcmp_PD_HA_IntHigh_2080","PD","HA","IntHigh","2080",437.103720029376
"03100208_67750000_CLABBER_CREEK",6410,786412,"CLABBER CREEK","03100208","67750000","SLOUGH","tbcmp_PD_HA_IntHigh_2080","PD","HA","IntHigh","2080",777.306547531888
"03100208_67990000_GUM_SLOUGH",1100,4103191,"GUM SLOUGH","03100208","67990000","SLOUGH","tbcmp_PD_HA_IntHigh_2080","PD","HA","IntHigh","2080",4055.68230148308
"03100208_67990000_GUM_SLOUGH",1200,2258767,"GUM SLOUGH","03100208","67990000","SLOUGH","tbcmp_PD_HA_IntHigh_2080","PD","HA","IntHigh","2080",2232.61392050091
"03100208_67990000_GUM_SLOUGH",1800,40185,"GUM SLOUGH","03100208","67990000","SLOUGH","tbcmp_PD_HA_IntHigh_2080","PD","HA","IntHigh","2080",39.71971894194
"03100208_67990000_GUM_SLOUGH",1900,774396,"GUM SLOUGH","03100208","67990000","SLOUGH","tbcmp_PD_HA_IntHigh_2080","PD","HA","IntHigh","2080",765.429674499504
"03100208_67990000_GUM_SLOUGH",2100,11478842,"GUM SLOUGH","03100208","67990000","SLOUGH","tbcmp_PD_HA_IntHigh_2080","PD","HA","IntHigh","2080",11345.9345033952
"03100208_67990000_GUM_SLOUGH",2200,9586,"GUM SLOUGH","03100208","67990000","SLOUGH","tbcmp_PD_HA_IntHigh_2080","PD","HA","IntHigh","2080",9.475008729064
"03100208_67990000_GUM_SLOUGH",2400,245956,"GUM SLOUGH","03100208","67990000","SLOUGH","tbcmp_PD_HA_IntHigh_2080","PD","HA","IntHigh","2080",243.108204356944
"03100208_67990000_GUM_SLOUGH",3200,36248,"GUM SLOUGH","03100208","67990000","SLOUGH","tbcmp_PD_HA_IntHigh_2080","PD","HA","IntHigh","2080",35.828303401952
"03100208_67990000_GUM_SLOUGH",4100,4393155,"GUM SLOUGH","03100208","67990000","SLOUGH","tbcmp_PD_HA_IntHigh_2080","PD","HA","IntHigh","2080",4342.28896026822
"03100208_67990000_GUM_SLOUGH",4400,214482,"GUM SLOUGH","03100208","67990000","SLOUGH","tbcmp_PD_HA_IntHigh_2080","PD","HA","IntHigh","2080",211.998625310568
"03100208_67990000_GUM_SLOUGH",5200,134098,"GUM SLOUGH","03100208","67990000","SLOUGH","tbcmp_PD_HA_IntHigh_2080","PD","HA","IntHigh","2080",132.545349525352
"03100208_67990000_GUM_SLOUGH",6110,1158901,"GUM SLOUGH","03100208","67990000","SLOUGH","tbcmp_PD_HA_IntHigh_2080","PD","HA","IntHigh","2080",1145.48269258512
"03100208_67990000_GUM_SLOUGH",6410,3769705,"GUM SLOUGH","03100208","67990000","SLOUGH","tbcmp_PD_HA_IntHigh_2080","PD","HA","IntHigh","2080",3726.05756113042
"03100208_70400000_MOBLEY_POND_OUTLET",1100,27295,"MOBLEY POND OUTLET","03100208","70400000","DITCH","tbcmp_PD_HA_IntHigh_2080","PD","HA","IntHigh","2080",26.97896549758
"03100208_70400000_MOBLEY_POND_OUTLET",1200,6941,"MOBLEY POND OUTLET","03100208","70400000","DITCH","tbcmp_PD_HA_IntHigh_2080","PD","HA","IntHigh","2080",6.860633798084
"03100208_70400000_MOBLEY_POND_OUTLET",1900,6959,"MOBLEY POND OUTLET","03100208","70400000","DITCH","tbcmp_PD_HA_IntHigh_2080","PD","HA","IntHigh","2080",6.878425385516
"03100208_70400000_MOBLEY_POND_OUTLET",2100,832813,"MOBLEY POND OUTLET","03100208","70400000","DITCH","tbcmp_PD_HA_IntHigh_2080","PD","HA","IntHigh","2080",823.170294667012
"03100208_70400000_MOBLEY_POND_OUTLET",2400,91291,"MOBLEY POND OUTLET","03100208","70400000","DITCH","tbcmp_PD_HA_IntHigh_2080","PD","HA","IntHigh","2080",90.233989347484
"03100208_70400000_MOBLEY_POND_OUTLET",3200,7733,"MOBLEY POND OUTLET","03100208","70400000","DITCH","tbcmp_PD_HA_IntHigh_2080","PD","HA","IntHigh","2080",7.643463645092
"03100208_70400000_MOBLEY_POND_OUTLET",4100,155541,"MOBLEY POND OUTLET","03100208","70400000","DITCH","tbcmp_PD_HA_IntHigh_2080","PD","HA","IntHigh","2080",153.740072264484
"03100208_70400000_MOBLEY_POND_OUTLET",4400,16843,"MOBLEY POND OUTLET","03100208","70400000","DITCH","tbcmp_PD_HA_IntHigh_2080","PD","HA","IntHigh","2080",16.647983728732
"03100208_70400000_MOBLEY_POND_OUTLET",5200,811,"MOBLEY POND OUTLET","03100208","70400000","DITCH","tbcmp_PD_HA_IntHigh_2080","PD","HA","IntHigh","2080",0.801609855964
"03100208_70400000_MOBLEY_POND_OUTLET",6410,124995,"MOBLEY POND OUTLET","03100208","70400000","DITCH","tbcmp_PD_HA_IntHigh_2080","PD","HA","IntHigh","2080",123.54774839238
"03100208_70420000_UNNAMED_DITCH",1900,59059,"UNNAMED DITCH","03100208","70420000","DITCH","tbcmp_PD_HA_IntHigh_2080","PD","HA","IntHigh","2080",58.375186785916
"03100208_70420000_UNNAMED_DITCH",2100,95162,"UNNAMED DITCH","03100208","70420000","DITCH","tbcmp_PD_HA_IntHigh_2080","PD","HA","IntHigh","2080",94.060169066888
"03100208_70420000_UNNAMED_DITCH",4100,273423,"UNNAMED DITCH","03100208","70420000","DITCH","tbcmp_PD_HA_IntHigh_2080","PD","HA","IntHigh","2080",270.257178356652
"03100208_70420000_UNNAMED_DITCH",6410,62649,"UNNAMED DITCH","03100208","70420000","DITCH","tbcmp_PD_HA_IntHigh_2080","PD","HA","IntHigh","2080",61.923620057076
"03100208_70540000_TOWNS_PRAIRIE_DRAIN",1100,3906,"TOWNS PRAIRIE DRAIN","03100208","70540000","DRAIN","tbcmp_PD_HA_IntHigh_2080","PD","HA","IntHigh","2080",3.860774472744
"03100208_70540000_TOWNS_PRAIRIE_DRAIN",1900,11346,"TOWNS PRAIRIE DRAIN","03100208","70540000","DRAIN","tbcmp_PD_HA_IntHigh_2080","PD","HA","IntHigh","2080",11.214630611304
"03100208_70540000_TOWNS_PRAIRIE_DRAIN",2100,461533,"TOWNS PRAIRIE DRAIN","03100208","70540000","DRAIN","tbcmp_PD_HA_IntHigh_2080","PD","HA","IntHigh","2080",456.189151236292
"03100208_70540000_TOWNS_PRAIRIE_DRAIN",4100,135975,"TOWNS PRAIRIE DRAIN","03100208","70540000","DRAIN","tbcmp_PD_HA_IntHigh_2080","PD","HA","IntHigh","2080",134.4006167259
"03100208_70540000_TOWNS_PRAIRIE_DRAIN",5200,147,"TOWNS PRAIRIE DRAIN","03100208","70540000","DRAIN","tbcmp_PD_HA_IntHigh_2080","PD","HA","IntHigh","2080",0.145297964028
"03100208_70540000_TOWNS_PRAIRIE_DRAIN",6410,239725,"TOWNS PRAIRIE DRAIN","03100208","70540000","DRAIN","tbcmp_PD_HA_IntHigh_2080","PD","HA","IntHigh","2080",236.9493498409
"03100208_70560000_UNNAMED_DITCH",1100,270601,"UNNAMED DITCH","03100208","70560000","DITCH","tbcmp_PD_HA_IntHigh_2080","PD","HA","IntHigh","2080",267.467852815924
"03100208_70560000_UNNAMED_DITCH",1200,16104,"UNNAMED DITCH","03100208","70560000","DITCH","tbcmp_PD_HA_IntHigh_2080","PD","HA","IntHigh","2080",15.917540222496
"03100208_70560000_UNNAMED_DITCH",1900,44356,"UNNAMED DITCH","03100208","70560000","DITCH","tbcmp_PD_HA_IntHigh_2080","PD","HA","IntHigh","2080",43.842425118544
"03100208_70560000_UNNAMED_DITCH",2100,1318206,"UNNAMED DITCH","03100208","70560000","DITCH","tbcmp_PD_HA_IntHigh_2080","PD","HA","IntHigh","2080",1302.94318346594
"03100208_70560000_UNNAMED_DITCH",2400,214971,"UNNAMED DITCH","03100208","70560000","DITCH","tbcmp_PD_HA_IntHigh_2080","PD","HA","IntHigh","2080",212.481963435804
"03100208_70560000_UNNAMED_DITCH",4100,391226,"UNNAMED DITCH","03100208","70560000","DITCH","tbcmp_PD_HA_IntHigh_2080","PD","HA","IntHigh","2080",386.696199148424
"03100208_70560000_UNNAMED_DITCH",4400,6526,"UNNAMED DITCH","03100208","70560000","DITCH","tbcmp_PD_HA_IntHigh_2080","PD","HA","IntHigh","2080",6.450438865624
"03100208_70560000_UNNAMED_DITCH",5200,15793,"UNNAMED DITCH","03100208","70560000","DITCH","tbcmp_PD_HA_IntHigh_2080","PD","HA","IntHigh","2080",15.610141128532
"03100208_70560000_UNNAMED_DITCH",6410,26382,"UNNAMED DITCH","03100208","70560000","DITCH","tbcmp_PD_HA_IntHigh_2080","PD","HA","IntHigh","2080",26.076536646168
"03100208_70600000_SCHOOLHOUS_POND_DRAIN",1100,202830,"SCHOOLHOUS POND DRAIN","03100208","70600000","DITCH","tbcmp_PD_HA_IntHigh_2080","PD","HA","IntHigh","2080",200.48153771292
"03100208_70600000_SCHOOLHOUS_POND_DRAIN",1200,17335,"SCHOOLHOUS POND DRAIN","03100208","70600000","DITCH","tbcmp_PD_HA_IntHigh_2080","PD","HA","IntHigh","2080",17.13428711854
"03100208_70600000_SCHOOLHOUS_POND_DRAIN",1900,44431,"SCHOOLHOUS POND DRAIN","03100208","70600000","DITCH","tbcmp_PD_HA_IntHigh_2080","PD","HA","IntHigh","2080",43.916556732844
"03100208_70600000_SCHOOLHOUS_POND_DRAIN",2100,936795,"SCHOOLHOUS POND DRAIN","03100208","70600000","DITCH","tbcmp_PD_HA_IntHigh_2080","PD","HA","IntHigh","2080",925.94834157558
"03100208_70600000_SCHOOLHOUS_POND_DRAIN",2200,15612,"SCHOOLHOUS POND DRAIN","03100208","70600000","DITCH","tbcmp_PD_HA_IntHigh_2080","PD","HA","IntHigh","2080",15.431236832688
"03100208_70600000_SCHOOLHOUS_POND_DRAIN",2400,4338,"SCHOOLHOUS POND DRAIN","03100208","70600000","DITCH","tbcmp_PD_HA_IntHigh_2080","PD","HA","IntHigh","2080",4.287772571112
"03100208_70600000_SCHOOLHOUS_POND_DRAIN",4100,67907,"SCHOOLHOUS POND DRAIN","03100208","70600000","DITCH","tbcmp_PD_HA_IntHigh_2080","PD","HA","IntHigh","2080",67.120740430268
"03100208_70600000_SCHOOLHOUS_POND_DRAIN",4400,9481,"SCHOOLHOUS POND DRAIN","03100208","70600000","DITCH","tbcmp_PD_HA_IntHigh_2080","PD","HA","IntHigh","2080",9.371224469044
"03100208_70600000_SCHOOLHOUS_POND_DRAIN",5200,7463,"SCHOOLHOUS POND DRAIN","03100208","70600000","DITCH","tbcmp_PD_HA_IntHigh_2080","PD","HA","IntHigh","2080",7.376589833612
"03100208_70600000_SCHOOLHOUS_POND_DRAIN",6410,114781,"SCHOOLHOUS POND DRAIN","03100208","70600000","DITCH","tbcmp_PD_HA_IntHigh_2080","PD","HA","IntHigh","2080",113.452010946244
"03100208_70900000_THE_WILLOWS",1100,33708,"THE WILLOWS","03100208","70900000","SLOUGH","tbcmp_PD_HA_IntHigh_2080","PD","HA","IntHigh","2080",33.317712730992
"03100208_70900000_THE_WILLOWS",1900,9504,"THE WILLOWS","03100208","70900000","SLOUGH","tbcmp_PD_HA_IntHigh_2080","PD","HA","IntHigh","2080",9.393958164096
"03100208_70900000_THE_WILLOWS",2100,318078,"THE WILLOWS","03100208","70900000","SLOUGH","tbcmp_PD_HA_IntHigh_2080","PD","HA","IntHigh","2080",314.395141510872
"03100208_70900000_THE_WILLOWS",3200,6838,"THE WILLOWS","03100208","70900000","SLOUGH","tbcmp_PD_HA_IntHigh_2080","PD","HA","IntHigh","2080",6.758826381112
"03100208_70900000_THE_WILLOWS",4100,115681,"THE WILLOWS","03100208","70900000","SLOUGH","tbcmp_PD_HA_IntHigh_2080","PD","HA","IntHigh","2080",114.341590317844
"03100208_70900000_THE_WILLOWS",5200,962,"THE WILLOWS","03100208","70900000","SLOUGH","tbcmp_PD_HA_IntHigh_2080","PD","HA","IntHigh","2080",0.950861506088
"03100208_70900000_THE_WILLOWS",6110,719592,"THE WILLOWS","03100208","70900000","SLOUGH","tbcmp_PD_HA_IntHigh_2080","PD","HA","IntHigh","2080",711.260221298208
"03100208_70900000_THE_WILLOWS",6410,335432,"THE WILLOWS","03100208","70900000","SLOUGH","tbcmp_PD_HA_IntHigh_2080","PD","HA","IntHigh","2080",331.548208638368
"03100208_70903000_BAPTIZING_HOLE",1100,28203,"BAPTIZING HOLE","03100208","70903000","OUTLET","tbcmp_PD_HA_IntHigh_2080","PD","HA","IntHigh","2080",27.876452241372
"03100208_70903000_BAPTIZING_HOLE",2100,71985,"BAPTIZING HOLE","03100208","70903000","OUTLET","tbcmp_PD_HA_IntHigh_2080","PD","HA","IntHigh","2080",71.15152340514
"03100208_70903000_BAPTIZING_HOLE",4100,54847,"BAPTIZING HOLE","03100208","70903000","OUTLET","tbcmp_PD_HA_IntHigh_2080","PD","HA","IntHigh","2080",54.211955326828
"03100208_70903000_BAPTIZING_HOLE",5200,486,"BAPTIZING HOLE","03100208","70903000","OUTLET","tbcmp_PD_HA_IntHigh_2080","PD","HA","IntHigh","2080",0.480372860664
"03100208_70903000_BAPTIZING_HOLE",6110,6455,"BAPTIZING HOLE","03100208","70903000","OUTLET","tbcmp_PD_HA_IntHigh_2080","PD","HA","IntHigh","2080",6.38026093742
"03100208_70903000_BAPTIZING_HOLE",6410,37945,"BAPTIZING HOLE","03100208","70903000","OUTLET","tbcmp_PD_HA_IntHigh_2080","PD","HA","IntHigh","2080",37.50565472818
"03100208_70905000_GRANT_SLOUGH",1100,418629,"GRANT SLOUGH","03100208","70905000","SLOUGH","tbcmp_PD_HA_IntHigh_2080","PD","HA","IntHigh","2080",413.781914170596
"03100208_70905000_GRANT_SLOUGH",1200,113317,"GRANT SLOUGH","03100208","70905000","SLOUGH","tbcmp_PD_HA_IntHigh_2080","PD","HA","IntHigh","2080",112.004961835108
"03100208_70905000_GRANT_SLOUGH",1800,22686,"GRANT SLOUGH","03100208","70905000","SLOUGH","tbcmp_PD_HA_IntHigh_2080","PD","HA","IntHigh","2080",22.423330693464
"03100208_70905000_GRANT_SLOUGH",1900,52884,"GRANT SLOUGH","03100208","70905000","SLOUGH","tbcmp_PD_HA_IntHigh_2080","PD","HA","IntHigh","2080",52.271683875216
"03100208_70905000_GRANT_SLOUGH",2100,1398241,"GRANT SLOUGH","03100208","70905000","SLOUGH","tbcmp_PD_HA_IntHigh_2080","PD","HA","IntHigh","2080",1382.05150013928
"03100208_70905000_GRANT_SLOUGH",3200,215528,"GRANT SLOUGH","03100208","70905000","SLOUGH","tbcmp_PD_HA_IntHigh_2080","PD","HA","IntHigh","2080",213.032514224672
"03100208_70905000_GRANT_SLOUGH",4100,469234,"GRANT SLOUGH","03100208","70905000","SLOUGH","tbcmp_PD_HA_IntHigh_2080","PD","HA","IntHigh","2080",463.800985392616
"03100208_70905000_GRANT_SLOUGH",5200,5413,"GRANT SLOUGH","03100208","70905000","SLOUGH","tbcmp_PD_HA_IntHigh_2080","PD","HA","IntHigh","2080",5.350325709412
"03100208_70905000_GRANT_SLOUGH",6110,282091,"GRANT SLOUGH","03100208","70905000","SLOUGH","tbcmp_PD_HA_IntHigh_2080","PD","HA","IntHigh","2080",278.824816126684
"03100208_70905000_GRANT_SLOUGH",6410,328383,"GRANT SLOUGH","03100208","70905000","SLOUGH","tbcmp_PD_HA_IntHigh_2080","PD","HA","IntHigh","2080",324.580825315692
"03100208_70990000_JUMPER_CREEK_CANAL",1100,1952532,"JUMPER CREEK CANAL","03100208","70990000","CANAL","tbcmp_PD_HA_IntHigh_2080","PD","HA","IntHigh","2080",1929.92465509877
"03100208_70990000_JUMPER_CREEK_CANAL",1200,1394544,"JUMPER CREEK CANAL","03100208","70990000","CANAL","tbcmp_PD_HA_IntHigh_2080","PD","HA","IntHigh","2080",1378.39730576506
"03100208_70990000_JUMPER_CREEK_CANAL",1800,30420,"JUMPER CREEK CANAL","03100208","70990000","CANAL","tbcmp_PD_HA_IntHigh_2080","PD","HA","IntHigh","2080",30.06778276008
"03100208_70990000_JUMPER_CREEK_CANAL",1900,1349568,"JUMPER CREEK CANAL","03100208","70990000","CANAL","tbcmp_PD_HA_IntHigh_2080","PD","HA","IntHigh","2080",1333.94205930163
"03100208_70990000_JUMPER_CREEK_CANAL",2100,9937950,"JUMPER CREEK CANAL","03100208","70990000","CANAL","tbcmp_PD_HA_IntHigh_2080","PD","HA","IntHigh","2080",9822.8836844358
"03100208_70990000_JUMPER_CREEK_CANAL",2400,355381,"JUMPER CREEK CANAL","03100208","70990000","CANAL","tbcmp_PD_HA_IntHigh_2080","PD","HA","IntHigh","2080",351.266229620644
"03100208_70990000_JUMPER_CREEK_CANAL",3200,130100,"JUMPER CREEK CANAL","03100208","70990000","CANAL","tbcmp_PD_HA_IntHigh_2080","PD","HA","IntHigh","2080",128.5936402724
"03100208_70990000_JUMPER_CREEK_CANAL",4100,3442891,"JUMPER CREEK CANAL","03100208","70990000","CANAL","tbcmp_PD_HA_IntHigh_2080","PD","HA","IntHigh","2080",3403.02756918588
"03100208_70990000_JUMPER_CREEK_CANAL",4400,108837,"JUMPER CREEK CANAL","03100208","70990000","CANAL","tbcmp_PD_HA_IntHigh_2080","PD","HA","IntHigh","2080",107.576833407588
"03100208_70990000_JUMPER_CREEK_CANAL",5200,89438,"JUMPER CREEK CANAL","03100208","70990000","CANAL","tbcmp_PD_HA_IntHigh_2080","PD","HA","IntHigh","2080",88.402444263512
"03100208_70990000_JUMPER_CREEK_CANAL",6110,5844176,"JUMPER CREEK CANAL","03100208","70990000","CANAL","tbcmp_PD_HA_IntHigh_2080","PD","HA","IntHigh","2080",5776.50934844422
"03100208_70990000_JUMPER_CREEK_CANAL",6410,3178159,"JUMPER CREEK CANAL","03100208","70990000","CANAL","tbcmp_PD_HA_IntHigh_2080","PD","HA","IntHigh","2080",3141.36076229432
"03100208_72000000_OTTER_SLOUGH",3200,17663,"OTTER SLOUGH","03100208","72000000","DRAIN","tbcmp_PD_HA_IntHigh_2080","PD","HA","IntHigh","2080",17.458489378412
"03100208_72000000_OTTER_SLOUGH",4100,90101,"OTTER SLOUGH","03100208","72000000","DRAIN","tbcmp_PD_HA_IntHigh_2080","PD","HA","IntHigh","2080",89.057767733924
"03100208_72000000_OTTER_SLOUGH",5200,4254,"OTTER SLOUGH","03100208","72000000","DRAIN","tbcmp_PD_HA_IntHigh_2080","PD","HA","IntHigh","2080",4.204745163096
"03100208_72000000_OTTER_SLOUGH",6110,1821272,"OTTER SLOUGH","03100208","72000000","DRAIN","tbcmp_PD_HA_IntHigh_2080","PD","HA","IntHigh","2080",1800.18444585853
"03100208_72000000_OTTER_SLOUGH",6410,693945,"OTTER SLOUGH","03100208","72000000","DRAIN","tbcmp_PD_HA_IntHigh_2080","PD","HA","IntHigh","2080",685.91017447218
"03100208_73200000_BIG_JONES_CREEK",1100,4278247,"BIG JONES CREEK","03100208","73200000","NONCON","tbcmp_PD_HA_IntHigh_2080","PD","HA","IntHigh","2080",4228.71141978843
"03100208_73200000_BIG_JONES_CREEK",1200,2892019,"BIG JONES CREEK","03100208","73200000","NONCON","tbcmp_PD_HA_IntHigh_2080","PD","HA","IntHigh","2080",2858.53382741696
"03100208_73200000_BIG_JONES_CREEK",1800,30256,"BIG JONES CREEK","03100208","73200000","NONCON","tbcmp_PD_HA_IntHigh_2080","PD","HA","IntHigh","2080",29.905681630144
"03100208_73200000_BIG_JONES_CREEK",1820,146107,"BIG JONES CREEK","03100208","73200000","NONCON","tbcmp_PD_HA_IntHigh_2080","PD","HA","IntHigh","2080",144.415303607068
"03100208_73200000_BIG_JONES_CREEK",1900,830977,"BIG JONES CREEK","03100208","73200000","NONCON","tbcmp_PD_HA_IntHigh_2080","PD","HA","IntHigh","2080",821.355552748948
"03100208_73200000_BIG_JONES_CREEK",2100,12483121,"BIG JONES CREEK","03100208","73200000","NONCON","tbcmp_PD_HA_IntHigh_2080","PD","HA","IntHigh","2080",12338.5854830964
"03100208_73200000_BIG_JONES_CREEK",2200,2276,"BIG JONES CREEK","03100208","73200000","NONCON","tbcmp_PD_HA_IntHigh_2080","PD","HA","IntHigh","2080",2.249647388624
"03100208_73200000_BIG_JONES_CREEK",2400,272564,"BIG JONES CREEK","03100208","73200000","NONCON","tbcmp_PD_HA_IntHigh_2080","PD","HA","IntHigh","2080",269.408124267536
"03100208_73200000_BIG_JONES_CREEK",3200,577091,"BIG JONES CREEK","03100208","73200000","NONCON","tbcmp_PD_HA_IntHigh_2080","PD","HA","IntHigh","2080",570.409165706684
"03100208_73200000_BIG_JONES_CREEK",4100,5324485,"BIG JONES CREEK","03100208","73200000","NONCON","tbcmp_PD_HA_IntHigh_2080","PD","HA","IntHigh","2080",5262.83557821514
"03100208_73200000_BIG_JONES_CREEK",4400,632217,"BIG JONES CREEK","03100208","73200000","NONCON","tbcmp_PD_HA_IntHigh_2080","PD","HA","IntHigh","2080",624.896890638708
"03100208_73200000_BIG_JONES_CREEK",5200,153917,"BIG JONES CREEK","03100208","73200000","NONCON","tbcmp_PD_HA_IntHigh_2080","PD","HA","IntHigh","2080",152.134875709508
"03100208_73200000_BIG_JONES_CREEK",5400,22653563,"BIG JONES CREEK","03100208","73200000","NONCON","tbcmp_PD_HA_IntHigh_2080","PD","HA","IntHigh","2080",22391.26926449
"03100208_73200000_BIG_JONES_CREEK",6110,685639,"BIG JONES CREEK","03100208","73200000","NONCON","tbcmp_PD_HA_IntHigh_2080","PD","HA","IntHigh","2080",677.700345293836
"03100208_73200000_BIG_JONES_CREEK",6410,555441,"BIG JONES CREEK","03100208","73200000","NONCON","tbcmp_PD_HA_IntHigh_2080","PD","HA","IntHigh","2080",549.009839712084
"03100208_73304000_LAKE_OKAHUMPKA_OUTLET",1100,74441,"LAKE OKAHUMPKA OUTLET","03100208","73304000","OUTLET","tbcmp_PD_HA_IntHigh_2080","PD","HA","IntHigh","2080",73.579086668084
"03100208_73304000_LAKE_OKAHUMPKA_OUTLET",1200,49658,"LAKE OKAHUMPKA OUTLET","03100208","73304000","OUTLET","tbcmp_PD_HA_IntHigh_2080","PD","HA","IntHigh","2080",49.083036038792
"03100208_73304000_LAKE_OKAHUMPKA_OUTLET",1800,3302,"LAKE OKAHUMPKA OUTLET","03100208","73304000","OUTLET","tbcmp_PD_HA_IntHigh_2080","PD","HA","IntHigh","2080",3.263767872248
"03100208_73304000_LAKE_OKAHUMPKA_OUTLET",1900,24316,"LAKE OKAHUMPKA OUTLET","03100208","73304000","OUTLET","tbcmp_PD_HA_IntHigh_2080","PD","HA","IntHigh","2080",24.034457777584
"03100208_73304000_LAKE_OKAHUMPKA_OUTLET",5200,9238,"LAKE OKAHUMPKA OUTLET","03100208","73304000","OUTLET","tbcmp_PD_HA_IntHigh_2080","PD","HA","IntHigh","2080",9.131038038712
"03100208_73304000_LAKE_OKAHUMPKA_OUTLET",6410,588,"LAKE OKAHUMPKA OUTLET","03100208","73304000","OUTLET","tbcmp_PD_HA_IntHigh_2080","PD","HA","IntHigh","2080",0.581191856112
"03100208_73305000_LAKE_MIONA_OUTLET",1100,750039,"LAKE MIONA OUTLET","03100208","73305000","OUTLET","tbcmp_PD_HA_IntHigh_2080","PD","HA","IntHigh","2080",741.354691439436
"03100208_73305000_LAKE_MIONA_OUTLET",1200,988036,"LAKE MIONA OUTLET","03100208","73305000","OUTLET","tbcmp_PD_HA_IntHigh_2080","PD","HA","IntHigh","2080",976.596048886864
"03100208_73305000_LAKE_MIONA_OUTLET",1800,23501,"LAKE MIONA OUTLET","03100208","73305000","OUTLET","tbcmp_PD_HA_IntHigh_2080","PD","HA","IntHigh","2080",23.228894235524
"03100208_73305000_LAKE_MIONA_OUTLET",1820,20729,"LAKE MIONA OUTLET","03100208","73305000","OUTLET","tbcmp_PD_HA_IntHigh_2080","PD","HA","IntHigh","2080",20.488989770996
"03100208_73305000_LAKE_MIONA_OUTLET",1900,280275,"LAKE MIONA OUTLET","03100208","73305000","OUTLET","tbcmp_PD_HA_IntHigh_2080","PD","HA","IntHigh","2080",277.0298426391
"03100208_73305000_LAKE_MIONA_OUTLET",2100,1188790,"LAKE MIONA OUTLET","03100208","73305000","OUTLET","tbcmp_PD_HA_IntHigh_2080","PD","HA","IntHigh","2080",1175.02562351596
"03100208_73305000_LAKE_MIONA_OUTLET",2400,13223,"LAKE MIONA OUTLET","03100208","73305000","OUTLET","tbcmp_PD_HA_IntHigh_2080","PD","HA","IntHigh","2080",13.069897811852
"03100208_73305000_LAKE_MIONA_OUTLET",3200,18339,"LAKE MIONA OUTLET","03100208","73305000","OUTLET","tbcmp_PD_HA_IntHigh_2080","PD","HA","IntHigh","2080",18.126662328636
"03100208_73305000_LAKE_MIONA_OUTLET",4100,86073,"LAKE MIONA OUTLET","03100208","73305000","OUTLET","tbcmp_PD_HA_IntHigh_2080","PD","HA","IntHigh","2080",85.076405835252
"03100208_73305000_LAKE_MIONA_OUTLET",4400,95118,"LAKE MIONA OUTLET","03100208","73305000","OUTLET","tbcmp_PD_HA_IntHigh_2080","PD","HA","IntHigh","2080",94.016678519832
"03100208_73305000_LAKE_MIONA_OUTLET",5200,30562,"LAKE MIONA OUTLET","03100208","73305000","OUTLET","tbcmp_PD_HA_IntHigh_2080","PD","HA","IntHigh","2080",30.208138616488
"03100208_73305000_LAKE_MIONA_OUTLET",6410,47556,"LAKE MIONA OUTLET","03100208","73305000","OUTLET","tbcmp_PD_HA_IntHigh_2080","PD","HA","IntHigh","2080",47.005373995344
"03100208_73309000_LITTLE_JONES_SPRING",1100,270731,"LITTLE JONES SPRING","03100208","73309000","STREAM","tbcmp_PD_HA_IntHigh_2080","PD","HA","IntHigh","2080",267.596347614044
"03100208_73309000_LITTLE_JONES_SPRING",1200,237142,"LITTLE JONES SPRING","03100208","73309000","STREAM","tbcmp_PD_HA_IntHigh_2080","PD","HA","IntHigh","2080",234.396257044408
"03100208_73309000_LITTLE_JONES_SPRING",1900,77954,"LITTLE JONES SPRING","03100208","73309000","STREAM","tbcmp_PD_HA_IntHigh_2080","PD","HA","IntHigh","2080",77.051411481896
"03100208_73309000_LITTLE_JONES_SPRING",2100,690298,"LITTLE JONES SPRING","03100208","73309000","STREAM","tbcmp_PD_HA_IntHigh_2080","PD","HA","IntHigh","2080",682.305401174152
"03100208_73309000_LITTLE_JONES_SPRING",3200,32822,"LITTLE JONES SPRING","03100208","73309000","STREAM","tbcmp_PD_HA_IntHigh_2080","PD","HA","IntHigh","2080",32.441971260728
"03100208_73309000_LITTLE_JONES_SPRING",4100,173505,"LITTLE JONES SPRING","03100208","73309000","STREAM","tbcmp_PD_HA_IntHigh_2080","PD","HA","IntHigh","2080",171.49607652162
"03100208_73309000_LITTLE_JONES_SPRING",5200,8719,"LITTLE JONES SPRING","03100208","73309000","STREAM","tbcmp_PD_HA_IntHigh_2080","PD","HA","IntHigh","2080",8.618047267756
"03100208_73309000_LITTLE_JONES_SPRING",6110,448388,"LITTLE JONES SPRING","03100208","73309000","STREAM","tbcmp_PD_HA_IntHigh_2080","PD","HA","IntHigh","2080",443.196350303312
"03100208_73309000_LITTLE_JONES_SPRING",6410,58569,"LITTLE JONES SPRING","03100208","73309000","STREAM","tbcmp_PD_HA_IntHigh_2080","PD","HA","IntHigh","2080",57.890860239156
"03100208_73309900_LITTLE_JONES_CREEK",1100,2699756,"LITTLE JONES CREEK","03100208","73309900","SLOUGH","tbcmp_PD_HA_IntHigh_2080","PD","HA","IntHigh","2080",2668.49693994814
"03100208_73309900_LITTLE_JONES_CREEK",1200,3169132,"LITTLE JONES CREEK","03100208","73309900","SLOUGH","tbcmp_PD_HA_IntHigh_2080","PD","HA","IntHigh","2080",3132.43828119717
"03100208_73309900_LITTLE_JONES_CREEK",1800,128511,"LITTLE JONES CREEK","03100208","73309900","SLOUGH","tbcmp_PD_HA_IntHigh_2080","PD","HA","IntHigh","2080",127.023038470764
"03100208_73309900_LITTLE_JONES_CREEK",1900,826609,"LITTLE JONES CREEK","03100208","73309900","SLOUGH","tbcmp_PD_HA_IntHigh_2080","PD","HA","IntHigh","2080",817.038127532116
"03100208_73309900_LITTLE_JONES_CREEK",2100,6917276,"LITTLE JONES CREEK","03100208","73309900","SLOUGH","tbcmp_PD_HA_IntHigh_2080","PD","HA","IntHigh","2080",6837.18448584862
"03100208_73309900_LITTLE_JONES_CREEK",2200,17835,"LITTLE JONES CREEK","03100208","73309900","SLOUGH","tbcmp_PD_HA_IntHigh_2080","PD","HA","IntHigh","2080",17.62849788054
"03100208_73309900_LITTLE_JONES_CREEK",2400,58878,"LITTLE JONES CREEK","03100208","73309900","SLOUGH","tbcmp_PD_HA_IntHigh_2080","PD","HA","IntHigh","2080",58.196282490072
"03100208_73309900_LITTLE_JONES_CREEK",3200,352254,"LITTLE JONES CREEK","03100208","73309900","SLOUGH","tbcmp_PD_HA_IntHigh_2080","PD","HA","IntHigh","2080",348.175435515096
"03100208_73309900_LITTLE_JONES_CREEK",4100,3106903,"LITTLE JONES CREEK","03100208","73309900","SLOUGH","tbcmp_PD_HA_IntHigh_2080","PD","HA","IntHigh","2080",3070.92979818017
"03100208_73309900_LITTLE_JONES_CREEK",4400,247833,"LITTLE JONES CREEK","03100208","73309900","SLOUGH","tbcmp_PD_HA_IntHigh_2080","PD","HA","IntHigh","2080",244.963471557492
"03100208_73309900_LITTLE_JONES_CREEK",5200,195189,"LITTLE JONES CREEK","03100208","73309900","SLOUGH","tbcmp_PD_HA_IntHigh_2080","PD","HA","IntHigh","2080",192.929008848036
"03100208_73309900_LITTLE_JONES_CREEK",6110,3596360,"LITTLE JONES CREEK","03100208","73309900","SLOUGH","tbcmp_PD_HA_IntHigh_2080","PD","HA","IntHigh","2080",3554.71963205264
"03100208_73309900_LITTLE_JONES_CREEK",6410,1369981,"LITTLE JONES CREEK","03100208","73309900","SLOUGH","tbcmp_PD_HA_IntHigh_2080","PD","HA","IntHigh","2080",1354.11870787104
"03100208_73700000_SHADY_BROOK",1100,443859,"SHADY BROOK","03100208","73700000","STREAM","tbcmp_PD_HA_IntHigh_2080","PD","HA","IntHigh","2080",438.719789221116
"03100208_73700000_SHADY_BROOK",1200,1431705,"SHADY BROOK","03100208","73700000","STREAM","tbcmp_PD_HA_IntHigh_2080","PD","HA","IntHigh","2080",1415.12803801842
"03100208_73700000_SHADY_BROOK",1800,109188,"SHADY BROOK","03100208","73700000","STREAM","tbcmp_PD_HA_IntHigh_2080","PD","HA","IntHigh","2080",107.923769362512
"03100208_73700000_SHADY_BROOK",1820,9340,"SHADY BROOK","03100208","73700000","STREAM","tbcmp_PD_HA_IntHigh_2080","PD","HA","IntHigh","2080",9.23185703416
"03100208_73700000_SHADY_BROOK",1900,433094,"SHADY BROOK","03100208","73700000","STREAM","tbcmp_PD_HA_IntHigh_2080","PD","HA","IntHigh","2080",428.079431515256
"03100208_73700000_SHADY_BROOK",2100,1583083,"SHADY BROOK","03100208","73700000","STREAM","tbcmp_PD_HA_IntHigh_2080","PD","HA","IntHigh","2080",1564.75331147849
"03100208_73700000_SHADY_BROOK",2200,29103,"SHADY BROOK","03100208","73700000","STREAM","tbcmp_PD_HA_IntHigh_2080","PD","HA","IntHigh","2080",28.766031612972
"03100208_73700000_SHADY_BROOK",2400,5450,"SHADY BROOK","03100208","73700000","STREAM","tbcmp_PD_HA_IntHigh_2080","PD","HA","IntHigh","2080",5.3868973058
"03100208_73700000_SHADY_BROOK",3200,5843,"SHADY BROOK","03100208","73700000","STREAM","tbcmp_PD_HA_IntHigh_2080","PD","HA","IntHigh","2080",5.775346964732
"03100208_73700000_SHADY_BROOK",4100,727901,"SHADY BROOK","03100208","73700000","STREAM","tbcmp_PD_HA_IntHigh_2080","PD","HA","IntHigh","2080",719.473015741124
"03100208_73700000_SHADY_BROOK",5200,38045,"SHADY BROOK","03100208","73700000","STREAM","tbcmp_PD_HA_IntHigh_2080","PD","HA","IntHigh","2080",37.60449688058
"03100208_73700000_SHADY_BROOK",6110,962508,"SHADY BROOK","03100208","73700000","STREAM","tbcmp_PD_HA_IntHigh_2080","PD","HA","IntHigh","2080",951.363624222192
"03100208_73700000_SHADY_BROOK",6410,165587,"SHADY BROOK","03100208","73700000","STREAM","tbcmp_PD_HA_IntHigh_2080","PD","HA","IntHigh","2080",163.669754894588
"03100208_73800000_WALLED_SINK",1100,997017,"WALLED SINK","03100208","73800000","DITCH","tbcmp_PD_HA_IntHigh_2080","PD","HA","IntHigh","2080",985.473062593908
"03100208_73800000_WALLED_SINK",1200,646192,"WALLED SINK","03100208","73800000","DITCH","tbcmp_PD_HA_IntHigh_2080","PD","HA","IntHigh","2080",638.710081436608
"03100208_73800000_WALLED_SINK",1800,2304,"WALLED SINK","03100208","73800000","DITCH","tbcmp_PD_HA_IntHigh_2080","PD","HA","IntHigh","2080",2.277323191296
"03100208_73800000_WALLED_SINK",1820,95515,"WALLED SINK","03100208","73800000","DITCH","tbcmp_PD_HA_IntHigh_2080","PD","HA","IntHigh","2080",94.40908186486
"03100208_73800000_WALLED_SINK",1900,647293,"WALLED SINK","03100208","73800000","DITCH","tbcmp_PD_HA_IntHigh_2080","PD","HA","IntHigh","2080",639.798333534532
"03100208_73800000_WALLED_SINK",2100,2057654,"WALLED SINK","03100208","73800000","DITCH","tbcmp_PD_HA_IntHigh_2080","PD","HA","IntHigh","2080",2033.8295025447
"03100208_73800000_WALLED_SINK",2400,14344,"WALLED SINK","03100208","73800000","DITCH","tbcmp_PD_HA_IntHigh_2080","PD","HA","IntHigh","2080",14.177918340256
"03100208_73800000_WALLED_SINK",3200,7520,"WALLED SINK","03100208","73800000","DITCH","tbcmp_PD_HA_IntHigh_2080","PD","HA","IntHigh","2080",7.43292986048
"03100208_73800000_WALLED_SINK",4100,802868,"WALLED SINK","03100208","73800000","DITCH","tbcmp_PD_HA_IntHigh_2080","PD","HA","IntHigh","2080",793.572012130832
"03100208_73800000_WALLED_SINK",4400,21675,"WALLED SINK","03100208","73800000","DITCH","tbcmp_PD_HA_IntHigh_2080","PD","HA","IntHigh","2080",21.4240365327
"03100208_73800000_WALLED_SINK",5200,106556,"WALLED SINK","03100208","73800000","DITCH","tbcmp_PD_HA_IntHigh_2080","PD","HA","IntHigh","2080",105.322243911344
"03100208_73800000_WALLED_SINK",6110,8655,"WALLED SINK","03100208","73800000","DITCH","tbcmp_PD_HA_IntHigh_2080","PD","HA","IntHigh","2080",8.55478829022
"03100208_73800000_WALLED_SINK",6410,257489,"WALLED SINK","03100208","73800000","DITCH","tbcmp_PD_HA_IntHigh_2080","PD","HA","IntHigh","2080",254.507669793236
"03100208_73990000_OUTLET_RIVER",1100,367651,"OUTLET RIVER","03100208","73990000","STREAM","tbcmp_PD_HA_IntHigh_2080","PD","HA","IntHigh","2080",363.394161720124
"03100208_73990000_OUTLET_RIVER",1200,1655855,"OUTLET RIVER","03100208","73990000","STREAM","tbcmp_PD_HA_IntHigh_2080","PD","HA","IntHigh","2080",1636.68272262302
"03100208_73990000_OUTLET_RIVER",1800,6,"OUTLET RIVER","03100208","73990000","STREAM","tbcmp_PD_HA_IntHigh_2080","PD","HA","IntHigh","2080",0.005930529144
"03100208_73990000_OUTLET_RIVER",1820,17291,"OUTLET RIVER","03100208","73990000","STREAM","tbcmp_PD_HA_IntHigh_2080","PD","HA","IntHigh","2080",17.090796571484
"03100208_73990000_OUTLET_RIVER",1900,361592,"OUTLET RIVER","03100208","73990000","STREAM","tbcmp_PD_HA_IntHigh_2080","PD","HA","IntHigh","2080",357.405315706208
"03100208_73990000_OUTLET_RIVER",2100,2289841,"OUTLET RIVER","03100208","73990000","STREAM","tbcmp_PD_HA_IntHigh_2080","PD","HA","IntHigh","2080",2263.32813093768
"03100208_73990000_OUTLET_RIVER",3200,359656,"OUTLET RIVER","03100208","73990000","STREAM","tbcmp_PD_HA_IntHigh_2080","PD","HA","IntHigh","2080",355.491731635744
"03100208_73990000_OUTLET_RIVER",4100,1513372,"OUTLET RIVER","03100208","73990000","STREAM","tbcmp_PD_HA_IntHigh_2080","PD","HA","IntHigh","2080",1495.84945861893
"03100208_73990000_OUTLET_RIVER",4400,103870,"OUTLET RIVER","03100208","73990000","STREAM","tbcmp_PD_HA_IntHigh_2080","PD","HA","IntHigh","2080",102.66734369788
"03100208_73990000_OUTLET_RIVER",5200,3390042,"OUTLET RIVER","03100208","73990000","STREAM","tbcmp_PD_HA_IntHigh_2080","PD","HA","IntHigh","2080",3350.79048006401
"03100208_73990000_OUTLET_RIVER",6110,3887647,"OUTLET RIVER","03100208","73990000","STREAM","tbcmp_PD_HA_IntHigh_2080","PD","HA","IntHigh","2080",3842.63397251403
"03100208_73990000_OUTLET_RIVER",6410,1581090,"OUTLET RIVER","03100208","73990000","STREAM","tbcmp_PD_HA_IntHigh_2080","PD","HA","IntHigh","2080",1562.78338738116
"03100208_77000000_SHINN_DITCH",1100,17136,"SHINN DITCH","03100208","77000000","CANAL","tbcmp_PD_HA_IntHigh_2080","PD","HA","IntHigh","2080",16.937591235264
"03100208_77000000_SHINN_DITCH",1900,42643,"SHINN DITCH","03100208","77000000","CANAL","tbcmp_PD_HA_IntHigh_2080","PD","HA","IntHigh","2080",42.149259047932
"03100208_77000000_SHINN_DITCH",2100,10386,"SHINN DITCH","03100208","77000000","CANAL","tbcmp_PD_HA_IntHigh_2080","PD","HA","IntHigh","2080",10.265745948264
"03100208_77000000_SHINN_DITCH",3200,99944,"SHINN DITCH","03100208","77000000","CANAL","tbcmp_PD_HA_IntHigh_2080","PD","HA","IntHigh","2080",98.786800794656
"03100208_77000000_SHINN_DITCH",4100,1302208,"SHINN DITCH","03100208","77000000","CANAL","tbcmp_PD_HA_IntHigh_2080","PD","HA","IntHigh","2080",1287.13041592499
"03100208_77000000_SHINN_DITCH",5200,30,"SHINN DITCH","03100208","77000000","CANAL","tbcmp_PD_HA_IntHigh_2080","PD","HA","IntHigh","2080",0.02965264572
"03100208_77000000_SHINN_DITCH",6110,873633,"SHINN DITCH","03100208","77000000","CANAL","tbcmp_PD_HA_IntHigh_2080","PD","HA","IntHigh","2080",863.517661276692
"03100208_77000000_SHINN_DITCH",6410,1142094,"SHINN DITCH","03100208","77000000","CANAL","tbcmp_PD_HA_IntHigh_2080","PD","HA","IntHigh","2080",1128.87029203126
"03100208_81000000_UNNAMED_SLOUGH",1100,74567,"UNNAMED SLOUGH","03100208","81000000","SLOUGH","tbcmp_PD_HA_IntHigh_2080","PD","HA","IntHigh","2080",73.703627780108
"03100208_81000000_UNNAMED_SLOUGH",1200,111468,"UNNAMED SLOUGH","03100208","81000000","SLOUGH","tbcmp_PD_HA_IntHigh_2080","PD","HA","IntHigh","2080",110.177370437232
"03100208_81000000_UNNAMED_SLOUGH",1900,976486,"UNNAMED SLOUGH","03100208","81000000","SLOUGH","tbcmp_PD_HA_IntHigh_2080","PD","HA","IntHigh","2080",965.179780284664
"03100208_81000000_UNNAMED_SLOUGH",2100,2891543,"UNNAMED SLOUGH","03100208","81000000","SLOUGH","tbcmp_PD_HA_IntHigh_2080","PD","HA","IntHigh","2080",2858.06333877153
"03100208_81000000_UNNAMED_SLOUGH",3200,1038606,"UNNAMED SLOUGH","03100208","81000000","SLOUGH","tbcmp_PD_HA_IntHigh_2080","PD","HA","IntHigh","2080",1026.58052535554
"03100208_81000000_UNNAMED_SLOUGH",4100,2639124,"UNNAMED SLOUGH","03100208","81000000","SLOUGH","tbcmp_PD_HA_IntHigh_2080","PD","HA","IntHigh","2080",2608.56696610498
"03100208_81000000_UNNAMED_SLOUGH",4400,1557255,"UNNAMED SLOUGH","03100208","81000000","SLOUGH","tbcmp_PD_HA_IntHigh_2080","PD","HA","IntHigh","2080",1539.22436035662
"03100208_81000000_UNNAMED_SLOUGH",5200,857,"UNNAMED SLOUGH","03100208","81000000","SLOUGH","tbcmp_PD_HA_IntHigh_2080","PD","HA","IntHigh","2080",0.847077246068
"03100208_81000000_UNNAMED_SLOUGH",6110,1486638,"UNNAMED SLOUGH","03100208","81000000","SLOUGH","tbcmp_PD_HA_IntHigh_2080","PD","HA","IntHigh","2080",1469.42499759631
"03100208_81000000_UNNAMED_SLOUGH",6410,1514825,"UNNAMED SLOUGH","03100208","81000000","SLOUGH","tbcmp_PD_HA_IntHigh_2080","PD","HA","IntHigh","2080",1497.2856350933
"03100208_83000000_GUM_SLOUGH",1100,2978960,"GUM SLOUGH","03100208","83000000","SLOUGH","tbcmp_PD_HA_IntHigh_2080","PD","HA","IntHigh","2080",2944.46818313504
"03100208_83000000_GUM_SLOUGH",1200,6342529,"GUM SLOUGH","03100208","83000000","SLOUGH","tbcmp_PD_HA_IntHigh_2080","PD","HA","IntHigh","2080",6269.09218019419
"03100208_83000000_GUM_SLOUGH",1800,22809,"GUM SLOUGH","03100208","83000000","SLOUGH","tbcmp_PD_HA_IntHigh_2080","PD","HA","IntHigh","2080",22.544906540916
"03100208_83000000_GUM_SLOUGH",1900,5763798,"GUM SLOUGH","03100208","83000000","SLOUGH","tbcmp_PD_HA_IntHigh_2080","PD","HA","IntHigh","2080",5697.06200318815
"03100208_83000000_GUM_SLOUGH",2100,704262,"GUM SLOUGH","03100208","83000000","SLOUGH","tbcmp_PD_HA_IntHigh_2080","PD","HA","IntHigh","2080",696.107719335288
"03100208_83000000_GUM_SLOUGH",2400,121164,"GUM SLOUGH","03100208","83000000","SLOUGH","tbcmp_PD_HA_IntHigh_2080","PD","HA","IntHigh","2080",119.761105533936
"03100208_83000000_GUM_SLOUGH",3200,1422087,"GUM SLOUGH","03100208","83000000","SLOUGH","tbcmp_PD_HA_IntHigh_2080","PD","HA","IntHigh","2080",1405.62139980059
"03100208_83000000_GUM_SLOUGH",4100,8082101,"GUM SLOUGH","03100208","83000000","SLOUGH","tbcmp_PD_HA_IntHigh_2080","PD","HA","IntHigh","2080",7988.52258754192
"03100208_83000000_GUM_SLOUGH",4400,842457,"GUM SLOUGH","03100208","83000000","SLOUGH","tbcmp_PD_HA_IntHigh_2080","PD","HA","IntHigh","2080",832.702631844468
"03100208_83000000_GUM_SLOUGH",5200,232353,"GUM SLOUGH","03100208","83000000","SLOUGH","tbcmp_PD_HA_IntHigh_2080","PD","HA","IntHigh","2080",229.662706365972
"03100208_83000000_GUM_SLOUGH",6110,4209653,"GUM SLOUGH","03100208","83000000","SLOUGH","tbcmp_PD_HA_IntHigh_2080","PD","HA","IntHigh","2080",4160.91163377117
"03100208_83000000_GUM_SLOUGH",6410,1748395,"GUM SLOUGH","03100208","83000000","SLOUGH","tbcmp_PD_HA_IntHigh_2080","PD","HA","IntHigh","2080",1728.15125045398
"03100208_83000000_GUM_SLOUGH",7100,33616,"GUM SLOUGH","03100208","83000000","SLOUGH","tbcmp_PD_HA_IntHigh_2080","PD","HA","IntHigh","2080",33.226777950784
"03100208_87105000_LESLIE-HEFNER_CANAL",1100,51395,"LESLIE-HEFNER CANAL","03100208","87105000","CANAL","tbcmp_PD_HA_IntHigh_2080","PD","HA","IntHigh","2080",50.79992422598
"03100208_87105000_LESLIE-HEFNER_CANAL",1200,349487,"LESLIE-HEFNER CANAL","03100208","87105000","CANAL","tbcmp_PD_HA_IntHigh_2080","PD","HA","IntHigh","2080",345.440473158188
"03100208_87105000_LESLIE-HEFNER_CANAL",1900,734,"LESLIE-HEFNER CANAL","03100208","87105000","CANAL","tbcmp_PD_HA_IntHigh_2080","PD","HA","IntHigh","2080",0.725501398616
"03100208_87105000_LESLIE-HEFNER_CANAL",2100,11532,"LESLIE-HEFNER CANAL","03100208","87105000","CANAL","tbcmp_PD_HA_IntHigh_2080","PD","HA","IntHigh","2080",11.398477014768
"03100208_87105000_LESLIE-HEFNER_CANAL",4100,573348,"LESLIE-HEFNER CANAL","03100208","87105000","CANAL","tbcmp_PD_HA_IntHigh_2080","PD","HA","IntHigh","2080",566.709503942352
"03100208_87105000_LESLIE-HEFNER_CANAL",5200,64062,"LESLIE-HEFNER CANAL","03100208","87105000","CANAL","tbcmp_PD_HA_IntHigh_2080","PD","HA","IntHigh","2080",63.320259670488
"03100208_87105000_LESLIE-HEFNER_CANAL",6110,278292,"LESLIE-HEFNER CANAL","03100208","87105000","CANAL","tbcmp_PD_HA_IntHigh_2080","PD","HA","IntHigh","2080",275.069802757008
"03100208_87105000_LESLIE-HEFNER_CANAL",6410,685147,"LESLIE-HEFNER CANAL","03100208","87105000","CANAL","tbcmp_PD_HA_IntHigh_2080","PD","HA","IntHigh","2080",677.214041904028
"03100208_87990000_TSALA_APOPKA_OUTLET",1100,22870803,"TSALA APOPKA OUTLET","03100208","87990000","CANAL","tbcmp_PD_HA_IntHigh_2080","PD","HA","IntHigh","2080",22605.9939563638
"03100208_87990000_TSALA_APOPKA_OUTLET",1200,16207604,"TSALA APOPKA OUTLET","03100208","87990000","CANAL","tbcmp_PD_HA_IntHigh_2080","PD","HA","IntHigh","2080",16019.9446460685
"03100208_87990000_TSALA_APOPKA_OUTLET",1800,367267,"TSALA APOPKA OUTLET","03100208","87990000","CANAL","tbcmp_PD_HA_IntHigh_2080","PD","HA","IntHigh","2080",363.014607854908
"03100208_87990000_TSALA_APOPKA_OUTLET",1820,860733,"TSALA APOPKA OUTLET","03100208","87990000","CANAL","tbcmp_PD_HA_IntHigh_2080","PD","HA","IntHigh","2080",850.767023617092
"03100208_87990000_TSALA_APOPKA_OUTLET",1900,6214674,"TSALA APOPKA OUTLET","03100208","87990000","CANAL","tbcmp_PD_HA_IntHigh_2080","PD","HA","IntHigh","2080",6142.71754624318
"03100208_87990000_TSALA_APOPKA_OUTLET",2100,13505403,"TSALA APOPKA OUTLET","03100208","87990000","CANAL","tbcmp_PD_HA_IntHigh_2080","PD","HA","IntHigh","2080",13349.0310154942
"03100208_87990000_TSALA_APOPKA_OUTLET",2200,22705,"TSALA APOPKA OUTLET","03100208","87990000","CANAL","tbcmp_PD_HA_IntHigh_2080","PD","HA","IntHigh","2080",22.44211070242
"03100208_87990000_TSALA_APOPKA_OUTLET",2400,98566,"TSALA APOPKA OUTLET","03100208","87990000","CANAL","tbcmp_PD_HA_IntHigh_2080","PD","HA","IntHigh","2080",97.424755934584
"03100208_87990000_TSALA_APOPKA_OUTLET",3200,904201,"TSALA APOPKA OUTLET","03100208","87990000","CANAL","tbcmp_PD_HA_IntHigh_2080","PD","HA","IntHigh","2080",893.731730422324
"03100208_87990000_TSALA_APOPKA_OUTLET",4100,31434965,"TSALA APOPKA OUTLET","03100208","87990000","CANAL","tbcmp_PD_HA_IntHigh_2080","PD","HA","IntHigh","2080",31070.9960121867
"03100208_87990000_TSALA_APOPKA_OUTLET",4400,3547530,"TSALA APOPKA OUTLET","03100208","87990000","CANAL","tbcmp_PD_HA_IntHigh_2080","PD","HA","IntHigh","2080",3506.45500903572
"03100208_87990000_TSALA_APOPKA_OUTLET",5200,4703418,"TSALA APOPKA OUTLET","03100208","87990000","CANAL","tbcmp_PD_HA_IntHigh_2080","PD","HA","IntHigh","2080",4648.95958756903
"03100208_87990000_TSALA_APOPKA_OUTLET",6110,4340665,"TSALA APOPKA OUTLET","03100208","87990000","CANAL","tbcmp_PD_HA_IntHigh_2080","PD","HA","IntHigh","2080",4290.40671447346
"03100208_87990000_TSALA_APOPKA_OUTLET",6410,16641899,"TSALA APOPKA OUTLET","03100208","87990000","CANAL","tbcmp_PD_HA_IntHigh_2080","PD","HA","IntHigh","2080",16449.2111718341
"03100208_87990000_TSALA_APOPKA_OUTLET",7100,3372,"TSALA APOPKA OUTLET","03100208","87990000","CANAL","tbcmp_PD_HA_IntHigh_2080","PD","HA","IntHigh","2080",3.332957378928
"03100208_91000000_TURNER_CREEK",1100,10863,"TURNER CREEK","03100208","91000000","STREAM","tbcmp_PD_HA_IntHigh_2080","PD","HA","IntHigh","2080",10.737223015212
"03100208_91000000_TURNER_CREEK",1900,5019,"TURNER CREEK","03100208","91000000","STREAM","tbcmp_PD_HA_IntHigh_2080","PD","HA","IntHigh","2080",4.960887628956
"03100208_91000000_TURNER_CREEK",4100,40727,"TURNER CREEK","03100208","91000000","STREAM","tbcmp_PD_HA_IntHigh_2080","PD","HA","IntHigh","2080",40.255443407948
"03100208_91000000_TURNER_CREEK",4400,6288,"TURNER CREEK","03100208","91000000","STREAM","tbcmp_PD_HA_IntHigh_2080","PD","HA","IntHigh","2080",6.215194542912
"03100208_91000000_TURNER_CREEK",5200,430,"TURNER CREEK","03100208","91000000","STREAM","tbcmp_PD_HA_IntHigh_2080","PD","HA","IntHigh","2080",0.42502125532
"03100208_91000000_TURNER_CREEK",6110,14284,"TURNER CREEK","03100208","91000000","STREAM","tbcmp_PD_HA_IntHigh_2080","PD","HA","IntHigh","2080",14.118613048816
"03100208_91000000_TURNER_CREEK",6410,260,"TURNER CREEK","03100208","91000000","STREAM","tbcmp_PD_HA_IntHigh_2080","PD","HA","IntHigh","2080",0.25698959624
"03100208_92000000_BELL_BRANCH",2100,117,"BELL BRANCH","03100208","92000000","STREAM","tbcmp_PD_HA_IntHigh_2080","PD","HA","IntHigh","2080",0.115645318308
"03100208_92000000_BELL_BRANCH",4100,393,"BELL BRANCH","03100208","92000000","STREAM","tbcmp_PD_HA_IntHigh_2080","PD","HA","IntHigh","2080",0.388449658932
"03100208_92000000_BELL_BRANCH",4400,10917,"BELL BRANCH","03100208","92000000","STREAM","tbcmp_PD_HA_IntHigh_2080","PD","HA","IntHigh","2080",10.790597777508
"03100208_92000000_BELL_BRANCH",6110,598,"BELL BRANCH","03100208","92000000","STREAM","tbcmp_PD_HA_IntHigh_2080","PD","HA","IntHigh","2080",0.591076071352
"03100208_92000000_BELL_BRANCH",6410,122,"BELL BRANCH","03100208","92000000","STREAM","tbcmp_PD_HA_IntHigh_2080","PD","HA","IntHigh","2080",0.120587425928
"03100208_98000000_WITHLACOOCHEE_RIVER",1100,10148609,"WITHLACOOCHEE RIVER","03100208","98000000","STREAM","tbcmp_PD_HA_IntHigh_2080","PD","HA","IntHigh","2080",10031.1035742601
"03100208_98000000_WITHLACOOCHEE_RIVER",1200,6837089,"WITHLACOOCHEE RIVER","03100208","98000000","STREAM","tbcmp_PD_HA_IntHigh_2080","PD","HA","IntHigh","2080",6757.92592910364
"03100208_98000000_WITHLACOOCHEE_RIVER",1800,123881,"WITHLACOOCHEE RIVER","03100208","98000000","STREAM","tbcmp_PD_HA_IntHigh_2080","PD","HA","IntHigh","2080",122.446646814644
"03100208_98000000_WITHLACOOCHEE_RIVER",1820,196046,"WITHLACOOCHEE RIVER","03100208","98000000","STREAM","tbcmp_PD_HA_IntHigh_2080","PD","HA","IntHigh","2080",193.776086094104
"03100208_98000000_WITHLACOOCHEE_RIVER",1900,1412819,"WITHLACOOCHEE RIVER","03100208","98000000","STREAM","tbcmp_PD_HA_IntHigh_2080","PD","HA","IntHigh","2080",1396.46070911616
"03100208_98000000_WITHLACOOCHEE_RIVER",2100,7363191,"WITHLACOOCHEE RIVER","03100208","98000000","STREAM","tbcmp_PD_HA_IntHigh_2080","PD","HA","IntHigh","2080",7277.93646972308
"03100208_98000000_WITHLACOOCHEE_RIVER",2200,20920,"WITHLACOOCHEE RIVER","03100208","98000000","STREAM","tbcmp_PD_HA_IntHigh_2080","PD","HA","IntHigh","2080",20.67777828208
"03100208_98000000_WITHLACOOCHEE_RIVER",2400,578198,"WITHLACOOCHEE RIVER","03100208","98000000","STREAM","tbcmp_PD_HA_IntHigh_2080","PD","HA","IntHigh","2080",571.503348333752
"03100208_98000000_WITHLACOOCHEE_RIVER",3200,206443,"WITHLACOOCHEE RIVER","03100208","98000000","STREAM","tbcmp_PD_HA_IntHigh_2080","PD","HA","IntHigh","2080",204.052704679132
"03100208_98000000_WITHLACOOCHEE_RIVER",4100,14921191,"WITHLACOOCHEE RIVER","03100208","98000000","STREAM","tbcmp_PD_HA_IntHigh_2080","PD","HA","IntHigh","2080",14748.4263481151
"03100208_98000000_WITHLACOOCHEE_RIVER",4400,877173,"WITHLACOOCHEE RIVER","03100208","98000000","STREAM","tbcmp_PD_HA_IntHigh_2080","PD","HA","IntHigh","2080",867.016673471652
"03100208_98000000_WITHLACOOCHEE_RIVER",5200,451556,"WITHLACOOCHEE RIVER","03100208","98000000","STREAM","tbcmp_PD_HA_IntHigh_2080","PD","HA","IntHigh","2080",446.327669691344
"03100208_98000000_WITHLACOOCHEE_RIVER",6110,650880,"WITHLACOOCHEE RIVER","03100208","98000000","STREAM","tbcmp_PD_HA_IntHigh_2080","PD","HA","IntHigh","2080",643.34380154112
"03100208_98000000_WITHLACOOCHEE_RIVER",6410,1717321,"WITHLACOOCHEE RIVER","03100208","98000000","STREAM","tbcmp_PD_HA_IntHigh_2080","PD","HA","IntHigh","2080",1697.4370400172
"03100208_99000000_WITHLACOOCHEE_RIVER",0,3,"WITHLACOOCHEE RIVER","03100208","99000000","STREAM","tbcmp_PD_HA_IntHigh_2080","PD","HA","IntHigh","2080",0.002965264572
"03100208_99000000_WITHLACOOCHEE_RIVER",1100,27371185,"WITHLACOOCHEE RIVER","03100208","99000000","STREAM","tbcmp_PD_HA_IntHigh_2080","PD","HA","IntHigh","2080",27054.2683913859
"03100208_99000000_WITHLACOOCHEE_RIVER",1200,11179146,"WITHLACOOCHEE RIVER","03100208","99000000","STREAM","tbcmp_PD_HA_IntHigh_2080","PD","HA","IntHigh","2080",11049.7085263385
"03100208_99000000_WITHLACOOCHEE_RIVER",1800,373897,"WITHLACOOCHEE RIVER","03100208","99000000","STREAM","tbcmp_PD_HA_IntHigh_2080","PD","HA","IntHigh","2080",369.567842559028
"03100208_99000000_WITHLACOOCHEE_RIVER",1820,495469,"WITHLACOOCHEE RIVER","03100208","99000000","STREAM","tbcmp_PD_HA_IntHigh_2080","PD","HA","IntHigh","2080",489.732224074756
"03100208_99000000_WITHLACOOCHEE_RIVER",1900,13683652,"WITHLACOOCHEE RIVER","03100208","99000000","STREAM","tbcmp_PD_HA_IntHigh_2080","PD","HA","IntHigh","2080",13525.2161637256
"03100208_99000000_WITHLACOOCHEE_RIVER",2100,37232467,"WITHLACOOCHEE RIVER","03100208","99000000","STREAM","tbcmp_PD_HA_IntHigh_2080","PD","HA","IntHigh","2080",36801.3717744197
"03100208_99000000_WITHLACOOCHEE_RIVER",2200,309302,"WITHLACOOCHEE RIVER","03100208","99000000","STREAM","tbcmp_PD_HA_IntHigh_2080","PD","HA","IntHigh","2080",305.720754216248
"03100208_99000000_WITHLACOOCHEE_RIVER",2400,170071,"WITHLACOOCHEE RIVER","03100208","99000000","STREAM","tbcmp_PD_HA_IntHigh_2080","PD","HA","IntHigh","2080",168.101837008204
"03100208_99000000_WITHLACOOCHEE_RIVER",3200,5305110,"WITHLACOOCHEE RIVER","03100208","99000000","STREAM","tbcmp_PD_HA_IntHigh_2080","PD","HA","IntHigh","2080",5243.68491118764
"03100208_99000000_WITHLACOOCHEE_RIVER",4100,59757642,"WITHLACOOCHEE RIVER","03100208","99000000","STREAM","tbcmp_PD_HA_IntHigh_2080","PD","HA","IntHigh","2080",59065.7395762864
"03100208_99000000_WITHLACOOCHEE_RIVER",4400,13823426,"WITHLACOOCHEE RIVER","03100208","99000000","STREAM","tbcmp_PD_HA_IntHigh_2080","PD","HA","IntHigh","2080",13663.3717938212
"03100208_99000000_WITHLACOOCHEE_RIVER",5200,6002488,"WITHLACOOCHEE RIVER","03100208","99000000","STREAM","tbcmp_PD_HA_IntHigh_2080","PD","HA","IntHigh","2080",5932.98833675171
"03100208_99000000_WITHLACOOCHEE_RIVER",5400,669136,"WITHLACOOCHEE RIVER","03100208","99000000","STREAM","tbcmp_PD_HA_IntHigh_2080","PD","HA","IntHigh","2080",661.388424883264
"03100208_99000000_WITHLACOOCHEE_RIVER",6110,34928830,"WITHLACOOCHEE RIVER","03100208","99000000","STREAM","tbcmp_PD_HA_IntHigh_2080","PD","HA","IntHigh","2080",34524.4073801369
"03100208_99000000_WITHLACOOCHEE_RIVER",6120,370198,"WITHLACOOCHEE RIVER","03100208","99000000","STREAM","tbcmp_PD_HA_IntHigh_2080","PD","HA","IntHigh","2080",365.911671341752
"03100208_99000000_WITHLACOOCHEE_RIVER",6410,16225604,"WITHLACOOCHEE RIVER","03100208","99000000","STREAM","tbcmp_PD_HA_IntHigh_2080","PD","HA","IntHigh","2080",16037.7362335005
"03100208_99000000_WITHLACOOCHEE_RIVER",6420,153170,"WITHLACOOCHEE RIVER","03100208","99000000","STREAM","tbcmp_PD_HA_IntHigh_2080","PD","HA","IntHigh","2080",151.39652483108
"03100208_99000000_WITHLACOOCHEE_RIVER",6425,325003,"WITHLACOOCHEE RIVER","03100208","99000000","STREAM","tbcmp_PD_HA_IntHigh_2080","PD","HA","IntHigh","2080",321.239960564572
"03100208_99000000_WITHLACOOCHEE_RIVER",6510,250712,"WITHLACOOCHEE RIVER","03100208","99000000","STREAM","tbcmp_PD_HA_IntHigh_2080","PD","HA","IntHigh","2080",247.809137125088
"03100208_99000000_WITHLACOOCHEE_RIVER",6600,197186,"WITHLACOOCHEE RIVER","03100208","99000000","STREAM","tbcmp_PD_HA_IntHigh_2080","PD","HA","IntHigh","2080",194.902886631464
"03100208_99000000_WITHLACOOCHEE_RIVER",9113,994454,"WITHLACOOCHEE RIVER","03100208","99000000","STREAM","tbcmp_PD_HA_IntHigh_2080","PD","HA","IntHigh","2080",982.939738227896
"03100208_NA_OUTLET_RIVER",1100,354020,"OUTLET RIVER","03100208",NA,"STREAM","tbcmp_PD_HA_IntHigh_2080","PD","HA","IntHigh","2080",349.92098792648
"03100208_NA_OUTLET_RIVER",1200,343905,"OUTLET RIVER","03100208",NA,"STREAM","tbcmp_PD_HA_IntHigh_2080","PD","HA","IntHigh","2080",339.92310421122
"03100208_NA_OUTLET_RIVER",1800,34538,"OUTLET RIVER","03100208",NA,"STREAM","tbcmp_PD_HA_IntHigh_2080","PD","HA","IntHigh","2080",34.138102595912
"03100208_NA_OUTLET_RIVER",1900,60336,"OUTLET RIVER","03100208",NA,"STREAM","tbcmp_PD_HA_IntHigh_2080","PD","HA","IntHigh","2080",59.637401072064
"03100208_NA_OUTLET_RIVER",2100,453312,"OUTLET RIVER","03100208",NA,"STREAM","tbcmp_PD_HA_IntHigh_2080","PD","HA","IntHigh","2080",448.063337887488
"03100208_NA_OUTLET_RIVER",4100,439130,"OUTLET RIVER","03100208",NA,"STREAM","tbcmp_PD_HA_IntHigh_2080","PD","HA","IntHigh","2080",434.04554383412
"03100208_NA_OUTLET_RIVER",5200,45001,"OUTLET RIVER","03100208",NA,"STREAM","tbcmp_PD_HA_IntHigh_2080","PD","HA","IntHigh","2080",44.479957001524
"03100208_NA_OUTLET_RIVER",6110,287008,"OUTLET RIVER","03100208",NA,"STREAM","tbcmp_PD_HA_IntHigh_2080","PD","HA","IntHigh","2080",283.684884760192
"03100208_NA_OUTLET_RIVER",6410,83484,"OUTLET RIVER","03100208",NA,"STREAM","tbcmp_PD_HA_IntHigh_2080","PD","HA","IntHigh","2080",82.517382509616
"03100208_NA_RAINBOW_RIVER",1100,80086,"RAINBOW RIVER","03100208",NA,"STREAM","tbcmp_PD_HA_IntHigh_2080","PD","HA","IntHigh","2080",79.158726171064
"03100208_NA_RAINBOW_RIVER",1200,152238,"RAINBOW RIVER","03100208",NA,"STREAM","tbcmp_PD_HA_IntHigh_2080","PD","HA","IntHigh","2080",150.475315970712
"03100208_NA_RAINBOW_RIVER",1800,21235,"RAINBOW RIVER","03100208",NA,"STREAM","tbcmp_PD_HA_IntHigh_2080","PD","HA","IntHigh","2080",20.98913106214
"03100208_NA_RAINBOW_RIVER",1900,18580,"RAINBOW RIVER","03100208",NA,"STREAM","tbcmp_PD_HA_IntHigh_2080","PD","HA","IntHigh","2080",18.36487191592
"03100208_NA_RAINBOW_RIVER",2100,158172,"RAINBOW RIVER","03100208",NA,"STREAM","tbcmp_PD_HA_IntHigh_2080","PD","HA","IntHigh","2080",156.340609294128
"03100208_NA_RAINBOW_RIVER",4100,127914,"RAINBOW RIVER","03100208",NA,"STREAM","tbcmp_PD_HA_IntHigh_2080","PD","HA","IntHigh","2080",126.432950820936
"03100208_NA_RAINBOW_RIVER",4400,274443,"RAINBOW RIVER","03100208",NA,"STREAM","tbcmp_PD_HA_IntHigh_2080","PD","HA","IntHigh","2080",271.265368311132
"03100208_NA_RAINBOW_RIVER",5200,24021,"RAINBOW RIVER","03100208",NA,"STREAM","tbcmp_PD_HA_IntHigh_2080","PD","HA","IntHigh","2080",23.742873428004
"03100208_NA_RAINBOW_RIVER",6110,47077,"RAINBOW RIVER","03100208",NA,"STREAM","tbcmp_PD_HA_IntHigh_2080","PD","HA","IntHigh","2080",46.531920085348
"03100208_NA_RAINBOW_RIVER",6410,8502,"RAINBOW RIVER","03100208",NA,"STREAM","tbcmp_PD_HA_IntHigh_2080","PD","HA","IntHigh","2080",8.403559797048
"03110101_99999900_DIRECT_RUNOFF_TO_GULF",0,419,"DIRECT RUNOFF TO GULF","03110101","99999900","RUNOFF","tbcmp_PD_HA_IntHigh_2080","PD","HA","IntHigh","2080",0.414148618556
"03110101_99999900_DIRECT_RUNOFF_TO_GULF",1100,344957,"DIRECT RUNOFF TO GULF","03110101","99999900","RUNOFF","tbcmp_PD_HA_IntHigh_2080","PD","HA","IntHigh","2080",340.962923654468
"03110101_99999900_DIRECT_RUNOFF_TO_GULF",1200,36275,"DIRECT RUNOFF TO GULF","03110101","99999900","RUNOFF","tbcmp_PD_HA_IntHigh_2080","PD","HA","IntHigh","2080",35.8549907831
"03110101_99999900_DIRECT_RUNOFF_TO_GULF",1800,2198,"DIRECT RUNOFF TO GULF","03110101","99999900","RUNOFF","tbcmp_PD_HA_IntHigh_2080","PD","HA","IntHigh","2080",2.172550509752
"03110101_99999900_DIRECT_RUNOFF_TO_GULF",1900,43591,"DIRECT RUNOFF TO GULF","03110101","99999900","RUNOFF","tbcmp_PD_HA_IntHigh_2080","PD","HA","IntHigh","2080",43.086282652684
"03110101_99999900_DIRECT_RUNOFF_TO_GULF",3200,44635,"DIRECT RUNOFF TO GULF","03110101","99999900","RUNOFF","tbcmp_PD_HA_IntHigh_2080","PD","HA","IntHigh","2080",44.11819472374
"03110101_99999900_DIRECT_RUNOFF_TO_GULF",4100,420763,"DIRECT RUNOFF TO GULF","03110101","99999900","RUNOFF","tbcmp_PD_HA_IntHigh_2080","PD","HA","IntHigh","2080",415.891205702812
"03110101_99999900_DIRECT_RUNOFF_TO_GULF",4400,1233164,"DIRECT RUNOFF TO GULF","03110101","99999900","RUNOFF","tbcmp_PD_HA_IntHigh_2080","PD","HA","IntHigh","2080",1218.88584022194
"03110101_99999900_DIRECT_RUNOFF_TO_GULF",5200,1251,"DIRECT RUNOFF TO GULF","03110101","99999900","RUNOFF","tbcmp_PD_HA_IntHigh_2080","PD","HA","IntHigh","2080",1.236515326524
"03110101_99999900_DIRECT_RUNOFF_TO_GULF",5400,162061,"DIRECT RUNOFF TO GULF","03110101","99999900","RUNOFF","tbcmp_PD_HA_IntHigh_2080","PD","HA","IntHigh","2080",160.184580600964
"03110101_99999900_DIRECT_RUNOFF_TO_GULF",6110,737887,"DIRECT RUNOFF TO GULF","03110101","99999900","RUNOFF","tbcmp_PD_HA_IntHigh_2080","PD","HA","IntHigh","2080",729.343393079788
"03110101_99999900_DIRECT_RUNOFF_TO_GULF",6120,1702003,"DIRECT RUNOFF TO GULF","03110101","99999900","RUNOFF","tbcmp_PD_HA_IntHigh_2080","PD","HA","IntHigh","2080",1682.29639911257
"03110101_99999900_DIRECT_RUNOFF_TO_GULF",6410,85231,"DIRECT RUNOFF TO GULF","03110101","99999900","RUNOFF","tbcmp_PD_HA_IntHigh_2080","PD","HA","IntHigh","2080",84.244154912044
"03110101_99999900_DIRECT_RUNOFF_TO_GULF",6420,161889,"DIRECT RUNOFF TO GULF","03110101","99999900","RUNOFF","tbcmp_PD_HA_IntHigh_2080","PD","HA","IntHigh","2080",160.014572098836
"03110101_99999900_DIRECT_RUNOFF_TO_GULF",6425,102260,"DIRECT RUNOFF TO GULF","03110101","99999900","RUNOFF","tbcmp_PD_HA_IntHigh_2080","PD","HA","IntHigh","2080",101.07598504424
"03110101_99999900_DIRECT_RUNOFF_TO_GULF",6510,87976,"DIRECT RUNOFF TO GULF","03110101","99999900","RUNOFF","tbcmp_PD_HA_IntHigh_2080","PD","HA","IntHigh","2080",86.957371995424
"03110101_99999900_DIRECT_RUNOFF_TO_GULF",6600,312046,"DIRECT RUNOFF TO GULF","03110101","99999900","RUNOFF","tbcmp_PD_HA_IntHigh_2080","PD","HA","IntHigh","2080",308.432982878104
"03110101_99999900_DIRECT_RUNOFF_TO_GULF",9113,1752152,"DIRECT RUNOFF TO GULF","03110101","99999900","RUNOFF","tbcmp_PD_HA_IntHigh_2080","PD","HA","IntHigh","2080",1731.86475011965
