"id","value","count","basin_name","basin_huc8","basin_huc","basin_feat","filename","land_policy","accretion","slr_scenario","yr","acres"
"03080102_70880000_TIGER_LAKE_OUTLET",1100,10396,"TIGER LAKE OUTLET","03080102","70880000","OUTLET","tbcmp_AM_LA_IntHigh_2050","AM","LA","IntHigh","2050",10.275630163504
"03080102_70880000_TIGER_LAKE_OUTLET",1200,3016,"TIGER LAKE OUTLET","03080102","70880000","OUTLET","tbcmp_AM_LA_IntHigh_2050","AM","LA","IntHigh","2050",2.981079316384
"03080102_70880000_TIGER_LAKE_OUTLET",1900,1472,"TIGER LAKE OUTLET","03080102","70880000","OUTLET","tbcmp_AM_LA_IntHigh_2050","AM","LA","IntHigh","2050",1.454956483328
"03080102_70880000_TIGER_LAKE_OUTLET",2100,26641,"TIGER LAKE OUTLET","03080102","70880000","OUTLET","tbcmp_AM_LA_IntHigh_2050","AM","LA","IntHigh","2050",26.332537820884
"03080102_70880000_TIGER_LAKE_OUTLET",4100,7694,"TIGER LAKE OUTLET","03080102","70880000","OUTLET","tbcmp_AM_LA_IntHigh_2050","AM","LA","IntHigh","2050",7.604915205656
"03080102_70880000_TIGER_LAKE_OUTLET",5400,2446021,"TIGER LAKE OUTLET","03080102","70880000","OUTLET","tbcmp_AM_LA_IntHigh_2050","AM","LA","IntHigh","2050",2417.699804556
"03080102_70880000_TIGER_LAKE_OUTLET",6410,4753,"TIGER LAKE OUTLET","03080102","70880000","OUTLET","tbcmp_AM_LA_IntHigh_2050","AM","LA","IntHigh","2050",4.697967503572
"03080102_70900000_NONCONTRIBUTING_AREA",1100,67236,"NONCONTRIBUTING AREA","03080102","70900000","NONCON","tbcmp_AM_LA_IntHigh_2050","AM","LA","IntHigh","2050",66.457509587664
"03080102_70900000_NONCONTRIBUTING_AREA",1200,59088,"NONCONTRIBUTING AREA","03080102","70900000","NONCON","tbcmp_AM_LA_IntHigh_2050","AM","LA","IntHigh","2050",58.403851010112
"03080102_70900000_NONCONTRIBUTING_AREA",1900,6891,"NONCONTRIBUTING AREA","03080102","70900000","NONCON","tbcmp_AM_LA_IntHigh_2050","AM","LA","IntHigh","2050",6.811212721884
"03080102_70900000_NONCONTRIBUTING_AREA",2100,364304,"NONCONTRIBUTING AREA","03080102","70900000","NONCON","tbcmp_AM_LA_IntHigh_2050","AM","LA","IntHigh","2050",360.085914879296
"03080102_70900000_NONCONTRIBUTING_AREA",4100,7996,"NONCONTRIBUTING AREA","03080102","70900000","NONCON","tbcmp_AM_LA_IntHigh_2050","AM","LA","IntHigh","2050",7.903418505904
"03080102_70900000_NONCONTRIBUTING_AREA",5200,2902,"NONCONTRIBUTING AREA","03080102","70900000","NONCON","tbcmp_AM_LA_IntHigh_2050","AM","LA","IntHigh","2050",2.868399262648
"03080102_70900000_NONCONTRIBUTING_AREA",5400,270885,"NONCONTRIBUTING AREA","03080102","70900000","NONCON","tbcmp_AM_LA_IntHigh_2050","AM","LA","IntHigh","2050",267.74856452874
"03080102_70900000_NONCONTRIBUTING_AREA",6410,13115,"NONCONTRIBUTING AREA","03080102","70900000","NONCON","tbcmp_AM_LA_IntHigh_2050","AM","LA","IntHigh","2050",12.96314828726
"03080102_77990000_SILVER_RIVER",4100,215552,"SILVER RIVER","03080102","77990000","STREAM","tbcmp_AM_LA_IntHigh_2050","AM","LA","IntHigh","2050",213.056236341248
"03100101_33000000_MINED_AREA",1900,448144,"MINED AREA","03100101","33000000","NONCON","tbcmp_AM_LA_IntHigh_2050","AM","LA","IntHigh","2050",442.955175451456
"03100101_33000000_MINED_AREA",5200,38515,"MINED AREA","03100101","33000000","NONCON","tbcmp_AM_LA_IntHigh_2050","AM","LA","IntHigh","2050",38.06905499686
"03100101_33000000_MINED_AREA",6410,92299,"MINED AREA","03100101","33000000","NONCON","tbcmp_AM_LA_IntHigh_2050","AM","LA","IntHigh","2050",91.230318243676
"03100101_33990000_PAYNE_CREEK",1100,4521,"PAYNE CREEK","03100101","33990000","STREAM","tbcmp_AM_LA_IntHigh_2050","AM","LA","IntHigh","2050",4.468653710004
"03100101_33990000_PAYNE_CREEK",1200,252407,"PAYNE CREEK","03100101","33990000","STREAM","tbcmp_AM_LA_IntHigh_2050","AM","LA","IntHigh","2050",249.484511608268
"03100101_33990000_PAYNE_CREEK",1900,670054,"PAYNE CREEK","03100101","33990000","STREAM","tbcmp_AM_LA_IntHigh_2050","AM","LA","IntHigh","2050",662.295795842296
"03100101_33990000_PAYNE_CREEK",4400,20156,"PAYNE CREEK","03100101","33990000","STREAM","tbcmp_AM_LA_IntHigh_2050","AM","LA","IntHigh","2050",19.922624237744
"03100101_33990000_PAYNE_CREEK",5200,34187,"PAYNE CREEK","03100101","33990000","STREAM","tbcmp_AM_LA_IntHigh_2050","AM","LA","IntHigh","2050",33.791166640988
"03100101_33990000_PAYNE_CREEK",6110,121261,"PAYNE CREEK","03100101","33990000","STREAM","tbcmp_AM_LA_IntHigh_2050","AM","LA","IntHigh","2050",119.856982421764
"03100101_33990000_PAYNE_CREEK",6410,271616,"PAYNE CREEK","03100101","33990000","STREAM","tbcmp_AM_LA_IntHigh_2050","AM","LA","IntHigh","2050",268.471100662784
"03100101_85000000_MINED_AREA",1200,1127386,"MINED AREA","03100101","85000000","NONCON","tbcmp_AM_LA_IntHigh_2050","AM","LA","IntHigh","2050",1114.33258825626
"03100101_85300000_WEST_FORK_HORSE_CREEK",1200,3037146,"WEST FORK HORSE CREEK","03100101","85300000","STREAM","tbcmp_AM_LA_IntHigh_2050","AM","LA","IntHigh","2050",3001.9804779305
"03100101_85300000_WEST_FORK_HORSE_CREEK",1900,265953,"WEST FORK HORSE CREEK","03100101","85300000","STREAM","tbcmp_AM_LA_IntHigh_2050","AM","LA","IntHigh","2050",262.873669572372
"03100101_85300000_WEST_FORK_HORSE_CREEK",2100,633527,"WEST FORK HORSE CREEK","03100101","85300000","STREAM","tbcmp_AM_LA_IntHigh_2050","AM","LA","IntHigh","2050",626.191722835148
"03100101_85300000_WEST_FORK_HORSE_CREEK",2200,202893,"WEST FORK HORSE CREEK","03100101","85300000","STREAM","tbcmp_AM_LA_IntHigh_2050","AM","LA","IntHigh","2050",200.543808268932
"03100101_85300000_WEST_FORK_HORSE_CREEK",2400,26686,"WEST FORK HORSE CREEK","03100101","85300000","STREAM","tbcmp_AM_LA_IntHigh_2050","AM","LA","IntHigh","2050",26.377016789464
"03100101_85300000_WEST_FORK_HORSE_CREEK",3200,280400,"WEST FORK HORSE CREEK","03100101","85300000","STREAM","tbcmp_AM_LA_IntHigh_2050","AM","LA","IntHigh","2050",277.1533953296
"03100101_85300000_WEST_FORK_HORSE_CREEK",4100,263526,"WEST FORK HORSE CREEK","03100101","85300000","STREAM","tbcmp_AM_LA_IntHigh_2050","AM","LA","IntHigh","2050",260.474770533624
"03100101_85300000_WEST_FORK_HORSE_CREEK",4400,46538,"WEST FORK HORSE CREEK","03100101","85300000","STREAM","tbcmp_AM_LA_IntHigh_2050","AM","LA","IntHigh","2050",45.999160883912
"03100101_85300000_WEST_FORK_HORSE_CREEK",5200,535,"WEST FORK HORSE CREEK","03100101","85300000","STREAM","tbcmp_AM_LA_IntHigh_2050","AM","LA","IntHigh","2050",0.52880551534
"03100101_85300000_WEST_FORK_HORSE_CREEK",6110,494038,"WEST FORK HORSE CREEK","03100101","85300000","STREAM","tbcmp_AM_LA_IntHigh_2050","AM","LA","IntHigh","2050",488.317792873912
"03100101_85300000_WEST_FORK_HORSE_CREEK",6410,303954,"WEST FORK HORSE CREEK","03100101","85300000","STREAM","tbcmp_AM_LA_IntHigh_2050","AM","LA","IntHigh","2050",300.434675905896
"03100101_85360000_UNNAMED_STREAM",1100,52799,"UNNAMED STREAM","03100101","85360000","STREAM","tbcmp_AM_LA_IntHigh_2050","AM","LA","IntHigh","2050",52.187668045676
"03100101_85360000_UNNAMED_STREAM",1900,18268,"UNNAMED STREAM","03100101","85360000","STREAM","tbcmp_AM_LA_IntHigh_2050","AM","LA","IntHigh","2050",18.056484400432
"03100101_85360000_UNNAMED_STREAM",2100,449951,"UNNAMED STREAM","03100101","85360000","STREAM","tbcmp_AM_LA_IntHigh_2050","AM","LA","IntHigh","2050",444.741253145324
"03100101_85360000_UNNAMED_STREAM",3200,3303,"UNNAMED STREAM","03100101","85360000","STREAM","tbcmp_AM_LA_IntHigh_2050","AM","LA","IntHigh","2050",3.264756293772
"03100101_85360000_UNNAMED_STREAM",4100,184902,"UNNAMED STREAM","03100101","85360000","STREAM","tbcmp_AM_LA_IntHigh_2050","AM","LA","IntHigh","2050",182.761116630648
"03100101_85360000_UNNAMED_STREAM",4400,5146,"UNNAMED STREAM","03100101","85360000","STREAM","tbcmp_AM_LA_IntHigh_2050","AM","LA","IntHigh","2050",5.086417162504
"03100101_85360000_UNNAMED_STREAM",5200,878,"UNNAMED STREAM","03100101","85360000","STREAM","tbcmp_AM_LA_IntHigh_2050","AM","LA","IntHigh","2050",0.867834098072
"03100101_85360000_UNNAMED_STREAM",6110,96070,"UNNAMED STREAM","03100101","85360000","STREAM","tbcmp_AM_LA_IntHigh_2050","AM","LA","IntHigh","2050",94.95765581068
"03100101_85360000_UNNAMED_STREAM",6410,22489,"UNNAMED STREAM","03100101","85360000","STREAM","tbcmp_AM_LA_IntHigh_2050","AM","LA","IntHigh","2050",22.228611653236
"03100101_85400000_ELDER_CREEK",1200,14468,"ELDER CREEK","03100101","85400000","STREAM","tbcmp_AM_LA_IntHigh_2050","AM","LA","IntHigh","2050",14.300482609232
"03100101_85400000_ELDER_CREEK",1900,368702,"ELDER CREEK","03100101","85400000","STREAM","tbcmp_AM_LA_IntHigh_2050","AM","LA","IntHigh","2050",364.432992741848
"03100101_85400000_ELDER_CREEK",2100,162818,"ELDER CREEK","03100101","85400000","STREAM","tbcmp_AM_LA_IntHigh_2050","AM","LA","IntHigh","2050",160.932815694632
"03100101_85400000_ELDER_CREEK",2200,724365,"ELDER CREEK","03100101","85400000","STREAM","tbcmp_AM_LA_IntHigh_2050","AM","LA","IntHigh","2050",715.97795723226
"03100101_85400000_ELDER_CREEK",3200,29339,"ELDER CREEK","03100101","85400000","STREAM","tbcmp_AM_LA_IntHigh_2050","AM","LA","IntHigh","2050",28.999299092636
"03100101_85400000_ELDER_CREEK",4100,10934,"ELDER CREEK","03100101","85400000","STREAM","tbcmp_AM_LA_IntHigh_2050","AM","LA","IntHigh","2050",10.807400943416
"03100101_85400000_ELDER_CREEK",5200,141,"ELDER CREEK","03100101","85400000","STREAM","tbcmp_AM_LA_IntHigh_2050","AM","LA","IntHigh","2050",0.139367434884
"03100101_85400000_ELDER_CREEK",6110,157840,"ELDER CREEK","03100101","85400000","STREAM","tbcmp_AM_LA_IntHigh_2050","AM","LA","IntHigh","2050",156.01245334816
"03100101_85400000_ELDER_CREEK",6410,274965,"ELDER CREEK","03100101","85400000","STREAM","tbcmp_AM_LA_IntHigh_2050","AM","LA","IntHigh","2050",271.78132434666
"03100101_85420000_CYPRESS_CREEK",2100,112888,"CYPRESS CREEK","03100101","85420000","STREAM","tbcmp_AM_LA_IntHigh_2050","AM","LA","IntHigh","2050",111.580929001312
"03100101_85420000_CYPRESS_CREEK",2200,811,"CYPRESS CREEK","03100101","85420000","STREAM","tbcmp_AM_LA_IntHigh_2050","AM","LA","IntHigh","2050",0.801609855964
"03100101_85420000_CYPRESS_CREEK",3200,8264,"CYPRESS CREEK","03100101","85420000","STREAM","tbcmp_AM_LA_IntHigh_2050","AM","LA","IntHigh","2050",8.168315474336
"03100101_85420000_CYPRESS_CREEK",4100,38224,"CYPRESS CREEK","03100101","85420000","STREAM","tbcmp_AM_LA_IntHigh_2050","AM","LA","IntHigh","2050",37.781424333376
"03100101_85420000_CYPRESS_CREEK",5200,178,"CYPRESS CREEK","03100101","85420000","STREAM","tbcmp_AM_LA_IntHigh_2050","AM","LA","IntHigh","2050",0.175939031272
"03100101_85420000_CYPRESS_CREEK",6110,868,"CYPRESS CREEK","03100101","85420000","STREAM","tbcmp_AM_LA_IntHigh_2050","AM","LA","IntHigh","2050",0.857949882832
"03100101_85420000_CYPRESS_CREEK",6410,25141,"CYPRESS CREEK","03100101","85420000","STREAM","tbcmp_AM_LA_IntHigh_2050","AM","LA","IntHigh","2050",24.849905534884
"03100101_85730000_BUZZARD_ROOST_BRANCH",1900,3953,"BUZZARD ROOST BRANCH","03100101","85730000","STREAM","tbcmp_AM_LA_IntHigh_2050","AM","LA","IntHigh","2050",3.907230284372
"03100101_85730000_BUZZARD_ROOST_BRANCH",2100,106464,"BUZZARD ROOST BRANCH","03100101","85730000","STREAM","tbcmp_AM_LA_IntHigh_2050","AM","LA","IntHigh","2050",105.231309131136
"03100101_85730000_BUZZARD_ROOST_BRANCH",3200,94561,"BUZZARD ROOST BRANCH","03100101","85730000","STREAM","tbcmp_AM_LA_IntHigh_2050","AM","LA","IntHigh","2050",93.466127730964
"03100101_85730000_BUZZARD_ROOST_BRANCH",4100,137125,"BUZZARD ROOST BRANCH","03100101","85730000","STREAM","tbcmp_AM_LA_IntHigh_2050","AM","LA","IntHigh","2050",135.5373014785
"03100101_85730000_BUZZARD_ROOST_BRANCH",6110,86862,"BUZZARD ROOST BRANCH","03100101","85730000","STREAM","tbcmp_AM_LA_IntHigh_2050","AM","LA","IntHigh","2050",85.856270417688
"03100101_85730000_BUZZARD_ROOST_BRANCH",6410,29772,"BUZZARD ROOST BRANCH","03100101","85730000","STREAM","tbcmp_AM_LA_IntHigh_2050","AM","LA","IntHigh","2050",29.427285612528
"03100101_85738000_UNNAMED_STREAM",1100,20165,"UNNAMED STREAM","03100101","85738000","STREAM","tbcmp_AM_LA_IntHigh_2050","AM","LA","IntHigh","2050",19.93152003146
"03100101_85738000_UNNAMED_STREAM",1900,100692,"UNNAMED STREAM","03100101","85738000","STREAM","tbcmp_AM_LA_IntHigh_2050","AM","LA","IntHigh","2050",99.526140094608
"03100101_85738000_UNNAMED_STREAM",2100,717515,"UNNAMED STREAM","03100101","85738000","STREAM","tbcmp_AM_LA_IntHigh_2050","AM","LA","IntHigh","2050",709.20726979286
"03100101_85738000_UNNAMED_STREAM",2200,588311,"UNNAMED STREAM","03100101","85738000","STREAM","tbcmp_AM_LA_IntHigh_2050","AM","LA","IntHigh","2050",581.499255205964
"03100101_85738000_UNNAMED_STREAM",3200,253124,"UNNAMED STREAM","03100101","85738000","STREAM","tbcmp_AM_LA_IntHigh_2050","AM","LA","IntHigh","2050",250.193209840976
"03100101_85738000_UNNAMED_STREAM",4100,163922,"UNNAMED STREAM","03100101","85738000","STREAM","tbcmp_AM_LA_IntHigh_2050","AM","LA","IntHigh","2050",162.024033057128
"03100101_85738000_UNNAMED_STREAM",6110,82606,"UNNAMED STREAM","03100101","85738000","STREAM","tbcmp_AM_LA_IntHigh_2050","AM","LA","IntHigh","2050",81.649548411544
"03100101_85738000_UNNAMED_STREAM",6410,249060,"UNNAMED STREAM","03100101","85738000","STREAM","tbcmp_AM_LA_IntHigh_2050","AM","LA","IntHigh","2050",246.17626476744
"03100101_85990000_HORSE_CREEK",1200,4643861,"HORSE CREEK","03100101","85990000","STREAM","tbcmp_AM_LA_IntHigh_2050","AM","LA","IntHigh","2050",4590.09216686416
"03100101_85990000_HORSE_CREEK",1900,779214,"HORSE CREEK","03100101","85990000","STREAM","tbcmp_AM_LA_IntHigh_2050","AM","LA","IntHigh","2050",770.191889402136
"03100101_85990000_HORSE_CREEK",2100,264049,"HORSE CREEK","03100101","85990000","STREAM","tbcmp_AM_LA_IntHigh_2050","AM","LA","IntHigh","2050",260.991714990676
"03100101_85990000_HORSE_CREEK",2200,52183,"HORSE CREEK","03100101","85990000","STREAM","tbcmp_AM_LA_IntHigh_2050","AM","LA","IntHigh","2050",51.578800386892
"03100101_85990000_HORSE_CREEK",3200,500800,"HORSE CREEK","03100101","85990000","STREAM","tbcmp_AM_LA_IntHigh_2050","AM","LA","IntHigh","2050",495.0014992192
"03100101_85990000_HORSE_CREEK",4100,11652,"HORSE CREEK","03100101","85990000","STREAM","tbcmp_AM_LA_IntHigh_2050","AM","LA","IntHigh","2050",11.517087597648
"03100101_85990000_HORSE_CREEK",5200,167862,"HORSE CREEK","03100101","85990000","STREAM","tbcmp_AM_LA_IntHigh_2050","AM","LA","IntHigh","2050",165.918413861688
"03100101_85990000_HORSE_CREEK",6110,58084,"HORSE CREEK","03100101","85990000","STREAM","tbcmp_AM_LA_IntHigh_2050","AM","LA","IntHigh","2050",57.411475800016
"03100101_85990000_HORSE_CREEK",6410,490544,"HORSE CREEK","03100101","85990000","STREAM","tbcmp_AM_LA_IntHigh_2050","AM","LA","IntHigh","2050",484.864248069056
"03100101_89000000_UNNAMED_DRAIN",1900,2016,"UNNAMED DRAIN","03100101","89000000","DRAIN","tbcmp_AM_LA_IntHigh_2050","AM","LA","IntHigh","2050",1.992657792384
"03100101_89000000_UNNAMED_DRAIN",3200,1566,"UNNAMED DRAIN","03100101","89000000","DRAIN","tbcmp_AM_LA_IntHigh_2050","AM","LA","IntHigh","2050",1.547868106584
"03100101_89000000_UNNAMED_DRAIN",4100,3375,"UNNAMED DRAIN","03100101","89000000","DRAIN","tbcmp_AM_LA_IntHigh_2050","AM","LA","IntHigh","2050",3.3359226435
"03100101_98900000_UNNAMED_CANAL",0,709,"UNNAMED CANAL","03100101","98900000","CANAL","tbcmp_AM_LA_IntHigh_2050","AM","LA","IntHigh","2050",0.700790860516
"03100101_98900000_UNNAMED_CANAL",1100,921759,"UNNAMED CANAL","03100101","98900000","CANAL","tbcmp_AM_LA_IntHigh_2050","AM","LA","IntHigh","2050",911.086435540716
"03100101_98900000_UNNAMED_CANAL",1200,1627259,"UNNAMED CANAL","03100101","98900000","CANAL","tbcmp_AM_LA_IntHigh_2050","AM","LA","IntHigh","2050",1608.41782072272
"03100101_98900000_UNNAMED_CANAL",1800,27476,"UNNAMED CANAL","03100101","98900000","CANAL","tbcmp_AM_LA_IntHigh_2050","AM","LA","IntHigh","2050",27.157869793424
"03100101_98900000_UNNAMED_CANAL",1900,1389143,"UNNAMED CANAL","03100101","98900000","CANAL","tbcmp_AM_LA_IntHigh_2050","AM","LA","IntHigh","2050",1373.05884111393
"03100101_98900000_UNNAMED_CANAL",3200,44515,"UNNAMED CANAL","03100101","98900000","CANAL","tbcmp_AM_LA_IntHigh_2050","AM","LA","IntHigh","2050",43.99958414086
"03100101_98900000_UNNAMED_CANAL",4100,45606,"UNNAMED CANAL","03100101","98900000","CANAL","tbcmp_AM_LA_IntHigh_2050","AM","LA","IntHigh","2050",45.077952023544
"03100101_98900000_UNNAMED_CANAL",5200,49445,"UNNAMED CANAL","03100101","98900000","CANAL","tbcmp_AM_LA_IntHigh_2050","AM","LA","IntHigh","2050",48.87250225418
"03100101_98900000_UNNAMED_CANAL",5400,461165,"UNNAMED CANAL","03100101","98900000","CANAL","tbcmp_AM_LA_IntHigh_2050","AM","LA","IntHigh","2050",455.82541211546
"03100101_98900000_UNNAMED_CANAL",6110,10060,"UNNAMED CANAL","03100101","98900000","CANAL","tbcmp_AM_LA_IntHigh_2050","AM","LA","IntHigh","2050",9.94352053144
"03100101_98900000_UNNAMED_CANAL",6120,211952,"UNNAMED CANAL","03100101","98900000","CANAL","tbcmp_AM_LA_IntHigh_2050","AM","LA","IntHigh","2050",209.497918854848
"03100101_98900000_UNNAMED_CANAL",6410,13270,"UNNAMED CANAL","03100101","98900000","CANAL","tbcmp_AM_LA_IntHigh_2050","AM","LA","IntHigh","2050",13.11635362348
"03100101_98900000_UNNAMED_CANAL",6420,64657,"UNNAMED CANAL","03100101","98900000","CANAL","tbcmp_AM_LA_IntHigh_2050","AM","LA","IntHigh","2050",63.908370477268
"03100101_98900000_UNNAMED_CANAL",6425,155885,"UNNAMED CANAL","03100101","98900000","CANAL","tbcmp_AM_LA_IntHigh_2050","AM","LA","IntHigh","2050",154.08008926874
"03100101_98900000_UNNAMED_CANAL",6510,21618,"UNNAMED CANAL","03100101","98900000","CANAL","tbcmp_AM_LA_IntHigh_2050","AM","LA","IntHigh","2050",21.367696505832
"03100101_98900000_UNNAMED_CANAL",6600,18902,"UNNAMED CANAL","03100101","98900000","CANAL","tbcmp_AM_LA_IntHigh_2050","AM","LA","IntHigh","2050",18.683143646648
"03100101_98900000_UNNAMED_CANAL",9113,13465,"UNNAMED CANAL","03100101","98900000","CANAL","tbcmp_AM_LA_IntHigh_2050","AM","LA","IntHigh","2050",13.30909582066
"03100101_98990000_LITTLE_ALLIGATOR_CREEK",0,393,"LITTLE ALLIGATOR CREEK","03100101","98990000","STREAM","tbcmp_AM_LA_IntHigh_2050","AM","LA","IntHigh","2050",0.388449658932
"03100101_98990000_LITTLE_ALLIGATOR_CREEK",1100,1097673,"LITTLE ALLIGATOR CREEK","03100101","98990000","STREAM","tbcmp_AM_LA_IntHigh_2050","AM","LA","IntHigh","2050",1084.96361951365
"03100101_98990000_LITTLE_ALLIGATOR_CREEK",1200,2956275,"LITTLE ALLIGATOR CREEK","03100101","98990000","STREAM","tbcmp_AM_LA_IntHigh_2050","AM","LA","IntHigh","2050",2922.0458408631
"03100101_98990000_LITTLE_ALLIGATOR_CREEK",1800,30136,"LITTLE ALLIGATOR CREEK","03100101","98990000","STREAM","tbcmp_AM_LA_IntHigh_2050","AM","LA","IntHigh","2050",29.787071047264
"03100101_98990000_LITTLE_ALLIGATOR_CREEK",1900,627828,"LITTLE ALLIGATOR CREEK","03100101","98990000","STREAM","tbcmp_AM_LA_IntHigh_2050","AM","LA","IntHigh","2050",620.558708569872
"03100101_98990000_LITTLE_ALLIGATOR_CREEK",3200,1788,"LITTLE ALLIGATOR CREEK","03100101","98990000","STREAM","tbcmp_AM_LA_IntHigh_2050","AM","LA","IntHigh","2050",1.767297684912
"03100101_98990000_LITTLE_ALLIGATOR_CREEK",4100,3406,"LITTLE ALLIGATOR CREEK","03100101","98990000","STREAM","tbcmp_AM_LA_IntHigh_2050","AM","LA","IntHigh","2050",3.366563710744
"03100101_98990000_LITTLE_ALLIGATOR_CREEK",5200,78123,"LITTLE ALLIGATOR CREEK","03100101","98990000","STREAM","tbcmp_AM_LA_IntHigh_2050","AM","LA","IntHigh","2050",77.218454719452
"03100101_98990000_LITTLE_ALLIGATOR_CREEK",5400,108740,"LITTLE ALLIGATOR CREEK","03100101","98990000","STREAM","tbcmp_AM_LA_IntHigh_2050","AM","LA","IntHigh","2050",107.48095651976
"03100101_98990000_LITTLE_ALLIGATOR_CREEK",6110,13098,"LITTLE ALLIGATOR CREEK","03100101","98990000","STREAM","tbcmp_AM_LA_IntHigh_2050","AM","LA","IntHigh","2050",12.946345121352
"03100101_98990000_LITTLE_ALLIGATOR_CREEK",6120,2528,"LITTLE ALLIGATOR CREEK","03100101","98990000","STREAM","tbcmp_AM_LA_IntHigh_2050","AM","LA","IntHigh","2050",2.498729612672
"03100101_98990000_LITTLE_ALLIGATOR_CREEK",6410,42065,"LITTLE ALLIGATOR CREEK","03100101","98990000","STREAM","tbcmp_AM_LA_IntHigh_2050","AM","LA","IntHigh","2050",41.57795140706
"03100101_98990000_LITTLE_ALLIGATOR_CREEK",6420,34316,"LITTLE ALLIGATOR CREEK","03100101","98990000","STREAM","tbcmp_AM_LA_IntHigh_2050","AM","LA","IntHigh","2050",33.918673017584
"03100101_98990000_LITTLE_ALLIGATOR_CREEK",6425,84908,"LITTLE ALLIGATOR CREEK","03100101","98990000","STREAM","tbcmp_AM_LA_IntHigh_2050","AM","LA","IntHigh","2050",83.924894759792
"03100101_98990000_LITTLE_ALLIGATOR_CREEK",6510,8760,"LITTLE ALLIGATOR CREEK","03100101","98990000","STREAM","tbcmp_AM_LA_IntHigh_2050","AM","LA","IntHigh","2050",8.65857255024
"03100101_98990000_LITTLE_ALLIGATOR_CREEK",6600,13295,"LITTLE ALLIGATOR CREEK","03100101","98990000","STREAM","tbcmp_AM_LA_IntHigh_2050","AM","LA","IntHigh","2050",13.14106416158
"03100101_98990000_LITTLE_ALLIGATOR_CREEK",9113,13841,"LITTLE ALLIGATOR CREEK","03100101","98990000","STREAM","tbcmp_AM_LA_IntHigh_2050","AM","LA","IntHigh","2050",13.680742313684
"03100101_99000000_PEACE_RIVER",0,476,"PEACE RIVER","03100101","99000000","STREAM","tbcmp_AM_LA_IntHigh_2050","AM","LA","IntHigh","2050",0.470488645424
"03100101_99000000_PEACE_RIVER",1100,1384072,"PEACE RIVER","03100101","99000000","STREAM","tbcmp_AM_LA_IntHigh_2050","AM","LA","IntHigh","2050",1368.04655556573
"03100101_99000000_PEACE_RIVER",1200,10895647,"PEACE RIVER","03100101","99000000","STREAM","tbcmp_AM_LA_IntHigh_2050","AM","LA","IntHigh","2050",10769.492012706
"03100101_99000000_PEACE_RIVER",1800,119568,"PEACE RIVER","03100101","99000000","STREAM","tbcmp_AM_LA_IntHigh_2050","AM","LA","IntHigh","2050",118.183584781632
"03100101_99000000_PEACE_RIVER",1820,152236,"PEACE RIVER","03100101","99000000","STREAM","tbcmp_AM_LA_IntHigh_2050","AM","LA","IntHigh","2050",150.473339127664
"03100101_99000000_PEACE_RIVER",1900,1411153,"PEACE RIVER","03100101","99000000","STREAM","tbcmp_AM_LA_IntHigh_2050","AM","LA","IntHigh","2050",1394.81399885717
"03100101_99000000_PEACE_RIVER",3200,119460,"PEACE RIVER","03100101","99000000","STREAM","tbcmp_AM_LA_IntHigh_2050","AM","LA","IntHigh","2050",118.07683525704
"03100101_99000000_PEACE_RIVER",4100,142004,"PEACE RIVER","03100101","99000000","STREAM","tbcmp_AM_LA_IntHigh_2050","AM","LA","IntHigh","2050",140.359810094096
"03100101_99000000_PEACE_RIVER",5200,433359,"PEACE RIVER","03100101","99000000","STREAM","tbcmp_AM_LA_IntHigh_2050","AM","LA","IntHigh","2050",428.341363219116
"03100101_99000000_PEACE_RIVER",5400,2710034,"PEACE RIVER","03100101","99000000","STREAM","tbcmp_AM_LA_IntHigh_2050","AM","LA","IntHigh","2050",2678.65593637182
"03100101_99000000_PEACE_RIVER",6110,25973,"PEACE RIVER","03100101","99000000","STREAM","tbcmp_AM_LA_IntHigh_2050","AM","LA","IntHigh","2050",25.672272242852
"03100101_99000000_PEACE_RIVER",6120,59176,"PEACE RIVER","03100101","99000000","STREAM","tbcmp_AM_LA_IntHigh_2050","AM","LA","IntHigh","2050",58.490832104224
"03100101_99000000_PEACE_RIVER",6410,82154,"PEACE RIVER","03100101","99000000","STREAM","tbcmp_AM_LA_IntHigh_2050","AM","LA","IntHigh","2050",81.202781882696
"03100101_99000000_PEACE_RIVER",6420,32984,"PEACE RIVER","03100101","99000000","STREAM","tbcmp_AM_LA_IntHigh_2050","AM","LA","IntHigh","2050",32.602095547616
"03100101_99000000_PEACE_RIVER",6425,181813,"PEACE RIVER","03100101","99000000","STREAM","tbcmp_AM_LA_IntHigh_2050","AM","LA","IntHigh","2050",179.707882543012
"03100101_99000000_PEACE_RIVER",6510,20694,"PEACE RIVER","03100101","99000000","STREAM","tbcmp_AM_LA_IntHigh_2050","AM","LA","IntHigh","2050",20.454395017656
"03100101_99000000_PEACE_RIVER",6600,28330,"PEACE RIVER","03100101","99000000","STREAM","tbcmp_AM_LA_IntHigh_2050","AM","LA","IntHigh","2050",28.00198177492
"03100101_99000000_PEACE_RIVER",9113,647286,"PEACE RIVER","03100101","99000000","STREAM","tbcmp_AM_LA_IntHigh_2050","AM","LA","IntHigh","2050",639.791414583864
"03100101_99980000_MYAKKA_CUTOFF",0,4731,"MYAKKA CUTOFF","03100101","99980000","STREAM","tbcmp_AM_LA_IntHigh_2050","AM","LA","IntHigh","2050",4.676222230044
"03100101_99980000_MYAKKA_CUTOFF",5400,36715,"MYAKKA CUTOFF","03100101","99980000","STREAM","tbcmp_AM_LA_IntHigh_2050","AM","LA","IntHigh","2050",36.28989625366
"03100101_99980000_MYAKKA_CUTOFF",6120,1045727,"MYAKKA CUTOFF","03100101","99980000","STREAM","tbcmp_AM_LA_IntHigh_2050","AM","LA","IntHigh","2050",1033.61907502795
"03100101_99980000_MYAKKA_CUTOFF",6410,51,"MYAKKA CUTOFF","03100101","99980000","STREAM","tbcmp_AM_LA_IntHigh_2050","AM","LA","IntHigh","2050",0.050409497724
"03100101_99980000_MYAKKA_CUTOFF",6420,93510,"MYAKKA CUTOFF","03100101","99980000","STREAM","tbcmp_AM_LA_IntHigh_2050","AM","LA","IntHigh","2050",92.42729670924
"03100101_99980000_MYAKKA_CUTOFF",6425,2557,"MYAKKA CUTOFF","03100101","99980000","STREAM","tbcmp_AM_LA_IntHigh_2050","AM","LA","IntHigh","2050",2.527393836868
"03100101_99980000_MYAKKA_CUTOFF",6510,88,"MYAKKA CUTOFF","03100101","99980000","STREAM","tbcmp_AM_LA_IntHigh_2050","AM","LA","IntHigh","2050",0.086981094112
"03100101_99980000_MYAKKA_CUTOFF",6600,3854,"MYAKKA CUTOFF","03100101","99980000","STREAM","tbcmp_AM_LA_IntHigh_2050","AM","LA","IntHigh","2050",3.809376553496
"03100101_99980000_MYAKKA_CUTOFF",9113,154715,"MYAKKA CUTOFF","03100101","99980000","STREAM","tbcmp_AM_LA_IntHigh_2050","AM","LA","IntHigh","2050",152.92363608566
"03100102_10000000_UNNAMED_CREEK",1100,32619,"UNNAMED CREEK","03100102","10000000","STREAM","tbcmp_AM_LA_IntHigh_2050","AM","LA","IntHigh","2050",32.241321691356
"03100102_10000000_UNNAMED_CREEK",1200,1472070,"UNNAMED CREEK","03100102","10000000","STREAM","tbcmp_AM_LA_IntHigh_2050","AM","LA","IntHigh","2050",1455.02567283468
"03100102_10000000_UNNAMED_CREEK",1900,33203,"UNNAMED CREEK","03100102","10000000","STREAM","tbcmp_AM_LA_IntHigh_2050","AM","LA","IntHigh","2050",32.818559861372
"03100102_10000000_UNNAMED_CREEK",2100,846886,"UNNAMED CREEK","03100102","10000000","STREAM","tbcmp_AM_LA_IntHigh_2050","AM","LA","IntHigh","2050",837.080350774264
"03100102_10000000_UNNAMED_CREEK",2200,576,"UNNAMED CREEK","03100102","10000000","STREAM","tbcmp_AM_LA_IntHigh_2050","AM","LA","IntHigh","2050",0.569330797824
"03100102_10000000_UNNAMED_CREEK",3200,459070,"UNNAMED CREEK","03100102","10000000","STREAM","tbcmp_AM_LA_IntHigh_2050","AM","LA","IntHigh","2050",453.75466902268
"03100102_10000000_UNNAMED_CREEK",4100,429913,"UNNAMED CREEK","03100102","10000000","STREAM","tbcmp_AM_LA_IntHigh_2050","AM","LA","IntHigh","2050",424.935262647412
"03100102_10000000_UNNAMED_CREEK",5200,6755,"UNNAMED CREEK","03100102","10000000","STREAM","tbcmp_AM_LA_IntHigh_2050","AM","LA","IntHigh","2050",6.67678739462
"03100102_10000000_UNNAMED_CREEK",6110,394420,"UNNAMED CREEK","03100102","10000000","STREAM","tbcmp_AM_LA_IntHigh_2050","AM","LA","IntHigh","2050",389.85321749608
"03100102_10000000_UNNAMED_CREEK",6410,149920,"UNNAMED CREEK","03100102","10000000","STREAM","tbcmp_AM_LA_IntHigh_2050","AM","LA","IntHigh","2050",148.18415487808
"03100102_20000000_WINGATE_CREEK",1100,568700,"WINGATE CREEK","03100102","20000000","STREAM","tbcmp_AM_LA_IntHigh_2050","AM","LA","IntHigh","2050",562.1153206988
"03100102_20000000_WINGATE_CREEK",1200,1926595,"WINGATE CREEK","03100102","20000000","STREAM","tbcmp_AM_LA_IntHigh_2050","AM","LA","IntHigh","2050",1904.28796603078
"03100102_20000000_WINGATE_CREEK",1900,656614,"WINGATE CREEK","03100102","20000000","STREAM","tbcmp_AM_LA_IntHigh_2050","AM","LA","IntHigh","2050",649.011410559736
"03100102_20000000_WINGATE_CREEK",2100,484619,"WINGATE CREEK","03100102","20000000","STREAM","tbcmp_AM_LA_IntHigh_2050","AM","LA","IntHigh","2050",479.007850539356
"03100102_20000000_WINGATE_CREEK",2200,7916,"WINGATE CREEK","03100102","20000000","STREAM","tbcmp_AM_LA_IntHigh_2050","AM","LA","IntHigh","2050",7.824344783984
"03100102_20000000_WINGATE_CREEK",2400,5411,"WINGATE CREEK","03100102","20000000","STREAM","tbcmp_AM_LA_IntHigh_2050","AM","LA","IntHigh","2050",5.348348866364
"03100102_20000000_WINGATE_CREEK",3200,566862,"WINGATE CREEK","03100102","20000000","STREAM","tbcmp_AM_LA_IntHigh_2050","AM","LA","IntHigh","2050",560.298601937688
"03100102_20000000_WINGATE_CREEK",4100,578384,"WINGATE CREEK","03100102","20000000","STREAM","tbcmp_AM_LA_IntHigh_2050","AM","LA","IntHigh","2050",571.687194737216
"03100102_20000000_WINGATE_CREEK",4400,4411,"WINGATE CREEK","03100102","20000000","STREAM","tbcmp_AM_LA_IntHigh_2050","AM","LA","IntHigh","2050",4.359927342364
"03100102_20000000_WINGATE_CREEK",5200,15376,"WINGATE CREEK","03100102","20000000","STREAM","tbcmp_AM_LA_IntHigh_2050","AM","LA","IntHigh","2050",15.197969353024
"03100102_20000000_WINGATE_CREEK",6110,338270,"WINGATE CREEK","03100102","20000000","STREAM","tbcmp_AM_LA_IntHigh_2050","AM","LA","IntHigh","2050",334.35334892348
"03100102_20000000_WINGATE_CREEK",6410,154721,"WINGATE CREEK","03100102","20000000","STREAM","tbcmp_AM_LA_IntHigh_2050","AM","LA","IntHigh","2050",152.929566614804
"03100102_20900000_JOHNSON_CREEK",1100,351451,"JOHNSON CREEK","03100102","20900000","STREAM","tbcmp_AM_LA_IntHigh_2050","AM","LA","IntHigh","2050",347.381733031324
"03100102_20900000_JOHNSON_CREEK",1200,435424,"JOHNSON CREEK","03100102","20900000","STREAM","tbcmp_AM_LA_IntHigh_2050","AM","LA","IntHigh","2050",430.382453666176
"03100102_20900000_JOHNSON_CREEK",1800,138475,"JOHNSON CREEK","03100102","20900000","STREAM","tbcmp_AM_LA_IntHigh_2050","AM","LA","IntHigh","2050",136.8716705359
"03100102_20900000_JOHNSON_CREEK",1900,229473,"JOHNSON CREEK","03100102","20900000","STREAM","tbcmp_AM_LA_IntHigh_2050","AM","LA","IntHigh","2050",226.816052376852
"03100102_20900000_JOHNSON_CREEK",2100,600395,"JOHNSON CREEK","03100102","20900000","STREAM","tbcmp_AM_LA_IntHigh_2050","AM","LA","IntHigh","2050",593.44334090198
"03100102_20900000_JOHNSON_CREEK",3200,540325,"JOHNSON CREEK","03100102","20900000","STREAM","tbcmp_AM_LA_IntHigh_2050","AM","LA","IntHigh","2050",534.0688599553
"03100102_20900000_JOHNSON_CREEK",4100,70643,"JOHNSON CREEK","03100102","20900000","STREAM","tbcmp_AM_LA_IntHigh_2050","AM","LA","IntHigh","2050",69.825061719932
"03100102_20900000_JOHNSON_CREEK",4400,837,"JOHNSON CREEK","03100102","20900000","STREAM","tbcmp_AM_LA_IntHigh_2050","AM","LA","IntHigh","2050",0.827308815588
"03100102_20900000_JOHNSON_CREEK",5200,18175,"JOHNSON CREEK","03100102","20900000","STREAM","tbcmp_AM_LA_IntHigh_2050","AM","LA","IntHigh","2050",17.9645611987
"03100102_20900000_JOHNSON_CREEK",6110,81849,"JOHNSON CREEK","03100102","20900000","STREAM","tbcmp_AM_LA_IntHigh_2050","AM","LA","IntHigh","2050",80.901313317876
"03100102_20900000_JOHNSON_CREEK",6410,314423,"JOHNSON CREEK","03100102","20900000","STREAM","tbcmp_AM_LA_IntHigh_2050","AM","LA","IntHigh","2050",310.782460840652
"03100102_22000000_TAYLOR_CREEK",1100,89613,"TAYLOR CREEK","03100102","22000000","STREAM","tbcmp_AM_LA_IntHigh_2050","AM","LA","IntHigh","2050",88.575418030212
"03100102_22000000_TAYLOR_CREEK",1200,20753,"TAYLOR CREEK","03100102","22000000","STREAM","tbcmp_AM_LA_IntHigh_2050","AM","LA","IntHigh","2050",20.512711887572
"03100102_22000000_TAYLOR_CREEK",1900,70964,"TAYLOR CREEK","03100102","22000000","STREAM","tbcmp_AM_LA_IntHigh_2050","AM","LA","IntHigh","2050",70.142345029136
"03100102_22000000_TAYLOR_CREEK",2100,498792,"TAYLOR CREEK","03100102","22000000","STREAM","tbcmp_AM_LA_IntHigh_2050","AM","LA","IntHigh","2050",493.016748799008
"03100102_22000000_TAYLOR_CREEK",3200,792319,"TAYLOR CREEK","03100102","22000000","STREAM","tbcmp_AM_LA_IntHigh_2050","AM","LA","IntHigh","2050",783.145153474156
"03100102_22000000_TAYLOR_CREEK",4100,166961,"TAYLOR CREEK","03100102","22000000","STREAM","tbcmp_AM_LA_IntHigh_2050","AM","LA","IntHigh","2050",165.027846068564
"03100102_22000000_TAYLOR_CREEK",5200,7460,"TAYLOR CREEK","03100102","22000000","STREAM","tbcmp_AM_LA_IntHigh_2050","AM","LA","IntHigh","2050",7.37362456904
"03100102_22000000_TAYLOR_CREEK",6110,32759,"TAYLOR CREEK","03100102","22000000","STREAM","tbcmp_AM_LA_IntHigh_2050","AM","LA","IntHigh","2050",32.379700704716
"03100102_22000000_TAYLOR_CREEK",6410,57374,"TAYLOR CREEK","03100102","22000000","STREAM","tbcmp_AM_LA_IntHigh_2050","AM","LA","IntHigh","2050",56.709696517976
"03100102_24000000_YOUNG_CREEK",1100,596359,"YOUNG CREEK","03100102","24000000","STREAM","tbcmp_AM_LA_IntHigh_2050","AM","LA","IntHigh","2050",589.454071631116
"03100102_24000000_YOUNG_CREEK",1200,456062,"YOUNG CREEK","03100102","24000000","STREAM","tbcmp_AM_LA_IntHigh_2050","AM","LA","IntHigh","2050",450.781497078488
"03100102_24000000_YOUNG_CREEK",1900,208854,"YOUNG CREEK","03100102","24000000","STREAM","tbcmp_AM_LA_IntHigh_2050","AM","LA","IntHigh","2050",206.435788973496
"03100102_24000000_YOUNG_CREEK",2100,888490,"YOUNG CREEK","03100102","24000000","STREAM","tbcmp_AM_LA_IntHigh_2050","AM","LA","IntHigh","2050",878.20263985876
"03100102_24000000_YOUNG_CREEK",2200,221530,"YOUNG CREEK","03100102","24000000","STREAM","tbcmp_AM_LA_IntHigh_2050","AM","LA","IntHigh","2050",218.96502021172
"03100102_24000000_YOUNG_CREEK",2400,23665,"YOUNG CREEK","03100102","24000000","STREAM","tbcmp_AM_LA_IntHigh_2050","AM","LA","IntHigh","2050",23.39099536546
"03100102_24000000_YOUNG_CREEK",3200,174012,"YOUNG CREEK","03100102","24000000","STREAM","tbcmp_AM_LA_IntHigh_2050","AM","LA","IntHigh","2050",171.997206234288
"03100102_24000000_YOUNG_CREEK",4100,457373,"YOUNG CREEK","03100102","24000000","STREAM","tbcmp_AM_LA_IntHigh_2050","AM","LA","IntHigh","2050",452.077317696452
"03100102_24000000_YOUNG_CREEK",5200,34009,"YOUNG CREEK","03100102","24000000","STREAM","tbcmp_AM_LA_IntHigh_2050","AM","LA","IntHigh","2050",33.615227609716
"03100102_24000000_YOUNG_CREEK",6110,329808,"YOUNG CREEK","03100102","24000000","STREAM","tbcmp_AM_LA_IntHigh_2050","AM","LA","IntHigh","2050",325.989325987392
"03100102_24000000_YOUNG_CREEK",6410,315746,"YOUNG CREEK","03100102","24000000","STREAM","tbcmp_AM_LA_IntHigh_2050","AM","LA","IntHigh","2050",312.090142516904
"03100102_30000000_LONG_CREEK",1100,101232,"LONG CREEK","03100102","30000000","STREAM","tbcmp_AM_LA_IntHigh_2050","AM","LA","IntHigh","2050",100.059887717568
"03100102_30000000_LONG_CREEK",1200,9110,"LONG CREEK","03100102","30000000","STREAM","tbcmp_AM_LA_IntHigh_2050","AM","LA","IntHigh","2050",9.00452008364
"03100102_30000000_LONG_CREEK",1900,116504,"LONG CREEK","03100102","30000000","STREAM","tbcmp_AM_LA_IntHigh_2050","AM","LA","IntHigh","2050",115.155061232096
"03100102_30000000_LONG_CREEK",2100,2081853,"LONG CREEK","03100102","30000000","STREAM","tbcmp_AM_LA_IntHigh_2050","AM","LA","IntHigh","2050",2057.74831500397
"03100102_30000000_LONG_CREEK",2200,716168,"LONG CREEK","03100102","30000000","STREAM","tbcmp_AM_LA_IntHigh_2050","AM","LA","IntHigh","2050",707.875866000032
"03100102_30000000_LONG_CREEK",2400,17140,"LONG CREEK","03100102","30000000","STREAM","tbcmp_AM_LA_IntHigh_2050","AM","LA","IntHigh","2050",16.94154492136
"03100102_30000000_LONG_CREEK",3200,239742,"LONG CREEK","03100102","30000000","STREAM","tbcmp_AM_LA_IntHigh_2050","AM","LA","IntHigh","2050",236.966153006808
"03100102_30000000_LONG_CREEK",4100,384030,"LONG CREEK","03100102","30000000","STREAM","tbcmp_AM_LA_IntHigh_2050","AM","LA","IntHigh","2050",379.58351786172
"03100102_30000000_LONG_CREEK",4400,10757,"LONG CREEK","03100102","30000000","STREAM","tbcmp_AM_LA_IntHigh_2050","AM","LA","IntHigh","2050",10.632450333668
"03100102_30000000_LONG_CREEK",5200,13591,"LONG CREEK","03100102","30000000","STREAM","tbcmp_AM_LA_IntHigh_2050","AM","LA","IntHigh","2050",13.433636932684
"03100102_30000000_LONG_CREEK",6110,312004,"LONG CREEK","03100102","30000000","STREAM","tbcmp_AM_LA_IntHigh_2050","AM","LA","IntHigh","2050",308.391469174096
"03100102_30000000_LONG_CREEK",6410,355302,"LONG CREEK","03100102","30000000","STREAM","tbcmp_AM_LA_IntHigh_2050","AM","LA","IntHigh","2050",351.188144320248
"03100102_32000000_MAPLE_CREEK",1100,8785,"MAPLE CREEK","03100102","32000000","STREAM","tbcmp_AM_LA_IntHigh_2050","AM","LA","IntHigh","2050",8.68328308834
"03100102_32000000_MAPLE_CREEK",1200,5616,"MAPLE CREEK","03100102","32000000","STREAM","tbcmp_AM_LA_IntHigh_2050","AM","LA","IntHigh","2050",5.550975278784
"03100102_32000000_MAPLE_CREEK",1900,103211,"MAPLE CREEK","03100102","32000000","STREAM","tbcmp_AM_LA_IntHigh_2050","AM","LA","IntHigh","2050",102.015973913564
"03100102_32000000_MAPLE_CREEK",2100,986075,"MAPLE CREEK","03100102","32000000","STREAM","tbcmp_AM_LA_IntHigh_2050","AM","LA","IntHigh","2050",974.6577542783
"03100102_32000000_MAPLE_CREEK",2200,835677,"MAPLE CREEK","03100102","32000000","STREAM","tbcmp_AM_LA_IntHigh_2050","AM","LA","IntHigh","2050",826.001133911748
"03100102_32000000_MAPLE_CREEK",2400,23665,"MAPLE CREEK","03100102","32000000","STREAM","tbcmp_AM_LA_IntHigh_2050","AM","LA","IntHigh","2050",23.39099536546
"03100102_32000000_MAPLE_CREEK",3200,117319,"MAPLE CREEK","03100102","32000000","STREAM","tbcmp_AM_LA_IntHigh_2050","AM","LA","IntHigh","2050",115.960624774156
"03100102_32000000_MAPLE_CREEK",4100,385865,"MAPLE CREEK","03100102","32000000","STREAM","tbcmp_AM_LA_IntHigh_2050","AM","LA","IntHigh","2050",381.39727135826
"03100102_32000000_MAPLE_CREEK",5200,1963,"MAPLE CREEK","03100102","32000000","STREAM","tbcmp_AM_LA_IntHigh_2050","AM","LA","IntHigh","2050",1.940271451612
"03100102_32000000_MAPLE_CREEK",6110,310614,"MAPLE CREEK","03100102","32000000","STREAM","tbcmp_AM_LA_IntHigh_2050","AM","LA","IntHigh","2050",307.017563255736
"03100102_32000000_MAPLE_CREEK",6410,105218,"MAPLE CREEK","03100102","32000000","STREAM","tbcmp_AM_LA_IntHigh_2050","AM","LA","IntHigh","2050",103.999735912232
"03100102_35000000_OGLEBAY_CREEK",1100,724142,"OGLEBAY CREEK","03100102","35000000","STREAM","tbcmp_AM_LA_IntHigh_2050","AM","LA","IntHigh","2050",715.757539232408
"03100102_35000000_OGLEBAY_CREEK",1200,123336,"OGLEBAY CREEK","03100102","35000000","STREAM","tbcmp_AM_LA_IntHigh_2050","AM","LA","IntHigh","2050",121.907957084064
"03100102_35000000_OGLEBAY_CREEK",1900,350752,"OGLEBAY CREEK","03100102","35000000","STREAM","tbcmp_AM_LA_IntHigh_2050","AM","LA","IntHigh","2050",346.690826386048
"03100102_35000000_OGLEBAY_CREEK",2100,3373649,"OGLEBAY CREEK","03100102","35000000","STREAM","tbcmp_AM_LA_IntHigh_2050","AM","LA","IntHigh","2050",3334.58728602108
"03100102_35000000_OGLEBAY_CREEK",2200,9818,"OGLEBAY CREEK","03100102","35000000","STREAM","tbcmp_AM_LA_IntHigh_2050","AM","LA","IntHigh","2050",9.704322522632
"03100102_35000000_OGLEBAY_CREEK",2400,12454,"OGLEBAY CREEK","03100102","35000000","STREAM","tbcmp_AM_LA_IntHigh_2050","AM","LA","IntHigh","2050",12.309801659896
"03100102_35000000_OGLEBAY_CREEK",3200,1090382,"OGLEBAY CREEK","03100102","35000000","STREAM","tbcmp_AM_LA_IntHigh_2050","AM","LA","IntHigh","2050",1077.75703818217
"03100102_35000000_OGLEBAY_CREEK",4100,1751317,"OGLEBAY CREEK","03100102","35000000","STREAM","tbcmp_AM_LA_IntHigh_2050","AM","LA","IntHigh","2050",1731.03941814711
"03100102_35000000_OGLEBAY_CREEK",5200,53857,"OGLEBAY CREEK","03100102","35000000","STREAM","tbcmp_AM_LA_IntHigh_2050","AM","LA","IntHigh","2050",53.233418018068
"03100102_35000000_OGLEBAY_CREEK",6110,1097005,"OGLEBAY CREEK","03100102","35000000","STREAM","tbcmp_AM_LA_IntHigh_2050","AM","LA","IntHigh","2050",1084.30335393562
"03100102_35000000_OGLEBAY_CREEK",6410,945882,"OGLEBAY CREEK","03100102","35000000","STREAM","tbcmp_AM_LA_IntHigh_2050","AM","LA","IntHigh","2050",934.930127964168
"03100102_35200000_UNNAMED_DITCH",1100,1243400,"UNNAMED DITCH","03100102","35200000","DITCH","tbcmp_AM_LA_IntHigh_2050","AM","LA","IntHigh","2050",1229.0033229416
"03100102_35200000_UNNAMED_DITCH",1200,113269,"UNNAMED DITCH","03100102","35200000","DITCH","tbcmp_AM_LA_IntHigh_2050","AM","LA","IntHigh","2050",111.957517601956
"03100102_35200000_UNNAMED_DITCH",1900,193046,"UNNAMED DITCH","03100102","35200000","DITCH","tbcmp_AM_LA_IntHigh_2050","AM","LA","IntHigh","2050",190.810821522104
"03100102_35200000_UNNAMED_DITCH",2100,1328047,"UNNAMED DITCH","03100102","35200000","DITCH","tbcmp_AM_LA_IntHigh_2050","AM","LA","IntHigh","2050",1312.67023968363
"03100102_35200000_UNNAMED_DITCH",2400,65058,"UNNAMED DITCH","03100102","35200000","DITCH","tbcmp_AM_LA_IntHigh_2050","AM","LA","IntHigh","2050",64.304727508392
"03100102_35200000_UNNAMED_DITCH",3200,587361,"UNNAMED DITCH","03100102","35200000","DITCH","tbcmp_AM_LA_IntHigh_2050","AM","LA","IntHigh","2050",580.560254758164
"03100102_35200000_UNNAMED_DITCH",4100,615573,"UNNAMED DITCH","03100102","35200000","DITCH","tbcmp_AM_LA_IntHigh_2050","AM","LA","IntHigh","2050",608.445602793252
"03100102_35200000_UNNAMED_DITCH",5200,41597,"UNNAMED DITCH","03100102","35200000","DITCH","tbcmp_AM_LA_IntHigh_2050","AM","LA","IntHigh","2050",41.115370133828
"03100102_35200000_UNNAMED_DITCH",6110,367380,"UNNAMED DITCH","03100102","35200000","DITCH","tbcmp_AM_LA_IntHigh_2050","AM","LA","IntHigh","2050",363.12629948712
"03100102_35200000_UNNAMED_DITCH",6410,1007897,"UNNAMED DITCH","03100102","35200000","DITCH","tbcmp_AM_LA_IntHigh_2050","AM","LA","IntHigh","2050",996.227088775028
"03100102_35500000_BOGGY_CREEK",1900,62934,"BOGGY CREEK","03100102","35500000","DRAIN","tbcmp_AM_LA_IntHigh_2050","AM","LA","IntHigh","2050",62.205320191416
"03100102_35500000_BOGGY_CREEK",2100,784555,"BOGGY CREEK","03100102","35500000","DRAIN","tbcmp_AM_LA_IntHigh_2050","AM","LA","IntHigh","2050",775.47104876182
"03100102_35500000_BOGGY_CREEK",3200,84778,"BOGGY CREEK","03100102","35500000","DRAIN","tbcmp_AM_LA_IntHigh_2050","AM","LA","IntHigh","2050",83.796399961672
"03100102_35500000_BOGGY_CREEK",4100,80814,"BOGGY CREEK","03100102","35500000","DRAIN","tbcmp_AM_LA_IntHigh_2050","AM","LA","IntHigh","2050",79.878297040536
"03100102_35500000_BOGGY_CREEK",6110,124233,"BOGGY CREEK","03100102","35500000","DRAIN","tbcmp_AM_LA_IntHigh_2050","AM","LA","IntHigh","2050",122.794571191092
"03100102_35500000_BOGGY_CREEK",6410,94211,"BOGGY CREEK","03100102","35500000","DRAIN","tbcmp_AM_LA_IntHigh_2050","AM","LA","IntHigh","2050",93.120180197564
"03100102_35600000_COKER_CREEK",1200,1305,"COKER CREEK","03100102","35600000","STREAM","tbcmp_AM_LA_IntHigh_2050","AM","LA","IntHigh","2050",1.28989008882
"03100102_35600000_COKER_CREEK",1900,143932,"COKER CREEK","03100102","35600000","STREAM","tbcmp_AM_LA_IntHigh_2050","AM","LA","IntHigh","2050",142.265486792368
"03100102_35600000_COKER_CREEK",2100,2044842,"COKER CREEK","03100102","35600000","STREAM","tbcmp_AM_LA_IntHigh_2050","AM","LA","IntHigh","2050",2021.16584597921
"03100102_35600000_COKER_CREEK",3200,706060,"COKER CREEK","03100102","35600000","STREAM","tbcmp_AM_LA_IntHigh_2050","AM","LA","IntHigh","2050",697.88490123544
"03100102_35600000_COKER_CREEK",4100,573705,"COKER CREEK","03100102","35600000","STREAM","tbcmp_AM_LA_IntHigh_2050","AM","LA","IntHigh","2050",567.06237042642
"03100102_35600000_COKER_CREEK",4400,50933,"COKER CREEK","03100102","35600000","STREAM","tbcmp_AM_LA_IntHigh_2050","AM","LA","IntHigh","2050",50.343273481892
"03100102_35600000_COKER_CREEK",5200,4692,"COKER CREEK","03100102","35600000","STREAM","tbcmp_AM_LA_IntHigh_2050","AM","LA","IntHigh","2050",4.637673790608
"03100102_35600000_COKER_CREEK",6110,345618,"COKER CREEK","03100102","35600000","STREAM","tbcmp_AM_LA_IntHigh_2050","AM","LA","IntHigh","2050",341.616270281832
"03100102_35600000_COKER_CREEK",6410,470197,"COKER CREEK","03100102","35600000","STREAM","tbcmp_AM_LA_IntHigh_2050","AM","LA","IntHigh","2050",464.752835320228
"03100102_35800000_SAND_SLOUGH",1100,10830,"SAND SLOUGH","03100102","35800000","DRAIN","tbcmp_AM_LA_IntHigh_2050","AM","LA","IntHigh","2050",10.70460510492
"03100102_35800000_SAND_SLOUGH",1900,58305,"SAND SLOUGH","03100102","35800000","DRAIN","tbcmp_AM_LA_IntHigh_2050","AM","LA","IntHigh","2050",57.62991695682
"03100102_35800000_SAND_SLOUGH",2100,201836,"SAND SLOUGH","03100102","35800000","DRAIN","tbcmp_AM_LA_IntHigh_2050","AM","LA","IntHigh","2050",199.499046718064
"03100102_35800000_SAND_SLOUGH",2200,202746,"SAND SLOUGH","03100102","35800000","DRAIN","tbcmp_AM_LA_IntHigh_2050","AM","LA","IntHigh","2050",200.398510304904
"03100102_35800000_SAND_SLOUGH",3200,322343,"SAND SLOUGH","03100102","35800000","DRAIN","tbcmp_AM_LA_IntHigh_2050","AM","LA","IntHigh","2050",318.610759310732
"03100102_35800000_SAND_SLOUGH",4100,105835,"SAND SLOUGH","03100102","35800000","DRAIN","tbcmp_AM_LA_IntHigh_2050","AM","LA","IntHigh","2050",104.60959199254
"03100102_35800000_SAND_SLOUGH",5200,7915,"SAND SLOUGH","03100102","35800000","DRAIN","tbcmp_AM_LA_IntHigh_2050","AM","LA","IntHigh","2050",7.82335636246
"03100102_35800000_SAND_SLOUGH",6110,216505,"SAND SLOUGH","03100102","35800000","DRAIN","tbcmp_AM_LA_IntHigh_2050","AM","LA","IntHigh","2050",213.99820205362
"03100102_35800000_SAND_SLOUGH",6410,94149,"SAND SLOUGH","03100102","35800000","DRAIN","tbcmp_AM_LA_IntHigh_2050","AM","LA","IntHigh","2050",93.058898063076
"03100102_38000000_OWEN_CREEK",1100,68531,"OWEN CREEK","03100102","38000000","STREAM","tbcmp_AM_LA_IntHigh_2050","AM","LA","IntHigh","2050",67.737515461244
"03100102_38000000_OWEN_CREEK",1200,71882,"OWEN CREEK","03100102","38000000","STREAM","tbcmp_AM_LA_IntHigh_2050","AM","LA","IntHigh","2050",71.049715988168
"03100102_38000000_OWEN_CREEK",1900,115818,"OWEN CREEK","03100102","38000000","STREAM","tbcmp_AM_LA_IntHigh_2050","AM","LA","IntHigh","2050",114.477004066632
"03100102_38000000_OWEN_CREEK",2100,5900337,"OWEN CREEK","03100102","38000000","STREAM","tbcmp_AM_LA_IntHigh_2050","AM","LA","IntHigh","2050",5832.02008965359
"03100102_38000000_OWEN_CREEK",2200,78012,"OWEN CREEK","03100102","38000000","STREAM","tbcmp_AM_LA_IntHigh_2050","AM","LA","IntHigh","2050",77.108739930288
"03100102_38000000_OWEN_CREEK",2400,4892,"OWEN CREEK","03100102","38000000","STREAM","tbcmp_AM_LA_IntHigh_2050","AM","LA","IntHigh","2050",4.835358095408
"03100102_38000000_OWEN_CREEK",3200,678832,"OWEN CREEK","03100102","38000000","STREAM","tbcmp_AM_LA_IntHigh_2050","AM","LA","IntHigh","2050",670.972159979968
"03100102_38000000_OWEN_CREEK",4100,1280338,"OWEN CREEK","03100102","38000000","STREAM","tbcmp_AM_LA_IntHigh_2050","AM","LA","IntHigh","2050",1265.51363719511
"03100102_38000000_OWEN_CREEK",4400,83892,"OWEN CREEK","03100102","38000000","STREAM","tbcmp_AM_LA_IntHigh_2050","AM","LA","IntHigh","2050",82.920658491408
"03100102_38000000_OWEN_CREEK",5200,57497,"OWEN CREEK","03100102","38000000","STREAM","tbcmp_AM_LA_IntHigh_2050","AM","LA","IntHigh","2050",56.831272365428
"03100102_38000000_OWEN_CREEK",6110,848999,"OWEN CREEK","03100102","38000000","STREAM","tbcmp_AM_LA_IntHigh_2050","AM","LA","IntHigh","2050",839.168885454476
"03100102_38000000_OWEN_CREEK",6410,530968,"OWEN CREEK","03100102","38000000","STREAM","tbcmp_AM_LA_IntHigh_2050","AM","LA","IntHigh","2050",524.820199755232
"03100102_38400000_UNN_DRAIN",1900,4943,"UNN DRAIN","03100102","38400000","DRAIN","tbcmp_AM_LA_IntHigh_2050","AM","LA","IntHigh","2050",4.885767593132
"03100102_38400000_UNN_DRAIN",2100,1006317,"UNN DRAIN","03100102","38400000","DRAIN","tbcmp_AM_LA_IntHigh_2050","AM","LA","IntHigh","2050",994.665382767108
"03100102_38400000_UNN_DRAIN",3200,184292,"UNN DRAIN","03100102","38400000","DRAIN","tbcmp_AM_LA_IntHigh_2050","AM","LA","IntHigh","2050",182.158179501008
"03100102_38400000_UNN_DRAIN",4100,208967,"UNN DRAIN","03100102","38400000","DRAIN","tbcmp_AM_LA_IntHigh_2050","AM","LA","IntHigh","2050",206.547480605708
"03100102_38400000_UNN_DRAIN",5200,1271,"UNN DRAIN","03100102","38400000","DRAIN","tbcmp_AM_LA_IntHigh_2050","AM","LA","IntHigh","2050",1.256283757004
"03100102_38400000_UNN_DRAIN",6110,53110,"UNN DRAIN","03100102","38400000","DRAIN","tbcmp_AM_LA_IntHigh_2050","AM","LA","IntHigh","2050",52.49506713964
"03100102_38400000_UNN_DRAIN",6410,154255,"UNN DRAIN","03100102","38400000","DRAIN","tbcmp_AM_LA_IntHigh_2050","AM","LA","IntHigh","2050",152.46896218462
"03100102_38500000_OWEN_BRANCH",1100,9543,"OWEN BRANCH","03100102","38500000","STREAM","tbcmp_AM_LA_IntHigh_2050","AM","LA","IntHigh","2050",9.432506603532
"03100102_38500000_OWEN_BRANCH",1900,44117,"OWEN BRANCH","03100102","38500000","STREAM","tbcmp_AM_LA_IntHigh_2050","AM","LA","IntHigh","2050",43.606192374308
"03100102_38500000_OWEN_BRANCH",2100,2511192,"OWEN BRANCH","03100102","38500000","STREAM","tbcmp_AM_LA_IntHigh_2050","AM","LA","IntHigh","2050",2482.11622369661
"03100102_38500000_OWEN_BRANCH",2200,694326,"OWEN BRANCH","03100102","38500000","STREAM","tbcmp_AM_LA_IntHigh_2050","AM","LA","IntHigh","2050",686.286763072824
"03100102_38500000_OWEN_BRANCH",3200,461283,"OWEN BRANCH","03100102","38500000","STREAM","tbcmp_AM_LA_IntHigh_2050","AM","LA","IntHigh","2050",455.942045855292
"03100102_38500000_OWEN_BRANCH",4100,877369,"OWEN BRANCH","03100102","38500000","STREAM","tbcmp_AM_LA_IntHigh_2050","AM","LA","IntHigh","2050",867.210404090356
"03100102_38500000_OWEN_BRANCH",4400,59998,"OWEN BRANCH","03100102","38500000","STREAM","tbcmp_AM_LA_IntHigh_2050","AM","LA","IntHigh","2050",59.303314596952
"03100102_38500000_OWEN_BRANCH",5200,5413,"OWEN BRANCH","03100102","38500000","STREAM","tbcmp_AM_LA_IntHigh_2050","AM","LA","IntHigh","2050",5.350325709412
"03100102_38500000_OWEN_BRANCH",6110,350934,"OWEN BRANCH","03100102","38500000","STREAM","tbcmp_AM_LA_IntHigh_2050","AM","LA","IntHigh","2050",346.870719103416
"03100102_38500000_OWEN_BRANCH",6410,399656,"OWEN BRANCH","03100102","38500000","STREAM","tbcmp_AM_LA_IntHigh_2050","AM","LA","IntHigh","2050",395.028592595744
"03100102_38700000_SAND_BRANCH",1100,1257,"SAND BRANCH","03100102","38700000","DITCH","tbcmp_AM_LA_IntHigh_2050","AM","LA","IntHigh","2050",1.242445855668
"03100102_38700000_SAND_BRANCH",1200,14786,"SAND BRANCH","03100102","38700000","DITCH","tbcmp_AM_LA_IntHigh_2050","AM","LA","IntHigh","2050",14.614800653864
"03100102_38700000_SAND_BRANCH",1900,42007,"SAND BRANCH","03100102","38700000","DITCH","tbcmp_AM_LA_IntHigh_2050","AM","LA","IntHigh","2050",41.520622958668
"03100102_38700000_SAND_BRANCH",2100,2280613,"SAND BRANCH","03100102","38700000","DITCH","tbcmp_AM_LA_IntHigh_2050","AM","LA","IntHigh","2050",2254.20697711421
"03100102_38700000_SAND_BRANCH",3200,129545,"SAND BRANCH","03100102","38700000","DITCH","tbcmp_AM_LA_IntHigh_2050","AM","LA","IntHigh","2050",128.04506632658
"03100102_38700000_SAND_BRANCH",4100,15046,"SAND BRANCH","03100102","38700000","DITCH","tbcmp_AM_LA_IntHigh_2050","AM","LA","IntHigh","2050",14.871790250104
"03100102_38700000_SAND_BRANCH",5200,3333,"SAND BRANCH","03100102","38700000","DITCH","tbcmp_AM_LA_IntHigh_2050","AM","LA","IntHigh","2050",3.294408939492
"03100102_38700000_SAND_BRANCH",6110,81251,"SAND BRANCH","03100102","38700000","DITCH","tbcmp_AM_LA_IntHigh_2050","AM","LA","IntHigh","2050",80.310237246524
"03100102_38700000_SAND_BRANCH",6410,338775,"SAND BRANCH","03100102","38700000","DITCH","tbcmp_AM_LA_IntHigh_2050","AM","LA","IntHigh","2050",334.8525017931
"03100102_42000000_UNN_DITCH",1900,9332,"UNN DITCH","03100102","42000000","DITCH","tbcmp_AM_LA_IntHigh_2050","AM","LA","IntHigh","2050",9.223949661968
"03100102_42000000_UNN_DITCH",2100,1109531,"UNN DITCH","03100102","42000000","DITCH","tbcmp_AM_LA_IntHigh_2050","AM","LA","IntHigh","2050",1096.68432194524
"03100102_42000000_UNN_DITCH",3200,115716,"UNN DITCH","03100102","42000000","DITCH","tbcmp_AM_LA_IntHigh_2050","AM","LA","IntHigh","2050",114.376185071184
"03100102_42000000_UNN_DITCH",4100,78343,"UNN DITCH","03100102","42000000","DITCH","tbcmp_AM_LA_IntHigh_2050","AM","LA","IntHigh","2050",77.435907454732
"03100102_42000000_UNN_DITCH",5200,202,"UNN DITCH","03100102","42000000","DITCH","tbcmp_AM_LA_IntHigh_2050","AM","LA","IntHigh","2050",0.199661147848
"03100102_42000000_UNN_DITCH",6110,17929,"UNN DITCH","03100102","42000000","DITCH","tbcmp_AM_LA_IntHigh_2050","AM","LA","IntHigh","2050",17.721409503796
"03100102_42000000_UNN_DITCH",6410,170765,"UNN DITCH","03100102","42000000","DITCH","tbcmp_AM_LA_IntHigh_2050","AM","LA","IntHigh","2050",168.78780154586
"03100102_48000000_SARDIS_BRANCH",1100,518526,"SARDIS BRANCH","03100102","48000000","STREAM","tbcmp_AM_LA_IntHigh_2050","AM","LA","IntHigh","2050",512.522259153624
"03100102_48000000_SARDIS_BRANCH",1200,16896,"SARDIS BRANCH","03100102","48000000","STREAM","tbcmp_AM_LA_IntHigh_2050","AM","LA","IntHigh","2050",16.700370069504
"03100102_48000000_SARDIS_BRANCH",1900,79304,"SARDIS BRANCH","03100102","48000000","STREAM","tbcmp_AM_LA_IntHigh_2050","AM","LA","IntHigh","2050",78.385780539296
"03100102_48000000_SARDIS_BRANCH",2100,1487232,"SARDIS BRANCH","03100102","48000000","STREAM","tbcmp_AM_LA_IntHigh_2050","AM","LA","IntHigh","2050",1470.01211998157
"03100102_48000000_SARDIS_BRANCH",2400,106970,"SARDIS BRANCH","03100102","48000000","STREAM","tbcmp_AM_LA_IntHigh_2050","AM","LA","IntHigh","2050",105.73145042228
"03100102_48000000_SARDIS_BRANCH",3200,26187,"SARDIS BRANCH","03100102","48000000","STREAM","tbcmp_AM_LA_IntHigh_2050","AM","LA","IntHigh","2050",25.883794448988
"03100102_48000000_SARDIS_BRANCH",4100,35919,"SARDIS BRANCH","03100102","48000000","STREAM","tbcmp_AM_LA_IntHigh_2050","AM","LA","IntHigh","2050",35.503112720556
"03100102_48000000_SARDIS_BRANCH",5200,3493,"SARDIS BRANCH","03100102","48000000","STREAM","tbcmp_AM_LA_IntHigh_2050","AM","LA","IntHigh","2050",3.452556383332
"03100102_48000000_SARDIS_BRANCH",6110,110870,"SARDIS BRANCH","03100102","48000000","STREAM","tbcmp_AM_LA_IntHigh_2050","AM","LA","IntHigh","2050",109.58629436588
"03100102_48000000_SARDIS_BRANCH",6410,186781,"SARDIS BRANCH","03100102","48000000","STREAM","tbcmp_AM_LA_IntHigh_2050","AM","LA","IntHigh","2050",184.618360674244
"03100102_50000000_TATUM_SAWGRASS_SLOUGH",1100,1305638,"TATUM SAWGRASS SLOUGH","03100102","50000000","SLOUGH","tbcmp_AM_LA_IntHigh_2050","AM","LA","IntHigh","2050",1290.52070175231
"03100102_50000000_TATUM_SAWGRASS_SLOUGH",1200,30702,"TATUM SAWGRASS SLOUGH","03100102","50000000","SLOUGH","tbcmp_AM_LA_IntHigh_2050","AM","LA","IntHigh","2050",30.346517629848
"03100102_50000000_TATUM_SAWGRASS_SLOUGH",1900,141982,"TATUM SAWGRASS SLOUGH","03100102","50000000","SLOUGH","tbcmp_AM_LA_IntHigh_2050","AM","LA","IntHigh","2050",140.338064820568
"03100102_50000000_TATUM_SAWGRASS_SLOUGH",2100,3550766,"TATUM SAWGRASS SLOUGH","03100102","50000000","SLOUGH","tbcmp_AM_LA_IntHigh_2050","AM","LA","IntHigh","2050",3509.65354108738
"03100102_50000000_TATUM_SAWGRASS_SLOUGH",2200,443214,"TATUM SAWGRASS SLOUGH","03100102","50000000","SLOUGH","tbcmp_AM_LA_IntHigh_2050","AM","LA","IntHigh","2050",438.082257338136
"03100102_50000000_TATUM_SAWGRASS_SLOUGH",2400,102328,"TATUM SAWGRASS SLOUGH","03100102","50000000","SLOUGH","tbcmp_AM_LA_IntHigh_2050","AM","LA","IntHigh","2050",101.143197707872
"03100102_50000000_TATUM_SAWGRASS_SLOUGH",3200,399706,"TATUM SAWGRASS SLOUGH","03100102","50000000","SLOUGH","tbcmp_AM_LA_IntHigh_2050","AM","LA","IntHigh","2050",395.078013671944
"03100102_50000000_TATUM_SAWGRASS_SLOUGH",4100,375658,"TATUM SAWGRASS SLOUGH","03100102","50000000","SLOUGH","tbcmp_AM_LA_IntHigh_2050","AM","LA","IntHigh","2050",371.308452862792
"03100102_50000000_TATUM_SAWGRASS_SLOUGH",4400,28972,"TATUM SAWGRASS SLOUGH","03100102","50000000","SLOUGH","tbcmp_AM_LA_IntHigh_2050","AM","LA","IntHigh","2050",28.636548393328
"03100102_50000000_TATUM_SAWGRASS_SLOUGH",5200,1040516,"TATUM SAWGRASS SLOUGH","03100102","50000000","SLOUGH","tbcmp_AM_LA_IntHigh_2050","AM","LA","IntHigh","2050",1028.46841046638
"03100102_50000000_TATUM_SAWGRASS_SLOUGH",6110,832025,"TATUM SAWGRASS SLOUGH","03100102","50000000","SLOUGH","tbcmp_AM_LA_IntHigh_2050","AM","LA","IntHigh","2050",822.3914185061
"03100102_50000000_TATUM_SAWGRASS_SLOUGH",6410,1563579,"TATUM SAWGRASS SLOUGH","03100102","50000000","SLOUGH","tbcmp_AM_LA_IntHigh_2050","AM","LA","IntHigh","2050",1545.4751380744
"03100102_53000000_CLAY_GULLY",2100,143,"CLAY GULLY","03100102","53000000","STREAM","tbcmp_AM_LA_IntHigh_2050","AM","LA","IntHigh","2050",0.141344277932
"03100102_53000000_CLAY_GULLY",3200,47468,"CLAY GULLY","03100102","53000000","STREAM","tbcmp_AM_LA_IntHigh_2050","AM","LA","IntHigh","2050",46.918392901232
"03100102_53000000_CLAY_GULLY",4100,13180,"CLAY GULLY","03100102","53000000","STREAM","tbcmp_AM_LA_IntHigh_2050","AM","LA","IntHigh","2050",13.02739568632
"03100102_53000000_CLAY_GULLY",6110,260138,"CLAY GULLY","03100102","53000000","STREAM","tbcmp_AM_LA_IntHigh_2050","AM","LA","IntHigh","2050",257.125998410312
"03100102_53000000_CLAY_GULLY",6410,74931,"CLAY GULLY","03100102","53000000","STREAM","tbcmp_AM_LA_IntHigh_2050","AM","LA","IntHigh","2050",74.063413214844
"03100102_55000000_HOWARD_CREEK",1100,1228201,"HOWARD CREEK","03100102","55000000","STREAM","tbcmp_AM_LA_IntHigh_2050","AM","LA","IntHigh","2050",1213.98030419832
"03100102_55000000_HOWARD_CREEK",1200,204959,"HOWARD CREEK","03100102","55000000","STREAM","tbcmp_AM_LA_IntHigh_2050","AM","LA","IntHigh","2050",202.585887137516
"03100102_55000000_HOWARD_CREEK",1800,1842,"HOWARD CREEK","03100102","55000000","STREAM","tbcmp_AM_LA_IntHigh_2050","AM","LA","IntHigh","2050",1.820672447208
"03100102_55000000_HOWARD_CREEK",1820,2010,"HOWARD CREEK","03100102","55000000","STREAM","tbcmp_AM_LA_IntHigh_2050","AM","LA","IntHigh","2050",1.98672726324
"03100102_55000000_HOWARD_CREEK",1900,412459,"HOWARD CREEK","03100102","55000000","STREAM","tbcmp_AM_LA_IntHigh_2050","AM","LA","IntHigh","2050",407.683353367516
"03100102_55000000_HOWARD_CREEK",2100,3514365,"HOWARD CREEK","03100102","55000000","STREAM","tbcmp_AM_LA_IntHigh_2050","AM","LA","IntHigh","2050",3473.67400919226
"03100102_55000000_HOWARD_CREEK",2200,264431,"HOWARD CREEK","03100102","55000000","STREAM","tbcmp_AM_LA_IntHigh_2050","AM","LA","IntHigh","2050",261.369292012844
"03100102_55000000_HOWARD_CREEK",2400,638883,"HOWARD CREEK","03100102","55000000","STREAM","tbcmp_AM_LA_IntHigh_2050","AM","LA","IntHigh","2050",631.485708517692
"03100102_55000000_HOWARD_CREEK",3200,287050,"HOWARD CREEK","03100102","55000000","STREAM","tbcmp_AM_LA_IntHigh_2050","AM","LA","IntHigh","2050",283.7263984642
"03100102_55000000_HOWARD_CREEK",4100,837555,"HOWARD CREEK","03100102","55000000","STREAM","tbcmp_AM_LA_IntHigh_2050","AM","LA","IntHigh","2050",827.85738953382
"03100102_55000000_HOWARD_CREEK",5200,162097,"HOWARD CREEK","03100102","55000000","STREAM","tbcmp_AM_LA_IntHigh_2050","AM","LA","IntHigh","2050",160.220163775828
"03100102_55000000_HOWARD_CREEK",6110,554221,"HOWARD CREEK","03100102","55000000","STREAM","tbcmp_AM_LA_IntHigh_2050","AM","LA","IntHigh","2050",547.803965452804
"03100102_55000000_HOWARD_CREEK",6410,1220989,"HOWARD CREEK","03100102","55000000","STREAM","tbcmp_AM_LA_IntHigh_2050","AM","LA","IntHigh","2050",1206.85180816724
"03100102_55400000_INDIAN_CREEK",1100,674289,"INDIAN CREEK","03100102","55400000","STREAM","tbcmp_AM_LA_IntHigh_2050","AM","LA","IntHigh","2050",666.481760996436
"03100102_55400000_INDIAN_CREEK",1200,11541,"INDIAN CREEK","03100102","55400000","STREAM","tbcmp_AM_LA_IntHigh_2050","AM","LA","IntHigh","2050",11.407372808484
"03100102_55400000_INDIAN_CREEK",1900,21689,"INDIAN CREEK","03100102","55400000","STREAM","tbcmp_AM_LA_IntHigh_2050","AM","LA","IntHigh","2050",21.437874434036
"03100102_55400000_INDIAN_CREEK",2100,3287739,"INDIAN CREEK","03100102","55400000","STREAM","tbcmp_AM_LA_IntHigh_2050","AM","LA","IntHigh","2050",3249.67199289424
"03100102_55400000_INDIAN_CREEK",2400,876,"INDIAN CREEK","03100102","55400000","STREAM","tbcmp_AM_LA_IntHigh_2050","AM","LA","IntHigh","2050",0.865857255024
"03100102_55400000_INDIAN_CREEK",3200,11797,"INDIAN CREEK","03100102","55400000","STREAM","tbcmp_AM_LA_IntHigh_2050","AM","LA","IntHigh","2050",11.660408718628
"03100102_55400000_INDIAN_CREEK",4100,129407,"INDIAN CREEK","03100102","55400000","STREAM","tbcmp_AM_LA_IntHigh_2050","AM","LA","IntHigh","2050",127.908664156268
"03100102_55400000_INDIAN_CREEK",5200,49410,"INDIAN CREEK","03100102","55400000","STREAM","tbcmp_AM_LA_IntHigh_2050","AM","LA","IntHigh","2050",48.83790750084
"03100102_55400000_INDIAN_CREEK",6110,265961,"INDIAN CREEK","03100102","55400000","STREAM","tbcmp_AM_LA_IntHigh_2050","AM","LA","IntHigh","2050",262.881576944564
"03100102_55400000_INDIAN_CREEK",6410,355263,"INDIAN CREEK","03100102","55400000","STREAM","tbcmp_AM_LA_IntHigh_2050","AM","LA","IntHigh","2050",351.149595880812
"03100102_55950000_UNNAMED_CREEK",1100,1325635,"UNNAMED CREEK","03100102","55950000","STREAM","tbcmp_AM_LA_IntHigh_2050","AM","LA","IntHigh","2050",1310.28616696774
"03100102_55950000_UNNAMED_CREEK",1900,312999,"UNNAMED CREEK","03100102","55950000","STREAM","tbcmp_AM_LA_IntHigh_2050","AM","LA","IntHigh","2050",309.374948590476
"03100102_55950000_UNNAMED_CREEK",2100,1393115,"UNNAMED CREEK","03100102","55950000","STREAM","tbcmp_AM_LA_IntHigh_2050","AM","LA","IntHigh","2050",1376.98485140726
"03100102_55950000_UNNAMED_CREEK",2400,93504,"UNNAMED CREEK","03100102","55950000","STREAM","tbcmp_AM_LA_IntHigh_2050","AM","LA","IntHigh","2050",92.421366180096
"03100102_55950000_UNNAMED_CREEK",3200,153385,"UNNAMED CREEK","03100102","55950000","STREAM","tbcmp_AM_LA_IntHigh_2050","AM","LA","IntHigh","2050",151.60903545874
"03100102_55950000_UNNAMED_CREEK",4100,368518,"UNNAMED CREEK","03100102","55950000","STREAM","tbcmp_AM_LA_IntHigh_2050","AM","LA","IntHigh","2050",364.251123181432
"03100102_55950000_UNNAMED_CREEK",5200,40112,"UNNAMED CREEK","03100102","55950000","STREAM","tbcmp_AM_LA_IntHigh_2050","AM","LA","IntHigh","2050",39.647564170688
"03100102_55950000_UNNAMED_CREEK",6110,532962,"UNNAMED CREEK","03100102","55950000","STREAM","tbcmp_AM_LA_IntHigh_2050","AM","LA","IntHigh","2050",526.791112274088
"03100102_55950000_UNNAMED_CREEK",6410,502590,"UNNAMED CREEK","03100102","55950000","STREAM","tbcmp_AM_LA_IntHigh_2050","AM","LA","IntHigh","2050",496.77077374716
"03100102_60000000_FISH_CAMP_DRAIN",1900,3541,"FISH CAMP DRAIN","03100102","60000000","DRAIN","tbcmp_AM_LA_IntHigh_2050","AM","LA","IntHigh","2050",3.500000616484
"03100102_60000000_FISH_CAMP_DRAIN",2100,656641,"FISH CAMP DRAIN","03100102","60000000","DRAIN","tbcmp_AM_LA_IntHigh_2050","AM","LA","IntHigh","2050",649.038097940884
"03100102_60000000_FISH_CAMP_DRAIN",3200,625826,"FISH CAMP DRAIN","03100102","60000000","DRAIN","tbcmp_AM_LA_IntHigh_2050","AM","LA","IntHigh","2050",618.579888678824
"03100102_60000000_FISH_CAMP_DRAIN",4100,217132,"FISH CAMP DRAIN","03100102","60000000","DRAIN","tbcmp_AM_LA_IntHigh_2050","AM","LA","IntHigh","2050",214.617942349168
"03100102_60000000_FISH_CAMP_DRAIN",6110,423361,"FISH CAMP DRAIN","03100102","60000000","DRAIN","tbcmp_AM_LA_IntHigh_2050","AM","LA","IntHigh","2050",418.459124822164
"03100102_60000000_FISH_CAMP_DRAIN",6410,496898,"FISH CAMP DRAIN","03100102","60000000","DRAIN","tbcmp_AM_LA_IntHigh_2050","AM","LA","IntHigh","2050",491.144678432552
"03100102_62000000_SHINEY_TOWN_SLOUGH",2100,51087,"SHINEY TOWN SLOUGH","03100102","62000000","SLOUGH","tbcmp_AM_LA_IntHigh_2050","AM","LA","IntHigh","2050",50.495490396588
"03100102_62000000_SHINEY_TOWN_SLOUGH",3200,2232093,"SHINEY TOWN SLOUGH","03100102","62000000","SLOUGH","tbcmp_AM_LA_IntHigh_2050","AM","LA","IntHigh","2050",2206.24876476973
"03100102_62000000_SHINEY_TOWN_SLOUGH",4100,2015111,"SHINEY TOWN SLOUGH","03100102","62000000","SLOUGH","tbcmp_AM_LA_IntHigh_2050","AM","LA","IntHigh","2050",1991.77908564916
"03100102_62000000_SHINEY_TOWN_SLOUGH",5200,2149,"SHINEY TOWN SLOUGH","03100102","62000000","SLOUGH","tbcmp_AM_LA_IntHigh_2050","AM","LA","IntHigh","2050",2.124117855076
"03100102_62000000_SHINEY_TOWN_SLOUGH",6110,912043,"SHINEY TOWN SLOUGH","03100102","62000000","SLOUGH","tbcmp_AM_LA_IntHigh_2050","AM","LA","IntHigh","2050",901.482932013532
"03100102_62000000_SHINEY_TOWN_SLOUGH",6410,1658284,"SHINEY TOWN SLOUGH","03100102","62000000","SLOUGH","tbcmp_AM_LA_IntHigh_2050","AM","LA","IntHigh","2050",1639.08359850482
"03100102_63500000_MOSSY_ISLAND_SLOUGH",1100,601750,"MOSSY ISLAND SLOUGH","03100102","63500000","SLOUGH","tbcmp_AM_LA_IntHigh_2050","AM","LA","IntHigh","2050",594.782652067
"03100102_63500000_MOSSY_ISLAND_SLOUGH",1200,112582,"MOSSY ISLAND SLOUGH","03100102","63500000","SLOUGH","tbcmp_AM_LA_IntHigh_2050","AM","LA","IntHigh","2050",111.278472014968
"03100102_63500000_MOSSY_ISLAND_SLOUGH",1900,420391,"MOSSY ISLAND SLOUGH","03100102","63500000","SLOUGH","tbcmp_AM_LA_IntHigh_2050","AM","LA","IntHigh","2050",415.523512895884
"03100102_63500000_MOSSY_ISLAND_SLOUGH",2100,4474591,"MOSSY ISLAND SLOUGH","03100102","63500000","SLOUGH","tbcmp_AM_LA_IntHigh_2050","AM","LA","IntHigh","2050",4422.78205549668
"03100102_63500000_MOSSY_ISLAND_SLOUGH",2200,112713,"MOSSY ISLAND SLOUGH","03100102","63500000","SLOUGH","tbcmp_AM_LA_IntHigh_2050","AM","LA","IntHigh","2050",111.407955234612
"03100102_63500000_MOSSY_ISLAND_SLOUGH",3200,9998810,"MOSSY ISLAND SLOUGH","03100102","63500000","SLOUGH","tbcmp_AM_LA_IntHigh_2050","AM","LA","IntHigh","2050",9883.03901838644
"03100102_63500000_MOSSY_ISLAND_SLOUGH",4100,5372876,"MOSSY ISLAND SLOUGH","03100102","63500000","SLOUGH","tbcmp_AM_LA_IntHigh_2050","AM","LA","IntHigh","2050",5310.66628418302
"03100102_63500000_MOSSY_ISLAND_SLOUGH",4400,24481,"MOSSY ISLAND SLOUGH","03100102","63500000","SLOUGH","tbcmp_AM_LA_IntHigh_2050","AM","LA","IntHigh","2050",24.197547329044
"03100102_63500000_MOSSY_ISLAND_SLOUGH",5200,90144,"MOSSY ISLAND SLOUGH","03100102","63500000","SLOUGH","tbcmp_AM_LA_IntHigh_2050","AM","LA","IntHigh","2050",89.100269859456
"03100102_63500000_MOSSY_ISLAND_SLOUGH",5400,19256,"MOSSY ISLAND SLOUGH","03100102","63500000","SLOUGH","tbcmp_AM_LA_IntHigh_2050","AM","LA","IntHigh","2050",19.033044866144
"03100102_63500000_MOSSY_ISLAND_SLOUGH",6110,3055154,"MOSSY ISLAND SLOUGH","03100102","63500000","SLOUGH","tbcmp_AM_LA_IntHigh_2050","AM","LA","IntHigh","2050",3019.7799727347
"03100102_63500000_MOSSY_ISLAND_SLOUGH",6410,8357612,"MOSSY ISLAND SLOUGH","03100102","63500000","SLOUGH","tbcmp_AM_LA_IntHigh_2050","AM","LA","IntHigh","2050",8260.84359004069
"03100102_63500000_MOSSY_ISLAND_SLOUGH",6420,12291,"MOSSY ISLAND SLOUGH","03100102","63500000","SLOUGH","tbcmp_AM_LA_IntHigh_2050","AM","LA","IntHigh","2050",12.148688951484
"03100102_63500000_MOSSY_ISLAND_SLOUGH",6425,22874,"MOSSY ISLAND SLOUGH","03100102","63500000","SLOUGH","tbcmp_AM_LA_IntHigh_2050","AM","LA","IntHigh","2050",22.609153939976
"03100102_63500000_MOSSY_ISLAND_SLOUGH",6510,3990,"MOSSY ISLAND SLOUGH","03100102","63500000","SLOUGH","tbcmp_AM_LA_IntHigh_2050","AM","LA","IntHigh","2050",3.94380188076
"03100102_63500000_MOSSY_ISLAND_SLOUGH",6600,18517,"MOSSY ISLAND SLOUGH","03100102","63500000","SLOUGH","tbcmp_AM_LA_IntHigh_2050","AM","LA","IntHigh","2050",18.302601359908
"03100102_63500000_MOSSY_ISLAND_SLOUGH",9113,1503,"MOSSY ISLAND SLOUGH","03100102","63500000","SLOUGH","tbcmp_AM_LA_IntHigh_2050","AM","LA","IntHigh","2050",1.485597550572
"03100102_66000000_UNN_DITCH",1100,1309,"UNN DITCH","03100102","66000000","DITCH","tbcmp_AM_LA_IntHigh_2050","AM","LA","IntHigh","2050",1.293843774916
"03100102_66000000_UNN_DITCH",1200,666070,"UNN DITCH","03100102","66000000","DITCH","tbcmp_AM_LA_IntHigh_2050","AM","LA","IntHigh","2050",658.35792449068
"03100102_66000000_UNN_DITCH",1800,9697,"UNN DITCH","03100102","66000000","DITCH","tbcmp_AM_LA_IntHigh_2050","AM","LA","IntHigh","2050",9.584723518228
"03100102_66000000_UNN_DITCH",1820,138645,"UNN DITCH","03100102","66000000","DITCH","tbcmp_AM_LA_IntHigh_2050","AM","LA","IntHigh","2050",137.03970219498
"03100102_66000000_UNN_DITCH",1900,77714,"UNN DITCH","03100102","66000000","DITCH","tbcmp_AM_LA_IntHigh_2050","AM","LA","IntHigh","2050",76.814190316136
"03100102_66000000_UNN_DITCH",3200,6327,"UNN DITCH","03100102","66000000","DITCH","tbcmp_AM_LA_IntHigh_2050","AM","LA","IntHigh","2050",6.253742982348
"03100102_66000000_UNN_DITCH",4100,14306,"UNN DITCH","03100102","66000000","DITCH","tbcmp_AM_LA_IntHigh_2050","AM","LA","IntHigh","2050",14.140358322344
"03100102_66000000_UNN_DITCH",5200,219493,"UNN DITCH","03100102","66000000","DITCH","tbcmp_AM_LA_IntHigh_2050","AM","LA","IntHigh","2050",216.951605567332
"03100102_66000000_UNN_DITCH",6110,30296,"UNN DITCH","03100102","66000000","DITCH","tbcmp_AM_LA_IntHigh_2050","AM","LA","IntHigh","2050",29.945218491104
"03100102_66000000_UNN_DITCH",6410,191971,"UNN DITCH","03100102","66000000","DITCH","tbcmp_AM_LA_IntHigh_2050","AM","LA","IntHigh","2050",189.748268383804
"03100102_66000000_UNN_DITCH",6420,71,"UNN DITCH","03100102","66000000","DITCH","tbcmp_AM_LA_IntHigh_2050","AM","LA","IntHigh","2050",0.070177928204
"03100102_66000000_UNN_DITCH",6425,58,"UNN DITCH","03100102","66000000","DITCH","tbcmp_AM_LA_IntHigh_2050","AM","LA","IntHigh","2050",0.057328448392
"03100102_66000000_UNN_DITCH",6600,319,"UNN DITCH","03100102","66000000","DITCH","tbcmp_AM_LA_IntHigh_2050","AM","LA","IntHigh","2050",0.315306466156
"03100102_70000000_UNNAMED_CREEK",1100,12631,"UNNAMED CREEK","03100102","70000000","STREAM","tbcmp_AM_LA_IntHigh_2050","AM","LA","IntHigh","2050",12.484752269644
"03100102_70000000_UNNAMED_CREEK",1200,15575,"UNNAMED CREEK","03100102","70000000","STREAM","tbcmp_AM_LA_IntHigh_2050","AM","LA","IntHigh","2050",15.3946652363
"03100102_70000000_UNNAMED_CREEK",1900,12836,"UNNAMED CREEK","03100102","70000000","STREAM","tbcmp_AM_LA_IntHigh_2050","AM","LA","IntHigh","2050",12.687378682064
"03100102_70000000_UNNAMED_CREEK",2100,57,"UNNAMED CREEK","03100102","70000000","STREAM","tbcmp_AM_LA_IntHigh_2050","AM","LA","IntHigh","2050",0.056340026868
"03100102_70000000_UNNAMED_CREEK",3200,724228,"UNNAMED CREEK","03100102","70000000","STREAM","tbcmp_AM_LA_IntHigh_2050","AM","LA","IntHigh","2050",715.842543483472
"03100102_70000000_UNNAMED_CREEK",4100,1677962,"UNNAMED CREEK","03100102","70000000","STREAM","tbcmp_AM_LA_IntHigh_2050","AM","LA","IntHigh","2050",1658.53375725409
"03100102_70000000_UNNAMED_CREEK",5200,1690,"UNNAMED CREEK","03100102","70000000","STREAM","tbcmp_AM_LA_IntHigh_2050","AM","LA","IntHigh","2050",1.67043237556
"03100102_70000000_UNNAMED_CREEK",5400,852,"UNNAMED CREEK","03100102","70000000","STREAM","tbcmp_AM_LA_IntHigh_2050","AM","LA","IntHigh","2050",0.842135138448
"03100102_70000000_UNNAMED_CREEK",6110,375456,"UNNAMED CREEK","03100102","70000000","STREAM","tbcmp_AM_LA_IntHigh_2050","AM","LA","IntHigh","2050",371.108791714944
"03100102_70000000_UNNAMED_CREEK",6120,39,"UNNAMED CREEK","03100102","70000000","STREAM","tbcmp_AM_LA_IntHigh_2050","AM","LA","IntHigh","2050",0.038548439436
"03100102_70000000_UNNAMED_CREEK",6410,873808,"UNNAMED CREEK","03100102","70000000","STREAM","tbcmp_AM_LA_IntHigh_2050","AM","LA","IntHigh","2050",863.690635043392
"03100102_70000000_UNNAMED_CREEK",6420,1096,"UNNAMED CREEK","03100102","70000000","STREAM","tbcmp_AM_LA_IntHigh_2050","AM","LA","IntHigh","2050",1.083309990304
"03100102_70000000_UNNAMED_CREEK",6425,1013,"UNNAMED CREEK","03100102","70000000","STREAM","tbcmp_AM_LA_IntHigh_2050","AM","LA","IntHigh","2050",1.001271003812
"03100102_70000000_UNNAMED_CREEK",6510,19,"UNNAMED CREEK","03100102","70000000","STREAM","tbcmp_AM_LA_IntHigh_2050","AM","LA","IntHigh","2050",0.018780008956
"03100102_70000000_UNNAMED_CREEK",6600,3160,"UNNAMED CREEK","03100102","70000000","STREAM","tbcmp_AM_LA_IntHigh_2050","AM","LA","IntHigh","2050",3.12341201584
"03100102_70000000_UNNAMED_CREEK",9113,36,"UNNAMED CREEK","03100102","70000000","STREAM","tbcmp_AM_LA_IntHigh_2050","AM","LA","IntHigh","2050",0.035583174864
"03100102_72000000_UNNAMED_CREEK",1100,94901,"UNNAMED CREEK","03100102","72000000","STREAM","tbcmp_AM_LA_IntHigh_2050","AM","LA","IntHigh","2050",93.802191049124
"03100102_72000000_UNNAMED_CREEK",1200,67348,"UNNAMED CREEK","03100102","72000000","STREAM","tbcmp_AM_LA_IntHigh_2050","AM","LA","IntHigh","2050",66.568212798352
"03100102_72000000_UNNAMED_CREEK",1900,5117,"UNNAMED CREEK","03100102","72000000","STREAM","tbcmp_AM_LA_IntHigh_2050","AM","LA","IntHigh","2050",5.057752938308
"03100102_72000000_UNNAMED_CREEK",2100,3109,"UNNAMED CREEK","03100102","72000000","STREAM","tbcmp_AM_LA_IntHigh_2050","AM","LA","IntHigh","2050",3.073002518116
"03100102_72000000_UNNAMED_CREEK",4100,78285,"UNNAMED CREEK","03100102","72000000","STREAM","tbcmp_AM_LA_IntHigh_2050","AM","LA","IntHigh","2050",77.37857900634
"03100102_72000000_UNNAMED_CREEK",5200,5519,"UNNAMED CREEK","03100102","72000000","STREAM","tbcmp_AM_LA_IntHigh_2050","AM","LA","IntHigh","2050",5.455098390956
"03100102_72000000_UNNAMED_CREEK",6110,1775,"UNNAMED CREEK","03100102","72000000","STREAM","tbcmp_AM_LA_IntHigh_2050","AM","LA","IntHigh","2050",1.7544482051
"03100102_72000000_UNNAMED_CREEK",6410,14523,"UNNAMED CREEK","03100102","72000000","STREAM","tbcmp_AM_LA_IntHigh_2050","AM","LA","IntHigh","2050",14.354845793052
"03100102_72000000_UNNAMED_CREEK",6600,13,"UNNAMED CREEK","03100102","72000000","STREAM","tbcmp_AM_LA_IntHigh_2050","AM","LA","IntHigh","2050",0.012849479812
"03100102_74000000_UNNAMED_CREEK",1100,14874,"UNNAMED CREEK","03100102","74000000","STREAM","tbcmp_AM_LA_IntHigh_2050","AM","LA","IntHigh","2050",14.701781747976
"03100102_74000000_UNNAMED_CREEK",1200,74749,"UNNAMED CREEK","03100102","74000000","STREAM","tbcmp_AM_LA_IntHigh_2050","AM","LA","IntHigh","2050",73.883520497476
"03100102_74000000_UNNAMED_CREEK",2100,61484,"UNNAMED CREEK","03100102","74000000","STREAM","tbcmp_AM_LA_IntHigh_2050","AM","LA","IntHigh","2050",60.772108981616
"03100102_74000000_UNNAMED_CREEK",3200,621651,"UNNAMED CREEK","03100102","74000000","STREAM","tbcmp_AM_LA_IntHigh_2050","AM","LA","IntHigh","2050",614.453228816124
"03100102_74000000_UNNAMED_CREEK",4100,1132445,"UNNAMED CREEK","03100102","74000000","STREAM","tbcmp_AM_LA_IntHigh_2050","AM","LA","IntHigh","2050",1119.33301274618
"03100102_74000000_UNNAMED_CREEK",5200,26563,"UNNAMED CREEK","03100102","74000000","STREAM","tbcmp_AM_LA_IntHigh_2050","AM","LA","IntHigh","2050",26.255440942012
"03100102_74000000_UNNAMED_CREEK",6110,164737,"UNNAMED CREEK","03100102","74000000","STREAM","tbcmp_AM_LA_IntHigh_2050","AM","LA","IntHigh","2050",162.829596599188
"03100102_74000000_UNNAMED_CREEK",6410,571629,"UNNAMED CREEK","03100102","74000000","STREAM","tbcmp_AM_LA_IntHigh_2050","AM","LA","IntHigh","2050",565.010407342596
"03100102_74000000_UNNAMED_CREEK",6420,37,"UNNAMED CREEK","03100102","74000000","STREAM","tbcmp_AM_LA_IntHigh_2050","AM","LA","IntHigh","2050",0.036571596388
"03100102_74000000_UNNAMED_CREEK",6425,75,"UNNAMED CREEK","03100102","74000000","STREAM","tbcmp_AM_LA_IntHigh_2050","AM","LA","IntHigh","2050",0.0741316143
"03100102_74000000_UNNAMED_CREEK",6510,26,"UNNAMED CREEK","03100102","74000000","STREAM","tbcmp_AM_LA_IntHigh_2050","AM","LA","IntHigh","2050",0.025698959624
"03100102_74000000_UNNAMED_CREEK",6600,170,"UNNAMED CREEK","03100102","74000000","STREAM","tbcmp_AM_LA_IntHigh_2050","AM","LA","IntHigh","2050",0.16803165908
"03100102_74000000_UNNAMED_CREEK",9113,3,"UNNAMED CREEK","03100102","74000000","STREAM","tbcmp_AM_LA_IntHigh_2050","AM","LA","IntHigh","2050",0.002965264572
"03100102_75000000_UNNAMED_CREEK",1100,109749,"UNNAMED CREEK","03100102","75000000","STREAM","tbcmp_AM_LA_IntHigh_2050","AM","LA","IntHigh","2050",108.478273837476
"03100102_75000000_UNNAMED_CREEK",1200,746575,"UNNAMED CREEK","03100102","75000000","STREAM","tbcmp_AM_LA_IntHigh_2050","AM","LA","IntHigh","2050",737.9307992803
"03100102_75000000_UNNAMED_CREEK",1800,9922,"UNNAMED CREEK","03100102","75000000","STREAM","tbcmp_AM_LA_IntHigh_2050","AM","LA","IntHigh","2050",9.807118361128
"03100102_75000000_UNNAMED_CREEK",1820,22469,"UNNAMED CREEK","03100102","75000000","STREAM","tbcmp_AM_LA_IntHigh_2050","AM","LA","IntHigh","2050",22.208843222756
"03100102_75000000_UNNAMED_CREEK",1900,156946,"UNNAMED CREEK","03100102","75000000","STREAM","tbcmp_AM_LA_IntHigh_2050","AM","LA","IntHigh","2050",155.128804505704
"03100102_75000000_UNNAMED_CREEK",2100,26477,"UNNAMED CREEK","03100102","75000000","STREAM","tbcmp_AM_LA_IntHigh_2050","AM","LA","IntHigh","2050",26.170436690948
"03100102_75000000_UNNAMED_CREEK",2400,47804,"UNNAMED CREEK","03100102","75000000","STREAM","tbcmp_AM_LA_IntHigh_2050","AM","LA","IntHigh","2050",47.250502533296
"03100102_75000000_UNNAMED_CREEK",3200,52668,"UNNAMED CREEK","03100102","75000000","STREAM","tbcmp_AM_LA_IntHigh_2050","AM","LA","IntHigh","2050",52.058184826032
"03100102_75000000_UNNAMED_CREEK",4100,265868,"UNNAMED CREEK","03100102","75000000","STREAM","tbcmp_AM_LA_IntHigh_2050","AM","LA","IntHigh","2050",262.789653742832
"03100102_75000000_UNNAMED_CREEK",5200,156601,"UNNAMED CREEK","03100102","75000000","STREAM","tbcmp_AM_LA_IntHigh_2050","AM","LA","IntHigh","2050",154.787799079924
"03100102_75000000_UNNAMED_CREEK",5400,1292,"UNNAMED CREEK","03100102","75000000","STREAM","tbcmp_AM_LA_IntHigh_2050","AM","LA","IntHigh","2050",1.277040609008
"03100102_75000000_UNNAMED_CREEK",6110,22550,"UNNAMED CREEK","03100102","75000000","STREAM","tbcmp_AM_LA_IntHigh_2050","AM","LA","IntHigh","2050",22.2889053662
"03100102_75000000_UNNAMED_CREEK",6120,673,"UNNAMED CREEK","03100102","75000000","STREAM","tbcmp_AM_LA_IntHigh_2050","AM","LA","IntHigh","2050",0.665207685652
"03100102_75000000_UNNAMED_CREEK",6410,174551,"UNNAMED CREEK","03100102","75000000","STREAM","tbcmp_AM_LA_IntHigh_2050","AM","LA","IntHigh","2050",172.529965435724
"03100102_75000000_UNNAMED_CREEK",6420,1851,"UNNAMED CREEK","03100102","75000000","STREAM","tbcmp_AM_LA_IntHigh_2050","AM","LA","IntHigh","2050",1.829568240924
"03100102_75000000_UNNAMED_CREEK",6425,1857,"UNNAMED CREEK","03100102","75000000","STREAM","tbcmp_AM_LA_IntHigh_2050","AM","LA","IntHigh","2050",1.835498770068
"03100102_75000000_UNNAMED_CREEK",6510,584,"UNNAMED CREEK","03100102","75000000","STREAM","tbcmp_AM_LA_IntHigh_2050","AM","LA","IntHigh","2050",0.577238170016
"03100102_75000000_UNNAMED_CREEK",6600,6770,"UNNAMED CREEK","03100102","75000000","STREAM","tbcmp_AM_LA_IntHigh_2050","AM","LA","IntHigh","2050",6.69161371748
"03100102_75000000_UNNAMED_CREEK",9113,346,"UNNAMED CREEK","03100102","75000000","STREAM","tbcmp_AM_LA_IntHigh_2050","AM","LA","IntHigh","2050",0.341993847304
"03100102_77000000_UNNAMED_CREEK",1200,30119,"UNNAMED CREEK","03100102","77000000","STREAM","tbcmp_AM_LA_IntHigh_2050","AM","LA","IntHigh","2050",29.770267881356
"03100102_77000000_UNNAMED_CREEK",3200,316795,"UNNAMED CREEK","03100102","77000000","STREAM","tbcmp_AM_LA_IntHigh_2050","AM","LA","IntHigh","2050",313.12699669558
"03100102_77000000_UNNAMED_CREEK",4100,591010,"UNNAMED CREEK","03100102","77000000","STREAM","tbcmp_AM_LA_IntHigh_2050","AM","LA","IntHigh","2050",584.16700489924
"03100102_77000000_UNNAMED_CREEK",5200,1833,"UNNAMED CREEK","03100102","77000000","STREAM","tbcmp_AM_LA_IntHigh_2050","AM","LA","IntHigh","2050",1.811776653492
"03100102_77000000_UNNAMED_CREEK",6110,112873,"UNNAMED CREEK","03100102","77000000","STREAM","tbcmp_AM_LA_IntHigh_2050","AM","LA","IntHigh","2050",111.566102678452
"03100102_77000000_UNNAMED_CREEK",6120,1937,"UNNAMED CREEK","03100102","77000000","STREAM","tbcmp_AM_LA_IntHigh_2050","AM","LA","IntHigh","2050",1.914572491988
"03100102_77000000_UNNAMED_CREEK",6410,115540,"UNNAMED CREEK","03100102","77000000","STREAM","tbcmp_AM_LA_IntHigh_2050","AM","LA","IntHigh","2050",114.20222288296
"03100102_77000000_UNNAMED_CREEK",6420,879,"UNNAMED CREEK","03100102","77000000","STREAM","tbcmp_AM_LA_IntHigh_2050","AM","LA","IntHigh","2050",0.868822519596
"03100102_77000000_UNNAMED_CREEK",6425,526,"UNNAMED CREEK","03100102","77000000","STREAM","tbcmp_AM_LA_IntHigh_2050","AM","LA","IntHigh","2050",0.519909721624
"03100102_77000000_UNNAMED_CREEK",6510,43,"UNNAMED CREEK","03100102","77000000","STREAM","tbcmp_AM_LA_IntHigh_2050","AM","LA","IntHigh","2050",0.042502125532
"03100102_77000000_UNNAMED_CREEK",6600,2553,"UNNAMED CREEK","03100102","77000000","STREAM","tbcmp_AM_LA_IntHigh_2050","AM","LA","IntHigh","2050",2.523440150772
"03100102_77000000_UNNAMED_CREEK",9113,47,"UNNAMED CREEK","03100102","77000000","STREAM","tbcmp_AM_LA_IntHigh_2050","AM","LA","IntHigh","2050",0.046455811628
"03100102_78000000_UNNAMED_CREEK",1100,1521,"UNNAMED CREEK","03100102","78000000","STREAM","tbcmp_AM_LA_IntHigh_2050","AM","LA","IntHigh","2050",1.503389138004
"03100102_78000000_UNNAMED_CREEK",1200,289261,"UNNAMED CREEK","03100102","78000000","STREAM","tbcmp_AM_LA_IntHigh_2050","AM","LA","IntHigh","2050",285.911798453764
"03100102_78000000_UNNAMED_CREEK",1800,19643,"UNNAMED CREEK","03100102","78000000","STREAM","tbcmp_AM_LA_IntHigh_2050","AM","LA","IntHigh","2050",19.415563995932
"03100102_78000000_UNNAMED_CREEK",1900,20445,"UNNAMED CREEK","03100102","78000000","STREAM","tbcmp_AM_LA_IntHigh_2050","AM","LA","IntHigh","2050",20.20827805818
"03100102_78000000_UNNAMED_CREEK",2100,7276,"UNNAMED CREEK","03100102","78000000","STREAM","tbcmp_AM_LA_IntHigh_2050","AM","LA","IntHigh","2050",7.191755008624
"03100102_78000000_UNNAMED_CREEK",3200,4675,"UNNAMED CREEK","03100102","78000000","STREAM","tbcmp_AM_LA_IntHigh_2050","AM","LA","IntHigh","2050",4.6208706247
"03100102_78000000_UNNAMED_CREEK",4100,121706,"UNNAMED CREEK","03100102","78000000","STREAM","tbcmp_AM_LA_IntHigh_2050","AM","LA","IntHigh","2050",120.296829999944
"03100102_78000000_UNNAMED_CREEK",5200,54754,"UNNAMED CREEK","03100102","78000000","STREAM","tbcmp_AM_LA_IntHigh_2050","AM","LA","IntHigh","2050",54.120032125096
"03100102_78000000_UNNAMED_CREEK",5400,189,"UNNAMED CREEK","03100102","78000000","STREAM","tbcmp_AM_LA_IntHigh_2050","AM","LA","IntHigh","2050",0.186811668036
"03100102_78000000_UNNAMED_CREEK",6110,29942,"UNNAMED CREEK","03100102","78000000","STREAM","tbcmp_AM_LA_IntHigh_2050","AM","LA","IntHigh","2050",29.595317271608
"03100102_78000000_UNNAMED_CREEK",6120,329,"UNNAMED CREEK","03100102","78000000","STREAM","tbcmp_AM_LA_IntHigh_2050","AM","LA","IntHigh","2050",0.325190681396
"03100102_78000000_UNNAMED_CREEK",6410,46806,"UNNAMED CREEK","03100102","78000000","STREAM","tbcmp_AM_LA_IntHigh_2050","AM","LA","IntHigh","2050",46.264057852344
"03100102_78000000_UNNAMED_CREEK",6420,5324,"UNNAMED CREEK","03100102","78000000","STREAM","tbcmp_AM_LA_IntHigh_2050","AM","LA","IntHigh","2050",5.262356193776
"03100102_78000000_UNNAMED_CREEK",6425,12229,"UNNAMED CREEK","03100102","78000000","STREAM","tbcmp_AM_LA_IntHigh_2050","AM","LA","IntHigh","2050",12.087406816996
"03100102_78000000_UNNAMED_CREEK",6510,1534,"UNNAMED CREEK","03100102","78000000","STREAM","tbcmp_AM_LA_IntHigh_2050","AM","LA","IntHigh","2050",1.516238617816
"03100102_78000000_UNNAMED_CREEK",6600,15320,"UNNAMED CREEK","03100102","78000000","STREAM","tbcmp_AM_LA_IntHigh_2050","AM","LA","IntHigh","2050",15.14261774768
"03100102_78000000_UNNAMED_CREEK",9113,275,"UNNAMED CREEK","03100102","78000000","STREAM","tbcmp_AM_LA_IntHigh_2050","AM","LA","IntHigh","2050",0.2718159191
"03100102_79000000_UNNAMED_CREEK",1100,2983,"UNNAMED CREEK","03100102","79000000","STREAM","tbcmp_AM_LA_IntHigh_2050","AM","LA","IntHigh","2050",2.948461406092
"03100102_79000000_UNNAMED_CREEK",1200,1484677,"UNNAMED CREEK","03100102","79000000","STREAM","tbcmp_AM_LA_IntHigh_2050","AM","LA","IntHigh","2050",1467.48670298775
"03100102_79000000_UNNAMED_CREEK",1800,34232,"UNNAMED CREEK","03100102","79000000","STREAM","tbcmp_AM_LA_IntHigh_2050","AM","LA","IntHigh","2050",33.835645609568
"03100102_79000000_UNNAMED_CREEK",1820,300213,"UNNAMED CREEK","03100102","79000000","STREAM","tbcmp_AM_LA_IntHigh_2050","AM","LA","IntHigh","2050",296.736990984612
"03100102_79000000_UNNAMED_CREEK",1900,148641,"UNNAMED CREEK","03100102","79000000","STREAM","tbcmp_AM_LA_IntHigh_2050","AM","LA","IntHigh","2050",146.919963748884
"03100102_79000000_UNNAMED_CREEK",2100,87888,"UNNAMED CREEK","03100102","79000000","STREAM","tbcmp_AM_LA_IntHigh_2050","AM","LA","IntHigh","2050",86.870390901312
"03100102_79000000_UNNAMED_CREEK",3200,75498,"UNNAMED CREEK","03100102","79000000","STREAM","tbcmp_AM_LA_IntHigh_2050","AM","LA","IntHigh","2050",74.623848218952
"03100102_79000000_UNNAMED_CREEK",4100,151515,"UNNAMED CREEK","03100102","79000000","STREAM","tbcmp_AM_LA_IntHigh_2050","AM","LA","IntHigh","2050",149.76068720886
"03100102_79000000_UNNAMED_CREEK",5200,373125,"UNNAMED CREEK","03100102","79000000","STREAM","tbcmp_AM_LA_IntHigh_2050","AM","LA","IntHigh","2050",368.8047811425
"03100102_79000000_UNNAMED_CREEK",5400,8214,"UNNAMED CREEK","03100102","79000000","STREAM","tbcmp_AM_LA_IntHigh_2050","AM","LA","IntHigh","2050",8.118894398136
"03100102_79000000_UNNAMED_CREEK",6110,144853,"UNNAMED CREEK","03100102","79000000","STREAM","tbcmp_AM_LA_IntHigh_2050","AM","LA","IntHigh","2050",143.175823015972
"03100102_79000000_UNNAMED_CREEK",6120,1227,"UNNAMED CREEK","03100102","79000000","STREAM","tbcmp_AM_LA_IntHigh_2050","AM","LA","IntHigh","2050",1.212793209948
"03100102_79000000_UNNAMED_CREEK",6410,247948,"UNNAMED CREEK","03100102","79000000","STREAM","tbcmp_AM_LA_IntHigh_2050","AM","LA","IntHigh","2050",245.077140032752
"03100102_79000000_UNNAMED_CREEK",6420,5166,"UNNAMED CREEK","03100102","79000000","STREAM","tbcmp_AM_LA_IntHigh_2050","AM","LA","IntHigh","2050",5.106185592984
"03100102_79000000_UNNAMED_CREEK",6425,3539,"UNNAMED CREEK","03100102","79000000","STREAM","tbcmp_AM_LA_IntHigh_2050","AM","LA","IntHigh","2050",3.498023773436
"03100102_79000000_UNNAMED_CREEK",6510,1073,"UNNAMED CREEK","03100102","79000000","STREAM","tbcmp_AM_LA_IntHigh_2050","AM","LA","IntHigh","2050",1.060576295252
"03100102_79000000_UNNAMED_CREEK",6600,14085,"UNNAMED CREEK","03100102","79000000","STREAM","tbcmp_AM_LA_IntHigh_2050","AM","LA","IntHigh","2050",13.92191716554
"03100102_79000000_UNNAMED_CREEK",9113,267,"UNNAMED CREEK","03100102","79000000","STREAM","tbcmp_AM_LA_IntHigh_2050","AM","LA","IntHigh","2050",0.263908546908
"03100102_80000000_UNNAMED_CANAL_SYSTEM",1100,694227,"UNNAMED CANAL SYSTEM","03100102","80000000","CANAL","tbcmp_AM_LA_IntHigh_2050","AM","LA","IntHigh","2050",686.188909341948
"03100102_80000000_UNNAMED_CANAL_SYSTEM",1200,2187560,"UNNAMED CANAL SYSTEM","03100102","80000000","CANAL","tbcmp_AM_LA_IntHigh_2050","AM","LA","IntHigh","2050",2162.23138904144
"03100102_80000000_UNNAMED_CANAL_SYSTEM",1900,477280,"UNNAMED CANAL SYSTEM","03100102","80000000","CANAL","tbcmp_AM_LA_IntHigh_2050","AM","LA","IntHigh","2050",471.75382497472
"03100102_80000000_UNNAMED_CANAL_SYSTEM",2100,2068604,"UNNAMED CANAL SYSTEM","03100102","80000000","CANAL","tbcmp_AM_LA_IntHigh_2050","AM","LA","IntHigh","2050",2044.6527182325
"03100102_80000000_UNNAMED_CANAL_SYSTEM",3200,873671,"UNNAMED CANAL SYSTEM","03100102","80000000","CANAL","tbcmp_AM_LA_IntHigh_2050","AM","LA","IntHigh","2050",863.555221294604
"03100102_80000000_UNNAMED_CANAL_SYSTEM",4100,1816075,"UNNAMED CANAL SYSTEM","03100102","80000000","CANAL","tbcmp_AM_LA_IntHigh_2050","AM","LA","IntHigh","2050",1795.0476191983
"03100102_80000000_UNNAMED_CANAL_SYSTEM",5200,141887,"UNNAMED CANAL SYSTEM","03100102","80000000","CANAL","tbcmp_AM_LA_IntHigh_2050","AM","LA","IntHigh","2050",140.244164775788
"03100102_80000000_UNNAMED_CANAL_SYSTEM",5400,108,"UNNAMED CANAL SYSTEM","03100102","80000000","CANAL","tbcmp_AM_LA_IntHigh_2050","AM","LA","IntHigh","2050",0.106749524592
"03100102_80000000_UNNAMED_CANAL_SYSTEM",6110,453647,"UNNAMED CANAL SYSTEM","03100102","80000000","CANAL","tbcmp_AM_LA_IntHigh_2050","AM","LA","IntHigh","2050",448.394459098028
"03100102_80000000_UNNAMED_CANAL_SYSTEM",6410,1418988,"UNNAMED CANAL SYSTEM","03100102","80000000","CANAL","tbcmp_AM_LA_IntHigh_2050","AM","LA","IntHigh","2050",1402.55828149771
"03100102_80000000_UNNAMED_CREEK",1100,44212,"UNNAMED CREEK","03100102","80000000","STREAM","tbcmp_AM_LA_IntHigh_2050","AM","LA","IntHigh","2050",43.700092419088
"03100102_80000000_UNNAMED_CREEK",1200,1284671,"UNNAMED CREEK","03100102","80000000","STREAM","tbcmp_AM_LA_IntHigh_2050","AM","LA","IntHigh","2050",1269.7964676586
"03100102_80000000_UNNAMED_CREEK",1800,46554,"UNNAMED CREEK","03100102","80000000","STREAM","tbcmp_AM_LA_IntHigh_2050","AM","LA","IntHigh","2050",46.014975628296
"03100102_80000000_UNNAMED_CREEK",1820,9713,"UNNAMED CREEK","03100102","80000000","STREAM","tbcmp_AM_LA_IntHigh_2050","AM","LA","IntHigh","2050",9.600538262612
"03100102_80000000_UNNAMED_CREEK",1900,378378,"UNNAMED CREEK","03100102","80000000","STREAM","tbcmp_AM_LA_IntHigh_2050","AM","LA","IntHigh","2050",373.996959408072
"03100102_80000000_UNNAMED_CREEK",2100,66423,"UNNAMED CREEK","03100102","80000000","STREAM","tbcmp_AM_LA_IntHigh_2050","AM","LA","IntHigh","2050",65.653922888652
"03100102_80000000_UNNAMED_CREEK",3200,82741,"UNNAMED CREEK","03100102","80000000","STREAM","tbcmp_AM_LA_IntHigh_2050","AM","LA","IntHigh","2050",81.782985317284
"03100102_80000000_UNNAMED_CREEK",4100,79074,"UNNAMED CREEK","03100102","80000000","STREAM","tbcmp_AM_LA_IntHigh_2050","AM","LA","IntHigh","2050",78.158443588776
"03100102_80000000_UNNAMED_CREEK",5200,395132,"UNNAMED CREEK","03100102","80000000","STREAM","tbcmp_AM_LA_IntHigh_2050","AM","LA","IntHigh","2050",390.556973621168
"03100102_80000000_UNNAMED_CREEK",5400,29716,"UNNAMED CREEK","03100102","80000000","STREAM","tbcmp_AM_LA_IntHigh_2050","AM","LA","IntHigh","2050",29.371934007184
"03100102_80000000_UNNAMED_CREEK",6110,35029,"UNNAMED CREEK","03100102","80000000","STREAM","tbcmp_AM_LA_IntHigh_2050","AM","LA","IntHigh","2050",34.623417564196
"03100102_80000000_UNNAMED_CREEK",6120,897,"UNNAMED CREEK","03100102","80000000","STREAM","tbcmp_AM_LA_IntHigh_2050","AM","LA","IntHigh","2050",0.886614107028
"03100102_80000000_UNNAMED_CREEK",6410,249379,"UNNAMED CREEK","03100102","80000000","STREAM","tbcmp_AM_LA_IntHigh_2050","AM","LA","IntHigh","2050",246.491571233596
"03100102_80000000_UNNAMED_CREEK",6420,2767,"UNNAMED CREEK","03100102","80000000","STREAM","tbcmp_AM_LA_IntHigh_2050","AM","LA","IntHigh","2050",2.734962356908
"03100102_80000000_UNNAMED_CREEK",6425,5243,"UNNAMED CREEK","03100102","80000000","STREAM","tbcmp_AM_LA_IntHigh_2050","AM","LA","IntHigh","2050",5.182294050332
"03100102_80000000_UNNAMED_CREEK",6510,943,"UNNAMED CREEK","03100102","80000000","STREAM","tbcmp_AM_LA_IntHigh_2050","AM","LA","IntHigh","2050",0.932081497132
"03100102_80000000_UNNAMED_CREEK",6600,9423,"UNNAMED CREEK","03100102","80000000","STREAM","tbcmp_AM_LA_IntHigh_2050","AM","LA","IntHigh","2050",9.313896020652
"03100102_80000000_UNNAMED_CREEK",9113,46,"UNNAMED CREEK","03100102","80000000","STREAM","tbcmp_AM_LA_IntHigh_2050","AM","LA","IntHigh","2050",0.045467390104
"03100102_81000000_UNNAMED_CREEK",1200,13375,"UNNAMED CREEK","03100102","81000000","STREAM","tbcmp_AM_LA_IntHigh_2050","AM","LA","IntHigh","2050",13.2201378835
"03100102_81000000_UNNAMED_CREEK",3200,621702,"UNNAMED CREEK","03100102","81000000","STREAM","tbcmp_AM_LA_IntHigh_2050","AM","LA","IntHigh","2050",614.503638313848
"03100102_81000000_UNNAMED_CREEK",4100,1183398,"UNNAMED CREEK","03100102","81000000","STREAM","tbcmp_AM_LA_IntHigh_2050","AM","LA","IntHigh","2050",1169.69605465855
"03100102_81000000_UNNAMED_CREEK",5200,3301,"UNNAMED CREEK","03100102","81000000","STREAM","tbcmp_AM_LA_IntHigh_2050","AM","LA","IntHigh","2050",3.262779450724
"03100102_81000000_UNNAMED_CREEK",6110,188316,"UNNAMED CREEK","03100102","81000000","STREAM","tbcmp_AM_LA_IntHigh_2050","AM","LA","IntHigh","2050",186.135587713584
"03100102_81000000_UNNAMED_CREEK",6120,5931,"UNNAMED CREEK","03100102","81000000","STREAM","tbcmp_AM_LA_IntHigh_2050","AM","LA","IntHigh","2050",5.862328058844
"03100102_81000000_UNNAMED_CREEK",6410,470246,"UNNAMED CREEK","03100102","81000000","STREAM","tbcmp_AM_LA_IntHigh_2050","AM","LA","IntHigh","2050",464.801267974904
"03100102_81000000_UNNAMED_CREEK",6420,6467,"UNNAMED CREEK","03100102","81000000","STREAM","tbcmp_AM_LA_IntHigh_2050","AM","LA","IntHigh","2050",6.392121995708
"03100102_81000000_UNNAMED_CREEK",6425,8758,"UNNAMED CREEK","03100102","81000000","STREAM","tbcmp_AM_LA_IntHigh_2050","AM","LA","IntHigh","2050",8.656595707192
"03100102_81000000_UNNAMED_CREEK",6510,1624,"UNNAMED CREEK","03100102","81000000","STREAM","tbcmp_AM_LA_IntHigh_2050","AM","LA","IntHigh","2050",1.605196554976
"03100102_81000000_UNNAMED_CREEK",6600,21893,"UNNAMED CREEK","03100102","81000000","STREAM","tbcmp_AM_LA_IntHigh_2050","AM","LA","IntHigh","2050",21.639512424932
"03100102_81000000_UNNAMED_CREEK",9113,586,"UNNAMED CREEK","03100102","81000000","STREAM","tbcmp_AM_LA_IntHigh_2050","AM","LA","IntHigh","2050",0.579215013064
"03100102_82000000_UNNAMED_CREEK",1100,65815,"UNNAMED CREEK","03100102","82000000","STREAM","tbcmp_AM_LA_IntHigh_2050","AM","LA","IntHigh","2050",65.05296260206
"03100102_82000000_UNNAMED_CREEK",1200,118077,"UNNAMED CREEK","03100102","82000000","STREAM","tbcmp_AM_LA_IntHigh_2050","AM","LA","IntHigh","2050",116.709848289348
"03100102_82000000_UNNAMED_CREEK",1800,9842,"UNNAMED CREEK","03100102","82000000","STREAM","tbcmp_AM_LA_IntHigh_2050","AM","LA","IntHigh","2050",9.728044639208
"03100102_82000000_UNNAMED_CREEK",1900,56056,"UNNAMED CREEK","03100102","82000000","STREAM","tbcmp_AM_LA_IntHigh_2050","AM","LA","IntHigh","2050",55.406956949344
"03100102_82000000_UNNAMED_CREEK",3200,2849,"UNNAMED CREEK","03100102","82000000","STREAM","tbcmp_AM_LA_IntHigh_2050","AM","LA","IntHigh","2050",2.816012921876
"03100102_82000000_UNNAMED_CREEK",4100,2041,"UNNAMED CREEK","03100102","82000000","STREAM","tbcmp_AM_LA_IntHigh_2050","AM","LA","IntHigh","2050",2.017368330484
"03100102_82000000_UNNAMED_CREEK",5200,16144,"UNNAMED CREEK","03100102","82000000","STREAM","tbcmp_AM_LA_IntHigh_2050","AM","LA","IntHigh","2050",15.957077083456
"03100102_82000000_UNNAMED_CREEK",5400,4568,"UNNAMED CREEK","03100102","82000000","STREAM","tbcmp_AM_LA_IntHigh_2050","AM","LA","IntHigh","2050",4.515109521632
"03100102_82000000_UNNAMED_CREEK",6110,2887,"UNNAMED CREEK","03100102","82000000","STREAM","tbcmp_AM_LA_IntHigh_2050","AM","LA","IntHigh","2050",2.853572939788
"03100102_82000000_UNNAMED_CREEK",6120,300,"UNNAMED CREEK","03100102","82000000","STREAM","tbcmp_AM_LA_IntHigh_2050","AM","LA","IntHigh","2050",0.2965264572
"03100102_82000000_UNNAMED_CREEK",6410,5236,"UNNAMED CREEK","03100102","82000000","STREAM","tbcmp_AM_LA_IntHigh_2050","AM","LA","IntHigh","2050",5.175375099664
"03100102_82000000_UNNAMED_CREEK",6420,2438,"UNNAMED CREEK","03100102","82000000","STREAM","tbcmp_AM_LA_IntHigh_2050","AM","LA","IntHigh","2050",2.409771675512
"03100102_82000000_UNNAMED_CREEK",6425,2026,"UNNAMED CREEK","03100102","82000000","STREAM","tbcmp_AM_LA_IntHigh_2050","AM","LA","IntHigh","2050",2.002542007624
"03100102_82000000_UNNAMED_CREEK",6510,436,"UNNAMED CREEK","03100102","82000000","STREAM","tbcmp_AM_LA_IntHigh_2050","AM","LA","IntHigh","2050",0.430951784464
"03100102_82000000_UNNAMED_CREEK",6600,2899,"UNNAMED CREEK","03100102","82000000","STREAM","tbcmp_AM_LA_IntHigh_2050","AM","LA","IntHigh","2050",2.865433998076
"03100102_82000000_UNNAMED_CREEK",9113,1,"UNNAMED CREEK","03100102","82000000","STREAM","tbcmp_AM_LA_IntHigh_2050","AM","LA","IntHigh","2050",0.000988421524
"03100102_83000000_UNNAMED_CREEK",1100,84021,"UNNAMED CREEK","03100102","83000000","STREAM","tbcmp_AM_LA_IntHigh_2050","AM","LA","IntHigh","2050",83.048164868004
"03100102_83000000_UNNAMED_CREEK",1200,56845,"UNNAMED CREEK","03100102","83000000","STREAM","tbcmp_AM_LA_IntHigh_2050","AM","LA","IntHigh","2050",56.18682153178
"03100102_83000000_UNNAMED_CREEK",1800,3080,"UNNAMED CREEK","03100102","83000000","STREAM","tbcmp_AM_LA_IntHigh_2050","AM","LA","IntHigh","2050",3.04433829392
"03100102_83000000_UNNAMED_CREEK",1900,12184,"UNNAMED CREEK","03100102","83000000","STREAM","tbcmp_AM_LA_IntHigh_2050","AM","LA","IntHigh","2050",12.042927848416
"03100102_83000000_UNNAMED_CREEK",4100,13861,"UNNAMED CREEK","03100102","83000000","STREAM","tbcmp_AM_LA_IntHigh_2050","AM","LA","IntHigh","2050",13.700510744164
"03100102_83000000_UNNAMED_CREEK",5200,21313,"UNNAMED CREEK","03100102","83000000","STREAM","tbcmp_AM_LA_IntHigh_2050","AM","LA","IntHigh","2050",21.066227941012
"03100102_83000000_UNNAMED_CREEK",5400,1554,"UNNAMED CREEK","03100102","83000000","STREAM","tbcmp_AM_LA_IntHigh_2050","AM","LA","IntHigh","2050",1.536007048296
"03100102_83000000_UNNAMED_CREEK",6110,3278,"UNNAMED CREEK","03100102","83000000","STREAM","tbcmp_AM_LA_IntHigh_2050","AM","LA","IntHigh","2050",3.240045755672
"03100102_83000000_UNNAMED_CREEK",6120,440,"UNNAMED CREEK","03100102","83000000","STREAM","tbcmp_AM_LA_IntHigh_2050","AM","LA","IntHigh","2050",0.43490547056
"03100102_83000000_UNNAMED_CREEK",6410,4939,"UNNAMED CREEK","03100102","83000000","STREAM","tbcmp_AM_LA_IntHigh_2050","AM","LA","IntHigh","2050",4.881813907036
"03100102_83000000_UNNAMED_CREEK",6420,3791,"UNNAMED CREEK","03100102","83000000","STREAM","tbcmp_AM_LA_IntHigh_2050","AM","LA","IntHigh","2050",3.747105997484
"03100102_83000000_UNNAMED_CREEK",6425,3800,"UNNAMED CREEK","03100102","83000000","STREAM","tbcmp_AM_LA_IntHigh_2050","AM","LA","IntHigh","2050",3.7560017912
"03100102_83000000_UNNAMED_CREEK",6510,953,"UNNAMED CREEK","03100102","83000000","STREAM","tbcmp_AM_LA_IntHigh_2050","AM","LA","IntHigh","2050",0.941965712372
"03100102_83000000_UNNAMED_CREEK",6600,1975,"UNNAMED CREEK","03100102","83000000","STREAM","tbcmp_AM_LA_IntHigh_2050","AM","LA","IntHigh","2050",1.9521325099
"03100102_83000000_UNNAMED_CREEK",9113,209,"UNNAMED CREEK","03100102","83000000","STREAM","tbcmp_AM_LA_IntHigh_2050","AM","LA","IntHigh","2050",0.206580098516
"03100102_84800000_UNNAMED_DITCH",1100,160933,"UNNAMED DITCH","03100102","84800000","DITCH","tbcmp_AM_LA_IntHigh_2050","AM","LA","IntHigh","2050",159.069641121892
"03100102_84800000_UNNAMED_DITCH",1200,4680,"UNNAMED DITCH","03100102","84800000","DITCH","tbcmp_AM_LA_IntHigh_2050","AM","LA","IntHigh","2050",4.62581273232
"03100102_84800000_UNNAMED_DITCH",1900,17140,"UNNAMED DITCH","03100102","84800000","DITCH","tbcmp_AM_LA_IntHigh_2050","AM","LA","IntHigh","2050",16.94154492136
"03100102_84800000_UNNAMED_DITCH",2100,12892,"UNNAMED DITCH","03100102","84800000","DITCH","tbcmp_AM_LA_IntHigh_2050","AM","LA","IntHigh","2050",12.742730287408
"03100102_84800000_UNNAMED_DITCH",3200,1008514,"UNNAMED DITCH","03100102","84800000","DITCH","tbcmp_AM_LA_IntHigh_2050","AM","LA","IntHigh","2050",996.836944855336
"03100102_84800000_UNNAMED_DITCH",4100,863142,"UNNAMED DITCH","03100102","84800000","DITCH","tbcmp_AM_LA_IntHigh_2050","AM","LA","IntHigh","2050",853.148131068408
"03100102_84800000_UNNAMED_DITCH",5200,14011,"UNNAMED DITCH","03100102","84800000","DITCH","tbcmp_AM_LA_IntHigh_2050","AM","LA","IntHigh","2050",13.848773972764
"03100102_84800000_UNNAMED_DITCH",6110,244769,"UNNAMED DITCH","03100102","84800000","DITCH","tbcmp_AM_LA_IntHigh_2050","AM","LA","IntHigh","2050",241.934948007956
"03100102_84800000_UNNAMED_DITCH",6410,1031666,"UNNAMED DITCH","03100102","84800000","DITCH","tbcmp_AM_LA_IntHigh_2050","AM","LA","IntHigh","2050",1019.72087997898
"03100102_85000000_UNNAMED_CREEK",1100,69057,"UNNAMED CREEK","03100102","85000000","STREAM","tbcmp_AM_LA_IntHigh_2050","AM","LA","IntHigh","2050",68.257425182868
"03100102_85000000_UNNAMED_CREEK",1200,243045,"UNNAMED CREEK","03100102","85000000","STREAM","tbcmp_AM_LA_IntHigh_2050","AM","LA","IntHigh","2050",240.23090930058
"03100102_85000000_UNNAMED_CREEK",1800,81232,"UNNAMED CREEK","03100102","85000000","STREAM","tbcmp_AM_LA_IntHigh_2050","AM","LA","IntHigh","2050",80.291457237568
"03100102_85000000_UNNAMED_CREEK",1900,343559,"UNNAMED CREEK","03100102","85000000","STREAM","tbcmp_AM_LA_IntHigh_2050","AM","LA","IntHigh","2050",339.581110363916
"03100102_85000000_UNNAMED_CREEK",2100,7034,"UNNAMED CREEK","03100102","85000000","STREAM","tbcmp_AM_LA_IntHigh_2050","AM","LA","IntHigh","2050",6.952556999816
"03100102_85000000_UNNAMED_CREEK",3200,124168,"UNNAMED CREEK","03100102","85000000","STREAM","tbcmp_AM_LA_IntHigh_2050","AM","LA","IntHigh","2050",122.730323792032
"03100102_85000000_UNNAMED_CREEK",4100,66736,"UNNAMED CREEK","03100102","85000000","STREAM","tbcmp_AM_LA_IntHigh_2050","AM","LA","IntHigh","2050",65.963298825664
"03100102_85000000_UNNAMED_CREEK",5200,130216,"UNNAMED CREEK","03100102","85000000","STREAM","tbcmp_AM_LA_IntHigh_2050","AM","LA","IntHigh","2050",128.708297169184
"03100102_85000000_UNNAMED_CREEK",5400,2799,"UNNAMED CREEK","03100102","85000000","STREAM","tbcmp_AM_LA_IntHigh_2050","AM","LA","IntHigh","2050",2.766591845676
"03100102_85000000_UNNAMED_CREEK",6110,16146,"UNNAMED CREEK","03100102","85000000","STREAM","tbcmp_AM_LA_IntHigh_2050","AM","LA","IntHigh","2050",15.959053926504
"03100102_85000000_UNNAMED_CREEK",6120,5363,"UNNAMED CREEK","03100102","85000000","STREAM","tbcmp_AM_LA_IntHigh_2050","AM","LA","IntHigh","2050",5.300904633212
"03100102_85000000_UNNAMED_CREEK",6410,200521,"UNNAMED CREEK","03100102","85000000","STREAM","tbcmp_AM_LA_IntHigh_2050","AM","LA","IntHigh","2050",198.199272414004
"03100102_85000000_UNNAMED_CREEK",6420,6692,"UNNAMED CREEK","03100102","85000000","STREAM","tbcmp_AM_LA_IntHigh_2050","AM","LA","IntHigh","2050",6.614516838608
"03100102_85000000_UNNAMED_CREEK",6425,3246,"UNNAMED CREEK","03100102","85000000","STREAM","tbcmp_AM_LA_IntHigh_2050","AM","LA","IntHigh","2050",3.208416266904
"03100102_85000000_UNNAMED_CREEK",6510,1849,"UNNAMED CREEK","03100102","85000000","STREAM","tbcmp_AM_LA_IntHigh_2050","AM","LA","IntHigh","2050",1.827591397876
"03100102_85000000_UNNAMED_CREEK",6600,5065,"UNNAMED CREEK","03100102","85000000","STREAM","tbcmp_AM_LA_IntHigh_2050","AM","LA","IntHigh","2050",5.00635501906
"03100102_85000000_UNNAMED_CREEK",9113,20,"UNNAMED CREEK","03100102","85000000","STREAM","tbcmp_AM_LA_IntHigh_2050","AM","LA","IntHigh","2050",0.01976843048
"03100102_87000000_UNNAMED_CREEK",1100,281022,"UNNAMED CREEK","03100102","87000000","STREAM","tbcmp_AM_LA_IntHigh_2050","AM","LA","IntHigh","2050",277.768193517528
"03100102_87000000_UNNAMED_CREEK",1200,473529,"UNNAMED CREEK","03100102","87000000","STREAM","tbcmp_AM_LA_IntHigh_2050","AM","LA","IntHigh","2050",468.046255838196
"03100102_87000000_UNNAMED_CREEK",1800,16416,"UNNAMED CREEK","03100102","87000000","STREAM","tbcmp_AM_LA_IntHigh_2050","AM","LA","IntHigh","2050",16.225927737984
"03100102_87000000_UNNAMED_CREEK",1900,110402,"UNNAMED CREEK","03100102","87000000","STREAM","tbcmp_AM_LA_IntHigh_2050","AM","LA","IntHigh","2050",109.123713092648
"03100102_87000000_UNNAMED_CREEK",3200,344432,"UNNAMED CREEK","03100102","87000000","STREAM","tbcmp_AM_LA_IntHigh_2050","AM","LA","IntHigh","2050",340.444002354368
"03100102_87000000_UNNAMED_CREEK",4100,284431,"UNNAMED CREEK","03100102","87000000","STREAM","tbcmp_AM_LA_IntHigh_2050","AM","LA","IntHigh","2050",281.137722492844
"03100102_87000000_UNNAMED_CREEK",5200,10476,"UNNAMED CREEK","03100102","87000000","STREAM","tbcmp_AM_LA_IntHigh_2050","AM","LA","IntHigh","2050",10.354703885424
"03100102_87000000_UNNAMED_CREEK",5400,29955,"UNNAMED CREEK","03100102","87000000","STREAM","tbcmp_AM_LA_IntHigh_2050","AM","LA","IntHigh","2050",29.60816675142
"03100102_87000000_UNNAMED_CREEK",6110,6504,"UNNAMED CREEK","03100102","87000000","STREAM","tbcmp_AM_LA_IntHigh_2050","AM","LA","IntHigh","2050",6.428693592096
"03100102_87000000_UNNAMED_CREEK",6410,88363,"UNNAMED CREEK","03100102","87000000","STREAM","tbcmp_AM_LA_IntHigh_2050","AM","LA","IntHigh","2050",87.339891125212
"03100102_87000000_UNNAMED_CREEK",6420,3972,"UNNAMED CREEK","03100102","87000000","STREAM","tbcmp_AM_LA_IntHigh_2050","AM","LA","IntHigh","2050",3.926010293328
"03100102_87000000_UNNAMED_CREEK",6425,2763,"UNNAMED CREEK","03100102","87000000","STREAM","tbcmp_AM_LA_IntHigh_2050","AM","LA","IntHigh","2050",2.731008670812
"03100102_87000000_UNNAMED_CREEK",6510,568,"UNNAMED CREEK","03100102","87000000","STREAM","tbcmp_AM_LA_IntHigh_2050","AM","LA","IntHigh","2050",0.561423425632
"03100102_87000000_UNNAMED_CREEK",6600,4764,"UNNAMED CREEK","03100102","87000000","STREAM","tbcmp_AM_LA_IntHigh_2050","AM","LA","IntHigh","2050",4.708840140336
"03100102_87000000_UNNAMED_CREEK",9113,704,"UNNAMED CREEK","03100102","87000000","STREAM","tbcmp_AM_LA_IntHigh_2050","AM","LA","IntHigh","2050",0.695848752896
"03100102_90000000_BIG_SLOUGH_CANAL",1100,1425898,"BIG SLOUGH CANAL","03100102","90000000","CANAL","tbcmp_AM_LA_IntHigh_2050","AM","LA","IntHigh","2050",1409.38827422855
"03100102_90000000_BIG_SLOUGH_CANAL",1200,2037090,"BIG SLOUGH CANAL","03100102","90000000","CANAL","tbcmp_AM_LA_IntHigh_2050","AM","LA","IntHigh","2050",2013.50360232516
"03100102_90000000_BIG_SLOUGH_CANAL",1800,23027,"BIG SLOUGH CANAL","03100102","90000000","CANAL","tbcmp_AM_LA_IntHigh_2050","AM","LA","IntHigh","2050",22.760382433148
"03100102_90000000_BIG_SLOUGH_CANAL",1820,30165,"BIG SLOUGH CANAL","03100102","90000000","CANAL","tbcmp_AM_LA_IntHigh_2050","AM","LA","IntHigh","2050",29.81573527146
"03100102_90000000_BIG_SLOUGH_CANAL",1900,1184754,"BIG SLOUGH CANAL","03100102","90000000","CANAL","tbcmp_AM_LA_IntHigh_2050","AM","LA","IntHigh","2050",1171.0363542451
"03100102_90000000_BIG_SLOUGH_CANAL",2100,9253846,"BIG SLOUGH CANAL","03100102","90000000","CANAL","tbcmp_AM_LA_IntHigh_2050","AM","LA","IntHigh","2050",9146.7005661813
"03100102_90000000_BIG_SLOUGH_CANAL",2200,1128587,"BIG SLOUGH CANAL","03100102","90000000","CANAL","tbcmp_AM_LA_IntHigh_2050","AM","LA","IntHigh","2050",1115.51968250659
"03100102_90000000_BIG_SLOUGH_CANAL",3200,3671597,"BIG SLOUGH CANAL","03100102","90000000","CANAL","tbcmp_AM_LA_IntHigh_2050","AM","LA","IntHigh","2050",3629.08550225383
"03100102_90000000_BIG_SLOUGH_CANAL",4100,6498372,"BIG SLOUGH CANAL","03100102","90000000","CANAL","tbcmp_AM_LA_IntHigh_2050","AM","LA","IntHigh","2050",6423.13075575893
"03100102_90000000_BIG_SLOUGH_CANAL",5200,136161,"BIG SLOUGH CANAL","03100102","90000000","CANAL","tbcmp_AM_LA_IntHigh_2050","AM","LA","IntHigh","2050",134.584463129364
"03100102_90000000_BIG_SLOUGH_CANAL",5400,115777,"BIG SLOUGH CANAL","03100102","90000000","CANAL","tbcmp_AM_LA_IntHigh_2050","AM","LA","IntHigh","2050",114.436478784148
"03100102_90000000_BIG_SLOUGH_CANAL",6110,1917398,"BIG SLOUGH CANAL","03100102","90000000","CANAL","tbcmp_AM_LA_IntHigh_2050","AM","LA","IntHigh","2050",1895.19745327455
"03100102_90000000_BIG_SLOUGH_CANAL",6120,10177,"BIG SLOUGH CANAL","03100102","90000000","CANAL","tbcmp_AM_LA_IntHigh_2050","AM","LA","IntHigh","2050",10.059165849748
"03100102_90000000_BIG_SLOUGH_CANAL",6410,5983242,"BIG SLOUGH CANAL","03100102","90000000","CANAL","tbcmp_AM_LA_IntHigh_2050","AM","LA","IntHigh","2050",5913.96517610081
"03100102_90000000_BIG_SLOUGH_CANAL",6420,67092,"BIG SLOUGH CANAL","03100102","90000000","CANAL","tbcmp_AM_LA_IntHigh_2050","AM","LA","IntHigh","2050",66.315176888208
"03100102_90000000_BIG_SLOUGH_CANAL",6425,20795,"BIG SLOUGH CANAL","03100102","90000000","CANAL","tbcmp_AM_LA_IntHigh_2050","AM","LA","IntHigh","2050",20.55422559158
"03100102_90000000_BIG_SLOUGH_CANAL",6510,2293,"BIG SLOUGH CANAL","03100102","90000000","CANAL","tbcmp_AM_LA_IntHigh_2050","AM","LA","IntHigh","2050",2.266450554532
"03100102_90000000_BIG_SLOUGH_CANAL",6600,37551,"BIG SLOUGH CANAL","03100102","90000000","CANAL","tbcmp_AM_LA_IntHigh_2050","AM","LA","IntHigh","2050",37.116216647724
"03100102_90000000_BIG_SLOUGH_CANAL",9113,7340,"BIG SLOUGH CANAL","03100102","90000000","CANAL","tbcmp_AM_LA_IntHigh_2050","AM","LA","IntHigh","2050",7.25501398616
"03100102_90200000_WILDCAT_SLOUGH",1100,123166,"WILDCAT SLOUGH","03100102","90200000","SLOUGH","tbcmp_AM_LA_IntHigh_2050","AM","LA","IntHigh","2050",121.739925424984
"03100102_90200000_WILDCAT_SLOUGH",1200,15829,"WILDCAT SLOUGH","03100102","90200000","SLOUGH","tbcmp_AM_LA_IntHigh_2050","AM","LA","IntHigh","2050",15.645724303396
"03100102_90200000_WILDCAT_SLOUGH",1900,432897,"WILDCAT SLOUGH","03100102","90200000","SLOUGH","tbcmp_AM_LA_IntHigh_2050","AM","LA","IntHigh","2050",427.884712475028
"03100102_90200000_WILDCAT_SLOUGH",2100,3480665,"WILDCAT SLOUGH","03100102","90200000","SLOUGH","tbcmp_AM_LA_IntHigh_2050","AM","LA","IntHigh","2050",3440.36420383346
"03100102_90200000_WILDCAT_SLOUGH",2400,312202,"WILDCAT SLOUGH","03100102","90200000","SLOUGH","tbcmp_AM_LA_IntHigh_2050","AM","LA","IntHigh","2050",308.587176635848
"03100102_90200000_WILDCAT_SLOUGH",3200,800548,"WILDCAT SLOUGH","03100102","90200000","SLOUGH","tbcmp_AM_LA_IntHigh_2050","AM","LA","IntHigh","2050",791.278874195152
"03100102_90200000_WILDCAT_SLOUGH",4100,766628,"WILDCAT SLOUGH","03100102","90200000","SLOUGH","tbcmp_AM_LA_IntHigh_2050","AM","LA","IntHigh","2050",757.751616101072
"03100102_90200000_WILDCAT_SLOUGH",5200,10134,"WILDCAT SLOUGH","03100102","90200000","SLOUGH","tbcmp_AM_LA_IntHigh_2050","AM","LA","IntHigh","2050",10.016663724216
"03100102_90200000_WILDCAT_SLOUGH",6110,762611,"WILDCAT SLOUGH","03100102","90200000","SLOUGH","tbcmp_AM_LA_IntHigh_2050","AM","LA","IntHigh","2050",753.781126839164
"03100102_90200000_WILDCAT_SLOUGH",6410,1055730,"WILDCAT SLOUGH","03100102","90200000","SLOUGH","tbcmp_AM_LA_IntHigh_2050","AM","LA","IntHigh","2050",1043.50625553252
"03100102_90201000_BUD_SLOUGH",1100,536654,"BUD SLOUGH","03100102","90201000","SLOUGH","tbcmp_AM_LA_IntHigh_2050","AM","LA","IntHigh","2050",530.440364540696
"03100102_90201000_BUD_SLOUGH",1200,8247,"BUD SLOUGH","03100102","90201000","SLOUGH","tbcmp_AM_LA_IntHigh_2050","AM","LA","IntHigh","2050",8.151512308428
"03100102_90201000_BUD_SLOUGH",1900,63059,"BUD SLOUGH","03100102","90201000","SLOUGH","tbcmp_AM_LA_IntHigh_2050","AM","LA","IntHigh","2050",62.328872881916
"03100102_90201000_BUD_SLOUGH",2100,1925902,"BUD SLOUGH","03100102","90201000","SLOUGH","tbcmp_AM_LA_IntHigh_2050","AM","LA","IntHigh","2050",1903.60298991465
"03100102_90201000_BUD_SLOUGH",2400,15952,"BUD SLOUGH","03100102","90201000","SLOUGH","tbcmp_AM_LA_IntHigh_2050","AM","LA","IntHigh","2050",15.767300150848
"03100102_90201000_BUD_SLOUGH",3200,327041,"BUD SLOUGH","03100102","90201000","SLOUGH","tbcmp_AM_LA_IntHigh_2050","AM","LA","IntHigh","2050",323.254363630484
"03100102_90201000_BUD_SLOUGH",4100,515053,"BUD SLOUGH","03100102","90201000","SLOUGH","tbcmp_AM_LA_IntHigh_2050","AM","LA","IntHigh","2050",509.089471200772
"03100102_90201000_BUD_SLOUGH",4400,1763,"BUD SLOUGH","03100102","90201000","SLOUGH","tbcmp_AM_LA_IntHigh_2050","AM","LA","IntHigh","2050",1.742587146812
"03100102_90201000_BUD_SLOUGH",5200,13356,"BUD SLOUGH","03100102","90201000","SLOUGH","tbcmp_AM_LA_IntHigh_2050","AM","LA","IntHigh","2050",13.201357874544
"03100102_90201000_BUD_SLOUGH",6110,428429,"BUD SLOUGH","03100102","90201000","SLOUGH","tbcmp_AM_LA_IntHigh_2050","AM","LA","IntHigh","2050",423.468445105796
"03100102_90201000_BUD_SLOUGH",6410,366894,"BUD SLOUGH","03100102","90201000","SLOUGH","tbcmp_AM_LA_IntHigh_2050","AM","LA","IntHigh","2050",362.645926626456
"03100102_90300000_MUD_LAKE_SLOUGH",1100,274353,"MUD LAKE SLOUGH","03100102","90300000","SLOUGH","tbcmp_AM_LA_IntHigh_2050","AM","LA","IntHigh","2050",271.176410373972
"03100102_90300000_MUD_LAKE_SLOUGH",1200,42040,"MUD LAKE SLOUGH","03100102","90300000","SLOUGH","tbcmp_AM_LA_IntHigh_2050","AM","LA","IntHigh","2050",41.55324086896
"03100102_90300000_MUD_LAKE_SLOUGH",1900,344266,"MUD LAKE SLOUGH","03100102","90300000","SLOUGH","tbcmp_AM_LA_IntHigh_2050","AM","LA","IntHigh","2050",340.279924381384
"03100102_90300000_MUD_LAKE_SLOUGH",2100,5326717,"MUD LAKE SLOUGH","03100102","90300000","SLOUGH","tbcmp_AM_LA_IntHigh_2050","AM","LA","IntHigh","2050",5265.04173505671
"03100102_90300000_MUD_LAKE_SLOUGH",2200,114321,"MUD LAKE SLOUGH","03100102","90300000","SLOUGH","tbcmp_AM_LA_IntHigh_2050","AM","LA","IntHigh","2050",112.997337045204
"03100102_90300000_MUD_LAKE_SLOUGH",2400,17863,"MUD LAKE SLOUGH","03100102","90300000","SLOUGH","tbcmp_AM_LA_IntHigh_2050","AM","LA","IntHigh","2050",17.656173683212
"03100102_90300000_MUD_LAKE_SLOUGH",3200,980330,"MUD LAKE SLOUGH","03100102","90300000","SLOUGH","tbcmp_AM_LA_IntHigh_2050","AM","LA","IntHigh","2050",968.97927262292
"03100102_90300000_MUD_LAKE_SLOUGH",4100,1713689,"MUD LAKE SLOUGH","03100102","90300000","SLOUGH","tbcmp_AM_LA_IntHigh_2050","AM","LA","IntHigh","2050",1693.84709304204
"03100102_90300000_MUD_LAKE_SLOUGH",4400,45797,"MUD LAKE SLOUGH","03100102","90300000","SLOUGH","tbcmp_AM_LA_IntHigh_2050","AM","LA","IntHigh","2050",45.266740534628
"03100102_90300000_MUD_LAKE_SLOUGH",5200,12950,"MUD LAKE SLOUGH","03100102","90300000","SLOUGH","tbcmp_AM_LA_IntHigh_2050","AM","LA","IntHigh","2050",12.8000587358
"03100102_90300000_MUD_LAKE_SLOUGH",6110,688532,"MUD LAKE SLOUGH","03100102","90300000","SLOUGH","tbcmp_AM_LA_IntHigh_2050","AM","LA","IntHigh","2050",680.559848762768
"03100102_90300000_MUD_LAKE_SLOUGH",6410,1978328,"MUD LAKE SLOUGH","03100102","90300000","SLOUGH","tbcmp_AM_LA_IntHigh_2050","AM","LA","IntHigh","2050",1955.42197673187
"03100102_90690000_UNNAMED_DITCH_SYSTEM",1100,326989,"UNNAMED DITCH SYSTEM","03100102","90690000","DITCH","tbcmp_AM_LA_IntHigh_2050","AM","LA","IntHigh","2050",323.202965711236
"03100102_90690000_UNNAMED_DITCH_SYSTEM",1200,89524,"UNNAMED DITCH SYSTEM","03100102","90690000","DITCH","tbcmp_AM_LA_IntHigh_2050","AM","LA","IntHigh","2050",88.487448514576
"03100102_90690000_UNNAMED_DITCH_SYSTEM",1900,33889,"UNNAMED DITCH SYSTEM","03100102","90690000","DITCH","tbcmp_AM_LA_IntHigh_2050","AM","LA","IntHigh","2050",33.496617026836
"03100102_90690000_UNNAMED_DITCH_SYSTEM",3200,5358,"UNNAMED DITCH SYSTEM","03100102","90690000","DITCH","tbcmp_AM_LA_IntHigh_2050","AM","LA","IntHigh","2050",5.295962525592
"03100102_90690000_UNNAMED_DITCH_SYSTEM",4100,2184,"UNNAMED DITCH SYSTEM","03100102","90690000","DITCH","tbcmp_AM_LA_IntHigh_2050","AM","LA","IntHigh","2050",2.158712608416
"03100102_90690000_UNNAMED_DITCH_SYSTEM",5200,1057,"UNNAMED DITCH SYSTEM","03100102","90690000","DITCH","tbcmp_AM_LA_IntHigh_2050","AM","LA","IntHigh","2050",1.044761550868
"03100102_90690000_UNNAMED_DITCH_SYSTEM",6110,9101,"UNNAMED DITCH SYSTEM","03100102","90690000","DITCH","tbcmp_AM_LA_IntHigh_2050","AM","LA","IntHigh","2050",8.995624289924
"03100102_90690000_UNNAMED_DITCH_SYSTEM",6410,21203,"UNNAMED DITCH SYSTEM","03100102","90690000","DITCH","tbcmp_AM_LA_IntHigh_2050","AM","LA","IntHigh","2050",20.957501573372
"03100102_90720000_UNNAMED_DITCH_SYSTEM",1100,504195,"UNNAMED DITCH SYSTEM","03100102","90720000","DITCH","tbcmp_AM_LA_IntHigh_2050","AM","LA","IntHigh","2050",498.35719029318
"03100102_90720000_UNNAMED_DITCH_SYSTEM",1200,241129,"UNNAMED DITCH SYSTEM","03100102","90720000","DITCH","tbcmp_AM_LA_IntHigh_2050","AM","LA","IntHigh","2050",238.337093660596
"03100102_90720000_UNNAMED_DITCH_SYSTEM",1900,20163,"UNNAMED DITCH SYSTEM","03100102","90720000","DITCH","tbcmp_AM_LA_IntHigh_2050","AM","LA","IntHigh","2050",19.929543188412
"03100102_90720000_UNNAMED_DITCH_SYSTEM",3200,24236,"UNNAMED DITCH SYSTEM","03100102","90720000","DITCH","tbcmp_AM_LA_IntHigh_2050","AM","LA","IntHigh","2050",23.955384055664
"03100102_90720000_UNNAMED_DITCH_SYSTEM",4100,1918,"UNNAMED DITCH SYSTEM","03100102","90720000","DITCH","tbcmp_AM_LA_IntHigh_2050","AM","LA","IntHigh","2050",1.895792483032
"03100102_90720000_UNNAMED_DITCH_SYSTEM",5200,3995,"UNNAMED DITCH SYSTEM","03100102","90720000","DITCH","tbcmp_AM_LA_IntHigh_2050","AM","LA","IntHigh","2050",3.94874398838
"03100102_90720000_UNNAMED_DITCH_SYSTEM",6110,29226,"UNNAMED DITCH SYSTEM","03100102","90720000","DITCH","tbcmp_AM_LA_IntHigh_2050","AM","LA","IntHigh","2050",28.887607460424
"03100102_90720000_UNNAMED_DITCH_SYSTEM",6410,43549,"UNNAMED DITCH SYSTEM","03100102","90720000","DITCH","tbcmp_AM_LA_IntHigh_2050","AM","LA","IntHigh","2050",43.044768948676
"03100102_90800000_UNNAMED_DITCH",1100,816787,"UNNAMED DITCH","03100102","90800000","DITCH","tbcmp_AM_LA_IntHigh_2050","AM","LA","IntHigh","2050",807.329851323388
"03100102_90800000_UNNAMED_DITCH",1200,40110,"UNNAMED DITCH","03100102","90800000","DITCH","tbcmp_AM_LA_IntHigh_2050","AM","LA","IntHigh","2050",39.64558732764
"03100102_90800000_UNNAMED_DITCH",1900,108474,"UNNAMED DITCH","03100102","90800000","DITCH","tbcmp_AM_LA_IntHigh_2050","AM","LA","IntHigh","2050",107.218036394376
"03100102_90800000_UNNAMED_DITCH",3200,9723,"UNNAMED DITCH","03100102","90800000","DITCH","tbcmp_AM_LA_IntHigh_2050","AM","LA","IntHigh","2050",9.610422477852
"03100102_90800000_UNNAMED_DITCH",4100,5937,"UNNAMED DITCH","03100102","90800000","DITCH","tbcmp_AM_LA_IntHigh_2050","AM","LA","IntHigh","2050",5.868258587988
"03100102_90800000_UNNAMED_DITCH",5200,2997,"UNNAMED DITCH","03100102","90800000","DITCH","tbcmp_AM_LA_IntHigh_2050","AM","LA","IntHigh","2050",2.962299307428
"03100102_90800000_UNNAMED_DITCH",6110,2789,"UNNAMED DITCH","03100102","90800000","DITCH","tbcmp_AM_LA_IntHigh_2050","AM","LA","IntHigh","2050",2.756707630436
"03100102_90800000_UNNAMED_DITCH",6410,5333,"UNNAMED DITCH","03100102","90800000","DITCH","tbcmp_AM_LA_IntHigh_2050","AM","LA","IntHigh","2050",5.271251987492
"03100102_90900000_UNNAMED_DITCH_SYSTEM",1100,1091231,"UNNAMED DITCH SYSTEM","03100102","90900000","DITCH","tbcmp_AM_LA_IntHigh_2050","AM","LA","IntHigh","2050",1078.59620805604
"03100102_90900000_UNNAMED_DITCH_SYSTEM",1200,5407197,"UNNAMED DITCH SYSTEM","03100102","90900000","DITCH","tbcmp_AM_LA_IntHigh_2050","AM","LA","IntHigh","2050",5344.58989930823
"03100102_90900000_UNNAMED_DITCH_SYSTEM",1800,19055,"UNNAMED DITCH SYSTEM","03100102","90900000","DITCH","tbcmp_AM_LA_IntHigh_2050","AM","LA","IntHigh","2050",18.83437213982
"03100102_90900000_UNNAMED_DITCH_SYSTEM",1820,130027,"UNNAMED DITCH SYSTEM","03100102","90900000","DITCH","tbcmp_AM_LA_IntHigh_2050","AM","LA","IntHigh","2050",128.521485501148
"03100102_90900000_UNNAMED_DITCH_SYSTEM",1900,4166117,"UNNAMED DITCH SYSTEM","03100102","90900000","DITCH","tbcmp_AM_LA_IntHigh_2050","AM","LA","IntHigh","2050",4117.87971430231
"03100102_90900000_UNNAMED_DITCH_SYSTEM",2100,620790,"UNNAMED DITCH SYSTEM","03100102","90900000","DITCH","tbcmp_AM_LA_IntHigh_2050","AM","LA","IntHigh","2050",613.60219788396
"03100102_90900000_UNNAMED_DITCH_SYSTEM",3200,2287711,"UNNAMED DITCH SYSTEM","03100102","90900000","DITCH","tbcmp_AM_LA_IntHigh_2050","AM","LA","IntHigh","2050",2261.22279309156
"03100102_90900000_UNNAMED_DITCH_SYSTEM",4100,1558782,"UNNAMED DITCH SYSTEM","03100102","90900000","DITCH","tbcmp_AM_LA_IntHigh_2050","AM","LA","IntHigh","2050",1540.73368002377
"03100102_90900000_UNNAMED_DITCH_SYSTEM",5200,580070,"UNNAMED DITCH SYSTEM","03100102","90900000","DITCH","tbcmp_AM_LA_IntHigh_2050","AM","LA","IntHigh","2050",573.35367342668
"03100102_90900000_UNNAMED_DITCH_SYSTEM",5400,62044,"UNNAMED DITCH SYSTEM","03100102","90900000","DITCH","tbcmp_AM_LA_IntHigh_2050","AM","LA","IntHigh","2050",61.325625035056
"03100102_90900000_UNNAMED_DITCH_SYSTEM",6110,301916,"UNNAMED DITCH SYSTEM","03100102","90900000","DITCH","tbcmp_AM_LA_IntHigh_2050","AM","LA","IntHigh","2050",298.420272839984
"03100102_90900000_UNNAMED_DITCH_SYSTEM",6120,561,"UNNAMED DITCH SYSTEM","03100102","90900000","DITCH","tbcmp_AM_LA_IntHigh_2050","AM","LA","IntHigh","2050",0.554504474964
"03100102_90900000_UNNAMED_DITCH_SYSTEM",6410,2412425,"UNNAMED DITCH SYSTEM","03100102","90900000","DITCH","tbcmp_AM_LA_IntHigh_2050","AM","LA","IntHigh","2050",2384.4927950357
"03100102_90900000_UNNAMED_DITCH_SYSTEM",6420,236,"UNNAMED DITCH SYSTEM","03100102","90900000","DITCH","tbcmp_AM_LA_IntHigh_2050","AM","LA","IntHigh","2050",0.233267479664
"03100102_90900000_UNNAMED_DITCH_SYSTEM",6425,4,"UNNAMED DITCH SYSTEM","03100102","90900000","DITCH","tbcmp_AM_LA_IntHigh_2050","AM","LA","IntHigh","2050",0.003953686096
"03100102_90900000_UNNAMED_DITCH_SYSTEM",6510,1,"UNNAMED DITCH SYSTEM","03100102","90900000","DITCH","tbcmp_AM_LA_IntHigh_2050","AM","LA","IntHigh","2050",0.000988421524
"03100102_90900000_UNNAMED_DITCH_SYSTEM",6600,538,"UNNAMED DITCH SYSTEM","03100102","90900000","DITCH","tbcmp_AM_LA_IntHigh_2050","AM","LA","IntHigh","2050",0.531770779912
"03100102_90900000_UNNAMED_DITCH_SYSTEM",9113,939,"UNNAMED DITCH SYSTEM","03100102","90900000","DITCH","tbcmp_AM_LA_IntHigh_2050","AM","LA","IntHigh","2050",0.928127811036
"03100102_90904000_UNNAMED_DITCH_SYSTEM",1100,334121,"UNNAMED DITCH SYSTEM","03100102","90904000","DITCH","tbcmp_AM_LA_IntHigh_2050","AM","LA","IntHigh","2050",330.252388020404
"03100102_90904000_UNNAMED_DITCH_SYSTEM",1200,814363,"UNNAMED DITCH SYSTEM","03100102","90904000","DITCH","tbcmp_AM_LA_IntHigh_2050","AM","LA","IntHigh","2050",804.933917549212
"03100102_90904000_UNNAMED_DITCH_SYSTEM",1900,81263,"UNNAMED DITCH SYSTEM","03100102","90904000","DITCH","tbcmp_AM_LA_IntHigh_2050","AM","LA","IntHigh","2050",80.322098304812
"03100102_90904000_UNNAMED_DITCH_SYSTEM",5200,10911,"UNNAMED DITCH SYSTEM","03100102","90904000","DITCH","tbcmp_AM_LA_IntHigh_2050","AM","LA","IntHigh","2050",10.784667248364
"03100102_90904000_UNNAMED_DITCH_SYSTEM",6110,6143,"UNNAMED DITCH SYSTEM","03100102","90904000","DITCH","tbcmp_AM_LA_IntHigh_2050","AM","LA","IntHigh","2050",6.071873421932
"03100102_90904000_UNNAMED_DITCH_SYSTEM",6410,29881,"UNNAMED DITCH SYSTEM","03100102","90904000","DITCH","tbcmp_AM_LA_IntHigh_2050","AM","LA","IntHigh","2050",29.535023558644
"03100102_90905000_UNNAMED_DITCH_SYSTEM",1100,21900,"UNNAMED DITCH SYSTEM","03100102","90905000","DITCH","tbcmp_AM_LA_IntHigh_2050","AM","LA","IntHigh","2050",21.6464313756
"03100102_90905000_UNNAMED_DITCH_SYSTEM",1200,1076060,"UNNAMED DITCH SYSTEM","03100102","90905000","DITCH","tbcmp_AM_LA_IntHigh_2050","AM","LA","IntHigh","2050",1063.60086511544
"03100102_90905000_UNNAMED_DITCH_SYSTEM",1900,277178,"UNNAMED DITCH SYSTEM","03100102","90905000","DITCH","tbcmp_AM_LA_IntHigh_2050","AM","LA","IntHigh","2050",273.968701179272
"03100102_90905000_UNNAMED_DITCH_SYSTEM",2100,1751362,"UNNAMED DITCH SYSTEM","03100102","90905000","DITCH","tbcmp_AM_LA_IntHigh_2050","AM","LA","IntHigh","2050",1731.08389711569
"03100102_90905000_UNNAMED_DITCH_SYSTEM",2200,233740,"UNNAMED DITCH SYSTEM","03100102","90905000","DITCH","tbcmp_AM_LA_IntHigh_2050","AM","LA","IntHigh","2050",231.03364701976
"03100102_90905000_UNNAMED_DITCH_SYSTEM",2400,28786,"UNNAMED DITCH SYSTEM","03100102","90905000","DITCH","tbcmp_AM_LA_IntHigh_2050","AM","LA","IntHigh","2050",28.452701989864
"03100102_90905000_UNNAMED_DITCH_SYSTEM",3200,1161471,"UNNAMED DITCH SYSTEM","03100102","90905000","DITCH","tbcmp_AM_LA_IntHigh_2050","AM","LA","IntHigh","2050",1148.0229359018
"03100102_90905000_UNNAMED_DITCH_SYSTEM",4100,4696995,"UNNAMED DITCH SYSTEM","03100102","90905000","DITCH","tbcmp_AM_LA_IntHigh_2050","AM","LA","IntHigh","2050",4642.61095612038
"03100102_90905000_UNNAMED_DITCH_SYSTEM",5200,62517,"UNNAMED DITCH SYSTEM","03100102","90905000","DITCH","tbcmp_AM_LA_IntHigh_2050","AM","LA","IntHigh","2050",61.793148415908
"03100102_90905000_UNNAMED_DITCH_SYSTEM",6110,744363,"UNNAMED DITCH SYSTEM","03100102","90905000","DITCH","tbcmp_AM_LA_IntHigh_2050","AM","LA","IntHigh","2050",735.744410869212
"03100102_90905000_UNNAMED_DITCH_SYSTEM",6410,3522464,"UNNAMED DITCH SYSTEM","03100102","90905000","DITCH","tbcmp_AM_LA_IntHigh_2050","AM","LA","IntHigh","2050",3481.67923511514
"03100102_90907000_UNNAMED_CANAL_SYSTEM",1200,1866169,"UNNAMED CANAL SYSTEM","03100102","90907000","CANAL","tbcmp_AM_LA_IntHigh_2050","AM","LA","IntHigh","2050",1844.56160702156
"03100102_90907000_UNNAMED_CANAL_SYSTEM",1900,198511,"UNNAMED CANAL SYSTEM","03100102","90907000","CANAL","tbcmp_AM_LA_IntHigh_2050","AM","LA","IntHigh","2050",196.212545150764
"03100102_90907000_UNNAMED_CANAL_SYSTEM",4100,156659,"UNNAMED CANAL SYSTEM","03100102","90907000","CANAL","tbcmp_AM_LA_IntHigh_2050","AM","LA","IntHigh","2050",154.845127528316
"03100102_90907000_UNNAMED_CANAL_SYSTEM",5200,104854,"UNNAMED CANAL SYSTEM","03100102","90907000","CANAL","tbcmp_AM_LA_IntHigh_2050","AM","LA","IntHigh","2050",103.639950477496
"03100102_90907000_UNNAMED_CANAL_SYSTEM",5400,24,"UNNAMED CANAL SYSTEM","03100102","90907000","CANAL","tbcmp_AM_LA_IntHigh_2050","AM","LA","IntHigh","2050",0.023722116576
"03100102_90907000_UNNAMED_CANAL_SYSTEM",6410,49578,"UNNAMED CANAL SYSTEM","03100102","90907000","CANAL","tbcmp_AM_LA_IntHigh_2050","AM","LA","IntHigh","2050",49.003962316872
"03100102_90907500_UNNAMED_CANAL_SYSTEM",1200,2370454,"UNNAMED CANAL SYSTEM","03100102","90907500","CANAL","tbcmp_AM_LA_IntHigh_2050","AM","LA","IntHigh","2050",2343.0077552519
"03100102_90907500_UNNAMED_CANAL_SYSTEM",5200,42661,"UNNAMED CANAL SYSTEM","03100102","90907500","CANAL","tbcmp_AM_LA_IntHigh_2050","AM","LA","IntHigh","2050",42.167050635364
"03100102_90907500_UNNAMED_CANAL_SYSTEM",5400,119,"UNNAMED CANAL SYSTEM","03100102","90907500","CANAL","tbcmp_AM_LA_IntHigh_2050","AM","LA","IntHigh","2050",0.117622161356
"03100102_90907500_UNNAMED_CANAL_SYSTEM",6110,2312,"UNNAMED CANAL SYSTEM","03100102","90907500","CANAL","tbcmp_AM_LA_IntHigh_2050","AM","LA","IntHigh","2050",2.285230563488
"03100102_90907500_UNNAMED_CANAL_SYSTEM",6410,4409,"UNNAMED CANAL SYSTEM","03100102","90907500","CANAL","tbcmp_AM_LA_IntHigh_2050","AM","LA","IntHigh","2050",4.357950499316
"03100102_90908500_UNNAMED_CANAL_SYSTEM",1200,2078440,"UNNAMED CANAL SYSTEM","03100102","90908500","CANAL","tbcmp_AM_LA_IntHigh_2050","AM","LA","IntHigh","2050",2054.37483234256
"03100102_90908500_UNNAMED_CANAL_SYSTEM",1800,7636,"UNNAMED CANAL SYSTEM","03100102","90908500","CANAL","tbcmp_AM_LA_IntHigh_2050","AM","LA","IntHigh","2050",7.547586757264
"03100102_90908500_UNNAMED_CANAL_SYSTEM",1820,201050,"UNNAMED CANAL SYSTEM","03100102","90908500","CANAL","tbcmp_AM_LA_IntHigh_2050","AM","LA","IntHigh","2050",198.7221474002
"03100102_90908500_UNNAMED_CANAL_SYSTEM",1900,51981,"UNNAMED CANAL SYSTEM","03100102","90908500","CANAL","tbcmp_AM_LA_IntHigh_2050","AM","LA","IntHigh","2050",51.379139239044
"03100102_90908500_UNNAMED_CANAL_SYSTEM",3200,9585,"UNNAMED CANAL SYSTEM","03100102","90908500","CANAL","tbcmp_AM_LA_IntHigh_2050","AM","LA","IntHigh","2050",9.47402030754
"03100102_90908500_UNNAMED_CANAL_SYSTEM",4100,71473,"UNNAMED CANAL SYSTEM","03100102","90908500","CANAL","tbcmp_AM_LA_IntHigh_2050","AM","LA","IntHigh","2050",70.645451584852
"03100102_90908500_UNNAMED_CANAL_SYSTEM",5200,104064,"UNNAMED CANAL SYSTEM","03100102","90908500","CANAL","tbcmp_AM_LA_IntHigh_2050","AM","LA","IntHigh","2050",102.859097473536
"03100102_90908500_UNNAMED_CANAL_SYSTEM",5400,47987,"UNNAMED CANAL SYSTEM","03100102","90908500","CANAL","tbcmp_AM_LA_IntHigh_2050","AM","LA","IntHigh","2050",47.431383672188
"03100102_90908500_UNNAMED_CANAL_SYSTEM",6110,1884,"UNNAMED CANAL SYSTEM","03100102","90908500","CANAL","tbcmp_AM_LA_IntHigh_2050","AM","LA","IntHigh","2050",1.862186151216
"03100102_90908500_UNNAMED_CANAL_SYSTEM",6120,1,"UNNAMED CANAL SYSTEM","03100102","90908500","CANAL","tbcmp_AM_LA_IntHigh_2050","AM","LA","IntHigh","2050",0.000988421524
"03100102_90908500_UNNAMED_CANAL_SYSTEM",6410,46009,"UNNAMED CANAL SYSTEM","03100102","90908500","CANAL","tbcmp_AM_LA_IntHigh_2050","AM","LA","IntHigh","2050",45.476285897716
"03100102_90910000_UNNAMED_DITCH_SYSTEM",1100,1423095,"UNNAMED DITCH SYSTEM","03100102","90910000","DITCH","tbcmp_AM_LA_IntHigh_2050","AM","LA","IntHigh","2050",1406.61772869678
"03100102_90910000_UNNAMED_DITCH_SYSTEM",1200,1576783,"UNNAMED DITCH SYSTEM","03100102","90910000","DITCH","tbcmp_AM_LA_IntHigh_2050","AM","LA","IntHigh","2050",1558.52625587729
"03100102_90910000_UNNAMED_DITCH_SYSTEM",1800,24787,"UNNAMED DITCH SYSTEM","03100102","90910000","DITCH","tbcmp_AM_LA_IntHigh_2050","AM","LA","IntHigh","2050",24.500004315388
"03100102_90910000_UNNAMED_DITCH_SYSTEM",1900,129406,"UNNAMED DITCH SYSTEM","03100102","90910000","DITCH","tbcmp_AM_LA_IntHigh_2050","AM","LA","IntHigh","2050",127.907675734744
"03100102_90910000_UNNAMED_DITCH_SYSTEM",3200,23625,"UNNAMED DITCH SYSTEM","03100102","90910000","DITCH","tbcmp_AM_LA_IntHigh_2050","AM","LA","IntHigh","2050",23.3514585045
"03100102_90910000_UNNAMED_DITCH_SYSTEM",4100,64302,"UNNAMED DITCH SYSTEM","03100102","90910000","DITCH","tbcmp_AM_LA_IntHigh_2050","AM","LA","IntHigh","2050",63.557480836248
"03100102_90910000_UNNAMED_DITCH_SYSTEM",5200,9539,"UNNAMED DITCH SYSTEM","03100102","90910000","DITCH","tbcmp_AM_LA_IntHigh_2050","AM","LA","IntHigh","2050",9.428552917436
"03100102_90910000_UNNAMED_DITCH_SYSTEM",6110,15638,"UNNAMED DITCH SYSTEM","03100102","90910000","DITCH","tbcmp_AM_LA_IntHigh_2050","AM","LA","IntHigh","2050",15.456935792312
"03100102_90910000_UNNAMED_DITCH_SYSTEM",6120,103,"UNNAMED DITCH SYSTEM","03100102","90910000","DITCH","tbcmp_AM_LA_IntHigh_2050","AM","LA","IntHigh","2050",0.101807416972
"03100102_90910000_UNNAMED_DITCH_SYSTEM",6410,53574,"UNNAMED DITCH SYSTEM","03100102","90910000","DITCH","tbcmp_AM_LA_IntHigh_2050","AM","LA","IntHigh","2050",52.953694726776
"03100102_90910000_UNNAMED_DITCH_SYSTEM",6420,97,"UNNAMED DITCH SYSTEM","03100102","90910000","DITCH","tbcmp_AM_LA_IntHigh_2050","AM","LA","IntHigh","2050",0.095876887828
"03100102_90910000_UNNAMED_DITCH_SYSTEM",6600,386,"UNNAMED DITCH SYSTEM","03100102","90910000","DITCH","tbcmp_AM_LA_IntHigh_2050","AM","LA","IntHigh","2050",0.381530708264
"03100102_92000000_ROCK_CREEK",1100,443530,"ROCK CREEK","03100102","92000000","CANAL","tbcmp_AM_LA_IntHigh_2050","AM","LA","IntHigh","2050",438.39459853972
"03100102_92000000_ROCK_CREEK",1200,124764,"ROCK CREEK","03100102","92000000","CANAL","tbcmp_AM_LA_IntHigh_2050","AM","LA","IntHigh","2050",123.319423020336
"03100102_92000000_ROCK_CREEK",1800,41,"ROCK CREEK","03100102","92000000","CANAL","tbcmp_AM_LA_IntHigh_2050","AM","LA","IntHigh","2050",0.040525282484
"03100102_92000000_ROCK_CREEK",1900,520760,"ROCK CREEK","03100102","92000000","CANAL","tbcmp_AM_LA_IntHigh_2050","AM","LA","IntHigh","2050",514.73039283824
"03100102_92000000_ROCK_CREEK",4100,20949,"ROCK CREEK","03100102","92000000","CANAL","tbcmp_AM_LA_IntHigh_2050","AM","LA","IntHigh","2050",20.706442506276
"03100102_92000000_ROCK_CREEK",5200,14772,"ROCK CREEK","03100102","92000000","CANAL","tbcmp_AM_LA_IntHigh_2050","AM","LA","IntHigh","2050",14.600962752528
"03100102_92000000_ROCK_CREEK",5400,45244,"ROCK CREEK","03100102","92000000","CANAL","tbcmp_AM_LA_IntHigh_2050","AM","LA","IntHigh","2050",44.720143431856
"03100102_92000000_ROCK_CREEK",6110,104,"ROCK CREEK","03100102","92000000","CANAL","tbcmp_AM_LA_IntHigh_2050","AM","LA","IntHigh","2050",0.102795838496
"03100102_92000000_ROCK_CREEK",6410,12249,"ROCK CREEK","03100102","92000000","CANAL","tbcmp_AM_LA_IntHigh_2050","AM","LA","IntHigh","2050",12.107175247476
"03100102_92000000_ROCK_CREEK",6420,13794,"ROCK CREEK","03100102","92000000","CANAL","tbcmp_AM_LA_IntHigh_2050","AM","LA","IntHigh","2050",13.634286502056
"03100102_92000000_ROCK_CREEK",6425,7021,"ROCK CREEK","03100102","92000000","CANAL","tbcmp_AM_LA_IntHigh_2050","AM","LA","IntHigh","2050",6.939707520004
"03100102_92000000_ROCK_CREEK",6510,2091,"ROCK CREEK","03100102","92000000","CANAL","tbcmp_AM_LA_IntHigh_2050","AM","LA","IntHigh","2050",2.066789406684
"03100102_92000000_ROCK_CREEK",6600,11889,"ROCK CREEK","03100102","92000000","CANAL","tbcmp_AM_LA_IntHigh_2050","AM","LA","IntHigh","2050",11.751343498836
"03100102_92000000_ROCK_CREEK",9113,5237,"ROCK CREEK","03100102","92000000","CANAL","tbcmp_AM_LA_IntHigh_2050","AM","LA","IntHigh","2050",5.176363521188
"03100102_93000000_UNNAMED_CANAL",1100,903182,"UNNAMED CANAL","03100102","93000000","CANAL","tbcmp_AM_LA_IntHigh_2050","AM","LA","IntHigh","2050",892.724528889368
"03100102_93000000_UNNAMED_CANAL",1200,865803,"UNNAMED CANAL","03100102","93000000","CANAL","tbcmp_AM_LA_IntHigh_2050","AM","LA","IntHigh","2050",855.778320743772
"03100102_93000000_UNNAMED_CANAL",1800,13682,"UNNAMED CANAL","03100102","93000000","CANAL","tbcmp_AM_LA_IntHigh_2050","AM","LA","IntHigh","2050",13.523583291368
"03100102_93000000_UNNAMED_CANAL",1900,1000063,"UNNAMED CANAL","03100102","93000000","CANAL","tbcmp_AM_LA_IntHigh_2050","AM","LA","IntHigh","2050",988.483794556012
"03100102_93000000_UNNAMED_CANAL",3200,7240,"UNNAMED CANAL","03100102","93000000","CANAL","tbcmp_AM_LA_IntHigh_2050","AM","LA","IntHigh","2050",7.15617183376
"03100102_93000000_UNNAMED_CANAL",4100,8665,"UNNAMED CANAL","03100102","93000000","CANAL","tbcmp_AM_LA_IntHigh_2050","AM","LA","IntHigh","2050",8.56467250546
"03100102_93000000_UNNAMED_CANAL",5200,29890,"UNNAMED CANAL","03100102","93000000","CANAL","tbcmp_AM_LA_IntHigh_2050","AM","LA","IntHigh","2050",29.54391935236
"03100102_93000000_UNNAMED_CANAL",5400,64600,"UNNAMED CANAL","03100102","93000000","CANAL","tbcmp_AM_LA_IntHigh_2050","AM","LA","IntHigh","2050",63.8520304504
"03100102_93000000_UNNAMED_CANAL",6110,4692,"UNNAMED CANAL","03100102","93000000","CANAL","tbcmp_AM_LA_IntHigh_2050","AM","LA","IntHigh","2050",4.637673790608
"03100102_93000000_UNNAMED_CANAL",6120,145,"UNNAMED CANAL","03100102","93000000","CANAL","tbcmp_AM_LA_IntHigh_2050","AM","LA","IntHigh","2050",0.14332112098
"03100102_93000000_UNNAMED_CANAL",6410,16457,"UNNAMED CANAL","03100102","93000000","CANAL","tbcmp_AM_LA_IntHigh_2050","AM","LA","IntHigh","2050",16.266453020468
"03100102_93000000_UNNAMED_CANAL",6420,7815,"UNNAMED CANAL","03100102","93000000","CANAL","tbcmp_AM_LA_IntHigh_2050","AM","LA","IntHigh","2050",7.72451421006
"03100102_93000000_UNNAMED_CANAL",6425,2610,"UNNAMED CANAL","03100102","93000000","CANAL","tbcmp_AM_LA_IntHigh_2050","AM","LA","IntHigh","2050",2.57978017764
"03100102_93000000_UNNAMED_CANAL",6510,974,"UNNAMED CANAL","03100102","93000000","CANAL","tbcmp_AM_LA_IntHigh_2050","AM","LA","IntHigh","2050",0.962722564376
"03100102_93000000_UNNAMED_CANAL",6600,4085,"UNNAMED CANAL","03100102","93000000","CANAL","tbcmp_AM_LA_IntHigh_2050","AM","LA","IntHigh","2050",4.03770192554
"03100102_93000000_UNNAMED_CANAL",9113,4894,"UNNAMED CANAL","03100102","93000000","CANAL","tbcmp_AM_LA_IntHigh_2050","AM","LA","IntHigh","2050",4.837334938456
"03100102_96000000_SAM_KNIGHT_CREEK",1100,887808,"SAM KNIGHT CREEK","03100102","96000000","STREAM","tbcmp_AM_LA_IntHigh_2050","AM","LA","IntHigh","2050",877.528536379392
"03100102_96000000_SAM_KNIGHT_CREEK",1200,489325,"SAM KNIGHT CREEK","03100102","96000000","STREAM","tbcmp_AM_LA_IntHigh_2050","AM","LA","IntHigh","2050",483.6593622313
"03100102_96000000_SAM_KNIGHT_CREEK",1800,160986,"SAM KNIGHT CREEK","03100102","96000000","STREAM","tbcmp_AM_LA_IntHigh_2050","AM","LA","IntHigh","2050",159.122027462664
"03100102_96000000_SAM_KNIGHT_CREEK",1900,1383884,"SAM KNIGHT CREEK","03100102","96000000","STREAM","tbcmp_AM_LA_IntHigh_2050","AM","LA","IntHigh","2050",1367.86073231922
"03100102_96000000_SAM_KNIGHT_CREEK",3200,313356,"SAM KNIGHT CREEK","03100102","96000000","STREAM","tbcmp_AM_LA_IntHigh_2050","AM","LA","IntHigh","2050",309.727815074544
"03100102_96000000_SAM_KNIGHT_CREEK",4100,461108,"SAM KNIGHT CREEK","03100102","96000000","STREAM","tbcmp_AM_LA_IntHigh_2050","AM","LA","IntHigh","2050",455.769072088592
"03100102_96000000_SAM_KNIGHT_CREEK",5200,134031,"SAM KNIGHT CREEK","03100102","96000000","STREAM","tbcmp_AM_LA_IntHigh_2050","AM","LA","IntHigh","2050",132.479125283244
"03100102_96000000_SAM_KNIGHT_CREEK",5400,172928,"SAM KNIGHT CREEK","03100102","96000000","STREAM","tbcmp_AM_LA_IntHigh_2050","AM","LA","IntHigh","2050",170.925757302272
"03100102_96000000_SAM_KNIGHT_CREEK",6110,3164,"SAM KNIGHT CREEK","03100102","96000000","STREAM","tbcmp_AM_LA_IntHigh_2050","AM","LA","IntHigh","2050",3.127365701936
"03100102_96000000_SAM_KNIGHT_CREEK",6120,2672,"SAM KNIGHT CREEK","03100102","96000000","STREAM","tbcmp_AM_LA_IntHigh_2050","AM","LA","IntHigh","2050",2.641062312128
"03100102_96000000_SAM_KNIGHT_CREEK",6410,147321,"SAM KNIGHT CREEK","03100102","96000000","STREAM","tbcmp_AM_LA_IntHigh_2050","AM","LA","IntHigh","2050",145.615247337204
"03100102_96000000_SAM_KNIGHT_CREEK",6420,167608,"SAM KNIGHT CREEK","03100102","96000000","STREAM","tbcmp_AM_LA_IntHigh_2050","AM","LA","IntHigh","2050",165.667354794592
"03100102_96000000_SAM_KNIGHT_CREEK",6425,106682,"SAM KNIGHT CREEK","03100102","96000000","STREAM","tbcmp_AM_LA_IntHigh_2050","AM","LA","IntHigh","2050",105.446785023368
"03100102_96000000_SAM_KNIGHT_CREEK",6510,15374,"SAM KNIGHT CREEK","03100102","96000000","STREAM","tbcmp_AM_LA_IntHigh_2050","AM","LA","IntHigh","2050",15.195992509976
"03100102_96000000_SAM_KNIGHT_CREEK",6600,127144,"SAM KNIGHT CREEK","03100102","96000000","STREAM","tbcmp_AM_LA_IntHigh_2050","AM","LA","IntHigh","2050",125.671866247456
"03100102_96000000_SAM_KNIGHT_CREEK",9113,118496,"SAM KNIGHT CREEK","03100102","96000000","STREAM","tbcmp_AM_LA_IntHigh_2050","AM","LA","IntHigh","2050",117.123996907904
"03100102_96000000_TIPPECANOE_BAY",0,66,"TIPPECANOE BAY","03100102","96000000","BAY","tbcmp_AM_LA_IntHigh_2050","AM","LA","IntHigh","2050",0.065235820584
"03100102_96000000_TIPPECANOE_BAY",1200,436,"TIPPECANOE BAY","03100102","96000000","BAY","tbcmp_AM_LA_IntHigh_2050","AM","LA","IntHigh","2050",0.430951784464
"03100102_96000000_TIPPECANOE_BAY",3200,35987,"TIPPECANOE BAY","03100102","96000000","BAY","tbcmp_AM_LA_IntHigh_2050","AM","LA","IntHigh","2050",35.570325384188
"03100102_96000000_TIPPECANOE_BAY",4100,45929,"TIPPECANOE BAY","03100102","96000000","BAY","tbcmp_AM_LA_IntHigh_2050","AM","LA","IntHigh","2050",45.397212175796
"03100102_96000000_TIPPECANOE_BAY",5400,452356,"TIPPECANOE BAY","03100102","96000000","BAY","tbcmp_AM_LA_IntHigh_2050","AM","LA","IntHigh","2050",447.118406910544
"03100102_96000000_TIPPECANOE_BAY",6120,54362,"TIPPECANOE BAY","03100102","96000000","BAY","tbcmp_AM_LA_IntHigh_2050","AM","LA","IntHigh","2050",53.732570887688
"03100102_96000000_TIPPECANOE_BAY",6410,2141,"TIPPECANOE BAY","03100102","96000000","BAY","tbcmp_AM_LA_IntHigh_2050","AM","LA","IntHigh","2050",2.116210482884
"03100102_96000000_TIPPECANOE_BAY",6420,194073,"TIPPECANOE BAY","03100102","96000000","BAY","tbcmp_AM_LA_IntHigh_2050","AM","LA","IntHigh","2050",191.825930427252
"03100102_96000000_TIPPECANOE_BAY",6425,360066,"TIPPECANOE BAY","03100102","96000000","BAY","tbcmp_AM_LA_IntHigh_2050","AM","LA","IntHigh","2050",355.896984460584
"03100102_96000000_TIPPECANOE_BAY",6510,11399,"TIPPECANOE BAY","03100102","96000000","BAY","tbcmp_AM_LA_IntHigh_2050","AM","LA","IntHigh","2050",11.267016952076
"03100102_96000000_TIPPECANOE_BAY",6600,32132,"TIPPECANOE BAY","03100102","96000000","BAY","tbcmp_AM_LA_IntHigh_2050","AM","LA","IntHigh","2050",31.759960409168
"03100102_96000000_TIPPECANOE_BAY",9113,239942,"TIPPECANOE BAY","03100102","96000000","BAY","tbcmp_AM_LA_IntHigh_2050","AM","LA","IntHigh","2050",237.163837311608
"03100102_96950000_TRAILER_PARK_CANAL",0,68,"TRAILER PARK CANAL","03100102","96950000","CANAL","tbcmp_AM_LA_IntHigh_2050","AM","LA","IntHigh","2050",0.067212663632
"03100102_96950000_TRAILER_PARK_CANAL",1200,113167,"TRAILER PARK CANAL","03100102","96950000","CANAL","tbcmp_AM_LA_IntHigh_2050","AM","LA","IntHigh","2050",111.856698606508
"03100102_96950000_TRAILER_PARK_CANAL",1800,2026,"TRAILER PARK CANAL","03100102","96950000","CANAL","tbcmp_AM_LA_IntHigh_2050","AM","LA","IntHigh","2050",2.002542007624
"03100102_96950000_TRAILER_PARK_CANAL",1900,2036,"TRAILER PARK CANAL","03100102","96950000","CANAL","tbcmp_AM_LA_IntHigh_2050","AM","LA","IntHigh","2050",2.012426222864
"03100102_96950000_TRAILER_PARK_CANAL",3200,57434,"TRAILER PARK CANAL","03100102","96950000","CANAL","tbcmp_AM_LA_IntHigh_2050","AM","LA","IntHigh","2050",56.769001809416
"03100102_96950000_TRAILER_PARK_CANAL",4100,90246,"TRAILER PARK CANAL","03100102","96950000","CANAL","tbcmp_AM_LA_IntHigh_2050","AM","LA","IntHigh","2050",89.201088854904
"03100102_96950000_TRAILER_PARK_CANAL",5200,275,"TRAILER PARK CANAL","03100102","96950000","CANAL","tbcmp_AM_LA_IntHigh_2050","AM","LA","IntHigh","2050",0.2718159191
"03100102_96950000_TRAILER_PARK_CANAL",5400,22278,"TRAILER PARK CANAL","03100102","96950000","CANAL","tbcmp_AM_LA_IntHigh_2050","AM","LA","IntHigh","2050",22.020054711672
"03100102_96950000_TRAILER_PARK_CANAL",6110,4445,"TRAILER PARK CANAL","03100102","96950000","CANAL","tbcmp_AM_LA_IntHigh_2050","AM","LA","IntHigh","2050",4.39353367418
"03100102_96950000_TRAILER_PARK_CANAL",6120,3227,"TRAILER PARK CANAL","03100102","96950000","CANAL","tbcmp_AM_LA_IntHigh_2050","AM","LA","IntHigh","2050",3.189636257948
"03100102_96950000_TRAILER_PARK_CANAL",6410,65698,"TRAILER PARK CANAL","03100102","96950000","CANAL","tbcmp_AM_LA_IntHigh_2050","AM","LA","IntHigh","2050",64.937317283752
"03100102_96950000_TRAILER_PARK_CANAL",6420,39677,"TRAILER PARK CANAL","03100102","96950000","CANAL","tbcmp_AM_LA_IntHigh_2050","AM","LA","IntHigh","2050",39.217600807748
"03100102_96950000_TRAILER_PARK_CANAL",6425,127225,"TRAILER PARK CANAL","03100102","96950000","CANAL","tbcmp_AM_LA_IntHigh_2050","AM","LA","IntHigh","2050",125.7519283909
"03100102_96950000_TRAILER_PARK_CANAL",6510,741,"TRAILER PARK CANAL","03100102","96950000","CANAL","tbcmp_AM_LA_IntHigh_2050","AM","LA","IntHigh","2050",0.732420349284
"03100102_96950000_TRAILER_PARK_CANAL",6600,64305,"TRAILER PARK CANAL","03100102","96950000","CANAL","tbcmp_AM_LA_IntHigh_2050","AM","LA","IntHigh","2050",63.56044610082
"03100102_96950000_TRAILER_PARK_CANAL",9113,1826,"TRAILER PARK CANAL","03100102","96950000","CANAL","tbcmp_AM_LA_IntHigh_2050","AM","LA","IntHigh","2050",1.804857702824
"03100102_97000000_MYAKKA_RIVER",1100,6294543,"MYAKKA RIVER","03100102","97000000","STREAM","tbcmp_AM_LA_IntHigh_2050","AM","LA","IntHigh","2050",6221.66178494353
"03100102_97000000_MYAKKA_RIVER",1200,237119,"MYAKKA RIVER","03100102","97000000","STREAM","tbcmp_AM_LA_IntHigh_2050","AM","LA","IntHigh","2050",234.373523349356
"03100102_97000000_MYAKKA_RIVER",1800,12966,"MYAKKA RIVER","03100102","97000000","STREAM","tbcmp_AM_LA_IntHigh_2050","AM","LA","IntHigh","2050",12.815873480184
"03100102_97000000_MYAKKA_RIVER",1900,1359872,"MYAKKA RIVER","03100102","97000000","STREAM","tbcmp_AM_LA_IntHigh_2050","AM","LA","IntHigh","2050",1344.12675468493
"03100102_97000000_MYAKKA_RIVER",2100,6750029,"MYAKKA RIVER","03100102","97000000","STREAM","tbcmp_AM_LA_IntHigh_2050","AM","LA","IntHigh","2050",6671.87395122419
"03100102_97000000_MYAKKA_RIVER",2200,626395,"MYAKKA RIVER","03100102","97000000","STREAM","tbcmp_AM_LA_IntHigh_2050","AM","LA","IntHigh","2050",619.14230052598
"03100102_97000000_MYAKKA_RIVER",2400,63827,"MYAKKA RIVER","03100102","97000000","STREAM","tbcmp_AM_LA_IntHigh_2050","AM","LA","IntHigh","2050",63.087980612348
"03100102_97000000_MYAKKA_RIVER",3200,3150651,"MYAKKA RIVER","03100102","97000000","STREAM","tbcmp_AM_LA_IntHigh_2050","AM","LA","IntHigh","2050",3114.17126301212
"03100102_97000000_MYAKKA_RIVER",4100,2754832,"MYAKKA RIVER","03100102","97000000","STREAM","tbcmp_AM_LA_IntHigh_2050","AM","LA","IntHigh","2050",2722.93524380397
"03100102_97000000_MYAKKA_RIVER",4400,4816,"MYAKKA RIVER","03100102","97000000","STREAM","tbcmp_AM_LA_IntHigh_2050","AM","LA","IntHigh","2050",4.760238059584
"03100102_97000000_MYAKKA_RIVER",5200,1022259,"MYAKKA RIVER","03100102","97000000","STREAM","tbcmp_AM_LA_IntHigh_2050","AM","LA","IntHigh","2050",1010.42279870272
"03100102_97000000_MYAKKA_RIVER",5400,8,"MYAKKA RIVER","03100102","97000000","STREAM","tbcmp_AM_LA_IntHigh_2050","AM","LA","IntHigh","2050",0.007907372192
"03100102_97000000_MYAKKA_RIVER",6110,4826646,"MYAKKA RIVER","03100102","97000000","STREAM","tbcmp_AM_LA_IntHigh_2050","AM","LA","IntHigh","2050",4770.7607951285
"03100102_97000000_MYAKKA_RIVER",6410,2776007,"MYAKKA RIVER","03100102","97000000","STREAM","tbcmp_AM_LA_IntHigh_2050","AM","LA","IntHigh","2050",2743.86506957467
"03100102_98000000_MYAKKA_RIVER",1100,13398,"MYAKKA RIVER","03100102","98000000","STREAM","tbcmp_AM_LA_IntHigh_2050","AM","LA","IntHigh","2050",13.242871578552
"03100102_98000000_MYAKKA_RIVER",1200,7071,"MYAKKA RIVER","03100102","98000000","STREAM","tbcmp_AM_LA_IntHigh_2050","AM","LA","IntHigh","2050",6.989128596204
"03100102_98000000_MYAKKA_RIVER",1800,56968,"MYAKKA RIVER","03100102","98000000","STREAM","tbcmp_AM_LA_IntHigh_2050","AM","LA","IntHigh","2050",56.308397379232
"03100102_98000000_MYAKKA_RIVER",1900,1780,"MYAKKA RIVER","03100102","98000000","STREAM","tbcmp_AM_LA_IntHigh_2050","AM","LA","IntHigh","2050",1.75939031272
"03100102_98000000_MYAKKA_RIVER",2100,64448,"MYAKKA RIVER","03100102","98000000","STREAM","tbcmp_AM_LA_IntHigh_2050","AM","LA","IntHigh","2050",63.701790378752
"03100102_98000000_MYAKKA_RIVER",3200,5106220,"MYAKKA RIVER","03100102","98000000","STREAM","tbcmp_AM_LA_IntHigh_2050","AM","LA","IntHigh","2050",5047.09775427928
"03100102_98000000_MYAKKA_RIVER",4100,368902,"MYAKKA RIVER","03100102","98000000","STREAM","tbcmp_AM_LA_IntHigh_2050","AM","LA","IntHigh","2050",364.630677046648
"03100102_98000000_MYAKKA_RIVER",5200,565118,"MYAKKA RIVER","03100102","98000000","STREAM","tbcmp_AM_LA_IntHigh_2050","AM","LA","IntHigh","2050",558.574794799832
"03100102_98000000_MYAKKA_RIVER",6110,2287281,"MYAKKA RIVER","03100102","98000000","STREAM","tbcmp_AM_LA_IntHigh_2050","AM","LA","IntHigh","2050",2260.79777183624
"03100102_98000000_MYAKKA_RIVER",6410,2503638,"MYAKKA RIVER","03100102","98000000","STREAM","tbcmp_AM_LA_IntHigh_2050","AM","LA","IntHigh","2050",2474.64968750431
"03100102_98000000_MYAKKA_RIVER",6420,1,"MYAKKA RIVER","03100102","98000000","STREAM","tbcmp_AM_LA_IntHigh_2050","AM","LA","IntHigh","2050",0.000988421524
"03100102_98000000_MYAKKA_RIVER",6600,7,"MYAKKA RIVER","03100102","98000000","STREAM","tbcmp_AM_LA_IntHigh_2050","AM","LA","IntHigh","2050",0.006918950668
"03100102_99000000_MYAKKA_RIVER",0,2260,"MYAKKA RIVER","03100102","99000000","STREAM","tbcmp_AM_LA_IntHigh_2050","AM","LA","IntHigh","2050",2.23383264424
"03100102_99000000_MYAKKA_RIVER",1100,2197747,"MYAKKA RIVER","03100102","99000000","STREAM","tbcmp_AM_LA_IntHigh_2050","AM","LA","IntHigh","2050",2172.30043910643
"03100102_99000000_MYAKKA_RIVER",1200,4117472,"MYAKKA RIVER","03100102","99000000","STREAM","tbcmp_AM_LA_IntHigh_2050","AM","LA","IntHigh","2050",4069.79794926733
"03100102_99000000_MYAKKA_RIVER",1800,65470,"MYAKKA RIVER","03100102","99000000","STREAM","tbcmp_AM_LA_IntHigh_2050","AM","LA","IntHigh","2050",64.71195717628
"03100102_99000000_MYAKKA_RIVER",1820,182013,"MYAKKA RIVER","03100102","99000000","STREAM","tbcmp_AM_LA_IntHigh_2050","AM","LA","IntHigh","2050",179.905566847812
"03100102_99000000_MYAKKA_RIVER",1900,1799836,"MYAKKA RIVER","03100102","99000000","STREAM","tbcmp_AM_LA_IntHigh_2050","AM","LA","IntHigh","2050",1778.99664207006
"03100102_99000000_MYAKKA_RIVER",2100,717109,"MYAKKA RIVER","03100102","99000000","STREAM","tbcmp_AM_LA_IntHigh_2050","AM","LA","IntHigh","2050",708.805970654116
"03100102_99000000_MYAKKA_RIVER",2400,13243,"MYAKKA RIVER","03100102","99000000","STREAM","tbcmp_AM_LA_IntHigh_2050","AM","LA","IntHigh","2050",13.089666242332
"03100102_99000000_MYAKKA_RIVER",3200,4000532,"MYAKKA RIVER","03100102","99000000","STREAM","tbcmp_AM_LA_IntHigh_2050","AM","LA","IntHigh","2050",3954.21193625077
"03100102_99000000_MYAKKA_RIVER",4100,10647408,"MYAKKA RIVER","03100102","99000000","STREAM","tbcmp_AM_LA_IntHigh_2050","AM","LA","IntHigh","2050",10524.1272420098
"03100102_99000000_MYAKKA_RIVER",4400,310217,"MYAKKA RIVER","03100102","99000000","STREAM","tbcmp_AM_LA_IntHigh_2050","AM","LA","IntHigh","2050",306.625159910708
"03100102_99000000_MYAKKA_RIVER",5200,517025,"MYAKKA RIVER","03100102","99000000","STREAM","tbcmp_AM_LA_IntHigh_2050","AM","LA","IntHigh","2050",511.0386384461
"03100102_99000000_MYAKKA_RIVER",5400,4082557,"MYAKKA RIVER","03100102","99000000","STREAM","tbcmp_AM_LA_IntHigh_2050","AM","LA","IntHigh","2050",4035.28721175687
"03100102_99000000_MYAKKA_RIVER",6110,2578185,"MYAKKA RIVER","03100102","99000000","STREAM","tbcmp_AM_LA_IntHigh_2050","AM","LA","IntHigh","2050",2548.33354685394
"03100102_99000000_MYAKKA_RIVER",6120,44247,"MYAKKA RIVER","03100102","99000000","STREAM","tbcmp_AM_LA_IntHigh_2050","AM","LA","IntHigh","2050",43.734687172428
"03100102_99000000_MYAKKA_RIVER",6410,3906193,"MYAKKA RIVER","03100102","99000000","STREAM","tbcmp_AM_LA_IntHigh_2050","AM","LA","IntHigh","2050",3860.96523809813
"03100102_99000000_MYAKKA_RIVER",6420,862683,"MYAKKA RIVER","03100102","99000000","STREAM","tbcmp_AM_LA_IntHigh_2050","AM","LA","IntHigh","2050",852.694445588892
"03100102_99000000_MYAKKA_RIVER",6425,542014,"MYAKKA RIVER","03100102","99000000","STREAM","tbcmp_AM_LA_IntHigh_2050","AM","LA","IntHigh","2050",535.738303909336
"03100102_99000000_MYAKKA_RIVER",6510,71360,"MYAKKA RIVER","03100102","99000000","STREAM","tbcmp_AM_LA_IntHigh_2050","AM","LA","IntHigh","2050",70.53375995264
"03100102_99000000_MYAKKA_RIVER",6600,503026,"MYAKKA RIVER","03100102","99000000","STREAM","tbcmp_AM_LA_IntHigh_2050","AM","LA","IntHigh","2050",497.201725531624
"03100102_99000000_MYAKKA_RIVER",9113,694416,"MYAKKA RIVER","03100102","99000000","STREAM","tbcmp_AM_LA_IntHigh_2050","AM","LA","IntHigh","2050",686.375721009984
"03100103_99990000_DIRECT_RUNOFF_TO_BAY",6120,5089,"DIRECT RUNOFF TO BAY","03100103","99990000","RUNOFF","tbcmp_AM_LA_IntHigh_2050","AM","LA","IntHigh","2050",5.030077135636
"03100103_99990000_DIRECT_RUNOFF_TO_BAY",9113,2,"DIRECT RUNOFF TO BAY","03100103","99990000","RUNOFF","tbcmp_AM_LA_IntHigh_2050","AM","LA","IntHigh","2050",0.001976843048
"03100201_26000000_ROCK_CREEK",1100,646645,"ROCK CREEK","03100201","26000000","STREAM","tbcmp_AM_LA_IntHigh_2050","AM","LA","IntHigh","2050",639.15783638698
"03100201_26000000_ROCK_CREEK",1200,294249,"ROCK CREEK","03100201","26000000","STREAM","tbcmp_AM_LA_IntHigh_2050","AM","LA","IntHigh","2050",290.842045015476
"03100201_26000000_ROCK_CREEK",1800,14103,"ROCK CREEK","03100201","26000000","STREAM","tbcmp_AM_LA_IntHigh_2050","AM","LA","IntHigh","2050",13.939708752972
"03100201_26000000_ROCK_CREEK",1900,113274,"ROCK CREEK","03100201","26000000","STREAM","tbcmp_AM_LA_IntHigh_2050","AM","LA","IntHigh","2050",111.962459709576
"03100201_26000000_ROCK_CREEK",2100,90376,"ROCK CREEK","03100201","26000000","STREAM","tbcmp_AM_LA_IntHigh_2050","AM","LA","IntHigh","2050",89.329583653024
"03100201_26000000_ROCK_CREEK",3200,807391,"ROCK CREEK","03100201","26000000","STREAM","tbcmp_AM_LA_IntHigh_2050","AM","LA","IntHigh","2050",798.042642683884
"03100201_26000000_ROCK_CREEK",4100,703621,"ROCK CREEK","03100201","26000000","STREAM","tbcmp_AM_LA_IntHigh_2050","AM","LA","IntHigh","2050",695.474141138404
"03100201_26000000_ROCK_CREEK",4400,307251,"ROCK CREEK","03100201","26000000","STREAM","tbcmp_AM_LA_IntHigh_2050","AM","LA","IntHigh","2050",303.693501670524
"03100201_26000000_ROCK_CREEK",5200,66225,"ROCK CREEK","03100201","26000000","STREAM","tbcmp_AM_LA_IntHigh_2050","AM","LA","IntHigh","2050",65.4582154269
"03100201_26000000_ROCK_CREEK",5400,14271,"ROCK CREEK","03100201","26000000","STREAM","tbcmp_AM_LA_IntHigh_2050","AM","LA","IntHigh","2050",14.105763569004
"03100201_26000000_ROCK_CREEK",6110,150717,"ROCK CREEK","03100201","26000000","STREAM","tbcmp_AM_LA_IntHigh_2050","AM","LA","IntHigh","2050",148.971926832708
"03100201_26000000_ROCK_CREEK",6120,508,"ROCK CREEK","03100201","26000000","STREAM","tbcmp_AM_LA_IntHigh_2050","AM","LA","IntHigh","2050",0.502118134192
"03100201_26000000_ROCK_CREEK",6410,358768,"ROCK CREEK","03100201","26000000","STREAM","tbcmp_AM_LA_IntHigh_2050","AM","LA","IntHigh","2050",354.614013322432
"03100201_26000000_ROCK_CREEK",6420,4576,"ROCK CREEK","03100201","26000000","STREAM","tbcmp_AM_LA_IntHigh_2050","AM","LA","IntHigh","2050",4.523016893824
"03100201_26000000_ROCK_CREEK",6425,8793,"ROCK CREEK","03100201","26000000","STREAM","tbcmp_AM_LA_IntHigh_2050","AM","LA","IntHigh","2050",8.691190460532
"03100201_26000000_ROCK_CREEK",6510,2913,"ROCK CREEK","03100201","26000000","STREAM","tbcmp_AM_LA_IntHigh_2050","AM","LA","IntHigh","2050",2.879271899412
"03100201_26000000_ROCK_CREEK",6600,25612,"ROCK CREEK","03100201","26000000","STREAM","tbcmp_AM_LA_IntHigh_2050","AM","LA","IntHigh","2050",25.315452072688
"03100201_26000000_ROCK_CREEK",9113,6530,"ROCK CREEK","03100201","26000000","STREAM","tbcmp_AM_LA_IntHigh_2050","AM","LA","IntHigh","2050",6.45439255172
"03100201_26500000_UNNAMED_DITCH",1100,20011,"UNNAMED DITCH","03100201","26500000","DITCH","tbcmp_AM_LA_IntHigh_2050","AM","LA","IntHigh","2050",19.779303116764
"03100201_26500000_UNNAMED_DITCH",1200,14340,"UNNAMED DITCH","03100201","26500000","DITCH","tbcmp_AM_LA_IntHigh_2050","AM","LA","IntHigh","2050",14.17396465416
"03100201_26500000_UNNAMED_DITCH",3200,279477,"UNNAMED DITCH","03100201","26500000","DITCH","tbcmp_AM_LA_IntHigh_2050","AM","LA","IntHigh","2050",276.241082262948
"03100201_26500000_UNNAMED_DITCH",4100,968055,"UNNAMED DITCH","03100201","26500000","DITCH","tbcmp_AM_LA_IntHigh_2050","AM","LA","IntHigh","2050",956.84639841582
"03100201_26500000_UNNAMED_DITCH",4400,130661,"UNNAMED DITCH","03100201","26500000","DITCH","tbcmp_AM_LA_IntHigh_2050","AM","LA","IntHigh","2050",129.148144747364
"03100201_26500000_UNNAMED_DITCH",5200,3672,"UNNAMED DITCH","03100201","26500000","DITCH","tbcmp_AM_LA_IntHigh_2050","AM","LA","IntHigh","2050",3.629483836128
"03100201_26500000_UNNAMED_DITCH",6110,21665,"UNNAMED DITCH","03100201","26500000","DITCH","tbcmp_AM_LA_IntHigh_2050","AM","LA","IntHigh","2050",21.41415231746
"03100201_26500000_UNNAMED_DITCH",6120,3,"UNNAMED DITCH","03100201","26500000","DITCH","tbcmp_AM_LA_IntHigh_2050","AM","LA","IntHigh","2050",0.002965264572
"03100201_26500000_UNNAMED_DITCH",6410,424770,"UNNAMED DITCH","03100201","26500000","DITCH","tbcmp_AM_LA_IntHigh_2050","AM","LA","IntHigh","2050",419.85181074948
"03100201_26500000_UNNAMED_DITCH",6420,6,"UNNAMED DITCH","03100201","26500000","DITCH","tbcmp_AM_LA_IntHigh_2050","AM","LA","IntHigh","2050",0.005930529144
"03100201_26500000_UNNAMED_DITCH",6600,48,"UNNAMED DITCH","03100201","26500000","DITCH","tbcmp_AM_LA_IntHigh_2050","AM","LA","IntHigh","2050",0.047444233152
"03100201_28000000_GOTTFRIED_CREEK",1100,444302,"GOTTFRIED CREEK","03100201","28000000","STREAM","tbcmp_AM_LA_IntHigh_2050","AM","LA","IntHigh","2050",439.157659956248
"03100201_28000000_GOTTFRIED_CREEK",1200,1156033,"GOTTFRIED CREEK","03100201","28000000","STREAM","tbcmp_AM_LA_IntHigh_2050","AM","LA","IntHigh","2050",1142.64789965429
"03100201_28000000_GOTTFRIED_CREEK",1800,198611,"GOTTFRIED CREEK","03100201","28000000","STREAM","tbcmp_AM_LA_IntHigh_2050","AM","LA","IntHigh","2050",196.311387303164
"03100201_28000000_GOTTFRIED_CREEK",1820,181003,"GOTTFRIED CREEK","03100201","28000000","STREAM","tbcmp_AM_LA_IntHigh_2050","AM","LA","IntHigh","2050",178.907261108572
"03100201_28000000_GOTTFRIED_CREEK",1900,1418041,"GOTTFRIED CREEK","03100201","28000000","STREAM","tbcmp_AM_LA_IntHigh_2050","AM","LA","IntHigh","2050",1401.62224631448
"03100201_28000000_GOTTFRIED_CREEK",2100,848572,"GOTTFRIED CREEK","03100201","28000000","STREAM","tbcmp_AM_LA_IntHigh_2050","AM","LA","IntHigh","2050",838.746829463728
"03100201_28000000_GOTTFRIED_CREEK",3200,665428,"GOTTFRIED CREEK","03100201","28000000","STREAM","tbcmp_AM_LA_IntHigh_2050","AM","LA","IntHigh","2050",657.723357872272
"03100201_28000000_GOTTFRIED_CREEK",4100,667174,"GOTTFRIED CREEK","03100201","28000000","STREAM","tbcmp_AM_LA_IntHigh_2050","AM","LA","IntHigh","2050",659.449141853176
"03100201_28000000_GOTTFRIED_CREEK",4400,3284,"GOTTFRIED CREEK","03100201","28000000","STREAM","tbcmp_AM_LA_IntHigh_2050","AM","LA","IntHigh","2050",3.245976284816
"03100201_28000000_GOTTFRIED_CREEK",5200,248589,"GOTTFRIED CREEK","03100201","28000000","STREAM","tbcmp_AM_LA_IntHigh_2050","AM","LA","IntHigh","2050",245.710718229636
"03100201_28000000_GOTTFRIED_CREEK",5400,48583,"GOTTFRIED CREEK","03100201","28000000","STREAM","tbcmp_AM_LA_IntHigh_2050","AM","LA","IntHigh","2050",48.020482900492
"03100201_28000000_GOTTFRIED_CREEK",6110,310606,"GOTTFRIED CREEK","03100201","28000000","STREAM","tbcmp_AM_LA_IntHigh_2050","AM","LA","IntHigh","2050",307.009655883544
"03100201_28000000_GOTTFRIED_CREEK",6120,1502,"GOTTFRIED CREEK","03100201","28000000","STREAM","tbcmp_AM_LA_IntHigh_2050","AM","LA","IntHigh","2050",1.484609129048
"03100201_28000000_GOTTFRIED_CREEK",6410,857346,"GOTTFRIED CREEK","03100201","28000000","STREAM","tbcmp_AM_LA_IntHigh_2050","AM","LA","IntHigh","2050",847.419239915304
"03100201_28000000_GOTTFRIED_CREEK",6420,6690,"GOTTFRIED CREEK","03100201","28000000","STREAM","tbcmp_AM_LA_IntHigh_2050","AM","LA","IntHigh","2050",6.61253999556
"03100201_28000000_GOTTFRIED_CREEK",6425,13151,"GOTTFRIED CREEK","03100201","28000000","STREAM","tbcmp_AM_LA_IntHigh_2050","AM","LA","IntHigh","2050",12.998731462124
"03100201_28000000_GOTTFRIED_CREEK",6510,2757,"GOTTFRIED CREEK","03100201","28000000","STREAM","tbcmp_AM_LA_IntHigh_2050","AM","LA","IntHigh","2050",2.725078141668
"03100201_28000000_GOTTFRIED_CREEK",6600,6663,"GOTTFRIED CREEK","03100201","28000000","STREAM","tbcmp_AM_LA_IntHigh_2050","AM","LA","IntHigh","2050",6.585852614412
"03100201_28000000_GOTTFRIED_CREEK",9113,19060,"GOTTFRIED CREEK","03100201","28000000","STREAM","tbcmp_AM_LA_IntHigh_2050","AM","LA","IntHigh","2050",18.83931424744
"03100201_28600000_UNNAMED_DITCH",1100,3752,"UNNAMED DITCH","03100201","28600000","DITCH","tbcmp_AM_LA_IntHigh_2050","AM","LA","IntHigh","2050",3.708557558048
"03100201_28600000_UNNAMED_DITCH",1200,736338,"UNNAMED DITCH","03100201","28600000","DITCH","tbcmp_AM_LA_IntHigh_2050","AM","LA","IntHigh","2050",727.812328139112
"03100201_28600000_UNNAMED_DITCH",1800,2423,"UNNAMED DITCH","03100201","28600000","DITCH","tbcmp_AM_LA_IntHigh_2050","AM","LA","IntHigh","2050",2.394945352652
"03100201_28600000_UNNAMED_DITCH",1900,51423,"UNNAMED DITCH","03100201","28600000","DITCH","tbcmp_AM_LA_IntHigh_2050","AM","LA","IntHigh","2050",50.827600028652
"03100201_28600000_UNNAMED_DITCH",2100,58235,"UNNAMED DITCH","03100201","28600000","DITCH","tbcmp_AM_LA_IntHigh_2050","AM","LA","IntHigh","2050",57.56072745014
"03100201_28600000_UNNAMED_DITCH",3200,55940,"UNNAMED DITCH","03100201","28600000","DITCH","tbcmp_AM_LA_IntHigh_2050","AM","LA","IntHigh","2050",55.29230005256
"03100201_28600000_UNNAMED_DITCH",4100,188648,"UNNAMED DITCH","03100201","28600000","DITCH","tbcmp_AM_LA_IntHigh_2050","AM","LA","IntHigh","2050",186.463743659552
"03100201_28600000_UNNAMED_DITCH",5200,57612,"UNNAMED DITCH","03100201","28600000","DITCH","tbcmp_AM_LA_IntHigh_2050","AM","LA","IntHigh","2050",56.944940840688
"03100201_28600000_UNNAMED_DITCH",6110,112523,"UNNAMED DITCH","03100201","28600000","DITCH","tbcmp_AM_LA_IntHigh_2050","AM","LA","IntHigh","2050",111.220155145052
"03100201_28600000_UNNAMED_DITCH",6120,435,"UNNAMED DITCH","03100201","28600000","DITCH","tbcmp_AM_LA_IntHigh_2050","AM","LA","IntHigh","2050",0.42996336294
"03100201_28600000_UNNAMED_DITCH",6410,75905,"UNNAMED DITCH","03100201","28600000","DITCH","tbcmp_AM_LA_IntHigh_2050","AM","LA","IntHigh","2050",75.02613577922
"03100201_28600000_UNNAMED_DITCH",6420,219,"UNNAMED DITCH","03100201","28600000","DITCH","tbcmp_AM_LA_IntHigh_2050","AM","LA","IntHigh","2050",0.216464313756
"03100201_28600000_UNNAMED_DITCH",6600,530,"UNNAMED DITCH","03100201","28600000","DITCH","tbcmp_AM_LA_IntHigh_2050","AM","LA","IntHigh","2050",0.52386340772
"03100201_40000000_FORKED_CREEK",0,237,"FORKED CREEK","03100201","40000000","STREAM","tbcmp_AM_LA_IntHigh_2050","AM","LA","IntHigh","2050",0.234255901188
"03100201_40000000_FORKED_CREEK",1100,569284,"FORKED CREEK","03100201","40000000","STREAM","tbcmp_AM_LA_IntHigh_2050","AM","LA","IntHigh","2050",562.692558868816
"03100201_40000000_FORKED_CREEK",1200,2493852,"FORKED CREEK","03100201","40000000","STREAM","tbcmp_AM_LA_IntHigh_2050","AM","LA","IntHigh","2050",2464.97699447045
"03100201_40000000_FORKED_CREEK",1800,36250,"FORKED CREEK","03100201","40000000","STREAM","tbcmp_AM_LA_IntHigh_2050","AM","LA","IntHigh","2050",35.830280245
"03100201_40000000_FORKED_CREEK",1820,214295,"FORKED CREEK","03100201","40000000","STREAM","tbcmp_AM_LA_IntHigh_2050","AM","LA","IntHigh","2050",211.81379048558
"03100201_40000000_FORKED_CREEK",1900,489474,"FORKED CREEK","03100201","40000000","STREAM","tbcmp_AM_LA_IntHigh_2050","AM","LA","IntHigh","2050",483.806637038376
"03100201_40000000_FORKED_CREEK",2100,493116,"FORKED CREEK","03100201","40000000","STREAM","tbcmp_AM_LA_IntHigh_2050","AM","LA","IntHigh","2050",487.406468228784
"03100201_40000000_FORKED_CREEK",3200,518127,"FORKED CREEK","03100201","40000000","STREAM","tbcmp_AM_LA_IntHigh_2050","AM","LA","IntHigh","2050",512.127878965548
"03100201_40000000_FORKED_CREEK",4100,864194,"FORKED CREEK","03100201","40000000","STREAM","tbcmp_AM_LA_IntHigh_2050","AM","LA","IntHigh","2050",854.187950511656
"03100201_40000000_FORKED_CREEK",5200,532267,"FORKED CREEK","03100201","40000000","STREAM","tbcmp_AM_LA_IntHigh_2050","AM","LA","IntHigh","2050",526.104159314908
"03100201_40000000_FORKED_CREEK",5400,78954,"FORKED CREEK","03100201","40000000","STREAM","tbcmp_AM_LA_IntHigh_2050","AM","LA","IntHigh","2050",78.039833005896
"03100201_40000000_FORKED_CREEK",6110,306922,"FORKED CREEK","03100201","40000000","STREAM","tbcmp_AM_LA_IntHigh_2050","AM","LA","IntHigh","2050",303.368310989128
"03100201_40000000_FORKED_CREEK",6120,4537,"FORKED CREEK","03100201","40000000","STREAM","tbcmp_AM_LA_IntHigh_2050","AM","LA","IntHigh","2050",4.484468454388
"03100201_40000000_FORKED_CREEK",6410,816957,"FORKED CREEK","03100201","40000000","STREAM","tbcmp_AM_LA_IntHigh_2050","AM","LA","IntHigh","2050",807.497882982468
"03100201_40000000_FORKED_CREEK",6420,318,"FORKED CREEK","03100201","40000000","STREAM","tbcmp_AM_LA_IntHigh_2050","AM","LA","IntHigh","2050",0.314318044632
"03100201_40000000_FORKED_CREEK",6600,1167,"FORKED CREEK","03100201","40000000","STREAM","tbcmp_AM_LA_IntHigh_2050","AM","LA","IntHigh","2050",1.153487918508
"03100201_40000000_FORKED_CREEK",9113,33969,"FORKED CREEK","03100201","40000000","STREAM","tbcmp_AM_LA_IntHigh_2050","AM","LA","IntHigh","2050",33.575690748756
"03100201_50000000_ALLIGATOR_CREEK",0,717,"ALLIGATOR CREEK","03100201","50000000","STREAM","tbcmp_AM_LA_IntHigh_2050","AM","LA","IntHigh","2050",0.708698232708
"03100201_50000000_ALLIGATOR_CREEK",1200,4274681,"ALLIGATOR CREEK","03100201","50000000","STREAM","tbcmp_AM_LA_IntHigh_2050","AM","LA","IntHigh","2050",4225.18670863384
"03100201_50000000_ALLIGATOR_CREEK",1800,22113,"ALLIGATOR CREEK","03100201","50000000","STREAM","tbcmp_AM_LA_IntHigh_2050","AM","LA","IntHigh","2050",21.856965160212
"03100201_50000000_ALLIGATOR_CREEK",1820,182124,"ALLIGATOR CREEK","03100201","50000000","STREAM","tbcmp_AM_LA_IntHigh_2050","AM","LA","IntHigh","2050",180.015281636976
"03100201_50000000_ALLIGATOR_CREEK",1900,81138,"ALLIGATOR CREEK","03100201","50000000","STREAM","tbcmp_AM_LA_IntHigh_2050","AM","LA","IntHigh","2050",80.198545614312
"03100201_50000000_ALLIGATOR_CREEK",3200,139508,"ALLIGATOR CREEK","03100201","50000000","STREAM","tbcmp_AM_LA_IntHigh_2050","AM","LA","IntHigh","2050",137.892709970192
"03100201_50000000_ALLIGATOR_CREEK",4100,153907,"ALLIGATOR CREEK","03100201","50000000","STREAM","tbcmp_AM_LA_IntHigh_2050","AM","LA","IntHigh","2050",152.124991494268
"03100201_50000000_ALLIGATOR_CREEK",5200,412972,"ALLIGATOR CREEK","03100201","50000000","STREAM","tbcmp_AM_LA_IntHigh_2050","AM","LA","IntHigh","2050",408.190413609328
"03100201_50000000_ALLIGATOR_CREEK",5400,24288,"ALLIGATOR CREEK","03100201","50000000","STREAM","tbcmp_AM_LA_IntHigh_2050","AM","LA","IntHigh","2050",24.006781974912
"03100201_50000000_ALLIGATOR_CREEK",6110,255257,"ALLIGATOR CREEK","03100201","50000000","STREAM","tbcmp_AM_LA_IntHigh_2050","AM","LA","IntHigh","2050",252.301512951668
"03100201_50000000_ALLIGATOR_CREEK",6120,54727,"ALLIGATOR CREEK","03100201","50000000","STREAM","tbcmp_AM_LA_IntHigh_2050","AM","LA","IntHigh","2050",54.093344743948
"03100201_50000000_ALLIGATOR_CREEK",6410,171717,"ALLIGATOR CREEK","03100201","50000000","STREAM","tbcmp_AM_LA_IntHigh_2050","AM","LA","IntHigh","2050",169.728778836708
"03100201_50000000_ALLIGATOR_CREEK",6420,15806,"ALLIGATOR CREEK","03100201","50000000","STREAM","tbcmp_AM_LA_IntHigh_2050","AM","LA","IntHigh","2050",15.622990608344
"03100201_50000000_ALLIGATOR_CREEK",6600,14675,"ALLIGATOR CREEK","03100201","50000000","STREAM","tbcmp_AM_LA_IntHigh_2050","AM","LA","IntHigh","2050",14.5050858647
"03100201_50000000_ALLIGATOR_CREEK",9113,26149,"ALLIGATOR CREEK","03100201","50000000","STREAM","tbcmp_AM_LA_IntHigh_2050","AM","LA","IntHigh","2050",25.846234431076
"03100201_54000000_HATCHETT_CREEK",1100,136999,"HATCHETT CREEK","03100201","54000000","STREAM","tbcmp_AM_LA_IntHigh_2050","AM","LA","IntHigh","2050",135.412760366476
"03100201_54000000_HATCHETT_CREEK",1200,2501166,"HATCHETT CREEK","03100201","54000000","STREAM","tbcmp_AM_LA_IntHigh_2050","AM","LA","IntHigh","2050",2472.20630949698
"03100201_54000000_HATCHETT_CREEK",1800,150293,"HATCHETT CREEK","03100201","54000000","STREAM","tbcmp_AM_LA_IntHigh_2050","AM","LA","IntHigh","2050",148.552836106532
"03100201_54000000_HATCHETT_CREEK",1820,295747,"HATCHETT CREEK","03100201","54000000","STREAM","tbcmp_AM_LA_IntHigh_2050","AM","LA","IntHigh","2050",292.322700458428
"03100201_54000000_HATCHETT_CREEK",1900,46886,"HATCHETT CREEK","03100201","54000000","STREAM","tbcmp_AM_LA_IntHigh_2050","AM","LA","IntHigh","2050",46.343131574264
"03100201_54000000_HATCHETT_CREEK",2100,6204,"HATCHETT CREEK","03100201","54000000","STREAM","tbcmp_AM_LA_IntHigh_2050","AM","LA","IntHigh","2050",6.132167134896
"03100201_54000000_HATCHETT_CREEK",3200,11119,"HATCHETT CREEK","03100201","54000000","STREAM","tbcmp_AM_LA_IntHigh_2050","AM","LA","IntHigh","2050",10.990258925356
"03100201_54000000_HATCHETT_CREEK",4100,209426,"HATCHETT CREEK","03100201","54000000","STREAM","tbcmp_AM_LA_IntHigh_2050","AM","LA","IntHigh","2050",207.001166085224
"03100201_54000000_HATCHETT_CREEK",5200,281742,"HATCHETT CREEK","03100201","54000000","STREAM","tbcmp_AM_LA_IntHigh_2050","AM","LA","IntHigh","2050",278.479857014808
"03100201_54000000_HATCHETT_CREEK",5400,7614,"HATCHETT CREEK","03100201","54000000","STREAM","tbcmp_AM_LA_IntHigh_2050","AM","LA","IntHigh","2050",7.525841483736
"03100201_54000000_HATCHETT_CREEK",6110,152265,"HATCHETT CREEK","03100201","54000000","STREAM","tbcmp_AM_LA_IntHigh_2050","AM","LA","IntHigh","2050",150.50200335186
"03100201_54000000_HATCHETT_CREEK",6120,3178,"HATCHETT CREEK","03100201","54000000","STREAM","tbcmp_AM_LA_IntHigh_2050","AM","LA","IntHigh","2050",3.141203603272
"03100201_54000000_HATCHETT_CREEK",6410,211996,"HATCHETT CREEK","03100201","54000000","STREAM","tbcmp_AM_LA_IntHigh_2050","AM","LA","IntHigh","2050",209.541409401904
"03100201_54000000_HATCHETT_CREEK",6420,698,"HATCHETT CREEK","03100201","54000000","STREAM","tbcmp_AM_LA_IntHigh_2050","AM","LA","IntHigh","2050",0.689918223752
"03100201_54000000_HATCHETT_CREEK",6600,2160,"HATCHETT CREEK","03100201","54000000","STREAM","tbcmp_AM_LA_IntHigh_2050","AM","LA","IntHigh","2050",2.13499049184
"03100201_54000000_HATCHETT_CREEK",9113,510,"HATCHETT CREEK","03100201","54000000","STREAM","tbcmp_AM_LA_IntHigh_2050","AM","LA","IntHigh","2050",0.50409497724
"03100201_58000000_CURRY_CREEK",0,14,"CURRY CREEK","03100201","58000000","CANAL","tbcmp_AM_LA_IntHigh_2050","AM","LA","IntHigh","2050",0.013837901336
"03100201_58000000_CURRY_CREEK",1100,835170,"CURRY CREEK","03100201","58000000","CANAL","tbcmp_AM_LA_IntHigh_2050","AM","LA","IntHigh","2050",825.50000419908
"03100201_58000000_CURRY_CREEK",1200,2045639,"CURRY CREEK","03100201","58000000","CANAL","tbcmp_AM_LA_IntHigh_2050","AM","LA","IntHigh","2050",2021.95361793384
"03100201_58000000_CURRY_CREEK",1800,129164,"CURRY CREEK","03100201","58000000","CANAL","tbcmp_AM_LA_IntHigh_2050","AM","LA","IntHigh","2050",127.668477725936
"03100201_58000000_CURRY_CREEK",1820,252717,"CURRY CREEK","03100201","58000000","CANAL","tbcmp_AM_LA_IntHigh_2050","AM","LA","IntHigh","2050",249.790922280708
"03100201_58000000_CURRY_CREEK",1900,317404,"CURRY CREEK","03100201","58000000","CANAL","tbcmp_AM_LA_IntHigh_2050","AM","LA","IntHigh","2050",313.728945403696
"03100201_58000000_CURRY_CREEK",2100,66503,"CURRY CREEK","03100201","58000000","CANAL","tbcmp_AM_LA_IntHigh_2050","AM","LA","IntHigh","2050",65.732996610572
"03100201_58000000_CURRY_CREEK",2400,6515,"CURRY CREEK","03100201","58000000","CANAL","tbcmp_AM_LA_IntHigh_2050","AM","LA","IntHigh","2050",6.43956622886
"03100201_58000000_CURRY_CREEK",3200,41142,"CURRY CREEK","03100201","58000000","CANAL","tbcmp_AM_LA_IntHigh_2050","AM","LA","IntHigh","2050",40.665638340408
"03100201_58000000_CURRY_CREEK",4100,295294,"CURRY CREEK","03100201","58000000","CANAL","tbcmp_AM_LA_IntHigh_2050","AM","LA","IntHigh","2050",291.874945508056
"03100201_58000000_CURRY_CREEK",5200,354686,"CURRY CREEK","03100201","58000000","CANAL","tbcmp_AM_LA_IntHigh_2050","AM","LA","IntHigh","2050",350.579276661464
"03100201_58000000_CURRY_CREEK",5400,39173,"CURRY CREEK","03100201","58000000","CANAL","tbcmp_AM_LA_IntHigh_2050","AM","LA","IntHigh","2050",38.719436359652
"03100201_58000000_CURRY_CREEK",6110,75695,"CURRY CREEK","03100201","58000000","CANAL","tbcmp_AM_LA_IntHigh_2050","AM","LA","IntHigh","2050",74.81856725918
"03100201_58000000_CURRY_CREEK",6120,1444,"CURRY CREEK","03100201","58000000","CANAL","tbcmp_AM_LA_IntHigh_2050","AM","LA","IntHigh","2050",1.427280680656
"03100201_58000000_CURRY_CREEK",6410,229210,"CURRY CREEK","03100201","58000000","CANAL","tbcmp_AM_LA_IntHigh_2050","AM","LA","IntHigh","2050",226.55609751604
"03100201_58000000_CURRY_CREEK",6420,12051,"CURRY CREEK","03100201","58000000","CANAL","tbcmp_AM_LA_IntHigh_2050","AM","LA","IntHigh","2050",11.911467785724
"03100201_58000000_CURRY_CREEK",6425,34484,"CURRY CREEK","03100201","58000000","CANAL","tbcmp_AM_LA_IntHigh_2050","AM","LA","IntHigh","2050",34.084727833616
"03100201_58000000_CURRY_CREEK",6510,7903,"CURRY CREEK","03100201","58000000","CANAL","tbcmp_AM_LA_IntHigh_2050","AM","LA","IntHigh","2050",7.811495304172
"03100201_58000000_CURRY_CREEK",6600,16163,"CURRY CREEK","03100201","58000000","CANAL","tbcmp_AM_LA_IntHigh_2050","AM","LA","IntHigh","2050",15.975857092412
"03100201_58000000_CURRY_CREEK",9113,55652,"CURRY CREEK","03100201","58000000","CANAL","tbcmp_AM_LA_IntHigh_2050","AM","LA","IntHigh","2050",55.007634653648
"03100201_58500000_BLACKBURN_CANAL",1100,256066,"BLACKBURN CANAL","03100201","58500000","CANAL","tbcmp_AM_LA_IntHigh_2050","AM","LA","IntHigh","2050",253.101145964584
"03100201_58500000_BLACKBURN_CANAL",1200,684958,"BLACKBURN CANAL","03100201","58500000","CANAL","tbcmp_AM_LA_IntHigh_2050","AM","LA","IntHigh","2050",677.027230235992
"03100201_58500000_BLACKBURN_CANAL",1800,8846,"BLACKBURN CANAL","03100201","58500000","CANAL","tbcmp_AM_LA_IntHigh_2050","AM","LA","IntHigh","2050",8.743576801304
"03100201_58500000_BLACKBURN_CANAL",1820,16099,"BLACKBURN CANAL","03100201","58500000","CANAL","tbcmp_AM_LA_IntHigh_2050","AM","LA","IntHigh","2050",15.912598114876
"03100201_58500000_BLACKBURN_CANAL",1900,85272,"BLACKBURN CANAL","03100201","58500000","CANAL","tbcmp_AM_LA_IntHigh_2050","AM","LA","IntHigh","2050",84.284680194528
"03100201_58500000_BLACKBURN_CANAL",2100,37283,"BLACKBURN CANAL","03100201","58500000","CANAL","tbcmp_AM_LA_IntHigh_2050","AM","LA","IntHigh","2050",36.851319679292
"03100201_58500000_BLACKBURN_CANAL",2400,13598,"BLACKBURN CANAL","03100201","58500000","CANAL","tbcmp_AM_LA_IntHigh_2050","AM","LA","IntHigh","2050",13.440555883352
"03100201_58500000_BLACKBURN_CANAL",3200,52724,"BLACKBURN CANAL","03100201","58500000","CANAL","tbcmp_AM_LA_IntHigh_2050","AM","LA","IntHigh","2050",52.113536431376
"03100201_58500000_BLACKBURN_CANAL",4100,60428,"BLACKBURN CANAL","03100201","58500000","CANAL","tbcmp_AM_LA_IntHigh_2050","AM","LA","IntHigh","2050",59.728335852272
"03100201_58500000_BLACKBURN_CANAL",5200,108444,"BLACKBURN CANAL","03100201","58500000","CANAL","tbcmp_AM_LA_IntHigh_2050","AM","LA","IntHigh","2050",107.188383748656
"03100201_58500000_BLACKBURN_CANAL",6110,21767,"BLACKBURN CANAL","03100201","58500000","CANAL","tbcmp_AM_LA_IntHigh_2050","AM","LA","IntHigh","2050",21.514971312908
"03100201_58500000_BLACKBURN_CANAL",6120,1520,"BLACKBURN CANAL","03100201","58500000","CANAL","tbcmp_AM_LA_IntHigh_2050","AM","LA","IntHigh","2050",1.50240071648
"03100201_58500000_BLACKBURN_CANAL",6410,23386,"BLACKBURN CANAL","03100201","58500000","CANAL","tbcmp_AM_LA_IntHigh_2050","AM","LA","IntHigh","2050",23.115225760264
"03100201_58500000_BLACKBURN_CANAL",6420,689,"BLACKBURN CANAL","03100201","58500000","CANAL","tbcmp_AM_LA_IntHigh_2050","AM","LA","IntHigh","2050",0.681022430036
"03100201_58500000_BLACKBURN_CANAL",6425,444,"BLACKBURN CANAL","03100201","58500000","CANAL","tbcmp_AM_LA_IntHigh_2050","AM","LA","IntHigh","2050",0.438859156656
"03100201_58500000_BLACKBURN_CANAL",6510,60,"BLACKBURN CANAL","03100201","58500000","CANAL","tbcmp_AM_LA_IntHigh_2050","AM","LA","IntHigh","2050",0.05930529144
"03100201_58500000_BLACKBURN_CANAL",6600,2238,"BLACKBURN CANAL","03100201","58500000","CANAL","tbcmp_AM_LA_IntHigh_2050","AM","LA","IntHigh","2050",2.212087370712
"03100201_60500000_COW_PEN_SLOUGH",1100,6415672,"COW PEN SLOUGH","03100201","60500000","CANAL","tbcmp_AM_LA_IntHigh_2050","AM","LA","IntHigh","2050",6341.38829572413
"03100201_60500000_COW_PEN_SLOUGH",1200,3573890,"COW PEN SLOUGH","03100201","60500000","CANAL","tbcmp_AM_LA_IntHigh_2050","AM","LA","IntHigh","2050",3532.50980040836
"03100201_60500000_COW_PEN_SLOUGH",1800,74040,"COW PEN SLOUGH","03100201","60500000","CANAL","tbcmp_AM_LA_IntHigh_2050","AM","LA","IntHigh","2050",73.18272963696
"03100201_60500000_COW_PEN_SLOUGH",1820,506492,"COW PEN SLOUGH","03100201","60500000","CANAL","tbcmp_AM_LA_IntHigh_2050","AM","LA","IntHigh","2050",500.627594533808
"03100201_60500000_COW_PEN_SLOUGH",1900,1903872,"COW PEN SLOUGH","03100201","60500000","CANAL","tbcmp_AM_LA_IntHigh_2050","AM","LA","IntHigh","2050",1881.82806374093
"03100201_60500000_COW_PEN_SLOUGH",2100,8230028,"COW PEN SLOUGH","03100201","60500000","CANAL","tbcmp_AM_LA_IntHigh_2050","AM","LA","IntHigh","2050",8134.73681832267
"03100201_60500000_COW_PEN_SLOUGH",2200,317892,"COW PEN SLOUGH","03100201","60500000","CANAL","tbcmp_AM_LA_IntHigh_2050","AM","LA","IntHigh","2050",314.211295107408
"03100201_60500000_COW_PEN_SLOUGH",2400,199619,"COW PEN SLOUGH","03100201","60500000","CANAL","tbcmp_AM_LA_IntHigh_2050","AM","LA","IntHigh","2050",197.307716199356
"03100201_60500000_COW_PEN_SLOUGH",3200,1352148,"COW PEN SLOUGH","03100201","60500000","CANAL","tbcmp_AM_LA_IntHigh_2050","AM","LA","IntHigh","2050",1336.49218683355
"03100201_60500000_COW_PEN_SLOUGH",4100,4446329,"COW PEN SLOUGH","03100201","60500000","CANAL","tbcmp_AM_LA_IntHigh_2050","AM","LA","IntHigh","2050",4394.84728638539
"03100201_60500000_COW_PEN_SLOUGH",4400,57129,"COW PEN SLOUGH","03100201","60500000","CANAL","tbcmp_AM_LA_IntHigh_2050","AM","LA","IntHigh","2050",56.467533244596
"03100201_60500000_COW_PEN_SLOUGH",5200,1458748,"COW PEN SLOUGH","03100201","60500000","CANAL","tbcmp_AM_LA_IntHigh_2050","AM","LA","IntHigh","2050",1441.85792129195
"03100201_60500000_COW_PEN_SLOUGH",5400,60138,"COW PEN SLOUGH","03100201","60500000","CANAL","tbcmp_AM_LA_IntHigh_2050","AM","LA","IntHigh","2050",59.441693610312
"03100201_60500000_COW_PEN_SLOUGH",6110,2687075,"COW PEN SLOUGH","03100201","60500000","CANAL","tbcmp_AM_LA_IntHigh_2050","AM","LA","IntHigh","2050",2655.9627666023
"03100201_60500000_COW_PEN_SLOUGH",6410,4471335,"COW PEN SLOUGH","03100201","60500000","CANAL","tbcmp_AM_LA_IntHigh_2050","AM","LA","IntHigh","2050",4419.56375501454
"03100201_60500000_COW_PEN_SLOUGH",6420,18051,"COW PEN SLOUGH","03100201","60500000","CANAL","tbcmp_AM_LA_IntHigh_2050","AM","LA","IntHigh","2050",17.841996929724
"03100201_60500000_COW_PEN_SLOUGH",6425,15560,"COW PEN SLOUGH","03100201","60500000","CANAL","tbcmp_AM_LA_IntHigh_2050","AM","LA","IntHigh","2050",15.37983891344
"03100201_60500000_COW_PEN_SLOUGH",6510,1909,"COW PEN SLOUGH","03100201","60500000","CANAL","tbcmp_AM_LA_IntHigh_2050","AM","LA","IntHigh","2050",1.886896689316
"03100201_60500000_COW_PEN_SLOUGH",6600,6592,"COW PEN SLOUGH","03100201","60500000","CANAL","tbcmp_AM_LA_IntHigh_2050","AM","LA","IntHigh","2050",6.515674686208
"03100201_60500000_COW_PEN_SLOUGH",9113,2011,"COW PEN SLOUGH","03100201","60500000","CANAL","tbcmp_AM_LA_IntHigh_2050","AM","LA","IntHigh","2050",1.987715684764
"03100201_60507000_UNNAMED_DRAIN",1100,8692,"UNNAMED DRAIN","03100201","60507000","DRAIN","tbcmp_AM_LA_IntHigh_2050","AM","LA","IntHigh","2050",8.591359886608
"03100201_60507000_UNNAMED_DRAIN",1200,423448,"UNNAMED DRAIN","03100201","60507000","DRAIN","tbcmp_AM_LA_IntHigh_2050","AM","LA","IntHigh","2050",418.545117494752
"03100201_60507000_UNNAMED_DRAIN",1900,146600,"UNNAMED DRAIN","03100201","60507000","DRAIN","tbcmp_AM_LA_IntHigh_2050","AM","LA","IntHigh","2050",144.9025954184
"03100201_60507000_UNNAMED_DRAIN",2100,1017872,"UNNAMED DRAIN","03100201","60507000","DRAIN","tbcmp_AM_LA_IntHigh_2050","AM","LA","IntHigh","2050",1006.08659347693
"03100201_60507000_UNNAMED_DRAIN",2200,127307,"UNNAMED DRAIN","03100201","60507000","DRAIN","tbcmp_AM_LA_IntHigh_2050","AM","LA","IntHigh","2050",125.832978955868
"03100201_60507000_UNNAMED_DRAIN",3200,102995,"UNNAMED DRAIN","03100201","60507000","DRAIN","tbcmp_AM_LA_IntHigh_2050","AM","LA","IntHigh","2050",101.80247486438
"03100201_60507000_UNNAMED_DRAIN",4100,651246,"UNNAMED DRAIN","03100201","60507000","DRAIN","tbcmp_AM_LA_IntHigh_2050","AM","LA","IntHigh","2050",643.705563818904
"03100201_60507000_UNNAMED_DRAIN",5200,79444,"UNNAMED DRAIN","03100201","60507000","DRAIN","tbcmp_AM_LA_IntHigh_2050","AM","LA","IntHigh","2050",78.524159552656
"03100201_60507000_UNNAMED_DRAIN",6110,325894,"UNNAMED DRAIN","03100201","60507000","DRAIN","tbcmp_AM_LA_IntHigh_2050","AM","LA","IntHigh","2050",322.120644142456
"03100201_60507000_UNNAMED_DRAIN",6410,835422,"UNNAMED DRAIN","03100201","60507000","DRAIN","tbcmp_AM_LA_IntHigh_2050","AM","LA","IntHigh","2050",825.749086423128
"03100201_60508500_SALT_CREEK",1100,193790,"SALT CREEK","03100201","60508500","STREAM","tbcmp_AM_LA_IntHigh_2050","AM","LA","IntHigh","2050",191.54620713596
"03100201_60508500_SALT_CREEK",1200,800982,"SALT CREEK","03100201","60508500","STREAM","tbcmp_AM_LA_IntHigh_2050","AM","LA","IntHigh","2050",791.707849136568
"03100201_60508500_SALT_CREEK",1800,53021,"SALT CREEK","03100201","60508500","STREAM","tbcmp_AM_LA_IntHigh_2050","AM","LA","IntHigh","2050",52.407097624004
"03100201_60508500_SALT_CREEK",1900,218173,"SALT CREEK","03100201","60508500","STREAM","tbcmp_AM_LA_IntHigh_2050","AM","LA","IntHigh","2050",215.646889155652
"03100201_60508500_SALT_CREEK",2100,149854,"SALT CREEK","03100201","60508500","STREAM","tbcmp_AM_LA_IntHigh_2050","AM","LA","IntHigh","2050",148.118919057496
"03100201_60508500_SALT_CREEK",2200,54071,"SALT CREEK","03100201","60508500","STREAM","tbcmp_AM_LA_IntHigh_2050","AM","LA","IntHigh","2050",53.444940224204
"03100201_60508500_SALT_CREEK",3200,142909,"SALT CREEK","03100201","60508500","STREAM","tbcmp_AM_LA_IntHigh_2050","AM","LA","IntHigh","2050",141.254331573316
"03100201_60508500_SALT_CREEK",4100,1491344,"SALT CREEK","03100201","60508500","STREAM","tbcmp_AM_LA_IntHigh_2050","AM","LA","IntHigh","2050",1474.07650928826
"03100201_60508500_SALT_CREEK",5200,286493,"SALT CREEK","03100201","60508500","STREAM","tbcmp_AM_LA_IntHigh_2050","AM","LA","IntHigh","2050",283.175847675332
"03100201_60508500_SALT_CREEK",5400,8262,"SALT CREEK","03100201","60508500","STREAM","tbcmp_AM_LA_IntHigh_2050","AM","LA","IntHigh","2050",8.166338631288
"03100201_60508500_SALT_CREEK",6110,173628,"SALT CREEK","03100201","60508500","STREAM","tbcmp_AM_LA_IntHigh_2050","AM","LA","IntHigh","2050",171.617652369072
"03100201_60508500_SALT_CREEK",6120,588,"SALT CREEK","03100201","60508500","STREAM","tbcmp_AM_LA_IntHigh_2050","AM","LA","IntHigh","2050",0.581191856112
"03100201_60508500_SALT_CREEK",6410,537545,"SALT CREEK","03100201","60508500","STREAM","tbcmp_AM_LA_IntHigh_2050","AM","LA","IntHigh","2050",531.32104811858
"03100201_60508500_SALT_CREEK",6420,1109,"SALT CREEK","03100201","60508500","STREAM","tbcmp_AM_LA_IntHigh_2050","AM","LA","IntHigh","2050",1.096159470116
"03100201_60508500_SALT_CREEK",6425,1554,"SALT CREEK","03100201","60508500","STREAM","tbcmp_AM_LA_IntHigh_2050","AM","LA","IntHigh","2050",1.536007048296
"03100201_60508500_SALT_CREEK",6510,324,"SALT CREEK","03100201","60508500","STREAM","tbcmp_AM_LA_IntHigh_2050","AM","LA","IntHigh","2050",0.320248573776
"03100201_60508500_SALT_CREEK",6600,4442,"SALT CREEK","03100201","60508500","STREAM","tbcmp_AM_LA_IntHigh_2050","AM","LA","IntHigh","2050",4.390568409608
"03100201_60508500_SALT_CREEK",9113,987,"SALT CREEK","03100201","60508500","STREAM","tbcmp_AM_LA_IntHigh_2050","AM","LA","IntHigh","2050",0.975572044188
"03100201_60509000_FOX_CREEK",1100,215658,"FOX CREEK","03100201","60509000","STREAM","tbcmp_AM_LA_IntHigh_2050","AM","LA","IntHigh","2050",213.161009022792
"03100201_60509000_FOX_CREEK",1200,945520,"FOX CREEK","03100201","60509000","STREAM","tbcmp_AM_LA_IntHigh_2050","AM","LA","IntHigh","2050",934.57231937248
"03100201_60509000_FOX_CREEK",1800,31261,"FOX CREEK","03100201","60509000","STREAM","tbcmp_AM_LA_IntHigh_2050","AM","LA","IntHigh","2050",30.899045261764
"03100201_60509000_FOX_CREEK",1820,271585,"FOX CREEK","03100201","60509000","STREAM","tbcmp_AM_LA_IntHigh_2050","AM","LA","IntHigh","2050",268.44045959554
"03100201_60509000_FOX_CREEK",1900,297083,"FOX CREEK","03100201","60509000","STREAM","tbcmp_AM_LA_IntHigh_2050","AM","LA","IntHigh","2050",293.643231614492
"03100201_60509000_FOX_CREEK",2100,709277,"FOX CREEK","03100201","60509000","STREAM","tbcmp_AM_LA_IntHigh_2050","AM","LA","IntHigh","2050",701.064653278148
"03100201_60509000_FOX_CREEK",3200,105925,"FOX CREEK","03100201","60509000","STREAM","tbcmp_AM_LA_IntHigh_2050","AM","LA","IntHigh","2050",104.6985499297
"03100201_60509000_FOX_CREEK",4100,229369,"FOX CREEK","03100201","60509000","STREAM","tbcmp_AM_LA_IntHigh_2050","AM","LA","IntHigh","2050",226.713256538356
"03100201_60509000_FOX_CREEK",5200,174118,"FOX CREEK","03100201","60509000","STREAM","tbcmp_AM_LA_IntHigh_2050","AM","LA","IntHigh","2050",172.101978915832
"03100201_60509000_FOX_CREEK",5400,9195,"FOX CREEK","03100201","60509000","STREAM","tbcmp_AM_LA_IntHigh_2050","AM","LA","IntHigh","2050",9.08853591318
"03100201_60509000_FOX_CREEK",6110,115517,"FOX CREEK","03100201","60509000","STREAM","tbcmp_AM_LA_IntHigh_2050","AM","LA","IntHigh","2050",114.179489187908
"03100201_60509000_FOX_CREEK",6120,216,"FOX CREEK","03100201","60509000","STREAM","tbcmp_AM_LA_IntHigh_2050","AM","LA","IntHigh","2050",0.213499049184
"03100201_60509000_FOX_CREEK",6410,397417,"FOX CREEK","03100201","60509000","STREAM","tbcmp_AM_LA_IntHigh_2050","AM","LA","IntHigh","2050",392.815516803508
"03100201_60509000_FOX_CREEK",6420,3987,"FOX CREEK","03100201","60509000","STREAM","tbcmp_AM_LA_IntHigh_2050","AM","LA","IntHigh","2050",3.940836616188
"03100201_60509000_FOX_CREEK",6425,2172,"FOX CREEK","03100201","60509000","STREAM","tbcmp_AM_LA_IntHigh_2050","AM","LA","IntHigh","2050",2.146851550128
"03100201_60509000_FOX_CREEK",6510,436,"FOX CREEK","03100201","60509000","STREAM","tbcmp_AM_LA_IntHigh_2050","AM","LA","IntHigh","2050",0.430951784464
"03100201_60509000_FOX_CREEK",6600,3611,"FOX CREEK","03100201","60509000","STREAM","tbcmp_AM_LA_IntHigh_2050","AM","LA","IntHigh","2050",3.569190123164
"03100201_60509000_FOX_CREEK",9113,1043,"FOX CREEK","03100201","60509000","STREAM","tbcmp_AM_LA_IntHigh_2050","AM","LA","IntHigh","2050",1.030923649532
"03100201_70000000_SOUTH_CREEK",1100,259728,"SOUTH CREEK","03100201","70000000","STREAM","tbcmp_AM_LA_IntHigh_2050","AM","LA","IntHigh","2050",256.720745585472
"03100201_70000000_SOUTH_CREEK",1200,3637596,"SOUTH CREEK","03100201","70000000","STREAM","tbcmp_AM_LA_IntHigh_2050","AM","LA","IntHigh","2050",3595.4781820163
"03100201_70000000_SOUTH_CREEK",1800,93718,"SOUTH CREEK","03100201","70000000","STREAM","tbcmp_AM_LA_IntHigh_2050","AM","LA","IntHigh","2050",92.632888386232
"03100201_70000000_SOUTH_CREEK",1820,138740,"SOUTH CREEK","03100201","70000000","STREAM","tbcmp_AM_LA_IntHigh_2050","AM","LA","IntHigh","2050",137.13360223976
"03100201_70000000_SOUTH_CREEK",1900,330098,"SOUTH CREEK","03100201","70000000","STREAM","tbcmp_AM_LA_IntHigh_2050","AM","LA","IntHigh","2050",326.275968229352
"03100201_70000000_SOUTH_CREEK",2100,165842,"SOUTH CREEK","03100201","70000000","STREAM","tbcmp_AM_LA_IntHigh_2050","AM","LA","IntHigh","2050",163.921802383208
"03100201_70000000_SOUTH_CREEK",2400,6580,"SOUTH CREEK","03100201","70000000","STREAM","tbcmp_AM_LA_IntHigh_2050","AM","LA","IntHigh","2050",6.50381362792
"03100201_70000000_SOUTH_CREEK",3200,271386,"SOUTH CREEK","03100201","70000000","STREAM","tbcmp_AM_LA_IntHigh_2050","AM","LA","IntHigh","2050",268.243763712264
"03100201_70000000_SOUTH_CREEK",4100,1579606,"SOUTH CREEK","03100201","70000000","STREAM","tbcmp_AM_LA_IntHigh_2050","AM","LA","IntHigh","2050",1561.31656983954
"03100201_70000000_SOUTH_CREEK",5200,800473,"SOUTH CREEK","03100201","70000000","STREAM","tbcmp_AM_LA_IntHigh_2050","AM","LA","IntHigh","2050",791.204742580852
"03100201_70000000_SOUTH_CREEK",5400,48516,"SOUTH CREEK","03100201","70000000","STREAM","tbcmp_AM_LA_IntHigh_2050","AM","LA","IntHigh","2050",47.954258658384
"03100201_70000000_SOUTH_CREEK",6110,298728,"SOUTH CREEK","03100201","70000000","STREAM","tbcmp_AM_LA_IntHigh_2050","AM","LA","IntHigh","2050",295.269185021472
"03100201_70000000_SOUTH_CREEK",6120,1332,"SOUTH CREEK","03100201","70000000","STREAM","tbcmp_AM_LA_IntHigh_2050","AM","LA","IntHigh","2050",1.316577469968
"03100201_70000000_SOUTH_CREEK",6410,790695,"SOUTH CREEK","03100201","70000000","STREAM","tbcmp_AM_LA_IntHigh_2050","AM","LA","IntHigh","2050",781.53995691918
"03100201_70000000_SOUTH_CREEK",6420,3011,"SOUTH CREEK","03100201","70000000","STREAM","tbcmp_AM_LA_IntHigh_2050","AM","LA","IntHigh","2050",2.976137208764
"03100201_70000000_SOUTH_CREEK",6425,6453,"SOUTH CREEK","03100201","70000000","STREAM","tbcmp_AM_LA_IntHigh_2050","AM","LA","IntHigh","2050",6.378284094372
"03100201_70000000_SOUTH_CREEK",6510,1693,"SOUTH CREEK","03100201","70000000","STREAM","tbcmp_AM_LA_IntHigh_2050","AM","LA","IntHigh","2050",1.673397640132
"03100201_70000000_SOUTH_CREEK",6600,5401,"SOUTH CREEK","03100201","70000000","STREAM","tbcmp_AM_LA_IntHigh_2050","AM","LA","IntHigh","2050",5.338464651124
"03100201_70000000_SOUTH_CREEK",9113,21075,"SOUTH CREEK","03100201","70000000","STREAM","tbcmp_AM_LA_IntHigh_2050","AM","LA","IntHigh","2050",20.8309836183
"03100201_70500000_UNNAMED_CREEK",1100,65542,"UNNAMED CREEK","03100201","70500000","STREAM","tbcmp_AM_LA_IntHigh_2050","AM","LA","IntHigh","2050",64.783123526008
"03100201_70500000_UNNAMED_CREEK",1200,338919,"UNNAMED CREEK","03100201","70500000","STREAM","tbcmp_AM_LA_IntHigh_2050","AM","LA","IntHigh","2050",334.994834492556
"03100201_70500000_UNNAMED_CREEK",1800,35261,"UNNAMED CREEK","03100201","70500000","STREAM","tbcmp_AM_LA_IntHigh_2050","AM","LA","IntHigh","2050",34.852731357764
"03100201_70500000_UNNAMED_CREEK",1900,150417,"UNNAMED CREEK","03100201","70500000","STREAM","tbcmp_AM_LA_IntHigh_2050","AM","LA","IntHigh","2050",148.675400375508
"03100201_70500000_UNNAMED_CREEK",2100,2657769,"UNNAMED CREEK","03100201","70500000","STREAM","tbcmp_AM_LA_IntHigh_2050","AM","LA","IntHigh","2050",2626.99608541996
"03100201_70500000_UNNAMED_CREEK",2200,5334,"UNNAMED CREEK","03100201","70500000","STREAM","tbcmp_AM_LA_IntHigh_2050","AM","LA","IntHigh","2050",5.272240409016
"03100201_70500000_UNNAMED_CREEK",2400,268,"UNNAMED CREEK","03100201","70500000","STREAM","tbcmp_AM_LA_IntHigh_2050","AM","LA","IntHigh","2050",0.264896968432
"03100201_70500000_UNNAMED_CREEK",3200,210722,"UNNAMED CREEK","03100201","70500000","STREAM","tbcmp_AM_LA_IntHigh_2050","AM","LA","IntHigh","2050",208.282160380328
"03100201_70500000_UNNAMED_CREEK",4100,565049,"UNNAMED CREEK","03100201","70500000","STREAM","tbcmp_AM_LA_IntHigh_2050","AM","LA","IntHigh","2050",558.506593714676
"03100201_70500000_UNNAMED_CREEK",5200,115079,"UNNAMED CREEK","03100201","70500000","STREAM","tbcmp_AM_LA_IntHigh_2050","AM","LA","IntHigh","2050",113.746560560396
"03100201_70500000_UNNAMED_CREEK",6110,88384,"UNNAMED CREEK","03100201","70500000","STREAM","tbcmp_AM_LA_IntHigh_2050","AM","LA","IntHigh","2050",87.360647977216
"03100201_70500000_UNNAMED_CREEK",6410,1240226,"UNNAMED CREEK","03100201","70500000","STREAM","tbcmp_AM_LA_IntHigh_2050","AM","LA","IntHigh","2050",1225.86607302442
"03100201_78000000_CATFISH_CREEK",1100,87398,"CATFISH CREEK","03100201","78000000","STREAM","tbcmp_AM_LA_IntHigh_2050","AM","LA","IntHigh","2050",86.386064354552
"03100201_78000000_CATFISH_CREEK",1200,2207178,"CATFISH CREEK","03100201","78000000","STREAM","tbcmp_AM_LA_IntHigh_2050","AM","LA","IntHigh","2050",2181.62224249927
"03100201_78000000_CATFISH_CREEK",1800,56864,"CATFISH CREEK","03100201","78000000","STREAM","tbcmp_AM_LA_IntHigh_2050","AM","LA","IntHigh","2050",56.205601540736
"03100201_78000000_CATFISH_CREEK",1820,596575,"CATFISH CREEK","03100201","78000000","STREAM","tbcmp_AM_LA_IntHigh_2050","AM","LA","IntHigh","2050",589.6675706803
"03100201_78000000_CATFISH_CREEK",1900,22461,"CATFISH CREEK","03100201","78000000","STREAM","tbcmp_AM_LA_IntHigh_2050","AM","LA","IntHigh","2050",22.200935850564
"03100201_78000000_CATFISH_CREEK",2100,54745,"CATFISH CREEK","03100201","78000000","STREAM","tbcmp_AM_LA_IntHigh_2050","AM","LA","IntHigh","2050",54.11113633138
"03100201_78000000_CATFISH_CREEK",3200,2941,"CATFISH CREEK","03100201","78000000","STREAM","tbcmp_AM_LA_IntHigh_2050","AM","LA","IntHigh","2050",2.906947702084
"03100201_78000000_CATFISH_CREEK",4100,229012,"CATFISH CREEK","03100201","78000000","STREAM","tbcmp_AM_LA_IntHigh_2050","AM","LA","IntHigh","2050",226.360390054288
"03100201_78000000_CATFISH_CREEK",5200,381078,"CATFISH CREEK","03100201","78000000","STREAM","tbcmp_AM_LA_IntHigh_2050","AM","LA","IntHigh","2050",376.665697522872
"03100201_78000000_CATFISH_CREEK",5400,29297,"CATFISH CREEK","03100201","78000000","STREAM","tbcmp_AM_LA_IntHigh_2050","AM","LA","IntHigh","2050",28.957785388628
"03100201_78000000_CATFISH_CREEK",6110,136983,"CATFISH CREEK","03100201","78000000","STREAM","tbcmp_AM_LA_IntHigh_2050","AM","LA","IntHigh","2050",135.396945622092
"03100201_78000000_CATFISH_CREEK",6120,34815,"CATFISH CREEK","03100201","78000000","STREAM","tbcmp_AM_LA_IntHigh_2050","AM","LA","IntHigh","2050",34.41189535806
"03100201_78000000_CATFISH_CREEK",6410,277170,"CATFISH CREEK","03100201","78000000","STREAM","tbcmp_AM_LA_IntHigh_2050","AM","LA","IntHigh","2050",273.96079380708
"03100201_78000000_CATFISH_CREEK",6420,2487,"CATFISH CREEK","03100201","78000000","STREAM","tbcmp_AM_LA_IntHigh_2050","AM","LA","IntHigh","2050",2.458204330188
"03100201_78000000_CATFISH_CREEK",6600,4854,"CATFISH CREEK","03100201","78000000","STREAM","tbcmp_AM_LA_IntHigh_2050","AM","LA","IntHigh","2050",4.797798077496
"03100201_78000000_CATFISH_CREEK",9113,16364,"CATFISH CREEK","03100201","78000000","STREAM","tbcmp_AM_LA_IntHigh_2050","AM","LA","IntHigh","2050",16.174529818736
"03100201_84000000_ROBERTS_BAY",0,939,"ROBERTS BAY","03100201","84000000","BAY","tbcmp_AM_LA_IntHigh_2050","AM","LA","IntHigh","2050",0.928127811036
"03100201_84000000_ROBERTS_BAY",1100,47086,"ROBERTS BAY","03100201","84000000","BAY","tbcmp_AM_LA_IntHigh_2050","AM","LA","IntHigh","2050",46.540815879064
"03100201_84000000_ROBERTS_BAY",1200,1574212,"ROBERTS BAY","03100201","84000000","BAY","tbcmp_AM_LA_IntHigh_2050","AM","LA","IntHigh","2050",1555.98502413909
"03100201_84000000_ROBERTS_BAY",1800,25537,"ROBERTS BAY","03100201","84000000","BAY","tbcmp_AM_LA_IntHigh_2050","AM","LA","IntHigh","2050",25.241320458388
"03100201_84000000_ROBERTS_BAY",1900,9159,"ROBERTS BAY","03100201","84000000","BAY","tbcmp_AM_LA_IntHigh_2050","AM","LA","IntHigh","2050",9.052952738316
"03100201_84000000_ROBERTS_BAY",4100,10504,"ROBERTS BAY","03100201","84000000","BAY","tbcmp_AM_LA_IntHigh_2050","AM","LA","IntHigh","2050",10.382379688096
"03100201_84000000_ROBERTS_BAY",5200,16209,"ROBERTS BAY","03100201","84000000","BAY","tbcmp_AM_LA_IntHigh_2050","AM","LA","IntHigh","2050",16.021324482516
"03100201_84000000_ROBERTS_BAY",5400,695358,"ROBERTS BAY","03100201","84000000","BAY","tbcmp_AM_LA_IntHigh_2050","AM","LA","IntHigh","2050",687.306814085592
"03100201_84000000_ROBERTS_BAY",6120,80746,"ROBERTS BAY","03100201","84000000","BAY","tbcmp_AM_LA_IntHigh_2050","AM","LA","IntHigh","2050",79.811084376904
"03100201_84000000_ROBERTS_BAY",6420,1654,"ROBERTS BAY","03100201","84000000","BAY","tbcmp_AM_LA_IntHigh_2050","AM","LA","IntHigh","2050",1.634849200696
"03100201_84000000_ROBERTS_BAY",6425,28477,"ROBERTS BAY","03100201","84000000","BAY","tbcmp_AM_LA_IntHigh_2050","AM","LA","IntHigh","2050",28.147279738948
"03100201_84000000_ROBERTS_BAY",6510,4693,"ROBERTS BAY","03100201","84000000","BAY","tbcmp_AM_LA_IntHigh_2050","AM","LA","IntHigh","2050",4.638662212132
"03100201_84000000_ROBERTS_BAY",6600,4085,"ROBERTS BAY","03100201","84000000","BAY","tbcmp_AM_LA_IntHigh_2050","AM","LA","IntHigh","2050",4.03770192554
"03100201_84000000_ROBERTS_BAY",9113,266467,"ROBERTS BAY","03100201","84000000","BAY","tbcmp_AM_LA_IntHigh_2050","AM","LA","IntHigh","2050",263.381718235708
"03100201_84505000_UNNAMED_DITCH",1100,1225585,"UNNAMED DITCH","03100201","84505000","DITCH","tbcmp_AM_LA_IntHigh_2050","AM","LA","IntHigh","2050",1211.39459349154
"03100201_84505000_UNNAMED_DITCH",1200,2871837,"UNNAMED DITCH","03100201","84505000","DITCH","tbcmp_AM_LA_IntHigh_2050","AM","LA","IntHigh","2050",2838.58550421959
"03100201_84505000_UNNAMED_DITCH",1800,71411,"UNNAMED DITCH","03100201","84505000","DITCH","tbcmp_AM_LA_IntHigh_2050","AM","LA","IntHigh","2050",70.584169450364
"03100201_84505000_UNNAMED_DITCH",1820,540624,"UNNAMED DITCH","03100201","84505000","DITCH","tbcmp_AM_LA_IntHigh_2050","AM","LA","IntHigh","2050",534.364397990976
"03100201_84505000_UNNAMED_DITCH",1900,430856,"UNNAMED DITCH","03100201","84505000","DITCH","tbcmp_AM_LA_IntHigh_2050","AM","LA","IntHigh","2050",425.867344144544
"03100201_84505000_UNNAMED_DITCH",2100,336130,"UNNAMED DITCH","03100201","84505000","DITCH","tbcmp_AM_LA_IntHigh_2050","AM","LA","IntHigh","2050",332.23812686212
"03100201_84505000_UNNAMED_DITCH",2200,10049,"UNNAMED DITCH","03100201","84505000","DITCH","tbcmp_AM_LA_IntHigh_2050","AM","LA","IntHigh","2050",9.932647894676
"03100201_84505000_UNNAMED_DITCH",2400,35471,"UNNAMED DITCH","03100201","84505000","DITCH","tbcmp_AM_LA_IntHigh_2050","AM","LA","IntHigh","2050",35.060299877804
"03100201_84505000_UNNAMED_DITCH",3200,42080,"UNNAMED DITCH","03100201","84505000","DITCH","tbcmp_AM_LA_IntHigh_2050","AM","LA","IntHigh","2050",41.59277772992
"03100201_84505000_UNNAMED_DITCH",4100,280108,"UNNAMED DITCH","03100201","84505000","DITCH","tbcmp_AM_LA_IntHigh_2050","AM","LA","IntHigh","2050",276.864776244592
"03100201_84505000_UNNAMED_DITCH",5200,653424,"UNNAMED DITCH","03100201","84505000","DITCH","tbcmp_AM_LA_IntHigh_2050","AM","LA","IntHigh","2050",645.858345898176
"03100201_84505000_UNNAMED_DITCH",6110,188296,"UNNAMED DITCH","03100201","84505000","DITCH","tbcmp_AM_LA_IntHigh_2050","AM","LA","IntHigh","2050",186.115819283104
"03100201_84505000_UNNAMED_DITCH",6410,348118,"UNNAMED DITCH","03100201","84505000","DITCH","tbcmp_AM_LA_IntHigh_2050","AM","LA","IntHigh","2050",344.087324091832
"03100201_84505500_UNNAMED_DITCH",1100,775064,"UNNAMED DITCH","03100201","84505500","DITCH","tbcmp_AM_LA_IntHigh_2050","AM","LA","IntHigh","2050",766.089940077536
"03100201_84505500_UNNAMED_DITCH",1200,2555609,"UNNAMED DITCH","03100201","84505500","DITCH","tbcmp_AM_LA_IntHigh_2050","AM","LA","IntHigh","2050",2526.01894252812
"03100201_84505500_UNNAMED_DITCH",1800,113873,"UNNAMED DITCH","03100201","84505500","DITCH","tbcmp_AM_LA_IntHigh_2050","AM","LA","IntHigh","2050",112.554524202452
"03100201_84505500_UNNAMED_DITCH",1900,163513,"UNNAMED DITCH","03100201","84505500","DITCH","tbcmp_AM_LA_IntHigh_2050","AM","LA","IntHigh","2050",161.619768653812
"03100201_84505500_UNNAMED_DITCH",2100,132138,"UNNAMED DITCH","03100201","84505500","DITCH","tbcmp_AM_LA_IntHigh_2050","AM","LA","IntHigh","2050",130.608043338312
"03100201_84505500_UNNAMED_DITCH",2400,4617,"UNNAMED DITCH","03100201","84505500","DITCH","tbcmp_AM_LA_IntHigh_2050","AM","LA","IntHigh","2050",4.563542176308
"03100201_84505500_UNNAMED_DITCH",3200,16666,"UNNAMED DITCH","03100201","84505500","DITCH","tbcmp_AM_LA_IntHigh_2050","AM","LA","IntHigh","2050",16.473033118984
"03100201_84505500_UNNAMED_DITCH",4100,237444,"UNNAMED DITCH","03100201","84505500","DITCH","tbcmp_AM_LA_IntHigh_2050","AM","LA","IntHigh","2050",234.694760344656
"03100201_84505500_UNNAMED_DITCH",5200,254602,"UNNAMED DITCH","03100201","84505500","DITCH","tbcmp_AM_LA_IntHigh_2050","AM","LA","IntHigh","2050",251.654096853448
"03100201_84505500_UNNAMED_DITCH",6110,127361,"UNNAMED DITCH","03100201","84505500","DITCH","tbcmp_AM_LA_IntHigh_2050","AM","LA","IntHigh","2050",125.886353718164
"03100201_84505500_UNNAMED_DITCH",6410,91993,"UNNAMED DITCH","03100201","84505500","DITCH","tbcmp_AM_LA_IntHigh_2050","AM","LA","IntHigh","2050",90.927861257332
"03100201_84507000_UNNAMED_DITCH",1100,813582,"UNNAMED DITCH","03100201","84507000","DITCH","tbcmp_AM_LA_IntHigh_2050","AM","LA","IntHigh","2050",804.161960338968
"03100201_84507000_UNNAMED_DITCH",1200,3592315,"UNNAMED DITCH","03100201","84507000","DITCH","tbcmp_AM_LA_IntHigh_2050","AM","LA","IntHigh","2050",3550.72146698806
"03100201_84507000_UNNAMED_DITCH",1800,324802,"UNNAMED DITCH","03100201","84507000","DITCH","tbcmp_AM_LA_IntHigh_2050","AM","LA","IntHigh","2050",321.041287838248
"03100201_84507000_UNNAMED_DITCH",1820,280504,"UNNAMED DITCH","03100201","84507000","DITCH","tbcmp_AM_LA_IntHigh_2050","AM","LA","IntHigh","2050",277.256191168096
"03100201_84507000_UNNAMED_DITCH",1900,57471,"UNNAMED DITCH","03100201","84507000","DITCH","tbcmp_AM_LA_IntHigh_2050","AM","LA","IntHigh","2050",56.805573405804
"03100201_84507000_UNNAMED_DITCH",2100,85467,"UNNAMED DITCH","03100201","84507000","DITCH","tbcmp_AM_LA_IntHigh_2050","AM","LA","IntHigh","2050",84.477422391708
"03100201_84507000_UNNAMED_DITCH",2400,13627,"UNNAMED DITCH","03100201","84507000","DITCH","tbcmp_AM_LA_IntHigh_2050","AM","LA","IntHigh","2050",13.469220107548
"03100201_84507000_UNNAMED_DITCH",3200,4918,"UNNAMED DITCH","03100201","84507000","DITCH","tbcmp_AM_LA_IntHigh_2050","AM","LA","IntHigh","2050",4.861057055032
"03100201_84507000_UNNAMED_DITCH",4100,325734,"UNNAMED DITCH","03100201","84507000","DITCH","tbcmp_AM_LA_IntHigh_2050","AM","LA","IntHigh","2050",321.962496698616
"03100201_84507000_UNNAMED_DITCH",5200,257545,"UNNAMED DITCH","03100201","84507000","DITCH","tbcmp_AM_LA_IntHigh_2050","AM","LA","IntHigh","2050",254.56302139858
"03100201_84507000_UNNAMED_DITCH",6110,202412,"UNNAMED DITCH","03100201","84507000","DITCH","tbcmp_AM_LA_IntHigh_2050","AM","LA","IntHigh","2050",200.068377515888
"03100201_84507000_UNNAMED_DITCH",6410,69772,"UNNAMED DITCH","03100201","84507000","DITCH","tbcmp_AM_LA_IntHigh_2050","AM","LA","IntHigh","2050",68.964146572528
"03100201_84507000_UNNAMED_DITCH",6420,3,"UNNAMED DITCH","03100201","84507000","DITCH","tbcmp_AM_LA_IntHigh_2050","AM","LA","IntHigh","2050",0.002965264572
"03100201_84507000_UNNAMED_DITCH",6600,51,"UNNAMED DITCH","03100201","84507000","DITCH","tbcmp_AM_LA_IntHigh_2050","AM","LA","IntHigh","2050",0.050409497724
"03100201_84508800_UNNAMED_DITCH",1100,12050,"UNNAMED DITCH","03100201","84508800","DITCH","tbcmp_AM_LA_IntHigh_2050","AM","LA","IntHigh","2050",11.9104793642
"03100201_84508800_UNNAMED_DITCH",1200,1610965,"UNNAMED DITCH","03100201","84508800","DITCH","tbcmp_AM_LA_IntHigh_2050","AM","LA","IntHigh","2050",1592.31248041066
"03100201_84508800_UNNAMED_DITCH",1800,14343,"UNNAMED DITCH","03100201","84508800","DITCH","tbcmp_AM_LA_IntHigh_2050","AM","LA","IntHigh","2050",14.176929918732
"03100201_84508800_UNNAMED_DITCH",1900,215,"UNNAMED DITCH","03100201","84508800","DITCH","tbcmp_AM_LA_IntHigh_2050","AM","LA","IntHigh","2050",0.21251062766
"03100201_84508800_UNNAMED_DITCH",2400,10390,"UNNAMED DITCH","03100201","84508800","DITCH","tbcmp_AM_LA_IntHigh_2050","AM","LA","IntHigh","2050",10.26969963436
"03100201_84508800_UNNAMED_DITCH",4100,65030,"UNNAMED DITCH","03100201","84508800","DITCH","tbcmp_AM_LA_IntHigh_2050","AM","LA","IntHigh","2050",64.27705170572
"03100201_84508800_UNNAMED_DITCH",5200,85921,"UNNAMED DITCH","03100201","84508800","DITCH","tbcmp_AM_LA_IntHigh_2050","AM","LA","IntHigh","2050",84.926165763604
"03100201_84508800_UNNAMED_DITCH",5400,427,"UNNAMED DITCH","03100201","84508800","DITCH","tbcmp_AM_LA_IntHigh_2050","AM","LA","IntHigh","2050",0.422055990748
"03100201_84508800_UNNAMED_DITCH",6110,99905,"UNNAMED DITCH","03100201","84508800","DITCH","tbcmp_AM_LA_IntHigh_2050","AM","LA","IntHigh","2050",98.74825235522
"03100201_84508800_UNNAMED_DITCH",6410,5619,"UNNAMED DITCH","03100201","84508800","DITCH","tbcmp_AM_LA_IntHigh_2050","AM","LA","IntHigh","2050",5.553940543356
"03100201_84508800_UNNAMED_DITCH",6420,58,"UNNAMED DITCH","03100201","84508800","DITCH","tbcmp_AM_LA_IntHigh_2050","AM","LA","IntHigh","2050",0.057328448392
"03100201_84508800_UNNAMED_DITCH",6425,195,"UNNAMED DITCH","03100201","84508800","DITCH","tbcmp_AM_LA_IntHigh_2050","AM","LA","IntHigh","2050",0.19274219718
"03100201_84508800_UNNAMED_DITCH",6510,55,"UNNAMED DITCH","03100201","84508800","DITCH","tbcmp_AM_LA_IntHigh_2050","AM","LA","IntHigh","2050",0.05436318382
"03100201_84508800_UNNAMED_DITCH",6600,109,"UNNAMED DITCH","03100201","84508800","DITCH","tbcmp_AM_LA_IntHigh_2050","AM","LA","IntHigh","2050",0.107737946116
"03100201_84508800_UNNAMED_DITCH",9113,55,"UNNAMED DITCH","03100201","84508800","DITCH","tbcmp_AM_LA_IntHigh_2050","AM","LA","IntHigh","2050",0.05436318382
"03100201_84509900_PHILIPPE_CREEK",1100,1246881,"PHILIPPE CREEK","03100201","84509900","STREAM","tbcmp_AM_LA_IntHigh_2050","AM","LA","IntHigh","2050",1232.44401826664
"03100201_84509900_PHILIPPE_CREEK",1200,11550704,"PHILIPPE CREEK","03100201","84509900","STREAM","tbcmp_AM_LA_IntHigh_2050","AM","LA","IntHigh","2050",11416.9644509529
"03100201_84509900_PHILIPPE_CREEK",1800,348496,"PHILIPPE CREEK","03100201","84509900","STREAM","tbcmp_AM_LA_IntHigh_2050","AM","LA","IntHigh","2050",344.460947427904
"03100201_84509900_PHILIPPE_CREEK",1820,204486,"PHILIPPE CREEK","03100201","84509900","STREAM","tbcmp_AM_LA_IntHigh_2050","AM","LA","IntHigh","2050",202.118363756664
"03100201_84509900_PHILIPPE_CREEK",1900,681054,"PHILIPPE CREEK","03100201","84509900","STREAM","tbcmp_AM_LA_IntHigh_2050","AM","LA","IntHigh","2050",673.168432606296
"03100201_84509900_PHILIPPE_CREEK",2100,222335,"PHILIPPE CREEK","03100201","84509900","STREAM","tbcmp_AM_LA_IntHigh_2050","AM","LA","IntHigh","2050",219.76069953854
"03100201_84509900_PHILIPPE_CREEK",2400,13938,"PHILIPPE CREEK","03100201","84509900","STREAM","tbcmp_AM_LA_IntHigh_2050","AM","LA","IntHigh","2050",13.776619201512
"03100201_84509900_PHILIPPE_CREEK",3200,41115,"PHILIPPE CREEK","03100201","84509900","STREAM","tbcmp_AM_LA_IntHigh_2050","AM","LA","IntHigh","2050",40.63895095926
"03100201_84509900_PHILIPPE_CREEK",4100,376926,"PHILIPPE CREEK","03100201","84509900","STREAM","tbcmp_AM_LA_IntHigh_2050","AM","LA","IntHigh","2050",372.561771355224
"03100201_84509900_PHILIPPE_CREEK",5200,750895,"PHILIPPE CREEK","03100201","84509900","STREAM","tbcmp_AM_LA_IntHigh_2050","AM","LA","IntHigh","2050",742.20078026398
"03100201_84509900_PHILIPPE_CREEK",5400,171151,"PHILIPPE CREEK","03100201","84509900","STREAM","tbcmp_AM_LA_IntHigh_2050","AM","LA","IntHigh","2050",169.169332254124
"03100201_84509900_PHILIPPE_CREEK",6110,303192,"PHILIPPE CREEK","03100201","84509900","STREAM","tbcmp_AM_LA_IntHigh_2050","AM","LA","IntHigh","2050",299.681498704608
"03100201_84509900_PHILIPPE_CREEK",6410,456480,"PHILIPPE CREEK","03100201","84509900","STREAM","tbcmp_AM_LA_IntHigh_2050","AM","LA","IntHigh","2050",451.19465727552
"03100201_84509900_PHILIPPE_CREEK",6420,960,"PHILIPPE CREEK","03100201","84509900","STREAM","tbcmp_AM_LA_IntHigh_2050","AM","LA","IntHigh","2050",0.94888466304
"03100201_84509900_PHILIPPE_CREEK",6425,30395,"PHILIPPE CREEK","03100201","84509900","STREAM","tbcmp_AM_LA_IntHigh_2050","AM","LA","IntHigh","2050",30.04307222198
"03100201_84509900_PHILIPPE_CREEK",6510,2797,"PHILIPPE CREEK","03100201","84509900","STREAM","tbcmp_AM_LA_IntHigh_2050","AM","LA","IntHigh","2050",2.764615002628
"03100201_84509900_PHILIPPE_CREEK",6600,3286,"PHILIPPE CREEK","03100201","84509900","STREAM","tbcmp_AM_LA_IntHigh_2050","AM","LA","IntHigh","2050",3.247953127864
"03100201_84509900_PHILIPPE_CREEK",9113,4331,"PHILIPPE CREEK","03100201","84509900","STREAM","tbcmp_AM_LA_IntHigh_2050","AM","LA","IntHigh","2050",4.280853620444
"03100201_86000000_HUDSON_BAYOU",1200,1744795,"HUDSON BAYOU","03100201","86000000","BAYOU","tbcmp_AM_LA_IntHigh_2050","AM","LA","IntHigh","2050",1724.59293296758
"03100201_86000000_HUDSON_BAYOU",1800,77235,"HUDSON BAYOU","03100201","86000000","BAYOU","tbcmp_AM_LA_IntHigh_2050","AM","LA","IntHigh","2050",76.34073640614
"03100201_86000000_HUDSON_BAYOU",1900,8397,"HUDSON BAYOU","03100201","86000000","BAYOU","tbcmp_AM_LA_IntHigh_2050","AM","LA","IntHigh","2050",8.299775537028
"03100201_86000000_HUDSON_BAYOU",4100,357,"HUDSON BAYOU","03100201","86000000","BAYOU","tbcmp_AM_LA_IntHigh_2050","AM","LA","IntHigh","2050",0.352866484068
"03100201_86000000_HUDSON_BAYOU",5200,9317,"HUDSON BAYOU","03100201","86000000","BAYOU","tbcmp_AM_LA_IntHigh_2050","AM","LA","IntHigh","2050",9.209123339108
"03100201_86000000_HUDSON_BAYOU",5400,23907,"HUDSON BAYOU","03100201","86000000","BAYOU","tbcmp_AM_LA_IntHigh_2050","AM","LA","IntHigh","2050",23.630193374268
"03100201_86000000_HUDSON_BAYOU",6110,4190,"HUDSON BAYOU","03100201","86000000","BAYOU","tbcmp_AM_LA_IntHigh_2050","AM","LA","IntHigh","2050",4.14148618556
"03100201_86000000_HUDSON_BAYOU",6120,160,"HUDSON BAYOU","03100201","86000000","BAYOU","tbcmp_AM_LA_IntHigh_2050","AM","LA","IntHigh","2050",0.15814744384
"03100201_86000000_HUDSON_BAYOU",6410,3284,"HUDSON BAYOU","03100201","86000000","BAYOU","tbcmp_AM_LA_IntHigh_2050","AM","LA","IntHigh","2050",3.245976284816
"03100201_86000000_HUDSON_BAYOU",6420,62,"HUDSON BAYOU","03100201","86000000","BAYOU","tbcmp_AM_LA_IntHigh_2050","AM","LA","IntHigh","2050",0.061282134488
"03100201_86000000_HUDSON_BAYOU",6600,155,"HUDSON BAYOU","03100201","86000000","BAYOU","tbcmp_AM_LA_IntHigh_2050","AM","LA","IntHigh","2050",0.15320533622
"03100201_86000000_HUDSON_BAYOU",9113,143,"HUDSON BAYOU","03100201","86000000","BAYOU","tbcmp_AM_LA_IntHigh_2050","AM","LA","IntHigh","2050",0.141344277932
"03100201_88000000_WHITAKER_BAYOU",0,68,"WHITAKER BAYOU","03100201","88000000","BAYOU","tbcmp_AM_LA_IntHigh_2050","AM","LA","IntHigh","2050",0.067212663632
"03100201_88000000_WHITAKER_BAYOU",1100,481642,"WHITAKER BAYOU","03100201","88000000","BAYOU","tbcmp_AM_LA_IntHigh_2050","AM","LA","IntHigh","2050",476.065319662408
"03100201_88000000_WHITAKER_BAYOU",1200,3828420,"WHITAKER BAYOU","03100201","88000000","BAYOU","tbcmp_AM_LA_IntHigh_2050","AM","LA","IntHigh","2050",3784.09273091208
"03100201_88000000_WHITAKER_BAYOU",1800,107655,"WHITAKER BAYOU","03100201","88000000","BAYOU","tbcmp_AM_LA_IntHigh_2050","AM","LA","IntHigh","2050",106.40851916622
"03100201_88000000_WHITAKER_BAYOU",1820,15029,"WHITAKER BAYOU","03100201","88000000","BAYOU","tbcmp_AM_LA_IntHigh_2050","AM","LA","IntHigh","2050",14.854987084196
"03100201_88000000_WHITAKER_BAYOU",1900,294546,"WHITAKER BAYOU","03100201","88000000","BAYOU","tbcmp_AM_LA_IntHigh_2050","AM","LA","IntHigh","2050",291.135606208104
"03100201_88000000_WHITAKER_BAYOU",2100,114205,"WHITAKER BAYOU","03100201","88000000","BAYOU","tbcmp_AM_LA_IntHigh_2050","AM","LA","IntHigh","2050",112.88268014842
"03100201_88000000_WHITAKER_BAYOU",2400,1819,"WHITAKER BAYOU","03100201","88000000","BAYOU","tbcmp_AM_LA_IntHigh_2050","AM","LA","IntHigh","2050",1.797938752156
"03100201_88000000_WHITAKER_BAYOU",3200,11297,"WHITAKER BAYOU","03100201","88000000","BAYOU","tbcmp_AM_LA_IntHigh_2050","AM","LA","IntHigh","2050",11.166197956628
"03100201_88000000_WHITAKER_BAYOU",4100,148796,"WHITAKER BAYOU","03100201","88000000","BAYOU","tbcmp_AM_LA_IntHigh_2050","AM","LA","IntHigh","2050",147.073169085104
"03100201_88000000_WHITAKER_BAYOU",5200,121565,"WHITAKER BAYOU","03100201","88000000","BAYOU","tbcmp_AM_LA_IntHigh_2050","AM","LA","IntHigh","2050",120.15746256506
"03100201_88000000_WHITAKER_BAYOU",5400,12110,"WHITAKER BAYOU","03100201","88000000","BAYOU","tbcmp_AM_LA_IntHigh_2050","AM","LA","IntHigh","2050",11.96978465564
"03100201_88000000_WHITAKER_BAYOU",6110,168298,"WHITAKER BAYOU","03100201","88000000","BAYOU","tbcmp_AM_LA_IntHigh_2050","AM","LA","IntHigh","2050",166.349365646152
"03100201_88000000_WHITAKER_BAYOU",6120,26,"WHITAKER BAYOU","03100201","88000000","BAYOU","tbcmp_AM_LA_IntHigh_2050","AM","LA","IntHigh","2050",0.025698959624
"03100201_88000000_WHITAKER_BAYOU",6410,51961,"WHITAKER BAYOU","03100201","88000000","BAYOU","tbcmp_AM_LA_IntHigh_2050","AM","LA","IntHigh","2050",51.359370808564
"03100201_88000000_WHITAKER_BAYOU",6420,1,"WHITAKER BAYOU","03100201","88000000","BAYOU","tbcmp_AM_LA_IntHigh_2050","AM","LA","IntHigh","2050",0.000988421524
"03100201_88000000_WHITAKER_BAYOU",9113,32,"WHITAKER BAYOU","03100201","88000000","BAYOU","tbcmp_AM_LA_IntHigh_2050","AM","LA","IntHigh","2050",0.031629488768
"03100201_90000000_BOWLEES_CREEK",0,14,"BOWLEES CREEK","03100201","90000000","STREAM","tbcmp_AM_LA_IntHigh_2050","AM","LA","IntHigh","2050",0.013837901336
"03100201_90000000_BOWLEES_CREEK",1100,22763,"BOWLEES CREEK","03100201","90000000","STREAM","tbcmp_AM_LA_IntHigh_2050","AM","LA","IntHigh","2050",22.499439150812
"03100201_90000000_BOWLEES_CREEK",1200,5617607,"BOWLEES CREEK","03100201","90000000","STREAM","tbcmp_AM_LA_IntHigh_2050","AM","LA","IntHigh","2050",5552.56367217307
"03100201_90000000_BOWLEES_CREEK",1800,17001,"BOWLEES CREEK","03100201","90000000","STREAM","tbcmp_AM_LA_IntHigh_2050","AM","LA","IntHigh","2050",16.804154329524
"03100201_90000000_BOWLEES_CREEK",1820,119642,"BOWLEES CREEK","03100201","90000000","STREAM","tbcmp_AM_LA_IntHigh_2050","AM","LA","IntHigh","2050",118.256727974408
"03100201_90000000_BOWLEES_CREEK",1900,176066,"BOWLEES CREEK","03100201","90000000","STREAM","tbcmp_AM_LA_IntHigh_2050","AM","LA","IntHigh","2050",174.027424044584
"03100201_90000000_BOWLEES_CREEK",2100,10199,"BOWLEES CREEK","03100201","90000000","STREAM","tbcmp_AM_LA_IntHigh_2050","AM","LA","IntHigh","2050",10.080911123276
"03100201_90000000_BOWLEES_CREEK",2400,9156,"BOWLEES CREEK","03100201","90000000","STREAM","tbcmp_AM_LA_IntHigh_2050","AM","LA","IntHigh","2050",9.049987473744
"03100201_90000000_BOWLEES_CREEK",3200,13533,"BOWLEES CREEK","03100201","90000000","STREAM","tbcmp_AM_LA_IntHigh_2050","AM","LA","IntHigh","2050",13.376308484292
"03100201_90000000_BOWLEES_CREEK",4100,84243,"BOWLEES CREEK","03100201","90000000","STREAM","tbcmp_AM_LA_IntHigh_2050","AM","LA","IntHigh","2050",83.267594446332
"03100201_90000000_BOWLEES_CREEK",4400,9,"BOWLEES CREEK","03100201","90000000","STREAM","tbcmp_AM_LA_IntHigh_2050","AM","LA","IntHigh","2050",0.008895793716
"03100201_90000000_BOWLEES_CREEK",5200,189651,"BOWLEES CREEK","03100201","90000000","STREAM","tbcmp_AM_LA_IntHigh_2050","AM","LA","IntHigh","2050",187.455130448124
"03100201_90000000_BOWLEES_CREEK",5400,36134,"BOWLEES CREEK","03100201","90000000","STREAM","tbcmp_AM_LA_IntHigh_2050","AM","LA","IntHigh","2050",35.715623348216
"03100201_90000000_BOWLEES_CREEK",6110,40133,"BOWLEES CREEK","03100201","90000000","STREAM","tbcmp_AM_LA_IntHigh_2050","AM","LA","IntHigh","2050",39.668321022692
"03100201_90000000_BOWLEES_CREEK",6120,1633,"BOWLEES CREEK","03100201","90000000","STREAM","tbcmp_AM_LA_IntHigh_2050","AM","LA","IntHigh","2050",1.614092348692
"03100201_90000000_BOWLEES_CREEK",6410,52626,"BOWLEES CREEK","03100201","90000000","STREAM","tbcmp_AM_LA_IntHigh_2050","AM","LA","IntHigh","2050",52.016671122024
"03100201_90000000_BOWLEES_CREEK",6420,114,"BOWLEES CREEK","03100201","90000000","STREAM","tbcmp_AM_LA_IntHigh_2050","AM","LA","IntHigh","2050",0.112680053736
"03100201_90000000_BOWLEES_CREEK",6600,651,"BOWLEES CREEK","03100201","90000000","STREAM","tbcmp_AM_LA_IntHigh_2050","AM","LA","IntHigh","2050",0.643462412124
"03100201_90000000_BOWLEES_CREEK",9113,95,"BOWLEES CREEK","03100201","90000000","STREAM","tbcmp_AM_LA_IntHigh_2050","AM","LA","IntHigh","2050",0.09390004478
"03100201_95000000_PALMA_SOLA_BAY",0,208,"PALMA SOLA BAY","03100201","95000000","BAY","tbcmp_AM_LA_IntHigh_2050","AM","LA","IntHigh","2050",0.205591676992
"03100201_95000000_PALMA_SOLA_BAY",1100,380,"PALMA SOLA BAY","03100201","95000000","BAY","tbcmp_AM_LA_IntHigh_2050","AM","LA","IntHigh","2050",0.37560017912
"03100201_95000000_PALMA_SOLA_BAY",1200,16061,"PALMA SOLA BAY","03100201","95000000","BAY","tbcmp_AM_LA_IntHigh_2050","AM","LA","IntHigh","2050",15.875038096964
"03100201_95000000_PALMA_SOLA_BAY",5400,1146911,"PALMA SOLA BAY","03100201","95000000","BAY","tbcmp_AM_LA_IntHigh_2050","AM","LA","IntHigh","2050",1133.63151851236
"03100201_95000000_PALMA_SOLA_BAY",6120,18782,"PALMA SOLA BAY","03100201","95000000","BAY","tbcmp_AM_LA_IntHigh_2050","AM","LA","IntHigh","2050",18.564533063768
"03100201_95000000_PALMA_SOLA_BAY",6420,23,"PALMA SOLA BAY","03100201","95000000","BAY","tbcmp_AM_LA_IntHigh_2050","AM","LA","IntHigh","2050",0.022733695052
"03100201_95000000_PALMA_SOLA_BAY",6600,73,"PALMA SOLA BAY","03100201","95000000","BAY","tbcmp_AM_LA_IntHigh_2050","AM","LA","IntHigh","2050",0.072154771252
"03100201_95000000_PALMA_SOLA_BAY",7100,1561,"PALMA SOLA BAY","03100201","95000000","BAY","tbcmp_AM_LA_IntHigh_2050","AM","LA","IntHigh","2050",1.542925998964
"03100201_95000000_PALMA_SOLA_BAY",9113,1083405,"PALMA SOLA BAY","03100201","95000000","BAY","tbcmp_AM_LA_IntHigh_2050","AM","LA","IntHigh","2050",1070.86082120922
"03100201_95500000_WEST_CEDAR_HAMMOCK",0,12,"WEST CEDAR HAMMOCK","03100201","95500000","CANAL","tbcmp_AM_LA_IntHigh_2050","AM","LA","IntHigh","2050",0.011861058288
"03100201_95500000_WEST_CEDAR_HAMMOCK",1100,29812,"WEST CEDAR HAMMOCK","03100201","95500000","CANAL","tbcmp_AM_LA_IntHigh_2050","AM","LA","IntHigh","2050",29.466822473488
"03100201_95500000_WEST_CEDAR_HAMMOCK",1200,3446374,"WEST CEDAR HAMMOCK","03100201","95500000","CANAL","tbcmp_AM_LA_IntHigh_2050","AM","LA","IntHigh","2050",3406.47024135398
"03100201_95500000_WEST_CEDAR_HAMMOCK",1800,112269,"WEST CEDAR HAMMOCK","03100201","95500000","CANAL","tbcmp_AM_LA_IntHigh_2050","AM","LA","IntHigh","2050",110.969096077956
"03100201_95500000_WEST_CEDAR_HAMMOCK",1820,150047,"WEST CEDAR HAMMOCK","03100201","95500000","CANAL","tbcmp_AM_LA_IntHigh_2050","AM","LA","IntHigh","2050",148.309684411628
"03100201_95500000_WEST_CEDAR_HAMMOCK",1900,31243,"WEST CEDAR HAMMOCK","03100201","95500000","CANAL","tbcmp_AM_LA_IntHigh_2050","AM","LA","IntHigh","2050",30.881253674332
"03100201_95500000_WEST_CEDAR_HAMMOCK",4100,45972,"WEST CEDAR HAMMOCK","03100201","95500000","CANAL","tbcmp_AM_LA_IntHigh_2050","AM","LA","IntHigh","2050",45.439714301328
"03100201_95500000_WEST_CEDAR_HAMMOCK",5200,205188,"WEST CEDAR HAMMOCK","03100201","95500000","CANAL","tbcmp_AM_LA_IntHigh_2050","AM","LA","IntHigh","2050",202.812235666512
"03100201_95500000_WEST_CEDAR_HAMMOCK",5400,15019,"WEST CEDAR HAMMOCK","03100201","95500000","CANAL","tbcmp_AM_LA_IntHigh_2050","AM","LA","IntHigh","2050",14.845102868956
"03100201_95500000_WEST_CEDAR_HAMMOCK",6110,15513,"WEST CEDAR HAMMOCK","03100201","95500000","CANAL","tbcmp_AM_LA_IntHigh_2050","AM","LA","IntHigh","2050",15.333383101812
"03100201_95500000_WEST_CEDAR_HAMMOCK",6120,7,"WEST CEDAR HAMMOCK","03100201","95500000","CANAL","tbcmp_AM_LA_IntHigh_2050","AM","LA","IntHigh","2050",0.006918950668
"03100201_95500000_WEST_CEDAR_HAMMOCK",6410,189,"WEST CEDAR HAMMOCK","03100201","95500000","CANAL","tbcmp_AM_LA_IntHigh_2050","AM","LA","IntHigh","2050",0.186811668036
"03100201_95500000_WEST_CEDAR_HAMMOCK",9113,59,"WEST CEDAR HAMMOCK","03100201","95500000","CANAL","tbcmp_AM_LA_IntHigh_2050","AM","LA","IntHigh","2050",0.058316869916
"03100201_99990000_DIRECT_RUNOFF_TO_BAY",0,25499,"DIRECT RUNOFF TO BAY","03100201","99990000","RUNOFF","tbcmp_AM_LA_IntHigh_2050","AM","LA","IntHigh","2050",25.203760440476
"03100201_99990000_DIRECT_RUNOFF_TO_BAY",1100,968483,"DIRECT RUNOFF TO BAY","03100201","99990000","RUNOFF","tbcmp_AM_LA_IntHigh_2050","AM","LA","IntHigh","2050",957.269442828092
"03100201_99990000_DIRECT_RUNOFF_TO_BAY",1200,23315156,"DIRECT RUNOFF TO BAY","03100201","99990000","RUNOFF","tbcmp_AM_LA_IntHigh_2050","AM","LA","IntHigh","2050",23045.2020258177
"03100201_99990000_DIRECT_RUNOFF_TO_BAY",1800,1441924,"DIRECT RUNOFF TO BAY","03100201","99990000","RUNOFF","tbcmp_AM_LA_IntHigh_2050","AM","LA","IntHigh","2050",1425.22871757218
"03100201_99990000_DIRECT_RUNOFF_TO_BAY",1820,967525,"DIRECT RUNOFF TO BAY","03100201","99990000","RUNOFF","tbcmp_AM_LA_IntHigh_2050","AM","LA","IntHigh","2050",956.3225350081
"03100201_99990000_DIRECT_RUNOFF_TO_BAY",1900,1223388,"DIRECT RUNOFF TO BAY","03100201","99990000","RUNOFF","tbcmp_AM_LA_IntHigh_2050","AM","LA","IntHigh","2050",1209.22303140331
"03100201_99990000_DIRECT_RUNOFF_TO_BAY",2100,437011,"DIRECT RUNOFF TO BAY","03100201","99990000","RUNOFF","tbcmp_AM_LA_IntHigh_2050","AM","LA","IntHigh","2050",431.951078624764
"03100201_99990000_DIRECT_RUNOFF_TO_BAY",2200,22401,"DIRECT RUNOFF TO BAY","03100201","99990000","RUNOFF","tbcmp_AM_LA_IntHigh_2050","AM","LA","IntHigh","2050",22.141630559124
"03100201_99990000_DIRECT_RUNOFF_TO_BAY",2400,174398,"DIRECT RUNOFF TO BAY","03100201","99990000","RUNOFF","tbcmp_AM_LA_IntHigh_2050","AM","LA","IntHigh","2050",172.378736942552
"03100201_99990000_DIRECT_RUNOFF_TO_BAY",3200,302323,"DIRECT RUNOFF TO BAY","03100201","99990000","RUNOFF","tbcmp_AM_LA_IntHigh_2050","AM","LA","IntHigh","2050",298.822560400252
"03100201_99990000_DIRECT_RUNOFF_TO_BAY",4100,864373,"DIRECT RUNOFF TO BAY","03100201","99990000","RUNOFF","tbcmp_AM_LA_IntHigh_2050","AM","LA","IntHigh","2050",854.364877964452
"03100201_99990000_DIRECT_RUNOFF_TO_BAY",5200,835749,"DIRECT RUNOFF TO BAY","03100201","99990000","RUNOFF","tbcmp_AM_LA_IntHigh_2050","AM","LA","IntHigh","2050",826.072300261476
"03100201_99990000_DIRECT_RUNOFF_TO_BAY",5400,2038932,"DIRECT RUNOFF TO BAY","03100201","99990000","RUNOFF","tbcmp_AM_LA_IntHigh_2050","AM","LA","IntHigh","2050",2015.32427477237
"03100201_99990000_DIRECT_RUNOFF_TO_BAY",6110,673186,"DIRECT RUNOFF TO BAY","03100201","99990000","RUNOFF","tbcmp_AM_LA_IntHigh_2050","AM","LA","IntHigh","2050",665.391532055464
"03100201_99990000_DIRECT_RUNOFF_TO_BAY",6120,2154493,"DIRECT RUNOFF TO BAY","03100201","99990000","RUNOFF","tbcmp_AM_LA_IntHigh_2050","AM","LA","IntHigh","2050",2129.54725450733
"03100201_99990000_DIRECT_RUNOFF_TO_BAY",6410,132672,"DIRECT RUNOFF TO BAY","03100201","99990000","RUNOFF","tbcmp_AM_LA_IntHigh_2050","AM","LA","IntHigh","2050",131.135860432128
"03100201_99990000_DIRECT_RUNOFF_TO_BAY",6420,159571,"DIRECT RUNOFF TO BAY","03100201","99990000","RUNOFF","tbcmp_AM_LA_IntHigh_2050","AM","LA","IntHigh","2050",157.723411006204
"03100201_99990000_DIRECT_RUNOFF_TO_BAY",6425,8571,"DIRECT RUNOFF TO BAY","03100201","99990000","RUNOFF","tbcmp_AM_LA_IntHigh_2050","AM","LA","IntHigh","2050",8.471760882204
"03100201_99990000_DIRECT_RUNOFF_TO_BAY",6510,3314,"DIRECT RUNOFF TO BAY","03100201","99990000","RUNOFF","tbcmp_AM_LA_IntHigh_2050","AM","LA","IntHigh","2050",3.275628930536
"03100201_99990000_DIRECT_RUNOFF_TO_BAY",6600,473862,"DIRECT RUNOFF TO BAY","03100201","99990000","RUNOFF","tbcmp_AM_LA_IntHigh_2050","AM","LA","IntHigh","2050",468.375400205688
"03100201_99990000_DIRECT_RUNOFF_TO_BAY",7100,1790,"DIRECT RUNOFF TO BAY","03100201","99990000","RUNOFF","tbcmp_AM_LA_IntHigh_2050","AM","LA","IntHigh","2050",1.76927452796
"03100201_99990000_DIRECT_RUNOFF_TO_BAY",9113,1448465,"DIRECT RUNOFF TO BAY","03100201","99990000","RUNOFF","tbcmp_AM_LA_IntHigh_2050","AM","LA","IntHigh","2050",1431.69398276066
"03100201_99990000_DIRECT_RUNOFF_TO_GULF",0,567,"DIRECT RUNOFF TO GULF","03100201","99990000","RUNOFF","tbcmp_AM_LA_IntHigh_2050","AM","LA","IntHigh","2050",0.560435004108
"03100201_99990000_DIRECT_RUNOFF_TO_GULF",1100,20532,"DIRECT RUNOFF TO GULF","03100201","99990000","RUNOFF","tbcmp_AM_LA_IntHigh_2050","AM","LA","IntHigh","2050",20.294270730768
"03100201_99990000_DIRECT_RUNOFF_TO_GULF",1200,947531,"DIRECT RUNOFF TO GULF","03100201","99990000","RUNOFF","tbcmp_AM_LA_IntHigh_2050","AM","LA","IntHigh","2050",936.560035057244
"03100201_99990000_DIRECT_RUNOFF_TO_GULF",1900,7970,"DIRECT RUNOFF TO GULF","03100201","99990000","RUNOFF","tbcmp_AM_LA_IntHigh_2050","AM","LA","IntHigh","2050",7.87771954628
"03100201_99990000_DIRECT_RUNOFF_TO_GULF",4100,9199,"DIRECT RUNOFF TO GULF","03100201","99990000","RUNOFF","tbcmp_AM_LA_IntHigh_2050","AM","LA","IntHigh","2050",9.092489599276
"03100201_99990000_DIRECT_RUNOFF_TO_GULF",5200,3676,"DIRECT RUNOFF TO GULF","03100201","99990000","RUNOFF","tbcmp_AM_LA_IntHigh_2050","AM","LA","IntHigh","2050",3.633437522224
"03100201_99990000_DIRECT_RUNOFF_TO_GULF",5400,23314,"DIRECT RUNOFF TO GULF","03100201","99990000","RUNOFF","tbcmp_AM_LA_IntHigh_2050","AM","LA","IntHigh","2050",23.044059410536
"03100201_99990000_DIRECT_RUNOFF_TO_GULF",6120,4260,"DIRECT RUNOFF TO GULF","03100201","99990000","RUNOFF","tbcmp_AM_LA_IntHigh_2050","AM","LA","IntHigh","2050",4.21067569224
"03100201_99990000_DIRECT_RUNOFF_TO_GULF",6410,1741,"DIRECT RUNOFF TO GULF","03100201","99990000","RUNOFF","tbcmp_AM_LA_IntHigh_2050","AM","LA","IntHigh","2050",1.720841873284
"03100201_99990000_DIRECT_RUNOFF_TO_GULF",6420,142,"DIRECT RUNOFF TO GULF","03100201","99990000","RUNOFF","tbcmp_AM_LA_IntHigh_2050","AM","LA","IntHigh","2050",0.140355856408
"03100201_99990000_DIRECT_RUNOFF_TO_GULF",6600,543,"DIRECT RUNOFF TO GULF","03100201","99990000","RUNOFF","tbcmp_AM_LA_IntHigh_2050","AM","LA","IntHigh","2050",0.536712887532
"03100201_99990000_DIRECT_RUNOFF_TO_GULF",9113,62647,"DIRECT RUNOFF TO GULF","03100201","99990000","RUNOFF","tbcmp_AM_LA_IntHigh_2050","AM","LA","IntHigh","2050",61.921643214028
"03100201_99999900_LEMON_BAY",0,2539,"LEMON BAY","03100201","99999900","BAY","tbcmp_AM_LA_IntHigh_2050","AM","LA","IntHigh","2050",2.509602249436
"03100201_99999900_LEMON_BAY",1100,5550,"LEMON BAY","03100201","99999900","BAY","tbcmp_AM_LA_IntHigh_2050","AM","LA","IntHigh","2050",5.4857394582
"03100201_99999900_LEMON_BAY",1200,94753,"LEMON BAY","03100201","99999900","BAY","tbcmp_AM_LA_IntHigh_2050","AM","LA","IntHigh","2050",93.655904663572
"03100201_99999900_LEMON_BAY",1800,11653,"LEMON BAY","03100201","99999900","BAY","tbcmp_AM_LA_IntHigh_2050","AM","LA","IntHigh","2050",11.518076019172
"03100201_99999900_LEMON_BAY",1820,181,"LEMON BAY","03100201","99999900","BAY","tbcmp_AM_LA_IntHigh_2050","AM","LA","IntHigh","2050",0.178904295844
"03100201_99999900_LEMON_BAY",1900,73,"LEMON BAY","03100201","99999900","BAY","tbcmp_AM_LA_IntHigh_2050","AM","LA","IntHigh","2050",0.072154771252
"03100201_99999900_LEMON_BAY",3200,6543,"LEMON BAY","03100201","99999900","BAY","tbcmp_AM_LA_IntHigh_2050","AM","LA","IntHigh","2050",6.467242031532
"03100201_99999900_LEMON_BAY",4100,28316,"LEMON BAY","03100201","99999900","BAY","tbcmp_AM_LA_IntHigh_2050","AM","LA","IntHigh","2050",27.988143873584
"03100201_99999900_LEMON_BAY",5400,2725837,"LEMON BAY","03100201","99999900","BAY","tbcmp_AM_LA_IntHigh_2050","AM","LA","IntHigh","2050",2694.27596171559
"03100201_99999900_LEMON_BAY",6110,1458,"LEMON BAY","03100201","99999900","BAY","tbcmp_AM_LA_IntHigh_2050","AM","LA","IntHigh","2050",1.441118581992
"03100201_99999900_LEMON_BAY",6120,166162,"LEMON BAY","03100201","99999900","BAY","tbcmp_AM_LA_IntHigh_2050","AM","LA","IntHigh","2050",164.238097270888
"03100201_99999900_LEMON_BAY",6420,8736,"LEMON BAY","03100201","99999900","BAY","tbcmp_AM_LA_IntHigh_2050","AM","LA","IntHigh","2050",8.634850433664
"03100201_99999900_LEMON_BAY",6425,5958,"LEMON BAY","03100201","99999900","BAY","tbcmp_AM_LA_IntHigh_2050","AM","LA","IntHigh","2050",5.889015439992
"03100201_99999900_LEMON_BAY",6510,1339,"LEMON BAY","03100201","99999900","BAY","tbcmp_AM_LA_IntHigh_2050","AM","LA","IntHigh","2050",1.323496420636
"03100201_99999900_LEMON_BAY",6600,10927,"LEMON BAY","03100201","99999900","BAY","tbcmp_AM_LA_IntHigh_2050","AM","LA","IntHigh","2050",10.800481992748
"03100201_99999900_LEMON_BAY",9113,2649652,"LEMON BAY","03100201","99999900","BAY","tbcmp_AM_LA_IntHigh_2050","AM","LA","IntHigh","2050",2618.97306790965
"03100202_10000000_PEACOCK_BRANCH",1100,47,"PEACOCK BRANCH","03100202","10000000","DRAIN","tbcmp_AM_LA_IntHigh_2050","AM","LA","IntHigh","2050",0.046455811628
"03100202_10000000_PEACOCK_BRANCH",2100,712043,"PEACOCK BRANCH","03100202","10000000","DRAIN","tbcmp_AM_LA_IntHigh_2050","AM","LA","IntHigh","2050",703.798627213532
"03100202_10000000_PEACOCK_BRANCH",2200,20238,"PEACOCK BRANCH","03100202","10000000","DRAIN","tbcmp_AM_LA_IntHigh_2050","AM","LA","IntHigh","2050",20.003674802712
"03100202_10000000_PEACOCK_BRANCH",3200,59015,"PEACOCK BRANCH","03100202","10000000","DRAIN","tbcmp_AM_LA_IntHigh_2050","AM","LA","IntHigh","2050",58.33169623886
"03100202_10000000_PEACOCK_BRANCH",4100,359013,"PEACOCK BRANCH","03100202","10000000","DRAIN","tbcmp_AM_LA_IntHigh_2050","AM","LA","IntHigh","2050",354.856176595812
"03100202_10000000_PEACOCK_BRANCH",6110,113657,"PEACOCK BRANCH","03100202","10000000","DRAIN","tbcmp_AM_LA_IntHigh_2050","AM","LA","IntHigh","2050",112.341025153268
"03100202_10000000_PEACOCK_BRANCH",6410,31644,"PEACOCK BRANCH","03100202","10000000","DRAIN","tbcmp_AM_LA_IntHigh_2050","AM","LA","IntHigh","2050",31.277610705456
"03100202_11000000_UNNAMED_DITCH",1200,14902,"UNNAMED DITCH","03100202","11000000","DITCH","tbcmp_AM_LA_IntHigh_2050","AM","LA","IntHigh","2050",14.729457550648
"03100202_11000000_UNNAMED_DITCH",1900,103219,"UNNAMED DITCH","03100202","11000000","DITCH","tbcmp_AM_LA_IntHigh_2050","AM","LA","IntHigh","2050",102.023881285756
"03100202_11000000_UNNAMED_DITCH",2100,246768,"UNNAMED DITCH","03100202","11000000","DITCH","tbcmp_AM_LA_IntHigh_2050","AM","LA","IntHigh","2050",243.910802634432
"03100202_11000000_UNNAMED_DITCH",3200,84395,"UNNAMED DITCH","03100202","11000000","DITCH","tbcmp_AM_LA_IntHigh_2050","AM","LA","IntHigh","2050",83.41783451798
"03100202_11000000_UNNAMED_DITCH",4100,82064,"UNNAMED DITCH","03100202","11000000","DITCH","tbcmp_AM_LA_IntHigh_2050","AM","LA","IntHigh","2050",81.113823945536
"03100202_11000000_UNNAMED_DITCH",4400,124757,"UNNAMED DITCH","03100202","11000000","DITCH","tbcmp_AM_LA_IntHigh_2050","AM","LA","IntHigh","2050",123.312504069668
"03100202_11000000_UNNAMED_DITCH",5200,1389,"UNNAMED DITCH","03100202","11000000","DITCH","tbcmp_AM_LA_IntHigh_2050","AM","LA","IntHigh","2050",1.372917496836
"03100202_11000000_UNNAMED_DITCH",6110,5534,"UNNAMED DITCH","03100202","11000000","DITCH","tbcmp_AM_LA_IntHigh_2050","AM","LA","IntHigh","2050",5.469924713816
"03100202_11000000_UNNAMED_DITCH",6410,60324,"UNNAMED DITCH","03100202","11000000","DITCH","tbcmp_AM_LA_IntHigh_2050","AM","LA","IntHigh","2050",59.625540013776
"03100202_22000000_UNNAMED_CREEK",1200,312252,"UNNAMED CREEK","03100202","22000000","STREAM","tbcmp_AM_LA_IntHigh_2050","AM","LA","IntHigh","2050",308.636597712048
"03100202_22000000_UNNAMED_CREEK",1900,77367,"UNNAMED CREEK","03100202","22000000","STREAM","tbcmp_AM_LA_IntHigh_2050","AM","LA","IntHigh","2050",76.471208047308
"03100202_22000000_UNNAMED_CREEK",2100,1465714,"UNNAMED CREEK","03100202","22000000","STREAM","tbcmp_AM_LA_IntHigh_2050","AM","LA","IntHigh","2050",1448.74326562814
"03100202_22000000_UNNAMED_CREEK",2200,93223,"UNNAMED CREEK","03100202","22000000","STREAM","tbcmp_AM_LA_IntHigh_2050","AM","LA","IntHigh","2050",92.143619731852
"03100202_22000000_UNNAMED_CREEK",2400,282708,"UNNAMED CREEK","03100202","22000000","STREAM","tbcmp_AM_LA_IntHigh_2050","AM","LA","IntHigh","2050",279.434672206992
"03100202_22000000_UNNAMED_CREEK",3200,1568909,"UNNAMED CREEK","03100202","22000000","STREAM","tbcmp_AM_LA_IntHigh_2050","AM","LA","IntHigh","2050",1550.74342479732
"03100202_22000000_UNNAMED_CREEK",4100,1231658,"UNNAMED CREEK","03100202","22000000","STREAM","tbcmp_AM_LA_IntHigh_2050","AM","LA","IntHigh","2050",1217.39727740679
"03100202_22000000_UNNAMED_CREEK",4400,32452,"UNNAMED CREEK","03100202","22000000","STREAM","tbcmp_AM_LA_IntHigh_2050","AM","LA","IntHigh","2050",32.076255296848
"03100202_22000000_UNNAMED_CREEK",5200,11197,"UNNAMED CREEK","03100202","22000000","STREAM","tbcmp_AM_LA_IntHigh_2050","AM","LA","IntHigh","2050",11.067355804228
"03100202_22000000_UNNAMED_CREEK",6110,250425,"UNNAMED CREEK","03100202","22000000","STREAM","tbcmp_AM_LA_IntHigh_2050","AM","LA","IntHigh","2050",247.5254601477
"03100202_22000000_UNNAMED_CREEK",6410,319337,"UNNAMED CREEK","03100202","22000000","STREAM","tbcmp_AM_LA_IntHigh_2050","AM","LA","IntHigh","2050",315.639564209588
"03100202_24000000_UNNAMED_STREAM",1900,21001,"UNNAMED STREAM","03100202","24000000","STREAM","tbcmp_AM_LA_IntHigh_2050","AM","LA","IntHigh","2050",20.757840425524
"03100202_24000000_UNNAMED_STREAM",2100,10299,"UNNAMED STREAM","03100202","24000000","STREAM","tbcmp_AM_LA_IntHigh_2050","AM","LA","IntHigh","2050",10.179753275676
"03100202_24000000_UNNAMED_STREAM",2200,837005,"UNNAMED STREAM","03100202","24000000","STREAM","tbcmp_AM_LA_IntHigh_2050","AM","LA","IntHigh","2050",827.31375769562
"03100202_24000000_UNNAMED_STREAM",3200,598681,"UNNAMED STREAM","03100202","24000000","STREAM","tbcmp_AM_LA_IntHigh_2050","AM","LA","IntHigh","2050",591.749186409844
"03100202_24000000_UNNAMED_STREAM",4100,100262,"UNNAMED STREAM","03100202","24000000","STREAM","tbcmp_AM_LA_IntHigh_2050","AM","LA","IntHigh","2050",99.101118839288
"03100202_24000000_UNNAMED_STREAM",5200,25554,"UNNAMED STREAM","03100202","24000000","STREAM","tbcmp_AM_LA_IntHigh_2050","AM","LA","IntHigh","2050",25.258123624296
"03100202_24000000_UNNAMED_STREAM",6110,118664,"UNNAMED STREAM","03100202","24000000","STREAM","tbcmp_AM_LA_IntHigh_2050","AM","LA","IntHigh","2050",117.290051723936
"03100202_24000000_UNNAMED_STREAM",6410,273441,"UNNAMED STREAM","03100202","24000000","STREAM","tbcmp_AM_LA_IntHigh_2050","AM","LA","IntHigh","2050",270.274969944084
"03100202_30400000_UNNAMED_DRAIN",1900,320971,"UNNAMED DRAIN","03100202","30400000","DRAIN","tbcmp_AM_LA_IntHigh_2050","AM","LA","IntHigh","2050",317.254644979804
"03100202_30400000_UNNAMED_DRAIN",2100,957840,"UNNAMED DRAIN","03100202","30400000","DRAIN","tbcmp_AM_LA_IntHigh_2050","AM","LA","IntHigh","2050",946.74967254816
"03100202_30400000_UNNAMED_DRAIN",2200,313156,"UNNAMED DRAIN","03100202","30400000","DRAIN","tbcmp_AM_LA_IntHigh_2050","AM","LA","IntHigh","2050",309.530130769744
"03100202_30400000_UNNAMED_DRAIN",3200,1091432,"UNNAMED DRAIN","03100202","30400000","DRAIN","tbcmp_AM_LA_IntHigh_2050","AM","LA","IntHigh","2050",1078.79488078237
"03100202_30400000_UNNAMED_DRAIN",4100,224848,"UNNAMED DRAIN","03100202","30400000","DRAIN","tbcmp_AM_LA_IntHigh_2050","AM","LA","IntHigh","2050",222.244602828352
"03100202_30400000_UNNAMED_DRAIN",4400,479292,"UNNAMED DRAIN","03100202","30400000","DRAIN","tbcmp_AM_LA_IntHigh_2050","AM","LA","IntHigh","2050",473.742529081008
"03100202_30400000_UNNAMED_DRAIN",5200,8496,"UNNAMED DRAIN","03100202","30400000","DRAIN","tbcmp_AM_LA_IntHigh_2050","AM","LA","IntHigh","2050",8.397629267904
"03100202_30400000_UNNAMED_DRAIN",6110,189423,"UNNAMED DRAIN","03100202","30400000","DRAIN","tbcmp_AM_LA_IntHigh_2050","AM","LA","IntHigh","2050",187.229770340652
"03100202_30400000_UNNAMED_DRAIN",6410,220326,"UNNAMED DRAIN","03100202","30400000","DRAIN","tbcmp_AM_LA_IntHigh_2050","AM","LA","IntHigh","2050",217.774960696824
"03100202_30990000_EAST_FORK_MANATEE_RIVER",1100,58204,"EAST FORK MANATEE RIVER","03100202","30990000","STREAM","tbcmp_AM_LA_IntHigh_2050","AM","LA","IntHigh","2050",57.530086382896
"03100202_30990000_EAST_FORK_MANATEE_RIVER",1200,405842,"EAST FORK MANATEE RIVER","03100202","30990000","STREAM","tbcmp_AM_LA_IntHigh_2050","AM","LA","IntHigh","2050",401.142968143208
"03100202_30990000_EAST_FORK_MANATEE_RIVER",1900,656839,"EAST FORK MANATEE RIVER","03100202","30990000","STREAM","tbcmp_AM_LA_IntHigh_2050","AM","LA","IntHigh","2050",649.233805402636
"03100202_30990000_EAST_FORK_MANATEE_RIVER",2100,2554115,"EAST FORK MANATEE RIVER","03100202","30990000","STREAM","tbcmp_AM_LA_IntHigh_2050","AM","LA","IntHigh","2050",2524.54224077126
"03100202_30990000_EAST_FORK_MANATEE_RIVER",2200,790494,"EAST FORK MANATEE RIVER","03100202","30990000","STREAM","tbcmp_AM_LA_IntHigh_2050","AM","LA","IntHigh","2050",781.341284192856
"03100202_30990000_EAST_FORK_MANATEE_RIVER",2400,230971,"EAST FORK MANATEE RIVER","03100202","30990000","STREAM","tbcmp_AM_LA_IntHigh_2050","AM","LA","IntHigh","2050",228.296707819804
"03100202_30990000_EAST_FORK_MANATEE_RIVER",3200,5321475,"EAST FORK MANATEE RIVER","03100202","30990000","STREAM","tbcmp_AM_LA_IntHigh_2050","AM","LA","IntHigh","2050",5259.8604294279
"03100202_30990000_EAST_FORK_MANATEE_RIVER",4100,901624,"EAST FORK MANATEE RIVER","03100202","30990000","STREAM","tbcmp_AM_LA_IntHigh_2050","AM","LA","IntHigh","2050",891.184568154976
"03100202_30990000_EAST_FORK_MANATEE_RIVER",4400,864723,"EAST FORK MANATEE RIVER","03100202","30990000","STREAM","tbcmp_AM_LA_IntHigh_2050","AM","LA","IntHigh","2050",854.710825497852
"03100202_30990000_EAST_FORK_MANATEE_RIVER",5200,22523,"EAST FORK MANATEE RIVER","03100202","30990000","STREAM","tbcmp_AM_LA_IntHigh_2050","AM","LA","IntHigh","2050",22.262217985052
"03100202_30990000_EAST_FORK_MANATEE_RIVER",6110,917259,"EAST FORK MANATEE RIVER","03100202","30990000","STREAM","tbcmp_AM_LA_IntHigh_2050","AM","LA","IntHigh","2050",906.638538682716
"03100202_30990000_EAST_FORK_MANATEE_RIVER",6410,1388980,"EAST FORK MANATEE RIVER","03100202","30990000","STREAM","tbcmp_AM_LA_IntHigh_2050","AM","LA","IntHigh","2050",1372.89772840552
"03100202_33000000_UNNAMED_STREAM",1200,1391,"UNNAMED STREAM","03100202","33000000","STREAM","tbcmp_AM_LA_IntHigh_2050","AM","LA","IntHigh","2050",1.374894339884
"03100202_33000000_UNNAMED_STREAM",2100,132699,"UNNAMED STREAM","03100202","33000000","STREAM","tbcmp_AM_LA_IntHigh_2050","AM","LA","IntHigh","2050",131.162547813276
"03100202_33000000_UNNAMED_STREAM",2200,603814,"UNNAMED STREAM","03100202","33000000","STREAM","tbcmp_AM_LA_IntHigh_2050","AM","LA","IntHigh","2050",596.822754092536
"03100202_33000000_UNNAMED_STREAM",3200,1181391,"UNNAMED STREAM","03100202","33000000","STREAM","tbcmp_AM_LA_IntHigh_2050","AM","LA","IntHigh","2050",1167.71229265988
"03100202_33000000_UNNAMED_STREAM",4100,77295,"UNNAMED STREAM","03100202","33000000","STREAM","tbcmp_AM_LA_IntHigh_2050","AM","LA","IntHigh","2050",76.40004169758
"03100202_33000000_UNNAMED_STREAM",4400,72999,"UNNAMED STREAM","03100202","33000000","STREAM","tbcmp_AM_LA_IntHigh_2050","AM","LA","IntHigh","2050",72.153782830476
"03100202_33000000_UNNAMED_STREAM",5200,19870,"UNNAMED STREAM","03100202","33000000","STREAM","tbcmp_AM_LA_IntHigh_2050","AM","LA","IntHigh","2050",19.63993568188
"03100202_33000000_UNNAMED_STREAM",6110,110128,"UNNAMED STREAM","03100202","33000000","STREAM","tbcmp_AM_LA_IntHigh_2050","AM","LA","IntHigh","2050",108.852885595072
"03100202_33000000_UNNAMED_STREAM",6410,85756,"UNNAMED STREAM","03100202","33000000","STREAM","tbcmp_AM_LA_IntHigh_2050","AM","LA","IntHigh","2050",84.763076212144
"03100202_40000000_WEBB_BRANCH",1200,86318,"WEBB BRANCH","03100202","40000000","DRAIN","tbcmp_AM_LA_IntHigh_2050","AM","LA","IntHigh","2050",85.318569108632
"03100202_40000000_WEBB_BRANCH",1900,23261,"WEBB BRANCH","03100202","40000000","DRAIN","tbcmp_AM_LA_IntHigh_2050","AM","LA","IntHigh","2050",22.991673069764
"03100202_40000000_WEBB_BRANCH",2100,591117,"WEBB BRANCH","03100202","40000000","DRAIN","tbcmp_AM_LA_IntHigh_2050","AM","LA","IntHigh","2050",584.272766002308
"03100202_40000000_WEBB_BRANCH",3200,728446,"WEBB BRANCH","03100202","40000000","DRAIN","tbcmp_AM_LA_IntHigh_2050","AM","LA","IntHigh","2050",720.011705471704
"03100202_40000000_WEBB_BRANCH",4100,597144,"WEBB BRANCH","03100202","40000000","DRAIN","tbcmp_AM_LA_IntHigh_2050","AM","LA","IntHigh","2050",590.229982527456
"03100202_40000000_WEBB_BRANCH",5200,1705,"WEBB BRANCH","03100202","40000000","DRAIN","tbcmp_AM_LA_IntHigh_2050","AM","LA","IntHigh","2050",1.68525869842
"03100202_40000000_WEBB_BRANCH",6110,546498,"WEBB BRANCH","03100202","40000000","DRAIN","tbcmp_AM_LA_IntHigh_2050","AM","LA","IntHigh","2050",540.170386022952
"03100202_40000000_WEBB_BRANCH",6410,142870,"WEBB BRANCH","03100202","40000000","DRAIN","tbcmp_AM_LA_IntHigh_2050","AM","LA","IntHigh","2050",141.21578313388
"03100202_45000000_LITTLE_FT_CRAWFORD_CR",1900,99893,"LITTLE FT CRAWFORD CR","03100202","45000000","STREAM","tbcmp_AM_LA_IntHigh_2050","AM","LA","IntHigh","2050",98.736391296932
"03100202_45000000_LITTLE_FT_CRAWFORD_CR",2100,628692,"LITTLE FT CRAWFORD CR","03100202","45000000","STREAM","tbcmp_AM_LA_IntHigh_2050","AM","LA","IntHigh","2050",621.412704766608
"03100202_45000000_LITTLE_FT_CRAWFORD_CR",3200,236543,"LITTLE FT CRAWFORD CR","03100202","45000000","STREAM","tbcmp_AM_LA_IntHigh_2050","AM","LA","IntHigh","2050",233.804192551532
"03100202_45000000_LITTLE_FT_CRAWFORD_CR",4100,254220,"LITTLE FT CRAWFORD CR","03100202","45000000","STREAM","tbcmp_AM_LA_IntHigh_2050","AM","LA","IntHigh","2050",251.27651983128
"03100202_45000000_LITTLE_FT_CRAWFORD_CR",5200,3860,"LITTLE FT CRAWFORD CR","03100202","45000000","STREAM","tbcmp_AM_LA_IntHigh_2050","AM","LA","IntHigh","2050",3.81530708264
"03100202_45000000_LITTLE_FT_CRAWFORD_CR",6110,155539,"LITTLE FT CRAWFORD CR","03100202","45000000","STREAM","tbcmp_AM_LA_IntHigh_2050","AM","LA","IntHigh","2050",153.738095421436
"03100202_45000000_LITTLE_FT_CRAWFORD_CR",6410,38685,"LITTLE FT CRAWFORD CR","03100202","45000000","STREAM","tbcmp_AM_LA_IntHigh_2050","AM","LA","IntHigh","2050",38.23708665594
"03100202_50000000_FORT_CRAWFORD_CREEK",1900,58186,"FORT CRAWFORD CREEK","03100202","50000000","STREAM","tbcmp_AM_LA_IntHigh_2050","AM","LA","IntHigh","2050",57.512294795464
"03100202_50000000_FORT_CRAWFORD_CREEK",2100,530764,"FORT CRAWFORD CREEK","03100202","50000000","STREAM","tbcmp_AM_LA_IntHigh_2050","AM","LA","IntHigh","2050",524.618561764336
"03100202_50000000_FORT_CRAWFORD_CREEK",3200,57559,"FORT CRAWFORD CREEK","03100202","50000000","STREAM","tbcmp_AM_LA_IntHigh_2050","AM","LA","IntHigh","2050",56.892554499916
"03100202_50000000_FORT_CRAWFORD_CREEK",4100,56474,"FORT CRAWFORD CREEK","03100202","50000000","STREAM","tbcmp_AM_LA_IntHigh_2050","AM","LA","IntHigh","2050",55.820117146376
"03100202_50000000_FORT_CRAWFORD_CREEK",5200,3276,"FORT CRAWFORD CREEK","03100202","50000000","STREAM","tbcmp_AM_LA_IntHigh_2050","AM","LA","IntHigh","2050",3.238068912624
"03100202_50000000_FORT_CRAWFORD_CREEK",6110,55427,"FORT CRAWFORD CREEK","03100202","50000000","STREAM","tbcmp_AM_LA_IntHigh_2050","AM","LA","IntHigh","2050",54.785239810748
"03100202_50000000_FORT_CRAWFORD_CREEK",6410,21942,"FORT CRAWFORD CREEK","03100202","50000000","STREAM","tbcmp_AM_LA_IntHigh_2050","AM","LA","IntHigh","2050",21.687945079608
"03100202_60000000_FISHER_BRANCH",1100,1014948,"FISHER BRANCH","03100202","60000000","STREAM","tbcmp_AM_LA_IntHigh_2050","AM","LA","IntHigh","2050",1003.19644894075
"03100202_60000000_FISHER_BRANCH",1200,4842,"FISHER BRANCH","03100202","60000000","STREAM","tbcmp_AM_LA_IntHigh_2050","AM","LA","IntHigh","2050",4.785937019208
"03100202_60000000_FISHER_BRANCH",1900,133043,"FISHER BRANCH","03100202","60000000","STREAM","tbcmp_AM_LA_IntHigh_2050","AM","LA","IntHigh","2050",131.502564817532
"03100202_60000000_FISHER_BRANCH",2100,1166248,"FISHER BRANCH","03100202","60000000","STREAM","tbcmp_AM_LA_IntHigh_2050","AM","LA","IntHigh","2050",1152.74462552195
"03100202_60000000_FISHER_BRANCH",2200,4185,"FISHER BRANCH","03100202","60000000","STREAM","tbcmp_AM_LA_IntHigh_2050","AM","LA","IntHigh","2050",4.13654407794
"03100202_60000000_FISHER_BRANCH",2400,21894,"FISHER BRANCH","03100202","60000000","STREAM","tbcmp_AM_LA_IntHigh_2050","AM","LA","IntHigh","2050",21.640500846456
"03100202_60000000_FISHER_BRANCH",3200,39526,"FISHER BRANCH","03100202","60000000","STREAM","tbcmp_AM_LA_IntHigh_2050","AM","LA","IntHigh","2050",39.068349157624
"03100202_60000000_FISHER_BRANCH",4100,182441,"FISHER BRANCH","03100202","60000000","STREAM","tbcmp_AM_LA_IntHigh_2050","AM","LA","IntHigh","2050",180.328611260084
"03100202_60000000_FISHER_BRANCH",5200,20356,"FISHER BRANCH","03100202","60000000","STREAM","tbcmp_AM_LA_IntHigh_2050","AM","LA","IntHigh","2050",20.120308542544
"03100202_60000000_FISHER_BRANCH",6110,200877,"FISHER BRANCH","03100202","60000000","STREAM","tbcmp_AM_LA_IntHigh_2050","AM","LA","IntHigh","2050",198.551150476548
"03100202_60000000_FISHER_BRANCH",6410,57943,"FISHER BRANCH","03100202","60000000","STREAM","tbcmp_AM_LA_IntHigh_2050","AM","LA","IntHigh","2050",57.272108365132
"03100202_62000000_CORBIT_BRANCH",1100,575587,"CORBIT BRANCH","03100202","62000000","STREAM","tbcmp_AM_LA_IntHigh_2050","AM","LA","IntHigh","2050",568.922579734588
"03100202_62000000_CORBIT_BRANCH",1200,62364,"CORBIT BRANCH","03100202","62000000","STREAM","tbcmp_AM_LA_IntHigh_2050","AM","LA","IntHigh","2050",61.641919922736
"03100202_62000000_CORBIT_BRANCH",1800,519,"CORBIT BRANCH","03100202","62000000","STREAM","tbcmp_AM_LA_IntHigh_2050","AM","LA","IntHigh","2050",0.512990770956
"03100202_62000000_CORBIT_BRANCH",1900,120891,"CORBIT BRANCH","03100202","62000000","STREAM","tbcmp_AM_LA_IntHigh_2050","AM","LA","IntHigh","2050",119.491266457884
"03100202_62000000_CORBIT_BRANCH",2100,868468,"CORBIT BRANCH","03100202","62000000","STREAM","tbcmp_AM_LA_IntHigh_2050","AM","LA","IntHigh","2050",858.412464105232
"03100202_62000000_CORBIT_BRANCH",2200,5803,"CORBIT BRANCH","03100202","62000000","STREAM","tbcmp_AM_LA_IntHigh_2050","AM","LA","IntHigh","2050",5.735810103772
"03100202_62000000_CORBIT_BRANCH",2400,23050,"CORBIT BRANCH","03100202","62000000","STREAM","tbcmp_AM_LA_IntHigh_2050","AM","LA","IntHigh","2050",22.7831161282
"03100202_62000000_CORBIT_BRANCH",3200,25360,"CORBIT BRANCH","03100202","62000000","STREAM","tbcmp_AM_LA_IntHigh_2050","AM","LA","IntHigh","2050",25.06636984864
"03100202_62000000_CORBIT_BRANCH",4100,525665,"CORBIT BRANCH","03100202","62000000","STREAM","tbcmp_AM_LA_IntHigh_2050","AM","LA","IntHigh","2050",519.57860041346
"03100202_62000000_CORBIT_BRANCH",5200,12097,"CORBIT BRANCH","03100202","62000000","STREAM","tbcmp_AM_LA_IntHigh_2050","AM","LA","IntHigh","2050",11.956935175828
"03100202_62000000_CORBIT_BRANCH",6110,36030,"CORBIT BRANCH","03100202","62000000","STREAM","tbcmp_AM_LA_IntHigh_2050","AM","LA","IntHigh","2050",35.61282750972
"03100202_62000000_CORBIT_BRANCH",6410,78349,"CORBIT BRANCH","03100202","62000000","STREAM","tbcmp_AM_LA_IntHigh_2050","AM","LA","IntHigh","2050",77.441837983876
"03100202_64000000_CRAIG_BRANCH",1100,12152,"CRAIG BRANCH","03100202","64000000","STREAM","tbcmp_AM_LA_IntHigh_2050","AM","LA","IntHigh","2050",12.011298359648
"03100202_64000000_CRAIG_BRANCH",1200,225,"CRAIG BRANCH","03100202","64000000","STREAM","tbcmp_AM_LA_IntHigh_2050","AM","LA","IntHigh","2050",0.2223948429
"03100202_64000000_CRAIG_BRANCH",1900,11975,"CRAIG BRANCH","03100202","64000000","STREAM","tbcmp_AM_LA_IntHigh_2050","AM","LA","IntHigh","2050",11.8363477499
"03100202_64000000_CRAIG_BRANCH",2100,332151,"CRAIG BRANCH","03100202","64000000","STREAM","tbcmp_AM_LA_IntHigh_2050","AM","LA","IntHigh","2050",328.305197618124
"03100202_64000000_CRAIG_BRANCH",2200,19859,"CRAIG BRANCH","03100202","64000000","STREAM","tbcmp_AM_LA_IntHigh_2050","AM","LA","IntHigh","2050",19.629063045116
"03100202_64000000_CRAIG_BRANCH",3200,272833,"CRAIG BRANCH","03100202","64000000","STREAM","tbcmp_AM_LA_IntHigh_2050","AM","LA","IntHigh","2050",269.674009657492
"03100202_64000000_CRAIG_BRANCH",4100,24225,"CRAIG BRANCH","03100202","64000000","STREAM","tbcmp_AM_LA_IntHigh_2050","AM","LA","IntHigh","2050",23.9445114189
"03100202_64000000_CRAIG_BRANCH",6110,3080,"CRAIG BRANCH","03100202","64000000","STREAM","tbcmp_AM_LA_IntHigh_2050","AM","LA","IntHigh","2050",3.04433829392
"03100202_64000000_CRAIG_BRANCH",6410,42586,"CRAIG BRANCH","03100202","64000000","STREAM","tbcmp_AM_LA_IntHigh_2050","AM","LA","IntHigh","2050",42.092919021064
"03100202_65500000_UNNAMED_STREAM",1900,55196,"UNNAMED STREAM","03100202","65500000","STREAM","tbcmp_AM_LA_IntHigh_2050","AM","LA","IntHigh","2050",54.556914438704
"03100202_65500000_UNNAMED_STREAM",2100,533213,"UNNAMED STREAM","03100202","65500000","STREAM","tbcmp_AM_LA_IntHigh_2050","AM","LA","IntHigh","2050",527.039206076612
"03100202_65500000_UNNAMED_STREAM",3200,768547,"UNNAMED STREAM","03100202","65500000","STREAM","tbcmp_AM_LA_IntHigh_2050","AM","LA","IntHigh","2050",759.648397005628
"03100202_65500000_UNNAMED_STREAM",4100,28061,"UNNAMED STREAM","03100202","65500000","STREAM","tbcmp_AM_LA_IntHigh_2050","AM","LA","IntHigh","2050",27.736096384964
"03100202_65500000_UNNAMED_STREAM",5200,750,"UNNAMED STREAM","03100202","65500000","STREAM","tbcmp_AM_LA_IntHigh_2050","AM","LA","IntHigh","2050",0.741316143
"03100202_65500000_UNNAMED_STREAM",6110,59788,"UNNAMED STREAM","03100202","65500000","STREAM","tbcmp_AM_LA_IntHigh_2050","AM","LA","IntHigh","2050",59.095746076912
"03100202_65500000_UNNAMED_STREAM",6410,140538,"UNNAMED STREAM","03100202","65500000","STREAM","tbcmp_AM_LA_IntHigh_2050","AM","LA","IntHigh","2050",138.910784139912
"03100202_65600000_UNNAMED_STREAM",1200,6451,"UNNAMED STREAM","03100202","65600000","STREAM","tbcmp_AM_LA_IntHigh_2050","AM","LA","IntHigh","2050",6.376307251324
"03100202_65600000_UNNAMED_STREAM",1900,221154,"UNNAMED STREAM","03100202","65600000","STREAM","tbcmp_AM_LA_IntHigh_2050","AM","LA","IntHigh","2050",218.593373718696
"03100202_65600000_UNNAMED_STREAM",2100,3689156,"UNNAMED STREAM","03100202","65600000","STREAM","tbcmp_AM_LA_IntHigh_2050","AM","LA","IntHigh","2050",3646.44119579374
"03100202_65600000_UNNAMED_STREAM",2200,29488,"UNNAMED STREAM","03100202","65600000","STREAM","tbcmp_AM_LA_IntHigh_2050","AM","LA","IntHigh","2050",29.146573899712
"03100202_65600000_UNNAMED_STREAM",3200,679030,"UNNAMED STREAM","03100202","65600000","STREAM","tbcmp_AM_LA_IntHigh_2050","AM","LA","IntHigh","2050",671.16786744172
"03100202_65600000_UNNAMED_STREAM",4100,88193,"UNNAMED STREAM","03100202","65600000","STREAM","tbcmp_AM_LA_IntHigh_2050","AM","LA","IntHigh","2050",87.171859466132
"03100202_65600000_UNNAMED_STREAM",5200,4135,"UNNAMED STREAM","03100202","65600000","STREAM","tbcmp_AM_LA_IntHigh_2050","AM","LA","IntHigh","2050",4.08712300174
"03100202_65600000_UNNAMED_STREAM",6110,243530,"UNNAMED STREAM","03100202","65600000","STREAM","tbcmp_AM_LA_IntHigh_2050","AM","LA","IntHigh","2050",240.71029373972
"03100202_65600000_UNNAMED_STREAM",6410,167268,"UNNAMED STREAM","03100202","65600000","STREAM","tbcmp_AM_LA_IntHigh_2050","AM","LA","IntHigh","2050",165.331291476432
"03100202_65990000_GILLY_CREEK",1100,11962,"GILLY CREEK","03100202","65990000","STREAM","tbcmp_AM_LA_IntHigh_2050","AM","LA","IntHigh","2050",11.823498270088
"03100202_65990000_GILLY_CREEK",1200,52781,"GILLY CREEK","03100202","65990000","STREAM","tbcmp_AM_LA_IntHigh_2050","AM","LA","IntHigh","2050",52.169876458244
"03100202_65990000_GILLY_CREEK",1900,921930,"GILLY CREEK","03100202","65990000","STREAM","tbcmp_AM_LA_IntHigh_2050","AM","LA","IntHigh","2050",911.25545562132
"03100202_65990000_GILLY_CREEK",2100,3107192,"GILLY CREEK","03100202","65990000","STREAM","tbcmp_AM_LA_IntHigh_2050","AM","LA","IntHigh","2050",3071.21545200061
"03100202_65990000_GILLY_CREEK",2200,262539,"GILLY CREEK","03100202","65990000","STREAM","tbcmp_AM_LA_IntHigh_2050","AM","LA","IntHigh","2050",259.499198489436
"03100202_65990000_GILLY_CREEK",3200,2908879,"GILLY CREEK","03100202","65990000","STREAM","tbcmp_AM_LA_IntHigh_2050","AM","LA","IntHigh","2050",2875.1986143116
"03100202_65990000_GILLY_CREEK",4100,507129,"GILLY CREEK","03100202","65990000","STREAM","tbcmp_AM_LA_IntHigh_2050","AM","LA","IntHigh","2050",501.257219044596
"03100202_65990000_GILLY_CREEK",5200,63232,"GILLY CREEK","03100202","65990000","STREAM","tbcmp_AM_LA_IntHigh_2050","AM","LA","IntHigh","2050",62.499869805568
"03100202_65990000_GILLY_CREEK",6110,488259,"GILLY CREEK","03100202","65990000","STREAM","tbcmp_AM_LA_IntHigh_2050","AM","LA","IntHigh","2050",482.605704886716
"03100202_65990000_GILLY_CREEK",6410,413205,"GILLY CREEK","03100202","65990000","STREAM","tbcmp_AM_LA_IntHigh_2050","AM","LA","IntHigh","2050",408.42071582442
"03100202_68000000_POLEY_BRANCH",1100,57625,"POLEY BRANCH","03100202","68000000","STREAM","tbcmp_AM_LA_IntHigh_2050","AM","LA","IntHigh","2050",56.9577903205
"03100202_68000000_POLEY_BRANCH",1200,1336,"POLEY BRANCH","03100202","68000000","STREAM","tbcmp_AM_LA_IntHigh_2050","AM","LA","IntHigh","2050",1.320531156064
"03100202_68000000_POLEY_BRANCH",1800,35824,"POLEY BRANCH","03100202","68000000","STREAM","tbcmp_AM_LA_IntHigh_2050","AM","LA","IntHigh","2050",35.409212675776
"03100202_68000000_POLEY_BRANCH",1900,324477,"POLEY BRANCH","03100202","68000000","STREAM","tbcmp_AM_LA_IntHigh_2050","AM","LA","IntHigh","2050",320.720050842948
"03100202_68000000_POLEY_BRANCH",2100,460309,"POLEY BRANCH","03100202","68000000","STREAM","tbcmp_AM_LA_IntHigh_2050","AM","LA","IntHigh","2050",454.979323290916
"03100202_68000000_POLEY_BRANCH",2400,49609,"POLEY BRANCH","03100202","68000000","STREAM","tbcmp_AM_LA_IntHigh_2050","AM","LA","IntHigh","2050",49.034603384116
"03100202_68000000_POLEY_BRANCH",3200,161733,"POLEY BRANCH","03100202","68000000","STREAM","tbcmp_AM_LA_IntHigh_2050","AM","LA","IntHigh","2050",159.860378341092
"03100202_68000000_POLEY_BRANCH",4100,127213,"POLEY BRANCH","03100202","68000000","STREAM","tbcmp_AM_LA_IntHigh_2050","AM","LA","IntHigh","2050",125.740067332612
"03100202_68000000_POLEY_BRANCH",5200,85954,"POLEY BRANCH","03100202","68000000","STREAM","tbcmp_AM_LA_IntHigh_2050","AM","LA","IntHigh","2050",84.958783673896
"03100202_68000000_POLEY_BRANCH",6110,29242,"POLEY BRANCH","03100202","68000000","STREAM","tbcmp_AM_LA_IntHigh_2050","AM","LA","IntHigh","2050",28.903422204808
"03100202_68000000_POLEY_BRANCH",6410,92524,"POLEY BRANCH","03100202","68000000","STREAM","tbcmp_AM_LA_IntHigh_2050","AM","LA","IntHigh","2050",91.452713086576
"03100202_69000000_BOGGY_CREEK",1100,16987,"BOGGY CREEK","03100202","69000000","STREAM","tbcmp_AM_LA_IntHigh_2050","AM","LA","IntHigh","2050",16.790316428188
"03100202_69000000_BOGGY_CREEK",1200,1190,"BOGGY CREEK","03100202","69000000","STREAM","tbcmp_AM_LA_IntHigh_2050","AM","LA","IntHigh","2050",1.17622161356
"03100202_69000000_BOGGY_CREEK",1900,163460,"BOGGY CREEK","03100202","69000000","STREAM","tbcmp_AM_LA_IntHigh_2050","AM","LA","IntHigh","2050",161.56738231304
"03100202_69000000_BOGGY_CREEK",2100,1546111,"BOGGY CREEK","03100202","69000000","STREAM","tbcmp_AM_LA_IntHigh_2050","AM","LA","IntHigh","2050",1528.20939089316
"03100202_69000000_BOGGY_CREEK",3200,469902,"BOGGY CREEK","03100202","69000000","STREAM","tbcmp_AM_LA_IntHigh_2050","AM","LA","IntHigh","2050",464.461250970648
"03100202_69000000_BOGGY_CREEK",4100,228047,"BOGGY CREEK","03100202","69000000","STREAM","tbcmp_AM_LA_IntHigh_2050","AM","LA","IntHigh","2050",225.406563283628
"03100202_69000000_BOGGY_CREEK",5200,39488,"BOGGY CREEK","03100202","69000000","STREAM","tbcmp_AM_LA_IntHigh_2050","AM","LA","IntHigh","2050",39.030789139712
"03100202_69000000_BOGGY_CREEK",6110,30028,"BOGGY CREEK","03100202","69000000","STREAM","tbcmp_AM_LA_IntHigh_2050","AM","LA","IntHigh","2050",29.680321522672
"03100202_69000000_BOGGY_CREEK",6410,222684,"BOGGY CREEK","03100202","69000000","STREAM","tbcmp_AM_LA_IntHigh_2050","AM","LA","IntHigh","2050",220.105658650416
"03100202_71000000_SAND_BRANCH",1100,82903,"SAND BRANCH","03100202","71000000","STREAM","tbcmp_AM_LA_IntHigh_2050","AM","LA","IntHigh","2050",81.943109604172
"03100202_71000000_SAND_BRANCH",1200,75965,"SAND BRANCH","03100202","71000000","STREAM","tbcmp_AM_LA_IntHigh_2050","AM","LA","IntHigh","2050",75.08544107066
"03100202_71000000_SAND_BRANCH",1900,274948,"SAND BRANCH","03100202","71000000","STREAM","tbcmp_AM_LA_IntHigh_2050","AM","LA","IntHigh","2050",271.764521180752
"03100202_71000000_SAND_BRANCH",2100,183459,"SAND BRANCH","03100202","71000000","STREAM","tbcmp_AM_LA_IntHigh_2050","AM","LA","IntHigh","2050",181.334824371516
"03100202_71000000_SAND_BRANCH",2400,3086,"SAND BRANCH","03100202","71000000","STREAM","tbcmp_AM_LA_IntHigh_2050","AM","LA","IntHigh","2050",3.050268823064
"03100202_71000000_SAND_BRANCH",3200,81895,"SAND BRANCH","03100202","71000000","STREAM","tbcmp_AM_LA_IntHigh_2050","AM","LA","IntHigh","2050",80.94678070798
"03100202_71000000_SAND_BRANCH",4100,53922,"SAND BRANCH","03100202","71000000","STREAM","tbcmp_AM_LA_IntHigh_2050","AM","LA","IntHigh","2050",53.297665417128
"03100202_71000000_SAND_BRANCH",5200,29658,"SAND BRANCH","03100202","71000000","STREAM","tbcmp_AM_LA_IntHigh_2050","AM","LA","IntHigh","2050",29.314605558792
"03100202_71000000_SAND_BRANCH",5400,26,"SAND BRANCH","03100202","71000000","STREAM","tbcmp_AM_LA_IntHigh_2050","AM","LA","IntHigh","2050",0.025698959624
"03100202_71000000_SAND_BRANCH",6110,24030,"SAND BRANCH","03100202","71000000","STREAM","tbcmp_AM_LA_IntHigh_2050","AM","LA","IntHigh","2050",23.75176922172
"03100202_71000000_SAND_BRANCH",6410,65558,"SAND BRANCH","03100202","71000000","STREAM","tbcmp_AM_LA_IntHigh_2050","AM","LA","IntHigh","2050",64.798938270392
"03100202_71000000_SAND_BRANCH",6420,7,"SAND BRANCH","03100202","71000000","STREAM","tbcmp_AM_LA_IntHigh_2050","AM","LA","IntHigh","2050",0.006918950668
"03100202_71000000_SAND_BRANCH",6425,1,"SAND BRANCH","03100202","71000000","STREAM","tbcmp_AM_LA_IntHigh_2050","AM","LA","IntHigh","2050",0.000988421524
"03100202_71000000_SAND_BRANCH",6600,18,"SAND BRANCH","03100202","71000000","STREAM","tbcmp_AM_LA_IntHigh_2050","AM","LA","IntHigh","2050",0.017791587432
"03100202_73000000_RYE_BRANCH",1100,20226,"RYE BRANCH","03100202","73000000","STREAM","tbcmp_AM_LA_IntHigh_2050","AM","LA","IntHigh","2050",19.991813744424
"03100202_73000000_RYE_BRANCH",1900,204655,"RYE BRANCH","03100202","73000000","STREAM","tbcmp_AM_LA_IntHigh_2050","AM","LA","IntHigh","2050",202.28540699422
"03100202_73000000_RYE_BRANCH",2100,1514324,"RYE BRANCH","03100202","73000000","STREAM","tbcmp_AM_LA_IntHigh_2050","AM","LA","IntHigh","2050",1496.79043590978
"03100202_73000000_RYE_BRANCH",3200,80070,"RYE BRANCH","03100202","73000000","STREAM","tbcmp_AM_LA_IntHigh_2050","AM","LA","IntHigh","2050",79.14291142668
"03100202_73000000_RYE_BRANCH",4100,182568,"RYE BRANCH","03100202","73000000","STREAM","tbcmp_AM_LA_IntHigh_2050","AM","LA","IntHigh","2050",180.454140793632
"03100202_73000000_RYE_BRANCH",5200,8496,"RYE BRANCH","03100202","73000000","STREAM","tbcmp_AM_LA_IntHigh_2050","AM","LA","IntHigh","2050",8.397629267904
"03100202_73000000_RYE_BRANCH",6110,69351,"RYE BRANCH","03100202","73000000","STREAM","tbcmp_AM_LA_IntHigh_2050","AM","LA","IntHigh","2050",68.548021110924
"03100202_73000000_RYE_BRANCH",6410,97361,"RYE BRANCH","03100202","73000000","STREAM","tbcmp_AM_LA_IntHigh_2050","AM","LA","IntHigh","2050",96.233707998164
"03100202_73000000_RYE_BRANCH",6420,39,"RYE BRANCH","03100202","73000000","STREAM","tbcmp_AM_LA_IntHigh_2050","AM","LA","IntHigh","2050",0.038548439436
"03100202_73000000_RYE_BRANCH",6425,46,"RYE BRANCH","03100202","73000000","STREAM","tbcmp_AM_LA_IntHigh_2050","AM","LA","IntHigh","2050",0.045467390104
"03100202_73000000_RYE_BRANCH",6510,11,"RYE BRANCH","03100202","73000000","STREAM","tbcmp_AM_LA_IntHigh_2050","AM","LA","IntHigh","2050",0.010872636764
"03100202_73000000_RYE_BRANCH",6600,129,"RYE BRANCH","03100202","73000000","STREAM","tbcmp_AM_LA_IntHigh_2050","AM","LA","IntHigh","2050",0.127506376596
"03100202_73000000_RYE_BRANCH",9113,2,"RYE BRANCH","03100202","73000000","STREAM","tbcmp_AM_LA_IntHigh_2050","AM","LA","IntHigh","2050",0.001976843048
"03100202_76000000_GODDARD_CREEK",1100,5539,"GODDARD CREEK","03100202","76000000","STREAM","tbcmp_AM_LA_IntHigh_2050","AM","LA","IntHigh","2050",5.474866821436
"03100202_76000000_GODDARD_CREEK",1200,73326,"GODDARD CREEK","03100202","76000000","STREAM","tbcmp_AM_LA_IntHigh_2050","AM","LA","IntHigh","2050",72.476996668824
"03100202_76000000_GODDARD_CREEK",1900,44092,"GODDARD CREEK","03100202","76000000","STREAM","tbcmp_AM_LA_IntHigh_2050","AM","LA","IntHigh","2050",43.581481836208
"03100202_76000000_GODDARD_CREEK",2100,337423,"GODDARD CREEK","03100202","76000000","STREAM","tbcmp_AM_LA_IntHigh_2050","AM","LA","IntHigh","2050",333.516155892652
"03100202_76000000_GODDARD_CREEK",2200,16,"GODDARD CREEK","03100202","76000000","STREAM","tbcmp_AM_LA_IntHigh_2050","AM","LA","IntHigh","2050",0.015814744384
"03100202_76000000_GODDARD_CREEK",3200,173407,"GODDARD CREEK","03100202","76000000","STREAM","tbcmp_AM_LA_IntHigh_2050","AM","LA","IntHigh","2050",171.399211212268
"03100202_76000000_GODDARD_CREEK",4100,37630,"GODDARD CREEK","03100202","76000000","STREAM","tbcmp_AM_LA_IntHigh_2050","AM","LA","IntHigh","2050",37.19430194812
"03100202_76000000_GODDARD_CREEK",5200,16395,"GODDARD CREEK","03100202","76000000","STREAM","tbcmp_AM_LA_IntHigh_2050","AM","LA","IntHigh","2050",16.20517088598
"03100202_76000000_GODDARD_CREEK",5400,121,"GODDARD CREEK","03100202","76000000","STREAM","tbcmp_AM_LA_IntHigh_2050","AM","LA","IntHigh","2050",0.119599004404
"03100202_76000000_GODDARD_CREEK",6110,64155,"GODDARD CREEK","03100202","76000000","STREAM","tbcmp_AM_LA_IntHigh_2050","AM","LA","IntHigh","2050",63.41218287222
"03100202_76000000_GODDARD_CREEK",6410,11317,"GODDARD CREEK","03100202","76000000","STREAM","tbcmp_AM_LA_IntHigh_2050","AM","LA","IntHigh","2050",11.185966387108
"03100202_79000000_MILL_CREEK",1100,855363,"MILL CREEK","03100202","79000000","STREAM","tbcmp_AM_LA_IntHigh_2050","AM","LA","IntHigh","2050",845.459200033212
"03100202_79000000_MILL_CREEK",1200,3318658,"MILL CREEK","03100202","79000000","STREAM","tbcmp_AM_LA_IntHigh_2050","AM","LA","IntHigh","2050",3280.23299799479
"03100202_79000000_MILL_CREEK",1800,366360,"MILL CREEK","03100202","79000000","STREAM","tbcmp_AM_LA_IntHigh_2050","AM","LA","IntHigh","2050",362.11810953264
"03100202_79000000_MILL_CREEK",1900,1254677,"MILL CREEK","03100202","79000000","STREAM","tbcmp_AM_LA_IntHigh_2050","AM","LA","IntHigh","2050",1240.14975246775
"03100202_79000000_MILL_CREEK",2100,521023,"MILL CREEK","03100202","79000000","STREAM","tbcmp_AM_LA_IntHigh_2050","AM","LA","IntHigh","2050",514.990347699052
"03100202_79000000_MILL_CREEK",2200,7462,"MILL CREEK","03100202","79000000","STREAM","tbcmp_AM_LA_IntHigh_2050","AM","LA","IntHigh","2050",7.375601412088
"03100202_79000000_MILL_CREEK",2400,48560,"MILL CREEK","03100202","79000000","STREAM","tbcmp_AM_LA_IntHigh_2050","AM","LA","IntHigh","2050",47.99774920544
"03100202_79000000_MILL_CREEK",3200,58072,"MILL CREEK","03100202","79000000","STREAM","tbcmp_AM_LA_IntHigh_2050","AM","LA","IntHigh","2050",57.399614741728
"03100202_79000000_MILL_CREEK",4100,179363,"MILL CREEK","03100202","79000000","STREAM","tbcmp_AM_LA_IntHigh_2050","AM","LA","IntHigh","2050",177.286249809212
"03100202_79000000_MILL_CREEK",5200,791765,"MILL CREEK","03100202","79000000","STREAM","tbcmp_AM_LA_IntHigh_2050","AM","LA","IntHigh","2050",782.59756794986
"03100202_79000000_MILL_CREEK",5400,23120,"MILL CREEK","03100202","79000000","STREAM","tbcmp_AM_LA_IntHigh_2050","AM","LA","IntHigh","2050",22.85230563488
"03100202_79000000_MILL_CREEK",6110,795083,"MILL CREEK","03100202","79000000","STREAM","tbcmp_AM_LA_IntHigh_2050","AM","LA","IntHigh","2050",785.877150566492
"03100202_79000000_MILL_CREEK",6120,920,"MILL CREEK","03100202","79000000","STREAM","tbcmp_AM_LA_IntHigh_2050","AM","LA","IntHigh","2050",0.90934780208
"03100202_79000000_MILL_CREEK",6410,313272,"MILL CREEK","03100202","79000000","STREAM","tbcmp_AM_LA_IntHigh_2050","AM","LA","IntHigh","2050",309.644787666528
"03100202_79000000_MILL_CREEK",6420,10219,"MILL CREEK","03100202","79000000","STREAM","tbcmp_AM_LA_IntHigh_2050","AM","LA","IntHigh","2050",10.100679553756
"03100202_79000000_MILL_CREEK",6425,10251,"MILL CREEK","03100202","79000000","STREAM","tbcmp_AM_LA_IntHigh_2050","AM","LA","IntHigh","2050",10.132309042524
"03100202_79000000_MILL_CREEK",6510,2925,"MILL CREEK","03100202","79000000","STREAM","tbcmp_AM_LA_IntHigh_2050","AM","LA","IntHigh","2050",2.8911329577
"03100202_79000000_MILL_CREEK",6600,13605,"MILL CREEK","03100202","79000000","STREAM","tbcmp_AM_LA_IntHigh_2050","AM","LA","IntHigh","2050",13.44747483402
"03100202_79000000_MILL_CREEK",9113,3317,"MILL CREEK","03100202","79000000","STREAM","tbcmp_AM_LA_IntHigh_2050","AM","LA","IntHigh","2050",3.278594195108
"03100202_80200000_UNNAMED_STREAM",1100,2759,"UNNAMED STREAM","03100202","80200000","STREAM","tbcmp_AM_LA_IntHigh_2050","AM","LA","IntHigh","2050",2.727054984716
"03100202_80200000_UNNAMED_STREAM",1200,109631,"UNNAMED STREAM","03100202","80200000","STREAM","tbcmp_AM_LA_IntHigh_2050","AM","LA","IntHigh","2050",108.361640097644
"03100202_80200000_UNNAMED_STREAM",1900,137634,"UNNAMED STREAM","03100202","80200000","STREAM","tbcmp_AM_LA_IntHigh_2050","AM","LA","IntHigh","2050",136.040408034216
"03100202_80200000_UNNAMED_STREAM",2100,865837,"UNNAMED STREAM","03100202","80200000","STREAM","tbcmp_AM_LA_IntHigh_2050","AM","LA","IntHigh","2050",855.811927075588
"03100202_80200000_UNNAMED_STREAM",3200,55794,"UNNAMED STREAM","03100202","80200000","STREAM","tbcmp_AM_LA_IntHigh_2050","AM","LA","IntHigh","2050",55.147990510056
"03100202_80200000_UNNAMED_STREAM",4100,25054,"UNNAMED STREAM","03100202","80200000","STREAM","tbcmp_AM_LA_IntHigh_2050","AM","LA","IntHigh","2050",24.763912862296
"03100202_80200000_UNNAMED_STREAM",4400,71519,"UNNAMED STREAM","03100202","80200000","STREAM","tbcmp_AM_LA_IntHigh_2050","AM","LA","IntHigh","2050",70.690918974956
"03100202_80200000_UNNAMED_STREAM",5200,331534,"UNNAMED STREAM","03100202","80200000","STREAM","tbcmp_AM_LA_IntHigh_2050","AM","LA","IntHigh","2050",327.695341537816
"03100202_80200000_UNNAMED_STREAM",6110,167727,"UNNAMED STREAM","03100202","80200000","STREAM","tbcmp_AM_LA_IntHigh_2050","AM","LA","IntHigh","2050",165.784976955948
"03100202_80200000_UNNAMED_STREAM",6410,290546,"UNNAMED STREAM","03100202","80200000","STREAM","tbcmp_AM_LA_IntHigh_2050","AM","LA","IntHigh","2050",287.181920112104
"03100202_80240000_LANDING_FIELD_DRAIN",1200,372,"LANDING FIELD DRAIN","03100202","80240000","DRAIN","tbcmp_AM_LA_IntHigh_2050","AM","LA","IntHigh","2050",0.367692806928
"03100202_80240000_LANDING_FIELD_DRAIN",1900,254147,"LANDING FIELD DRAIN","03100202","80240000","DRAIN","tbcmp_AM_LA_IntHigh_2050","AM","LA","IntHigh","2050",251.204365060028
"03100202_80240000_LANDING_FIELD_DRAIN",2100,1104731,"LANDING FIELD DRAIN","03100202","80240000","DRAIN","tbcmp_AM_LA_IntHigh_2050","AM","LA","IntHigh","2050",1091.93989863004
"03100202_80240000_LANDING_FIELD_DRAIN",2200,6518,"LANDING FIELD DRAIN","03100202","80240000","DRAIN","tbcmp_AM_LA_IntHigh_2050","AM","LA","IntHigh","2050",6.442531493432
"03100202_80240000_LANDING_FIELD_DRAIN",3200,191505,"LANDING FIELD DRAIN","03100202","80240000","DRAIN","tbcmp_AM_LA_IntHigh_2050","AM","LA","IntHigh","2050",189.28766395362
"03100202_80240000_LANDING_FIELD_DRAIN",4100,19536,"LANDING FIELD DRAIN","03100202","80240000","DRAIN","tbcmp_AM_LA_IntHigh_2050","AM","LA","IntHigh","2050",19.309802892864
"03100202_80240000_LANDING_FIELD_DRAIN",5200,2531,"LANDING FIELD DRAIN","03100202","80240000","DRAIN","tbcmp_AM_LA_IntHigh_2050","AM","LA","IntHigh","2050",2.501694877244
"03100202_80240000_LANDING_FIELD_DRAIN",6110,247008,"LANDING FIELD DRAIN","03100202","80240000","DRAIN","tbcmp_AM_LA_IntHigh_2050","AM","LA","IntHigh","2050",244.148023800192
"03100202_80240000_LANDING_FIELD_DRAIN",6410,94261,"LANDING FIELD DRAIN","03100202","80240000","DRAIN","tbcmp_AM_LA_IntHigh_2050","AM","LA","IntHigh","2050",93.169601273764
"03100202_80300000_TYRE_CREEK",1100,5,"TYRE CREEK","03100202","80300000","STREAM","tbcmp_AM_LA_IntHigh_2050","AM","LA","IntHigh","2050",0.00494210762
"03100202_80300000_TYRE_CREEK",1200,1973,"TYRE CREEK","03100202","80300000","STREAM","tbcmp_AM_LA_IntHigh_2050","AM","LA","IntHigh","2050",1.950155666852
"03100202_80300000_TYRE_CREEK",1900,313005,"TYRE CREEK","03100202","80300000","STREAM","tbcmp_AM_LA_IntHigh_2050","AM","LA","IntHigh","2050",309.38087911962
"03100202_80300000_TYRE_CREEK",2100,3174654,"TYRE CREEK","03100202","80300000","STREAM","tbcmp_AM_LA_IntHigh_2050","AM","LA","IntHigh","2050",3137.8963448527
"03100202_80300000_TYRE_CREEK",2200,205706,"TYRE CREEK","03100202","80300000","STREAM","tbcmp_AM_LA_IntHigh_2050","AM","LA","IntHigh","2050",203.324238015944
"03100202_80300000_TYRE_CREEK",2400,9,"TYRE CREEK","03100202","80300000","STREAM","tbcmp_AM_LA_IntHigh_2050","AM","LA","IntHigh","2050",0.008895793716
"03100202_80300000_TYRE_CREEK",3200,373629,"TYRE CREEK","03100202","80300000","STREAM","tbcmp_AM_LA_IntHigh_2050","AM","LA","IntHigh","2050",369.302945590596
"03100202_80300000_TYRE_CREEK",4100,272929,"TYRE CREEK","03100202","80300000","STREAM","tbcmp_AM_LA_IntHigh_2050","AM","LA","IntHigh","2050",269.768898123796
"03100202_80300000_TYRE_CREEK",5200,6342,"TYRE CREEK","03100202","80300000","STREAM","tbcmp_AM_LA_IntHigh_2050","AM","LA","IntHigh","2050",6.268569305208
"03100202_80300000_TYRE_CREEK",6110,434539,"TYRE CREEK","03100202","80300000","STREAM","tbcmp_AM_LA_IntHigh_2050","AM","LA","IntHigh","2050",429.507700617436
"03100202_80300000_TYRE_CREEK",6410,244881,"TYRE CREEK","03100202","80300000","STREAM","tbcmp_AM_LA_IntHigh_2050","AM","LA","IntHigh","2050",242.045651218644
"03100202_80326000_HARVEY_PRONG",1200,1,"HARVEY PRONG","03100202","80326000","STREAM","tbcmp_AM_LA_IntHigh_2050","AM","LA","IntHigh","2050",0.000988421524
"03100202_80326000_HARVEY_PRONG",1900,72541,"HARVEY PRONG","03100202","80326000","STREAM","tbcmp_AM_LA_IntHigh_2050","AM","LA","IntHigh","2050",71.701085772484
"03100202_80326000_HARVEY_PRONG",2100,1285750,"HARVEY PRONG","03100202","80326000","STREAM","tbcmp_AM_LA_IntHigh_2050","AM","LA","IntHigh","2050",1270.862974483
"03100202_80326000_HARVEY_PRONG",2200,48760,"HARVEY PRONG","03100202","80326000","STREAM","tbcmp_AM_LA_IntHigh_2050","AM","LA","IntHigh","2050",48.19543351024
"03100202_80326000_HARVEY_PRONG",3200,161713,"HARVEY PRONG","03100202","80326000","STREAM","tbcmp_AM_LA_IntHigh_2050","AM","LA","IntHigh","2050",159.840609910612
"03100202_80326000_HARVEY_PRONG",4100,25362,"HARVEY PRONG","03100202","80326000","STREAM","tbcmp_AM_LA_IntHigh_2050","AM","LA","IntHigh","2050",25.068346691688
"03100202_80326000_HARVEY_PRONG",5200,2557,"HARVEY PRONG","03100202","80326000","STREAM","tbcmp_AM_LA_IntHigh_2050","AM","LA","IntHigh","2050",2.527393836868
"03100202_80326000_HARVEY_PRONG",6110,70632,"HARVEY PRONG","03100202","80326000","STREAM","tbcmp_AM_LA_IntHigh_2050","AM","LA","IntHigh","2050",69.814189083168
"03100202_80326000_HARVEY_PRONG",6410,143011,"HARVEY PRONG","03100202","80326000","STREAM","tbcmp_AM_LA_IntHigh_2050","AM","LA","IntHigh","2050",141.355150568764
"03100202_80500000_WATER_HOLE_CREEK",1100,158484,"WATER HOLE CREEK","03100202","80500000","STREAM","tbcmp_AM_LA_IntHigh_2050","AM","LA","IntHigh","2050",156.648996809616
"03100202_80500000_WATER_HOLE_CREEK",1200,28866,"WATER HOLE CREEK","03100202","80500000","STREAM","tbcmp_AM_LA_IntHigh_2050","AM","LA","IntHigh","2050",28.531775711784
"03100202_80500000_WATER_HOLE_CREEK",1900,339002,"WATER HOLE CREEK","03100202","80500000","STREAM","tbcmp_AM_LA_IntHigh_2050","AM","LA","IntHigh","2050",335.076873479048
"03100202_80500000_WATER_HOLE_CREEK",2100,1246655,"WATER HOLE CREEK","03100202","80500000","STREAM","tbcmp_AM_LA_IntHigh_2050","AM","LA","IntHigh","2050",1232.22063500222
"03100202_80500000_WATER_HOLE_CREEK",2200,181216,"WATER HOLE CREEK","03100202","80500000","STREAM","tbcmp_AM_LA_IntHigh_2050","AM","LA","IntHigh","2050",179.117794893184
"03100202_80500000_WATER_HOLE_CREEK",3200,80221,"WATER HOLE CREEK","03100202","80500000","STREAM","tbcmp_AM_LA_IntHigh_2050","AM","LA","IntHigh","2050",79.292163076804
"03100202_80500000_WATER_HOLE_CREEK",4100,56641,"WATER HOLE CREEK","03100202","80500000","STREAM","tbcmp_AM_LA_IntHigh_2050","AM","LA","IntHigh","2050",55.985183540884
"03100202_80500000_WATER_HOLE_CREEK",5200,15262,"WATER HOLE CREEK","03100202","80500000","STREAM","tbcmp_AM_LA_IntHigh_2050","AM","LA","IntHigh","2050",15.085289299288
"03100202_80500000_WATER_HOLE_CREEK",6110,119270,"WATER HOLE CREEK","03100202","80500000","STREAM","tbcmp_AM_LA_IntHigh_2050","AM","LA","IntHigh","2050",117.88903516748
"03100202_80500000_WATER_HOLE_CREEK",6410,84716,"WATER HOLE CREEK","03100202","80500000","STREAM","tbcmp_AM_LA_IntHigh_2050","AM","LA","IntHigh","2050",83.735117827184
"03100202_80606000_GAMBLE_CREEK_SINK",1100,740249,"GAMBLE CREEK SINK","03100202","80606000","NONCON","tbcmp_AM_LA_IntHigh_2050","AM","LA","IntHigh","2050",731.678044719476
"03100202_80606000_GAMBLE_CREEK_SINK",1200,885621,"GAMBLE CREEK SINK","03100202","80606000","NONCON","tbcmp_AM_LA_IntHigh_2050","AM","LA","IntHigh","2050",875.366858506404
"03100202_80606000_GAMBLE_CREEK_SINK",1800,1402,"GAMBLE CREEK SINK","03100202","80606000","NONCON","tbcmp_AM_LA_IntHigh_2050","AM","LA","IntHigh","2050",1.385766976648
"03100202_80606000_GAMBLE_CREEK_SINK",1900,1414024,"GAMBLE CREEK SINK","03100202","80606000","NONCON","tbcmp_AM_LA_IntHigh_2050","AM","LA","IntHigh","2050",1397.65175705258
"03100202_80606000_GAMBLE_CREEK_SINK",2100,3053499,"GAMBLE CREEK SINK","03100202","80606000","NONCON","tbcmp_AM_LA_IntHigh_2050","AM","LA","IntHigh","2050",3018.14413511248
"03100202_80606000_GAMBLE_CREEK_SINK",2200,33059,"GAMBLE CREEK SINK","03100202","80606000","NONCON","tbcmp_AM_LA_IntHigh_2050","AM","LA","IntHigh","2050",32.676227161916
"03100202_80606000_GAMBLE_CREEK_SINK",2400,20683,"GAMBLE CREEK SINK","03100202","80606000","NONCON","tbcmp_AM_LA_IntHigh_2050","AM","LA","IntHigh","2050",20.443522380892
"03100202_80606000_GAMBLE_CREEK_SINK",3200,448734,"GAMBLE CREEK SINK","03100202","80606000","NONCON","tbcmp_AM_LA_IntHigh_2050","AM","LA","IntHigh","2050",443.538344150616
"03100202_80606000_GAMBLE_CREEK_SINK",4100,853284,"GAMBLE CREEK SINK","03100202","80606000","NONCON","tbcmp_AM_LA_IntHigh_2050","AM","LA","IntHigh","2050",843.404271684816
"03100202_80606000_GAMBLE_CREEK_SINK",4400,158659,"GAMBLE CREEK SINK","03100202","80606000","NONCON","tbcmp_AM_LA_IntHigh_2050","AM","LA","IntHigh","2050",156.821970576316
"03100202_80606000_GAMBLE_CREEK_SINK",5200,249944,"GAMBLE CREEK SINK","03100202","80606000","NONCON","tbcmp_AM_LA_IntHigh_2050","AM","LA","IntHigh","2050",247.050029394656
"03100202_80606000_GAMBLE_CREEK_SINK",6110,1736427,"GAMBLE CREEK SINK","03100202","80606000","NONCON","tbcmp_AM_LA_IntHigh_2050","AM","LA","IntHigh","2050",1716.32182165475
"03100202_80606000_GAMBLE_CREEK_SINK",6410,1046273,"GAMBLE CREEK SINK","03100202","80606000","NONCON","tbcmp_AM_LA_IntHigh_2050","AM","LA","IntHigh","2050",1034.15875318005
"03100202_80700000_GAMBLE_SINK_OVERFLOW",1100,333152,"GAMBLE SINK OVERFLOW","03100202","80700000","NONCON","tbcmp_AM_LA_IntHigh_2050","AM","LA","IntHigh","2050",329.294607563648
"03100202_80700000_GAMBLE_SINK_OVERFLOW",1200,82378,"GAMBLE SINK OVERFLOW","03100202","80700000","NONCON","tbcmp_AM_LA_IntHigh_2050","AM","LA","IntHigh","2050",81.424188304072
"03100202_80700000_GAMBLE_SINK_OVERFLOW",1900,47968,"GAMBLE SINK OVERFLOW","03100202","80700000","NONCON","tbcmp_AM_LA_IntHigh_2050","AM","LA","IntHigh","2050",47.412603663232
"03100202_80700000_GAMBLE_SINK_OVERFLOW",2100,312928,"GAMBLE SINK OVERFLOW","03100202","80700000","NONCON","tbcmp_AM_LA_IntHigh_2050","AM","LA","IntHigh","2050",309.304770662272
"03100202_80700000_GAMBLE_SINK_OVERFLOW",2400,13921,"GAMBLE SINK OVERFLOW","03100202","80700000","NONCON","tbcmp_AM_LA_IntHigh_2050","AM","LA","IntHigh","2050",13.759816035604
"03100202_80700000_GAMBLE_SINK_OVERFLOW",3200,76245,"GAMBLE SINK OVERFLOW","03100202","80700000","NONCON","tbcmp_AM_LA_IntHigh_2050","AM","LA","IntHigh","2050",75.36219909738
"03100202_80700000_GAMBLE_SINK_OVERFLOW",4100,31870,"GAMBLE SINK OVERFLOW","03100202","80700000","NONCON","tbcmp_AM_LA_IntHigh_2050","AM","LA","IntHigh","2050",31.50099396988
"03100202_80700000_GAMBLE_SINK_OVERFLOW",5200,35421,"GAMBLE SINK OVERFLOW","03100202","80700000","NONCON","tbcmp_AM_LA_IntHigh_2050","AM","LA","IntHigh","2050",35.010878801604
"03100202_80700000_GAMBLE_SINK_OVERFLOW",6110,82027,"GAMBLE SINK OVERFLOW","03100202","80700000","NONCON","tbcmp_AM_LA_IntHigh_2050","AM","LA","IntHigh","2050",81.077252349148
"03100202_80700000_GAMBLE_SINK_OVERFLOW",6410,117522,"GAMBLE SINK OVERFLOW","03100202","80700000","NONCON","tbcmp_AM_LA_IntHigh_2050","AM","LA","IntHigh","2050",116.161274343528
"03100202_80990000_GAMBLE_CREEK",1100,1011535,"GAMBLE CREEK","03100202","80990000","STREAM","tbcmp_AM_LA_IntHigh_2050","AM","LA","IntHigh","2050",999.82296627934
"03100202_80990000_GAMBLE_CREEK",1200,1944332,"GAMBLE CREEK","03100202","80990000","STREAM","tbcmp_AM_LA_IntHigh_2050","AM","LA","IntHigh","2050",1921.81959860197
"03100202_80990000_GAMBLE_CREEK",1800,5219,"GAMBLE CREEK","03100202","80990000","STREAM","tbcmp_AM_LA_IntHigh_2050","AM","LA","IntHigh","2050",5.158571933756
"03100202_80990000_GAMBLE_CREEK",1820,41267,"GAMBLE CREEK","03100202","80990000","STREAM","tbcmp_AM_LA_IntHigh_2050","AM","LA","IntHigh","2050",40.789191030908
"03100202_80990000_GAMBLE_CREEK",1900,1143673,"GAMBLE CREEK","03100202","80990000","STREAM","tbcmp_AM_LA_IntHigh_2050","AM","LA","IntHigh","2050",1130.43100961765
"03100202_80990000_GAMBLE_CREEK",2100,4012873,"GAMBLE CREEK","03100202","80990000","STREAM","tbcmp_AM_LA_IntHigh_2050","AM","LA","IntHigh","2050",3966.41004627845
"03100202_80990000_GAMBLE_CREEK",2200,68254,"GAMBLE CREEK","03100202","80990000","STREAM","tbcmp_AM_LA_IntHigh_2050","AM","LA","IntHigh","2050",67.463722699096
"03100202_80990000_GAMBLE_CREEK",2400,254819,"GAMBLE CREEK","03100202","80990000","STREAM","tbcmp_AM_LA_IntHigh_2050","AM","LA","IntHigh","2050",251.868584324156
"03100202_80990000_GAMBLE_CREEK",3200,377674,"GAMBLE CREEK","03100202","80990000","STREAM","tbcmp_AM_LA_IntHigh_2050","AM","LA","IntHigh","2050",373.301110655176
"03100202_80990000_GAMBLE_CREEK",4100,608964,"GAMBLE CREEK","03100202","80990000","STREAM","tbcmp_AM_LA_IntHigh_2050","AM","LA","IntHigh","2050",601.913124941136
"03100202_80990000_GAMBLE_CREEK",5200,902789,"GAMBLE CREEK","03100202","80990000","STREAM","tbcmp_AM_LA_IntHigh_2050","AM","LA","IntHigh","2050",892.336079230436
"03100202_80990000_GAMBLE_CREEK",5400,102417,"GAMBLE CREEK","03100202","80990000","STREAM","tbcmp_AM_LA_IntHigh_2050","AM","LA","IntHigh","2050",101.231167223508
"03100202_80990000_GAMBLE_CREEK",6110,2049690,"GAMBLE CREEK","03100202","80990000","STREAM","tbcmp_AM_LA_IntHigh_2050","AM","LA","IntHigh","2050",2025.95771352756
"03100202_80990000_GAMBLE_CREEK",6120,17,"GAMBLE CREEK","03100202","80990000","STREAM","tbcmp_AM_LA_IntHigh_2050","AM","LA","IntHigh","2050",0.016803165908
"03100202_80990000_GAMBLE_CREEK",6410,483924,"GAMBLE CREEK","03100202","80990000","STREAM","tbcmp_AM_LA_IntHigh_2050","AM","LA","IntHigh","2050",478.320897580176
"03100202_80990000_GAMBLE_CREEK",6420,106808,"GAMBLE CREEK","03100202","80990000","STREAM","tbcmp_AM_LA_IntHigh_2050","AM","LA","IntHigh","2050",105.571326135392
"03100202_80990000_GAMBLE_CREEK",6425,89784,"GAMBLE CREEK","03100202","80990000","STREAM","tbcmp_AM_LA_IntHigh_2050","AM","LA","IntHigh","2050",88.744438110816
"03100202_80990000_GAMBLE_CREEK",6510,21149,"GAMBLE CREEK","03100202","80990000","STREAM","tbcmp_AM_LA_IntHigh_2050","AM","LA","IntHigh","2050",20.904126811076
"03100202_80990000_GAMBLE_CREEK",6600,73798,"GAMBLE CREEK","03100202","80990000","STREAM","tbcmp_AM_LA_IntHigh_2050","AM","LA","IntHigh","2050",72.943531628152
"03100202_80990000_GAMBLE_CREEK",9113,16189,"GAMBLE CREEK","03100202","80990000","STREAM","tbcmp_AM_LA_IntHigh_2050","AM","LA","IntHigh","2050",16.001556052036
"03100202_81000000_GATES_CREEK",1100,190826,"GATES CREEK","03100202","81000000","STREAM","tbcmp_AM_LA_IntHigh_2050","AM","LA","IntHigh","2050",188.616525738824
"03100202_81000000_GATES_CREEK",1200,1316759,"GATES CREEK","03100202","81000000","STREAM","tbcmp_AM_LA_IntHigh_2050","AM","LA","IntHigh","2050",1301.51293752072
"03100202_81000000_GATES_CREEK",1800,28826,"GATES CREEK","03100202","81000000","STREAM","tbcmp_AM_LA_IntHigh_2050","AM","LA","IntHigh","2050",28.492238850824
"03100202_81000000_GATES_CREEK",1820,18456,"GATES CREEK","03100202","81000000","STREAM","tbcmp_AM_LA_IntHigh_2050","AM","LA","IntHigh","2050",18.242307646944
"03100202_81000000_GATES_CREEK",1900,64638,"GATES CREEK","03100202","81000000","STREAM","tbcmp_AM_LA_IntHigh_2050","AM","LA","IntHigh","2050",63.889590468312
"03100202_81000000_GATES_CREEK",2100,140415,"GATES CREEK","03100202","81000000","STREAM","tbcmp_AM_LA_IntHigh_2050","AM","LA","IntHigh","2050",138.78920829246
"03100202_81000000_GATES_CREEK",2400,37857,"GATES CREEK","03100202","81000000","STREAM","tbcmp_AM_LA_IntHigh_2050","AM","LA","IntHigh","2050",37.418673634068
"03100202_81000000_GATES_CREEK",3200,31004,"GATES CREEK","03100202","81000000","STREAM","tbcmp_AM_LA_IntHigh_2050","AM","LA","IntHigh","2050",30.645020930096
"03100202_81000000_GATES_CREEK",4100,68244,"GATES CREEK","03100202","81000000","STREAM","tbcmp_AM_LA_IntHigh_2050","AM","LA","IntHigh","2050",67.453838483856
"03100202_81000000_GATES_CREEK",5200,269796,"GATES CREEK","03100202","81000000","STREAM","tbcmp_AM_LA_IntHigh_2050","AM","LA","IntHigh","2050",266.672173489104
"03100202_81000000_GATES_CREEK",5400,3213,"GATES CREEK","03100202","81000000","STREAM","tbcmp_AM_LA_IntHigh_2050","AM","LA","IntHigh","2050",3.175798356612
"03100202_81000000_GATES_CREEK",6110,238904,"GATES CREEK","03100202","81000000","STREAM","tbcmp_AM_LA_IntHigh_2050","AM","LA","IntHigh","2050",236.137855769696
"03100202_81000000_GATES_CREEK",6120,40,"GATES CREEK","03100202","81000000","STREAM","tbcmp_AM_LA_IntHigh_2050","AM","LA","IntHigh","2050",0.03953686096
"03100202_81000000_GATES_CREEK",6410,190388,"GATES CREEK","03100202","81000000","STREAM","tbcmp_AM_LA_IntHigh_2050","AM","LA","IntHigh","2050",188.183597111312
"03100202_81000000_GATES_CREEK",6420,2525,"GATES CREEK","03100202","81000000","STREAM","tbcmp_AM_LA_IntHigh_2050","AM","LA","IntHigh","2050",2.4957643481
"03100202_81000000_GATES_CREEK",6425,7062,"GATES CREEK","03100202","81000000","STREAM","tbcmp_AM_LA_IntHigh_2050","AM","LA","IntHigh","2050",6.980232802488
"03100202_81000000_GATES_CREEK",6510,1295,"GATES CREEK","03100202","81000000","STREAM","tbcmp_AM_LA_IntHigh_2050","AM","LA","IntHigh","2050",1.28000587358
"03100202_81000000_GATES_CREEK",6600,2971,"GATES CREEK","03100202","81000000","STREAM","tbcmp_AM_LA_IntHigh_2050","AM","LA","IntHigh","2050",2.936600347804
"03100202_81000000_GATES_CREEK",9113,1056,"GATES CREEK","03100202","81000000","STREAM","tbcmp_AM_LA_IntHigh_2050","AM","LA","IntHigh","2050",1.043773129344
"03100202_84000000_CYPRESS_STRAND",1100,192155,"CYPRESS STRAND","03100202","84000000","DRAIN","tbcmp_AM_LA_IntHigh_2050","AM","LA","IntHigh","2050",189.93013794422
"03100202_84000000_CYPRESS_STRAND",1200,971773,"CYPRESS STRAND","03100202","84000000","DRAIN","tbcmp_AM_LA_IntHigh_2050","AM","LA","IntHigh","2050",960.521349642052
"03100202_84000000_CYPRESS_STRAND",1800,18300,"CYPRESS STRAND","03100202","84000000","DRAIN","tbcmp_AM_LA_IntHigh_2050","AM","LA","IntHigh","2050",18.0881138892
"03100202_84000000_CYPRESS_STRAND",1820,4478,"CYPRESS STRAND","03100202","84000000","DRAIN","tbcmp_AM_LA_IntHigh_2050","AM","LA","IntHigh","2050",4.426151584472
"03100202_84000000_CYPRESS_STRAND",1900,271473,"CYPRESS STRAND","03100202","84000000","DRAIN","tbcmp_AM_LA_IntHigh_2050","AM","LA","IntHigh","2050",268.329756384852
"03100202_84000000_CYPRESS_STRAND",2100,228533,"CYPRESS STRAND","03100202","84000000","DRAIN","tbcmp_AM_LA_IntHigh_2050","AM","LA","IntHigh","2050",225.886936144292
"03100202_84000000_CYPRESS_STRAND",3200,7683,"CYPRESS STRAND","03100202","84000000","DRAIN","tbcmp_AM_LA_IntHigh_2050","AM","LA","IntHigh","2050",7.594042568892
"03100202_84000000_CYPRESS_STRAND",4100,358323,"CYPRESS STRAND","03100202","84000000","DRAIN","tbcmp_AM_LA_IntHigh_2050","AM","LA","IntHigh","2050",354.174165744252
"03100202_84000000_CYPRESS_STRAND",5200,263447,"CYPRESS STRAND","03100202","84000000","DRAIN","tbcmp_AM_LA_IntHigh_2050","AM","LA","IntHigh","2050",260.396685233228
"03100202_84000000_CYPRESS_STRAND",5400,20033,"CYPRESS STRAND","03100202","84000000","DRAIN","tbcmp_AM_LA_IntHigh_2050","AM","LA","IntHigh","2050",19.801048390292
"03100202_84000000_CYPRESS_STRAND",6110,141975,"CYPRESS STRAND","03100202","84000000","DRAIN","tbcmp_AM_LA_IntHigh_2050","AM","LA","IntHigh","2050",140.3311458699
"03100202_84000000_CYPRESS_STRAND",6120,14,"CYPRESS STRAND","03100202","84000000","DRAIN","tbcmp_AM_LA_IntHigh_2050","AM","LA","IntHigh","2050",0.013837901336
"03100202_84000000_CYPRESS_STRAND",6410,133510,"CYPRESS STRAND","03100202","84000000","DRAIN","tbcmp_AM_LA_IntHigh_2050","AM","LA","IntHigh","2050",131.96415766924
"03100202_84000000_CYPRESS_STRAND",6420,19818,"CYPRESS STRAND","03100202","84000000","DRAIN","tbcmp_AM_LA_IntHigh_2050","AM","LA","IntHigh","2050",19.588537762632
"03100202_84000000_CYPRESS_STRAND",6425,10079,"CYPRESS STRAND","03100202","84000000","DRAIN","tbcmp_AM_LA_IntHigh_2050","AM","LA","IntHigh","2050",9.962300540396
"03100202_84000000_CYPRESS_STRAND",6510,934,"CYPRESS STRAND","03100202","84000000","DRAIN","tbcmp_AM_LA_IntHigh_2050","AM","LA","IntHigh","2050",0.923185703416
"03100202_84000000_CYPRESS_STRAND",6600,3006,"CYPRESS STRAND","03100202","84000000","DRAIN","tbcmp_AM_LA_IntHigh_2050","AM","LA","IntHigh","2050",2.971195101144
"03100202_84000000_CYPRESS_STRAND",9113,244,"CYPRESS STRAND","03100202","84000000","DRAIN","tbcmp_AM_LA_IntHigh_2050","AM","LA","IntHigh","2050",0.241174851856
"03100202_85000000_UNNAMED_DRAIN",1100,106720,"UNNAMED DRAIN","03100202","85000000","DRAIN","tbcmp_AM_LA_IntHigh_2050","AM","LA","IntHigh","2050",105.48434504128
"03100202_85000000_UNNAMED_DRAIN",1200,1173574,"UNNAMED DRAIN","03100202","85000000","DRAIN","tbcmp_AM_LA_IntHigh_2050","AM","LA","IntHigh","2050",1159.98580160678
"03100202_85000000_UNNAMED_DRAIN",1800,16788,"UNNAMED DRAIN","03100202","85000000","DRAIN","tbcmp_AM_LA_IntHigh_2050","AM","LA","IntHigh","2050",16.593620544912
"03100202_85000000_UNNAMED_DRAIN",1900,222559,"UNNAMED DRAIN","03100202","85000000","DRAIN","tbcmp_AM_LA_IntHigh_2050","AM","LA","IntHigh","2050",219.982105959916
"03100202_85000000_UNNAMED_DRAIN",2100,76293,"UNNAMED DRAIN","03100202","85000000","DRAIN","tbcmp_AM_LA_IntHigh_2050","AM","LA","IntHigh","2050",75.409643330532
"03100202_85000000_UNNAMED_DRAIN",2400,14529,"UNNAMED DRAIN","03100202","85000000","DRAIN","tbcmp_AM_LA_IntHigh_2050","AM","LA","IntHigh","2050",14.360776322196
"03100202_85000000_UNNAMED_DRAIN",3200,12101,"UNNAMED DRAIN","03100202","85000000","DRAIN","tbcmp_AM_LA_IntHigh_2050","AM","LA","IntHigh","2050",11.960888861924
"03100202_85000000_UNNAMED_DRAIN",4100,804,"UNNAMED DRAIN","03100202","85000000","DRAIN","tbcmp_AM_LA_IntHigh_2050","AM","LA","IntHigh","2050",0.794690905296
"03100202_85000000_UNNAMED_DRAIN",5200,137029,"UNNAMED DRAIN","03100202","85000000","DRAIN","tbcmp_AM_LA_IntHigh_2050","AM","LA","IntHigh","2050",135.442413012196
"03100202_85000000_UNNAMED_DRAIN",5400,3382,"UNNAMED DRAIN","03100202","85000000","DRAIN","tbcmp_AM_LA_IntHigh_2050","AM","LA","IntHigh","2050",3.342841594168
"03100202_85000000_UNNAMED_DRAIN",6110,230403,"UNNAMED DRAIN","03100202","85000000","DRAIN","tbcmp_AM_LA_IntHigh_2050","AM","LA","IntHigh","2050",227.735284394172
"03100202_85000000_UNNAMED_DRAIN",6410,121357,"UNNAMED DRAIN","03100202","85000000","DRAIN","tbcmp_AM_LA_IntHigh_2050","AM","LA","IntHigh","2050",119.951870888068
"03100202_85000000_UNNAMED_DRAIN",6420,2584,"UNNAMED DRAIN","03100202","85000000","DRAIN","tbcmp_AM_LA_IntHigh_2050","AM","LA","IntHigh","2050",2.554081218016
"03100202_85000000_UNNAMED_DRAIN",6425,1921,"UNNAMED DRAIN","03100202","85000000","DRAIN","tbcmp_AM_LA_IntHigh_2050","AM","LA","IntHigh","2050",1.898757747604
"03100202_85000000_UNNAMED_DRAIN",6510,255,"UNNAMED DRAIN","03100202","85000000","DRAIN","tbcmp_AM_LA_IntHigh_2050","AM","LA","IntHigh","2050",0.25204748862
"03100202_85000000_UNNAMED_DRAIN",6600,900,"UNNAMED DRAIN","03100202","85000000","DRAIN","tbcmp_AM_LA_IntHigh_2050","AM","LA","IntHigh","2050",0.8895793716
"03100202_85000000_UNNAMED_DRAIN",9113,21,"UNNAMED DRAIN","03100202","85000000","DRAIN","tbcmp_AM_LA_IntHigh_2050","AM","LA","IntHigh","2050",0.020756852004
"03100202_90300000_UNNAMED_DITCH",1100,701569,"UNNAMED DITCH","03100202","90300000","DITCH","tbcmp_AM_LA_IntHigh_2050","AM","LA","IntHigh","2050",693.445900171156
"03100202_90300000_UNNAMED_DITCH",1200,741774,"UNNAMED DITCH","03100202","90300000","DITCH","tbcmp_AM_LA_IntHigh_2050","AM","LA","IntHigh","2050",733.185387543576
"03100202_90300000_UNNAMED_DITCH",1800,73673,"UNNAMED DITCH","03100202","90300000","DITCH","tbcmp_AM_LA_IntHigh_2050","AM","LA","IntHigh","2050",72.819978937652
"03100202_90300000_UNNAMED_DITCH",1820,99155,"UNNAMED DITCH","03100202","90300000","DITCH","tbcmp_AM_LA_IntHigh_2050","AM","LA","IntHigh","2050",98.00693621222
"03100202_90300000_UNNAMED_DITCH",1900,208872,"UNNAMED DITCH","03100202","90300000","DITCH","tbcmp_AM_LA_IntHigh_2050","AM","LA","IntHigh","2050",206.453580560928
"03100202_90300000_UNNAMED_DITCH",2100,15142,"UNNAMED DITCH","03100202","90300000","DITCH","tbcmp_AM_LA_IntHigh_2050","AM","LA","IntHigh","2050",14.966678716408
"03100202_90300000_UNNAMED_DITCH",3200,122393,"UNNAMED DITCH","03100202","90300000","DITCH","tbcmp_AM_LA_IntHigh_2050","AM","LA","IntHigh","2050",120.975875586932
"03100202_90300000_UNNAMED_DITCH",4100,433577,"UNNAMED DITCH","03100202","90300000","DITCH","tbcmp_AM_LA_IntHigh_2050","AM","LA","IntHigh","2050",428.556839111348
"03100202_90300000_UNNAMED_DITCH",5200,305372,"UNNAMED DITCH","03100202","90300000","DITCH","tbcmp_AM_LA_IntHigh_2050","AM","LA","IntHigh","2050",301.836257626928
"03100202_90300000_UNNAMED_DITCH",6110,246234,"UNNAMED DITCH","03100202","90300000","DITCH","tbcmp_AM_LA_IntHigh_2050","AM","LA","IntHigh","2050",243.382985540616
"03100202_90300000_UNNAMED_DITCH",6410,280502,"UNNAMED DITCH","03100202","90300000","DITCH","tbcmp_AM_LA_IntHigh_2050","AM","LA","IntHigh","2050",277.254214325048
"03100202_90320000_UNNAMED_DRAIN",1100,26435,"UNNAMED DRAIN","03100202","90320000","DRAIN","tbcmp_AM_LA_IntHigh_2050","AM","LA","IntHigh","2050",26.12892298694
"03100202_90320000_UNNAMED_DRAIN",1200,336963,"UNNAMED DRAIN","03100202","90320000","DRAIN","tbcmp_AM_LA_IntHigh_2050","AM","LA","IntHigh","2050",333.061481991612
"03100202_90320000_UNNAMED_DRAIN",1800,170822,"UNNAMED DRAIN","03100202","90320000","DRAIN","tbcmp_AM_LA_IntHigh_2050","AM","LA","IntHigh","2050",168.844141572728
"03100202_90320000_UNNAMED_DRAIN",1900,355719,"UNNAMED DRAIN","03100202","90320000","DRAIN","tbcmp_AM_LA_IntHigh_2050","AM","LA","IntHigh","2050",351.600316095756
"03100202_90320000_UNNAMED_DRAIN",2100,1026400,"UNNAMED DRAIN","03100202","90320000","DRAIN","tbcmp_AM_LA_IntHigh_2050","AM","LA","IntHigh","2050",1014.5158522336
"03100202_90320000_UNNAMED_DRAIN",2400,24303,"UNNAMED DRAIN","03100202","90320000","DRAIN","tbcmp_AM_LA_IntHigh_2050","AM","LA","IntHigh","2050",24.021608297772
"03100202_90320000_UNNAMED_DRAIN",3200,67480,"UNNAMED DRAIN","03100202","90320000","DRAIN","tbcmp_AM_LA_IntHigh_2050","AM","LA","IntHigh","2050",66.69868443952
"03100202_90320000_UNNAMED_DRAIN",4100,45974,"UNNAMED DRAIN","03100202","90320000","DRAIN","tbcmp_AM_LA_IntHigh_2050","AM","LA","IntHigh","2050",45.441691144376
"03100202_90320000_UNNAMED_DRAIN",5200,130639,"UNNAMED DRAIN","03100202","90320000","DRAIN","tbcmp_AM_LA_IntHigh_2050","AM","LA","IntHigh","2050",129.126399473836
"03100202_90320000_UNNAMED_DRAIN",6110,174996,"UNNAMED DRAIN","03100202","90320000","DRAIN","tbcmp_AM_LA_IntHigh_2050","AM","LA","IntHigh","2050",172.969813013904
"03100202_90320000_UNNAMED_DRAIN",6410,108686,"UNNAMED DRAIN","03100202","90320000","DRAIN","tbcmp_AM_LA_IntHigh_2050","AM","LA","IntHigh","2050",107.427581757464
"03100202_90400000_WOLF_SLOUGH",1100,115660,"WOLF SLOUGH","03100202","90400000","SLOUGH","tbcmp_AM_LA_IntHigh_2050","AM","LA","IntHigh","2050",114.32083346584
"03100202_90400000_WOLF_SLOUGH",1200,1107836,"WOLF SLOUGH","03100202","90400000","SLOUGH","tbcmp_AM_LA_IntHigh_2050","AM","LA","IntHigh","2050",1095.00894746206
"03100202_90400000_WOLF_SLOUGH",1800,86424,"WOLF SLOUGH","03100202","90400000","SLOUGH","tbcmp_AM_LA_IntHigh_2050","AM","LA","IntHigh","2050",85.423341790176
"03100202_90400000_WOLF_SLOUGH",1900,491711,"WOLF SLOUGH","03100202","90400000","SLOUGH","tbcmp_AM_LA_IntHigh_2050","AM","LA","IntHigh","2050",486.017735987564
"03100202_90400000_WOLF_SLOUGH",2100,76712,"WOLF SLOUGH","03100202","90400000","SLOUGH","tbcmp_AM_LA_IntHigh_2050","AM","LA","IntHigh","2050",75.823791949088
"03100202_90400000_WOLF_SLOUGH",2200,18608,"WOLF SLOUGH","03100202","90400000","SLOUGH","tbcmp_AM_LA_IntHigh_2050","AM","LA","IntHigh","2050",18.392547718592
"03100202_90400000_WOLF_SLOUGH",2400,64971,"WOLF SLOUGH","03100202","90400000","SLOUGH","tbcmp_AM_LA_IntHigh_2050","AM","LA","IntHigh","2050",64.218734835804
"03100202_90400000_WOLF_SLOUGH",3200,11214,"WOLF SLOUGH","03100202","90400000","SLOUGH","tbcmp_AM_LA_IntHigh_2050","AM","LA","IntHigh","2050",11.084158970136
"03100202_90400000_WOLF_SLOUGH",4100,100830,"WOLF SLOUGH","03100202","90400000","SLOUGH","tbcmp_AM_LA_IntHigh_2050","AM","LA","IntHigh","2050",99.66254226492
"03100202_90400000_WOLF_SLOUGH",5200,336795,"WOLF SLOUGH","03100202","90400000","SLOUGH","tbcmp_AM_LA_IntHigh_2050","AM","LA","IntHigh","2050",332.89542717558
"03100202_90400000_WOLF_SLOUGH",6110,122114,"WOLF SLOUGH","03100202","90400000","SLOUGH","tbcmp_AM_LA_IntHigh_2050","AM","LA","IntHigh","2050",120.700105981736
"03100202_90400000_WOLF_SLOUGH",6410,66561,"WOLF SLOUGH","03100202","90400000","SLOUGH","tbcmp_AM_LA_IntHigh_2050","AM","LA","IntHigh","2050",65.790325058964
"03100202_90470000_UNNAMED_DRAIN",1100,149872,"UNNAMED DRAIN","03100202","90470000","DRAIN","tbcmp_AM_LA_IntHigh_2050","AM","LA","IntHigh","2050",148.136710644928
"03100202_90470000_UNNAMED_DRAIN",1200,816686,"UNNAMED DRAIN","03100202","90470000","DRAIN","tbcmp_AM_LA_IntHigh_2050","AM","LA","IntHigh","2050",807.230020749464
"03100202_90470000_UNNAMED_DRAIN",1800,13939,"UNNAMED DRAIN","03100202","90470000","DRAIN","tbcmp_AM_LA_IntHigh_2050","AM","LA","IntHigh","2050",13.777607623036
"03100202_90470000_UNNAMED_DRAIN",1820,75078,"UNNAMED DRAIN","03100202","90470000","DRAIN","tbcmp_AM_LA_IntHigh_2050","AM","LA","IntHigh","2050",74.208711178872
"03100202_90470000_UNNAMED_DRAIN",1900,101161,"UNNAMED DRAIN","03100202","90470000","DRAIN","tbcmp_AM_LA_IntHigh_2050","AM","LA","IntHigh","2050",99.989709789364
"03100202_90470000_UNNAMED_DRAIN",3200,62298,"UNNAMED DRAIN","03100202","90470000","DRAIN","tbcmp_AM_LA_IntHigh_2050","AM","LA","IntHigh","2050",61.576684102152
"03100202_90470000_UNNAMED_DRAIN",4100,42632,"UNNAMED DRAIN","03100202","90470000","DRAIN","tbcmp_AM_LA_IntHigh_2050","AM","LA","IntHigh","2050",42.138386411168
"03100202_90470000_UNNAMED_DRAIN",5200,136612,"UNNAMED DRAIN","03100202","90470000","DRAIN","tbcmp_AM_LA_IntHigh_2050","AM","LA","IntHigh","2050",135.030241236688
"03100202_90470000_UNNAMED_DRAIN",6110,51060,"UNNAMED DRAIN","03100202","90470000","DRAIN","tbcmp_AM_LA_IntHigh_2050","AM","LA","IntHigh","2050",50.46880301544
"03100202_90470000_UNNAMED_DRAIN",6410,142142,"UNNAMED DRAIN","03100202","90470000","DRAIN","tbcmp_AM_LA_IntHigh_2050","AM","LA","IntHigh","2050",140.496212264408
"03100202_90500000_COOPER_CREEK",1100,62225,"COOPER CREEK","03100202","90500000","STREAM","tbcmp_AM_LA_IntHigh_2050","AM","LA","IntHigh","2050",61.5045293309
"03100202_90500000_COOPER_CREEK",1200,2689854,"COOPER CREEK","03100202","90500000","STREAM","tbcmp_AM_LA_IntHigh_2050","AM","LA","IntHigh","2050",2658.7095900175
"03100202_90500000_COOPER_CREEK",1800,271936,"COOPER CREEK","03100202","90500000","STREAM","tbcmp_AM_LA_IntHigh_2050","AM","LA","IntHigh","2050",268.787395550464
"03100202_90500000_COOPER_CREEK",1820,109009,"COOPER CREEK","03100202","90500000","STREAM","tbcmp_AM_LA_IntHigh_2050","AM","LA","IntHigh","2050",107.746841909716
"03100202_90500000_COOPER_CREEK",1900,428222,"COOPER CREEK","03100202","90500000","STREAM","tbcmp_AM_LA_IntHigh_2050","AM","LA","IntHigh","2050",423.263841850328
"03100202_90500000_COOPER_CREEK",2100,365620,"COOPER CREEK","03100202","90500000","STREAM","tbcmp_AM_LA_IntHigh_2050","AM","LA","IntHigh","2050",361.38667760488
"03100202_90500000_COOPER_CREEK",2400,5006,"COOPER CREEK","03100202","90500000","STREAM","tbcmp_AM_LA_IntHigh_2050","AM","LA","IntHigh","2050",4.948038149144
"03100202_90500000_COOPER_CREEK",3200,281979,"COOPER CREEK","03100202","90500000","STREAM","tbcmp_AM_LA_IntHigh_2050","AM","LA","IntHigh","2050",278.714112915996
"03100202_90500000_COOPER_CREEK",4100,396552,"COOPER CREEK","03100202","90500000","STREAM","tbcmp_AM_LA_IntHigh_2050","AM","LA","IntHigh","2050",391.960532185248
"03100202_90500000_COOPER_CREEK",5200,1403875,"COOPER CREEK","03100202","90500000","STREAM","tbcmp_AM_LA_IntHigh_2050","AM","LA","IntHigh","2050",1387.6202670055
"03100202_90500000_COOPER_CREEK",6110,400007,"COOPER CREEK","03100202","90500000","STREAM","tbcmp_AM_LA_IntHigh_2050","AM","LA","IntHigh","2050",395.375528550668
"03100202_90500000_COOPER_CREEK",6120,1292,"COOPER CREEK","03100202","90500000","STREAM","tbcmp_AM_LA_IntHigh_2050","AM","LA","IntHigh","2050",1.277040609008
"03100202_90500000_COOPER_CREEK",6410,812428,"COOPER CREEK","03100202","90500000","STREAM","tbcmp_AM_LA_IntHigh_2050","AM","LA","IntHigh","2050",803.021321900272
"03100202_90500000_COOPER_CREEK",6420,507,"COOPER CREEK","03100202","90500000","STREAM","tbcmp_AM_LA_IntHigh_2050","AM","LA","IntHigh","2050",0.501129712668
"03100202_90500000_COOPER_CREEK",6600,2212,"COOPER CREEK","03100202","90500000","STREAM","tbcmp_AM_LA_IntHigh_2050","AM","LA","IntHigh","2050",2.186388411088
"03100202_90500000_COOPER_CREEK",9113,53,"COOPER CREEK","03100202","90500000","STREAM","tbcmp_AM_LA_IntHigh_2050","AM","LA","IntHigh","2050",0.052386340772
"03100202_90509800_UNNAMED_STREAM",1200,1385350,"UNNAMED STREAM","03100202","90509800","STREAM","tbcmp_AM_LA_IntHigh_2050","AM","LA","IntHigh","2050",1369.3097582734
"03100202_90509800_UNNAMED_STREAM",1800,42646,"UNNAMED STREAM","03100202","90509800","STREAM","tbcmp_AM_LA_IntHigh_2050","AM","LA","IntHigh","2050",42.152224312504
"03100202_90509800_UNNAMED_STREAM",1820,348486,"UNNAMED STREAM","03100202","90509800","STREAM","tbcmp_AM_LA_IntHigh_2050","AM","LA","IntHigh","2050",344.451063212664
"03100202_90509800_UNNAMED_STREAM",1900,98997,"UNNAMED STREAM","03100202","90509800","STREAM","tbcmp_AM_LA_IntHigh_2050","AM","LA","IntHigh","2050",97.850765611428
"03100202_90509800_UNNAMED_STREAM",2100,13730,"UNNAMED STREAM","03100202","90509800","STREAM","tbcmp_AM_LA_IntHigh_2050","AM","LA","IntHigh","2050",13.57102752452
"03100202_90509800_UNNAMED_STREAM",3200,4657,"UNNAMED STREAM","03100202","90509800","STREAM","tbcmp_AM_LA_IntHigh_2050","AM","LA","IntHigh","2050",4.603079037268
"03100202_90509800_UNNAMED_STREAM",4100,108265,"UNNAMED STREAM","03100202","90509800","STREAM","tbcmp_AM_LA_IntHigh_2050","AM","LA","IntHigh","2050",107.01145629586
"03100202_90509800_UNNAMED_STREAM",5200,483896,"UNNAMED STREAM","03100202","90509800","STREAM","tbcmp_AM_LA_IntHigh_2050","AM","LA","IntHigh","2050",478.293221777504
"03100202_90509800_UNNAMED_STREAM",6110,232149,"UNNAMED STREAM","03100202","90509800","STREAM","tbcmp_AM_LA_IntHigh_2050","AM","LA","IntHigh","2050",229.461068375076
"03100202_90509800_UNNAMED_STREAM",6120,68,"UNNAMED STREAM","03100202","90509800","STREAM","tbcmp_AM_LA_IntHigh_2050","AM","LA","IntHigh","2050",0.067212663632
"03100202_90509800_UNNAMED_STREAM",6410,232359,"UNNAMED STREAM","03100202","90509800","STREAM","tbcmp_AM_LA_IntHigh_2050","AM","LA","IntHigh","2050",229.668636895116
"03100202_90509800_UNNAMED_STREAM",6420,20,"UNNAMED STREAM","03100202","90509800","STREAM","tbcmp_AM_LA_IntHigh_2050","AM","LA","IntHigh","2050",0.01976843048
"03100202_90509800_UNNAMED_STREAM",6600,98,"UNNAMED STREAM","03100202","90509800","STREAM","tbcmp_AM_LA_IntHigh_2050","AM","LA","IntHigh","2050",0.096865309352
"03100202_90509800_UNNAMED_STREAM",9113,1,"UNNAMED STREAM","03100202","90509800","STREAM","tbcmp_AM_LA_IntHigh_2050","AM","LA","IntHigh","2050",0.000988421524
"03100202_90580000_CEDAR_CREEK",1200,728424,"CEDAR CREEK","03100202","90580000","STREAM","tbcmp_AM_LA_IntHigh_2050","AM","LA","IntHigh","2050",719.989960198176
"03100202_90580000_CEDAR_CREEK",1800,15920,"CEDAR CREEK","03100202","90580000","STREAM","tbcmp_AM_LA_IntHigh_2050","AM","LA","IntHigh","2050",15.73567066208
"03100202_90580000_CEDAR_CREEK",1820,237270,"CEDAR CREEK","03100202","90580000","STREAM","tbcmp_AM_LA_IntHigh_2050","AM","LA","IntHigh","2050",234.52277499948
"03100202_90580000_CEDAR_CREEK",4100,46328,"CEDAR CREEK","03100202","90580000","STREAM","tbcmp_AM_LA_IntHigh_2050","AM","LA","IntHigh","2050",45.791592363872
"03100202_90580000_CEDAR_CREEK",5200,130838,"CEDAR CREEK","03100202","90580000","STREAM","tbcmp_AM_LA_IntHigh_2050","AM","LA","IntHigh","2050",129.323095357112
"03100202_90580000_CEDAR_CREEK",5400,986,"CEDAR CREEK","03100202","90580000","STREAM","tbcmp_AM_LA_IntHigh_2050","AM","LA","IntHigh","2050",0.974583622664
"03100202_90580000_CEDAR_CREEK",6110,73760,"CEDAR CREEK","03100202","90580000","STREAM","tbcmp_AM_LA_IntHigh_2050","AM","LA","IntHigh","2050",72.90597161024
"03100202_90580000_CEDAR_CREEK",6120,107,"CEDAR CREEK","03100202","90580000","STREAM","tbcmp_AM_LA_IntHigh_2050","AM","LA","IntHigh","2050",0.105761103068
"03100202_90580000_CEDAR_CREEK",6410,14568,"CEDAR CREEK","03100202","90580000","STREAM","tbcmp_AM_LA_IntHigh_2050","AM","LA","IntHigh","2050",14.399324761632
"03100202_90580000_CEDAR_CREEK",6420,47,"CEDAR CREEK","03100202","90580000","STREAM","tbcmp_AM_LA_IntHigh_2050","AM","LA","IntHigh","2050",0.046455811628
"03100202_90580000_CEDAR_CREEK",6600,309,"CEDAR CREEK","03100202","90580000","STREAM","tbcmp_AM_LA_IntHigh_2050","AM","LA","IntHigh","2050",0.305422250916
"03100202_90580000_CEDAR_CREEK",9113,275,"CEDAR CREEK","03100202","90580000","STREAM","tbcmp_AM_LA_IntHigh_2050","AM","LA","IntHigh","2050",0.2718159191
"03100202_90600000_RATTLESNAKE_SLOUGH",1100,112176,"RATTLESNAKE SLOUGH","03100202","90600000","STREAM","tbcmp_AM_LA_IntHigh_2050","AM","LA","IntHigh","2050",110.877172876224
"03100202_90600000_RATTLESNAKE_SLOUGH",1200,1701663,"RATTLESNAKE SLOUGH","03100202","90600000","STREAM","tbcmp_AM_LA_IntHigh_2050","AM","LA","IntHigh","2050",1681.96033579441
"03100202_90600000_RATTLESNAKE_SLOUGH",1800,64619,"RATTLESNAKE SLOUGH","03100202","90600000","STREAM","tbcmp_AM_LA_IntHigh_2050","AM","LA","IntHigh","2050",63.870810459356
"03100202_90600000_RATTLESNAKE_SLOUGH",1820,169257,"RATTLESNAKE SLOUGH","03100202","90600000","STREAM","tbcmp_AM_LA_IntHigh_2050","AM","LA","IntHigh","2050",167.297261887668
"03100202_90600000_RATTLESNAKE_SLOUGH",1900,41849,"RATTLESNAKE SLOUGH","03100202","90600000","STREAM","tbcmp_AM_LA_IntHigh_2050","AM","LA","IntHigh","2050",41.364452357876
"03100202_90600000_RATTLESNAKE_SLOUGH",2100,25788,"RATTLESNAKE SLOUGH","03100202","90600000","STREAM","tbcmp_AM_LA_IntHigh_2050","AM","LA","IntHigh","2050",25.489414260912
"03100202_90600000_RATTLESNAKE_SLOUGH",3200,4029,"RATTLESNAKE SLOUGH","03100202","90600000","STREAM","tbcmp_AM_LA_IntHigh_2050","AM","LA","IntHigh","2050",3.982350320196
"03100202_90600000_RATTLESNAKE_SLOUGH",4100,24631,"RATTLESNAKE SLOUGH","03100202","90600000","STREAM","tbcmp_AM_LA_IntHigh_2050","AM","LA","IntHigh","2050",24.345810557644
"03100202_90600000_RATTLESNAKE_SLOUGH",5200,233371,"RATTLESNAKE SLOUGH","03100202","90600000","STREAM","tbcmp_AM_LA_IntHigh_2050","AM","LA","IntHigh","2050",230.668919477404
"03100202_90600000_RATTLESNAKE_SLOUGH",5400,42134,"RATTLESNAKE SLOUGH","03100202","90600000","STREAM","tbcmp_AM_LA_IntHigh_2050","AM","LA","IntHigh","2050",41.646152492216
"03100202_90600000_RATTLESNAKE_SLOUGH",6110,232713,"RATTLESNAKE SLOUGH","03100202","90600000","STREAM","tbcmp_AM_LA_IntHigh_2050","AM","LA","IntHigh","2050",230.018538114612
"03100202_90600000_RATTLESNAKE_SLOUGH",6120,204,"RATTLESNAKE SLOUGH","03100202","90600000","STREAM","tbcmp_AM_LA_IntHigh_2050","AM","LA","IntHigh","2050",0.201637990896
"03100202_90600000_RATTLESNAKE_SLOUGH",6410,71069,"RATTLESNAKE SLOUGH","03100202","90600000","STREAM","tbcmp_AM_LA_IntHigh_2050","AM","LA","IntHigh","2050",70.246129289156
"03100202_90600000_RATTLESNAKE_SLOUGH",6420,84,"RATTLESNAKE SLOUGH","03100202","90600000","STREAM","tbcmp_AM_LA_IntHigh_2050","AM","LA","IntHigh","2050",0.083027408016
"03100202_90600000_RATTLESNAKE_SLOUGH",6600,348,"RATTLESNAKE SLOUGH","03100202","90600000","STREAM","tbcmp_AM_LA_IntHigh_2050","AM","LA","IntHigh","2050",0.343970690352
"03100202_90600000_RATTLESNAKE_SLOUGH",9113,3,"RATTLESNAKE SLOUGH","03100202","90600000","STREAM","tbcmp_AM_LA_IntHigh_2050","AM","LA","IntHigh","2050",0.002965264572
"03100202_90610000_UNNAMED_STREAM",1100,1283,"UNNAMED STREAM","03100202","90610000","STREAM","tbcmp_AM_LA_IntHigh_2050","AM","LA","IntHigh","2050",1.268144815292
"03100202_90610000_UNNAMED_STREAM",1200,769729,"UNNAMED STREAM","03100202","90610000","STREAM","tbcmp_AM_LA_IntHigh_2050","AM","LA","IntHigh","2050",760.816711246996
"03100202_90610000_UNNAMED_STREAM",1820,120737,"UNNAMED STREAM","03100202","90610000","STREAM","tbcmp_AM_LA_IntHigh_2050","AM","LA","IntHigh","2050",119.339049543188
"03100202_90610000_UNNAMED_STREAM",1900,20853,"UNNAMED STREAM","03100202","90610000","STREAM","tbcmp_AM_LA_IntHigh_2050","AM","LA","IntHigh","2050",20.611554039972
"03100202_90610000_UNNAMED_STREAM",3200,220,"UNNAMED STREAM","03100202","90610000","STREAM","tbcmp_AM_LA_IntHigh_2050","AM","LA","IntHigh","2050",0.21745273528
"03100202_90610000_UNNAMED_STREAM",4100,41135,"UNNAMED STREAM","03100202","90610000","STREAM","tbcmp_AM_LA_IntHigh_2050","AM","LA","IntHigh","2050",40.65871938974
"03100202_90610000_UNNAMED_STREAM",5200,114098,"UNNAMED STREAM","03100202","90610000","STREAM","tbcmp_AM_LA_IntHigh_2050","AM","LA","IntHigh","2050",112.776919045352
"03100202_90610000_UNNAMED_STREAM",6110,60451,"UNNAMED STREAM","03100202","90610000","STREAM","tbcmp_AM_LA_IntHigh_2050","AM","LA","IntHigh","2050",59.751069547324
"03100202_90610000_UNNAMED_STREAM",6410,75489,"UNNAMED STREAM","03100202","90610000","STREAM","tbcmp_AM_LA_IntHigh_2050","AM","LA","IntHigh","2050",74.614952425236
"03100202_90610000_UNNAMED_STREAM",6600,57,"UNNAMED STREAM","03100202","90610000","STREAM","tbcmp_AM_LA_IntHigh_2050","AM","LA","IntHigh","2050",0.056340026868
"03100202_90750000_WILLIAMS_CREEK",1100,185961,"WILLIAMS CREEK","03100202","90750000","STREAM","tbcmp_AM_LA_IntHigh_2050","AM","LA","IntHigh","2050",183.807855024564
"03100202_90750000_WILLIAMS_CREEK",1200,1164129,"WILLIAMS CREEK","03100202","90750000","STREAM","tbcmp_AM_LA_IntHigh_2050","AM","LA","IntHigh","2050",1150.6501603126
"03100202_90750000_WILLIAMS_CREEK",1800,18106,"WILLIAMS CREEK","03100202","90750000","STREAM","tbcmp_AM_LA_IntHigh_2050","AM","LA","IntHigh","2050",17.896360113544
"03100202_90750000_WILLIAMS_CREEK",1820,74553,"WILLIAMS CREEK","03100202","90750000","STREAM","tbcmp_AM_LA_IntHigh_2050","AM","LA","IntHigh","2050",73.689789878772
"03100202_90750000_WILLIAMS_CREEK",1900,66062,"WILLIAMS CREEK","03100202","90750000","STREAM","tbcmp_AM_LA_IntHigh_2050","AM","LA","IntHigh","2050",65.297102718488
"03100202_90750000_WILLIAMS_CREEK",2100,83180,"WILLIAMS CREEK","03100202","90750000","STREAM","tbcmp_AM_LA_IntHigh_2050","AM","LA","IntHigh","2050",82.21690236632
"03100202_90750000_WILLIAMS_CREEK",3200,18885,"WILLIAMS CREEK","03100202","90750000","STREAM","tbcmp_AM_LA_IntHigh_2050","AM","LA","IntHigh","2050",18.66634048074
"03100202_90750000_WILLIAMS_CREEK",4100,157136,"WILLIAMS CREEK","03100202","90750000","STREAM","tbcmp_AM_LA_IntHigh_2050","AM","LA","IntHigh","2050",155.316604595264
"03100202_90750000_WILLIAMS_CREEK",5200,232050,"WILLIAMS CREEK","03100202","90750000","STREAM","tbcmp_AM_LA_IntHigh_2050","AM","LA","IntHigh","2050",229.3632146442
"03100202_90750000_WILLIAMS_CREEK",5400,119,"WILLIAMS CREEK","03100202","90750000","STREAM","tbcmp_AM_LA_IntHigh_2050","AM","LA","IntHigh","2050",0.117622161356
"03100202_90750000_WILLIAMS_CREEK",6110,111456,"WILLIAMS CREEK","03100202","90750000","STREAM","tbcmp_AM_LA_IntHigh_2050","AM","LA","IntHigh","2050",110.165509378944
"03100202_90750000_WILLIAMS_CREEK",6410,186019,"WILLIAMS CREEK","03100202","90750000","STREAM","tbcmp_AM_LA_IntHigh_2050","AM","LA","IntHigh","2050",183.865183472956
"03100202_90750000_WILLIAMS_CREEK",6420,845,"WILLIAMS CREEK","03100202","90750000","STREAM","tbcmp_AM_LA_IntHigh_2050","AM","LA","IntHigh","2050",0.83521618778
"03100202_90750000_WILLIAMS_CREEK",6425,1189,"WILLIAMS CREEK","03100202","90750000","STREAM","tbcmp_AM_LA_IntHigh_2050","AM","LA","IntHigh","2050",1.175233192036
"03100202_90750000_WILLIAMS_CREEK",6510,91,"WILLIAMS CREEK","03100202","90750000","STREAM","tbcmp_AM_LA_IntHigh_2050","AM","LA","IntHigh","2050",0.089946358684
"03100202_90750000_WILLIAMS_CREEK",6600,3823,"WILLIAMS CREEK","03100202","90750000","STREAM","tbcmp_AM_LA_IntHigh_2050","AM","LA","IntHigh","2050",3.778735486252
"03100202_90800000_GAP_CREEK",1100,348837,"GAP CREEK","03100202","90800000","STREAM","tbcmp_AM_LA_IntHigh_2050","AM","LA","IntHigh","2050",344.797999167588
"03100202_90800000_GAP_CREEK",1200,3495993,"GAP CREEK","03100202","90800000","STREAM","tbcmp_AM_LA_IntHigh_2050","AM","LA","IntHigh","2050",3455.51472895333
"03100202_90800000_GAP_CREEK",1800,46902,"GAP CREEK","03100202","90800000","STREAM","tbcmp_AM_LA_IntHigh_2050","AM","LA","IntHigh","2050",46.358946318648
"03100202_90800000_GAP_CREEK",1820,42899,"GAP CREEK","03100202","90800000","STREAM","tbcmp_AM_LA_IntHigh_2050","AM","LA","IntHigh","2050",42.402294958076
"03100202_90800000_GAP_CREEK",1900,286367,"GAP CREEK","03100202","90800000","STREAM","tbcmp_AM_LA_IntHigh_2050","AM","LA","IntHigh","2050",283.051306563308
"03100202_90800000_GAP_CREEK",2100,145568,"GAP CREEK","03100202","90800000","STREAM","tbcmp_AM_LA_IntHigh_2050","AM","LA","IntHigh","2050",143.882544405632
"03100202_90800000_GAP_CREEK",2400,13710,"GAP CREEK","03100202","90800000","STREAM","tbcmp_AM_LA_IntHigh_2050","AM","LA","IntHigh","2050",13.55125909404
"03100202_90800000_GAP_CREEK",3200,4964,"GAP CREEK","03100202","90800000","STREAM","tbcmp_AM_LA_IntHigh_2050","AM","LA","IntHigh","2050",4.906524445136
"03100202_90800000_GAP_CREEK",4100,228617,"GAP CREEK","03100202","90800000","STREAM","tbcmp_AM_LA_IntHigh_2050","AM","LA","IntHigh","2050",225.969963552308
"03100202_90800000_GAP_CREEK",4400,48564,"GAP CREEK","03100202","90800000","STREAM","tbcmp_AM_LA_IntHigh_2050","AM","LA","IntHigh","2050",48.001702891536
"03100202_90800000_GAP_CREEK",5200,357126,"GAP CREEK","03100202","90800000","STREAM","tbcmp_AM_LA_IntHigh_2050","AM","LA","IntHigh","2050",352.991025180024
"03100202_90800000_GAP_CREEK",5400,27378,"GAP CREEK","03100202","90800000","STREAM","tbcmp_AM_LA_IntHigh_2050","AM","LA","IntHigh","2050",27.061004484072
"03100202_90800000_GAP_CREEK",6110,180504,"GAP CREEK","03100202","90800000","STREAM","tbcmp_AM_LA_IntHigh_2050","AM","LA","IntHigh","2050",178.414038768096
"03100202_90800000_GAP_CREEK",6120,743,"GAP CREEK","03100202","90800000","STREAM","tbcmp_AM_LA_IntHigh_2050","AM","LA","IntHigh","2050",0.734397192332
"03100202_90800000_GAP_CREEK",6410,119027,"GAP CREEK","03100202","90800000","STREAM","tbcmp_AM_LA_IntHigh_2050","AM","LA","IntHigh","2050",117.648848737148
"03100202_90800000_GAP_CREEK",6420,45290,"GAP CREEK","03100202","90800000","STREAM","tbcmp_AM_LA_IntHigh_2050","AM","LA","IntHigh","2050",44.76561082196
"03100202_90800000_GAP_CREEK",6425,16208,"GAP CREEK","03100202","90800000","STREAM","tbcmp_AM_LA_IntHigh_2050","AM","LA","IntHigh","2050",16.020336060992
"03100202_90800000_GAP_CREEK",6510,689,"GAP CREEK","03100202","90800000","STREAM","tbcmp_AM_LA_IntHigh_2050","AM","LA","IntHigh","2050",0.681022430036
"03100202_90800000_GAP_CREEK",6600,6077,"GAP CREEK","03100202","90800000","STREAM","tbcmp_AM_LA_IntHigh_2050","AM","LA","IntHigh","2050",6.006637601348
"03100202_90800000_GAP_CREEK",9113,493,"GAP CREEK","03100202","90800000","STREAM","tbcmp_AM_LA_IntHigh_2050","AM","LA","IntHigh","2050",0.487291811332
"03100202_90900000_SUGARHOUSE_CREEK",1100,182058,"SUGARHOUSE CREEK","03100202","90900000","STREAM","tbcmp_AM_LA_IntHigh_2050","AM","LA","IntHigh","2050",179.950045816392
"03100202_90900000_SUGARHOUSE_CREEK",1200,2025608,"SUGARHOUSE CREEK","03100202","90900000","STREAM","tbcmp_AM_LA_IntHigh_2050","AM","LA","IntHigh","2050",2002.15454638659
"03100202_90900000_SUGARHOUSE_CREEK",1800,48375,"SUGARHOUSE CREEK","03100202","90900000","STREAM","tbcmp_AM_LA_IntHigh_2050","AM","LA","IntHigh","2050",47.8148912235
"03100202_90900000_SUGARHOUSE_CREEK",1820,48031,"SUGARHOUSE CREEK","03100202","90900000","STREAM","tbcmp_AM_LA_IntHigh_2050","AM","LA","IntHigh","2050",47.474874219244
"03100202_90900000_SUGARHOUSE_CREEK",1900,297508,"SUGARHOUSE CREEK","03100202","90900000","STREAM","tbcmp_AM_LA_IntHigh_2050","AM","LA","IntHigh","2050",294.063310762192
"03100202_90900000_SUGARHOUSE_CREEK",2100,121140,"SUGARHOUSE CREEK","03100202","90900000","STREAM","tbcmp_AM_LA_IntHigh_2050","AM","LA","IntHigh","2050",119.73738341736
"03100202_90900000_SUGARHOUSE_CREEK",2200,38471,"SUGARHOUSE CREEK","03100202","90900000","STREAM","tbcmp_AM_LA_IntHigh_2050","AM","LA","IntHigh","2050",38.025564449804
"03100202_90900000_SUGARHOUSE_CREEK",2400,29228,"SUGARHOUSE CREEK","03100202","90900000","STREAM","tbcmp_AM_LA_IntHigh_2050","AM","LA","IntHigh","2050",28.889584303472
"03100202_90900000_SUGARHOUSE_CREEK",3200,4903,"SUGARHOUSE CREEK","03100202","90900000","STREAM","tbcmp_AM_LA_IntHigh_2050","AM","LA","IntHigh","2050",4.846230732172
"03100202_90900000_SUGARHOUSE_CREEK",4100,104000,"SUGARHOUSE CREEK","03100202","90900000","STREAM","tbcmp_AM_LA_IntHigh_2050","AM","LA","IntHigh","2050",102.795838496
"03100202_90900000_SUGARHOUSE_CREEK",5200,106893,"SUGARHOUSE CREEK","03100202","90900000","STREAM","tbcmp_AM_LA_IntHigh_2050","AM","LA","IntHigh","2050",105.655341964932
"03100202_90900000_SUGARHOUSE_CREEK",5400,5189,"SUGARHOUSE CREEK","03100202","90900000","STREAM","tbcmp_AM_LA_IntHigh_2050","AM","LA","IntHigh","2050",5.128919288036
"03100202_90900000_SUGARHOUSE_CREEK",6110,109632,"SUGARHOUSE CREEK","03100202","90900000","STREAM","tbcmp_AM_LA_IntHigh_2050","AM","LA","IntHigh","2050",108.362628519168
"03100202_90900000_SUGARHOUSE_CREEK",6120,28,"SUGARHOUSE CREEK","03100202","90900000","STREAM","tbcmp_AM_LA_IntHigh_2050","AM","LA","IntHigh","2050",0.027675802672
"03100202_90900000_SUGARHOUSE_CREEK",6410,24400,"SUGARHOUSE CREEK","03100202","90900000","STREAM","tbcmp_AM_LA_IntHigh_2050","AM","LA","IntHigh","2050",24.1174851856
"03100202_90900000_SUGARHOUSE_CREEK",6420,519,"SUGARHOUSE CREEK","03100202","90900000","STREAM","tbcmp_AM_LA_IntHigh_2050","AM","LA","IntHigh","2050",0.512990770956
"03100202_90900000_SUGARHOUSE_CREEK",6425,3190,"SUGARHOUSE CREEK","03100202","90900000","STREAM","tbcmp_AM_LA_IntHigh_2050","AM","LA","IntHigh","2050",3.15306466156
"03100202_90900000_SUGARHOUSE_CREEK",6510,1107,"SUGARHOUSE CREEK","03100202","90900000","STREAM","tbcmp_AM_LA_IntHigh_2050","AM","LA","IntHigh","2050",1.094182627068
"03100202_90900000_SUGARHOUSE_CREEK",6600,2760,"SUGARHOUSE CREEK","03100202","90900000","STREAM","tbcmp_AM_LA_IntHigh_2050","AM","LA","IntHigh","2050",2.72804340624
"03100202_90900000_SUGARHOUSE_CREEK",9113,981,"SUGARHOUSE CREEK","03100202","90900000","STREAM","tbcmp_AM_LA_IntHigh_2050","AM","LA","IntHigh","2050",0.969641515044
"03100202_90980000_BRADEN_RIVER_AB_WARD_L",1100,3003833,"BRADEN RIVER AB WARD L","03100202","90980000","STREAM","tbcmp_AM_LA_IntHigh_2050","AM","LA","IntHigh","2050",2969.05319170149
"03100202_90980000_BRADEN_RIVER_AB_WARD_L",1200,6225488,"BRADEN RIVER AB WARD L","03100202","90980000","STREAM","tbcmp_AM_LA_IntHigh_2050","AM","LA","IntHigh","2050",6153.40633660371
"03100202_90980000_BRADEN_RIVER_AB_WARD_L",1800,445720,"BRADEN RIVER AB WARD L","03100202","90980000","STREAM","tbcmp_AM_LA_IntHigh_2050","AM","LA","IntHigh","2050",440.55924167728
"03100202_90980000_BRADEN_RIVER_AB_WARD_L",1820,950130,"BRADEN RIVER AB WARD L","03100202","90980000","STREAM","tbcmp_AM_LA_IntHigh_2050","AM","LA","IntHigh","2050",939.12894259812
"03100202_90980000_BRADEN_RIVER_AB_WARD_L",1900,824179,"BRADEN RIVER AB WARD L","03100202","90980000","STREAM","tbcmp_AM_LA_IntHigh_2050","AM","LA","IntHigh","2050",814.636263228796
"03100202_90980000_BRADEN_RIVER_AB_WARD_L",2100,896187,"BRADEN RIVER AB WARD L","03100202","90980000","STREAM","tbcmp_AM_LA_IntHigh_2050","AM","LA","IntHigh","2050",885.810520328988
"03100202_90980000_BRADEN_RIVER_AB_WARD_L",2400,37590,"BRADEN RIVER AB WARD L","03100202","90980000","STREAM","tbcmp_AM_LA_IntHigh_2050","AM","LA","IntHigh","2050",37.15476508716
"03100202_90980000_BRADEN_RIVER_AB_WARD_L",3200,283342,"BRADEN RIVER AB WARD L","03100202","90980000","STREAM","tbcmp_AM_LA_IntHigh_2050","AM","LA","IntHigh","2050",280.061331453208
"03100202_90980000_BRADEN_RIVER_AB_WARD_L",4100,1439245,"BRADEN RIVER AB WARD L","03100202","90980000","STREAM","tbcmp_AM_LA_IntHigh_2050","AM","LA","IntHigh","2050",1422.58073630938
"03100202_90980000_BRADEN_RIVER_AB_WARD_L",4400,9958,"BRADEN RIVER AB WARD L","03100202","90980000","STREAM","tbcmp_AM_LA_IntHigh_2050","AM","LA","IntHigh","2050",9.842701535992
"03100202_90980000_BRADEN_RIVER_AB_WARD_L",5200,1318769,"BRADEN RIVER AB WARD L","03100202","90980000","STREAM","tbcmp_AM_LA_IntHigh_2050","AM","LA","IntHigh","2050",1303.49966478396
"03100202_90980000_BRADEN_RIVER_AB_WARD_L",5400,880588,"BRADEN RIVER AB WARD L","03100202","90980000","STREAM","tbcmp_AM_LA_IntHigh_2050","AM","LA","IntHigh","2050",870.392132976112
"03100202_90980000_BRADEN_RIVER_AB_WARD_L",6110,989748,"BRADEN RIVER AB WARD L","03100202","90980000","STREAM","tbcmp_AM_LA_IntHigh_2050","AM","LA","IntHigh","2050",978.288226535952
"03100202_90980000_BRADEN_RIVER_AB_WARD_L",6120,12840,"BRADEN RIVER AB WARD L","03100202","90980000","STREAM","tbcmp_AM_LA_IntHigh_2050","AM","LA","IntHigh","2050",12.69133236816
"03100202_90980000_BRADEN_RIVER_AB_WARD_L",6410,665343,"BRADEN RIVER AB WARD L","03100202","90980000","STREAM","tbcmp_AM_LA_IntHigh_2050","AM","LA","IntHigh","2050",657.639342042732
"03100202_90980000_BRADEN_RIVER_AB_WARD_L",6420,184736,"BRADEN RIVER AB WARD L","03100202","90980000","STREAM","tbcmp_AM_LA_IntHigh_2050","AM","LA","IntHigh","2050",182.597038657664
"03100202_90980000_BRADEN_RIVER_AB_WARD_L",6425,200964,"BRADEN RIVER AB WARD L","03100202","90980000","STREAM","tbcmp_AM_LA_IntHigh_2050","AM","LA","IntHigh","2050",198.637143149136
"03100202_90980000_BRADEN_RIVER_AB_WARD_L",6510,45565,"BRADEN RIVER AB WARD L","03100202","90980000","STREAM","tbcmp_AM_LA_IntHigh_2050","AM","LA","IntHigh","2050",45.03742674106
"03100202_90980000_BRADEN_RIVER_AB_WARD_L",6600,72501,"BRADEN RIVER AB WARD L","03100202","90980000","STREAM","tbcmp_AM_LA_IntHigh_2050","AM","LA","IntHigh","2050",71.661548911524
"03100202_90980000_BRADEN_RIVER_AB_WARD_L",9113,300563,"BRADEN RIVER AB WARD L","03100202","90980000","STREAM","tbcmp_AM_LA_IntHigh_2050","AM","LA","IntHigh","2050",297.082938518012
"03100202_98000000_MANATEE_RIVER_AB_DAM",1100,912864,"MANATEE RIVER AB DAM","03100202","98000000","STREAM","tbcmp_AM_LA_IntHigh_2050","AM","LA","IntHigh","2050",902.294426084736
"03100202_98000000_MANATEE_RIVER_AB_DAM",1200,676810,"MANATEE RIVER AB DAM","03100202","98000000","STREAM","tbcmp_AM_LA_IntHigh_2050","AM","LA","IntHigh","2050",668.97357165844
"03100202_98000000_MANATEE_RIVER_AB_DAM",1800,110300,"MANATEE RIVER AB DAM","03100202","98000000","STREAM","tbcmp_AM_LA_IntHigh_2050","AM","LA","IntHigh","2050",109.0228940972
"03100202_98000000_MANATEE_RIVER_AB_DAM",1900,664038,"MANATEE RIVER AB DAM","03100202","98000000","STREAM","tbcmp_AM_LA_IntHigh_2050","AM","LA","IntHigh","2050",656.349451953912
"03100202_98000000_MANATEE_RIVER_AB_DAM",2100,4764605,"MANATEE RIVER AB DAM","03100202","98000000","STREAM","tbcmp_AM_LA_IntHigh_2050","AM","LA","IntHigh","2050",4709.43813535802
"03100202_98000000_MANATEE_RIVER_AB_DAM",2200,865249,"MANATEE RIVER AB DAM","03100202","98000000","STREAM","tbcmp_AM_LA_IntHigh_2050","AM","LA","IntHigh","2050",855.230735219476
"03100202_98000000_MANATEE_RIVER_AB_DAM",3200,5768204,"MANATEE RIVER AB DAM","03100202","98000000","STREAM","tbcmp_AM_LA_IntHigh_2050","AM","LA","IntHigh","2050",5701.41698842289
"03100202_98000000_MANATEE_RIVER_AB_DAM",4100,3110905,"MANATEE RIVER AB DAM","03100202","98000000","STREAM","tbcmp_AM_LA_IntHigh_2050","AM","LA","IntHigh","2050",3074.88546111922
"03100202_98000000_MANATEE_RIVER_AB_DAM",4400,870429,"MANATEE RIVER AB DAM","03100202","98000000","STREAM","tbcmp_AM_LA_IntHigh_2050","AM","LA","IntHigh","2050",860.350758713796
"03100202_98000000_MANATEE_RIVER_AB_DAM",5200,1372636,"MANATEE RIVER AB DAM","03100202","98000000","STREAM","tbcmp_AM_LA_IntHigh_2050","AM","LA","IntHigh","2050",1356.74296701726
"03100202_98000000_MANATEE_RIVER_AB_DAM",6110,1723768,"MANATEE RIVER AB DAM","03100202","98000000","STREAM","tbcmp_AM_LA_IntHigh_2050","AM","LA","IntHigh","2050",1703.80939358243
"03100202_98000000_MANATEE_RIVER_AB_DAM",6410,1391843,"MANATEE RIVER AB DAM","03100202","98000000","STREAM","tbcmp_AM_LA_IntHigh_2050","AM","LA","IntHigh","2050",1375.72757922873
"03100202_99000000_MANATEE_RIVER_BL_DAM",0,305,"MANATEE RIVER BL DAM","03100202","99000000","STREAM","tbcmp_AM_LA_IntHigh_2050","AM","LA","IntHigh","2050",0.30146856482
"03100202_99000000_MANATEE_RIVER_BL_DAM",1100,1731990,"MANATEE RIVER BL DAM","03100202","99000000","STREAM","tbcmp_AM_LA_IntHigh_2050","AM","LA","IntHigh","2050",1711.93619535276
"03100202_99000000_MANATEE_RIVER_BL_DAM",1200,17095012,"MANATEE RIVER BL DAM","03100202","99000000","STREAM","tbcmp_AM_LA_IntHigh_2050","AM","LA","IntHigh","2050",16897.0778138383
"03100202_99000000_MANATEE_RIVER_BL_DAM",1800,295467,"MANATEE RIVER BL DAM","03100202","99000000","STREAM","tbcmp_AM_LA_IntHigh_2050","AM","LA","IntHigh","2050",292.045942431708
"03100202_99000000_MANATEE_RIVER_BL_DAM",1820,745308,"MANATEE RIVER BL DAM","03100202","99000000","STREAM","tbcmp_AM_LA_IntHigh_2050","AM","LA","IntHigh","2050",736.678469209392
"03100202_99000000_MANATEE_RIVER_BL_DAM",1900,1419468,"MANATEE RIVER BL DAM","03100202","99000000","STREAM","tbcmp_AM_LA_IntHigh_2050","AM","LA","IntHigh","2050",1403.03272382923
"03100202_99000000_MANATEE_RIVER_BL_DAM",2100,1340656,"MANATEE RIVER BL DAM","03100202","99000000","STREAM","tbcmp_AM_LA_IntHigh_2050","AM","LA","IntHigh","2050",1325.13324667974
"03100202_99000000_MANATEE_RIVER_BL_DAM",2200,33846,"MANATEE RIVER BL DAM","03100202","99000000","STREAM","tbcmp_AM_LA_IntHigh_2050","AM","LA","IntHigh","2050",33.454114901304
"03100202_99000000_MANATEE_RIVER_BL_DAM",2400,88885,"MANATEE RIVER BL DAM","03100202","99000000","STREAM","tbcmp_AM_LA_IntHigh_2050","AM","LA","IntHigh","2050",87.85584716074
"03100202_99000000_MANATEE_RIVER_BL_DAM",3200,221414,"MANATEE RIVER BL DAM","03100202","99000000","STREAM","tbcmp_AM_LA_IntHigh_2050","AM","LA","IntHigh","2050",218.850363314936
"03100202_99000000_MANATEE_RIVER_BL_DAM",4100,1435754,"MANATEE RIVER BL DAM","03100202","99000000","STREAM","tbcmp_AM_LA_IntHigh_2050","AM","LA","IntHigh","2050",1419.1301567691
"03100202_99000000_MANATEE_RIVER_BL_DAM",5200,1206526,"MANATEE RIVER BL DAM","03100202","99000000","STREAM","tbcmp_AM_LA_IntHigh_2050","AM","LA","IntHigh","2050",1192.55626766562
"03100202_99000000_MANATEE_RIVER_BL_DAM",5400,6615454,"MANATEE RIVER BL DAM","03100202","99000000","STREAM","tbcmp_AM_LA_IntHigh_2050","AM","LA","IntHigh","2050",6538.8571246319
"03100202_99000000_MANATEE_RIVER_BL_DAM",6110,1725426,"MANATEE RIVER BL DAM","03100202","99000000","STREAM","tbcmp_AM_LA_IntHigh_2050","AM","LA","IntHigh","2050",1705.44819646922
"03100202_99000000_MANATEE_RIVER_BL_DAM",6120,17076,"MANATEE RIVER BL DAM","03100202","99000000","STREAM","tbcmp_AM_LA_IntHigh_2050","AM","LA","IntHigh","2050",16.878285943824
"03100202_99000000_MANATEE_RIVER_BL_DAM",6410,652276,"MANATEE RIVER BL DAM","03100202","99000000","STREAM","tbcmp_AM_LA_IntHigh_2050","AM","LA","IntHigh","2050",644.723637988624
"03100202_99000000_MANATEE_RIVER_BL_DAM",6420,623997,"MANATEE RIVER BL DAM","03100202","99000000","STREAM","tbcmp_AM_LA_IntHigh_2050","AM","LA","IntHigh","2050",616.772065711428
"03100202_99000000_MANATEE_RIVER_BL_DAM",6425,635493,"MANATEE RIVER BL DAM","03100202","99000000","STREAM","tbcmp_AM_LA_IntHigh_2050","AM","LA","IntHigh","2050",628.134959551332
"03100202_99000000_MANATEE_RIVER_BL_DAM",6510,116081,"MANATEE RIVER BL DAM","03100202","99000000","STREAM","tbcmp_AM_LA_IntHigh_2050","AM","LA","IntHigh","2050",114.736958927444
"03100202_99000000_MANATEE_RIVER_BL_DAM",6600,326335,"MANATEE RIVER BL DAM","03100202","99000000","STREAM","tbcmp_AM_LA_IntHigh_2050","AM","LA","IntHigh","2050",322.55653803454
"03100202_99000000_MANATEE_RIVER_BL_DAM",9113,803531,"MANATEE RIVER BL DAM","03100202","99000000","STREAM","tbcmp_AM_LA_IntHigh_2050","AM","LA","IntHigh","2050",794.227335601244
"03100203_12000000_MINED_AREA",1200,1484122,"MINED AREA","03100203","12000000","NONCON","tbcmp_AM_LA_IntHigh_2050","AM","LA","IntHigh","2050",1466.93812904193
"03100203_12000000_MINED_AREA",1900,24010,"MINED AREA","03100203","12000000","NONCON","tbcmp_AM_LA_IntHigh_2050","AM","LA","IntHigh","2050",23.73200079124
"03100203_12000000_MINED_AREA",3200,3495,"MINED AREA","03100203","12000000","NONCON","tbcmp_AM_LA_IntHigh_2050","AM","LA","IntHigh","2050",3.45453322638
"03100203_12000000_MINED_AREA",4100,11042,"MINED AREA","03100203","12000000","NONCON","tbcmp_AM_LA_IntHigh_2050","AM","LA","IntHigh","2050",10.914150468008
"03100203_12000000_MINED_AREA",4400,22678,"MINED AREA","03100203","12000000","NONCON","tbcmp_AM_LA_IntHigh_2050","AM","LA","IntHigh","2050",22.415423321272
"03100203_12000000_MINED_AREA",6110,1134,"MINED AREA","03100203","12000000","NONCON","tbcmp_AM_LA_IntHigh_2050","AM","LA","IntHigh","2050",1.120870008216
"03100203_12000000_MINED_AREA",6410,63644,"MINED AREA","03100203","12000000","NONCON","tbcmp_AM_LA_IntHigh_2050","AM","LA","IntHigh","2050",62.907099473456
"03100203_12990000_ALDERMANN_CREEK",1200,2548486,"ALDERMANN CREEK","03100203","12990000","STREAM","tbcmp_AM_LA_IntHigh_2050","AM","LA","IntHigh","2050",2518.97841601266
"03100203_12990000_ALDERMANN_CREEK",1900,1686484,"ALDERMANN CREEK","03100203","12990000","STREAM","tbcmp_AM_LA_IntHigh_2050","AM","LA","IntHigh","2050",1666.95708548162
"03100203_12990000_ALDERMANN_CREEK",2100,553468,"ALDERMANN CREEK","03100203","12990000","STREAM","tbcmp_AM_LA_IntHigh_2050","AM","LA","IntHigh","2050",547.059684045232
"03100203_12990000_ALDERMANN_CREEK",2200,98476,"ALDERMANN CREEK","03100203","12990000","STREAM","tbcmp_AM_LA_IntHigh_2050","AM","LA","IntHigh","2050",97.335797997424
"03100203_12990000_ALDERMANN_CREEK",3200,64405,"ALDERMANN CREEK","03100203","12990000","STREAM","tbcmp_AM_LA_IntHigh_2050","AM","LA","IntHigh","2050",63.65928825322
"03100203_12990000_ALDERMANN_CREEK",4100,36648,"ALDERMANN CREEK","03100203","12990000","STREAM","tbcmp_AM_LA_IntHigh_2050","AM","LA","IntHigh","2050",36.223672011552
"03100203_12990000_ALDERMANN_CREEK",4400,134999,"ALDERMANN CREEK","03100203","12990000","STREAM","tbcmp_AM_LA_IntHigh_2050","AM","LA","IntHigh","2050",133.435917318476
"03100203_12990000_ALDERMANN_CREEK",5200,4922,"ALDERMANN CREEK","03100203","12990000","STREAM","tbcmp_AM_LA_IntHigh_2050","AM","LA","IntHigh","2050",4.865010741128
"03100203_12990000_ALDERMANN_CREEK",6110,361918,"ALDERMANN CREEK","03100203","12990000","STREAM","tbcmp_AM_LA_IntHigh_2050","AM","LA","IntHigh","2050",357.727541123032
"03100203_12990000_ALDERMANN_CREEK",6410,367047,"ALDERMANN CREEK","03100203","12990000","STREAM","tbcmp_AM_LA_IntHigh_2050","AM","LA","IntHigh","2050",362.797155119628
"03100203_30000000_HOWARD_PRAIRIE_BRANCH",1200,1337495,"HOWARD PRAIRIE BRANCH","03100203","30000000","STREAM","tbcmp_AM_LA_IntHigh_2050","AM","LA","IntHigh","2050",1322.00884624238
"03100203_30000000_HOWARD_PRAIRIE_BRANCH",1900,128544,"HOWARD PRAIRIE BRANCH","03100203","30000000","STREAM","tbcmp_AM_LA_IntHigh_2050","AM","LA","IntHigh","2050",127.055656381056
"03100203_30000000_HOWARD_PRAIRIE_BRANCH",2100,47123,"HOWARD PRAIRIE BRANCH","03100203","30000000","STREAM","tbcmp_AM_LA_IntHigh_2050","AM","LA","IntHigh","2050",46.577387475452
"03100203_30000000_HOWARD_PRAIRIE_BRANCH",3200,181719,"HOWARD PRAIRIE BRANCH","03100203","30000000","STREAM","tbcmp_AM_LA_IntHigh_2050","AM","LA","IntHigh","2050",179.614970919756
"03100203_30000000_HOWARD_PRAIRIE_BRANCH",4100,986,"HOWARD PRAIRIE BRANCH","03100203","30000000","STREAM","tbcmp_AM_LA_IntHigh_2050","AM","LA","IntHigh","2050",0.974583622664
"03100203_30000000_HOWARD_PRAIRIE_BRANCH",5200,216,"HOWARD PRAIRIE BRANCH","03100203","30000000","STREAM","tbcmp_AM_LA_IntHigh_2050","AM","LA","IntHigh","2050",0.213499049184
"03100203_30000000_HOWARD_PRAIRIE_BRANCH",6110,107554,"HOWARD PRAIRIE BRANCH","03100203","30000000","STREAM","tbcmp_AM_LA_IntHigh_2050","AM","LA","IntHigh","2050",106.308688592296
"03100203_30000000_HOWARD_PRAIRIE_BRANCH",6410,200614,"HOWARD PRAIRIE BRANCH","03100203","30000000","STREAM","tbcmp_AM_LA_IntHigh_2050","AM","LA","IntHigh","2050",198.291195615736
"03100203_30900000_UNNAMED_DRAIN",1100,286429,"UNNAMED DRAIN","03100203","30900000","DRAIN","tbcmp_AM_LA_IntHigh_2050","AM","LA","IntHigh","2050",283.112588697796
"03100203_30900000_UNNAMED_DRAIN",1200,6169387,"UNNAMED DRAIN","03100203","30900000","DRAIN","tbcmp_AM_LA_IntHigh_2050","AM","LA","IntHigh","2050",6097.95490068579
"03100203_30900000_UNNAMED_DRAIN",1900,80142,"UNNAMED DRAIN","03100203","30900000","DRAIN","tbcmp_AM_LA_IntHigh_2050","AM","LA","IntHigh","2050",79.214077776408
"03100203_30900000_UNNAMED_DRAIN",2100,1116383,"UNNAMED DRAIN","03100203","30900000","DRAIN","tbcmp_AM_LA_IntHigh_2050","AM","LA","IntHigh","2050",1103.45698622769
"03100203_30900000_UNNAMED_DRAIN",2200,37,"UNNAMED DRAIN","03100203","30900000","DRAIN","tbcmp_AM_LA_IntHigh_2050","AM","LA","IntHigh","2050",0.036571596388
"03100203_30900000_UNNAMED_DRAIN",2400,3122,"UNNAMED DRAIN","03100203","30900000","DRAIN","tbcmp_AM_LA_IntHigh_2050","AM","LA","IntHigh","2050",3.085851997928
"03100203_30900000_UNNAMED_DRAIN",3200,148586,"UNNAMED DRAIN","03100203","30900000","DRAIN","tbcmp_AM_LA_IntHigh_2050","AM","LA","IntHigh","2050",146.865600565064
"03100203_30900000_UNNAMED_DRAIN",4100,101656,"UNNAMED DRAIN","03100203","30900000","DRAIN","tbcmp_AM_LA_IntHigh_2050","AM","LA","IntHigh","2050",100.478978443744
"03100203_30900000_UNNAMED_DRAIN",4400,5778,"UNNAMED DRAIN","03100203","30900000","DRAIN","tbcmp_AM_LA_IntHigh_2050","AM","LA","IntHigh","2050",5.711099565672
"03100203_30900000_UNNAMED_DRAIN",5200,6774,"UNNAMED DRAIN","03100203","30900000","DRAIN","tbcmp_AM_LA_IntHigh_2050","AM","LA","IntHigh","2050",6.695567403576
"03100203_30900000_UNNAMED_DRAIN",6110,559815,"UNNAMED DRAIN","03100203","30900000","DRAIN","tbcmp_AM_LA_IntHigh_2050","AM","LA","IntHigh","2050",553.33319545806
"03100203_30900000_UNNAMED_DRAIN",6410,162016,"UNNAMED DRAIN","03100203","30900000","DRAIN","tbcmp_AM_LA_IntHigh_2050","AM","LA","IntHigh","2050",160.140101632384
"03100203_30990000_HOWARD_PRAIRIE_BRANCH",1200,173820,"HOWARD PRAIRIE BRANCH","03100203","30990000","STREAM","tbcmp_AM_LA_IntHigh_2050","AM","LA","IntHigh","2050",171.80742930168
"03100203_30990000_HOWARD_PRAIRIE_BRANCH",1900,339044,"HOWARD PRAIRIE BRANCH","03100203","30990000","STREAM","tbcmp_AM_LA_IntHigh_2050","AM","LA","IntHigh","2050",335.118387183056
"03100203_30990000_HOWARD_PRAIRIE_BRANCH",2100,168404,"HOWARD PRAIRIE BRANCH","03100203","30990000","STREAM","tbcmp_AM_LA_IntHigh_2050","AM","LA","IntHigh","2050",166.454138327696
"03100203_30990000_HOWARD_PRAIRIE_BRANCH",2200,1163,"HOWARD PRAIRIE BRANCH","03100203","30990000","STREAM","tbcmp_AM_LA_IntHigh_2050","AM","LA","IntHigh","2050",1.149534232412
"03100203_30990000_HOWARD_PRAIRIE_BRANCH",3200,62943,"HOWARD PRAIRIE BRANCH","03100203","30990000","STREAM","tbcmp_AM_LA_IntHigh_2050","AM","LA","IntHigh","2050",62.214215985132
"03100203_30990000_HOWARD_PRAIRIE_BRANCH",4100,37406,"HOWARD PRAIRIE BRANCH","03100203","30990000","STREAM","tbcmp_AM_LA_IntHigh_2050","AM","LA","IntHigh","2050",36.972895526744
"03100203_30990000_HOWARD_PRAIRIE_BRANCH",4400,45733,"HOWARD PRAIRIE BRANCH","03100203","30990000","STREAM","tbcmp_AM_LA_IntHigh_2050","AM","LA","IntHigh","2050",45.203481557092
"03100203_30990000_HOWARD_PRAIRIE_BRANCH",5200,931,"HOWARD PRAIRIE BRANCH","03100203","30990000","STREAM","tbcmp_AM_LA_IntHigh_2050","AM","LA","IntHigh","2050",0.920220438844
"03100203_30990000_HOWARD_PRAIRIE_BRANCH",6110,154426,"HOWARD PRAIRIE BRANCH","03100203","30990000","STREAM","tbcmp_AM_LA_IntHigh_2050","AM","LA","IntHigh","2050",152.637982265224
"03100203_30990000_HOWARD_PRAIRIE_BRANCH",6410,61340,"HOWARD PRAIRIE BRANCH","03100203","30990000","STREAM","tbcmp_AM_LA_IntHigh_2050","AM","LA","IntHigh","2050",60.62977628216
"03100203_35000000_PIERCE_BRANCH",1100,501438,"PIERCE BRANCH","03100203","35000000","STREAM","tbcmp_AM_LA_IntHigh_2050","AM","LA","IntHigh","2050",495.632112151512
"03100203_35000000_PIERCE_BRANCH",1200,1246257,"PIERCE BRANCH","03100203","35000000","STREAM","tbcmp_AM_LA_IntHigh_2050","AM","LA","IntHigh","2050",1231.82724323567
"03100203_35000000_PIERCE_BRANCH",1800,4517,"PIERCE BRANCH","03100203","35000000","STREAM","tbcmp_AM_LA_IntHigh_2050","AM","LA","IntHigh","2050",4.464700023908
"03100203_35000000_PIERCE_BRANCH",1900,153716,"PIERCE BRANCH","03100203","35000000","STREAM","tbcmp_AM_LA_IntHigh_2050","AM","LA","IntHigh","2050",151.936202983184
"03100203_35000000_PIERCE_BRANCH",2100,1423598,"PIERCE BRANCH","03100203","35000000","STREAM","tbcmp_AM_LA_IntHigh_2050","AM","LA","IntHigh","2050",1407.11490472335
"03100203_35000000_PIERCE_BRANCH",2200,132504,"PIERCE BRANCH","03100203","35000000","STREAM","tbcmp_AM_LA_IntHigh_2050","AM","LA","IntHigh","2050",130.969805616096
"03100203_35000000_PIERCE_BRANCH",2400,107237,"PIERCE BRANCH","03100203","35000000","STREAM","tbcmp_AM_LA_IntHigh_2050","AM","LA","IntHigh","2050",105.995358969188
"03100203_35000000_PIERCE_BRANCH",3200,106349,"PIERCE BRANCH","03100203","35000000","STREAM","tbcmp_AM_LA_IntHigh_2050","AM","LA","IntHigh","2050",105.117640655876
"03100203_35000000_PIERCE_BRANCH",4100,147495,"PIERCE BRANCH","03100203","35000000","STREAM","tbcmp_AM_LA_IntHigh_2050","AM","LA","IntHigh","2050",145.78723268238
"03100203_35000000_PIERCE_BRANCH",5200,34540,"PIERCE BRANCH","03100203","35000000","STREAM","tbcmp_AM_LA_IntHigh_2050","AM","LA","IntHigh","2050",34.14007943896
"03100203_35000000_PIERCE_BRANCH",6110,422003,"PIERCE BRANCH","03100203","35000000","STREAM","tbcmp_AM_LA_IntHigh_2050","AM","LA","IntHigh","2050",417.116848392572
"03100203_35000000_PIERCE_BRANCH",6410,69716,"PIERCE BRANCH","03100203","35000000","STREAM","tbcmp_AM_LA_IntHigh_2050","AM","LA","IntHigh","2050",68.908794967184
"03100203_40000000_CARLTON_BRANCH",1100,942932,"CARLTON BRANCH","03100203","40000000","STREAM","tbcmp_AM_LA_IntHigh_2050","AM","LA","IntHigh","2050",932.014284468368
"03100203_40000000_CARLTON_BRANCH",1200,768783,"CARLTON BRANCH","03100203","40000000","STREAM","tbcmp_AM_LA_IntHigh_2050","AM","LA","IntHigh","2050",759.881664485292
"03100203_40000000_CARLTON_BRANCH",1800,1019,"CARLTON BRANCH","03100203","40000000","STREAM","tbcmp_AM_LA_IntHigh_2050","AM","LA","IntHigh","2050",1.007201532956
"03100203_40000000_CARLTON_BRANCH",1900,591220,"CARLTON BRANCH","03100203","40000000","STREAM","tbcmp_AM_LA_IntHigh_2050","AM","LA","IntHigh","2050",584.37457341928
"03100203_40000000_CARLTON_BRANCH",2100,2729696,"CARLTON BRANCH","03100203","40000000","STREAM","tbcmp_AM_LA_IntHigh_2050","AM","LA","IntHigh","2050",2698.0902803767
"03100203_40000000_CARLTON_BRANCH",2200,228962,"CARLTON BRANCH","03100203","40000000","STREAM","tbcmp_AM_LA_IntHigh_2050","AM","LA","IntHigh","2050",226.310968978088
"03100203_40000000_CARLTON_BRANCH",2400,162786,"CARLTON BRANCH","03100203","40000000","STREAM","tbcmp_AM_LA_IntHigh_2050","AM","LA","IntHigh","2050",160.901186205864
"03100203_40000000_CARLTON_BRANCH",3200,1965,"CARLTON BRANCH","03100203","40000000","STREAM","tbcmp_AM_LA_IntHigh_2050","AM","LA","IntHigh","2050",1.94224829466
"03100203_40000000_CARLTON_BRANCH",4100,95122,"CARLTON BRANCH","03100203","40000000","STREAM","tbcmp_AM_LA_IntHigh_2050","AM","LA","IntHigh","2050",94.020632205928
"03100203_40000000_CARLTON_BRANCH",5200,226221,"CARLTON BRANCH","03100203","40000000","STREAM","tbcmp_AM_LA_IntHigh_2050","AM","LA","IntHigh","2050",223.601705580804
"03100203_40000000_CARLTON_BRANCH",6110,592673,"CARLTON BRANCH","03100203","40000000","STREAM","tbcmp_AM_LA_IntHigh_2050","AM","LA","IntHigh","2050",585.810749893652
"03100203_40000000_CARLTON_BRANCH",6410,98822,"CARLTON BRANCH","03100203","40000000","STREAM","tbcmp_AM_LA_IntHigh_2050","AM","LA","IntHigh","2050",97.677791844728
"03100203_42000000_UNNAMED_STREAM",1100,46255,"UNNAMED STREAM","03100203","42000000","STREAM","tbcmp_AM_LA_IntHigh_2050","AM","LA","IntHigh","2050",45.71943759262
"03100203_42000000_UNNAMED_STREAM",1900,126077,"UNNAMED STREAM","03100203","42000000","STREAM","tbcmp_AM_LA_IntHigh_2050","AM","LA","IntHigh","2050",124.617220481348
"03100203_42000000_UNNAMED_STREAM",2100,2209276,"UNNAMED STREAM","03100203","42000000","STREAM","tbcmp_AM_LA_IntHigh_2050","AM","LA","IntHigh","2050",2183.69595085662
"03100203_42000000_UNNAMED_STREAM",3200,217834,"UNNAMED STREAM","03100203","42000000","STREAM","tbcmp_AM_LA_IntHigh_2050","AM","LA","IntHigh","2050",215.311814259016
"03100203_42000000_UNNAMED_STREAM",4100,128925,"UNNAMED STREAM","03100203","42000000","STREAM","tbcmp_AM_LA_IntHigh_2050","AM","LA","IntHigh","2050",127.4322449817
"03100203_42000000_UNNAMED_STREAM",4400,5454,"UNNAMED STREAM","03100203","42000000","STREAM","tbcmp_AM_LA_IntHigh_2050","AM","LA","IntHigh","2050",5.390850991896
"03100203_42000000_UNNAMED_STREAM",5200,6544,"UNNAMED STREAM","03100203","42000000","STREAM","tbcmp_AM_LA_IntHigh_2050","AM","LA","IntHigh","2050",6.468230453056
"03100203_42000000_UNNAMED_STREAM",6110,284521,"UNNAMED STREAM","03100203","42000000","STREAM","tbcmp_AM_LA_IntHigh_2050","AM","LA","IntHigh","2050",281.226680430004
"03100203_42000000_UNNAMED_STREAM",6410,66838,"UNNAMED STREAM","03100203","42000000","STREAM","tbcmp_AM_LA_IntHigh_2050","AM","LA","IntHigh","2050",66.064117821112
"03100203_44000000_GULLY_BRANCH",1200,31741,"GULLY BRANCH","03100203","44000000","STREAM","tbcmp_AM_LA_IntHigh_2050","AM","LA","IntHigh","2050",31.373487593284
"03100203_44000000_GULLY_BRANCH",1900,233890,"GULLY BRANCH","03100203","44000000","STREAM","tbcmp_AM_LA_IntHigh_2050","AM","LA","IntHigh","2050",231.18191024836
"03100203_44000000_GULLY_BRANCH",2100,488193,"GULLY BRANCH","03100203","44000000","STREAM","tbcmp_AM_LA_IntHigh_2050","AM","LA","IntHigh","2050",482.540469066132
"03100203_44000000_GULLY_BRANCH",3200,336752,"GULLY BRANCH","03100203","44000000","STREAM","tbcmp_AM_LA_IntHigh_2050","AM","LA","IntHigh","2050",332.852925050048
"03100203_44000000_GULLY_BRANCH",4100,89951,"GULLY BRANCH","03100203","44000000","STREAM","tbcmp_AM_LA_IntHigh_2050","AM","LA","IntHigh","2050",88.909504505324
"03100203_44000000_GULLY_BRANCH",5200,1718,"GULLY BRANCH","03100203","44000000","STREAM","tbcmp_AM_LA_IntHigh_2050","AM","LA","IntHigh","2050",1.698108178232
"03100203_44000000_GULLY_BRANCH",6110,93004,"GULLY BRANCH","03100203","44000000","STREAM","tbcmp_AM_LA_IntHigh_2050","AM","LA","IntHigh","2050",91.927155418096
"03100203_44000000_GULLY_BRANCH",6410,36768,"GULLY BRANCH","03100203","44000000","STREAM","tbcmp_AM_LA_IntHigh_2050","AM","LA","IntHigh","2050",36.342282594432
"03100203_46990000_LAKE_WIMAUMA_DRAIN",1100,244772,"LAKE WIMAUMA DRAIN","03100203","46990000","OUTLET","tbcmp_AM_LA_IntHigh_2050","AM","LA","IntHigh","2050",241.937913272528
"03100203_46990000_LAKE_WIMAUMA_DRAIN",1200,95299,"LAKE WIMAUMA DRAIN","03100203","46990000","OUTLET","tbcmp_AM_LA_IntHigh_2050","AM","LA","IntHigh","2050",94.195582815676
"03100203_46990000_LAKE_WIMAUMA_DRAIN",1800,20996,"LAKE WIMAUMA DRAIN","03100203","46990000","OUTLET","tbcmp_AM_LA_IntHigh_2050","AM","LA","IntHigh","2050",20.752898317904
"03100203_46990000_LAKE_WIMAUMA_DRAIN",1820,15811,"LAKE WIMAUMA DRAIN","03100203","46990000","OUTLET","tbcmp_AM_LA_IntHigh_2050","AM","LA","IntHigh","2050",15.627932715964
"03100203_46990000_LAKE_WIMAUMA_DRAIN",1900,180510,"LAKE WIMAUMA DRAIN","03100203","46990000","OUTLET","tbcmp_AM_LA_IntHigh_2050","AM","LA","IntHigh","2050",178.41996929724
"03100203_46990000_LAKE_WIMAUMA_DRAIN",2100,711175,"LAKE WIMAUMA DRAIN","03100203","46990000","OUTLET","tbcmp_AM_LA_IntHigh_2050","AM","LA","IntHigh","2050",702.9406773307
"03100203_46990000_LAKE_WIMAUMA_DRAIN",2400,51778,"LAKE WIMAUMA DRAIN","03100203","46990000","OUTLET","tbcmp_AM_LA_IntHigh_2050","AM","LA","IntHigh","2050",51.178489669672
"03100203_46990000_LAKE_WIMAUMA_DRAIN",3200,321484,"LAKE WIMAUMA DRAIN","03100203","46990000","OUTLET","tbcmp_AM_LA_IntHigh_2050","AM","LA","IntHigh","2050",317.761705221616
"03100203_46990000_LAKE_WIMAUMA_DRAIN",4100,203642,"LAKE WIMAUMA DRAIN","03100203","46990000","OUTLET","tbcmp_AM_LA_IntHigh_2050","AM","LA","IntHigh","2050",201.284135990408
"03100203_46990000_LAKE_WIMAUMA_DRAIN",5200,94193,"LAKE WIMAUMA DRAIN","03100203","46990000","OUTLET","tbcmp_AM_LA_IntHigh_2050","AM","LA","IntHigh","2050",93.102388610132
"03100203_46990000_LAKE_WIMAUMA_DRAIN",6110,287701,"LAKE WIMAUMA DRAIN","03100203","46990000","OUTLET","tbcmp_AM_LA_IntHigh_2050","AM","LA","IntHigh","2050",284.369860876324
"03100203_46990000_LAKE_WIMAUMA_DRAIN",6410,39846,"LAKE WIMAUMA DRAIN","03100203","46990000","OUTLET","tbcmp_AM_LA_IntHigh_2050","AM","LA","IntHigh","2050",39.384644045304
"03100203_50300000_KEEN_BRANCH",1100,92920,"KEEN BRANCH","03100203","50300000","STREAM","tbcmp_AM_LA_IntHigh_2050","AM","LA","IntHigh","2050",91.84412801008
"03100203_50300000_KEEN_BRANCH",1200,7720,"KEEN BRANCH","03100203","50300000","STREAM","tbcmp_AM_LA_IntHigh_2050","AM","LA","IntHigh","2050",7.63061416528
"03100203_50300000_KEEN_BRANCH",1800,13204,"KEEN BRANCH","03100203","50300000","STREAM","tbcmp_AM_LA_IntHigh_2050","AM","LA","IntHigh","2050",13.051117802896
"03100203_50300000_KEEN_BRANCH",1900,41385,"KEEN BRANCH","03100203","50300000","STREAM","tbcmp_AM_LA_IntHigh_2050","AM","LA","IntHigh","2050",40.90582477074
"03100203_50300000_KEEN_BRANCH",2100,155936,"KEEN BRANCH","03100203","50300000","STREAM","tbcmp_AM_LA_IntHigh_2050","AM","LA","IntHigh","2050",154.130498766464
"03100203_50300000_KEEN_BRANCH",3200,919780,"KEEN BRANCH","03100203","50300000","STREAM","tbcmp_AM_LA_IntHigh_2050","AM","LA","IntHigh","2050",909.13034934472
"03100203_50300000_KEEN_BRANCH",4100,456660,"KEEN BRANCH","03100203","50300000","STREAM","tbcmp_AM_LA_IntHigh_2050","AM","LA","IntHigh","2050",451.37257314984
"03100203_50300000_KEEN_BRANCH",5200,3306,"KEEN BRANCH","03100203","50300000","STREAM","tbcmp_AM_LA_IntHigh_2050","AM","LA","IntHigh","2050",3.267721558344
"03100203_50300000_KEEN_BRANCH",6110,126303,"KEEN BRANCH","03100203","50300000","STREAM","tbcmp_AM_LA_IntHigh_2050","AM","LA","IntHigh","2050",124.840603745772
"03100203_50300000_KEEN_BRANCH",6410,140672,"KEEN BRANCH","03100203","50300000","STREAM","tbcmp_AM_LA_IntHigh_2050","AM","LA","IntHigh","2050",139.043232624128
"03100203_50400000_LONG_BRANCH",1100,101604,"LONG BRANCH","03100203","50400000","STREAM","tbcmp_AM_LA_IntHigh_2050","AM","LA","IntHigh","2050",100.427580524496
"03100203_50400000_LONG_BRANCH",1200,1775743,"LONG BRANCH","03100203","50400000","STREAM","tbcmp_AM_LA_IntHigh_2050","AM","LA","IntHigh","2050",1755.18260229233
"03100203_50400000_LONG_BRANCH",1900,590077,"LONG BRANCH","03100203","50400000","STREAM","tbcmp_AM_LA_IntHigh_2050","AM","LA","IntHigh","2050",583.244807617348
"03100203_50400000_LONG_BRANCH",2100,513729,"LONG BRANCH","03100203","50400000","STREAM","tbcmp_AM_LA_IntHigh_2050","AM","LA","IntHigh","2050",507.780801102996
"03100203_50400000_LONG_BRANCH",2400,4333,"LONG BRANCH","03100203","50400000","STREAM","tbcmp_AM_LA_IntHigh_2050","AM","LA","IntHigh","2050",4.282830463492
"03100203_50400000_LONG_BRANCH",3200,174962,"LONG BRANCH","03100203","50400000","STREAM","tbcmp_AM_LA_IntHigh_2050","AM","LA","IntHigh","2050",172.936206682088
"03100203_50400000_LONG_BRANCH",4100,22773,"LONG BRANCH","03100203","50400000","STREAM","tbcmp_AM_LA_IntHigh_2050","AM","LA","IntHigh","2050",22.509323366052
"03100203_50400000_LONG_BRANCH",5200,370,"LONG BRANCH","03100203","50400000","STREAM","tbcmp_AM_LA_IntHigh_2050","AM","LA","IntHigh","2050",0.36571596388
"03100203_50400000_LONG_BRANCH",6110,207769,"LONG BRANCH","03100203","50400000","STREAM","tbcmp_AM_LA_IntHigh_2050","AM","LA","IntHigh","2050",205.363351619956
"03100203_50400000_LONG_BRANCH",6410,89975,"LONG BRANCH","03100203","50400000","STREAM","tbcmp_AM_LA_IntHigh_2050","AM","LA","IntHigh","2050",88.9332266219
"03100203_50500000_BAKER_BRANCH",1100,23149,"BAKER BRANCH","03100203","50500000","STREAM","tbcmp_AM_LA_IntHigh_2050","AM","LA","IntHigh","2050",22.880969859076
"03100203_50500000_BAKER_BRANCH",1900,76044,"BAKER BRANCH","03100203","50500000","STREAM","tbcmp_AM_LA_IntHigh_2050","AM","LA","IntHigh","2050",75.163526371056
"03100203_50500000_BAKER_BRANCH",2100,280215,"BAKER BRANCH","03100203","50500000","STREAM","tbcmp_AM_LA_IntHigh_2050","AM","LA","IntHigh","2050",276.97053734766
"03100203_50500000_BAKER_BRANCH",2200,90282,"BAKER BRANCH","03100203","50500000","STREAM","tbcmp_AM_LA_IntHigh_2050","AM","LA","IntHigh","2050",89.236672029768
"03100203_50500000_BAKER_BRANCH",4100,30376,"BAKER BRANCH","03100203","50500000","STREAM","tbcmp_AM_LA_IntHigh_2050","AM","LA","IntHigh","2050",30.024292213024
"03100203_50500000_BAKER_BRANCH",5200,980,"BAKER BRANCH","03100203","50500000","STREAM","tbcmp_AM_LA_IntHigh_2050","AM","LA","IntHigh","2050",0.96865309352
"03100203_50500000_BAKER_BRANCH",6110,40596,"BAKER BRANCH","03100203","50500000","STREAM","tbcmp_AM_LA_IntHigh_2050","AM","LA","IntHigh","2050",40.125960188304
"03100203_50500000_BAKER_BRANCH",6410,22816,"BAKER BRANCH","03100203","50500000","STREAM","tbcmp_AM_LA_IntHigh_2050","AM","LA","IntHigh","2050",22.551825491584
"03100203_50520000_MOODY_BRANCH",2100,117725,"MOODY BRANCH","03100203","50520000","STREAM","tbcmp_AM_LA_IntHigh_2050","AM","LA","IntHigh","2050",116.3619239129
"03100203_50520000_MOODY_BRANCH",2200,100750,"MOODY BRANCH","03100203","50520000","STREAM","tbcmp_AM_LA_IntHigh_2050","AM","LA","IntHigh","2050",99.583468543
"03100203_50520000_MOODY_BRANCH",3200,221179,"MOODY BRANCH","03100203","50520000","STREAM","tbcmp_AM_LA_IntHigh_2050","AM","LA","IntHigh","2050",218.618084256796
"03100203_50520000_MOODY_BRANCH",4100,102811,"MOODY BRANCH","03100203","50520000","STREAM","tbcmp_AM_LA_IntHigh_2050","AM","LA","IntHigh","2050",101.620605303964
"03100203_50520000_MOODY_BRANCH",6110,73884,"MOODY BRANCH","03100203","50520000","STREAM","tbcmp_AM_LA_IntHigh_2050","AM","LA","IntHigh","2050",73.028535879216
"03100203_50520000_MOODY_BRANCH",6410,4331,"MOODY BRANCH","03100203","50520000","STREAM","tbcmp_AM_LA_IntHigh_2050","AM","LA","IntHigh","2050",4.280853620444
"03100203_50990000_SO_FK_LITTLE_MANATEE",1100,754350,"SO FK LITTLE MANATEE","03100203","50990000","STREAM","tbcmp_AM_LA_IntHigh_2050","AM","LA","IntHigh","2050",745.6157766294
"03100203_50990000_SO_FK_LITTLE_MANATEE",1200,3175300,"SO FK LITTLE MANATEE","03100203","50990000","STREAM","tbcmp_AM_LA_IntHigh_2050","AM","LA","IntHigh","2050",3138.5348651572
"03100203_50990000_SO_FK_LITTLE_MANATEE",1800,75216,"SO FK LITTLE MANATEE","03100203","50990000","STREAM","tbcmp_AM_LA_IntHigh_2050","AM","LA","IntHigh","2050",74.345113349184
"03100203_50990000_SO_FK_LITTLE_MANATEE",1900,1054595,"SO FK LITTLE MANATEE","03100203","50990000","STREAM","tbcmp_AM_LA_IntHigh_2050","AM","LA","IntHigh","2050",1042.38439710278
"03100203_50990000_SO_FK_LITTLE_MANATEE",2100,6715620,"SO FK LITTLE MANATEE","03100203","50990000","STREAM","tbcmp_AM_LA_IntHigh_2050","AM","LA","IntHigh","2050",6637.86335500488
"03100203_50990000_SO_FK_LITTLE_MANATEE",2200,285905,"SO FK LITTLE MANATEE","03100203","50990000","STREAM","tbcmp_AM_LA_IntHigh_2050","AM","LA","IntHigh","2050",282.59465581922
"03100203_50990000_SO_FK_LITTLE_MANATEE",2400,163087,"SO FK LITTLE MANATEE","03100203","50990000","STREAM","tbcmp_AM_LA_IntHigh_2050","AM","LA","IntHigh","2050",161.198701084588
"03100203_50990000_SO_FK_LITTLE_MANATEE",3200,1323615,"SO FK LITTLE MANATEE","03100203","50990000","STREAM","tbcmp_AM_LA_IntHigh_2050","AM","LA","IntHigh","2050",1308.28955548926
"03100203_50990000_SO_FK_LITTLE_MANATEE",4100,2146087,"SO FK LITTLE MANATEE","03100203","50990000","STREAM","tbcmp_AM_LA_IntHigh_2050","AM","LA","IntHigh","2050",2121.23858317659
"03100203_50990000_SO_FK_LITTLE_MANATEE",4400,129812,"SO FK LITTLE MANATEE","03100203","50990000","STREAM","tbcmp_AM_LA_IntHigh_2050","AM","LA","IntHigh","2050",128.308974873488
"03100203_50990000_SO_FK_LITTLE_MANATEE",5200,54943,"SO FK LITTLE MANATEE","03100203","50990000","STREAM","tbcmp_AM_LA_IntHigh_2050","AM","LA","IntHigh","2050",54.306843793132
"03100203_50990000_SO_FK_LITTLE_MANATEE",6110,2322945,"SO FK LITTLE MANATEE","03100203","50990000","STREAM","tbcmp_AM_LA_IntHigh_2050","AM","LA","IntHigh","2050",2296.04883706818
"03100203_50990000_SO_FK_LITTLE_MANATEE",6410,532389,"SO FK LITTLE MANATEE","03100203","50990000","STREAM","tbcmp_AM_LA_IntHigh_2050","AM","LA","IntHigh","2050",526.224746740836
"03100203_66000000_DUG_CREEK",1100,848192,"DUG CREEK","03100203","66000000","STREAM","tbcmp_AM_LA_IntHigh_2050","AM","LA","IntHigh","2050",838.371229284608
"03100203_66000000_DUG_CREEK",1200,1256608,"DUG CREEK","03100203","66000000","STREAM","tbcmp_AM_LA_IntHigh_2050","AM","LA","IntHigh","2050",1242.05839443059
"03100203_66000000_DUG_CREEK",1800,31155,"DUG CREEK","03100203","66000000","STREAM","tbcmp_AM_LA_IntHigh_2050","AM","LA","IntHigh","2050",30.79427258022
"03100203_66000000_DUG_CREEK",1820,120028,"DUG CREEK","03100203","66000000","STREAM","tbcmp_AM_LA_IntHigh_2050","AM","LA","IntHigh","2050",118.638258682672
"03100203_66000000_DUG_CREEK",1900,653687,"DUG CREEK","03100203","66000000","STREAM","tbcmp_AM_LA_IntHigh_2050","AM","LA","IntHigh","2050",646.118300758988
"03100203_66000000_DUG_CREEK",2100,602878,"DUG CREEK","03100203","66000000","STREAM","tbcmp_AM_LA_IntHigh_2050","AM","LA","IntHigh","2050",595.897591546072
"03100203_66000000_DUG_CREEK",2400,145367,"DUG CREEK","03100203","66000000","STREAM","tbcmp_AM_LA_IntHigh_2050","AM","LA","IntHigh","2050",143.683871679308
"03100203_66000000_DUG_CREEK",3200,161712,"DUG CREEK","03100203","66000000","STREAM","tbcmp_AM_LA_IntHigh_2050","AM","LA","IntHigh","2050",159.839621489088
"03100203_66000000_DUG_CREEK",4100,429004,"DUG CREEK","03100203","66000000","STREAM","tbcmp_AM_LA_IntHigh_2050","AM","LA","IntHigh","2050",424.036787482096
"03100203_66000000_DUG_CREEK",4400,17954,"DUG CREEK","03100203","66000000","STREAM","tbcmp_AM_LA_IntHigh_2050","AM","LA","IntHigh","2050",17.746120041896
"03100203_66000000_DUG_CREEK",5200,261793,"DUG CREEK","03100203","66000000","STREAM","tbcmp_AM_LA_IntHigh_2050","AM","LA","IntHigh","2050",258.761836032532
"03100203_66000000_DUG_CREEK",6110,335093,"DUG CREEK","03100203","66000000","STREAM","tbcmp_AM_LA_IntHigh_2050","AM","LA","IntHigh","2050",331.213133741732
"03100203_66000000_DUG_CREEK",6410,43406,"DUG CREEK","03100203","66000000","STREAM","tbcmp_AM_LA_IntHigh_2050","AM","LA","IntHigh","2050",42.903424670744
"03100203_70000000_CYPRESS_CREEK",1100,18173,"CYPRESS CREEK","03100203","70000000","STREAM","tbcmp_AM_LA_IntHigh_2050","AM","LA","IntHigh","2050",17.962584355652
"03100203_70000000_CYPRESS_CREEK",1200,3789952,"CYPRESS CREEK","03100203","70000000","STREAM","tbcmp_AM_LA_IntHigh_2050","AM","LA","IntHigh","2050",3746.07013172685
"03100203_70000000_CYPRESS_CREEK",1800,60806,"CYPRESS CREEK","03100203","70000000","STREAM","tbcmp_AM_LA_IntHigh_2050","AM","LA","IntHigh","2050",60.101959188344
"03100203_70000000_CYPRESS_CREEK",1820,908241,"CYPRESS CREEK","03100203","70000000","STREAM","tbcmp_AM_LA_IntHigh_2050","AM","LA","IntHigh","2050",897.724953379284
"03100203_70000000_CYPRESS_CREEK",1900,253974,"CYPRESS CREEK","03100203","70000000","STREAM","tbcmp_AM_LA_IntHigh_2050","AM","LA","IntHigh","2050",251.033368136376
"03100203_70000000_CYPRESS_CREEK",2100,15372,"CYPRESS CREEK","03100203","70000000","STREAM","tbcmp_AM_LA_IntHigh_2050","AM","LA","IntHigh","2050",15.194015666928
"03100203_70000000_CYPRESS_CREEK",2400,6360,"CYPRESS CREEK","03100203","70000000","STREAM","tbcmp_AM_LA_IntHigh_2050","AM","LA","IntHigh","2050",6.28636089264
"03100203_70000000_CYPRESS_CREEK",3200,121073,"CYPRESS CREEK","03100203","70000000","STREAM","tbcmp_AM_LA_IntHigh_2050","AM","LA","IntHigh","2050",119.671159175252
"03100203_70000000_CYPRESS_CREEK",4100,300503,"CYPRESS CREEK","03100203","70000000","STREAM","tbcmp_AM_LA_IntHigh_2050","AM","LA","IntHigh","2050",297.023633226572
"03100203_70000000_CYPRESS_CREEK",5200,712090,"CYPRESS CREEK","03100203","70000000","STREAM","tbcmp_AM_LA_IntHigh_2050","AM","LA","IntHigh","2050",703.84508302516
"03100203_70000000_CYPRESS_CREEK",6110,851322,"CYPRESS CREEK","03100203","70000000","STREAM","tbcmp_AM_LA_IntHigh_2050","AM","LA","IntHigh","2050",841.464988654728
"03100203_70000000_CYPRESS_CREEK",6410,260970,"CYPRESS CREEK","03100203","70000000","STREAM","tbcmp_AM_LA_IntHigh_2050","AM","LA","IntHigh","2050",257.94836511828
"03100203_70000000_CYPRESS_CREEK",6420,13,"CYPRESS CREEK","03100203","70000000","STREAM","tbcmp_AM_LA_IntHigh_2050","AM","LA","IntHigh","2050",0.012849479812
"03100203_70000000_CYPRESS_CREEK",6425,1,"CYPRESS CREEK","03100203","70000000","STREAM","tbcmp_AM_LA_IntHigh_2050","AM","LA","IntHigh","2050",0.000988421524
"03100203_70000000_CYPRESS_CREEK",6600,301,"CYPRESS CREEK","03100203","70000000","STREAM","tbcmp_AM_LA_IntHigh_2050","AM","LA","IntHigh","2050",0.297514878724
"03100203_74000000_UNNAMED_SLOUGH",1100,1134804,"UNNAMED SLOUGH","03100203","74000000","SLOUGH","tbcmp_AM_LA_IntHigh_2050","AM","LA","IntHigh","2050",1121.6646991213
"03100203_74000000_UNNAMED_SLOUGH",1200,353194,"UNNAMED SLOUGH","03100203","74000000","SLOUGH","tbcmp_AM_LA_IntHigh_2050","AM","LA","IntHigh","2050",349.104551747656
"03100203_74000000_UNNAMED_SLOUGH",1900,437959,"UNNAMED SLOUGH","03100203","74000000","SLOUGH","tbcmp_AM_LA_IntHigh_2050","AM","LA","IntHigh","2050",432.888102229516
"03100203_74000000_UNNAMED_SLOUGH",2100,486341,"UNNAMED SLOUGH","03100203","74000000","SLOUGH","tbcmp_AM_LA_IntHigh_2050","AM","LA","IntHigh","2050",480.709912403684
"03100203_74000000_UNNAMED_SLOUGH",2400,22663,"UNNAMED SLOUGH","03100203","74000000","SLOUGH","tbcmp_AM_LA_IntHigh_2050","AM","LA","IntHigh","2050",22.400596998412
"03100203_74000000_UNNAMED_SLOUGH",3200,441363,"UNNAMED SLOUGH","03100203","74000000","SLOUGH","tbcmp_AM_LA_IntHigh_2050","AM","LA","IntHigh","2050",436.252689097212
"03100203_74000000_UNNAMED_SLOUGH",4100,577735,"UNNAMED SLOUGH","03100203","74000000","SLOUGH","tbcmp_AM_LA_IntHigh_2050","AM","LA","IntHigh","2050",571.04570916814
"03100203_74000000_UNNAMED_SLOUGH",5200,18226,"UNNAMED SLOUGH","03100203","74000000","SLOUGH","tbcmp_AM_LA_IntHigh_2050","AM","LA","IntHigh","2050",18.014970696424
"03100203_74000000_UNNAMED_SLOUGH",6110,761128,"UNNAMED SLOUGH","03100203","74000000","SLOUGH","tbcmp_AM_LA_IntHigh_2050","AM","LA","IntHigh","2050",752.315297719072
"03100203_74000000_UNNAMED_SLOUGH",6120,410,"UNNAMED SLOUGH","03100203","74000000","SLOUGH","tbcmp_AM_LA_IntHigh_2050","AM","LA","IntHigh","2050",0.40525282484
"03100203_74000000_UNNAMED_SLOUGH",6410,640469,"UNNAMED SLOUGH","03100203","74000000","SLOUGH","tbcmp_AM_LA_IntHigh_2050","AM","LA","IntHigh","2050",633.053345054756
"03100203_74000000_UNNAMED_SLOUGH",6420,2482,"UNNAMED SLOUGH","03100203","74000000","SLOUGH","tbcmp_AM_LA_IntHigh_2050","AM","LA","IntHigh","2050",2.453262222568
"03100203_74000000_UNNAMED_SLOUGH",6425,6697,"UNNAMED SLOUGH","03100203","74000000","SLOUGH","tbcmp_AM_LA_IntHigh_2050","AM","LA","IntHigh","2050",6.619458946228
"03100203_74000000_UNNAMED_SLOUGH",6510,1090,"UNNAMED SLOUGH","03100203","74000000","SLOUGH","tbcmp_AM_LA_IntHigh_2050","AM","LA","IntHigh","2050",1.07737946116
"03100203_74000000_UNNAMED_SLOUGH",6600,4837,"UNNAMED SLOUGH","03100203","74000000","SLOUGH","tbcmp_AM_LA_IntHigh_2050","AM","LA","IntHigh","2050",4.780994911588
"03100203_74000000_UNNAMED_SLOUGH",9113,182,"UNNAMED SLOUGH","03100203","74000000","SLOUGH","tbcmp_AM_LA_IntHigh_2050","AM","LA","IntHigh","2050",0.179892717368
"03100203_80950000_UNNAMED_DRAINAGE_DITCH",1100,134970,"UNNAMED DRAINAGE DITCH","03100203","80950000","DITCH","tbcmp_AM_LA_IntHigh_2050","AM","LA","IntHigh","2050",133.40725309428
"03100203_80950000_UNNAMED_DRAINAGE_DITCH",1200,754433,"UNNAMED DRAINAGE DITCH","03100203","80950000","DITCH","tbcmp_AM_LA_IntHigh_2050","AM","LA","IntHigh","2050",745.697815615892
"03100203_80950000_UNNAMED_DRAINAGE_DITCH",1800,12511,"UNNAMED DRAINAGE DITCH","03100203","80950000","DITCH","tbcmp_AM_LA_IntHigh_2050","AM","LA","IntHigh","2050",12.366141686764
"03100203_80950000_UNNAMED_DRAINAGE_DITCH",1900,2119140,"UNNAMED DRAINAGE DITCH","03100203","80950000","DITCH","tbcmp_AM_LA_IntHigh_2050","AM","LA","IntHigh","2050",2094.60358836936
"03100203_80950000_UNNAMED_DRAINAGE_DITCH",2100,4877034,"UNNAMED DRAINAGE DITCH","03100203","80950000","DITCH","tbcmp_AM_LA_IntHigh_2050","AM","LA","IntHigh","2050",4820.56537887982
"03100203_80950000_UNNAMED_DRAINAGE_DITCH",2200,43464,"UNNAMED DRAINAGE DITCH","03100203","80950000","DITCH","tbcmp_AM_LA_IntHigh_2050","AM","LA","IntHigh","2050",42.960753119136
"03100203_80950000_UNNAMED_DRAINAGE_DITCH",2400,3676,"UNNAMED DRAINAGE DITCH","03100203","80950000","DITCH","tbcmp_AM_LA_IntHigh_2050","AM","LA","IntHigh","2050",3.633437522224
"03100203_80950000_UNNAMED_DRAINAGE_DITCH",3200,531866,"UNNAMED DRAINAGE DITCH","03100203","80950000","DITCH","tbcmp_AM_LA_IntHigh_2050","AM","LA","IntHigh","2050",525.707802283784
"03100203_80950000_UNNAMED_DRAINAGE_DITCH",4100,699890,"UNNAMED DRAINAGE DITCH","03100203","80950000","DITCH","tbcmp_AM_LA_IntHigh_2050","AM","LA","IntHigh","2050",691.78634043236
"03100203_80950000_UNNAMED_DRAINAGE_DITCH",5200,338061,"UNNAMED DRAINAGE DITCH","03100203","80950000","DITCH","tbcmp_AM_LA_IntHigh_2050","AM","LA","IntHigh","2050",334.146768824964
"03100203_80950000_UNNAMED_DRAINAGE_DITCH",5400,8427,"UNNAMED DRAINAGE DITCH","03100203","80950000","DITCH","tbcmp_AM_LA_IntHigh_2050","AM","LA","IntHigh","2050",8.329428182748
"03100203_80950000_UNNAMED_DRAINAGE_DITCH",6110,1518347,"UNNAMED DRAINAGE DITCH","03100203","80950000","DITCH","tbcmp_AM_LA_IntHigh_2050","AM","LA","IntHigh","2050",1500.76685570083
"03100203_80950000_UNNAMED_DRAINAGE_DITCH",6120,63,"UNNAMED DRAINAGE DITCH","03100203","80950000","DITCH","tbcmp_AM_LA_IntHigh_2050","AM","LA","IntHigh","2050",0.062270556012
"03100203_80950000_UNNAMED_DRAINAGE_DITCH",6410,864318,"UNNAMED DRAINAGE DITCH","03100203","80950000","DITCH","tbcmp_AM_LA_IntHigh_2050","AM","LA","IntHigh","2050",854.310514780632
"03100203_80950000_UNNAMED_DRAINAGE_DITCH",6420,25122,"UNNAMED DRAINAGE DITCH","03100203","80950000","DITCH","tbcmp_AM_LA_IntHigh_2050","AM","LA","IntHigh","2050",24.831125525928
"03100203_80950000_UNNAMED_DRAINAGE_DITCH",6425,9538,"UNNAMED DRAINAGE DITCH","03100203","80950000","DITCH","tbcmp_AM_LA_IntHigh_2050","AM","LA","IntHigh","2050",9.427564495912
"03100203_80950000_UNNAMED_DRAINAGE_DITCH",6510,179,"UNNAMED DRAINAGE DITCH","03100203","80950000","DITCH","tbcmp_AM_LA_IntHigh_2050","AM","LA","IntHigh","2050",0.176927452796
"03100203_80950000_UNNAMED_DRAINAGE_DITCH",6600,13598,"UNNAMED DRAINAGE DITCH","03100203","80950000","DITCH","tbcmp_AM_LA_IntHigh_2050","AM","LA","IntHigh","2050",13.440555883352
"03100203_80950000_UNNAMED_DRAINAGE_DITCH",9113,118,"UNNAMED DRAINAGE DITCH","03100203","80950000","DITCH","tbcmp_AM_LA_IntHigh_2050","AM","LA","IntHigh","2050",0.116633739832
"03100203_80990000_CURIOSITY_CREEK",1100,691043,"CURIOSITY CREEK","03100203","80990000","STREAM","tbcmp_AM_LA_IntHigh_2050","AM","LA","IntHigh","2050",683.041775209532
"03100203_80990000_CURIOSITY_CREEK",1200,1880,"CURIOSITY CREEK","03100203","80990000","STREAM","tbcmp_AM_LA_IntHigh_2050","AM","LA","IntHigh","2050",1.85823246512
"03100203_80990000_CURIOSITY_CREEK",1900,111138,"CURIOSITY CREEK","03100203","80990000","STREAM","tbcmp_AM_LA_IntHigh_2050","AM","LA","IntHigh","2050",109.851191334312
"03100203_80990000_CURIOSITY_CREEK",2100,989286,"CURIOSITY CREEK","03100203","80990000","STREAM","tbcmp_AM_LA_IntHigh_2050","AM","LA","IntHigh","2050",977.831575791864
"03100203_80990000_CURIOSITY_CREEK",2200,19734,"CURIOSITY CREEK","03100203","80990000","STREAM","tbcmp_AM_LA_IntHigh_2050","AM","LA","IntHigh","2050",19.505510354616
"03100203_80990000_CURIOSITY_CREEK",2400,17791,"CURIOSITY CREEK","03100203","80990000","STREAM","tbcmp_AM_LA_IntHigh_2050","AM","LA","IntHigh","2050",17.585007333484
"03100203_80990000_CURIOSITY_CREEK",3200,27747,"CURIOSITY CREEK","03100203","80990000","STREAM","tbcmp_AM_LA_IntHigh_2050","AM","LA","IntHigh","2050",27.425732026428
"03100203_80990000_CURIOSITY_CREEK",4100,200460,"CURIOSITY CREEK","03100203","80990000","STREAM","tbcmp_AM_LA_IntHigh_2050","AM","LA","IntHigh","2050",198.13897870104
"03100203_80990000_CURIOSITY_CREEK",5200,19326,"CURIOSITY CREEK","03100203","80990000","STREAM","tbcmp_AM_LA_IntHigh_2050","AM","LA","IntHigh","2050",19.102234372824
"03100203_80990000_CURIOSITY_CREEK",5400,50,"CURIOSITY CREEK","03100203","80990000","STREAM","tbcmp_AM_LA_IntHigh_2050","AM","LA","IntHigh","2050",0.0494210762
"03100203_80990000_CURIOSITY_CREEK",6110,201641,"CURIOSITY CREEK","03100203","80990000","STREAM","tbcmp_AM_LA_IntHigh_2050","AM","LA","IntHigh","2050",199.306304520884
"03100203_80990000_CURIOSITY_CREEK",6410,73584,"CURIOSITY CREEK","03100203","80990000","STREAM","tbcmp_AM_LA_IntHigh_2050","AM","LA","IntHigh","2050",72.732009422016
"03100203_80990000_CURIOSITY_CREEK",6420,1253,"CURIOSITY CREEK","03100203","80990000","STREAM","tbcmp_AM_LA_IntHigh_2050","AM","LA","IntHigh","2050",1.238492169572
"03100203_80990000_CURIOSITY_CREEK",6425,1693,"CURIOSITY CREEK","03100203","80990000","STREAM","tbcmp_AM_LA_IntHigh_2050","AM","LA","IntHigh","2050",1.673397640132
"03100203_80990000_CURIOSITY_CREEK",6510,45,"CURIOSITY CREEK","03100203","80990000","STREAM","tbcmp_AM_LA_IntHigh_2050","AM","LA","IntHigh","2050",0.04447896858
"03100203_80990000_CURIOSITY_CREEK",6600,4152,"CURIOSITY CREEK","03100203","80990000","STREAM","tbcmp_AM_LA_IntHigh_2050","AM","LA","IntHigh","2050",4.103926167648
"03100203_84000000_BOLSTER_BAYOU",1200,37350,"BOLSTER BAYOU","03100203","84000000","BAYOU","tbcmp_AM_LA_IntHigh_2050","AM","LA","IntHigh","2050",36.9175439214
"03100203_84000000_BOLSTER_BAYOU",3200,53053,"BOLSTER BAYOU","03100203","84000000","BAYOU","tbcmp_AM_LA_IntHigh_2050","AM","LA","IntHigh","2050",52.438727112772
"03100203_84000000_BOLSTER_BAYOU",4100,14110,"BOLSTER BAYOU","03100203","84000000","BAYOU","tbcmp_AM_LA_IntHigh_2050","AM","LA","IntHigh","2050",13.94662770364
"03100203_84000000_BOLSTER_BAYOU",5400,50870,"BOLSTER BAYOU","03100203","84000000","BAYOU","tbcmp_AM_LA_IntHigh_2050","AM","LA","IntHigh","2050",50.28100292588
"03100203_84000000_BOLSTER_BAYOU",6110,14276,"BOLSTER BAYOU","03100203","84000000","BAYOU","tbcmp_AM_LA_IntHigh_2050","AM","LA","IntHigh","2050",14.110705676624
"03100203_84000000_BOLSTER_BAYOU",6410,4102,"BOLSTER BAYOU","03100203","84000000","BAYOU","tbcmp_AM_LA_IntHigh_2050","AM","LA","IntHigh","2050",4.054505091448
"03100203_84000000_BOLSTER_BAYOU",6420,35372,"BOLSTER BAYOU","03100203","84000000","BAYOU","tbcmp_AM_LA_IntHigh_2050","AM","LA","IntHigh","2050",34.962446146928
"03100203_84000000_BOLSTER_BAYOU",6425,5361,"BOLSTER BAYOU","03100203","84000000","BAYOU","tbcmp_AM_LA_IntHigh_2050","AM","LA","IntHigh","2050",5.298927790164
"03100203_84000000_BOLSTER_BAYOU",6510,867,"BOLSTER BAYOU","03100203","84000000","BAYOU","tbcmp_AM_LA_IntHigh_2050","AM","LA","IntHigh","2050",0.856961461308
"03100203_84000000_BOLSTER_BAYOU",6600,11490,"BOLSTER BAYOU","03100203","84000000","BAYOU","tbcmp_AM_LA_IntHigh_2050","AM","LA","IntHigh","2050",11.35696331076
"03100203_84000000_BOLSTER_BAYOU",9113,301,"BOLSTER BAYOU","03100203","84000000","BAYOU","tbcmp_AM_LA_IntHigh_2050","AM","LA","IntHigh","2050",0.297514878724
"03100203_88500000_WILDCAT_CREEK",1100,26651,"WILDCAT CREEK","03100203","88500000","STREAM","tbcmp_AM_LA_IntHigh_2050","AM","LA","IntHigh","2050",26.342422036124
"03100203_88500000_WILDCAT_CREEK",1200,549948,"WILDCAT CREEK","03100203","88500000","STREAM","tbcmp_AM_LA_IntHigh_2050","AM","LA","IntHigh","2050",543.580440280752
"03100203_88500000_WILDCAT_CREEK",1820,113325,"WILDCAT CREEK","03100203","88500000","STREAM","tbcmp_AM_LA_IntHigh_2050","AM","LA","IntHigh","2050",112.0128692073
"03100203_88500000_WILDCAT_CREEK",1900,148442,"WILDCAT CREEK","03100203","88500000","STREAM","tbcmp_AM_LA_IntHigh_2050","AM","LA","IntHigh","2050",146.723267865608
"03100203_88500000_WILDCAT_CREEK",2100,499845,"WILDCAT CREEK","03100203","88500000","STREAM","tbcmp_AM_LA_IntHigh_2050","AM","LA","IntHigh","2050",494.05755666378
"03100203_88500000_WILDCAT_CREEK",2200,454335,"WILDCAT CREEK","03100203","88500000","STREAM","tbcmp_AM_LA_IntHigh_2050","AM","LA","IntHigh","2050",449.07449310654
"03100203_88500000_WILDCAT_CREEK",3200,186811,"WILDCAT CREEK","03100203","88500000","STREAM","tbcmp_AM_LA_IntHigh_2050","AM","LA","IntHigh","2050",184.648013319964
"03100203_88500000_WILDCAT_CREEK",4100,40599,"WILDCAT CREEK","03100203","88500000","STREAM","tbcmp_AM_LA_IntHigh_2050","AM","LA","IntHigh","2050",40.128925452876
"03100203_88500000_WILDCAT_CREEK",5200,31580,"WILDCAT CREEK","03100203","88500000","STREAM","tbcmp_AM_LA_IntHigh_2050","AM","LA","IntHigh","2050",31.21435172792
"03100203_88500000_WILDCAT_CREEK",5400,11925,"WILDCAT CREEK","03100203","88500000","STREAM","tbcmp_AM_LA_IntHigh_2050","AM","LA","IntHigh","2050",11.7869266737
"03100203_88500000_WILDCAT_CREEK",6110,117997,"WILDCAT CREEK","03100203","88500000","STREAM","tbcmp_AM_LA_IntHigh_2050","AM","LA","IntHigh","2050",116.630774567428
"03100203_88500000_WILDCAT_CREEK",6120,1917,"WILDCAT CREEK","03100203","88500000","STREAM","tbcmp_AM_LA_IntHigh_2050","AM","LA","IntHigh","2050",1.894804061508
"03100203_88500000_WILDCAT_CREEK",6410,86749,"WILDCAT CREEK","03100203","88500000","STREAM","tbcmp_AM_LA_IntHigh_2050","AM","LA","IntHigh","2050",85.744578785476
"03100203_88500000_WILDCAT_CREEK",6420,31398,"WILDCAT CREEK","03100203","88500000","STREAM","tbcmp_AM_LA_IntHigh_2050","AM","LA","IntHigh","2050",31.034459010552
"03100203_88500000_WILDCAT_CREEK",6425,8608,"WILDCAT CREEK","03100203","88500000","STREAM","tbcmp_AM_LA_IntHigh_2050","AM","LA","IntHigh","2050",8.508332478592
"03100203_88500000_WILDCAT_CREEK",6510,7,"WILDCAT CREEK","03100203","88500000","STREAM","tbcmp_AM_LA_IntHigh_2050","AM","LA","IntHigh","2050",0.006918950668
"03100203_88500000_WILDCAT_CREEK",6600,5664,"WILDCAT CREEK","03100203","88500000","STREAM","tbcmp_AM_LA_IntHigh_2050","AM","LA","IntHigh","2050",5.598419511936
"03100203_88500000_WILDCAT_CREEK",9113,3,"WILDCAT CREEK","03100203","88500000","STREAM","tbcmp_AM_LA_IntHigh_2050","AM","LA","IntHigh","2050",0.002965264572
"03100203_88990000_HAYNES_BAYOU",1100,6958,"HAYNES BAYOU","03100203","88990000","BAYOU","tbcmp_AM_LA_IntHigh_2050","AM","LA","IntHigh","2050",6.877436963992
"03100203_88990000_HAYNES_BAYOU",1200,64139,"HAYNES BAYOU","03100203","88990000","BAYOU","tbcmp_AM_LA_IntHigh_2050","AM","LA","IntHigh","2050",63.396368127836
"03100203_88990000_HAYNES_BAYOU",1800,5762,"HAYNES BAYOU","03100203","88990000","BAYOU","tbcmp_AM_LA_IntHigh_2050","AM","LA","IntHigh","2050",5.695284821288
"03100203_88990000_HAYNES_BAYOU",1820,11229,"HAYNES BAYOU","03100203","88990000","BAYOU","tbcmp_AM_LA_IntHigh_2050","AM","LA","IntHigh","2050",11.098985292996
"03100203_88990000_HAYNES_BAYOU",1900,2305,"HAYNES BAYOU","03100203","88990000","BAYOU","tbcmp_AM_LA_IntHigh_2050","AM","LA","IntHigh","2050",2.27831161282
"03100203_88990000_HAYNES_BAYOU",3200,7472,"HAYNES BAYOU","03100203","88990000","BAYOU","tbcmp_AM_LA_IntHigh_2050","AM","LA","IntHigh","2050",7.385485627328
"03100203_88990000_HAYNES_BAYOU",4100,3814,"HAYNES BAYOU","03100203","88990000","BAYOU","tbcmp_AM_LA_IntHigh_2050","AM","LA","IntHigh","2050",3.769839692536
"03100203_88990000_HAYNES_BAYOU",5200,4039,"HAYNES BAYOU","03100203","88990000","BAYOU","tbcmp_AM_LA_IntHigh_2050","AM","LA","IntHigh","2050",3.992234535436
"03100203_88990000_HAYNES_BAYOU",5400,165812,"HAYNES BAYOU","03100203","88990000","BAYOU","tbcmp_AM_LA_IntHigh_2050","AM","LA","IntHigh","2050",163.892149737488
"03100203_88990000_HAYNES_BAYOU",6110,6622,"HAYNES BAYOU","03100203","88990000","BAYOU","tbcmp_AM_LA_IntHigh_2050","AM","LA","IntHigh","2050",6.545327331928
"03100203_88990000_HAYNES_BAYOU",6410,2467,"HAYNES BAYOU","03100203","88990000","BAYOU","tbcmp_AM_LA_IntHigh_2050","AM","LA","IntHigh","2050",2.438435899708
"03100203_88990000_HAYNES_BAYOU",6420,29905,"HAYNES BAYOU","03100203","88990000","BAYOU","tbcmp_AM_LA_IntHigh_2050","AM","LA","IntHigh","2050",29.55874567522
"03100203_88990000_HAYNES_BAYOU",6425,5444,"HAYNES BAYOU","03100203","88990000","BAYOU","tbcmp_AM_LA_IntHigh_2050","AM","LA","IntHigh","2050",5.380966776656
"03100203_88990000_HAYNES_BAYOU",6510,589,"HAYNES BAYOU","03100203","88990000","BAYOU","tbcmp_AM_LA_IntHigh_2050","AM","LA","IntHigh","2050",0.582180277636
"03100203_88990000_HAYNES_BAYOU",6600,3900,"HAYNES BAYOU","03100203","88990000","BAYOU","tbcmp_AM_LA_IntHigh_2050","AM","LA","IntHigh","2050",3.8548439436
"03100203_88990000_HAYNES_BAYOU",9113,1838,"HAYNES BAYOU","03100203","88990000","BAYOU","tbcmp_AM_LA_IntHigh_2050","AM","LA","IntHigh","2050",1.816718761112
"03100203_89000000_SUN_CITY_SLOUGH",1100,49551,"SUN CITY SLOUGH","03100203","89000000","SLOUGH","tbcmp_AM_LA_IntHigh_2050","AM","LA","IntHigh","2050",48.977274935724
"03100203_89000000_SUN_CITY_SLOUGH",1200,317084,"SUN CITY SLOUGH","03100203","89000000","SLOUGH","tbcmp_AM_LA_IntHigh_2050","AM","LA","IntHigh","2050",313.412650516016
"03100203_89000000_SUN_CITY_SLOUGH",1820,2426,"SUN CITY SLOUGH","03100203","89000000","SLOUGH","tbcmp_AM_LA_IntHigh_2050","AM","LA","IntHigh","2050",2.397910617224
"03100203_89000000_SUN_CITY_SLOUGH",1900,122615,"SUN CITY SLOUGH","03100203","89000000","SLOUGH","tbcmp_AM_LA_IntHigh_2050","AM","LA","IntHigh","2050",121.19530516526
"03100203_89000000_SUN_CITY_SLOUGH",2100,259597,"SUN CITY SLOUGH","03100203","89000000","SLOUGH","tbcmp_AM_LA_IntHigh_2050","AM","LA","IntHigh","2050",256.591262365828
"03100203_89000000_SUN_CITY_SLOUGH",2200,36431,"SUN CITY SLOUGH","03100203","89000000","SLOUGH","tbcmp_AM_LA_IntHigh_2050","AM","LA","IntHigh","2050",36.009184540844
"03100203_89000000_SUN_CITY_SLOUGH",2400,115,"SUN CITY SLOUGH","03100203","89000000","SLOUGH","tbcmp_AM_LA_IntHigh_2050","AM","LA","IntHigh","2050",0.11366847526
"03100203_89000000_SUN_CITY_SLOUGH",3200,68268,"SUN CITY SLOUGH","03100203","89000000","SLOUGH","tbcmp_AM_LA_IntHigh_2050","AM","LA","IntHigh","2050",67.477560600432
"03100203_89000000_SUN_CITY_SLOUGH",4100,179527,"SUN CITY SLOUGH","03100203","89000000","SLOUGH","tbcmp_AM_LA_IntHigh_2050","AM","LA","IntHigh","2050",177.448350939148
"03100203_89000000_SUN_CITY_SLOUGH",5200,8405,"SUN CITY SLOUGH","03100203","89000000","SLOUGH","tbcmp_AM_LA_IntHigh_2050","AM","LA","IntHigh","2050",8.30768290922
"03100203_89000000_SUN_CITY_SLOUGH",5400,460,"SUN CITY SLOUGH","03100203","89000000","SLOUGH","tbcmp_AM_LA_IntHigh_2050","AM","LA","IntHigh","2050",0.45467390104
"03100203_89000000_SUN_CITY_SLOUGH",6110,138058,"SUN CITY SLOUGH","03100203","89000000","SLOUGH","tbcmp_AM_LA_IntHigh_2050","AM","LA","IntHigh","2050",136.459498760392
"03100203_89000000_SUN_CITY_SLOUGH",6410,15603,"SUN CITY SLOUGH","03100203","89000000","SLOUGH","tbcmp_AM_LA_IntHigh_2050","AM","LA","IntHigh","2050",15.422341038972
"03100203_89000000_SUN_CITY_SLOUGH",6420,440,"SUN CITY SLOUGH","03100203","89000000","SLOUGH","tbcmp_AM_LA_IntHigh_2050","AM","LA","IntHigh","2050",0.43490547056
"03100203_89000000_SUN_CITY_SLOUGH",6425,581,"SUN CITY SLOUGH","03100203","89000000","SLOUGH","tbcmp_AM_LA_IntHigh_2050","AM","LA","IntHigh","2050",0.574272905444
"03100203_89000000_SUN_CITY_SLOUGH",6510,4,"SUN CITY SLOUGH","03100203","89000000","SLOUGH","tbcmp_AM_LA_IntHigh_2050","AM","LA","IntHigh","2050",0.003953686096
"03100203_89000000_SUN_CITY_SLOUGH",6600,1126,"SUN CITY SLOUGH","03100203","89000000","SLOUGH","tbcmp_AM_LA_IntHigh_2050","AM","LA","IntHigh","2050",1.112962636024
"03100203_90000000_MILL_BAYOU",1100,146902,"MILL BAYOU","03100203","90000000","BAYOU","tbcmp_AM_LA_IntHigh_2050","AM","LA","IntHigh","2050",145.201098718648
"03100203_90000000_MILL_BAYOU",1200,420253,"MILL BAYOU","03100203","90000000","BAYOU","tbcmp_AM_LA_IntHigh_2050","AM","LA","IntHigh","2050",415.387110725572
"03100203_90000000_MILL_BAYOU",1800,4105,"MILL BAYOU","03100203","90000000","BAYOU","tbcmp_AM_LA_IntHigh_2050","AM","LA","IntHigh","2050",4.05747035602
"03100203_90000000_MILL_BAYOU",1900,110186,"MILL BAYOU","03100203","90000000","BAYOU","tbcmp_AM_LA_IntHigh_2050","AM","LA","IntHigh","2050",108.910214043464
"03100203_90000000_MILL_BAYOU",2100,46021,"MILL BAYOU","03100203","90000000","BAYOU","tbcmp_AM_LA_IntHigh_2050","AM","LA","IntHigh","2050",45.488146956004
"03100203_90000000_MILL_BAYOU",2400,39964,"MILL BAYOU","03100203","90000000","BAYOU","tbcmp_AM_LA_IntHigh_2050","AM","LA","IntHigh","2050",39.501277785136
"03100203_90000000_MILL_BAYOU",4100,30333,"MILL BAYOU","03100203","90000000","BAYOU","tbcmp_AM_LA_IntHigh_2050","AM","LA","IntHigh","2050",29.981790087492
"03100203_90000000_MILL_BAYOU",5200,41193,"MILL BAYOU","03100203","90000000","BAYOU","tbcmp_AM_LA_IntHigh_2050","AM","LA","IntHigh","2050",40.716047838132
"03100203_90000000_MILL_BAYOU",5400,100122,"MILL BAYOU","03100203","90000000","BAYOU","tbcmp_AM_LA_IntHigh_2050","AM","LA","IntHigh","2050",98.962739825928
"03100203_90000000_MILL_BAYOU",6110,3638,"MILL BAYOU","03100203","90000000","BAYOU","tbcmp_AM_LA_IntHigh_2050","AM","LA","IntHigh","2050",3.595877504312
"03100203_90000000_MILL_BAYOU",6420,81115,"MILL BAYOU","03100203","90000000","BAYOU","tbcmp_AM_LA_IntHigh_2050","AM","LA","IntHigh","2050",80.17581191926
"03100203_90000000_MILL_BAYOU",6425,25214,"MILL BAYOU","03100203","90000000","BAYOU","tbcmp_AM_LA_IntHigh_2050","AM","LA","IntHigh","2050",24.922060306136
"03100203_90000000_MILL_BAYOU",6510,795,"MILL BAYOU","03100203","90000000","BAYOU","tbcmp_AM_LA_IntHigh_2050","AM","LA","IntHigh","2050",0.78579511158
"03100203_90000000_MILL_BAYOU",6600,8746,"MILL BAYOU","03100203","90000000","BAYOU","tbcmp_AM_LA_IntHigh_2050","AM","LA","IntHigh","2050",8.644734648904
"03100203_90000000_MILL_BAYOU",9113,1921,"MILL BAYOU","03100203","90000000","BAYOU","tbcmp_AM_LA_IntHigh_2050","AM","LA","IntHigh","2050",1.898757747604
"03100203_95000000_RUSKIN_INLET_MARSH_BR",1100,353706,"RUSKIN INLET MARSH BR","03100203","95000000","STREAM","tbcmp_AM_LA_IntHigh_2050","AM","LA","IntHigh","2050",349.610623567944
"03100203_95000000_RUSKIN_INLET_MARSH_BR",1200,2571572,"RUSKIN INLET MARSH BR","03100203","95000000","STREAM","tbcmp_AM_LA_IntHigh_2050","AM","LA","IntHigh","2050",2541.79711531573
"03100203_95000000_RUSKIN_INLET_MARSH_BR",1800,21709,"RUSKIN INLET MARSH BR","03100203","95000000","STREAM","tbcmp_AM_LA_IntHigh_2050","AM","LA","IntHigh","2050",21.457642864516
"03100203_95000000_RUSKIN_INLET_MARSH_BR",1900,213289,"RUSKIN INLET MARSH BR","03100203","95000000","STREAM","tbcmp_AM_LA_IntHigh_2050","AM","LA","IntHigh","2050",210.819438432436
"03100203_95000000_RUSKIN_INLET_MARSH_BR",2100,204182,"RUSKIN INLET MARSH BR","03100203","95000000","STREAM","tbcmp_AM_LA_IntHigh_2050","AM","LA","IntHigh","2050",201.817883613368
"03100203_95000000_RUSKIN_INLET_MARSH_BR",2200,12539,"RUSKIN INLET MARSH BR","03100203","95000000","STREAM","tbcmp_AM_LA_IntHigh_2050","AM","LA","IntHigh","2050",12.393817489436
"03100203_95000000_RUSKIN_INLET_MARSH_BR",2400,66010,"RUSKIN INLET MARSH BR","03100203","95000000","STREAM","tbcmp_AM_LA_IntHigh_2050","AM","LA","IntHigh","2050",65.24570479924
"03100203_95000000_RUSKIN_INLET_MARSH_BR",3200,13520,"RUSKIN INLET MARSH BR","03100203","95000000","STREAM","tbcmp_AM_LA_IntHigh_2050","AM","LA","IntHigh","2050",13.36345900448
"03100203_95000000_RUSKIN_INLET_MARSH_BR",4100,145647,"RUSKIN INLET MARSH BR","03100203","95000000","STREAM","tbcmp_AM_LA_IntHigh_2050","AM","LA","IntHigh","2050",143.960629706028
"03100203_95000000_RUSKIN_INLET_MARSH_BR",5200,249141,"RUSKIN INLET MARSH BR","03100203","95000000","STREAM","tbcmp_AM_LA_IntHigh_2050","AM","LA","IntHigh","2050",246.256326910884
"03100203_95000000_RUSKIN_INLET_MARSH_BR",5400,138621,"RUSKIN INLET MARSH BR","03100203","95000000","STREAM","tbcmp_AM_LA_IntHigh_2050","AM","LA","IntHigh","2050",137.015980078404
"03100203_95000000_RUSKIN_INLET_MARSH_BR",6110,188805,"RUSKIN INLET MARSH BR","03100203","95000000","STREAM","tbcmp_AM_LA_IntHigh_2050","AM","LA","IntHigh","2050",186.61892583882
"03100203_95000000_RUSKIN_INLET_MARSH_BR",6120,3701,"RUSKIN INLET MARSH BR","03100203","95000000","STREAM","tbcmp_AM_LA_IntHigh_2050","AM","LA","IntHigh","2050",3.658148060324
"03100203_95000000_RUSKIN_INLET_MARSH_BR",6410,41458,"RUSKIN INLET MARSH BR","03100203","95000000","STREAM","tbcmp_AM_LA_IntHigh_2050","AM","LA","IntHigh","2050",40.977979541992
"03100203_95000000_RUSKIN_INLET_MARSH_BR",6420,7562,"RUSKIN INLET MARSH BR","03100203","95000000","STREAM","tbcmp_AM_LA_IntHigh_2050","AM","LA","IntHigh","2050",7.474443564488
"03100203_95000000_RUSKIN_INLET_MARSH_BR",6425,3683,"RUSKIN INLET MARSH BR","03100203","95000000","STREAM","tbcmp_AM_LA_IntHigh_2050","AM","LA","IntHigh","2050",3.640356472892
"03100203_95000000_RUSKIN_INLET_MARSH_BR",6510,154,"RUSKIN INLET MARSH BR","03100203","95000000","STREAM","tbcmp_AM_LA_IntHigh_2050","AM","LA","IntHigh","2050",0.152216914696
"03100203_95000000_RUSKIN_INLET_MARSH_BR",6600,18651,"RUSKIN INLET MARSH BR","03100203","95000000","STREAM","tbcmp_AM_LA_IntHigh_2050","AM","LA","IntHigh","2050",18.435049844124
"03100203_95000000_RUSKIN_INLET_MARSH_BR",9113,1658,"RUSKIN INLET MARSH BR","03100203","95000000","STREAM","tbcmp_AM_LA_IntHigh_2050","AM","LA","IntHigh","2050",1.638802886792
"03100203_99000000_LITTLE_MANATEE_RIVER",0,3309,"LITTLE MANATEE RIVER","03100203","99000000","STREAM","tbcmp_AM_LA_IntHigh_2050","AM","LA","IntHigh","2050",3.270686822916
"03100203_99000000_LITTLE_MANATEE_RIVER",1100,2606387,"LITTLE MANATEE RIVER","03100203","99000000","STREAM","tbcmp_AM_LA_IntHigh_2050","AM","LA","IntHigh","2050",2576.20901067379
"03100203_99000000_LITTLE_MANATEE_RIVER",1200,10218584,"LITTLE MANATEE RIVER","03100203","99000000","STREAM","tbcmp_AM_LA_IntHigh_2050","AM","LA","IntHigh","2050",10100.268370402
"03100203_99000000_LITTLE_MANATEE_RIVER",1800,110051,"LITTLE MANATEE RIVER","03100203","99000000","STREAM","tbcmp_AM_LA_IntHigh_2050","AM","LA","IntHigh","2050",108.776777137724
"03100203_99000000_LITTLE_MANATEE_RIVER",1820,140187,"LITTLE MANATEE RIVER","03100203","99000000","STREAM","tbcmp_AM_LA_IntHigh_2050","AM","LA","IntHigh","2050",138.563848184988
"03100203_99000000_LITTLE_MANATEE_RIVER",1900,4085866,"LITTLE MANATEE RIVER","03100203","99000000","STREAM","tbcmp_AM_LA_IntHigh_2050","AM","LA","IntHigh","2050",4038.55789857978
"03100203_99000000_LITTLE_MANATEE_RIVER",2100,7359126,"LITTLE MANATEE RIVER","03100203","99000000","STREAM","tbcmp_AM_LA_IntHigh_2050","AM","LA","IntHigh","2050",7273.91853622802
"03100203_99000000_LITTLE_MANATEE_RIVER",2200,111442,"LITTLE MANATEE RIVER","03100203","99000000","STREAM","tbcmp_AM_LA_IntHigh_2050","AM","LA","IntHigh","2050",110.151671477608
"03100203_99000000_LITTLE_MANATEE_RIVER",2400,856119,"LITTLE MANATEE RIVER","03100203","99000000","STREAM","tbcmp_AM_LA_IntHigh_2050","AM","LA","IntHigh","2050",846.206446705356
"03100203_99000000_LITTLE_MANATEE_RIVER",3200,2054980,"LITTLE MANATEE RIVER","03100203","99000000","STREAM","tbcmp_AM_LA_IntHigh_2050","AM","LA","IntHigh","2050",2031.18646338952
"03100203_99000000_LITTLE_MANATEE_RIVER",4100,3474932,"LITTLE MANATEE RIVER","03100203","99000000","STREAM","tbcmp_AM_LA_IntHigh_2050","AM","LA","IntHigh","2050",3434.69758323637
"03100203_99000000_LITTLE_MANATEE_RIVER",4400,236810,"LITTLE MANATEE RIVER","03100203","99000000","STREAM","tbcmp_AM_LA_IntHigh_2050","AM","LA","IntHigh","2050",234.06810109844
"03100203_99000000_LITTLE_MANATEE_RIVER",5200,2640772,"LITTLE MANATEE RIVER","03100203","99000000","STREAM","tbcmp_AM_LA_IntHigh_2050","AM","LA","IntHigh","2050",2610.19588477653
"03100203_99000000_LITTLE_MANATEE_RIVER",5400,935432,"LITTLE MANATEE RIVER","03100203","99000000","STREAM","tbcmp_AM_LA_IntHigh_2050","AM","LA","IntHigh","2050",924.601123038368
"03100203_99000000_LITTLE_MANATEE_RIVER",6110,4421498,"LITTLE MANATEE RIVER","03100203","99000000","STREAM","tbcmp_AM_LA_IntHigh_2050","AM","LA","IntHigh","2050",4370.30379152295
"03100203_99000000_LITTLE_MANATEE_RIVER",6120,195794,"LITTLE MANATEE RIVER","03100203","99000000","STREAM","tbcmp_AM_LA_IntHigh_2050","AM","LA","IntHigh","2050",193.527003870056
"03100203_99000000_LITTLE_MANATEE_RIVER",6410,1269847,"LITTLE MANATEE RIVER","03100203","99000000","STREAM","tbcmp_AM_LA_IntHigh_2050","AM","LA","IntHigh","2050",1255.14410698683
"03100203_99000000_LITTLE_MANATEE_RIVER",6420,329674,"LITTLE MANATEE RIVER","03100203","99000000","STREAM","tbcmp_AM_LA_IntHigh_2050","AM","LA","IntHigh","2050",325.856877503176
"03100203_99000000_LITTLE_MANATEE_RIVER",6425,282480,"LITTLE MANATEE RIVER","03100203","99000000","STREAM","tbcmp_AM_LA_IntHigh_2050","AM","LA","IntHigh","2050",279.20931209952
"03100203_99000000_LITTLE_MANATEE_RIVER",6510,29899,"LITTLE MANATEE RIVER","03100203","99000000","STREAM","tbcmp_AM_LA_IntHigh_2050","AM","LA","IntHigh","2050",29.552815146076
"03100203_99000000_LITTLE_MANATEE_RIVER",6600,211524,"LITTLE MANATEE RIVER","03100203","99000000","STREAM","tbcmp_AM_LA_IntHigh_2050","AM","LA","IntHigh","2050",209.074874442576
"03100203_99000000_LITTLE_MANATEE_RIVER",9113,249364,"LITTLE MANATEE RIVER","03100203","99000000","STREAM","tbcmp_AM_LA_IntHigh_2050","AM","LA","IntHigh","2050",246.476744910736
"03100203_99000000_MINED_AREA",1200,41587,"MINED AREA","03100203","99000000","NONCON","tbcmp_AM_LA_IntHigh_2050","AM","LA","IntHigh","2050",41.105485918588
"03100203_99000000_MINED_AREA",1900,136239,"MINED AREA","03100203","99000000","NONCON","tbcmp_AM_LA_IntHigh_2050","AM","LA","IntHigh","2050",134.661560008236
"03100203_99000000_MINED_AREA",4400,13751,"MINED AREA","03100203","99000000","NONCON","tbcmp_AM_LA_IntHigh_2050","AM","LA","IntHigh","2050",13.591784376524
"03100203_99000000_MINED_AREA",6110,1160,"MINED AREA","03100203","99000000","NONCON","tbcmp_AM_LA_IntHigh_2050","AM","LA","IntHigh","2050",1.14656896784
"03100204_30990000_POLEY_CREEK",1100,68189,"POLEY CREEK","03100204","30990000","STREAM","tbcmp_AM_LA_IntHigh_2050","AM","LA","IntHigh","2050",67.399475300036
"03100204_30990000_POLEY_CREEK",1200,284446,"POLEY CREEK","03100204","30990000","STREAM","tbcmp_AM_LA_IntHigh_2050","AM","LA","IntHigh","2050",281.152548815704
"03100204_30990000_POLEY_CREEK",1900,8374,"POLEY CREEK","03100204","30990000","STREAM","tbcmp_AM_LA_IntHigh_2050","AM","LA","IntHigh","2050",8.277041841976
"03100204_30990000_POLEY_CREEK",3200,27370,"POLEY CREEK","03100204","30990000","STREAM","tbcmp_AM_LA_IntHigh_2050","AM","LA","IntHigh","2050",27.05309711188
"03100204_30990000_POLEY_CREEK",4100,29974,"POLEY CREEK","03100204","30990000","STREAM","tbcmp_AM_LA_IntHigh_2050","AM","LA","IntHigh","2050",29.626946760376
"03100204_30990000_POLEY_CREEK",5200,762,"POLEY CREEK","03100204","30990000","STREAM","tbcmp_AM_LA_IntHigh_2050","AM","LA","IntHigh","2050",0.753177201288
"03100204_30990000_POLEY_CREEK",6110,94119,"POLEY CREEK","03100204","30990000","STREAM","tbcmp_AM_LA_IntHigh_2050","AM","LA","IntHigh","2050",93.029245417356
"03100204_30990000_POLEY_CREEK",6410,5239,"POLEY CREEK","03100204","30990000","STREAM","tbcmp_AM_LA_IntHigh_2050","AM","LA","IntHigh","2050",5.178340364236
"03100204_34400000_HAMILTON_BRANCH",1100,116312,"HAMILTON BRANCH","03100204","34400000","STREAM","tbcmp_AM_LA_IntHigh_2050","AM","LA","IntHigh","2050",114.965284299488
"03100204_34400000_HAMILTON_BRANCH",1200,769626,"HAMILTON BRANCH","03100204","34400000","STREAM","tbcmp_AM_LA_IntHigh_2050","AM","LA","IntHigh","2050",760.714903830024
"03100204_34400000_HAMILTON_BRANCH",1900,300492,"HAMILTON BRANCH","03100204","34400000","STREAM","tbcmp_AM_LA_IntHigh_2050","AM","LA","IntHigh","2050",297.012760589808
"03100204_34400000_HAMILTON_BRANCH",2100,224444,"HAMILTON BRANCH","03100204","34400000","STREAM","tbcmp_AM_LA_IntHigh_2050","AM","LA","IntHigh","2050",221.845280532656
"03100204_34400000_HAMILTON_BRANCH",4100,144936,"HAMILTON BRANCH","03100204","34400000","STREAM","tbcmp_AM_LA_IntHigh_2050","AM","LA","IntHigh","2050",143.257862002464
"03100204_34400000_HAMILTON_BRANCH",4400,5201,"HAMILTON BRANCH","03100204","34400000","STREAM","tbcmp_AM_LA_IntHigh_2050","AM","LA","IntHigh","2050",5.140780346324
"03100204_34400000_HAMILTON_BRANCH",5200,91041,"HAMILTON BRANCH","03100204","34400000","STREAM","tbcmp_AM_LA_IntHigh_2050","AM","LA","IntHigh","2050",89.986883966484
"03100204_34400000_HAMILTON_BRANCH",6110,137725,"HAMILTON BRANCH","03100204","34400000","STREAM","tbcmp_AM_LA_IntHigh_2050","AM","LA","IntHigh","2050",136.1303543929
"03100204_34400000_HAMILTON_BRANCH",6410,167998,"HAMILTON BRANCH","03100204","34400000","STREAM","tbcmp_AM_LA_IntHigh_2050","AM","LA","IntHigh","2050",166.052839188952
"03100204_34450000_AIRPORT_BRANCH",1100,1490,"AIRPORT BRANCH","03100204","34450000","STREAM","tbcmp_AM_LA_IntHigh_2050","AM","LA","IntHigh","2050",1.47274807076
"03100204_34450000_AIRPORT_BRANCH",1200,36522,"AIRPORT BRANCH","03100204","34450000","STREAM","tbcmp_AM_LA_IntHigh_2050","AM","LA","IntHigh","2050",36.099130899528
"03100204_34450000_AIRPORT_BRANCH",1900,18215,"AIRPORT BRANCH","03100204","34450000","STREAM","tbcmp_AM_LA_IntHigh_2050","AM","LA","IntHigh","2050",18.00409805966
"03100204_34450000_AIRPORT_BRANCH",2100,52533,"AIRPORT BRANCH","03100204","34450000","STREAM","tbcmp_AM_LA_IntHigh_2050","AM","LA","IntHigh","2050",51.924747920292
"03100204_34450000_AIRPORT_BRANCH",2200,9454,"AIRPORT BRANCH","03100204","34450000","STREAM","tbcmp_AM_LA_IntHigh_2050","AM","LA","IntHigh","2050",9.344537087896
"03100204_34450000_AIRPORT_BRANCH",3200,40048,"AIRPORT BRANCH","03100204","34450000","STREAM","tbcmp_AM_LA_IntHigh_2050","AM","LA","IntHigh","2050",39.584305193152
"03100204_34450000_AIRPORT_BRANCH",4100,62173,"AIRPORT BRANCH","03100204","34450000","STREAM","tbcmp_AM_LA_IntHigh_2050","AM","LA","IntHigh","2050",61.453131411652
"03100204_34450000_AIRPORT_BRANCH",5200,4205,"AIRPORT BRANCH","03100204","34450000","STREAM","tbcmp_AM_LA_IntHigh_2050","AM","LA","IntHigh","2050",4.15631250842
"03100204_34450000_AIRPORT_BRANCH",6110,34785,"AIRPORT BRANCH","03100204","34450000","STREAM","tbcmp_AM_LA_IntHigh_2050","AM","LA","IntHigh","2050",34.38224271234
"03100204_34450000_AIRPORT_BRANCH",6410,8500,"AIRPORT BRANCH","03100204","34450000","STREAM","tbcmp_AM_LA_IntHigh_2050","AM","LA","IntHigh","2050",8.401582954
"03100204_34700000_HOWELL_BRANCH",1100,1520818,"HOWELL BRANCH","03100204","34700000","STREAM","tbcmp_AM_LA_IntHigh_2050","AM","LA","IntHigh","2050",1503.20924528663
"03100204_34700000_HOWELL_BRANCH",1200,1050000,"HOWELL BRANCH","03100204","34700000","STREAM","tbcmp_AM_LA_IntHigh_2050","AM","LA","IntHigh","2050",1037.8426002
"03100204_34700000_HOWELL_BRANCH",1800,7248,"HOWELL BRANCH","03100204","34700000","STREAM","tbcmp_AM_LA_IntHigh_2050","AM","LA","IntHigh","2050",7.164079205952
"03100204_34700000_HOWELL_BRANCH",1900,378947,"HOWELL BRANCH","03100204","34700000","STREAM","tbcmp_AM_LA_IntHigh_2050","AM","LA","IntHigh","2050",374.559371255228
"03100204_34700000_HOWELL_BRANCH",2100,1597957,"HOWELL BRANCH","03100204","34700000","STREAM","tbcmp_AM_LA_IntHigh_2050","AM","LA","IntHigh","2050",1579.45509322647
"03100204_34700000_HOWELL_BRANCH",2200,3229,"HOWELL BRANCH","03100204","34700000","STREAM","tbcmp_AM_LA_IntHigh_2050","AM","LA","IntHigh","2050",3.191613100996
"03100204_34700000_HOWELL_BRANCH",2400,68161,"HOWELL BRANCH","03100204","34700000","STREAM","tbcmp_AM_LA_IntHigh_2050","AM","LA","IntHigh","2050",67.371799497364
"03100204_34700000_HOWELL_BRANCH",3200,10191,"HOWELL BRANCH","03100204","34700000","STREAM","tbcmp_AM_LA_IntHigh_2050","AM","LA","IntHigh","2050",10.073003751084
"03100204_34700000_HOWELL_BRANCH",4100,550154,"HOWELL BRANCH","03100204","34700000","STREAM","tbcmp_AM_LA_IntHigh_2050","AM","LA","IntHigh","2050",543.784055114696
"03100204_34700000_HOWELL_BRANCH",4400,26826,"HOWELL BRANCH","03100204","34700000","STREAM","tbcmp_AM_LA_IntHigh_2050","AM","LA","IntHigh","2050",26.515395802824
"03100204_34700000_HOWELL_BRANCH",5200,165199,"HOWELL BRANCH","03100204","34700000","STREAM","tbcmp_AM_LA_IntHigh_2050","AM","LA","IntHigh","2050",163.286247343276
"03100204_34700000_HOWELL_BRANCH",6110,427413,"HOWELL BRANCH","03100204","34700000","STREAM","tbcmp_AM_LA_IntHigh_2050","AM","LA","IntHigh","2050",422.464208837412
"03100204_34700000_HOWELL_BRANCH",6410,165683,"HOWELL BRANCH","03100204","34700000","STREAM","tbcmp_AM_LA_IntHigh_2050","AM","LA","IntHigh","2050",163.764643360892
"03100204_34990000_ENGLISH_CREEK",1100,2527947,"ENGLISH CREEK","03100204","34990000","STREAM","tbcmp_AM_LA_IntHigh_2050","AM","LA","IntHigh","2050",2498.67722633123
"03100204_34990000_ENGLISH_CREEK",1200,2214092,"ENGLISH CREEK","03100204","34990000","STREAM","tbcmp_AM_LA_IntHigh_2050","AM","LA","IntHigh","2050",2188.45618891621
"03100204_34990000_ENGLISH_CREEK",1800,4686,"ENGLISH CREEK","03100204","34990000","STREAM","tbcmp_AM_LA_IntHigh_2050","AM","LA","IntHigh","2050",4.631743261464
"03100204_34990000_ENGLISH_CREEK",1900,642377,"ENGLISH CREEK","03100204","34990000","STREAM","tbcmp_AM_LA_IntHigh_2050","AM","LA","IntHigh","2050",634.939253322548
"03100204_34990000_ENGLISH_CREEK",2100,1588432,"ENGLISH CREEK","03100204","34990000","STREAM","tbcmp_AM_LA_IntHigh_2050","AM","LA","IntHigh","2050",1570.04037821037
"03100204_34990000_ENGLISH_CREEK",2200,20576,"ENGLISH CREEK","03100204","34990000","STREAM","tbcmp_AM_LA_IntHigh_2050","AM","LA","IntHigh","2050",20.337761277824
"03100204_34990000_ENGLISH_CREEK",2400,198681,"ENGLISH CREEK","03100204","34990000","STREAM","tbcmp_AM_LA_IntHigh_2050","AM","LA","IntHigh","2050",196.380576809844
"03100204_34990000_ENGLISH_CREEK",3200,159386,"ENGLISH CREEK","03100204","34990000","STREAM","tbcmp_AM_LA_IntHigh_2050","AM","LA","IntHigh","2050",157.540553024264
"03100204_34990000_ENGLISH_CREEK",4100,608382,"ENGLISH CREEK","03100204","34990000","STREAM","tbcmp_AM_LA_IntHigh_2050","AM","LA","IntHigh","2050",601.337863614168
"03100204_34990000_ENGLISH_CREEK",4400,5661,"ENGLISH CREEK","03100204","34990000","STREAM","tbcmp_AM_LA_IntHigh_2050","AM","LA","IntHigh","2050",5.595454247364
"03100204_34990000_ENGLISH_CREEK",5200,156922,"ENGLISH CREEK","03100204","34990000","STREAM","tbcmp_AM_LA_IntHigh_2050","AM","LA","IntHigh","2050",155.105082389128
"03100204_34990000_ENGLISH_CREEK",6110,1064373,"ENGLISH CREEK","03100204","34990000","STREAM","tbcmp_AM_LA_IntHigh_2050","AM","LA","IntHigh","2050",1052.04918276445
"03100204_34990000_ENGLISH_CREEK",6410,510812,"ENGLISH CREEK","03100204","34990000","STREAM","tbcmp_AM_LA_IntHigh_2050","AM","LA","IntHigh","2050",504.897575517488
"03100204_36000000_MINED_AREA",1100,608,"MINED AREA","03100204","36000000","NONCON","tbcmp_AM_LA_IntHigh_2050","AM","LA","IntHigh","2050",0.600960286592
"03100204_36000000_MINED_AREA",1200,594218,"MINED AREA","03100204","36000000","NONCON","tbcmp_AM_LA_IntHigh_2050","AM","LA","IntHigh","2050",587.337861148232
"03100204_36000000_MINED_AREA",1900,4004,"MINED AREA","03100204","36000000","NONCON","tbcmp_AM_LA_IntHigh_2050","AM","LA","IntHigh","2050",3.957639782096
"03100204_36000000_MINED_AREA",2100,85,"MINED AREA","03100204","36000000","NONCON","tbcmp_AM_LA_IntHigh_2050","AM","LA","IntHigh","2050",0.08401582954
"03100204_36000000_MINED_AREA",4400,3023,"MINED AREA","03100204","36000000","NONCON","tbcmp_AM_LA_IntHigh_2050","AM","LA","IntHigh","2050",2.987998267052
"03100204_36990000_THIRTYMILE_CREEK",1100,381248,"THIRTYMILE CREEK","03100204","36990000","STREAM","tbcmp_AM_LA_IntHigh_2050","AM","LA","IntHigh","2050",376.833729181952
"03100204_36990000_THIRTYMILE_CREEK",1200,243902,"THIRTYMILE CREEK","03100204","36990000","STREAM","tbcmp_AM_LA_IntHigh_2050","AM","LA","IntHigh","2050",241.077986546648
"03100204_36990000_THIRTYMILE_CREEK",1900,563043,"THIRTYMILE CREEK","03100204","36990000","STREAM","tbcmp_AM_LA_IntHigh_2050","AM","LA","IntHigh","2050",556.523820137532
"03100204_36990000_THIRTYMILE_CREEK",2100,393411,"THIRTYMILE CREEK","03100204","36990000","STREAM","tbcmp_AM_LA_IntHigh_2050","AM","LA","IntHigh","2050",388.855900178364
"03100204_36990000_THIRTYMILE_CREEK",2200,80,"THIRTYMILE CREEK","03100204","36990000","STREAM","tbcmp_AM_LA_IntHigh_2050","AM","LA","IntHigh","2050",0.07907372192
"03100204_36990000_THIRTYMILE_CREEK",2400,55235,"THIRTYMILE CREEK","03100204","36990000","STREAM","tbcmp_AM_LA_IntHigh_2050","AM","LA","IntHigh","2050",54.59546287814
"03100204_36990000_THIRTYMILE_CREEK",4100,110502,"THIRTYMILE CREEK","03100204","36990000","STREAM","tbcmp_AM_LA_IntHigh_2050","AM","LA","IntHigh","2050",109.222555245048
"03100204_36990000_THIRTYMILE_CREEK",4400,130696,"THIRTYMILE CREEK","03100204","36990000","STREAM","tbcmp_AM_LA_IntHigh_2050","AM","LA","IntHigh","2050",129.182739500704
"03100204_36990000_THIRTYMILE_CREEK",5200,66188,"THIRTYMILE CREEK","03100204","36990000","STREAM","tbcmp_AM_LA_IntHigh_2050","AM","LA","IntHigh","2050",65.421643830512
"03100204_36990000_THIRTYMILE_CREEK",6110,290728,"THIRTYMILE CREEK","03100204","36990000","STREAM","tbcmp_AM_LA_IntHigh_2050","AM","LA","IntHigh","2050",287.361812829472
"03100204_36990000_THIRTYMILE_CREEK",6410,146816,"THIRTYMILE CREEK","03100204","36990000","STREAM","tbcmp_AM_LA_IntHigh_2050","AM","LA","IntHigh","2050",145.116094467584
"03100204_38000000_SLOMAN_BRANCH",1100,552571,"SLOMAN BRANCH","03100204","38000000","STREAM","tbcmp_AM_LA_IntHigh_2050","AM","LA","IntHigh","2050",546.173069938204
"03100204_38000000_SLOMAN_BRANCH",1200,4304,"SLOMAN BRANCH","03100204","38000000","STREAM","tbcmp_AM_LA_IntHigh_2050","AM","LA","IntHigh","2050",4.254166239296
"03100204_38000000_SLOMAN_BRANCH",1900,31051,"SLOMAN BRANCH","03100204","38000000","STREAM","tbcmp_AM_LA_IntHigh_2050","AM","LA","IntHigh","2050",30.691476741724
"03100204_38000000_SLOMAN_BRANCH",2100,376401,"SLOMAN BRANCH","03100204","38000000","STREAM","tbcmp_AM_LA_IntHigh_2050","AM","LA","IntHigh","2050",372.042850055124
"03100204_38000000_SLOMAN_BRANCH",2200,21067,"SLOMAN BRANCH","03100204","38000000","STREAM","tbcmp_AM_LA_IntHigh_2050","AM","LA","IntHigh","2050",20.823076246108
"03100204_38000000_SLOMAN_BRANCH",4100,90989,"SLOMAN BRANCH","03100204","38000000","STREAM","tbcmp_AM_LA_IntHigh_2050","AM","LA","IntHigh","2050",89.935486047236
"03100204_38000000_SLOMAN_BRANCH",4400,10387,"SLOMAN BRANCH","03100204","38000000","STREAM","tbcmp_AM_LA_IntHigh_2050","AM","LA","IntHigh","2050",10.266734369788
"03100204_38000000_SLOMAN_BRANCH",5200,3287,"SLOMAN BRANCH","03100204","38000000","STREAM","tbcmp_AM_LA_IntHigh_2050","AM","LA","IntHigh","2050",3.248941549388
"03100204_38000000_SLOMAN_BRANCH",6110,137193,"SLOMAN BRANCH","03100204","38000000","STREAM","tbcmp_AM_LA_IntHigh_2050","AM","LA","IntHigh","2050",135.604514142132
"03100204_38000000_SLOMAN_BRANCH",6410,9358,"SLOMAN BRANCH","03100204","38000000","STREAM","tbcmp_AM_LA_IntHigh_2050","AM","LA","IntHigh","2050",9.249648621592
"03100204_50000000_MINED_AREA",1200,338979,"MINED AREA","03100204","50000000","NONCON","tbcmp_AM_LA_IntHigh_2050","AM","LA","IntHigh","2050",335.054139783996
"03100204_50000000_MINED_AREA",1900,1026566,"MINED AREA","03100204","50000000","NONCON","tbcmp_AM_LA_IntHigh_2050","AM","LA","IntHigh","2050",1014.67993020658
"03100204_50000000_MINED_AREA",4400,72458,"MINED AREA","03100204","50000000","NONCON","tbcmp_AM_LA_IntHigh_2050","AM","LA","IntHigh","2050",71.619046785992
"03100204_50000000_MINED_AREA",5200,15337,"MINED AREA","03100204","50000000","NONCON","tbcmp_AM_LA_IntHigh_2050","AM","LA","IntHigh","2050",15.159420913588
"03100204_50000000_MINED_AREA",6110,46562,"MINED AREA","03100204","50000000","NONCON","tbcmp_AM_LA_IntHigh_2050","AM","LA","IntHigh","2050",46.022883000488
"03100204_50000000_MINED_AREA",6410,374888,"MINED AREA","03100204","50000000","NONCON","tbcmp_AM_LA_IntHigh_2050","AM","LA","IntHigh","2050",370.547368289312
"03100204_50370000_LAKE_BRANCH",1100,13139,"LAKE BRANCH","03100204","50370000","STREAM","tbcmp_AM_LA_IntHigh_2050","AM","LA","IntHigh","2050",12.986870403836
"03100204_50370000_LAKE_BRANCH",1200,21339,"LAKE BRANCH","03100204","50370000","STREAM","tbcmp_AM_LA_IntHigh_2050","AM","LA","IntHigh","2050",21.091926900636
"03100204_50370000_LAKE_BRANCH",1900,1677529,"LAKE BRANCH","03100204","50370000","STREAM","tbcmp_AM_LA_IntHigh_2050","AM","LA","IntHigh","2050",1658.1057707342
"03100204_50370000_LAKE_BRANCH",2100,69780,"LAKE BRANCH","03100204","50370000","STREAM","tbcmp_AM_LA_IntHigh_2050","AM","LA","IntHigh","2050",68.97205394472
"03100204_50370000_LAKE_BRANCH",4400,270993,"LAKE BRANCH","03100204","50370000","STREAM","tbcmp_AM_LA_IntHigh_2050","AM","LA","IntHigh","2050",267.855314053332
"03100204_50370000_LAKE_BRANCH",5200,81212,"LAKE BRANCH","03100204","50370000","STREAM","tbcmp_AM_LA_IntHigh_2050","AM","LA","IntHigh","2050",80.271688807088
"03100204_50370000_LAKE_BRANCH",6110,499221,"LAKE BRANCH","03100204","50370000","STREAM","tbcmp_AM_LA_IntHigh_2050","AM","LA","IntHigh","2050",493.440781632804
"03100204_50370000_LAKE_BRANCH",6410,305687,"LAKE BRANCH","03100204","50370000","STREAM","tbcmp_AM_LA_IntHigh_2050","AM","LA","IntHigh","2050",302.147610406988
"03100204_50370000_MINED_AREA",1100,526,"MINED AREA","03100204","50370000","NONCON","tbcmp_AM_LA_IntHigh_2050","AM","LA","IntHigh","2050",0.519909721624
"03100204_50370000_MINED_AREA",1900,731238,"MINED AREA","03100204","50370000","NONCON","tbcmp_AM_LA_IntHigh_2050","AM","LA","IntHigh","2050",722.771378366712
"03100204_50370000_MINED_AREA",4400,119077,"MINED AREA","03100204","50370000","NONCON","tbcmp_AM_LA_IntHigh_2050","AM","LA","IntHigh","2050",117.698269813348
"03100204_50370000_MINED_AREA",5200,118919,"MINED AREA","03100204","50370000","NONCON","tbcmp_AM_LA_IntHigh_2050","AM","LA","IntHigh","2050",117.542099212556
"03100204_50370000_MINED_AREA",6110,18462,"MINED AREA","03100204","50370000","NONCON","tbcmp_AM_LA_IntHigh_2050","AM","LA","IntHigh","2050",18.248238176088
"03100204_50370000_MINED_AREA",6410,303557,"MINED AREA","03100204","50370000","NONCON","tbcmp_AM_LA_IntHigh_2050","AM","LA","IntHigh","2050",300.042272560868
"03100204_50480000_MINED_AREA",1900,463315,"MINED AREA","03100204","50480000","NONCON","tbcmp_AM_LA_IntHigh_2050","AM","LA","IntHigh","2050",457.95051839206
"03100204_50480000_MINED_AREA",4400,59667,"MINED AREA","03100204","50480000","NONCON","tbcmp_AM_LA_IntHigh_2050","AM","LA","IntHigh","2050",58.976147072508
"03100204_50480000_MINED_AREA",6110,16060,"MINED AREA","03100204","50480000","NONCON","tbcmp_AM_LA_IntHigh_2050","AM","LA","IntHigh","2050",15.87404967544
"03100204_50488500_GULLY_BRANCH",1900,118722,"GULLY BRANCH","03100204","50488500","STREAM","tbcmp_AM_LA_IntHigh_2050","AM","LA","IntHigh","2050",117.347380172328
"03100204_50488500_GULLY_BRANCH",4100,319,"GULLY BRANCH","03100204","50488500","STREAM","tbcmp_AM_LA_IntHigh_2050","AM","LA","IntHigh","2050",0.315306466156
"03100204_50488500_GULLY_BRANCH",5200,13511,"GULLY BRANCH","03100204","50488500","STREAM","tbcmp_AM_LA_IntHigh_2050","AM","LA","IntHigh","2050",13.354563210764
"03100204_50488500_GULLY_BRANCH",6110,113212,"GULLY BRANCH","03100204","50488500","STREAM","tbcmp_AM_LA_IntHigh_2050","AM","LA","IntHigh","2050",111.901177575088
"03100204_50488500_MINED_AREA",1900,461453,"MINED AREA","03100204","50488500","NONCON","tbcmp_AM_LA_IntHigh_2050","AM","LA","IntHigh","2050",456.110077514372
"03100204_50488500_MINED_AREA",4100,21406,"MINED AREA","03100204","50488500","NONCON","tbcmp_AM_LA_IntHigh_2050","AM","LA","IntHigh","2050",21.158151142744
"03100204_50488500_MINED_AREA",4400,36779,"MINED AREA","03100204","50488500","NONCON","tbcmp_AM_LA_IntHigh_2050","AM","LA","IntHigh","2050",36.353155231196
"03100204_50488500_MINED_AREA",5200,119027,"MINED AREA","03100204","50488500","NONCON","tbcmp_AM_LA_IntHigh_2050","AM","LA","IntHigh","2050",117.648848737148
"03100204_50488500_MINED_AREA",6110,7884,"MINED AREA","03100204","50488500","NONCON","tbcmp_AM_LA_IntHigh_2050","AM","LA","IntHigh","2050",7.792715295216
"03100204_50488500_MINED_AREA",6410,288936,"MINED AREA","03100204","50488500","NONCON","tbcmp_AM_LA_IntHigh_2050","AM","LA","IntHigh","2050",285.590561458464
"03100204_50489900_BOGGY_BRANCH",1900,967093,"BOGGY BRANCH","03100204","50489900","STREAM","tbcmp_AM_LA_IntHigh_2050","AM","LA","IntHigh","2050",955.895536909732
"03100204_50489900_BOGGY_BRANCH",2100,3166,"BOGGY BRANCH","03100204","50489900","STREAM","tbcmp_AM_LA_IntHigh_2050","AM","LA","IntHigh","2050",3.129342544984
"03100204_50489900_BOGGY_BRANCH",4100,9459,"BOGGY BRANCH","03100204","50489900","STREAM","tbcmp_AM_LA_IntHigh_2050","AM","LA","IntHigh","2050",9.349479195516
"03100204_50489900_BOGGY_BRANCH",4400,7834,"BOGGY BRANCH","03100204","50489900","STREAM","tbcmp_AM_LA_IntHigh_2050","AM","LA","IntHigh","2050",7.743294219016
"03100204_50489900_BOGGY_BRANCH",5200,48153,"BOGGY BRANCH","03100204","50489900","STREAM","tbcmp_AM_LA_IntHigh_2050","AM","LA","IntHigh","2050",47.595461645172
"03100204_50489900_BOGGY_BRANCH",6110,380694,"BOGGY BRANCH","03100204","50489900","STREAM","tbcmp_AM_LA_IntHigh_2050","AM","LA","IntHigh","2050",376.286143657656
"03100204_50489900_BOGGY_BRANCH",6410,33048,"BOGGY BRANCH","03100204","50489900","STREAM","tbcmp_AM_LA_IntHigh_2050","AM","LA","IntHigh","2050",32.665354525152
"03100204_50500000_MINED_AREA",1100,2363,"MINED AREA","03100204","50500000","NONCON","tbcmp_AM_LA_IntHigh_2050","AM","LA","IntHigh","2050",2.335640061212
"03100204_50500000_MINED_AREA",1200,498629,"MINED AREA","03100204","50500000","NONCON","tbcmp_AM_LA_IntHigh_2050","AM","LA","IntHigh","2050",492.855636090596
"03100204_50500000_MINED_AREA",1900,692206,"MINED AREA","03100204","50500000","NONCON","tbcmp_AM_LA_IntHigh_2050","AM","LA","IntHigh","2050",684.191309441944
"03100204_50500000_MINED_AREA",5200,15200,"MINED AREA","03100204","50500000","NONCON","tbcmp_AM_LA_IntHigh_2050","AM","LA","IntHigh","2050",15.0240071648
"03100204_50500000_MINED_AREA",6410,26180,"MINED AREA","03100204","50500000","NONCON","tbcmp_AM_LA_IntHigh_2050","AM","LA","IntHigh","2050",25.87687549832
"03100204_50502000_LEWIS_BRANCH",1100,21459,"LEWIS BRANCH","03100204","50502000","SLOUGH","tbcmp_AM_LA_IntHigh_2050","AM","LA","IntHigh","2050",21.210537483516
"03100204_50502000_LEWIS_BRANCH",1200,1394798,"LEWIS BRANCH","03100204","50502000","SLOUGH","tbcmp_AM_LA_IntHigh_2050","AM","LA","IntHigh","2050",1378.64836483215
"03100204_50502000_LEWIS_BRANCH",1900,116469,"LEWIS BRANCH","03100204","50502000","SLOUGH","tbcmp_AM_LA_IntHigh_2050","AM","LA","IntHigh","2050",115.120466478756
"03100204_50502000_LEWIS_BRANCH",2100,1040462,"LEWIS BRANCH","03100204","50502000","SLOUGH","tbcmp_AM_LA_IntHigh_2050","AM","LA","IntHigh","2050",1028.41503570409
"03100204_50502000_LEWIS_BRANCH",2200,21237,"LEWIS BRANCH","03100204","50502000","SLOUGH","tbcmp_AM_LA_IntHigh_2050","AM","LA","IntHigh","2050",20.991107905188
"03100204_50502000_LEWIS_BRANCH",3200,5491,"LEWIS BRANCH","03100204","50502000","SLOUGH","tbcmp_AM_LA_IntHigh_2050","AM","LA","IntHigh","2050",5.427422588284
"03100204_50502000_LEWIS_BRANCH",4100,62895,"LEWIS BRANCH","03100204","50502000","SLOUGH","tbcmp_AM_LA_IntHigh_2050","AM","LA","IntHigh","2050",62.16677175198
"03100204_50502000_LEWIS_BRANCH",4400,25170,"LEWIS BRANCH","03100204","50502000","SLOUGH","tbcmp_AM_LA_IntHigh_2050","AM","LA","IntHigh","2050",24.87856975908
"03100204_50502000_LEWIS_BRANCH",5200,2254,"LEWIS BRANCH","03100204","50502000","SLOUGH","tbcmp_AM_LA_IntHigh_2050","AM","LA","IntHigh","2050",2.227902115096
"03100204_50502000_LEWIS_BRANCH",6110,327028,"LEWIS BRANCH","03100204","50502000","SLOUGH","tbcmp_AM_LA_IntHigh_2050","AM","LA","IntHigh","2050",323.241514150672
"03100204_50502000_LEWIS_BRANCH",6410,40389,"LEWIS BRANCH","03100204","50502000","SLOUGH","tbcmp_AM_LA_IntHigh_2050","AM","LA","IntHigh","2050",39.921356932836
"03100204_50509900_HURRAH_CREEK",1100,184411,"HURRAH CREEK","03100204","50509900","SLOUGH","tbcmp_AM_LA_IntHigh_2050","AM","LA","IntHigh","2050",182.275801662364
"03100204_50509900_HURRAH_CREEK",1200,2662740,"HURRAH CREEK","03100204","50509900","SLOUGH","tbcmp_AM_LA_IntHigh_2050","AM","LA","IntHigh","2050",2631.90952881576
"03100204_50509900_HURRAH_CREEK",1900,252247,"HURRAH CREEK","03100204","50509900","SLOUGH","tbcmp_AM_LA_IntHigh_2050","AM","LA","IntHigh","2050",249.326364164428
"03100204_50509900_HURRAH_CREEK",2100,1021641,"HURRAH CREEK","03100204","50509900","SLOUGH","tbcmp_AM_LA_IntHigh_2050","AM","LA","IntHigh","2050",1009.81195420088
"03100204_50509900_HURRAH_CREEK",2200,21479,"HURRAH CREEK","03100204","50509900","SLOUGH","tbcmp_AM_LA_IntHigh_2050","AM","LA","IntHigh","2050",21.230305913996
"03100204_50509900_HURRAH_CREEK",3200,13743,"HURRAH CREEK","03100204","50509900","SLOUGH","tbcmp_AM_LA_IntHigh_2050","AM","LA","IntHigh","2050",13.583877004332
"03100204_50509900_HURRAH_CREEK",4100,60170,"HURRAH CREEK","03100204","50509900","SLOUGH","tbcmp_AM_LA_IntHigh_2050","AM","LA","IntHigh","2050",59.47332309908
"03100204_50509900_HURRAH_CREEK",4400,9155,"HURRAH CREEK","03100204","50509900","SLOUGH","tbcmp_AM_LA_IntHigh_2050","AM","LA","IntHigh","2050",9.04899905222
"03100204_50509900_HURRAH_CREEK",5200,43688,"HURRAH CREEK","03100204","50509900","SLOUGH","tbcmp_AM_LA_IntHigh_2050","AM","LA","IntHigh","2050",43.182159540512
"03100204_50509900_HURRAH_CREEK",6110,809079,"HURRAH CREEK","03100204","50509900","SLOUGH","tbcmp_AM_LA_IntHigh_2050","AM","LA","IntHigh","2050",799.711098216396
"03100204_50509900_HURRAH_CREEK",6410,133922,"HURRAH CREEK","03100204","50509900","SLOUGH","tbcmp_AM_LA_IntHigh_2050","AM","LA","IntHigh","2050",132.371387337128
"03100204_50540000_MCMULLEN_BRANCH",1900,1343396,"MCMULLEN BRANCH","03100204","50540000","STREAM","tbcmp_AM_LA_IntHigh_2050","AM","LA","IntHigh","2050",1327.8415216555
"03100204_50540000_MCMULLEN_BRANCH",4400,107963,"MCMULLEN BRANCH","03100204","50540000","STREAM","tbcmp_AM_LA_IntHigh_2050","AM","LA","IntHigh","2050",106.712952995612
"03100204_50540000_MCMULLEN_BRANCH",5200,104226,"MCMULLEN BRANCH","03100204","50540000","STREAM","tbcmp_AM_LA_IntHigh_2050","AM","LA","IntHigh","2050",103.019221760424
"03100204_50540000_MCMULLEN_BRANCH",6110,164603,"MCMULLEN BRANCH","03100204","50540000","STREAM","tbcmp_AM_LA_IntHigh_2050","AM","LA","IntHigh","2050",162.697148114972
"03100204_50540000_MCMULLEN_BRANCH",6410,139700,"MCMULLEN BRANCH","03100204","50540000","STREAM","tbcmp_AM_LA_IntHigh_2050","AM","LA","IntHigh","2050",138.0824869028
"03100204_50600000_HALLS_BRANCH",1100,22440,"HALLS BRANCH","03100204","50600000","STREAM","tbcmp_AM_LA_IntHigh_2050","AM","LA","IntHigh","2050",22.18017899856
"03100204_50600000_HALLS_BRANCH",1900,562019,"HALLS BRANCH","03100204","50600000","STREAM","tbcmp_AM_LA_IntHigh_2050","AM","LA","IntHigh","2050",555.511676496956
"03100204_50600000_HALLS_BRANCH",2100,222976,"HALLS BRANCH","03100204","50600000","STREAM","tbcmp_AM_LA_IntHigh_2050","AM","LA","IntHigh","2050",220.394277735424
"03100204_50600000_HALLS_BRANCH",4100,18392,"HALLS BRANCH","03100204","50600000","STREAM","tbcmp_AM_LA_IntHigh_2050","AM","LA","IntHigh","2050",18.179048669408
"03100204_50600000_HALLS_BRANCH",4400,29563,"HALLS BRANCH","03100204","50600000","STREAM","tbcmp_AM_LA_IntHigh_2050","AM","LA","IntHigh","2050",29.220705514012
"03100204_50600000_HALLS_BRANCH",5200,66504,"HALLS BRANCH","03100204","50600000","STREAM","tbcmp_AM_LA_IntHigh_2050","AM","LA","IntHigh","2050",65.733985032096
"03100204_50600000_HALLS_BRANCH",6110,99168,"HALLS BRANCH","03100204","50600000","STREAM","tbcmp_AM_LA_IntHigh_2050","AM","LA","IntHigh","2050",98.019785692032
"03100204_50600000_HALLS_BRANCH",6410,38393,"HALLS BRANCH","03100204","50600000","STREAM","tbcmp_AM_LA_IntHigh_2050","AM","LA","IntHigh","2050",37.948467570932
"03100204_50680000_MINED_AREA",1200,313147,"MINED AREA","03100204","50680000","NONCON","tbcmp_AM_LA_IntHigh_2050","AM","LA","IntHigh","2050",309.521234976028
"03100204_50680000_MINED_AREA",1900,1642073,"MINED AREA","03100204","50680000","NONCON","tbcmp_AM_LA_IntHigh_2050","AM","LA","IntHigh","2050",1623.06029717925
"03100204_50680000_MINED_AREA",5200,34139,"MINED AREA","03100204","50680000","NONCON","tbcmp_AM_LA_IntHigh_2050","AM","LA","IntHigh","2050",33.743722407836
"03100204_50689900_OWENS_BRANCH",1100,93691,"OWENS BRANCH","03100204","50689900","STREAM","tbcmp_AM_LA_IntHigh_2050","AM","LA","IntHigh","2050",92.606201005084
"03100204_50689900_OWENS_BRANCH",1900,415814,"OWENS BRANCH","03100204","50689900","STREAM","tbcmp_AM_LA_IntHigh_2050","AM","LA","IntHigh","2050",410.999507580536
"03100204_50689900_OWENS_BRANCH",2100,593955,"OWENS BRANCH","03100204","50689900","STREAM","tbcmp_AM_LA_IntHigh_2050","AM","LA","IntHigh","2050",587.07790628742
"03100204_50689900_OWENS_BRANCH",3200,104628,"OWENS BRANCH","03100204","50689900","STREAM","tbcmp_AM_LA_IntHigh_2050","AM","LA","IntHigh","2050",103.416567213072
"03100204_50689900_OWENS_BRANCH",4100,75419,"OWENS BRANCH","03100204","50689900","STREAM","tbcmp_AM_LA_IntHigh_2050","AM","LA","IntHigh","2050",74.545762918556
"03100204_50689900_OWENS_BRANCH",4400,9755,"OWENS BRANCH","03100204","50689900","STREAM","tbcmp_AM_LA_IntHigh_2050","AM","LA","IntHigh","2050",9.64205196662
"03100204_50689900_OWENS_BRANCH",5200,1514,"OWENS BRANCH","03100204","50689900","STREAM","tbcmp_AM_LA_IntHigh_2050","AM","LA","IntHigh","2050",1.496470187336
"03100204_50689900_OWENS_BRANCH",6110,233455,"OWENS BRANCH","03100204","50689900","STREAM","tbcmp_AM_LA_IntHigh_2050","AM","LA","IntHigh","2050",230.75194688542
"03100204_50689900_OWENS_BRANCH",6410,31824,"OWENS BRANCH","03100204","50689900","STREAM","tbcmp_AM_LA_IntHigh_2050","AM","LA","IntHigh","2050",31.455526579776
"03100204_50706000_UNNAMED_STREAM",1100,259044,"UNNAMED STREAM","03100204","50706000","STREAM","tbcmp_AM_LA_IntHigh_2050","AM","LA","IntHigh","2050",256.044665263056
"03100204_50706000_UNNAMED_STREAM",2100,259444,"UNNAMED STREAM","03100204","50706000","STREAM","tbcmp_AM_LA_IntHigh_2050","AM","LA","IntHigh","2050",256.440033872656
"03100204_50706000_UNNAMED_STREAM",2400,19835,"UNNAMED STREAM","03100204","50706000","STREAM","tbcmp_AM_LA_IntHigh_2050","AM","LA","IntHigh","2050",19.60534092854
"03100204_50706000_UNNAMED_STREAM",3200,149611,"UNNAMED STREAM","03100204","50706000","STREAM","tbcmp_AM_LA_IntHigh_2050","AM","LA","IntHigh","2050",147.878732627164
"03100204_50706000_UNNAMED_STREAM",4100,10069,"UNNAMED STREAM","03100204","50706000","STREAM","tbcmp_AM_LA_IntHigh_2050","AM","LA","IntHigh","2050",9.952416325156
"03100204_50706000_UNNAMED_STREAM",5200,10120,"UNNAMED STREAM","03100204","50706000","STREAM","tbcmp_AM_LA_IntHigh_2050","AM","LA","IntHigh","2050",10.00282582288
"03100204_50706000_UNNAMED_STREAM",6110,41689,"UNNAMED STREAM","03100204","50706000","STREAM","tbcmp_AM_LA_IntHigh_2050","AM","LA","IntHigh","2050",41.206304914036
"03100204_50706000_UNNAMED_STREAM",6410,18390,"UNNAMED STREAM","03100204","50706000","STREAM","tbcmp_AM_LA_IntHigh_2050","AM","LA","IntHigh","2050",18.17707182636
"03100204_50709900_CHITC_BRANCH",1100,400822,"CHITC BRANCH","03100204","50709900","STREAM","tbcmp_AM_LA_IntHigh_2050","AM","LA","IntHigh","2050",396.181092092728
"03100204_50709900_CHITC_BRANCH",1900,511247,"CHITC BRANCH","03100204","50709900","STREAM","tbcmp_AM_LA_IntHigh_2050","AM","LA","IntHigh","2050",505.327538880428
"03100204_50709900_CHITC_BRANCH",2100,748296,"CHITC BRANCH","03100204","50709900","STREAM","tbcmp_AM_LA_IntHigh_2050","AM","LA","IntHigh","2050",739.631872723104
"03100204_50709900_CHITC_BRANCH",2400,11737,"CHITC BRANCH","03100204","50709900","STREAM","tbcmp_AM_LA_IntHigh_2050","AM","LA","IntHigh","2050",11.601103427188
"03100204_50709900_CHITC_BRANCH",3200,1022360,"CHITC BRANCH","03100204","50709900","STREAM","tbcmp_AM_LA_IntHigh_2050","AM","LA","IntHigh","2050",1010.52262927664
"03100204_50709900_CHITC_BRANCH",4100,39186,"CHITC BRANCH","03100204","50709900","STREAM","tbcmp_AM_LA_IntHigh_2050","AM","LA","IntHigh","2050",38.732285839464
"03100204_50709900_CHITC_BRANCH",4400,79513,"CHITC BRANCH","03100204","50709900","STREAM","tbcmp_AM_LA_IntHigh_2050","AM","LA","IntHigh","2050",78.592360637812
"03100204_50709900_CHITC_BRANCH",5200,40554,"CHITC BRANCH","03100204","50709900","STREAM","tbcmp_AM_LA_IntHigh_2050","AM","LA","IntHigh","2050",40.084446484296
"03100204_50709900_CHITC_BRANCH",6110,304596,"CHITC BRANCH","03100204","50709900","STREAM","tbcmp_AM_LA_IntHigh_2050","AM","LA","IntHigh","2050",301.069242524304
"03100204_50709900_CHITC_BRANCH",6410,129200,"CHITC BRANCH","03100204","50709900","STREAM","tbcmp_AM_LA_IntHigh_2050","AM","LA","IntHigh","2050",127.7040609008
"03100204_50809900_MIZELLE_CREEK",1100,326029,"MIZELLE CREEK","03100204","50809900","STREAM","tbcmp_AM_LA_IntHigh_2050","AM","LA","IntHigh","2050",322.254081048196
"03100204_50809900_MIZELLE_CREEK",1200,83241,"MIZELLE CREEK","03100204","50809900","STREAM","tbcmp_AM_LA_IntHigh_2050","AM","LA","IntHigh","2050",82.277196079284
"03100204_50809900_MIZELLE_CREEK",1900,1636364,"MIZELLE CREEK","03100204","50809900","STREAM","tbcmp_AM_LA_IntHigh_2050","AM","LA","IntHigh","2050",1617.41739869874
"03100204_50809900_MIZELLE_CREEK",2100,430270,"MIZELLE CREEK","03100204","50809900","STREAM","tbcmp_AM_LA_IntHigh_2050","AM","LA","IntHigh","2050",425.28812913148
"03100204_50809900_MIZELLE_CREEK",3200,13825,"MIZELLE CREEK","03100204","50809900","STREAM","tbcmp_AM_LA_IntHigh_2050","AM","LA","IntHigh","2050",13.6649275693
"03100204_50809900_MIZELLE_CREEK",4100,69038,"MIZELLE CREEK","03100204","50809900","STREAM","tbcmp_AM_LA_IntHigh_2050","AM","LA","IntHigh","2050",68.238645173912
"03100204_50809900_MIZELLE_CREEK",5200,42473,"MIZELLE CREEK","03100204","50809900","STREAM","tbcmp_AM_LA_IntHigh_2050","AM","LA","IntHigh","2050",41.981227388852
"03100204_50809900_MIZELLE_CREEK",6110,374565,"MIZELLE CREEK","03100204","50809900","STREAM","tbcmp_AM_LA_IntHigh_2050","AM","LA","IntHigh","2050",370.22810813706
"03100204_50809900_MIZELLE_CREEK",6410,34618,"MIZELLE CREEK","03100204","50809900","STREAM","tbcmp_AM_LA_IntHigh_2050","AM","LA","IntHigh","2050",34.217176317832
"03100204_50850000_WEST_BRANCH",1100,615701,"WEST BRANCH","03100204","50850000","STREAM","tbcmp_AM_LA_IntHigh_2050","AM","LA","IntHigh","2050",608.572120748324
"03100204_50850000_WEST_BRANCH",1200,29712,"WEST BRANCH","03100204","50850000","STREAM","tbcmp_AM_LA_IntHigh_2050","AM","LA","IntHigh","2050",29.367980321088
"03100204_50850000_WEST_BRANCH",1900,565415,"WEST BRANCH","03100204","50850000","STREAM","tbcmp_AM_LA_IntHigh_2050","AM","LA","IntHigh","2050",558.86835599246
"03100204_50850000_WEST_BRANCH",2100,477025,"WEST BRANCH","03100204","50850000","STREAM","tbcmp_AM_LA_IntHigh_2050","AM","LA","IntHigh","2050",471.5017774861
"03100204_50850000_WEST_BRANCH",2400,15754,"WEST BRANCH","03100204","50850000","STREAM","tbcmp_AM_LA_IntHigh_2050","AM","LA","IntHigh","2050",15.571592689096
"03100204_50850000_WEST_BRANCH",3200,720,"WEST BRANCH","03100204","50850000","STREAM","tbcmp_AM_LA_IntHigh_2050","AM","LA","IntHigh","2050",0.71166349728
"03100204_50850000_WEST_BRANCH",4100,328002,"WEST BRANCH","03100204","50850000","STREAM","tbcmp_AM_LA_IntHigh_2050","AM","LA","IntHigh","2050",324.204236715048
"03100204_50850000_WEST_BRANCH",5200,69126,"WEST BRANCH","03100204","50850000","STREAM","tbcmp_AM_LA_IntHigh_2050","AM","LA","IntHigh","2050",68.325626268024
"03100204_50850000_WEST_BRANCH",6110,162544,"WEST BRANCH","03100204","50850000","STREAM","tbcmp_AM_LA_IntHigh_2050","AM","LA","IntHigh","2050",160.661988197056
"03100204_50850000_WEST_BRANCH",6410,33316,"WEST BRANCH","03100204","50850000","STREAM","tbcmp_AM_LA_IntHigh_2050","AM","LA","IntHigh","2050",32.930251493584
"03100204_54000000_MC_DONALD_BRANCH",1100,384529,"MC DONALD BRANCH","03100204","54000000","STREAM","tbcmp_AM_LA_IntHigh_2050","AM","LA","IntHigh","2050",380.076740202196
"03100204_54000000_MC_DONALD_BRANCH",1200,44664,"MC DONALD BRANCH","03100204","54000000","STREAM","tbcmp_AM_LA_IntHigh_2050","AM","LA","IntHigh","2050",44.146858947936
"03100204_54000000_MC_DONALD_BRANCH",1900,99536,"MC DONALD BRANCH","03100204","54000000","STREAM","tbcmp_AM_LA_IntHigh_2050","AM","LA","IntHigh","2050",98.383524812864
"03100204_54000000_MC_DONALD_BRANCH",2100,356993,"MC DONALD BRANCH","03100204","54000000","STREAM","tbcmp_AM_LA_IntHigh_2050","AM","LA","IntHigh","2050",352.859565117332
"03100204_54000000_MC_DONALD_BRANCH",2200,6548,"MC DONALD BRANCH","03100204","54000000","STREAM","tbcmp_AM_LA_IntHigh_2050","AM","LA","IntHigh","2050",6.472184139152
"03100204_54000000_MC_DONALD_BRANCH",2400,9619,"MC DONALD BRANCH","03100204","54000000","STREAM","tbcmp_AM_LA_IntHigh_2050","AM","LA","IntHigh","2050",9.507626639356
"03100204_54000000_MC_DONALD_BRANCH",4100,118638,"MC DONALD BRANCH","03100204","54000000","STREAM","tbcmp_AM_LA_IntHigh_2050","AM","LA","IntHigh","2050",117.264352764312
"03100204_54000000_MC_DONALD_BRANCH",4400,21838,"MC DONALD BRANCH","03100204","54000000","STREAM","tbcmp_AM_LA_IntHigh_2050","AM","LA","IntHigh","2050",21.585149241112
"03100204_54000000_MC_DONALD_BRANCH",5200,6753,"MC DONALD BRANCH","03100204","54000000","STREAM","tbcmp_AM_LA_IntHigh_2050","AM","LA","IntHigh","2050",6.674810551572
"03100204_54000000_MC_DONALD_BRANCH",6110,88092,"MC DONALD BRANCH","03100204","54000000","STREAM","tbcmp_AM_LA_IntHigh_2050","AM","LA","IntHigh","2050",87.072028892208
"03100204_54000000_MC_DONALD_BRANCH",6410,4818,"MC DONALD BRANCH","03100204","54000000","STREAM","tbcmp_AM_LA_IntHigh_2050","AM","LA","IntHigh","2050",4.762214902632
"03100204_58000000_MCCULLOUGH_BRANCH",1100,567971,"MCCULLOUGH BRANCH","03100204","58000000","STREAM","tbcmp_AM_LA_IntHigh_2050","AM","LA","IntHigh","2050",561.394761407804
"03100204_58000000_MCCULLOUGH_BRANCH",1200,42091,"MCCULLOUGH BRANCH","03100204","58000000","STREAM","tbcmp_AM_LA_IntHigh_2050","AM","LA","IntHigh","2050",41.603650366684
"03100204_58000000_MCCULLOUGH_BRANCH",1900,81192,"MCCULLOUGH BRANCH","03100204","58000000","STREAM","tbcmp_AM_LA_IntHigh_2050","AM","LA","IntHigh","2050",80.251920376608
"03100204_58000000_MCCULLOUGH_BRANCH",2100,168056,"MCCULLOUGH BRANCH","03100204","58000000","STREAM","tbcmp_AM_LA_IntHigh_2050","AM","LA","IntHigh","2050",166.110167637344
"03100204_58000000_MCCULLOUGH_BRANCH",2400,18405,"MCCULLOUGH BRANCH","03100204","58000000","STREAM","tbcmp_AM_LA_IntHigh_2050","AM","LA","IntHigh","2050",18.19189814922
"03100204_58000000_MCCULLOUGH_BRANCH",4100,110535,"MCCULLOUGH BRANCH","03100204","58000000","STREAM","tbcmp_AM_LA_IntHigh_2050","AM","LA","IntHigh","2050",109.25517315534
"03100204_58000000_MCCULLOUGH_BRANCH",5200,10423,"MCCULLOUGH BRANCH","03100204","58000000","STREAM","tbcmp_AM_LA_IntHigh_2050","AM","LA","IntHigh","2050",10.302317544652
"03100204_58000000_MCCULLOUGH_BRANCH",6110,160715,"MCCULLOUGH BRANCH","03100204","58000000","STREAM","tbcmp_AM_LA_IntHigh_2050","AM","LA","IntHigh","2050",158.85416522966
"03100204_58000000_MCCULLOUGH_BRANCH",6410,11357,"MCCULLOUGH BRANCH","03100204","58000000","STREAM","tbcmp_AM_LA_IntHigh_2050","AM","LA","IntHigh","2050",11.225503248068
"03100204_60950000_MEDARD_PARK_RUN",1100,2404746,"MEDARD PARK RUN","03100204","60950000","STREAM","tbcmp_AM_LA_IntHigh_2050","AM","LA","IntHigh","2050",2376.9027061529
"03100204_60950000_MEDARD_PARK_RUN",1200,1338216,"MEDARD PARK RUN","03100204","60950000","STREAM","tbcmp_AM_LA_IntHigh_2050","AM","LA","IntHigh","2050",1322.72149816118
"03100204_60950000_MEDARD_PARK_RUN",1800,107330,"MEDARD PARK RUN","03100204","60950000","STREAM","tbcmp_AM_LA_IntHigh_2050","AM","LA","IntHigh","2050",106.08728217092
"03100204_60950000_MEDARD_PARK_RUN",1820,1172,"MEDARD PARK RUN","03100204","60950000","STREAM","tbcmp_AM_LA_IntHigh_2050","AM","LA","IntHigh","2050",1.158430026128
"03100204_60950000_MEDARD_PARK_RUN",1900,2515204,"MEDARD PARK RUN","03100204","60950000","STREAM","tbcmp_AM_LA_IntHigh_2050","AM","LA","IntHigh","2050",2486.0817708509
"03100204_60950000_MEDARD_PARK_RUN",2100,5393090,"MEDARD PARK RUN","03100204","60950000","STREAM","tbcmp_AM_LA_IntHigh_2050","AM","LA","IntHigh","2050",5330.64623686916
"03100204_60950000_MEDARD_PARK_RUN",2200,80020,"MEDARD PARK RUN","03100204","60950000","STREAM","tbcmp_AM_LA_IntHigh_2050","AM","LA","IntHigh","2050",79.09349035048
"03100204_60950000_MEDARD_PARK_RUN",2400,182902,"MEDARD PARK RUN","03100204","60950000","STREAM","tbcmp_AM_LA_IntHigh_2050","AM","LA","IntHigh","2050",180.784273582648
"03100204_60950000_MEDARD_PARK_RUN",3200,30869,"MEDARD PARK RUN","03100204","60950000","STREAM","tbcmp_AM_LA_IntHigh_2050","AM","LA","IntHigh","2050",30.511584024356
"03100204_60950000_MEDARD_PARK_RUN",4100,543999,"MEDARD PARK RUN","03100204","60950000","STREAM","tbcmp_AM_LA_IntHigh_2050","AM","LA","IntHigh","2050",537.700320634476
"03100204_60950000_MEDARD_PARK_RUN",4400,96530,"MEDARD PARK RUN","03100204","60950000","STREAM","tbcmp_AM_LA_IntHigh_2050","AM","LA","IntHigh","2050",95.41232971172
"03100204_60950000_MEDARD_PARK_RUN",5200,875862,"MEDARD PARK RUN","03100204","60950000","STREAM","tbcmp_AM_LA_IntHigh_2050","AM","LA","IntHigh","2050",865.720852853688
"03100204_60950000_MEDARD_PARK_RUN",6110,943065,"MEDARD PARK RUN","03100204","60950000","STREAM","tbcmp_AM_LA_IntHigh_2050","AM","LA","IntHigh","2050",932.14574453106
"03100204_60950000_MEDARD_PARK_RUN",6410,326930,"MEDARD PARK RUN","03100204","60950000","STREAM","tbcmp_AM_LA_IntHigh_2050","AM","LA","IntHigh","2050",323.14464884132
"03100204_60990000_TURKEY_CREEK",1100,2378861,"TURKEY CREEK","03100204","60990000","STREAM","tbcmp_AM_LA_IntHigh_2050","AM","LA","IntHigh","2050",2351.31741500416
"03100204_60990000_TURKEY_CREEK",1200,1666909,"TURKEY CREEK","03100204","60990000","STREAM","tbcmp_AM_LA_IntHigh_2050","AM","LA","IntHigh","2050",1647.60873414932
"03100204_60990000_TURKEY_CREEK",1800,84837,"TURKEY CREEK","03100204","60990000","STREAM","tbcmp_AM_LA_IntHigh_2050","AM","LA","IntHigh","2050",83.854716831588
"03100204_60990000_TURKEY_CREEK",1820,40100,"TURKEY CREEK","03100204","60990000","STREAM","tbcmp_AM_LA_IntHigh_2050","AM","LA","IntHigh","2050",39.6357031124
"03100204_60990000_TURKEY_CREEK",1900,3083597,"TURKEY CREEK","03100204","60990000","STREAM","tbcmp_AM_LA_IntHigh_2050","AM","LA","IntHigh","2050",3047.89364614183
"03100204_60990000_TURKEY_CREEK",2100,3308921,"TURKEY CREEK","03100204","60990000","STREAM","tbcmp_AM_LA_IntHigh_2050","AM","LA","IntHigh","2050",3270.6087376156
"03100204_60990000_TURKEY_CREEK",2200,21241,"TURKEY CREEK","03100204","60990000","STREAM","tbcmp_AM_LA_IntHigh_2050","AM","LA","IntHigh","2050",20.995061591284
"03100204_60990000_TURKEY_CREEK",2400,91757,"TURKEY CREEK","03100204","60990000","STREAM","tbcmp_AM_LA_IntHigh_2050","AM","LA","IntHigh","2050",90.694593777668
"03100204_60990000_TURKEY_CREEK",3200,11542,"TURKEY CREEK","03100204","60990000","STREAM","tbcmp_AM_LA_IntHigh_2050","AM","LA","IntHigh","2050",11.408361230008
"03100204_60990000_TURKEY_CREEK",4100,348119,"TURKEY CREEK","03100204","60990000","STREAM","tbcmp_AM_LA_IntHigh_2050","AM","LA","IntHigh","2050",344.088312513356
"03100204_60990000_TURKEY_CREEK",4400,32956,"TURKEY CREEK","03100204","60990000","STREAM","tbcmp_AM_LA_IntHigh_2050","AM","LA","IntHigh","2050",32.574419744944
"03100204_60990000_TURKEY_CREEK",5200,177514,"TURKEY CREEK","03100204","60990000","STREAM","tbcmp_AM_LA_IntHigh_2050","AM","LA","IntHigh","2050",175.458658411336
"03100204_60990000_TURKEY_CREEK",6110,995848,"TURKEY CREEK","03100204","60990000","STREAM","tbcmp_AM_LA_IntHigh_2050","AM","LA","IntHigh","2050",984.317597832352
"03100204_60990000_TURKEY_CREEK",6410,537661,"TURKEY CREEK","03100204","60990000","STREAM","tbcmp_AM_LA_IntHigh_2050","AM","LA","IntHigh","2050",531.435705015364
"03100204_68000000_LITTLE_FISHHAWK_CREEK",1100,625288,"LITTLE FISHHAWK CREEK","03100204","68000000","STREAM","tbcmp_AM_LA_IntHigh_2050","AM","LA","IntHigh","2050",618.048117898912
"03100204_68000000_LITTLE_FISHHAWK_CREEK",1200,1400552,"LITTLE FISHHAWK CREEK","03100204","68000000","STREAM","tbcmp_AM_LA_IntHigh_2050","AM","LA","IntHigh","2050",1384.33574228125
"03100204_68000000_LITTLE_FISHHAWK_CREEK",1800,61612,"LITTLE FISHHAWK CREEK","03100204","68000000","STREAM","tbcmp_AM_LA_IntHigh_2050","AM","LA","IntHigh","2050",60.898626936688
"03100204_68000000_LITTLE_FISHHAWK_CREEK",1900,137347,"LITTLE FISHHAWK CREEK","03100204","68000000","STREAM","tbcmp_AM_LA_IntHigh_2050","AM","LA","IntHigh","2050",135.756731056828
"03100204_68000000_LITTLE_FISHHAWK_CREEK",2100,446340,"LITTLE FISHHAWK CREEK","03100204","68000000","STREAM","tbcmp_AM_LA_IntHigh_2050","AM","LA","IntHigh","2050",441.17206302216
"03100204_68000000_LITTLE_FISHHAWK_CREEK",2400,5511,"LITTLE FISHHAWK CREEK","03100204","68000000","STREAM","tbcmp_AM_LA_IntHigh_2050","AM","LA","IntHigh","2050",5.447191018764
"03100204_68000000_LITTLE_FISHHAWK_CREEK",3200,10486,"LITTLE FISHHAWK CREEK","03100204","68000000","STREAM","tbcmp_AM_LA_IntHigh_2050","AM","LA","IntHigh","2050",10.364588100664
"03100204_68000000_LITTLE_FISHHAWK_CREEK",4100,380604,"LITTLE FISHHAWK CREEK","03100204","68000000","STREAM","tbcmp_AM_LA_IntHigh_2050","AM","LA","IntHigh","2050",376.197185720496
"03100204_68000000_LITTLE_FISHHAWK_CREEK",5200,84112,"LITTLE FISHHAWK CREEK","03100204","68000000","STREAM","tbcmp_AM_LA_IntHigh_2050","AM","LA","IntHigh","2050",83.138111226688
"03100204_68000000_LITTLE_FISHHAWK_CREEK",6110,265928,"LITTLE FISHHAWK CREEK","03100204","68000000","STREAM","tbcmp_AM_LA_IntHigh_2050","AM","LA","IntHigh","2050",262.848959034272
"03100204_68000000_LITTLE_FISHHAWK_CREEK",6410,57222,"LITTLE FISHHAWK CREEK","03100204","68000000","STREAM","tbcmp_AM_LA_IntHigh_2050","AM","LA","IntHigh","2050",56.559456446328
"03100204_70400000_FLAT_CREEK",1200,73104,"FLAT CREEK","03100204","70400000","SLOUGH","tbcmp_AM_LA_IntHigh_2050","AM","LA","IntHigh","2050",72.257567090496
"03100204_70400000_FLAT_CREEK",1900,258616,"FLAT CREEK","03100204","70400000","SLOUGH","tbcmp_AM_LA_IntHigh_2050","AM","LA","IntHigh","2050",255.621620850784
"03100204_70400000_FLAT_CREEK",2100,137048,"FLAT CREEK","03100204","70400000","SLOUGH","tbcmp_AM_LA_IntHigh_2050","AM","LA","IntHigh","2050",135.461193021152
"03100204_70400000_FLAT_CREEK",2200,58809,"FLAT CREEK","03100204","70400000","SLOUGH","tbcmp_AM_LA_IntHigh_2050","AM","LA","IntHigh","2050",58.128081404916
"03100204_70400000_FLAT_CREEK",2400,62736,"FLAT CREEK","03100204","70400000","SLOUGH","tbcmp_AM_LA_IntHigh_2050","AM","LA","IntHigh","2050",62.009612729664
"03100204_70400000_FLAT_CREEK",5200,176939,"FLAT CREEK","03100204","70400000","SLOUGH","tbcmp_AM_LA_IntHigh_2050","AM","LA","IntHigh","2050",174.890316035036
"03100204_70400000_FLAT_CREEK",6110,135935,"FLAT CREEK","03100204","70400000","SLOUGH","tbcmp_AM_LA_IntHigh_2050","AM","LA","IntHigh","2050",134.36107986494
"03100204_70400000_FLAT_CREEK",6410,21060,"FLAT CREEK","03100204","70400000","SLOUGH","tbcmp_AM_LA_IntHigh_2050","AM","LA","IntHigh","2050",20.81615729544
"03100204_70500000_DOE_BRANCH",1100,314505,"DOE BRANCH","03100204","70500000","STREAM","tbcmp_AM_LA_IntHigh_2050","AM","LA","IntHigh","2050",310.86351140562
"03100204_70500000_DOE_BRANCH",1200,390081,"DOE BRANCH","03100204","70500000","STREAM","tbcmp_AM_LA_IntHigh_2050","AM","LA","IntHigh","2050",385.564456503444
"03100204_70500000_DOE_BRANCH",1900,1097696,"DOE BRANCH","03100204","70500000","STREAM","tbcmp_AM_LA_IntHigh_2050","AM","LA","IntHigh","2050",1084.9863532087
"03100204_70500000_DOE_BRANCH",2100,163073,"DOE BRANCH","03100204","70500000","STREAM","tbcmp_AM_LA_IntHigh_2050","AM","LA","IntHigh","2050",161.184863183252
"03100204_70500000_DOE_BRANCH",2400,5870,"DOE BRANCH","03100204","70500000","STREAM","tbcmp_AM_LA_IntHigh_2050","AM","LA","IntHigh","2050",5.80203434588
"03100204_70500000_DOE_BRANCH",3200,982680,"DOE BRANCH","03100204","70500000","STREAM","tbcmp_AM_LA_IntHigh_2050","AM","LA","IntHigh","2050",971.30206320432
"03100204_70500000_DOE_BRANCH",4100,579132,"DOE BRANCH","03100204","70500000","STREAM","tbcmp_AM_LA_IntHigh_2050","AM","LA","IntHigh","2050",572.426534037168
"03100204_70500000_DOE_BRANCH",4400,43013,"DOE BRANCH","03100204","70500000","STREAM","tbcmp_AM_LA_IntHigh_2050","AM","LA","IntHigh","2050",42.514975011812
"03100204_70500000_DOE_BRANCH",5200,821328,"DOE BRANCH","03100204","70500000","STREAM","tbcmp_AM_LA_IntHigh_2050","AM","LA","IntHigh","2050",811.818273463872
"03100204_70500000_DOE_BRANCH",6110,215736,"DOE BRANCH","03100204","70500000","STREAM","tbcmp_AM_LA_IntHigh_2050","AM","LA","IntHigh","2050",213.238105901664
"03100204_70500000_DOE_BRANCH",6410,330478,"DOE BRANCH","03100204","70500000","STREAM","tbcmp_AM_LA_IntHigh_2050","AM","LA","IntHigh","2050",326.651568408472
"03100204_70990000_FISHHAWK_CREEK",1100,179383,"FISHHAWK CREEK","03100204","70990000","STREAM","tbcmp_AM_LA_IntHigh_2050","AM","LA","IntHigh","2050",177.306018239692
"03100204_70990000_FISHHAWK_CREEK",1200,1387404,"FISHHAWK CREEK","03100204","70990000","STREAM","tbcmp_AM_LA_IntHigh_2050","AM","LA","IntHigh","2050",1371.3399760837
"03100204_70990000_FISHHAWK_CREEK",1800,9457,"FISHHAWK CREEK","03100204","70990000","STREAM","tbcmp_AM_LA_IntHigh_2050","AM","LA","IntHigh","2050",9.347502352468
"03100204_70990000_FISHHAWK_CREEK",1900,1040890,"FISHHAWK CREEK","03100204","70990000","STREAM","tbcmp_AM_LA_IntHigh_2050","AM","LA","IntHigh","2050",1028.83808011636
"03100204_70990000_FISHHAWK_CREEK",2100,766612,"FISHHAWK CREEK","03100204","70990000","STREAM","tbcmp_AM_LA_IntHigh_2050","AM","LA","IntHigh","2050",757.735801356688
"03100204_70990000_FISHHAWK_CREEK",2200,1118,"FISHHAWK CREEK","03100204","70990000","STREAM","tbcmp_AM_LA_IntHigh_2050","AM","LA","IntHigh","2050",1.105055263832
"03100204_70990000_FISHHAWK_CREEK",2400,101984,"FISHHAWK CREEK","03100204","70990000","STREAM","tbcmp_AM_LA_IntHigh_2050","AM","LA","IntHigh","2050",100.803180703616
"03100204_70990000_FISHHAWK_CREEK",3200,776981,"FISHHAWK CREEK","03100204","70990000","STREAM","tbcmp_AM_LA_IntHigh_2050","AM","LA","IntHigh","2050",767.984744139044
"03100204_70990000_FISHHAWK_CREEK",4100,1503591,"FISHHAWK CREEK","03100204","70990000","STREAM","tbcmp_AM_LA_IntHigh_2050","AM","LA","IntHigh","2050",1486.18170769268
"03100204_70990000_FISHHAWK_CREEK",4400,81636,"FISHHAWK CREEK","03100204","70990000","STREAM","tbcmp_AM_LA_IntHigh_2050","AM","LA","IntHigh","2050",80.690779533264
"03100204_70990000_FISHHAWK_CREEK",5200,174963,"FISHHAWK CREEK","03100204","70990000","STREAM","tbcmp_AM_LA_IntHigh_2050","AM","LA","IntHigh","2050",172.937195103612
"03100204_70990000_FISHHAWK_CREEK",6110,1122534,"FISHHAWK CREEK","03100204","70990000","STREAM","tbcmp_AM_LA_IntHigh_2050","AM","LA","IntHigh","2050",1109.53676702182
"03100204_70990000_FISHHAWK_CREEK",6410,213290,"FISHHAWK CREEK","03100204","70990000","STREAM","tbcmp_AM_LA_IntHigh_2050","AM","LA","IntHigh","2050",210.82042685396
"03100204_80000000_BELL_CREEK_RESERVOIR",1100,621573,"BELL CREEK RESERVOIR","03100204","80000000","RESERV","tbcmp_AM_LA_IntHigh_2050","AM","LA","IntHigh","2050",614.376131937252
"03100204_80000000_BELL_CREEK_RESERVOIR",1200,1244778,"BELL CREEK RESERVOIR","03100204","80000000","RESERV","tbcmp_AM_LA_IntHigh_2050","AM","LA","IntHigh","2050",1230.36536780167
"03100204_80000000_BELL_CREEK_RESERVOIR",1800,50659,"BELL CREEK RESERVOIR","03100204","80000000","RESERV","tbcmp_AM_LA_IntHigh_2050","AM","LA","IntHigh","2050",50.072445984316
"03100204_80000000_BELL_CREEK_RESERVOIR",1900,812359,"BELL CREEK RESERVOIR","03100204","80000000","RESERV","tbcmp_AM_LA_IntHigh_2050","AM","LA","IntHigh","2050",802.953120815116
"03100204_80000000_BELL_CREEK_RESERVOIR",2100,905202,"BELL CREEK RESERVOIR","03100204","80000000","RESERV","tbcmp_AM_LA_IntHigh_2050","AM","LA","IntHigh","2050",894.721140367848
"03100204_80000000_BELL_CREEK_RESERVOIR",3200,846229,"BELL CREEK RESERVOIR","03100204","80000000","RESERV","tbcmp_AM_LA_IntHigh_2050","AM","LA","IntHigh","2050",836.430957832996
"03100204_80000000_BELL_CREEK_RESERVOIR",4100,1108672,"BELL CREEK RESERVOIR","03100204","80000000","RESERV","tbcmp_AM_LA_IntHigh_2050","AM","LA","IntHigh","2050",1095.83526785613
"03100204_80000000_BELL_CREEK_RESERVOIR",4400,141487,"BELL CREEK RESERVOIR","03100204","80000000","RESERV","tbcmp_AM_LA_IntHigh_2050","AM","LA","IntHigh","2050",139.848796166188
"03100204_80000000_BELL_CREEK_RESERVOIR",5200,303543,"BELL CREEK RESERVOIR","03100204","80000000","RESERV","tbcmp_AM_LA_IntHigh_2050","AM","LA","IntHigh","2050",300.028434659532
"03100204_80000000_BELL_CREEK_RESERVOIR",6110,998494,"BELL CREEK RESERVOIR","03100204","80000000","RESERV","tbcmp_AM_LA_IntHigh_2050","AM","LA","IntHigh","2050",986.932961184856
"03100204_80000000_BELL_CREEK_RESERVOIR",6410,238060,"BELL CREEK RESERVOIR","03100204","80000000","RESERV","tbcmp_AM_LA_IntHigh_2050","AM","LA","IntHigh","2050",235.30362800344
"03100204_80500000_BOGGY_CREEK",1100,211478,"BOGGY CREEK","03100204","80500000","STREAM","tbcmp_AM_LA_IntHigh_2050","AM","LA","IntHigh","2050",209.029407052472
"03100204_80500000_BOGGY_CREEK",1200,516560,"BOGGY CREEK","03100204","80500000","STREAM","tbcmp_AM_LA_IntHigh_2050","AM","LA","IntHigh","2050",510.57902243744
"03100204_80500000_BOGGY_CREEK",1800,11883,"BOGGY CREEK","03100204","80500000","STREAM","tbcmp_AM_LA_IntHigh_2050","AM","LA","IntHigh","2050",11.745412969692
"03100204_80500000_BOGGY_CREEK",1900,180304,"BOGGY CREEK","03100204","80500000","STREAM","tbcmp_AM_LA_IntHigh_2050","AM","LA","IntHigh","2050",178.216354463296
"03100204_80500000_BOGGY_CREEK",2100,442436,"BOGGY CREEK","03100204","80500000","STREAM","tbcmp_AM_LA_IntHigh_2050","AM","LA","IntHigh","2050",437.313265392464
"03100204_80500000_BOGGY_CREEK",2400,5937,"BOGGY CREEK","03100204","80500000","STREAM","tbcmp_AM_LA_IntHigh_2050","AM","LA","IntHigh","2050",5.868258587988
"03100204_80500000_BOGGY_CREEK",3200,343610,"BOGGY CREEK","03100204","80500000","STREAM","tbcmp_AM_LA_IntHigh_2050","AM","LA","IntHigh","2050",339.63151986164
"03100204_80500000_BOGGY_CREEK",4100,363089,"BOGGY CREEK","03100204","80500000","STREAM","tbcmp_AM_LA_IntHigh_2050","AM","LA","IntHigh","2050",358.884982727636
"03100204_80500000_BOGGY_CREEK",5200,148568,"BOGGY CREEK","03100204","80500000","STREAM","tbcmp_AM_LA_IntHigh_2050","AM","LA","IntHigh","2050",146.847808977632
"03100204_80500000_BOGGY_CREEK",6110,380600,"BOGGY CREEK","03100204","80500000","STREAM","tbcmp_AM_LA_IntHigh_2050","AM","LA","IntHigh","2050",376.1932320344
"03100204_80500000_BOGGY_CREEK",6410,66822,"BOGGY CREEK","03100204","80500000","STREAM","tbcmp_AM_LA_IntHigh_2050","AM","LA","IntHigh","2050",66.048303076728
"03100204_80800000_PELLEHAM_BRANCH",1100,32782,"PELLEHAM BRANCH","03100204","80800000","STREAM","tbcmp_AM_LA_IntHigh_2050","AM","LA","IntHigh","2050",32.402434399768
"03100204_80800000_PELLEHAM_BRANCH",1200,1409413,"PELLEHAM BRANCH","03100204","80800000","STREAM","tbcmp_AM_LA_IntHigh_2050","AM","LA","IntHigh","2050",1393.09414540541
"03100204_80800000_PELLEHAM_BRANCH",1800,19701,"PELLEHAM BRANCH","03100204","80800000","STREAM","tbcmp_AM_LA_IntHigh_2050","AM","LA","IntHigh","2050",19.472892444324
"03100204_80800000_PELLEHAM_BRANCH",1900,83382,"PELLEHAM BRANCH","03100204","80800000","STREAM","tbcmp_AM_LA_IntHigh_2050","AM","LA","IntHigh","2050",82.416563514168
"03100204_80800000_PELLEHAM_BRANCH",2100,16898,"PELLEHAM BRANCH","03100204","80800000","STREAM","tbcmp_AM_LA_IntHigh_2050","AM","LA","IntHigh","2050",16.702346912552
"03100204_80800000_PELLEHAM_BRANCH",3200,40055,"PELLEHAM BRANCH","03100204","80800000","STREAM","tbcmp_AM_LA_IntHigh_2050","AM","LA","IntHigh","2050",39.59122414382
"03100204_80800000_PELLEHAM_BRANCH",4100,183698,"PELLEHAM BRANCH","03100204","80800000","STREAM","tbcmp_AM_LA_IntHigh_2050","AM","LA","IntHigh","2050",181.571057115752
"03100204_80800000_PELLEHAM_BRANCH",5200,59154,"PELLEHAM BRANCH","03100204","80800000","STREAM","tbcmp_AM_LA_IntHigh_2050","AM","LA","IntHigh","2050",58.469086830696
"03100204_80800000_PELLEHAM_BRANCH",6110,165494,"PELLEHAM BRANCH","03100204","80800000","STREAM","tbcmp_AM_LA_IntHigh_2050","AM","LA","IntHigh","2050",163.577831692856
"03100204_80800000_PELLEHAM_BRANCH",6410,95359,"PELLEHAM BRANCH","03100204","80800000","STREAM","tbcmp_AM_LA_IntHigh_2050","AM","LA","IntHigh","2050",94.254888107116
"03100204_80990000_BELL_CREEK",1100,115411,"BELL CREEK","03100204","80990000","STREAM","tbcmp_AM_LA_IntHigh_2050","AM","LA","IntHigh","2050",114.074716506364
"03100204_80990000_BELL_CREEK",1200,867414,"BELL CREEK","03100204","80990000","STREAM","tbcmp_AM_LA_IntHigh_2050","AM","LA","IntHigh","2050",857.370667818936
"03100204_80990000_BELL_CREEK",1800,17393,"BELL CREEK","03100204","80990000","STREAM","tbcmp_AM_LA_IntHigh_2050","AM","LA","IntHigh","2050",17.191615566932
"03100204_80990000_BELL_CREEK",1900,24809,"BELL CREEK","03100204","80990000","STREAM","tbcmp_AM_LA_IntHigh_2050","AM","LA","IntHigh","2050",24.521749588916
"03100204_80990000_BELL_CREEK",2100,101478,"BELL CREEK","03100204","80990000","STREAM","tbcmp_AM_LA_IntHigh_2050","AM","LA","IntHigh","2050",100.303039412472
"03100204_80990000_BELL_CREEK",2400,5569,"BELL CREEK","03100204","80990000","STREAM","tbcmp_AM_LA_IntHigh_2050","AM","LA","IntHigh","2050",5.504519467156
"03100204_80990000_BELL_CREEK",4100,132781,"BELL CREEK","03100204","80990000","STREAM","tbcmp_AM_LA_IntHigh_2050","AM","LA","IntHigh","2050",131.243598378244
"03100204_80990000_BELL_CREEK",5200,46259,"BELL CREEK","03100204","80990000","STREAM","tbcmp_AM_LA_IntHigh_2050","AM","LA","IntHigh","2050",45.723391278716
"03100204_80990000_BELL_CREEK",6110,251823,"BELL CREEK","03100204","80990000","STREAM","tbcmp_AM_LA_IntHigh_2050","AM","LA","IntHigh","2050",248.907273438252
"03100204_80990000_BELL_CREEK",6410,42498,"BELL CREEK","03100204","80990000","STREAM","tbcmp_AM_LA_IntHigh_2050","AM","LA","IntHigh","2050",42.005937926952
"03100204_80990000_BELL_CREEK",6420,62,"BELL CREEK","03100204","80990000","STREAM","tbcmp_AM_LA_IntHigh_2050","AM","LA","IntHigh","2050",0.061282134488
"03100204_80990000_BELL_CREEK",6425,116,"BELL CREEK","03100204","80990000","STREAM","tbcmp_AM_LA_IntHigh_2050","AM","LA","IntHigh","2050",0.114656896784
"03100204_80990000_BELL_CREEK",6510,16,"BELL CREEK","03100204","80990000","STREAM","tbcmp_AM_LA_IntHigh_2050","AM","LA","IntHigh","2050",0.015814744384
"03100204_80990000_BELL_CREEK",6600,268,"BELL CREEK","03100204","80990000","STREAM","tbcmp_AM_LA_IntHigh_2050","AM","LA","IntHigh","2050",0.264896968432
"03100204_80990000_BELL_CREEK",9113,4,"BELL CREEK","03100204","80990000","STREAM","tbcmp_AM_LA_IntHigh_2050","AM","LA","IntHigh","2050",0.003953686096
"03100204_88000000_BUCKHORN_CREEK",1100,529163,"BUCKHORN CREEK","03100204","88000000","STREAM","tbcmp_AM_LA_IntHigh_2050","AM","LA","IntHigh","2050",523.036098904412
"03100204_88000000_BUCKHORN_CREEK",1200,3235407,"BUCKHORN CREEK","03100204","88000000","STREAM","tbcmp_AM_LA_IntHigh_2050","AM","LA","IntHigh","2050",3197.94591770027
"03100204_88000000_BUCKHORN_CREEK",1800,73092,"BUCKHORN CREEK","03100204","88000000","STREAM","tbcmp_AM_LA_IntHigh_2050","AM","LA","IntHigh","2050",72.245706032208
"03100204_88000000_BUCKHORN_CREEK",1820,153919,"BUCKHORN CREEK","03100204","88000000","STREAM","tbcmp_AM_LA_IntHigh_2050","AM","LA","IntHigh","2050",152.136852552556
"03100204_88000000_BUCKHORN_CREEK",1900,119543,"BUCKHORN CREEK","03100204","88000000","STREAM","tbcmp_AM_LA_IntHigh_2050","AM","LA","IntHigh","2050",118.158874243532
"03100204_88000000_BUCKHORN_CREEK",2100,42591,"BUCKHORN CREEK","03100204","88000000","STREAM","tbcmp_AM_LA_IntHigh_2050","AM","LA","IntHigh","2050",42.097861128684
"03100204_88000000_BUCKHORN_CREEK",2200,2498,"BUCKHORN CREEK","03100204","88000000","STREAM","tbcmp_AM_LA_IntHigh_2050","AM","LA","IntHigh","2050",2.469076966952
"03100204_88000000_BUCKHORN_CREEK",2400,15926,"BUCKHORN CREEK","03100204","88000000","STREAM","tbcmp_AM_LA_IntHigh_2050","AM","LA","IntHigh","2050",15.741601191224
"03100204_88000000_BUCKHORN_CREEK",4100,114978,"BUCKHORN CREEK","03100204","88000000","STREAM","tbcmp_AM_LA_IntHigh_2050","AM","LA","IntHigh","2050",113.646729986472
"03100204_88000000_BUCKHORN_CREEK",5200,174230,"BUCKHORN CREEK","03100204","88000000","STREAM","tbcmp_AM_LA_IntHigh_2050","AM","LA","IntHigh","2050",172.21268212652
"03100204_88000000_BUCKHORN_CREEK",6110,274441,"BUCKHORN CREEK","03100204","88000000","STREAM","tbcmp_AM_LA_IntHigh_2050","AM","LA","IntHigh","2050",271.263391468084
"03100204_88000000_BUCKHORN_CREEK",6410,145158,"BUCKHORN CREEK","03100204","88000000","STREAM","tbcmp_AM_LA_IntHigh_2050","AM","LA","IntHigh","2050",143.477291580792
"03100204_88000000_BUCKHORN_CREEK",6420,313,"BUCKHORN CREEK","03100204","88000000","STREAM","tbcmp_AM_LA_IntHigh_2050","AM","LA","IntHigh","2050",0.309375937012
"03100204_88000000_BUCKHORN_CREEK",6425,583,"BUCKHORN CREEK","03100204","88000000","STREAM","tbcmp_AM_LA_IntHigh_2050","AM","LA","IntHigh","2050",0.576249748492
"03100204_88000000_BUCKHORN_CREEK",6510,143,"BUCKHORN CREEK","03100204","88000000","STREAM","tbcmp_AM_LA_IntHigh_2050","AM","LA","IntHigh","2050",0.141344277932
"03100204_88000000_BUCKHORN_CREEK",6600,2384,"BUCKHORN CREEK","03100204","88000000","STREAM","tbcmp_AM_LA_IntHigh_2050","AM","LA","IntHigh","2050",2.356396913216
"03100204_88000000_BUCKHORN_CREEK",9113,53,"BUCKHORN CREEK","03100204","88000000","STREAM","tbcmp_AM_LA_IntHigh_2050","AM","LA","IntHigh","2050",0.052386340772
"03100204_90000000_RICE_CREEK",1100,125125,"RICE CREEK","03100204","90000000","STREAM","tbcmp_AM_LA_IntHigh_2050","AM","LA","IntHigh","2050",123.6762431905
"03100204_90000000_RICE_CREEK",1200,2090659,"RICE CREEK","03100204","90000000","STREAM","tbcmp_AM_LA_IntHigh_2050","AM","LA","IntHigh","2050",2066.45235494432
"03100204_90000000_RICE_CREEK",1800,4044,"RICE CREEK","03100204","90000000","STREAM","tbcmp_AM_LA_IntHigh_2050","AM","LA","IntHigh","2050",3.997176643056
"03100204_90000000_RICE_CREEK",1900,139553,"RICE CREEK","03100204","90000000","STREAM","tbcmp_AM_LA_IntHigh_2050","AM","LA","IntHigh","2050",137.937188938772
"03100204_90000000_RICE_CREEK",2100,26998,"RICE CREEK","03100204","90000000","STREAM","tbcmp_AM_LA_IntHigh_2050","AM","LA","IntHigh","2050",26.685404304952
"03100204_90000000_RICE_CREEK",3200,15559,"RICE CREEK","03100204","90000000","STREAM","tbcmp_AM_LA_IntHigh_2050","AM","LA","IntHigh","2050",15.378850491916
"03100204_90000000_RICE_CREEK",4100,187192,"RICE CREEK","03100204","90000000","STREAM","tbcmp_AM_LA_IntHigh_2050","AM","LA","IntHigh","2050",185.024601920608
"03100204_90000000_RICE_CREEK",4400,688,"RICE CREEK","03100204","90000000","STREAM","tbcmp_AM_LA_IntHigh_2050","AM","LA","IntHigh","2050",0.680034008512
"03100204_90000000_RICE_CREEK",5200,288224,"RICE CREEK","03100204","90000000","STREAM","tbcmp_AM_LA_IntHigh_2050","AM","LA","IntHigh","2050",284.886805333376
"03100204_90000000_RICE_CREEK",6110,231175,"RICE CREEK","03100204","90000000","STREAM","tbcmp_AM_LA_IntHigh_2050","AM","LA","IntHigh","2050",228.4983458107
"03100204_90000000_RICE_CREEK",6410,178960,"RICE CREEK","03100204","90000000","STREAM","tbcmp_AM_LA_IntHigh_2050","AM","LA","IntHigh","2050",176.88791593504
"03100204_90000000_RICE_CREEK",6420,76,"RICE CREEK","03100204","90000000","STREAM","tbcmp_AM_LA_IntHigh_2050","AM","LA","IntHigh","2050",0.075120035824
"03100204_90000000_RICE_CREEK",6425,239,"RICE CREEK","03100204","90000000","STREAM","tbcmp_AM_LA_IntHigh_2050","AM","LA","IntHigh","2050",0.236232744236
"03100204_90000000_RICE_CREEK",6510,69,"RICE CREEK","03100204","90000000","STREAM","tbcmp_AM_LA_IntHigh_2050","AM","LA","IntHigh","2050",0.068201085156
"03100204_90000000_RICE_CREEK",6600,316,"RICE CREEK","03100204","90000000","STREAM","tbcmp_AM_LA_IntHigh_2050","AM","LA","IntHigh","2050",0.312341201584
"03100204_90000000_RICE_CREEK",9113,27,"RICE CREEK","03100204","90000000","STREAM","tbcmp_AM_LA_IntHigh_2050","AM","LA","IntHigh","2050",0.026687381148
"03100204_99000000_NORTH_PRONG_ALAFIA_RIVE",1100,6107965,"NORTH PRONG ALAFIA RIVE","03100204","99000000","STREAM","tbcmp_AM_LA_IntHigh_2050","AM","LA","IntHigh","2050",6037.24407383866
"03100204_99000000_NORTH_PRONG_ALAFIA_RIVE",1200,12346388,"NORTH PRONG ALAFIA RIVE","03100204","99000000","STREAM","tbcmp_AM_LA_IntHigh_2050","AM","LA","IntHigh","2050",12203.4356428553
"03100204_99000000_NORTH_PRONG_ALAFIA_RIVE",1800,230219,"NORTH PRONG ALAFIA RIVE","03100204","99000000","STREAM","tbcmp_AM_LA_IntHigh_2050","AM","LA","IntHigh","2050",227.553414833756
"03100204_99000000_NORTH_PRONG_ALAFIA_RIVE",1820,274335,"NORTH PRONG ALAFIA RIVE","03100204","99000000","STREAM","tbcmp_AM_LA_IntHigh_2050","AM","LA","IntHigh","2050",271.15861878654
"03100204_99000000_NORTH_PRONG_ALAFIA_RIVE",1900,7572541,"NORTH PRONG ALAFIA RIVE","03100204","99000000","STREAM","tbcmp_AM_LA_IntHigh_2050","AM","LA","IntHigh","2050",7484.86251577248
"03100204_99000000_NORTH_PRONG_ALAFIA_RIVE",2100,4205777,"NORTH PRONG ALAFIA RIVE","03100204","99000000","STREAM","tbcmp_AM_LA_IntHigh_2050","AM","LA","IntHigh","2050",4157.08051194415
"03100204_99000000_NORTH_PRONG_ALAFIA_RIVE",2200,47430,"NORTH PRONG ALAFIA RIVE","03100204","99000000","STREAM","tbcmp_AM_LA_IntHigh_2050","AM","LA","IntHigh","2050",46.88083288332
"03100204_99000000_NORTH_PRONG_ALAFIA_RIVE",2400,39321,"NORTH PRONG ALAFIA RIVE","03100204","99000000","STREAM","tbcmp_AM_LA_IntHigh_2050","AM","LA","IntHigh","2050",38.865722745204
"03100204_99000000_NORTH_PRONG_ALAFIA_RIVE",3200,567448,"NORTH PRONG ALAFIA RIVE","03100204","99000000","STREAM","tbcmp_AM_LA_IntHigh_2050","AM","LA","IntHigh","2050",560.877816950752
"03100204_99000000_NORTH_PRONG_ALAFIA_RIVE",4100,3856556,"NORTH PRONG ALAFIA RIVE","03100204","99000000","STREAM","tbcmp_AM_LA_IntHigh_2050","AM","LA","IntHigh","2050",3811.90295891134
"03100204_99000000_NORTH_PRONG_ALAFIA_RIVE",4400,1013997,"NORTH PRONG ALAFIA RIVE","03100204","99000000","STREAM","tbcmp_AM_LA_IntHigh_2050","AM","LA","IntHigh","2050",1002.25646007143
"03100204_99000000_NORTH_PRONG_ALAFIA_RIVE",5200,999381,"NORTH PRONG ALAFIA RIVE","03100204","99000000","STREAM","tbcmp_AM_LA_IntHigh_2050","AM","LA","IntHigh","2050",987.809691076644
"03100204_99000000_NORTH_PRONG_ALAFIA_RIVE",5400,669358,"NORTH PRONG ALAFIA RIVE","03100204","99000000","STREAM","tbcmp_AM_LA_IntHigh_2050","AM","LA","IntHigh","2050",661.607854461592
"03100204_99000000_NORTH_PRONG_ALAFIA_RIVE",6110,7999094,"NORTH PRONG ALAFIA RIVE","03100204","99000000","STREAM","tbcmp_AM_LA_IntHigh_2050","AM","LA","IntHigh","2050",7906.47668209925
"03100204_99000000_NORTH_PRONG_ALAFIA_RIVE",6120,2,"NORTH PRONG ALAFIA RIVE","03100204","99000000","STREAM","tbcmp_AM_LA_IntHigh_2050","AM","LA","IntHigh","2050",0.001976843048
"03100204_99000000_NORTH_PRONG_ALAFIA_RIVE",6410,1622263,"NORTH PRONG ALAFIA RIVE","03100204","99000000","STREAM","tbcmp_AM_LA_IntHigh_2050","AM","LA","IntHigh","2050",1603.47966678881
"03100204_99000000_NORTH_PRONG_ALAFIA_RIVE",6420,41705,"NORTH PRONG ALAFIA RIVE","03100204","99000000","STREAM","tbcmp_AM_LA_IntHigh_2050","AM","LA","IntHigh","2050",41.22211965842
"03100204_99000000_NORTH_PRONG_ALAFIA_RIVE",6425,49799,"NORTH PRONG ALAFIA RIVE","03100204","99000000","STREAM","tbcmp_AM_LA_IntHigh_2050","AM","LA","IntHigh","2050",49.222403473676
"03100204_99000000_NORTH_PRONG_ALAFIA_RIVE",6510,12485,"NORTH PRONG ALAFIA RIVE","03100204","99000000","STREAM","tbcmp_AM_LA_IntHigh_2050","AM","LA","IntHigh","2050",12.34044272714
"03100204_99000000_NORTH_PRONG_ALAFIA_RIVE",6600,21649,"NORTH PRONG ALAFIA RIVE","03100204","99000000","STREAM","tbcmp_AM_LA_IntHigh_2050","AM","LA","IntHigh","2050",21.398337573076
"03100204_99000000_NORTH_PRONG_ALAFIA_RIVE",9113,52172,"NORTH PRONG ALAFIA RIVE","03100204","99000000","STREAM","tbcmp_AM_LA_IntHigh_2050","AM","LA","IntHigh","2050",51.567927750128
"03100204_NA_UNNAMED_BRANCH",1100,49881,"UNNAMED BRANCH","03100204",NA,"STREAM","tbcmp_AM_LA_IntHigh_2050","AM","LA","IntHigh","2050",49.303454038644
"03100204_NA_UNNAMED_BRANCH",1200,1568698,"UNNAMED BRANCH","03100204",NA,"STREAM","tbcmp_AM_LA_IntHigh_2050","AM","LA","IntHigh","2050",1550.53486785575
"03100204_NA_UNNAMED_BRANCH",1900,376129,"UNNAMED BRANCH","03100204",NA,"STREAM","tbcmp_AM_LA_IntHigh_2050","AM","LA","IntHigh","2050",371.773999400596
"03100204_NA_UNNAMED_BRANCH",2100,247357,"UNNAMED BRANCH","03100204",NA,"STREAM","tbcmp_AM_LA_IntHigh_2050","AM","LA","IntHigh","2050",244.492982912068
"03100204_NA_UNNAMED_BRANCH",4100,78684,"UNNAMED BRANCH","03100204",NA,"STREAM","tbcmp_AM_LA_IntHigh_2050","AM","LA","IntHigh","2050",77.772959194416
"03100204_NA_UNNAMED_BRANCH",4400,8395,"UNNAMED BRANCH","03100204",NA,"STREAM","tbcmp_AM_LA_IntHigh_2050","AM","LA","IntHigh","2050",8.29779869398
"03100204_NA_UNNAMED_BRANCH",5200,59912,"UNNAMED BRANCH","03100204",NA,"STREAM","tbcmp_AM_LA_IntHigh_2050","AM","LA","IntHigh","2050",59.218310345888
"03100204_NA_UNNAMED_BRANCH",6110,172552,"UNNAMED BRANCH","03100204",NA,"STREAM","tbcmp_AM_LA_IntHigh_2050","AM","LA","IntHigh","2050",170.554110809248
"03100204_NA_UNNAMED_BRANCH",6410,85286,"UNNAMED BRANCH","03100204",NA,"STREAM","tbcmp_AM_LA_IntHigh_2050","AM","LA","IntHigh","2050",84.298518095864
"03100205_01000000_PORT_LONESOME_DITCHES",1100,570907,"PORT LONESOME DITCHES","03100205","01000000","DITCH","tbcmp_AM_LA_IntHigh_2050","AM","LA","IntHigh","2050",564.296767002268
"03100205_01000000_PORT_LONESOME_DITCHES",1200,121996,"PORT LONESOME DITCHES","03100205","01000000","DITCH","tbcmp_AM_LA_IntHigh_2050","AM","LA","IntHigh","2050",120.583472241904
"03100205_01000000_PORT_LONESOME_DITCHES",1900,408319,"PORT LONESOME DITCHES","03100205","01000000","DITCH","tbcmp_AM_LA_IntHigh_2050","AM","LA","IntHigh","2050",403.591288258156
"03100205_01000000_PORT_LONESOME_DITCHES",2100,1660335,"PORT LONESOME DITCHES","03100205","01000000","DITCH","tbcmp_AM_LA_IntHigh_2050","AM","LA","IntHigh","2050",1641.11085105054
"03100205_01000000_PORT_LONESOME_DITCHES",2200,1769,"PORT LONESOME DITCHES","03100205","01000000","DITCH","tbcmp_AM_LA_IntHigh_2050","AM","LA","IntHigh","2050",1.748517675956
"03100205_01000000_PORT_LONESOME_DITCHES",2400,5778,"PORT LONESOME DITCHES","03100205","01000000","DITCH","tbcmp_AM_LA_IntHigh_2050","AM","LA","IntHigh","2050",5.711099565672
"03100205_01000000_PORT_LONESOME_DITCHES",3200,760828,"PORT LONESOME DITCHES","03100205","01000000","DITCH","tbcmp_AM_LA_IntHigh_2050","AM","LA","IntHigh","2050",752.018771261872
"03100205_01000000_PORT_LONESOME_DITCHES",4100,978695,"PORT LONESOME DITCHES","03100205","01000000","DITCH","tbcmp_AM_LA_IntHigh_2050","AM","LA","IntHigh","2050",967.36320343118
"03100205_01000000_PORT_LONESOME_DITCHES",4400,88556,"PORT LONESOME DITCHES","03100205","01000000","DITCH","tbcmp_AM_LA_IntHigh_2050","AM","LA","IntHigh","2050",87.530656479344
"03100205_01000000_PORT_LONESOME_DITCHES",5200,24054,"PORT LONESOME DITCHES","03100205","01000000","DITCH","tbcmp_AM_LA_IntHigh_2050","AM","LA","IntHigh","2050",23.775491338296
"03100205_01000000_PORT_LONESOME_DITCHES",6110,2077541,"PORT LONESOME DITCHES","03100205","01000000","DITCH","tbcmp_AM_LA_IntHigh_2050","AM","LA","IntHigh","2050",2053.48624139248
"03100205_01000000_PORT_LONESOME_DITCHES",6410,279439,"PORT LONESOME DITCHES","03100205","01000000","DITCH","tbcmp_AM_LA_IntHigh_2050","AM","LA","IntHigh","2050",276.203522245036
"03100205_07000000_DITCH",1100,88157,"DITCH","03100205","07000000","DITCH","tbcmp_AM_LA_IntHigh_2050","AM","LA","IntHigh","2050",87.136276291268
"03100205_07000000_DITCH",1900,32868,"DITCH","03100205","07000000","DITCH","tbcmp_AM_LA_IntHigh_2050","AM","LA","IntHigh","2050",32.487438650832
"03100205_07000000_DITCH",2100,183344,"DITCH","03100205","07000000","DITCH","tbcmp_AM_LA_IntHigh_2050","AM","LA","IntHigh","2050",181.221155896256
"03100205_07000000_DITCH",3200,261720,"DITCH","03100205","07000000","DITCH","tbcmp_AM_LA_IntHigh_2050","AM","LA","IntHigh","2050",258.68968126128
"03100205_07000000_DITCH",4100,204772,"DITCH","03100205","07000000","DITCH","tbcmp_AM_LA_IntHigh_2050","AM","LA","IntHigh","2050",202.401052312528
"03100205_07000000_DITCH",5200,1311,"DITCH","03100205","07000000","DITCH","tbcmp_AM_LA_IntHigh_2050","AM","LA","IntHigh","2050",1.295820617964
"03100205_07000000_DITCH",6110,184124,"DITCH","03100205","07000000","DITCH","tbcmp_AM_LA_IntHigh_2050","AM","LA","IntHigh","2050",181.992124684976
"03100205_07000000_DITCH",6410,46496,"DITCH","03100205","07000000","DITCH","tbcmp_AM_LA_IntHigh_2050","AM","LA","IntHigh","2050",45.957647179904
"03100205_10000000_FISH_HATCHERY_DRAIN",1100,88506,"FISH HATCHERY DRAIN","03100205","10000000","DRAIN","tbcmp_AM_LA_IntHigh_2050","AM","LA","IntHigh","2050",87.481235403144
"03100205_10000000_FISH_HATCHERY_DRAIN",1200,298581,"FISH HATCHERY DRAIN","03100205","10000000","DRAIN","tbcmp_AM_LA_IntHigh_2050","AM","LA","IntHigh","2050",295.123887057444
"03100205_10000000_FISH_HATCHERY_DRAIN",1900,31967,"FISH HATCHERY DRAIN","03100205","10000000","DRAIN","tbcmp_AM_LA_IntHigh_2050","AM","LA","IntHigh","2050",31.596870857708
"03100205_10000000_FISH_HATCHERY_DRAIN",2100,664480,"FISH HATCHERY DRAIN","03100205","10000000","DRAIN","tbcmp_AM_LA_IntHigh_2050","AM","LA","IntHigh","2050",656.78633426752
"03100205_10000000_FISH_HATCHERY_DRAIN",3200,1298265,"FISH HATCHERY DRAIN","03100205","10000000","DRAIN","tbcmp_AM_LA_IntHigh_2050","AM","LA","IntHigh","2050",1283.23306985586
"03100205_10000000_FISH_HATCHERY_DRAIN",4100,736415,"FISH HATCHERY DRAIN","03100205","10000000","DRAIN","tbcmp_AM_LA_IntHigh_2050","AM","LA","IntHigh","2050",727.88843659646
"03100205_10000000_FISH_HATCHERY_DRAIN",4400,77519,"FISH HATCHERY DRAIN","03100205","10000000","DRAIN","tbcmp_AM_LA_IntHigh_2050","AM","LA","IntHigh","2050",76.621448118956
"03100205_10000000_FISH_HATCHERY_DRAIN",5200,13932,"FISH HATCHERY DRAIN","03100205","10000000","DRAIN","tbcmp_AM_LA_IntHigh_2050","AM","LA","IntHigh","2050",13.770688672368
"03100205_10000000_FISH_HATCHERY_DRAIN",6110,1646219,"FISH HATCHERY DRAIN","03100205","10000000","DRAIN","tbcmp_AM_LA_IntHigh_2050","AM","LA","IntHigh","2050",1627.15829281776
"03100205_10000000_FISH_HATCHERY_DRAIN",6410,135363,"FISH HATCHERY DRAIN","03100205","10000000","DRAIN","tbcmp_AM_LA_IntHigh_2050","AM","LA","IntHigh","2050",133.795702753212
"03100205_24000000_INTERMITTENT_STREAM",1100,218707,"INTERMITTENT STREAM","03100205","24000000","STREAM","tbcmp_AM_LA_IntHigh_2050","AM","LA","IntHigh","2050",216.174706249468
"03100205_24000000_INTERMITTENT_STREAM",1200,20896,"INTERMITTENT STREAM","03100205","24000000","STREAM","tbcmp_AM_LA_IntHigh_2050","AM","LA","IntHigh","2050",20.654056165504
"03100205_24000000_INTERMITTENT_STREAM",1900,3465,"INTERMITTENT STREAM","03100205","24000000","STREAM","tbcmp_AM_LA_IntHigh_2050","AM","LA","IntHigh","2050",3.42488058066
"03100205_24000000_INTERMITTENT_STREAM",2100,1124346,"INTERMITTENT STREAM","03100205","24000000","STREAM","tbcmp_AM_LA_IntHigh_2050","AM","LA","IntHigh","2050",1111.3277868233
"03100205_24000000_INTERMITTENT_STREAM",3200,510488,"INTERMITTENT STREAM","03100205","24000000","STREAM","tbcmp_AM_LA_IntHigh_2050","AM","LA","IntHigh","2050",504.577326943712
"03100205_24000000_INTERMITTENT_STREAM",4100,280621,"INTERMITTENT STREAM","03100205","24000000","STREAM","tbcmp_AM_LA_IntHigh_2050","AM","LA","IntHigh","2050",277.371836486404
"03100205_24000000_INTERMITTENT_STREAM",5200,1762,"INTERMITTENT STREAM","03100205","24000000","STREAM","tbcmp_AM_LA_IntHigh_2050","AM","LA","IntHigh","2050",1.741598725288
"03100205_24000000_INTERMITTENT_STREAM",6110,633312,"INTERMITTENT STREAM","03100205","24000000","STREAM","tbcmp_AM_LA_IntHigh_2050","AM","LA","IntHigh","2050",625.979212207488
"03100205_24000000_INTERMITTENT_STREAM",6410,210815,"INTERMITTENT STREAM","03100205","24000000","STREAM","tbcmp_AM_LA_IntHigh_2050","AM","LA","IntHigh","2050",208.37408358206
"03100205_26000000_HAWK_LAKE_DRAIN",1100,260128,"HAWK LAKE DRAIN","03100205","26000000","DRAIN","tbcmp_AM_LA_IntHigh_2050","AM","LA","IntHigh","2050",257.116114195072
"03100205_26000000_HAWK_LAKE_DRAIN",1200,90911,"HAWK LAKE DRAIN","03100205","26000000","DRAIN","tbcmp_AM_LA_IntHigh_2050","AM","LA","IntHigh","2050",89.858389168364
"03100205_26000000_HAWK_LAKE_DRAIN",1900,12908,"HAWK LAKE DRAIN","03100205","26000000","DRAIN","tbcmp_AM_LA_IntHigh_2050","AM","LA","IntHigh","2050",12.758545031792
"03100205_26000000_HAWK_LAKE_DRAIN",2100,369411,"HAWK LAKE DRAIN","03100205","26000000","DRAIN","tbcmp_AM_LA_IntHigh_2050","AM","LA","IntHigh","2050",365.133783602364
"03100205_26000000_HAWK_LAKE_DRAIN",3200,66294,"HAWK LAKE DRAIN","03100205","26000000","DRAIN","tbcmp_AM_LA_IntHigh_2050","AM","LA","IntHigh","2050",65.526416512056
"03100205_26000000_HAWK_LAKE_DRAIN",4100,37244,"HAWK LAKE DRAIN","03100205","26000000","DRAIN","tbcmp_AM_LA_IntHigh_2050","AM","LA","IntHigh","2050",36.812771239856
"03100205_26000000_HAWK_LAKE_DRAIN",5200,1934,"HAWK LAKE DRAIN","03100205","26000000","DRAIN","tbcmp_AM_LA_IntHigh_2050","AM","LA","IntHigh","2050",1.911607227416
"03100205_26000000_HAWK_LAKE_DRAIN",6110,93052,"HAWK LAKE DRAIN","03100205","26000000","DRAIN","tbcmp_AM_LA_IntHigh_2050","AM","LA","IntHigh","2050",91.974599651248
"03100205_26000000_HAWK_LAKE_DRAIN",6410,71296,"HAWK LAKE DRAIN","03100205","26000000","DRAIN","tbcmp_AM_LA_IntHigh_2050","AM","LA","IntHigh","2050",70.470500975104
"03100205_27000000_NONCONTRIBUTING_AREA",1100,2347192,"NONCONTRIBUTING AREA","03100205","27000000","NONCON","tbcmp_AM_LA_IntHigh_2050","AM","LA","IntHigh","2050",2320.01509376061
"03100205_27000000_NONCONTRIBUTING_AREA",1200,1553115,"NONCONTRIBUTING AREA","03100205","27000000","NONCON","tbcmp_AM_LA_IntHigh_2050","AM","LA","IntHigh","2050",1535.13229524726
"03100205_27000000_NONCONTRIBUTING_AREA",1800,8237,"NONCONTRIBUTING AREA","03100205","27000000","NONCON","tbcmp_AM_LA_IntHigh_2050","AM","LA","IntHigh","2050",8.141628093188
"03100205_27000000_NONCONTRIBUTING_AREA",1820,96142,"NONCONTRIBUTING AREA","03100205","27000000","NONCON","tbcmp_AM_LA_IntHigh_2050","AM","LA","IntHigh","2050",95.028822160408
"03100205_27000000_NONCONTRIBUTING_AREA",1900,756299,"NONCONTRIBUTING AREA","03100205","27000000","NONCON","tbcmp_AM_LA_IntHigh_2050","AM","LA","IntHigh","2050",747.542210179676
"03100205_27000000_NONCONTRIBUTING_AREA",2100,3825402,"NONCONTRIBUTING AREA","03100205","27000000","NONCON","tbcmp_AM_LA_IntHigh_2050","AM","LA","IntHigh","2050",3781.10967475265
"03100205_27000000_NONCONTRIBUTING_AREA",2200,43763,"NONCONTRIBUTING AREA","03100205","27000000","NONCON","tbcmp_AM_LA_IntHigh_2050","AM","LA","IntHigh","2050",43.256291154812
"03100205_27000000_NONCONTRIBUTING_AREA",2400,38194,"NONCONTRIBUTING AREA","03100205","27000000","NONCON","tbcmp_AM_LA_IntHigh_2050","AM","LA","IntHigh","2050",37.751771687656
"03100205_27000000_NONCONTRIBUTING_AREA",3200,6840,"NONCONTRIBUTING AREA","03100205","27000000","NONCON","tbcmp_AM_LA_IntHigh_2050","AM","LA","IntHigh","2050",6.76080322416
"03100205_27000000_NONCONTRIBUTING_AREA",4100,777946,"NONCONTRIBUTING AREA","03100205","27000000","NONCON","tbcmp_AM_LA_IntHigh_2050","AM","LA","IntHigh","2050",768.938570909704
"03100205_27000000_NONCONTRIBUTING_AREA",4400,298126,"NONCONTRIBUTING AREA","03100205","27000000","NONCON","tbcmp_AM_LA_IntHigh_2050","AM","LA","IntHigh","2050",294.674155264024
"03100205_27000000_NONCONTRIBUTING_AREA",5200,330813,"NONCONTRIBUTING AREA","03100205","27000000","NONCON","tbcmp_AM_LA_IntHigh_2050","AM","LA","IntHigh","2050",326.982689619012
"03100205_27000000_NONCONTRIBUTING_AREA",6110,251310,"NONCONTRIBUTING AREA","03100205","27000000","NONCON","tbcmp_AM_LA_IntHigh_2050","AM","LA","IntHigh","2050",248.40021319644
"03100205_27000000_NONCONTRIBUTING_AREA",6410,1075259,"NONCONTRIBUTING AREA","03100205","27000000","NONCON","tbcmp_AM_LA_IntHigh_2050","AM","LA","IntHigh","2050",1062.80913947472
"03100205_27000000_ZEPHYRHILLS_AIRPT_RUN",1100,338235,"ZEPHYRHILLS AIRPT RUN","03100205","27000000","DRAIN","tbcmp_AM_LA_IntHigh_2050","AM","LA","IntHigh","2050",334.31875417014
"03100205_27000000_ZEPHYRHILLS_AIRPT_RUN",1200,3335672,"ZEPHYRHILLS AIRPT RUN","03100205","27000000","DRAIN","tbcmp_AM_LA_IntHigh_2050","AM","LA","IntHigh","2050",3297.05000180413
"03100205_27000000_ZEPHYRHILLS_AIRPT_RUN",1800,117314,"ZEPHYRHILLS AIRPT RUN","03100205","27000000","DRAIN","tbcmp_AM_LA_IntHigh_2050","AM","LA","IntHigh","2050",115.955682666536
"03100205_27000000_ZEPHYRHILLS_AIRPT_RUN",1820,73761,"ZEPHYRHILLS AIRPT RUN","03100205","27000000","DRAIN","tbcmp_AM_LA_IntHigh_2050","AM","LA","IntHigh","2050",72.906960031764
"03100205_27000000_ZEPHYRHILLS_AIRPT_RUN",1900,231418,"ZEPHYRHILLS AIRPT RUN","03100205","27000000","DRAIN","tbcmp_AM_LA_IntHigh_2050","AM","LA","IntHigh","2050",228.738532241032
"03100205_27000000_ZEPHYRHILLS_AIRPT_RUN",2100,600004,"ZEPHYRHILLS AIRPT RUN","03100205","27000000","DRAIN","tbcmp_AM_LA_IntHigh_2050","AM","LA","IntHigh","2050",593.056868086096
"03100205_27000000_ZEPHYRHILLS_AIRPT_RUN",2200,7609,"ZEPHYRHILLS AIRPT RUN","03100205","27000000","DRAIN","tbcmp_AM_LA_IntHigh_2050","AM","LA","IntHigh","2050",7.520899376116
"03100205_27000000_ZEPHYRHILLS_AIRPT_RUN",3200,54936,"ZEPHYRHILLS AIRPT RUN","03100205","27000000","DRAIN","tbcmp_AM_LA_IntHigh_2050","AM","LA","IntHigh","2050",54.299924842464
"03100205_27000000_ZEPHYRHILLS_AIRPT_RUN",4100,367111,"ZEPHYRHILLS AIRPT RUN","03100205","27000000","DRAIN","tbcmp_AM_LA_IntHigh_2050","AM","LA","IntHigh","2050",362.860414097164
"03100205_27000000_ZEPHYRHILLS_AIRPT_RUN",4400,25888,"ZEPHYRHILLS AIRPT RUN","03100205","27000000","DRAIN","tbcmp_AM_LA_IntHigh_2050","AM","LA","IntHigh","2050",25.588256413312
"03100205_27000000_ZEPHYRHILLS_AIRPT_RUN",5200,84579,"ZEPHYRHILLS AIRPT RUN","03100205","27000000","DRAIN","tbcmp_AM_LA_IntHigh_2050","AM","LA","IntHigh","2050",83.599704078396
"03100205_27000000_ZEPHYRHILLS_AIRPT_RUN",6110,147096,"ZEPHYRHILLS AIRPT RUN","03100205","27000000","DRAIN","tbcmp_AM_LA_IntHigh_2050","AM","LA","IntHigh","2050",145.392852494304
"03100205_27000000_ZEPHYRHILLS_AIRPT_RUN",6410,99074,"ZEPHYRHILLS AIRPT RUN","03100205","27000000","DRAIN","tbcmp_AM_LA_IntHigh_2050","AM","LA","IntHigh","2050",97.926874068776
"03100205_30000000_SOUTHSIDE_BRANCH",1100,596087,"SOUTHSIDE BRANCH","03100205","30000000","STREAM","tbcmp_AM_LA_IntHigh_2050","AM","LA","IntHigh","2050",589.185220976588
"03100205_30000000_SOUTHSIDE_BRANCH",1200,2646196,"SOUTHSIDE BRANCH","03100205","30000000","STREAM","tbcmp_AM_LA_IntHigh_2050","AM","LA","IntHigh","2050",2615.5570831227
"03100205_30000000_SOUTHSIDE_BRANCH",1800,66166,"SOUTHSIDE BRANCH","03100205","30000000","STREAM","tbcmp_AM_LA_IntHigh_2050","AM","LA","IntHigh","2050",65.399898556984
"03100205_30000000_SOUTHSIDE_BRANCH",1820,181255,"SOUTHSIDE BRANCH","03100205","30000000","STREAM","tbcmp_AM_LA_IntHigh_2050","AM","LA","IntHigh","2050",179.15634333262
"03100205_30000000_SOUTHSIDE_BRANCH",1900,473664,"SOUTHSIDE BRANCH","03100205","30000000","STREAM","tbcmp_AM_LA_IntHigh_2050","AM","LA","IntHigh","2050",468.179692743936
"03100205_30000000_SOUTHSIDE_BRANCH",2100,551231,"SOUTHSIDE BRANCH","03100205","30000000","STREAM","tbcmp_AM_LA_IntHigh_2050","AM","LA","IntHigh","2050",544.848585096044
"03100205_30000000_SOUTHSIDE_BRANCH",2200,120227,"SOUTHSIDE BRANCH","03100205","30000000","STREAM","tbcmp_AM_LA_IntHigh_2050","AM","LA","IntHigh","2050",118.834954565948
"03100205_30000000_SOUTHSIDE_BRANCH",2400,13856,"SOUTHSIDE BRANCH","03100205","30000000","STREAM","tbcmp_AM_LA_IntHigh_2050","AM","LA","IntHigh","2050",13.695568636544
"03100205_30000000_SOUTHSIDE_BRANCH",3200,12691,"SOUTHSIDE BRANCH","03100205","30000000","STREAM","tbcmp_AM_LA_IntHigh_2050","AM","LA","IntHigh","2050",12.544057561084
"03100205_30000000_SOUTHSIDE_BRANCH",4100,291438,"SOUTHSIDE BRANCH","03100205","30000000","STREAM","tbcmp_AM_LA_IntHigh_2050","AM","LA","IntHigh","2050",288.063592111512
"03100205_30000000_SOUTHSIDE_BRANCH",4400,13422,"SOUTHSIDE BRANCH","03100205","30000000","STREAM","tbcmp_AM_LA_IntHigh_2050","AM","LA","IntHigh","2050",13.266593695128
"03100205_30000000_SOUTHSIDE_BRANCH",5200,189536,"SOUTHSIDE BRANCH","03100205","30000000","STREAM","tbcmp_AM_LA_IntHigh_2050","AM","LA","IntHigh","2050",187.341461972864
"03100205_30000000_SOUTHSIDE_BRANCH",6110,294747,"SOUTHSIDE BRANCH","03100205","30000000","STREAM","tbcmp_AM_LA_IntHigh_2050","AM","LA","IntHigh","2050",291.334278934428
"03100205_30000000_SOUTHSIDE_BRANCH",6410,186887,"SOUTHSIDE BRANCH","03100205","30000000","STREAM","tbcmp_AM_LA_IntHigh_2050","AM","LA","IntHigh","2050",184.723133355788
"03100205_35000000_BIG_DITCH",1100,421536,"BIG DITCH","03100205","35000000","STREAM","tbcmp_AM_LA_IntHigh_2050","AM","LA","IntHigh","2050",416.655255540864
"03100205_35000000_BIG_DITCH",1200,505818,"BIG DITCH","03100205","35000000","STREAM","tbcmp_AM_LA_IntHigh_2050","AM","LA","IntHigh","2050",499.961398426632
"03100205_35000000_BIG_DITCH",1900,31967,"BIG DITCH","03100205","35000000","STREAM","tbcmp_AM_LA_IntHigh_2050","AM","LA","IntHigh","2050",31.596870857708
"03100205_35000000_BIG_DITCH",2100,425124,"BIG DITCH","03100205","35000000","STREAM","tbcmp_AM_LA_IntHigh_2050","AM","LA","IntHigh","2050",420.201711968976
"03100205_35000000_BIG_DITCH",3200,15419,"BIG DITCH","03100205","35000000","STREAM","tbcmp_AM_LA_IntHigh_2050","AM","LA","IntHigh","2050",15.240471478556
"03100205_35000000_BIG_DITCH",4100,259037,"BIG DITCH","03100205","35000000","STREAM","tbcmp_AM_LA_IntHigh_2050","AM","LA","IntHigh","2050",256.037746312388
"03100205_35000000_BIG_DITCH",4400,114293,"BIG DITCH","03100205","35000000","STREAM","tbcmp_AM_LA_IntHigh_2050","AM","LA","IntHigh","2050",112.969661242532
"03100205_35000000_BIG_DITCH",5200,6107,"BIG DITCH","03100205","35000000","STREAM","tbcmp_AM_LA_IntHigh_2050","AM","LA","IntHigh","2050",6.036290247068
"03100205_35000000_BIG_DITCH",6110,431176,"BIG DITCH","03100205","35000000","STREAM","tbcmp_AM_LA_IntHigh_2050","AM","LA","IntHigh","2050",426.183639032224
"03100205_35000000_BIG_DITCH",6410,91357,"BIG DITCH","03100205","35000000","STREAM","tbcmp_AM_LA_IntHigh_2050","AM","LA","IntHigh","2050",90.299225168068
"03100205_35000000_BIG_DITCH_NONCONT_AREA",1200,791703,"BIG DITCH NONCONT AREA","03100205","35000000","NONCON","tbcmp_AM_LA_IntHigh_2050","AM","LA","IntHigh","2050",782.536285815372
"03100205_35000000_BIG_DITCH_NONCONT_AREA",1900,128602,"BIG DITCH NONCONT AREA","03100205","35000000","NONCON","tbcmp_AM_LA_IntHigh_2050","AM","LA","IntHigh","2050",127.112984829448
"03100205_35000000_BIG_DITCH_NONCONT_AREA",2100,1195048,"BIG DITCH NONCONT AREA","03100205","35000000","NONCON","tbcmp_AM_LA_IntHigh_2050","AM","LA","IntHigh","2050",1181.21116541315
"03100205_35000000_BIG_DITCH_NONCONT_AREA",3200,249608,"BIG DITCH NONCONT AREA","03100205","35000000","NONCON","tbcmp_AM_LA_IntHigh_2050","AM","LA","IntHigh","2050",246.717919762592
"03100205_35000000_BIG_DITCH_NONCONT_AREA",4100,211534,"BIG DITCH NONCONT AREA","03100205","35000000","NONCON","tbcmp_AM_LA_IntHigh_2050","AM","LA","IntHigh","2050",209.084758657816
"03100205_35000000_BIG_DITCH_NONCONT_AREA",5200,1323,"BIG DITCH NONCONT AREA","03100205","35000000","NONCON","tbcmp_AM_LA_IntHigh_2050","AM","LA","IntHigh","2050",1.307681676252
"03100205_35000000_BIG_DITCH_NONCONT_AREA",6110,724835,"BIG DITCH NONCONT AREA","03100205","35000000","NONCON","tbcmp_AM_LA_IntHigh_2050","AM","LA","IntHigh","2050",716.44251534854
"03100205_35000000_BIG_DITCH_NONCONT_AREA",6120,90361,"BIG DITCH NONCONT AREA","03100205","35000000","NONCON","tbcmp_AM_LA_IntHigh_2050","AM","LA","IntHigh","2050",89.314757330164
"03100205_35000000_BIG_DITCH_NONCONT_AREA",6410,64700,"BIG DITCH NONCONT AREA","03100205","35000000","NONCON","tbcmp_AM_LA_IntHigh_2050","AM","LA","IntHigh","2050",63.9508726028
"03100205_40000000_BLACKWATER_CREEK",1100,1697194,"BLACKWATER CREEK","03100205","40000000","STREAM","tbcmp_AM_LA_IntHigh_2050","AM","LA","IntHigh","2050",1677.54308000366
"03100205_40000000_BLACKWATER_CREEK",1200,818723,"BLACKWATER CREEK","03100205","40000000","STREAM","tbcmp_AM_LA_IntHigh_2050","AM","LA","IntHigh","2050",809.243435393852
"03100205_40000000_BLACKWATER_CREEK",1800,11364,"BLACKWATER CREEK","03100205","40000000","STREAM","tbcmp_AM_LA_IntHigh_2050","AM","LA","IntHigh","2050",11.232422198736
"03100205_40000000_BLACKWATER_CREEK",1900,596213,"BLACKWATER CREEK","03100205","40000000","STREAM","tbcmp_AM_LA_IntHigh_2050","AM","LA","IntHigh","2050",589.309762088612
"03100205_40000000_BLACKWATER_CREEK",2100,5859901,"BLACKWATER CREEK","03100205","40000000","STREAM","tbcmp_AM_LA_IntHigh_2050","AM","LA","IntHigh","2050",5792.05227690912
"03100205_40000000_BLACKWATER_CREEK",2200,8599,"BLACKWATER CREEK","03100205","40000000","STREAM","tbcmp_AM_LA_IntHigh_2050","AM","LA","IntHigh","2050",8.499436684876
"03100205_40000000_BLACKWATER_CREEK",2400,36313,"BLACKWATER CREEK","03100205","40000000","STREAM","tbcmp_AM_LA_IntHigh_2050","AM","LA","IntHigh","2050",35.892550801012
"03100205_40000000_BLACKWATER_CREEK",3200,1025195,"BLACKWATER CREEK","03100205","40000000","STREAM","tbcmp_AM_LA_IntHigh_2050","AM","LA","IntHigh","2050",1013.32480429718
"03100205_40000000_BLACKWATER_CREEK",4100,1583184,"BLACKWATER CREEK","03100205","40000000","STREAM","tbcmp_AM_LA_IntHigh_2050","AM","LA","IntHigh","2050",1564.85314205242
"03100205_40000000_BLACKWATER_CREEK",4400,1066741,"BLACKWATER CREEK","03100205","40000000","STREAM","tbcmp_AM_LA_IntHigh_2050","AM","LA","IntHigh","2050",1054.38976493328
"03100205_40000000_BLACKWATER_CREEK",5200,67503,"BLACKWATER CREEK","03100205","40000000","STREAM","tbcmp_AM_LA_IntHigh_2050","AM","LA","IntHigh","2050",66.721418134572
"03100205_40000000_BLACKWATER_CREEK",6110,4161201,"BLACKWATER CREEK","03100205","40000000","STREAM","tbcmp_AM_LA_IntHigh_2050","AM","LA","IntHigh","2050",4113.02063409032
"03100205_40000000_BLACKWATER_CREEK",6410,1333663,"BLACKWATER CREEK","03100205","40000000","STREAM","tbcmp_AM_LA_IntHigh_2050","AM","LA","IntHigh","2050",1318.22121496241
"03100205_40300000_CHANNELZED_STREAM",1100,191131,"CHANNELZED STREAM","03100205","40300000","STREAM","tbcmp_AM_LA_IntHigh_2050","AM","LA","IntHigh","2050",188.917994303644
"03100205_40300000_CHANNELZED_STREAM",1200,20272,"CHANNELZED STREAM","03100205","40300000","STREAM","tbcmp_AM_LA_IntHigh_2050","AM","LA","IntHigh","2050",20.037281134528
"03100205_40300000_CHANNELZED_STREAM",1900,3064,"CHANNELZED STREAM","03100205","40300000","STREAM","tbcmp_AM_LA_IntHigh_2050","AM","LA","IntHigh","2050",3.028523549536
"03100205_40300000_CHANNELZED_STREAM",2100,99287,"CHANNELZED STREAM","03100205","40300000","STREAM","tbcmp_AM_LA_IntHigh_2050","AM","LA","IntHigh","2050",98.137407853388
"03100205_40300000_CHANNELZED_STREAM",4100,79383,"CHANNELZED STREAM","03100205","40300000","STREAM","tbcmp_AM_LA_IntHigh_2050","AM","LA","IntHigh","2050",78.463865839692
"03100205_40300000_CHANNELZED_STREAM",4400,6876,"CHANNELZED STREAM","03100205","40300000","STREAM","tbcmp_AM_LA_IntHigh_2050","AM","LA","IntHigh","2050",6.796386399024
"03100205_40300000_CHANNELZED_STREAM",5200,995,"CHANNELZED STREAM","03100205","40300000","STREAM","tbcmp_AM_LA_IntHigh_2050","AM","LA","IntHigh","2050",0.98347941638
"03100205_40300000_CHANNELZED_STREAM",6110,118,"CHANNELZED STREAM","03100205","40300000","STREAM","tbcmp_AM_LA_IntHigh_2050","AM","LA","IntHigh","2050",0.116633739832
"03100205_40300000_CHANNELZED_STREAM",6410,16578,"CHANNELZED STREAM","03100205","40300000","STREAM","tbcmp_AM_LA_IntHigh_2050","AM","LA","IntHigh","2050",16.386052024872
"03100205_40340000_KATHLEEN_DRAIN",1100,128570,"KATHLEEN DRAIN","03100205","40340000","DRAIN","tbcmp_AM_LA_IntHigh_2050","AM","LA","IntHigh","2050",127.08135534068
"03100205_40340000_KATHLEEN_DRAIN",1200,230254,"KATHLEEN DRAIN","03100205","40340000","DRAIN","tbcmp_AM_LA_IntHigh_2050","AM","LA","IntHigh","2050",227.588009587096
"03100205_40340000_KATHLEEN_DRAIN",1800,11347,"KATHLEEN DRAIN","03100205","40340000","DRAIN","tbcmp_AM_LA_IntHigh_2050","AM","LA","IntHigh","2050",11.215619032828
"03100205_40340000_KATHLEEN_DRAIN",1900,15025,"KATHLEEN DRAIN","03100205","40340000","DRAIN","tbcmp_AM_LA_IntHigh_2050","AM","LA","IntHigh","2050",14.8510333981
"03100205_40340000_KATHLEEN_DRAIN",2100,36629,"KATHLEEN DRAIN","03100205","40340000","DRAIN","tbcmp_AM_LA_IntHigh_2050","AM","LA","IntHigh","2050",36.204892002596
"03100205_40340000_KATHLEEN_DRAIN",4100,66202,"KATHLEEN DRAIN","03100205","40340000","DRAIN","tbcmp_AM_LA_IntHigh_2050","AM","LA","IntHigh","2050",65.435481731848
"03100205_40340000_KATHLEEN_DRAIN",4400,270,"KATHLEEN DRAIN","03100205","40340000","DRAIN","tbcmp_AM_LA_IntHigh_2050","AM","LA","IntHigh","2050",0.26687381148
"03100205_40340000_KATHLEEN_DRAIN",5200,2213,"KATHLEEN DRAIN","03100205","40340000","DRAIN","tbcmp_AM_LA_IntHigh_2050","AM","LA","IntHigh","2050",2.187376832612
"03100205_40340000_KATHLEEN_DRAIN",6110,73781,"KATHLEEN DRAIN","03100205","40340000","DRAIN","tbcmp_AM_LA_IntHigh_2050","AM","LA","IntHigh","2050",72.926728462244
"03100205_40340000_KATHLEEN_DRAIN",6410,7092,"KATHLEEN DRAIN","03100205","40340000","DRAIN","tbcmp_AM_LA_IntHigh_2050","AM","LA","IntHigh","2050",7.009885448208
"03100205_40400000_INTERMITTENT_DITCH",1100,124393,"INTERMITTENT DITCH","03100205","40400000","DITCH","tbcmp_AM_LA_IntHigh_2050","AM","LA","IntHigh","2050",122.952718634932
"03100205_40400000_INTERMITTENT_DITCH",1200,788824,"INTERMITTENT DITCH","03100205","40400000","DITCH","tbcmp_AM_LA_IntHigh_2050","AM","LA","IntHigh","2050",779.690620247776
"03100205_40400000_INTERMITTENT_DITCH",1900,25243,"INTERMITTENT DITCH","03100205","40400000","DITCH","tbcmp_AM_LA_IntHigh_2050","AM","LA","IntHigh","2050",24.950724530332
"03100205_40400000_INTERMITTENT_DITCH",2100,559111,"INTERMITTENT DITCH","03100205","40400000","DITCH","tbcmp_AM_LA_IntHigh_2050","AM","LA","IntHigh","2050",552.637346705164
"03100205_40400000_INTERMITTENT_DITCH",2400,1302,"INTERMITTENT DITCH","03100205","40400000","DITCH","tbcmp_AM_LA_IntHigh_2050","AM","LA","IntHigh","2050",1.286924824248
"03100205_40400000_INTERMITTENT_DITCH",3200,35985,"INTERMITTENT DITCH","03100205","40400000","DITCH","tbcmp_AM_LA_IntHigh_2050","AM","LA","IntHigh","2050",35.56834854114
"03100205_40400000_INTERMITTENT_DITCH",4100,106646,"INTERMITTENT DITCH","03100205","40400000","DITCH","tbcmp_AM_LA_IntHigh_2050","AM","LA","IntHigh","2050",105.411201848504
"03100205_40400000_INTERMITTENT_DITCH",5200,3909,"INTERMITTENT DITCH","03100205","40400000","DITCH","tbcmp_AM_LA_IntHigh_2050","AM","LA","IntHigh","2050",3.863739737316
"03100205_40400000_INTERMITTENT_DITCH",6110,103234,"INTERMITTENT DITCH","03100205","40400000","DITCH","tbcmp_AM_LA_IntHigh_2050","AM","LA","IntHigh","2050",102.038707608616
"03100205_40400000_INTERMITTENT_DITCH",6410,134169,"INTERMITTENT DITCH","03100205","40400000","DITCH","tbcmp_AM_LA_IntHigh_2050","AM","LA","IntHigh","2050",132.615527453556
"03100205_40440000_CHANNELIZED_STREAM",1100,7489,"CHANNELIZED STREAM","03100205","40440000","STREAM","tbcmp_AM_LA_IntHigh_2050","AM","LA","IntHigh","2050",7.402288793236
"03100205_40440000_CHANNELIZED_STREAM",1200,129387,"CHANNELIZED STREAM","03100205","40440000","STREAM","tbcmp_AM_LA_IntHigh_2050","AM","LA","IntHigh","2050",127.888895725788
"03100205_40440000_CHANNELIZED_STREAM",2100,546403,"CHANNELIZED STREAM","03100205","40440000","STREAM","tbcmp_AM_LA_IntHigh_2050","AM","LA","IntHigh","2050",540.076485978172
"03100205_40440000_CHANNELIZED_STREAM",3200,79,"CHANNELIZED STREAM","03100205","40440000","STREAM","tbcmp_AM_LA_IntHigh_2050","AM","LA","IntHigh","2050",0.078085300396
"03100205_40440000_CHANNELIZED_STREAM",4100,60302,"CHANNELIZED STREAM","03100205","40440000","STREAM","tbcmp_AM_LA_IntHigh_2050","AM","LA","IntHigh","2050",59.603794740248
"03100205_40440000_CHANNELIZED_STREAM",5200,4265,"CHANNELIZED STREAM","03100205","40440000","STREAM","tbcmp_AM_LA_IntHigh_2050","AM","LA","IntHigh","2050",4.21561779986
"03100205_40440000_CHANNELIZED_STREAM",6110,158655,"CHANNELIZED STREAM","03100205","40440000","STREAM","tbcmp_AM_LA_IntHigh_2050","AM","LA","IntHigh","2050",156.81801689022
"03100205_40440000_CHANNELIZED_STREAM",6410,41602,"CHANNELIZED STREAM","03100205","40440000","STREAM","tbcmp_AM_LA_IntHigh_2050","AM","LA","IntHigh","2050",41.120312241448
"03100205_40480000_CHANNELIZED_STREAM",1100,16217,"CHANNELIZED STREAM","03100205","40480000","STREAM","tbcmp_AM_LA_IntHigh_2050","AM","LA","IntHigh","2050",16.029231854708
"03100205_40480000_CHANNELIZED_STREAM",1200,93941,"CHANNELIZED STREAM","03100205","40480000","STREAM","tbcmp_AM_LA_IntHigh_2050","AM","LA","IntHigh","2050",92.853306386084
"03100205_40480000_CHANNELIZED_STREAM",1900,7149,"CHANNELIZED STREAM","03100205","40480000","STREAM","tbcmp_AM_LA_IntHigh_2050","AM","LA","IntHigh","2050",7.066225475076
"03100205_40480000_CHANNELIZED_STREAM",2100,744616,"CHANNELIZED STREAM","03100205","40480000","STREAM","tbcmp_AM_LA_IntHigh_2050","AM","LA","IntHigh","2050",735.994481514784
"03100205_40480000_CHANNELIZED_STREAM",3200,36311,"CHANNELIZED STREAM","03100205","40480000","STREAM","tbcmp_AM_LA_IntHigh_2050","AM","LA","IntHigh","2050",35.890573957964
"03100205_40480000_CHANNELIZED_STREAM",4100,11412,"CHANNELIZED STREAM","03100205","40480000","STREAM","tbcmp_AM_LA_IntHigh_2050","AM","LA","IntHigh","2050",11.279866431888
"03100205_40480000_CHANNELIZED_STREAM",5200,1682,"CHANNELIZED STREAM","03100205","40480000","STREAM","tbcmp_AM_LA_IntHigh_2050","AM","LA","IntHigh","2050",1.662525003368
"03100205_40480000_CHANNELIZED_STREAM",6110,135564,"CHANNELIZED STREAM","03100205","40480000","STREAM","tbcmp_AM_LA_IntHigh_2050","AM","LA","IntHigh","2050",133.994375479536
"03100205_40480000_CHANNELIZED_STREAM",6410,125871,"CHANNELIZED STREAM","03100205","40480000","STREAM","tbcmp_AM_LA_IntHigh_2050","AM","LA","IntHigh","2050",124.413605647404
"03100205_40500000_CHANNELIZED_STREAM",1100,6826,"CHANNELIZED STREAM","03100205","40500000","STREAM","tbcmp_AM_LA_IntHigh_2050","AM","LA","IntHigh","2050",6.746965322824
"03100205_40500000_CHANNELIZED_STREAM",1900,7258,"CHANNELIZED STREAM","03100205","40500000","STREAM","tbcmp_AM_LA_IntHigh_2050","AM","LA","IntHigh","2050",7.173963421192
"03100205_40500000_CHANNELIZED_STREAM",2100,1100135,"CHANNELIZED STREAM","03100205","40500000","STREAM","tbcmp_AM_LA_IntHigh_2050","AM","LA","IntHigh","2050",1087.39711330574
"03100205_40500000_CHANNELIZED_STREAM",4100,32813,"CHANNELIZED STREAM","03100205","40500000","STREAM","tbcmp_AM_LA_IntHigh_2050","AM","LA","IntHigh","2050",32.433075467012
"03100205_40500000_CHANNELIZED_STREAM",5200,2170,"CHANNELIZED STREAM","03100205","40500000","STREAM","tbcmp_AM_LA_IntHigh_2050","AM","LA","IntHigh","2050",2.14487470708
"03100205_40500000_CHANNELIZED_STREAM",6110,233044,"CHANNELIZED STREAM","03100205","40500000","STREAM","tbcmp_AM_LA_IntHigh_2050","AM","LA","IntHigh","2050",230.345705639056
"03100205_40500000_CHANNELIZED_STREAM",6410,147384,"CHANNELIZED STREAM","03100205","40500000","STREAM","tbcmp_AM_LA_IntHigh_2050","AM","LA","IntHigh","2050",145.677517893216
"03100205_40600000_ITCHEPACKASASSA_CREEK",1100,551376,"ITCHEPACKASASSA CREEK","03100205","40600000","STREAM","tbcmp_AM_LA_IntHigh_2050","AM","LA","IntHigh","2050",544.991906217024
"03100205_40600000_ITCHEPACKASASSA_CREEK",1200,16626,"ITCHEPACKASASSA CREEK","03100205","40600000","STREAM","tbcmp_AM_LA_IntHigh_2050","AM","LA","IntHigh","2050",16.433496258024
"03100205_40600000_ITCHEPACKASASSA_CREEK",1800,77,"ITCHEPACKASASSA CREEK","03100205","40600000","STREAM","tbcmp_AM_LA_IntHigh_2050","AM","LA","IntHigh","2050",0.076108457348
"03100205_40600000_ITCHEPACKASASSA_CREEK",1900,39712,"ITCHEPACKASASSA CREEK","03100205","40600000","STREAM","tbcmp_AM_LA_IntHigh_2050","AM","LA","IntHigh","2050",39.252195561088
"03100205_40600000_ITCHEPACKASASSA_CREEK",2100,2303352,"ITCHEPACKASASSA CREEK","03100205","40600000","STREAM","tbcmp_AM_LA_IntHigh_2050","AM","LA","IntHigh","2050",2276.68269414845
"03100205_40600000_ITCHEPACKASASSA_CREEK",2400,5152,"ITCHEPACKASASSA CREEK","03100205","40600000","STREAM","tbcmp_AM_LA_IntHigh_2050","AM","LA","IntHigh","2050",5.092347691648
"03100205_40600000_ITCHEPACKASASSA_CREEK",3200,308307,"ITCHEPACKASASSA CREEK","03100205","40600000","STREAM","tbcmp_AM_LA_IntHigh_2050","AM","LA","IntHigh","2050",304.737274799868
"03100205_40600000_ITCHEPACKASASSA_CREEK",4100,427861,"ITCHEPACKASASSA CREEK","03100205","40600000","STREAM","tbcmp_AM_LA_IntHigh_2050","AM","LA","IntHigh","2050",422.907021680164
"03100205_40600000_ITCHEPACKASASSA_CREEK",4400,1119088,"ITCHEPACKASASSA CREEK","03100205","40600000","STREAM","tbcmp_AM_LA_IntHigh_2050","AM","LA","IntHigh","2050",1106.13066645011
"03100205_40600000_ITCHEPACKASASSA_CREEK",5200,50205,"ITCHEPACKASASSA CREEK","03100205","40600000","STREAM","tbcmp_AM_LA_IntHigh_2050","AM","LA","IntHigh","2050",49.62370261242
"03100205_40600000_ITCHEPACKASASSA_CREEK",6110,1206098,"ITCHEPACKASASSA CREEK","03100205","40600000","STREAM","tbcmp_AM_LA_IntHigh_2050","AM","LA","IntHigh","2050",1192.13322325335
"03100205_40600000_ITCHEPACKASASSA_CREEK",6410,674233,"ITCHEPACKASASSA CREEK","03100205","40600000","STREAM","tbcmp_AM_LA_IntHigh_2050","AM","LA","IntHigh","2050",666.426409391092
"03100205_40603000_WINSTON_DRAIN",1200,20489,"WINSTON DRAIN","03100205","40603000","DRAIN","tbcmp_AM_LA_IntHigh_2050","AM","LA","IntHigh","2050",20.251768605236
"03100205_40603000_WINSTON_DRAIN",4100,31479,"WINSTON DRAIN","03100205","40603000","DRAIN","tbcmp_AM_LA_IntHigh_2050","AM","LA","IntHigh","2050",31.114521153996
"03100205_40603000_WINSTON_DRAIN",5200,640,"WINSTON DRAIN","03100205","40603000","DRAIN","tbcmp_AM_LA_IntHigh_2050","AM","LA","IntHigh","2050",0.63258977536
"03100205_40603000_WINSTON_DRAIN",6410,8333,"WINSTON DRAIN","03100205","40603000","DRAIN","tbcmp_AM_LA_IntHigh_2050","AM","LA","IntHigh","2050",8.236516559492
"03100205_40605000_WIGGINS_PRAIRIE_DRAIN",1100,689229,"WIGGINS PRAIRIE DRAIN","03100205","40605000","DRAIN","tbcmp_AM_LA_IntHigh_2050","AM","LA","IntHigh","2050",681.248778564996
"03100205_40605000_WIGGINS_PRAIRIE_DRAIN",1200,787547,"WIGGINS PRAIRIE DRAIN","03100205","40605000","DRAIN","tbcmp_AM_LA_IntHigh_2050","AM","LA","IntHigh","2050",778.428405961628
"03100205_40605000_WIGGINS_PRAIRIE_DRAIN",1820,543,"WIGGINS PRAIRIE DRAIN","03100205","40605000","DRAIN","tbcmp_AM_LA_IntHigh_2050","AM","LA","IntHigh","2050",0.536712887532
"03100205_40605000_WIGGINS_PRAIRIE_DRAIN",1900,392443,"WIGGINS PRAIRIE DRAIN","03100205","40605000","DRAIN","tbcmp_AM_LA_IntHigh_2050","AM","LA","IntHigh","2050",387.899108143132
"03100205_40605000_WIGGINS_PRAIRIE_DRAIN",2100,850746,"WIGGINS PRAIRIE DRAIN","03100205","40605000","DRAIN","tbcmp_AM_LA_IntHigh_2050","AM","LA","IntHigh","2050",840.895657856904
"03100205_40605000_WIGGINS_PRAIRIE_DRAIN",4100,194094,"WIGGINS PRAIRIE DRAIN","03100205","40605000","DRAIN","tbcmp_AM_LA_IntHigh_2050","AM","LA","IntHigh","2050",191.846687279256
"03100205_40605000_WIGGINS_PRAIRIE_DRAIN",4400,7976,"WIGGINS PRAIRIE DRAIN","03100205","40605000","DRAIN","tbcmp_AM_LA_IntHigh_2050","AM","LA","IntHigh","2050",7.883650075424
"03100205_40605000_WIGGINS_PRAIRIE_DRAIN",5200,137968,"WIGGINS PRAIRIE DRAIN","03100205","40605000","DRAIN","tbcmp_AM_LA_IntHigh_2050","AM","LA","IntHigh","2050",136.370540823232
"03100205_40605000_WIGGINS_PRAIRIE_DRAIN",6110,117457,"WIGGINS PRAIRIE DRAIN","03100205","40605000","DRAIN","tbcmp_AM_LA_IntHigh_2050","AM","LA","IntHigh","2050",116.097026944468
"03100205_40605000_WIGGINS_PRAIRIE_DRAIN",6410,412912,"WIGGINS PRAIRIE DRAIN","03100205","40605000","DRAIN","tbcmp_AM_LA_IntHigh_2050","AM","LA","IntHigh","2050",408.131108317888
"03100205_40606500_MIDWAY_ROAD_DRAIN",1100,356197,"MIDWAY ROAD DRAIN","03100205","40606500","DRAIN","tbcmp_AM_LA_IntHigh_2050","AM","LA","IntHigh","2050",352.072781584228
"03100205_40606500_MIDWAY_ROAD_DRAIN",1200,82063,"MIDWAY ROAD DRAIN","03100205","40606500","DRAIN","tbcmp_AM_LA_IntHigh_2050","AM","LA","IntHigh","2050",81.112835524012
"03100205_40606500_MIDWAY_ROAD_DRAIN",1800,1810,"MIDWAY ROAD DRAIN","03100205","40606500","DRAIN","tbcmp_AM_LA_IntHigh_2050","AM","LA","IntHigh","2050",1.78904295844
"03100205_40606500_MIDWAY_ROAD_DRAIN",1900,159242,"MIDWAY ROAD DRAIN","03100205","40606500","DRAIN","tbcmp_AM_LA_IntHigh_2050","AM","LA","IntHigh","2050",157.398220324808
"03100205_40606500_MIDWAY_ROAD_DRAIN",2100,1173505,"MIDWAY ROAD DRAIN","03100205","40606500","DRAIN","tbcmp_AM_LA_IntHigh_2050","AM","LA","IntHigh","2050",1159.91760052162
"03100205_40606500_MIDWAY_ROAD_DRAIN",2400,73675,"MIDWAY ROAD DRAIN","03100205","40606500","DRAIN","tbcmp_AM_LA_IntHigh_2050","AM","LA","IntHigh","2050",72.8219557807
"03100205_40606500_MIDWAY_ROAD_DRAIN",3200,6838,"MIDWAY ROAD DRAIN","03100205","40606500","DRAIN","tbcmp_AM_LA_IntHigh_2050","AM","LA","IntHigh","2050",6.758826381112
"03100205_40606500_MIDWAY_ROAD_DRAIN",4100,116722,"MIDWAY ROAD DRAIN","03100205","40606500","DRAIN","tbcmp_AM_LA_IntHigh_2050","AM","LA","IntHigh","2050",115.370537124328
"03100205_40606500_MIDWAY_ROAD_DRAIN",4400,15232,"MIDWAY ROAD DRAIN","03100205","40606500","DRAIN","tbcmp_AM_LA_IntHigh_2050","AM","LA","IntHigh","2050",15.055636653568
"03100205_40606500_MIDWAY_ROAD_DRAIN",5200,50625,"MIDWAY ROAD DRAIN","03100205","40606500","DRAIN","tbcmp_AM_LA_IntHigh_2050","AM","LA","IntHigh","2050",50.0388396525
"03100205_40606500_MIDWAY_ROAD_DRAIN",6110,49465,"MIDWAY ROAD DRAIN","03100205","40606500","DRAIN","tbcmp_AM_LA_IntHigh_2050","AM","LA","IntHigh","2050",48.89227068466
"03100205_40606500_MIDWAY_ROAD_DRAIN",6410,348204,"MIDWAY ROAD DRAIN","03100205","40606500","DRAIN","tbcmp_AM_LA_IntHigh_2050","AM","LA","IntHigh","2050",344.172328342896
"03100205_40608000_EAST_CANAL",1100,1065077,"EAST CANAL","03100205","40608000","CANAL","tbcmp_AM_LA_IntHigh_2050","AM","LA","IntHigh","2050",1052.74503151735
"03100205_40608000_EAST_CANAL",1200,1941247,"EAST CANAL","03100205","40608000","CANAL","tbcmp_AM_LA_IntHigh_2050","AM","LA","IntHigh","2050",1918.77031820043
"03100205_40608000_EAST_CANAL",1800,84345,"EAST CANAL","03100205","40608000","CANAL","tbcmp_AM_LA_IntHigh_2050","AM","LA","IntHigh","2050",83.36841344178
"03100205_40608000_EAST_CANAL",1900,514915,"EAST CANAL","03100205","40608000","CANAL","tbcmp_AM_LA_IntHigh_2050","AM","LA","IntHigh","2050",508.95306903046
"03100205_40608000_EAST_CANAL",2100,1439816,"EAST CANAL","03100205","40608000","CANAL","tbcmp_AM_LA_IntHigh_2050","AM","LA","IntHigh","2050",1423.14512499958
"03100205_40608000_EAST_CANAL",2200,44757,"EAST CANAL","03100205","40608000","CANAL","tbcmp_AM_LA_IntHigh_2050","AM","LA","IntHigh","2050",44.238782149668
"03100205_40608000_EAST_CANAL",2400,89712,"EAST CANAL","03100205","40608000","CANAL","tbcmp_AM_LA_IntHigh_2050","AM","LA","IntHigh","2050",88.673271761088
"03100205_40608000_EAST_CANAL",3200,88745,"EAST CANAL","03100205","40608000","CANAL","tbcmp_AM_LA_IntHigh_2050","AM","LA","IntHigh","2050",87.71746814738
"03100205_40608000_EAST_CANAL",4100,152225,"EAST CANAL","03100205","40608000","CANAL","tbcmp_AM_LA_IntHigh_2050","AM","LA","IntHigh","2050",150.4624664909
"03100205_40608000_EAST_CANAL",4400,7863,"EAST CANAL","03100205","40608000","CANAL","tbcmp_AM_LA_IntHigh_2050","AM","LA","IntHigh","2050",7.771958443212
"03100205_40608000_EAST_CANAL",5200,228066,"EAST CANAL","03100205","40608000","CANAL","tbcmp_AM_LA_IntHigh_2050","AM","LA","IntHigh","2050",225.425343292584
"03100205_40608000_EAST_CANAL",6110,694589,"EAST CANAL","03100205","40608000","CANAL","tbcmp_AM_LA_IntHigh_2050","AM","LA","IntHigh","2050",686.546717933636
"03100205_40608000_EAST_CANAL",6410,423974,"EAST CANAL","03100205","40608000","CANAL","tbcmp_AM_LA_IntHigh_2050","AM","LA","IntHigh","2050",419.065027216376
"03100205_40608030_INTERMITTENT_STREAM",1100,34919,"INTERMITTENT STREAM","03100205","40608030","STREAM","tbcmp_AM_LA_IntHigh_2050","AM","LA","IntHigh","2050",34.514691196556
"03100205_40608030_INTERMITTENT_STREAM",1200,345688,"INTERMITTENT STREAM","03100205","40608030","STREAM","tbcmp_AM_LA_IntHigh_2050","AM","LA","IntHigh","2050",341.685459788512
"03100205_40608030_INTERMITTENT_STREAM",1800,50338,"INTERMITTENT STREAM","03100205","40608030","STREAM","tbcmp_AM_LA_IntHigh_2050","AM","LA","IntHigh","2050",49.755162675112
"03100205_40608030_INTERMITTENT_STREAM",1900,3528,"INTERMITTENT STREAM","03100205","40608030","STREAM","tbcmp_AM_LA_IntHigh_2050","AM","LA","IntHigh","2050",3.487151136672
"03100205_40608030_INTERMITTENT_STREAM",2100,61172,"INTERMITTENT STREAM","03100205","40608030","STREAM","tbcmp_AM_LA_IntHigh_2050","AM","LA","IntHigh","2050",60.463721466128
"03100205_40608030_INTERMITTENT_STREAM",5200,5854,"INTERMITTENT STREAM","03100205","40608030","STREAM","tbcmp_AM_LA_IntHigh_2050","AM","LA","IntHigh","2050",5.786219601496
"03100205_40608030_INTERMITTENT_STREAM",6110,5667,"INTERMITTENT STREAM","03100205","40608030","STREAM","tbcmp_AM_LA_IntHigh_2050","AM","LA","IntHigh","2050",5.601384776508
"03100205_40608030_INTERMITTENT_STREAM",6410,9908,"INTERMITTENT STREAM","03100205","40608030","STREAM","tbcmp_AM_LA_IntHigh_2050","AM","LA","IntHigh","2050",9.793280459792
"03100205_40608040_INTERMITTENT_STREAM",1100,240352,"INTERMITTENT STREAM","03100205","40608040","STREAM","tbcmp_AM_LA_IntHigh_2050","AM","LA","IntHigh","2050",237.569090136448
"03100205_40608040_INTERMITTENT_STREAM",1200,481253,"INTERMITTENT STREAM","03100205","40608040","STREAM","tbcmp_AM_LA_IntHigh_2050","AM","LA","IntHigh","2050",475.680823689572
"03100205_40608040_INTERMITTENT_STREAM",1800,99314,"INTERMITTENT STREAM","03100205","40608040","STREAM","tbcmp_AM_LA_IntHigh_2050","AM","LA","IntHigh","2050",98.164095234536
"03100205_40608040_INTERMITTENT_STREAM",1900,99365,"INTERMITTENT STREAM","03100205","40608040","STREAM","tbcmp_AM_LA_IntHigh_2050","AM","LA","IntHigh","2050",98.21450473226
"03100205_40608040_INTERMITTENT_STREAM",2100,194376,"INTERMITTENT STREAM","03100205","40608040","STREAM","tbcmp_AM_LA_IntHigh_2050","AM","LA","IntHigh","2050",192.125422149024
"03100205_40608040_INTERMITTENT_STREAM",2400,32049,"INTERMITTENT STREAM","03100205","40608040","STREAM","tbcmp_AM_LA_IntHigh_2050","AM","LA","IntHigh","2050",31.677921422676
"03100205_40608040_INTERMITTENT_STREAM",4100,88263,"INTERMITTENT STREAM","03100205","40608040","STREAM","tbcmp_AM_LA_IntHigh_2050","AM","LA","IntHigh","2050",87.241048972812
"03100205_40608040_INTERMITTENT_STREAM",5200,49475,"INTERMITTENT STREAM","03100205","40608040","STREAM","tbcmp_AM_LA_IntHigh_2050","AM","LA","IntHigh","2050",48.9021548999
"03100205_40608040_INTERMITTENT_STREAM",6110,89181,"INTERMITTENT STREAM","03100205","40608040","STREAM","tbcmp_AM_LA_IntHigh_2050","AM","LA","IntHigh","2050",88.148419931844
"03100205_40608040_INTERMITTENT_STREAM",6410,76275,"INTERMITTENT STREAM","03100205","40608040","STREAM","tbcmp_AM_LA_IntHigh_2050","AM","LA","IntHigh","2050",75.3918517431
"03100205_43000000_INDIAN_CREEK",1100,1289065,"INDIAN CREEK","03100205","43000000","STREAM","tbcmp_AM_LA_IntHigh_2050","AM","LA","IntHigh","2050",1274.13959183506
"03100205_43000000_INDIAN_CREEK",1200,1094927,"INDIAN CREEK","03100205","43000000","STREAM","tbcmp_AM_LA_IntHigh_2050","AM","LA","IntHigh","2050",1082.24941400875
"03100205_43000000_INDIAN_CREEK",1800,18274,"INDIAN CREEK","03100205","43000000","STREAM","tbcmp_AM_LA_IntHigh_2050","AM","LA","IntHigh","2050",18.062414929576
"03100205_43000000_INDIAN_CREEK",1820,138808,"INDIAN CREEK","03100205","43000000","STREAM","tbcmp_AM_LA_IntHigh_2050","AM","LA","IntHigh","2050",137.200814903392
"03100205_43000000_INDIAN_CREEK",1900,441775,"INDIAN CREEK","03100205","43000000","STREAM","tbcmp_AM_LA_IntHigh_2050","AM","LA","IntHigh","2050",436.6599187651
"03100205_43000000_INDIAN_CREEK",2100,1703335,"INDIAN CREEK","03100205","43000000","STREAM","tbcmp_AM_LA_IntHigh_2050","AM","LA","IntHigh","2050",1683.61297658254
"03100205_43000000_INDIAN_CREEK",2200,8072,"INDIAN CREEK","03100205","43000000","STREAM","tbcmp_AM_LA_IntHigh_2050","AM","LA","IntHigh","2050",7.978538541728
"03100205_43000000_INDIAN_CREEK",2400,2672,"INDIAN CREEK","03100205","43000000","STREAM","tbcmp_AM_LA_IntHigh_2050","AM","LA","IntHigh","2050",2.641062312128
"03100205_43000000_INDIAN_CREEK",3200,297847,"INDIAN CREEK","03100205","43000000","STREAM","tbcmp_AM_LA_IntHigh_2050","AM","LA","IntHigh","2050",294.398385658828
"03100205_43000000_INDIAN_CREEK",4100,439566,"INDIAN CREEK","03100205","43000000","STREAM","tbcmp_AM_LA_IntHigh_2050","AM","LA","IntHigh","2050",434.476495618584
"03100205_43000000_INDIAN_CREEK",4400,116973,"INDIAN CREEK","03100205","43000000","STREAM","tbcmp_AM_LA_IntHigh_2050","AM","LA","IntHigh","2050",115.618630926852
"03100205_43000000_INDIAN_CREEK",5200,131936,"INDIAN CREEK","03100205","43000000","STREAM","tbcmp_AM_LA_IntHigh_2050","AM","LA","IntHigh","2050",130.408382190464
"03100205_43000000_INDIAN_CREEK",6110,597142,"INDIAN CREEK","03100205","43000000","STREAM","tbcmp_AM_LA_IntHigh_2050","AM","LA","IntHigh","2050",590.228005684408
"03100205_43000000_INDIAN_CREEK",6410,542470,"INDIAN CREEK","03100205","43000000","STREAM","tbcmp_AM_LA_IntHigh_2050","AM","LA","IntHigh","2050",536.18902412428
"03100205_47000000_NEW_RIVER",1100,1585676,"NEW RIVER","03100205","47000000","STREAM","tbcmp_AM_LA_IntHigh_2050","AM","LA","IntHigh","2050",1567.31628849022
"03100205_47000000_NEW_RIVER",1200,2931029,"NEW RIVER","03100205","47000000","STREAM","tbcmp_AM_LA_IntHigh_2050","AM","LA","IntHigh","2050",2897.0921510682
"03100205_47000000_NEW_RIVER",1800,44167,"NEW RIVER","03100205","47000000","STREAM","tbcmp_AM_LA_IntHigh_2050","AM","LA","IntHigh","2050",43.655613450508
"03100205_47000000_NEW_RIVER",1820,26278,"NEW RIVER","03100205","47000000","STREAM","tbcmp_AM_LA_IntHigh_2050","AM","LA","IntHigh","2050",25.973740807672
"03100205_47000000_NEW_RIVER",1900,1115312,"NEW RIVER","03100205","47000000","STREAM","tbcmp_AM_LA_IntHigh_2050","AM","LA","IntHigh","2050",1102.39838677549
"03100205_47000000_NEW_RIVER",2100,3134951,"NEW RIVER","03100205","47000000","STREAM","tbcmp_AM_LA_IntHigh_2050","AM","LA","IntHigh","2050",3098.65304508532
"03100205_47000000_NEW_RIVER",2200,16179,"NEW RIVER","03100205","47000000","STREAM","tbcmp_AM_LA_IntHigh_2050","AM","LA","IntHigh","2050",15.991671836796
"03100205_47000000_NEW_RIVER",3200,414309,"NEW RIVER","03100205","47000000","STREAM","tbcmp_AM_LA_IntHigh_2050","AM","LA","IntHigh","2050",409.511933186916
"03100205_47000000_NEW_RIVER",4100,749242,"NEW RIVER","03100205","47000000","STREAM","tbcmp_AM_LA_IntHigh_2050","AM","LA","IntHigh","2050",740.566919484808
"03100205_47000000_NEW_RIVER",4400,123303,"NEW RIVER","03100205","47000000","STREAM","tbcmp_AM_LA_IntHigh_2050","AM","LA","IntHigh","2050",121.875339173772
"03100205_47000000_NEW_RIVER",5200,807617,"NEW RIVER","03100205","47000000","STREAM","tbcmp_AM_LA_IntHigh_2050","AM","LA","IntHigh","2050",798.266025948308
"03100205_47000000_NEW_RIVER",6110,1007353,"NEW RIVER","03100205","47000000","STREAM","tbcmp_AM_LA_IntHigh_2050","AM","LA","IntHigh","2050",995.689387465972
"03100205_47000000_NEW_RIVER",6410,1566551,"NEW RIVER","03100205","47000000","STREAM","tbcmp_AM_LA_IntHigh_2050","AM","LA","IntHigh","2050",1548.41272684372
"03100205_49000000_BASSET_BRANCH",1100,829805,"BASSET BRANCH","03100205","49000000","STREAM","tbcmp_AM_LA_IntHigh_2050","AM","LA","IntHigh","2050",820.19712272282
"03100205_49000000_BASSET_BRANCH",1200,1852504,"BASSET BRANCH","03100205","49000000","STREAM","tbcmp_AM_LA_IntHigh_2050","AM","LA","IntHigh","2050",1831.0548268961
"03100205_49000000_BASSET_BRANCH",1800,42137,"BASSET BRANCH","03100205","49000000","STREAM","tbcmp_AM_LA_IntHigh_2050","AM","LA","IntHigh","2050",41.649117756788
"03100205_49000000_BASSET_BRANCH",1820,10381,"BASSET BRANCH","03100205","49000000","STREAM","tbcmp_AM_LA_IntHigh_2050","AM","LA","IntHigh","2050",10.260803840644
"03100205_49000000_BASSET_BRANCH",1900,538166,"BASSET BRANCH","03100205","49000000","STREAM","tbcmp_AM_LA_IntHigh_2050","AM","LA","IntHigh","2050",531.934857884984
"03100205_49000000_BASSET_BRANCH",2100,249487,"BASSET BRANCH","03100205","49000000","STREAM","tbcmp_AM_LA_IntHigh_2050","AM","LA","IntHigh","2050",246.598320758188
"03100205_49000000_BASSET_BRANCH",3200,415377,"BASSET BRANCH","03100205","49000000","STREAM","tbcmp_AM_LA_IntHigh_2050","AM","LA","IntHigh","2050",410.567567374548
"03100205_49000000_BASSET_BRANCH",4100,186887,"BASSET BRANCH","03100205","49000000","STREAM","tbcmp_AM_LA_IntHigh_2050","AM","LA","IntHigh","2050",184.723133355788
"03100205_49000000_BASSET_BRANCH",4400,81933,"BASSET BRANCH","03100205","49000000","STREAM","tbcmp_AM_LA_IntHigh_2050","AM","LA","IntHigh","2050",80.984340725892
"03100205_49000000_BASSET_BRANCH",5200,486521,"BASSET BRANCH","03100205","49000000","STREAM","tbcmp_AM_LA_IntHigh_2050","AM","LA","IntHigh","2050",480.887828278004
"03100205_49000000_BASSET_BRANCH",6110,864050,"BASSET BRANCH","03100205","49000000","STREAM","tbcmp_AM_LA_IntHigh_2050","AM","LA","IntHigh","2050",854.0456178122
"03100205_49000000_BASSET_BRANCH",6410,691896,"BASSET BRANCH","03100205","49000000","STREAM","tbcmp_AM_LA_IntHigh_2050","AM","LA","IntHigh","2050",683.884898769504
"03100205_50000000_TWO_HOLE_BRANCH",1100,825671,"TWO HOLE BRANCH","03100205","50000000","STREAM","tbcmp_AM_LA_IntHigh_2050","AM","LA","IntHigh","2050",816.110988142604
"03100205_50000000_TWO_HOLE_BRANCH",1200,33478,"TWO HOLE BRANCH","03100205","50000000","STREAM","tbcmp_AM_LA_IntHigh_2050","AM","LA","IntHigh","2050",33.090375780472
"03100205_50000000_TWO_HOLE_BRANCH",1800,5822,"TWO HOLE BRANCH","03100205","50000000","STREAM","tbcmp_AM_LA_IntHigh_2050","AM","LA","IntHigh","2050",5.754590112728
"03100205_50000000_TWO_HOLE_BRANCH",1900,136988,"TWO HOLE BRANCH","03100205","50000000","STREAM","tbcmp_AM_LA_IntHigh_2050","AM","LA","IntHigh","2050",135.401887729712
"03100205_50000000_TWO_HOLE_BRANCH",2100,2566365,"TWO HOLE BRANCH","03100205","50000000","STREAM","tbcmp_AM_LA_IntHigh_2050","AM","LA","IntHigh","2050",2536.65040444026
"03100205_50000000_TWO_HOLE_BRANCH",2400,40667,"TWO HOLE BRANCH","03100205","50000000","STREAM","tbcmp_AM_LA_IntHigh_2050","AM","LA","IntHigh","2050",40.196138116508
"03100205_50000000_TWO_HOLE_BRANCH",3200,315326,"TWO HOLE BRANCH","03100205","50000000","STREAM","tbcmp_AM_LA_IntHigh_2050","AM","LA","IntHigh","2050",311.675005476824
"03100205_50000000_TWO_HOLE_BRANCH",4100,398139,"TWO HOLE BRANCH","03100205","50000000","STREAM","tbcmp_AM_LA_IntHigh_2050","AM","LA","IntHigh","2050",393.529157143836
"03100205_50000000_TWO_HOLE_BRANCH",4400,315748,"TWO HOLE BRANCH","03100205","50000000","STREAM","tbcmp_AM_LA_IntHigh_2050","AM","LA","IntHigh","2050",312.092119359952
"03100205_50000000_TWO_HOLE_BRANCH",5200,25532,"TWO HOLE BRANCH","03100205","50000000","STREAM","tbcmp_AM_LA_IntHigh_2050","AM","LA","IntHigh","2050",25.236378350768
"03100205_50000000_TWO_HOLE_BRANCH",6110,1204013,"TWO HOLE BRANCH","03100205","50000000","STREAM","tbcmp_AM_LA_IntHigh_2050","AM","LA","IntHigh","2050",1190.07236437581
"03100205_50000000_TWO_HOLE_BRANCH",6410,506619,"TWO HOLE BRANCH","03100205","50000000","STREAM","tbcmp_AM_LA_IntHigh_2050","AM","LA","IntHigh","2050",500.753124067356
"03100205_52000000_CLAY_GULLY",1100,763359,"CLAY GULLY","03100205","52000000","STREAM","tbcmp_AM_LA_IntHigh_2050","AM","LA","IntHigh","2050",754.520466139116
"03100205_52000000_CLAY_GULLY",1200,36887,"CLAY GULLY","03100205","52000000","STREAM","tbcmp_AM_LA_IntHigh_2050","AM","LA","IntHigh","2050",36.459904755788
"03100205_52000000_CLAY_GULLY",1900,20062,"CLAY GULLY","03100205","52000000","STREAM","tbcmp_AM_LA_IntHigh_2050","AM","LA","IntHigh","2050",19.829712614488
"03100205_52000000_CLAY_GULLY",2100,1256220,"CLAY GULLY","03100205","52000000","STREAM","tbcmp_AM_LA_IntHigh_2050","AM","LA","IntHigh","2050",1241.67488687928
"03100205_52000000_CLAY_GULLY",2200,7399,"CLAY GULLY","03100205","52000000","STREAM","tbcmp_AM_LA_IntHigh_2050","AM","LA","IntHigh","2050",7.313330856076
"03100205_52000000_CLAY_GULLY",3200,15641,"CLAY GULLY","03100205","52000000","STREAM","tbcmp_AM_LA_IntHigh_2050","AM","LA","IntHigh","2050",15.459901056884
"03100205_52000000_CLAY_GULLY",4100,272710,"CLAY GULLY","03100205","52000000","STREAM","tbcmp_AM_LA_IntHigh_2050","AM","LA","IntHigh","2050",269.55243381004
"03100205_52000000_CLAY_GULLY",4400,71956,"CLAY GULLY","03100205","52000000","STREAM","tbcmp_AM_LA_IntHigh_2050","AM","LA","IntHigh","2050",71.122859180944
"03100205_52000000_CLAY_GULLY",5200,28990,"CLAY GULLY","03100205","52000000","STREAM","tbcmp_AM_LA_IntHigh_2050","AM","LA","IntHigh","2050",28.65433998076
"03100205_52000000_CLAY_GULLY",6110,497649,"CLAY GULLY","03100205","52000000","STREAM","tbcmp_AM_LA_IntHigh_2050","AM","LA","IntHigh","2050",491.886982997076
"03100205_52000000_CLAY_GULLY",6410,154710,"CLAY GULLY","03100205","52000000","STREAM","tbcmp_AM_LA_IntHigh_2050","AM","LA","IntHigh","2050",152.91869397804
"03100205_54000000_HOLLOMANS_BRANCH",1100,3722814,"HOLLOMANS BRANCH","03100205","54000000","STREAM","tbcmp_AM_LA_IntHigh_2050","AM","LA","IntHigh","2050",3679.70948744854
"03100205_54000000_HOLLOMANS_BRANCH",1200,172490,"HOLLOMANS BRANCH","03100205","54000000","STREAM","tbcmp_AM_LA_IntHigh_2050","AM","LA","IntHigh","2050",170.49282867476
"03100205_54000000_HOLLOMANS_BRANCH",1800,20230,"HOLLOMANS BRANCH","03100205","54000000","STREAM","tbcmp_AM_LA_IntHigh_2050","AM","LA","IntHigh","2050",19.99576743052
"03100205_54000000_HOLLOMANS_BRANCH",1900,137056,"HOLLOMANS BRANCH","03100205","54000000","STREAM","tbcmp_AM_LA_IntHigh_2050","AM","LA","IntHigh","2050",135.469100393344
"03100205_54000000_HOLLOMANS_BRANCH",2100,2827445,"HOLLOMANS BRANCH","03100205","54000000","STREAM","tbcmp_AM_LA_IntHigh_2050","AM","LA","IntHigh","2050",2794.70749592618
"03100205_54000000_HOLLOMANS_BRANCH",2200,8586,"HOLLOMANS BRANCH","03100205","54000000","STREAM","tbcmp_AM_LA_IntHigh_2050","AM","LA","IntHigh","2050",8.486587205064
"03100205_54000000_HOLLOMANS_BRANCH",2400,65498,"HOLLOMANS BRANCH","03100205","54000000","STREAM","tbcmp_AM_LA_IntHigh_2050","AM","LA","IntHigh","2050",64.739632978952
"03100205_54000000_HOLLOMANS_BRANCH",3200,56797,"HOLLOMANS BRANCH","03100205","54000000","STREAM","tbcmp_AM_LA_IntHigh_2050","AM","LA","IntHigh","2050",56.139377298628
"03100205_54000000_HOLLOMANS_BRANCH",4100,536301,"HOLLOMANS BRANCH","03100205","54000000","STREAM","tbcmp_AM_LA_IntHigh_2050","AM","LA","IntHigh","2050",530.091451742724
"03100205_54000000_HOLLOMANS_BRANCH",4400,14610,"HOLLOMANS BRANCH","03100205","54000000","STREAM","tbcmp_AM_LA_IntHigh_2050","AM","LA","IntHigh","2050",14.44083846564
"03100205_54000000_HOLLOMANS_BRANCH",5200,108283,"HOLLOMANS BRANCH","03100205","54000000","STREAM","tbcmp_AM_LA_IntHigh_2050","AM","LA","IntHigh","2050",107.029247883292
"03100205_54000000_HOLLOMANS_BRANCH",6110,428065,"HOLLOMANS BRANCH","03100205","54000000","STREAM","tbcmp_AM_LA_IntHigh_2050","AM","LA","IntHigh","2050",423.10865967106
"03100205_54000000_HOLLOMANS_BRANCH",6410,829279,"HOLLOMANS BRANCH","03100205","54000000","STREAM","tbcmp_AM_LA_IntHigh_2050","AM","LA","IntHigh","2050",819.677213001196
"03100205_56000000_FLINT_CREEK",1100,1707612,"FLINT CREEK","03100205","56000000","STREAM","tbcmp_AM_LA_IntHigh_2050","AM","LA","IntHigh","2050",1687.84045544069
"03100205_56000000_FLINT_CREEK",1200,101833,"FLINT CREEK","03100205","56000000","STREAM","tbcmp_AM_LA_IntHigh_2050","AM","LA","IntHigh","2050",100.653929053492
"03100205_56000000_FLINT_CREEK",1800,11748,"FLINT CREEK","03100205","56000000","STREAM","tbcmp_AM_LA_IntHigh_2050","AM","LA","IntHigh","2050",11.611976063952
"03100205_56000000_FLINT_CREEK",1900,484586,"FLINT CREEK","03100205","56000000","STREAM","tbcmp_AM_LA_IntHigh_2050","AM","LA","IntHigh","2050",478.975232629064
"03100205_56000000_FLINT_CREEK",2100,1074223,"FLINT CREEK","03100205","56000000","STREAM","tbcmp_AM_LA_IntHigh_2050","AM","LA","IntHigh","2050",1061.78513477585
"03100205_56000000_FLINT_CREEK",2200,63272,"FLINT CREEK","03100205","56000000","STREAM","tbcmp_AM_LA_IntHigh_2050","AM","LA","IntHigh","2050",62.539406666528
"03100205_56000000_FLINT_CREEK",2400,34159,"FLINT CREEK","03100205","56000000","STREAM","tbcmp_AM_LA_IntHigh_2050","AM","LA","IntHigh","2050",33.763490838316
"03100205_56000000_FLINT_CREEK",3200,5467,"FLINT CREEK","03100205","56000000","STREAM","tbcmp_AM_LA_IntHigh_2050","AM","LA","IntHigh","2050",5.403700471708
"03100205_56000000_FLINT_CREEK",4100,140281,"FLINT CREEK","03100205","56000000","STREAM","tbcmp_AM_LA_IntHigh_2050","AM","LA","IntHigh","2050",138.656759808244
"03100205_56000000_FLINT_CREEK",4400,26982,"FLINT CREEK","03100205","56000000","STREAM","tbcmp_AM_LA_IntHigh_2050","AM","LA","IntHigh","2050",26.669589560568
"03100205_56000000_FLINT_CREEK",5200,907400,"FLINT CREEK","03100205","56000000","STREAM","tbcmp_AM_LA_IntHigh_2050","AM","LA","IntHigh","2050",896.8936908776
"03100205_56000000_FLINT_CREEK",6110,636118,"FLINT CREEK","03100205","56000000","STREAM","tbcmp_AM_LA_IntHigh_2050","AM","LA","IntHigh","2050",628.752723003832
"03100205_56000000_FLINT_CREEK",6410,227082,"FLINT CREEK","03100205","56000000","STREAM","tbcmp_AM_LA_IntHigh_2050","AM","LA","IntHigh","2050",224.452736512968
"03100205_56100000_PEMBERTON_CREEK",1100,1221470,"PEMBERTON CREEK","03100205","56100000","STREAM","tbcmp_AM_LA_IntHigh_2050","AM","LA","IntHigh","2050",1207.32723892028
"03100205_56100000_PEMBERTON_CREEK",1200,2607463,"PEMBERTON CREEK","03100205","56100000","STREAM","tbcmp_AM_LA_IntHigh_2050","AM","LA","IntHigh","2050",2577.27255223361
"03100205_56100000_PEMBERTON_CREEK",1800,29297,"PEMBERTON CREEK","03100205","56100000","STREAM","tbcmp_AM_LA_IntHigh_2050","AM","LA","IntHigh","2050",28.957785388628
"03100205_56100000_PEMBERTON_CREEK",1900,243147,"PEMBERTON CREEK","03100205","56100000","STREAM","tbcmp_AM_LA_IntHigh_2050","AM","LA","IntHigh","2050",240.331728296028
"03100205_56100000_PEMBERTON_CREEK",2100,1001513,"PEMBERTON CREEK","03100205","56100000","STREAM","tbcmp_AM_LA_IntHigh_2050","AM","LA","IntHigh","2050",989.917005765812
"03100205_56100000_PEMBERTON_CREEK",2200,9442,"PEMBERTON CREEK","03100205","56100000","STREAM","tbcmp_AM_LA_IntHigh_2050","AM","LA","IntHigh","2050",9.332676029608
"03100205_56100000_PEMBERTON_CREEK",2400,43789,"PEMBERTON CREEK","03100205","56100000","STREAM","tbcmp_AM_LA_IntHigh_2050","AM","LA","IntHigh","2050",43.281990114436
"03100205_56100000_PEMBERTON_CREEK",3200,5517,"PEMBERTON CREEK","03100205","56100000","STREAM","tbcmp_AM_LA_IntHigh_2050","AM","LA","IntHigh","2050",5.453121547908
"03100205_56100000_PEMBERTON_CREEK",4100,281852,"PEMBERTON CREEK","03100205","56100000","STREAM","tbcmp_AM_LA_IntHigh_2050","AM","LA","IntHigh","2050",278.588583382448
"03100205_56100000_PEMBERTON_CREEK",4400,17301,"PEMBERTON CREEK","03100205","56100000","STREAM","tbcmp_AM_LA_IntHigh_2050","AM","LA","IntHigh","2050",17.100680786724
"03100205_56100000_PEMBERTON_CREEK",5200,97305,"PEMBERTON CREEK","03100205","56100000","STREAM","tbcmp_AM_LA_IntHigh_2050","AM","LA","IntHigh","2050",96.17835639282
"03100205_56100000_PEMBERTON_CREEK",6110,708302,"PEMBERTON CREEK","03100205","56100000","STREAM","tbcmp_AM_LA_IntHigh_2050","AM","LA","IntHigh","2050",700.100942292248
"03100205_56100000_PEMBERTON_CREEK",6410,564476,"PEMBERTON CREEK","03100205","56100000","STREAM","tbcmp_AM_LA_IntHigh_2050","AM","LA","IntHigh","2050",557.940228181424
"03100205_56105000_SPARKMAN_BRANCH",1100,444226,"SPARKMAN BRANCH","03100205","56105000","STREAM","tbcmp_AM_LA_IntHigh_2050","AM","LA","IntHigh","2050",439.082539920424
"03100205_56105000_SPARKMAN_BRANCH",1200,2430616,"SPARKMAN BRANCH","03100205","56105000","STREAM","tbcmp_AM_LA_IntHigh_2050","AM","LA","IntHigh","2050",2402.47317097878
"03100205_56105000_SPARKMAN_BRANCH",1800,21325,"SPARKMAN BRANCH","03100205","56105000","STREAM","tbcmp_AM_LA_IntHigh_2050","AM","LA","IntHigh","2050",21.0780889993
"03100205_56105000_SPARKMAN_BRANCH",1820,181020,"SPARKMAN BRANCH","03100205","56105000","STREAM","tbcmp_AM_LA_IntHigh_2050","AM","LA","IntHigh","2050",178.92406427448
"03100205_56105000_SPARKMAN_BRANCH",1900,156426,"SPARKMAN BRANCH","03100205","56105000","STREAM","tbcmp_AM_LA_IntHigh_2050","AM","LA","IntHigh","2050",154.614825313224
"03100205_56105000_SPARKMAN_BRANCH",2100,416880,"SPARKMAN BRANCH","03100205","56105000","STREAM","tbcmp_AM_LA_IntHigh_2050","AM","LA","IntHigh","2050",412.05316492512
"03100205_56105000_SPARKMAN_BRANCH",2400,45131,"SPARKMAN BRANCH","03100205","56105000","STREAM","tbcmp_AM_LA_IntHigh_2050","AM","LA","IntHigh","2050",44.608451799644
"03100205_56105000_SPARKMAN_BRANCH",3200,46137,"SPARKMAN BRANCH","03100205","56105000","STREAM","tbcmp_AM_LA_IntHigh_2050","AM","LA","IntHigh","2050",45.602803852788
"03100205_56105000_SPARKMAN_BRANCH",4100,113279,"SPARKMAN BRANCH","03100205","56105000","STREAM","tbcmp_AM_LA_IntHigh_2050","AM","LA","IntHigh","2050",111.967401817196
"03100205_56105000_SPARKMAN_BRANCH",5200,166317,"SPARKMAN BRANCH","03100205","56105000","STREAM","tbcmp_AM_LA_IntHigh_2050","AM","LA","IntHigh","2050",164.391302607108
"03100205_56105000_SPARKMAN_BRANCH",6110,843408,"SPARKMAN BRANCH","03100205","56105000","STREAM","tbcmp_AM_LA_IntHigh_2050","AM","LA","IntHigh","2050",833.642620713792
"03100205_56105000_SPARKMAN_BRANCH",6410,119378,"SPARKMAN BRANCH","03100205","56105000","STREAM","tbcmp_AM_LA_IntHigh_2050","AM","LA","IntHigh","2050",117.995784692072
"03100205_56106000_MOORE_LAKE_DRAIN",1100,434013,"MOORE LAKE DRAIN","03100205","56106000","DRAIN","tbcmp_AM_LA_IntHigh_2050","AM","LA","IntHigh","2050",428.987790895812
"03100205_56106000_MOORE_LAKE_DRAIN",1200,197617,"MOORE LAKE DRAIN","03100205","56106000","DRAIN","tbcmp_AM_LA_IntHigh_2050","AM","LA","IntHigh","2050",195.328896308308
"03100205_56106000_MOORE_LAKE_DRAIN",1900,54472,"MOORE LAKE DRAIN","03100205","56106000","DRAIN","tbcmp_AM_LA_IntHigh_2050","AM","LA","IntHigh","2050",53.841297255328
"03100205_56106000_MOORE_LAKE_DRAIN",2100,491488,"MOORE LAKE DRAIN","03100205","56106000","DRAIN","tbcmp_AM_LA_IntHigh_2050","AM","LA","IntHigh","2050",485.797317987712
"03100205_56106000_MOORE_LAKE_DRAIN",2200,11245,"MOORE LAKE DRAIN","03100205","56106000","DRAIN","tbcmp_AM_LA_IntHigh_2050","AM","LA","IntHigh","2050",11.11480003738
"03100205_56106000_MOORE_LAKE_DRAIN",2400,54214,"MOORE LAKE DRAIN","03100205","56106000","DRAIN","tbcmp_AM_LA_IntHigh_2050","AM","LA","IntHigh","2050",53.586284502136
"03100205_56106000_MOORE_LAKE_DRAIN",4100,22747,"MOORE LAKE DRAIN","03100205","56106000","DRAIN","tbcmp_AM_LA_IntHigh_2050","AM","LA","IntHigh","2050",22.483624406428
"03100205_56106000_MOORE_LAKE_DRAIN",5200,87743,"MOORE LAKE DRAIN","03100205","56106000","DRAIN","tbcmp_AM_LA_IntHigh_2050","AM","LA","IntHigh","2050",86.727069780332
"03100205_56106000_MOORE_LAKE_DRAIN",6110,212050,"MOORE LAKE DRAIN","03100205","56106000","DRAIN","tbcmp_AM_LA_IntHigh_2050","AM","LA","IntHigh","2050",209.5947841642
"03100205_56106000_MOORE_LAKE_DRAIN",6410,83939,"MOORE LAKE DRAIN","03100205","56106000","DRAIN","tbcmp_AM_LA_IntHigh_2050","AM","LA","IntHigh","2050",82.967114303036
"03100205_56200000_SELFER_CANAL",1100,4363908,"SELFER CANAL","03100205","56200000","CANAL","tbcmp_AM_LA_IntHigh_2050","AM","LA","IntHigh","2050",4313.38059595579
"03100205_56200000_SELFER_CANAL",1200,7367981,"SELFER CANAL","03100205","56200000","CANAL","tbcmp_AM_LA_IntHigh_2050","AM","LA","IntHigh","2050",7282.67100882304
"03100205_56200000_SELFER_CANAL",1800,235781,"SELFER CANAL","03100205","56200000","CANAL","tbcmp_AM_LA_IntHigh_2050","AM","LA","IntHigh","2050",233.051015350244
"03100205_56200000_SELFER_CANAL",1820,205315,"SELFER CANAL","03100205","56200000","CANAL","tbcmp_AM_LA_IntHigh_2050","AM","LA","IntHigh","2050",202.93776520006
"03100205_56200000_SELFER_CANAL",1900,946646,"SELFER CANAL","03100205","56200000","CANAL","tbcmp_AM_LA_IntHigh_2050","AM","LA","IntHigh","2050",935.685282008504
"03100205_56200000_SELFER_CANAL",2100,3356050,"SELFER CANAL","03100205","56200000","CANAL","tbcmp_AM_LA_IntHigh_2050","AM","LA","IntHigh","2050",3317.1920556202
"03100205_56200000_SELFER_CANAL",2200,26061,"SELFER CANAL","03100205","56200000","CANAL","tbcmp_AM_LA_IntHigh_2050","AM","LA","IntHigh","2050",25.759253336964
"03100205_56200000_SELFER_CANAL",2400,202396,"SELFER CANAL","03100205","56200000","CANAL","tbcmp_AM_LA_IntHigh_2050","AM","LA","IntHigh","2050",200.052562771504
"03100205_56200000_SELFER_CANAL",3200,5141,"SELFER CANAL","03100205","56200000","CANAL","tbcmp_AM_LA_IntHigh_2050","AM","LA","IntHigh","2050",5.081475054884
"03100205_56200000_SELFER_CANAL",4100,853654,"SELFER CANAL","03100205","56200000","CANAL","tbcmp_AM_LA_IntHigh_2050","AM","LA","IntHigh","2050",843.769987648696
"03100205_56200000_SELFER_CANAL",4400,28054,"SELFER CANAL","03100205","56200000","CANAL","tbcmp_AM_LA_IntHigh_2050","AM","LA","IntHigh","2050",27.729177434296
"03100205_56200000_SELFER_CANAL",5200,847302,"SELFER CANAL","03100205","56200000","CANAL","tbcmp_AM_LA_IntHigh_2050","AM","LA","IntHigh","2050",837.491534128248
"03100205_56200000_SELFER_CANAL",6110,369897,"SELFER CANAL","03100205","56200000","CANAL","tbcmp_AM_LA_IntHigh_2050","AM","LA","IntHigh","2050",365.614156463028
"03100205_56200000_SELFER_CANAL",6410,1259989,"SELFER CANAL","03100205","56200000","CANAL","tbcmp_AM_LA_IntHigh_2050","AM","LA","IntHigh","2050",1245.40024760324
"03100205_56310000_BAKER_CREEK_TRIBUTARY",1100,211745,"BAKER CREEK TRIBUTARY","03100205","56310000","STREAM","tbcmp_AM_LA_IntHigh_2050","AM","LA","IntHigh","2050",209.29331559938
"03100205_56310000_BAKER_CREEK_TRIBUTARY",1200,4685,"BAKER CREEK TRIBUTARY","03100205","56310000","STREAM","tbcmp_AM_LA_IntHigh_2050","AM","LA","IntHigh","2050",4.63075483994
"03100205_56310000_BAKER_CREEK_TRIBUTARY",1900,22046,"BAKER CREEK TRIBUTARY","03100205","56310000","STREAM","tbcmp_AM_LA_IntHigh_2050","AM","LA","IntHigh","2050",21.790740918104
"03100205_56310000_BAKER_CREEK_TRIBUTARY",2100,106963,"BAKER CREEK TRIBUTARY","03100205","56310000","STREAM","tbcmp_AM_LA_IntHigh_2050","AM","LA","IntHigh","2050",105.724531471612
"03100205_56310000_BAKER_CREEK_TRIBUTARY",2400,2248,"BAKER CREEK TRIBUTARY","03100205","56310000","STREAM","tbcmp_AM_LA_IntHigh_2050","AM","LA","IntHigh","2050",2.221971585952
"03100205_56310000_BAKER_CREEK_TRIBUTARY",4100,31653,"BAKER CREEK TRIBUTARY","03100205","56310000","STREAM","tbcmp_AM_LA_IntHigh_2050","AM","LA","IntHigh","2050",31.286506499172
"03100205_56310000_BAKER_CREEK_TRIBUTARY",5200,792,"BAKER CREEK TRIBUTARY","03100205","56310000","STREAM","tbcmp_AM_LA_IntHigh_2050","AM","LA","IntHigh","2050",0.782829847008
"03100205_56310000_BAKER_CREEK_TRIBUTARY",6410,39993,"BAKER CREEK TRIBUTARY","03100205","56310000","STREAM","tbcmp_AM_LA_IntHigh_2050","AM","LA","IntHigh","2050",39.529942009332
"03100205_56600000_CAMPBELL_BRANCH",1100,3151019,"CAMPBELL BRANCH","03100205","56600000","STREAM","tbcmp_AM_LA_IntHigh_2050","AM","LA","IntHigh","2050",3114.53500213296
"03100205_56600000_CAMPBELL_BRANCH",1200,107870,"CAMPBELL BRANCH","03100205","56600000","STREAM","tbcmp_AM_LA_IntHigh_2050","AM","LA","IntHigh","2050",106.62102979388
"03100205_56600000_CAMPBELL_BRANCH",1900,232745,"CAMPBELL BRANCH","03100205","56600000","STREAM","tbcmp_AM_LA_IntHigh_2050","AM","LA","IntHigh","2050",230.05016760338
"03100205_56600000_CAMPBELL_BRANCH",2100,2024819,"CAMPBELL BRANCH","03100205","56600000","STREAM","tbcmp_AM_LA_IntHigh_2050","AM","LA","IntHigh","2050",2001.37468180416
"03100205_56600000_CAMPBELL_BRANCH",2200,1007,"CAMPBELL BRANCH","03100205","56600000","STREAM","tbcmp_AM_LA_IntHigh_2050","AM","LA","IntHigh","2050",0.995340474668
"03100205_56600000_CAMPBELL_BRANCH",2400,160080,"CAMPBELL BRANCH","03100205","56600000","STREAM","tbcmp_AM_LA_IntHigh_2050","AM","LA","IntHigh","2050",158.22651756192
"03100205_56600000_CAMPBELL_BRANCH",3200,29104,"CAMPBELL BRANCH","03100205","56600000","STREAM","tbcmp_AM_LA_IntHigh_2050","AM","LA","IntHigh","2050",28.767020034496
"03100205_56600000_CAMPBELL_BRANCH",4100,281524,"CAMPBELL BRANCH","03100205","56600000","STREAM","tbcmp_AM_LA_IntHigh_2050","AM","LA","IntHigh","2050",278.264381122576
"03100205_56600000_CAMPBELL_BRANCH",4400,7086,"CAMPBELL BRANCH","03100205","56600000","STREAM","tbcmp_AM_LA_IntHigh_2050","AM","LA","IntHigh","2050",7.003954919064
"03100205_56600000_CAMPBELL_BRANCH",5200,97121,"CAMPBELL BRANCH","03100205","56600000","STREAM","tbcmp_AM_LA_IntHigh_2050","AM","LA","IntHigh","2050",95.996486832404
"03100205_56600000_CAMPBELL_BRANCH",6110,204749,"CAMPBELL BRANCH","03100205","56600000","STREAM","tbcmp_AM_LA_IntHigh_2050","AM","LA","IntHigh","2050",202.378318617476
"03100205_56600000_CAMPBELL_BRANCH",6410,560079,"CAMPBELL BRANCH","03100205","56600000","STREAM","tbcmp_AM_LA_IntHigh_2050","AM","LA","IntHigh","2050",553.594138740396
"03100205_63000000_TROUT_CREEK",1100,298007,"TROUT CREEK","03100205","63000000","SLOUGH","tbcmp_AM_LA_IntHigh_2050","AM","LA","IntHigh","2050",294.556533102668
"03100205_63000000_TROUT_CREEK",1200,5964835,"TROUT CREEK","03100205","63000000","SLOUGH","tbcmp_AM_LA_IntHigh_2050","AM","LA","IntHigh","2050",5895.77130110854
"03100205_63000000_TROUT_CREEK",1800,193420,"TROUT CREEK","03100205","63000000","SLOUGH","tbcmp_AM_LA_IntHigh_2050","AM","LA","IntHigh","2050",191.18049117208
"03100205_63000000_TROUT_CREEK",1820,382065,"TROUT CREEK","03100205","63000000","SLOUGH","tbcmp_AM_LA_IntHigh_2050","AM","LA","IntHigh","2050",377.64126956706
"03100205_63000000_TROUT_CREEK",1900,931846,"TROUT CREEK","03100205","63000000","SLOUGH","tbcmp_AM_LA_IntHigh_2050","AM","LA","IntHigh","2050",921.056643453304
"03100205_63000000_TROUT_CREEK",2100,354970,"TROUT CREEK","03100205","63000000","SLOUGH","tbcmp_AM_LA_IntHigh_2050","AM","LA","IntHigh","2050",350.85998837428
"03100205_63000000_TROUT_CREEK",3200,695116,"TROUT CREEK","03100205","63000000","SLOUGH","tbcmp_AM_LA_IntHigh_2050","AM","LA","IntHigh","2050",687.067616076784
"03100205_63000000_TROUT_CREEK",4100,906856,"TROUT CREEK","03100205","63000000","SLOUGH","tbcmp_AM_LA_IntHigh_2050","AM","LA","IntHigh","2050",896.355989568544
"03100205_63000000_TROUT_CREEK",4400,47931,"TROUT CREEK","03100205","63000000","SLOUGH","tbcmp_AM_LA_IntHigh_2050","AM","LA","IntHigh","2050",47.376032066844
"03100205_63000000_TROUT_CREEK",5200,934161,"TROUT CREEK","03100205","63000000","SLOUGH","tbcmp_AM_LA_IntHigh_2050","AM","LA","IntHigh","2050",923.344839281364
"03100205_63000000_TROUT_CREEK",6110,3279572,"TROUT CREEK","03100205","63000000","SLOUGH","tbcmp_AM_LA_IntHigh_2050","AM","LA","IntHigh","2050",3241.59955430773
"03100205_63000000_TROUT_CREEK",6410,1150891,"TROUT CREEK","03100205","63000000","SLOUGH","tbcmp_AM_LA_IntHigh_2050","AM","LA","IntHigh","2050",1137.56543617788
"03100205_63950000_CLAY_GULLY",1100,37051,"CLAY GULLY","03100205","63950000","SLOUGH","tbcmp_AM_LA_IntHigh_2050","AM","LA","IntHigh","2050",36.622005885724
"03100205_63950000_CLAY_GULLY",1200,2121901,"CLAY GULLY","03100205","63950000","SLOUGH","tbcmp_AM_LA_IntHigh_2050","AM","LA","IntHigh","2050",2097.33262019712
"03100205_63950000_CLAY_GULLY",1800,33653,"CLAY GULLY","03100205","63950000","SLOUGH","tbcmp_AM_LA_IntHigh_2050","AM","LA","IntHigh","2050",33.263349547172
"03100205_63950000_CLAY_GULLY",1820,79512,"CLAY GULLY","03100205","63950000","SLOUGH","tbcmp_AM_LA_IntHigh_2050","AM","LA","IntHigh","2050",78.591372216288
"03100205_63950000_CLAY_GULLY",1900,184520,"CLAY GULLY","03100205","63950000","SLOUGH","tbcmp_AM_LA_IntHigh_2050","AM","LA","IntHigh","2050",182.38353960848
"03100205_63950000_CLAY_GULLY",2100,543970,"CLAY GULLY","03100205","63950000","SLOUGH","tbcmp_AM_LA_IntHigh_2050","AM","LA","IntHigh","2050",537.67165641028
"03100205_63950000_CLAY_GULLY",3200,393138,"CLAY GULLY","03100205","63950000","SLOUGH","tbcmp_AM_LA_IntHigh_2050","AM","LA","IntHigh","2050",388.586061102312
"03100205_63950000_CLAY_GULLY",4100,706603,"CLAY GULLY","03100205","63950000","SLOUGH","tbcmp_AM_LA_IntHigh_2050","AM","LA","IntHigh","2050",698.421614122972
"03100205_63950000_CLAY_GULLY",4400,2507,"CLAY GULLY","03100205","63950000","SLOUGH","tbcmp_AM_LA_IntHigh_2050","AM","LA","IntHigh","2050",2.477972760668
"03100205_63950000_CLAY_GULLY",5200,375393,"CLAY GULLY","03100205","63950000","SLOUGH","tbcmp_AM_LA_IntHigh_2050","AM","LA","IntHigh","2050",371.046521158932
"03100205_63950000_CLAY_GULLY",6110,1152640,"CLAY GULLY","03100205","63950000","SLOUGH","tbcmp_AM_LA_IntHigh_2050","AM","LA","IntHigh","2050",1139.29418542336
"03100205_63950000_CLAY_GULLY",6410,490891,"CLAY GULLY","03100205","63950000","SLOUGH","tbcmp_AM_LA_IntHigh_2050","AM","LA","IntHigh","2050",485.207230337884
"03100205_67000000_CYPRESS_CREEK",1100,2532995,"CYPRESS CREEK","03100205","67000000","STREAM","tbcmp_AM_LA_IntHigh_2050","AM","LA","IntHigh","2050",2503.66677818438
"03100205_67000000_CYPRESS_CREEK",1200,11460693,"CYPRESS CREEK","03100205","67000000","STREAM","tbcmp_AM_LA_IntHigh_2050","AM","LA","IntHigh","2050",11327.9956411561
"03100205_67000000_CYPRESS_CREEK",1800,238305,"CYPRESS CREEK","03100205","67000000","STREAM","tbcmp_AM_LA_IntHigh_2050","AM","LA","IntHigh","2050",235.54579127682
"03100205_67000000_CYPRESS_CREEK",1820,420759,"CYPRESS CREEK","03100205","67000000","STREAM","tbcmp_AM_LA_IntHigh_2050","AM","LA","IntHigh","2050",415.887252016716
"03100205_67000000_CYPRESS_CREEK",1900,1519123,"CYPRESS CREEK","03100205","67000000","STREAM","tbcmp_AM_LA_IntHigh_2050","AM","LA","IntHigh","2050",1501.53387080345
"03100205_67000000_CYPRESS_CREEK",2100,7290824,"CYPRESS CREEK","03100205","67000000","STREAM","tbcmp_AM_LA_IntHigh_2050","AM","LA","IntHigh","2050",7206.40736929577
"03100205_67000000_CYPRESS_CREEK",2200,156560,"CYPRESS CREEK","03100205","67000000","STREAM","tbcmp_AM_LA_IntHigh_2050","AM","LA","IntHigh","2050",154.74727379744
"03100205_67000000_CYPRESS_CREEK",2400,76839,"CYPRESS CREEK","03100205","67000000","STREAM","tbcmp_AM_LA_IntHigh_2050","AM","LA","IntHigh","2050",75.949321482636
"03100205_67000000_CYPRESS_CREEK",3200,1218200,"CYPRESS CREEK","03100205","67000000","STREAM","tbcmp_AM_LA_IntHigh_2050","AM","LA","IntHigh","2050",1204.0951005368
"03100205_67000000_CYPRESS_CREEK",4100,4588434,"CYPRESS CREEK","03100205","67000000","STREAM","tbcmp_AM_LA_IntHigh_2050","AM","LA","IntHigh","2050",4535.30692705342
"03100205_67000000_CYPRESS_CREEK",4400,669335,"CYPRESS CREEK","03100205","67000000","STREAM","tbcmp_AM_LA_IntHigh_2050","AM","LA","IntHigh","2050",661.58512076654
"03100205_67000000_CYPRESS_CREEK",5200,1699297,"CYPRESS CREEK","03100205","67000000","STREAM","tbcmp_AM_LA_IntHigh_2050","AM","LA","IntHigh","2050",1679.62173046863
"03100205_67000000_CYPRESS_CREEK",6110,14663833,"CYPRESS CREEK","03100205","67000000","STREAM","tbcmp_AM_LA_IntHigh_2050","AM","LA","IntHigh","2050",14494.0481615415
"03100205_67000000_CYPRESS_CREEK",6410,3279639,"CYPRESS CREEK","03100205","67000000","STREAM","tbcmp_AM_LA_IntHigh_2050","AM","LA","IntHigh","2050",3241.66577854984
"03100205_67160000_BAYOU_BRANCH",1100,974351,"BAYOU BRANCH","03100205","67160000","STREAM","tbcmp_AM_LA_IntHigh_2050","AM","LA","IntHigh","2050",963.069500330924
"03100205_67160000_BAYOU_BRANCH",1200,1877844,"BAYOU BRANCH","03100205","67160000","STREAM","tbcmp_AM_LA_IntHigh_2050","AM","LA","IntHigh","2050",1856.10142831426
"03100205_67160000_BAYOU_BRANCH",1800,42437,"BAYOU BRANCH","03100205","67160000","STREAM","tbcmp_AM_LA_IntHigh_2050","AM","LA","IntHigh","2050",41.945644213988
"03100205_67160000_BAYOU_BRANCH",1900,1424181,"BAYOU BRANCH","03100205","67160000","STREAM","tbcmp_AM_LA_IntHigh_2050","AM","LA","IntHigh","2050",1407.69115447184
"03100205_67160000_BAYOU_BRANCH",2100,3634761,"BAYOU BRANCH","03100205","67160000","STREAM","tbcmp_AM_LA_IntHigh_2050","AM","LA","IntHigh","2050",3592.67600699576
"03100205_67160000_BAYOU_BRANCH",2200,131392,"BAYOU BRANCH","03100205","67160000","STREAM","tbcmp_AM_LA_IntHigh_2050","AM","LA","IntHigh","2050",129.870680881408
"03100205_67160000_BAYOU_BRANCH",2400,65089,"BAYOU BRANCH","03100205","67160000","STREAM","tbcmp_AM_LA_IntHigh_2050","AM","LA","IntHigh","2050",64.335368575636
"03100205_67160000_BAYOU_BRANCH",3200,2596,"BAYOU BRANCH","03100205","67160000","STREAM","tbcmp_AM_LA_IntHigh_2050","AM","LA","IntHigh","2050",2.565942276304
"03100205_67160000_BAYOU_BRANCH",4100,873870,"BAYOU BRANCH","03100205","67160000","STREAM","tbcmp_AM_LA_IntHigh_2050","AM","LA","IntHigh","2050",863.75191717788
"03100205_67160000_BAYOU_BRANCH",4400,209497,"BAYOU BRANCH","03100205","67160000","STREAM","tbcmp_AM_LA_IntHigh_2050","AM","LA","IntHigh","2050",207.071344013428
"03100205_67160000_BAYOU_BRANCH",5200,708258,"BAYOU BRANCH","03100205","67160000","STREAM","tbcmp_AM_LA_IntHigh_2050","AM","LA","IntHigh","2050",700.057451745192
"03100205_67160000_BAYOU_BRANCH",6110,463571,"BAYOU BRANCH","03100205","67160000","STREAM","tbcmp_AM_LA_IntHigh_2050","AM","LA","IntHigh","2050",458.203554302204
"03100205_67160000_BAYOU_BRANCH",6410,1504474,"BAYOU BRANCH","03100205","67160000","STREAM","tbcmp_AM_LA_IntHigh_2050","AM","LA","IntHigh","2050",1487.05448389838
"03100205_67160000_BAYOU_LAKE_OUTLET",1100,109856,"BAYOU LAKE OUTLET","03100205","67160000","OUTLET","tbcmp_AM_LA_IntHigh_2050","AM","LA","IntHigh","2050",108.584034940544
"03100205_67160000_BAYOU_LAKE_OUTLET",1200,181105,"BAYOU LAKE OUTLET","03100205","67160000","OUTLET","tbcmp_AM_LA_IntHigh_2050","AM","LA","IntHigh","2050",179.00808010402
"03100205_67160000_BAYOU_LAKE_OUTLET",1800,4012,"BAYOU LAKE OUTLET","03100205","67160000","OUTLET","tbcmp_AM_LA_IntHigh_2050","AM","LA","IntHigh","2050",3.965547154288
"03100205_67160000_BAYOU_LAKE_OUTLET",1900,156686,"BAYOU LAKE OUTLET","03100205","67160000","OUTLET","tbcmp_AM_LA_IntHigh_2050","AM","LA","IntHigh","2050",154.871814909464
"03100205_67160000_BAYOU_LAKE_OUTLET",2100,990464,"BAYOU LAKE OUTLET","03100205","67160000","OUTLET","tbcmp_AM_LA_IntHigh_2050","AM","LA","IntHigh","2050",978.995936347136
"03100205_67160000_BAYOU_LAKE_OUTLET",2200,6464,"BAYOU LAKE OUTLET","03100205","67160000","OUTLET","tbcmp_AM_LA_IntHigh_2050","AM","LA","IntHigh","2050",6.389156731136
"03100205_67160000_BAYOU_LAKE_OUTLET",3200,2163,"BAYOU LAKE OUTLET","03100205","67160000","OUTLET","tbcmp_AM_LA_IntHigh_2050","AM","LA","IntHigh","2050",2.137955756412
"03100205_67160000_BAYOU_LAKE_OUTLET",4100,205525,"BAYOU LAKE OUTLET","03100205","67160000","OUTLET","tbcmp_AM_LA_IntHigh_2050","AM","LA","IntHigh","2050",203.1453337201
"03100205_67160000_BAYOU_LAKE_OUTLET",4400,34140,"BAYOU LAKE OUTLET","03100205","67160000","OUTLET","tbcmp_AM_LA_IntHigh_2050","AM","LA","IntHigh","2050",33.74471082936
"03100205_67160000_BAYOU_LAKE_OUTLET",5200,105173,"BAYOU LAKE OUTLET","03100205","67160000","OUTLET","tbcmp_AM_LA_IntHigh_2050","AM","LA","IntHigh","2050",103.955256943652
"03100205_67160000_BAYOU_LAKE_OUTLET",6110,357424,"BAYOU LAKE OUTLET","03100205","67160000","OUTLET","tbcmp_AM_LA_IntHigh_2050","AM","LA","IntHigh","2050",353.285574794176
"03100205_67160000_BAYOU_LAKE_OUTLET",6410,315786,"BAYOU LAKE OUTLET","03100205","67160000","OUTLET","tbcmp_AM_LA_IntHigh_2050","AM","LA","IntHigh","2050",312.129679377864
"03100205_67167000_STANLEY_BRANCH",1100,559481,"STANLEY BRANCH","03100205","67167000","STREAM","tbcmp_AM_LA_IntHigh_2050","AM","LA","IntHigh","2050",553.003062669044
"03100205_67167000_STANLEY_BRANCH",1200,25383,"STANLEY BRANCH","03100205","67167000","STREAM","tbcmp_AM_LA_IntHigh_2050","AM","LA","IntHigh","2050",25.089103543692
"03100205_67167000_STANLEY_BRANCH",1900,43654,"STANLEY BRANCH","03100205","67167000","STREAM","tbcmp_AM_LA_IntHigh_2050","AM","LA","IntHigh","2050",43.148553208696
"03100205_67167000_STANLEY_BRANCH",2100,725951,"STANLEY BRANCH","03100205","67167000","STREAM","tbcmp_AM_LA_IntHigh_2050","AM","LA","IntHigh","2050",717.545593769324
"03100205_67167000_STANLEY_BRANCH",2200,19299,"STANLEY BRANCH","03100205","67167000","STREAM","tbcmp_AM_LA_IntHigh_2050","AM","LA","IntHigh","2050",19.075546991676
"03100205_67167000_STANLEY_BRANCH",2400,5695,"STANLEY BRANCH","03100205","67167000","STREAM","tbcmp_AM_LA_IntHigh_2050","AM","LA","IntHigh","2050",5.62906057918
"03100205_67167000_STANLEY_BRANCH",4100,123701,"STANLEY BRANCH","03100205","67167000","STREAM","tbcmp_AM_LA_IntHigh_2050","AM","LA","IntHigh","2050",122.268730940324
"03100205_67167000_STANLEY_BRANCH",4400,36503,"STANLEY BRANCH","03100205","67167000","STREAM","tbcmp_AM_LA_IntHigh_2050","AM","LA","IntHigh","2050",36.080350890572
"03100205_67167000_STANLEY_BRANCH",5200,7173,"STANLEY BRANCH","03100205","67167000","STREAM","tbcmp_AM_LA_IntHigh_2050","AM","LA","IntHigh","2050",7.089947591652
"03100205_67167000_STANLEY_BRANCH",6110,106769,"STANLEY BRANCH","03100205","67167000","STREAM","tbcmp_AM_LA_IntHigh_2050","AM","LA","IntHigh","2050",105.532777695956
"03100205_67167000_STANLEY_BRANCH",6410,73949,"STANLEY BRANCH","03100205","67167000","STREAM","tbcmp_AM_LA_IntHigh_2050","AM","LA","IntHigh","2050",73.092783278276
"03100205_67168000_BEE_TREE_BRANCH",1100,268858,"BEE TREE BRANCH","03100205","67168000","STREAM","tbcmp_AM_LA_IntHigh_2050","AM","LA","IntHigh","2050",265.745034099592
"03100205_67168000_BEE_TREE_BRANCH",1200,24532,"BEE TREE BRANCH","03100205","67168000","STREAM","tbcmp_AM_LA_IntHigh_2050","AM","LA","IntHigh","2050",24.247956826768
"03100205_67168000_BEE_TREE_BRANCH",1900,31925,"BEE TREE BRANCH","03100205","67168000","STREAM","tbcmp_AM_LA_IntHigh_2050","AM","LA","IntHigh","2050",31.5553571537
"03100205_67168000_BEE_TREE_BRANCH",2100,1004834,"BEE TREE BRANCH","03100205","67168000","STREAM","tbcmp_AM_LA_IntHigh_2050","AM","LA","IntHigh","2050",993.199553647016
"03100205_67168000_BEE_TREE_BRANCH",2200,34365,"BEE TREE BRANCH","03100205","67168000","STREAM","tbcmp_AM_LA_IntHigh_2050","AM","LA","IntHigh","2050",33.96710567226
"03100205_67168000_BEE_TREE_BRANCH",4100,192585,"BEE TREE BRANCH","03100205","67168000","STREAM","tbcmp_AM_LA_IntHigh_2050","AM","LA","IntHigh","2050",190.35515919954
"03100205_67168000_BEE_TREE_BRANCH",4400,8897,"BEE TREE BRANCH","03100205","67168000","STREAM","tbcmp_AM_LA_IntHigh_2050","AM","LA","IntHigh","2050",8.793986299028
"03100205_67168000_BEE_TREE_BRANCH",5200,30229,"BEE TREE BRANCH","03100205","67168000","STREAM","tbcmp_AM_LA_IntHigh_2050","AM","LA","IntHigh","2050",29.878994248996
"03100205_67168000_BEE_TREE_BRANCH",6110,35112,"BEE TREE BRANCH","03100205","67168000","STREAM","tbcmp_AM_LA_IntHigh_2050","AM","LA","IntHigh","2050",34.705456550688
"03100205_67168000_BEE_TREE_BRANCH",6410,158941,"BEE TREE BRANCH","03100205","67168000","STREAM","tbcmp_AM_LA_IntHigh_2050","AM","LA","IntHigh","2050",157.100705446084
"03100205_67200000_PONDS_DRAINAGE_DITCH",1100,379825,"PONDS DRAINAGE DITCH","03100205","67200000","DITCH","tbcmp_AM_LA_IntHigh_2050","AM","LA","IntHigh","2050",375.4272053533
"03100205_67200000_PONDS_DRAINAGE_DITCH",1200,32669,"PONDS DRAINAGE DITCH","03100205","67200000","DITCH","tbcmp_AM_LA_IntHigh_2050","AM","LA","IntHigh","2050",32.290742767556
"03100205_67200000_PONDS_DRAINAGE_DITCH",1800,157,"PONDS DRAINAGE DITCH","03100205","67200000","DITCH","tbcmp_AM_LA_IntHigh_2050","AM","LA","IntHigh","2050",0.155182179268
"03100205_67200000_PONDS_DRAINAGE_DITCH",1900,307090,"PONDS DRAINAGE DITCH","03100205","67200000","DITCH","tbcmp_AM_LA_IntHigh_2050","AM","LA","IntHigh","2050",303.53436580516
"03100205_67200000_PONDS_DRAINAGE_DITCH",2100,3450300,"PONDS DRAINAGE DITCH","03100205","67200000","DITCH","tbcmp_AM_LA_IntHigh_2050","AM","LA","IntHigh","2050",3410.3507842572
"03100205_67200000_PONDS_DRAINAGE_DITCH",2200,4001,"PONDS DRAINAGE DITCH","03100205","67200000","DITCH","tbcmp_AM_LA_IntHigh_2050","AM","LA","IntHigh","2050",3.954674517524
"03100205_67200000_PONDS_DRAINAGE_DITCH",2400,41324,"PONDS DRAINAGE DITCH","03100205","67200000","DITCH","tbcmp_AM_LA_IntHigh_2050","AM","LA","IntHigh","2050",40.845531057776
"03100205_67200000_PONDS_DRAINAGE_DITCH",3200,519450,"PONDS DRAINAGE DITCH","03100205","67200000","DITCH","tbcmp_AM_LA_IntHigh_2050","AM","LA","IntHigh","2050",513.4355606418
"03100205_67200000_PONDS_DRAINAGE_DITCH",4100,1019861,"PONDS DRAINAGE DITCH","03100205","67200000","DITCH","tbcmp_AM_LA_IntHigh_2050","AM","LA","IntHigh","2050",1008.05256388816
"03100205_67200000_PONDS_DRAINAGE_DITCH",4400,32959,"PONDS DRAINAGE DITCH","03100205","67200000","DITCH","tbcmp_AM_LA_IntHigh_2050","AM","LA","IntHigh","2050",32.577385009516
"03100205_67200000_PONDS_DRAINAGE_DITCH",5200,91201,"PONDS DRAINAGE DITCH","03100205","67200000","DITCH","tbcmp_AM_LA_IntHigh_2050","AM","LA","IntHigh","2050",90.145031410324
"03100205_67200000_PONDS_DRAINAGE_DITCH",6110,183589,"PONDS DRAINAGE DITCH","03100205","67200000","DITCH","tbcmp_AM_LA_IntHigh_2050","AM","LA","IntHigh","2050",181.463319169636
"03100205_67200000_PONDS_DRAINAGE_DITCH",6410,3434264,"PONDS DRAINAGE DITCH","03100205","67200000","DITCH","tbcmp_AM_LA_IntHigh_2050","AM","LA","IntHigh","2050",3394.50045669834
"03100205_67220000_DRAIN",1100,38649,"DRAIN","03100205","67220000","DRAIN","tbcmp_AM_LA_IntHigh_2050","AM","LA","IntHigh","2050",38.201503481076
"03100205_67220000_DRAIN",1200,256943,"DRAIN","03100205","67220000","DRAIN","tbcmp_AM_LA_IntHigh_2050","AM","LA","IntHigh","2050",253.967991641132
"03100205_67220000_DRAIN",1820,31757,"DRAIN","03100205","67220000","DRAIN","tbcmp_AM_LA_IntHigh_2050","AM","LA","IntHigh","2050",31.389302337668
"03100205_67220000_DRAIN",1900,74714,"DRAIN","03100205","67220000","DRAIN","tbcmp_AM_LA_IntHigh_2050","AM","LA","IntHigh","2050",73.848925744136
"03100205_67220000_DRAIN",2100,1440834,"DRAIN","03100205","67220000","DRAIN","tbcmp_AM_LA_IntHigh_2050","AM","LA","IntHigh","2050",1424.15133811102
"03100205_67220000_DRAIN",2400,2976,"DRAIN","03100205","67220000","DRAIN","tbcmp_AM_LA_IntHigh_2050","AM","LA","IntHigh","2050",2.941542455424
"03100205_67220000_DRAIN",3200,26206,"DRAIN","03100205","67220000","DRAIN","tbcmp_AM_LA_IntHigh_2050","AM","LA","IntHigh","2050",25.902574457944
"03100205_67220000_DRAIN",4100,283714,"DRAIN","03100205","67220000","DRAIN","tbcmp_AM_LA_IntHigh_2050","AM","LA","IntHigh","2050",280.429024260136
"03100205_67220000_DRAIN",5200,28738,"DRAIN","03100205","67220000","DRAIN","tbcmp_AM_LA_IntHigh_2050","AM","LA","IntHigh","2050",28.405257756712
"03100205_67220000_DRAIN",6110,327120,"DRAIN","03100205","67220000","DRAIN","tbcmp_AM_LA_IntHigh_2050","AM","LA","IntHigh","2050",323.33244893088
"03100205_67220000_DRAIN",6410,295096,"DRAIN","03100205","67220000","DRAIN","tbcmp_AM_LA_IntHigh_2050","AM","LA","IntHigh","2050",291.679238046304
"03100205_67290000_DRAIN",1100,316068,"DRAIN","03100205","67290000","DRAIN","tbcmp_AM_LA_IntHigh_2050","AM","LA","IntHigh","2050",312.408414247632
"03100205_67290000_DRAIN",1200,79489,"DRAIN","03100205","67290000","DRAIN","tbcmp_AM_LA_IntHigh_2050","AM","LA","IntHigh","2050",78.568638521236
"03100205_67290000_DRAIN",1800,19904,"DRAIN","03100205","67290000","DRAIN","tbcmp_AM_LA_IntHigh_2050","AM","LA","IntHigh","2050",19.673542013696
"03100205_67290000_DRAIN",1900,90831,"DRAIN","03100205","67290000","DRAIN","tbcmp_AM_LA_IntHigh_2050","AM","LA","IntHigh","2050",89.779315446444
"03100205_67290000_DRAIN",2100,544470,"DRAIN","03100205","67290000","DRAIN","tbcmp_AM_LA_IntHigh_2050","AM","LA","IntHigh","2050",538.16586717228
"03100205_67290000_DRAIN",3200,28288,"DRAIN","03100205","67290000","DRAIN","tbcmp_AM_LA_IntHigh_2050","AM","LA","IntHigh","2050",27.960468070912
"03100205_67290000_DRAIN",4100,173163,"DRAIN","03100205","67290000","DRAIN","tbcmp_AM_LA_IntHigh_2050","AM","LA","IntHigh","2050",171.158036360412
"03100205_67290000_DRAIN",4400,128273,"DRAIN","03100205","67290000","DRAIN","tbcmp_AM_LA_IntHigh_2050","AM","LA","IntHigh","2050",126.787794148052
"03100205_67290000_DRAIN",5200,51048,"DRAIN","03100205","67290000","DRAIN","tbcmp_AM_LA_IntHigh_2050","AM","LA","IntHigh","2050",50.456941957152
"03100205_67290000_DRAIN",6110,138875,"DRAIN","03100205","67290000","DRAIN","tbcmp_AM_LA_IntHigh_2050","AM","LA","IntHigh","2050",137.2670391455
"03100205_67290000_DRAIN",6410,716639,"DRAIN","03100205","67290000","DRAIN","tbcmp_AM_LA_IntHigh_2050","AM","LA","IntHigh","2050",708.341412537836
"03100205_67310000_DRAIN",1100,113439,"DRAIN","03100205","67310000","DRAIN","tbcmp_AM_LA_IntHigh_2050","AM","LA","IntHigh","2050",112.125549261036
"03100205_67310000_DRAIN",1200,128254,"DRAIN","03100205","67310000","DRAIN","tbcmp_AM_LA_IntHigh_2050","AM","LA","IntHigh","2050",126.769014139096
"03100205_67310000_DRAIN",1820,1676,"DRAIN","03100205","67310000","DRAIN","tbcmp_AM_LA_IntHigh_2050","AM","LA","IntHigh","2050",1.656594474224
"03100205_67310000_DRAIN",1900,115247,"DRAIN","03100205","67310000","DRAIN","tbcmp_AM_LA_IntHigh_2050","AM","LA","IntHigh","2050",113.912615376428
"03100205_67310000_DRAIN",2100,207630,"DRAIN","03100205","67310000","DRAIN","tbcmp_AM_LA_IntHigh_2050","AM","LA","IntHigh","2050",205.22596102812
"03100205_67310000_DRAIN",3200,1449,"DRAIN","03100205","67310000","DRAIN","tbcmp_AM_LA_IntHigh_2050","AM","LA","IntHigh","2050",1.432222788276
"03100205_67310000_DRAIN",4100,46812,"DRAIN","03100205","67310000","DRAIN","tbcmp_AM_LA_IntHigh_2050","AM","LA","IntHigh","2050",46.269988381488
"03100205_67310000_DRAIN",5200,47451,"DRAIN","03100205","67310000","DRAIN","tbcmp_AM_LA_IntHigh_2050","AM","LA","IntHigh","2050",46.901589735324
"03100205_67310000_DRAIN",6110,72714,"DRAIN","03100205","67310000","DRAIN","tbcmp_AM_LA_IntHigh_2050","AM","LA","IntHigh","2050",71.872082696136
"03100205_67310000_DRAIN",6410,172540,"DRAIN","03100205","67310000","DRAIN","tbcmp_AM_LA_IntHigh_2050","AM","LA","IntHigh","2050",170.54224975096
"03100205_67440000_SLOUGH",1100,2661691,"SLOUGH","03100205","67440000","SLOUGH","tbcmp_AM_LA_IntHigh_2050","AM","LA","IntHigh","2050",2630.87267463708
"03100205_67440000_SLOUGH",1200,1703718,"SLOUGH","03100205","67440000","SLOUGH","tbcmp_AM_LA_IntHigh_2050","AM","LA","IntHigh","2050",1683.99154202623
"03100205_67440000_SLOUGH",1800,65068,"SLOUGH","03100205","67440000","SLOUGH","tbcmp_AM_LA_IntHigh_2050","AM","LA","IntHigh","2050",64.314611723632
"03100205_67440000_SLOUGH",1820,132081,"SLOUGH","03100205","67440000","SLOUGH","tbcmp_AM_LA_IntHigh_2050","AM","LA","IntHigh","2050",130.551703311444
"03100205_67440000_SLOUGH",1900,398161,"SLOUGH","03100205","67440000","SLOUGH","tbcmp_AM_LA_IntHigh_2050","AM","LA","IntHigh","2050",393.550902417364
"03100205_67440000_SLOUGH",2100,2076868,"SLOUGH","03100205","67440000","SLOUGH","tbcmp_AM_LA_IntHigh_2050","AM","LA","IntHigh","2050",2052.82103370683
"03100205_67440000_SLOUGH",2200,4418,"SLOUGH","03100205","67440000","SLOUGH","tbcmp_AM_LA_IntHigh_2050","AM","LA","IntHigh","2050",4.366846293032
"03100205_67440000_SLOUGH",2400,6685,"SLOUGH","03100205","67440000","SLOUGH","tbcmp_AM_LA_IntHigh_2050","AM","LA","IntHigh","2050",6.60759788794
"03100205_67440000_SLOUGH",3200,363985,"SLOUGH","03100205","67440000","SLOUGH","tbcmp_AM_LA_IntHigh_2050","AM","LA","IntHigh","2050",359.77060841314
"03100205_67440000_SLOUGH",4100,892750,"SLOUGH","03100205","67440000","SLOUGH","tbcmp_AM_LA_IntHigh_2050","AM","LA","IntHigh","2050",882.413315551
"03100205_67440000_SLOUGH",4400,345723,"SLOUGH","03100205","67440000","SLOUGH","tbcmp_AM_LA_IntHigh_2050","AM","LA","IntHigh","2050",341.720054541852
"03100205_67440000_SLOUGH",5200,326708,"SLOUGH","03100205","67440000","SLOUGH","tbcmp_AM_LA_IntHigh_2050","AM","LA","IntHigh","2050",322.925219262992
"03100205_67440000_SLOUGH",6110,3990182,"SLOUGH","03100205","67440000","SLOUGH","tbcmp_AM_LA_IntHigh_2050","AM","LA","IntHigh","2050",3943.98177347737
"03100205_67440000_SLOUGH",6410,1175486,"SLOUGH","03100205","67440000","SLOUGH","tbcmp_AM_LA_IntHigh_2050","AM","LA","IntHigh","2050",1161.87566356066
"03100205_67449000_DRAIN",1100,1026028,"DRAIN","03100205","67449000","DRAIN","tbcmp_AM_LA_IntHigh_2050","AM","LA","IntHigh","2050",1014.14815942667
"03100205_67449000_DRAIN",1200,1270537,"DRAIN","03100205","67449000","DRAIN","tbcmp_AM_LA_IntHigh_2050","AM","LA","IntHigh","2050",1255.82611783839
"03100205_67449000_DRAIN",1800,47743,"DRAIN","03100205","67449000","DRAIN","tbcmp_AM_LA_IntHigh_2050","AM","LA","IntHigh","2050",47.190208820332
"03100205_67449000_DRAIN",1900,196050,"DRAIN","03100205","67449000","DRAIN","tbcmp_AM_LA_IntHigh_2050","AM","LA","IntHigh","2050",193.7800397802
"03100205_67449000_DRAIN",2100,303407,"DRAIN","03100205","67449000","DRAIN","tbcmp_AM_LA_IntHigh_2050","AM","LA","IntHigh","2050",299.894009332268
"03100205_67449000_DRAIN",3200,28222,"DRAIN","03100205","67449000","DRAIN","tbcmp_AM_LA_IntHigh_2050","AM","LA","IntHigh","2050",27.895232250328
"03100205_67449000_DRAIN",4100,257597,"DRAIN","03100205","67449000","DRAIN","tbcmp_AM_LA_IntHigh_2050","AM","LA","IntHigh","2050",254.614419317828
"03100205_67449000_DRAIN",4400,26953,"DRAIN","03100205","67449000","DRAIN","tbcmp_AM_LA_IntHigh_2050","AM","LA","IntHigh","2050",26.640925336372
"03100205_67449000_DRAIN",5200,127812,"DRAIN","03100205","67449000","DRAIN","tbcmp_AM_LA_IntHigh_2050","AM","LA","IntHigh","2050",126.332131825488
"03100205_67449000_DRAIN",6110,524666,"DRAIN","03100205","67449000","DRAIN","tbcmp_AM_LA_IntHigh_2050","AM","LA","IntHigh","2050",518.591167310984
"03100205_67449000_DRAIN",6410,152589,"DRAIN","03100205","67449000","DRAIN","tbcmp_AM_LA_IntHigh_2050","AM","LA","IntHigh","2050",150.822251925636
"03100205_67500000_BANJO_LAKE_OUTLET",1100,69884,"BANJO LAKE OUTLET","03100205","67500000","OUTLET","tbcmp_AM_LA_IntHigh_2050","AM","LA","IntHigh","2050",69.074849783216
"03100205_67500000_BANJO_LAKE_OUTLET",1200,361340,"BANJO LAKE OUTLET","03100205","67500000","OUTLET","tbcmp_AM_LA_IntHigh_2050","AM","LA","IntHigh","2050",357.15623348216
"03100205_67500000_BANJO_LAKE_OUTLET",1800,16527,"BANJO LAKE OUTLET","03100205","67500000","OUTLET","tbcmp_AM_LA_IntHigh_2050","AM","LA","IntHigh","2050",16.335642527148
"03100205_67500000_BANJO_LAKE_OUTLET",1900,11437,"BANJO LAKE OUTLET","03100205","67500000","OUTLET","tbcmp_AM_LA_IntHigh_2050","AM","LA","IntHigh","2050",11.304576969988
"03100205_67500000_BANJO_LAKE_OUTLET",2100,3971,"BANJO LAKE OUTLET","03100205","67500000","OUTLET","tbcmp_AM_LA_IntHigh_2050","AM","LA","IntHigh","2050",3.925021871804
"03100205_67500000_BANJO_LAKE_OUTLET",5200,51646,"BANJO LAKE OUTLET","03100205","67500000","OUTLET","tbcmp_AM_LA_IntHigh_2050","AM","LA","IntHigh","2050",51.048018028504
"03100205_67500000_BANJO_LAKE_OUTLET",6110,15618,"BANJO LAKE OUTLET","03100205","67500000","OUTLET","tbcmp_AM_LA_IntHigh_2050","AM","LA","IntHigh","2050",15.437167361832
"03100205_67500000_BANJO_LAKE_OUTLET",6410,22168,"BANJO LAKE OUTLET","03100205","67500000","OUTLET","tbcmp_AM_LA_IntHigh_2050","AM","LA","IntHigh","2050",21.911328344032
"03100205_67741000_SHERRYS_BROOK",1100,69306,"SHERRYS BROOK","03100205","67741000","STREAM","tbcmp_AM_LA_IntHigh_2050","AM","LA","IntHigh","2050",68.503542142344
"03100205_67741000_SHERRYS_BROOK",1200,330018,"SHERRYS BROOK","03100205","67741000","STREAM","tbcmp_AM_LA_IntHigh_2050","AM","LA","IntHigh","2050",326.196894507432
"03100205_67741000_SHERRYS_BROOK",1820,4028,"SHERRYS BROOK","03100205","67741000","STREAM","tbcmp_AM_LA_IntHigh_2050","AM","LA","IntHigh","2050",3.981361898672
"03100205_67741000_SHERRYS_BROOK",1900,19419,"SHERRYS BROOK","03100205","67741000","STREAM","tbcmp_AM_LA_IntHigh_2050","AM","LA","IntHigh","2050",19.194157574556
"03100205_67741000_SHERRYS_BROOK",2100,83221,"SHERRYS BROOK","03100205","67741000","STREAM","tbcmp_AM_LA_IntHigh_2050","AM","LA","IntHigh","2050",82.257427648804
"03100205_67741000_SHERRYS_BROOK",2200,4026,"SHERRYS BROOK","03100205","67741000","STREAM","tbcmp_AM_LA_IntHigh_2050","AM","LA","IntHigh","2050",3.979385055624
"03100205_67741000_SHERRYS_BROOK",4100,16038,"SHERRYS BROOK","03100205","67741000","STREAM","tbcmp_AM_LA_IntHigh_2050","AM","LA","IntHigh","2050",15.852304401912
"03100205_67741000_SHERRYS_BROOK",4400,12489,"SHERRYS BROOK","03100205","67741000","STREAM","tbcmp_AM_LA_IntHigh_2050","AM","LA","IntHigh","2050",12.344396413236
"03100205_67741000_SHERRYS_BROOK",5200,22342,"SHERRYS BROOK","03100205","67741000","STREAM","tbcmp_AM_LA_IntHigh_2050","AM","LA","IntHigh","2050",22.083313689208
"03100205_67741000_SHERRYS_BROOK",6110,5740,"SHERRYS BROOK","03100205","67741000","STREAM","tbcmp_AM_LA_IntHigh_2050","AM","LA","IntHigh","2050",5.67353954776
"03100205_67741000_SHERRYS_BROOK",6410,30135,"SHERRYS BROOK","03100205","67741000","STREAM","tbcmp_AM_LA_IntHigh_2050","AM","LA","IntHigh","2050",29.78608262574
"03100205_67830000_LAKE_HANNA_OUTLET",1100,816856,"LAKE HANNA OUTLET","03100205","67830000","OUTLET","tbcmp_AM_LA_IntHigh_2050","AM","LA","IntHigh","2050",807.398052408544
"03100205_67830000_LAKE_HANNA_OUTLET",1200,3647795,"LAKE HANNA OUTLET","03100205","67830000","OUTLET","tbcmp_AM_LA_IntHigh_2050","AM","LA","IntHigh","2050",3605.55909313958
"03100205_67830000_LAKE_HANNA_OUTLET",1800,54716,"LAKE HANNA OUTLET","03100205","67830000","OUTLET","tbcmp_AM_LA_IntHigh_2050","AM","LA","IntHigh","2050",54.082472107184
"03100205_67830000_LAKE_HANNA_OUTLET",1820,1699,"LAKE HANNA OUTLET","03100205","67830000","OUTLET","tbcmp_AM_LA_IntHigh_2050","AM","LA","IntHigh","2050",1.679328169276
"03100205_67830000_LAKE_HANNA_OUTLET",1900,205029,"LAKE HANNA OUTLET","03100205","67830000","OUTLET","tbcmp_AM_LA_IntHigh_2050","AM","LA","IntHigh","2050",202.655076644196
"03100205_67830000_LAKE_HANNA_OUTLET",2100,266876,"LAKE HANNA OUTLET","03100205","67830000","OUTLET","tbcmp_AM_LA_IntHigh_2050","AM","LA","IntHigh","2050",263.785982639024
"03100205_67830000_LAKE_HANNA_OUTLET",2200,18490,"LAKE HANNA OUTLET","03100205","67830000","OUTLET","tbcmp_AM_LA_IntHigh_2050","AM","LA","IntHigh","2050",18.27591397876
"03100205_67830000_LAKE_HANNA_OUTLET",2400,3099,"LAKE HANNA OUTLET","03100205","67830000","OUTLET","tbcmp_AM_LA_IntHigh_2050","AM","LA","IntHigh","2050",3.063118302876
"03100205_67830000_LAKE_HANNA_OUTLET",3200,39739,"LAKE HANNA OUTLET","03100205","67830000","OUTLET","tbcmp_AM_LA_IntHigh_2050","AM","LA","IntHigh","2050",39.278882942236
"03100205_67830000_LAKE_HANNA_OUTLET",4100,134972,"LAKE HANNA OUTLET","03100205","67830000","OUTLET","tbcmp_AM_LA_IntHigh_2050","AM","LA","IntHigh","2050",133.409229937328
"03100205_67830000_LAKE_HANNA_OUTLET",4400,227656,"LAKE HANNA OUTLET","03100205","67830000","OUTLET","tbcmp_AM_LA_IntHigh_2050","AM","LA","IntHigh","2050",225.020090467744
"03100205_67830000_LAKE_HANNA_OUTLET",5200,1327622,"LAKE HANNA OUTLET","03100205","67830000","OUTLET","tbcmp_AM_LA_IntHigh_2050","AM","LA","IntHigh","2050",1312.25016053593
"03100205_67830000_LAKE_HANNA_OUTLET",6110,896904,"LAKE HANNA OUTLET","03100205","67830000","OUTLET","tbcmp_AM_LA_IntHigh_2050","AM","LA","IntHigh","2050",886.519218561696
"03100205_67830000_LAKE_HANNA_OUTLET",6410,729444,"LAKE HANNA OUTLET","03100205","67830000","OUTLET","tbcmp_AM_LA_IntHigh_2050","AM","LA","IntHigh","2050",720.998150152656
"03100205_67900000_THIRTEEN_MILE_CREEK",1100,148613,"THIRTEEN MILE CREEK","03100205","67900000","STREAM","tbcmp_AM_LA_IntHigh_2050","AM","LA","IntHigh","2050",146.892287946212
"03100205_67900000_THIRTEEN_MILE_CREEK",1200,799017,"THIRTEEN MILE CREEK","03100205","67900000","STREAM","tbcmp_AM_LA_IntHigh_2050","AM","LA","IntHigh","2050",789.765600841908
"03100205_67900000_THIRTEEN_MILE_CREEK",1800,2660,"THIRTEEN MILE CREEK","03100205","67900000","STREAM","tbcmp_AM_LA_IntHigh_2050","AM","LA","IntHigh","2050",2.62920125384
"03100205_67900000_THIRTEEN_MILE_CREEK",1900,53314,"THIRTEEN MILE CREEK","03100205","67900000","STREAM","tbcmp_AM_LA_IntHigh_2050","AM","LA","IntHigh","2050",52.696705130536
"03100205_67900000_THIRTEEN_MILE_CREEK",2100,59507,"THIRTEEN MILE CREEK","03100205","67900000","STREAM","tbcmp_AM_LA_IntHigh_2050","AM","LA","IntHigh","2050",58.817999628668
"03100205_67900000_THIRTEEN_MILE_CREEK",2200,2323,"THIRTEEN MILE CREEK","03100205","67900000","STREAM","tbcmp_AM_LA_IntHigh_2050","AM","LA","IntHigh","2050",2.296103200252
"03100205_67900000_THIRTEEN_MILE_CREEK",4100,81069,"THIRTEEN MILE CREEK","03100205","67900000","STREAM","tbcmp_AM_LA_IntHigh_2050","AM","LA","IntHigh","2050",80.130344529156
"03100205_67900000_THIRTEEN_MILE_CREEK",4400,10857,"THIRTEEN MILE CREEK","03100205","67900000","STREAM","tbcmp_AM_LA_IntHigh_2050","AM","LA","IntHigh","2050",10.731292486068
"03100205_67900000_THIRTEEN_MILE_CREEK",5200,32183,"THIRTEEN MILE CREEK","03100205","67900000","STREAM","tbcmp_AM_LA_IntHigh_2050","AM","LA","IntHigh","2050",31.810369906892
"03100205_67900000_THIRTEEN_MILE_CREEK",6110,457756,"THIRTEEN MILE CREEK","03100205","67900000","STREAM","tbcmp_AM_LA_IntHigh_2050","AM","LA","IntHigh","2050",452.455883140144
"03100205_67900000_THIRTEEN_MILE_CREEK",6410,59137,"THIRTEEN MILE CREEK","03100205","67900000","STREAM","tbcmp_AM_LA_IntHigh_2050","AM","LA","IntHigh","2050",58.452283664788
"03100205_70000000_COW_HOUSE_CREEK",1100,45670,"COW HOUSE CREEK","03100205","70000000","STREAM","tbcmp_AM_LA_IntHigh_2050","AM","LA","IntHigh","2050",45.14121100108
"03100205_70000000_COW_HOUSE_CREEK",1200,362246,"COW HOUSE CREEK","03100205","70000000","STREAM","tbcmp_AM_LA_IntHigh_2050","AM","LA","IntHigh","2050",358.051743382904
"03100205_70000000_COW_HOUSE_CREEK",1800,2724,"COW HOUSE CREEK","03100205","70000000","STREAM","tbcmp_AM_LA_IntHigh_2050","AM","LA","IntHigh","2050",2.692460231376
"03100205_70000000_COW_HOUSE_CREEK",1900,89214,"COW HOUSE CREEK","03100205","70000000","STREAM","tbcmp_AM_LA_IntHigh_2050","AM","LA","IntHigh","2050",88.181037842136
"03100205_70000000_COW_HOUSE_CREEK",4100,118351,"COW HOUSE CREEK","03100205","70000000","STREAM","tbcmp_AM_LA_IntHigh_2050","AM","LA","IntHigh","2050",116.980675786924
"03100205_70000000_COW_HOUSE_CREEK",5200,16326,"COW HOUSE CREEK","03100205","70000000","STREAM","tbcmp_AM_LA_IntHigh_2050","AM","LA","IntHigh","2050",16.136969800824
"03100205_70000000_COW_HOUSE_CREEK",6110,226484,"COW HOUSE CREEK","03100205","70000000","STREAM","tbcmp_AM_LA_IntHigh_2050","AM","LA","IntHigh","2050",223.861660441616
"03100205_70000000_COW_HOUSE_CREEK",6410,21698,"COW HOUSE CREEK","03100205","70000000","STREAM","tbcmp_AM_LA_IntHigh_2050","AM","LA","IntHigh","2050",21.446770227752
"03100205_80000000_SULPHUR_SPRINGS",1200,923724,"SULPHUR SPRINGS","03100205","80000000","STREAM","tbcmp_AM_LA_IntHigh_2050","AM","LA","IntHigh","2050",913.028683835376
"03100205_80000000_SULPHUR_SPRINGS",1800,46852,"SULPHUR SPRINGS","03100205","80000000","STREAM","tbcmp_AM_LA_IntHigh_2050","AM","LA","IntHigh","2050",46.309525242448
"03100205_80000000_SULPHUR_SPRINGS",1900,8365,"SULPHUR SPRINGS","03100205","80000000","STREAM","tbcmp_AM_LA_IntHigh_2050","AM","LA","IntHigh","2050",8.26814604826
"03100205_80000000_SULPHUR_SPRINGS",4100,7941,"SULPHUR SPRINGS","03100205","80000000","STREAM","tbcmp_AM_LA_IntHigh_2050","AM","LA","IntHigh","2050",7.849055322084
"03100205_80000000_SULPHUR_SPRINGS",5200,359,"SULPHUR SPRINGS","03100205","80000000","STREAM","tbcmp_AM_LA_IntHigh_2050","AM","LA","IntHigh","2050",0.354843327116
"03100205_80000000_SULPHUR_SPRINGS",5400,499,"SULPHUR SPRINGS","03100205","80000000","STREAM","tbcmp_AM_LA_IntHigh_2050","AM","LA","IntHigh","2050",0.493222340476
"03100205_80000000_SULPHUR_SPRINGS",6410,3869,"SULPHUR SPRINGS","03100205","80000000","STREAM","tbcmp_AM_LA_IntHigh_2050","AM","LA","IntHigh","2050",3.824202876356
"03100205_80000000_SULPHUR_SPRINGS",6420,28,"SULPHUR SPRINGS","03100205","80000000","STREAM","tbcmp_AM_LA_IntHigh_2050","AM","LA","IntHigh","2050",0.027675802672
"03100205_80000000_SULPHUR_SPRINGS",6425,60,"SULPHUR SPRINGS","03100205","80000000","STREAM","tbcmp_AM_LA_IntHigh_2050","AM","LA","IntHigh","2050",0.05930529144
"03100205_80000000_SULPHUR_SPRINGS",6510,44,"SULPHUR SPRINGS","03100205","80000000","STREAM","tbcmp_AM_LA_IntHigh_2050","AM","LA","IntHigh","2050",0.043490547056
"03100205_80000000_SULPHUR_SPRINGS",6600,61,"SULPHUR SPRINGS","03100205","80000000","STREAM","tbcmp_AM_LA_IntHigh_2050","AM","LA","IntHigh","2050",0.060293712964
"03100205_80000000_SULPHUR_SPRINGS",9113,79,"SULPHUR SPRINGS","03100205","80000000","STREAM","tbcmp_AM_LA_IntHigh_2050","AM","LA","IntHigh","2050",0.078085300396
"03100205_80800000_CURIOSITY_CREEK",1100,6040,"CURIOSITY CREEK","03100205","80800000","STREAM","tbcmp_AM_LA_IntHigh_2050","AM","LA","IntHigh","2050",5.97006600496
"03100205_80800000_CURIOSITY_CREEK",1200,2862057,"CURIOSITY CREEK","03100205","80800000","STREAM","tbcmp_AM_LA_IntHigh_2050","AM","LA","IntHigh","2050",2828.91874171487
"03100205_80800000_CURIOSITY_CREEK",1800,2971,"CURIOSITY CREEK","03100205","80800000","STREAM","tbcmp_AM_LA_IntHigh_2050","AM","LA","IntHigh","2050",2.936600347804
"03100205_80800000_CURIOSITY_CREEK",1820,122183,"CURIOSITY CREEK","03100205","80800000","STREAM","tbcmp_AM_LA_IntHigh_2050","AM","LA","IntHigh","2050",120.768307066892
"03100205_80800000_CURIOSITY_CREEK",1900,49203,"CURIOSITY CREEK","03100205","80800000","STREAM","tbcmp_AM_LA_IntHigh_2050","AM","LA","IntHigh","2050",48.633304245372
"03100205_80800000_CURIOSITY_CREEK",4100,98978,"CURIOSITY CREEK","03100205","80800000","STREAM","tbcmp_AM_LA_IntHigh_2050","AM","LA","IntHigh","2050",97.831985602472
"03100205_80800000_CURIOSITY_CREEK",5200,141460,"CURIOSITY CREEK","03100205","80800000","STREAM","tbcmp_AM_LA_IntHigh_2050","AM","LA","IntHigh","2050",139.82210878504
"03100205_80800000_CURIOSITY_CREEK",6110,5965,"CURIOSITY CREEK","03100205","80800000","STREAM","tbcmp_AM_LA_IntHigh_2050","AM","LA","IntHigh","2050",5.89593439066
"03100205_80800000_CURIOSITY_CREEK",6410,86300,"CURIOSITY CREEK","03100205","80800000","STREAM","tbcmp_AM_LA_IntHigh_2050","AM","LA","IntHigh","2050",85.3007775212
"03100205_83000000_TWIN_LAKE_OUTLET",1100,2091,"TWIN LAKE OUTLET","03100205","83000000","OUTLET","tbcmp_AM_LA_IntHigh_2050","AM","LA","IntHigh","2050",2.066789406684
"03100205_83000000_TWIN_LAKE_OUTLET",1200,1550119,"TWIN LAKE OUTLET","03100205","83000000","OUTLET","tbcmp_AM_LA_IntHigh_2050","AM","LA","IntHigh","2050",1532.17098436136
"03100205_83000000_TWIN_LAKE_OUTLET",1800,30848,"TWIN LAKE OUTLET","03100205","83000000","OUTLET","tbcmp_AM_LA_IntHigh_2050","AM","LA","IntHigh","2050",30.490827172352
"03100205_83000000_TWIN_LAKE_OUTLET",1820,409,"TWIN LAKE OUTLET","03100205","83000000","OUTLET","tbcmp_AM_LA_IntHigh_2050","AM","LA","IntHigh","2050",0.404264403316
"03100205_83000000_TWIN_LAKE_OUTLET",5200,60101,"TWIN LAKE OUTLET","03100205","83000000","OUTLET","tbcmp_AM_LA_IntHigh_2050","AM","LA","IntHigh","2050",59.405122013924
"03100205_83000000_TWIN_LAKE_OUTLET",6110,1167,"TWIN LAKE OUTLET","03100205","83000000","OUTLET","tbcmp_AM_LA_IntHigh_2050","AM","LA","IntHigh","2050",1.153487918508
"03100205_83000000_TWIN_LAKE_OUTLET",6410,24482,"TWIN LAKE OUTLET","03100205","83000000","OUTLET","tbcmp_AM_LA_IntHigh_2050","AM","LA","IntHigh","2050",24.198535750568
"03100205_99000000_HILLSBOROUGH_RIVER",1100,4161242,"HILLSBOROUGH RIVER","03100205","99000000","STREAM","tbcmp_AM_LA_IntHigh_2050","AM","LA","IntHigh","2050",4113.06115937281
"03100205_99000000_HILLSBOROUGH_RIVER",1200,29550007,"HILLSBOROUGH RIVER","03100205","99000000","STREAM","tbcmp_AM_LA_IntHigh_2050","AM","LA","IntHigh","2050",29207.8629531507
"03100205_99000000_HILLSBOROUGH_RIVER",1800,1111069,"HILLSBOROUGH RIVER","03100205","99000000","STREAM","tbcmp_AM_LA_IntHigh_2050","AM","LA","IntHigh","2050",1098.20451424916
"03100205_99000000_HILLSBOROUGH_RIVER",1820,430638,"HILLSBOROUGH RIVER","03100205","99000000","STREAM","tbcmp_AM_LA_IntHigh_2050","AM","LA","IntHigh","2050",425.651868252312
"03100205_99000000_HILLSBOROUGH_RIVER",1900,2122993,"HILLSBOROUGH RIVER","03100205","99000000","STREAM","tbcmp_AM_LA_IntHigh_2050","AM","LA","IntHigh","2050",2098.41197650133
"03100205_99000000_HILLSBOROUGH_RIVER",2100,3917079,"HILLSBOROUGH RIVER","03100205","99000000","STREAM","tbcmp_AM_LA_IntHigh_2050","AM","LA","IntHigh","2050",3871.7251948084
"03100205_99000000_HILLSBOROUGH_RIVER",2200,43972,"HILLSBOROUGH RIVER","03100205","99000000","STREAM","tbcmp_AM_LA_IntHigh_2050","AM","LA","IntHigh","2050",43.462871253328
"03100205_99000000_HILLSBOROUGH_RIVER",2400,25731,"HILLSBOROUGH RIVER","03100205","99000000","STREAM","tbcmp_AM_LA_IntHigh_2050","AM","LA","IntHigh","2050",25.433074234044
"03100205_99000000_HILLSBOROUGH_RIVER",3200,2943860,"HILLSBOROUGH RIVER","03100205","99000000","STREAM","tbcmp_AM_LA_IntHigh_2050","AM","LA","IntHigh","2050",2909.77458764264
"03100205_99000000_HILLSBOROUGH_RIVER",4100,6630443,"HILLSBOROUGH RIVER","03100205","99000000","STREAM","tbcmp_AM_LA_IntHigh_2050","AM","LA","IntHigh","2050",6553.67257485513
"03100205_99000000_HILLSBOROUGH_RIVER",4400,915280,"HILLSBOROUGH RIVER","03100205","99000000","STREAM","tbcmp_AM_LA_IntHigh_2050","AM","LA","IntHigh","2050",904.68245248672
"03100205_99000000_HILLSBOROUGH_RIVER",5200,1716273,"HILLSBOROUGH RIVER","03100205","99000000","STREAM","tbcmp_AM_LA_IntHigh_2050","AM","LA","IntHigh","2050",1696.40117426005
"03100205_99000000_HILLSBOROUGH_RIVER",5400,273206,"HILLSBOROUGH RIVER","03100205","99000000","STREAM","tbcmp_AM_LA_IntHigh_2050","AM","LA","IntHigh","2050",270.042690885944
"03100205_99000000_HILLSBOROUGH_RIVER",6110,20031293,"HILLSBOROUGH RIVER","03100205","99000000","STREAM","tbcmp_AM_LA_IntHigh_2050","AM","LA","IntHigh","2050",19799.3611547505
"03100205_99000000_HILLSBOROUGH_RIVER",6410,1966690,"HILLSBOROUGH RIVER","03100205","99000000","STREAM","tbcmp_AM_LA_IntHigh_2050","AM","LA","IntHigh","2050",1943.91872703556
"03100205_99000000_HILLSBOROUGH_RIVER",6420,782,"HILLSBOROUGH RIVER","03100205","99000000","STREAM","tbcmp_AM_LA_IntHigh_2050","AM","LA","IntHigh","2050",0.772945631768
"03100205_99000000_HILLSBOROUGH_RIVER",6425,2214,"HILLSBOROUGH RIVER","03100205","99000000","STREAM","tbcmp_AM_LA_IntHigh_2050","AM","LA","IntHigh","2050",2.188365254136
"03100205_99000000_HILLSBOROUGH_RIVER",6510,1779,"HILLSBOROUGH RIVER","03100205","99000000","STREAM","tbcmp_AM_LA_IntHigh_2050","AM","LA","IntHigh","2050",1.758401891196
"03100205_99000000_HILLSBOROUGH_RIVER",6600,3916,"HILLSBOROUGH RIVER","03100205","99000000","STREAM","tbcmp_AM_LA_IntHigh_2050","AM","LA","IntHigh","2050",3.870658687984
"03100205_99000000_HILLSBOROUGH_RIVER",9113,7305,"HILLSBOROUGH RIVER","03100205","99000000","STREAM","tbcmp_AM_LA_IntHigh_2050","AM","LA","IntHigh","2050",7.22041923282
"03100206_02503000_BUFFALO_CREEK",1100,419649,"BUFFALO CREEK","03100206","02503000","STREAM","tbcmp_AM_LA_IntHigh_2050","AM","LA","IntHigh","2050",414.790104125076
"03100206_02503000_BUFFALO_CREEK",1200,1942578,"BUFFALO CREEK","03100206","02503000","STREAM","tbcmp_AM_LA_IntHigh_2050","AM","LA","IntHigh","2050",1920.08590724887
"03100206_02503000_BUFFALO_CREEK",1800,31349,"BUFFALO CREEK","03100206","02503000","STREAM","tbcmp_AM_LA_IntHigh_2050","AM","LA","IntHigh","2050",30.986026355876
"03100206_02503000_BUFFALO_CREEK",1820,200672,"BUFFALO CREEK","03100206","02503000","STREAM","tbcmp_AM_LA_IntHigh_2050","AM","LA","IntHigh","2050",198.348524064128
"03100206_02503000_BUFFALO_CREEK",1900,1102441,"BUFFALO CREEK","03100206","02503000","STREAM","tbcmp_AM_LA_IntHigh_2050","AM","LA","IntHigh","2050",1089.67641334008
"03100206_02503000_BUFFALO_CREEK",2100,840034,"BUFFALO CREEK","03100206","02503000","STREAM","tbcmp_AM_LA_IntHigh_2050","AM","LA","IntHigh","2050",830.307686491816
"03100206_02503000_BUFFALO_CREEK",2200,241479,"BUFFALO CREEK","03100206","02503000","STREAM","tbcmp_AM_LA_IntHigh_2050","AM","LA","IntHigh","2050",238.683041193996
"03100206_02503000_BUFFALO_CREEK",2400,6426,"BUFFALO CREEK","03100206","02503000","STREAM","tbcmp_AM_LA_IntHigh_2050","AM","LA","IntHigh","2050",6.351596713224
"03100206_02503000_BUFFALO_CREEK",3200,22158,"BUFFALO CREEK","03100206","02503000","STREAM","tbcmp_AM_LA_IntHigh_2050","AM","LA","IntHigh","2050",21.901444128792
"03100206_02503000_BUFFALO_CREEK",4100,273108,"BUFFALO CREEK","03100206","02503000","STREAM","tbcmp_AM_LA_IntHigh_2050","AM","LA","IntHigh","2050",269.945825576592
"03100206_02503000_BUFFALO_CREEK",5200,590950,"BUFFALO CREEK","03100206","02503000","STREAM","tbcmp_AM_LA_IntHigh_2050","AM","LA","IntHigh","2050",584.1076996078
"03100206_02503000_BUFFALO_CREEK",6110,668445,"BUFFALO CREEK","03100206","02503000","STREAM","tbcmp_AM_LA_IntHigh_2050","AM","LA","IntHigh","2050",660.70542561018
"03100206_02503000_BUFFALO_CREEK",6410,331335,"BUFFALO CREEK","03100206","02503000","STREAM","tbcmp_AM_LA_IntHigh_2050","AM","LA","IntHigh","2050",327.49864565454
"03100206_02507000_CABBAGE_SLOUGH",1100,149591,"CABBAGE SLOUGH","03100206","02507000","DITCH","tbcmp_AM_LA_IntHigh_2050","AM","LA","IntHigh","2050",147.858964196684
"03100206_02507000_CABBAGE_SLOUGH",1200,867636,"CABBAGE SLOUGH","03100206","02507000","DITCH","tbcmp_AM_LA_IntHigh_2050","AM","LA","IntHigh","2050",857.590097397264
"03100206_02507000_CABBAGE_SLOUGH",1800,15883,"CABBAGE SLOUGH","03100206","02507000","DITCH","tbcmp_AM_LA_IntHigh_2050","AM","LA","IntHigh","2050",15.699099065692
"03100206_02507000_CABBAGE_SLOUGH",1820,74559,"CABBAGE SLOUGH","03100206","02507000","DITCH","tbcmp_AM_LA_IntHigh_2050","AM","LA","IntHigh","2050",73.695720407916
"03100206_02507000_CABBAGE_SLOUGH",1900,489320,"CABBAGE SLOUGH","03100206","02507000","DITCH","tbcmp_AM_LA_IntHigh_2050","AM","LA","IntHigh","2050",483.65442012368
"03100206_02507000_CABBAGE_SLOUGH",2100,423137,"CABBAGE SLOUGH","03100206","02507000","DITCH","tbcmp_AM_LA_IntHigh_2050","AM","LA","IntHigh","2050",418.237718400788
"03100206_02507000_CABBAGE_SLOUGH",2400,51811,"CABBAGE SLOUGH","03100206","02507000","DITCH","tbcmp_AM_LA_IntHigh_2050","AM","LA","IntHigh","2050",51.211107579964
"03100206_02507000_CABBAGE_SLOUGH",3200,9425,"CABBAGE SLOUGH","03100206","02507000","DITCH","tbcmp_AM_LA_IntHigh_2050","AM","LA","IntHigh","2050",9.3158728637
"03100206_02507000_CABBAGE_SLOUGH",4100,82409,"CABBAGE SLOUGH","03100206","02507000","DITCH","tbcmp_AM_LA_IntHigh_2050","AM","LA","IntHigh","2050",81.454829371316
"03100206_02507000_CABBAGE_SLOUGH",5200,253344,"CABBAGE SLOUGH","03100206","02507000","DITCH","tbcmp_AM_LA_IntHigh_2050","AM","LA","IntHigh","2050",250.410662576256
"03100206_02507000_CABBAGE_SLOUGH",6110,228459,"CABBAGE SLOUGH","03100206","02507000","DITCH","tbcmp_AM_LA_IntHigh_2050","AM","LA","IntHigh","2050",225.813792951516
"03100206_02507000_CABBAGE_SLOUGH",6410,95528,"CABBAGE SLOUGH","03100206","02507000","DITCH","tbcmp_AM_LA_IntHigh_2050","AM","LA","IntHigh","2050",94.421931344672
"03100206_02507000_CABBAGE_SLOUGH",6600,5,"CABBAGE SLOUGH","03100206","02507000","DITCH","tbcmp_AM_LA_IntHigh_2050","AM","LA","IntHigh","2050",0.00494210762
"03100206_02509900_FROG_CREEK",0,346,"FROG CREEK","03100206","02509900","STREAM","tbcmp_AM_LA_IntHigh_2050","AM","LA","IntHigh","2050",0.341993847304
"03100206_02509900_FROG_CREEK",1100,472202,"FROG CREEK","03100206","02509900","STREAM","tbcmp_AM_LA_IntHigh_2050","AM","LA","IntHigh","2050",466.734620475848
"03100206_02509900_FROG_CREEK",1200,1081742,"FROG CREEK","03100206","02509900","STREAM","tbcmp_AM_LA_IntHigh_2050","AM","LA","IntHigh","2050",1069.21707621481
"03100206_02509900_FROG_CREEK",1800,72980,"FROG CREEK","03100206","02509900","STREAM","tbcmp_AM_LA_IntHigh_2050","AM","LA","IntHigh","2050",72.13500282152
"03100206_02509900_FROG_CREEK",1820,8517,"FROG CREEK","03100206","02509900","STREAM","tbcmp_AM_LA_IntHigh_2050","AM","LA","IntHigh","2050",8.418386119908
"03100206_02509900_FROG_CREEK",1900,317831,"FROG CREEK","03100206","02509900","STREAM","tbcmp_AM_LA_IntHigh_2050","AM","LA","IntHigh","2050",314.151001394444
"03100206_02509900_FROG_CREEK",2100,97228,"FROG CREEK","03100206","02509900","STREAM","tbcmp_AM_LA_IntHigh_2050","AM","LA","IntHigh","2050",96.102247935472
"03100206_02509900_FROG_CREEK",2400,18890,"FROG CREEK","03100206","02509900","STREAM","tbcmp_AM_LA_IntHigh_2050","AM","LA","IntHigh","2050",18.67128258836
"03100206_02509900_FROG_CREEK",3200,88167,"FROG CREEK","03100206","02509900","STREAM","tbcmp_AM_LA_IntHigh_2050","AM","LA","IntHigh","2050",87.146160506508
"03100206_02509900_FROG_CREEK",4100,147355,"FROG CREEK","03100206","02509900","STREAM","tbcmp_AM_LA_IntHigh_2050","AM","LA","IntHigh","2050",145.64885366902
"03100206_02509900_FROG_CREEK",5200,145604,"FROG CREEK","03100206","02509900","STREAM","tbcmp_AM_LA_IntHigh_2050","AM","LA","IntHigh","2050",143.918127580496
"03100206_02509900_FROG_CREEK",5400,83624,"FROG CREEK","03100206","02509900","STREAM","tbcmp_AM_LA_IntHigh_2050","AM","LA","IntHigh","2050",82.655761522976
"03100206_02509900_FROG_CREEK",6110,255430,"FROG CREEK","03100206","02509900","STREAM","tbcmp_AM_LA_IntHigh_2050","AM","LA","IntHigh","2050",252.47250987532
"03100206_02509900_FROG_CREEK",6120,45755,"FROG CREEK","03100206","02509900","STREAM","tbcmp_AM_LA_IntHigh_2050","AM","LA","IntHigh","2050",45.22522683062
"03100206_02509900_FROG_CREEK",6410,68946,"FROG CREEK","03100206","02509900","STREAM","tbcmp_AM_LA_IntHigh_2050","AM","LA","IntHigh","2050",68.147710393704
"03100206_02509900_FROG_CREEK",6420,18359,"FROG CREEK","03100206","02509900","STREAM","tbcmp_AM_LA_IntHigh_2050","AM","LA","IntHigh","2050",18.146430759116
"03100206_02509900_FROG_CREEK",6425,115909,"FROG CREEK","03100206","02509900","STREAM","tbcmp_AM_LA_IntHigh_2050","AM","LA","IntHigh","2050",114.566950425316
"03100206_02509900_FROG_CREEK",6510,26948,"FROG CREEK","03100206","02509900","STREAM","tbcmp_AM_LA_IntHigh_2050","AM","LA","IntHigh","2050",26.635983228752
"03100206_02509900_FROG_CREEK",6600,67655,"FROG CREEK","03100206","02509900","STREAM","tbcmp_AM_LA_IntHigh_2050","AM","LA","IntHigh","2050",66.87165820622
"03100206_02509900_FROG_CREEK",9113,18800,"FROG CREEK","03100206","02509900","STREAM","tbcmp_AM_LA_IntHigh_2050","AM","LA","IntHigh","2050",18.5823246512
"03100206_02550000_MCMULLIN_CREEK",1100,247640,"MCMULLIN CREEK","03100206","02550000","STREAM","tbcmp_AM_LA_IntHigh_2050","AM","LA","IntHigh","2050",244.77270620336
"03100206_02550000_MCMULLIN_CREEK",1200,918416,"MCMULLIN CREEK","03100206","02550000","STREAM","tbcmp_AM_LA_IntHigh_2050","AM","LA","IntHigh","2050",907.782142385984
"03100206_02550000_MCMULLIN_CREEK",1900,211840,"MCMULLIN CREEK","03100206","02550000","STREAM","tbcmp_AM_LA_IntHigh_2050","AM","LA","IntHigh","2050",209.38721564416
"03100206_02550000_MCMULLIN_CREEK",2100,128912,"MCMULLIN CREEK","03100206","02550000","STREAM","tbcmp_AM_LA_IntHigh_2050","AM","LA","IntHigh","2050",127.419395501888
"03100206_02550000_MCMULLIN_CREEK",2400,18865,"MCMULLIN CREEK","03100206","02550000","STREAM","tbcmp_AM_LA_IntHigh_2050","AM","LA","IntHigh","2050",18.64657205026
"03100206_02550000_MCMULLIN_CREEK",4100,79589,"MCMULLIN CREEK","03100206","02550000","STREAM","tbcmp_AM_LA_IntHigh_2050","AM","LA","IntHigh","2050",78.667480673636
"03100206_02550000_MCMULLIN_CREEK",5200,112886,"MCMULLIN CREEK","03100206","02550000","STREAM","tbcmp_AM_LA_IntHigh_2050","AM","LA","IntHigh","2050",111.578952158264
"03100206_02550000_MCMULLIN_CREEK",5400,11300,"MCMULLIN CREEK","03100206","02550000","STREAM","tbcmp_AM_LA_IntHigh_2050","AM","LA","IntHigh","2050",11.1691632212
"03100206_02550000_MCMULLIN_CREEK",6110,54922,"MCMULLIN CREEK","03100206","02550000","STREAM","tbcmp_AM_LA_IntHigh_2050","AM","LA","IntHigh","2050",54.286086941128
"03100206_02550000_MCMULLIN_CREEK",6410,29347,"MCMULLIN CREEK","03100206","02550000","STREAM","tbcmp_AM_LA_IntHigh_2050","AM","LA","IntHigh","2050",29.007206464828
"03100206_02550000_MCMULLIN_CREEK",6420,3161,"MCMULLIN CREEK","03100206","02550000","STREAM","tbcmp_AM_LA_IntHigh_2050","AM","LA","IntHigh","2050",3.124400437364
"03100206_02550000_MCMULLIN_CREEK",6425,36468,"MCMULLIN CREEK","03100206","02550000","STREAM","tbcmp_AM_LA_IntHigh_2050","AM","LA","IntHigh","2050",36.045756137232
"03100206_02550000_MCMULLIN_CREEK",6510,4846,"MCMULLIN CREEK","03100206","02550000","STREAM","tbcmp_AM_LA_IntHigh_2050","AM","LA","IntHigh","2050",4.789890705304
"03100206_02550000_MCMULLIN_CREEK",6600,17856,"MCMULLIN CREEK","03100206","02550000","STREAM","tbcmp_AM_LA_IntHigh_2050","AM","LA","IntHigh","2050",17.649254732544
"03100206_02550000_MCMULLIN_CREEK",9113,17829,"MCMULLIN CREEK","03100206","02550000","STREAM","tbcmp_AM_LA_IntHigh_2050","AM","LA","IntHigh","2050",17.622567351396
"03100206_02990000_TERRA_CEIA_BAY",0,23998,"TERRA CEIA BAY","03100206","02990000","BAY","tbcmp_AM_LA_IntHigh_2050","AM","LA","IntHigh","2050",23.720139732952
"03100206_02990000_TERRA_CEIA_BAY",1100,1164600,"TERRA CEIA BAY","03100206","02990000","BAY","tbcmp_AM_LA_IntHigh_2050","AM","LA","IntHigh","2050",1151.1157068504
"03100206_02990000_TERRA_CEIA_BAY",1200,3836394,"TERRA CEIA BAY","03100206","02990000","BAY","tbcmp_AM_LA_IntHigh_2050","AM","LA","IntHigh","2050",3791.97440414446
"03100206_02990000_TERRA_CEIA_BAY",1800,68131,"TERRA CEIA BAY","03100206","02990000","BAY","tbcmp_AM_LA_IntHigh_2050","AM","LA","IntHigh","2050",67.342146851644
"03100206_02990000_TERRA_CEIA_BAY",1820,70374,"TERRA CEIA BAY","03100206","02990000","BAY","tbcmp_AM_LA_IntHigh_2050","AM","LA","IntHigh","2050",69.559176329976
"03100206_02990000_TERRA_CEIA_BAY",1900,828862,"TERRA CEIA BAY","03100206","02990000","BAY","tbcmp_AM_LA_IntHigh_2050","AM","LA","IntHigh","2050",819.265041225688
"03100206_02990000_TERRA_CEIA_BAY",2100,961989,"TERRA CEIA BAY","03100206","02990000","BAY","tbcmp_AM_LA_IntHigh_2050","AM","LA","IntHigh","2050",950.850633451236
"03100206_02990000_TERRA_CEIA_BAY",2200,69271,"TERRA CEIA BAY","03100206","02990000","BAY","tbcmp_AM_LA_IntHigh_2050","AM","LA","IntHigh","2050",68.468947389004
"03100206_02990000_TERRA_CEIA_BAY",2400,130857,"TERRA CEIA BAY","03100206","02990000","BAY","tbcmp_AM_LA_IntHigh_2050","AM","LA","IntHigh","2050",129.341875366068
"03100206_02990000_TERRA_CEIA_BAY",3200,197275,"TERRA CEIA BAY","03100206","02990000","BAY","tbcmp_AM_LA_IntHigh_2050","AM","LA","IntHigh","2050",194.9908561471
"03100206_02990000_TERRA_CEIA_BAY",4100,333118,"TERRA CEIA BAY","03100206","02990000","BAY","tbcmp_AM_LA_IntHigh_2050","AM","LA","IntHigh","2050",329.261001231832
"03100206_02990000_TERRA_CEIA_BAY",5200,158868,"TERRA CEIA BAY","03100206","02990000","BAY","tbcmp_AM_LA_IntHigh_2050","AM","LA","IntHigh","2050",157.028550674832
"03100206_02990000_TERRA_CEIA_BAY",5400,3198220,"TERRA CEIA BAY","03100206","02990000","BAY","tbcmp_AM_LA_IntHigh_2050","AM","LA","IntHigh","2050",3161.18948648728
"03100206_02990000_TERRA_CEIA_BAY",6110,666595,"TERRA CEIA BAY","03100206","02990000","BAY","tbcmp_AM_LA_IntHigh_2050","AM","LA","IntHigh","2050",658.87684579078
"03100206_02990000_TERRA_CEIA_BAY",6120,2700925,"TERRA CEIA BAY","03100206","02990000","BAY","tbcmp_AM_LA_IntHigh_2050","AM","LA","IntHigh","2050",2669.6524047097
"03100206_02990000_TERRA_CEIA_BAY",6410,60864,"TERRA CEIA BAY","03100206","02990000","BAY","tbcmp_AM_LA_IntHigh_2050","AM","LA","IntHigh","2050",60.159287636736
"03100206_02990000_TERRA_CEIA_BAY",6420,272179,"TERRA CEIA BAY","03100206","02990000","BAY","tbcmp_AM_LA_IntHigh_2050","AM","LA","IntHigh","2050",269.027581980796
"03100206_02990000_TERRA_CEIA_BAY",6425,168958,"TERRA CEIA BAY","03100206","02990000","BAY","tbcmp_AM_LA_IntHigh_2050","AM","LA","IntHigh","2050",167.001723851992
"03100206_02990000_TERRA_CEIA_BAY",6510,45198,"TERRA CEIA BAY","03100206","02990000","BAY","tbcmp_AM_LA_IntHigh_2050","AM","LA","IntHigh","2050",44.674676041752
"03100206_02990000_TERRA_CEIA_BAY",6600,425712,"TERRA CEIA BAY","03100206","02990000","BAY","tbcmp_AM_LA_IntHigh_2050","AM","LA","IntHigh","2050",420.782903825088
"03100206_02990000_TERRA_CEIA_BAY",7100,4502,"TERRA CEIA BAY","03100206","02990000","BAY","tbcmp_AM_LA_IntHigh_2050","AM","LA","IntHigh","2050",4.449873701048
"03100206_02990000_TERRA_CEIA_BAY",9113,2507950,"TERRA CEIA BAY","03100206","02990000","BAY","tbcmp_AM_LA_IntHigh_2050","AM","LA","IntHigh","2050",2478.9117611158
"03100206_10990000_LONG_BAYOU",0,2748,"LONG BAYOU","03100206","10990000","BAYOU","tbcmp_AM_LA_IntHigh_2050","AM","LA","IntHigh","2050",2.716182347952
"03100206_10990000_LONG_BAYOU",1100,248136,"LONG BAYOU","03100206","10990000","BAYOU","tbcmp_AM_LA_IntHigh_2050","AM","LA","IntHigh","2050",245.262963279264
"03100206_10990000_LONG_BAYOU",1200,10695827,"LONG BAYOU","03100206","10990000","BAYOU","tbcmp_AM_LA_IntHigh_2050","AM","LA","IntHigh","2050",10571.9856237803
"03100206_10990000_LONG_BAYOU",1800,479107,"LONG BAYOU","03100206","10990000","BAYOU","tbcmp_AM_LA_IntHigh_2050","AM","LA","IntHigh","2050",473.559671099068
"03100206_10990000_LONG_BAYOU",1820,296369,"LONG BAYOU","03100206","10990000","BAYOU","tbcmp_AM_LA_IntHigh_2050","AM","LA","IntHigh","2050",292.937498646356
"03100206_10990000_LONG_BAYOU",1900,309543,"LONG BAYOU","03100206","10990000","BAYOU","tbcmp_AM_LA_IntHigh_2050","AM","LA","IntHigh","2050",305.958963803532
"03100206_10990000_LONG_BAYOU",2400,1948,"LONG BAYOU","03100206","10990000","BAYOU","tbcmp_AM_LA_IntHigh_2050","AM","LA","IntHigh","2050",1.925445128752
"03100206_10990000_LONG_BAYOU",3200,868,"LONG BAYOU","03100206","10990000","BAYOU","tbcmp_AM_LA_IntHigh_2050","AM","LA","IntHigh","2050",0.857949882832
"03100206_10990000_LONG_BAYOU",4100,171183,"LONG BAYOU","03100206","10990000","BAYOU","tbcmp_AM_LA_IntHigh_2050","AM","LA","IntHigh","2050",169.200961742892
"03100206_10990000_LONG_BAYOU",5200,452824,"LONG BAYOU","03100206","10990000","BAYOU","tbcmp_AM_LA_IntHigh_2050","AM","LA","IntHigh","2050",447.580988183776
"03100206_10990000_LONG_BAYOU",5400,1021043,"LONG BAYOU","03100206","10990000","BAYOU","tbcmp_AM_LA_IntHigh_2050","AM","LA","IntHigh","2050",1009.22087812953
"03100206_10990000_LONG_BAYOU",6110,83224,"LONG BAYOU","03100206","10990000","BAYOU","tbcmp_AM_LA_IntHigh_2050","AM","LA","IntHigh","2050",82.260392913376
"03100206_10990000_LONG_BAYOU",6120,148325,"LONG BAYOU","03100206","10990000","BAYOU","tbcmp_AM_LA_IntHigh_2050","AM","LA","IntHigh","2050",146.6076225473
"03100206_10990000_LONG_BAYOU",6410,164911,"LONG BAYOU","03100206","10990000","BAYOU","tbcmp_AM_LA_IntHigh_2050","AM","LA","IntHigh","2050",163.001581944364
"03100206_10990000_LONG_BAYOU",6420,6810,"LONG BAYOU","03100206","10990000","BAYOU","tbcmp_AM_LA_IntHigh_2050","AM","LA","IntHigh","2050",6.73115057844
"03100206_10990000_LONG_BAYOU",6600,12327,"LONG BAYOU","03100206","10990000","BAYOU","tbcmp_AM_LA_IntHigh_2050","AM","LA","IntHigh","2050",12.184272126348
"03100206_10990000_LONG_BAYOU",7100,453,"LONG BAYOU","03100206","10990000","BAYOU","tbcmp_AM_LA_IntHigh_2050","AM","LA","IntHigh","2050",0.447754950372
"03100206_10990000_LONG_BAYOU",9113,543529,"LONG BAYOU","03100206","10990000","BAYOU","tbcmp_AM_LA_IntHigh_2050","AM","LA","IntHigh","2050",537.235762518196
"03100206_14000000_PINEY_POINT_CREEK",0,2171,"PINEY POINT CREEK","03100206","14000000","DITCH","tbcmp_AM_LA_IntHigh_2050","AM","LA","IntHigh","2050",2.145863128604
"03100206_14000000_PINEY_POINT_CREEK",1100,3380,"PINEY POINT CREEK","03100206","14000000","DITCH","tbcmp_AM_LA_IntHigh_2050","AM","LA","IntHigh","2050",3.34086475112
"03100206_14000000_PINEY_POINT_CREEK",1200,633730,"PINEY POINT CREEK","03100206","14000000","DITCH","tbcmp_AM_LA_IntHigh_2050","AM","LA","IntHigh","2050",626.39237240452
"03100206_14000000_PINEY_POINT_CREEK",1900,184364,"PINEY POINT CREEK","03100206","14000000","DITCH","tbcmp_AM_LA_IntHigh_2050","AM","LA","IntHigh","2050",182.229345850736
"03100206_14000000_PINEY_POINT_CREEK",2100,613013,"PINEY POINT CREEK","03100206","14000000","DITCH","tbcmp_AM_LA_IntHigh_2050","AM","LA","IntHigh","2050",605.915243691812
"03100206_14000000_PINEY_POINT_CREEK",2200,100280,"PINEY POINT CREEK","03100206","14000000","DITCH","tbcmp_AM_LA_IntHigh_2050","AM","LA","IntHigh","2050",99.11891042672
"03100206_14000000_PINEY_POINT_CREEK",3200,105919,"PINEY POINT CREEK","03100206","14000000","DITCH","tbcmp_AM_LA_IntHigh_2050","AM","LA","IntHigh","2050",104.692619400556
"03100206_14000000_PINEY_POINT_CREEK",4100,94462,"PINEY POINT CREEK","03100206","14000000","DITCH","tbcmp_AM_LA_IntHigh_2050","AM","LA","IntHigh","2050",93.368274000088
"03100206_14000000_PINEY_POINT_CREEK",5200,62303,"PINEY POINT CREEK","03100206","14000000","DITCH","tbcmp_AM_LA_IntHigh_2050","AM","LA","IntHigh","2050",61.581626209772
"03100206_14000000_PINEY_POINT_CREEK",5400,193809,"PINEY POINT CREEK","03100206","14000000","DITCH","tbcmp_AM_LA_IntHigh_2050","AM","LA","IntHigh","2050",191.564987144916
"03100206_14000000_PINEY_POINT_CREEK",6110,166977,"PINEY POINT CREEK","03100206","14000000","DITCH","tbcmp_AM_LA_IntHigh_2050","AM","LA","IntHigh","2050",165.043660812948
"03100206_14000000_PINEY_POINT_CREEK",6120,747247,"PINEY POINT CREEK","03100206","14000000","DITCH","tbcmp_AM_LA_IntHigh_2050","AM","LA","IntHigh","2050",738.595018544428
"03100206_14000000_PINEY_POINT_CREEK",6410,159983,"PINEY POINT CREEK","03100206","14000000","DITCH","tbcmp_AM_LA_IntHigh_2050","AM","LA","IntHigh","2050",158.130640674092
"03100206_14000000_PINEY_POINT_CREEK",6420,53137,"PINEY POINT CREEK","03100206","14000000","DITCH","tbcmp_AM_LA_IntHigh_2050","AM","LA","IntHigh","2050",52.521754520788
"03100206_14000000_PINEY_POINT_CREEK",6600,75224,"PINEY POINT CREEK","03100206","14000000","DITCH","tbcmp_AM_LA_IntHigh_2050","AM","LA","IntHigh","2050",74.353020721376
"03100206_14000000_PINEY_POINT_CREEK",9113,6783,"PINEY POINT CREEK","03100206","14000000","DITCH","tbcmp_AM_LA_IntHigh_2050","AM","LA","IntHigh","2050",6.704463197292
"03100206_16700000_COCKROACH_CREEK",0,1201,"COCKROACH CREEK","03100206","16700000","STREAM","tbcmp_AM_LA_IntHigh_2050","AM","LA","IntHigh","2050",1.187094250324
"03100206_16700000_COCKROACH_CREEK",1200,41917,"COCKROACH CREEK","03100206","16700000","STREAM","tbcmp_AM_LA_IntHigh_2050","AM","LA","IntHigh","2050",41.431665021508
"03100206_16700000_COCKROACH_CREEK",1900,177345,"COCKROACH CREEK","03100206","16700000","STREAM","tbcmp_AM_LA_IntHigh_2050","AM","LA","IntHigh","2050",175.29161517378
"03100206_16700000_COCKROACH_CREEK",2100,200569,"COCKROACH CREEK","03100206","16700000","STREAM","tbcmp_AM_LA_IntHigh_2050","AM","LA","IntHigh","2050",198.246716647156
"03100206_16700000_COCKROACH_CREEK",2200,75406,"COCKROACH CREEK","03100206","16700000","STREAM","tbcmp_AM_LA_IntHigh_2050","AM","LA","IntHigh","2050",74.532913438744
"03100206_16700000_COCKROACH_CREEK",2400,98383,"COCKROACH CREEK","03100206","16700000","STREAM","tbcmp_AM_LA_IntHigh_2050","AM","LA","IntHigh","2050",97.243874795692
"03100206_16700000_COCKROACH_CREEK",3200,16825,"COCKROACH CREEK","03100206","16700000","STREAM","tbcmp_AM_LA_IntHigh_2050","AM","LA","IntHigh","2050",16.6301921413
"03100206_16700000_COCKROACH_CREEK",4100,54020,"COCKROACH CREEK","03100206","16700000","STREAM","tbcmp_AM_LA_IntHigh_2050","AM","LA","IntHigh","2050",53.39453072648
"03100206_16700000_COCKROACH_CREEK",5200,2165,"COCKROACH CREEK","03100206","16700000","STREAM","tbcmp_AM_LA_IntHigh_2050","AM","LA","IntHigh","2050",2.13993259946
"03100206_16700000_COCKROACH_CREEK",5400,394,"COCKROACH CREEK","03100206","16700000","STREAM","tbcmp_AM_LA_IntHigh_2050","AM","LA","IntHigh","2050",0.389438080456
"03100206_16700000_COCKROACH_CREEK",6110,97532,"COCKROACH CREEK","03100206","16700000","STREAM","tbcmp_AM_LA_IntHigh_2050","AM","LA","IntHigh","2050",96.402728078768
"03100206_16700000_COCKROACH_CREEK",6120,40637,"COCKROACH CREEK","03100206","16700000","STREAM","tbcmp_AM_LA_IntHigh_2050","AM","LA","IntHigh","2050",40.166485470788
"03100206_16700000_COCKROACH_CREEK",6410,15025,"COCKROACH CREEK","03100206","16700000","STREAM","tbcmp_AM_LA_IntHigh_2050","AM","LA","IntHigh","2050",14.8510333981
"03100206_16700000_COCKROACH_CREEK",6420,989,"COCKROACH CREEK","03100206","16700000","STREAM","tbcmp_AM_LA_IntHigh_2050","AM","LA","IntHigh","2050",0.977548887236
"03100206_16700000_COCKROACH_CREEK",6600,6624,"COCKROACH CREEK","03100206","16700000","STREAM","tbcmp_AM_LA_IntHigh_2050","AM","LA","IntHigh","2050",6.547304174976
"03100206_16990000_COCKROACH_BAY",0,11046,"COCKROACH BAY","03100206","16990000","BAY","tbcmp_AM_LA_IntHigh_2050","AM","LA","IntHigh","2050",10.918104154104
"03100206_16990000_COCKROACH_BAY",1200,282446,"COCKROACH BAY","03100206","16990000","BAY","tbcmp_AM_LA_IntHigh_2050","AM","LA","IntHigh","2050",279.175705767704
"03100206_16990000_COCKROACH_BAY",1900,377724,"COCKROACH BAY","03100206","16990000","BAY","tbcmp_AM_LA_IntHigh_2050","AM","LA","IntHigh","2050",373.350531731376
"03100206_16990000_COCKROACH_BAY",2100,72609,"COCKROACH BAY","03100206","16990000","BAY","tbcmp_AM_LA_IntHigh_2050","AM","LA","IntHigh","2050",71.768298436116
"03100206_16990000_COCKROACH_BAY",2400,272467,"COCKROACH BAY","03100206","16990000","BAY","tbcmp_AM_LA_IntHigh_2050","AM","LA","IntHigh","2050",269.312247379708
"03100206_16990000_COCKROACH_BAY",3200,1251,"COCKROACH BAY","03100206","16990000","BAY","tbcmp_AM_LA_IntHigh_2050","AM","LA","IntHigh","2050",1.236515326524
"03100206_16990000_COCKROACH_BAY",4100,64838,"COCKROACH BAY","03100206","16990000","BAY","tbcmp_AM_LA_IntHigh_2050","AM","LA","IntHigh","2050",64.087274773112
"03100206_16990000_COCKROACH_BAY",5200,29096,"COCKROACH BAY","03100206","16990000","BAY","tbcmp_AM_LA_IntHigh_2050","AM","LA","IntHigh","2050",28.759112662304
"03100206_16990000_COCKROACH_BAY",5400,353904,"COCKROACH BAY","03100206","16990000","BAY","tbcmp_AM_LA_IntHigh_2050","AM","LA","IntHigh","2050",349.806331029696
"03100206_16990000_COCKROACH_BAY",6110,106553,"COCKROACH BAY","03100206","16990000","BAY","tbcmp_AM_LA_IntHigh_2050","AM","LA","IntHigh","2050",105.319278646772
"03100206_16990000_COCKROACH_BAY",6120,1188434,"COCKROACH BAY","03100206","16990000","BAY","tbcmp_AM_LA_IntHigh_2050","AM","LA","IntHigh","2050",1174.67374545342
"03100206_16990000_COCKROACH_BAY",6410,94524,"COCKROACH BAY","03100206","16990000","BAY","tbcmp_AM_LA_IntHigh_2050","AM","LA","IntHigh","2050",93.429556134576
"03100206_16990000_COCKROACH_BAY",6420,108291,"COCKROACH BAY","03100206","16990000","BAY","tbcmp_AM_LA_IntHigh_2050","AM","LA","IntHigh","2050",107.037155255484
"03100206_16990000_COCKROACH_BAY",6600,79145,"COCKROACH BAY","03100206","16990000","BAY","tbcmp_AM_LA_IntHigh_2050","AM","LA","IntHigh","2050",78.22862151698
"03100206_16990000_COCKROACH_BAY",9113,397144,"COCKROACH BAY","03100206","16990000","BAY","tbcmp_AM_LA_IntHigh_2050","AM","LA","IntHigh","2050",392.545677727456
"03100206_24000000_WOLF_BRANCH",0,1187,"WOLF BRANCH","03100206","24000000","DITCH","tbcmp_AM_LA_IntHigh_2050","AM","LA","IntHigh","2050",1.173256348988
"03100206_24000000_WOLF_BRANCH",1100,10802,"WOLF BRANCH","03100206","24000000","DITCH","tbcmp_AM_LA_IntHigh_2050","AM","LA","IntHigh","2050",10.676929302248
"03100206_24000000_WOLF_BRANCH",1200,565899,"WOLF BRANCH","03100206","24000000","DITCH","tbcmp_AM_LA_IntHigh_2050","AM","LA","IntHigh","2050",559.346752010076
"03100206_24000000_WOLF_BRANCH",1900,238063,"WOLF BRANCH","03100206","24000000","DITCH","tbcmp_AM_LA_IntHigh_2050","AM","LA","IntHigh","2050",235.306593268012
"03100206_24000000_WOLF_BRANCH",2100,140657,"WOLF BRANCH","03100206","24000000","DITCH","tbcmp_AM_LA_IntHigh_2050","AM","LA","IntHigh","2050",139.028406301268
"03100206_24000000_WOLF_BRANCH",2200,12441,"WOLF BRANCH","03100206","24000000","DITCH","tbcmp_AM_LA_IntHigh_2050","AM","LA","IntHigh","2050",12.296952180084
"03100206_24000000_WOLF_BRANCH",2400,59450,"WOLF BRANCH","03100206","24000000","DITCH","tbcmp_AM_LA_IntHigh_2050","AM","LA","IntHigh","2050",58.7616596018
"03100206_24000000_WOLF_BRANCH",4100,19370,"WOLF BRANCH","03100206","24000000","DITCH","tbcmp_AM_LA_IntHigh_2050","AM","LA","IntHigh","2050",19.14572491988
"03100206_24000000_WOLF_BRANCH",5200,54722,"WOLF BRANCH","03100206","24000000","DITCH","tbcmp_AM_LA_IntHigh_2050","AM","LA","IntHigh","2050",54.088402636328
"03100206_24000000_WOLF_BRANCH",5400,122486,"WOLF BRANCH","03100206","24000000","DITCH","tbcmp_AM_LA_IntHigh_2050","AM","LA","IntHigh","2050",121.067798788664
"03100206_24000000_WOLF_BRANCH",6110,30845,"WOLF BRANCH","03100206","24000000","DITCH","tbcmp_AM_LA_IntHigh_2050","AM","LA","IntHigh","2050",30.48786190778
"03100206_24000000_WOLF_BRANCH",6120,99953,"WOLF BRANCH","03100206","24000000","DITCH","tbcmp_AM_LA_IntHigh_2050","AM","LA","IntHigh","2050",98.795696588372
"03100206_24000000_WOLF_BRANCH",6410,17527,"WOLF BRANCH","03100206","24000000","DITCH","tbcmp_AM_LA_IntHigh_2050","AM","LA","IntHigh","2050",17.324064051148
"03100206_24000000_WOLF_BRANCH",6420,33449,"WOLF BRANCH","03100206","24000000","DITCH","tbcmp_AM_LA_IntHigh_2050","AM","LA","IntHigh","2050",33.061711556276
"03100206_24000000_WOLF_BRANCH",6600,80163,"WOLF BRANCH","03100206","24000000","DITCH","tbcmp_AM_LA_IntHigh_2050","AM","LA","IntHigh","2050",79.234834628412
"03100206_24000000_WOLF_BRANCH",9113,3,"WOLF BRANCH","03100206","24000000","DITCH","tbcmp_AM_LA_IntHigh_2050","AM","LA","IntHigh","2050",0.002965264572
"03100206_25000000_WOLF_BR_CUTOFF_CANAL",0,207,"WOLF BR CUTOFF CANAL","03100206","25000000","CANAL","tbcmp_AM_LA_IntHigh_2050","AM","LA","IntHigh","2050",0.204603255468
"03100206_25000000_WOLF_BR_CUTOFF_CANAL",1100,62138,"WOLF BR CUTOFF CANAL","03100206","25000000","CANAL","tbcmp_AM_LA_IntHigh_2050","AM","LA","IntHigh","2050",61.418536658312
"03100206_25000000_WOLF_BR_CUTOFF_CANAL",1200,1275213,"WOLF BR CUTOFF CANAL","03100206","25000000","CANAL","tbcmp_AM_LA_IntHigh_2050","AM","LA","IntHigh","2050",1260.44797688461
"03100206_25000000_WOLF_BR_CUTOFF_CANAL",1800,16272,"WOLF BR CUTOFF CANAL","03100206","25000000","CANAL","tbcmp_AM_LA_IntHigh_2050","AM","LA","IntHigh","2050",16.083595038528
"03100206_25000000_WOLF_BR_CUTOFF_CANAL",1820,5769,"WOLF BR CUTOFF CANAL","03100206","25000000","CANAL","tbcmp_AM_LA_IntHigh_2050","AM","LA","IntHigh","2050",5.702203771956
"03100206_25000000_WOLF_BR_CUTOFF_CANAL",1900,580292,"WOLF BR CUTOFF CANAL","03100206","25000000","CANAL","tbcmp_AM_LA_IntHigh_2050","AM","LA","IntHigh","2050",573.573103005008
"03100206_25000000_WOLF_BR_CUTOFF_CANAL",2100,589905,"WOLF BR CUTOFF CANAL","03100206","25000000","CANAL","tbcmp_AM_LA_IntHigh_2050","AM","LA","IntHigh","2050",583.07479911522
"03100206_25000000_WOLF_BR_CUTOFF_CANAL",2400,35139,"WOLF BR CUTOFF CANAL","03100206","25000000","CANAL","tbcmp_AM_LA_IntHigh_2050","AM","LA","IntHigh","2050",34.732143931836
"03100206_25000000_WOLF_BR_CUTOFF_CANAL",4100,148129,"WOLF BR CUTOFF CANAL","03100206","25000000","CANAL","tbcmp_AM_LA_IntHigh_2050","AM","LA","IntHigh","2050",146.413891928596
"03100206_25000000_WOLF_BR_CUTOFF_CANAL",5200,232849,"WOLF BR CUTOFF CANAL","03100206","25000000","CANAL","tbcmp_AM_LA_IntHigh_2050","AM","LA","IntHigh","2050",230.152963441876
"03100206_25000000_WOLF_BR_CUTOFF_CANAL",5400,150971,"WOLF BR CUTOFF CANAL","03100206","25000000","CANAL","tbcmp_AM_LA_IntHigh_2050","AM","LA","IntHigh","2050",149.222985899804
"03100206_25000000_WOLF_BR_CUTOFF_CANAL",6110,223742,"WOLF BR CUTOFF CANAL","03100206","25000000","CANAL","tbcmp_AM_LA_IntHigh_2050","AM","LA","IntHigh","2050",221.151408622808
"03100206_25000000_WOLF_BR_CUTOFF_CANAL",6120,64734,"WOLF BR CUTOFF CANAL","03100206","25000000","CANAL","tbcmp_AM_LA_IntHigh_2050","AM","LA","IntHigh","2050",63.984478934616
"03100206_25000000_WOLF_BR_CUTOFF_CANAL",6410,72064,"WOLF BR CUTOFF CANAL","03100206","25000000","CANAL","tbcmp_AM_LA_IntHigh_2050","AM","LA","IntHigh","2050",71.229608705536
"03100206_25000000_WOLF_BR_CUTOFF_CANAL",6420,39399,"WOLF BR CUTOFF CANAL","03100206","25000000","CANAL","tbcmp_AM_LA_IntHigh_2050","AM","LA","IntHigh","2050",38.942819624076
"03100206_25000000_WOLF_BR_CUTOFF_CANAL",6600,27053,"WOLF BR CUTOFF CANAL","03100206","25000000","CANAL","tbcmp_AM_LA_IntHigh_2050","AM","LA","IntHigh","2050",26.739767488772
"03100206_25000000_WOLF_BR_CUTOFF_CANAL",9113,664,"WOLF BR CUTOFF CANAL","03100206","25000000","CANAL","tbcmp_AM_LA_IntHigh_2050","AM","LA","IntHigh","2050",0.656311891936
"03100206_26000000_GOLF_COURSE_DRAIN",0,1207,"GOLF COURSE DRAIN","03100206","26000000","DITCH","tbcmp_AM_LA_IntHigh_2050","AM","LA","IntHigh","2050",1.193024779468
"03100206_26000000_GOLF_COURSE_DRAIN",1100,10429,"GOLF COURSE DRAIN","03100206","26000000","DITCH","tbcmp_AM_LA_IntHigh_2050","AM","LA","IntHigh","2050",10.308248073796
"03100206_26000000_GOLF_COURSE_DRAIN",1200,829819,"GOLF COURSE DRAIN","03100206","26000000","DITCH","tbcmp_AM_LA_IntHigh_2050","AM","LA","IntHigh","2050",820.210960624156
"03100206_26000000_GOLF_COURSE_DRAIN",1800,16189,"GOLF COURSE DRAIN","03100206","26000000","DITCH","tbcmp_AM_LA_IntHigh_2050","AM","LA","IntHigh","2050",16.001556052036
"03100206_26000000_GOLF_COURSE_DRAIN",1820,103617,"GOLF COURSE DRAIN","03100206","26000000","DITCH","tbcmp_AM_LA_IntHigh_2050","AM","LA","IntHigh","2050",102.417273052308
"03100206_26000000_GOLF_COURSE_DRAIN",1900,143940,"GOLF COURSE DRAIN","03100206","26000000","DITCH","tbcmp_AM_LA_IntHigh_2050","AM","LA","IntHigh","2050",142.27339416456
"03100206_26000000_GOLF_COURSE_DRAIN",2100,180617,"GOLF COURSE DRAIN","03100206","26000000","DITCH","tbcmp_AM_LA_IntHigh_2050","AM","LA","IntHigh","2050",178.525730400308
"03100206_26000000_GOLF_COURSE_DRAIN",2400,16976,"GOLF COURSE DRAIN","03100206","26000000","DITCH","tbcmp_AM_LA_IntHigh_2050","AM","LA","IntHigh","2050",16.779443791424
"03100206_26000000_GOLF_COURSE_DRAIN",4100,94101,"GOLF COURSE DRAIN","03100206","26000000","DITCH","tbcmp_AM_LA_IntHigh_2050","AM","LA","IntHigh","2050",93.011453829924
"03100206_26000000_GOLF_COURSE_DRAIN",5200,103453,"GOLF COURSE DRAIN","03100206","26000000","DITCH","tbcmp_AM_LA_IntHigh_2050","AM","LA","IntHigh","2050",102.255171922372
"03100206_26000000_GOLF_COURSE_DRAIN",5400,138585,"GOLF COURSE DRAIN","03100206","26000000","DITCH","tbcmp_AM_LA_IntHigh_2050","AM","LA","IntHigh","2050",136.98039690354
"03100206_26000000_GOLF_COURSE_DRAIN",6110,70362,"GOLF COURSE DRAIN","03100206","26000000","DITCH","tbcmp_AM_LA_IntHigh_2050","AM","LA","IntHigh","2050",69.547315271688
"03100206_26000000_GOLF_COURSE_DRAIN",6120,2477,"GOLF COURSE DRAIN","03100206","26000000","DITCH","tbcmp_AM_LA_IntHigh_2050","AM","LA","IntHigh","2050",2.448320114948
"03100206_26000000_GOLF_COURSE_DRAIN",6410,41539,"GOLF COURSE DRAIN","03100206","26000000","DITCH","tbcmp_AM_LA_IntHigh_2050","AM","LA","IntHigh","2050",41.058041685436
"03100206_26000000_GOLF_COURSE_DRAIN",6420,1259,"GOLF COURSE DRAIN","03100206","26000000","DITCH","tbcmp_AM_LA_IntHigh_2050","AM","LA","IntHigh","2050",1.244422698716
"03100206_26000000_GOLF_COURSE_DRAIN",6600,6715,"GOLF COURSE DRAIN","03100206","26000000","DITCH","tbcmp_AM_LA_IntHigh_2050","AM","LA","IntHigh","2050",6.63725053366
"03100206_26000000_GOLF_COURSE_DRAIN",9113,7126,"GOLF COURSE DRAIN","03100206","26000000","DITCH","tbcmp_AM_LA_IntHigh_2050","AM","LA","IntHigh","2050",7.043491780024
"03100206_27000000_APOLLO_BEACH_CANAL",0,5554,"APOLLO BEACH CANAL","03100206","27000000","CANAL","tbcmp_AM_LA_IntHigh_2050","AM","LA","IntHigh","2050",5.489693144296
"03100206_27000000_APOLLO_BEACH_CANAL",1100,2075,"APOLLO BEACH CANAL","03100206","27000000","CANAL","tbcmp_AM_LA_IntHigh_2050","AM","LA","IntHigh","2050",2.0509746623
"03100206_27000000_APOLLO_BEACH_CANAL",1200,1237231,"APOLLO BEACH CANAL","03100206","27000000","CANAL","tbcmp_AM_LA_IntHigh_2050","AM","LA","IntHigh","2050",1222.90575056004
"03100206_27000000_APOLLO_BEACH_CANAL",1800,22858,"APOLLO BEACH CANAL","03100206","27000000","CANAL","tbcmp_AM_LA_IntHigh_2050","AM","LA","IntHigh","2050",22.593339195592
"03100206_27000000_APOLLO_BEACH_CANAL",1900,92993,"APOLLO BEACH CANAL","03100206","27000000","CANAL","tbcmp_AM_LA_IntHigh_2050","AM","LA","IntHigh","2050",91.916282781332
"03100206_27000000_APOLLO_BEACH_CANAL",2100,45753,"APOLLO BEACH CANAL","03100206","27000000","CANAL","tbcmp_AM_LA_IntHigh_2050","AM","LA","IntHigh","2050",45.223249987572
"03100206_27000000_APOLLO_BEACH_CANAL",3200,5163,"APOLLO BEACH CANAL","03100206","27000000","CANAL","tbcmp_AM_LA_IntHigh_2050","AM","LA","IntHigh","2050",5.103220328412
"03100206_27000000_APOLLO_BEACH_CANAL",4100,24254,"APOLLO BEACH CANAL","03100206","27000000","CANAL","tbcmp_AM_LA_IntHigh_2050","AM","LA","IntHigh","2050",23.973175643096
"03100206_27000000_APOLLO_BEACH_CANAL",5200,104406,"APOLLO BEACH CANAL","03100206","27000000","CANAL","tbcmp_AM_LA_IntHigh_2050","AM","LA","IntHigh","2050",103.197137634744
"03100206_27000000_APOLLO_BEACH_CANAL",5400,254425,"APOLLO BEACH CANAL","03100206","27000000","CANAL","tbcmp_AM_LA_IntHigh_2050","AM","LA","IntHigh","2050",251.4791462437
"03100206_27000000_APOLLO_BEACH_CANAL",6110,23600,"APOLLO BEACH CANAL","03100206","27000000","CANAL","tbcmp_AM_LA_IntHigh_2050","AM","LA","IntHigh","2050",23.3267479664
"03100206_27000000_APOLLO_BEACH_CANAL",6120,10243,"APOLLO BEACH CANAL","03100206","27000000","CANAL","tbcmp_AM_LA_IntHigh_2050","AM","LA","IntHigh","2050",10.124401670332
"03100206_27000000_APOLLO_BEACH_CANAL",6410,27706,"APOLLO BEACH CANAL","03100206","27000000","CANAL","tbcmp_AM_LA_IntHigh_2050","AM","LA","IntHigh","2050",27.385206743944
"03100206_27000000_APOLLO_BEACH_CANAL",6600,2,"APOLLO BEACH CANAL","03100206","27000000","CANAL","tbcmp_AM_LA_IntHigh_2050","AM","LA","IntHigh","2050",0.001976843048
"03100206_27000000_APOLLO_BEACH_CANAL",9113,7335,"APOLLO BEACH CANAL","03100206","27000000","CANAL","tbcmp_AM_LA_IntHigh_2050","AM","LA","IntHigh","2050",7.25007187854
"03100206_28000000_BIG_BEND_BAYOU",0,3245,"BIG BEND BAYOU","03100206","28000000","BAYOU","tbcmp_AM_LA_IntHigh_2050","AM","LA","IntHigh","2050",3.20742784538
"03100206_28000000_BIG_BEND_BAYOU",1100,25850,"BIG BEND BAYOU","03100206","28000000","BAYOU","tbcmp_AM_LA_IntHigh_2050","AM","LA","IntHigh","2050",25.5506963954
"03100206_28000000_BIG_BEND_BAYOU",1200,1356814,"BIG BEND BAYOU","03100206","28000000","BAYOU","tbcmp_AM_LA_IntHigh_2050","AM","LA","IntHigh","2050",1341.10416166454
"03100206_28000000_BIG_BEND_BAYOU",1800,3808,"BIG BEND BAYOU","03100206","28000000","BAYOU","tbcmp_AM_LA_IntHigh_2050","AM","LA","IntHigh","2050",3.763909163392
"03100206_28000000_BIG_BEND_BAYOU",1820,7027,"BIG BEND BAYOU","03100206","28000000","BAYOU","tbcmp_AM_LA_IntHigh_2050","AM","LA","IntHigh","2050",6.945638049148
"03100206_28000000_BIG_BEND_BAYOU",1900,194745,"BIG BEND BAYOU","03100206","28000000","BAYOU","tbcmp_AM_LA_IntHigh_2050","AM","LA","IntHigh","2050",192.49014969138
"03100206_28000000_BIG_BEND_BAYOU",2100,115290,"BIG BEND BAYOU","03100206","28000000","BAYOU","tbcmp_AM_LA_IntHigh_2050","AM","LA","IntHigh","2050",113.95511750196
"03100206_28000000_BIG_BEND_BAYOU",3200,66608,"BIG BEND BAYOU","03100206","28000000","BAYOU","tbcmp_AM_LA_IntHigh_2050","AM","LA","IntHigh","2050",65.836780870592
"03100206_28000000_BIG_BEND_BAYOU",4100,29238,"BIG BEND BAYOU","03100206","28000000","BAYOU","tbcmp_AM_LA_IntHigh_2050","AM","LA","IntHigh","2050",28.899468518712
"03100206_28000000_BIG_BEND_BAYOU",4400,11925,"BIG BEND BAYOU","03100206","28000000","BAYOU","tbcmp_AM_LA_IntHigh_2050","AM","LA","IntHigh","2050",11.7869266737
"03100206_28000000_BIG_BEND_BAYOU",5200,57764,"BIG BEND BAYOU","03100206","28000000","BAYOU","tbcmp_AM_LA_IntHigh_2050","AM","LA","IntHigh","2050",57.095180912336
"03100206_28000000_BIG_BEND_BAYOU",5400,265536,"BIG BEND BAYOU","03100206","28000000","BAYOU","tbcmp_AM_LA_IntHigh_2050","AM","LA","IntHigh","2050",262.461497796864
"03100206_28000000_BIG_BEND_BAYOU",6110,29436,"BIG BEND BAYOU","03100206","28000000","BAYOU","tbcmp_AM_LA_IntHigh_2050","AM","LA","IntHigh","2050",29.095175980464
"03100206_28000000_BIG_BEND_BAYOU",6120,172506,"BIG BEND BAYOU","03100206","28000000","BAYOU","tbcmp_AM_LA_IntHigh_2050","AM","LA","IntHigh","2050",170.508643419144
"03100206_28000000_BIG_BEND_BAYOU",6410,62765,"BIG BEND BAYOU","03100206","28000000","BAYOU","tbcmp_AM_LA_IntHigh_2050","AM","LA","IntHigh","2050",62.03827695386
"03100206_28000000_BIG_BEND_BAYOU",6420,24488,"BIG BEND BAYOU","03100206","28000000","BAYOU","tbcmp_AM_LA_IntHigh_2050","AM","LA","IntHigh","2050",24.204466279712
"03100206_28000000_BIG_BEND_BAYOU",6600,53017,"BIG BEND BAYOU","03100206","28000000","BAYOU","tbcmp_AM_LA_IntHigh_2050","AM","LA","IntHigh","2050",52.403143937908
"03100206_28000000_BIG_BEND_BAYOU",9113,176680,"BIG BEND BAYOU","03100206","28000000","BAYOU","tbcmp_AM_LA_IntHigh_2050","AM","LA","IntHigh","2050",174.63431486032
"03100206_28400000_NEWMAN_BRANCH",0,181,"NEWMAN BRANCH","03100206","28400000","CANAL","tbcmp_AM_LA_IntHigh_2050","AM","LA","IntHigh","2050",0.178904295844
"03100206_28400000_NEWMAN_BRANCH",1100,9440,"NEWMAN BRANCH","03100206","28400000","CANAL","tbcmp_AM_LA_IntHigh_2050","AM","LA","IntHigh","2050",9.33069918656
"03100206_28400000_NEWMAN_BRANCH",1200,939917,"NEWMAN BRANCH","03100206","28400000","CANAL","tbcmp_AM_LA_IntHigh_2050","AM","LA","IntHigh","2050",929.034193573508
"03100206_28400000_NEWMAN_BRANCH",1800,6024,"NEWMAN BRANCH","03100206","28400000","CANAL","tbcmp_AM_LA_IntHigh_2050","AM","LA","IntHigh","2050",5.954251260576
"03100206_28400000_NEWMAN_BRANCH",1820,5531,"NEWMAN BRANCH","03100206","28400000","CANAL","tbcmp_AM_LA_IntHigh_2050","AM","LA","IntHigh","2050",5.466959449244
"03100206_28400000_NEWMAN_BRANCH",1900,23101,"NEWMAN BRANCH","03100206","28400000","CANAL","tbcmp_AM_LA_IntHigh_2050","AM","LA","IntHigh","2050",22.833525625924
"03100206_28400000_NEWMAN_BRANCH",2100,50062,"NEWMAN BRANCH","03100206","28400000","CANAL","tbcmp_AM_LA_IntHigh_2050","AM","LA","IntHigh","2050",49.482358334488
"03100206_28400000_NEWMAN_BRANCH",3200,30113,"NEWMAN BRANCH","03100206","28400000","CANAL","tbcmp_AM_LA_IntHigh_2050","AM","LA","IntHigh","2050",29.764337352212
"03100206_28400000_NEWMAN_BRANCH",4100,38168,"NEWMAN BRANCH","03100206","28400000","CANAL","tbcmp_AM_LA_IntHigh_2050","AM","LA","IntHigh","2050",37.726072728032
"03100206_28400000_NEWMAN_BRANCH",5200,78008,"NEWMAN BRANCH","03100206","28400000","CANAL","tbcmp_AM_LA_IntHigh_2050","AM","LA","IntHigh","2050",77.104786244192
"03100206_28400000_NEWMAN_BRANCH",5400,75502,"NEWMAN BRANCH","03100206","28400000","CANAL","tbcmp_AM_LA_IntHigh_2050","AM","LA","IntHigh","2050",74.627801905048
"03100206_28400000_NEWMAN_BRANCH",6110,4631,"NEWMAN BRANCH","03100206","28400000","CANAL","tbcmp_AM_LA_IntHigh_2050","AM","LA","IntHigh","2050",4.577380077644
"03100206_28400000_NEWMAN_BRANCH",6120,55176,"NEWMAN BRANCH","03100206","28400000","CANAL","tbcmp_AM_LA_IntHigh_2050","AM","LA","IntHigh","2050",54.537146008224
"03100206_28400000_NEWMAN_BRANCH",6410,44279,"NEWMAN BRANCH","03100206","28400000","CANAL","tbcmp_AM_LA_IntHigh_2050","AM","LA","IntHigh","2050",43.766316661196
"03100206_28400000_NEWMAN_BRANCH",6420,18769,"NEWMAN BRANCH","03100206","28400000","CANAL","tbcmp_AM_LA_IntHigh_2050","AM","LA","IntHigh","2050",18.551683583956
"03100206_28400000_NEWMAN_BRANCH",6600,10752,"NEWMAN BRANCH","03100206","28400000","CANAL","tbcmp_AM_LA_IntHigh_2050","AM","LA","IntHigh","2050",10.627508226048
"03100206_28400000_NEWMAN_BRANCH",9113,482,"NEWMAN BRANCH","03100206","28400000","CANAL","tbcmp_AM_LA_IntHigh_2050","AM","LA","IntHigh","2050",0.476419174568
"03100206_32500000_KITCHEN_BRANCH",0,9,"KITCHEN BRANCH","03100206","32500000","STREAM","tbcmp_AM_LA_IntHigh_2050","AM","LA","IntHigh","2050",0.008895793716
"03100206_32500000_KITCHEN_BRANCH",1100,26970,"KITCHEN BRANCH","03100206","32500000","STREAM","tbcmp_AM_LA_IntHigh_2050","AM","LA","IntHigh","2050",26.65772850228
"03100206_32500000_KITCHEN_BRANCH",1200,917259,"KITCHEN BRANCH","03100206","32500000","STREAM","tbcmp_AM_LA_IntHigh_2050","AM","LA","IntHigh","2050",906.638538682716
"03100206_32500000_KITCHEN_BRANCH",1800,2145,"KITCHEN BRANCH","03100206","32500000","STREAM","tbcmp_AM_LA_IntHigh_2050","AM","LA","IntHigh","2050",2.12016416898
"03100206_32500000_KITCHEN_BRANCH",1900,151438,"KITCHEN BRANCH","03100206","32500000","STREAM","tbcmp_AM_LA_IntHigh_2050","AM","LA","IntHigh","2050",149.684578751512
"03100206_32500000_KITCHEN_BRANCH",2100,163307,"KITCHEN BRANCH","03100206","32500000","STREAM","tbcmp_AM_LA_IntHigh_2050","AM","LA","IntHigh","2050",161.416153819868
"03100206_32500000_KITCHEN_BRANCH",2400,912,"KITCHEN BRANCH","03100206","32500000","STREAM","tbcmp_AM_LA_IntHigh_2050","AM","LA","IntHigh","2050",0.901440429888
"03100206_32500000_KITCHEN_BRANCH",3200,194576,"KITCHEN BRANCH","03100206","32500000","STREAM","tbcmp_AM_LA_IntHigh_2050","AM","LA","IntHigh","2050",192.323106453824
"03100206_32500000_KITCHEN_BRANCH",4100,714848,"KITCHEN BRANCH","03100206","32500000","STREAM","tbcmp_AM_LA_IntHigh_2050","AM","LA","IntHigh","2050",706.571149588352
"03100206_32500000_KITCHEN_BRANCH",4400,2956,"KITCHEN BRANCH","03100206","32500000","STREAM","tbcmp_AM_LA_IntHigh_2050","AM","LA","IntHigh","2050",2.921774024944
"03100206_32500000_KITCHEN_BRANCH",5200,133472,"KITCHEN BRANCH","03100206","32500000","STREAM","tbcmp_AM_LA_IntHigh_2050","AM","LA","IntHigh","2050",131.926597651328
"03100206_32500000_KITCHEN_BRANCH",5400,11757,"KITCHEN BRANCH","03100206","32500000","STREAM","tbcmp_AM_LA_IntHigh_2050","AM","LA","IntHigh","2050",11.620871857668
"03100206_32500000_KITCHEN_BRANCH",6110,42643,"KITCHEN BRANCH","03100206","32500000","STREAM","tbcmp_AM_LA_IntHigh_2050","AM","LA","IntHigh","2050",42.149259047932
"03100206_32500000_KITCHEN_BRANCH",6120,19589,"KITCHEN BRANCH","03100206","32500000","STREAM","tbcmp_AM_LA_IntHigh_2050","AM","LA","IntHigh","2050",19.362189233636
"03100206_32500000_KITCHEN_BRANCH",6410,95782,"KITCHEN BRANCH","03100206","32500000","STREAM","tbcmp_AM_LA_IntHigh_2050","AM","LA","IntHigh","2050",94.672990411768
"03100206_32500000_KITCHEN_BRANCH",6420,12620,"KITCHEN BRANCH","03100206","32500000","STREAM","tbcmp_AM_LA_IntHigh_2050","AM","LA","IntHigh","2050",12.47387963288
"03100206_32500000_KITCHEN_BRANCH",6600,1305,"KITCHEN BRANCH","03100206","32500000","STREAM","tbcmp_AM_LA_IntHigh_2050","AM","LA","IntHigh","2050",1.28989008882
"03100206_32500000_KITCHEN_BRANCH",9113,322,"KITCHEN BRANCH","03100206","32500000","STREAM","tbcmp_AM_LA_IntHigh_2050","AM","LA","IntHigh","2050",0.318271730728
"03100206_33500000_LITTLE_BULLFROG_CREEK",1100,87992,"LITTLE BULLFROG CREEK","03100206","33500000","STREAM","tbcmp_AM_LA_IntHigh_2050","AM","LA","IntHigh","2050",86.973186739808
"03100206_33500000_LITTLE_BULLFROG_CREEK",1200,2991246,"LITTLE BULLFROG CREEK","03100206","33500000","STREAM","tbcmp_AM_LA_IntHigh_2050","AM","LA","IntHigh","2050",2956.6119299789
"03100206_33500000_LITTLE_BULLFROG_CREEK",1800,69478,"LITTLE BULLFROG CREEK","03100206","33500000","STREAM","tbcmp_AM_LA_IntHigh_2050","AM","LA","IntHigh","2050",68.673550644472
"03100206_33500000_LITTLE_BULLFROG_CREEK",1820,120526,"LITTLE BULLFROG CREEK","03100206","33500000","STREAM","tbcmp_AM_LA_IntHigh_2050","AM","LA","IntHigh","2050",119.130492601624
"03100206_33500000_LITTLE_BULLFROG_CREEK",1900,114026,"LITTLE BULLFROG CREEK","03100206","33500000","STREAM","tbcmp_AM_LA_IntHigh_2050","AM","LA","IntHigh","2050",112.705752695624
"03100206_33500000_LITTLE_BULLFROG_CREEK",2100,170204,"LITTLE BULLFROG CREEK","03100206","33500000","STREAM","tbcmp_AM_LA_IntHigh_2050","AM","LA","IntHigh","2050",168.233297070896
"03100206_33500000_LITTLE_BULLFROG_CREEK",2200,33545,"LITTLE BULLFROG CREEK","03100206","33500000","STREAM","tbcmp_AM_LA_IntHigh_2050","AM","LA","IntHigh","2050",33.15660002258
"03100206_33500000_LITTLE_BULLFROG_CREEK",2400,6233,"LITTLE BULLFROG CREEK","03100206","33500000","STREAM","tbcmp_AM_LA_IntHigh_2050","AM","LA","IntHigh","2050",6.160831359092
"03100206_33500000_LITTLE_BULLFROG_CREEK",3200,99923,"LITTLE BULLFROG CREEK","03100206","33500000","STREAM","tbcmp_AM_LA_IntHigh_2050","AM","LA","IntHigh","2050",98.766043942652
"03100206_33500000_LITTLE_BULLFROG_CREEK",4100,152825,"LITTLE BULLFROG CREEK","03100206","33500000","STREAM","tbcmp_AM_LA_IntHigh_2050","AM","LA","IntHigh","2050",151.0555194053
"03100206_33500000_LITTLE_BULLFROG_CREEK",5200,454228,"LITTLE BULLFROG CREEK","03100206","33500000","STREAM","tbcmp_AM_LA_IntHigh_2050","AM","LA","IntHigh","2050",448.968732003472
"03100206_33500000_LITTLE_BULLFROG_CREEK",6110,237617,"LITTLE BULLFROG CREEK","03100206","33500000","STREAM","tbcmp_AM_LA_IntHigh_2050","AM","LA","IntHigh","2050",234.865757268308
"03100206_33500000_LITTLE_BULLFROG_CREEK",6410,268184,"LITTLE BULLFROG CREEK","03100206","33500000","STREAM","tbcmp_AM_LA_IntHigh_2050","AM","LA","IntHigh","2050",265.078837992416
"03100206_33506000_UNNAMED_STREAM",1200,283089,"UNNAMED STREAM","03100206","33506000","STREAM","tbcmp_AM_LA_IntHigh_2050","AM","LA","IntHigh","2050",279.811260807636
"03100206_33506000_UNNAMED_STREAM",1800,7105,"UNNAMED STREAM","03100206","33506000","STREAM","tbcmp_AM_LA_IntHigh_2050","AM","LA","IntHigh","2050",7.02273492802
"03100206_33506000_UNNAMED_STREAM",1900,77754,"UNNAMED STREAM","03100206","33506000","STREAM","tbcmp_AM_LA_IntHigh_2050","AM","LA","IntHigh","2050",76.853727177096
"03100206_33506000_UNNAMED_STREAM",2100,354137,"UNNAMED STREAM","03100206","33506000","STREAM","tbcmp_AM_LA_IntHigh_2050","AM","LA","IntHigh","2050",350.036633244788
"03100206_33506000_UNNAMED_STREAM",2400,149997,"UNNAMED STREAM","03100206","33506000","STREAM","tbcmp_AM_LA_IntHigh_2050","AM","LA","IntHigh","2050",148.260263335428
"03100206_33506000_UNNAMED_STREAM",3200,20766,"UNNAMED STREAM","03100206","33506000","STREAM","tbcmp_AM_LA_IntHigh_2050","AM","LA","IntHigh","2050",20.525561367384
"03100206_33506000_UNNAMED_STREAM",4100,18189,"UNNAMED STREAM","03100206","33506000","STREAM","tbcmp_AM_LA_IntHigh_2050","AM","LA","IntHigh","2050",17.978399100036
"03100206_33506000_UNNAMED_STREAM",5200,53852,"UNNAMED STREAM","03100206","33506000","STREAM","tbcmp_AM_LA_IntHigh_2050","AM","LA","IntHigh","2050",53.228475910448
"03100206_33506000_UNNAMED_STREAM",6110,41679,"UNNAMED STREAM","03100206","33506000","STREAM","tbcmp_AM_LA_IntHigh_2050","AM","LA","IntHigh","2050",41.196420698796
"03100206_33506000_UNNAMED_STREAM",6410,17149,"UNNAMED STREAM","03100206","33506000","STREAM","tbcmp_AM_LA_IntHigh_2050","AM","LA","IntHigh","2050",16.950440715076
"03100206_33620000_UNNAMED_CREEK",1100,294150,"UNNAMED CREEK","03100206","33620000","STREAM","tbcmp_AM_LA_IntHigh_2050","AM","LA","IntHigh","2050",290.7441912846
"03100206_33620000_UNNAMED_CREEK",1200,735564,"UNNAMED CREEK","03100206","33620000","STREAM","tbcmp_AM_LA_IntHigh_2050","AM","LA","IntHigh","2050",727.047289879536
"03100206_33620000_UNNAMED_CREEK",1800,14049,"UNNAMED CREEK","03100206","33620000","STREAM","tbcmp_AM_LA_IntHigh_2050","AM","LA","IntHigh","2050",13.886333990676
"03100206_33620000_UNNAMED_CREEK",1820,22864,"UNNAMED CREEK","03100206","33620000","STREAM","tbcmp_AM_LA_IntHigh_2050","AM","LA","IntHigh","2050",22.599269724736
"03100206_33620000_UNNAMED_CREEK",1900,79088,"UNNAMED CREEK","03100206","33620000","STREAM","tbcmp_AM_LA_IntHigh_2050","AM","LA","IntHigh","2050",78.172281490112
"03100206_33620000_UNNAMED_CREEK",2100,9041,"UNNAMED CREEK","03100206","33620000","STREAM","tbcmp_AM_LA_IntHigh_2050","AM","LA","IntHigh","2050",8.936318998484
"03100206_33620000_UNNAMED_CREEK",4100,25455,"UNNAMED CREEK","03100206","33620000","STREAM","tbcmp_AM_LA_IntHigh_2050","AM","LA","IntHigh","2050",25.16026989342
"03100206_33620000_UNNAMED_CREEK",5200,90656,"UNNAMED CREEK","03100206","33620000","STREAM","tbcmp_AM_LA_IntHigh_2050","AM","LA","IntHigh","2050",89.606341679744
"03100206_33620000_UNNAMED_CREEK",6110,6769,"UNNAMED CREEK","03100206","33620000","STREAM","tbcmp_AM_LA_IntHigh_2050","AM","LA","IntHigh","2050",6.690625295956
"03100206_33620000_UNNAMED_CREEK",6410,42193,"UNNAMED CREEK","03100206","33620000","STREAM","tbcmp_AM_LA_IntHigh_2050","AM","LA","IntHigh","2050",41.704469362132
"03100206_33990000_BULLFROG_CREEK",1100,1750864,"BULLFROG CREEK","03100206","33990000","STREAM","tbcmp_AM_LA_IntHigh_2050","AM","LA","IntHigh","2050",1730.59166319674
"03100206_33990000_BULLFROG_CREEK",1200,5472862,"BULLFROG CREEK","03100206","33990000","STREAM","tbcmp_AM_LA_IntHigh_2050","AM","LA","IntHigh","2050",5409.49459868169
"03100206_33990000_BULLFROG_CREEK",1800,136921,"BULLFROG CREEK","03100206","33990000","STREAM","tbcmp_AM_LA_IntHigh_2050","AM","LA","IntHigh","2050",135.335663487604
"03100206_33990000_BULLFROG_CREEK",1900,1555340,"BULLFROG CREEK","03100206","33990000","STREAM","tbcmp_AM_LA_IntHigh_2050","AM","LA","IntHigh","2050",1537.33153313816
"03100206_33990000_BULLFROG_CREEK",2100,3610442,"BULLFROG CREEK","03100206","33990000","STREAM","tbcmp_AM_LA_IntHigh_2050","AM","LA","IntHigh","2050",3568.63858395361
"03100206_33990000_BULLFROG_CREEK",2200,23379,"BULLFROG CREEK","03100206","33990000","STREAM","tbcmp_AM_LA_IntHigh_2050","AM","LA","IntHigh","2050",23.108306809596
"03100206_33990000_BULLFROG_CREEK",2400,150427,"BULLFROG CREEK","03100206","33990000","STREAM","tbcmp_AM_LA_IntHigh_2050","AM","LA","IntHigh","2050",148.685284590748
"03100206_33990000_BULLFROG_CREEK",3200,988880,"BULLFROG CREEK","03100206","33990000","STREAM","tbcmp_AM_LA_IntHigh_2050","AM","LA","IntHigh","2050",977.43027665312
"03100206_33990000_BULLFROG_CREEK",4100,2043333,"BULLFROG CREEK","03100206","33990000","STREAM","tbcmp_AM_LA_IntHigh_2050","AM","LA","IntHigh","2050",2019.67431789949
"03100206_33990000_BULLFROG_CREEK",4400,8408,"BULLFROG CREEK","03100206","33990000","STREAM","tbcmp_AM_LA_IntHigh_2050","AM","LA","IntHigh","2050",8.310648173792
"03100206_33990000_BULLFROG_CREEK",5200,861851,"BULLFROG CREEK","03100206","33990000","STREAM","tbcmp_AM_LA_IntHigh_2050","AM","LA","IntHigh","2050",851.872078880924
"03100206_33990000_BULLFROG_CREEK",5400,71209,"BULLFROG CREEK","03100206","33990000","STREAM","tbcmp_AM_LA_IntHigh_2050","AM","LA","IntHigh","2050",70.384508302516
"03100206_33990000_BULLFROG_CREEK",6110,1236295,"BULLFROG CREEK","03100206","33990000","STREAM","tbcmp_AM_LA_IntHigh_2050","AM","LA","IntHigh","2050",1221.98058801358
"03100206_33990000_BULLFROG_CREEK",6120,242,"BULLFROG CREEK","03100206","33990000","STREAM","tbcmp_AM_LA_IntHigh_2050","AM","LA","IntHigh","2050",0.239198008808
"03100206_33990000_BULLFROG_CREEK",6410,829027,"BULLFROG CREEK","03100206","33990000","STREAM","tbcmp_AM_LA_IntHigh_2050","AM","LA","IntHigh","2050",819.428130777148
"03100206_33990000_BULLFROG_CREEK",6420,28203,"BULLFROG CREEK","03100206","33990000","STREAM","tbcmp_AM_LA_IntHigh_2050","AM","LA","IntHigh","2050",27.876452241372
"03100206_33990000_BULLFROG_CREEK",6425,93393,"BULLFROG CREEK","03100206","33990000","STREAM","tbcmp_AM_LA_IntHigh_2050","AM","LA","IntHigh","2050",92.311651390932
"03100206_33990000_BULLFROG_CREEK",6510,14760,"BULLFROG CREEK","03100206","33990000","STREAM","tbcmp_AM_LA_IntHigh_2050","AM","LA","IntHigh","2050",14.58910169424
"03100206_33990000_BULLFROG_CREEK",6600,10150,"BULLFROG CREEK","03100206","33990000","STREAM","tbcmp_AM_LA_IntHigh_2050","AM","LA","IntHigh","2050",10.0324784686
"03100206_33990000_BULLFROG_CREEK",9113,35088,"BULLFROG CREEK","03100206","33990000","STREAM","tbcmp_AM_LA_IntHigh_2050","AM","LA","IntHigh","2050",34.681734434112
"03100206_36000000_NORTH_ARCHIE_CREEK",0,252,"NORTH ARCHIE CREEK","03100206","36000000","STREAM","tbcmp_AM_LA_IntHigh_2050","AM","LA","IntHigh","2050",0.249082224048
"03100206_36000000_NORTH_ARCHIE_CREEK",1100,189885,"NORTH ARCHIE CREEK","03100206","36000000","STREAM","tbcmp_AM_LA_IntHigh_2050","AM","LA","IntHigh","2050",187.68642108474
"03100206_36000000_NORTH_ARCHIE_CREEK",1200,5989675,"NORTH ARCHIE CREEK","03100206","36000000","STREAM","tbcmp_AM_LA_IntHigh_2050","AM","LA","IntHigh","2050",5920.3236917647
"03100206_36000000_NORTH_ARCHIE_CREEK",1800,87201,"NORTH ARCHIE CREEK","03100206","36000000","STREAM","tbcmp_AM_LA_IntHigh_2050","AM","LA","IntHigh","2050",86.191345314324
"03100206_36000000_NORTH_ARCHIE_CREEK",1900,313708,"NORTH ARCHIE CREEK","03100206","36000000","STREAM","tbcmp_AM_LA_IntHigh_2050","AM","LA","IntHigh","2050",310.075739450992
"03100206_36000000_NORTH_ARCHIE_CREEK",2100,126283,"NORTH ARCHIE CREEK","03100206","36000000","STREAM","tbcmp_AM_LA_IntHigh_2050","AM","LA","IntHigh","2050",124.820835315292
"03100206_36000000_NORTH_ARCHIE_CREEK",2400,4784,"NORTH ARCHIE CREEK","03100206","36000000","STREAM","tbcmp_AM_LA_IntHigh_2050","AM","LA","IntHigh","2050",4.728608570816
"03100206_36000000_NORTH_ARCHIE_CREEK",3200,84176,"NORTH ARCHIE CREEK","03100206","36000000","STREAM","tbcmp_AM_LA_IntHigh_2050","AM","LA","IntHigh","2050",83.201370204224
"03100206_36000000_NORTH_ARCHIE_CREEK",4100,382675,"NORTH ARCHIE CREEK","03100206","36000000","STREAM","tbcmp_AM_LA_IntHigh_2050","AM","LA","IntHigh","2050",378.2442066967
"03100206_36000000_NORTH_ARCHIE_CREEK",5200,770067,"NORTH ARCHIE CREEK","03100206","36000000","STREAM","tbcmp_AM_LA_IntHigh_2050","AM","LA","IntHigh","2050",761.150797722108
"03100206_36000000_NORTH_ARCHIE_CREEK",5400,21318,"NORTH ARCHIE CREEK","03100206","36000000","STREAM","tbcmp_AM_LA_IntHigh_2050","AM","LA","IntHigh","2050",21.071170048632
"03100206_36000000_NORTH_ARCHIE_CREEK",6110,55219,"NORTH ARCHIE CREEK","03100206","36000000","STREAM","tbcmp_AM_LA_IntHigh_2050","AM","LA","IntHigh","2050",54.579648133756
"03100206_36000000_NORTH_ARCHIE_CREEK",6120,114216,"NORTH ARCHIE CREEK","03100206","36000000","STREAM","tbcmp_AM_LA_IntHigh_2050","AM","LA","IntHigh","2050",112.893552785184
"03100206_36000000_NORTH_ARCHIE_CREEK",6410,471348,"NORTH ARCHIE CREEK","03100206","36000000","STREAM","tbcmp_AM_LA_IntHigh_2050","AM","LA","IntHigh","2050",465.890508494352
"03100206_36000000_NORTH_ARCHIE_CREEK",6420,25145,"NORTH ARCHIE CREEK","03100206","36000000","STREAM","tbcmp_AM_LA_IntHigh_2050","AM","LA","IntHigh","2050",24.85385922098
"03100206_36000000_NORTH_ARCHIE_CREEK",6600,13974,"NORTH ARCHIE CREEK","03100206","36000000","STREAM","tbcmp_AM_LA_IntHigh_2050","AM","LA","IntHigh","2050",13.812202376376
"03100206_36000000_NORTH_ARCHIE_CREEK",9113,9120,"NORTH ARCHIE CREEK","03100206","36000000","STREAM","tbcmp_AM_LA_IntHigh_2050","AM","LA","IntHigh","2050",9.01440429888
"03100206_37000000_UNNAMED_CANAL",1100,33758,"UNNAMED CANAL","03100206","37000000","CANAL","tbcmp_AM_LA_IntHigh_2050","AM","LA","IntHigh","2050",33.367133807192
"03100206_37000000_UNNAMED_CANAL",1200,1258894,"UNNAMED CANAL","03100206","37000000","CANAL","tbcmp_AM_LA_IntHigh_2050","AM","LA","IntHigh","2050",1244.31792603446
"03100206_37000000_UNNAMED_CANAL",1800,33170,"UNNAMED CANAL","03100206","37000000","CANAL","tbcmp_AM_LA_IntHigh_2050","AM","LA","IntHigh","2050",32.78594195108
"03100206_37000000_UNNAMED_CANAL",1900,64412,"UNNAMED CANAL","03100206","37000000","CANAL","tbcmp_AM_LA_IntHigh_2050","AM","LA","IntHigh","2050",63.666207203888
"03100206_37000000_UNNAMED_CANAL",2100,84104,"UNNAMED CANAL","03100206","37000000","CANAL","tbcmp_AM_LA_IntHigh_2050","AM","LA","IntHigh","2050",83.130203854496
"03100206_37000000_UNNAMED_CANAL",3200,56105,"UNNAMED CANAL","03100206","37000000","CANAL","tbcmp_AM_LA_IntHigh_2050","AM","LA","IntHigh","2050",55.45538960402
"03100206_37000000_UNNAMED_CANAL",4100,105677,"UNNAMED CANAL","03100206","37000000","CANAL","tbcmp_AM_LA_IntHigh_2050","AM","LA","IntHigh","2050",104.453421391748
"03100206_37000000_UNNAMED_CANAL",5200,142068,"UNNAMED CANAL","03100206","37000000","CANAL","tbcmp_AM_LA_IntHigh_2050","AM","LA","IntHigh","2050",140.423069071632
"03100206_37000000_UNNAMED_CANAL",5400,8920,"UNNAMED CANAL","03100206","37000000","CANAL","tbcmp_AM_LA_IntHigh_2050","AM","LA","IntHigh","2050",8.81671999408
"03100206_37000000_UNNAMED_CANAL",6110,16353,"UNNAMED CANAL","03100206","37000000","CANAL","tbcmp_AM_LA_IntHigh_2050","AM","LA","IntHigh","2050",16.163657181972
"03100206_37000000_UNNAMED_CANAL",6120,36636,"UNNAMED CANAL","03100206","37000000","CANAL","tbcmp_AM_LA_IntHigh_2050","AM","LA","IntHigh","2050",36.211810953264
"03100206_37000000_UNNAMED_CANAL",6410,86957,"UNNAMED CANAL","03100206","37000000","CANAL","tbcmp_AM_LA_IntHigh_2050","AM","LA","IntHigh","2050",85.950170462468
"03100206_37000000_UNNAMED_CANAL",6420,11191,"UNNAMED CANAL","03100206","37000000","CANAL","tbcmp_AM_LA_IntHigh_2050","AM","LA","IntHigh","2050",11.061425275084
"03100206_37000000_UNNAMED_CANAL",6600,25143,"UNNAMED CANAL","03100206","37000000","CANAL","tbcmp_AM_LA_IntHigh_2050","AM","LA","IntHigh","2050",24.851882377932
"03100206_37000000_UNNAMED_CANAL",9113,652,"UNNAMED CANAL","03100206","37000000","CANAL","tbcmp_AM_LA_IntHigh_2050","AM","LA","IntHigh","2050",0.644450833648
"03100206_39500000_BLACK_POINT_DRAIN",1100,103040,"BLACK POINT DRAIN","03100206","39500000","DRAIN","tbcmp_AM_LA_IntHigh_2050","AM","LA","IntHigh","2050",101.84695383296
"03100206_39500000_BLACK_POINT_DRAIN",1200,581438,"BLACK POINT DRAIN","03100206","39500000","DRAIN","tbcmp_AM_LA_IntHigh_2050","AM","LA","IntHigh","2050",574.705834071512
"03100206_39500000_BLACK_POINT_DRAIN",1900,18167,"BLACK POINT DRAIN","03100206","39500000","DRAIN","tbcmp_AM_LA_IntHigh_2050","AM","LA","IntHigh","2050",17.956653826508
"03100206_39500000_BLACK_POINT_DRAIN",2100,11170,"BLACK POINT DRAIN","03100206","39500000","DRAIN","tbcmp_AM_LA_IntHigh_2050","AM","LA","IntHigh","2050",11.04066842308
"03100206_39500000_BLACK_POINT_DRAIN",3200,96,"BLACK POINT DRAIN","03100206","39500000","DRAIN","tbcmp_AM_LA_IntHigh_2050","AM","LA","IntHigh","2050",0.094888466304
"03100206_39500000_BLACK_POINT_DRAIN",4100,34863,"BLACK POINT DRAIN","03100206","39500000","DRAIN","tbcmp_AM_LA_IntHigh_2050","AM","LA","IntHigh","2050",34.459339591212
"03100206_39500000_BLACK_POINT_DRAIN",5200,18255,"BLACK POINT DRAIN","03100206","39500000","DRAIN","tbcmp_AM_LA_IntHigh_2050","AM","LA","IntHigh","2050",18.04363492062
"03100206_39500000_BLACK_POINT_DRAIN",5400,1208,"BLACK POINT DRAIN","03100206","39500000","DRAIN","tbcmp_AM_LA_IntHigh_2050","AM","LA","IntHigh","2050",1.194013200992
"03100206_39500000_BLACK_POINT_DRAIN",6110,1477,"BLACK POINT DRAIN","03100206","39500000","DRAIN","tbcmp_AM_LA_IntHigh_2050","AM","LA","IntHigh","2050",1.459898590948
"03100206_39500000_BLACK_POINT_DRAIN",6120,761,"BLACK POINT DRAIN","03100206","39500000","DRAIN","tbcmp_AM_LA_IntHigh_2050","AM","LA","IntHigh","2050",0.752188779764
"03100206_39500000_BLACK_POINT_DRAIN",6410,34686,"BLACK POINT DRAIN","03100206","39500000","DRAIN","tbcmp_AM_LA_IntHigh_2050","AM","LA","IntHigh","2050",34.284388981464
"03100206_39500000_BLACK_POINT_DRAIN",6420,339,"BLACK POINT DRAIN","03100206","39500000","DRAIN","tbcmp_AM_LA_IntHigh_2050","AM","LA","IntHigh","2050",0.335074896636
"03100206_39500000_BLACK_POINT_DRAIN",6600,1953,"BLACK POINT DRAIN","03100206","39500000","DRAIN","tbcmp_AM_LA_IntHigh_2050","AM","LA","IntHigh","2050",1.930387236372
"03100206_39990000_BLACK_POINT_CHANNEL",0,79,"BLACK POINT CHANNEL","03100206","39990000","BAY","tbcmp_AM_LA_IntHigh_2050","AM","LA","IntHigh","2050",0.078085300396
"03100206_39990000_BLACK_POINT_CHANNEL",1200,634108,"BLACK POINT CHANNEL","03100206","39990000","BAY","tbcmp_AM_LA_IntHigh_2050","AM","LA","IntHigh","2050",626.765995740592
"03100206_39990000_BLACK_POINT_CHANNEL",1900,19811,"BLACK POINT CHANNEL","03100206","39990000","BAY","tbcmp_AM_LA_IntHigh_2050","AM","LA","IntHigh","2050",19.581618811964
"03100206_39990000_BLACK_POINT_CHANNEL",2100,1179,"BLACK POINT CHANNEL","03100206","39990000","BAY","tbcmp_AM_LA_IntHigh_2050","AM","LA","IntHigh","2050",1.165348976796
"03100206_39990000_BLACK_POINT_CHANNEL",3200,114207,"BLACK POINT CHANNEL","03100206","39990000","BAY","tbcmp_AM_LA_IntHigh_2050","AM","LA","IntHigh","2050",112.884656991468
"03100206_39990000_BLACK_POINT_CHANNEL",4100,141091,"BLACK POINT CHANNEL","03100206","39990000","BAY","tbcmp_AM_LA_IntHigh_2050","AM","LA","IntHigh","2050",139.457381242684
"03100206_39990000_BLACK_POINT_CHANNEL",5200,27141,"BLACK POINT CHANNEL","03100206","39990000","BAY","tbcmp_AM_LA_IntHigh_2050","AM","LA","IntHigh","2050",26.826748582884
"03100206_39990000_BLACK_POINT_CHANNEL",5400,153432,"BLACK POINT CHANNEL","03100206","39990000","BAY","tbcmp_AM_LA_IntHigh_2050","AM","LA","IntHigh","2050",151.655491270368
"03100206_39990000_BLACK_POINT_CHANNEL",6110,20861,"BLACK POINT CHANNEL","03100206","39990000","BAY","tbcmp_AM_LA_IntHigh_2050","AM","LA","IntHigh","2050",20.619461412164
"03100206_39990000_BLACK_POINT_CHANNEL",6120,87238,"BLACK POINT CHANNEL","03100206","39990000","BAY","tbcmp_AM_LA_IntHigh_2050","AM","LA","IntHigh","2050",86.227916910712
"03100206_39990000_BLACK_POINT_CHANNEL",6410,17189,"BLACK POINT CHANNEL","03100206","39990000","BAY","tbcmp_AM_LA_IntHigh_2050","AM","LA","IntHigh","2050",16.989977576036
"03100206_39990000_BLACK_POINT_CHANNEL",6420,34666,"BLACK POINT CHANNEL","03100206","39990000","BAY","tbcmp_AM_LA_IntHigh_2050","AM","LA","IntHigh","2050",34.264620550984
"03100206_39990000_BLACK_POINT_CHANNEL",6600,19873,"BLACK POINT CHANNEL","03100206","39990000","BAY","tbcmp_AM_LA_IntHigh_2050","AM","LA","IntHigh","2050",19.642900946452
"03100206_39990000_BLACK_POINT_CHANNEL",7100,7,"BLACK POINT CHANNEL","03100206","39990000","BAY","tbcmp_AM_LA_IntHigh_2050","AM","LA","IntHigh","2050",0.006918950668
"03100206_39990000_BLACK_POINT_CHANNEL",9113,29093,"BLACK POINT CHANNEL","03100206","39990000","BAY","tbcmp_AM_LA_IntHigh_2050","AM","LA","IntHigh","2050",28.756147397732
"03100206_40000000_DELANEY_CREEK",0,182,"DELANEY CREEK","03100206","40000000","STREAM","tbcmp_AM_LA_IntHigh_2050","AM","LA","IntHigh","2050",0.179892717368
"03100206_40000000_DELANEY_CREEK",1100,953785,"DELANEY CREEK","03100206","40000000","STREAM","tbcmp_AM_LA_IntHigh_2050","AM","LA","IntHigh","2050",942.74162326834
"03100206_40000000_DELANEY_CREEK",1200,8478815,"DELANEY CREEK","03100206","40000000","STREAM","tbcmp_AM_LA_IntHigh_2050","AM","LA","IntHigh","2050",8380.64324401406
"03100206_40000000_DELANEY_CREEK",1800,105232,"DELANEY CREEK","03100206","40000000","STREAM","tbcmp_AM_LA_IntHigh_2050","AM","LA","IntHigh","2050",104.013573813568
"03100206_40000000_DELANEY_CREEK",1900,758986,"DELANEY CREEK","03100206","40000000","STREAM","tbcmp_AM_LA_IntHigh_2050","AM","LA","IntHigh","2050",750.198098814664
"03100206_40000000_DELANEY_CREEK",2100,121850,"DELANEY CREEK","03100206","40000000","STREAM","tbcmp_AM_LA_IntHigh_2050","AM","LA","IntHigh","2050",120.4391626994
"03100206_40000000_DELANEY_CREEK",2200,4958,"DELANEY CREEK","03100206","40000000","STREAM","tbcmp_AM_LA_IntHigh_2050","AM","LA","IntHigh","2050",4.900593915992
"03100206_40000000_DELANEY_CREEK",2400,16726,"DELANEY CREEK","03100206","40000000","STREAM","tbcmp_AM_LA_IntHigh_2050","AM","LA","IntHigh","2050",16.532338410424
"03100206_40000000_DELANEY_CREEK",3200,11329,"DELANEY CREEK","03100206","40000000","STREAM","tbcmp_AM_LA_IntHigh_2050","AM","LA","IntHigh","2050",11.197827445396
"03100206_40000000_DELANEY_CREEK",4100,418628,"DELANEY CREEK","03100206","40000000","STREAM","tbcmp_AM_LA_IntHigh_2050","AM","LA","IntHigh","2050",413.780925749072
"03100206_40000000_DELANEY_CREEK",5200,383817,"DELANEY CREEK","03100206","40000000","STREAM","tbcmp_AM_LA_IntHigh_2050","AM","LA","IntHigh","2050",379.372984077108
"03100206_40000000_DELANEY_CREEK",5400,23255,"DELANEY CREEK","03100206","40000000","STREAM","tbcmp_AM_LA_IntHigh_2050","AM","LA","IntHigh","2050",22.98574254062
"03100206_40000000_DELANEY_CREEK",6110,126452,"DELANEY CREEK","03100206","40000000","STREAM","tbcmp_AM_LA_IntHigh_2050","AM","LA","IntHigh","2050",124.987878552848
"03100206_40000000_DELANEY_CREEK",6120,46458,"DELANEY CREEK","03100206","40000000","STREAM","tbcmp_AM_LA_IntHigh_2050","AM","LA","IntHigh","2050",45.920087161992
"03100206_40000000_DELANEY_CREEK",6410,440630,"DELANEY CREEK","03100206","40000000","STREAM","tbcmp_AM_LA_IntHigh_2050","AM","LA","IntHigh","2050",435.52817612012
"03100206_40000000_DELANEY_CREEK",6420,29315,"DELANEY CREEK","03100206","40000000","STREAM","tbcmp_AM_LA_IntHigh_2050","AM","LA","IntHigh","2050",28.97557697606
"03100206_40000000_DELANEY_CREEK",6600,26544,"DELANEY CREEK","03100206","40000000","STREAM","tbcmp_AM_LA_IntHigh_2050","AM","LA","IntHigh","2050",26.236660933056
"03100206_40000000_DELANEY_CREEK",9113,2351,"DELANEY CREEK","03100206","40000000","STREAM","tbcmp_AM_LA_IntHigh_2050","AM","LA","IntHigh","2050",2.323779002924
"03100206_41000000_UNNAMED_DITCH",0,1717,"UNNAMED DITCH","03100206","41000000","DITCH","tbcmp_AM_LA_IntHigh_2050","AM","LA","IntHigh","2050",1.697119756708
"03100206_41000000_UNNAMED_DITCH",1100,237566,"UNNAMED DITCH","03100206","41000000","DITCH","tbcmp_AM_LA_IntHigh_2050","AM","LA","IntHigh","2050",234.815347770584
"03100206_41000000_UNNAMED_DITCH",1200,603578,"UNNAMED DITCH","03100206","41000000","DITCH","tbcmp_AM_LA_IntHigh_2050","AM","LA","IntHigh","2050",596.589486612872
"03100206_41000000_UNNAMED_DITCH",1900,207146,"UNNAMED DITCH","03100206","41000000","DITCH","tbcmp_AM_LA_IntHigh_2050","AM","LA","IntHigh","2050",204.747565010504
"03100206_41000000_UNNAMED_DITCH",2100,7927,"UNNAMED DITCH","03100206","41000000","DITCH","tbcmp_AM_LA_IntHigh_2050","AM","LA","IntHigh","2050",7.835217420748
"03100206_41000000_UNNAMED_DITCH",4100,1936,"UNNAMED DITCH","03100206","41000000","DITCH","tbcmp_AM_LA_IntHigh_2050","AM","LA","IntHigh","2050",1.913584070464
"03100206_41000000_UNNAMED_DITCH",5200,25399,"UNNAMED DITCH","03100206","41000000","DITCH","tbcmp_AM_LA_IntHigh_2050","AM","LA","IntHigh","2050",25.104918288076
"03100206_41000000_UNNAMED_DITCH",5400,12132,"UNNAMED DITCH","03100206","41000000","DITCH","tbcmp_AM_LA_IntHigh_2050","AM","LA","IntHigh","2050",11.991529929168
"03100206_41000000_UNNAMED_DITCH",6110,65459,"UNNAMED DITCH","03100206","41000000","DITCH","tbcmp_AM_LA_IntHigh_2050","AM","LA","IntHigh","2050",64.701084539516
"03100206_41000000_UNNAMED_DITCH",6120,68532,"UNNAMED DITCH","03100206","41000000","DITCH","tbcmp_AM_LA_IntHigh_2050","AM","LA","IntHigh","2050",67.738503882768
"03100206_41000000_UNNAMED_DITCH",6410,25315,"UNNAMED DITCH","03100206","41000000","DITCH","tbcmp_AM_LA_IntHigh_2050","AM","LA","IntHigh","2050",25.02189088006
"03100206_41000000_UNNAMED_DITCH",6420,13631,"UNNAMED DITCH","03100206","41000000","DITCH","tbcmp_AM_LA_IntHigh_2050","AM","LA","IntHigh","2050",13.473173793644
"03100206_41000000_UNNAMED_DITCH",6425,717,"UNNAMED DITCH","03100206","41000000","DITCH","tbcmp_AM_LA_IntHigh_2050","AM","LA","IntHigh","2050",0.708698232708
"03100206_41000000_UNNAMED_DITCH",6510,94,"UNNAMED DITCH","03100206","41000000","DITCH","tbcmp_AM_LA_IntHigh_2050","AM","LA","IntHigh","2050",0.092911623256
"03100206_41000000_UNNAMED_DITCH",6600,13355,"UNNAMED DITCH","03100206","41000000","DITCH","tbcmp_AM_LA_IntHigh_2050","AM","LA","IntHigh","2050",13.20036945302
"03100206_41000000_UNNAMED_DITCH",9113,3592,"UNNAMED DITCH","03100206","41000000","DITCH","tbcmp_AM_LA_IntHigh_2050","AM","LA","IntHigh","2050",3.550410114208
"03100206_42500000_MANGO_DRAIN",1100,603907,"MANGO DRAIN","03100206","42500000","DRAIN","tbcmp_AM_LA_IntHigh_2050","AM","LA","IntHigh","2050",596.914677294268
"03100206_42500000_MANGO_DRAIN",1200,3673829,"MANGO DRAIN","03100206","42500000","DRAIN","tbcmp_AM_LA_IntHigh_2050","AM","LA","IntHigh","2050",3631.2916590954
"03100206_42500000_MANGO_DRAIN",1800,40968,"MANGO DRAIN","03100206","42500000","DRAIN","tbcmp_AM_LA_IntHigh_2050","AM","LA","IntHigh","2050",40.493652995232
"03100206_42500000_MANGO_DRAIN",1900,271451,"MANGO DRAIN","03100206","42500000","DRAIN","tbcmp_AM_LA_IntHigh_2050","AM","LA","IntHigh","2050",268.308011111324
"03100206_42500000_MANGO_DRAIN",2100,42171,"MANGO DRAIN","03100206","42500000","DRAIN","tbcmp_AM_LA_IntHigh_2050","AM","LA","IntHigh","2050",41.682724088604
"03100206_42500000_MANGO_DRAIN",2400,25551,"MANGO DRAIN","03100206","42500000","DRAIN","tbcmp_AM_LA_IntHigh_2050","AM","LA","IntHigh","2050",25.255158359724
"03100206_42500000_MANGO_DRAIN",4100,105470,"MANGO DRAIN","03100206","42500000","DRAIN","tbcmp_AM_LA_IntHigh_2050","AM","LA","IntHigh","2050",104.24881813628
"03100206_42500000_MANGO_DRAIN",5200,265970,"MANGO DRAIN","03100206","42500000","DRAIN","tbcmp_AM_LA_IntHigh_2050","AM","LA","IntHigh","2050",262.89047273828
"03100206_42500000_MANGO_DRAIN",6110,53373,"MANGO DRAIN","03100206","42500000","DRAIN","tbcmp_AM_LA_IntHigh_2050","AM","LA","IntHigh","2050",52.755022000452
"03100206_42500000_MANGO_DRAIN",6410,288754,"MANGO DRAIN","03100206","42500000","DRAIN","tbcmp_AM_LA_IntHigh_2050","AM","LA","IntHigh","2050",285.410668741096
"03100206_42540000_EAST_LAKE_OUTFALL",1200,915218,"EAST LAKE OUTFALL","03100206","42540000","OUTFAL","tbcmp_AM_LA_IntHigh_2050","AM","LA","IntHigh","2050",904.621170352232
"03100206_42540000_EAST_LAKE_OUTFALL",1800,61632,"EAST LAKE OUTFALL","03100206","42540000","OUTFAL","tbcmp_AM_LA_IntHigh_2050","AM","LA","IntHigh","2050",60.918395367168
"03100206_42540000_EAST_LAKE_OUTFALL",1820,1471,"EAST LAKE OUTFALL","03100206","42540000","OUTFAL","tbcmp_AM_LA_IntHigh_2050","AM","LA","IntHigh","2050",1.453968061804
"03100206_42540000_EAST_LAKE_OUTFALL",1900,22646,"EAST LAKE OUTFALL","03100206","42540000","OUTFAL","tbcmp_AM_LA_IntHigh_2050","AM","LA","IntHigh","2050",22.383793832504
"03100206_42540000_EAST_LAKE_OUTFALL",2100,64673,"EAST LAKE OUTFALL","03100206","42540000","OUTFAL","tbcmp_AM_LA_IntHigh_2050","AM","LA","IntHigh","2050",63.924185221652
"03100206_42540000_EAST_LAKE_OUTFALL",4100,20284,"EAST LAKE OUTFALL","03100206","42540000","OUTFAL","tbcmp_AM_LA_IntHigh_2050","AM","LA","IntHigh","2050",20.049142192816
"03100206_42540000_EAST_LAKE_OUTFALL",5200,156880,"EAST LAKE OUTFALL","03100206","42540000","OUTFAL","tbcmp_AM_LA_IntHigh_2050","AM","LA","IntHigh","2050",155.06356868512
"03100206_42540000_EAST_LAKE_OUTFALL",6110,17249,"EAST LAKE OUTFALL","03100206","42540000","OUTFAL","tbcmp_AM_LA_IntHigh_2050","AM","LA","IntHigh","2050",17.049282867476
"03100206_42540000_EAST_LAKE_OUTFALL",6410,25885,"EAST LAKE OUTFALL","03100206","42540000","OUTFAL","tbcmp_AM_LA_IntHigh_2050","AM","LA","IntHigh","2050",25.58529114874
"03100206_42900000_UCETA_YARD_DRAIN",1100,37070,"UCETA YARD DRAIN","03100206","42900000","DRAIN","tbcmp_AM_LA_IntHigh_2050","AM","LA","IntHigh","2050",36.64078589468
"03100206_42900000_UCETA_YARD_DRAIN",1200,1491572,"UCETA YARD DRAIN","03100206","42900000","DRAIN","tbcmp_AM_LA_IntHigh_2050","AM","LA","IntHigh","2050",1474.30186939573
"03100206_42900000_UCETA_YARD_DRAIN",1800,4127,"UCETA YARD DRAIN","03100206","42900000","DRAIN","tbcmp_AM_LA_IntHigh_2050","AM","LA","IntHigh","2050",4.079215629548
"03100206_42900000_UCETA_YARD_DRAIN",1900,40222,"UCETA YARD DRAIN","03100206","42900000","DRAIN","tbcmp_AM_LA_IntHigh_2050","AM","LA","IntHigh","2050",39.756290538328
"03100206_42900000_UCETA_YARD_DRAIN",2400,3939,"UCETA YARD DRAIN","03100206","42900000","DRAIN","tbcmp_AM_LA_IntHigh_2050","AM","LA","IntHigh","2050",3.893392383036
"03100206_42900000_UCETA_YARD_DRAIN",4100,33570,"UCETA YARD DRAIN","03100206","42900000","DRAIN","tbcmp_AM_LA_IntHigh_2050","AM","LA","IntHigh","2050",33.18131056068
"03100206_42900000_UCETA_YARD_DRAIN",5200,67389,"UCETA YARD DRAIN","03100206","42900000","DRAIN","tbcmp_AM_LA_IntHigh_2050","AM","LA","IntHigh","2050",66.608738080836
"03100206_42900000_UCETA_YARD_DRAIN",5400,1685,"UCETA YARD DRAIN","03100206","42900000","DRAIN","tbcmp_AM_LA_IntHigh_2050","AM","LA","IntHigh","2050",1.66549026794
"03100206_42900000_UCETA_YARD_DRAIN",6110,51536,"UCETA YARD DRAIN","03100206","42900000","DRAIN","tbcmp_AM_LA_IntHigh_2050","AM","LA","IntHigh","2050",50.939291660864
"03100206_42900000_UCETA_YARD_DRAIN",6410,79925,"UCETA YARD DRAIN","03100206","42900000","DRAIN","tbcmp_AM_LA_IntHigh_2050","AM","LA","IntHigh","2050",78.9995903057
"03100206_42900000_UCETA_YARD_DRAIN",6420,76,"UCETA YARD DRAIN","03100206","42900000","DRAIN","tbcmp_AM_LA_IntHigh_2050","AM","LA","IntHigh","2050",0.075120035824
"03100206_42900000_UCETA_YARD_DRAIN",6425,648,"UCETA YARD DRAIN","03100206","42900000","DRAIN","tbcmp_AM_LA_IntHigh_2050","AM","LA","IntHigh","2050",0.640497147552
"03100206_42900000_UCETA_YARD_DRAIN",6510,137,"UCETA YARD DRAIN","03100206","42900000","DRAIN","tbcmp_AM_LA_IntHigh_2050","AM","LA","IntHigh","2050",0.135413748788
"03100206_42900000_UCETA_YARD_DRAIN",6600,6765,"UCETA YARD DRAIN","03100206","42900000","DRAIN","tbcmp_AM_LA_IntHigh_2050","AM","LA","IntHigh","2050",6.68667160986
"03100206_42900000_UCETA_YARD_DRAIN",9113,691,"UCETA YARD DRAIN","03100206","42900000","DRAIN","tbcmp_AM_LA_IntHigh_2050","AM","LA","IntHigh","2050",0.682999273084
"03100206_42990000_TAMPA_BYPASS_CANAL",1100,2052944,"TAMPA BYPASS CANAL","03100206","42990000","CANAL","tbcmp_AM_LA_IntHigh_2050","AM","LA","IntHigh","2050",2029.17403716666
"03100206_42990000_TAMPA_BYPASS_CANAL",1200,8936289,"TAMPA BYPASS CANAL","03100206","42990000","CANAL","tbcmp_AM_LA_IntHigh_2050","AM","LA","IntHigh","2050",8832.82039228444
"03100206_42990000_TAMPA_BYPASS_CANAL",1800,388890,"TAMPA BYPASS CANAL","03100206","42990000","CANAL","tbcmp_AM_LA_IntHigh_2050","AM","LA","IntHigh","2050",384.38724646836
"03100206_42990000_TAMPA_BYPASS_CANAL",1820,2027,"TAMPA BYPASS CANAL","03100206","42990000","CANAL","tbcmp_AM_LA_IntHigh_2050","AM","LA","IntHigh","2050",2.003530429148
"03100206_42990000_TAMPA_BYPASS_CANAL",1900,1178552,"TAMPA BYPASS CANAL","03100206","42990000","CANAL","tbcmp_AM_LA_IntHigh_2050","AM","LA","IntHigh","2050",1164.90616395325
"03100206_42990000_TAMPA_BYPASS_CANAL",2100,439364,"TAMPA BYPASS CANAL","03100206","42990000","CANAL","tbcmp_AM_LA_IntHigh_2050","AM","LA","IntHigh","2050",434.276834470736
"03100206_42990000_TAMPA_BYPASS_CANAL",2200,4206,"TAMPA BYPASS CANAL","03100206","42990000","CANAL","tbcmp_AM_LA_IntHigh_2050","AM","LA","IntHigh","2050",4.157300929944
"03100206_42990000_TAMPA_BYPASS_CANAL",2400,65250,"TAMPA BYPASS CANAL","03100206","42990000","CANAL","tbcmp_AM_LA_IntHigh_2050","AM","LA","IntHigh","2050",64.494504441
"03100206_42990000_TAMPA_BYPASS_CANAL",3200,11243,"TAMPA BYPASS CANAL","03100206","42990000","CANAL","tbcmp_AM_LA_IntHigh_2050","AM","LA","IntHigh","2050",11.112823194332
"03100206_42990000_TAMPA_BYPASS_CANAL",4100,607953,"TAMPA BYPASS CANAL","03100206","42990000","CANAL","tbcmp_AM_LA_IntHigh_2050","AM","LA","IntHigh","2050",600.913830780372
"03100206_42990000_TAMPA_BYPASS_CANAL",4400,12487,"TAMPA BYPASS CANAL","03100206","42990000","CANAL","tbcmp_AM_LA_IntHigh_2050","AM","LA","IntHigh","2050",12.342419570188
"03100206_42990000_TAMPA_BYPASS_CANAL",5200,437641,"TAMPA BYPASS CANAL","03100206","42990000","CANAL","tbcmp_AM_LA_IntHigh_2050","AM","LA","IntHigh","2050",432.573784184884
"03100206_42990000_TAMPA_BYPASS_CANAL",5400,545892,"TAMPA BYPASS CANAL","03100206","42990000","CANAL","tbcmp_AM_LA_IntHigh_2050","AM","LA","IntHigh","2050",539.571402579408
"03100206_42990000_TAMPA_BYPASS_CANAL",6110,1085159,"TAMPA BYPASS CANAL","03100206","42990000","CANAL","tbcmp_AM_LA_IntHigh_2050","AM","LA","IntHigh","2050",1072.59451256232
"03100206_42990000_TAMPA_BYPASS_CANAL",6120,1450,"TAMPA BYPASS CANAL","03100206","42990000","CANAL","tbcmp_AM_LA_IntHigh_2050","AM","LA","IntHigh","2050",1.4332112098
"03100206_42990000_TAMPA_BYPASS_CANAL",6410,737581,"TAMPA BYPASS CANAL","03100206","42990000","CANAL","tbcmp_AM_LA_IntHigh_2050","AM","LA","IntHigh","2050",729.040936093444
"03100206_42990000_TAMPA_BYPASS_CANAL",6420,7196,"TAMPA BYPASS CANAL","03100206","42990000","CANAL","tbcmp_AM_LA_IntHigh_2050","AM","LA","IntHigh","2050",7.112681286704
"03100206_42990000_TAMPA_BYPASS_CANAL",6425,26778,"TAMPA BYPASS CANAL","03100206","42990000","CANAL","tbcmp_AM_LA_IntHigh_2050","AM","LA","IntHigh","2050",26.467951569672
"03100206_42990000_TAMPA_BYPASS_CANAL",6510,7931,"TAMPA BYPASS CANAL","03100206","42990000","CANAL","tbcmp_AM_LA_IntHigh_2050","AM","LA","IntHigh","2050",7.839171106844
"03100206_42990000_TAMPA_BYPASS_CANAL",6600,12368,"TAMPA BYPASS CANAL","03100206","42990000","CANAL","tbcmp_AM_LA_IntHigh_2050","AM","LA","IntHigh","2050",12.224797408832
"03100206_42990000_TAMPA_BYPASS_CANAL",9113,21061,"TAMPA BYPASS CANAL","03100206","42990000","CANAL","tbcmp_AM_LA_IntHigh_2050","AM","LA","IntHigh","2050",20.817145716964
"03100206_43500000_YBOR_CITY_DRAIN",0,2958,"YBOR CITY DRAIN","03100206","43500000","DRAIN","tbcmp_AM_LA_IntHigh_2050","AM","LA","IntHigh","2050",2.923750867992
"03100206_43500000_YBOR_CITY_DRAIN",1200,5380083,"YBOR CITY DRAIN","03100206","43500000","DRAIN","tbcmp_AM_LA_IntHigh_2050","AM","LA","IntHigh","2050",5317.78983810649
"03100206_43500000_YBOR_CITY_DRAIN",1800,66457,"YBOR CITY DRAIN","03100206","43500000","DRAIN","tbcmp_AM_LA_IntHigh_2050","AM","LA","IntHigh","2050",65.687529220468
"03100206_43500000_YBOR_CITY_DRAIN",1900,154886,"YBOR CITY DRAIN","03100206","43500000","DRAIN","tbcmp_AM_LA_IntHigh_2050","AM","LA","IntHigh","2050",153.092656166264
"03100206_43500000_YBOR_CITY_DRAIN",2400,2463,"YBOR CITY DRAIN","03100206","43500000","DRAIN","tbcmp_AM_LA_IntHigh_2050","AM","LA","IntHigh","2050",2.434482213612
"03100206_43500000_YBOR_CITY_DRAIN",4100,18995,"YBOR CITY DRAIN","03100206","43500000","DRAIN","tbcmp_AM_LA_IntHigh_2050","AM","LA","IntHigh","2050",18.77506684838
"03100206_43500000_YBOR_CITY_DRAIN",5200,47032,"YBOR CITY DRAIN","03100206","43500000","DRAIN","tbcmp_AM_LA_IntHigh_2050","AM","LA","IntHigh","2050",46.487441116768
"03100206_43500000_YBOR_CITY_DRAIN",5400,297193,"YBOR CITY DRAIN","03100206","43500000","DRAIN","tbcmp_AM_LA_IntHigh_2050","AM","LA","IntHigh","2050",293.751957982132
"03100206_43500000_YBOR_CITY_DRAIN",6110,19346,"YBOR CITY DRAIN","03100206","43500000","DRAIN","tbcmp_AM_LA_IntHigh_2050","AM","LA","IntHigh","2050",19.122002803304
"03100206_43500000_YBOR_CITY_DRAIN",6120,82056,"YBOR CITY DRAIN","03100206","43500000","DRAIN","tbcmp_AM_LA_IntHigh_2050","AM","LA","IntHigh","2050",81.105916573344
"03100206_43500000_YBOR_CITY_DRAIN",6410,48677,"YBOR CITY DRAIN","03100206","43500000","DRAIN","tbcmp_AM_LA_IntHigh_2050","AM","LA","IntHigh","2050",48.113394523748
"03100206_43500000_YBOR_CITY_DRAIN",6420,15589,"YBOR CITY DRAIN","03100206","43500000","DRAIN","tbcmp_AM_LA_IntHigh_2050","AM","LA","IntHigh","2050",15.408503137636
"03100206_43500000_YBOR_CITY_DRAIN",6425,3608,"YBOR CITY DRAIN","03100206","43500000","DRAIN","tbcmp_AM_LA_IntHigh_2050","AM","LA","IntHigh","2050",3.566224858592
"03100206_43500000_YBOR_CITY_DRAIN",6510,1950,"YBOR CITY DRAIN","03100206","43500000","DRAIN","tbcmp_AM_LA_IntHigh_2050","AM","LA","IntHigh","2050",1.9274219718
"03100206_43500000_YBOR_CITY_DRAIN",6600,5360,"YBOR CITY DRAIN","03100206","43500000","DRAIN","tbcmp_AM_LA_IntHigh_2050","AM","LA","IntHigh","2050",5.29793936864
"03100206_43500000_YBOR_CITY_DRAIN",9113,119298,"YBOR CITY DRAIN","03100206","43500000","DRAIN","tbcmp_AM_LA_IntHigh_2050","AM","LA","IntHigh","2050",117.916710970152
"03100206_55000000_RATTLESNAKE_DITCH",1200,1388327,"RATTLESNAKE DITCH","03100206","55000000","DITCH","tbcmp_AM_LA_IntHigh_2050","AM","LA","IntHigh","2050",1372.25228915035
"03100206_55000000_RATTLESNAKE_DITCH",1800,32694,"RATTLESNAKE DITCH","03100206","55000000","DITCH","tbcmp_AM_LA_IntHigh_2050","AM","LA","IntHigh","2050",32.315453305656
"03100206_55000000_RATTLESNAKE_DITCH",1900,11077,"RATTLESNAKE DITCH","03100206","55000000","DITCH","tbcmp_AM_LA_IntHigh_2050","AM","LA","IntHigh","2050",10.948745221348
"03100206_55000000_RATTLESNAKE_DITCH",5200,13952,"RATTLESNAKE DITCH","03100206","55000000","DITCH","tbcmp_AM_LA_IntHigh_2050","AM","LA","IntHigh","2050",13.790457102848
"03100206_55000000_RATTLESNAKE_DITCH",5400,4842,"RATTLESNAKE DITCH","03100206","55000000","DITCH","tbcmp_AM_LA_IntHigh_2050","AM","LA","IntHigh","2050",4.785937019208
"03100206_55000000_RATTLESNAKE_DITCH",6110,2764,"RATTLESNAKE DITCH","03100206","55000000","DITCH","tbcmp_AM_LA_IntHigh_2050","AM","LA","IntHigh","2050",2.731997092336
"03100206_55000000_RATTLESNAKE_DITCH",6120,5798,"RATTLESNAKE DITCH","03100206","55000000","DITCH","tbcmp_AM_LA_IntHigh_2050","AM","LA","IntHigh","2050",5.730867996152
"03100206_55000000_RATTLESNAKE_DITCH",6410,19215,"RATTLESNAKE DITCH","03100206","55000000","DITCH","tbcmp_AM_LA_IntHigh_2050","AM","LA","IntHigh","2050",18.99251958366
"03100206_55000000_RATTLESNAKE_DITCH",6420,1090,"RATTLESNAKE DITCH","03100206","55000000","DITCH","tbcmp_AM_LA_IntHigh_2050","AM","LA","IntHigh","2050",1.07737946116
"03100206_55000000_RATTLESNAKE_DITCH",6600,37,"RATTLESNAKE DITCH","03100206","55000000","DITCH","tbcmp_AM_LA_IntHigh_2050","AM","LA","IntHigh","2050",0.036571596388
"03100206_55000000_RATTLESNAKE_DITCH",9113,9571,"RATTLESNAKE DITCH","03100206","55000000","DITCH","tbcmp_AM_LA_IntHigh_2050","AM","LA","IntHigh","2050",9.460182406204
"03100206_59000000_LEMMON_STREET_DITCH",1200,2193262,"LEMMON STREET DITCH","03100206","59000000","DITCH","tbcmp_AM_LA_IntHigh_2050","AM","LA","IntHigh","2050",2167.86736857129
"03100206_59000000_LEMMON_STREET_DITCH",1800,17227,"LEMMON STREET DITCH","03100206","59000000","DITCH","tbcmp_AM_LA_IntHigh_2050","AM","LA","IntHigh","2050",17.027537593948
"03100206_59000000_LEMMON_STREET_DITCH",1900,19340,"LEMMON STREET DITCH","03100206","59000000","DITCH","tbcmp_AM_LA_IntHigh_2050","AM","LA","IntHigh","2050",19.11607227416
"03100206_59000000_LEMMON_STREET_DITCH",4100,16668,"LEMMON STREET DITCH","03100206","59000000","DITCH","tbcmp_AM_LA_IntHigh_2050","AM","LA","IntHigh","2050",16.475009962032
"03100206_59000000_LEMMON_STREET_DITCH",5200,14520,"LEMMON STREET DITCH","03100206","59000000","DITCH","tbcmp_AM_LA_IntHigh_2050","AM","LA","IntHigh","2050",14.35188052848
"03100206_59000000_LEMMON_STREET_DITCH",5400,5951,"LEMMON STREET DITCH","03100206","59000000","DITCH","tbcmp_AM_LA_IntHigh_2050","AM","LA","IntHigh","2050",5.882096489324
"03100206_59000000_LEMMON_STREET_DITCH",6110,1253,"LEMMON STREET DITCH","03100206","59000000","DITCH","tbcmp_AM_LA_IntHigh_2050","AM","LA","IntHigh","2050",1.238492169572
"03100206_59000000_LEMMON_STREET_DITCH",6120,4339,"LEMMON STREET DITCH","03100206","59000000","DITCH","tbcmp_AM_LA_IntHigh_2050","AM","LA","IntHigh","2050",4.288760992636
"03100206_59000000_LEMMON_STREET_DITCH",6410,4331,"LEMMON STREET DITCH","03100206","59000000","DITCH","tbcmp_AM_LA_IntHigh_2050","AM","LA","IntHigh","2050",4.280853620444
"03100206_59000000_LEMMON_STREET_DITCH",6420,805,"LEMMON STREET DITCH","03100206","59000000","DITCH","tbcmp_AM_LA_IntHigh_2050","AM","LA","IntHigh","2050",0.79567932682
"03100206_59000000_LEMMON_STREET_DITCH",6600,1890,"LEMMON STREET DITCH","03100206","59000000","DITCH","tbcmp_AM_LA_IntHigh_2050","AM","LA","IntHigh","2050",1.86811668036
"03100206_59000000_LEMMON_STREET_DITCH",9113,637,"LEMMON STREET DITCH","03100206","59000000","DITCH","tbcmp_AM_LA_IntHigh_2050","AM","LA","IntHigh","2050",0.629624510788
"03100206_60000000_FISH_CREEK",0,384,"FISH CREEK","03100206","60000000","DITCH","tbcmp_AM_LA_IntHigh_2050","AM","LA","IntHigh","2050",0.379553865216
"03100206_60000000_FISH_CREEK",1200,2156464,"FISH CREEK","03100206","60000000","DITCH","tbcmp_AM_LA_IntHigh_2050","AM","LA","IntHigh","2050",2131.49543333114
"03100206_60000000_FISH_CREEK",1800,87286,"FISH CREEK","03100206","60000000","DITCH","tbcmp_AM_LA_IntHigh_2050","AM","LA","IntHigh","2050",86.275361143864
"03100206_60000000_FISH_CREEK",1900,25488,"FISH CREEK","03100206","60000000","DITCH","tbcmp_AM_LA_IntHigh_2050","AM","LA","IntHigh","2050",25.192887803712
"03100206_60000000_FISH_CREEK",3200,4743,"FISH CREEK","03100206","60000000","DITCH","tbcmp_AM_LA_IntHigh_2050","AM","LA","IntHigh","2050",4.688083288332
"03100206_60000000_FISH_CREEK",4100,90553,"FISH CREEK","03100206","60000000","DITCH","tbcmp_AM_LA_IntHigh_2050","AM","LA","IntHigh","2050",89.504534262772
"03100206_60000000_FISH_CREEK",5200,26007,"FISH CREEK","03100206","60000000","DITCH","tbcmp_AM_LA_IntHigh_2050","AM","LA","IntHigh","2050",25.705878574668
"03100206_60000000_FISH_CREEK",5400,14485,"FISH CREEK","03100206","60000000","DITCH","tbcmp_AM_LA_IntHigh_2050","AM","LA","IntHigh","2050",14.31728577514
"03100206_60000000_FISH_CREEK",6110,41969,"FISH CREEK","03100206","60000000","DITCH","tbcmp_AM_LA_IntHigh_2050","AM","LA","IntHigh","2050",41.483062940756
"03100206_60000000_FISH_CREEK",6120,14957,"FISH CREEK","03100206","60000000","DITCH","tbcmp_AM_LA_IntHigh_2050","AM","LA","IntHigh","2050",14.783820734468
"03100206_60000000_FISH_CREEK",6410,12516,"FISH CREEK","03100206","60000000","DITCH","tbcmp_AM_LA_IntHigh_2050","AM","LA","IntHigh","2050",12.371083794384
"03100206_60000000_FISH_CREEK",6420,1775,"FISH CREEK","03100206","60000000","DITCH","tbcmp_AM_LA_IntHigh_2050","AM","LA","IntHigh","2050",1.7544482051
"03100206_60000000_FISH_CREEK",6600,4542,"FISH CREEK","03100206","60000000","DITCH","tbcmp_AM_LA_IntHigh_2050","AM","LA","IntHigh","2050",4.489410562008
"03100206_60000000_FISH_CREEK",9113,1819,"FISH CREEK","03100206","60000000","DITCH","tbcmp_AM_LA_IntHigh_2050","AM","LA","IntHigh","2050",1.797938752156
"03100206_61500000_SWEETWATER_CREEK",0,2436,"SWEETWATER CREEK","03100206","61500000","STREAM","tbcmp_AM_LA_IntHigh_2050","AM","LA","IntHigh","2050",2.407794832464
"03100206_61500000_SWEETWATER_CREEK",1100,19812,"SWEETWATER CREEK","03100206","61500000","STREAM","tbcmp_AM_LA_IntHigh_2050","AM","LA","IntHigh","2050",19.582607233488
"03100206_61500000_SWEETWATER_CREEK",1200,5161665,"SWEETWATER CREEK","03100206","61500000","STREAM","tbcmp_AM_LA_IntHigh_2050","AM","LA","IntHigh","2050",5101.90078567746
"03100206_61500000_SWEETWATER_CREEK",1800,196933,"SWEETWATER CREEK","03100206","61500000","STREAM","tbcmp_AM_LA_IntHigh_2050","AM","LA","IntHigh","2050",194.652815985892
"03100206_61500000_SWEETWATER_CREEK",1820,733,"SWEETWATER CREEK","03100206","61500000","STREAM","tbcmp_AM_LA_IntHigh_2050","AM","LA","IntHigh","2050",0.724512977092
"03100206_61500000_SWEETWATER_CREEK",1900,243166,"SWEETWATER CREEK","03100206","61500000","STREAM","tbcmp_AM_LA_IntHigh_2050","AM","LA","IntHigh","2050",240.350508304984
"03100206_61500000_SWEETWATER_CREEK",4100,76842,"SWEETWATER CREEK","03100206","61500000","STREAM","tbcmp_AM_LA_IntHigh_2050","AM","LA","IntHigh","2050",75.952286747208
"03100206_61500000_SWEETWATER_CREEK",5200,155231,"SWEETWATER CREEK","03100206","61500000","STREAM","tbcmp_AM_LA_IntHigh_2050","AM","LA","IntHigh","2050",153.433661592044
"03100206_61500000_SWEETWATER_CREEK",5400,45961,"SWEETWATER CREEK","03100206","61500000","STREAM","tbcmp_AM_LA_IntHigh_2050","AM","LA","IntHigh","2050",45.428841664564
"03100206_61500000_SWEETWATER_CREEK",6110,121121,"SWEETWATER CREEK","03100206","61500000","STREAM","tbcmp_AM_LA_IntHigh_2050","AM","LA","IntHigh","2050",119.718603408404
"03100206_61500000_SWEETWATER_CREEK",6120,12385,"SWEETWATER CREEK","03100206","61500000","STREAM","tbcmp_AM_LA_IntHigh_2050","AM","LA","IntHigh","2050",12.24160057474
"03100206_61500000_SWEETWATER_CREEK",6410,53296,"SWEETWATER CREEK","03100206","61500000","STREAM","tbcmp_AM_LA_IntHigh_2050","AM","LA","IntHigh","2050",52.678913543104
"03100206_61500000_SWEETWATER_CREEK",6420,5707,"SWEETWATER CREEK","03100206","61500000","STREAM","tbcmp_AM_LA_IntHigh_2050","AM","LA","IntHigh","2050",5.640921637468
"03100206_61500000_SWEETWATER_CREEK",6600,5732,"SWEETWATER CREEK","03100206","61500000","STREAM","tbcmp_AM_LA_IntHigh_2050","AM","LA","IntHigh","2050",5.665632175568
"03100206_61500000_SWEETWATER_CREEK",9113,6234,"SWEETWATER CREEK","03100206","61500000","STREAM","tbcmp_AM_LA_IntHigh_2050","AM","LA","IntHigh","2050",6.161819780616
"03100206_62600000_PEPPER_MOUND_CREEK",1200,631315,"PEPPER MOUND CREEK","03100206","62600000","STREAM","tbcmp_AM_LA_IntHigh_2050","AM","LA","IntHigh","2050",624.00533442406
"03100206_62600000_PEPPER_MOUND_CREEK",1800,185,"PEPPER MOUND CREEK","03100206","62600000","STREAM","tbcmp_AM_LA_IntHigh_2050","AM","LA","IntHigh","2050",0.18285798194
"03100206_62600000_PEPPER_MOUND_CREEK",1900,6810,"PEPPER MOUND CREEK","03100206","62600000","STREAM","tbcmp_AM_LA_IntHigh_2050","AM","LA","IntHigh","2050",6.73115057844
"03100206_62600000_PEPPER_MOUND_CREEK",4100,24072,"PEPPER MOUND CREEK","03100206","62600000","STREAM","tbcmp_AM_LA_IntHigh_2050","AM","LA","IntHigh","2050",23.793282925728
"03100206_62600000_PEPPER_MOUND_CREEK",5200,4943,"PEPPER MOUND CREEK","03100206","62600000","STREAM","tbcmp_AM_LA_IntHigh_2050","AM","LA","IntHigh","2050",4.885767593132
"03100206_62600000_PEPPER_MOUND_CREEK",5400,135,"PEPPER MOUND CREEK","03100206","62600000","STREAM","tbcmp_AM_LA_IntHigh_2050","AM","LA","IntHigh","2050",0.13343690574
"03100206_62600000_PEPPER_MOUND_CREEK",6110,10976,"PEPPER MOUND CREEK","03100206","62600000","STREAM","tbcmp_AM_LA_IntHigh_2050","AM","LA","IntHigh","2050",10.848914647424
"03100206_62600000_PEPPER_MOUND_CREEK",6120,30483,"PEPPER MOUND CREEK","03100206","62600000","STREAM","tbcmp_AM_LA_IntHigh_2050","AM","LA","IntHigh","2050",30.130053316092
"03100206_62600000_PEPPER_MOUND_CREEK",6410,3888,"PEPPER MOUND CREEK","03100206","62600000","STREAM","tbcmp_AM_LA_IntHigh_2050","AM","LA","IntHigh","2050",3.842982885312
"03100206_62600000_PEPPER_MOUND_CREEK",6420,13212,"PEPPER MOUND CREEK","03100206","62600000","STREAM","tbcmp_AM_LA_IntHigh_2050","AM","LA","IntHigh","2050",13.059025175088
"03100206_62600000_PEPPER_MOUND_CREEK",6600,843,"PEPPER MOUND CREEK","03100206","62600000","STREAM","tbcmp_AM_LA_IntHigh_2050","AM","LA","IntHigh","2050",0.833239344732
"03100206_62600000_PEPPER_MOUND_CREEK",9113,461,"PEPPER MOUND CREEK","03100206","62600000","STREAM","tbcmp_AM_LA_IntHigh_2050","AM","LA","IntHigh","2050",0.455662322564
"03100206_63000000_WOODS_CREEK",0,489,"WOODS CREEK","03100206","63000000","STREAM","tbcmp_AM_LA_IntHigh_2050","AM","LA","IntHigh","2050",0.483338125236
"03100206_63000000_WOODS_CREEK",1100,2588,"WOODS CREEK","03100206","63000000","STREAM","tbcmp_AM_LA_IntHigh_2050","AM","LA","IntHigh","2050",2.558034904112
"03100206_63000000_WOODS_CREEK",1200,162660,"WOODS CREEK","03100206","63000000","STREAM","tbcmp_AM_LA_IntHigh_2050","AM","LA","IntHigh","2050",160.77664509384
"03100206_63000000_WOODS_CREEK",5400,26030,"WOODS CREEK","03100206","63000000","STREAM","tbcmp_AM_LA_IntHigh_2050","AM","LA","IntHigh","2050",25.72861226972
"03100206_63000000_WOODS_CREEK",6110,11138,"WOODS CREEK","03100206","63000000","STREAM","tbcmp_AM_LA_IntHigh_2050","AM","LA","IntHigh","2050",11.009038934312
"03100206_63000000_WOODS_CREEK",6120,10456,"WOODS CREEK","03100206","63000000","STREAM","tbcmp_AM_LA_IntHigh_2050","AM","LA","IntHigh","2050",10.334935454944
"03100206_63000000_WOODS_CREEK",6420,1094,"WOODS CREEK","03100206","63000000","STREAM","tbcmp_AM_LA_IntHigh_2050","AM","LA","IntHigh","2050",1.081333147256
"03100206_63000000_WOODS_CREEK",6425,41,"WOODS CREEK","03100206","63000000","STREAM","tbcmp_AM_LA_IntHigh_2050","AM","LA","IntHigh","2050",0.040525282484
"03100206_63000000_WOODS_CREEK",6510,667,"WOODS CREEK","03100206","63000000","STREAM","tbcmp_AM_LA_IntHigh_2050","AM","LA","IntHigh","2050",0.659277156508
"03100206_63000000_WOODS_CREEK",6600,67,"WOODS CREEK","03100206","63000000","STREAM","tbcmp_AM_LA_IntHigh_2050","AM","LA","IntHigh","2050",0.066224242108
"03100206_63000000_WOODS_CREEK",9113,1425,"WOODS CREEK","03100206","63000000","STREAM","tbcmp_AM_LA_IntHigh_2050","AM","LA","IntHigh","2050",1.4085006717
"03100206_63900000_WOODS_CREEK_TRIBUTARY",0,1410,"WOODS CREEK TRIBUTARY","03100206","63900000","CANAL","tbcmp_AM_LA_IntHigh_2050","AM","LA","IntHigh","2050",1.39367434884
"03100206_63900000_WOODS_CREEK_TRIBUTARY",1200,245359,"WOODS CREEK TRIBUTARY","03100206","63900000","CANAL","tbcmp_AM_LA_IntHigh_2050","AM","LA","IntHigh","2050",242.518116707116
"03100206_63900000_WOODS_CREEK_TRIBUTARY",1900,586,"WOODS CREEK TRIBUTARY","03100206","63900000","CANAL","tbcmp_AM_LA_IntHigh_2050","AM","LA","IntHigh","2050",0.579215013064
"03100206_63900000_WOODS_CREEK_TRIBUTARY",5200,2696,"WOODS CREEK TRIBUTARY","03100206","63900000","CANAL","tbcmp_AM_LA_IntHigh_2050","AM","LA","IntHigh","2050",2.664784428704
"03100206_63900000_WOODS_CREEK_TRIBUTARY",5400,30892,"WOODS CREEK TRIBUTARY","03100206","63900000","CANAL","tbcmp_AM_LA_IntHigh_2050","AM","LA","IntHigh","2050",30.534317719408
"03100206_63900000_WOODS_CREEK_TRIBUTARY",6110,2416,"WOODS CREEK TRIBUTARY","03100206","63900000","CANAL","tbcmp_AM_LA_IntHigh_2050","AM","LA","IntHigh","2050",2.388026401984
"03100206_63900000_WOODS_CREEK_TRIBUTARY",6120,875,"WOODS CREEK TRIBUTARY","03100206","63900000","CANAL","tbcmp_AM_LA_IntHigh_2050","AM","LA","IntHigh","2050",0.8648688335
"03100206_63900000_WOODS_CREEK_TRIBUTARY",6420,252,"WOODS CREEK TRIBUTARY","03100206","63900000","CANAL","tbcmp_AM_LA_IntHigh_2050","AM","LA","IntHigh","2050",0.249082224048
"03100206_63900000_WOODS_CREEK_TRIBUTARY",6600,528,"WOODS CREEK TRIBUTARY","03100206","63900000","CANAL","tbcmp_AM_LA_IntHigh_2050","AM","LA","IntHigh","2050",0.521886564672
"03100206_63900000_WOODS_CREEK_TRIBUTARY",9113,1509,"WOODS CREEK TRIBUTARY","03100206","63900000","CANAL","tbcmp_AM_LA_IntHigh_2050","AM","LA","IntHigh","2050",1.491528079716
"03100206_64990000_CHANNEL_G",0,58,"CHANNEL G","03100206","64990000","CANAL","tbcmp_AM_LA_IntHigh_2050","AM","LA","IntHigh","2050",0.057328448392
"03100206_64990000_CHANNEL_G",1100,15343,"CHANNEL G","03100206","64990000","CANAL","tbcmp_AM_LA_IntHigh_2050","AM","LA","IntHigh","2050",15.165351442732
"03100206_64990000_CHANNEL_G",1200,2175464,"CHANNEL G","03100206","64990000","CANAL","tbcmp_AM_LA_IntHigh_2050","AM","LA","IntHigh","2050",2150.27544228714
"03100206_64990000_CHANNEL_G",1800,2905,"CHANNEL G","03100206","64990000","CANAL","tbcmp_AM_LA_IntHigh_2050","AM","LA","IntHigh","2050",2.87136452722
"03100206_64990000_CHANNEL_G",1900,32763,"CHANNEL G","03100206","64990000","CANAL","tbcmp_AM_LA_IntHigh_2050","AM","LA","IntHigh","2050",32.383654390812
"03100206_64990000_CHANNEL_G",2100,4281,"CHANNEL G","03100206","64990000","CANAL","tbcmp_AM_LA_IntHigh_2050","AM","LA","IntHigh","2050",4.231432544244
"03100206_64990000_CHANNEL_G",3200,1104,"CHANNEL G","03100206","64990000","CANAL","tbcmp_AM_LA_IntHigh_2050","AM","LA","IntHigh","2050",1.091217362496
"03100206_64990000_CHANNEL_G",4100,54023,"CHANNEL G","03100206","64990000","CANAL","tbcmp_AM_LA_IntHigh_2050","AM","LA","IntHigh","2050",53.397495991052
"03100206_64990000_CHANNEL_G",5200,52465,"CHANNEL G","03100206","64990000","CANAL","tbcmp_AM_LA_IntHigh_2050","AM","LA","IntHigh","2050",51.85753525666
"03100206_64990000_CHANNEL_G",5400,158080,"CHANNEL G","03100206","64990000","CANAL","tbcmp_AM_LA_IntHigh_2050","AM","LA","IntHigh","2050",156.24967451392
"03100206_64990000_CHANNEL_G",6110,66651,"CHANNEL G","03100206","64990000","CANAL","tbcmp_AM_LA_IntHigh_2050","AM","LA","IntHigh","2050",65.879282996124
"03100206_64990000_CHANNEL_G",6120,593,"CHANNEL G","03100206","64990000","CANAL","tbcmp_AM_LA_IntHigh_2050","AM","LA","IntHigh","2050",0.586133963732
"03100206_64990000_CHANNEL_G",6410,16407,"CHANNEL G","03100206","64990000","CANAL","tbcmp_AM_LA_IntHigh_2050","AM","LA","IntHigh","2050",16.217031944268
"03100206_64990000_CHANNEL_G",6420,202197,"CHANNEL G","03100206","64990000","CANAL","tbcmp_AM_LA_IntHigh_2050","AM","LA","IntHigh","2050",199.855866888228
"03100206_64990000_CHANNEL_G",6425,119629,"CHANNEL G","03100206","64990000","CANAL","tbcmp_AM_LA_IntHigh_2050","AM","LA","IntHigh","2050",118.243878494596
"03100206_64990000_CHANNEL_G",6510,18201,"CHANNEL G","03100206","64990000","CANAL","tbcmp_AM_LA_IntHigh_2050","AM","LA","IntHigh","2050",17.990260158324
"03100206_64990000_CHANNEL_G",6600,23900,"CHANNEL G","03100206","64990000","CANAL","tbcmp_AM_LA_IntHigh_2050","AM","LA","IntHigh","2050",23.6232744236
"03100206_64990000_CHANNEL_G",9113,103423,"CHANNEL G","03100206","64990000","CANAL","tbcmp_AM_LA_IntHigh_2050","AM","LA","IntHigh","2050",102.225519276652
"03100206_65500000_CHAPMAN_LAKE_OUTLET",1100,246782,"CHAPMAN LAKE OUTLET","03100206","65500000","STREAM","tbcmp_AM_LA_IntHigh_2050","AM","LA","IntHigh","2050",243.924640535768
"03100206_65500000_CHAPMAN_LAKE_OUTLET",1200,932877,"CHAPMAN LAKE OUTLET","03100206","65500000","STREAM","tbcmp_AM_LA_IntHigh_2050","AM","LA","IntHigh","2050",922.075706044548
"03100206_65500000_CHAPMAN_LAKE_OUTLET",1800,7110,"CHAPMAN LAKE OUTLET","03100206","65500000","STREAM","tbcmp_AM_LA_IntHigh_2050","AM","LA","IntHigh","2050",7.02767703564
"03100206_65500000_CHAPMAN_LAKE_OUTLET",1820,48207,"CHAPMAN LAKE OUTLET","03100206","65500000","STREAM","tbcmp_AM_LA_IntHigh_2050","AM","LA","IntHigh","2050",47.648836407468
"03100206_65500000_CHAPMAN_LAKE_OUTLET",1900,46311,"CHAPMAN LAKE OUTLET","03100206","65500000","STREAM","tbcmp_AM_LA_IntHigh_2050","AM","LA","IntHigh","2050",45.774789197964
"03100206_65500000_CHAPMAN_LAKE_OUTLET",2100,2559,"CHAPMAN LAKE OUTLET","03100206","65500000","STREAM","tbcmp_AM_LA_IntHigh_2050","AM","LA","IntHigh","2050",2.529370679916
"03100206_65500000_CHAPMAN_LAKE_OUTLET",4100,81329,"CHAPMAN LAKE OUTLET","03100206","65500000","STREAM","tbcmp_AM_LA_IntHigh_2050","AM","LA","IntHigh","2050",80.387334125396
"03100206_65500000_CHAPMAN_LAKE_OUTLET",4400,1595,"CHAPMAN LAKE OUTLET","03100206","65500000","STREAM","tbcmp_AM_LA_IntHigh_2050","AM","LA","IntHigh","2050",1.57653233078
"03100206_65500000_CHAPMAN_LAKE_OUTLET",5200,186814,"CHAPMAN LAKE OUTLET","03100206","65500000","STREAM","tbcmp_AM_LA_IntHigh_2050","AM","LA","IntHigh","2050",184.650978584536
"03100206_65500000_CHAPMAN_LAKE_OUTLET",6110,66250,"CHAPMAN LAKE OUTLET","03100206","65500000","STREAM","tbcmp_AM_LA_IntHigh_2050","AM","LA","IntHigh","2050",65.482925965
"03100206_65500000_CHAPMAN_LAKE_OUTLET",6410,166218,"CHAPMAN LAKE OUTLET","03100206","65500000","STREAM","tbcmp_AM_LA_IntHigh_2050","AM","LA","IntHigh","2050",164.293448876232
"03100206_65509900_SWEETWATER_CREEK",1100,333023,"SWEETWATER CREEK","03100206","65509900","STREAM","tbcmp_AM_LA_IntHigh_2050","AM","LA","IntHigh","2050",329.167101187052
"03100206_65509900_SWEETWATER_CREEK",1200,8579932,"SWEETWATER CREEK","03100206","65509900","STREAM","tbcmp_AM_LA_IntHigh_2050","AM","LA","IntHigh","2050",8480.58946325637
"03100206_65509900_SWEETWATER_CREEK",1800,86620,"SWEETWATER CREEK","03100206","65509900","STREAM","tbcmp_AM_LA_IntHigh_2050","AM","LA","IntHigh","2050",85.61707240888
"03100206_65509900_SWEETWATER_CREEK",1820,102404,"SWEETWATER CREEK","03100206","65509900","STREAM","tbcmp_AM_LA_IntHigh_2050","AM","LA","IntHigh","2050",101.218317743696
"03100206_65509900_SWEETWATER_CREEK",1900,240733,"SWEETWATER CREEK","03100206","65509900","STREAM","tbcmp_AM_LA_IntHigh_2050","AM","LA","IntHigh","2050",237.945678737092
"03100206_65509900_SWEETWATER_CREEK",2100,6840,"SWEETWATER CREEK","03100206","65509900","STREAM","tbcmp_AM_LA_IntHigh_2050","AM","LA","IntHigh","2050",6.76080322416
"03100206_65509900_SWEETWATER_CREEK",2200,12490,"SWEETWATER CREEK","03100206","65509900","STREAM","tbcmp_AM_LA_IntHigh_2050","AM","LA","IntHigh","2050",12.34538483476
"03100206_65509900_SWEETWATER_CREEK",3200,44280,"SWEETWATER CREEK","03100206","65509900","STREAM","tbcmp_AM_LA_IntHigh_2050","AM","LA","IntHigh","2050",43.76730508272
"03100206_65509900_SWEETWATER_CREEK",4100,64406,"SWEETWATER CREEK","03100206","65509900","STREAM","tbcmp_AM_LA_IntHigh_2050","AM","LA","IntHigh","2050",63.660276674744
"03100206_65509900_SWEETWATER_CREEK",5200,1305210,"SWEETWATER CREEK","03100206","65509900","STREAM","tbcmp_AM_LA_IntHigh_2050","AM","LA","IntHigh","2050",1290.09765734004
"03100206_65509900_SWEETWATER_CREEK",5400,9270,"SWEETWATER CREEK","03100206","65509900","STREAM","tbcmp_AM_LA_IntHigh_2050","AM","LA","IntHigh","2050",9.16266752748
"03100206_65509900_SWEETWATER_CREEK",6110,805726,"SWEETWATER CREEK","03100206","65509900","STREAM","tbcmp_AM_LA_IntHigh_2050","AM","LA","IntHigh","2050",796.396920846424
"03100206_65509900_SWEETWATER_CREEK",6120,6,"SWEETWATER CREEK","03100206","65509900","STREAM","tbcmp_AM_LA_IntHigh_2050","AM","LA","IntHigh","2050",0.005930529144
"03100206_65509900_SWEETWATER_CREEK",6410,419860,"SWEETWATER CREEK","03100206","65509900","STREAM","tbcmp_AM_LA_IntHigh_2050","AM","LA","IntHigh","2050",414.99866106664
"03100206_65509900_SWEETWATER_CREEK",6420,1,"SWEETWATER CREEK","03100206","65509900","STREAM","tbcmp_AM_LA_IntHigh_2050","AM","LA","IntHigh","2050",0.000988421524
"03100206_65509900_SWEETWATER_CREEK",6600,26,"SWEETWATER CREEK","03100206","65509900","STREAM","tbcmp_AM_LA_IntHigh_2050","AM","LA","IntHigh","2050",0.025698959624
"03100206_66000000_LAKE_LE_CLARE_DRAIN",1100,109689,"LAKE LE CLARE DRAIN","03100206","66000000","DRAIN","tbcmp_AM_LA_IntHigh_2050","AM","LA","IntHigh","2050",108.418968546036
"03100206_66000000_LAKE_LE_CLARE_DRAIN",1200,792393,"LAKE LE CLARE DRAIN","03100206","66000000","DRAIN","tbcmp_AM_LA_IntHigh_2050","AM","LA","IntHigh","2050",783.218296666932
"03100206_66000000_LAKE_LE_CLARE_DRAIN",1820,1253,"LAKE LE CLARE DRAIN","03100206","66000000","DRAIN","tbcmp_AM_LA_IntHigh_2050","AM","LA","IntHigh","2050",1.238492169572
"03100206_66000000_LAKE_LE_CLARE_DRAIN",1900,30703,"LAKE LE CLARE DRAIN","03100206","66000000","DRAIN","tbcmp_AM_LA_IntHigh_2050","AM","LA","IntHigh","2050",30.347506051372
"03100206_66000000_LAKE_LE_CLARE_DRAIN",2400,4055,"LAKE LE CLARE DRAIN","03100206","66000000","DRAIN","tbcmp_AM_LA_IntHigh_2050","AM","LA","IntHigh","2050",4.00804927982
"03100206_66000000_LAKE_LE_CLARE_DRAIN",4100,37789,"LAKE LE CLARE DRAIN","03100206","66000000","DRAIN","tbcmp_AM_LA_IntHigh_2050","AM","LA","IntHigh","2050",37.351460970436
"03100206_66000000_LAKE_LE_CLARE_DRAIN",5200,121956,"LAKE LE CLARE DRAIN","03100206","66000000","DRAIN","tbcmp_AM_LA_IntHigh_2050","AM","LA","IntHigh","2050",120.543935380944
"03100206_66000000_LAKE_LE_CLARE_DRAIN",6110,174163,"LAKE LE CLARE DRAIN","03100206","66000000","DRAIN","tbcmp_AM_LA_IntHigh_2050","AM","LA","IntHigh","2050",172.146457884412
"03100206_66000000_LAKE_LE_CLARE_DRAIN",6410,26288,"LAKE LE CLARE DRAIN","03100206","66000000","DRAIN","tbcmp_AM_LA_IntHigh_2050","AM","LA","IntHigh","2050",25.983625022912
"03100206_66700000_HORSE_LAKE",1100,27045,"HORSE LAKE","03100206","66700000","LAKE","tbcmp_AM_LA_IntHigh_2050","AM","LA","IntHigh","2050",26.73186011658
"03100206_66700000_HORSE_LAKE",1200,25701,"HORSE LAKE","03100206","66700000","LAKE","tbcmp_AM_LA_IntHigh_2050","AM","LA","IntHigh","2050",25.403421588324
"03100206_66700000_HORSE_LAKE",1820,13074,"HORSE LAKE","03100206","66700000","LAKE","tbcmp_AM_LA_IntHigh_2050","AM","LA","IntHigh","2050",12.922623004776
"03100206_66700000_HORSE_LAKE",1900,2328,"HORSE LAKE","03100206","66700000","LAKE","tbcmp_AM_LA_IntHigh_2050","AM","LA","IntHigh","2050",2.301045307872
"03100206_66700000_HORSE_LAKE",2100,3902,"HORSE LAKE","03100206","66700000","LAKE","tbcmp_AM_LA_IntHigh_2050","AM","LA","IntHigh","2050",3.856820786648
"03100206_66700000_HORSE_LAKE",2400,185,"HORSE LAKE","03100206","66700000","LAKE","tbcmp_AM_LA_IntHigh_2050","AM","LA","IntHigh","2050",0.18285798194
"03100206_66700000_HORSE_LAKE",4100,24471,"HORSE LAKE","03100206","66700000","LAKE","tbcmp_AM_LA_IntHigh_2050","AM","LA","IntHigh","2050",24.187663113804
"03100206_66700000_HORSE_LAKE",5200,17333,"HORSE LAKE","03100206","66700000","LAKE","tbcmp_AM_LA_IntHigh_2050","AM","LA","IntHigh","2050",17.132310275492
"03100206_66700000_HORSE_LAKE",6110,5821,"HORSE LAKE","03100206","66700000","LAKE","tbcmp_AM_LA_IntHigh_2050","AM","LA","IntHigh","2050",5.753601691204
"03100206_66700000_HORSE_LAKE",6410,8573,"HORSE LAKE","03100206","66700000","LAKE","tbcmp_AM_LA_IntHigh_2050","AM","LA","IntHigh","2050",8.473737725252
"03100206_66700000_SLOUGH",1100,228192,"SLOUGH","03100206","66700000","SLOUGH","tbcmp_AM_LA_IntHigh_2050","AM","LA","IntHigh","2050",225.549884404608
"03100206_66700000_SLOUGH",1200,231927,"SLOUGH","03100206","66700000","SLOUGH","tbcmp_AM_LA_IntHigh_2050","AM","LA","IntHigh","2050",229.241638796748
"03100206_66700000_SLOUGH",1820,1396,"SLOUGH","03100206","66700000","SLOUGH","tbcmp_AM_LA_IntHigh_2050","AM","LA","IntHigh","2050",1.379836447504
"03100206_66700000_SLOUGH",1900,36249,"SLOUGH","03100206","66700000","SLOUGH","tbcmp_AM_LA_IntHigh_2050","AM","LA","IntHigh","2050",35.829291823476
"03100206_66700000_SLOUGH",2100,74622,"SLOUGH","03100206","66700000","SLOUGH","tbcmp_AM_LA_IntHigh_2050","AM","LA","IntHigh","2050",73.757990963928
"03100206_66700000_SLOUGH",2400,14706,"SLOUGH","03100206","66700000","SLOUGH","tbcmp_AM_LA_IntHigh_2050","AM","LA","IntHigh","2050",14.535726931944
"03100206_66700000_SLOUGH",3200,13116,"SLOUGH","03100206","66700000","SLOUGH","tbcmp_AM_LA_IntHigh_2050","AM","LA","IntHigh","2050",12.964136708784
"03100206_66700000_SLOUGH",4100,18967,"SLOUGH","03100206","66700000","SLOUGH","tbcmp_AM_LA_IntHigh_2050","AM","LA","IntHigh","2050",18.747391045708
"03100206_66700000_SLOUGH",5200,24768,"SLOUGH","03100206","66700000","SLOUGH","tbcmp_AM_LA_IntHigh_2050","AM","LA","IntHigh","2050",24.481224306432
"03100206_66700000_SLOUGH",6110,127338,"SLOUGH","03100206","66700000","SLOUGH","tbcmp_AM_LA_IntHigh_2050","AM","LA","IntHigh","2050",125.863620023112
"03100206_66700000_SLOUGH",6410,28684,"SLOUGH","03100206","66700000","SLOUGH","tbcmp_AM_LA_IntHigh_2050","AM","LA","IntHigh","2050",28.351882994416
"03100206_66720000_HALFMOON_LAKE_DRAIN",1100,245973,"HALFMOON LAKE DRAIN","03100206","66720000","DRAIN","tbcmp_AM_LA_IntHigh_2050","AM","LA","IntHigh","2050",243.125007522852
"03100206_66720000_HALFMOON_LAKE_DRAIN",1200,322116,"HALFMOON LAKE DRAIN","03100206","66720000","DRAIN","tbcmp_AM_LA_IntHigh_2050","AM","LA","IntHigh","2050",318.386387624784
"03100206_66720000_HALFMOON_LAKE_DRAIN",1900,2740,"HALFMOON LAKE DRAIN","03100206","66720000","DRAIN","tbcmp_AM_LA_IntHigh_2050","AM","LA","IntHigh","2050",2.70827497576
"03100206_66720000_HALFMOON_LAKE_DRAIN",2400,8564,"HALFMOON LAKE DRAIN","03100206","66720000","DRAIN","tbcmp_AM_LA_IntHigh_2050","AM","LA","IntHigh","2050",8.464841931536
"03100206_66720000_HALFMOON_LAKE_DRAIN",4100,4684,"HALFMOON LAKE DRAIN","03100206","66720000","DRAIN","tbcmp_AM_LA_IntHigh_2050","AM","LA","IntHigh","2050",4.629766418416
"03100206_66720000_HALFMOON_LAKE_DRAIN",5200,77149,"HALFMOON LAKE DRAIN","03100206","66720000","DRAIN","tbcmp_AM_LA_IntHigh_2050","AM","LA","IntHigh","2050",76.255732155076
"03100206_66720000_HALFMOON_LAKE_DRAIN",6110,82637,"HALFMOON LAKE DRAIN","03100206","66720000","DRAIN","tbcmp_AM_LA_IntHigh_2050","AM","LA","IntHigh","2050",81.680189478788
"03100206_66720000_HALFMOON_LAKE_DRAIN",6410,8687,"HALFMOON LAKE DRAIN","03100206","66720000","DRAIN","tbcmp_AM_LA_IntHigh_2050","AM","LA","IntHigh","2050",8.586417778988
"03100206_66805000_LAKE_DRAINAGE_DITCH",1100,116255,"LAKE DRAINAGE DITCH","03100206","66805000","DITCH","tbcmp_AM_LA_IntHigh_2050","AM","LA","IntHigh","2050",114.90894427262
"03100206_66805000_LAKE_DRAINAGE_DITCH",1200,784851,"LAKE DRAINAGE DITCH","03100206","66805000","DITCH","tbcmp_AM_LA_IntHigh_2050","AM","LA","IntHigh","2050",775.763621532924
"03100206_66805000_LAKE_DRAINAGE_DITCH",1800,25451,"LAKE DRAINAGE DITCH","03100206","66805000","DITCH","tbcmp_AM_LA_IntHigh_2050","AM","LA","IntHigh","2050",25.156316207324
"03100206_66805000_LAKE_DRAINAGE_DITCH",1820,76434,"LAKE DRAINAGE DITCH","03100206","66805000","DITCH","tbcmp_AM_LA_IntHigh_2050","AM","LA","IntHigh","2050",75.549010765416
"03100206_66805000_LAKE_DRAINAGE_DITCH",1900,32496,"LAKE DRAINAGE DITCH","03100206","66805000","DITCH","tbcmp_AM_LA_IntHigh_2050","AM","LA","IntHigh","2050",32.119745843904
"03100206_66805000_LAKE_DRAINAGE_DITCH",2100,26524,"LAKE DRAINAGE DITCH","03100206","66805000","DITCH","tbcmp_AM_LA_IntHigh_2050","AM","LA","IntHigh","2050",26.216892502576
"03100206_66805000_LAKE_DRAINAGE_DITCH",2200,15996,"LAKE DRAINAGE DITCH","03100206","66805000","DITCH","tbcmp_AM_LA_IntHigh_2050","AM","LA","IntHigh","2050",15.810790697904
"03100206_66805000_LAKE_DRAINAGE_DITCH",2400,1275,"LAKE DRAINAGE DITCH","03100206","66805000","DITCH","tbcmp_AM_LA_IntHigh_2050","AM","LA","IntHigh","2050",1.2602374431
"03100206_66805000_LAKE_DRAINAGE_DITCH",4100,3653,"LAKE DRAINAGE DITCH","03100206","66805000","DITCH","tbcmp_AM_LA_IntHigh_2050","AM","LA","IntHigh","2050",3.610703827172
"03100206_66805000_LAKE_DRAINAGE_DITCH",4400,9669,"LAKE DRAINAGE DITCH","03100206","66805000","DITCH","tbcmp_AM_LA_IntHigh_2050","AM","LA","IntHigh","2050",9.557047715556
"03100206_66805000_LAKE_DRAINAGE_DITCH",5200,121522,"LAKE DRAINAGE DITCH","03100206","66805000","DITCH","tbcmp_AM_LA_IntHigh_2050","AM","LA","IntHigh","2050",120.114960439528
"03100206_66805000_LAKE_DRAINAGE_DITCH",6110,193288,"LAKE DRAINAGE DITCH","03100206","66805000","DITCH","tbcmp_AM_LA_IntHigh_2050","AM","LA","IntHigh","2050",191.050019530912
"03100206_66805000_LAKE_DRAINAGE_DITCH",6410,90344,"LAKE DRAINAGE DITCH","03100206","66805000","DITCH","tbcmp_AM_LA_IntHigh_2050","AM","LA","IntHigh","2050",89.297954164256
"03100206_66805099_DRAINAGE_CANAL",1100,310753,"DRAINAGE CANAL","03100206","66805099","CANAL","tbcmp_AM_LA_IntHigh_2050","AM","LA","IntHigh","2050",307.154953847572
"03100206_66805099_DRAINAGE_CANAL",1200,1513731,"DRAINAGE CANAL","03100206","66805099","CANAL","tbcmp_AM_LA_IntHigh_2050","AM","LA","IntHigh","2050",1496.20430194604
"03100206_66805099_DRAINAGE_CANAL",1800,32110,"DRAINAGE CANAL","03100206","66805099","CANAL","tbcmp_AM_LA_IntHigh_2050","AM","LA","IntHigh","2050",31.73821513564
"03100206_66805099_DRAINAGE_CANAL",1820,3482,"DRAINAGE CANAL","03100206","66805099","CANAL","tbcmp_AM_LA_IntHigh_2050","AM","LA","IntHigh","2050",3.441683746568
"03100206_66805099_DRAINAGE_CANAL",1900,48441,"DRAINAGE CANAL","03100206","66805099","CANAL","tbcmp_AM_LA_IntHigh_2050","AM","LA","IntHigh","2050",47.880127044084
"03100206_66805099_DRAINAGE_CANAL",2100,26643,"DRAINAGE CANAL","03100206","66805099","CANAL","tbcmp_AM_LA_IntHigh_2050","AM","LA","IntHigh","2050",26.334514663932
"03100206_66805099_DRAINAGE_CANAL",2400,18779,"DRAINAGE CANAL","03100206","66805099","CANAL","tbcmp_AM_LA_IntHigh_2050","AM","LA","IntHigh","2050",18.561567799196
"03100206_66805099_DRAINAGE_CANAL",4100,50910,"DRAINAGE CANAL","03100206","66805099","CANAL","tbcmp_AM_LA_IntHigh_2050","AM","LA","IntHigh","2050",50.32053978684
"03100206_66805099_DRAINAGE_CANAL",4400,18714,"DRAINAGE CANAL","03100206","66805099","CANAL","tbcmp_AM_LA_IntHigh_2050","AM","LA","IntHigh","2050",18.497320400136
"03100206_66805099_DRAINAGE_CANAL",5200,405800,"DRAINAGE CANAL","03100206","66805099","CANAL","tbcmp_AM_LA_IntHigh_2050","AM","LA","IntHigh","2050",401.1014544392
"03100206_66805099_DRAINAGE_CANAL",6110,272471,"DRAINAGE CANAL","03100206","66805099","CANAL","tbcmp_AM_LA_IntHigh_2050","AM","LA","IntHigh","2050",269.316201065804
"03100206_66805099_DRAINAGE_CANAL",6410,173342,"DRAINAGE CANAL","03100206","66805099","CANAL","tbcmp_AM_LA_IntHigh_2050","AM","LA","IntHigh","2050",171.334963813208
"03100206_66805500_DRAINAGE_DITCHES",1100,20312,"DRAINAGE DITCHES","03100206","66805500","DITCH","tbcmp_AM_LA_IntHigh_2050","AM","LA","IntHigh","2050",20.076817995488
"03100206_66805500_DRAINAGE_DITCHES",1200,560832,"DRAINAGE DITCHES","03100206","66805500","DITCH","tbcmp_AM_LA_IntHigh_2050","AM","LA","IntHigh","2050",554.338420147968
"03100206_66805500_DRAINAGE_DITCHES",1800,15504,"DRAINAGE DITCHES","03100206","66805500","DITCH","tbcmp_AM_LA_IntHigh_2050","AM","LA","IntHigh","2050",15.324487308096
"03100206_66805500_DRAINAGE_DITCHES",1820,29081,"DRAINAGE DITCHES","03100206","66805500","DITCH","tbcmp_AM_LA_IntHigh_2050","AM","LA","IntHigh","2050",28.744286339444
"03100206_66805500_DRAINAGE_DITCHES",2400,435,"DRAINAGE DITCHES","03100206","66805500","DITCH","tbcmp_AM_LA_IntHigh_2050","AM","LA","IntHigh","2050",0.42996336294
"03100206_66805500_DRAINAGE_DITCHES",5200,41693,"DRAINAGE DITCHES","03100206","66805500","DITCH","tbcmp_AM_LA_IntHigh_2050","AM","LA","IntHigh","2050",41.210258600132
"03100206_66805500_DRAINAGE_DITCHES",6110,102649,"DRAINAGE DITCHES","03100206","66805500","DITCH","tbcmp_AM_LA_IntHigh_2050","AM","LA","IntHigh","2050",101.460481017076
"03100206_66805500_DRAINAGE_DITCHES",6410,8908,"DRAINAGE DITCHES","03100206","66805500","DITCH","tbcmp_AM_LA_IntHigh_2050","AM","LA","IntHigh","2050",8.804858935792
"03100206_66809900_BRUSHY_CREEK",1100,344236,"BRUSHY CREEK","03100206","66809900","STREAM","tbcmp_AM_LA_IntHigh_2050","AM","LA","IntHigh","2050",340.250271735664
"03100206_66809900_BRUSHY_CREEK",1200,3017353,"BRUSHY CREEK","03100206","66809900","STREAM","tbcmp_AM_LA_IntHigh_2050","AM","LA","IntHigh","2050",2982.41665070597
"03100206_66809900_BRUSHY_CREEK",1800,79373,"BRUSHY CREEK","03100206","66809900","STREAM","tbcmp_AM_LA_IntHigh_2050","AM","LA","IntHigh","2050",78.453981624452
"03100206_66809900_BRUSHY_CREEK",1820,141549,"BRUSHY CREEK","03100206","66809900","STREAM","tbcmp_AM_LA_IntHigh_2050","AM","LA","IntHigh","2050",139.910078300676
"03100206_66809900_BRUSHY_CREEK",1900,134456,"BRUSHY CREEK","03100206","66809900","STREAM","tbcmp_AM_LA_IntHigh_2050","AM","LA","IntHigh","2050",132.899204430944
"03100206_66809900_BRUSHY_CREEK",2100,16885,"BRUSHY CREEK","03100206","66809900","STREAM","tbcmp_AM_LA_IntHigh_2050","AM","LA","IntHigh","2050",16.68949743274
"03100206_66809900_BRUSHY_CREEK",2400,2571,"BRUSHY CREEK","03100206","66809900","STREAM","tbcmp_AM_LA_IntHigh_2050","AM","LA","IntHigh","2050",2.541231738204
"03100206_66809900_BRUSHY_CREEK",3200,10213,"BRUSHY CREEK","03100206","66809900","STREAM","tbcmp_AM_LA_IntHigh_2050","AM","LA","IntHigh","2050",10.094749024612
"03100206_66809900_BRUSHY_CREEK",4100,263235,"BRUSHY CREEK","03100206","66809900","STREAM","tbcmp_AM_LA_IntHigh_2050","AM","LA","IntHigh","2050",260.18713987014
"03100206_66809900_BRUSHY_CREEK",5200,349683,"BRUSHY CREEK","03100206","66809900","STREAM","tbcmp_AM_LA_IntHigh_2050","AM","LA","IntHigh","2050",345.634203776892
"03100206_66809900_BRUSHY_CREEK",6110,655195,"BRUSHY CREEK","03100206","66809900","STREAM","tbcmp_AM_LA_IntHigh_2050","AM","LA","IntHigh","2050",647.60884041718
"03100206_66809900_BRUSHY_CREEK",6410,190932,"BRUSHY CREEK","03100206","66809900","STREAM","tbcmp_AM_LA_IntHigh_2050","AM","LA","IntHigh","2050",188.721298420368
"03100206_66980000_UPPER_ROCKY_CREEK",1100,889010,"UPPER ROCKY CREEK","03100206","66980000","STREAM","tbcmp_AM_LA_IntHigh_2050","AM","LA","IntHigh","2050",878.71661905124
"03100206_66980000_UPPER_ROCKY_CREEK",1200,3478587,"UPPER ROCKY CREEK","03100206","66980000","STREAM","tbcmp_AM_LA_IntHigh_2050","AM","LA","IntHigh","2050",3438.31026390659
"03100206_66980000_UPPER_ROCKY_CREEK",1800,76108,"UPPER ROCKY CREEK","03100206","66980000","STREAM","tbcmp_AM_LA_IntHigh_2050","AM","LA","IntHigh","2050",75.226785348592
"03100206_66980000_UPPER_ROCKY_CREEK",1820,330647,"UPPER ROCKY CREEK","03100206","66980000","STREAM","tbcmp_AM_LA_IntHigh_2050","AM","LA","IntHigh","2050",326.818611646028
"03100206_66980000_UPPER_ROCKY_CREEK",1900,444459,"UPPER ROCKY CREEK","03100206","66980000","STREAM","tbcmp_AM_LA_IntHigh_2050","AM","LA","IntHigh","2050",439.312842135516
"03100206_66980000_UPPER_ROCKY_CREEK",2100,282038,"UPPER ROCKY CREEK","03100206","66980000","STREAM","tbcmp_AM_LA_IntHigh_2050","AM","LA","IntHigh","2050",278.772429785912
"03100206_66980000_UPPER_ROCKY_CREEK",2200,7516,"UPPER ROCKY CREEK","03100206","66980000","STREAM","tbcmp_AM_LA_IntHigh_2050","AM","LA","IntHigh","2050",7.428976174384
"03100206_66980000_UPPER_ROCKY_CREEK",2400,24904,"UPPER ROCKY CREEK","03100206","66980000","STREAM","tbcmp_AM_LA_IntHigh_2050","AM","LA","IntHigh","2050",24.615649633696
"03100206_66980000_UPPER_ROCKY_CREEK",3200,84103,"UPPER ROCKY CREEK","03100206","66980000","STREAM","tbcmp_AM_LA_IntHigh_2050","AM","LA","IntHigh","2050",83.129215432972
"03100206_66980000_UPPER_ROCKY_CREEK",4100,185587,"UPPER ROCKY CREEK","03100206","66980000","STREAM","tbcmp_AM_LA_IntHigh_2050","AM","LA","IntHigh","2050",183.438185374588
"03100206_66980000_UPPER_ROCKY_CREEK",4400,156415,"UPPER ROCKY CREEK","03100206","66980000","STREAM","tbcmp_AM_LA_IntHigh_2050","AM","LA","IntHigh","2050",154.60395267646
"03100206_66980000_UPPER_ROCKY_CREEK",5200,1219782,"UPPER ROCKY CREEK","03100206","66980000","STREAM","tbcmp_AM_LA_IntHigh_2050","AM","LA","IntHigh","2050",1205.65878338777
"03100206_66980000_UPPER_ROCKY_CREEK",6110,1882242,"UPPER ROCKY CREEK","03100206","66980000","STREAM","tbcmp_AM_LA_IntHigh_2050","AM","LA","IntHigh","2050",1860.44850617681
"03100206_66980000_UPPER_ROCKY_CREEK",6410,483167,"UPPER ROCKY CREEK","03100206","66980000","STREAM","tbcmp_AM_LA_IntHigh_2050","AM","LA","IntHigh","2050",477.572662486508
"03100206_66990000_LOWER_ROCKY_CREEK",1100,659802,"LOWER ROCKY CREEK","03100206","66990000","STREAM","tbcmp_AM_LA_IntHigh_2050","AM","LA","IntHigh","2050",652.162498378248
"03100206_66990000_LOWER_ROCKY_CREEK",1200,4366722,"LOWER ROCKY CREEK","03100206","66990000","STREAM","tbcmp_AM_LA_IntHigh_2050","AM","LA","IntHigh","2050",4316.16201412433
"03100206_66990000_LOWER_ROCKY_CREEK",1800,128246,"LOWER ROCKY CREEK","03100206","66990000","STREAM","tbcmp_AM_LA_IntHigh_2050","AM","LA","IntHigh","2050",126.761106766904
"03100206_66990000_LOWER_ROCKY_CREEK",1820,82640,"LOWER ROCKY CREEK","03100206","66990000","STREAM","tbcmp_AM_LA_IntHigh_2050","AM","LA","IntHigh","2050",81.68315474336
"03100206_66990000_LOWER_ROCKY_CREEK",1900,189624,"LOWER ROCKY CREEK","03100206","66990000","STREAM","tbcmp_AM_LA_IntHigh_2050","AM","LA","IntHigh","2050",187.428443066976
"03100206_66990000_LOWER_ROCKY_CREEK",2100,8738,"LOWER ROCKY CREEK","03100206","66990000","STREAM","tbcmp_AM_LA_IntHigh_2050","AM","LA","IntHigh","2050",8.636827276712
"03100206_66990000_LOWER_ROCKY_CREEK",2400,10656,"LOWER ROCKY CREEK","03100206","66990000","STREAM","tbcmp_AM_LA_IntHigh_2050","AM","LA","IntHigh","2050",10.532619759744
"03100206_66990000_LOWER_ROCKY_CREEK",3200,116607,"LOWER ROCKY CREEK","03100206","66990000","STREAM","tbcmp_AM_LA_IntHigh_2050","AM","LA","IntHigh","2050",115.256868649068
"03100206_66990000_LOWER_ROCKY_CREEK",4100,66226,"LOWER ROCKY CREEK","03100206","66990000","STREAM","tbcmp_AM_LA_IntHigh_2050","AM","LA","IntHigh","2050",65.459203848424
"03100206_66990000_LOWER_ROCKY_CREEK",5200,542101,"LOWER ROCKY CREEK","03100206","66990000","STREAM","tbcmp_AM_LA_IntHigh_2050","AM","LA","IntHigh","2050",535.824296581924
"03100206_66990000_LOWER_ROCKY_CREEK",5400,77881,"LOWER ROCKY CREEK","03100206","66990000","STREAM","tbcmp_AM_LA_IntHigh_2050","AM","LA","IntHigh","2050",76.979256710644
"03100206_66990000_LOWER_ROCKY_CREEK",6110,1017606,"LOWER ROCKY CREEK","03100206","66990000","STREAM","tbcmp_AM_LA_IntHigh_2050","AM","LA","IntHigh","2050",1005.82367335154
"03100206_66990000_LOWER_ROCKY_CREEK",6410,184598,"LOWER ROCKY CREEK","03100206","66990000","STREAM","tbcmp_AM_LA_IntHigh_2050","AM","LA","IntHigh","2050",182.460636487352
"03100206_66990000_LOWER_ROCKY_CREEK",6420,816,"LOWER ROCKY CREEK","03100206","66990000","STREAM","tbcmp_AM_LA_IntHigh_2050","AM","LA","IntHigh","2050",0.806551963584
"03100206_66990000_LOWER_ROCKY_CREEK",6425,16520,"LOWER ROCKY CREEK","03100206","66990000","STREAM","tbcmp_AM_LA_IntHigh_2050","AM","LA","IntHigh","2050",16.32872357648
"03100206_66990000_LOWER_ROCKY_CREEK",6510,5778,"LOWER ROCKY CREEK","03100206","66990000","STREAM","tbcmp_AM_LA_IntHigh_2050","AM","LA","IntHigh","2050",5.711099565672
"03100206_66990000_LOWER_ROCKY_CREEK",6600,2224,"LOWER ROCKY CREEK","03100206","66990000","STREAM","tbcmp_AM_LA_IntHigh_2050","AM","LA","IntHigh","2050",2.198249469376
"03100206_66990000_LOWER_ROCKY_CREEK",9113,10054,"LOWER ROCKY CREEK","03100206","66990000","STREAM","tbcmp_AM_LA_IntHigh_2050","AM","LA","IntHigh","2050",9.937590002296
"03100206_67000000_DOUBLE_BRANCH",0,4854,"DOUBLE BRANCH","03100206","67000000","STREAM","tbcmp_AM_LA_IntHigh_2050","AM","LA","IntHigh","2050",4.797798077496
"03100206_67000000_DOUBLE_BRANCH",1100,1053523,"DOUBLE BRANCH","03100206","67000000","STREAM","tbcmp_AM_LA_IntHigh_2050","AM","LA","IntHigh","2050",1041.32480922905
"03100206_67000000_DOUBLE_BRANCH",1200,5856607,"DOUBLE BRANCH","03100206","67000000","STREAM","tbcmp_AM_LA_IntHigh_2050","AM","LA","IntHigh","2050",5788.79641640907
"03100206_67000000_DOUBLE_BRANCH",1800,409995,"DOUBLE BRANCH","03100206","67000000","STREAM","tbcmp_AM_LA_IntHigh_2050","AM","LA","IntHigh","2050",405.24788273238
"03100206_67000000_DOUBLE_BRANCH",1820,391650,"DOUBLE BRANCH","03100206","67000000","STREAM","tbcmp_AM_LA_IntHigh_2050","AM","LA","IntHigh","2050",387.1152898746
"03100206_67000000_DOUBLE_BRANCH",1900,665305,"DOUBLE BRANCH","03100206","67000000","STREAM","tbcmp_AM_LA_IntHigh_2050","AM","LA","IntHigh","2050",657.60178202482
"03100206_67000000_DOUBLE_BRANCH",2100,505332,"DOUBLE BRANCH","03100206","67000000","STREAM","tbcmp_AM_LA_IntHigh_2050","AM","LA","IntHigh","2050",499.481025565968
"03100206_67000000_DOUBLE_BRANCH",2400,19884,"DOUBLE BRANCH","03100206","67000000","STREAM","tbcmp_AM_LA_IntHigh_2050","AM","LA","IntHigh","2050",19.653773583216
"03100206_67000000_DOUBLE_BRANCH",3200,442636,"DOUBLE BRANCH","03100206","67000000","STREAM","tbcmp_AM_LA_IntHigh_2050","AM","LA","IntHigh","2050",437.510949697264
"03100206_67000000_DOUBLE_BRANCH",4100,2002966,"DOUBLE BRANCH","03100206","67000000","STREAM","tbcmp_AM_LA_IntHigh_2050","AM","LA","IntHigh","2050",1979.77470624018
"03100206_67000000_DOUBLE_BRANCH",4400,12779,"DOUBLE BRANCH","03100206","67000000","STREAM","tbcmp_AM_LA_IntHigh_2050","AM","LA","IntHigh","2050",12.631038655196
"03100206_67000000_DOUBLE_BRANCH",5200,1245963,"DOUBLE BRANCH","03100206","67000000","STREAM","tbcmp_AM_LA_IntHigh_2050","AM","LA","IntHigh","2050",1231.53664730761
"03100206_67000000_DOUBLE_BRANCH",5400,125794,"DOUBLE BRANCH","03100206","67000000","STREAM","tbcmp_AM_LA_IntHigh_2050","AM","LA","IntHigh","2050",124.337497190056
"03100206_67000000_DOUBLE_BRANCH",6110,2968578,"DOUBLE BRANCH","03100206","67000000","STREAM","tbcmp_AM_LA_IntHigh_2050","AM","LA","IntHigh","2050",2934.20639087287
"03100206_67000000_DOUBLE_BRANCH",6120,139019,"DOUBLE BRANCH","03100206","67000000","STREAM","tbcmp_AM_LA_IntHigh_2050","AM","LA","IntHigh","2050",137.409371844956
"03100206_67000000_DOUBLE_BRANCH",6410,886067,"DOUBLE BRANCH","03100206","67000000","STREAM","tbcmp_AM_LA_IntHigh_2050","AM","LA","IntHigh","2050",875.807694506108
"03100206_67000000_DOUBLE_BRANCH",6420,184486,"DOUBLE BRANCH","03100206","67000000","STREAM","tbcmp_AM_LA_IntHigh_2050","AM","LA","IntHigh","2050",182.349933276664
"03100206_67000000_DOUBLE_BRANCH",6425,166371,"DOUBLE BRANCH","03100206","67000000","STREAM","tbcmp_AM_LA_IntHigh_2050","AM","LA","IntHigh","2050",164.444677369404
"03100206_67000000_DOUBLE_BRANCH",6510,36107,"DOUBLE BRANCH","03100206","67000000","STREAM","tbcmp_AM_LA_IntHigh_2050","AM","LA","IntHigh","2050",35.688935967068
"03100206_67000000_DOUBLE_BRANCH",6600,49174,"DOUBLE BRANCH","03100206","67000000","STREAM","tbcmp_AM_LA_IntHigh_2050","AM","LA","IntHigh","2050",48.604640021176
"03100206_67000000_DOUBLE_BRANCH",9113,264931,"DOUBLE BRANCH","03100206","67000000","STREAM","tbcmp_AM_LA_IntHigh_2050","AM","LA","IntHigh","2050",261.863502774844
"03100206_68000000_BOAT_BAYOU",0,7687,"BOAT BAYOU","03100206","68000000","BAYOU","tbcmp_AM_LA_IntHigh_2050","AM","LA","IntHigh","2050",7.597996254988
"03100206_68000000_BOAT_BAYOU",1100,31260,"BOAT BAYOU","03100206","68000000","BAYOU","tbcmp_AM_LA_IntHigh_2050","AM","LA","IntHigh","2050",30.89805684024
"03100206_68000000_BOAT_BAYOU",1200,141742,"BOAT BAYOU","03100206","68000000","BAYOU","tbcmp_AM_LA_IntHigh_2050","AM","LA","IntHigh","2050",140.100843654808
"03100206_68000000_BOAT_BAYOU",1800,232,"BOAT BAYOU","03100206","68000000","BAYOU","tbcmp_AM_LA_IntHigh_2050","AM","LA","IntHigh","2050",0.229313793568
"03100206_68000000_BOAT_BAYOU",1900,4335,"BOAT BAYOU","03100206","68000000","BAYOU","tbcmp_AM_LA_IntHigh_2050","AM","LA","IntHigh","2050",4.28480730654
"03100206_68000000_BOAT_BAYOU",2100,20383,"BOAT BAYOU","03100206","68000000","BAYOU","tbcmp_AM_LA_IntHigh_2050","AM","LA","IntHigh","2050",20.146995923692
"03100206_68000000_BOAT_BAYOU",3200,1724,"BOAT BAYOU","03100206","68000000","BAYOU","tbcmp_AM_LA_IntHigh_2050","AM","LA","IntHigh","2050",1.704038707376
"03100206_68000000_BOAT_BAYOU",4100,88448,"BOAT BAYOU","03100206","68000000","BAYOU","tbcmp_AM_LA_IntHigh_2050","AM","LA","IntHigh","2050",87.423906954752
"03100206_68000000_BOAT_BAYOU",5200,10551,"BOAT BAYOU","03100206","68000000","BAYOU","tbcmp_AM_LA_IntHigh_2050","AM","LA","IntHigh","2050",10.428835499724
"03100206_68000000_BOAT_BAYOU",5400,13876,"BOAT BAYOU","03100206","68000000","BAYOU","tbcmp_AM_LA_IntHigh_2050","AM","LA","IntHigh","2050",13.715337067024
"03100206_68000000_BOAT_BAYOU",6110,35205,"BOAT BAYOU","03100206","68000000","BAYOU","tbcmp_AM_LA_IntHigh_2050","AM","LA","IntHigh","2050",34.79737975242
"03100206_68000000_BOAT_BAYOU",6120,78293,"BOAT BAYOU","03100206","68000000","BAYOU","tbcmp_AM_LA_IntHigh_2050","AM","LA","IntHigh","2050",77.386486378532
"03100206_68000000_BOAT_BAYOU",6410,7503,"BOAT BAYOU","03100206","68000000","BAYOU","tbcmp_AM_LA_IntHigh_2050","AM","LA","IntHigh","2050",7.416126694572
"03100206_68000000_BOAT_BAYOU",6420,52604,"BOAT BAYOU","03100206","68000000","BAYOU","tbcmp_AM_LA_IntHigh_2050","AM","LA","IntHigh","2050",51.994925848496
"03100206_68000000_BOAT_BAYOU",6425,2381,"BOAT BAYOU","03100206","68000000","BAYOU","tbcmp_AM_LA_IntHigh_2050","AM","LA","IntHigh","2050",2.353431648644
"03100206_68000000_BOAT_BAYOU",6600,8071,"BOAT BAYOU","03100206","68000000","BAYOU","tbcmp_AM_LA_IntHigh_2050","AM","LA","IntHigh","2050",7.977550120204
"03100206_68000000_BOAT_BAYOU",9113,18550,"BOAT BAYOU","03100206","68000000","BAYOU","tbcmp_AM_LA_IntHigh_2050","AM","LA","IntHigh","2050",18.3352192702
"03100206_69000000_MOBBLY_BAYOU",0,7122,"MOBBLY BAYOU","03100206","69000000","BAYOU","tbcmp_AM_LA_IntHigh_2050","AM","LA","IntHigh","2050",7.039538093928
"03100206_69000000_MOBBLY_BAYOU",1100,82507,"MOBBLY BAYOU","03100206","69000000","BAYOU","tbcmp_AM_LA_IntHigh_2050","AM","LA","IntHigh","2050",81.551694680668
"03100206_69000000_MOBBLY_BAYOU",1200,1039281,"MOBBLY BAYOU","03100206","69000000","BAYOU","tbcmp_AM_LA_IntHigh_2050","AM","LA","IntHigh","2050",1027.24770988424
"03100206_69000000_MOBBLY_BAYOU",1800,23756,"MOBBLY BAYOU","03100206","69000000","BAYOU","tbcmp_AM_LA_IntHigh_2050","AM","LA","IntHigh","2050",23.480941724144
"03100206_69000000_MOBBLY_BAYOU",1900,22728,"MOBBLY BAYOU","03100206","69000000","BAYOU","tbcmp_AM_LA_IntHigh_2050","AM","LA","IntHigh","2050",22.464844397472
"03100206_69000000_MOBBLY_BAYOU",3200,41356,"MOBBLY BAYOU","03100206","69000000","BAYOU","tbcmp_AM_LA_IntHigh_2050","AM","LA","IntHigh","2050",40.877160546544
"03100206_69000000_MOBBLY_BAYOU",4100,147510,"MOBBLY BAYOU","03100206","69000000","BAYOU","tbcmp_AM_LA_IntHigh_2050","AM","LA","IntHigh","2050",145.80205900524
"03100206_69000000_MOBBLY_BAYOU",5200,36754,"MOBBLY BAYOU","03100206","69000000","BAYOU","tbcmp_AM_LA_IntHigh_2050","AM","LA","IntHigh","2050",36.328444693096
"03100206_69000000_MOBBLY_BAYOU",5400,73783,"MOBBLY BAYOU","03100206","69000000","BAYOU","tbcmp_AM_LA_IntHigh_2050","AM","LA","IntHigh","2050",72.928705305292
"03100206_69000000_MOBBLY_BAYOU",6110,26092,"MOBBLY BAYOU","03100206","69000000","BAYOU","tbcmp_AM_LA_IntHigh_2050","AM","LA","IntHigh","2050",25.789894404208
"03100206_69000000_MOBBLY_BAYOU",6120,198554,"MOBBLY BAYOU","03100206","69000000","BAYOU","tbcmp_AM_LA_IntHigh_2050","AM","LA","IntHigh","2050",196.255047276296
"03100206_69000000_MOBBLY_BAYOU",6410,23193,"MOBBLY BAYOU","03100206","69000000","BAYOU","tbcmp_AM_LA_IntHigh_2050","AM","LA","IntHigh","2050",22.924460406132
"03100206_69000000_MOBBLY_BAYOU",6420,59593,"MOBBLY BAYOU","03100206","69000000","BAYOU","tbcmp_AM_LA_IntHigh_2050","AM","LA","IntHigh","2050",58.903003879732
"03100206_69000000_MOBBLY_BAYOU",6600,26449,"MOBBLY BAYOU","03100206","69000000","BAYOU","tbcmp_AM_LA_IntHigh_2050","AM","LA","IntHigh","2050",26.142760888276
"03100206_69000000_MOBBLY_BAYOU",9113,34766,"MOBBLY BAYOU","03100206","69000000","BAYOU","tbcmp_AM_LA_IntHigh_2050","AM","LA","IntHigh","2050",34.363462703384
"03100206_70000000_MOCCASIN_CREEK",0,3140,"MOCCASIN CREEK","03100206","70000000","STREAM","tbcmp_AM_LA_IntHigh_2050","AM","LA","IntHigh","2050",3.10364358536
"03100206_70000000_MOCCASIN_CREEK",1200,1397173,"MOCCASIN CREEK","03100206","70000000","STREAM","tbcmp_AM_LA_IntHigh_2050","AM","LA","IntHigh","2050",1380.99586595165
"03100206_70000000_MOCCASIN_CREEK",1800,14498,"MOCCASIN CREEK","03100206","70000000","STREAM","tbcmp_AM_LA_IntHigh_2050","AM","LA","IntHigh","2050",14.330135254952
"03100206_70000000_MOCCASIN_CREEK",1820,94793,"MOCCASIN CREEK","03100206","70000000","STREAM","tbcmp_AM_LA_IntHigh_2050","AM","LA","IntHigh","2050",93.695441524532
"03100206_70000000_MOCCASIN_CREEK",1900,51821,"MOCCASIN CREEK","03100206","70000000","STREAM","tbcmp_AM_LA_IntHigh_2050","AM","LA","IntHigh","2050",51.220991795204
"03100206_70000000_MOCCASIN_CREEK",3200,38967,"MOCCASIN CREEK","03100206","70000000","STREAM","tbcmp_AM_LA_IntHigh_2050","AM","LA","IntHigh","2050",38.515821525708
"03100206_70000000_MOCCASIN_CREEK",4100,268801,"MOCCASIN CREEK","03100206","70000000","STREAM","tbcmp_AM_LA_IntHigh_2050","AM","LA","IntHigh","2050",265.688694072724
"03100206_70000000_MOCCASIN_CREEK",5200,124138,"MOCCASIN CREEK","03100206","70000000","STREAM","tbcmp_AM_LA_IntHigh_2050","AM","LA","IntHigh","2050",122.700671146312
"03100206_70000000_MOCCASIN_CREEK",5400,19126,"MOCCASIN CREEK","03100206","70000000","STREAM","tbcmp_AM_LA_IntHigh_2050","AM","LA","IntHigh","2050",18.904550068024
"03100206_70000000_MOCCASIN_CREEK",6110,705743,"MOCCASIN CREEK","03100206","70000000","STREAM","tbcmp_AM_LA_IntHigh_2050","AM","LA","IntHigh","2050",697.571571612332
"03100206_70000000_MOCCASIN_CREEK",6120,21793,"MOCCASIN CREEK","03100206","70000000","STREAM","tbcmp_AM_LA_IntHigh_2050","AM","LA","IntHigh","2050",21.540670272532
"03100206_70000000_MOCCASIN_CREEK",6410,62450,"MOCCASIN CREEK","03100206","70000000","STREAM","tbcmp_AM_LA_IntHigh_2050","AM","LA","IntHigh","2050",61.7269241738
"03100206_70000000_MOCCASIN_CREEK",6420,32440,"MOCCASIN CREEK","03100206","70000000","STREAM","tbcmp_AM_LA_IntHigh_2050","AM","LA","IntHigh","2050",32.06439423856
"03100206_70000000_MOCCASIN_CREEK",6600,4187,"MOCCASIN CREEK","03100206","70000000","STREAM","tbcmp_AM_LA_IntHigh_2050","AM","LA","IntHigh","2050",4.138520920988
"03100206_70000000_MOCCASIN_CREEK",9113,5251,"MOCCASIN CREEK","03100206","70000000","STREAM","tbcmp_AM_LA_IntHigh_2050","AM","LA","IntHigh","2050",5.190201422524
"03100206_71000000_LAKE_TARPON",1100,763936,"LAKE TARPON","03100206","71000000","LAKE","tbcmp_AM_LA_IntHigh_2050","AM","LA","IntHigh","2050",755.090785358464
"03100206_71000000_LAKE_TARPON",1200,4288669,"LAKE TARPON","03100206","71000000","LAKE","tbcmp_AM_LA_IntHigh_2050","AM","LA","IntHigh","2050",4239.01274891155
"03100206_71000000_LAKE_TARPON",1800,272863,"LAKE TARPON","03100206","71000000","LAKE","tbcmp_AM_LA_IntHigh_2050","AM","LA","IntHigh","2050",269.703662303212
"03100206_71000000_LAKE_TARPON",1820,267878,"LAKE TARPON","03100206","71000000","LAKE","tbcmp_AM_LA_IntHigh_2050","AM","LA","IntHigh","2050",264.776381006072
"03100206_71000000_LAKE_TARPON",1900,97461,"LAKE TARPON","03100206","71000000","LAKE","tbcmp_AM_LA_IntHigh_2050","AM","LA","IntHigh","2050",96.332550150564
"03100206_71000000_LAKE_TARPON",2400,473,"LAKE TARPON","03100206","71000000","LAKE","tbcmp_AM_LA_IntHigh_2050","AM","LA","IntHigh","2050",0.467523380852
"03100206_71000000_LAKE_TARPON",4100,131900,"LAKE TARPON","03100206","71000000","LAKE","tbcmp_AM_LA_IntHigh_2050","AM","LA","IntHigh","2050",130.3727990156
"03100206_71000000_LAKE_TARPON",5200,292367,"LAKE TARPON","03100206","71000000","LAKE","tbcmp_AM_LA_IntHigh_2050","AM","LA","IntHigh","2050",288.981835707308
"03100206_71000000_LAKE_TARPON",5400,2559072,"LAKE TARPON","03100206","71000000","LAKE","tbcmp_AM_LA_IntHigh_2050","AM","LA","IntHigh","2050",2529.44184626573
"03100206_71000000_LAKE_TARPON",6110,1250969,"LAKE TARPON","03100206","71000000","LAKE","tbcmp_AM_LA_IntHigh_2050","AM","LA","IntHigh","2050",1236.48468545676
"03100206_71000000_LAKE_TARPON",6120,5694,"LAKE TARPON","03100206","71000000","LAKE","tbcmp_AM_LA_IntHigh_2050","AM","LA","IntHigh","2050",5.628072157656
"03100206_71000000_LAKE_TARPON",6410,175570,"LAKE TARPON","03100206","71000000","LAKE","tbcmp_AM_LA_IntHigh_2050","AM","LA","IntHigh","2050",173.53716696868
"03100206_71000000_LAKE_TARPON",6420,1328,"LAKE TARPON","03100206","71000000","LAKE","tbcmp_AM_LA_IntHigh_2050","AM","LA","IntHigh","2050",1.312623783872
"03100206_71000000_LAKE_TARPON",6425,376,"LAKE TARPON","03100206","71000000","LAKE","tbcmp_AM_LA_IntHigh_2050","AM","LA","IntHigh","2050",0.371646493024
"03100206_71000000_LAKE_TARPON",6510,139,"LAKE TARPON","03100206","71000000","LAKE","tbcmp_AM_LA_IntHigh_2050","AM","LA","IntHigh","2050",0.137390591836
"03100206_71000000_LAKE_TARPON",6600,14254,"LAKE TARPON","03100206","71000000","LAKE","tbcmp_AM_LA_IntHigh_2050","AM","LA","IntHigh","2050",14.088960403096
"03100206_71000000_LAKE_TARPON",9113,24354,"LAKE TARPON","03100206","71000000","LAKE","tbcmp_AM_LA_IntHigh_2050","AM","LA","IntHigh","2050",24.072017795496
"03100206_71505000_SUNSET_LAKE_OUTLET",1100,91986,"SUNSET LAKE OUTLET","03100206","71505000","OUTLET","tbcmp_AM_LA_IntHigh_2050","AM","LA","IntHigh","2050",90.920942306664
"03100206_71505000_SUNSET_LAKE_OUTLET",1200,13536,"SUNSET LAKE OUTLET","03100206","71505000","OUTLET","tbcmp_AM_LA_IntHigh_2050","AM","LA","IntHigh","2050",13.379273748864
"03100206_71505000_SUNSET_LAKE_OUTLET",1900,32558,"SUNSET LAKE OUTLET","03100206","71505000","OUTLET","tbcmp_AM_LA_IntHigh_2050","AM","LA","IntHigh","2050",32.181027978392
"03100206_71505000_SUNSET_LAKE_OUTLET",2100,16729,"SUNSET LAKE OUTLET","03100206","71505000","OUTLET","tbcmp_AM_LA_IntHigh_2050","AM","LA","IntHigh","2050",16.535303674996
"03100206_71505000_SUNSET_LAKE_OUTLET",2400,43113,"SUNSET LAKE OUTLET","03100206","71505000","OUTLET","tbcmp_AM_LA_IntHigh_2050","AM","LA","IntHigh","2050",42.613817164212
"03100206_71505000_SUNSET_LAKE_OUTLET",4400,12712,"SUNSET LAKE OUTLET","03100206","71505000","OUTLET","tbcmp_AM_LA_IntHigh_2050","AM","LA","IntHigh","2050",12.564814413088
"03100206_71505000_SUNSET_LAKE_OUTLET",5200,64516,"SUNSET LAKE OUTLET","03100206","71505000","OUTLET","tbcmp_AM_LA_IntHigh_2050","AM","LA","IntHigh","2050",63.769003042384
"03100206_71505000_SUNSET_LAKE_OUTLET",6110,23985,"SUNSET LAKE OUTLET","03100206","71505000","OUTLET","tbcmp_AM_LA_IntHigh_2050","AM","LA","IntHigh","2050",23.70729025314
"03100206_71505000_SUNSET_LAKE_OUTLET",6410,10287,"SUNSET LAKE OUTLET","03100206","71505000","OUTLET","tbcmp_AM_LA_IntHigh_2050","AM","LA","IntHigh","2050",10.167892217388
"03100206_71508500_UNNAMED_DITCH",1100,1038001,"UNNAMED DITCH","03100206","71508500","DITCH","tbcmp_AM_LA_IntHigh_2050","AM","LA","IntHigh","2050",1025.98253033352
"03100206_71508500_UNNAMED_DITCH",1200,729184,"UNNAMED DITCH","03100206","71508500","DITCH","tbcmp_AM_LA_IntHigh_2050","AM","LA","IntHigh","2050",720.741160556416
"03100206_71508500_UNNAMED_DITCH",1800,47088,"UNNAMED DITCH","03100206","71508500","DITCH","tbcmp_AM_LA_IntHigh_2050","AM","LA","IntHigh","2050",46.542792722112
"03100206_71508500_UNNAMED_DITCH",1820,313207,"UNNAMED DITCH","03100206","71508500","DITCH","tbcmp_AM_LA_IntHigh_2050","AM","LA","IntHigh","2050",309.580540267468
"03100206_71508500_UNNAMED_DITCH",1900,190218,"UNNAMED DITCH","03100206","71508500","DITCH","tbcmp_AM_LA_IntHigh_2050","AM","LA","IntHigh","2050",188.015565452232
"03100206_71508500_UNNAMED_DITCH",2100,950612,"UNNAMED DITCH","03100206","71508500","DITCH","tbcmp_AM_LA_IntHigh_2050","AM","LA","IntHigh","2050",939.605361772688
"03100206_71508500_UNNAMED_DITCH",2200,92422,"UNNAMED DITCH","03100206","71508500","DITCH","tbcmp_AM_LA_IntHigh_2050","AM","LA","IntHigh","2050",91.351894091128
"03100206_71508500_UNNAMED_DITCH",2400,16203,"UNNAMED DITCH","03100206","71508500","DITCH","tbcmp_AM_LA_IntHigh_2050","AM","LA","IntHigh","2050",16.015393953372
"03100206_71508500_UNNAMED_DITCH",3200,4560,"UNNAMED DITCH","03100206","71508500","DITCH","tbcmp_AM_LA_IntHigh_2050","AM","LA","IntHigh","2050",4.50720214944
"03100206_71508500_UNNAMED_DITCH",4100,430058,"UNNAMED DITCH","03100206","71508500","DITCH","tbcmp_AM_LA_IntHigh_2050","AM","LA","IntHigh","2050",425.078583768392
"03100206_71508500_UNNAMED_DITCH",4400,2094,"UNNAMED DITCH","03100206","71508500","DITCH","tbcmp_AM_LA_IntHigh_2050","AM","LA","IntHigh","2050",2.069754671256
"03100206_71508500_UNNAMED_DITCH",5200,583123,"UNNAMED DITCH","03100206","71508500","DITCH","tbcmp_AM_LA_IntHigh_2050","AM","LA","IntHigh","2050",576.371324339452
"03100206_71508500_UNNAMED_DITCH",6110,930920,"UNNAMED DITCH","03100206","71508500","DITCH","tbcmp_AM_LA_IntHigh_2050","AM","LA","IntHigh","2050",920.14136512208
"03100206_71508500_UNNAMED_DITCH",6410,294608,"UNNAMED DITCH","03100206","71508500","DITCH","tbcmp_AM_LA_IntHigh_2050","AM","LA","IntHigh","2050",291.196888342592
"03100206_71509900_BROOKER_CREEK",1100,3053166,"BROOKER CREEK","03100206","71509900","STREAM","tbcmp_AM_LA_IntHigh_2050","AM","LA","IntHigh","2050",3017.81499074498
"03100206_71509900_BROOKER_CREEK",1200,3638903,"BROOKER CREEK","03100206","71509900","STREAM","tbcmp_AM_LA_IntHigh_2050","AM","LA","IntHigh","2050",3596.77004894817
"03100206_71509900_BROOKER_CREEK",1800,94038,"BROOKER CREEK","03100206","71509900","STREAM","tbcmp_AM_LA_IntHigh_2050","AM","LA","IntHigh","2050",92.949183273912
"03100206_71509900_BROOKER_CREEK",1820,427843,"BROOKER CREEK","03100206","71509900","STREAM","tbcmp_AM_LA_IntHigh_2050","AM","LA","IntHigh","2050",422.889230092732
"03100206_71509900_BROOKER_CREEK",1900,642401,"BROOKER CREEK","03100206","71509900","STREAM","tbcmp_AM_LA_IntHigh_2050","AM","LA","IntHigh","2050",634.962975439124
"03100206_71509900_BROOKER_CREEK",2100,1355644,"BROOKER CREEK","03100206","71509900","STREAM","tbcmp_AM_LA_IntHigh_2050","AM","LA","IntHigh","2050",1339.94770848146
"03100206_71509900_BROOKER_CREEK",2200,7974,"BROOKER CREEK","03100206","71509900","STREAM","tbcmp_AM_LA_IntHigh_2050","AM","LA","IntHigh","2050",7.881673232376
"03100206_71509900_BROOKER_CREEK",2400,106091,"BROOKER CREEK","03100206","71509900","STREAM","tbcmp_AM_LA_IntHigh_2050","AM","LA","IntHigh","2050",104.862627902684
"03100206_71509900_BROOKER_CREEK",3200,226490,"BROOKER CREEK","03100206","71509900","STREAM","tbcmp_AM_LA_IntHigh_2050","AM","LA","IntHigh","2050",223.86759097076
"03100206_71509900_BROOKER_CREEK",4100,2892583,"BROOKER CREEK","03100206","71509900","STREAM","tbcmp_AM_LA_IntHigh_2050","AM","LA","IntHigh","2050",2859.09129715649
"03100206_71509900_BROOKER_CREEK",4400,120421,"BROOKER CREEK","03100206","71509900","STREAM","tbcmp_AM_LA_IntHigh_2050","AM","LA","IntHigh","2050",119.026708341604
"03100206_71509900_BROOKER_CREEK",5200,1504350,"BROOKER CREEK","03100206","71509900","STREAM","tbcmp_AM_LA_IntHigh_2050","AM","LA","IntHigh","2050",1486.9319196294
"03100206_71509900_BROOKER_CREEK",5400,691,"BROOKER CREEK","03100206","71509900","STREAM","tbcmp_AM_LA_IntHigh_2050","AM","LA","IntHigh","2050",0.682999273084
"03100206_71509900_BROOKER_CREEK",6110,4863451,"BROOKER CREEK","03100206","71509900","STREAM","tbcmp_AM_LA_IntHigh_2050","AM","LA","IntHigh","2050",4807.13964931932
"03100206_71509900_BROOKER_CREEK",6120,981,"BROOKER CREEK","03100206","71509900","STREAM","tbcmp_AM_LA_IntHigh_2050","AM","LA","IntHigh","2050",0.969641515044
"03100206_71509900_BROOKER_CREEK",6410,585557,"BROOKER CREEK","03100206","71509900","STREAM","tbcmp_AM_LA_IntHigh_2050","AM","LA","IntHigh","2050",578.777142328868
"03100206_71509900_BROOKER_CREEK",6420,203,"BROOKER CREEK","03100206","71509900","STREAM","tbcmp_AM_LA_IntHigh_2050","AM","LA","IntHigh","2050",0.200649569372
"03100206_71509900_BROOKER_CREEK",6600,1287,"BROOKER CREEK","03100206","71509900","STREAM","tbcmp_AM_LA_IntHigh_2050","AM","LA","IntHigh","2050",1.272098501388
"03100206_71509900_BROOKER_CREEK",9113,565,"BROOKER CREEK","03100206","71509900","STREAM","tbcmp_AM_LA_IntHigh_2050","AM","LA","IntHigh","2050",0.55845816106
"03100206_71700000_COW_BRANCH",1100,899,"COW BRANCH","03100206","71700000","STREAM","tbcmp_AM_LA_IntHigh_2050","AM","LA","IntHigh","2050",0.888590950076
"03100206_71700000_COW_BRANCH",1200,1382442,"COW BRANCH","03100206","71700000","STREAM","tbcmp_AM_LA_IntHigh_2050","AM","LA","IntHigh","2050",1366.43542848161
"03100206_71700000_COW_BRANCH",1800,1395,"COW BRANCH","03100206","71700000","STREAM","tbcmp_AM_LA_IntHigh_2050","AM","LA","IntHigh","2050",1.37884802598
"03100206_71700000_COW_BRANCH",1820,31252,"COW BRANCH","03100206","71700000","STREAM","tbcmp_AM_LA_IntHigh_2050","AM","LA","IntHigh","2050",30.890149468048
"03100206_71700000_COW_BRANCH",1900,7239,"COW BRANCH","03100206","71700000","STREAM","tbcmp_AM_LA_IntHigh_2050","AM","LA","IntHigh","2050",7.155183412236
"03100206_71700000_COW_BRANCH",4100,8334,"COW BRANCH","03100206","71700000","STREAM","tbcmp_AM_LA_IntHigh_2050","AM","LA","IntHigh","2050",8.237504981016
"03100206_71700000_COW_BRANCH",5200,103074,"COW BRANCH","03100206","71700000","STREAM","tbcmp_AM_LA_IntHigh_2050","AM","LA","IntHigh","2050",101.880560164776
"03100206_71700000_COW_BRANCH",6110,89402,"COW BRANCH","03100206","71700000","STREAM","tbcmp_AM_LA_IntHigh_2050","AM","LA","IntHigh","2050",88.366861088648
"03100206_71700000_COW_BRANCH",6410,31672,"COW BRANCH","03100206","71700000","STREAM","tbcmp_AM_LA_IntHigh_2050","AM","LA","IntHigh","2050",31.305286508128
"03100206_71700000_COW_BRANCH",6600,14,"COW BRANCH","03100206","71700000","STREAM","tbcmp_AM_LA_IntHigh_2050","AM","LA","IntHigh","2050",0.013837901336
"03100206_71990000_LAKE_TARPON_CANAL",1200,1162099,"LAKE TARPON CANAL","03100206","71990000","CANAL","tbcmp_AM_LA_IntHigh_2050","AM","LA","IntHigh","2050",1148.64366461888
"03100206_71990000_LAKE_TARPON_CANAL",1800,84027,"LAKE TARPON CANAL","03100206","71990000","CANAL","tbcmp_AM_LA_IntHigh_2050","AM","LA","IntHigh","2050",83.054095397148
"03100206_71990000_LAKE_TARPON_CANAL",1820,209588,"LAKE TARPON CANAL","03100206","71990000","CANAL","tbcmp_AM_LA_IntHigh_2050","AM","LA","IntHigh","2050",207.161290372112
"03100206_71990000_LAKE_TARPON_CANAL",1900,57749,"LAKE TARPON CANAL","03100206","71990000","CANAL","tbcmp_AM_LA_IntHigh_2050","AM","LA","IntHigh","2050",57.080354589476
"03100206_71990000_LAKE_TARPON_CANAL",4100,102382,"LAKE TARPON CANAL","03100206","71990000","CANAL","tbcmp_AM_LA_IntHigh_2050","AM","LA","IntHigh","2050",101.196572470168
"03100206_71990000_LAKE_TARPON_CANAL",5200,55564,"LAKE TARPON CANAL","03100206","71990000","CANAL","tbcmp_AM_LA_IntHigh_2050","AM","LA","IntHigh","2050",54.920653559536
"03100206_71990000_LAKE_TARPON_CANAL",5400,40443,"LAKE TARPON CANAL","03100206","71990000","CANAL","tbcmp_AM_LA_IntHigh_2050","AM","LA","IntHigh","2050",39.974731695132
"03100206_71990000_LAKE_TARPON_CANAL",6110,21872,"LAKE TARPON CANAL","03100206","71990000","CANAL","tbcmp_AM_LA_IntHigh_2050","AM","LA","IntHigh","2050",21.618755572928
"03100206_71990000_LAKE_TARPON_CANAL",6410,30713,"LAKE TARPON CANAL","03100206","71990000","CANAL","tbcmp_AM_LA_IntHigh_2050","AM","LA","IntHigh","2050",30.357390266612
"03100206_71990000_LAKE_TARPON_CANAL",6420,10195,"LAKE TARPON CANAL","03100206","71990000","CANAL","tbcmp_AM_LA_IntHigh_2050","AM","LA","IntHigh","2050",10.07695743718
"03100206_71990000_LAKE_TARPON_CANAL",6425,19103,"LAKE TARPON CANAL","03100206","71990000","CANAL","tbcmp_AM_LA_IntHigh_2050","AM","LA","IntHigh","2050",18.881816372972
"03100206_71990000_LAKE_TARPON_CANAL",6510,4980,"LAKE TARPON CANAL","03100206","71990000","CANAL","tbcmp_AM_LA_IntHigh_2050","AM","LA","IntHigh","2050",4.92233918952
"03100206_71990000_LAKE_TARPON_CANAL",6600,3293,"LAKE TARPON CANAL","03100206","71990000","CANAL","tbcmp_AM_LA_IntHigh_2050","AM","LA","IntHigh","2050",3.254872078532
"03100206_71990000_LAKE_TARPON_CANAL",9113,1508,"LAKE TARPON CANAL","03100206","71990000","CANAL","tbcmp_AM_LA_IntHigh_2050","AM","LA","IntHigh","2050",1.490539658192
"03100206_72000000_BISHOP_CREEK",0,284,"BISHOP CREEK","03100206","72000000","STREAM","tbcmp_AM_LA_IntHigh_2050","AM","LA","IntHigh","2050",0.280711712816
"03100206_72000000_BISHOP_CREEK",1100,96447,"BISHOP CREEK","03100206","72000000","STREAM","tbcmp_AM_LA_IntHigh_2050","AM","LA","IntHigh","2050",95.330290725228
"03100206_72000000_BISHOP_CREEK",1200,767929,"BISHOP CREEK","03100206","72000000","STREAM","tbcmp_AM_LA_IntHigh_2050","AM","LA","IntHigh","2050",759.037552503796
"03100206_72000000_BISHOP_CREEK",1800,8645,"BISHOP CREEK","03100206","72000000","STREAM","tbcmp_AM_LA_IntHigh_2050","AM","LA","IntHigh","2050",8.54490407498
"03100206_72000000_BISHOP_CREEK",1900,3617,"BISHOP CREEK","03100206","72000000","STREAM","tbcmp_AM_LA_IntHigh_2050","AM","LA","IntHigh","2050",3.575120652308
"03100206_72000000_BISHOP_CREEK",2400,1300,"BISHOP CREEK","03100206","72000000","STREAM","tbcmp_AM_LA_IntHigh_2050","AM","LA","IntHigh","2050",1.2849479812
"03100206_72000000_BISHOP_CREEK",4100,10949,"BISHOP CREEK","03100206","72000000","STREAM","tbcmp_AM_LA_IntHigh_2050","AM","LA","IntHigh","2050",10.822227266276
"03100206_72000000_BISHOP_CREEK",5200,11071,"BISHOP CREEK","03100206","72000000","STREAM","tbcmp_AM_LA_IntHigh_2050","AM","LA","IntHigh","2050",10.942814692204
"03100206_72000000_BISHOP_CREEK",5400,195,"BISHOP CREEK","03100206","72000000","STREAM","tbcmp_AM_LA_IntHigh_2050","AM","LA","IntHigh","2050",0.19274219718
"03100206_72000000_BISHOP_CREEK",6110,12737,"BISHOP CREEK","03100206","72000000","STREAM","tbcmp_AM_LA_IntHigh_2050","AM","LA","IntHigh","2050",12.589524951188
"03100206_72000000_BISHOP_CREEK",6120,10366,"BISHOP CREEK","03100206","72000000","STREAM","tbcmp_AM_LA_IntHigh_2050","AM","LA","IntHigh","2050",10.245977517784
"03100206_72000000_BISHOP_CREEK",6410,4552,"BISHOP CREEK","03100206","72000000","STREAM","tbcmp_AM_LA_IntHigh_2050","AM","LA","IntHigh","2050",4.499294777248
"03100206_72000000_BISHOP_CREEK",6420,5147,"BISHOP CREEK","03100206","72000000","STREAM","tbcmp_AM_LA_IntHigh_2050","AM","LA","IntHigh","2050",5.087405584028
"03100206_72000000_BISHOP_CREEK",6600,1419,"BISHOP CREEK","03100206","72000000","STREAM","tbcmp_AM_LA_IntHigh_2050","AM","LA","IntHigh","2050",1.402570142556
"03100206_72000000_BISHOP_CREEK",9113,55,"BISHOP CREEK","03100206","72000000","STREAM","tbcmp_AM_LA_IntHigh_2050","AM","LA","IntHigh","2050",0.05436318382
"03100206_73000000_MULLET_CREEK",0,25,"MULLET CREEK","03100206","73000000","STREAM","tbcmp_AM_LA_IntHigh_2050","AM","LA","IntHigh","2050",0.0247105381
"03100206_73000000_MULLET_CREEK",1100,144610,"MULLET CREEK","03100206","73000000","STREAM","tbcmp_AM_LA_IntHigh_2050","AM","LA","IntHigh","2050",142.93563658564
"03100206_73000000_MULLET_CREEK",1200,1483068,"MULLET CREEK","03100206","73000000","STREAM","tbcmp_AM_LA_IntHigh_2050","AM","LA","IntHigh","2050",1465.89633275563
"03100206_73000000_MULLET_CREEK",1800,89328,"MULLET CREEK","03100206","73000000","STREAM","tbcmp_AM_LA_IntHigh_2050","AM","LA","IntHigh","2050",88.293717895872
"03100206_73000000_MULLET_CREEK",1900,15637,"MULLET CREEK","03100206","73000000","STREAM","tbcmp_AM_LA_IntHigh_2050","AM","LA","IntHigh","2050",15.455947370788
"03100206_73000000_MULLET_CREEK",2400,2858,"MULLET CREEK","03100206","73000000","STREAM","tbcmp_AM_LA_IntHigh_2050","AM","LA","IntHigh","2050",2.824908715592
"03100206_73000000_MULLET_CREEK",4100,17152,"MULLET CREEK","03100206","73000000","STREAM","tbcmp_AM_LA_IntHigh_2050","AM","LA","IntHigh","2050",16.953405979648
"03100206_73000000_MULLET_CREEK",5200,44971,"MULLET CREEK","03100206","73000000","STREAM","tbcmp_AM_LA_IntHigh_2050","AM","LA","IntHigh","2050",44.450304355804
"03100206_73000000_MULLET_CREEK",5400,287,"MULLET CREEK","03100206","73000000","STREAM","tbcmp_AM_LA_IntHigh_2050","AM","LA","IntHigh","2050",0.283676977388
"03100206_73000000_MULLET_CREEK",6110,93440,"MULLET CREEK","03100206","73000000","STREAM","tbcmp_AM_LA_IntHigh_2050","AM","LA","IntHigh","2050",92.35810720256
"03100206_73000000_MULLET_CREEK",6120,2269,"MULLET CREEK","03100206","73000000","STREAM","tbcmp_AM_LA_IntHigh_2050","AM","LA","IntHigh","2050",2.242728437956
"03100206_73000000_MULLET_CREEK",6410,22546,"MULLET CREEK","03100206","73000000","STREAM","tbcmp_AM_LA_IntHigh_2050","AM","LA","IntHigh","2050",22.284951680104
"03100206_74990000_ALLIGATOR_CREEK",0,4,"ALLIGATOR CREEK","03100206","74990000","STREAM","tbcmp_AM_LA_IntHigh_2050","AM","LA","IntHigh","2050",0.003953686096
"03100206_74990000_ALLIGATOR_CREEK",1100,297108,"ALLIGATOR CREEK","03100206","74990000","STREAM","tbcmp_AM_LA_IntHigh_2050","AM","LA","IntHigh","2050",293.667942152592
"03100206_74990000_ALLIGATOR_CREEK",1200,4296235,"ALLIGATOR CREEK","03100206","74990000","STREAM","tbcmp_AM_LA_IntHigh_2050","AM","LA","IntHigh","2050",4246.49114616214
"03100206_74990000_ALLIGATOR_CREEK",1800,306289,"ALLIGATOR CREEK","03100206","74990000","STREAM","tbcmp_AM_LA_IntHigh_2050","AM","LA","IntHigh","2050",302.742640164436
"03100206_74990000_ALLIGATOR_CREEK",1820,24653,"ALLIGATOR CREEK","03100206","74990000","STREAM","tbcmp_AM_LA_IntHigh_2050","AM","LA","IntHigh","2050",24.367555831172
"03100206_74990000_ALLIGATOR_CREEK",1900,80426,"ALLIGATOR CREEK","03100206","74990000","STREAM","tbcmp_AM_LA_IntHigh_2050","AM","LA","IntHigh","2050",79.494789489224
"03100206_74990000_ALLIGATOR_CREEK",2400,5055,"ALLIGATOR CREEK","03100206","74990000","STREAM","tbcmp_AM_LA_IntHigh_2050","AM","LA","IntHigh","2050",4.99647080382
"03100206_74990000_ALLIGATOR_CREEK",4100,102959,"ALLIGATOR CREEK","03100206","74990000","STREAM","tbcmp_AM_LA_IntHigh_2050","AM","LA","IntHigh","2050",101.766891689516
"03100206_74990000_ALLIGATOR_CREEK",5200,210090,"ALLIGATOR CREEK","03100206","74990000","STREAM","tbcmp_AM_LA_IntHigh_2050","AM","LA","IntHigh","2050",207.65747797716
"03100206_74990000_ALLIGATOR_CREEK",5400,77728,"ALLIGATOR CREEK","03100206","74990000","STREAM","tbcmp_AM_LA_IntHigh_2050","AM","LA","IntHigh","2050",76.828028217472
"03100206_74990000_ALLIGATOR_CREEK",6110,182490,"ALLIGATOR CREEK","03100206","74990000","STREAM","tbcmp_AM_LA_IntHigh_2050","AM","LA","IntHigh","2050",180.37704391476
"03100206_74990000_ALLIGATOR_CREEK",6120,393,"ALLIGATOR CREEK","03100206","74990000","STREAM","tbcmp_AM_LA_IntHigh_2050","AM","LA","IntHigh","2050",0.388449658932
"03100206_74990000_ALLIGATOR_CREEK",6410,157206,"ALLIGATOR CREEK","03100206","74990000","STREAM","tbcmp_AM_LA_IntHigh_2050","AM","LA","IntHigh","2050",155.385794101944
"03100206_74990000_ALLIGATOR_CREEK",6420,14385,"ALLIGATOR CREEK","03100206","74990000","STREAM","tbcmp_AM_LA_IntHigh_2050","AM","LA","IntHigh","2050",14.21844362274
"03100206_74990000_ALLIGATOR_CREEK",6600,87,"ALLIGATOR CREEK","03100206","74990000","STREAM","tbcmp_AM_LA_IntHigh_2050","AM","LA","IntHigh","2050",0.085992672588
"03100206_74990000_ALLIGATOR_CREEK",9113,256,"ALLIGATOR CREEK","03100206","74990000","STREAM","tbcmp_AM_LA_IntHigh_2050","AM","LA","IntHigh","2050",0.253035910144
"03100206_78000000_ALLEN_CREEK",0,3068,"ALLEN CREEK","03100206","78000000","STREAM","tbcmp_AM_LA_IntHigh_2050","AM","LA","IntHigh","2050",3.032477235632
"03100206_78000000_ALLEN_CREEK",1100,255049,"ALLEN CREEK","03100206","78000000","STREAM","tbcmp_AM_LA_IntHigh_2050","AM","LA","IntHigh","2050",252.095921274676
"03100206_78000000_ALLEN_CREEK",1200,4454898,"ALLEN CREEK","03100206","78000000","STREAM","tbcmp_AM_LA_IntHigh_2050","AM","LA","IntHigh","2050",4403.31707042455
"03100206_78000000_ALLEN_CREEK",1800,192076,"ALLEN CREEK","03100206","78000000","STREAM","tbcmp_AM_LA_IntHigh_2050","AM","LA","IntHigh","2050",189.852052643824
"03100206_78000000_ALLEN_CREEK",1820,54449,"ALLEN CREEK","03100206","78000000","STREAM","tbcmp_AM_LA_IntHigh_2050","AM","LA","IntHigh","2050",53.818563560276
"03100206_78000000_ALLEN_CREEK",1900,31580,"ALLEN CREEK","03100206","78000000","STREAM","tbcmp_AM_LA_IntHigh_2050","AM","LA","IntHigh","2050",31.21435172792
"03100206_78000000_ALLEN_CREEK",3200,321,"ALLEN CREEK","03100206","78000000","STREAM","tbcmp_AM_LA_IntHigh_2050","AM","LA","IntHigh","2050",0.317283309204
"03100206_78000000_ALLEN_CREEK",4100,33352,"ALLEN CREEK","03100206","78000000","STREAM","tbcmp_AM_LA_IntHigh_2050","AM","LA","IntHigh","2050",32.965834668448
"03100206_78000000_ALLEN_CREEK",5200,148205,"ALLEN CREEK","03100206","78000000","STREAM","tbcmp_AM_LA_IntHigh_2050","AM","LA","IntHigh","2050",146.48901196442
"03100206_78000000_ALLEN_CREEK",5400,117319,"ALLEN CREEK","03100206","78000000","STREAM","tbcmp_AM_LA_IntHigh_2050","AM","LA","IntHigh","2050",115.960624774156
"03100206_78000000_ALLEN_CREEK",6110,15461,"ALLEN CREEK","03100206","78000000","STREAM","tbcmp_AM_LA_IntHigh_2050","AM","LA","IntHigh","2050",15.281985182564
"03100206_78000000_ALLEN_CREEK",6120,57315,"ALLEN CREEK","03100206","78000000","STREAM","tbcmp_AM_LA_IntHigh_2050","AM","LA","IntHigh","2050",56.65137964806
"03100206_78000000_ALLEN_CREEK",6410,20900,"ALLEN CREEK","03100206","78000000","STREAM","tbcmp_AM_LA_IntHigh_2050","AM","LA","IntHigh","2050",20.6580098516
"03100206_78000000_ALLEN_CREEK",6420,25828,"ALLEN CREEK","03100206","78000000","STREAM","tbcmp_AM_LA_IntHigh_2050","AM","LA","IntHigh","2050",25.528951121872
"03100206_78000000_ALLEN_CREEK",6600,1392,"ALLEN CREEK","03100206","78000000","STREAM","tbcmp_AM_LA_IntHigh_2050","AM","LA","IntHigh","2050",1.375882761408
"03100206_78000000_ALLEN_CREEK",9113,28371,"ALLEN CREEK","03100206","78000000","STREAM","tbcmp_AM_LA_IntHigh_2050","AM","LA","IntHigh","2050",28.042507057404
"03100206_79000000_LONG_BRANCH",1100,49087,"LONG BRANCH","03100206","79000000","STREAM","tbcmp_AM_LA_IntHigh_2050","AM","LA","IntHigh","2050",48.518647348588
"03100206_79000000_LONG_BRANCH",1200,1380867,"LONG BRANCH","03100206","79000000","STREAM","tbcmp_AM_LA_IntHigh_2050","AM","LA","IntHigh","2050",1364.87866458131
"03100206_79000000_LONG_BRANCH",1800,5183,"LONG BRANCH","03100206","79000000","STREAM","tbcmp_AM_LA_IntHigh_2050","AM","LA","IntHigh","2050",5.122988758892
"03100206_79000000_LONG_BRANCH",1820,161,"LONG BRANCH","03100206","79000000","STREAM","tbcmp_AM_LA_IntHigh_2050","AM","LA","IntHigh","2050",0.159135865364
"03100206_79000000_LONG_BRANCH",1900,13602,"LONG BRANCH","03100206","79000000","STREAM","tbcmp_AM_LA_IntHigh_2050","AM","LA","IntHigh","2050",13.444509569448
"03100206_79000000_LONG_BRANCH",2400,83,"LONG BRANCH","03100206","79000000","STREAM","tbcmp_AM_LA_IntHigh_2050","AM","LA","IntHigh","2050",0.082038986492
"03100206_79000000_LONG_BRANCH",4100,7334,"LONG BRANCH","03100206","79000000","STREAM","tbcmp_AM_LA_IntHigh_2050","AM","LA","IntHigh","2050",7.249083457016
"03100206_79000000_LONG_BRANCH",5200,38838,"LONG BRANCH","03100206","79000000","STREAM","tbcmp_AM_LA_IntHigh_2050","AM","LA","IntHigh","2050",38.388315149112
"03100206_79000000_LONG_BRANCH",5400,2218,"LONG BRANCH","03100206","79000000","STREAM","tbcmp_AM_LA_IntHigh_2050","AM","LA","IntHigh","2050",2.192318940232
"03100206_79000000_LONG_BRANCH",6110,18206,"LONG BRANCH","03100206","79000000","STREAM","tbcmp_AM_LA_IntHigh_2050","AM","LA","IntHigh","2050",17.995202265944
"03100206_79000000_LONG_BRANCH",6120,12843,"LONG BRANCH","03100206","79000000","STREAM","tbcmp_AM_LA_IntHigh_2050","AM","LA","IntHigh","2050",12.694297632732
"03100206_79000000_LONG_BRANCH",6410,2252,"LONG BRANCH","03100206","79000000","STREAM","tbcmp_AM_LA_IntHigh_2050","AM","LA","IntHigh","2050",2.225925272048
"03100206_79000000_LONG_BRANCH",6420,229,"LONG BRANCH","03100206","79000000","STREAM","tbcmp_AM_LA_IntHigh_2050","AM","LA","IntHigh","2050",0.226348528996
"03100206_79000000_LONG_BRANCH",6600,929,"LONG BRANCH","03100206","79000000","STREAM","tbcmp_AM_LA_IntHigh_2050","AM","LA","IntHigh","2050",0.918243595796
"03100206_79000000_LONG_BRANCH",9113,23,"LONG BRANCH","03100206","79000000","STREAM","tbcmp_AM_LA_IntHigh_2050","AM","LA","IntHigh","2050",0.022733695052
"03100206_80000000_CROSS_CANAL_(NORTH)",0,804,"CROSS CANAL (NORTH)","03100206","80000000","CANAL","tbcmp_AM_LA_IntHigh_2050","AM","LA","IntHigh","2050",0.794690905296
"03100206_80000000_CROSS_CANAL_(NORTH)",1100,27398,"CROSS CANAL (NORTH)","03100206","80000000","CANAL","tbcmp_AM_LA_IntHigh_2050","AM","LA","IntHigh","2050",27.080772914552
"03100206_80000000_CROSS_CANAL_(NORTH)",1200,3827707,"CROSS CANAL (NORTH)","03100206","80000000","CANAL","tbcmp_AM_LA_IntHigh_2050","AM","LA","IntHigh","2050",3783.38798636547
"03100206_80000000_CROSS_CANAL_(NORTH)",1800,26889,"CROSS CANAL (NORTH)","03100206","80000000","CANAL","tbcmp_AM_LA_IntHigh_2050","AM","LA","IntHigh","2050",26.577666358836
"03100206_80000000_CROSS_CANAL_(NORTH)",1900,114535,"CROSS CANAL (NORTH)","03100206","80000000","CANAL","tbcmp_AM_LA_IntHigh_2050","AM","LA","IntHigh","2050",113.20885925134
"03100206_80000000_CROSS_CANAL_(NORTH)",2400,3179,"CROSS CANAL (NORTH)","03100206","80000000","CANAL","tbcmp_AM_LA_IntHigh_2050","AM","LA","IntHigh","2050",3.142192024796
"03100206_80000000_CROSS_CANAL_(NORTH)",4100,37585,"CROSS CANAL (NORTH)","03100206","80000000","CANAL","tbcmp_AM_LA_IntHigh_2050","AM","LA","IntHigh","2050",37.14982297954
"03100206_80000000_CROSS_CANAL_(NORTH)",5200,127163,"CROSS CANAL (NORTH)","03100206","80000000","CANAL","tbcmp_AM_LA_IntHigh_2050","AM","LA","IntHigh","2050",125.690646256412
"03100206_80000000_CROSS_CANAL_(NORTH)",5400,82952,"CROSS CANAL (NORTH)","03100206","80000000","CANAL","tbcmp_AM_LA_IntHigh_2050","AM","LA","IntHigh","2050",81.991542258848
"03100206_80000000_CROSS_CANAL_(NORTH)",6110,55699,"CROSS CANAL (NORTH)","03100206","80000000","CANAL","tbcmp_AM_LA_IntHigh_2050","AM","LA","IntHigh","2050",55.054090465276
"03100206_80000000_CROSS_CANAL_(NORTH)",6120,41668,"CROSS CANAL (NORTH)","03100206","80000000","CANAL","tbcmp_AM_LA_IntHigh_2050","AM","LA","IntHigh","2050",41.185548062032
"03100206_80000000_CROSS_CANAL_(NORTH)",6410,105712,"CROSS CANAL (NORTH)","03100206","80000000","CANAL","tbcmp_AM_LA_IntHigh_2050","AM","LA","IntHigh","2050",104.488016145088
"03100206_80000000_CROSS_CANAL_(NORTH)",6420,10170,"CROSS CANAL (NORTH)","03100206","80000000","CANAL","tbcmp_AM_LA_IntHigh_2050","AM","LA","IntHigh","2050",10.05224689908
"03100206_80000000_CROSS_CANAL_(NORTH)",6600,20225,"CROSS CANAL (NORTH)","03100206","80000000","CANAL","tbcmp_AM_LA_IntHigh_2050","AM","LA","IntHigh","2050",19.9908253229
"03100206_80000000_CROSS_CANAL_(NORTH)",9113,34525,"CROSS CANAL (NORTH)","03100206","80000000","CANAL","tbcmp_AM_LA_IntHigh_2050","AM","LA","IntHigh","2050",34.1252531161
"03100206_83000000_MASTERS_BAYOU",0,1811,"MASTERS BAYOU","03100206","83000000","BAYOU","tbcmp_AM_LA_IntHigh_2050","AM","LA","IntHigh","2050",1.790031379964
"03100206_83000000_MASTERS_BAYOU",1100,1659,"MASTERS BAYOU","03100206","83000000","BAYOU","tbcmp_AM_LA_IntHigh_2050","AM","LA","IntHigh","2050",1.639791308316
"03100206_83000000_MASTERS_BAYOU",1200,162474,"MASTERS BAYOU","03100206","83000000","BAYOU","tbcmp_AM_LA_IntHigh_2050","AM","LA","IntHigh","2050",160.592798690376
"03100206_83000000_MASTERS_BAYOU",1800,38412,"MASTERS BAYOU","03100206","83000000","BAYOU","tbcmp_AM_LA_IntHigh_2050","AM","LA","IntHigh","2050",37.967247579888
"03100206_83000000_MASTERS_BAYOU",1900,39602,"MASTERS BAYOU","03100206","83000000","BAYOU","tbcmp_AM_LA_IntHigh_2050","AM","LA","IntHigh","2050",39.143469193448
"03100206_83000000_MASTERS_BAYOU",3200,15505,"MASTERS BAYOU","03100206","83000000","BAYOU","tbcmp_AM_LA_IntHigh_2050","AM","LA","IntHigh","2050",15.32547572962
"03100206_83000000_MASTERS_BAYOU",5200,1006,"MASTERS BAYOU","03100206","83000000","BAYOU","tbcmp_AM_LA_IntHigh_2050","AM","LA","IntHigh","2050",0.994352053144
"03100206_83000000_MASTERS_BAYOU",5400,77744,"MASTERS BAYOU","03100206","83000000","BAYOU","tbcmp_AM_LA_IntHigh_2050","AM","LA","IntHigh","2050",76.843842961856
"03100206_83000000_MASTERS_BAYOU",6110,33103,"MASTERS BAYOU","03100206","83000000","BAYOU","tbcmp_AM_LA_IntHigh_2050","AM","LA","IntHigh","2050",32.719717708972
"03100206_83000000_MASTERS_BAYOU",6120,232484,"MASTERS BAYOU","03100206","83000000","BAYOU","tbcmp_AM_LA_IntHigh_2050","AM","LA","IntHigh","2050",229.792189585616
"03100206_83000000_MASTERS_BAYOU",6410,322,"MASTERS BAYOU","03100206","83000000","BAYOU","tbcmp_AM_LA_IntHigh_2050","AM","LA","IntHigh","2050",0.318271730728
"03100206_83000000_MASTERS_BAYOU",6420,6122,"MASTERS BAYOU","03100206","83000000","BAYOU","tbcmp_AM_LA_IntHigh_2050","AM","LA","IntHigh","2050",6.051116569928
"03100206_83000000_MASTERS_BAYOU",6600,20625,"MASTERS BAYOU","03100206","83000000","BAYOU","tbcmp_AM_LA_IntHigh_2050","AM","LA","IntHigh","2050",20.3861939325
"03100206_83000000_MASTERS_BAYOU",9113,66631,"MASTERS BAYOU","03100206","83000000","BAYOU","tbcmp_AM_LA_IntHigh_2050","AM","LA","IntHigh","2050",65.859514565644
"03100206_85000000_PAPYS_BAYOU",0,6811,"PAPYS BAYOU","03100206","85000000","BAYOU","tbcmp_AM_LA_IntHigh_2050","AM","LA","IntHigh","2050",6.732138999964
"03100206_85000000_PAPYS_BAYOU",1100,27853,"PAPYS BAYOU","03100206","85000000","BAYOU","tbcmp_AM_LA_IntHigh_2050","AM","LA","IntHigh","2050",27.530504707972
"03100206_85000000_PAPYS_BAYOU",1200,6359496,"PAPYS BAYOU","03100206","85000000","BAYOU","tbcmp_AM_LA_IntHigh_2050","AM","LA","IntHigh","2050",6285.8627281919
"03100206_85000000_PAPYS_BAYOU",1800,212902,"PAPYS BAYOU","03100206","85000000","BAYOU","tbcmp_AM_LA_IntHigh_2050","AM","LA","IntHigh","2050",210.436919302648
"03100206_85000000_PAPYS_BAYOU",1820,227075,"PAPYS BAYOU","03100206","85000000","BAYOU","tbcmp_AM_LA_IntHigh_2050","AM","LA","IntHigh","2050",224.4458175623
"03100206_85000000_PAPYS_BAYOU",1900,188280,"PAPYS BAYOU","03100206","85000000","BAYOU","tbcmp_AM_LA_IntHigh_2050","AM","LA","IntHigh","2050",186.10000453872
"03100206_85000000_PAPYS_BAYOU",2100,2456,"PAPYS BAYOU","03100206","85000000","BAYOU","tbcmp_AM_LA_IntHigh_2050","AM","LA","IntHigh","2050",2.427563262944
"03100206_85000000_PAPYS_BAYOU",3200,5300,"PAPYS BAYOU","03100206","85000000","BAYOU","tbcmp_AM_LA_IntHigh_2050","AM","LA","IntHigh","2050",5.2386340772
"03100206_85000000_PAPYS_BAYOU",4100,136962,"PAPYS BAYOU","03100206","85000000","BAYOU","tbcmp_AM_LA_IntHigh_2050","AM","LA","IntHigh","2050",135.376188770088
"03100206_85000000_PAPYS_BAYOU",5200,241693,"PAPYS BAYOU","03100206","85000000","BAYOU","tbcmp_AM_LA_IntHigh_2050","AM","LA","IntHigh","2050",238.894563400132
"03100206_85000000_PAPYS_BAYOU",5400,756628,"PAPYS BAYOU","03100206","85000000","BAYOU","tbcmp_AM_LA_IntHigh_2050","AM","LA","IntHigh","2050",747.867400861072
"03100206_85000000_PAPYS_BAYOU",6110,331495,"PAPYS BAYOU","03100206","85000000","BAYOU","tbcmp_AM_LA_IntHigh_2050","AM","LA","IntHigh","2050",327.65679309838
"03100206_85000000_PAPYS_BAYOU",6120,815633,"PAPYS BAYOU","03100206","85000000","BAYOU","tbcmp_AM_LA_IntHigh_2050","AM","LA","IntHigh","2050",806.189212884692
"03100206_85000000_PAPYS_BAYOU",6410,63917,"PAPYS BAYOU","03100206","85000000","BAYOU","tbcmp_AM_LA_IntHigh_2050","AM","LA","IntHigh","2050",63.176938549508
"03100206_85000000_PAPYS_BAYOU",6420,26934,"PAPYS BAYOU","03100206","85000000","BAYOU","tbcmp_AM_LA_IntHigh_2050","AM","LA","IntHigh","2050",26.622145327416
"03100206_85000000_PAPYS_BAYOU",6600,61272,"PAPYS BAYOU","03100206","85000000","BAYOU","tbcmp_AM_LA_IntHigh_2050","AM","LA","IntHigh","2050",60.562563618528
"03100206_85000000_PAPYS_BAYOU",7100,3639,"PAPYS BAYOU","03100206","85000000","BAYOU","tbcmp_AM_LA_IntHigh_2050","AM","LA","IntHigh","2050",3.596865925836
"03100206_85000000_PAPYS_BAYOU",9113,526668,"PAPYS BAYOU","03100206","85000000","BAYOU","tbcmp_AM_LA_IntHigh_2050","AM","LA","IntHigh","2050",520.569987202032
"03100206_86000000_SHORE_ACRES_DRAIN",0,2305,"SHORE ACRES DRAIN","03100206","86000000","DRAIN","tbcmp_AM_LA_IntHigh_2050","AM","LA","IntHigh","2050",2.27831161282
"03100206_86000000_SHORE_ACRES_DRAIN",1200,269649,"SHORE ACRES DRAIN","03100206","86000000","DRAIN","tbcmp_AM_LA_IntHigh_2050","AM","LA","IntHigh","2050",266.526875525076
"03100206_86000000_SHORE_ACRES_DRAIN",5200,228,"SHORE ACRES DRAIN","03100206","86000000","DRAIN","tbcmp_AM_LA_IntHigh_2050","AM","LA","IntHigh","2050",0.225360107472
"03100206_86000000_SHORE_ACRES_DRAIN",5400,48704,"SHORE ACRES DRAIN","03100206","86000000","DRAIN","tbcmp_AM_LA_IntHigh_2050","AM","LA","IntHigh","2050",48.140081904896
"03100206_86000000_SHORE_ACRES_DRAIN",6120,1163,"SHORE ACRES DRAIN","03100206","86000000","DRAIN","tbcmp_AM_LA_IntHigh_2050","AM","LA","IntHigh","2050",1.149534232412
"03100206_86000000_SHORE_ACRES_DRAIN",9113,1949,"SHORE ACRES DRAIN","03100206","86000000","DRAIN","tbcmp_AM_LA_IntHigh_2050","AM","LA","IntHigh","2050",1.926433550276
"03100206_87000000_SMACKS_BAYOU",0,3781,"SMACKS BAYOU","03100206","87000000","BAYOU","tbcmp_AM_LA_IntHigh_2050","AM","LA","IntHigh","2050",3.737221782244
"03100206_87000000_SMACKS_BAYOU",1200,3437471,"SMACKS BAYOU","03100206","87000000","BAYOU","tbcmp_AM_LA_IntHigh_2050","AM","LA","IntHigh","2050",3397.6703245258
"03100206_87000000_SMACKS_BAYOU",1800,72415,"SMACKS BAYOU","03100206","87000000","BAYOU","tbcmp_AM_LA_IntHigh_2050","AM","LA","IntHigh","2050",71.57654466046
"03100206_87000000_SMACKS_BAYOU",1820,91747,"SMACKS BAYOU","03100206","87000000","BAYOU","tbcmp_AM_LA_IntHigh_2050","AM","LA","IntHigh","2050",90.684709562428
"03100206_87000000_SMACKS_BAYOU",1900,27803,"SMACKS BAYOU","03100206","87000000","BAYOU","tbcmp_AM_LA_IntHigh_2050","AM","LA","IntHigh","2050",27.481083631772
"03100206_87000000_SMACKS_BAYOU",4100,1672,"SMACKS BAYOU","03100206","87000000","BAYOU","tbcmp_AM_LA_IntHigh_2050","AM","LA","IntHigh","2050",1.652640788128
"03100206_87000000_SMACKS_BAYOU",5200,33434,"SMACKS BAYOU","03100206","87000000","BAYOU","tbcmp_AM_LA_IntHigh_2050","AM","LA","IntHigh","2050",33.046885233416
"03100206_87000000_SMACKS_BAYOU",5400,388494,"SMACKS BAYOU","03100206","87000000","BAYOU","tbcmp_AM_LA_IntHigh_2050","AM","LA","IntHigh","2050",383.995831544856
"03100206_87000000_SMACKS_BAYOU",6110,2390,"SMACKS BAYOU","03100206","87000000","BAYOU","tbcmp_AM_LA_IntHigh_2050","AM","LA","IntHigh","2050",2.36232744236
"03100206_87000000_SMACKS_BAYOU",6120,163077,"SMACKS BAYOU","03100206","87000000","BAYOU","tbcmp_AM_LA_IntHigh_2050","AM","LA","IntHigh","2050",161.188816869348
"03100206_87000000_SMACKS_BAYOU",6410,771,"SMACKS BAYOU","03100206","87000000","BAYOU","tbcmp_AM_LA_IntHigh_2050","AM","LA","IntHigh","2050",0.762072995004
"03100206_87000000_SMACKS_BAYOU",6420,3375,"SMACKS BAYOU","03100206","87000000","BAYOU","tbcmp_AM_LA_IntHigh_2050","AM","LA","IntHigh","2050",3.3359226435
"03100206_87000000_SMACKS_BAYOU",6600,20604,"SMACKS BAYOU","03100206","87000000","BAYOU","tbcmp_AM_LA_IntHigh_2050","AM","LA","IntHigh","2050",20.365437080496
"03100206_87000000_SMACKS_BAYOU",9113,38666,"SMACKS BAYOU","03100206","87000000","BAYOU","tbcmp_AM_LA_IntHigh_2050","AM","LA","IntHigh","2050",38.218306646984
"03100206_88000000_COFFEEPOT_BAYOU",0,1204,"COFFEEPOT BAYOU","03100206","88000000","BAYOU","tbcmp_AM_LA_IntHigh_2050","AM","LA","IntHigh","2050",1.190059514896
"03100206_88000000_COFFEEPOT_BAYOU",1200,1073915,"COFFEEPOT BAYOU","03100206","88000000","BAYOU","tbcmp_AM_LA_IntHigh_2050","AM","LA","IntHigh","2050",1061.48070094646
"03100206_88000000_COFFEEPOT_BAYOU",1800,32191,"COFFEEPOT BAYOU","03100206","88000000","BAYOU","tbcmp_AM_LA_IntHigh_2050","AM","LA","IntHigh","2050",31.818277279084
"03100206_88000000_COFFEEPOT_BAYOU",1820,4531,"COFFEEPOT BAYOU","03100206","88000000","BAYOU","tbcmp_AM_LA_IntHigh_2050","AM","LA","IntHigh","2050",4.478537925244
"03100206_88000000_COFFEEPOT_BAYOU",1900,3432,"COFFEEPOT BAYOU","03100206","88000000","BAYOU","tbcmp_AM_LA_IntHigh_2050","AM","LA","IntHigh","2050",3.392262670368
"03100206_88000000_COFFEEPOT_BAYOU",5200,21129,"COFFEEPOT BAYOU","03100206","88000000","BAYOU","tbcmp_AM_LA_IntHigh_2050","AM","LA","IntHigh","2050",20.884358380596
"03100206_88000000_COFFEEPOT_BAYOU",5400,98832,"COFFEEPOT BAYOU","03100206","88000000","BAYOU","tbcmp_AM_LA_IntHigh_2050","AM","LA","IntHigh","2050",97.687676059968
"03100206_88000000_COFFEEPOT_BAYOU",6120,2912,"COFFEEPOT BAYOU","03100206","88000000","BAYOU","tbcmp_AM_LA_IntHigh_2050","AM","LA","IntHigh","2050",2.878283477888
"03100206_88000000_COFFEEPOT_BAYOU",6420,56,"COFFEEPOT BAYOU","03100206","88000000","BAYOU","tbcmp_AM_LA_IntHigh_2050","AM","LA","IntHigh","2050",0.055351605344
"03100206_88000000_COFFEEPOT_BAYOU",6600,389,"COFFEEPOT BAYOU","03100206","88000000","BAYOU","tbcmp_AM_LA_IntHigh_2050","AM","LA","IntHigh","2050",0.384495972836
"03100206_88000000_COFFEEPOT_BAYOU",9113,12046,"COFFEEPOT BAYOU","03100206","88000000","BAYOU","tbcmp_AM_LA_IntHigh_2050","AM","LA","IntHigh","2050",11.906525678104
"03100206_90000000_DIRECT_RUNOFF_TO_BAY",0,5878,"DIRECT RUNOFF TO BAY","03100206","90000000","RUNOFF","tbcmp_AM_LA_IntHigh_2050","AM","LA","IntHigh","2050",5.809941718072
"03100206_90000000_DIRECT_RUNOFF_TO_BAY",1200,4245493,"DIRECT RUNOFF TO BAY","03100206","90000000","RUNOFF","tbcmp_AM_LA_IntHigh_2050","AM","LA","IntHigh","2050",4196.33666119133
"03100206_90000000_DIRECT_RUNOFF_TO_BAY",1800,317802,"DIRECT RUNOFF TO BAY","03100206","90000000","RUNOFF","tbcmp_AM_LA_IntHigh_2050","AM","LA","IntHigh","2050",314.122337170248
"03100206_90000000_DIRECT_RUNOFF_TO_BAY",1820,68831,"DIRECT RUNOFF TO BAY","03100206","90000000","RUNOFF","tbcmp_AM_LA_IntHigh_2050","AM","LA","IntHigh","2050",68.034041918444
"03100206_90000000_DIRECT_RUNOFF_TO_BAY",1900,35746,"DIRECT RUNOFF TO BAY","03100206","90000000","RUNOFF","tbcmp_AM_LA_IntHigh_2050","AM","LA","IntHigh","2050",35.332115796904
"03100206_90000000_DIRECT_RUNOFF_TO_BAY",4100,26994,"DIRECT RUNOFF TO BAY","03100206","90000000","RUNOFF","tbcmp_AM_LA_IntHigh_2050","AM","LA","IntHigh","2050",26.681450618856
"03100206_90000000_DIRECT_RUNOFF_TO_BAY",5200,102032,"DIRECT RUNOFF TO BAY","03100206","90000000","RUNOFF","tbcmp_AM_LA_IntHigh_2050","AM","LA","IntHigh","2050",100.850624936768
"03100206_90000000_DIRECT_RUNOFF_TO_BAY",5400,928778,"DIRECT RUNOFF TO BAY","03100206","90000000","RUNOFF","tbcmp_AM_LA_IntHigh_2050","AM","LA","IntHigh","2050",918.024166217672
"03100206_90000000_DIRECT_RUNOFF_TO_BAY",6120,29755,"DIRECT RUNOFF TO BAY","03100206","90000000","RUNOFF","tbcmp_AM_LA_IntHigh_2050","AM","LA","IntHigh","2050",29.41048244662
"03100206_90000000_DIRECT_RUNOFF_TO_BAY",6410,1058,"DIRECT RUNOFF TO BAY","03100206","90000000","RUNOFF","tbcmp_AM_LA_IntHigh_2050","AM","LA","IntHigh","2050",1.045749972392
"03100206_90000000_DIRECT_RUNOFF_TO_BAY",6420,4292,"DIRECT RUNOFF TO BAY","03100206","90000000","RUNOFF","tbcmp_AM_LA_IntHigh_2050","AM","LA","IntHigh","2050",4.242305181008
"03100206_90000000_DIRECT_RUNOFF_TO_BAY",6600,23792,"DIRECT RUNOFF TO BAY","03100206","90000000","RUNOFF","tbcmp_AM_LA_IntHigh_2050","AM","LA","IntHigh","2050",23.516524899008
"03100206_90000000_DIRECT_RUNOFF_TO_BAY",9113,326733,"DIRECT RUNOFF TO BAY","03100206","90000000","RUNOFF","tbcmp_AM_LA_IntHigh_2050","AM","LA","IntHigh","2050",322.949929801092
"03100206_90680000_SALT_CREEK",0,361,"SALT CREEK","03100206","90680000","BAYOU","tbcmp_AM_LA_IntHigh_2050","AM","LA","IntHigh","2050",0.356820170164
"03100206_90680000_SALT_CREEK",1100,60844,"SALT CREEK","03100206","90680000","BAYOU","tbcmp_AM_LA_IntHigh_2050","AM","LA","IntHigh","2050",60.139519206256
"03100206_90680000_SALT_CREEK",1200,2577978,"SALT CREEK","03100206","90680000","BAYOU","tbcmp_AM_LA_IntHigh_2050","AM","LA","IntHigh","2050",2548.12894359847
"03100206_90680000_SALT_CREEK",1800,130875,"SALT CREEK","03100206","90680000","BAYOU","tbcmp_AM_LA_IntHigh_2050","AM","LA","IntHigh","2050",129.3596669535
"03100206_90680000_SALT_CREEK",1820,170251,"SALT CREEK","03100206","90680000","BAYOU","tbcmp_AM_LA_IntHigh_2050","AM","LA","IntHigh","2050",168.279752882524
"03100206_90680000_SALT_CREEK",1900,21218,"SALT CREEK","03100206","90680000","BAYOU","tbcmp_AM_LA_IntHigh_2050","AM","LA","IntHigh","2050",20.972327896232
"03100206_90680000_SALT_CREEK",4100,232782,"SALT CREEK","03100206","90680000","BAYOU","tbcmp_AM_LA_IntHigh_2050","AM","LA","IntHigh","2050",230.086739199768
"03100206_90680000_SALT_CREEK",5200,56664,"SALT CREEK","03100206","90680000","BAYOU","tbcmp_AM_LA_IntHigh_2050","AM","LA","IntHigh","2050",56.007917235936
"03100206_90680000_SALT_CREEK",5400,243159,"SALT CREEK","03100206","90680000","BAYOU","tbcmp_AM_LA_IntHigh_2050","AM","LA","IntHigh","2050",240.343589354316
"03100206_90680000_SALT_CREEK",6110,11479,"SALT CREEK","03100206","90680000","BAYOU","tbcmp_AM_LA_IntHigh_2050","AM","LA","IntHigh","2050",11.346090673996
"03100206_90680000_SALT_CREEK",6120,166182,"SALT CREEK","03100206","90680000","BAYOU","tbcmp_AM_LA_IntHigh_2050","AM","LA","IntHigh","2050",164.257865701368
"03100206_90680000_SALT_CREEK",6410,13879,"SALT CREEK","03100206","90680000","BAYOU","tbcmp_AM_LA_IntHigh_2050","AM","LA","IntHigh","2050",13.718302331596
"03100206_90680000_SALT_CREEK",6420,18100,"SALT CREEK","03100206","90680000","BAYOU","tbcmp_AM_LA_IntHigh_2050","AM","LA","IntHigh","2050",17.8904295844
"03100206_90680000_SALT_CREEK",6600,44496,"SALT CREEK","03100206","90680000","BAYOU","tbcmp_AM_LA_IntHigh_2050","AM","LA","IntHigh","2050",43.980804131904
"03100206_90680000_SALT_CREEK",9113,3997,"SALT CREEK","03100206","90680000","BAYOU","tbcmp_AM_LA_IntHigh_2050","AM","LA","IntHigh","2050",3.950720831428
"03100206_90700000_BOOKER_CREEK",1200,3343132,"BOOKER CREEK","03100206","90700000","STREAM","tbcmp_AM_LA_IntHigh_2050","AM","LA","IntHigh","2050",3304.42362637317
"03100206_90700000_BOOKER_CREEK",1800,169458,"BOOKER CREEK","03100206","90700000","STREAM","tbcmp_AM_LA_IntHigh_2050","AM","LA","IntHigh","2050",167.495934613992
"03100206_90700000_BOOKER_CREEK",1900,50054,"BOOKER CREEK","03100206","90700000","STREAM","tbcmp_AM_LA_IntHigh_2050","AM","LA","IntHigh","2050",49.474450962296
"03100206_90700000_BOOKER_CREEK",5200,52071,"BOOKER CREEK","03100206","90700000","STREAM","tbcmp_AM_LA_IntHigh_2050","AM","LA","IntHigh","2050",51.468097176204
"03100206_90700000_BOOKER_CREEK",5400,13,"BOOKER CREEK","03100206","90700000","STREAM","tbcmp_AM_LA_IntHigh_2050","AM","LA","IntHigh","2050",0.012849479812
"03100206_90700000_BOOKER_CREEK",6410,3824,"BOOKER CREEK","03100206","90700000","STREAM","tbcmp_AM_LA_IntHigh_2050","AM","LA","IntHigh","2050",3.779723907776
"03100206_90700000_BOOKER_CREEK",6600,15,"BOOKER CREEK","03100206","90700000","STREAM","tbcmp_AM_LA_IntHigh_2050","AM","LA","IntHigh","2050",0.01482632286
"03100206_99990000_DIRECT_RUNOFF_TO_BAY",0,69677,"DIRECT RUNOFF TO BAY","03100206","99990000","BAY/RUNOFF","tbcmp_AM_LA_IntHigh_2050","AM","LA","IntHigh","2050",68.870246527748
"03100206_99990000_DIRECT_RUNOFF_TO_BAY",1100,350158,"DIRECT RUNOFF TO BAY","03100206","99990000","BAY/RUNOFF","tbcmp_AM_LA_IntHigh_2050","AM","LA","IntHigh","2050",346.103704000792
"03100206_99990000_DIRECT_RUNOFF_TO_BAY",1200,24143469,"DIRECT RUNOFF TO BAY","03100206","99990000","BAY/RUNOFF","tbcmp_AM_LA_IntHigh_2050","AM","LA","IntHigh","2050",23863.9244236268
"03100206_99990000_DIRECT_RUNOFF_TO_BAY",1800,607584,"DIRECT RUNOFF TO BAY","03100206","99990000","BAY/RUNOFF","tbcmp_AM_LA_IntHigh_2050","AM","LA","IntHigh","2050",600.549103238016
"03100206_99990000_DIRECT_RUNOFF_TO_BAY",1820,532282,"DIRECT RUNOFF TO BAY","03100206","99990000","BAY/RUNOFF","tbcmp_AM_LA_IntHigh_2050","AM","LA","IntHigh","2050",526.118985637768
"03100206_99990000_DIRECT_RUNOFF_TO_BAY",1900,1292170,"DIRECT RUNOFF TO BAY","03100206","99990000","BAY/RUNOFF","tbcmp_AM_LA_IntHigh_2050","AM","LA","IntHigh","2050",1277.20864066708
"03100206_99990000_DIRECT_RUNOFF_TO_BAY",2100,36223,"DIRECT RUNOFF TO BAY","03100206","99990000","BAY/RUNOFF","tbcmp_AM_LA_IntHigh_2050","AM","LA","IntHigh","2050",35.803592863852
"03100206_99990000_DIRECT_RUNOFF_TO_BAY",2400,33472,"DIRECT RUNOFF TO BAY","03100206","99990000","BAY/RUNOFF","tbcmp_AM_LA_IntHigh_2050","AM","LA","IntHigh","2050",33.084445251328
"03100206_99990000_DIRECT_RUNOFF_TO_BAY",3200,57512,"DIRECT RUNOFF TO BAY","03100206","99990000","BAY/RUNOFF","tbcmp_AM_LA_IntHigh_2050","AM","LA","IntHigh","2050",56.846098688288
"03100206_99990000_DIRECT_RUNOFF_TO_BAY",4100,587268,"DIRECT RUNOFF TO BAY","03100206","99990000","BAY/RUNOFF","tbcmp_AM_LA_IntHigh_2050","AM","LA","IntHigh","2050",580.468331556432
"03100206_99990000_DIRECT_RUNOFF_TO_BAY",4400,58969,"DIRECT RUNOFF TO BAY","03100206","99990000","BAY/RUNOFF","tbcmp_AM_LA_IntHigh_2050","AM","LA","IntHigh","2050",58.286228848756
"03100206_99990000_DIRECT_RUNOFF_TO_BAY",5200,1000156,"DIRECT RUNOFF TO BAY","03100206","99990000","BAY/RUNOFF","tbcmp_AM_LA_IntHigh_2050","AM","LA","IntHigh","2050",988.575717757744
"03100206_99990000_DIRECT_RUNOFF_TO_BAY",5400,1958007,"DIRECT RUNOFF TO BAY","03100206","99990000","BAY/RUNOFF","tbcmp_AM_LA_IntHigh_2050","AM","LA","IntHigh","2050",1935.33626294267
"03100206_99990000_DIRECT_RUNOFF_TO_BAY",6110,278637,"DIRECT RUNOFF TO BAY","03100206","99990000","BAY/RUNOFF","tbcmp_AM_LA_IntHigh_2050","AM","LA","IntHigh","2050",275.410808182788
"03100206_99990000_DIRECT_RUNOFF_TO_BAY",6120,5804098,"DIRECT RUNOFF TO BAY","03100206","99990000","BAY/RUNOFF","tbcmp_AM_LA_IntHigh_2050","AM","LA","IntHigh","2050",5736.89539060535
"03100206_99990000_DIRECT_RUNOFF_TO_BAY",6410,398772,"DIRECT RUNOFF TO BAY","03100206","99990000","BAY/RUNOFF","tbcmp_AM_LA_IntHigh_2050","AM","LA","IntHigh","2050",394.154827968528
"03100206_99990000_DIRECT_RUNOFF_TO_BAY",6420,880472,"DIRECT RUNOFF TO BAY","03100206","99990000","BAY/RUNOFF","tbcmp_AM_LA_IntHigh_2050","AM","LA","IntHigh","2050",870.277476079328
"03100206_99990000_DIRECT_RUNOFF_TO_BAY",6425,492494,"DIRECT RUNOFF TO BAY","03100206","99990000","BAY/RUNOFF","tbcmp_AM_LA_IntHigh_2050","AM","LA","IntHigh","2050",486.791670040856
"03100206_99990000_DIRECT_RUNOFF_TO_BAY",6510,27519,"DIRECT RUNOFF TO BAY","03100206","99990000","BAY/RUNOFF","tbcmp_AM_LA_IntHigh_2050","AM","LA","IntHigh","2050",27.200371918956
"03100206_99990000_DIRECT_RUNOFF_TO_BAY",6600,452516,"DIRECT RUNOFF TO BAY","03100206","99990000","BAY/RUNOFF","tbcmp_AM_LA_IntHigh_2050","AM","LA","IntHigh","2050",447.276554354384
"03100206_99990000_DIRECT_RUNOFF_TO_BAY",7100,207,"DIRECT RUNOFF TO BAY","03100206","99990000","BAY/RUNOFF","tbcmp_AM_LA_IntHigh_2050","AM","LA","IntHigh","2050",0.204603255468
"03100206_99990000_DIRECT_RUNOFF_TO_BAY",9113,2027166,"DIRECT RUNOFF TO BAY","03100206","99990000","BAY/RUNOFF","tbcmp_AM_LA_IntHigh_2050","AM","LA","IntHigh","2050",2003.69450712098
"03100206_99990000_TAMPA_BAY",0,54317,"TAMPA BAY","03100206","99990000","BAY","tbcmp_AM_LA_IntHigh_2050","AM","LA","IntHigh","2050",53.688091919108
"03100206_99990000_TAMPA_BAY",1100,104150,"TAMPA BAY","03100206","99990000","BAY","tbcmp_AM_LA_IntHigh_2050","AM","LA","IntHigh","2050",102.9441017246
"03100206_99990000_TAMPA_BAY",1200,2616463,"TAMPA BAY","03100206","99990000","BAY","tbcmp_AM_LA_IntHigh_2050","AM","LA","IntHigh","2050",2586.16834594961
"03100206_99990000_TAMPA_BAY",1800,389040,"TAMPA BAY","03100206","99990000","BAY","tbcmp_AM_LA_IntHigh_2050","AM","LA","IntHigh","2050",384.53550969696
"03100206_99990000_TAMPA_BAY",1820,860,"TAMPA BAY","03100206","99990000","BAY","tbcmp_AM_LA_IntHigh_2050","AM","LA","IntHigh","2050",0.85004251064
"03100206_99990000_TAMPA_BAY",1900,119146,"TAMPA BAY","03100206","99990000","BAY","tbcmp_AM_LA_IntHigh_2050","AM","LA","IntHigh","2050",117.766470898504
"03100206_99990000_TAMPA_BAY",3200,276367,"TAMPA BAY","03100206","99990000","BAY","tbcmp_AM_LA_IntHigh_2050","AM","LA","IntHigh","2050",273.167091323308
"03100206_99990000_TAMPA_BAY",4100,120681,"TAMPA BAY","03100206","99990000","BAY","tbcmp_AM_LA_IntHigh_2050","AM","LA","IntHigh","2050",119.283697937844
"03100206_99990000_TAMPA_BAY",5200,31767,"TAMPA BAY","03100206","99990000","BAY","tbcmp_AM_LA_IntHigh_2050","AM","LA","IntHigh","2050",31.399186552908
"03100206_99990000_TAMPA_BAY",5400,190233817,"TAMPA BAY","03100206","99990000","BAY","tbcmp_AM_LA_IntHigh_2050","AM","LA","IntHigh","2050",188031.199315477
"03100206_99990000_TAMPA_BAY",6110,89463,"TAMPA BAY","03100206","99990000","BAY","tbcmp_AM_LA_IntHigh_2050","AM","LA","IntHigh","2050",88.427154801612
"03100206_99990000_TAMPA_BAY",6120,3024240,"TAMPA BAY","03100206","99990000","BAY","tbcmp_AM_LA_IntHigh_2050","AM","LA","IntHigh","2050",2989.22390974176
"03100206_99990000_TAMPA_BAY",6410,270765,"TAMPA BAY","03100206","99990000","BAY","tbcmp_AM_LA_IntHigh_2050","AM","LA","IntHigh","2050",267.62995394586
"03100206_99990000_TAMPA_BAY",6420,78539,"TAMPA BAY","03100206","99990000","BAY","tbcmp_AM_LA_IntHigh_2050","AM","LA","IntHigh","2050",77.629638073436
"03100206_99990000_TAMPA_BAY",6425,10209,"TAMPA BAY","03100206","99990000","BAY","tbcmp_AM_LA_IntHigh_2050","AM","LA","IntHigh","2050",10.090795338516
"03100206_99990000_TAMPA_BAY",6510,3734,"TAMPA BAY","03100206","99990000","BAY","tbcmp_AM_LA_IntHigh_2050","AM","LA","IntHigh","2050",3.690765970616
"03100206_99990000_TAMPA_BAY",6600,394903,"TAMPA BAY","03100206","99990000","BAY","tbcmp_AM_LA_IntHigh_2050","AM","LA","IntHigh","2050",390.330625092172
"03100206_99990000_TAMPA_BAY",7100,54631,"TAMPA BAY","03100206","99990000","BAY","tbcmp_AM_LA_IntHigh_2050","AM","LA","IntHigh","2050",53.998456277644
"03100206_99990000_TAMPA_BAY",9113,38603947,"TAMPA BAY","03100206","99990000","BAY","tbcmp_AM_LA_IntHigh_2050","AM","LA","IntHigh","2050",38156.9721261552
"03100207_04000000_CLAM_BAYOU_DRAIN",0,394,"CLAM BAYOU DRAIN","03100207","04000000","DRAIN","tbcmp_AM_LA_IntHigh_2050","AM","LA","IntHigh","2050",0.389438080456
"03100207_04000000_CLAM_BAYOU_DRAIN",1100,271,"CLAM BAYOU DRAIN","03100207","04000000","DRAIN","tbcmp_AM_LA_IntHigh_2050","AM","LA","IntHigh","2050",0.267862233004
"03100207_04000000_CLAM_BAYOU_DRAIN",1200,1943228,"CLAM BAYOU DRAIN","03100207","04000000","DRAIN","tbcmp_AM_LA_IntHigh_2050","AM","LA","IntHigh","2050",1920.72838123947
"03100207_04000000_CLAM_BAYOU_DRAIN",1800,33443,"CLAM BAYOU DRAIN","03100207","04000000","DRAIN","tbcmp_AM_LA_IntHigh_2050","AM","LA","IntHigh","2050",33.055781027132
"03100207_04000000_CLAM_BAYOU_DRAIN",1820,22035,"CLAM BAYOU DRAIN","03100207","04000000","DRAIN","tbcmp_AM_LA_IntHigh_2050","AM","LA","IntHigh","2050",21.77986828134
"03100207_04000000_CLAM_BAYOU_DRAIN",1900,25509,"CLAM BAYOU DRAIN","03100207","04000000","DRAIN","tbcmp_AM_LA_IntHigh_2050","AM","LA","IntHigh","2050",25.213644655716
"03100207_04000000_CLAM_BAYOU_DRAIN",4100,10020,"CLAM BAYOU DRAIN","03100207","04000000","DRAIN","tbcmp_AM_LA_IntHigh_2050","AM","LA","IntHigh","2050",9.90398367048
"03100207_04000000_CLAM_BAYOU_DRAIN",5200,17602,"CLAM BAYOU DRAIN","03100207","04000000","DRAIN","tbcmp_AM_LA_IntHigh_2050","AM","LA","IntHigh","2050",17.398195665448
"03100207_04000000_CLAM_BAYOU_DRAIN",5400,32101,"CLAM BAYOU DRAIN","03100207","04000000","DRAIN","tbcmp_AM_LA_IntHigh_2050","AM","LA","IntHigh","2050",31.729319341924
"03100207_04000000_CLAM_BAYOU_DRAIN",6110,3228,"CLAM BAYOU DRAIN","03100207","04000000","DRAIN","tbcmp_AM_LA_IntHigh_2050","AM","LA","IntHigh","2050",3.190624679472
"03100207_04000000_CLAM_BAYOU_DRAIN",6120,53157,"CLAM BAYOU DRAIN","03100207","04000000","DRAIN","tbcmp_AM_LA_IntHigh_2050","AM","LA","IntHigh","2050",52.541522951268
"03100207_04000000_CLAM_BAYOU_DRAIN",6410,449,"CLAM BAYOU DRAIN","03100207","04000000","DRAIN","tbcmp_AM_LA_IntHigh_2050","AM","LA","IntHigh","2050",0.443801264276
"03100207_04000000_CLAM_BAYOU_DRAIN",6420,1083,"CLAM BAYOU DRAIN","03100207","04000000","DRAIN","tbcmp_AM_LA_IntHigh_2050","AM","LA","IntHigh","2050",1.070460510492
"03100207_04000000_CLAM_BAYOU_DRAIN",6600,2818,"CLAM BAYOU DRAIN","03100207","04000000","DRAIN","tbcmp_AM_LA_IntHigh_2050","AM","LA","IntHigh","2050",2.785371854632
"03100207_04000000_CLAM_BAYOU_DRAIN",9113,15214,"CLAM BAYOU DRAIN","03100207","04000000","DRAIN","tbcmp_AM_LA_IntHigh_2050","AM","LA","IntHigh","2050",15.037845066136
"03100207_07000000_BEAR_CREEK",1200,2458807,"BEAR CREEK","03100207","07000000","STREAM","tbcmp_AM_LA_IntHigh_2050","AM","LA","IntHigh","2050",2430.33776216187
"03100207_07000000_BEAR_CREEK",1800,18640,"BEAR CREEK","03100207","07000000","STREAM","tbcmp_AM_LA_IntHigh_2050","AM","LA","IntHigh","2050",18.42417720736
"03100207_07000000_BEAR_CREEK",1820,8246,"BEAR CREEK","03100207","07000000","STREAM","tbcmp_AM_LA_IntHigh_2050","AM","LA","IntHigh","2050",8.150523886904
"03100207_07000000_BEAR_CREEK",1900,12402,"BEAR CREEK","03100207","07000000","STREAM","tbcmp_AM_LA_IntHigh_2050","AM","LA","IntHigh","2050",12.258403740648
"03100207_07000000_BEAR_CREEK",5200,34468,"BEAR CREEK","03100207","07000000","STREAM","tbcmp_AM_LA_IntHigh_2050","AM","LA","IntHigh","2050",34.068913089232
"03100207_07000000_BEAR_CREEK",5400,15972,"BEAR CREEK","03100207","07000000","STREAM","tbcmp_AM_LA_IntHigh_2050","AM","LA","IntHigh","2050",15.787068581328
"03100207_07000000_BEAR_CREEK",6110,5127,"BEAR CREEK","03100207","07000000","STREAM","tbcmp_AM_LA_IntHigh_2050","AM","LA","IntHigh","2050",5.067637153548
"03100207_07000000_BEAR_CREEK",6120,1315,"BEAR CREEK","03100207","07000000","STREAM","tbcmp_AM_LA_IntHigh_2050","AM","LA","IntHigh","2050",1.29977430406
"03100207_07000000_BEAR_CREEK",6410,3476,"BEAR CREEK","03100207","07000000","STREAM","tbcmp_AM_LA_IntHigh_2050","AM","LA","IntHigh","2050",3.435753217424
"03100207_07000000_BEAR_CREEK",6420,33,"BEAR CREEK","03100207","07000000","STREAM","tbcmp_AM_LA_IntHigh_2050","AM","LA","IntHigh","2050",0.032617910292
"03100207_07000000_BEAR_CREEK",6600,358,"BEAR CREEK","03100207","07000000","STREAM","tbcmp_AM_LA_IntHigh_2050","AM","LA","IntHigh","2050",0.353854905592
"03100207_07000000_BEAR_CREEK",9113,600,"BEAR CREEK","03100207","07000000","STREAM","tbcmp_AM_LA_IntHigh_2050","AM","LA","IntHigh","2050",0.5930529144
"03100207_10900000_CROSS_CANAL_(SOUTH)",0,8115,"CROSS CANAL (SOUTH)","03100207","10900000","CANAL","tbcmp_AM_LA_IntHigh_2050","AM","LA","IntHigh","2050",8.02104066726
"03100207_10900000_CROSS_CANAL_(SOUTH)",1100,4080,"CROSS CANAL (SOUTH)","03100207","10900000","CANAL","tbcmp_AM_LA_IntHigh_2050","AM","LA","IntHigh","2050",4.03275981792
"03100207_10900000_CROSS_CANAL_(SOUTH)",1200,4161612,"CROSS CANAL (SOUTH)","03100207","10900000","CANAL","tbcmp_AM_LA_IntHigh_2050","AM","LA","IntHigh","2050",4113.42687533669
"03100207_10900000_CROSS_CANAL_(SOUTH)",1800,49745,"CROSS CANAL (SOUTH)","03100207","10900000","CANAL","tbcmp_AM_LA_IntHigh_2050","AM","LA","IntHigh","2050",49.16902871138
"03100207_10900000_CROSS_CANAL_(SOUTH)",1820,222133,"CROSS CANAL (SOUTH)","03100207","10900000","CANAL","tbcmp_AM_LA_IntHigh_2050","AM","LA","IntHigh","2050",219.561038390692
"03100207_10900000_CROSS_CANAL_(SOUTH)",1900,86530,"CROSS CANAL (SOUTH)","03100207","10900000","CANAL","tbcmp_AM_LA_IntHigh_2050","AM","LA","IntHigh","2050",85.52811447172
"03100207_10900000_CROSS_CANAL_(SOUTH)",2400,3788,"CROSS CANAL (SOUTH)","03100207","10900000","CANAL","tbcmp_AM_LA_IntHigh_2050","AM","LA","IntHigh","2050",3.744140732912
"03100207_10900000_CROSS_CANAL_(SOUTH)",3200,9688,"CROSS CANAL (SOUTH)","03100207","10900000","CANAL","tbcmp_AM_LA_IntHigh_2050","AM","LA","IntHigh","2050",9.575827724512
"03100207_10900000_CROSS_CANAL_(SOUTH)",4100,41888,"CROSS CANAL (SOUTH)","03100207","10900000","CANAL","tbcmp_AM_LA_IntHigh_2050","AM","LA","IntHigh","2050",41.403000797312
"03100207_10900000_CROSS_CANAL_(SOUTH)",5200,135865,"CROSS CANAL (SOUTH)","03100207","10900000","CANAL","tbcmp_AM_LA_IntHigh_2050","AM","LA","IntHigh","2050",134.29189035826
"03100207_10900000_CROSS_CANAL_(SOUTH)",5400,48194,"CROSS CANAL (SOUTH)","03100207","10900000","CANAL","tbcmp_AM_LA_IntHigh_2050","AM","LA","IntHigh","2050",47.635986927656
"03100207_10900000_CROSS_CANAL_(SOUTH)",6110,14818,"CROSS CANAL (SOUTH)","03100207","10900000","CANAL","tbcmp_AM_LA_IntHigh_2050","AM","LA","IntHigh","2050",14.646430142632
"03100207_10900000_CROSS_CANAL_(SOUTH)",6120,203042,"CROSS CANAL (SOUTH)","03100207","10900000","CANAL","tbcmp_AM_LA_IntHigh_2050","AM","LA","IntHigh","2050",200.691083076008
"03100207_10900000_CROSS_CANAL_(SOUTH)",6410,20381,"CROSS CANAL (SOUTH)","03100207","10900000","CANAL","tbcmp_AM_LA_IntHigh_2050","AM","LA","IntHigh","2050",20.145019080644
"03100207_10900000_CROSS_CANAL_(SOUTH)",6420,10894,"CROSS CANAL (SOUTH)","03100207","10900000","CANAL","tbcmp_AM_LA_IntHigh_2050","AM","LA","IntHigh","2050",10.767864082456
"03100207_10900000_CROSS_CANAL_(SOUTH)",6600,11894,"CROSS CANAL (SOUTH)","03100207","10900000","CANAL","tbcmp_AM_LA_IntHigh_2050","AM","LA","IntHigh","2050",11.756285606456
"03100207_10900000_CROSS_CANAL_(SOUTH)",9113,210921,"CROSS CANAL (SOUTH)","03100207","10900000","CANAL","tbcmp_AM_LA_IntHigh_2050","AM","LA","IntHigh","2050",208.478856263604
"03100207_10908500_PINELLAS_PARK_DITCH",0,1361,"PINELLAS PARK DITCH","03100207","10908500","DITCH","tbcmp_AM_LA_IntHigh_2050","AM","LA","IntHigh","2050",1.345241694164
"03100207_10908500_PINELLAS_PARK_DITCH",1100,256638,"PINELLAS PARK DITCH","03100207","10908500","DITCH","tbcmp_AM_LA_IntHigh_2050","AM","LA","IntHigh","2050",253.666523076312
"03100207_10908500_PINELLAS_PARK_DITCH",1200,1786927,"PINELLAS PARK DITCH","03100207","10908500","DITCH","tbcmp_AM_LA_IntHigh_2050","AM","LA","IntHigh","2050",1766.23710861675
"03100207_10908500_PINELLAS_PARK_DITCH",1800,69979,"PINELLAS PARK DITCH","03100207","10908500","DITCH","tbcmp_AM_LA_IntHigh_2050","AM","LA","IntHigh","2050",69.168749827996
"03100207_10908500_PINELLAS_PARK_DITCH",1900,12639,"PINELLAS PARK DITCH","03100207","10908500","DITCH","tbcmp_AM_LA_IntHigh_2050","AM","LA","IntHigh","2050",12.492659641836
"03100207_10908500_PINELLAS_PARK_DITCH",2400,5908,"PINELLAS PARK DITCH","03100207","10908500","DITCH","tbcmp_AM_LA_IntHigh_2050","AM","LA","IntHigh","2050",5.839594363792
"03100207_10908500_PINELLAS_PARK_DITCH",4100,28230,"PINELLAS PARK DITCH","03100207","10908500","DITCH","tbcmp_AM_LA_IntHigh_2050","AM","LA","IntHigh","2050",27.90313962252
"03100207_10908500_PINELLAS_PARK_DITCH",5200,62138,"PINELLAS PARK DITCH","03100207","10908500","DITCH","tbcmp_AM_LA_IntHigh_2050","AM","LA","IntHigh","2050",61.418536658312
"03100207_10908500_PINELLAS_PARK_DITCH",5400,18454,"PINELLAS PARK DITCH","03100207","10908500","DITCH","tbcmp_AM_LA_IntHigh_2050","AM","LA","IntHigh","2050",18.240330803896
"03100207_10908500_PINELLAS_PARK_DITCH",6110,24169,"PINELLAS PARK DITCH","03100207","10908500","DITCH","tbcmp_AM_LA_IntHigh_2050","AM","LA","IntHigh","2050",23.889159813556
"03100207_10908500_PINELLAS_PARK_DITCH",6120,7887,"PINELLAS PARK DITCH","03100207","10908500","DITCH","tbcmp_AM_LA_IntHigh_2050","AM","LA","IntHigh","2050",7.795680559788
"03100207_10908500_PINELLAS_PARK_DITCH",6410,8832,"PINELLAS PARK DITCH","03100207","10908500","DITCH","tbcmp_AM_LA_IntHigh_2050","AM","LA","IntHigh","2050",8.729738899968
"03100207_10908500_PINELLAS_PARK_DITCH",6420,338,"PINELLAS PARK DITCH","03100207","10908500","DITCH","tbcmp_AM_LA_IntHigh_2050","AM","LA","IntHigh","2050",0.334086475112
"03100207_10908500_PINELLAS_PARK_DITCH",6600,1832,"PINELLAS PARK DITCH","03100207","10908500","DITCH","tbcmp_AM_LA_IntHigh_2050","AM","LA","IntHigh","2050",1.810788231968
"03100207_10908500_PINELLAS_PARK_DITCH",9113,23493,"PINELLAS PARK DITCH","03100207","10908500","DITCH","tbcmp_AM_LA_IntHigh_2050","AM","LA","IntHigh","2050",23.220986863332
"03100207_10909000_ST_JOE_CREEK",0,2566,"ST JOE CREEK","03100207","10909000","STREAM","tbcmp_AM_LA_IntHigh_2050","AM","LA","IntHigh","2050",2.536289630584
"03100207_10909000_ST_JOE_CREEK",1100,128974,"ST JOE CREEK","03100207","10909000","STREAM","tbcmp_AM_LA_IntHigh_2050","AM","LA","IntHigh","2050",127.480677636376
"03100207_10909000_ST_JOE_CREEK",1200,9620129,"ST JOE CREEK","03100207","10909000","STREAM","tbcmp_AM_LA_IntHigh_2050","AM","LA","IntHigh","2050",9508.7425672566
"03100207_10909000_ST_JOE_CREEK",1800,96373,"ST JOE CREEK","03100207","10909000","STREAM","tbcmp_AM_LA_IntHigh_2050","AM","LA","IntHigh","2050",95.257147532452
"03100207_10909000_ST_JOE_CREEK",1900,73129,"ST JOE CREEK","03100207","10909000","STREAM","tbcmp_AM_LA_IntHigh_2050","AM","LA","IntHigh","2050",72.282277628596
"03100207_10909000_ST_JOE_CREEK",2400,3551,"ST JOE CREEK","03100207","10909000","STREAM","tbcmp_AM_LA_IntHigh_2050","AM","LA","IntHigh","2050",3.509884831724
"03100207_10909000_ST_JOE_CREEK",4100,17905,"ST JOE CREEK","03100207","10909000","STREAM","tbcmp_AM_LA_IntHigh_2050","AM","LA","IntHigh","2050",17.69768738722
"03100207_10909000_ST_JOE_CREEK",5200,168879,"ST JOE CREEK","03100207","10909000","STREAM","tbcmp_AM_LA_IntHigh_2050","AM","LA","IntHigh","2050",166.923638551596
"03100207_10909000_ST_JOE_CREEK",5400,20331,"ST JOE CREEK","03100207","10909000","STREAM","tbcmp_AM_LA_IntHigh_2050","AM","LA","IntHigh","2050",20.095598004444
"03100207_10909000_ST_JOE_CREEK",6110,62148,"ST JOE CREEK","03100207","10909000","STREAM","tbcmp_AM_LA_IntHigh_2050","AM","LA","IntHigh","2050",61.428420873552
"03100207_10909000_ST_JOE_CREEK",6120,60989,"ST JOE CREEK","03100207","10909000","STREAM","tbcmp_AM_LA_IntHigh_2050","AM","LA","IntHigh","2050",60.282840327236
"03100207_10909000_ST_JOE_CREEK",6410,26988,"ST JOE CREEK","03100207","10909000","STREAM","tbcmp_AM_LA_IntHigh_2050","AM","LA","IntHigh","2050",26.675520089712
"03100207_10909000_ST_JOE_CREEK",6420,18981,"ST JOE CREEK","03100207","10909000","STREAM","tbcmp_AM_LA_IntHigh_2050","AM","LA","IntHigh","2050",18.761228947044
"03100207_10909000_ST_JOE_CREEK",6600,12517,"ST JOE CREEK","03100207","10909000","STREAM","tbcmp_AM_LA_IntHigh_2050","AM","LA","IntHigh","2050",12.372072215908
"03100207_10909000_ST_JOE_CREEK",9113,17320,"ST JOE CREEK","03100207","10909000","STREAM","tbcmp_AM_LA_IntHigh_2050","AM","LA","IntHigh","2050",17.11946079568
"03100207_20000000_MCKAY_CREEK",0,62,"MCKAY CREEK","03100207","20000000","STREAM","tbcmp_AM_LA_IntHigh_2050","AM","LA","IntHigh","2050",0.061282134488
"03100207_20000000_MCKAY_CREEK",1100,42563,"MCKAY CREEK","03100207","20000000","STREAM","tbcmp_AM_LA_IntHigh_2050","AM","LA","IntHigh","2050",42.070185326012
"03100207_20000000_MCKAY_CREEK",1200,2432162,"MCKAY CREEK","03100207","20000000","STREAM","tbcmp_AM_LA_IntHigh_2050","AM","LA","IntHigh","2050",2404.00127065489
"03100207_20000000_MCKAY_CREEK",1800,148618,"MCKAY CREEK","03100207","20000000","STREAM","tbcmp_AM_LA_IntHigh_2050","AM","LA","IntHigh","2050",146.897230053832
"03100207_20000000_MCKAY_CREEK",1820,29225,"MCKAY CREEK","03100207","20000000","STREAM","tbcmp_AM_LA_IntHigh_2050","AM","LA","IntHigh","2050",28.8866190389
"03100207_20000000_MCKAY_CREEK",1900,92128,"MCKAY CREEK","03100207","20000000","STREAM","tbcmp_AM_LA_IntHigh_2050","AM","LA","IntHigh","2050",91.061298163072
"03100207_20000000_MCKAY_CREEK",4100,101239,"MCKAY CREEK","03100207","20000000","STREAM","tbcmp_AM_LA_IntHigh_2050","AM","LA","IntHigh","2050",100.066806668236
"03100207_20000000_MCKAY_CREEK",5200,85859,"MCKAY CREEK","03100207","20000000","STREAM","tbcmp_AM_LA_IntHigh_2050","AM","LA","IntHigh","2050",84.864883629116
"03100207_20000000_MCKAY_CREEK",5400,33622,"MCKAY CREEK","03100207","20000000","STREAM","tbcmp_AM_LA_IntHigh_2050","AM","LA","IntHigh","2050",33.232708479928
"03100207_20000000_MCKAY_CREEK",6110,16653,"MCKAY CREEK","03100207","20000000","STREAM","tbcmp_AM_LA_IntHigh_2050","AM","LA","IntHigh","2050",16.460183639172
"03100207_20000000_MCKAY_CREEK",6120,229,"MCKAY CREEK","03100207","20000000","STREAM","tbcmp_AM_LA_IntHigh_2050","AM","LA","IntHigh","2050",0.226348528996
"03100207_20000000_MCKAY_CREEK",6410,57421,"MCKAY CREEK","03100207","20000000","STREAM","tbcmp_AM_LA_IntHigh_2050","AM","LA","IntHigh","2050",56.756152329604
"03100207_20000000_MCKAY_CREEK",6420,32,"MCKAY CREEK","03100207","20000000","STREAM","tbcmp_AM_LA_IntHigh_2050","AM","LA","IntHigh","2050",0.031629488768
"03100207_20000000_MCKAY_CREEK",6600,116,"MCKAY CREEK","03100207","20000000","STREAM","tbcmp_AM_LA_IntHigh_2050","AM","LA","IntHigh","2050",0.114656896784
"03100207_20000000_MCKAY_CREEK",9113,2012,"MCKAY CREEK","03100207","20000000","STREAM","tbcmp_AM_LA_IntHigh_2050","AM","LA","IntHigh","2050",1.988704106288
"03100207_20000000_WALSINGHAM_RESERVOIR",1100,46415,"WALSINGHAM RESERVOIR","03100207","20000000","RESERV","tbcmp_AM_LA_IntHigh_2050","AM","LA","IntHigh","2050",45.87758503646
"03100207_20000000_WALSINGHAM_RESERVOIR",1200,1090346,"WALSINGHAM RESERVOIR","03100207","20000000","RESERV","tbcmp_AM_LA_IntHigh_2050","AM","LA","IntHigh","2050",1077.7214550073
"03100207_20000000_WALSINGHAM_RESERVOIR",1800,295767,"WALSINGHAM RESERVOIR","03100207","20000000","RESERV","tbcmp_AM_LA_IntHigh_2050","AM","LA","IntHigh","2050",292.342468888908
"03100207_20000000_WALSINGHAM_RESERVOIR",1900,36327,"WALSINGHAM RESERVOIR","03100207","20000000","RESERV","tbcmp_AM_LA_IntHigh_2050","AM","LA","IntHigh","2050",35.906388702348
"03100207_20000000_WALSINGHAM_RESERVOIR",2100,27064,"WALSINGHAM RESERVOIR","03100207","20000000","RESERV","tbcmp_AM_LA_IntHigh_2050","AM","LA","IntHigh","2050",26.750640125536
"03100207_20000000_WALSINGHAM_RESERVOIR",4100,4651,"WALSINGHAM RESERVOIR","03100207","20000000","RESERV","tbcmp_AM_LA_IntHigh_2050","AM","LA","IntHigh","2050",4.597148508124
"03100207_20000000_WALSINGHAM_RESERVOIR",5200,107616,"WALSINGHAM RESERVOIR","03100207","20000000","RESERV","tbcmp_AM_LA_IntHigh_2050","AM","LA","IntHigh","2050",106.369970726784
"03100207_20000000_WALSINGHAM_RESERVOIR",6410,25332,"WALSINGHAM RESERVOIR","03100207","20000000","RESERV","tbcmp_AM_LA_IntHigh_2050","AM","LA","IntHigh","2050",25.038694045968
"03100207_20900000_CHURCH_CREEK",0,12,"CHURCH CREEK","03100207","20900000","STREAM","tbcmp_AM_LA_IntHigh_2050","AM","LA","IntHigh","2050",0.011861058288
"03100207_20900000_CHURCH_CREEK",1200,946943,"CHURCH CREEK","03100207","20900000","STREAM","tbcmp_AM_LA_IntHigh_2050","AM","LA","IntHigh","2050",935.978843201132
"03100207_20900000_CHURCH_CREEK",1800,15490,"CHURCH CREEK","03100207","20900000","STREAM","tbcmp_AM_LA_IntHigh_2050","AM","LA","IntHigh","2050",15.31064940676
"03100207_20900000_CHURCH_CREEK",1820,42870,"CHURCH CREEK","03100207","20900000","STREAM","tbcmp_AM_LA_IntHigh_2050","AM","LA","IntHigh","2050",42.37363073388
"03100207_20900000_CHURCH_CREEK",1900,294,"CHURCH CREEK","03100207","20900000","STREAM","tbcmp_AM_LA_IntHigh_2050","AM","LA","IntHigh","2050",0.290595928056
"03100207_20900000_CHURCH_CREEK",4100,26907,"CHURCH CREEK","03100207","20900000","STREAM","tbcmp_AM_LA_IntHigh_2050","AM","LA","IntHigh","2050",26.595457946268
"03100207_20900000_CHURCH_CREEK",5200,34306,"CHURCH CREEK","03100207","20900000","STREAM","tbcmp_AM_LA_IntHigh_2050","AM","LA","IntHigh","2050",33.908788802344
"03100207_20900000_CHURCH_CREEK",5400,5653,"CHURCH CREEK","03100207","20900000","STREAM","tbcmp_AM_LA_IntHigh_2050","AM","LA","IntHigh","2050",5.587546875172
"03100207_20900000_CHURCH_CREEK",6120,1462,"CHURCH CREEK","03100207","20900000","STREAM","tbcmp_AM_LA_IntHigh_2050","AM","LA","IntHigh","2050",1.445072268088
"03100207_20900000_CHURCH_CREEK",6410,4689,"CHURCH CREEK","03100207","20900000","STREAM","tbcmp_AM_LA_IntHigh_2050","AM","LA","IntHigh","2050",4.634708526036
"03100207_20900000_CHURCH_CREEK",6420,1039,"CHURCH CREEK","03100207","20900000","STREAM","tbcmp_AM_LA_IntHigh_2050","AM","LA","IntHigh","2050",1.026969963436
"03100207_20900000_CHURCH_CREEK",9113,216,"CHURCH CREEK","03100207","20900000","STREAM","tbcmp_AM_LA_IntHigh_2050","AM","LA","IntHigh","2050",0.213499049184
"03100207_22000000_BELLEAIR_GOLFCLUB_RUN",1100,10131,"BELLEAIR GOLFCLUB RUN","03100207","22000000","STREAM","tbcmp_AM_LA_IntHigh_2050","AM","LA","IntHigh","2050",10.013698459644
"03100207_22000000_BELLEAIR_GOLFCLUB_RUN",1200,811666,"BELLEAIR GOLFCLUB RUN","03100207","22000000","STREAM","tbcmp_AM_LA_IntHigh_2050","AM","LA","IntHigh","2050",802.268144698984
"03100207_22000000_BELLEAIR_GOLFCLUB_RUN",1800,130848,"BELLEAIR GOLFCLUB RUN","03100207","22000000","STREAM","tbcmp_AM_LA_IntHigh_2050","AM","LA","IntHigh","2050",129.332979572352
"03100207_22000000_BELLEAIR_GOLFCLUB_RUN",1820,63548,"BELLEAIR GOLFCLUB RUN","03100207","22000000","STREAM","tbcmp_AM_LA_IntHigh_2050","AM","LA","IntHigh","2050",62.812211007152
"03100207_22000000_BELLEAIR_GOLFCLUB_RUN",1900,10759,"BELLEAIR GOLFCLUB RUN","03100207","22000000","STREAM","tbcmp_AM_LA_IntHigh_2050","AM","LA","IntHigh","2050",10.634427176716
"03100207_22000000_BELLEAIR_GOLFCLUB_RUN",2100,2321,"BELLEAIR GOLFCLUB RUN","03100207","22000000","STREAM","tbcmp_AM_LA_IntHigh_2050","AM","LA","IntHigh","2050",2.294126357204
"03100207_22000000_BELLEAIR_GOLFCLUB_RUN",4100,12021,"BELLEAIR GOLFCLUB RUN","03100207","22000000","STREAM","tbcmp_AM_LA_IntHigh_2050","AM","LA","IntHigh","2050",11.881815140004
"03100207_22000000_BELLEAIR_GOLFCLUB_RUN",5200,36637,"BELLEAIR GOLFCLUB RUN","03100207","22000000","STREAM","tbcmp_AM_LA_IntHigh_2050","AM","LA","IntHigh","2050",36.212799374788
"03100207_22000000_BELLEAIR_GOLFCLUB_RUN",5400,414,"BELLEAIR GOLFCLUB RUN","03100207","22000000","STREAM","tbcmp_AM_LA_IntHigh_2050","AM","LA","IntHigh","2050",0.409206510936
"03100207_22000000_BELLEAIR_GOLFCLUB_RUN",6110,6294,"BELLEAIR GOLFCLUB RUN","03100207","22000000","STREAM","tbcmp_AM_LA_IntHigh_2050","AM","LA","IntHigh","2050",6.221125072056
"03100207_22000000_BELLEAIR_GOLFCLUB_RUN",6410,2531,"BELLEAIR GOLFCLUB RUN","03100207","22000000","STREAM","tbcmp_AM_LA_IntHigh_2050","AM","LA","IntHigh","2050",2.501694877244
"03100207_22000000_BELLEAIR_GOLFCLUB_RUN",6600,3,"BELLEAIR GOLFCLUB RUN","03100207","22000000","STREAM","tbcmp_AM_LA_IntHigh_2050","AM","LA","IntHigh","2050",0.002965264572
"03100207_22000000_BELLEAIR_GOLFCLUB_RUN",9113,4,"BELLEAIR GOLFCLUB RUN","03100207","22000000","STREAM","tbcmp_AM_LA_IntHigh_2050","AM","LA","IntHigh","2050",0.003953686096
"03100207_25000000_STEVENSON_CREEK",0,36,"STEVENSON CREEK","03100207","25000000","STREAM","tbcmp_AM_LA_IntHigh_2050","AM","LA","IntHigh","2050",0.035583174864
"03100207_25000000_STEVENSON_CREEK",1100,52097,"STEVENSON CREEK","03100207","25000000","STREAM","tbcmp_AM_LA_IntHigh_2050","AM","LA","IntHigh","2050",51.493796135828
"03100207_25000000_STEVENSON_CREEK",1200,5339711,"STEVENSON CREEK","03100207","25000000","STREAM","tbcmp_AM_LA_IntHigh_2050","AM","LA","IntHigh","2050",5277.88528433956
"03100207_25000000_STEVENSON_CREEK",1800,160353,"STEVENSON CREEK","03100207","25000000","STREAM","tbcmp_AM_LA_IntHigh_2050","AM","LA","IntHigh","2050",158.496356637972
"03100207_25000000_STEVENSON_CREEK",1820,170276,"STEVENSON CREEK","03100207","25000000","STREAM","tbcmp_AM_LA_IntHigh_2050","AM","LA","IntHigh","2050",168.304463420624
"03100207_25000000_STEVENSON_CREEK",1900,80085,"STEVENSON CREEK","03100207","25000000","STREAM","tbcmp_AM_LA_IntHigh_2050","AM","LA","IntHigh","2050",79.15773774954
"03100207_25000000_STEVENSON_CREEK",2400,5816,"STEVENSON CREEK","03100207","25000000","STREAM","tbcmp_AM_LA_IntHigh_2050","AM","LA","IntHigh","2050",5.748659583584
"03100207_25000000_STEVENSON_CREEK",4100,13246,"STEVENSON CREEK","03100207","25000000","STREAM","tbcmp_AM_LA_IntHigh_2050","AM","LA","IntHigh","2050",13.092631506904
"03100207_25000000_STEVENSON_CREEK",5200,132835,"STEVENSON CREEK","03100207","25000000","STREAM","tbcmp_AM_LA_IntHigh_2050","AM","LA","IntHigh","2050",131.29697314054
"03100207_25000000_STEVENSON_CREEK",5400,34362,"STEVENSON CREEK","03100207","25000000","STREAM","tbcmp_AM_LA_IntHigh_2050","AM","LA","IntHigh","2050",33.964140407688
"03100207_25000000_STEVENSON_CREEK",6110,29449,"STEVENSON CREEK","03100207","25000000","STREAM","tbcmp_AM_LA_IntHigh_2050","AM","LA","IntHigh","2050",29.108025460276
"03100207_25000000_STEVENSON_CREEK",6120,3780,"STEVENSON CREEK","03100207","25000000","STREAM","tbcmp_AM_LA_IntHigh_2050","AM","LA","IntHigh","2050",3.73623336072
"03100207_25000000_STEVENSON_CREEK",6410,68541,"STEVENSON CREEK","03100207","25000000","STREAM","tbcmp_AM_LA_IntHigh_2050","AM","LA","IntHigh","2050",67.747399676484
"03100207_25000000_STEVENSON_CREEK",6420,249,"STEVENSON CREEK","03100207","25000000","STREAM","tbcmp_AM_LA_IntHigh_2050","AM","LA","IntHigh","2050",0.246116959476
"03100207_25000000_STEVENSON_CREEK",6600,1061,"STEVENSON CREEK","03100207","25000000","STREAM","tbcmp_AM_LA_IntHigh_2050","AM","LA","IntHigh","2050",1.048715236964
"03100207_25000000_STEVENSON_CREEK",9113,4832,"STEVENSON CREEK","03100207","25000000","STREAM","tbcmp_AM_LA_IntHigh_2050","AM","LA","IntHigh","2050",4.776052803968
"03100207_29000000_CEDAR_CREEK",0,514,"CEDAR CREEK","03100207","29000000","STREAM","tbcmp_AM_LA_IntHigh_2050","AM","LA","IntHigh","2050",0.508048663336
"03100207_29000000_CEDAR_CREEK",1100,6750,"CEDAR CREEK","03100207","29000000","STREAM","tbcmp_AM_LA_IntHigh_2050","AM","LA","IntHigh","2050",6.671845287
"03100207_29000000_CEDAR_CREEK",1200,738598,"CEDAR CREEK","03100207","29000000","STREAM","tbcmp_AM_LA_IntHigh_2050","AM","LA","IntHigh","2050",730.046160783352
"03100207_29000000_CEDAR_CREEK",1800,72611,"CEDAR CREEK","03100207","29000000","STREAM","tbcmp_AM_LA_IntHigh_2050","AM","LA","IntHigh","2050",71.770275279164
"03100207_29000000_CEDAR_CREEK",1820,62762,"CEDAR CREEK","03100207","29000000","STREAM","tbcmp_AM_LA_IntHigh_2050","AM","LA","IntHigh","2050",62.035311689288
"03100207_29000000_CEDAR_CREEK",4100,52713,"CEDAR CREEK","03100207","29000000","STREAM","tbcmp_AM_LA_IntHigh_2050","AM","LA","IntHigh","2050",52.102663794612
"03100207_29000000_CEDAR_CREEK",5200,9473,"CEDAR CREEK","03100207","29000000","STREAM","tbcmp_AM_LA_IntHigh_2050","AM","LA","IntHigh","2050",9.363317096852
"03100207_29000000_CEDAR_CREEK",5400,2305,"CEDAR CREEK","03100207","29000000","STREAM","tbcmp_AM_LA_IntHigh_2050","AM","LA","IntHigh","2050",2.27831161282
"03100207_29000000_CEDAR_CREEK",6110,56076,"CEDAR CREEK","03100207","29000000","STREAM","tbcmp_AM_LA_IntHigh_2050","AM","LA","IntHigh","2050",55.426725379824
"03100207_29000000_CEDAR_CREEK",6120,3118,"CEDAR CREEK","03100207","29000000","STREAM","tbcmp_AM_LA_IntHigh_2050","AM","LA","IntHigh","2050",3.081898311832
"03100207_29000000_CEDAR_CREEK",6410,3573,"CEDAR CREEK","03100207","29000000","STREAM","tbcmp_AM_LA_IntHigh_2050","AM","LA","IntHigh","2050",3.531630105252
"03100207_29000000_CEDAR_CREEK",6420,2349,"CEDAR CREEK","03100207","29000000","STREAM","tbcmp_AM_LA_IntHigh_2050","AM","LA","IntHigh","2050",2.321802159876
"03100207_29000000_CEDAR_CREEK",6600,3115,"CEDAR CREEK","03100207","29000000","STREAM","tbcmp_AM_LA_IntHigh_2050","AM","LA","IntHigh","2050",3.07893304726
"03100207_29000000_CEDAR_CREEK",9113,2665,"CEDAR CREEK","03100207","29000000","STREAM","tbcmp_AM_LA_IntHigh_2050","AM","LA","IntHigh","2050",2.63414336146
"03100207_30000000_CURLEW_CREEK",0,465,"CURLEW CREEK","03100207","30000000","STREAM","tbcmp_AM_LA_IntHigh_2050","AM","LA","IntHigh","2050",0.45961600866
"03100207_30000000_CURLEW_CREEK",1100,140618,"CURLEW CREEK","03100207","30000000","STREAM","tbcmp_AM_LA_IntHigh_2050","AM","LA","IntHigh","2050",138.989857861832
"03100207_30000000_CURLEW_CREEK",1200,3556628,"CURLEW CREEK","03100207","30000000","STREAM","tbcmp_AM_LA_IntHigh_2050","AM","LA","IntHigh","2050",3515.44766806107
"03100207_30000000_CURLEW_CREEK",1800,44338,"CURLEW CREEK","03100207","30000000","STREAM","tbcmp_AM_LA_IntHigh_2050","AM","LA","IntHigh","2050",43.824633531112
"03100207_30000000_CURLEW_CREEK",1820,130664,"CURLEW CREEK","03100207","30000000","STREAM","tbcmp_AM_LA_IntHigh_2050","AM","LA","IntHigh","2050",129.151110011936
"03100207_30000000_CURLEW_CREEK",1900,22895,"CURLEW CREEK","03100207","30000000","STREAM","tbcmp_AM_LA_IntHigh_2050","AM","LA","IntHigh","2050",22.62991079198
"03100207_30000000_CURLEW_CREEK",4100,56219,"CURLEW CREEK","03100207","30000000","STREAM","tbcmp_AM_LA_IntHigh_2050","AM","LA","IntHigh","2050",55.568069657756
"03100207_30000000_CURLEW_CREEK",5200,98494,"CURLEW CREEK","03100207","30000000","STREAM","tbcmp_AM_LA_IntHigh_2050","AM","LA","IntHigh","2050",97.353589584856
"03100207_30000000_CURLEW_CREEK",5400,9253,"CURLEW CREEK","03100207","30000000","STREAM","tbcmp_AM_LA_IntHigh_2050","AM","LA","IntHigh","2050",9.145864361572
"03100207_30000000_CURLEW_CREEK",6110,61750,"CURLEW CREEK","03100207","30000000","STREAM","tbcmp_AM_LA_IntHigh_2050","AM","LA","IntHigh","2050",61.035029107
"03100207_30000000_CURLEW_CREEK",6120,3701,"CURLEW CREEK","03100207","30000000","STREAM","tbcmp_AM_LA_IntHigh_2050","AM","LA","IntHigh","2050",3.658148060324
"03100207_30000000_CURLEW_CREEK",6410,57775,"CURLEW CREEK","03100207","30000000","STREAM","tbcmp_AM_LA_IntHigh_2050","AM","LA","IntHigh","2050",57.1060535491
"03100207_30000000_CURLEW_CREEK",6420,721,"CURLEW CREEK","03100207","30000000","STREAM","tbcmp_AM_LA_IntHigh_2050","AM","LA","IntHigh","2050",0.712651918804
"03100207_30000000_CURLEW_CREEK",6600,6043,"CURLEW CREEK","03100207","30000000","STREAM","tbcmp_AM_LA_IntHigh_2050","AM","LA","IntHigh","2050",5.973031269532
"03100207_30000000_CURLEW_CREEK",9113,5577,"CURLEW CREEK","03100207","30000000","STREAM","tbcmp_AM_LA_IntHigh_2050","AM","LA","IntHigh","2050",5.512426839348
"03100207_30500000_JERRY_BRANCH",1100,34253,"JERRY BRANCH","03100207","30500000","STREAM","tbcmp_AM_LA_IntHigh_2050","AM","LA","IntHigh","2050",33.856402461572
"03100207_30500000_JERRY_BRANCH",1200,1924445,"JERRY BRANCH","03100207","30500000","STREAM","tbcmp_AM_LA_IntHigh_2050","AM","LA","IntHigh","2050",1902.16285975418
"03100207_30500000_JERRY_BRANCH",1800,48228,"JERRY BRANCH","03100207","30500000","STREAM","tbcmp_AM_LA_IntHigh_2050","AM","LA","IntHigh","2050",47.669593259472
"03100207_30500000_JERRY_BRANCH",1820,50584,"JERRY BRANCH","03100207","30500000","STREAM","tbcmp_AM_LA_IntHigh_2050","AM","LA","IntHigh","2050",49.998314370016
"03100207_30500000_JERRY_BRANCH",1900,28193,"JERRY BRANCH","03100207","30500000","STREAM","tbcmp_AM_LA_IntHigh_2050","AM","LA","IntHigh","2050",27.866568026132
"03100207_30500000_JERRY_BRANCH",4100,57340,"JERRY BRANCH","03100207","30500000","STREAM","tbcmp_AM_LA_IntHigh_2050","AM","LA","IntHigh","2050",56.67609018616
"03100207_30500000_JERRY_BRANCH",5200,110478,"JERRY BRANCH","03100207","30500000","STREAM","tbcmp_AM_LA_IntHigh_2050","AM","LA","IntHigh","2050",109.198833128472
"03100207_30500000_JERRY_BRANCH",6110,93792,"JERRY BRANCH","03100207","30500000","STREAM","tbcmp_AM_LA_IntHigh_2050","AM","LA","IntHigh","2050",92.706031579008
"03100207_30500000_JERRY_BRANCH",6410,16844,"JERRY BRANCH","03100207","30500000","STREAM","tbcmp_AM_LA_IntHigh_2050","AM","LA","IntHigh","2050",16.648972150256
"03100207_32000000_SUTHERLAND_BAYOU",0,40,"SUTHERLAND BAYOU","03100207","32000000","BAYOU","tbcmp_AM_LA_IntHigh_2050","AM","LA","IntHigh","2050",0.03953686096
"03100207_32000000_SUTHERLAND_BAYOU",1100,75964,"SUTHERLAND BAYOU","03100207","32000000","BAYOU","tbcmp_AM_LA_IntHigh_2050","AM","LA","IntHigh","2050",75.084452649136
"03100207_32000000_SUTHERLAND_BAYOU",1200,972275,"SUTHERLAND BAYOU","03100207","32000000","BAYOU","tbcmp_AM_LA_IntHigh_2050","AM","LA","IntHigh","2050",961.0175372471
"03100207_32000000_SUTHERLAND_BAYOU",1800,13770,"SUTHERLAND BAYOU","03100207","32000000","BAYOU","tbcmp_AM_LA_IntHigh_2050","AM","LA","IntHigh","2050",13.61056438548
"03100207_32000000_SUTHERLAND_BAYOU",1900,4914,"SUTHERLAND BAYOU","03100207","32000000","BAYOU","tbcmp_AM_LA_IntHigh_2050","AM","LA","IntHigh","2050",4.857103368936
"03100207_32000000_SUTHERLAND_BAYOU",4100,3413,"SUTHERLAND BAYOU","03100207","32000000","BAYOU","tbcmp_AM_LA_IntHigh_2050","AM","LA","IntHigh","2050",3.373482661412
"03100207_32000000_SUTHERLAND_BAYOU",5200,15691,"SUTHERLAND BAYOU","03100207","32000000","BAYOU","tbcmp_AM_LA_IntHigh_2050","AM","LA","IntHigh","2050",15.509322133084
"03100207_32000000_SUTHERLAND_BAYOU",5400,6016,"SUTHERLAND BAYOU","03100207","32000000","BAYOU","tbcmp_AM_LA_IntHigh_2050","AM","LA","IntHigh","2050",5.946343888384
"03100207_32000000_SUTHERLAND_BAYOU",6110,34848,"SUTHERLAND BAYOU","03100207","32000000","BAYOU","tbcmp_AM_LA_IntHigh_2050","AM","LA","IntHigh","2050",34.444513268352
"03100207_32000000_SUTHERLAND_BAYOU",6120,4876,"SUTHERLAND BAYOU","03100207","32000000","BAYOU","tbcmp_AM_LA_IntHigh_2050","AM","LA","IntHigh","2050",4.819543351024
"03100207_32000000_SUTHERLAND_BAYOU",6410,8531,"SUTHERLAND BAYOU","03100207","32000000","BAYOU","tbcmp_AM_LA_IntHigh_2050","AM","LA","IntHigh","2050",8.432224021244
"03100207_32000000_SUTHERLAND_BAYOU",6420,49,"SUTHERLAND BAYOU","03100207","32000000","BAYOU","tbcmp_AM_LA_IntHigh_2050","AM","LA","IntHigh","2050",0.048432654676
"03100207_32000000_SUTHERLAND_BAYOU",6600,101,"SUTHERLAND BAYOU","03100207","32000000","BAYOU","tbcmp_AM_LA_IntHigh_2050","AM","LA","IntHigh","2050",0.099830573924
"03100207_32000000_SUTHERLAND_BAYOU",9113,2953,"SUTHERLAND BAYOU","03100207","32000000","BAYOU","tbcmp_AM_LA_IntHigh_2050","AM","LA","IntHigh","2050",2.918808760372
"03100207_37000000_KLOSTERMAN_BAYOU_RUN",0,23,"KLOSTERMAN BAYOU RUN","03100207","37000000","STREAM","tbcmp_AM_LA_IntHigh_2050","AM","LA","IntHigh","2050",0.022733695052
"03100207_37000000_KLOSTERMAN_BAYOU_RUN",1100,37237,"KLOSTERMAN BAYOU RUN","03100207","37000000","STREAM","tbcmp_AM_LA_IntHigh_2050","AM","LA","IntHigh","2050",36.805852289188
"03100207_37000000_KLOSTERMAN_BAYOU_RUN",1200,878822,"KLOSTERMAN BAYOU RUN","03100207","37000000","STREAM","tbcmp_AM_LA_IntHigh_2050","AM","LA","IntHigh","2050",868.646580564728
"03100207_37000000_KLOSTERMAN_BAYOU_RUN",1800,49073,"KLOSTERMAN BAYOU RUN","03100207","37000000","STREAM","tbcmp_AM_LA_IntHigh_2050","AM","LA","IntHigh","2050",48.504809447252
"03100207_37000000_KLOSTERMAN_BAYOU_RUN",1820,423518,"KLOSTERMAN BAYOU RUN","03100207","37000000","STREAM","tbcmp_AM_LA_IntHigh_2050","AM","LA","IntHigh","2050",418.614307001432
"03100207_37000000_KLOSTERMAN_BAYOU_RUN",1900,8324,"KLOSTERMAN BAYOU RUN","03100207","37000000","STREAM","tbcmp_AM_LA_IntHigh_2050","AM","LA","IntHigh","2050",8.227620765776
"03100207_37000000_KLOSTERMAN_BAYOU_RUN",3200,98,"KLOSTERMAN BAYOU RUN","03100207","37000000","STREAM","tbcmp_AM_LA_IntHigh_2050","AM","LA","IntHigh","2050",0.096865309352
"03100207_37000000_KLOSTERMAN_BAYOU_RUN",4100,57649,"KLOSTERMAN BAYOU RUN","03100207","37000000","STREAM","tbcmp_AM_LA_IntHigh_2050","AM","LA","IntHigh","2050",56.981512437076
"03100207_37000000_KLOSTERMAN_BAYOU_RUN",5200,66322,"KLOSTERMAN BAYOU RUN","03100207","37000000","STREAM","tbcmp_AM_LA_IntHigh_2050","AM","LA","IntHigh","2050",65.554092314728
"03100207_37000000_KLOSTERMAN_BAYOU_RUN",5400,41315,"KLOSTERMAN BAYOU RUN","03100207","37000000","STREAM","tbcmp_AM_LA_IntHigh_2050","AM","LA","IntHigh","2050",40.83663526406
"03100207_37000000_KLOSTERMAN_BAYOU_RUN",6110,107500,"KLOSTERMAN BAYOU RUN","03100207","37000000","STREAM","tbcmp_AM_LA_IntHigh_2050","AM","LA","IntHigh","2050",106.25531383
"03100207_37000000_KLOSTERMAN_BAYOU_RUN",6120,2372,"KLOSTERMAN BAYOU RUN","03100207","37000000","STREAM","tbcmp_AM_LA_IntHigh_2050","AM","LA","IntHigh","2050",2.344535854928
"03100207_37000000_KLOSTERMAN_BAYOU_RUN",6410,25717,"KLOSTERMAN BAYOU RUN","03100207","37000000","STREAM","tbcmp_AM_LA_IntHigh_2050","AM","LA","IntHigh","2050",25.419236332708
"03100207_37000000_KLOSTERMAN_BAYOU_RUN",6420,3728,"KLOSTERMAN BAYOU RUN","03100207","37000000","STREAM","tbcmp_AM_LA_IntHigh_2050","AM","LA","IntHigh","2050",3.684835441472
"03100207_37000000_KLOSTERMAN_BAYOU_RUN",6600,13606,"KLOSTERMAN BAYOU RUN","03100207","37000000","STREAM","tbcmp_AM_LA_IntHigh_2050","AM","LA","IntHigh","2050",13.448463255544
"03100207_37000000_KLOSTERMAN_BAYOU_RUN",9113,1639,"KLOSTERMAN BAYOU RUN","03100207","37000000","STREAM","tbcmp_AM_LA_IntHigh_2050","AM","LA","IntHigh","2050",1.620022877836
"03100207_40120000_SANDY_BRANCH",1200,1078392,"SANDY BRANCH","03100207","40120000","STREAM","tbcmp_AM_LA_IntHigh_2050","AM","LA","IntHigh","2050",1065.90586410941
"03100207_40120000_SANDY_BRANCH",1800,12804,"SANDY BRANCH","03100207","40120000","STREAM","tbcmp_AM_LA_IntHigh_2050","AM","LA","IntHigh","2050",12.655749193296
"03100207_40120000_SANDY_BRANCH",1900,234745,"SANDY BRANCH","03100207","40120000","STREAM","tbcmp_AM_LA_IntHigh_2050","AM","LA","IntHigh","2050",232.02701065138
"03100207_40120000_SANDY_BRANCH",2100,196603,"SANDY BRANCH","03100207","40120000","STREAM","tbcmp_AM_LA_IntHigh_2050","AM","LA","IntHigh","2050",194.326636882972
"03100207_40120000_SANDY_BRANCH",3200,18218,"SANDY BRANCH","03100207","40120000","STREAM","tbcmp_AM_LA_IntHigh_2050","AM","LA","IntHigh","2050",18.007063324232
"03100207_40120000_SANDY_BRANCH",4100,190984,"SANDY BRANCH","03100207","40120000","STREAM","tbcmp_AM_LA_IntHigh_2050","AM","LA","IntHigh","2050",188.772696339616
"03100207_40120000_SANDY_BRANCH",4400,226646,"SANDY BRANCH","03100207","40120000","STREAM","tbcmp_AM_LA_IntHigh_2050","AM","LA","IntHigh","2050",224.021784728504
"03100207_40120000_SANDY_BRANCH",5200,210775,"SANDY BRANCH","03100207","40120000","STREAM","tbcmp_AM_LA_IntHigh_2050","AM","LA","IntHigh","2050",208.3345467211
"03100207_40120000_SANDY_BRANCH",6110,504038,"SANDY BRANCH","03100207","40120000","STREAM","tbcmp_AM_LA_IntHigh_2050","AM","LA","IntHigh","2050",498.202008113912
"03100207_40120000_SANDY_BRANCH",6410,241620,"SANDY BRANCH","03100207","40120000","STREAM","tbcmp_AM_LA_IntHigh_2050","AM","LA","IntHigh","2050",238.82240862888
"03100207_40140000_CROSS_CYPRESS_BRANCH",1200,180733,"CROSS CYPRESS BRANCH","03100207","40140000","STREAM","tbcmp_AM_LA_IntHigh_2050","AM","LA","IntHigh","2050",178.640387297092
"03100207_40140000_CROSS_CYPRESS_BRANCH",1900,886477,"CROSS CYPRESS BRANCH","03100207","40140000","STREAM","tbcmp_AM_LA_IntHigh_2050","AM","LA","IntHigh","2050",876.212947330948
"03100207_40140000_CROSS_CYPRESS_BRANCH",2100,254152,"CROSS CYPRESS BRANCH","03100207","40140000","STREAM","tbcmp_AM_LA_IntHigh_2050","AM","LA","IntHigh","2050",251.209307167648
"03100207_40140000_CROSS_CYPRESS_BRANCH",3200,569548,"CROSS CYPRESS BRANCH","03100207","40140000","STREAM","tbcmp_AM_LA_IntHigh_2050","AM","LA","IntHigh","2050",562.953502151152
"03100207_40140000_CROSS_CYPRESS_BRANCH",4100,1688943,"CROSS CYPRESS BRANCH","03100207","40140000","STREAM","tbcmp_AM_LA_IntHigh_2050","AM","LA","IntHigh","2050",1669.38761400913
"03100207_40140000_CROSS_CYPRESS_BRANCH",4400,2022,"CROSS CYPRESS BRANCH","03100207","40140000","STREAM","tbcmp_AM_LA_IntHigh_2050","AM","LA","IntHigh","2050",1.998588321528
"03100207_40140000_CROSS_CYPRESS_BRANCH",5200,74586,"CROSS CYPRESS BRANCH","03100207","40140000","STREAM","tbcmp_AM_LA_IntHigh_2050","AM","LA","IntHigh","2050",73.722407789064
"03100207_40140000_CROSS_CYPRESS_BRANCH",6110,1539711,"CROSS CYPRESS BRANCH","03100207","40140000","STREAM","tbcmp_AM_LA_IntHigh_2050","AM","LA","IntHigh","2050",1521.88349313956
"03100207_40140000_CROSS_CYPRESS_BRANCH",6410,240109,"CROSS CYPRESS BRANCH","03100207","40140000","STREAM","tbcmp_AM_LA_IntHigh_2050","AM","LA","IntHigh","2050",237.328903706116
"03100207_40500000_SOUTH_BRANCH",1100,420643,"SOUTH BRANCH","03100207","40500000","STREAM","tbcmp_AM_LA_IntHigh_2050","AM","LA","IntHigh","2050",415.772595119932
"03100207_40500000_SOUTH_BRANCH",1200,4294476,"SOUTH BRANCH","03100207","40500000","STREAM","tbcmp_AM_LA_IntHigh_2050","AM","LA","IntHigh","2050",4244.75251270142
"03100207_40500000_SOUTH_BRANCH",1800,43381,"SOUTH BRANCH","03100207","40500000","STREAM","tbcmp_AM_LA_IntHigh_2050","AM","LA","IntHigh","2050",42.878714132644
"03100207_40500000_SOUTH_BRANCH",1820,21192,"SOUTH BRANCH","03100207","40500000","STREAM","tbcmp_AM_LA_IntHigh_2050","AM","LA","IntHigh","2050",20.946628936608
"03100207_40500000_SOUTH_BRANCH",1900,666949,"SOUTH BRANCH","03100207","40500000","STREAM","tbcmp_AM_LA_IntHigh_2050","AM","LA","IntHigh","2050",659.226747010276
"03100207_40500000_SOUTH_BRANCH",2100,365728,"SOUTH BRANCH","03100207","40500000","STREAM","tbcmp_AM_LA_IntHigh_2050","AM","LA","IntHigh","2050",361.493427129472
"03100207_40500000_SOUTH_BRANCH",2400,6684,"SOUTH BRANCH","03100207","40500000","STREAM","tbcmp_AM_LA_IntHigh_2050","AM","LA","IntHigh","2050",6.606609466416
"03100207_40500000_SOUTH_BRANCH",3200,172320,"SOUTH BRANCH","03100207","40500000","STREAM","tbcmp_AM_LA_IntHigh_2050","AM","LA","IntHigh","2050",170.32479701568
"03100207_40500000_SOUTH_BRANCH",4100,867372,"SOUTH BRANCH","03100207","40500000","STREAM","tbcmp_AM_LA_IntHigh_2050","AM","LA","IntHigh","2050",857.329154114928
"03100207_40500000_SOUTH_BRANCH",4400,346181,"SOUTH BRANCH","03100207","40500000","STREAM","tbcmp_AM_LA_IntHigh_2050","AM","LA","IntHigh","2050",342.172751599844
"03100207_40500000_SOUTH_BRANCH",5200,1199146,"SOUTH BRANCH","03100207","40500000","STREAM","tbcmp_AM_LA_IntHigh_2050","AM","LA","IntHigh","2050",1185.2617168185
"03100207_40500000_SOUTH_BRANCH",6110,2473917,"SOUTH BRANCH","03100207","40500000","STREAM","tbcmp_AM_LA_IntHigh_2050","AM","LA","IntHigh","2050",2445.27281138951
"03100207_40500000_SOUTH_BRANCH",6410,928557,"SOUTH BRANCH","03100207","40500000","STREAM","tbcmp_AM_LA_IntHigh_2050","AM","LA","IntHigh","2050",917.805725060868
"03100207_40508000_LAKE_ANN_OUTLET",1100,267700,"LAKE ANN OUTLET","03100207","40508000","OUTLET","tbcmp_AM_LA_IntHigh_2050","AM","LA","IntHigh","2050",264.6004419748
"03100207_40508000_LAKE_ANN_OUTLET",1200,885371,"LAKE ANN OUTLET","03100207","40508000","OUTLET","tbcmp_AM_LA_IntHigh_2050","AM","LA","IntHigh","2050",875.119753125404
"03100207_40508000_LAKE_ANN_OUTLET",1800,10039,"LAKE ANN OUTLET","03100207","40508000","OUTLET","tbcmp_AM_LA_IntHigh_2050","AM","LA","IntHigh","2050",9.922763679436
"03100207_40508000_LAKE_ANN_OUTLET",1900,26412,"LAKE ANN OUTLET","03100207","40508000","OUTLET","tbcmp_AM_LA_IntHigh_2050","AM","LA","IntHigh","2050",26.106189291888
"03100207_40508000_LAKE_ANN_OUTLET",2100,68611,"LAKE ANN OUTLET","03100207","40508000","OUTLET","tbcmp_AM_LA_IntHigh_2050","AM","LA","IntHigh","2050",67.816589183164
"03100207_40508000_LAKE_ANN_OUTLET",2400,1431,"LAKE ANN OUTLET","03100207","40508000","OUTLET","tbcmp_AM_LA_IntHigh_2050","AM","LA","IntHigh","2050",1.414431200844
"03100207_40508000_LAKE_ANN_OUTLET",3200,18665,"LAKE ANN OUTLET","03100207","40508000","OUTLET","tbcmp_AM_LA_IntHigh_2050","AM","LA","IntHigh","2050",18.44888774546
"03100207_40508000_LAKE_ANN_OUTLET",4100,15006,"LAKE ANN OUTLET","03100207","40508000","OUTLET","tbcmp_AM_LA_IntHigh_2050","AM","LA","IntHigh","2050",14.832253389144
"03100207_40508000_LAKE_ANN_OUTLET",5200,371904,"LAKE ANN OUTLET","03100207","40508000","OUTLET","tbcmp_AM_LA_IntHigh_2050","AM","LA","IntHigh","2050",367.597918461696
"03100207_40508000_LAKE_ANN_OUTLET",6110,219153,"LAKE ANN OUTLET","03100207","40508000","OUTLET","tbcmp_AM_LA_IntHigh_2050","AM","LA","IntHigh","2050",216.615542249172
"03100207_40508000_LAKE_ANN_OUTLET",6410,46728,"LAKE ANN OUTLET","03100207","40508000","OUTLET","tbcmp_AM_LA_IntHigh_2050","AM","LA","IntHigh","2050",46.186960973472
"03100207_40600000_DUCK_SLOUGH",1100,122136,"DUCK SLOUGH","03100207","40600000","SLOUGH","tbcmp_AM_LA_IntHigh_2050","AM","LA","IntHigh","2050",120.721851255264
"03100207_40600000_DUCK_SLOUGH",1200,3465199,"DUCK SLOUGH","03100207","40600000","SLOUGH","tbcmp_AM_LA_IntHigh_2050","AM","LA","IntHigh","2050",3425.07727654328
"03100207_40600000_DUCK_SLOUGH",1800,45270,"DUCK SLOUGH","03100207","40600000","SLOUGH","tbcmp_AM_LA_IntHigh_2050","AM","LA","IntHigh","2050",44.74584239148
"03100207_40600000_DUCK_SLOUGH",1820,161216,"DUCK SLOUGH","03100207","40600000","SLOUGH","tbcmp_AM_LA_IntHigh_2050","AM","LA","IntHigh","2050",159.349364413184
"03100207_40600000_DUCK_SLOUGH",1900,369397,"DUCK SLOUGH","03100207","40600000","SLOUGH","tbcmp_AM_LA_IntHigh_2050","AM","LA","IntHigh","2050",365.119945701028
"03100207_40600000_DUCK_SLOUGH",2100,786586,"DUCK SLOUGH","03100207","40600000","SLOUGH","tbcmp_AM_LA_IntHigh_2050","AM","LA","IntHigh","2050",777.478532877064
"03100207_40600000_DUCK_SLOUGH",3200,50639,"DUCK SLOUGH","03100207","40600000","SLOUGH","tbcmp_AM_LA_IntHigh_2050","AM","LA","IntHigh","2050",50.052677553836
"03100207_40600000_DUCK_SLOUGH",4100,20327,"DUCK SLOUGH","03100207","40600000","SLOUGH","tbcmp_AM_LA_IntHigh_2050","AM","LA","IntHigh","2050",20.091644318348
"03100207_40600000_DUCK_SLOUGH",4400,66720,"DUCK SLOUGH","03100207","40600000","SLOUGH","tbcmp_AM_LA_IntHigh_2050","AM","LA","IntHigh","2050",65.94748408128
"03100207_40600000_DUCK_SLOUGH",5200,600809,"DUCK SLOUGH","03100207","40600000","SLOUGH","tbcmp_AM_LA_IntHigh_2050","AM","LA","IntHigh","2050",593.852547412916
"03100207_40600000_DUCK_SLOUGH",5400,332,"DUCK SLOUGH","03100207","40600000","SLOUGH","tbcmp_AM_LA_IntHigh_2050","AM","LA","IntHigh","2050",0.328155945968
"03100207_40600000_DUCK_SLOUGH",6110,1248043,"DUCK SLOUGH","03100207","40600000","SLOUGH","tbcmp_AM_LA_IntHigh_2050","AM","LA","IntHigh","2050",1233.59256407753
"03100207_40600000_DUCK_SLOUGH",6410,254222,"DUCK SLOUGH","03100207","40600000","SLOUGH","tbcmp_AM_LA_IntHigh_2050","AM","LA","IntHigh","2050",251.278496674328
"03100207_40600000_DUCK_SLOUGH",6420,534,"DUCK SLOUGH","03100207","40600000","SLOUGH","tbcmp_AM_LA_IntHigh_2050","AM","LA","IntHigh","2050",0.527817093816
"03100207_40600000_DUCK_SLOUGH",6425,1539,"DUCK SLOUGH","03100207","40600000","SLOUGH","tbcmp_AM_LA_IntHigh_2050","AM","LA","IntHigh","2050",1.521180725436
"03100207_40600000_DUCK_SLOUGH",6510,327,"DUCK SLOUGH","03100207","40600000","SLOUGH","tbcmp_AM_LA_IntHigh_2050","AM","LA","IntHigh","2050",0.323213838348
"03100207_40600000_DUCK_SLOUGH",6600,1370,"DUCK SLOUGH","03100207","40600000","SLOUGH","tbcmp_AM_LA_IntHigh_2050","AM","LA","IntHigh","2050",1.35413748788
"03100207_40600000_DUCK_SLOUGH",9113,139,"DUCK SLOUGH","03100207","40600000","SLOUGH","tbcmp_AM_LA_IntHigh_2050","AM","LA","IntHigh","2050",0.137390591836
"03100207_40700000_SALT_LAKE",1100,51193,"SALT LAKE","03100207","40700000","LAKE","tbcmp_AM_LA_IntHigh_2050","AM","LA","IntHigh","2050",50.600263078132
"03100207_40700000_SALT_LAKE",1200,151408,"SALT LAKE","03100207","40700000","LAKE","tbcmp_AM_LA_IntHigh_2050","AM","LA","IntHigh","2050",149.654926105792
"03100207_40700000_SALT_LAKE",1800,12931,"SALT LAKE","03100207","40700000","LAKE","tbcmp_AM_LA_IntHigh_2050","AM","LA","IntHigh","2050",12.781278726844
"03100207_40700000_SALT_LAKE",1900,29419,"SALT LAKE","03100207","40700000","LAKE","tbcmp_AM_LA_IntHigh_2050","AM","LA","IntHigh","2050",29.078372814556
"03100207_40700000_SALT_LAKE",4100,24910,"SALT LAKE","03100207","40700000","LAKE","tbcmp_AM_LA_IntHigh_2050","AM","LA","IntHigh","2050",24.62158016284
"03100207_40700000_SALT_LAKE",5200,69796,"SALT LAKE","03100207","40700000","LAKE","tbcmp_AM_LA_IntHigh_2050","AM","LA","IntHigh","2050",68.987868689104
"03100207_40700000_SALT_LAKE",5400,140220,"SALT LAKE","03100207","40700000","LAKE","tbcmp_AM_LA_IntHigh_2050","AM","LA","IntHigh","2050",138.59646609528
"03100207_40700000_SALT_LAKE",6110,15471,"SALT LAKE","03100207","40700000","LAKE","tbcmp_AM_LA_IntHigh_2050","AM","LA","IntHigh","2050",15.291869397804
"03100207_40700000_SALT_LAKE",6120,152,"SALT LAKE","03100207","40700000","LAKE","tbcmp_AM_LA_IntHigh_2050","AM","LA","IntHigh","2050",0.150240071648
"03100207_40700000_SALT_LAKE",6410,26660,"SALT LAKE","03100207","40700000","LAKE","tbcmp_AM_LA_IntHigh_2050","AM","LA","IntHigh","2050",26.35131782984
"03100207_40700000_SALT_LAKE",6420,17121,"SALT LAKE","03100207","40700000","LAKE","tbcmp_AM_LA_IntHigh_2050","AM","LA","IntHigh","2050",16.922764912404
"03100207_40700000_SALT_LAKE",6425,3762,"SALT LAKE","03100207","40700000","LAKE","tbcmp_AM_LA_IntHigh_2050","AM","LA","IntHigh","2050",3.718441773288
"03100207_40700000_SALT_LAKE",6510,555,"SALT LAKE","03100207","40700000","LAKE","tbcmp_AM_LA_IntHigh_2050","AM","LA","IntHigh","2050",0.54857394582
"03100207_40700000_SALT_LAKE",6600,4372,"SALT LAKE","03100207","40700000","LAKE","tbcmp_AM_LA_IntHigh_2050","AM","LA","IntHigh","2050",4.321378902928
"03100207_40700000_SALT_LAKE",9113,488,"SALT LAKE","03100207","40700000","LAKE","tbcmp_AM_LA_IntHigh_2050","AM","LA","IntHigh","2050",0.482349703712
"03100207_40701000_HOLLIN_CREEK",1100,478718,"HOLLIN CREEK","03100207","40701000","STREAM","tbcmp_AM_LA_IntHigh_2050","AM","LA","IntHigh","2050",473.175175126232
"03100207_40701000_HOLLIN_CREEK",1200,832984,"HOLLIN CREEK","03100207","40701000","STREAM","tbcmp_AM_LA_IntHigh_2050","AM","LA","IntHigh","2050",823.339314747616
"03100207_40701000_HOLLIN_CREEK",1800,43275,"HOLLIN CREEK","03100207","40701000","STREAM","tbcmp_AM_LA_IntHigh_2050","AM","LA","IntHigh","2050",42.7739414511
"03100207_40701000_HOLLIN_CREEK",1820,410767,"HOLLIN CREEK","03100207","40701000","STREAM","tbcmp_AM_LA_IntHigh_2050","AM","LA","IntHigh","2050",406.010944148908
"03100207_40701000_HOLLIN_CREEK",1900,324136,"HOLLIN CREEK","03100207","40701000","STREAM","tbcmp_AM_LA_IntHigh_2050","AM","LA","IntHigh","2050",320.382999103264
"03100207_40701000_HOLLIN_CREEK",2100,1021997,"HOLLIN CREEK","03100207","40701000","STREAM","tbcmp_AM_LA_IntHigh_2050","AM","LA","IntHigh","2050",1010.16383226343
"03100207_40701000_HOLLIN_CREEK",3200,161647,"HOLLIN CREEK","03100207","40701000","STREAM","tbcmp_AM_LA_IntHigh_2050","AM","LA","IntHigh","2050",159.775374090028
"03100207_40701000_HOLLIN_CREEK",4100,736616,"HOLLIN CREEK","03100207","40701000","STREAM","tbcmp_AM_LA_IntHigh_2050","AM","LA","IntHigh","2050",728.087109322784
"03100207_40701000_HOLLIN_CREEK",4400,231350,"HOLLIN CREEK","03100207","40701000","STREAM","tbcmp_AM_LA_IntHigh_2050","AM","LA","IntHigh","2050",228.6713195774
"03100207_40701000_HOLLIN_CREEK",5200,261690,"HOLLIN CREEK","03100207","40701000","STREAM","tbcmp_AM_LA_IntHigh_2050","AM","LA","IntHigh","2050",258.66002861556
"03100207_40701000_HOLLIN_CREEK",5400,21146,"HOLLIN CREEK","03100207","40701000","STREAM","tbcmp_AM_LA_IntHigh_2050","AM","LA","IntHigh","2050",20.901161546504
"03100207_40701000_HOLLIN_CREEK",6110,1215552,"HOLLIN CREEK","03100207","40701000","STREAM","tbcmp_AM_LA_IntHigh_2050","AM","LA","IntHigh","2050",1201.47776034125
"03100207_40701000_HOLLIN_CREEK",6120,64,"HOLLIN CREEK","03100207","40701000","STREAM","tbcmp_AM_LA_IntHigh_2050","AM","LA","IntHigh","2050",0.063258977536
"03100207_40701000_HOLLIN_CREEK",6410,507353,"HOLLIN CREEK","03100207","40701000","STREAM","tbcmp_AM_LA_IntHigh_2050","AM","LA","IntHigh","2050",501.478625465972
"03100207_40701000_HOLLIN_CREEK",6420,72095,"HOLLIN CREEK","03100207","40701000","STREAM","tbcmp_AM_LA_IntHigh_2050","AM","LA","IntHigh","2050",71.26024977278
"03100207_40701000_HOLLIN_CREEK",6425,11203,"HOLLIN CREEK","03100207","40701000","STREAM","tbcmp_AM_LA_IntHigh_2050","AM","LA","IntHigh","2050",11.073286333372
"03100207_40701000_HOLLIN_CREEK",6510,685,"HOLLIN CREEK","03100207","40701000","STREAM","tbcmp_AM_LA_IntHigh_2050","AM","LA","IntHigh","2050",0.67706874394
"03100207_40701000_HOLLIN_CREEK",6600,43880,"HOLLIN CREEK","03100207","40701000","STREAM","tbcmp_AM_LA_IntHigh_2050","AM","LA","IntHigh","2050",43.37193647312
"03100207_40701000_HOLLIN_CREEK",9113,516,"HOLLIN CREEK","03100207","40701000","STREAM","tbcmp_AM_LA_IntHigh_2050","AM","LA","IntHigh","2050",0.510025506384
"03100207_40990000_ANCLOTE_RIVER",1100,717574,"ANCLOTE RIVER","03100207","40990000","STREAM","tbcmp_AM_LA_IntHigh_2050","AM","LA","IntHigh","2050",709.265586662776
"03100207_40990000_ANCLOTE_RIVER",1200,12359107,"ANCLOTE RIVER","03100207","40990000","STREAM","tbcmp_AM_LA_IntHigh_2050","AM","LA","IntHigh","2050",12216.0073762191
"03100207_40990000_ANCLOTE_RIVER",1800,212798,"ANCLOTE RIVER","03100207","40990000","STREAM","tbcmp_AM_LA_IntHigh_2050","AM","LA","IntHigh","2050",210.334123464152
"03100207_40990000_ANCLOTE_RIVER",1820,373060,"ANCLOTE RIVER","03100207","40990000","STREAM","tbcmp_AM_LA_IntHigh_2050","AM","LA","IntHigh","2050",368.74053374344
"03100207_40990000_ANCLOTE_RIVER",1900,2176589,"ANCLOTE RIVER","03100207","40990000","STREAM","tbcmp_AM_LA_IntHigh_2050","AM","LA","IntHigh","2050",2151.38741650164
"03100207_40990000_ANCLOTE_RIVER",2100,4173367,"ANCLOTE RIVER","03100207","40990000","STREAM","tbcmp_AM_LA_IntHigh_2050","AM","LA","IntHigh","2050",4125.04577035131
"03100207_40990000_ANCLOTE_RIVER",2200,41658,"ANCLOTE RIVER","03100207","40990000","STREAM","tbcmp_AM_LA_IntHigh_2050","AM","LA","IntHigh","2050",41.175663846792
"03100207_40990000_ANCLOTE_RIVER",2400,2410,"ANCLOTE RIVER","03100207","40990000","STREAM","tbcmp_AM_LA_IntHigh_2050","AM","LA","IntHigh","2050",2.38209587284
"03100207_40990000_ANCLOTE_RIVER",3200,1005593,"ANCLOTE RIVER","03100207","40990000","STREAM","tbcmp_AM_LA_IntHigh_2050","AM","LA","IntHigh","2050",993.949765583732
"03100207_40990000_ANCLOTE_RIVER",4100,3110735,"ANCLOTE RIVER","03100207","40990000","STREAM","tbcmp_AM_LA_IntHigh_2050","AM","LA","IntHigh","2050",3074.71742946014
"03100207_40990000_ANCLOTE_RIVER",4400,1198017,"ANCLOTE RIVER","03100207","40990000","STREAM","tbcmp_AM_LA_IntHigh_2050","AM","LA","IntHigh","2050",1184.14578891791
"03100207_40990000_ANCLOTE_RIVER",5200,1370010,"ANCLOTE RIVER","03100207","40990000","STREAM","tbcmp_AM_LA_IntHigh_2050","AM","LA","IntHigh","2050",1354.14737209524
"03100207_40990000_ANCLOTE_RIVER",5400,892065,"ANCLOTE RIVER","03100207","40990000","STREAM","tbcmp_AM_LA_IntHigh_2050","AM","LA","IntHigh","2050",881.73624680706
"03100207_40990000_ANCLOTE_RIVER",6110,6170469,"ANCLOTE RIVER","03100207","40990000","STREAM","tbcmp_AM_LA_IntHigh_2050","AM","LA","IntHigh","2050",6099.02437277475
"03100207_40990000_ANCLOTE_RIVER",6120,29258,"ANCLOTE RIVER","03100207","40990000","STREAM","tbcmp_AM_LA_IntHigh_2050","AM","LA","IntHigh","2050",28.919236949192
"03100207_40990000_ANCLOTE_RIVER",6410,2128149,"ANCLOTE RIVER","03100207","40990000","STREAM","tbcmp_AM_LA_IntHigh_2050","AM","LA","IntHigh","2050",2103.50827787908
"03100207_40990000_ANCLOTE_RIVER",6420,255292,"ANCLOTE RIVER","03100207","40990000","STREAM","tbcmp_AM_LA_IntHigh_2050","AM","LA","IntHigh","2050",252.336107705008
"03100207_40990000_ANCLOTE_RIVER",6425,212119,"ANCLOTE RIVER","03100207","40990000","STREAM","tbcmp_AM_LA_IntHigh_2050","AM","LA","IntHigh","2050",209.662985249356
"03100207_40990000_ANCLOTE_RIVER",6510,42015,"ANCLOTE RIVER","03100207","40990000","STREAM","tbcmp_AM_LA_IntHigh_2050","AM","LA","IntHigh","2050",41.52853033086
"03100207_40990000_ANCLOTE_RIVER",6600,185831,"ANCLOTE RIVER","03100207","40990000","STREAM","tbcmp_AM_LA_IntHigh_2050","AM","LA","IntHigh","2050",183.679360226444
"03100207_40990000_ANCLOTE_RIVER",9113,377776,"ANCLOTE RIVER","03100207","40990000","STREAM","tbcmp_AM_LA_IntHigh_2050","AM","LA","IntHigh","2050",373.401929650624
"03100207_50000000_CREWS_LAKE_OUTLET",1100,11099994,"CREWS LAKE OUTLET","03100207","50000000","OUTLET","tbcmp_AM_LA_IntHigh_2050","AM","LA","IntHigh","2050",10971.4729858709
"03100207_50000000_CREWS_LAKE_OUTLET",1200,6771187,"CREWS LAKE OUTLET","03100207","50000000","OUTLET","tbcmp_AM_LA_IntHigh_2050","AM","LA","IntHigh","2050",6692.78697382899
"03100207_50000000_CREWS_LAKE_OUTLET",1800,132998,"CREWS LAKE OUTLET","03100207","50000000","OUTLET","tbcmp_AM_LA_IntHigh_2050","AM","LA","IntHigh","2050",131.458085848952
"03100207_50000000_CREWS_LAKE_OUTLET",1820,190612,"CREWS LAKE OUTLET","03100207","50000000","OUTLET","tbcmp_AM_LA_IntHigh_2050","AM","LA","IntHigh","2050",188.405003532688
"03100207_50000000_CREWS_LAKE_OUTLET",1900,2453498,"CREWS LAKE OUTLET","03100207","50000000","OUTLET","tbcmp_AM_LA_IntHigh_2050","AM","LA","IntHigh","2050",2425.09023229095
"03100207_50000000_CREWS_LAKE_OUTLET",2100,15598080,"CREWS LAKE OUTLET","03100207","50000000","OUTLET","tbcmp_AM_LA_IntHigh_2050","AM","LA","IntHigh","2050",15417.4780050739
"03100207_50000000_CREWS_LAKE_OUTLET",2200,121597,"CREWS LAKE OUTLET","03100207","50000000","OUTLET","tbcmp_AM_LA_IntHigh_2050","AM","LA","IntHigh","2050",120.189092053828
"03100207_50000000_CREWS_LAKE_OUTLET",2400,176712,"CREWS LAKE OUTLET","03100207","50000000","OUTLET","tbcmp_AM_LA_IntHigh_2050","AM","LA","IntHigh","2050",174.665944349088
"03100207_50000000_CREWS_LAKE_OUTLET",3200,182583,"CREWS LAKE OUTLET","03100207","50000000","OUTLET","tbcmp_AM_LA_IntHigh_2050","AM","LA","IntHigh","2050",180.468967116492
"03100207_50000000_CREWS_LAKE_OUTLET",4100,10619480,"CREWS LAKE OUTLET","03100207","50000000","OUTLET","tbcmp_AM_LA_IntHigh_2050","AM","LA","IntHigh","2050",10496.5226056875
"03100207_50000000_CREWS_LAKE_OUTLET",4400,3403591,"CREWS LAKE OUTLET","03100207","50000000","OUTLET","tbcmp_AM_LA_IntHigh_2050","AM","LA","IntHigh","2050",3364.18260329268
"03100207_50000000_CREWS_LAKE_OUTLET",5200,1343405,"CREWS LAKE OUTLET","03100207","50000000","OUTLET","tbcmp_AM_LA_IntHigh_2050","AM","LA","IntHigh","2050",1327.85041744922
"03100207_50000000_CREWS_LAKE_OUTLET",6110,1509233,"CREWS LAKE OUTLET","03100207","50000000","OUTLET","tbcmp_AM_LA_IntHigh_2050","AM","LA","IntHigh","2050",1491.75838193109
"03100207_50000000_CREWS_LAKE_OUTLET",6410,2415350,"CREWS LAKE OUTLET","03100207","50000000","OUTLET","tbcmp_AM_LA_IntHigh_2050","AM","LA","IntHigh","2050",2387.3839279934
"03100207_50357000_PECKS_SINK_OVERFLOW",1100,1322646,"PECKS SINK OVERFLOW","03100207","50357000","NONCON","tbcmp_AM_LA_IntHigh_2050","AM","LA","IntHigh","2050",1307.3317750325
"03100207_50357000_PECKS_SINK_OVERFLOW",1200,545758,"PECKS SINK OVERFLOW","03100207","50357000","NONCON","tbcmp_AM_LA_IntHigh_2050","AM","LA","IntHigh","2050",539.438954095192
"03100207_50357000_PECKS_SINK_OVERFLOW",1800,53504,"PECKS SINK OVERFLOW","03100207","50357000","NONCON","tbcmp_AM_LA_IntHigh_2050","AM","LA","IntHigh","2050",52.884505220096
"03100207_50357000_PECKS_SINK_OVERFLOW",1820,182586,"PECKS SINK OVERFLOW","03100207","50357000","NONCON","tbcmp_AM_LA_IntHigh_2050","AM","LA","IntHigh","2050",180.471932381064
"03100207_50357000_PECKS_SINK_OVERFLOW",1900,318173,"PECKS SINK OVERFLOW","03100207","50357000","NONCON","tbcmp_AM_LA_IntHigh_2050","AM","LA","IntHigh","2050",314.489041555652
"03100207_50357000_PECKS_SINK_OVERFLOW",2100,1235340,"PECKS SINK OVERFLOW","03100207","50357000","NONCON","tbcmp_AM_LA_IntHigh_2050","AM","LA","IntHigh","2050",1221.03664545816
"03100207_50357000_PECKS_SINK_OVERFLOW",2200,9413,"PECKS SINK OVERFLOW","03100207","50357000","NONCON","tbcmp_AM_LA_IntHigh_2050","AM","LA","IntHigh","2050",9.304011805412
"03100207_50357000_PECKS_SINK_OVERFLOW",2400,2175,"PECKS SINK OVERFLOW","03100207","50357000","NONCON","tbcmp_AM_LA_IntHigh_2050","AM","LA","IntHigh","2050",2.1498168147
"03100207_50357000_PECKS_SINK_OVERFLOW",3200,113140,"PECKS SINK OVERFLOW","03100207","50357000","NONCON","tbcmp_AM_LA_IntHigh_2050","AM","LA","IntHigh","2050",111.83001122536
"03100207_50357000_PECKS_SINK_OVERFLOW",4100,1872443,"PECKS SINK OVERFLOW","03100207","50357000","NONCON","tbcmp_AM_LA_IntHigh_2050","AM","LA","IntHigh","2050",1850.76296366313
"03100207_50357000_PECKS_SINK_OVERFLOW",4400,133016,"PECKS SINK OVERFLOW","03100207","50357000","NONCON","tbcmp_AM_LA_IntHigh_2050","AM","LA","IntHigh","2050",131.475877436384
"03100207_50357000_PECKS_SINK_OVERFLOW",5200,91312,"PECKS SINK OVERFLOW","03100207","50357000","NONCON","tbcmp_AM_LA_IntHigh_2050","AM","LA","IntHigh","2050",90.254746199488
"03100207_50357000_PECKS_SINK_OVERFLOW",6110,60514,"PECKS SINK OVERFLOW","03100207","50357000","NONCON","tbcmp_AM_LA_IntHigh_2050","AM","LA","IntHigh","2050",59.813340103336
"03100207_50357000_PECKS_SINK_OVERFLOW",6410,173439,"PECKS SINK OVERFLOW","03100207","50357000","NONCON","tbcmp_AM_LA_IntHigh_2050","AM","LA","IntHigh","2050",171.430840701036
"03100207_50358000_PECKS_SINK",1100,393812,"PECKS SINK","03100207","50358000","NONCON","tbcmp_AM_LA_IntHigh_2050","AM","LA","IntHigh","2050",389.252257209488
"03100207_50358000_PECKS_SINK",1200,2069162,"PECKS SINK","03100207","50358000","NONCON","tbcmp_AM_LA_IntHigh_2050","AM","LA","IntHigh","2050",2045.20425744289
"03100207_50358000_PECKS_SINK",1800,70016,"PECKS SINK","03100207","50358000","NONCON","tbcmp_AM_LA_IntHigh_2050","AM","LA","IntHigh","2050",69.205321424384
"03100207_50358000_PECKS_SINK",1820,22598,"PECKS SINK","03100207","50358000","NONCON","tbcmp_AM_LA_IntHigh_2050","AM","LA","IntHigh","2050",22.336349599352
"03100207_50358000_PECKS_SINK",1900,266989,"PECKS SINK","03100207","50358000","NONCON","tbcmp_AM_LA_IntHigh_2050","AM","LA","IntHigh","2050",263.897674271236
"03100207_50358000_PECKS_SINK",2100,304464,"PECKS SINK","03100207","50358000","NONCON","tbcmp_AM_LA_IntHigh_2050","AM","LA","IntHigh","2050",300.938770883136
"03100207_50358000_PECKS_SINK",2200,1849,"PECKS SINK","03100207","50358000","NONCON","tbcmp_AM_LA_IntHigh_2050","AM","LA","IntHigh","2050",1.827591397876
"03100207_50358000_PECKS_SINK",3200,31167,"PECKS SINK","03100207","50358000","NONCON","tbcmp_AM_LA_IntHigh_2050","AM","LA","IntHigh","2050",30.806133638508
"03100207_50358000_PECKS_SINK",4100,1543486,"PECKS SINK","03100207","50358000","NONCON","tbcmp_AM_LA_IntHigh_2050","AM","LA","IntHigh","2050",1525.61478439266
"03100207_50358000_PECKS_SINK",4400,23543,"PECKS SINK","03100207","50358000","NONCON","tbcmp_AM_LA_IntHigh_2050","AM","LA","IntHigh","2050",23.270407939532
"03100207_50358000_PECKS_SINK",5200,67492,"PECKS SINK","03100207","50358000","NONCON","tbcmp_AM_LA_IntHigh_2050","AM","LA","IntHigh","2050",66.710545497808
"03100207_50358000_PECKS_SINK",6110,57907,"PECKS SINK","03100207","50358000","NONCON","tbcmp_AM_LA_IntHigh_2050","AM","LA","IntHigh","2050",57.236525190268
"03100207_50358000_PECKS_SINK",6410,70597,"PECKS SINK","03100207","50358000","NONCON","tbcmp_AM_LA_IntHigh_2050","AM","LA","IntHigh","2050",69.779594329828
"03100207_50500000_JUMPING_GULLY",1100,1233816,"JUMPING GULLY","03100207","50500000","STREAM","tbcmp_AM_LA_IntHigh_2050","AM","LA","IntHigh","2050",1219.53029105558
"03100207_50500000_JUMPING_GULLY",1200,177307,"JUMPING GULLY","03100207","50500000","STREAM","tbcmp_AM_LA_IntHigh_2050","AM","LA","IntHigh","2050",175.254055155868
"03100207_50500000_JUMPING_GULLY",1800,47539,"JUMPING GULLY","03100207","50500000","STREAM","tbcmp_AM_LA_IntHigh_2050","AM","LA","IntHigh","2050",46.988570829436
"03100207_50500000_JUMPING_GULLY",1820,44105,"JUMPING GULLY","03100207","50500000","STREAM","tbcmp_AM_LA_IntHigh_2050","AM","LA","IntHigh","2050",43.59433131602
"03100207_50500000_JUMPING_GULLY",1900,583692,"JUMPING GULLY","03100207","50500000","STREAM","tbcmp_AM_LA_IntHigh_2050","AM","LA","IntHigh","2050",576.933736186608
"03100207_50500000_JUMPING_GULLY",2100,4745890,"JUMPING GULLY","03100207","50500000","STREAM","tbcmp_AM_LA_IntHigh_2050","AM","LA","IntHigh","2050",4690.93982653636
"03100207_50500000_JUMPING_GULLY",2200,131317,"JUMPING GULLY","03100207","50500000","STREAM","tbcmp_AM_LA_IntHigh_2050","AM","LA","IntHigh","2050",129.796549267108
"03100207_50500000_JUMPING_GULLY",2400,93421,"JUMPING GULLY","03100207","50500000","STREAM","tbcmp_AM_LA_IntHigh_2050","AM","LA","IntHigh","2050",92.339327193604
"03100207_50500000_JUMPING_GULLY",3200,1092387,"JUMPING GULLY","03100207","50500000","STREAM","tbcmp_AM_LA_IntHigh_2050","AM","LA","IntHigh","2050",1079.73882333779
"03100207_50500000_JUMPING_GULLY",4100,4952614,"JUMPING GULLY","03100207","50500000","STREAM","tbcmp_AM_LA_IntHigh_2050","AM","LA","IntHigh","2050",4895.27027766374
"03100207_50500000_JUMPING_GULLY",4400,3765126,"JUMPING GULLY","03100207","50500000","STREAM","tbcmp_AM_LA_IntHigh_2050","AM","LA","IntHigh","2050",3721.53157897202
"03100207_50500000_JUMPING_GULLY",5200,298023,"JUMPING GULLY","03100207","50500000","STREAM","tbcmp_AM_LA_IntHigh_2050","AM","LA","IntHigh","2050",294.572347847052
"03100207_50500000_JUMPING_GULLY",6110,936085,"JUMPING GULLY","03100207","50500000","STREAM","tbcmp_AM_LA_IntHigh_2050","AM","LA","IntHigh","2050",925.24656229354
"03100207_50500000_JUMPING_GULLY",6410,3266405,"JUMPING GULLY","03100207","50500000","STREAM","tbcmp_AM_LA_IntHigh_2050","AM","LA","IntHigh","2050",3228.58500810122
"03100207_50600000_GOWERS_CORNER_SLOUGH",1100,368250,"GOWERS CORNER SLOUGH","03100207","50600000","SLOUGH","tbcmp_AM_LA_IntHigh_2050","AM","LA","IntHigh","2050",363.986226213
"03100207_50600000_GOWERS_CORNER_SLOUGH",1200,555184,"GOWERS CORNER SLOUGH","03100207","50600000","SLOUGH","tbcmp_AM_LA_IntHigh_2050","AM","LA","IntHigh","2050",548.755815380416
"03100207_50600000_GOWERS_CORNER_SLOUGH",1800,9374,"GOWERS CORNER SLOUGH","03100207","50600000","SLOUGH","tbcmp_AM_LA_IntHigh_2050","AM","LA","IntHigh","2050",9.265463365976
"03100207_50600000_GOWERS_CORNER_SLOUGH",1900,407770,"GOWERS CORNER SLOUGH","03100207","50600000","SLOUGH","tbcmp_AM_LA_IntHigh_2050","AM","LA","IntHigh","2050",403.04864484148
"03100207_50600000_GOWERS_CORNER_SLOUGH",2100,491070,"GOWERS CORNER SLOUGH","03100207","50600000","SLOUGH","tbcmp_AM_LA_IntHigh_2050","AM","LA","IntHigh","2050",485.38415779068
"03100207_50600000_GOWERS_CORNER_SLOUGH",2400,735,"GOWERS CORNER SLOUGH","03100207","50600000","SLOUGH","tbcmp_AM_LA_IntHigh_2050","AM","LA","IntHigh","2050",0.72648982014
"03100207_50600000_GOWERS_CORNER_SLOUGH",3200,360782,"GOWERS CORNER SLOUGH","03100207","50600000","SLOUGH","tbcmp_AM_LA_IntHigh_2050","AM","LA","IntHigh","2050",356.604694271768
"03100207_50600000_GOWERS_CORNER_SLOUGH",4100,622023,"GOWERS CORNER SLOUGH","03100207","50600000","SLOUGH","tbcmp_AM_LA_IntHigh_2050","AM","LA","IntHigh","2050",614.820921623052
"03100207_50600000_GOWERS_CORNER_SLOUGH",4400,6642,"GOWERS CORNER SLOUGH","03100207","50600000","SLOUGH","tbcmp_AM_LA_IntHigh_2050","AM","LA","IntHigh","2050",6.565095762408
"03100207_50600000_GOWERS_CORNER_SLOUGH",5200,125997,"GOWERS CORNER SLOUGH","03100207","50600000","SLOUGH","tbcmp_AM_LA_IntHigh_2050","AM","LA","IntHigh","2050",124.538146759428
"03100207_50600000_GOWERS_CORNER_SLOUGH",6110,1006485,"GOWERS CORNER SLOUGH","03100207","50600000","SLOUGH","tbcmp_AM_LA_IntHigh_2050","AM","LA","IntHigh","2050",994.83143758314
"03100207_50600000_GOWERS_CORNER_SLOUGH",6410,732394,"GOWERS CORNER SLOUGH","03100207","50600000","SLOUGH","tbcmp_AM_LA_IntHigh_2050","AM","LA","IntHigh","2050",723.913993648456
"03100207_50700000_FIVE_MILE_CREEK",1100,21130,"FIVE MILE CREEK","03100207","50700000","STREAM","tbcmp_AM_LA_IntHigh_2050","AM","LA","IntHigh","2050",20.88534680212
"03100207_50700000_FIVE_MILE_CREEK",1200,1196645,"FIVE MILE CREEK","03100207","50700000","STREAM","tbcmp_AM_LA_IntHigh_2050","AM","LA","IntHigh","2050",1182.78967458698
"03100207_50700000_FIVE_MILE_CREEK",1800,25786,"FIVE MILE CREEK","03100207","50700000","STREAM","tbcmp_AM_LA_IntHigh_2050","AM","LA","IntHigh","2050",25.487437417864
"03100207_50700000_FIVE_MILE_CREEK",1820,30909,"FIVE MILE CREEK","03100207","50700000","STREAM","tbcmp_AM_LA_IntHigh_2050","AM","LA","IntHigh","2050",30.551120885316
"03100207_50700000_FIVE_MILE_CREEK",1900,683529,"FIVE MILE CREEK","03100207","50700000","STREAM","tbcmp_AM_LA_IntHigh_2050","AM","LA","IntHigh","2050",675.614775878196
"03100207_50700000_FIVE_MILE_CREEK",2100,586793,"FIVE MILE CREEK","03100207","50700000","STREAM","tbcmp_AM_LA_IntHigh_2050","AM","LA","IntHigh","2050",579.998831332532
"03100207_50700000_FIVE_MILE_CREEK",3200,311089,"FIVE MILE CREEK","03100207","50700000","STREAM","tbcmp_AM_LA_IntHigh_2050","AM","LA","IntHigh","2050",307.487063479636
"03100207_50700000_FIVE_MILE_CREEK",4100,654618,"FIVE MILE CREEK","03100207","50700000","STREAM","tbcmp_AM_LA_IntHigh_2050","AM","LA","IntHigh","2050",647.038521197832
"03100207_50700000_FIVE_MILE_CREEK",4400,51791,"FIVE MILE CREEK","03100207","50700000","STREAM","tbcmp_AM_LA_IntHigh_2050","AM","LA","IntHigh","2050",51.191339149484
"03100207_50700000_FIVE_MILE_CREEK",5200,330084,"FIVE MILE CREEK","03100207","50700000","STREAM","tbcmp_AM_LA_IntHigh_2050","AM","LA","IntHigh","2050",326.262130328016
"03100207_50700000_FIVE_MILE_CREEK",6110,1501550,"FIVE MILE CREEK","03100207","50700000","STREAM","tbcmp_AM_LA_IntHigh_2050","AM","LA","IntHigh","2050",1484.1643393622
"03100207_50700000_FIVE_MILE_CREEK",6410,734147,"FIVE MILE CREEK","03100207","50700000","STREAM","tbcmp_AM_LA_IntHigh_2050","AM","LA","IntHigh","2050",725.646696580028
"03100207_50990000_PITHLACHASCOTEE_RIVER",0,951,"PITHLACHASCOTEE RIVER","03100207","50990000","STREAM","tbcmp_AM_LA_IntHigh_2050","AM","LA","IntHigh","2050",0.939988869324
"03100207_50990000_PITHLACHASCOTEE_RIVER",1100,1113312,"PITHLACHASCOTEE RIVER","03100207","50990000","STREAM","tbcmp_AM_LA_IntHigh_2050","AM","LA","IntHigh","2050",1100.42154372749
"03100207_50990000_PITHLACHASCOTEE_RIVER",1200,8936085,"PITHLACHASCOTEE RIVER","03100207","50990000","STREAM","tbcmp_AM_LA_IntHigh_2050","AM","LA","IntHigh","2050",8832.61875429354
"03100207_50990000_PITHLACHASCOTEE_RIVER",1800,342398,"PITHLACHASCOTEE RIVER","03100207","50990000","STREAM","tbcmp_AM_LA_IntHigh_2050","AM","LA","IntHigh","2050",338.433552974552
"03100207_50990000_PITHLACHASCOTEE_RIVER",1820,346884,"PITHLACHASCOTEE RIVER","03100207","50990000","STREAM","tbcmp_AM_LA_IntHigh_2050","AM","LA","IntHigh","2050",342.867611931216
"03100207_50990000_PITHLACHASCOTEE_RIVER",1900,793022,"PITHLACHASCOTEE RIVER","03100207","50990000","STREAM","tbcmp_AM_LA_IntHigh_2050","AM","LA","IntHigh","2050",783.840013805528
"03100207_50990000_PITHLACHASCOTEE_RIVER",2100,1206475,"PITHLACHASCOTEE RIVER","03100207","50990000","STREAM","tbcmp_AM_LA_IntHigh_2050","AM","LA","IntHigh","2050",1192.5058581679
"03100207_50990000_PITHLACHASCOTEE_RIVER",2400,6598,"PITHLACHASCOTEE RIVER","03100207","50990000","STREAM","tbcmp_AM_LA_IntHigh_2050","AM","LA","IntHigh","2050",6.521605215352
"03100207_50990000_PITHLACHASCOTEE_RIVER",3200,1421151,"PITHLACHASCOTEE RIVER","03100207","50990000","STREAM","tbcmp_AM_LA_IntHigh_2050","AM","LA","IntHigh","2050",1404.69623725412
"03100207_50990000_PITHLACHASCOTEE_RIVER",4100,4255732,"PITHLACHASCOTEE RIVER","03100207","50990000","STREAM","tbcmp_AM_LA_IntHigh_2050","AM","LA","IntHigh","2050",4206.45710917557
"03100207_50990000_PITHLACHASCOTEE_RIVER",4400,1330619,"PITHLACHASCOTEE RIVER","03100207","50990000","STREAM","tbcmp_AM_LA_IntHigh_2050","AM","LA","IntHigh","2050",1315.21245984336
"03100207_50990000_PITHLACHASCOTEE_RIVER",5200,675064,"PITHLACHASCOTEE RIVER","03100207","50990000","STREAM","tbcmp_AM_LA_IntHigh_2050","AM","LA","IntHigh","2050",667.247787677536
"03100207_50990000_PITHLACHASCOTEE_RIVER",5400,277042,"PITHLACHASCOTEE RIVER","03100207","50990000","STREAM","tbcmp_AM_LA_IntHigh_2050","AM","LA","IntHigh","2050",273.834275852008
"03100207_50990000_PITHLACHASCOTEE_RIVER",6110,6181832,"PITHLACHASCOTEE RIVER","03100207","50990000","STREAM","tbcmp_AM_LA_IntHigh_2050","AM","LA","IntHigh","2050",6110.25580655197
"03100207_50990000_PITHLACHASCOTEE_RIVER",6120,28891,"PITHLACHASCOTEE RIVER","03100207","50990000","STREAM","tbcmp_AM_LA_IntHigh_2050","AM","LA","IntHigh","2050",28.556486249884
"03100207_50990000_PITHLACHASCOTEE_RIVER",6410,1554359,"PITHLACHASCOTEE RIVER","03100207","50990000","STREAM","tbcmp_AM_LA_IntHigh_2050","AM","LA","IntHigh","2050",1536.36189162312
"03100207_50990000_PITHLACHASCOTEE_RIVER",6420,39800,"PITHLACHASCOTEE RIVER","03100207","50990000","STREAM","tbcmp_AM_LA_IntHigh_2050","AM","LA","IntHigh","2050",39.3391766552
"03100207_50990000_PITHLACHASCOTEE_RIVER",6425,23369,"PITHLACHASCOTEE RIVER","03100207","50990000","STREAM","tbcmp_AM_LA_IntHigh_2050","AM","LA","IntHigh","2050",23.098422594356
"03100207_50990000_PITHLACHASCOTEE_RIVER",6510,6109,"PITHLACHASCOTEE RIVER","03100207","50990000","STREAM","tbcmp_AM_LA_IntHigh_2050","AM","LA","IntHigh","2050",6.038267090116
"03100207_50990000_PITHLACHASCOTEE_RIVER",6600,41080,"PITHLACHASCOTEE RIVER","03100207","50990000","STREAM","tbcmp_AM_LA_IntHigh_2050","AM","LA","IntHigh","2050",40.60435620592
"03100207_50990000_PITHLACHASCOTEE_RIVER",9113,75098,"PITHLACHASCOTEE RIVER","03100207","50990000","STREAM","tbcmp_AM_LA_IntHigh_2050","AM","LA","IntHigh","2050",74.228479609352
"03100207_51000000_SALT_SPRINGS_RUN",0,1072,"SALT SPRINGS RUN","03100207","51000000","STREAM","tbcmp_AM_LA_IntHigh_2050","AM","LA","IntHigh","2050",1.059587873728
"03100207_51000000_SALT_SPRINGS_RUN",1100,1213,"SALT SPRINGS RUN","03100207","51000000","STREAM","tbcmp_AM_LA_IntHigh_2050","AM","LA","IntHigh","2050",1.198955308612
"03100207_51000000_SALT_SPRINGS_RUN",1200,200192,"SALT SPRINGS RUN","03100207","51000000","STREAM","tbcmp_AM_LA_IntHigh_2050","AM","LA","IntHigh","2050",197.874081732608
"03100207_51000000_SALT_SPRINGS_RUN",1800,2690,"SALT SPRINGS RUN","03100207","51000000","STREAM","tbcmp_AM_LA_IntHigh_2050","AM","LA","IntHigh","2050",2.65885389956
"03100207_51000000_SALT_SPRINGS_RUN",1900,20866,"SALT SPRINGS RUN","03100207","51000000","STREAM","tbcmp_AM_LA_IntHigh_2050","AM","LA","IntHigh","2050",20.624403519784
"03100207_51000000_SALT_SPRINGS_RUN",3200,31876,"SALT SPRINGS RUN","03100207","51000000","STREAM","tbcmp_AM_LA_IntHigh_2050","AM","LA","IntHigh","2050",31.506924499024
"03100207_51000000_SALT_SPRINGS_RUN",4100,72333,"SALT SPRINGS RUN","03100207","51000000","STREAM","tbcmp_AM_LA_IntHigh_2050","AM","LA","IntHigh","2050",71.495494095492
"03100207_51000000_SALT_SPRINGS_RUN",5200,809,"SALT SPRINGS RUN","03100207","51000000","STREAM","tbcmp_AM_LA_IntHigh_2050","AM","LA","IntHigh","2050",0.799633012916
"03100207_51000000_SALT_SPRINGS_RUN",5400,27537,"SALT SPRINGS RUN","03100207","51000000","STREAM","tbcmp_AM_LA_IntHigh_2050","AM","LA","IntHigh","2050",27.218163506388
"03100207_51000000_SALT_SPRINGS_RUN",6110,6529,"SALT SPRINGS RUN","03100207","51000000","STREAM","tbcmp_AM_LA_IntHigh_2050","AM","LA","IntHigh","2050",6.453404130196
"03100207_51000000_SALT_SPRINGS_RUN",6120,28172,"SALT SPRINGS RUN","03100207","51000000","STREAM","tbcmp_AM_LA_IntHigh_2050","AM","LA","IntHigh","2050",27.845811174128
"03100207_51000000_SALT_SPRINGS_RUN",6410,4050,"SALT SPRINGS RUN","03100207","51000000","STREAM","tbcmp_AM_LA_IntHigh_2050","AM","LA","IntHigh","2050",4.0031071722
"03100207_51000000_SALT_SPRINGS_RUN",6420,91280,"SALT SPRINGS RUN","03100207","51000000","STREAM","tbcmp_AM_LA_IntHigh_2050","AM","LA","IntHigh","2050",90.22311671072
"03100207_51000000_SALT_SPRINGS_RUN",6600,31216,"SALT SPRINGS RUN","03100207","51000000","STREAM","tbcmp_AM_LA_IntHigh_2050","AM","LA","IntHigh","2050",30.854566293184
"03100207_51000000_SALT_SPRINGS_RUN",9113,101345,"SALT SPRINGS RUN","03100207","51000000","STREAM","tbcmp_AM_LA_IntHigh_2050","AM","LA","IntHigh","2050",100.17157934978
"03100207_52000000_DOUBLE_HAMMOCK_CREEK",0,2794,"DOUBLE HAMMOCK CREEK","03100207","52000000","STREAM","tbcmp_AM_LA_IntHigh_2050","AM","LA","IntHigh","2050",2.761649738056
"03100207_52000000_DOUBLE_HAMMOCK_CREEK",1100,440768,"DOUBLE HAMMOCK CREEK","03100207","52000000","STREAM","tbcmp_AM_LA_IntHigh_2050","AM","LA","IntHigh","2050",435.664578290432
"03100207_52000000_DOUBLE_HAMMOCK_CREEK",1200,3062212,"DOUBLE HAMMOCK CREEK","03100207","52000000","STREAM","tbcmp_AM_LA_IntHigh_2050","AM","LA","IntHigh","2050",3026.75625185109
"03100207_52000000_DOUBLE_HAMMOCK_CREEK",1800,4517,"DOUBLE HAMMOCK CREEK","03100207","52000000","STREAM","tbcmp_AM_LA_IntHigh_2050","AM","LA","IntHigh","2050",4.464700023908
"03100207_52000000_DOUBLE_HAMMOCK_CREEK",1900,78552,"DOUBLE HAMMOCK CREEK","03100207","52000000","STREAM","tbcmp_AM_LA_IntHigh_2050","AM","LA","IntHigh","2050",77.642487553248
"03100207_52000000_DOUBLE_HAMMOCK_CREEK",2100,5501,"DOUBLE HAMMOCK CREEK","03100207","52000000","STREAM","tbcmp_AM_LA_IntHigh_2050","AM","LA","IntHigh","2050",5.437306803524
"03100207_52000000_DOUBLE_HAMMOCK_CREEK",3200,3202,"DOUBLE HAMMOCK CREEK","03100207","52000000","STREAM","tbcmp_AM_LA_IntHigh_2050","AM","LA","IntHigh","2050",3.164925719848
"03100207_52000000_DOUBLE_HAMMOCK_CREEK",4100,122648,"DOUBLE HAMMOCK CREEK","03100207","52000000","STREAM","tbcmp_AM_LA_IntHigh_2050","AM","LA","IntHigh","2050",121.227923075552
"03100207_52000000_DOUBLE_HAMMOCK_CREEK",4400,20964,"DOUBLE HAMMOCK CREEK","03100207","52000000","STREAM","tbcmp_AM_LA_IntHigh_2050","AM","LA","IntHigh","2050",20.721268829136
"03100207_52000000_DOUBLE_HAMMOCK_CREEK",5200,197912,"DOUBLE HAMMOCK CREEK","03100207","52000000","STREAM","tbcmp_AM_LA_IntHigh_2050","AM","LA","IntHigh","2050",195.620480657888
"03100207_52000000_DOUBLE_HAMMOCK_CREEK",5400,103164,"DOUBLE HAMMOCK CREEK","03100207","52000000","STREAM","tbcmp_AM_LA_IntHigh_2050","AM","LA","IntHigh","2050",101.969518101936
"03100207_52000000_DOUBLE_HAMMOCK_CREEK",6110,197761,"DOUBLE HAMMOCK CREEK","03100207","52000000","STREAM","tbcmp_AM_LA_IntHigh_2050","AM","LA","IntHigh","2050",195.471229007764
"03100207_52000000_DOUBLE_HAMMOCK_CREEK",6120,65745,"DOUBLE HAMMOCK CREEK","03100207","52000000","STREAM","tbcmp_AM_LA_IntHigh_2050","AM","LA","IntHigh","2050",64.98377309538
"03100207_52000000_DOUBLE_HAMMOCK_CREEK",6410,150438,"DOUBLE HAMMOCK CREEK","03100207","52000000","STREAM","tbcmp_AM_LA_IntHigh_2050","AM","LA","IntHigh","2050",148.696157227512
"03100207_52000000_DOUBLE_HAMMOCK_CREEK",6420,316814,"DOUBLE HAMMOCK CREEK","03100207","52000000","STREAM","tbcmp_AM_LA_IntHigh_2050","AM","LA","IntHigh","2050",313.145776704536
"03100207_52000000_DOUBLE_HAMMOCK_CREEK",6600,71106,"DOUBLE HAMMOCK CREEK","03100207","52000000","STREAM","tbcmp_AM_LA_IntHigh_2050","AM","LA","IntHigh","2050",70.282700885544
"03100207_52000000_DOUBLE_HAMMOCK_CREEK",9113,59208,"DOUBLE HAMMOCK CREEK","03100207","52000000","STREAM","tbcmp_AM_LA_IntHigh_2050","AM","LA","IntHigh","2050",58.522461592992
"03100207_59300000_BUCKHORN_CREEK",1100,435367,"BUCKHORN CREEK","03100207","59300000","STREAM","tbcmp_AM_LA_IntHigh_2050","AM","LA","IntHigh","2050",430.326113639308
"03100207_59300000_BUCKHORN_CREEK",1200,2175889,"BUCKHORN CREEK","03100207","59300000","STREAM","tbcmp_AM_LA_IntHigh_2050","AM","LA","IntHigh","2050",2150.69552143484
"03100207_59300000_BUCKHORN_CREEK",1800,19521,"BUCKHORN CREEK","03100207","59300000","STREAM","tbcmp_AM_LA_IntHigh_2050","AM","LA","IntHigh","2050",19.294976570004
"03100207_59300000_BUCKHORN_CREEK",1820,79631,"BUCKHORN CREEK","03100207","59300000","STREAM","tbcmp_AM_LA_IntHigh_2050","AM","LA","IntHigh","2050",78.708994377644
"03100207_59300000_BUCKHORN_CREEK",1900,365190,"BUCKHORN CREEK","03100207","59300000","STREAM","tbcmp_AM_LA_IntHigh_2050","AM","LA","IntHigh","2050",360.96165634956
"03100207_59300000_BUCKHORN_CREEK",2100,240086,"BUCKHORN CREEK","03100207","59300000","STREAM","tbcmp_AM_LA_IntHigh_2050","AM","LA","IntHigh","2050",237.306170011064
"03100207_59300000_BUCKHORN_CREEK",2400,1764,"BUCKHORN CREEK","03100207","59300000","STREAM","tbcmp_AM_LA_IntHigh_2050","AM","LA","IntHigh","2050",1.743575568336
"03100207_59300000_BUCKHORN_CREEK",3200,161692,"BUCKHORN CREEK","03100207","59300000","STREAM","tbcmp_AM_LA_IntHigh_2050","AM","LA","IntHigh","2050",159.819853058608
"03100207_59300000_BUCKHORN_CREEK",4100,863964,"BUCKHORN CREEK","03100207","59300000","STREAM","tbcmp_AM_LA_IntHigh_2050","AM","LA","IntHigh","2050",853.960613561136
"03100207_59300000_BUCKHORN_CREEK",4400,401537,"BUCKHORN CREEK","03100207","59300000","STREAM","tbcmp_AM_LA_IntHigh_2050","AM","LA","IntHigh","2050",396.887813482388
"03100207_59300000_BUCKHORN_CREEK",5200,307027,"BUCKHORN CREEK","03100207","59300000","STREAM","tbcmp_AM_LA_IntHigh_2050","AM","LA","IntHigh","2050",303.472095249148
"03100207_59300000_BUCKHORN_CREEK",6110,826192,"BUCKHORN CREEK","03100207","59300000","STREAM","tbcmp_AM_LA_IntHigh_2050","AM","LA","IntHigh","2050",816.625955756608
"03100207_59300000_BUCKHORN_CREEK",6410,938590,"BUCKHORN CREEK","03100207","59300000","STREAM","tbcmp_AM_LA_IntHigh_2050","AM","LA","IntHigh","2050",927.72255821116
"03100207_59300000_NONCONTRIBUTING_AREA",1100,665552,"NONCONTRIBUTING AREA","03100207","59300000","NONCON","tbcmp_AM_LA_IntHigh_2050","AM","LA","IntHigh","2050",657.845922141248
"03100207_59300000_NONCONTRIBUTING_AREA",1200,719738,"NONCONTRIBUTING AREA","03100207","59300000","NONCON","tbcmp_AM_LA_IntHigh_2050","AM","LA","IntHigh","2050",711.404530840712
"03100207_59300000_NONCONTRIBUTING_AREA",1800,4843,"NONCONTRIBUTING AREA","03100207","59300000","NONCON","tbcmp_AM_LA_IntHigh_2050","AM","LA","IntHigh","2050",4.786925440732
"03100207_59300000_NONCONTRIBUTING_AREA",1820,15741,"NONCONTRIBUTING AREA","03100207","59300000","NONCON","tbcmp_AM_LA_IntHigh_2050","AM","LA","IntHigh","2050",15.558743209284
"03100207_59300000_NONCONTRIBUTING_AREA",1900,25652,"NONCONTRIBUTING AREA","03100207","59300000","NONCON","tbcmp_AM_LA_IntHigh_2050","AM","LA","IntHigh","2050",25.354988933648
"03100207_59300000_NONCONTRIBUTING_AREA",2100,1237,"NONCONTRIBUTING AREA","03100207","59300000","NONCON","tbcmp_AM_LA_IntHigh_2050","AM","LA","IntHigh","2050",1.222677425188
"03100207_59300000_NONCONTRIBUTING_AREA",4100,48435,"NONCONTRIBUTING AREA","03100207","59300000","NONCON","tbcmp_AM_LA_IntHigh_2050","AM","LA","IntHigh","2050",47.87419651494
"03100207_59300000_NONCONTRIBUTING_AREA",5200,28040,"NONCONTRIBUTING AREA","03100207","59300000","NONCON","tbcmp_AM_LA_IntHigh_2050","AM","LA","IntHigh","2050",27.71533953296
"03100207_59300000_NONCONTRIBUTING_AREA",6110,28166,"NONCONTRIBUTING AREA","03100207","59300000","NONCON","tbcmp_AM_LA_IntHigh_2050","AM","LA","IntHigh","2050",27.839880644984
"03100207_59300000_NONCONTRIBUTING_AREA",6410,118708,"NONCONTRIBUTING AREA","03100207","59300000","NONCON","tbcmp_AM_LA_IntHigh_2050","AM","LA","IntHigh","2050",117.333542270992
"03100207_59300000_NONCONTRIBUTING_AREA",6600,2,"NONCONTRIBUTING AREA","03100207","59300000","NONCON","tbcmp_AM_LA_IntHigh_2050","AM","LA","IntHigh","2050",0.001976843048
"03100207_59305000_CABBAGE_SLOUGH",1100,100260,"CABBAGE SLOUGH","03100207","59305000","SLOUGH","tbcmp_AM_LA_IntHigh_2050","AM","LA","IntHigh","2050",99.09914199624
"03100207_59305000_CABBAGE_SLOUGH",1200,221694,"CABBAGE SLOUGH","03100207","59305000","SLOUGH","tbcmp_AM_LA_IntHigh_2050","AM","LA","IntHigh","2050",219.127121341656
"03100207_59305000_CABBAGE_SLOUGH",1800,6521,"CABBAGE SLOUGH","03100207","59305000","SLOUGH","tbcmp_AM_LA_IntHigh_2050","AM","LA","IntHigh","2050",6.445496758004
"03100207_59305000_CABBAGE_SLOUGH",1820,21031,"CABBAGE SLOUGH","03100207","59305000","SLOUGH","tbcmp_AM_LA_IntHigh_2050","AM","LA","IntHigh","2050",20.787493071244
"03100207_59305000_CABBAGE_SLOUGH",1900,204,"CABBAGE SLOUGH","03100207","59305000","SLOUGH","tbcmp_AM_LA_IntHigh_2050","AM","LA","IntHigh","2050",0.201637990896
"03100207_59305000_CABBAGE_SLOUGH",2100,1863,"CABBAGE SLOUGH","03100207","59305000","SLOUGH","tbcmp_AM_LA_IntHigh_2050","AM","LA","IntHigh","2050",1.841429299212
"03100207_59305000_CABBAGE_SLOUGH",2200,695,"CABBAGE SLOUGH","03100207","59305000","SLOUGH","tbcmp_AM_LA_IntHigh_2050","AM","LA","IntHigh","2050",0.68695295918
"03100207_59305000_CABBAGE_SLOUGH",2400,971,"CABBAGE SLOUGH","03100207","59305000","SLOUGH","tbcmp_AM_LA_IntHigh_2050","AM","LA","IntHigh","2050",0.959757299804
"03100207_59305000_CABBAGE_SLOUGH",4100,34257,"CABBAGE SLOUGH","03100207","59305000","SLOUGH","tbcmp_AM_LA_IntHigh_2050","AM","LA","IntHigh","2050",33.860356147668
"03100207_59305000_CABBAGE_SLOUGH",5200,52102,"CABBAGE SLOUGH","03100207","59305000","SLOUGH","tbcmp_AM_LA_IntHigh_2050","AM","LA","IntHigh","2050",51.498738243448
"03100207_59305000_CABBAGE_SLOUGH",6110,15050,"CABBAGE SLOUGH","03100207","59305000","SLOUGH","tbcmp_AM_LA_IntHigh_2050","AM","LA","IntHigh","2050",14.8757439362
"03100207_59305000_CABBAGE_SLOUGH",6410,33240,"CABBAGE SLOUGH","03100207","59305000","SLOUGH","tbcmp_AM_LA_IntHigh_2050","AM","LA","IntHigh","2050",32.85513145776
"03100207_59990000_BEAR_CREEK",0,99,"BEAR CREEK","03100207","59990000","STREAM","tbcmp_AM_LA_IntHigh_2050","AM","LA","IntHigh","2050",0.097853730876
"03100207_59990000_BEAR_CREEK",1100,2095319,"BEAR CREEK","03100207","59990000","STREAM","tbcmp_AM_LA_IntHigh_2050","AM","LA","IntHigh","2050",2071.05839924616
"03100207_59990000_BEAR_CREEK",1200,4463171,"BEAR CREEK","03100207","59990000","STREAM","tbcmp_AM_LA_IntHigh_2050","AM","LA","IntHigh","2050",4411.4942816926
"03100207_59990000_BEAR_CREEK",1800,29247,"BEAR CREEK","03100207","59990000","STREAM","tbcmp_AM_LA_IntHigh_2050","AM","LA","IntHigh","2050",28.908364312428
"03100207_59990000_BEAR_CREEK",1820,134327,"BEAR CREEK","03100207","59990000","STREAM","tbcmp_AM_LA_IntHigh_2050","AM","LA","IntHigh","2050",132.771698054348
"03100207_59990000_BEAR_CREEK",1900,242490,"BEAR CREEK","03100207","59990000","STREAM","tbcmp_AM_LA_IntHigh_2050","AM","LA","IntHigh","2050",239.68233535476
"03100207_59990000_BEAR_CREEK",2100,90597,"BEAR CREEK","03100207","59990000","STREAM","tbcmp_AM_LA_IntHigh_2050","AM","LA","IntHigh","2050",89.548024809828
"03100207_59990000_BEAR_CREEK",3200,209159,"BEAR CREEK","03100207","59990000","STREAM","tbcmp_AM_LA_IntHigh_2050","AM","LA","IntHigh","2050",206.737257538316
"03100207_59990000_BEAR_CREEK",4100,1291339,"BEAR CREEK","03100207","59990000","STREAM","tbcmp_AM_LA_IntHigh_2050","AM","LA","IntHigh","2050",1276.38726238064
"03100207_59990000_BEAR_CREEK",4400,44095,"BEAR CREEK","03100207","59990000","STREAM","tbcmp_AM_LA_IntHigh_2050","AM","LA","IntHigh","2050",43.58444710078
"03100207_59990000_BEAR_CREEK",5200,338378,"BEAR CREEK","03100207","59990000","STREAM","tbcmp_AM_LA_IntHigh_2050","AM","LA","IntHigh","2050",334.460098448072
"03100207_59990000_BEAR_CREEK",5400,89863,"BEAR CREEK","03100207","59990000","STREAM","tbcmp_AM_LA_IntHigh_2050","AM","LA","IntHigh","2050",88.822523411212
"03100207_59990000_BEAR_CREEK",6110,3619352,"BEAR CREEK","03100207","59990000","STREAM","tbcmp_AM_LA_IntHigh_2050","AM","LA","IntHigh","2050",3577.44541973245
"03100207_59990000_BEAR_CREEK",6120,12769,"BEAR CREEK","03100207","59990000","STREAM","tbcmp_AM_LA_IntHigh_2050","AM","LA","IntHigh","2050",12.621154439956
"03100207_59990000_BEAR_CREEK",6410,618302,"BEAR CREEK","03100207","59990000","STREAM","tbcmp_AM_LA_IntHigh_2050","AM","LA","IntHigh","2050",611.143005132248
"03100207_59990000_BEAR_CREEK",6420,13764,"BEAR CREEK","03100207","59990000","STREAM","tbcmp_AM_LA_IntHigh_2050","AM","LA","IntHigh","2050",13.604633856336
"03100207_59990000_BEAR_CREEK",6600,6786,"BEAR CREEK","03100207","59990000","STREAM","tbcmp_AM_LA_IntHigh_2050","AM","LA","IntHigh","2050",6.707428461864
"03100207_59990000_BEAR_CREEK",9113,1959,"BEAR CREEK","03100207","59990000","STREAM","tbcmp_AM_LA_IntHigh_2050","AM","LA","IntHigh","2050",1.936317765516
"03100207_65000000_HAMMOCK_CREEK",1100,5661860,"HAMMOCK CREEK","03100207","65000000","STREAM","tbcmp_AM_LA_IntHigh_2050","AM","LA","IntHigh","2050",5596.30428987464
"03100207_65000000_HAMMOCK_CREEK",1200,13925336,"HAMMOCK CREEK","03100207","65000000","STREAM","tbcmp_AM_LA_IntHigh_2050","AM","LA","IntHigh","2050",13764.1018313321
"03100207_65000000_HAMMOCK_CREEK",1800,133551,"HAMMOCK CREEK","03100207","65000000","STREAM","tbcmp_AM_LA_IntHigh_2050","AM","LA","IntHigh","2050",132.004682951724
"03100207_65000000_HAMMOCK_CREEK",1820,599795,"HAMMOCK CREEK","03100207","65000000","STREAM","tbcmp_AM_LA_IntHigh_2050","AM","LA","IntHigh","2050",592.85028798758
"03100207_65000000_HAMMOCK_CREEK",1900,1068041,"HAMMOCK CREEK","03100207","65000000","STREAM","tbcmp_AM_LA_IntHigh_2050","AM","LA","IntHigh","2050",1055.67471291448
"03100207_65000000_HAMMOCK_CREEK",2100,401809,"HAMMOCK CREEK","03100207","65000000","STREAM","tbcmp_AM_LA_IntHigh_2050","AM","LA","IntHigh","2050",397.156664136916
"03100207_65000000_HAMMOCK_CREEK",2400,48493,"HAMMOCK CREEK","03100207","65000000","STREAM","tbcmp_AM_LA_IntHigh_2050","AM","LA","IntHigh","2050",47.931524963332
"03100207_65000000_HAMMOCK_CREEK",3200,9684,"HAMMOCK CREEK","03100207","65000000","STREAM","tbcmp_AM_LA_IntHigh_2050","AM","LA","IntHigh","2050",9.571874038416
"03100207_65000000_HAMMOCK_CREEK",4100,1708219,"HAMMOCK CREEK","03100207","65000000","STREAM","tbcmp_AM_LA_IntHigh_2050","AM","LA","IntHigh","2050",1688.44042730576
"03100207_65000000_HAMMOCK_CREEK",4400,8220,"HAMMOCK CREEK","03100207","65000000","STREAM","tbcmp_AM_LA_IntHigh_2050","AM","LA","IntHigh","2050",8.12482492728
"03100207_65000000_HAMMOCK_CREEK",5200,428907,"HAMMOCK CREEK","03100207","65000000","STREAM","tbcmp_AM_LA_IntHigh_2050","AM","LA","IntHigh","2050",423.940910594268
"03100207_65000000_HAMMOCK_CREEK",5400,60090,"HAMMOCK CREEK","03100207","65000000","STREAM","tbcmp_AM_LA_IntHigh_2050","AM","LA","IntHigh","2050",59.39424937716
"03100207_65000000_HAMMOCK_CREEK",6110,454259,"HAMMOCK CREEK","03100207","65000000","STREAM","tbcmp_AM_LA_IntHigh_2050","AM","LA","IntHigh","2050",448.999373070716
"03100207_65000000_HAMMOCK_CREEK",6120,40212,"HAMMOCK CREEK","03100207","65000000","STREAM","tbcmp_AM_LA_IntHigh_2050","AM","LA","IntHigh","2050",39.746406323088
"03100207_65000000_HAMMOCK_CREEK",6410,1360672,"HAMMOCK CREEK","03100207","65000000","STREAM","tbcmp_AM_LA_IntHigh_2050","AM","LA","IntHigh","2050",1344.91749190413
"03100207_65000000_HAMMOCK_CREEK",6420,62466,"HAMMOCK CREEK","03100207","65000000","STREAM","tbcmp_AM_LA_IntHigh_2050","AM","LA","IntHigh","2050",61.742738918184
"03100207_65000000_HAMMOCK_CREEK",6600,34207,"HAMMOCK CREEK","03100207","65000000","STREAM","tbcmp_AM_LA_IntHigh_2050","AM","LA","IntHigh","2050",33.810935071468
"03100207_65000000_HAMMOCK_CREEK",7100,2148,"HAMMOCK CREEK","03100207","65000000","STREAM","tbcmp_AM_LA_IntHigh_2050","AM","LA","IntHigh","2050",2.123129433552
"03100207_65000000_HAMMOCK_CREEK",9113,10341,"HAMMOCK CREEK","03100207","65000000","STREAM","tbcmp_AM_LA_IntHigh_2050","AM","LA","IntHigh","2050",10.221266979684
"03100207_66000000_INDIAN_CREEK",1100,62418,"INDIAN CREEK","03100207","66000000","STREAM","tbcmp_AM_LA_IntHigh_2050","AM","LA","IntHigh","2050",61.695294685032
"03100207_66000000_INDIAN_CREEK",1200,957818,"INDIAN CREEK","03100207","66000000","STREAM","tbcmp_AM_LA_IntHigh_2050","AM","LA","IntHigh","2050",946.727927274632
"03100207_66000000_INDIAN_CREEK",1800,10601,"INDIAN CREEK","03100207","66000000","STREAM","tbcmp_AM_LA_IntHigh_2050","AM","LA","IntHigh","2050",10.478256575924
"03100207_66000000_INDIAN_CREEK",1820,71333,"INDIAN CREEK","03100207","66000000","STREAM","tbcmp_AM_LA_IntHigh_2050","AM","LA","IntHigh","2050",70.507072571492
"03100207_66000000_INDIAN_CREEK",1900,71087,"INDIAN CREEK","03100207","66000000","STREAM","tbcmp_AM_LA_IntHigh_2050","AM","LA","IntHigh","2050",70.263920876588
"03100207_66000000_INDIAN_CREEK",3200,3,"INDIAN CREEK","03100207","66000000","STREAM","tbcmp_AM_LA_IntHigh_2050","AM","LA","IntHigh","2050",0.002965264572
"03100207_66000000_INDIAN_CREEK",4100,191525,"INDIAN CREEK","03100207","66000000","STREAM","tbcmp_AM_LA_IntHigh_2050","AM","LA","IntHigh","2050",189.3074323841
"03100207_66000000_INDIAN_CREEK",4400,42281,"INDIAN CREEK","03100207","66000000","STREAM","tbcmp_AM_LA_IntHigh_2050","AM","LA","IntHigh","2050",41.791450456244
"03100207_66000000_INDIAN_CREEK",5200,53838,"INDIAN CREEK","03100207","66000000","STREAM","tbcmp_AM_LA_IntHigh_2050","AM","LA","IntHigh","2050",53.214638009112
"03100207_66000000_INDIAN_CREEK",5400,13237,"INDIAN CREEK","03100207","66000000","STREAM","tbcmp_AM_LA_IntHigh_2050","AM","LA","IntHigh","2050",13.083735713188
"03100207_66000000_INDIAN_CREEK",6110,513461,"INDIAN CREEK","03100207","66000000","STREAM","tbcmp_AM_LA_IntHigh_2050","AM","LA","IntHigh","2050",507.515904134564
"03100207_66000000_INDIAN_CREEK",6120,28636,"INDIAN CREEK","03100207","66000000","STREAM","tbcmp_AM_LA_IntHigh_2050","AM","LA","IntHigh","2050",28.304438761264
"03100207_66000000_INDIAN_CREEK",6410,219765,"INDIAN CREEK","03100207","66000000","STREAM","tbcmp_AM_LA_IntHigh_2050","AM","LA","IntHigh","2050",217.22045622186
"03100207_66000000_INDIAN_CREEK",6420,31552,"INDIAN CREEK","03100207","66000000","STREAM","tbcmp_AM_LA_IntHigh_2050","AM","LA","IntHigh","2050",31.186675925248
"03100207_66000000_INDIAN_CREEK",6600,38176,"INDIAN CREEK","03100207","66000000","STREAM","tbcmp_AM_LA_IntHigh_2050","AM","LA","IntHigh","2050",37.733980100224
"03100207_66000000_INDIAN_CREEK",9113,1397,"INDIAN CREEK","03100207","66000000","STREAM","tbcmp_AM_LA_IntHigh_2050","AM","LA","IntHigh","2050",1.380824869028
"03100207_70000000_INTERNALLY_DRAINED",1100,6230742,"INTERNALLY DRAINED","03100207","70000000","NONCON","tbcmp_AM_LA_IntHigh_2050","AM","LA","IntHigh","2050",6158.59950329081
"03100207_70000000_INTERNALLY_DRAINED",1200,9279586,"INTERNALLY DRAINED","03100207","70000000","NONCON","tbcmp_AM_LA_IntHigh_2050","AM","LA","IntHigh","2050",9172.14253620906
"03100207_70000000_INTERNALLY_DRAINED",1800,27161,"INTERNALLY DRAINED","03100207","70000000","NONCON","tbcmp_AM_LA_IntHigh_2050","AM","LA","IntHigh","2050",26.846517013364
"03100207_70000000_INTERNALLY_DRAINED",1820,374469,"INTERNALLY DRAINED","03100207","70000000","NONCON","tbcmp_AM_LA_IntHigh_2050","AM","LA","IntHigh","2050",370.133219670756
"03100207_70000000_INTERNALLY_DRAINED",1900,916798,"INTERNALLY DRAINED","03100207","70000000","NONCON","tbcmp_AM_LA_IntHigh_2050","AM","LA","IntHigh","2050",906.182876360152
"03100207_70000000_INTERNALLY_DRAINED",2100,1185192,"INTERNALLY DRAINED","03100207","70000000","NONCON","tbcmp_AM_LA_IntHigh_2050","AM","LA","IntHigh","2050",1171.46928287261
"03100207_70000000_INTERNALLY_DRAINED",2200,15247,"INTERNALLY DRAINED","03100207","70000000","NONCON","tbcmp_AM_LA_IntHigh_2050","AM","LA","IntHigh","2050",15.070462976428
"03100207_70000000_INTERNALLY_DRAINED",2400,65678,"INTERNALLY DRAINED","03100207","70000000","NONCON","tbcmp_AM_LA_IntHigh_2050","AM","LA","IntHigh","2050",64.917548853272
"03100207_70000000_INTERNALLY_DRAINED",3200,27797,"INTERNALLY DRAINED","03100207","70000000","NONCON","tbcmp_AM_LA_IntHigh_2050","AM","LA","IntHigh","2050",27.475153102628
"03100207_70000000_INTERNALLY_DRAINED",4100,2998907,"INTERNALLY DRAINED","03100207","70000000","NONCON","tbcmp_AM_LA_IntHigh_2050","AM","LA","IntHigh","2050",2964.18422727427
"03100207_70000000_INTERNALLY_DRAINED",4400,231651,"INTERNALLY DRAINED","03100207","70000000","NONCON","tbcmp_AM_LA_IntHigh_2050","AM","LA","IntHigh","2050",228.968834456124
"03100207_70000000_INTERNALLY_DRAINED",5200,136602,"INTERNALLY DRAINED","03100207","70000000","NONCON","tbcmp_AM_LA_IntHigh_2050","AM","LA","IntHigh","2050",135.020357021448
"03100207_70000000_INTERNALLY_DRAINED",6110,30490,"INTERNALLY DRAINED","03100207","70000000","NONCON","tbcmp_AM_LA_IntHigh_2050","AM","LA","IntHigh","2050",30.13697226676
"03100207_70000000_INTERNALLY_DRAINED",6410,277688,"INTERNALLY DRAINED","03100207","70000000","NONCON","tbcmp_AM_LA_IntHigh_2050","AM","LA","IntHigh","2050",274.472796156512
"03100207_70990000_WEEKIWATCHEE_RIVER",1100,2387146,"WEEKIWATCHEE RIVER","03100207","70990000","STREAM","tbcmp_AM_LA_IntHigh_2050","AM","LA","IntHigh","2050",2359.5064873305
"03100207_70990000_WEEKIWATCHEE_RIVER",1200,7960739,"WEEKIWATCHEE RIVER","03100207","70990000","STREAM","tbcmp_AM_LA_IntHigh_2050","AM","LA","IntHigh","2050",7868.56577454623
"03100207_70990000_WEEKIWATCHEE_RIVER",1800,239706,"WEEKIWATCHEE RIVER","03100207","70990000","STREAM","tbcmp_AM_LA_IntHigh_2050","AM","LA","IntHigh","2050",236.930569831944
"03100207_70990000_WEEKIWATCHEE_RIVER",1820,384135,"WEEKIWATCHEE RIVER","03100207","70990000","STREAM","tbcmp_AM_LA_IntHigh_2050","AM","LA","IntHigh","2050",379.68730212174
"03100207_70990000_WEEKIWATCHEE_RIVER",1900,815431,"WEEKIWATCHEE RIVER","03100207","70990000","STREAM","tbcmp_AM_LA_IntHigh_2050","AM","LA","IntHigh","2050",805.989551736844
"03100207_70990000_WEEKIWATCHEE_RIVER",2100,26396,"WEEKIWATCHEE RIVER","03100207","70990000","STREAM","tbcmp_AM_LA_IntHigh_2050","AM","LA","IntHigh","2050",26.090374547504
"03100207_70990000_WEEKIWATCHEE_RIVER",2400,4643,"WEEKIWATCHEE RIVER","03100207","70990000","STREAM","tbcmp_AM_LA_IntHigh_2050","AM","LA","IntHigh","2050",4.589241135932
"03100207_70990000_WEEKIWATCHEE_RIVER",3200,694240,"WEEKIWATCHEE RIVER","03100207","70990000","STREAM","tbcmp_AM_LA_IntHigh_2050","AM","LA","IntHigh","2050",686.20175882176
"03100207_70990000_WEEKIWATCHEE_RIVER",4100,4918238,"WEEKIWATCHEE RIVER","03100207","70990000","STREAM","tbcmp_AM_LA_IntHigh_2050","AM","LA","IntHigh","2050",4861.29229935471
"03100207_70990000_WEEKIWATCHEE_RIVER",4400,162189,"WEEKIWATCHEE RIVER","03100207","70990000","STREAM","tbcmp_AM_LA_IntHigh_2050","AM","LA","IntHigh","2050",160.311098556036
"03100207_70990000_WEEKIWATCHEE_RIVER",5200,493307,"WEEKIWATCHEE RIVER","03100207","70990000","STREAM","tbcmp_AM_LA_IntHigh_2050","AM","LA","IntHigh","2050",487.595256739868
"03100207_70990000_WEEKIWATCHEE_RIVER",5400,163917,"WEEKIWATCHEE RIVER","03100207","70990000","STREAM","tbcmp_AM_LA_IntHigh_2050","AM","LA","IntHigh","2050",162.019090949508
"03100207_70990000_WEEKIWATCHEE_RIVER",6110,3445893,"WEEKIWATCHEE RIVER","03100207","70990000","STREAM","tbcmp_AM_LA_IntHigh_2050","AM","LA","IntHigh","2050",3405.99481060093
"03100207_70990000_WEEKIWATCHEE_RIVER",6120,6414,"WEEKIWATCHEE RIVER","03100207","70990000","STREAM","tbcmp_AM_LA_IntHigh_2050","AM","LA","IntHigh","2050",6.339735654936
"03100207_70990000_WEEKIWATCHEE_RIVER",6410,1653353,"WEEKIWATCHEE RIVER","03100207","70990000","STREAM","tbcmp_AM_LA_IntHigh_2050","AM","LA","IntHigh","2050",1634.20969196997
"03100207_70990000_WEEKIWATCHEE_RIVER",6420,694008,"WEEKIWATCHEE RIVER","03100207","70990000","STREAM","tbcmp_AM_LA_IntHigh_2050","AM","LA","IntHigh","2050",685.972445028192
"03100207_70990000_WEEKIWATCHEE_RIVER",6425,182247,"WEEKIWATCHEE RIVER","03100207","70990000","STREAM","tbcmp_AM_LA_IntHigh_2050","AM","LA","IntHigh","2050",180.136857484428
"03100207_70990000_WEEKIWATCHEE_RIVER",6510,42663,"WEEKIWATCHEE RIVER","03100207","70990000","STREAM","tbcmp_AM_LA_IntHigh_2050","AM","LA","IntHigh","2050",42.169027478412
"03100207_70990000_WEEKIWATCHEE_RIVER",6600,284808,"WEEKIWATCHEE RIVER","03100207","70990000","STREAM","tbcmp_AM_LA_IntHigh_2050","AM","LA","IntHigh","2050",281.510357407392
"03100207_70990000_WEEKIWATCHEE_RIVER",9113,73210,"WEEKIWATCHEE RIVER","03100207","70990000","STREAM","tbcmp_AM_LA_IntHigh_2050","AM","LA","IntHigh","2050",72.36233977204
"03100207_80000000_CHASSAHOWITZKA_RIVER",0,603,"CHASSAHOWITZKA RIVER","03100207","80000000","STREAM","tbcmp_AM_LA_IntHigh_2050","AM","LA","IntHigh","2050",0.596018178972
"03100207_80000000_CHASSAHOWITZKA_RIVER",1100,4949741,"CHASSAHOWITZKA RIVER","03100207","80000000","STREAM","tbcmp_AM_LA_IntHigh_2050","AM","LA","IntHigh","2050",4892.43054262528
"03100207_80000000_CHASSAHOWITZKA_RIVER",1200,7143850,"CHASSAHOWITZKA RIVER","03100207","80000000","STREAM","tbcmp_AM_LA_IntHigh_2050","AM","LA","IntHigh","2050",7061.1351042274
"03100207_80000000_CHASSAHOWITZKA_RIVER",1800,78836,"CHASSAHOWITZKA RIVER","03100207","80000000","STREAM","tbcmp_AM_LA_IntHigh_2050","AM","LA","IntHigh","2050",77.923199266064
"03100207_80000000_CHASSAHOWITZKA_RIVER",1820,376528,"CHASSAHOWITZKA RIVER","03100207","80000000","STREAM","tbcmp_AM_LA_IntHigh_2050","AM","LA","IntHigh","2050",372.168379588672
"03100207_80000000_CHASSAHOWITZKA_RIVER",1900,3825626,"CHASSAHOWITZKA RIVER","03100207","80000000","STREAM","tbcmp_AM_LA_IntHigh_2050","AM","LA","IntHigh","2050",3781.33108117402
"03100207_80000000_CHASSAHOWITZKA_RIVER",2100,4678394,"CHASSAHOWITZKA RIVER","03100207","80000000","STREAM","tbcmp_AM_LA_IntHigh_2050","AM","LA","IntHigh","2050",4624.22532735245
"03100207_80000000_CHASSAHOWITZKA_RIVER",2200,4146,"CHASSAHOWITZKA RIVER","03100207","80000000","STREAM","tbcmp_AM_LA_IntHigh_2050","AM","LA","IntHigh","2050",4.097995638504
"03100207_80000000_CHASSAHOWITZKA_RIVER",3200,979493,"CHASSAHOWITZKA RIVER","03100207","80000000","STREAM","tbcmp_AM_LA_IntHigh_2050","AM","LA","IntHigh","2050",968.151963807332
"03100207_80000000_CHASSAHOWITZKA_RIVER",4100,20001102,"CHASSAHOWITZKA RIVER","03100207","80000000","STREAM","tbcmp_AM_LA_IntHigh_2050","AM","LA","IntHigh","2050",19769.5197205194
"03100207_80000000_CHASSAHOWITZKA_RIVER",4400,3198523,"CHASSAHOWITZKA RIVER","03100207","80000000","STREAM","tbcmp_AM_LA_IntHigh_2050","AM","LA","IntHigh","2050",3161.48897820905
"03100207_80000000_CHASSAHOWITZKA_RIVER",5200,237694,"CHASSAHOWITZKA RIVER","03100207","80000000","STREAM","tbcmp_AM_LA_IntHigh_2050","AM","LA","IntHigh","2050",234.941865725656
"03100207_80000000_CHASSAHOWITZKA_RIVER",5400,886004,"CHASSAHOWITZKA RIVER","03100207","80000000","STREAM","tbcmp_AM_LA_IntHigh_2050","AM","LA","IntHigh","2050",875.745423950096
"03100207_80000000_CHASSAHOWITZKA_RIVER",6110,5685033,"CHASSAHOWITZKA RIVER","03100207","80000000","STREAM","tbcmp_AM_LA_IntHigh_2050","AM","LA","IntHigh","2050",5619.20898185029
"03100207_80000000_CHASSAHOWITZKA_RIVER",6120,564102,"CHASSAHOWITZKA RIVER","03100207","80000000","STREAM","tbcmp_AM_LA_IntHigh_2050","AM","LA","IntHigh","2050",557.570558531448
"03100207_80000000_CHASSAHOWITZKA_RIVER",6410,734198,"CHASSAHOWITZKA RIVER","03100207","80000000","STREAM","tbcmp_AM_LA_IntHigh_2050","AM","LA","IntHigh","2050",725.697106077752
"03100207_80000000_CHASSAHOWITZKA_RIVER",6420,3010598,"CHASSAHOWITZKA RIVER","03100207","80000000","STREAM","tbcmp_AM_LA_IntHigh_2050","AM","LA","IntHigh","2050",2975.73986331135
"03100207_80000000_CHASSAHOWITZKA_RIVER",6425,1415016,"CHASSAHOWITZKA RIVER","03100207","80000000","STREAM","tbcmp_AM_LA_IntHigh_2050","AM","LA","IntHigh","2050",1398.63227120438
"03100207_80000000_CHASSAHOWITZKA_RIVER",6510,164655,"CHASSAHOWITZKA RIVER","03100207","80000000","STREAM","tbcmp_AM_LA_IntHigh_2050","AM","LA","IntHigh","2050",162.74854603422
"03100207_80000000_CHASSAHOWITZKA_RIVER",6600,1310246,"CHASSAHOWITZKA RIVER","03100207","80000000","STREAM","tbcmp_AM_LA_IntHigh_2050","AM","LA","IntHigh","2050",1295.0753481349
"03100207_80000000_CHASSAHOWITZKA_RIVER",9113,152091,"CHASSAHOWITZKA RIVER","03100207","80000000","STREAM","tbcmp_AM_LA_IntHigh_2050","AM","LA","IntHigh","2050",150.330018006684
"03100207_80000000_LIZZIE_HART_SINK",1100,2129751,"LIZZIE HART SINK","03100207","80000000","NONCON","tbcmp_AM_LA_IntHigh_2050","AM","LA","IntHigh","2050",2105.09172916052
"03100207_80000000_LIZZIE_HART_SINK",1200,1083638,"LIZZIE HART SINK","03100207","80000000","NONCON","tbcmp_AM_LA_IntHigh_2050","AM","LA","IntHigh","2050",1071.09112342431
"03100207_80000000_LIZZIE_HART_SINK",1800,7184,"LIZZIE HART SINK","03100207","80000000","NONCON","tbcmp_AM_LA_IntHigh_2050","AM","LA","IntHigh","2050",7.100820228416
"03100207_80000000_LIZZIE_HART_SINK",1900,871204,"LIZZIE HART SINK","03100207","80000000","NONCON","tbcmp_AM_LA_IntHigh_2050","AM","LA","IntHigh","2050",861.116785394896
"03100207_80000000_LIZZIE_HART_SINK",2100,3612121,"LIZZIE HART SINK","03100207","80000000","NONCON","tbcmp_AM_LA_IntHigh_2050","AM","LA","IntHigh","2050",3570.2981436924
"03100207_80000000_LIZZIE_HART_SINK",2200,18423,"LIZZIE HART SINK","03100207","80000000","NONCON","tbcmp_AM_LA_IntHigh_2050","AM","LA","IntHigh","2050",18.209689736652
"03100207_80000000_LIZZIE_HART_SINK",2400,135712,"LIZZIE HART SINK","03100207","80000000","NONCON","tbcmp_AM_LA_IntHigh_2050","AM","LA","IntHigh","2050",134.140661865088
"03100207_80000000_LIZZIE_HART_SINK",3200,143565,"LIZZIE HART SINK","03100207","80000000","NONCON","tbcmp_AM_LA_IntHigh_2050","AM","LA","IntHigh","2050",141.90273609306
"03100207_80000000_LIZZIE_HART_SINK",4100,9930279,"LIZZIE HART SINK","03100207","80000000","NONCON","tbcmp_AM_LA_IntHigh_2050","AM","LA","IntHigh","2050",9815.30150292519
"03100207_80000000_LIZZIE_HART_SINK",4400,444311,"LIZZIE HART SINK","03100207","80000000","NONCON","tbcmp_AM_LA_IntHigh_2050","AM","LA","IntHigh","2050",439.166555749964
"03100207_80000000_LIZZIE_HART_SINK",5200,33104,"LIZZIE HART SINK","03100207","80000000","NONCON","tbcmp_AM_LA_IntHigh_2050","AM","LA","IntHigh","2050",32.720706130496
"03100207_80000000_LIZZIE_HART_SINK",6110,99567,"LIZZIE HART SINK","03100207","80000000","NONCON","tbcmp_AM_LA_IntHigh_2050","AM","LA","IntHigh","2050",98.414165880108
"03100207_80000000_LIZZIE_HART_SINK",6410,226378,"LIZZIE HART SINK","03100207","80000000","NONCON","tbcmp_AM_LA_IntHigh_2050","AM","LA","IntHigh","2050",223.756887760072
"03100207_83000000_HOMOSASSA_RIVER",1100,8479574,"HOMOSASSA RIVER","03100207","83000000","STREAM","tbcmp_AM_LA_IntHigh_2050","AM","LA","IntHigh","2050",8381.39345595077
"03100207_83000000_HOMOSASSA_RIVER",1200,4651501,"HOMOSASSA RIVER","03100207","83000000","STREAM","tbcmp_AM_LA_IntHigh_2050","AM","LA","IntHigh","2050",4597.64370730752
"03100207_83000000_HOMOSASSA_RIVER",1800,188276,"HOMOSASSA RIVER","03100207","83000000","STREAM","tbcmp_AM_LA_IntHigh_2050","AM","LA","IntHigh","2050",186.096050852624
"03100207_83000000_HOMOSASSA_RIVER",1820,154903,"HOMOSASSA RIVER","03100207","83000000","STREAM","tbcmp_AM_LA_IntHigh_2050","AM","LA","IntHigh","2050",153.109459332172
"03100207_83000000_HOMOSASSA_RIVER",1900,1342847,"HOMOSASSA RIVER","03100207","83000000","STREAM","tbcmp_AM_LA_IntHigh_2050","AM","LA","IntHigh","2050",1327.29887823883
"03100207_83000000_HOMOSASSA_RIVER",2100,1803052,"HOMOSASSA RIVER","03100207","83000000","STREAM","tbcmp_AM_LA_IntHigh_2050","AM","LA","IntHigh","2050",1782.17540569125
"03100207_83000000_HOMOSASSA_RIVER",2400,29571,"HOMOSASSA RIVER","03100207","83000000","STREAM","tbcmp_AM_LA_IntHigh_2050","AM","LA","IntHigh","2050",29.228612886204
"03100207_83000000_HOMOSASSA_RIVER",3200,377255,"HOMOSASSA RIVER","03100207","83000000","STREAM","tbcmp_AM_LA_IntHigh_2050","AM","LA","IntHigh","2050",372.88696203662
"03100207_83000000_HOMOSASSA_RIVER",4100,8870019,"HOMOSASSA RIVER","03100207","83000000","STREAM","tbcmp_AM_LA_IntHigh_2050","AM","LA","IntHigh","2050",8767.31769788896
"03100207_83000000_HOMOSASSA_RIVER",4400,620302,"HOMOSASSA RIVER","03100207","83000000","STREAM","tbcmp_AM_LA_IntHigh_2050","AM","LA","IntHigh","2050",613.119848180248
"03100207_83000000_HOMOSASSA_RIVER",5200,130800,"HOMOSASSA RIVER","03100207","83000000","STREAM","tbcmp_AM_LA_IntHigh_2050","AM","LA","IntHigh","2050",129.2855353392
"03100207_83000000_HOMOSASSA_RIVER",5400,1144822,"HOMOSASSA RIVER","03100207","83000000","STREAM","tbcmp_AM_LA_IntHigh_2050","AM","LA","IntHigh","2050",1131.56670594873
"03100207_83000000_HOMOSASSA_RIVER",6110,1826773,"HOMOSASSA RIVER","03100207","83000000","STREAM","tbcmp_AM_LA_IntHigh_2050","AM","LA","IntHigh","2050",1805.62175266205
"03100207_83000000_HOMOSASSA_RIVER",6120,1381597,"HOMOSASSA RIVER","03100207","83000000","STREAM","tbcmp_AM_LA_IntHigh_2050","AM","LA","IntHigh","2050",1365.60021229383
"03100207_83000000_HOMOSASSA_RIVER",6410,380671,"HOMOSASSA RIVER","03100207","83000000","STREAM","tbcmp_AM_LA_IntHigh_2050","AM","LA","IntHigh","2050",376.263409962604
"03100207_83000000_HOMOSASSA_RIVER",6420,2080257,"HOMOSASSA RIVER","03100207","83000000","STREAM","tbcmp_AM_LA_IntHigh_2050","AM","LA","IntHigh","2050",2056.17079425167
"03100207_83000000_HOMOSASSA_RIVER",6425,641746,"HOMOSASSA RIVER","03100207","83000000","STREAM","tbcmp_AM_LA_IntHigh_2050","AM","LA","IntHigh","2050",634.315559340904
"03100207_83000000_HOMOSASSA_RIVER",6510,163658,"HOMOSASSA RIVER","03100207","83000000","STREAM","tbcmp_AM_LA_IntHigh_2050","AM","LA","IntHigh","2050",161.763089774792
"03100207_83000000_HOMOSASSA_RIVER",6600,1572129,"HOMOSASSA RIVER","03100207","83000000","STREAM","tbcmp_AM_LA_IntHigh_2050","AM","LA","IntHigh","2050",1553.9261421046
"03100207_83000000_HOMOSASSA_RIVER",7100,693,"HOMOSASSA RIVER","03100207","83000000","STREAM","tbcmp_AM_LA_IntHigh_2050","AM","LA","IntHigh","2050",0.684976116132
"03100207_83000000_HOMOSASSA_RIVER",9113,215477,"HOMOSASSA RIVER","03100207","83000000","STREAM","tbcmp_AM_LA_IntHigh_2050","AM","LA","IntHigh","2050",212.982104726948
"03100207_90000000_CRYSTAL_RIVER",0,4663,"CRYSTAL RIVER","03100207","90000000","STREAM","tbcmp_AM_LA_IntHigh_2050","AM","LA","IntHigh","2050",4.609009566412
"03100207_90000000_CRYSTAL_RIVER",1100,13602714,"CRYSTAL RIVER","03100207","90000000","STREAM","tbcmp_AM_LA_IntHigh_2050","AM","LA","IntHigh","2050",13445.2153024161
"03100207_90000000_CRYSTAL_RIVER",1200,6637992,"CRYSTAL RIVER","03100207","90000000","STREAM","tbcmp_AM_LA_IntHigh_2050","AM","LA","IntHigh","2050",6561.13416893981
"03100207_90000000_CRYSTAL_RIVER",1800,215527,"CRYSTAL RIVER","03100207","90000000","STREAM","tbcmp_AM_LA_IntHigh_2050","AM","LA","IntHigh","2050",213.031525803148
"03100207_90000000_CRYSTAL_RIVER",1820,622768,"CRYSTAL RIVER","03100207","90000000","STREAM","tbcmp_AM_LA_IntHigh_2050","AM","LA","IntHigh","2050",615.557295658432
"03100207_90000000_CRYSTAL_RIVER",1900,2106114,"CRYSTAL RIVER","03100207","90000000","STREAM","tbcmp_AM_LA_IntHigh_2050","AM","LA","IntHigh","2050",2081.72840959774
"03100207_90000000_CRYSTAL_RIVER",2100,2329588,"CRYSTAL RIVER","03100207","90000000","STREAM","tbcmp_AM_LA_IntHigh_2050","AM","LA","IntHigh","2050",2302.61492125211
"03100207_90000000_CRYSTAL_RIVER",2400,30558,"CRYSTAL RIVER","03100207","90000000","STREAM","tbcmp_AM_LA_IntHigh_2050","AM","LA","IntHigh","2050",30.204184930392
"03100207_90000000_CRYSTAL_RIVER",3200,323891,"CRYSTAL RIVER","03100207","90000000","STREAM","tbcmp_AM_LA_IntHigh_2050","AM","LA","IntHigh","2050",320.140835829884
"03100207_90000000_CRYSTAL_RIVER",4100,7980148,"CRYSTAL RIVER","03100207","90000000","STREAM","tbcmp_AM_LA_IntHigh_2050","AM","LA","IntHigh","2050",7887.75004790555
"03100207_90000000_CRYSTAL_RIVER",4400,763877,"CRYSTAL RIVER","03100207","90000000","STREAM","tbcmp_AM_LA_IntHigh_2050","AM","LA","IntHigh","2050",755.032468488548
"03100207_90000000_CRYSTAL_RIVER",5200,245748,"CRYSTAL RIVER","03100207","90000000","STREAM","tbcmp_AM_LA_IntHigh_2050","AM","LA","IntHigh","2050",242.902612679952
"03100207_90000000_CRYSTAL_RIVER",5400,1386578,"CRYSTAL RIVER","03100207","90000000","STREAM","tbcmp_AM_LA_IntHigh_2050","AM","LA","IntHigh","2050",1370.52353990487
"03100207_90000000_CRYSTAL_RIVER",6110,2405320,"CRYSTAL RIVER","03100207","90000000","STREAM","tbcmp_AM_LA_IntHigh_2050","AM","LA","IntHigh","2050",2377.47006010768
"03100207_90000000_CRYSTAL_RIVER",6120,492653,"CRYSTAL RIVER","03100207","90000000","STREAM","tbcmp_AM_LA_IntHigh_2050","AM","LA","IntHigh","2050",486.948829063172
"03100207_90000000_CRYSTAL_RIVER",6410,756845,"CRYSTAL RIVER","03100207","90000000","STREAM","tbcmp_AM_LA_IntHigh_2050","AM","LA","IntHigh","2050",748.08188833178
"03100207_90000000_CRYSTAL_RIVER",6420,1685499,"CRYSTAL RIVER","03100207","90000000","STREAM","tbcmp_AM_LA_IntHigh_2050","AM","LA","IntHigh","2050",1665.98349028048
"03100207_90000000_CRYSTAL_RIVER",6425,786695,"CRYSTAL RIVER","03100207","90000000","STREAM","tbcmp_AM_LA_IntHigh_2050","AM","LA","IntHigh","2050",777.58627082318
"03100207_90000000_CRYSTAL_RIVER",6510,225298,"CRYSTAL RIVER","03100207","90000000","STREAM","tbcmp_AM_LA_IntHigh_2050","AM","LA","IntHigh","2050",222.689392514152
"03100207_90000000_CRYSTAL_RIVER",6600,1349765,"CRYSTAL RIVER","03100207","90000000","STREAM","tbcmp_AM_LA_IntHigh_2050","AM","LA","IntHigh","2050",1334.13677834186
"03100207_90000000_CRYSTAL_RIVER",9113,553006,"CRYSTAL RIVER","03100207","90000000","STREAM","tbcmp_AM_LA_IntHigh_2050","AM","LA","IntHigh","2050",546.603033301144
"03100207_99990000_DIRECT_RUNOFF_TO_GULF",0,26840,"DIRECT RUNOFF TO GULF","03100207","99990000","RUNOFF","tbcmp_AM_LA_IntHigh_2050","AM","LA","IntHigh","2050",26.52923370416
"03100207_99990000_DIRECT_RUNOFF_TO_GULF",1100,7715059,"DIRECT RUNOFF TO GULF","03100207","99990000","RUNOFF","tbcmp_AM_LA_IntHigh_2050","AM","LA","IntHigh","2050",7625.73037452992
"03100207_99990000_DIRECT_RUNOFF_TO_GULF",1200,6772430,"DIRECT RUNOFF TO GULF","03100207","99990000","RUNOFF","tbcmp_AM_LA_IntHigh_2050","AM","LA","IntHigh","2050",6694.01558178332
"03100207_99990000_DIRECT_RUNOFF_TO_GULF",1800,124745,"DIRECT RUNOFF TO GULF","03100207","99990000","RUNOFF","tbcmp_AM_LA_IntHigh_2050","AM","LA","IntHigh","2050",123.30064301138
"03100207_99990000_DIRECT_RUNOFF_TO_GULF",1820,72578,"DIRECT RUNOFF TO GULF","03100207","99990000","RUNOFF","tbcmp_AM_LA_IntHigh_2050","AM","LA","IntHigh","2050",71.737657368872
"03100207_99990000_DIRECT_RUNOFF_TO_GULF",1900,1411873,"DIRECT RUNOFF TO GULF","03100207","99990000","RUNOFF","tbcmp_AM_LA_IntHigh_2050","AM","LA","IntHigh","2050",1395.52566235445
"03100207_99990000_DIRECT_RUNOFF_TO_GULF",2100,675001,"DIRECT RUNOFF TO GULF","03100207","99990000","RUNOFF","tbcmp_AM_LA_IntHigh_2050","AM","LA","IntHigh","2050",667.185517121524
"03100207_99990000_DIRECT_RUNOFF_TO_GULF",2200,9314,"DIRECT RUNOFF TO GULF","03100207","99990000","RUNOFF","tbcmp_AM_LA_IntHigh_2050","AM","LA","IntHigh","2050",9.206158074536
"03100207_99990000_DIRECT_RUNOFF_TO_GULF",2400,76674,"DIRECT RUNOFF TO GULF","03100207","99990000","RUNOFF","tbcmp_AM_LA_IntHigh_2050","AM","LA","IntHigh","2050",75.786231931176
"03100207_99990000_DIRECT_RUNOFF_TO_GULF",3200,326769,"DIRECT RUNOFF TO GULF","03100207","99990000","RUNOFF","tbcmp_AM_LA_IntHigh_2050","AM","LA","IntHigh","2050",322.985512975956
"03100207_99990000_DIRECT_RUNOFF_TO_GULF",4100,4570354,"DIRECT RUNOFF TO GULF","03100207","99990000","RUNOFF","tbcmp_AM_LA_IntHigh_2050","AM","LA","IntHigh","2050",4517.4362658995
"03100207_99990000_DIRECT_RUNOFF_TO_GULF",4400,451773,"DIRECT RUNOFF TO GULF","03100207","99990000","RUNOFF","tbcmp_AM_LA_IntHigh_2050","AM","LA","IntHigh","2050",446.542157162052
"03100207_99990000_DIRECT_RUNOFF_TO_GULF",5200,177839,"DIRECT RUNOFF TO GULF","03100207","99990000","RUNOFF","tbcmp_AM_LA_IntHigh_2050","AM","LA","IntHigh","2050",175.779895406636
"03100207_99990000_DIRECT_RUNOFF_TO_GULF",5400,455742,"DIRECT RUNOFF TO GULF","03100207","99990000","RUNOFF","tbcmp_AM_LA_IntHigh_2050","AM","LA","IntHigh","2050",450.465202190808
"03100207_99990000_DIRECT_RUNOFF_TO_GULF",6110,773642,"DIRECT RUNOFF TO GULF","03100207","99990000","RUNOFF","tbcmp_AM_LA_IntHigh_2050","AM","LA","IntHigh","2050",764.684404670408
"03100207_99990000_DIRECT_RUNOFF_TO_GULF",6120,939224,"DIRECT RUNOFF TO GULF","03100207","99990000","RUNOFF","tbcmp_AM_LA_IntHigh_2050","AM","LA","IntHigh","2050",928.349217457376
"03100207_99990000_DIRECT_RUNOFF_TO_GULF",6410,524081,"DIRECT RUNOFF TO GULF","03100207","99990000","RUNOFF","tbcmp_AM_LA_IntHigh_2050","AM","LA","IntHigh","2050",518.012940719444
"03100207_99990000_DIRECT_RUNOFF_TO_GULF",6420,1102166,"DIRECT RUNOFF TO GULF","03100207","99990000","RUNOFF","tbcmp_AM_LA_IntHigh_2050","AM","LA","IntHigh","2050",1089.40459742098
"03100207_99990000_DIRECT_RUNOFF_TO_GULF",6600,217268,"DIRECT RUNOFF TO GULF","03100207","99990000","RUNOFF","tbcmp_AM_LA_IntHigh_2050","AM","LA","IntHigh","2050",214.752367676432
"03100207_99990000_DIRECT_RUNOFF_TO_GULF",9113,760678,"DIRECT RUNOFF TO GULF","03100207","99990000","RUNOFF","tbcmp_AM_LA_IntHigh_2050","AM","LA","IntHigh","2050",751.870508033272
"03100207_99999900_DIRECT_RUNOFF_TO_GULF",0,161501,"DIRECT RUNOFF TO GULF","03100207","99999900","RUNOFF","tbcmp_AM_LA_IntHigh_2050","AM","LA","IntHigh","2050",159.631064547524
"03100207_99999900_DIRECT_RUNOFF_TO_GULF",1100,18126368,"DIRECT RUNOFF TO GULF","03100207","99999900","RUNOFF","tbcmp_AM_LA_IntHigh_2050","AM","LA","IntHigh","2050",17916.4922831448
"03100207_99999900_DIRECT_RUNOFF_TO_GULF",1200,35981055,"DIRECT RUNOFF TO GULF","03100207","99999900","RUNOFF","tbcmp_AM_LA_IntHigh_2050","AM","LA","IntHigh","2050",35564.4492182278
"03100207_99999900_DIRECT_RUNOFF_TO_GULF",1800,1366857,"DIRECT RUNOFF TO GULF","03100207","99999900","RUNOFF","tbcmp_AM_LA_IntHigh_2050","AM","LA","IntHigh","2050",1351.03087903007
"03100207_99999900_DIRECT_RUNOFF_TO_GULF",1820,672207,"DIRECT RUNOFF TO GULF","03100207","99999900","RUNOFF","tbcmp_AM_LA_IntHigh_2050","AM","LA","IntHigh","2050",664.423867383468
"03100207_99999900_DIRECT_RUNOFF_TO_GULF",1900,6051288,"DIRECT RUNOFF TO GULF","03100207","99999900","RUNOFF","tbcmp_AM_LA_IntHigh_2050","AM","LA","IntHigh","2050",5981.22330712291
"03100207_99999900_DIRECT_RUNOFF_TO_GULF",2100,3556052,"DIRECT RUNOFF TO GULF","03100207","99999900","RUNOFF","tbcmp_AM_LA_IntHigh_2050","AM","LA","IntHigh","2050",3514.87833726325
"03100207_99999900_DIRECT_RUNOFF_TO_GULF",2200,2081,"DIRECT RUNOFF TO GULF","03100207","99999900","RUNOFF","tbcmp_AM_LA_IntHigh_2050","AM","LA","IntHigh","2050",2.056905191444
"03100207_99999900_DIRECT_RUNOFF_TO_GULF",2400,132661,"DIRECT RUNOFF TO GULF","03100207","99999900","RUNOFF","tbcmp_AM_LA_IntHigh_2050","AM","LA","IntHigh","2050",131.124987795364
"03100207_99999900_DIRECT_RUNOFF_TO_GULF",3200,2142838,"DIRECT RUNOFF TO GULF","03100207","99999900","RUNOFF","tbcmp_AM_LA_IntHigh_2050","AM","LA","IntHigh","2050",2118.02720164511
"03100207_99999900_DIRECT_RUNOFF_TO_GULF",4100,25414494,"DIRECT RUNOFF TO GULF","03100207","99999900","RUNOFF","tbcmp_AM_LA_IntHigh_2050","AM","LA","IntHigh","2050",25120.2328911689
"03100207_99999900_DIRECT_RUNOFF_TO_GULF",4400,3752649,"DIRECT RUNOFF TO GULF","03100207","99999900","RUNOFF","tbcmp_AM_LA_IntHigh_2050","AM","LA","IntHigh","2050",3709.19904361708
"03100207_99999900_DIRECT_RUNOFF_TO_GULF",5200,1097450,"DIRECT RUNOFF TO GULF","03100207","99999900","RUNOFF","tbcmp_AM_LA_IntHigh_2050","AM","LA","IntHigh","2050",1084.7432015138
"03100207_99999900_DIRECT_RUNOFF_TO_GULF",5400,17454601,"DIRECT RUNOFF TO GULF","03100207","99999900","RUNOFF","tbcmp_AM_LA_IntHigh_2050","AM","LA","IntHigh","2050",17252.5033212319
"03100207_99999900_DIRECT_RUNOFF_TO_GULF",6110,21010141,"DIRECT RUNOFF TO GULF","03100207","99999900","RUNOFF","tbcmp_AM_LA_IntHigh_2050","AM","LA","IntHigh","2050",20766.8755866749
"03100207_99999900_DIRECT_RUNOFF_TO_GULF",6120,21844433,"DIRECT RUNOFF TO GULF","03100207","99999900","RUNOFF","tbcmp_AM_LA_IntHigh_2050","AM","LA","IntHigh","2050",21591.5077567759
"03100207_99999900_DIRECT_RUNOFF_TO_GULF",6410,2496279,"DIRECT RUNOFF TO GULF","03100207","99999900","RUNOFF","tbcmp_AM_LA_IntHigh_2050","AM","LA","IntHigh","2050",2467.3758935092
"03100207_99999900_DIRECT_RUNOFF_TO_GULF",6420,15651003,"DIRECT RUNOFF TO GULF","03100207","99999900","RUNOFF","tbcmp_AM_LA_IntHigh_2050","AM","LA","IntHigh","2050",15469.7882373886
"03100207_99999900_DIRECT_RUNOFF_TO_GULF",6425,322381,"DIRECT RUNOFF TO GULF","03100207","99999900","RUNOFF","tbcmp_AM_LA_IntHigh_2050","AM","LA","IntHigh","2050",318.648319328644
"03100207_99999900_DIRECT_RUNOFF_TO_GULF",6510,66071,"DIRECT RUNOFF TO GULF","03100207","99999900","RUNOFF","tbcmp_AM_LA_IntHigh_2050","AM","LA","IntHigh","2050",65.305998512204
"03100207_99999900_DIRECT_RUNOFF_TO_GULF",6600,8108591,"DIRECT RUNOFF TO GULF","03100207","99999900","RUNOFF","tbcmp_AM_LA_IntHigh_2050","AM","LA","IntHigh","2050",8014.70587371268
"03100207_99999900_DIRECT_RUNOFF_TO_GULF",7100,6603,"DIRECT RUNOFF TO GULF","03100207","99999900","RUNOFF","tbcmp_AM_LA_IntHigh_2050","AM","LA","IntHigh","2050",6.526547322972
"03100207_99999900_DIRECT_RUNOFF_TO_GULF",9113,19306591,"DIRECT RUNOFF TO GULF","03100207","99999900","RUNOFF","tbcmp_AM_LA_IntHigh_2050","AM","LA","IntHigh","2050",19083.0500994647
"03100208_32000000_CROSS_CREEK",1900,890,"CROSS CREEK","03100208","32000000","STREAM","tbcmp_AM_LA_IntHigh_2050","AM","LA","IntHigh","2050",0.87969515636
"03100208_32000000_CROSS_CREEK",3200,4315,"CROSS CREEK","03100208","32000000","STREAM","tbcmp_AM_LA_IntHigh_2050","AM","LA","IntHigh","2050",4.26503887606
"03100208_32000000_CROSS_CREEK",4100,89438,"CROSS CREEK","03100208","32000000","STREAM","tbcmp_AM_LA_IntHigh_2050","AM","LA","IntHigh","2050",88.402444263512
"03100208_32000000_CROSS_CREEK",6110,70196,"CROSS CREEK","03100208","32000000","STREAM","tbcmp_AM_LA_IntHigh_2050","AM","LA","IntHigh","2050",69.383237298704
"03100208_32000000_CROSS_CREEK",6410,2920,"CROSS CREEK","03100208","32000000","STREAM","tbcmp_AM_LA_IntHigh_2050","AM","LA","IntHigh","2050",2.88619085008
"03100208_34900000_COLT_CREEK",2100,177489,"COLT CREEK","03100208","34900000","STREAM","tbcmp_AM_LA_IntHigh_2050","AM","LA","IntHigh","2050",175.433947873236
"03100208_34900000_COLT_CREEK",4100,27978,"COLT CREEK","03100208","34900000","STREAM","tbcmp_AM_LA_IntHigh_2050","AM","LA","IntHigh","2050",27.654057398472
"03100208_34900000_COLT_CREEK",5200,16009,"COLT CREEK","03100208","34900000","STREAM","tbcmp_AM_LA_IntHigh_2050","AM","LA","IntHigh","2050",15.823640177716
"03100208_34900000_COLT_CREEK",6110,111308,"COLT CREEK","03100208","34900000","STREAM","tbcmp_AM_LA_IntHigh_2050","AM","LA","IntHigh","2050",110.019222993392
"03100208_34900000_COLT_CREEK",6410,2569,"COLT CREEK","03100208","34900000","STREAM","tbcmp_AM_LA_IntHigh_2050","AM","LA","IntHigh","2050",2.539254895156
"03100208_34990000_GATOR_CREEK",1100,7040,"GATOR CREEK","03100208","34990000","STREAM","tbcmp_AM_LA_IntHigh_2050","AM","LA","IntHigh","2050",6.95848752896
"03100208_34990000_GATOR_CREEK",1200,59713,"GATOR CREEK","03100208","34990000","STREAM","tbcmp_AM_LA_IntHigh_2050","AM","LA","IntHigh","2050",59.021614462612
"03100208_34990000_GATOR_CREEK",1900,206374,"GATOR CREEK","03100208","34990000","STREAM","tbcmp_AM_LA_IntHigh_2050","AM","LA","IntHigh","2050",203.984503593976
"03100208_34990000_GATOR_CREEK",2100,144408,"GATOR CREEK","03100208","34990000","STREAM","tbcmp_AM_LA_IntHigh_2050","AM","LA","IntHigh","2050",142.735975437792
"03100208_34990000_GATOR_CREEK",3200,40469,"GATOR CREEK","03100208","34990000","STREAM","tbcmp_AM_LA_IntHigh_2050","AM","LA","IntHigh","2050",40.000430654756
"03100208_34990000_GATOR_CREEK",4100,512494,"GATOR CREEK","03100208","34990000","STREAM","tbcmp_AM_LA_IntHigh_2050","AM","LA","IntHigh","2050",506.560100520856
"03100208_34990000_GATOR_CREEK",4400,72761,"GATOR CREEK","03100208","34990000","STREAM","tbcmp_AM_LA_IntHigh_2050","AM","LA","IntHigh","2050",71.918538507764
"03100208_34990000_GATOR_CREEK",5200,18850,"GATOR CREEK","03100208","34990000","STREAM","tbcmp_AM_LA_IntHigh_2050","AM","LA","IntHigh","2050",18.6317457274
"03100208_34990000_GATOR_CREEK",6110,828636,"GATOR CREEK","03100208","34990000","STREAM","tbcmp_AM_LA_IntHigh_2050","AM","LA","IntHigh","2050",819.041657961264
"03100208_34990000_GATOR_CREEK",6410,91771,"GATOR CREEK","03100208","34990000","STREAM","tbcmp_AM_LA_IntHigh_2050","AM","LA","IntHigh","2050",90.708431679004
"03100208_40500000_TANK_LAKE_OUTLET",1100,2978897,"TANK LAKE OUTLET","03100208","40500000","OUTLET","tbcmp_AM_LA_IntHigh_2050","AM","LA","IntHigh","2050",2944.40591257903
"03100208_40500000_TANK_LAKE_OUTLET",1200,3191935,"TANK LAKE OUTLET","03100208","40500000","OUTLET","tbcmp_AM_LA_IntHigh_2050","AM","LA","IntHigh","2050",3154.97725720894
"03100208_40500000_TANK_LAKE_OUTLET",1800,175195,"TANK LAKE OUTLET","03100208","40500000","OUTLET","tbcmp_AM_LA_IntHigh_2050","AM","LA","IntHigh","2050",173.16650889718
"03100208_40500000_TANK_LAKE_OUTLET",1820,426756,"TANK LAKE OUTLET","03100208","40500000","OUTLET","tbcmp_AM_LA_IntHigh_2050","AM","LA","IntHigh","2050",421.814815896144
"03100208_40500000_TANK_LAKE_OUTLET",1900,1117812,"TANK LAKE OUTLET","03100208","40500000","OUTLET","tbcmp_AM_LA_IntHigh_2050","AM","LA","IntHigh","2050",1104.86944058549
"03100208_40500000_TANK_LAKE_OUTLET",2100,5244353,"TANK LAKE OUTLET","03100208","40500000","OUTLET","tbcmp_AM_LA_IntHigh_2050","AM","LA","IntHigh","2050",5183.63138465397
"03100208_40500000_TANK_LAKE_OUTLET",2200,105579,"TANK LAKE OUTLET","03100208","40500000","OUTLET","tbcmp_AM_LA_IntHigh_2050","AM","LA","IntHigh","2050",104.356556082396
"03100208_40500000_TANK_LAKE_OUTLET",2400,58361,"TANK LAKE OUTLET","03100208","40500000","OUTLET","tbcmp_AM_LA_IntHigh_2050","AM","LA","IntHigh","2050",57.685268562164
"03100208_40500000_TANK_LAKE_OUTLET",3200,2885,"TANK LAKE OUTLET","03100208","40500000","OUTLET","tbcmp_AM_LA_IntHigh_2050","AM","LA","IntHigh","2050",2.85159609674
"03100208_40500000_TANK_LAKE_OUTLET",4100,1022441,"TANK LAKE OUTLET","03100208","40500000","OUTLET","tbcmp_AM_LA_IntHigh_2050","AM","LA","IntHigh","2050",1010.60269142008
"03100208_40500000_TANK_LAKE_OUTLET",4400,467443,"TANK LAKE OUTLET","03100208","40500000","OUTLET","tbcmp_AM_LA_IntHigh_2050","AM","LA","IntHigh","2050",462.030722443132
"03100208_40500000_TANK_LAKE_OUTLET",5200,741946,"TANK LAKE OUTLET","03100208","40500000","OUTLET","tbcmp_AM_LA_IntHigh_2050","AM","LA","IntHigh","2050",733.355396045704
"03100208_40500000_TANK_LAKE_OUTLET",6110,500212,"TANK LAKE OUTLET","03100208","40500000","OUTLET","tbcmp_AM_LA_IntHigh_2050","AM","LA","IntHigh","2050",494.420307363088
"03100208_40500000_TANK_LAKE_OUTLET",6410,1530916,"TANK LAKE OUTLET","03100208","40500000","OUTLET","tbcmp_AM_LA_IntHigh_2050","AM","LA","IntHigh","2050",1513.19032583598
"03100208_40990000_DUCK_LAKE_CANAL",1100,246190,"DUCK LAKE CANAL","03100208","40990000","CANAL","tbcmp_AM_LA_IntHigh_2050","AM","LA","IntHigh","2050",243.33949499356
"03100208_40990000_DUCK_LAKE_CANAL",1200,254783,"DUCK LAKE CANAL","03100208","40990000","CANAL","tbcmp_AM_LA_IntHigh_2050","AM","LA","IntHigh","2050",251.833001149292
"03100208_40990000_DUCK_LAKE_CANAL",1800,6321,"DUCK LAKE CANAL","03100208","40990000","CANAL","tbcmp_AM_LA_IntHigh_2050","AM","LA","IntHigh","2050",6.247812453204
"03100208_40990000_DUCK_LAKE_CANAL",1900,5361,"DUCK LAKE CANAL","03100208","40990000","CANAL","tbcmp_AM_LA_IntHigh_2050","AM","LA","IntHigh","2050",5.298927790164
"03100208_40990000_DUCK_LAKE_CANAL",2100,462905,"DUCK LAKE CANAL","03100208","40990000","CANAL","tbcmp_AM_LA_IntHigh_2050","AM","LA","IntHigh","2050",457.54526556722
"03100208_40990000_DUCK_LAKE_CANAL",2400,3758,"DUCK LAKE CANAL","03100208","40990000","CANAL","tbcmp_AM_LA_IntHigh_2050","AM","LA","IntHigh","2050",3.714488087192
"03100208_40990000_DUCK_LAKE_CANAL",3200,7847,"DUCK LAKE CANAL","03100208","40990000","CANAL","tbcmp_AM_LA_IntHigh_2050","AM","LA","IntHigh","2050",7.756143698828
"03100208_40990000_DUCK_LAKE_CANAL",4100,48884,"DUCK LAKE CANAL","03100208","40990000","CANAL","tbcmp_AM_LA_IntHigh_2050","AM","LA","IntHigh","2050",48.317997779216
"03100208_40990000_DUCK_LAKE_CANAL",4400,78935,"DUCK LAKE CANAL","03100208","40990000","CANAL","tbcmp_AM_LA_IntHigh_2050","AM","LA","IntHigh","2050",78.02105299694
"03100208_40990000_DUCK_LAKE_CANAL",5200,5420,"DUCK LAKE CANAL","03100208","40990000","CANAL","tbcmp_AM_LA_IntHigh_2050","AM","LA","IntHigh","2050",5.35724466008
"03100208_40990000_DUCK_LAKE_CANAL",6110,9963,"DUCK LAKE CANAL","03100208","40990000","CANAL","tbcmp_AM_LA_IntHigh_2050","AM","LA","IntHigh","2050",9.847643643612
"03100208_40990000_DUCK_LAKE_CANAL",6410,246874,"DUCK LAKE CANAL","03100208","40990000","CANAL","tbcmp_AM_LA_IntHigh_2050","AM","LA","IntHigh","2050",244.015575315976
"03100208_45000000_DADE_CITY_CANAL",1100,940548,"DADE CITY CANAL","03100208","45000000","CANAL","tbcmp_AM_LA_IntHigh_2050","AM","LA","IntHigh","2050",929.657887555152
"03100208_45000000_DADE_CITY_CANAL",1200,2043754,"DADE CITY CANAL","03100208","45000000","CANAL","tbcmp_AM_LA_IntHigh_2050","AM","LA","IntHigh","2050",2020.0904433611
"03100208_45000000_DADE_CITY_CANAL",1800,13373,"DADE CITY CANAL","03100208","45000000","CANAL","tbcmp_AM_LA_IntHigh_2050","AM","LA","IntHigh","2050",13.218161040452
"03100208_45000000_DADE_CITY_CANAL",1820,3348,"DADE CITY CANAL","03100208","45000000","CANAL","tbcmp_AM_LA_IntHigh_2050","AM","LA","IntHigh","2050",3.309235262352
"03100208_45000000_DADE_CITY_CANAL",1900,405916,"DADE CITY CANAL","03100208","45000000","CANAL","tbcmp_AM_LA_IntHigh_2050","AM","LA","IntHigh","2050",401.216111335984
"03100208_45000000_DADE_CITY_CANAL",2100,3169724,"DADE CITY CANAL","03100208","45000000","CANAL","tbcmp_AM_LA_IntHigh_2050","AM","LA","IntHigh","2050",3133.02342673938
"03100208_45000000_DADE_CITY_CANAL",2200,64343,"DADE CITY CANAL","03100208","45000000","CANAL","tbcmp_AM_LA_IntHigh_2050","AM","LA","IntHigh","2050",63.598006118732
"03100208_45000000_DADE_CITY_CANAL",3200,9548,"DADE CITY CANAL","03100208","45000000","CANAL","tbcmp_AM_LA_IntHigh_2050","AM","LA","IntHigh","2050",9.437448711152
"03100208_45000000_DADE_CITY_CANAL",4100,807792,"DADE CITY CANAL","03100208","45000000","CANAL","tbcmp_AM_LA_IntHigh_2050","AM","LA","IntHigh","2050",798.438999715008
"03100208_45000000_DADE_CITY_CANAL",4400,355365,"DADE CITY CANAL","03100208","45000000","CANAL","tbcmp_AM_LA_IntHigh_2050","AM","LA","IntHigh","2050",351.25041487626
"03100208_45000000_DADE_CITY_CANAL",5200,250450,"DADE CITY CANAL","03100208","45000000","CANAL","tbcmp_AM_LA_IntHigh_2050","AM","LA","IntHigh","2050",247.5501706858
"03100208_45000000_DADE_CITY_CANAL",6110,394486,"DADE CITY CANAL","03100208","45000000","CANAL","tbcmp_AM_LA_IntHigh_2050","AM","LA","IntHigh","2050",389.918453316664
"03100208_45000000_DADE_CITY_CANAL",6410,996429,"DADE CITY CANAL","03100208","45000000","CANAL","tbcmp_AM_LA_IntHigh_2050","AM","LA","IntHigh","2050",984.891870737796
"03100208_46000000_OWENSBORO_SWAMP_OUTLET",1100,2256012,"OWENSBORO SWAMP OUTLET","03100208","46000000","SLOUGH","tbcmp_AM_LA_IntHigh_2050","AM","LA","IntHigh","2050",2229.89081920229
"03100208_46000000_OWENSBORO_SWAMP_OUTLET",1200,589079,"OWENSBORO SWAMP OUTLET","03100208","46000000","SLOUGH","tbcmp_AM_LA_IntHigh_2050","AM","LA","IntHigh","2050",582.258362936396
"03100208_46000000_OWENSBORO_SWAMP_OUTLET",1820,2038,"OWENSBORO SWAMP OUTLET","03100208","46000000","SLOUGH","tbcmp_AM_LA_IntHigh_2050","AM","LA","IntHigh","2050",2.014403065912
"03100208_46000000_OWENSBORO_SWAMP_OUTLET",1900,282188,"OWENSBORO SWAMP OUTLET","03100208","46000000","SLOUGH","tbcmp_AM_LA_IntHigh_2050","AM","LA","IntHigh","2050",278.920693014512
"03100208_46000000_OWENSBORO_SWAMP_OUTLET",2100,3300631,"OWENSBORO SWAMP OUTLET","03100208","46000000","SLOUGH","tbcmp_AM_LA_IntHigh_2050","AM","LA","IntHigh","2050",3262.41472318164
"03100208_46000000_OWENSBORO_SWAMP_OUTLET",2200,152218,"OWENSBORO SWAMP OUTLET","03100208","46000000","SLOUGH","tbcmp_AM_LA_IntHigh_2050","AM","LA","IntHigh","2050",150.455547540232
"03100208_46000000_OWENSBORO_SWAMP_OUTLET",2400,38251,"OWENSBORO SWAMP OUTLET","03100208","46000000","SLOUGH","tbcmp_AM_LA_IntHigh_2050","AM","LA","IntHigh","2050",37.808111714524
"03100208_46000000_OWENSBORO_SWAMP_OUTLET",4100,705582,"OWENSBORO SWAMP OUTLET","03100208","46000000","SLOUGH","tbcmp_AM_LA_IntHigh_2050","AM","LA","IntHigh","2050",697.412435746968
"03100208_46000000_OWENSBORO_SWAMP_OUTLET",4400,843526,"OWENSBORO SWAMP OUTLET","03100208","46000000","SLOUGH","tbcmp_AM_LA_IntHigh_2050","AM","LA","IntHigh","2050",833.759254453624
"03100208_46000000_OWENSBORO_SWAMP_OUTLET",5200,212499,"OWENSBORO SWAMP OUTLET","03100208","46000000","SLOUGH","tbcmp_AM_LA_IntHigh_2050","AM","LA","IntHigh","2050",210.038585428476
"03100208_46000000_OWENSBORO_SWAMP_OUTLET",6110,466993,"OWENSBORO SWAMP OUTLET","03100208","46000000","SLOUGH","tbcmp_AM_LA_IntHigh_2050","AM","LA","IntHigh","2050",461.585932757332
"03100208_46000000_OWENSBORO_SWAMP_OUTLET",6410,287850,"OWENSBORO SWAMP OUTLET","03100208","46000000","SLOUGH","tbcmp_AM_LA_IntHigh_2050","AM","LA","IntHigh","2050",284.5171356834
"03100208_46000000_OWENSBORO_SWAMP_OUTLET",6420,828,"OWENSBORO SWAMP OUTLET","03100208","46000000","SLOUGH","tbcmp_AM_LA_IntHigh_2050","AM","LA","IntHigh","2050",0.818413021872
"03100208_49800000_GATOR_HOLE_SLOUGH",1100,5492,"GATOR HOLE SLOUGH","03100208","49800000","SLOUGH","tbcmp_AM_LA_IntHigh_2050","AM","LA","IntHigh","2050",5.428411009808
"03100208_49800000_GATOR_HOLE_SLOUGH",1200,450,"GATOR HOLE SLOUGH","03100208","49800000","SLOUGH","tbcmp_AM_LA_IntHigh_2050","AM","LA","IntHigh","2050",0.4447896858
"03100208_49800000_GATOR_HOLE_SLOUGH",1900,39390,"GATOR HOLE SLOUGH","03100208","49800000","SLOUGH","tbcmp_AM_LA_IntHigh_2050","AM","LA","IntHigh","2050",38.93392383036
"03100208_49800000_GATOR_HOLE_SLOUGH",2100,151160,"GATOR HOLE SLOUGH","03100208","49800000","SLOUGH","tbcmp_AM_LA_IntHigh_2050","AM","LA","IntHigh","2050",149.40979756784
"03100208_49800000_GATOR_HOLE_SLOUGH",3200,193662,"GATOR HOLE SLOUGH","03100208","49800000","SLOUGH","tbcmp_AM_LA_IntHigh_2050","AM","LA","IntHigh","2050",191.419689180888
"03100208_49800000_GATOR_HOLE_SLOUGH",4100,1855664,"GATOR HOLE SLOUGH","03100208","49800000","SLOUGH","tbcmp_AM_LA_IntHigh_2050","AM","LA","IntHigh","2050",1834.17823891194
"03100208_49800000_GATOR_HOLE_SLOUGH",4400,211141,"GATOR HOLE SLOUGH","03100208","49800000","SLOUGH","tbcmp_AM_LA_IntHigh_2050","AM","LA","IntHigh","2050",208.696308998884
"03100208_49800000_GATOR_HOLE_SLOUGH",5200,6459,"GATOR HOLE SLOUGH","03100208","49800000","SLOUGH","tbcmp_AM_LA_IntHigh_2050","AM","LA","IntHigh","2050",6.384214623516
"03100208_49800000_GATOR_HOLE_SLOUGH",6110,2055900,"GATOR HOLE SLOUGH","03100208","49800000","SLOUGH","tbcmp_AM_LA_IntHigh_2050","AM","LA","IntHigh","2050",2032.0958111916
"03100208_49800000_GATOR_HOLE_SLOUGH",6410,97665,"GATOR HOLE SLOUGH","03100208","49800000","SLOUGH","tbcmp_AM_LA_IntHigh_2050","AM","LA","IntHigh","2050",96.53418814146
"03100208_49990000_DEVILS_CREEK",1100,23917,"DEVILS CREEK","03100208","49990000","STREAM","tbcmp_AM_LA_IntHigh_2050","AM","LA","IntHigh","2050",23.640077589508
"03100208_49990000_DEVILS_CREEK",1900,324753,"DEVILS CREEK","03100208","49990000","STREAM","tbcmp_AM_LA_IntHigh_2050","AM","LA","IntHigh","2050",320.992855183572
"03100208_49990000_DEVILS_CREEK",2100,306421,"DEVILS CREEK","03100208","49990000","STREAM","tbcmp_AM_LA_IntHigh_2050","AM","LA","IntHigh","2050",302.873111805604
"03100208_49990000_DEVILS_CREEK",3200,1094702,"DEVILS CREEK","03100208","49990000","STREAM","tbcmp_AM_LA_IntHigh_2050","AM","LA","IntHigh","2050",1082.02701916585
"03100208_49990000_DEVILS_CREEK",4100,8137140,"DEVILS CREEK","03100208","49990000","STREAM","tbcmp_AM_LA_IntHigh_2050","AM","LA","IntHigh","2050",8042.92431980136
"03100208_49990000_DEVILS_CREEK",4400,1603112,"DEVILS CREEK","03100208","49990000","STREAM","tbcmp_AM_LA_IntHigh_2050","AM","LA","IntHigh","2050",1584.55040618269
"03100208_49990000_DEVILS_CREEK",5200,21028,"DEVILS CREEK","03100208","49990000","STREAM","tbcmp_AM_LA_IntHigh_2050","AM","LA","IntHigh","2050",20.784527806672
"03100208_49990000_DEVILS_CREEK",6110,7379116,"DEVILS CREEK","03100208","49990000","STREAM","tbcmp_AM_LA_IntHigh_2050","AM","LA","IntHigh","2050",7293.67708249278
"03100208_49990000_DEVILS_CREEK",6410,1697192,"DEVILS CREEK","03100208","49990000","STREAM","tbcmp_AM_LA_IntHigh_2050","AM","LA","IntHigh","2050",1677.54110316061
"03100208_53000000_LAKE_ELIZABETH_OUTLET",1100,308561,"LAKE ELIZABETH OUTLET","03100208","53000000","SLOUGH","tbcmp_AM_LA_IntHigh_2050","AM","LA","IntHigh","2050",304.988333866964
"03100208_53000000_LAKE_ELIZABETH_OUTLET",1200,348488,"LAKE ELIZABETH OUTLET","03100208","53000000","SLOUGH","tbcmp_AM_LA_IntHigh_2050","AM","LA","IntHigh","2050",344.453040055712
"03100208_53000000_LAKE_ELIZABETH_OUTLET",1800,52,"LAKE ELIZABETH OUTLET","03100208","53000000","SLOUGH","tbcmp_AM_LA_IntHigh_2050","AM","LA","IntHigh","2050",0.051397919248
"03100208_53000000_LAKE_ELIZABETH_OUTLET",1820,892,"LAKE ELIZABETH OUTLET","03100208","53000000","SLOUGH","tbcmp_AM_LA_IntHigh_2050","AM","LA","IntHigh","2050",0.881671999408
"03100208_53000000_LAKE_ELIZABETH_OUTLET",1900,74414,"LAKE ELIZABETH OUTLET","03100208","53000000","SLOUGH","tbcmp_AM_LA_IntHigh_2050","AM","LA","IntHigh","2050",73.552399286936
"03100208_53000000_LAKE_ELIZABETH_OUTLET",2100,319104,"LAKE ELIZABETH OUTLET","03100208","53000000","SLOUGH","tbcmp_AM_LA_IntHigh_2050","AM","LA","IntHigh","2050",315.409261994496
"03100208_53000000_LAKE_ELIZABETH_OUTLET",2400,15723,"LAKE ELIZABETH OUTLET","03100208","53000000","SLOUGH","tbcmp_AM_LA_IntHigh_2050","AM","LA","IntHigh","2050",15.540951621852
"03100208_53000000_LAKE_ELIZABETH_OUTLET",4100,461166,"LAKE ELIZABETH OUTLET","03100208","53000000","SLOUGH","tbcmp_AM_LA_IntHigh_2050","AM","LA","IntHigh","2050",455.826400536984
"03100208_53000000_LAKE_ELIZABETH_OUTLET",5200,36015,"LAKE ELIZABETH OUTLET","03100208","53000000","SLOUGH","tbcmp_AM_LA_IntHigh_2050","AM","LA","IntHigh","2050",35.59800118686
"03100208_53000000_LAKE_ELIZABETH_OUTLET",6110,25790,"LAKE ELIZABETH OUTLET","03100208","53000000","SLOUGH","tbcmp_AM_LA_IntHigh_2050","AM","LA","IntHigh","2050",25.49139110396
"03100208_53000000_LAKE_ELIZABETH_OUTLET",6410,155779,"LAKE ELIZABETH OUTLET","03100208","53000000","SLOUGH","tbcmp_AM_LA_IntHigh_2050","AM","LA","IntHigh","2050",153.975316587196
"03100208_56000000_LONG_LAKE_OUTLET",1100,728406,"LONG LAKE OUTLET","03100208","56000000","OUTLET","tbcmp_AM_LA_IntHigh_2050","AM","LA","IntHigh","2050",719.972168610744
"03100208_56000000_LONG_LAKE_OUTLET",1200,786615,"LONG LAKE OUTLET","03100208","56000000","OUTLET","tbcmp_AM_LA_IntHigh_2050","AM","LA","IntHigh","2050",777.50719710126
"03100208_56000000_LONG_LAKE_OUTLET",1800,13150,"LONG LAKE OUTLET","03100208","56000000","OUTLET","tbcmp_AM_LA_IntHigh_2050","AM","LA","IntHigh","2050",12.9977430406
"03100208_56000000_LONG_LAKE_OUTLET",1820,100792,"LONG LAKE OUTLET","03100208","56000000","OUTLET","tbcmp_AM_LA_IntHigh_2050","AM","LA","IntHigh","2050",99.624982247008
"03100208_56000000_LONG_LAKE_OUTLET",1900,940571,"LONG LAKE OUTLET","03100208","56000000","OUTLET","tbcmp_AM_LA_IntHigh_2050","AM","LA","IntHigh","2050",929.680621250204
"03100208_56000000_LONG_LAKE_OUTLET",2100,351553,"LONG LAKE OUTLET","03100208","56000000","OUTLET","tbcmp_AM_LA_IntHigh_2050","AM","LA","IntHigh","2050",347.482552026772
"03100208_56000000_LONG_LAKE_OUTLET",4100,360373,"LONG LAKE OUTLET","03100208","56000000","OUTLET","tbcmp_AM_LA_IntHigh_2050","AM","LA","IntHigh","2050",356.200429868452
"03100208_56000000_LONG_LAKE_OUTLET",4400,220152,"LONG LAKE OUTLET","03100208","56000000","OUTLET","tbcmp_AM_LA_IntHigh_2050","AM","LA","IntHigh","2050",217.602975351648
"03100208_56000000_LONG_LAKE_OUTLET",5200,20152,"LONG LAKE OUTLET","03100208","56000000","OUTLET","tbcmp_AM_LA_IntHigh_2050","AM","LA","IntHigh","2050",19.918670551648
"03100208_56000000_LONG_LAKE_OUTLET",6110,134178,"LONG LAKE OUTLET","03100208","56000000","OUTLET","tbcmp_AM_LA_IntHigh_2050","AM","LA","IntHigh","2050",132.624423247272
"03100208_56000000_LONG_LAKE_OUTLET",6410,403736,"LONG LAKE OUTLET","03100208","56000000","OUTLET","tbcmp_AM_LA_IntHigh_2050","AM","LA","IntHigh","2050",399.061352413664
"03100208_57000000_SPRING_HAMMOCK_RUN",1100,242290,"SPRING HAMMOCK RUN","03100208","57000000","SLOUGH","tbcmp_AM_LA_IntHigh_2050","AM","LA","IntHigh","2050",239.48465104996
"03100208_57000000_SPRING_HAMMOCK_RUN",1900,1069992,"SPRING HAMMOCK RUN","03100208","57000000","SLOUGH","tbcmp_AM_LA_IntHigh_2050","AM","LA","IntHigh","2050",1057.60312330781
"03100208_57000000_SPRING_HAMMOCK_RUN",2100,124649,"SPRING HAMMOCK RUN","03100208","57000000","SLOUGH","tbcmp_AM_LA_IntHigh_2050","AM","LA","IntHigh","2050",123.205754545076
"03100208_57000000_SPRING_HAMMOCK_RUN",3200,2398,"SPRING HAMMOCK RUN","03100208","57000000","SLOUGH","tbcmp_AM_LA_IntHigh_2050","AM","LA","IntHigh","2050",2.370234814552
"03100208_57000000_SPRING_HAMMOCK_RUN",4100,510155,"SPRING HAMMOCK RUN","03100208","57000000","SLOUGH","tbcmp_AM_LA_IntHigh_2050","AM","LA","IntHigh","2050",504.24818257622
"03100208_57000000_SPRING_HAMMOCK_RUN",4400,263874,"SPRING HAMMOCK RUN","03100208","57000000","SLOUGH","tbcmp_AM_LA_IntHigh_2050","AM","LA","IntHigh","2050",260.818741223976
"03100208_57000000_SPRING_HAMMOCK_RUN",5200,40273,"SPRING HAMMOCK RUN","03100208","57000000","SLOUGH","tbcmp_AM_LA_IntHigh_2050","AM","LA","IntHigh","2050",39.806700036052
"03100208_57000000_SPRING_HAMMOCK_RUN",6110,126965,"SPRING HAMMOCK RUN","03100208","57000000","SLOUGH","tbcmp_AM_LA_IntHigh_2050","AM","LA","IntHigh","2050",125.49493879466
"03100208_57000000_SPRING_HAMMOCK_RUN",6410,349278,"SPRING HAMMOCK RUN","03100208","57000000","SLOUGH","tbcmp_AM_LA_IntHigh_2050","AM","LA","IntHigh","2050",345.233893059672
"03100208_57000000_SPRING_HAMMOCK_RUN",7100,5642,"SPRING HAMMOCK RUN","03100208","57000000","SLOUGH","tbcmp_AM_LA_IntHigh_2050","AM","LA","IntHigh","2050",5.576674238408
"03100208_58000000_ROCK_POND_OUTLET",1100,333387,"ROCK POND OUTLET","03100208","58000000","DRAIN","tbcmp_AM_LA_IntHigh_2050","AM","LA","IntHigh","2050",329.526886621788
"03100208_58000000_ROCK_POND_OUTLET",1200,149595,"ROCK POND OUTLET","03100208","58000000","DRAIN","tbcmp_AM_LA_IntHigh_2050","AM","LA","IntHigh","2050",147.86291788278
"03100208_58000000_ROCK_POND_OUTLET",1800,46555,"ROCK POND OUTLET","03100208","58000000","DRAIN","tbcmp_AM_LA_IntHigh_2050","AM","LA","IntHigh","2050",46.01596404982
"03100208_58000000_ROCK_POND_OUTLET",1820,3389,"ROCK POND OUTLET","03100208","58000000","DRAIN","tbcmp_AM_LA_IntHigh_2050","AM","LA","IntHigh","2050",3.349760544836
"03100208_58000000_ROCK_POND_OUTLET",1900,247903,"ROCK POND OUTLET","03100208","58000000","DRAIN","tbcmp_AM_LA_IntHigh_2050","AM","LA","IntHigh","2050",245.032661064172
"03100208_58000000_ROCK_POND_OUTLET",2100,567613,"ROCK POND OUTLET","03100208","58000000","DRAIN","tbcmp_AM_LA_IntHigh_2050","AM","LA","IntHigh","2050",561.040906502212
"03100208_58000000_ROCK_POND_OUTLET",2200,18428,"ROCK POND OUTLET","03100208","58000000","DRAIN","tbcmp_AM_LA_IntHigh_2050","AM","LA","IntHigh","2050",18.214631844272
"03100208_58000000_ROCK_POND_OUTLET",4100,3643135,"ROCK POND OUTLET","03100208","58000000","DRAIN","tbcmp_AM_LA_IntHigh_2050","AM","LA","IntHigh","2050",3600.95304883774
"03100208_58000000_ROCK_POND_OUTLET",4400,535348,"ROCK POND OUTLET","03100208","58000000","DRAIN","tbcmp_AM_LA_IntHigh_2050","AM","LA","IntHigh","2050",529.149486030352
"03100208_58000000_ROCK_POND_OUTLET",5200,11384,"ROCK POND OUTLET","03100208","58000000","DRAIN","tbcmp_AM_LA_IntHigh_2050","AM","LA","IntHigh","2050",11.252190629216
"03100208_58000000_ROCK_POND_OUTLET",6110,6872,"ROCK POND OUTLET","03100208","58000000","DRAIN","tbcmp_AM_LA_IntHigh_2050","AM","LA","IntHigh","2050",6.792432712928
"03100208_58000000_ROCK_POND_OUTLET",6410,243426,"ROCK POND OUTLET","03100208","58000000","DRAIN","tbcmp_AM_LA_IntHigh_2050","AM","LA","IntHigh","2050",240.607497901224
"03100208_60600000_GIDDON_LAKE_OUTLET",1100,134391,"GIDDON LAKE OUTLET","03100208","60600000","STREAM","tbcmp_AM_LA_IntHigh_2050","AM","LA","IntHigh","2050",132.834957031884
"03100208_60600000_GIDDON_LAKE_OUTLET",1200,3195,"GIDDON LAKE OUTLET","03100208","60600000","STREAM","tbcmp_AM_LA_IntHigh_2050","AM","LA","IntHigh","2050",3.15800676918
"03100208_60600000_GIDDON_LAKE_OUTLET",1900,41626,"GIDDON LAKE OUTLET","03100208","60600000","STREAM","tbcmp_AM_LA_IntHigh_2050","AM","LA","IntHigh","2050",41.144034358024
"03100208_60600000_GIDDON_LAKE_OUTLET",2100,181636,"GIDDON LAKE OUTLET","03100208","60600000","STREAM","tbcmp_AM_LA_IntHigh_2050","AM","LA","IntHigh","2050",179.532931933264
"03100208_60600000_GIDDON_LAKE_OUTLET",4100,507204,"GIDDON LAKE OUTLET","03100208","60600000","STREAM","tbcmp_AM_LA_IntHigh_2050","AM","LA","IntHigh","2050",501.331350658896
"03100208_60600000_GIDDON_LAKE_OUTLET",4400,197185,"GIDDON LAKE OUTLET","03100208","60600000","STREAM","tbcmp_AM_LA_IntHigh_2050","AM","LA","IntHigh","2050",194.90189820994
"03100208_60600000_GIDDON_LAKE_OUTLET",5200,1226,"GIDDON LAKE OUTLET","03100208","60600000","STREAM","tbcmp_AM_LA_IntHigh_2050","AM","LA","IntHigh","2050",1.211804788424
"03100208_60600000_GIDDON_LAKE_OUTLET",6110,451400,"GIDDON LAKE OUTLET","03100208","60600000","STREAM","tbcmp_AM_LA_IntHigh_2050","AM","LA","IntHigh","2050",446.1734759336
"03100208_60600000_GIDDON_LAKE_OUTLET",6410,79967,"GIDDON LAKE OUTLET","03100208","60600000","STREAM","tbcmp_AM_LA_IntHigh_2050","AM","LA","IntHigh","2050",79.041104009708
"03100208_60800000_BIG_GANT_CANAL",1100,1441837,"BIG GANT CANAL","03100208","60800000","CANAL","tbcmp_AM_LA_IntHigh_2050","AM","LA","IntHigh","2050",1425.14272489959
"03100208_60800000_BIG_GANT_CANAL",1200,540696,"BIG GANT CANAL","03100208","60800000","CANAL","tbcmp_AM_LA_IntHigh_2050","AM","LA","IntHigh","2050",534.435564340704
"03100208_60800000_BIG_GANT_CANAL",1800,456,"BIG GANT CANAL","03100208","60800000","CANAL","tbcmp_AM_LA_IntHigh_2050","AM","LA","IntHigh","2050",0.450720214944
"03100208_60800000_BIG_GANT_CANAL",1900,196088,"BIG GANT CANAL","03100208","60800000","CANAL","tbcmp_AM_LA_IntHigh_2050","AM","LA","IntHigh","2050",193.817599798112
"03100208_60800000_BIG_GANT_CANAL",2100,7242621,"BIG GANT CANAL","03100208","60800000","CANAL","tbcmp_AM_LA_IntHigh_2050","AM","LA","IntHigh","2050",7158.7624865744
"03100208_60800000_BIG_GANT_CANAL",2400,144147,"BIG GANT CANAL","03100208","60800000","CANAL","tbcmp_AM_LA_IntHigh_2050","AM","LA","IntHigh","2050",142.477997420028
"03100208_60800000_BIG_GANT_CANAL",4100,1239787,"BIG GANT CANAL","03100208","60800000","CANAL","tbcmp_AM_LA_IntHigh_2050","AM","LA","IntHigh","2050",1225.43215597539
"03100208_60800000_BIG_GANT_CANAL",4400,35240,"BIG GANT CANAL","03100208","60800000","CANAL","tbcmp_AM_LA_IntHigh_2050","AM","LA","IntHigh","2050",34.83197450576
"03100208_60800000_BIG_GANT_CANAL",5200,157677,"BIG GANT CANAL","03100208","60800000","CANAL","tbcmp_AM_LA_IntHigh_2050","AM","LA","IntHigh","2050",155.851340639748
"03100208_60800000_BIG_GANT_CANAL",6110,1007778,"BIG GANT CANAL","03100208","60800000","CANAL","tbcmp_AM_LA_IntHigh_2050","AM","LA","IntHigh","2050",996.109466613672
"03100208_60800000_BIG_GANT_CANAL",6410,1178619,"BIG GANT CANAL","03100208","60800000","CANAL","tbcmp_AM_LA_IntHigh_2050","AM","LA","IntHigh","2050",1164.97238819536
"03100208_60950000_WILD_COW_PRAIRIE_DRAIN",1100,495353,"WILD COW PRAIRIE DRAIN","03100208","60950000","DRAIN","tbcmp_AM_LA_IntHigh_2050","AM","LA","IntHigh","2050",489.617567177972
"03100208_60950000_WILD_COW_PRAIRIE_DRAIN",1200,109720,"WILD COW PRAIRIE DRAIN","03100208","60950000","DRAIN","tbcmp_AM_LA_IntHigh_2050","AM","LA","IntHigh","2050",108.44960961328
"03100208_60950000_WILD_COW_PRAIRIE_DRAIN",1900,62891,"WILD COW PRAIRIE DRAIN","03100208","60950000","DRAIN","tbcmp_AM_LA_IntHigh_2050","AM","LA","IntHigh","2050",62.162818065884
"03100208_60950000_WILD_COW_PRAIRIE_DRAIN",2100,5872,"WILD COW PRAIRIE DRAIN","03100208","60950000","DRAIN","tbcmp_AM_LA_IntHigh_2050","AM","LA","IntHigh","2050",5.804011188928
"03100208_60950000_WILD_COW_PRAIRIE_DRAIN",3200,75483,"WILD COW PRAIRIE DRAIN","03100208","60950000","DRAIN","tbcmp_AM_LA_IntHigh_2050","AM","LA","IntHigh","2050",74.609021896092
"03100208_60950000_WILD_COW_PRAIRIE_DRAIN",4100,723597,"WILD COW PRAIRIE DRAIN","03100208","60950000","DRAIN","tbcmp_AM_LA_IntHigh_2050","AM","LA","IntHigh","2050",715.218849501828
"03100208_60950000_WILD_COW_PRAIRIE_DRAIN",5200,575,"WILD COW PRAIRIE DRAIN","03100208","60950000","DRAIN","tbcmp_AM_LA_IntHigh_2050","AM","LA","IntHigh","2050",0.5683423763
"03100208_60950000_WILD_COW_PRAIRIE_DRAIN",6110,2867,"WILD COW PRAIRIE DRAIN","03100208","60950000","DRAIN","tbcmp_AM_LA_IntHigh_2050","AM","LA","IntHigh","2050",2.833804509308
"03100208_60950000_WILD_COW_PRAIRIE_DRAIN",6410,266697,"WILD COW PRAIRIE DRAIN","03100208","60950000","DRAIN","tbcmp_AM_LA_IntHigh_2050","AM","LA","IntHigh","2050",263.609055186228
"03100208_60990000_LITTLE_WITHLACOOCHEE",1100,1342585,"LITTLE WITHLACOOCHEE","03100208","60990000","STREAM","tbcmp_AM_LA_IntHigh_2050","AM","LA","IntHigh","2050",1327.03991179954
"03100208_60990000_LITTLE_WITHLACOOCHEE",1200,491618,"LITTLE WITHLACOOCHEE","03100208","60990000","STREAM","tbcmp_AM_LA_IntHigh_2050","AM","LA","IntHigh","2050",485.925812785832
"03100208_60990000_LITTLE_WITHLACOOCHEE",1800,15123,"LITTLE WITHLACOOCHEE","03100208","60990000","STREAM","tbcmp_AM_LA_IntHigh_2050","AM","LA","IntHigh","2050",14.947898707452
"03100208_60990000_LITTLE_WITHLACOOCHEE",1900,482316,"LITTLE WITHLACOOCHEE","03100208","60990000","STREAM","tbcmp_AM_LA_IntHigh_2050","AM","LA","IntHigh","2050",476.731515769584
"03100208_60990000_LITTLE_WITHLACOOCHEE",2100,2072821,"LITTLE WITHLACOOCHEE","03100208","60990000","STREAM","tbcmp_AM_LA_IntHigh_2050","AM","LA","IntHigh","2050",2048.8208917992
"03100208_60990000_LITTLE_WITHLACOOCHEE",2400,20441,"LITTLE WITHLACOOCHEE","03100208","60990000","STREAM","tbcmp_AM_LA_IntHigh_2050","AM","LA","IntHigh","2050",20.204324372084
"03100208_60990000_LITTLE_WITHLACOOCHEE",3200,447003,"LITTLE WITHLACOOCHEE","03100208","60990000","STREAM","tbcmp_AM_LA_IntHigh_2050","AM","LA","IntHigh","2050",441.827386492572
"03100208_60990000_LITTLE_WITHLACOOCHEE",4100,6110969,"LITTLE WITHLACOOCHEE","03100208","60990000","STREAM","tbcmp_AM_LA_IntHigh_2050","AM","LA","IntHigh","2050",6040.21329209676
"03100208_60990000_LITTLE_WITHLACOOCHEE",4400,2955803,"LITTLE WITHLACOOCHEE","03100208","60990000","STREAM","tbcmp_AM_LA_IntHigh_2050","AM","LA","IntHigh","2050",2921.57930590377
"03100208_60990000_LITTLE_WITHLACOOCHEE",5200,31969,"LITTLE WITHLACOOCHEE","03100208","60990000","STREAM","tbcmp_AM_LA_IntHigh_2050","AM","LA","IntHigh","2050",31.598847700756
"03100208_60990000_LITTLE_WITHLACOOCHEE",6110,8252654,"LITTLE WITHLACOOCHEE","03100208","60990000","STREAM","tbcmp_AM_LA_IntHigh_2050","AM","LA","IntHigh","2050",8157.10084372469
"03100208_60990000_LITTLE_WITHLACOOCHEE",6410,1319307,"LITTLE WITHLACOOCHEE","03100208","60990000","STREAM","tbcmp_AM_LA_IntHigh_2050","AM","LA","IntHigh","2050",1304.03143556387
"03100208_60990000_LITTLE_WITHLACOOCHEE",7100,2186,"LITTLE WITHLACOOCHEE","03100208","60990000","STREAM","tbcmp_AM_LA_IntHigh_2050","AM","LA","IntHigh","2050",2.160689451464
"03100208_64990000_MCKITHEN_LAKE_OUTLET",1100,2416537,"MCKITHEN LAKE OUTLET","03100208","64990000","OUTLET","tbcmp_AM_LA_IntHigh_2050","AM","LA","IntHigh","2050",2388.55718434239
"03100208_64990000_MCKITHEN_LAKE_OUTLET",1200,56076,"MCKITHEN LAKE OUTLET","03100208","64990000","OUTLET","tbcmp_AM_LA_IntHigh_2050","AM","LA","IntHigh","2050",55.426725379824
"03100208_64990000_MCKITHEN_LAKE_OUTLET",1900,299588,"MCKITHEN LAKE OUTLET","03100208","64990000","OUTLET","tbcmp_AM_LA_IntHigh_2050","AM","LA","IntHigh","2050",296.119227532112
"03100208_64990000_MCKITHEN_LAKE_OUTLET",2100,1607877,"MCKITHEN LAKE OUTLET","03100208","64990000","OUTLET","tbcmp_AM_LA_IntHigh_2050","AM","LA","IntHigh","2050",1589.26023474455
"03100208_64990000_MCKITHEN_LAKE_OUTLET",2400,116048,"MCKITHEN LAKE OUTLET","03100208","64990000","OUTLET","tbcmp_AM_LA_IntHigh_2050","AM","LA","IntHigh","2050",114.704341017152
"03100208_64990000_MCKITHEN_LAKE_OUTLET",3200,11125,"MCKITHEN LAKE OUTLET","03100208","64990000","OUTLET","tbcmp_AM_LA_IntHigh_2050","AM","LA","IntHigh","2050",10.9961894545
"03100208_64990000_MCKITHEN_LAKE_OUTLET",4100,3736836,"MCKITHEN LAKE OUTLET","03100208","64990000","OUTLET","tbcmp_AM_LA_IntHigh_2050","AM","LA","IntHigh","2050",3693.56913405806
"03100208_64990000_MCKITHEN_LAKE_OUTLET",4400,255964,"MCKITHEN LAKE OUTLET","03100208","64990000","OUTLET","tbcmp_AM_LA_IntHigh_2050","AM","LA","IntHigh","2050",253.000326969136
"03100208_64990000_MCKITHEN_LAKE_OUTLET",5200,28175,"MCKITHEN LAKE OUTLET","03100208","64990000","OUTLET","tbcmp_AM_LA_IntHigh_2050","AM","LA","IntHigh","2050",27.8487764387
"03100208_64990000_MCKITHEN_LAKE_OUTLET",6110,72175,"MCKITHEN LAKE OUTLET","03100208","64990000","OUTLET","tbcmp_AM_LA_IntHigh_2050","AM","LA","IntHigh","2050",71.3393234947
"03100208_64990000_MCKITHEN_LAKE_OUTLET",6410,121315,"MCKITHEN LAKE OUTLET","03100208","64990000","OUTLET","tbcmp_AM_LA_IntHigh_2050","AM","LA","IntHigh","2050",119.91035718406
"03100208_67200000_AKINS_POND_OUTLET",1100,541419,"AKINS POND OUTLET","03100208","67200000","OUTLET","tbcmp_AM_LA_IntHigh_2050","AM","LA","IntHigh","2050",535.150193102556
"03100208_67200000_AKINS_POND_OUTLET",1200,14702,"AKINS POND OUTLET","03100208","67200000","OUTLET","tbcmp_AM_LA_IntHigh_2050","AM","LA","IntHigh","2050",14.531773245848
"03100208_67200000_AKINS_POND_OUTLET",1900,22457,"AKINS POND OUTLET","03100208","67200000","OUTLET","tbcmp_AM_LA_IntHigh_2050","AM","LA","IntHigh","2050",22.196982164468
"03100208_67200000_AKINS_POND_OUTLET",2100,1760256,"AKINS POND OUTLET","03100208","67200000","OUTLET","tbcmp_AM_LA_IntHigh_2050","AM","LA","IntHigh","2050",1739.87491815014
"03100208_67200000_AKINS_POND_OUTLET",2400,24329,"AKINS POND OUTLET","03100208","67200000","OUTLET","tbcmp_AM_LA_IntHigh_2050","AM","LA","IntHigh","2050",24.047307257396
"03100208_67200000_AKINS_POND_OUTLET",4100,576639,"AKINS POND OUTLET","03100208","67200000","OUTLET","tbcmp_AM_LA_IntHigh_2050","AM","LA","IntHigh","2050",569.962399177836
"03100208_67200000_AKINS_POND_OUTLET",4400,67242,"AKINS POND OUTLET","03100208","67200000","OUTLET","tbcmp_AM_LA_IntHigh_2050","AM","LA","IntHigh","2050",66.463440116808
"03100208_67200000_AKINS_POND_OUTLET",5200,34933,"AKINS POND OUTLET","03100208","67200000","OUTLET","tbcmp_AM_LA_IntHigh_2050","AM","LA","IntHigh","2050",34.528529097892
"03100208_67200000_AKINS_POND_OUTLET",6110,23304,"AKINS POND OUTLET","03100208","67200000","OUTLET","tbcmp_AM_LA_IntHigh_2050","AM","LA","IntHigh","2050",23.034175195296
"03100208_67200000_AKINS_POND_OUTLET",6410,298431,"AKINS POND OUTLET","03100208","67200000","OUTLET","tbcmp_AM_LA_IntHigh_2050","AM","LA","IntHigh","2050",294.975623828844
"03100208_67700000_GATOR_HEAD_SLOUGH",1100,238808,"GATOR HEAD SLOUGH","03100208","67700000","SLOUGH","tbcmp_AM_LA_IntHigh_2050","AM","LA","IntHigh","2050",236.042967303392
"03100208_67700000_GATOR_HEAD_SLOUGH",1200,7902,"GATOR HEAD SLOUGH","03100208","67700000","SLOUGH","tbcmp_AM_LA_IntHigh_2050","AM","LA","IntHigh","2050",7.810506882648
"03100208_67700000_GATOR_HEAD_SLOUGH",1900,20133,"GATOR HEAD SLOUGH","03100208","67700000","SLOUGH","tbcmp_AM_LA_IntHigh_2050","AM","LA","IntHigh","2050",19.899890542692
"03100208_67700000_GATOR_HEAD_SLOUGH",2100,880571,"GATOR HEAD SLOUGH","03100208","67700000","SLOUGH","tbcmp_AM_LA_IntHigh_2050","AM","LA","IntHigh","2050",870.375329810204
"03100208_67700000_GATOR_HEAD_SLOUGH",4100,315359,"GATOR HEAD SLOUGH","03100208","67700000","SLOUGH","tbcmp_AM_LA_IntHigh_2050","AM","LA","IntHigh","2050",311.707623387116
"03100208_67700000_GATOR_HEAD_SLOUGH",4400,1653,"GATOR HEAD SLOUGH","03100208","67700000","SLOUGH","tbcmp_AM_LA_IntHigh_2050","AM","LA","IntHigh","2050",1.633860779172
"03100208_67700000_GATOR_HEAD_SLOUGH",5200,11339,"GATOR HEAD SLOUGH","03100208","67700000","SLOUGH","tbcmp_AM_LA_IntHigh_2050","AM","LA","IntHigh","2050",11.207711660636
"03100208_67700000_GATOR_HEAD_SLOUGH",6110,165843,"GATOR HEAD SLOUGH","03100208","67700000","SLOUGH","tbcmp_AM_LA_IntHigh_2050","AM","LA","IntHigh","2050",163.922790804732
"03100208_67700000_GATOR_HEAD_SLOUGH",6410,410342,"GATOR HEAD SLOUGH","03100208","67700000","SLOUGH","tbcmp_AM_LA_IntHigh_2050","AM","LA","IntHigh","2050",405.590865001208
"03100208_67750000_CLABBER_CREEK",1100,1222911,"CLABBER CREEK","03100208","67750000","SLOUGH","tbcmp_AM_LA_IntHigh_2050","AM","LA","IntHigh","2050",1208.75155433636
"03100208_67750000_CLABBER_CREEK",1200,455853,"CLABBER CREEK","03100208","67750000","SLOUGH","tbcmp_AM_LA_IntHigh_2050","AM","LA","IntHigh","2050",450.574916979972
"03100208_67750000_CLABBER_CREEK",1800,49079,"CLABBER CREEK","03100208","67750000","SLOUGH","tbcmp_AM_LA_IntHigh_2050","AM","LA","IntHigh","2050",48.510739976396
"03100208_67750000_CLABBER_CREEK",1900,151180,"CLABBER CREEK","03100208","67750000","SLOUGH","tbcmp_AM_LA_IntHigh_2050","AM","LA","IntHigh","2050",149.42956599832
"03100208_67750000_CLABBER_CREEK",2100,2084981,"CLABBER CREEK","03100208","67750000","SLOUGH","tbcmp_AM_LA_IntHigh_2050","AM","LA","IntHigh","2050",2060.84009753104
"03100208_67750000_CLABBER_CREEK",2400,7947,"CLABBER CREEK","03100208","67750000","SLOUGH","tbcmp_AM_LA_IntHigh_2050","AM","LA","IntHigh","2050",7.854985851228
"03100208_67750000_CLABBER_CREEK",4100,888023,"CLABBER CREEK","03100208","67750000","SLOUGH","tbcmp_AM_LA_IntHigh_2050","AM","LA","IntHigh","2050",877.741047007052
"03100208_67750000_CLABBER_CREEK",4400,58661,"CLABBER CREEK","03100208","67750000","SLOUGH","tbcmp_AM_LA_IntHigh_2050","AM","LA","IntHigh","2050",57.981795019364
"03100208_67750000_CLABBER_CREEK",5200,63273,"CLABBER CREEK","03100208","67750000","SLOUGH","tbcmp_AM_LA_IntHigh_2050","AM","LA","IntHigh","2050",62.540395088052
"03100208_67750000_CLABBER_CREEK",6110,442224,"CLABBER CREEK","03100208","67750000","SLOUGH","tbcmp_AM_LA_IntHigh_2050","AM","LA","IntHigh","2050",437.103720029376
"03100208_67750000_CLABBER_CREEK",6410,786412,"CLABBER CREEK","03100208","67750000","SLOUGH","tbcmp_AM_LA_IntHigh_2050","AM","LA","IntHigh","2050",777.306547531888
"03100208_67990000_GUM_SLOUGH",1100,4103191,"GUM SLOUGH","03100208","67990000","SLOUGH","tbcmp_AM_LA_IntHigh_2050","AM","LA","IntHigh","2050",4055.68230148308
"03100208_67990000_GUM_SLOUGH",1200,2258767,"GUM SLOUGH","03100208","67990000","SLOUGH","tbcmp_AM_LA_IntHigh_2050","AM","LA","IntHigh","2050",2232.61392050091
"03100208_67990000_GUM_SLOUGH",1800,40185,"GUM SLOUGH","03100208","67990000","SLOUGH","tbcmp_AM_LA_IntHigh_2050","AM","LA","IntHigh","2050",39.71971894194
"03100208_67990000_GUM_SLOUGH",1900,774396,"GUM SLOUGH","03100208","67990000","SLOUGH","tbcmp_AM_LA_IntHigh_2050","AM","LA","IntHigh","2050",765.429674499504
"03100208_67990000_GUM_SLOUGH",2100,11478842,"GUM SLOUGH","03100208","67990000","SLOUGH","tbcmp_AM_LA_IntHigh_2050","AM","LA","IntHigh","2050",11345.9345033952
"03100208_67990000_GUM_SLOUGH",2200,9586,"GUM SLOUGH","03100208","67990000","SLOUGH","tbcmp_AM_LA_IntHigh_2050","AM","LA","IntHigh","2050",9.475008729064
"03100208_67990000_GUM_SLOUGH",2400,245956,"GUM SLOUGH","03100208","67990000","SLOUGH","tbcmp_AM_LA_IntHigh_2050","AM","LA","IntHigh","2050",243.108204356944
"03100208_67990000_GUM_SLOUGH",3200,36248,"GUM SLOUGH","03100208","67990000","SLOUGH","tbcmp_AM_LA_IntHigh_2050","AM","LA","IntHigh","2050",35.828303401952
"03100208_67990000_GUM_SLOUGH",4100,4393155,"GUM SLOUGH","03100208","67990000","SLOUGH","tbcmp_AM_LA_IntHigh_2050","AM","LA","IntHigh","2050",4342.28896026822
"03100208_67990000_GUM_SLOUGH",4400,214482,"GUM SLOUGH","03100208","67990000","SLOUGH","tbcmp_AM_LA_IntHigh_2050","AM","LA","IntHigh","2050",211.998625310568
"03100208_67990000_GUM_SLOUGH",5200,134098,"GUM SLOUGH","03100208","67990000","SLOUGH","tbcmp_AM_LA_IntHigh_2050","AM","LA","IntHigh","2050",132.545349525352
"03100208_67990000_GUM_SLOUGH",6110,1158901,"GUM SLOUGH","03100208","67990000","SLOUGH","tbcmp_AM_LA_IntHigh_2050","AM","LA","IntHigh","2050",1145.48269258512
"03100208_67990000_GUM_SLOUGH",6410,3769705,"GUM SLOUGH","03100208","67990000","SLOUGH","tbcmp_AM_LA_IntHigh_2050","AM","LA","IntHigh","2050",3726.05756113042
"03100208_70400000_MOBLEY_POND_OUTLET",1100,27295,"MOBLEY POND OUTLET","03100208","70400000","DITCH","tbcmp_AM_LA_IntHigh_2050","AM","LA","IntHigh","2050",26.97896549758
"03100208_70400000_MOBLEY_POND_OUTLET",1200,6941,"MOBLEY POND OUTLET","03100208","70400000","DITCH","tbcmp_AM_LA_IntHigh_2050","AM","LA","IntHigh","2050",6.860633798084
"03100208_70400000_MOBLEY_POND_OUTLET",1900,6959,"MOBLEY POND OUTLET","03100208","70400000","DITCH","tbcmp_AM_LA_IntHigh_2050","AM","LA","IntHigh","2050",6.878425385516
"03100208_70400000_MOBLEY_POND_OUTLET",2100,832813,"MOBLEY POND OUTLET","03100208","70400000","DITCH","tbcmp_AM_LA_IntHigh_2050","AM","LA","IntHigh","2050",823.170294667012
"03100208_70400000_MOBLEY_POND_OUTLET",2400,91291,"MOBLEY POND OUTLET","03100208","70400000","DITCH","tbcmp_AM_LA_IntHigh_2050","AM","LA","IntHigh","2050",90.233989347484
"03100208_70400000_MOBLEY_POND_OUTLET",3200,7733,"MOBLEY POND OUTLET","03100208","70400000","DITCH","tbcmp_AM_LA_IntHigh_2050","AM","LA","IntHigh","2050",7.643463645092
"03100208_70400000_MOBLEY_POND_OUTLET",4100,155541,"MOBLEY POND OUTLET","03100208","70400000","DITCH","tbcmp_AM_LA_IntHigh_2050","AM","LA","IntHigh","2050",153.740072264484
"03100208_70400000_MOBLEY_POND_OUTLET",4400,16843,"MOBLEY POND OUTLET","03100208","70400000","DITCH","tbcmp_AM_LA_IntHigh_2050","AM","LA","IntHigh","2050",16.647983728732
"03100208_70400000_MOBLEY_POND_OUTLET",5200,811,"MOBLEY POND OUTLET","03100208","70400000","DITCH","tbcmp_AM_LA_IntHigh_2050","AM","LA","IntHigh","2050",0.801609855964
"03100208_70400000_MOBLEY_POND_OUTLET",6410,124995,"MOBLEY POND OUTLET","03100208","70400000","DITCH","tbcmp_AM_LA_IntHigh_2050","AM","LA","IntHigh","2050",123.54774839238
"03100208_70420000_UNNAMED_DITCH",1900,59059,"UNNAMED DITCH","03100208","70420000","DITCH","tbcmp_AM_LA_IntHigh_2050","AM","LA","IntHigh","2050",58.375186785916
"03100208_70420000_UNNAMED_DITCH",2100,95162,"UNNAMED DITCH","03100208","70420000","DITCH","tbcmp_AM_LA_IntHigh_2050","AM","LA","IntHigh","2050",94.060169066888
"03100208_70420000_UNNAMED_DITCH",4100,273423,"UNNAMED DITCH","03100208","70420000","DITCH","tbcmp_AM_LA_IntHigh_2050","AM","LA","IntHigh","2050",270.257178356652
"03100208_70420000_UNNAMED_DITCH",6410,62649,"UNNAMED DITCH","03100208","70420000","DITCH","tbcmp_AM_LA_IntHigh_2050","AM","LA","IntHigh","2050",61.923620057076
"03100208_70540000_TOWNS_PRAIRIE_DRAIN",1100,3906,"TOWNS PRAIRIE DRAIN","03100208","70540000","DRAIN","tbcmp_AM_LA_IntHigh_2050","AM","LA","IntHigh","2050",3.860774472744
"03100208_70540000_TOWNS_PRAIRIE_DRAIN",1900,11346,"TOWNS PRAIRIE DRAIN","03100208","70540000","DRAIN","tbcmp_AM_LA_IntHigh_2050","AM","LA","IntHigh","2050",11.214630611304
"03100208_70540000_TOWNS_PRAIRIE_DRAIN",2100,461533,"TOWNS PRAIRIE DRAIN","03100208","70540000","DRAIN","tbcmp_AM_LA_IntHigh_2050","AM","LA","IntHigh","2050",456.189151236292
"03100208_70540000_TOWNS_PRAIRIE_DRAIN",4100,135975,"TOWNS PRAIRIE DRAIN","03100208","70540000","DRAIN","tbcmp_AM_LA_IntHigh_2050","AM","LA","IntHigh","2050",134.4006167259
"03100208_70540000_TOWNS_PRAIRIE_DRAIN",5200,147,"TOWNS PRAIRIE DRAIN","03100208","70540000","DRAIN","tbcmp_AM_LA_IntHigh_2050","AM","LA","IntHigh","2050",0.145297964028
"03100208_70540000_TOWNS_PRAIRIE_DRAIN",6410,239725,"TOWNS PRAIRIE DRAIN","03100208","70540000","DRAIN","tbcmp_AM_LA_IntHigh_2050","AM","LA","IntHigh","2050",236.9493498409
"03100208_70560000_UNNAMED_DITCH",1100,270601,"UNNAMED DITCH","03100208","70560000","DITCH","tbcmp_AM_LA_IntHigh_2050","AM","LA","IntHigh","2050",267.467852815924
"03100208_70560000_UNNAMED_DITCH",1200,16104,"UNNAMED DITCH","03100208","70560000","DITCH","tbcmp_AM_LA_IntHigh_2050","AM","LA","IntHigh","2050",15.917540222496
"03100208_70560000_UNNAMED_DITCH",1900,44356,"UNNAMED DITCH","03100208","70560000","DITCH","tbcmp_AM_LA_IntHigh_2050","AM","LA","IntHigh","2050",43.842425118544
"03100208_70560000_UNNAMED_DITCH",2100,1318206,"UNNAMED DITCH","03100208","70560000","DITCH","tbcmp_AM_LA_IntHigh_2050","AM","LA","IntHigh","2050",1302.94318346594
"03100208_70560000_UNNAMED_DITCH",2400,214971,"UNNAMED DITCH","03100208","70560000","DITCH","tbcmp_AM_LA_IntHigh_2050","AM","LA","IntHigh","2050",212.481963435804
"03100208_70560000_UNNAMED_DITCH",4100,391226,"UNNAMED DITCH","03100208","70560000","DITCH","tbcmp_AM_LA_IntHigh_2050","AM","LA","IntHigh","2050",386.696199148424
"03100208_70560000_UNNAMED_DITCH",4400,6526,"UNNAMED DITCH","03100208","70560000","DITCH","tbcmp_AM_LA_IntHigh_2050","AM","LA","IntHigh","2050",6.450438865624
"03100208_70560000_UNNAMED_DITCH",5200,15793,"UNNAMED DITCH","03100208","70560000","DITCH","tbcmp_AM_LA_IntHigh_2050","AM","LA","IntHigh","2050",15.610141128532
"03100208_70560000_UNNAMED_DITCH",6410,26382,"UNNAMED DITCH","03100208","70560000","DITCH","tbcmp_AM_LA_IntHigh_2050","AM","LA","IntHigh","2050",26.076536646168
"03100208_70600000_SCHOOLHOUS_POND_DRAIN",1100,202830,"SCHOOLHOUS POND DRAIN","03100208","70600000","DITCH","tbcmp_AM_LA_IntHigh_2050","AM","LA","IntHigh","2050",200.48153771292
"03100208_70600000_SCHOOLHOUS_POND_DRAIN",1200,17335,"SCHOOLHOUS POND DRAIN","03100208","70600000","DITCH","tbcmp_AM_LA_IntHigh_2050","AM","LA","IntHigh","2050",17.13428711854
"03100208_70600000_SCHOOLHOUS_POND_DRAIN",1900,44431,"SCHOOLHOUS POND DRAIN","03100208","70600000","DITCH","tbcmp_AM_LA_IntHigh_2050","AM","LA","IntHigh","2050",43.916556732844
"03100208_70600000_SCHOOLHOUS_POND_DRAIN",2100,936795,"SCHOOLHOUS POND DRAIN","03100208","70600000","DITCH","tbcmp_AM_LA_IntHigh_2050","AM","LA","IntHigh","2050",925.94834157558
"03100208_70600000_SCHOOLHOUS_POND_DRAIN",2200,15612,"SCHOOLHOUS POND DRAIN","03100208","70600000","DITCH","tbcmp_AM_LA_IntHigh_2050","AM","LA","IntHigh","2050",15.431236832688
"03100208_70600000_SCHOOLHOUS_POND_DRAIN",2400,4338,"SCHOOLHOUS POND DRAIN","03100208","70600000","DITCH","tbcmp_AM_LA_IntHigh_2050","AM","LA","IntHigh","2050",4.287772571112
"03100208_70600000_SCHOOLHOUS_POND_DRAIN",4100,67907,"SCHOOLHOUS POND DRAIN","03100208","70600000","DITCH","tbcmp_AM_LA_IntHigh_2050","AM","LA","IntHigh","2050",67.120740430268
"03100208_70600000_SCHOOLHOUS_POND_DRAIN",4400,9481,"SCHOOLHOUS POND DRAIN","03100208","70600000","DITCH","tbcmp_AM_LA_IntHigh_2050","AM","LA","IntHigh","2050",9.371224469044
"03100208_70600000_SCHOOLHOUS_POND_DRAIN",5200,7463,"SCHOOLHOUS POND DRAIN","03100208","70600000","DITCH","tbcmp_AM_LA_IntHigh_2050","AM","LA","IntHigh","2050",7.376589833612
"03100208_70600000_SCHOOLHOUS_POND_DRAIN",6410,114781,"SCHOOLHOUS POND DRAIN","03100208","70600000","DITCH","tbcmp_AM_LA_IntHigh_2050","AM","LA","IntHigh","2050",113.452010946244
"03100208_70900000_THE_WILLOWS",1100,33708,"THE WILLOWS","03100208","70900000","SLOUGH","tbcmp_AM_LA_IntHigh_2050","AM","LA","IntHigh","2050",33.317712730992
"03100208_70900000_THE_WILLOWS",1900,9504,"THE WILLOWS","03100208","70900000","SLOUGH","tbcmp_AM_LA_IntHigh_2050","AM","LA","IntHigh","2050",9.393958164096
"03100208_70900000_THE_WILLOWS",2100,318078,"THE WILLOWS","03100208","70900000","SLOUGH","tbcmp_AM_LA_IntHigh_2050","AM","LA","IntHigh","2050",314.395141510872
"03100208_70900000_THE_WILLOWS",3200,6838,"THE WILLOWS","03100208","70900000","SLOUGH","tbcmp_AM_LA_IntHigh_2050","AM","LA","IntHigh","2050",6.758826381112
"03100208_70900000_THE_WILLOWS",4100,115681,"THE WILLOWS","03100208","70900000","SLOUGH","tbcmp_AM_LA_IntHigh_2050","AM","LA","IntHigh","2050",114.341590317844
"03100208_70900000_THE_WILLOWS",5200,962,"THE WILLOWS","03100208","70900000","SLOUGH","tbcmp_AM_LA_IntHigh_2050","AM","LA","IntHigh","2050",0.950861506088
"03100208_70900000_THE_WILLOWS",6110,719592,"THE WILLOWS","03100208","70900000","SLOUGH","tbcmp_AM_LA_IntHigh_2050","AM","LA","IntHigh","2050",711.260221298208
"03100208_70900000_THE_WILLOWS",6410,335432,"THE WILLOWS","03100208","70900000","SLOUGH","tbcmp_AM_LA_IntHigh_2050","AM","LA","IntHigh","2050",331.548208638368
"03100208_70903000_BAPTIZING_HOLE",1100,28203,"BAPTIZING HOLE","03100208","70903000","OUTLET","tbcmp_AM_LA_IntHigh_2050","AM","LA","IntHigh","2050",27.876452241372
"03100208_70903000_BAPTIZING_HOLE",2100,71985,"BAPTIZING HOLE","03100208","70903000","OUTLET","tbcmp_AM_LA_IntHigh_2050","AM","LA","IntHigh","2050",71.15152340514
"03100208_70903000_BAPTIZING_HOLE",4100,54847,"BAPTIZING HOLE","03100208","70903000","OUTLET","tbcmp_AM_LA_IntHigh_2050","AM","LA","IntHigh","2050",54.211955326828
"03100208_70903000_BAPTIZING_HOLE",5200,486,"BAPTIZING HOLE","03100208","70903000","OUTLET","tbcmp_AM_LA_IntHigh_2050","AM","LA","IntHigh","2050",0.480372860664
"03100208_70903000_BAPTIZING_HOLE",6110,6455,"BAPTIZING HOLE","03100208","70903000","OUTLET","tbcmp_AM_LA_IntHigh_2050","AM","LA","IntHigh","2050",6.38026093742
"03100208_70903000_BAPTIZING_HOLE",6410,37945,"BAPTIZING HOLE","03100208","70903000","OUTLET","tbcmp_AM_LA_IntHigh_2050","AM","LA","IntHigh","2050",37.50565472818
"03100208_70905000_GRANT_SLOUGH",1100,418629,"GRANT SLOUGH","03100208","70905000","SLOUGH","tbcmp_AM_LA_IntHigh_2050","AM","LA","IntHigh","2050",413.781914170596
"03100208_70905000_GRANT_SLOUGH",1200,113317,"GRANT SLOUGH","03100208","70905000","SLOUGH","tbcmp_AM_LA_IntHigh_2050","AM","LA","IntHigh","2050",112.004961835108
"03100208_70905000_GRANT_SLOUGH",1800,22686,"GRANT SLOUGH","03100208","70905000","SLOUGH","tbcmp_AM_LA_IntHigh_2050","AM","LA","IntHigh","2050",22.423330693464
"03100208_70905000_GRANT_SLOUGH",1900,52884,"GRANT SLOUGH","03100208","70905000","SLOUGH","tbcmp_AM_LA_IntHigh_2050","AM","LA","IntHigh","2050",52.271683875216
"03100208_70905000_GRANT_SLOUGH",2100,1398241,"GRANT SLOUGH","03100208","70905000","SLOUGH","tbcmp_AM_LA_IntHigh_2050","AM","LA","IntHigh","2050",1382.05150013928
"03100208_70905000_GRANT_SLOUGH",3200,215528,"GRANT SLOUGH","03100208","70905000","SLOUGH","tbcmp_AM_LA_IntHigh_2050","AM","LA","IntHigh","2050",213.032514224672
"03100208_70905000_GRANT_SLOUGH",4100,469234,"GRANT SLOUGH","03100208","70905000","SLOUGH","tbcmp_AM_LA_IntHigh_2050","AM","LA","IntHigh","2050",463.800985392616
"03100208_70905000_GRANT_SLOUGH",5200,5413,"GRANT SLOUGH","03100208","70905000","SLOUGH","tbcmp_AM_LA_IntHigh_2050","AM","LA","IntHigh","2050",5.350325709412
"03100208_70905000_GRANT_SLOUGH",6110,282091,"GRANT SLOUGH","03100208","70905000","SLOUGH","tbcmp_AM_LA_IntHigh_2050","AM","LA","IntHigh","2050",278.824816126684
"03100208_70905000_GRANT_SLOUGH",6410,328383,"GRANT SLOUGH","03100208","70905000","SLOUGH","tbcmp_AM_LA_IntHigh_2050","AM","LA","IntHigh","2050",324.580825315692
"03100208_70990000_JUMPER_CREEK_CANAL",1100,1952532,"JUMPER CREEK CANAL","03100208","70990000","CANAL","tbcmp_AM_LA_IntHigh_2050","AM","LA","IntHigh","2050",1929.92465509877
"03100208_70990000_JUMPER_CREEK_CANAL",1200,1394544,"JUMPER CREEK CANAL","03100208","70990000","CANAL","tbcmp_AM_LA_IntHigh_2050","AM","LA","IntHigh","2050",1378.39730576506
"03100208_70990000_JUMPER_CREEK_CANAL",1800,30420,"JUMPER CREEK CANAL","03100208","70990000","CANAL","tbcmp_AM_LA_IntHigh_2050","AM","LA","IntHigh","2050",30.06778276008
"03100208_70990000_JUMPER_CREEK_CANAL",1900,1349568,"JUMPER CREEK CANAL","03100208","70990000","CANAL","tbcmp_AM_LA_IntHigh_2050","AM","LA","IntHigh","2050",1333.94205930163
"03100208_70990000_JUMPER_CREEK_CANAL",2100,9937950,"JUMPER CREEK CANAL","03100208","70990000","CANAL","tbcmp_AM_LA_IntHigh_2050","AM","LA","IntHigh","2050",9822.8836844358
"03100208_70990000_JUMPER_CREEK_CANAL",2400,355381,"JUMPER CREEK CANAL","03100208","70990000","CANAL","tbcmp_AM_LA_IntHigh_2050","AM","LA","IntHigh","2050",351.266229620644
"03100208_70990000_JUMPER_CREEK_CANAL",3200,130100,"JUMPER CREEK CANAL","03100208","70990000","CANAL","tbcmp_AM_LA_IntHigh_2050","AM","LA","IntHigh","2050",128.5936402724
"03100208_70990000_JUMPER_CREEK_CANAL",4100,3442891,"JUMPER CREEK CANAL","03100208","70990000","CANAL","tbcmp_AM_LA_IntHigh_2050","AM","LA","IntHigh","2050",3403.02756918588
"03100208_70990000_JUMPER_CREEK_CANAL",4400,108837,"JUMPER CREEK CANAL","03100208","70990000","CANAL","tbcmp_AM_LA_IntHigh_2050","AM","LA","IntHigh","2050",107.576833407588
"03100208_70990000_JUMPER_CREEK_CANAL",5200,89438,"JUMPER CREEK CANAL","03100208","70990000","CANAL","tbcmp_AM_LA_IntHigh_2050","AM","LA","IntHigh","2050",88.402444263512
"03100208_70990000_JUMPER_CREEK_CANAL",6110,5844176,"JUMPER CREEK CANAL","03100208","70990000","CANAL","tbcmp_AM_LA_IntHigh_2050","AM","LA","IntHigh","2050",5776.50934844422
"03100208_70990000_JUMPER_CREEK_CANAL",6410,3178159,"JUMPER CREEK CANAL","03100208","70990000","CANAL","tbcmp_AM_LA_IntHigh_2050","AM","LA","IntHigh","2050",3141.36076229432
"03100208_72000000_OTTER_SLOUGH",3200,17663,"OTTER SLOUGH","03100208","72000000","DRAIN","tbcmp_AM_LA_IntHigh_2050","AM","LA","IntHigh","2050",17.458489378412
"03100208_72000000_OTTER_SLOUGH",4100,90101,"OTTER SLOUGH","03100208","72000000","DRAIN","tbcmp_AM_LA_IntHigh_2050","AM","LA","IntHigh","2050",89.057767733924
"03100208_72000000_OTTER_SLOUGH",5200,4254,"OTTER SLOUGH","03100208","72000000","DRAIN","tbcmp_AM_LA_IntHigh_2050","AM","LA","IntHigh","2050",4.204745163096
"03100208_72000000_OTTER_SLOUGH",6110,1821272,"OTTER SLOUGH","03100208","72000000","DRAIN","tbcmp_AM_LA_IntHigh_2050","AM","LA","IntHigh","2050",1800.18444585853
"03100208_72000000_OTTER_SLOUGH",6410,693945,"OTTER SLOUGH","03100208","72000000","DRAIN","tbcmp_AM_LA_IntHigh_2050","AM","LA","IntHigh","2050",685.91017447218
"03100208_73200000_BIG_JONES_CREEK",1100,4278247,"BIG JONES CREEK","03100208","73200000","NONCON","tbcmp_AM_LA_IntHigh_2050","AM","LA","IntHigh","2050",4228.71141978843
"03100208_73200000_BIG_JONES_CREEK",1200,2892019,"BIG JONES CREEK","03100208","73200000","NONCON","tbcmp_AM_LA_IntHigh_2050","AM","LA","IntHigh","2050",2858.53382741696
"03100208_73200000_BIG_JONES_CREEK",1800,30256,"BIG JONES CREEK","03100208","73200000","NONCON","tbcmp_AM_LA_IntHigh_2050","AM","LA","IntHigh","2050",29.905681630144
"03100208_73200000_BIG_JONES_CREEK",1820,146107,"BIG JONES CREEK","03100208","73200000","NONCON","tbcmp_AM_LA_IntHigh_2050","AM","LA","IntHigh","2050",144.415303607068
"03100208_73200000_BIG_JONES_CREEK",1900,830977,"BIG JONES CREEK","03100208","73200000","NONCON","tbcmp_AM_LA_IntHigh_2050","AM","LA","IntHigh","2050",821.355552748948
"03100208_73200000_BIG_JONES_CREEK",2100,12483121,"BIG JONES CREEK","03100208","73200000","NONCON","tbcmp_AM_LA_IntHigh_2050","AM","LA","IntHigh","2050",12338.5854830964
"03100208_73200000_BIG_JONES_CREEK",2200,2276,"BIG JONES CREEK","03100208","73200000","NONCON","tbcmp_AM_LA_IntHigh_2050","AM","LA","IntHigh","2050",2.249647388624
"03100208_73200000_BIG_JONES_CREEK",2400,272564,"BIG JONES CREEK","03100208","73200000","NONCON","tbcmp_AM_LA_IntHigh_2050","AM","LA","IntHigh","2050",269.408124267536
"03100208_73200000_BIG_JONES_CREEK",3200,577091,"BIG JONES CREEK","03100208","73200000","NONCON","tbcmp_AM_LA_IntHigh_2050","AM","LA","IntHigh","2050",570.409165706684
"03100208_73200000_BIG_JONES_CREEK",4100,5324485,"BIG JONES CREEK","03100208","73200000","NONCON","tbcmp_AM_LA_IntHigh_2050","AM","LA","IntHigh","2050",5262.83557821514
"03100208_73200000_BIG_JONES_CREEK",4400,632217,"BIG JONES CREEK","03100208","73200000","NONCON","tbcmp_AM_LA_IntHigh_2050","AM","LA","IntHigh","2050",624.896890638708
"03100208_73200000_BIG_JONES_CREEK",5200,153917,"BIG JONES CREEK","03100208","73200000","NONCON","tbcmp_AM_LA_IntHigh_2050","AM","LA","IntHigh","2050",152.134875709508
"03100208_73200000_BIG_JONES_CREEK",5400,22653563,"BIG JONES CREEK","03100208","73200000","NONCON","tbcmp_AM_LA_IntHigh_2050","AM","LA","IntHigh","2050",22391.26926449
"03100208_73200000_BIG_JONES_CREEK",6110,685639,"BIG JONES CREEK","03100208","73200000","NONCON","tbcmp_AM_LA_IntHigh_2050","AM","LA","IntHigh","2050",677.700345293836
"03100208_73200000_BIG_JONES_CREEK",6410,555441,"BIG JONES CREEK","03100208","73200000","NONCON","tbcmp_AM_LA_IntHigh_2050","AM","LA","IntHigh","2050",549.009839712084
"03100208_73304000_LAKE_OKAHUMPKA_OUTLET",1100,74441,"LAKE OKAHUMPKA OUTLET","03100208","73304000","OUTLET","tbcmp_AM_LA_IntHigh_2050","AM","LA","IntHigh","2050",73.579086668084
"03100208_73304000_LAKE_OKAHUMPKA_OUTLET",1200,49658,"LAKE OKAHUMPKA OUTLET","03100208","73304000","OUTLET","tbcmp_AM_LA_IntHigh_2050","AM","LA","IntHigh","2050",49.083036038792
"03100208_73304000_LAKE_OKAHUMPKA_OUTLET",1800,3302,"LAKE OKAHUMPKA OUTLET","03100208","73304000","OUTLET","tbcmp_AM_LA_IntHigh_2050","AM","LA","IntHigh","2050",3.263767872248
"03100208_73304000_LAKE_OKAHUMPKA_OUTLET",1900,24316,"LAKE OKAHUMPKA OUTLET","03100208","73304000","OUTLET","tbcmp_AM_LA_IntHigh_2050","AM","LA","IntHigh","2050",24.034457777584
"03100208_73304000_LAKE_OKAHUMPKA_OUTLET",5200,9238,"LAKE OKAHUMPKA OUTLET","03100208","73304000","OUTLET","tbcmp_AM_LA_IntHigh_2050","AM","LA","IntHigh","2050",9.131038038712
"03100208_73304000_LAKE_OKAHUMPKA_OUTLET",6410,588,"LAKE OKAHUMPKA OUTLET","03100208","73304000","OUTLET","tbcmp_AM_LA_IntHigh_2050","AM","LA","IntHigh","2050",0.581191856112
"03100208_73305000_LAKE_MIONA_OUTLET",1100,750039,"LAKE MIONA OUTLET","03100208","73305000","OUTLET","tbcmp_AM_LA_IntHigh_2050","AM","LA","IntHigh","2050",741.354691439436
"03100208_73305000_LAKE_MIONA_OUTLET",1200,988036,"LAKE MIONA OUTLET","03100208","73305000","OUTLET","tbcmp_AM_LA_IntHigh_2050","AM","LA","IntHigh","2050",976.596048886864
"03100208_73305000_LAKE_MIONA_OUTLET",1800,23501,"LAKE MIONA OUTLET","03100208","73305000","OUTLET","tbcmp_AM_LA_IntHigh_2050","AM","LA","IntHigh","2050",23.228894235524
"03100208_73305000_LAKE_MIONA_OUTLET",1820,20729,"LAKE MIONA OUTLET","03100208","73305000","OUTLET","tbcmp_AM_LA_IntHigh_2050","AM","LA","IntHigh","2050",20.488989770996
"03100208_73305000_LAKE_MIONA_OUTLET",1900,280275,"LAKE MIONA OUTLET","03100208","73305000","OUTLET","tbcmp_AM_LA_IntHigh_2050","AM","LA","IntHigh","2050",277.0298426391
"03100208_73305000_LAKE_MIONA_OUTLET",2100,1188790,"LAKE MIONA OUTLET","03100208","73305000","OUTLET","tbcmp_AM_LA_IntHigh_2050","AM","LA","IntHigh","2050",1175.02562351596
"03100208_73305000_LAKE_MIONA_OUTLET",2400,13223,"LAKE MIONA OUTLET","03100208","73305000","OUTLET","tbcmp_AM_LA_IntHigh_2050","AM","LA","IntHigh","2050",13.069897811852
"03100208_73305000_LAKE_MIONA_OUTLET",3200,18339,"LAKE MIONA OUTLET","03100208","73305000","OUTLET","tbcmp_AM_LA_IntHigh_2050","AM","LA","IntHigh","2050",18.126662328636
"03100208_73305000_LAKE_MIONA_OUTLET",4100,86073,"LAKE MIONA OUTLET","03100208","73305000","OUTLET","tbcmp_AM_LA_IntHigh_2050","AM","LA","IntHigh","2050",85.076405835252
"03100208_73305000_LAKE_MIONA_OUTLET",4400,95118,"LAKE MIONA OUTLET","03100208","73305000","OUTLET","tbcmp_AM_LA_IntHigh_2050","AM","LA","IntHigh","2050",94.016678519832
"03100208_73305000_LAKE_MIONA_OUTLET",5200,30562,"LAKE MIONA OUTLET","03100208","73305000","OUTLET","tbcmp_AM_LA_IntHigh_2050","AM","LA","IntHigh","2050",30.208138616488
"03100208_73305000_LAKE_MIONA_OUTLET",6410,47556,"LAKE MIONA OUTLET","03100208","73305000","OUTLET","tbcmp_AM_LA_IntHigh_2050","AM","LA","IntHigh","2050",47.005373995344
"03100208_73309000_LITTLE_JONES_SPRING",1100,270731,"LITTLE JONES SPRING","03100208","73309000","STREAM","tbcmp_AM_LA_IntHigh_2050","AM","LA","IntHigh","2050",267.596347614044
"03100208_73309000_LITTLE_JONES_SPRING",1200,237142,"LITTLE JONES SPRING","03100208","73309000","STREAM","tbcmp_AM_LA_IntHigh_2050","AM","LA","IntHigh","2050",234.396257044408
"03100208_73309000_LITTLE_JONES_SPRING",1900,77954,"LITTLE JONES SPRING","03100208","73309000","STREAM","tbcmp_AM_LA_IntHigh_2050","AM","LA","IntHigh","2050",77.051411481896
"03100208_73309000_LITTLE_JONES_SPRING",2100,690298,"LITTLE JONES SPRING","03100208","73309000","STREAM","tbcmp_AM_LA_IntHigh_2050","AM","LA","IntHigh","2050",682.305401174152
"03100208_73309000_LITTLE_JONES_SPRING",3200,32822,"LITTLE JONES SPRING","03100208","73309000","STREAM","tbcmp_AM_LA_IntHigh_2050","AM","LA","IntHigh","2050",32.441971260728
"03100208_73309000_LITTLE_JONES_SPRING",4100,173505,"LITTLE JONES SPRING","03100208","73309000","STREAM","tbcmp_AM_LA_IntHigh_2050","AM","LA","IntHigh","2050",171.49607652162
"03100208_73309000_LITTLE_JONES_SPRING",5200,8719,"LITTLE JONES SPRING","03100208","73309000","STREAM","tbcmp_AM_LA_IntHigh_2050","AM","LA","IntHigh","2050",8.618047267756
"03100208_73309000_LITTLE_JONES_SPRING",6110,448388,"LITTLE JONES SPRING","03100208","73309000","STREAM","tbcmp_AM_LA_IntHigh_2050","AM","LA","IntHigh","2050",443.196350303312
"03100208_73309000_LITTLE_JONES_SPRING",6410,58569,"LITTLE JONES SPRING","03100208","73309000","STREAM","tbcmp_AM_LA_IntHigh_2050","AM","LA","IntHigh","2050",57.890860239156
"03100208_73309900_LITTLE_JONES_CREEK",1100,2699756,"LITTLE JONES CREEK","03100208","73309900","SLOUGH","tbcmp_AM_LA_IntHigh_2050","AM","LA","IntHigh","2050",2668.49693994814
"03100208_73309900_LITTLE_JONES_CREEK",1200,3169132,"LITTLE JONES CREEK","03100208","73309900","SLOUGH","tbcmp_AM_LA_IntHigh_2050","AM","LA","IntHigh","2050",3132.43828119717
"03100208_73309900_LITTLE_JONES_CREEK",1800,128511,"LITTLE JONES CREEK","03100208","73309900","SLOUGH","tbcmp_AM_LA_IntHigh_2050","AM","LA","IntHigh","2050",127.023038470764
"03100208_73309900_LITTLE_JONES_CREEK",1900,826609,"LITTLE JONES CREEK","03100208","73309900","SLOUGH","tbcmp_AM_LA_IntHigh_2050","AM","LA","IntHigh","2050",817.038127532116
"03100208_73309900_LITTLE_JONES_CREEK",2100,6917276,"LITTLE JONES CREEK","03100208","73309900","SLOUGH","tbcmp_AM_LA_IntHigh_2050","AM","LA","IntHigh","2050",6837.18448584862
"03100208_73309900_LITTLE_JONES_CREEK",2200,17835,"LITTLE JONES CREEK","03100208","73309900","SLOUGH","tbcmp_AM_LA_IntHigh_2050","AM","LA","IntHigh","2050",17.62849788054
"03100208_73309900_LITTLE_JONES_CREEK",2400,58878,"LITTLE JONES CREEK","03100208","73309900","SLOUGH","tbcmp_AM_LA_IntHigh_2050","AM","LA","IntHigh","2050",58.196282490072
"03100208_73309900_LITTLE_JONES_CREEK",3200,352254,"LITTLE JONES CREEK","03100208","73309900","SLOUGH","tbcmp_AM_LA_IntHigh_2050","AM","LA","IntHigh","2050",348.175435515096
"03100208_73309900_LITTLE_JONES_CREEK",4100,3106903,"LITTLE JONES CREEK","03100208","73309900","SLOUGH","tbcmp_AM_LA_IntHigh_2050","AM","LA","IntHigh","2050",3070.92979818017
"03100208_73309900_LITTLE_JONES_CREEK",4400,247833,"LITTLE JONES CREEK","03100208","73309900","SLOUGH","tbcmp_AM_LA_IntHigh_2050","AM","LA","IntHigh","2050",244.963471557492
"03100208_73309900_LITTLE_JONES_CREEK",5200,195189,"LITTLE JONES CREEK","03100208","73309900","SLOUGH","tbcmp_AM_LA_IntHigh_2050","AM","LA","IntHigh","2050",192.929008848036
"03100208_73309900_LITTLE_JONES_CREEK",6110,3596360,"LITTLE JONES CREEK","03100208","73309900","SLOUGH","tbcmp_AM_LA_IntHigh_2050","AM","LA","IntHigh","2050",3554.71963205264
"03100208_73309900_LITTLE_JONES_CREEK",6410,1369981,"LITTLE JONES CREEK","03100208","73309900","SLOUGH","tbcmp_AM_LA_IntHigh_2050","AM","LA","IntHigh","2050",1354.11870787104
"03100208_73700000_SHADY_BROOK",1100,443859,"SHADY BROOK","03100208","73700000","STREAM","tbcmp_AM_LA_IntHigh_2050","AM","LA","IntHigh","2050",438.719789221116
"03100208_73700000_SHADY_BROOK",1200,1431705,"SHADY BROOK","03100208","73700000","STREAM","tbcmp_AM_LA_IntHigh_2050","AM","LA","IntHigh","2050",1415.12803801842
"03100208_73700000_SHADY_BROOK",1800,109188,"SHADY BROOK","03100208","73700000","STREAM","tbcmp_AM_LA_IntHigh_2050","AM","LA","IntHigh","2050",107.923769362512
"03100208_73700000_SHADY_BROOK",1820,9340,"SHADY BROOK","03100208","73700000","STREAM","tbcmp_AM_LA_IntHigh_2050","AM","LA","IntHigh","2050",9.23185703416
"03100208_73700000_SHADY_BROOK",1900,433094,"SHADY BROOK","03100208","73700000","STREAM","tbcmp_AM_LA_IntHigh_2050","AM","LA","IntHigh","2050",428.079431515256
"03100208_73700000_SHADY_BROOK",2100,1583083,"SHADY BROOK","03100208","73700000","STREAM","tbcmp_AM_LA_IntHigh_2050","AM","LA","IntHigh","2050",1564.75331147849
"03100208_73700000_SHADY_BROOK",2200,29103,"SHADY BROOK","03100208","73700000","STREAM","tbcmp_AM_LA_IntHigh_2050","AM","LA","IntHigh","2050",28.766031612972
"03100208_73700000_SHADY_BROOK",2400,5450,"SHADY BROOK","03100208","73700000","STREAM","tbcmp_AM_LA_IntHigh_2050","AM","LA","IntHigh","2050",5.3868973058
"03100208_73700000_SHADY_BROOK",3200,5843,"SHADY BROOK","03100208","73700000","STREAM","tbcmp_AM_LA_IntHigh_2050","AM","LA","IntHigh","2050",5.775346964732
"03100208_73700000_SHADY_BROOK",4100,727901,"SHADY BROOK","03100208","73700000","STREAM","tbcmp_AM_LA_IntHigh_2050","AM","LA","IntHigh","2050",719.473015741124
"03100208_73700000_SHADY_BROOK",5200,38045,"SHADY BROOK","03100208","73700000","STREAM","tbcmp_AM_LA_IntHigh_2050","AM","LA","IntHigh","2050",37.60449688058
"03100208_73700000_SHADY_BROOK",6110,962508,"SHADY BROOK","03100208","73700000","STREAM","tbcmp_AM_LA_IntHigh_2050","AM","LA","IntHigh","2050",951.363624222192
"03100208_73700000_SHADY_BROOK",6410,165587,"SHADY BROOK","03100208","73700000","STREAM","tbcmp_AM_LA_IntHigh_2050","AM","LA","IntHigh","2050",163.669754894588
"03100208_73800000_WALLED_SINK",1100,997017,"WALLED SINK","03100208","73800000","DITCH","tbcmp_AM_LA_IntHigh_2050","AM","LA","IntHigh","2050",985.473062593908
"03100208_73800000_WALLED_SINK",1200,646192,"WALLED SINK","03100208","73800000","DITCH","tbcmp_AM_LA_IntHigh_2050","AM","LA","IntHigh","2050",638.710081436608
"03100208_73800000_WALLED_SINK",1800,2304,"WALLED SINK","03100208","73800000","DITCH","tbcmp_AM_LA_IntHigh_2050","AM","LA","IntHigh","2050",2.277323191296
"03100208_73800000_WALLED_SINK",1820,95515,"WALLED SINK","03100208","73800000","DITCH","tbcmp_AM_LA_IntHigh_2050","AM","LA","IntHigh","2050",94.40908186486
"03100208_73800000_WALLED_SINK",1900,647293,"WALLED SINK","03100208","73800000","DITCH","tbcmp_AM_LA_IntHigh_2050","AM","LA","IntHigh","2050",639.798333534532
"03100208_73800000_WALLED_SINK",2100,2057654,"WALLED SINK","03100208","73800000","DITCH","tbcmp_AM_LA_IntHigh_2050","AM","LA","IntHigh","2050",2033.8295025447
"03100208_73800000_WALLED_SINK",2400,14344,"WALLED SINK","03100208","73800000","DITCH","tbcmp_AM_LA_IntHigh_2050","AM","LA","IntHigh","2050",14.177918340256
"03100208_73800000_WALLED_SINK",3200,7520,"WALLED SINK","03100208","73800000","DITCH","tbcmp_AM_LA_IntHigh_2050","AM","LA","IntHigh","2050",7.43292986048
"03100208_73800000_WALLED_SINK",4100,802868,"WALLED SINK","03100208","73800000","DITCH","tbcmp_AM_LA_IntHigh_2050","AM","LA","IntHigh","2050",793.572012130832
"03100208_73800000_WALLED_SINK",4400,21675,"WALLED SINK","03100208","73800000","DITCH","tbcmp_AM_LA_IntHigh_2050","AM","LA","IntHigh","2050",21.4240365327
"03100208_73800000_WALLED_SINK",5200,106556,"WALLED SINK","03100208","73800000","DITCH","tbcmp_AM_LA_IntHigh_2050","AM","LA","IntHigh","2050",105.322243911344
"03100208_73800000_WALLED_SINK",6110,8655,"WALLED SINK","03100208","73800000","DITCH","tbcmp_AM_LA_IntHigh_2050","AM","LA","IntHigh","2050",8.55478829022
"03100208_73800000_WALLED_SINK",6410,257489,"WALLED SINK","03100208","73800000","DITCH","tbcmp_AM_LA_IntHigh_2050","AM","LA","IntHigh","2050",254.507669793236
"03100208_73990000_OUTLET_RIVER",1100,367651,"OUTLET RIVER","03100208","73990000","STREAM","tbcmp_AM_LA_IntHigh_2050","AM","LA","IntHigh","2050",363.394161720124
"03100208_73990000_OUTLET_RIVER",1200,1655855,"OUTLET RIVER","03100208","73990000","STREAM","tbcmp_AM_LA_IntHigh_2050","AM","LA","IntHigh","2050",1636.68272262302
"03100208_73990000_OUTLET_RIVER",1800,6,"OUTLET RIVER","03100208","73990000","STREAM","tbcmp_AM_LA_IntHigh_2050","AM","LA","IntHigh","2050",0.005930529144
"03100208_73990000_OUTLET_RIVER",1820,17291,"OUTLET RIVER","03100208","73990000","STREAM","tbcmp_AM_LA_IntHigh_2050","AM","LA","IntHigh","2050",17.090796571484
"03100208_73990000_OUTLET_RIVER",1900,361592,"OUTLET RIVER","03100208","73990000","STREAM","tbcmp_AM_LA_IntHigh_2050","AM","LA","IntHigh","2050",357.405315706208
"03100208_73990000_OUTLET_RIVER",2100,2289841,"OUTLET RIVER","03100208","73990000","STREAM","tbcmp_AM_LA_IntHigh_2050","AM","LA","IntHigh","2050",2263.32813093768
"03100208_73990000_OUTLET_RIVER",3200,359656,"OUTLET RIVER","03100208","73990000","STREAM","tbcmp_AM_LA_IntHigh_2050","AM","LA","IntHigh","2050",355.491731635744
"03100208_73990000_OUTLET_RIVER",4100,1513372,"OUTLET RIVER","03100208","73990000","STREAM","tbcmp_AM_LA_IntHigh_2050","AM","LA","IntHigh","2050",1495.84945861893
"03100208_73990000_OUTLET_RIVER",4400,103870,"OUTLET RIVER","03100208","73990000","STREAM","tbcmp_AM_LA_IntHigh_2050","AM","LA","IntHigh","2050",102.66734369788
"03100208_73990000_OUTLET_RIVER",5200,3390042,"OUTLET RIVER","03100208","73990000","STREAM","tbcmp_AM_LA_IntHigh_2050","AM","LA","IntHigh","2050",3350.79048006401
"03100208_73990000_OUTLET_RIVER",6110,3887647,"OUTLET RIVER","03100208","73990000","STREAM","tbcmp_AM_LA_IntHigh_2050","AM","LA","IntHigh","2050",3842.63397251403
"03100208_73990000_OUTLET_RIVER",6410,1581090,"OUTLET RIVER","03100208","73990000","STREAM","tbcmp_AM_LA_IntHigh_2050","AM","LA","IntHigh","2050",1562.78338738116
"03100208_77000000_SHINN_DITCH",1100,17136,"SHINN DITCH","03100208","77000000","CANAL","tbcmp_AM_LA_IntHigh_2050","AM","LA","IntHigh","2050",16.937591235264
"03100208_77000000_SHINN_DITCH",1900,42643,"SHINN DITCH","03100208","77000000","CANAL","tbcmp_AM_LA_IntHigh_2050","AM","LA","IntHigh","2050",42.149259047932
"03100208_77000000_SHINN_DITCH",2100,10386,"SHINN DITCH","03100208","77000000","CANAL","tbcmp_AM_LA_IntHigh_2050","AM","LA","IntHigh","2050",10.265745948264
"03100208_77000000_SHINN_DITCH",3200,99944,"SHINN DITCH","03100208","77000000","CANAL","tbcmp_AM_LA_IntHigh_2050","AM","LA","IntHigh","2050",98.786800794656
"03100208_77000000_SHINN_DITCH",4100,1302208,"SHINN DITCH","03100208","77000000","CANAL","tbcmp_AM_LA_IntHigh_2050","AM","LA","IntHigh","2050",1287.13041592499
"03100208_77000000_SHINN_DITCH",5200,30,"SHINN DITCH","03100208","77000000","CANAL","tbcmp_AM_LA_IntHigh_2050","AM","LA","IntHigh","2050",0.02965264572
"03100208_77000000_SHINN_DITCH",6110,873633,"SHINN DITCH","03100208","77000000","CANAL","tbcmp_AM_LA_IntHigh_2050","AM","LA","IntHigh","2050",863.517661276692
"03100208_77000000_SHINN_DITCH",6410,1142094,"SHINN DITCH","03100208","77000000","CANAL","tbcmp_AM_LA_IntHigh_2050","AM","LA","IntHigh","2050",1128.87029203126
"03100208_81000000_UNNAMED_SLOUGH",1100,74567,"UNNAMED SLOUGH","03100208","81000000","SLOUGH","tbcmp_AM_LA_IntHigh_2050","AM","LA","IntHigh","2050",73.703627780108
"03100208_81000000_UNNAMED_SLOUGH",1200,111468,"UNNAMED SLOUGH","03100208","81000000","SLOUGH","tbcmp_AM_LA_IntHigh_2050","AM","LA","IntHigh","2050",110.177370437232
"03100208_81000000_UNNAMED_SLOUGH",1900,976486,"UNNAMED SLOUGH","03100208","81000000","SLOUGH","tbcmp_AM_LA_IntHigh_2050","AM","LA","IntHigh","2050",965.179780284664
"03100208_81000000_UNNAMED_SLOUGH",2100,2891543,"UNNAMED SLOUGH","03100208","81000000","SLOUGH","tbcmp_AM_LA_IntHigh_2050","AM","LA","IntHigh","2050",2858.06333877153
"03100208_81000000_UNNAMED_SLOUGH",3200,1038606,"UNNAMED SLOUGH","03100208","81000000","SLOUGH","tbcmp_AM_LA_IntHigh_2050","AM","LA","IntHigh","2050",1026.58052535554
"03100208_81000000_UNNAMED_SLOUGH",4100,2639124,"UNNAMED SLOUGH","03100208","81000000","SLOUGH","tbcmp_AM_LA_IntHigh_2050","AM","LA","IntHigh","2050",2608.56696610498
"03100208_81000000_UNNAMED_SLOUGH",4400,1557255,"UNNAMED SLOUGH","03100208","81000000","SLOUGH","tbcmp_AM_LA_IntHigh_2050","AM","LA","IntHigh","2050",1539.22436035662
"03100208_81000000_UNNAMED_SLOUGH",5200,857,"UNNAMED SLOUGH","03100208","81000000","SLOUGH","tbcmp_AM_LA_IntHigh_2050","AM","LA","IntHigh","2050",0.847077246068
"03100208_81000000_UNNAMED_SLOUGH",6110,1486638,"UNNAMED SLOUGH","03100208","81000000","SLOUGH","tbcmp_AM_LA_IntHigh_2050","AM","LA","IntHigh","2050",1469.42499759631
"03100208_81000000_UNNAMED_SLOUGH",6410,1514825,"UNNAMED SLOUGH","03100208","81000000","SLOUGH","tbcmp_AM_LA_IntHigh_2050","AM","LA","IntHigh","2050",1497.2856350933
"03100208_83000000_GUM_SLOUGH",1100,2978960,"GUM SLOUGH","03100208","83000000","SLOUGH","tbcmp_AM_LA_IntHigh_2050","AM","LA","IntHigh","2050",2944.46818313504
"03100208_83000000_GUM_SLOUGH",1200,6342529,"GUM SLOUGH","03100208","83000000","SLOUGH","tbcmp_AM_LA_IntHigh_2050","AM","LA","IntHigh","2050",6269.09218019419
"03100208_83000000_GUM_SLOUGH",1800,22809,"GUM SLOUGH","03100208","83000000","SLOUGH","tbcmp_AM_LA_IntHigh_2050","AM","LA","IntHigh","2050",22.544906540916
"03100208_83000000_GUM_SLOUGH",1900,5763798,"GUM SLOUGH","03100208","83000000","SLOUGH","tbcmp_AM_LA_IntHigh_2050","AM","LA","IntHigh","2050",5697.06200318815
"03100208_83000000_GUM_SLOUGH",2100,704262,"GUM SLOUGH","03100208","83000000","SLOUGH","tbcmp_AM_LA_IntHigh_2050","AM","LA","IntHigh","2050",696.107719335288
"03100208_83000000_GUM_SLOUGH",2400,121164,"GUM SLOUGH","03100208","83000000","SLOUGH","tbcmp_AM_LA_IntHigh_2050","AM","LA","IntHigh","2050",119.761105533936
"03100208_83000000_GUM_SLOUGH",3200,1422087,"GUM SLOUGH","03100208","83000000","SLOUGH","tbcmp_AM_LA_IntHigh_2050","AM","LA","IntHigh","2050",1405.62139980059
"03100208_83000000_GUM_SLOUGH",4100,8082101,"GUM SLOUGH","03100208","83000000","SLOUGH","tbcmp_AM_LA_IntHigh_2050","AM","LA","IntHigh","2050",7988.52258754192
"03100208_83000000_GUM_SLOUGH",4400,842457,"GUM SLOUGH","03100208","83000000","SLOUGH","tbcmp_AM_LA_IntHigh_2050","AM","LA","IntHigh","2050",832.702631844468
"03100208_83000000_GUM_SLOUGH",5200,232353,"GUM SLOUGH","03100208","83000000","SLOUGH","tbcmp_AM_LA_IntHigh_2050","AM","LA","IntHigh","2050",229.662706365972
"03100208_83000000_GUM_SLOUGH",6110,4209653,"GUM SLOUGH","03100208","83000000","SLOUGH","tbcmp_AM_LA_IntHigh_2050","AM","LA","IntHigh","2050",4160.91163377117
"03100208_83000000_GUM_SLOUGH",6410,1748395,"GUM SLOUGH","03100208","83000000","SLOUGH","tbcmp_AM_LA_IntHigh_2050","AM","LA","IntHigh","2050",1728.15125045398
"03100208_83000000_GUM_SLOUGH",7100,33616,"GUM SLOUGH","03100208","83000000","SLOUGH","tbcmp_AM_LA_IntHigh_2050","AM","LA","IntHigh","2050",33.226777950784
"03100208_87105000_LESLIE-HEFNER_CANAL",1100,51395,"LESLIE-HEFNER CANAL","03100208","87105000","CANAL","tbcmp_AM_LA_IntHigh_2050","AM","LA","IntHigh","2050",50.79992422598
"03100208_87105000_LESLIE-HEFNER_CANAL",1200,349487,"LESLIE-HEFNER CANAL","03100208","87105000","CANAL","tbcmp_AM_LA_IntHigh_2050","AM","LA","IntHigh","2050",345.440473158188
"03100208_87105000_LESLIE-HEFNER_CANAL",1900,734,"LESLIE-HEFNER CANAL","03100208","87105000","CANAL","tbcmp_AM_LA_IntHigh_2050","AM","LA","IntHigh","2050",0.725501398616
"03100208_87105000_LESLIE-HEFNER_CANAL",2100,11532,"LESLIE-HEFNER CANAL","03100208","87105000","CANAL","tbcmp_AM_LA_IntHigh_2050","AM","LA","IntHigh","2050",11.398477014768
"03100208_87105000_LESLIE-HEFNER_CANAL",4100,573348,"LESLIE-HEFNER CANAL","03100208","87105000","CANAL","tbcmp_AM_LA_IntHigh_2050","AM","LA","IntHigh","2050",566.709503942352
"03100208_87105000_LESLIE-HEFNER_CANAL",5200,64062,"LESLIE-HEFNER CANAL","03100208","87105000","CANAL","tbcmp_AM_LA_IntHigh_2050","AM","LA","IntHigh","2050",63.320259670488
"03100208_87105000_LESLIE-HEFNER_CANAL",6110,278292,"LESLIE-HEFNER CANAL","03100208","87105000","CANAL","tbcmp_AM_LA_IntHigh_2050","AM","LA","IntHigh","2050",275.069802757008
"03100208_87105000_LESLIE-HEFNER_CANAL",6410,685147,"LESLIE-HEFNER CANAL","03100208","87105000","CANAL","tbcmp_AM_LA_IntHigh_2050","AM","LA","IntHigh","2050",677.214041904028
"03100208_87990000_TSALA_APOPKA_OUTLET",1100,22870803,"TSALA APOPKA OUTLET","03100208","87990000","CANAL","tbcmp_AM_LA_IntHigh_2050","AM","LA","IntHigh","2050",22605.9939563638
"03100208_87990000_TSALA_APOPKA_OUTLET",1200,16207604,"TSALA APOPKA OUTLET","03100208","87990000","CANAL","tbcmp_AM_LA_IntHigh_2050","AM","LA","IntHigh","2050",16019.9446460685
"03100208_87990000_TSALA_APOPKA_OUTLET",1800,367267,"TSALA APOPKA OUTLET","03100208","87990000","CANAL","tbcmp_AM_LA_IntHigh_2050","AM","LA","IntHigh","2050",363.014607854908
"03100208_87990000_TSALA_APOPKA_OUTLET",1820,860733,"TSALA APOPKA OUTLET","03100208","87990000","CANAL","tbcmp_AM_LA_IntHigh_2050","AM","LA","IntHigh","2050",850.767023617092
"03100208_87990000_TSALA_APOPKA_OUTLET",1900,6214674,"TSALA APOPKA OUTLET","03100208","87990000","CANAL","tbcmp_AM_LA_IntHigh_2050","AM","LA","IntHigh","2050",6142.71754624318
"03100208_87990000_TSALA_APOPKA_OUTLET",2100,13505403,"TSALA APOPKA OUTLET","03100208","87990000","CANAL","tbcmp_AM_LA_IntHigh_2050","AM","LA","IntHigh","2050",13349.0310154942
"03100208_87990000_TSALA_APOPKA_OUTLET",2200,22705,"TSALA APOPKA OUTLET","03100208","87990000","CANAL","tbcmp_AM_LA_IntHigh_2050","AM","LA","IntHigh","2050",22.44211070242
"03100208_87990000_TSALA_APOPKA_OUTLET",2400,98566,"TSALA APOPKA OUTLET","03100208","87990000","CANAL","tbcmp_AM_LA_IntHigh_2050","AM","LA","IntHigh","2050",97.424755934584
"03100208_87990000_TSALA_APOPKA_OUTLET",3200,904201,"TSALA APOPKA OUTLET","03100208","87990000","CANAL","tbcmp_AM_LA_IntHigh_2050","AM","LA","IntHigh","2050",893.731730422324
"03100208_87990000_TSALA_APOPKA_OUTLET",4100,31434965,"TSALA APOPKA OUTLET","03100208","87990000","CANAL","tbcmp_AM_LA_IntHigh_2050","AM","LA","IntHigh","2050",31070.9960121867
"03100208_87990000_TSALA_APOPKA_OUTLET",4400,3547530,"TSALA APOPKA OUTLET","03100208","87990000","CANAL","tbcmp_AM_LA_IntHigh_2050","AM","LA","IntHigh","2050",3506.45500903572
"03100208_87990000_TSALA_APOPKA_OUTLET",5200,4703418,"TSALA APOPKA OUTLET","03100208","87990000","CANAL","tbcmp_AM_LA_IntHigh_2050","AM","LA","IntHigh","2050",4648.95958756903
"03100208_87990000_TSALA_APOPKA_OUTLET",6110,4340665,"TSALA APOPKA OUTLET","03100208","87990000","CANAL","tbcmp_AM_LA_IntHigh_2050","AM","LA","IntHigh","2050",4290.40671447346
"03100208_87990000_TSALA_APOPKA_OUTLET",6410,16641899,"TSALA APOPKA OUTLET","03100208","87990000","CANAL","tbcmp_AM_LA_IntHigh_2050","AM","LA","IntHigh","2050",16449.2111718341
"03100208_87990000_TSALA_APOPKA_OUTLET",7100,3372,"TSALA APOPKA OUTLET","03100208","87990000","CANAL","tbcmp_AM_LA_IntHigh_2050","AM","LA","IntHigh","2050",3.332957378928
"03100208_91000000_TURNER_CREEK",1100,10863,"TURNER CREEK","03100208","91000000","STREAM","tbcmp_AM_LA_IntHigh_2050","AM","LA","IntHigh","2050",10.737223015212
"03100208_91000000_TURNER_CREEK",1900,5019,"TURNER CREEK","03100208","91000000","STREAM","tbcmp_AM_LA_IntHigh_2050","AM","LA","IntHigh","2050",4.960887628956
"03100208_91000000_TURNER_CREEK",4100,40727,"TURNER CREEK","03100208","91000000","STREAM","tbcmp_AM_LA_IntHigh_2050","AM","LA","IntHigh","2050",40.255443407948
"03100208_91000000_TURNER_CREEK",4400,6288,"TURNER CREEK","03100208","91000000","STREAM","tbcmp_AM_LA_IntHigh_2050","AM","LA","IntHigh","2050",6.215194542912
"03100208_91000000_TURNER_CREEK",5200,430,"TURNER CREEK","03100208","91000000","STREAM","tbcmp_AM_LA_IntHigh_2050","AM","LA","IntHigh","2050",0.42502125532
"03100208_91000000_TURNER_CREEK",6110,14284,"TURNER CREEK","03100208","91000000","STREAM","tbcmp_AM_LA_IntHigh_2050","AM","LA","IntHigh","2050",14.118613048816
"03100208_91000000_TURNER_CREEK",6410,260,"TURNER CREEK","03100208","91000000","STREAM","tbcmp_AM_LA_IntHigh_2050","AM","LA","IntHigh","2050",0.25698959624
"03100208_92000000_BELL_BRANCH",2100,117,"BELL BRANCH","03100208","92000000","STREAM","tbcmp_AM_LA_IntHigh_2050","AM","LA","IntHigh","2050",0.115645318308
"03100208_92000000_BELL_BRANCH",4100,393,"BELL BRANCH","03100208","92000000","STREAM","tbcmp_AM_LA_IntHigh_2050","AM","LA","IntHigh","2050",0.388449658932
"03100208_92000000_BELL_BRANCH",4400,10917,"BELL BRANCH","03100208","92000000","STREAM","tbcmp_AM_LA_IntHigh_2050","AM","LA","IntHigh","2050",10.790597777508
"03100208_92000000_BELL_BRANCH",6110,598,"BELL BRANCH","03100208","92000000","STREAM","tbcmp_AM_LA_IntHigh_2050","AM","LA","IntHigh","2050",0.591076071352
"03100208_92000000_BELL_BRANCH",6410,122,"BELL BRANCH","03100208","92000000","STREAM","tbcmp_AM_LA_IntHigh_2050","AM","LA","IntHigh","2050",0.120587425928
"03100208_98000000_WITHLACOOCHEE_RIVER",1100,10148609,"WITHLACOOCHEE RIVER","03100208","98000000","STREAM","tbcmp_AM_LA_IntHigh_2050","AM","LA","IntHigh","2050",10031.1035742601
"03100208_98000000_WITHLACOOCHEE_RIVER",1200,6837089,"WITHLACOOCHEE RIVER","03100208","98000000","STREAM","tbcmp_AM_LA_IntHigh_2050","AM","LA","IntHigh","2050",6757.92592910364
"03100208_98000000_WITHLACOOCHEE_RIVER",1800,123881,"WITHLACOOCHEE RIVER","03100208","98000000","STREAM","tbcmp_AM_LA_IntHigh_2050","AM","LA","IntHigh","2050",122.446646814644
"03100208_98000000_WITHLACOOCHEE_RIVER",1820,196046,"WITHLACOOCHEE RIVER","03100208","98000000","STREAM","tbcmp_AM_LA_IntHigh_2050","AM","LA","IntHigh","2050",193.776086094104
"03100208_98000000_WITHLACOOCHEE_RIVER",1900,1412819,"WITHLACOOCHEE RIVER","03100208","98000000","STREAM","tbcmp_AM_LA_IntHigh_2050","AM","LA","IntHigh","2050",1396.46070911616
"03100208_98000000_WITHLACOOCHEE_RIVER",2100,7363191,"WITHLACOOCHEE RIVER","03100208","98000000","STREAM","tbcmp_AM_LA_IntHigh_2050","AM","LA","IntHigh","2050",7277.93646972308
"03100208_98000000_WITHLACOOCHEE_RIVER",2200,20920,"WITHLACOOCHEE RIVER","03100208","98000000","STREAM","tbcmp_AM_LA_IntHigh_2050","AM","LA","IntHigh","2050",20.67777828208
"03100208_98000000_WITHLACOOCHEE_RIVER",2400,578198,"WITHLACOOCHEE RIVER","03100208","98000000","STREAM","tbcmp_AM_LA_IntHigh_2050","AM","LA","IntHigh","2050",571.503348333752
"03100208_98000000_WITHLACOOCHEE_RIVER",3200,206443,"WITHLACOOCHEE RIVER","03100208","98000000","STREAM","tbcmp_AM_LA_IntHigh_2050","AM","LA","IntHigh","2050",204.052704679132
"03100208_98000000_WITHLACOOCHEE_RIVER",4100,14921191,"WITHLACOOCHEE RIVER","03100208","98000000","STREAM","tbcmp_AM_LA_IntHigh_2050","AM","LA","IntHigh","2050",14748.4263481151
"03100208_98000000_WITHLACOOCHEE_RIVER",4400,877173,"WITHLACOOCHEE RIVER","03100208","98000000","STREAM","tbcmp_AM_LA_IntHigh_2050","AM","LA","IntHigh","2050",867.016673471652
"03100208_98000000_WITHLACOOCHEE_RIVER",5200,451556,"WITHLACOOCHEE RIVER","03100208","98000000","STREAM","tbcmp_AM_LA_IntHigh_2050","AM","LA","IntHigh","2050",446.327669691344
"03100208_98000000_WITHLACOOCHEE_RIVER",6110,650880,"WITHLACOOCHEE RIVER","03100208","98000000","STREAM","tbcmp_AM_LA_IntHigh_2050","AM","LA","IntHigh","2050",643.34380154112
"03100208_98000000_WITHLACOOCHEE_RIVER",6410,1717321,"WITHLACOOCHEE RIVER","03100208","98000000","STREAM","tbcmp_AM_LA_IntHigh_2050","AM","LA","IntHigh","2050",1697.4370400172
"03100208_99000000_WITHLACOOCHEE_RIVER",0,4644,"WITHLACOOCHEE RIVER","03100208","99000000","STREAM","tbcmp_AM_LA_IntHigh_2050","AM","LA","IntHigh","2050",4.590229557456
"03100208_99000000_WITHLACOOCHEE_RIVER",1100,27371185,"WITHLACOOCHEE RIVER","03100208","99000000","STREAM","tbcmp_AM_LA_IntHigh_2050","AM","LA","IntHigh","2050",27054.2683913859
"03100208_99000000_WITHLACOOCHEE_RIVER",1200,11179146,"WITHLACOOCHEE RIVER","03100208","99000000","STREAM","tbcmp_AM_LA_IntHigh_2050","AM","LA","IntHigh","2050",11049.7085263385
"03100208_99000000_WITHLACOOCHEE_RIVER",1800,371579,"WITHLACOOCHEE RIVER","03100208","99000000","STREAM","tbcmp_AM_LA_IntHigh_2050","AM","LA","IntHigh","2050",367.276681466396
"03100208_99000000_WITHLACOOCHEE_RIVER",1820,495469,"WITHLACOOCHEE RIVER","03100208","99000000","STREAM","tbcmp_AM_LA_IntHigh_2050","AM","LA","IntHigh","2050",489.732224074756
"03100208_99000000_WITHLACOOCHEE_RIVER",1900,13705122,"WITHLACOOCHEE RIVER","03100208","99000000","STREAM","tbcmp_AM_LA_IntHigh_2050","AM","LA","IntHigh","2050",13546.4375738459
"03100208_99000000_WITHLACOOCHEE_RIVER",2100,37232416,"WITHLACOOCHEE RIVER","03100208","99000000","STREAM","tbcmp_AM_LA_IntHigh_2050","AM","LA","IntHigh","2050",36801.321364922
"03100208_99000000_WITHLACOOCHEE_RIVER",2200,309302,"WITHLACOOCHEE RIVER","03100208","99000000","STREAM","tbcmp_AM_LA_IntHigh_2050","AM","LA","IntHigh","2050",305.720754216248
"03100208_99000000_WITHLACOOCHEE_RIVER",2400,170071,"WITHLACOOCHEE RIVER","03100208","99000000","STREAM","tbcmp_AM_LA_IntHigh_2050","AM","LA","IntHigh","2050",168.101837008204
"03100208_99000000_WITHLACOOCHEE_RIVER",3200,5346392,"WITHLACOOCHEE RIVER","03100208","99000000","STREAM","tbcmp_AM_LA_IntHigh_2050","AM","LA","IntHigh","2050",5284.48892854141
"03100208_99000000_WITHLACOOCHEE_RIVER",4100,59879097,"WITHLACOOCHEE RIVER","03100208","99000000","STREAM","tbcmp_AM_LA_IntHigh_2050","AM","LA","IntHigh","2050",59185.7883124838
"03100208_99000000_WITHLACOOCHEE_RIVER",4400,13827730,"WITHLACOOCHEE RIVER","03100208","99000000","STREAM","tbcmp_AM_LA_IntHigh_2050","AM","LA","IntHigh","2050",13667.6259600605
"03100208_99000000_WITHLACOOCHEE_RIVER",5200,6017809,"WITHLACOOCHEE RIVER","03100208","99000000","STREAM","tbcmp_AM_LA_IntHigh_2050","AM","LA","IntHigh","2050",5948.13194292092
"03100208_99000000_WITHLACOOCHEE_RIVER",5400,646817,"WITHLACOOCHEE RIVER","03100208","99000000","STREAM","tbcmp_AM_LA_IntHigh_2050","AM","LA","IntHigh","2050",639.327844889108
"03100208_99000000_WITHLACOOCHEE_RIVER",6110,35237413,"WITHLACOOCHEE RIVER","03100208","99000000","STREAM","tbcmp_AM_LA_IntHigh_2050","AM","LA","IntHigh","2050",34829.4174592774
"03100208_99000000_WITHLACOOCHEE_RIVER",6120,46227,"WITHLACOOCHEE RIVER","03100208","99000000","STREAM","tbcmp_AM_LA_IntHigh_2050","AM","LA","IntHigh","2050",45.691761789948
"03100208_99000000_WITHLACOOCHEE_RIVER",6410,16251344,"WITHLACOOCHEE RIVER","03100208","99000000","STREAM","tbcmp_AM_LA_IntHigh_2050","AM","LA","IntHigh","2050",16063.1782035283
"03100208_99000000_WITHLACOOCHEE_RIVER",6420,793117,"WITHLACOOCHEE RIVER","03100208","99000000","STREAM","tbcmp_AM_LA_IntHigh_2050","AM","LA","IntHigh","2050",783.933913850308
"03100208_99000000_WITHLACOOCHEE_RIVER",6425,263182,"WITHLACOOCHEE RIVER","03100208","99000000","STREAM","tbcmp_AM_LA_IntHigh_2050","AM","LA","IntHigh","2050",260.134753529368
"03100208_99000000_WITHLACOOCHEE_RIVER",6510,55065,"WITHLACOOCHEE RIVER","03100208","99000000","STREAM","tbcmp_AM_LA_IntHigh_2050","AM","LA","IntHigh","2050",54.42743121906
"03100208_99000000_WITHLACOOCHEE_RIVER",6600,423461,"WITHLACOOCHEE RIVER","03100208","99000000","STREAM","tbcmp_AM_LA_IntHigh_2050","AM","LA","IntHigh","2050",418.557966974564
"03100208_99000000_WITHLACOOCHEE_RIVER",9113,191563,"WITHLACOOCHEE RIVER","03100208","99000000","STREAM","tbcmp_AM_LA_IntHigh_2050","AM","LA","IntHigh","2050",189.344992402012
"03100208_NA_OUTLET_RIVER",1100,354020,"OUTLET RIVER","03100208",NA,"STREAM","tbcmp_AM_LA_IntHigh_2050","AM","LA","IntHigh","2050",349.92098792648
"03100208_NA_OUTLET_RIVER",1200,343905,"OUTLET RIVER","03100208",NA,"STREAM","tbcmp_AM_LA_IntHigh_2050","AM","LA","IntHigh","2050",339.92310421122
"03100208_NA_OUTLET_RIVER",1800,34538,"OUTLET RIVER","03100208",NA,"STREAM","tbcmp_AM_LA_IntHigh_2050","AM","LA","IntHigh","2050",34.138102595912
"03100208_NA_OUTLET_RIVER",1900,60336,"OUTLET RIVER","03100208",NA,"STREAM","tbcmp_AM_LA_IntHigh_2050","AM","LA","IntHigh","2050",59.637401072064
"03100208_NA_OUTLET_RIVER",2100,453312,"OUTLET RIVER","03100208",NA,"STREAM","tbcmp_AM_LA_IntHigh_2050","AM","LA","IntHigh","2050",448.063337887488
"03100208_NA_OUTLET_RIVER",4100,439130,"OUTLET RIVER","03100208",NA,"STREAM","tbcmp_AM_LA_IntHigh_2050","AM","LA","IntHigh","2050",434.04554383412
"03100208_NA_OUTLET_RIVER",5200,45001,"OUTLET RIVER","03100208",NA,"STREAM","tbcmp_AM_LA_IntHigh_2050","AM","LA","IntHigh","2050",44.479957001524
"03100208_NA_OUTLET_RIVER",6110,287008,"OUTLET RIVER","03100208",NA,"STREAM","tbcmp_AM_LA_IntHigh_2050","AM","LA","IntHigh","2050",283.684884760192
"03100208_NA_OUTLET_RIVER",6410,83484,"OUTLET RIVER","03100208",NA,"STREAM","tbcmp_AM_LA_IntHigh_2050","AM","LA","IntHigh","2050",82.517382509616
"03100208_NA_RAINBOW_RIVER",1100,80086,"RAINBOW RIVER","03100208",NA,"STREAM","tbcmp_AM_LA_IntHigh_2050","AM","LA","IntHigh","2050",79.158726171064
"03100208_NA_RAINBOW_RIVER",1200,152238,"RAINBOW RIVER","03100208",NA,"STREAM","tbcmp_AM_LA_IntHigh_2050","AM","LA","IntHigh","2050",150.475315970712
"03100208_NA_RAINBOW_RIVER",1800,21235,"RAINBOW RIVER","03100208",NA,"STREAM","tbcmp_AM_LA_IntHigh_2050","AM","LA","IntHigh","2050",20.98913106214
"03100208_NA_RAINBOW_RIVER",1900,18580,"RAINBOW RIVER","03100208",NA,"STREAM","tbcmp_AM_LA_IntHigh_2050","AM","LA","IntHigh","2050",18.36487191592
"03100208_NA_RAINBOW_RIVER",2100,158172,"RAINBOW RIVER","03100208",NA,"STREAM","tbcmp_AM_LA_IntHigh_2050","AM","LA","IntHigh","2050",156.340609294128
"03100208_NA_RAINBOW_RIVER",4100,127914,"RAINBOW RIVER","03100208",NA,"STREAM","tbcmp_AM_LA_IntHigh_2050","AM","LA","IntHigh","2050",126.432950820936
"03100208_NA_RAINBOW_RIVER",4400,274443,"RAINBOW RIVER","03100208",NA,"STREAM","tbcmp_AM_LA_IntHigh_2050","AM","LA","IntHigh","2050",271.265368311132
"03100208_NA_RAINBOW_RIVER",5200,24021,"RAINBOW RIVER","03100208",NA,"STREAM","tbcmp_AM_LA_IntHigh_2050","AM","LA","IntHigh","2050",23.742873428004
"03100208_NA_RAINBOW_RIVER",6110,47077,"RAINBOW RIVER","03100208",NA,"STREAM","tbcmp_AM_LA_IntHigh_2050","AM","LA","IntHigh","2050",46.531920085348
"03100208_NA_RAINBOW_RIVER",6410,8502,"RAINBOW RIVER","03100208",NA,"STREAM","tbcmp_AM_LA_IntHigh_2050","AM","LA","IntHigh","2050",8.403559797048
"03110101_99999900_DIRECT_RUNOFF_TO_GULF",0,4815,"DIRECT RUNOFF TO GULF","03110101","99999900","RUNOFF","tbcmp_AM_LA_IntHigh_2050","AM","LA","IntHigh","2050",4.75924963806
"03110101_99999900_DIRECT_RUNOFF_TO_GULF",1100,344957,"DIRECT RUNOFF TO GULF","03110101","99999900","RUNOFF","tbcmp_AM_LA_IntHigh_2050","AM","LA","IntHigh","2050",340.962923654468
"03110101_99999900_DIRECT_RUNOFF_TO_GULF",1200,36275,"DIRECT RUNOFF TO GULF","03110101","99999900","RUNOFF","tbcmp_AM_LA_IntHigh_2050","AM","LA","IntHigh","2050",35.8549907831
"03110101_99999900_DIRECT_RUNOFF_TO_GULF",1800,1744,"DIRECT RUNOFF TO GULF","03110101","99999900","RUNOFF","tbcmp_AM_LA_IntHigh_2050","AM","LA","IntHigh","2050",1.723807137856
"03110101_99999900_DIRECT_RUNOFF_TO_GULF",1900,43591,"DIRECT RUNOFF TO GULF","03110101","99999900","RUNOFF","tbcmp_AM_LA_IntHigh_2050","AM","LA","IntHigh","2050",43.086282652684
"03110101_99999900_DIRECT_RUNOFF_TO_GULF",3200,62099,"DIRECT RUNOFF TO GULF","03110101","99999900","RUNOFF","tbcmp_AM_LA_IntHigh_2050","AM","LA","IntHigh","2050",61.379988218876
"03110101_99999900_DIRECT_RUNOFF_TO_GULF",4100,745546,"DIRECT RUNOFF TO GULF","03110101","99999900","RUNOFF","tbcmp_AM_LA_IntHigh_2050","AM","LA","IntHigh","2050",736.913713532104
"03110101_99999900_DIRECT_RUNOFF_TO_GULF",4400,1403763,"DIRECT RUNOFF TO GULF","03110101","99999900","RUNOFF","tbcmp_AM_LA_IntHigh_2050","AM","LA","IntHigh","2050",1387.50956379481
"03110101_99999900_DIRECT_RUNOFF_TO_GULF",5200,1956,"DIRECT RUNOFF TO GULF","03110101","99999900","RUNOFF","tbcmp_AM_LA_IntHigh_2050","AM","LA","IntHigh","2050",1.933352500944
"03110101_99999900_DIRECT_RUNOFF_TO_GULF",5400,159491,"DIRECT RUNOFF TO GULF","03110101","99999900","RUNOFF","tbcmp_AM_LA_IntHigh_2050","AM","LA","IntHigh","2050",157.644337284284
"03110101_99999900_DIRECT_RUNOFF_TO_GULF",6110,919120,"DIRECT RUNOFF TO GULF","03110101","99999900","RUNOFF","tbcmp_AM_LA_IntHigh_2050","AM","LA","IntHigh","2050",908.47799113888
"03110101_99999900_DIRECT_RUNOFF_TO_GULF",6120,385451,"DIRECT RUNOFF TO GULF","03110101","99999900","RUNOFF","tbcmp_AM_LA_IntHigh_2050","AM","LA","IntHigh","2050",380.988064847324
"03110101_99999900_DIRECT_RUNOFF_TO_GULF",6410,147719,"DIRECT RUNOFF TO GULF","03110101","99999900","RUNOFF","tbcmp_AM_LA_IntHigh_2050","AM","LA","IntHigh","2050",146.008639103756
"03110101_99999900_DIRECT_RUNOFF_TO_GULF",6420,1402582,"DIRECT RUNOFF TO GULF","03110101","99999900","RUNOFF","tbcmp_AM_LA_IntHigh_2050","AM","LA","IntHigh","2050",1386.34223797497
"03110101_99999900_DIRECT_RUNOFF_TO_GULF",6425,117152,"DIRECT RUNOFF TO GULF","03110101","99999900","RUNOFF","tbcmp_AM_LA_IntHigh_2050","AM","LA","IntHigh","2050",115.795558379648
"03110101_99999900_DIRECT_RUNOFF_TO_GULF",6510,39979,"DIRECT RUNOFF TO GULF","03110101","99999900","RUNOFF","tbcmp_AM_LA_IntHigh_2050","AM","LA","IntHigh","2050",39.516104107996
"03110101_99999900_DIRECT_RUNOFF_TO_GULF",6600,267963,"DIRECT RUNOFF TO GULF","03110101","99999900","RUNOFF","tbcmp_AM_LA_IntHigh_2050","AM","LA","IntHigh","2050",264.860396835612
"03110101_99999900_DIRECT_RUNOFF_TO_GULF",9113,1146555,"DIRECT RUNOFF TO GULF","03110101","99999900","RUNOFF","tbcmp_AM_LA_IntHigh_2050","AM","LA","IntHigh","2050",1133.27964044982
