"id","value","count","huc12_name","filename","land_policy","accretion","slr_scenario","yr","acres"
"030801020502",1100,77218.2765907975,"Lake Weir","tbcmp_PD_LA_Inter_2100","PD","LA","Inter","2100",76.3242433844292
"030801020502",1200,62653.7025831299,"Lake Weir","tbcmp_PD_LA_Inter_2100","PD","LA","Inter","2100",61.9282980146224
"030801020502",1900,8828.70791758293,"Lake Weir","tbcmp_PD_LA_Inter_2100","PD","LA","Inter","2100",8.72648913731316
"030801020502",2100,390191.321326689,"Lake Weir","tbcmp_PD_LA_Inter_2100","PD","LA","Inter","2100",385.673686208369
"030801020502",4100,15690,"Lake Weir","tbcmp_PD_LA_Inter_2100","PD","LA","Inter","2100",15.50834118
"030801020502",5200,2902,"Lake Weir","tbcmp_PD_LA_Inter_2100","PD","LA","Inter","2100",2.868400644
"030801020502",5400,2725742.12483112,"Lake Weir","tbcmp_PD_LA_Inter_2100","PD","LA","Inter","2100",2694.18348250983
"030801020502",6410,17900.443881973,"Lake Weir","tbcmp_PD_LA_Inter_2100","PD","LA","Inter","2100",17.6931925427076
"030801020600",4100,422625.631748731,"Brooks Branch","tbcmp_PD_LA_Inter_2100","PD","LA","Inter","2100",417.732472184344
"030801020600",NA,0.00721924373647198,"Brooks Branch","tbcmp_PD_LA_Inter_2100","PD","LA","Inter","2100",7.13565933249111e-06
"031001010401",1200,193938.420828161,"Upper Payne Creek","tbcmp_PD_LA_Inter_2100","PD","LA","Inter","2100",191.693001791813
"031001010401",1900,32691.9442530551,"Upper Payne Creek","tbcmp_PD_LA_Inter_2100","PD","LA","Inter","2100",32.3134369224933
"031001010401",4400,1040.59713292328,"Upper Payne Creek","tbcmp_PD_LA_Inter_2100","PD","LA","Inter","2100",1.0285490993183
"031001010401",6110,14518,"Upper Payne Creek","tbcmp_PD_LA_Inter_2100","PD","LA","Inter","2100",14.349910596
"031001010401",6410,7091,"Upper Payne Creek","tbcmp_PD_LA_Inter_2100","PD","LA","Inter","2100",7.008900402
"031001010801",1200,7680558.17157581,"Headwaters Horse Creek","tbcmp_PD_LA_Inter_2100","PD","LA","Inter","2100",7591.6326690653
"031001010801",1900,974142.339984947,"Headwaters Horse Creek","tbcmp_PD_LA_Inter_2100","PD","LA","Inter","2100",962.863719972601
"031001010801",2100,633529.829814969,"Headwaters Horse Creek","tbcmp_PD_LA_Inter_2100","PD","LA","Inter","2100",626.194821445372
"031001010801",2200,255094.503034649,"Headwaters Horse Creek","tbcmp_PD_LA_Inter_2100","PD","LA","Inter","2100",252.141018878514
"031001010801",2400,26635.1130176269,"Headwaters Horse Creek","tbcmp_PD_LA_Inter_2100","PD","LA","Inter","2100",26.3267316791088
"031001010801",3200,745410.311857287,"Headwaters Horse Creek","tbcmp_PD_LA_Inter_2100","PD","LA","Inter","2100",736.779951266603
"031001010801",4100,275099.221446541,"Headwaters Horse Creek","tbcmp_PD_LA_Inter_2100","PD","LA","Inter","2100",271.914122660633
"031001010801",4400,46538,"Headwaters Horse Creek","tbcmp_PD_LA_Inter_2100","PD","LA","Inter","2100",45.999183036
"031001010801",5200,168160,"Headwaters Horse Creek","tbcmp_PD_LA_Inter_2100","PD","LA","Inter","2100",166.21304352
"031001010801",6110,552135.99046908,"Headwaters Horse Creek","tbcmp_PD_LA_Inter_2100","PD","LA","Inter","2100",545.743359971429
"031001010801",6410,726554.981060246,"Headwaters Horse Creek","tbcmp_PD_LA_Inter_2100","PD","LA","Inter","2100",718.142927489531
"031001010803",1100,52792.4168933651,"Upper Horse Creek","tbcmp_PD_LA_Inter_2100","PD","LA","Inter","2100",52.1811862905738
"031001010803",1200,14486.2498590584,"Upper Horse Creek","tbcmp_PD_LA_Inter_2100","PD","LA","Inter","2100",14.3185280581902
"031001010803",1900,458060.086452589,"Upper Horse Creek","tbcmp_PD_LA_Inter_2100","PD","LA","Inter","2100",452.756666771641
"031001010803",2100,989649.241937042,"Upper Horse Creek","tbcmp_PD_LA_Inter_2100","PD","LA","Inter","2100",978.191083013895
"031001010803",2200,725065.837779705,"Upper Horse Creek","tbcmp_PD_LA_Inter_2100","PD","LA","Inter","2100",716.671025509892
"031001010803",3200,76608.7498384625,"Upper Horse Creek","tbcmp_PD_LA_Inter_2100","PD","LA","Inter","2100",75.7217737328328
"031001010803",4100,234112.485862316,"Upper Horse Creek","tbcmp_PD_LA_Inter_2100","PD","LA","Inter","2100",231.401931501002
"031001010803",4400,5146,"Upper Horse Creek","tbcmp_PD_LA_Inter_2100","PD","LA","Inter","2100",5.086419612
"031001010803",5200,1434,"Upper Horse Creek","tbcmp_PD_LA_Inter_2100","PD","LA","Inter","2100",1.417397148
"031001010803",6110,254773.926281599,"Upper Horse Creek","tbcmp_PD_LA_Inter_2100","PD","LA","Inter","2100",251.82415376311
"031001010803",6410,390547.873490125,"Upper Horse Creek","tbcmp_PD_LA_Inter_2100","PD","LA","Inter","2100",386.026110210857
"031001010806",1100,20331.7966255765,"Buzzard Roost Branch","tbcmp_PD_LA_Inter_2100","PD","LA","Inter","2100",20.0963950842455
"031001010806",1900,104807.374690723,"Buzzard Roost Branch","tbcmp_PD_LA_Inter_2100","PD","LA","Inter","2100",103.593914906554
"031001010806",2100,830656.450225973,"Buzzard Roost Branch","tbcmp_PD_LA_Inter_2100","PD","LA","Inter","2100",821.039109845257
"031001010806",2200,588311,"Buzzard Roost Branch","tbcmp_PD_LA_Inter_2100","PD","LA","Inter","2100",581.499535242
"031001010806",3200,348625.123518553,"Buzzard Roost Branch","tbcmp_PD_LA_Inter_2100","PD","LA","Inter","2100",344.588741838456
"031001010806",4100,302036.872914824,"Buzzard Roost Branch","tbcmp_PD_LA_Inter_2100","PD","LA","Inter","2100",298.539890000217
"031001010806",6110,169550.605994488,"Buzzard Roost Branch","tbcmp_PD_LA_Inter_2100","PD","LA","Inter","2100",167.587549078284
"031001010806",6410,278980.950816034,"Buzzard Roost Branch","tbcmp_PD_LA_Inter_2100","PD","LA","Inter","2100",275.750909367486
"031001010907",1900,8006.95292734334,"Lettuce Lake-Peace River","tbcmp_PD_LA_Inter_2100","PD","LA","Inter","2100",7.91424842635056
"031001010907",3200,11232.6173696741,"Lettuce Lake-Peace River","tbcmp_PD_LA_Inter_2100","PD","LA","Inter","2100",11.1025661257681
"031001010907",4100,3701.32471139521,"Lettuce Lake-Peace River","tbcmp_PD_LA_Inter_2100","PD","LA","Inter","2100",3.65847077388668
"031001010907",5200,774.925107090734,"Lettuce Lake-Peace River","tbcmp_PD_LA_Inter_2100","PD","LA","Inter","2100",0.765953024200837
"031001010907",6110,1542.09632560611,"Lettuce Lake-Peace River","tbcmp_PD_LA_Inter_2100","PD","LA","Inter","2100",1.52424193434824
"031001010907",6410,2125,"Lettuce Lake-Peace River","tbcmp_PD_LA_Inter_2100","PD","LA","Inter","2100",2.10039675
"031001011106",1200,61017.9660891353,"Shell Creek-Peace River","tbcmp_PD_LA_Inter_2100","PD","LA","Inter","2100",60.3115000777553
"031001011106",1900,298697.468060371,"Shell Creek-Peace River","tbcmp_PD_LA_Inter_2100","PD","LA","Inter","2100",295.239148775168
"031001011106",4100,5369.53860209626,"Shell Creek-Peace River","tbcmp_PD_LA_Inter_2100","PD","LA","Inter","2100",5.30737008416119
"031001011106",5200,8025.59938517492,"Shell Creek-Peace River","tbcmp_PD_LA_Inter_2100","PD","LA","Inter","2100",7.93267899549337
"031001011106",6410,14976,"Shell Creek-Peace River","tbcmp_PD_LA_Inter_2100","PD","LA","Inter","2100",14.802607872
"031001011107",0,197.915017068386,"Little Alligator Creek-Peace River","tbcmp_PD_LA_Inter_2100","PD","LA","Inter","2100",0.195623557000768
"031001011107",1100,2383203.39763949,"Little Alligator Creek-Peace River","tbcmp_PD_LA_Inter_2100","PD","LA","Inter","2100",2355.61066870162
"031001011107",1200,14650190.2901707,"Little Alligator Creek-Peace River","tbcmp_PD_LA_Inter_2100","PD","LA","Inter","2100",14480.5703869911
"031001011107",1800,150727.742208093,"Little Alligator Creek-Peace River","tbcmp_PD_LA_Inter_2100","PD","LA","Inter","2100",148.982616408808
"031001011107",1820,152236,"Little Alligator Creek-Peace River","tbcmp_PD_LA_Inter_2100","PD","LA","Inter","2100",150.473411592
"031001011107",1900,1720838.43403694,"Little Alligator Creek-Peace River","tbcmp_PD_LA_Inter_2100","PD","LA","Inter","2100",1700.91456664766
"031001011107",3200,94329.8719856324,"Little Alligator Creek-Peace River","tbcmp_PD_LA_Inter_2100","PD","LA","Inter","2100",93.2377207277827
"031001011107",4100,81570,"Little Alligator Creek-Peace River","tbcmp_PD_LA_Inter_2100","PD","LA","Inter","2100",80.62558254
"031001011107",5200,413671.797885285,"Little Alligator Creek-Peace River","tbcmp_PD_LA_Inter_2100","PD","LA","Inter","2100",408.882305809369
"031001011107",5400,1105519.66750217,"Little Alligator Creek-Peace River","tbcmp_PD_LA_Inter_2100","PD","LA","Inter","2100",1092.71996079183
"031001011107",6110,37329,"Little Alligator Creek-Peace River","tbcmp_PD_LA_Inter_2100","PD","LA","Inter","2100",36.896804838
"031001011107",6120,706193.344302201,"Little Alligator Creek-Peace River","tbcmp_PD_LA_Inter_2100","PD","LA","Inter","2100",698.01703776187
"031001011107",6410,86900,"Little Alligator Creek-Peace River","tbcmp_PD_LA_Inter_2100","PD","LA","Inter","2100",85.8938718
"031001011107",6420,24743.1971438546,"Little Alligator Creek-Peace River","tbcmp_PD_LA_Inter_2100","PD","LA","Inter","2100",24.456720407323
"031001011107",6425,150550.431749164,"Little Alligator Creek-Peace River","tbcmp_PD_LA_Inter_2100","PD","LA","Inter","2100",148.807358850373
"031001011107",6510,78764.155220846,"Little Alligator Creek-Peace River","tbcmp_PD_LA_Inter_2100","PD","LA","Inter","2100",77.8522238316991
"031001011107",6600,73806.2242138529,"Little Alligator Creek-Peace River","tbcmp_PD_LA_Inter_2100","PD","LA","Inter","2100",72.9516957499049
"031001011107",9113,1393783.07933685,"Little Alligator Creek-Peace River","tbcmp_PD_LA_Inter_2100","PD","LA","Inter","2100",1377.64585884429
"031001011108",0,18.0849829390645,"Alligator Bay-Peace River","tbcmp_PD_LA_Inter_2100","PD","LA","Inter","2100",0.017875595006596
"031001011108",1100,81.0721123903641,"Alligator Bay-Peace River","tbcmp_PD_LA_Inter_2100","PD","LA","Inter","2100",0.0801334594731084
"031001011108",1200,5597.4146434755,"Alligator Bay-Peace River","tbcmp_PD_LA_Inter_2100","PD","LA","Inter","2100",5.53260777673335
"031001011108",1800,7719.25779181538,"Alligator Bay-Peace River","tbcmp_PD_LA_Inter_2100","PD","LA","Inter","2100",7.62988422510175
"031001011108",5400,2368285.89467517,"Alligator Bay-Peace River","tbcmp_PD_LA_Inter_2100","PD","LA","Inter","2100",2340.86588058662
"031001011108",6120,1966.02796423404,"Alligator Bay-Peace River","tbcmp_PD_LA_Inter_2100","PD","LA","Inter","2100",1.94326529246414
"031001011108",6425,352.335774700332,"Alligator Bay-Peace River","tbcmp_PD_LA_Inter_2100","PD","LA","Inter","2100",0.348256431100852
"031001011108",6510,180.237610733195,"Alligator Bay-Peace River","tbcmp_PD_LA_Inter_2100","PD","LA","Inter","2100",0.178150819676126
"031001011108",9113,415921.53305944,"Alligator Bay-Peace River","tbcmp_PD_LA_Inter_2100","PD","LA","Inter","2100",411.105993549678
"031001020101",1100,2642808.23340274,"Wingate Creek-Myakka River","tbcmp_PD_LA_Inter_2100","PD","LA","Inter","2100",2612.2097996764
"031001020101",1200,3690755.89195968,"Wingate Creek-Myakka River","tbcmp_PD_LA_Inter_2100","PD","LA","Inter","2100",3648.02432024257
"031001020101",1800,138475,"Wingate Creek-Myakka River","tbcmp_PD_LA_Inter_2100","PD","LA","Inter","2100",136.87173645
"031001020101",1900,1091147.97652265,"Wingate Creek-Myakka River","tbcmp_PD_LA_Inter_2100","PD","LA","Inter","2100",1078.51466525047
"031001020101",2100,4073138.2745912,"Wingate Creek-Myakka River","tbcmp_PD_LA_Inter_2100","PD","LA","Inter","2100",4025.97947964798
"031001020101",2200,91536,"Wingate Creek-Myakka River","tbcmp_PD_LA_Inter_2100","PD","LA","Inter","2100",90.476196192
"031001020101",2400,35549.0130881169,"Wingate Creek-Myakka River","tbcmp_PD_LA_Inter_2100","PD","LA","Inter","2100",35.1374266145827
"031001020101",3200,2411819.45119954,"Wingate Creek-Myakka River","tbcmp_PD_LA_Inter_2100","PD","LA","Inter","2100",2383.89540559355
"031001020101",4100,1976810.26480773,"Wingate Creek-Myakka River","tbcmp_PD_LA_Inter_2100","PD","LA","Inter","2100",1953.92275556179
"031001020101",4400,5731.78885567903,"Wingate Creek-Myakka River","tbcmp_PD_LA_Inter_2100","PD","LA","Inter","2100",5.66542620430798
"031001020101",5200,63511.1649211908,"Wingate Creek-Myakka River","tbcmp_PD_LA_Inter_2100","PD","LA","Inter","2100",62.7758326537333
"031001020101",6110,1477144.77773996,"Wingate Creek-Myakka River","tbcmp_PD_LA_Inter_2100","PD","LA","Inter","2100",1460.04239550329
"031001020101",6410,795522.318672875,"Wingate Creek-Myakka River","tbcmp_PD_LA_Inter_2100","PD","LA","Inter","2100",786.311761267281
"031001020102",1100,2007098.89292104,"Oglegy Creek","tbcmp_PD_LA_Inter_2100","PD","LA","Inter","2100",1983.8607019388
"031001020102",1200,237239.410955151,"Oglegy Creek","tbcmp_PD_LA_Inter_2100","PD","LA","Inter","2100",234.492653055112
"031001020102",1900,812179.495000871,"Oglegy Creek","tbcmp_PD_LA_Inter_2100","PD","LA","Inter","2100",802.776080807751
"031001020102",2100,7742275.59809505,"Oglegy Creek","tbcmp_PD_LA_Inter_2100","PD","LA","Inter","2100",7652.6355312203
"031001020102",2200,211000.965943537,"Oglegy Creek","tbcmp_PD_LA_Inter_2100","PD","LA","Inter","2100",208.557996759843
"031001020102",2400,77512,"Oglegy Creek","tbcmp_PD_LA_Inter_2100","PD","LA","Inter","2100",76.614566064
"031001020102",3200,2779787.28225585,"Oglegy Creek","tbcmp_PD_LA_Inter_2100","PD","LA","Inter","2100",2747.6029051019
"031001020102",4100,3111660.57109482,"Oglegy Creek","tbcmp_PD_LA_Inter_2100","PD","LA","Inter","2100",3075.63376500268
"031001020102",4400,50933,"Oglegy Creek","tbcmp_PD_LA_Inter_2100","PD","LA","Inter","2100",50.343297726
"031001020102",5200,108271.368266779,"Oglegy Creek","tbcmp_PD_LA_Inter_2100","PD","LA","Inter","2100",107.017802364987
"031001020102",6110,2137168.54276897,"Oglegy Creek","tbcmp_PD_LA_Inter_2100","PD","LA","Inter","2100",2112.42440538079
"031001020102",6410,2613382.03846733,"Oglegy Creek","tbcmp_PD_LA_Inter_2100","PD","LA","Inter","2100",2583.12430122596
"031001020103",1100,77882.9869033415,"Owen Creek","tbcmp_PD_LA_Inter_2100","PD","LA","Inter","2100",76.9812576809746
"031001020103",1200,86668,"Owen Creek","tbcmp_PD_LA_Inter_2100","PD","LA","Inter","2100",85.664557896
"031001020103",1900,206504.862423345,"Owen Creek","tbcmp_PD_LA_Inter_2100","PD","LA","Inter","2100",204.113949126208
"031001020103",2100,11734556.569278,"Owen Creek","tbcmp_PD_LA_Inter_2100","PD","LA","Inter","2100",11598.6938733189
"031001020103",2200,780760.122371009,"Owen Creek","tbcmp_PD_LA_Inter_2100","PD","LA","Inter","2100",771.720481674197
"031001020103",2400,4892,"Owen Creek","tbcmp_PD_LA_Inter_2100","PD","LA","Inter","2100",4.835360424
"031001020103",3200,1453970.11022768,"Owen Creek","tbcmp_PD_LA_Inter_2100","PD","LA","Inter","2100",1437.13604429146
"031001020103",4100,2388821.86607571,"Owen Creek","tbcmp_PD_LA_Inter_2100","PD","LA","Inter","2100",2361.16408651028
"031001020103",4400,143890,"Owen Creek","tbcmp_PD_LA_Inter_2100","PD","LA","Inter","2100",142.22404158
"031001020103",5200,67563.1073137127,"Owen Creek","tbcmp_PD_LA_Inter_2100","PD","LA","Inter","2100",66.7808616572346
"031001020103",6110,1334900.14423588,"Owen Creek","tbcmp_PD_LA_Inter_2100","PD","LA","Inter","2100",1319.44467036592
"031001020103",6410,1423107.52665855,"Owen Creek","tbcmp_PD_LA_Inter_2100","PD","LA","Inter","2100",1406.6307877149
"031001020104",1100,1163108.61237053,"Maple Creek-Myakka River","tbcmp_PD_LA_Inter_2100","PD","LA","Inter","2100",1149.64214085651
"031001020104",1200,577790.992870635,"Maple Creek-Myakka River","tbcmp_PD_LA_Inter_2100","PD","LA","Inter","2100",571.101328755179
"031001020104",1900,662365.494285262,"Maple Creek-Myakka River","tbcmp_PD_LA_Inter_2100","PD","LA","Inter","2100",654.696626592428
"031001020104",2100,5117690.04941077,"Maple Creek-Myakka River","tbcmp_PD_LA_Inter_2100","PD","LA","Inter","2100",5058.43743401869
"031001020104",2200,2106337.37095125,"Maple Creek-Myakka River","tbcmp_PD_LA_Inter_2100","PD","LA","Inter","2100",2081.95019687037
"031001020104",2400,63836.9869119611,"Maple Creek-Myakka River","tbcmp_PD_LA_Inter_2100","PD","LA","Inter","2100",63.0978822774944
"031001020104",3200,1153459.31085111,"Maple Creek-Myakka River","tbcmp_PD_LA_Inter_2100","PD","LA","Inter","2100",1140.10455895008
"031001020104",4100,1562263.48779948,"Maple Creek-Myakka River","tbcmp_PD_LA_Inter_2100","PD","LA","Inter","2100",1544.17560113774
"031001020104",4400,10757,"Maple Creek-Myakka River","tbcmp_PD_LA_Inter_2100","PD","LA","Inter","2100",10.632455454
"031001020104",5200,65166.7277649903,"Maple Creek-Myakka River","tbcmp_PD_LA_Inter_2100","PD","LA","Inter","2100",64.4122273909272
"031001020104",6110,2136239.85602944,"Maple Creek-Myakka River","tbcmp_PD_LA_Inter_2100","PD","LA","Inter","2100",2111.50647097633
"031001020104",6410,985375.532749769,"Maple Creek-Myakka River","tbcmp_PD_LA_Inter_2100","PD","LA","Inter","2100",973.966854831592
"031001020201",1100,424289.881269683,"Mossy Island Slough","tbcmp_PD_LA_Inter_2100","PD","LA","Inter","2100",419.377453024342
"031001020201",1200,30432.2406444991,"Mossy Island Slough","tbcmp_PD_LA_Inter_2100","PD","LA","Inter","2100",30.0798961623171
"031001020201",1900,139150.288567321,"Mossy Island Slough","tbcmp_PD_LA_Inter_2100","PD","LA","Inter","2100",137.539206526288
"031001020201",2100,2461881.34245078,"Mossy Island Slough","tbcmp_PD_LA_Inter_2100","PD","LA","Inter","2100",2433.37768026788
"031001020201",2200,112713,"Mossy Island Slough","tbcmp_PD_LA_Inter_2100","PD","LA","Inter","2100",111.408008886
"031001020201",3200,4232549.4885187,"Mossy Island Slough","tbcmp_PD_LA_Inter_2100","PD","LA","Inter","2100",4183.54503054063
"031001020201",4100,437167.907849541,"Mossy Island Slough","tbcmp_PD_LA_Inter_2100","PD","LA","Inter","2100",432.106377812459
"031001020201",4400,24481,"Mossy Island Slough","tbcmp_PD_LA_Inter_2100","PD","LA","Inter","2100",24.197558982
"031001020201",5200,14597.9588610893,"Mossy Island Slough","tbcmp_PD_LA_Inter_2100","PD","LA","Inter","2100",14.4289436933956
"031001020201",6110,1077376.84523739,"Mossy Island Slough","tbcmp_PD_LA_Inter_2100","PD","LA","Inter","2100",1064.90297612323
"031001020201",6410,2544273.02642793,"Mossy Island Slough","tbcmp_PD_LA_Inter_2100","PD","LA","Inter","2100",2514.81543332795
"031001020202",1100,5217989.13300506,"Tatum Sawgrass-Myakka River","tbcmp_PD_LA_Inter_2100","PD","LA","Inter","2100",5157.57525482313
"031001020202",1200,158664.264955444,"Tatum Sawgrass-Myakka River","tbcmp_PD_LA_Inter_2100","PD","LA","Inter","2100",156.82725009579
"031001020202",1900,1229905.92570626,"Tatum Sawgrass-Myakka River","tbcmp_PD_LA_Inter_2100","PD","LA","Inter","2100",1215.66607489843
"031001020202",2100,9860882.25399743,"Tatum Sawgrass-Myakka River","tbcmp_PD_LA_Inter_2100","PD","LA","Inter","2100",9746.71295926065
"031001020202",2200,646853.702957029,"Tatum Sawgrass-Myakka River","tbcmp_PD_LA_Inter_2100","PD","LA","Inter","2100",639.364430784192
"031001020202",2400,233219,"Tatum Sawgrass-Myakka River","tbcmp_PD_LA_Inter_2100","PD","LA","Inter","2100",230.518790418
"031001020202",3200,1074090.14489598,"Tatum Sawgrass-Myakka River","tbcmp_PD_LA_Inter_2100","PD","LA","Inter","2100",1061.65432919837
"031001020202",4100,1967041.89276748,"Tatum Sawgrass-Myakka River","tbcmp_PD_LA_Inter_2100","PD","LA","Inter","2100",1944.26748173302
"031001020202",4400,28972,"Tatum Sawgrass-Myakka River","tbcmp_PD_LA_Inter_2100","PD","LA","Inter","2100",28.636562184
"031001020202",5200,1174608.04113885,"Tatum Sawgrass-Myakka River","tbcmp_PD_LA_Inter_2100","PD","LA","Inter","2100",1161.00842923855
"031001020202",6110,3237890.79506553,"Tatum Sawgrass-Myakka River","tbcmp_PD_LA_Inter_2100","PD","LA","Inter","2100",3200.40249544026
"031001020202",6410,3126953.70118977,"Tatum Sawgrass-Myakka River","tbcmp_PD_LA_Inter_2100","PD","LA","Inter","2100",3090.7498312374
"031001020203",1100,3245417.87356111,"Howard Creek","tbcmp_PD_LA_Inter_2100","PD","LA","Inter","2100",3207.84242542102
"031001020203",1200,217640.655811041,"Howard Creek","tbcmp_PD_LA_Inter_2100","PD","LA","Inter","2100",215.120812298061
"031001020203",1800,1842,"Howard Creek","tbcmp_PD_LA_Inter_2100","PD","LA","Inter","2100",1.820673324
"031001020203",1820,2010,"Howard Creek","tbcmp_PD_LA_Inter_2100","PD","LA","Inter","2100",1.98672822
"031001020203",1900,748264.554951197,"Howard Creek","tbcmp_PD_LA_Inter_2100","PD","LA","Inter","2100",739.601147933972
"031001020203",2100,8198091.85682156,"Howard Creek","tbcmp_PD_LA_Inter_2100","PD","LA","Inter","2100",8103.17434930328
"031001020203",2200,264431,"Howard Creek","tbcmp_PD_LA_Inter_2100","PD","LA","Inter","2100",261.369417882
"031001020203",2400,733263,"Howard Creek","tbcmp_PD_LA_Inter_2100","PD","LA","Inter","2100",724.773280986
"031001020203",3200,454632.952296746,"Howard Creek","tbcmp_PD_LA_Inter_2100","PD","LA","Inter","2100",449.369211975054
"031001020203",4100,1341436.01632694,"Howard Creek","tbcmp_PD_LA_Inter_2100","PD","LA","Inter","2100",1325.9048701299
"031001020203",5200,251646.028652104,"Howard Creek","tbcmp_PD_LA_Inter_2100","PD","LA","Inter","2100",248.73247093237
"031001020203",6110,1353193.97354865,"Howard Creek","tbcmp_PD_LA_Inter_2100","PD","LA","Inter","2100",1337.52669372291
"031001020203",6410,2082882.43535031,"Howard Creek","tbcmp_PD_LA_Inter_2100","PD","LA","Inter","2100",2058.76682251383
"031001020204",1100,845070.763028516,"Lake Myakka-Myakka River","tbcmp_PD_LA_Inter_2100","PD","LA","Inter","2100",835.286533734172
"031001020204",1200,25885.1221361829,"Lake Myakka-Myakka River","tbcmp_PD_LA_Inter_2100","PD","LA","Inter","2100",25.5854241920901
"031001020204",1800,69934,"Lake Myakka-Myakka River","tbcmp_PD_LA_Inter_2100","PD","LA","Inter","2100",69.124304148
"031001020204",1900,22591.6205618703,"Lake Myakka-Myakka River","tbcmp_PD_LA_Inter_2100","PD","LA","Inter","2100",22.3300547790049
"031001020204",2100,942223.019477441,"Lake Myakka-Myakka River","tbcmp_PD_LA_Inter_2100","PD","LA","Inter","2100",931.313961357931
"031001020204",2400,10401,"Lake Myakka-Myakka River","tbcmp_PD_LA_Inter_2100","PD","LA","Inter","2100",10.280577222
"031001020204",3200,7433054.21680685,"Lake Myakka-Myakka River","tbcmp_PD_LA_Inter_2100","PD","LA","Inter","2100",7346.99431508466
"031001020204",4100,795789.976781229,"Lake Myakka-Myakka River","tbcmp_PD_LA_Inter_2100","PD","LA","Inter","2100",786.576320430056
"031001020204",5200,1425823.03531915,"Lake Myakka-Myakka River","tbcmp_PD_LA_Inter_2100","PD","LA","Inter","2100",1409.31485621622
"031001020204",5400,21,"Lake Myakka-Myakka River","tbcmp_PD_LA_Inter_2100","PD","LA","Inter","2100",0.020756862
"031001020204",6110,3712514.69984666,"Lake Myakka-Myakka River","tbcmp_PD_LA_Inter_2100","PD","LA","Inter","2100",3669.53120465183
"031001020204",6120,31,"Lake Myakka-Myakka River","tbcmp_PD_LA_Inter_2100","PD","LA","Inter","2100",0.030641082
"031001020204",6410,4234790.79508336,"Lake Myakka-Myakka River","tbcmp_PD_LA_Inter_2100","PD","LA","Inter","2100",4185.76038725789
"031001020204",6420,10,"Lake Myakka-Myakka River","tbcmp_PD_LA_Inter_2100","PD","LA","Inter","2100",0.00988422
"031001020204",6600,28,"Lake Myakka-Myakka River","tbcmp_PD_LA_Inter_2100","PD","LA","Inter","2100",0.027675816
"031001020204",9113,1,"Lake Myakka-Myakka River","tbcmp_PD_LA_Inter_2100","PD","LA","Inter","2100",0.000988422
"031001020301",1100,57104.7012935253,"Town of Shiney Town-Myakka River","tbcmp_PD_LA_Inter_2100","PD","LA","Inter","2100",56.4435430619489
"031001020301",1200,1490044.38278774,"Town of Shiney Town-Myakka River","tbcmp_PD_LA_Inter_2100","PD","LA","Inter","2100",1472.79264892382
"031001020301",1800,16446.1601615751,"Town of Shiney Town-Myakka River","tbcmp_PD_LA_Inter_2100","PD","LA","Inter","2100",16.2557465192244
"031001020301",1820,176021,"Town of Shiney Town-Myakka River","tbcmp_PD_LA_Inter_2100","PD","LA","Inter","2100",173.983028862
"031001020301",1900,249844.675628464,"Town of Shiney Town-Myakka River","tbcmp_PD_LA_Inter_2100","PD","LA","Inter","2100",246.951973974038
"031001020301",2100,447688.151216912,"Town of Shiney Town-Myakka River","tbcmp_PD_LA_Inter_2100","PD","LA","Inter","2100",442.504817802123
"031001020301",3200,3865753.33488442,"Town of Shiney Town-Myakka River","tbcmp_PD_LA_Inter_2100","PD","LA","Inter","2100",3820.99564277313
"031001020301",4100,7332884.98732503,"Town of Shiney Town-Myakka River","tbcmp_PD_LA_Inter_2100","PD","LA","Inter","2100",7247.98484494178
"031001020301",5200,399015.895143687,"Town of Shiney Town-Myakka River","tbcmp_PD_LA_Inter_2100","PD","LA","Inter","2100",394.396089109713
"031001020301",5400,62867.2083971715,"Town of Shiney Town-Myakka River","tbcmp_PD_LA_Inter_2100","PD","LA","Inter","2100",62.139331858349
"031001020301",6110,2737945.91344997,"Town of Shiney Town-Myakka River","tbcmp_PD_LA_Inter_2100","PD","LA","Inter","2100",2706.24597566405
"031001020301",6410,4267359.24991175,"Town of Shiney Town-Myakka River","tbcmp_PD_LA_Inter_2100","PD","LA","Inter","2100",4217.95176451627
"031001020301",6420,12391.6352328956,"Town of Shiney Town-Myakka River","tbcmp_PD_LA_Inter_2100","PD","LA","Inter","2100",12.2481648801691
"031001020301",6425,31614.3211832047,"Town of Shiney Town-Myakka River","tbcmp_PD_LA_Inter_2100","PD","LA","Inter","2100",31.2482905725455
"031001020301",6510,13775.8284074664,"Town of Shiney Town-Myakka River","tbcmp_PD_LA_Inter_2100","PD","LA","Inter","2100",13.6163318661648
"031001020301",6600,43365.7553301603,"Town of Shiney Town-Myakka River","tbcmp_PD_LA_Inter_2100","PD","LA","Inter","2100",42.8636666149477
"031001020301",9113,59093.8153060479,"Town of Shiney Town-Myakka River","tbcmp_PD_LA_Inter_2100","PD","LA","Inter","2100",58.4096271124345
"031001020302",1100,311336.041678697,"Deer Prairie Creek","tbcmp_PD_LA_Inter_2100","PD","LA","Inter","2100",307.731392988141
"031001020302",1200,86321.5440778816,"Deer Prairie Creek","tbcmp_PD_LA_Inter_2100","PD","LA","Inter","2100",85.3221132405479
"031001020302",1900,285564.870262132,"Deer Prairie Creek","tbcmp_PD_LA_Inter_2100","PD","LA","Inter","2100",282.258600194237
"031001020302",2100,1978017.11914722,"Deer Prairie Creek","tbcmp_PD_LA_Inter_2100","PD","LA","Inter","2100",1955.11563694174
"031001020302",3200,6767475.87580985,"Deer Prairie Creek","tbcmp_PD_LA_Inter_2100","PD","LA","Inter","2100",6689.12204011972
"031001020302",4100,5728144.01945672,"Deer Prairie Creek","tbcmp_PD_LA_Inter_2100","PD","LA","Inter","2100",5661.82356799945
"031001020302",5200,82993.2789041852,"Deer Prairie Creek","tbcmp_PD_LA_Inter_2100","PD","LA","Inter","2100",82.0323827210325
"031001020302",5400,20784.3700299161,"Deer Prairie Creek","tbcmp_PD_LA_Inter_2100","PD","LA","Inter","2100",20.5437285937097
"031001020302",6110,2188606.75117878,"Deer Prairie Creek","tbcmp_PD_LA_Inter_2100","PD","LA","Inter","2100",2163.26706221363
"031001020302",6120,1330,"Deer Prairie Creek","tbcmp_PD_LA_Inter_2100","PD","LA","Inter","2100",1.31460126
"031001020302",6410,6811382.16955165,"Deer Prairie Creek","tbcmp_PD_LA_Inter_2100","PD","LA","Inter","2100",6732.51998679258
"031001020302",6420,11565.7593794065,"Deer Prairie Creek","tbcmp_PD_LA_Inter_2100","PD","LA","Inter","2100",11.4318510173117
"031001020302",6425,24189.4639527945,"Deer Prairie Creek","tbcmp_PD_LA_Inter_2100","PD","LA","Inter","2100",23.909398339149
"031001020302",6510,9770.30853062682,"Deer Prairie Creek","tbcmp_PD_LA_Inter_2100","PD","LA","Inter","2100",9.65718789845922
"031001020302",6600,42992.2963065423,"Deer Prairie Creek","tbcmp_PD_LA_Inter_2100","PD","LA","Inter","2100",42.4945314999052
"031001020302",9113,57981.8123431328,"Deer Prairie Creek","tbcmp_PD_LA_Inter_2100","PD","LA","Inter","2100",57.310498919824
"031001020303",1100,1034115.4312433,"Curry Creek-Myakka River","tbcmp_PD_LA_Inter_2100","PD","LA","Inter","2100",1022.14244278037
"031001020303",1200,5060593.05296589,"Curry Creek-Myakka River","tbcmp_PD_LA_Inter_2100","PD","LA","Inter","2100",5002.00150659866
"031001020303",1800,210554,"Curry Creek-Myakka River","tbcmp_PD_LA_Inter_2100","PD","LA","Inter","2100",208.116205788
"031001020303",1820,339352.456913679,"Curry Creek-Myakka River","tbcmp_PD_LA_Inter_2100","PD","LA","Inter","2100",335.423434167532
"031001020303",1900,1204394.52005293,"Curry Creek-Myakka River","tbcmp_PD_LA_Inter_2100","PD","LA","Inter","2100",1190.45004029976
"031001020303",2100,518294.857049622,"Curry Creek-Myakka River","tbcmp_PD_LA_Inter_2100","PD","LA","Inter","2100",512.294039194701
"031001020303",2400,61142.2558930608,"Curry Creek-Myakka River","tbcmp_PD_LA_Inter_2100","PD","LA","Inter","2100",60.434350854331
"031001020303",3200,3024983.36130872,"Curry Creek-Myakka River","tbcmp_PD_LA_Inter_2100","PD","LA","Inter","2100",2989.96010395149
"031001020303",4100,6466007.13927127,"Curry Creek-Myakka River","tbcmp_PD_LA_Inter_2100","PD","LA","Inter","2100",6391.14370861279
"031001020303",5200,1245651.21413089,"Curry Creek-Myakka River","tbcmp_PD_LA_Inter_2100","PD","LA","Inter","2100",1231.22906437368
"031001020303",5400,425978.100268949,"Curry Creek-Myakka River","tbcmp_PD_LA_Inter_2100","PD","LA","Inter","2100",421.046125824035
"031001020303",6110,1296865.76685962,"Curry Creek-Myakka River","tbcmp_PD_LA_Inter_2100","PD","LA","Inter","2100",1281.85065501092
"031001020303",6120,149951,"Curry Creek-Myakka River","tbcmp_PD_LA_Inter_2100","PD","LA","Inter","2100",148.214867322
"031001020303",6410,2986561.13078198,"Curry Creek-Myakka River","tbcmp_PD_LA_Inter_2100","PD","LA","Inter","2100",2951.98272600979
"031001020303",6420,144393.130959261,"Curry Creek-Myakka River","tbcmp_PD_LA_Inter_2100","PD","LA","Inter","2100",142.721347289015
"031001020303",6425,275478.921317886,"Curry Creek-Myakka River","tbcmp_PD_LA_Inter_2100","PD","LA","Inter","2100",272.289426366867
"031001020303",6510,155995.858781849,"Curry Creek-Myakka River","tbcmp_PD_LA_Inter_2100","PD","LA","Inter","2100",154.189738728872
"031001020303",6600,565202.4367227,"Curry Creek-Myakka River","tbcmp_PD_LA_Inter_2100","PD","LA","Inter","2100",558.658522910325
"031001020303",9113,759742.595587367,"Curry Creek-Myakka River","tbcmp_PD_LA_Inter_2100","PD","LA","Inter","2100",750.946295815657
"031001020401",1100,981793.812417965,"031001020401-Cocoplum Waterway","tbcmp_PD_LA_Inter_2100","PD","LA","Inter","2100",970.42660365779
"031001020401",1200,1825907.45147177,"031001020401-Cocoplum Waterway","tbcmp_PD_LA_Inter_2100","PD","LA","Inter","2100",1804.76709499863
"031001020401",1900,3419085.39893815,"031001020401-Cocoplum Waterway","tbcmp_PD_LA_Inter_2100","PD","LA","Inter","2100",3379.49922818925
"031001020401",2100,70544,"031001020401-Cocoplum Waterway","tbcmp_PD_LA_Inter_2100","PD","LA","Inter","2100",69.727241568
"031001020401",3200,1906451.14565582,"031001020401-Cocoplum Waterway","tbcmp_PD_LA_Inter_2100","PD","LA","Inter","2100",1884.37825429142
"031001020401",4100,698170.624448731,"031001020401-Cocoplum Waterway","tbcmp_PD_LA_Inter_2100","PD","LA","Inter","2100",690.087204958864
"031001020401",5200,134671.44650306,"031001020401-Cocoplum Waterway","tbcmp_PD_LA_Inter_2100","PD","LA","Inter","2100",133.112220495447
"031001020401",6110,180781.903674483,"031001020401-Cocoplum Waterway","tbcmp_PD_LA_Inter_2100","PD","LA","Inter","2100",178.68881079374
"031001020401",6410,1224953.18246964,"031001020401-Cocoplum Waterway","tbcmp_PD_LA_Inter_2100","PD","LA","Inter","2100",1210.77067452301
"031001020402",1100,21787.1290082543,"031001020402","tbcmp_PD_LA_Inter_2100","PD","LA","Inter","2100",21.5348776285967
"031001020402",1200,1079218.41372495,"031001020402","tbcmp_PD_LA_Inter_2100","PD","LA","Inter","2100",1066.72322293084
"031001020402",1900,278610.321216166,"031001020402","tbcmp_PD_LA_Inter_2100","PD","LA","Inter","2100",275.384570917126
"031001020402",2100,1762035.60210432,"031001020402","tbcmp_PD_LA_Inter_2100","PD","LA","Inter","2100",1741.63475390316
"031001020402",2200,233740,"031001020402","tbcmp_PD_LA_Inter_2100","PD","LA","Inter","2100",231.03375828
"031001020402",2400,28786,"031001020402","tbcmp_PD_LA_Inter_2100","PD","LA","Inter","2100",28.452715692
"031001020402",3200,1158477.98988563,"031001020402","tbcmp_PD_LA_Inter_2100","PD","LA","Inter","2100",1145.06513171874
"031001020402",4100,4701810.79394245,"031001020402","tbcmp_PD_LA_Inter_2100","PD","LA","Inter","2100",4647.37322857019
"031001020402",5200,62859.4835533676,"031001020402","tbcmp_PD_LA_Inter_2100","PD","LA","Inter","2100",62.1316964527867
"031001020402",6110,745297.196332688,"031001020402","tbcmp_PD_LA_Inter_2100","PD","LA","Inter","2100",736.668145393549
"031001020402",6410,3526967.10318306,"031001020402","tbcmp_PD_LA_Inter_2100","PD","LA","Inter","2100",3486.13187806241
"031001020403",1100,463845.261367351,"031001020403-Cocoplum Waterway","tbcmp_PD_LA_Inter_2100","PD","LA","Inter","2100",458.47486093124
"031001020403",1200,8220320.19587038,"031001020403-Cocoplum Waterway","tbcmp_PD_LA_Inter_2100","PD","LA","Inter","2100",8125.1453286426
"031001020403",1800,19055,"031001020403-Cocoplum Waterway","tbcmp_PD_LA_Inter_2100","PD","LA","Inter","2100",18.83438121
"031001020403",1820,129470,"031001020403-Cocoplum Waterway","tbcmp_PD_LA_Inter_2100","PD","LA","Inter","2100",127.97099634
"031001020403",1900,806204.852141262,"031001020403-Cocoplum Waterway","tbcmp_PD_LA_Inter_2100","PD","LA","Inter","2100",796.870612363171
"031001020403",2100,549595.800778431,"031001020403-Cocoplum Waterway","tbcmp_PD_LA_Inter_2100","PD","LA","Inter","2100",543.232580597018
"031001020403",3200,365040.659353866,"031001020403-Cocoplum Waterway","tbcmp_PD_LA_Inter_2100","PD","LA","Inter","2100",360.814218599867
"031001020403",4100,1012848.88740066,"031001020403-Cocoplum Waterway","tbcmp_PD_LA_Inter_2100","PD","LA","Inter","2100",1001.12212298234
"031001020403",5200,567760.927563396,"031001020403-Cocoplum Waterway","tbcmp_PD_LA_Inter_2100","PD","LA","Inter","2100",561.187391544067
"031001020403",5400,38084.0881472882,"031001020403-Cocoplum Waterway","tbcmp_PD_LA_Inter_2100","PD","LA","Inter","2100",37.6431505747189
"031001020403",6110,128168.851682996,"031001020403-Cocoplum Waterway","tbcmp_PD_LA_Inter_2100","PD","LA","Inter","2100",126.684912718211
"031001020403",6120,40,"031001020403-Cocoplum Waterway","tbcmp_PD_LA_Inter_2100","PD","LA","Inter","2100",0.03953688
"031001020403",6410,1263246.07734438,"031001020403-Cocoplum Waterway","tbcmp_PD_LA_Inter_2100","PD","LA","Inter","2100",1248.62021426089
"031001020403",6420,7,"031001020403-Cocoplum Waterway","tbcmp_PD_LA_Inter_2100","PD","LA","Inter","2100",0.006918954
"031001020403",6425,1,"031001020403-Cocoplum Waterway","tbcmp_PD_LA_Inter_2100","PD","LA","Inter","2100",0.000988422
"031001020403",6600,41,"031001020403-Cocoplum Waterway","tbcmp_PD_LA_Inter_2100","PD","LA","Inter","2100",0.040525302
"031001020403",9113,63,"031001020403-Cocoplum Waterway","tbcmp_PD_LA_Inter_2100","PD","LA","Inter","2100",0.062270586
"031001020404",1100,650966.235886522,"City of North Port-Cocolum Waterway","tbcmp_PD_LA_Inter_2100","PD","LA","Inter","2100",643.429348807428
"031001020404",1200,4541410.18094871,"City of North Port-Cocolum Waterway","tbcmp_PD_LA_Inter_2100","PD","LA","Inter","2100",4488.82973387369
"031001020404",1800,7636,"City of North Port-Cocolum Waterway","tbcmp_PD_LA_Inter_2100","PD","LA","Inter","2100",7.547590392
"031001020404",1820,202052.705898756,"City of North Port-Cocolum Waterway","tbcmp_PD_LA_Inter_2100","PD","LA","Inter","2100",199.71333966986
"031001020404",1900,715730.435261607,"City of North Port-Cocolum Waterway","tbcmp_PD_LA_Inter_2100","PD","LA","Inter","2100",707.443708282149
"031001020404",2100,2066940.28921528,"City of North Port-Cocolum Waterway","tbcmp_PD_LA_Inter_2100","PD","LA","Inter","2100",2043.00925454675
"031001020404",3200,899743.923302638,"City of North Port-Cocolum Waterway","tbcmp_PD_LA_Inter_2100","PD","LA","Inter","2100",889.32668815864
"031001020404",4100,1888105.66837787,"City of North Port-Cocolum Waterway","tbcmp_PD_LA_Inter_2100","PD","LA","Inter","2100",1866.2451809494
"031001020404",5200,270950.592736935,"City of North Port-Cocolum Waterway","tbcmp_PD_LA_Inter_2100","PD","LA","Inter","2100",267.813526774226
"031001020404",5400,83875.0446533542,"City of North Port-Cocolum Waterway","tbcmp_PD_LA_Inter_2100","PD","LA","Inter","2100",82.9039393863576
"031001020404",6110,455088.8211164,"City of North Port-Cocolum Waterway","tbcmp_PD_LA_Inter_2100","PD","LA","Inter","2100",449.819802745514
"031001020404",6120,467.849676625003,"City of North Port-Cocolum Waterway","tbcmp_PD_LA_Inter_2100","PD","LA","Inter","2100",0.462432913069038
"031001020404",6410,1465262.24902991,"City of North Port-Cocolum Waterway","tbcmp_PD_LA_Inter_2100","PD","LA","Inter","2100",1448.29744271064
"031001020404",6420,38,"City of North Port-Cocolum Waterway","tbcmp_PD_LA_Inter_2100","PD","LA","Inter","2100",0.037560036
"031001020404",6600,110,"City of North Port-Cocolum Waterway","tbcmp_PD_LA_Inter_2100","PD","LA","Inter","2100",0.10872642
"031001020404",9113,1486.6835186251,"City of North Port-Cocolum Waterway","tbcmp_PD_LA_Inter_2100","PD","LA","Inter","2100",1.46947069684646
"031001020501",1100,660261.526681312,"Wildcat Slough","tbcmp_PD_LA_Inter_2100","PD","LA","Inter","2100",652.617018725396
"031001020501",1200,24059.2501807491,"Wildcat Slough","tbcmp_PD_LA_Inter_2100","PD","LA","Inter","2100",23.7806921821564
"031001020501",1900,496682.918142282,"Wildcat Slough","tbcmp_PD_LA_Inter_2100","PD","LA","Inter","2100",490.932323316031
"031001020501",2100,5411636.68687378,"Wildcat Slough","tbcmp_PD_LA_Inter_2100","PD","LA","Inter","2100",5348.98075731316
"031001020501",2400,328154,"Wildcat Slough","tbcmp_PD_LA_Inter_2100","PD","LA","Inter","2100",324.354632988
"031001020501",3200,1126704.05143776,"Wildcat Slough","tbcmp_PD_LA_Inter_2100","PD","LA","Inter","2100",1113.65907193021
"031001020501",4100,1280791.74335146,"Wildcat Slough","tbcmp_PD_LA_Inter_2100","PD","LA","Inter","2100",1265.96273654694
"031001020501",4400,2283.43647574075,"Wildcat Slough","tbcmp_PD_LA_Inter_2100","PD","LA","Inter","2100",2.25699884822462
"031001020501",5200,23490,"Wildcat Slough","tbcmp_PD_LA_Inter_2100","PD","LA","Inter","2100",23.21803278
"031001020501",6110,1190576.378722,"Wildcat Slough","tbcmp_PD_LA_Inter_2100","PD","LA","Inter","2100",1176.79188540916
"031001020501",6410,1420504.09911231,"Wildcat Slough","tbcmp_PD_LA_Inter_2100","PD","LA","Inter","2100",1404.05750265279
"031001020502",1100,273907.890771725,"Mud Lake Slough","tbcmp_PD_LA_Inter_2100","PD","LA","Inter","2100",270.73658521237
"031001020502",1200,42254.2999690433,"Mud Lake Slough","tbcmp_PD_LA_Inter_2100","PD","LA","Inter","2100",41.7650796840017
"031001020502",1900,344063.842065151,"Mud Lake Slough","tbcmp_PD_LA_Inter_2100","PD","LA","Inter","2100",340.08027090172
"031001020502",2100,5257458.28270635,"Mud Lake Slough","tbcmp_PD_LA_Inter_2100","PD","LA","Inter","2100",5196.58743070917
"031001020502",2200,113053.306257448,"Mud Lake Slough","tbcmp_PD_LA_Inter_2100","PD","LA","Inter","2100",111.744375077599
"031001020502",2400,17863,"Mud Lake Slough","tbcmp_PD_LA_Inter_2100","PD","LA","Inter","2100",17.656182186
"031001020502",3200,982572.076719146,"Mud Lake Slough","tbcmp_PD_LA_Inter_2100","PD","LA","Inter","2100",971.195857214892
"031001020502",4100,1709337.7179816,"Mud Lake Slough","tbcmp_PD_LA_Inter_2100","PD","LA","Inter","2100",1689.54700588281
"031001020502",4400,45276.5635241938,"Mud Lake Slough","tbcmp_PD_LA_Inter_2100","PD","LA","Inter","2100",44.7523514717107
"031001020502",5200,12950,"Mud Lake Slough","tbcmp_PD_LA_Inter_2100","PD","LA","Inter","2100",12.8000649
"031001020502",6110,688564.797083603,"Mud Lake Slough","tbcmp_PD_LA_Inter_2100","PD","LA","Inter","2100",680.592593862969
"031001020502",6410,1976576.72369045,"Mud Lake Slough","tbcmp_PD_LA_Inter_2100","PD","LA","Inter","2100",1953.69191838356
"031001020503",1100,85505,"Big Slough Canal","tbcmp_PD_LA_Inter_2100","PD","LA","Inter","2100",84.51502311
"031001020503",1200,34547.5565422946,"Big Slough Canal","tbcmp_PD_LA_Inter_2100","PD","LA","Inter","2100",34.1475649326479
"031001020503",1900,496167.327307777,"Big Slough Canal","tbcmp_PD_LA_Inter_2100","PD","LA","Inter","2100",490.422701992208
"031001020503",2100,7583151.57831646,"Big Slough Canal","tbcmp_PD_LA_Inter_2100","PD","LA","Inter","2100",7495.35384934271
"031001020503",2200,1129854.69374136,"Big Slough Canal","tbcmp_PD_LA_Inter_2100","PD","LA","Inter","2100",1116.77323609722
"031001020503",3200,1485874.52910492,"Big Slough Canal","tbcmp_PD_LA_Inter_2100","PD","LA","Inter","2100",1468.67107380694
"031001020503",4100,3365344.85464293,"Big Slough Canal","tbcmp_PD_LA_Inter_2100","PD","LA","Inter","2100",3326.38089191587
"031001020503",5200,28002,"Big Slough Canal","tbcmp_PD_LA_Inter_2100","PD","LA","Inter","2100",27.677792844
"031001020503",6110,1144141.24296448,"Big Slough Canal","tbcmp_PD_LA_Inter_2100","PD","LA","Inter","2100",1130.89437565344
"031001020503",6410,3830805.10917079,"Big Slough Canal","tbcmp_PD_LA_Inter_2100","PD","LA","Inter","2100",3786.45204761681
"031001020504",1100,4451565.89881842,"Big Slough","tbcmp_PD_LA_Inter_2100","PD","LA","Inter","2100",4400.0256688419
"031001020504",1200,4083159.35524694,"Big Slough","tbcmp_PD_LA_Inter_2100","PD","LA","Inter","2100",4035.88453623189
"031001020504",1800,47736.0703424088,"Big Slough","tbcmp_PD_LA_Inter_2100","PD","LA","Inter","2100",47.1833821199844
"031001020504",1820,29719.2941010786,"Big Slough","tbcmp_PD_LA_Inter_2100","PD","LA","Inter","2100",29.3752041139763
"031001020504",1900,994914.354328815,"Big Slough","tbcmp_PD_LA_Inter_2100","PD","LA","Inter","2100",983.395235934397
"031001020504",2100,1667187.57611141,"Big Slough","tbcmp_PD_LA_Inter_2100","PD","LA","Inter","2100",1647.88487835519
"031001020504",3200,2249113.29194516,"Big Slough","tbcmp_PD_LA_Inter_2100","PD","LA","Inter","2100",2223.07305825102
"031001020504",4100,3082009.07797115,"Big Slough","tbcmp_PD_LA_Inter_2100","PD","LA","Inter","2100",3046.3255768664
"031001020504",5200,114459.156358411,"Big Slough","tbcmp_PD_LA_Inter_2100","PD","LA","Inter","2100",113.133948246093
"031001020504",5400,134398.119877565,"Big Slough","tbcmp_PD_LA_Inter_2100","PD","LA","Inter","2100",132.842058445623
"031001020504",6110,804310.450407467,"Big Slough","tbcmp_PD_LA_Inter_2100","PD","LA","Inter","2100",794.99814401265
"031001020504",6120,22287.3394768834,"Big Slough","tbcmp_PD_LA_Inter_2100","PD","LA","Inter","2100",22.02929666042
"031001020504",6410,2287857.79480816,"Big Slough","tbcmp_PD_LA_Inter_2100","PD","LA","Inter","2100",2261.36897725987
"031001020504",6420,43680.618041913,"Big Slough","tbcmp_PD_LA_Inter_2100","PD","LA","Inter","2100",43.1748838462237
"031001020504",6425,68109.9680397338,"Big Slough","tbcmp_PD_LA_Inter_2100","PD","LA","Inter","2100",67.3213908297697
"031001020504",6510,31685.397245831,"Big Slough","tbcmp_PD_LA_Inter_2100","PD","LA","Inter","2100",31.3185437165188
"031001020504",6600,116017.444867345,"Big Slough","tbcmp_PD_LA_Inter_2100","PD","LA","Inter","2100",114.674194890671
"031001020504",9113,99448.7116945217,"Big Slough","tbcmp_PD_LA_Inter_2100","PD","LA","Inter","2100",98.2972945105226
"031001020504",NA,0.00622291234321892,"Big Slough","tbcmp_PD_LA_Inter_2100","PD","LA","Inter","2100",6.15086346410913e-06
"031001020505",1100,1999370.23684618,"Rock Creek-Myakka River","tbcmp_PD_LA_Inter_2100","PD","LA","Inter","2100",1976.22152824397
"031001020505",1200,2082545.62111942,"Rock Creek-Myakka River","tbcmp_PD_LA_Inter_2100","PD","LA","Inter","2100",2058.4339079181
"031001020505",1800,55853.9296575539,"Rock Creek-Myakka River","tbcmp_PD_LA_Inter_2100","PD","LA","Inter","2100",55.2072528599788
"031001020505",1900,2282480.10630202,"Rock Creek-Myakka River","tbcmp_PD_LA_Inter_2100","PD","LA","Inter","2100",2256.05355163125
"031001020505",2100,59957.3034971974,"Rock Creek-Myakka River","tbcmp_PD_LA_Inter_2100","PD","LA","Inter","2100",59.2631178373069
"031001020505",3200,1362717.89915058,"Rock Creek-Myakka River","tbcmp_PD_LA_Inter_2100","PD","LA","Inter","2100",1346.94035131422
"031001020505",4100,2157754.03877021,"Rock Creek-Myakka River","tbcmp_PD_LA_Inter_2100","PD","LA","Inter","2100",2132.77156250933
"031001020505",4400,67810.7518271896,"Rock Creek-Myakka River","tbcmp_PD_LA_Inter_2100","PD","LA","Inter","2100",67.0256389425344
"031001020505",5200,55725.4878350871,"Rock Creek-Myakka River","tbcmp_PD_LA_Inter_2100","PD","LA","Inter","2100",55.0802981369325
"031001020505",5400,1153094.85637701,"Rock Creek-Myakka River","tbcmp_PD_LA_Inter_2100","PD","LA","Inter","2100",1139.74432412988
"031001020505",6110,196542.332697729,"Rock Creek-Myakka River","tbcmp_PD_LA_Inter_2100","PD","LA","Inter","2100",194.266765569755
"031001020505",6120,40926.8108462841,"Rock Creek-Myakka River","tbcmp_PD_LA_Inter_2100","PD","LA","Inter","2100",40.4529602303058
"031001020505",6410,770526.991499658,"Rock Creek-Myakka River","tbcmp_PD_LA_Inter_2100","PD","LA","Inter","2100",761.605829992075
"031001020505",6420,178743.563618226,"Rock Creek-Myakka River","tbcmp_PD_LA_Inter_2100","PD","LA","Inter","2100",176.674070638654
"031001020505",6425,425323.52473493,"Rock Creek-Myakka River","tbcmp_PD_LA_Inter_2100","PD","LA","Inter","2100",420.399128965549
"031001020505",6510,279024.989082211,"Rock Creek-Myakka River","tbcmp_PD_LA_Inter_2100","PD","LA","Inter","2100",275.794437758617
"031001020505",6600,633916.92244624,"Rock Creek-Myakka River","tbcmp_PD_LA_Inter_2100","PD","LA","Inter","2100",626.577432318157
"031001020505",9113,704630.157609665,"Rock Creek-Myakka River","tbcmp_PD_LA_Inter_2100","PD","LA","Inter","2100",696.47194964486
"031001020506",1100,3138403.90375459,"Tippecanoe Bay-Myakka River","tbcmp_PD_LA_Inter_2100","PD","LA","Inter","2100",3102.06746335692
"031001020506",1200,3683886.3715731,"Tippecanoe Bay-Myakka River","tbcmp_PD_LA_Inter_2100","PD","LA","Inter","2100",3641.23433516303
"031001020506",1800,228054,"Tippecanoe Bay-Myakka River","tbcmp_PD_LA_Inter_2100","PD","LA","Inter","2100",225.413590788
"031001020506",1820,146428,"Tippecanoe Bay-Myakka River","tbcmp_PD_LA_Inter_2100","PD","LA","Inter","2100",144.732656616
"031001020506",1900,2754177.45379144,"Tippecanoe Bay-Myakka River","tbcmp_PD_LA_Inter_2100","PD","LA","Inter","2100",2722.28958723144
"031001020506",2100,4592,"Tippecanoe Bay-Myakka River","tbcmp_PD_LA_Inter_2100","PD","LA","Inter","2100",4.538833824
"031001020506",3200,594665.953312829,"Tippecanoe Bay-Myakka River","tbcmp_PD_LA_Inter_2100","PD","LA","Inter","2100",587.780910905373
"031001020506",4100,974590.794526154,"Tippecanoe Bay-Myakka River","tbcmp_PD_LA_Inter_2100","PD","LA","Inter","2100",963.30698230713
"031001020506",4400,135493.561468534,"Tippecanoe Bay-Myakka River","tbcmp_PD_LA_Inter_2100","PD","LA","Inter","2100",133.924817013851
"031001020506",5200,117392.314845057,"Tippecanoe Bay-Myakka River","tbcmp_PD_LA_Inter_2100","PD","LA","Inter","2100",116.033146623781
"031001020506",5400,4058822.40418988,"Tippecanoe Bay-Myakka River","tbcmp_PD_LA_Inter_2100","PD","LA","Inter","2100",4011.82935839417
"031001020506",6110,10519,"Tippecanoe Bay-Myakka River","tbcmp_PD_LA_Inter_2100","PD","LA","Inter","2100",10.397211018
"031001020506",6120,330807.745894282,"Tippecanoe Bay-Myakka River","tbcmp_PD_LA_Inter_2100","PD","LA","Inter","2100",326.977653812318
"031001020506",6410,188272.707651745,"Tippecanoe Bay-Myakka River","tbcmp_PD_LA_Inter_2100","PD","LA","Inter","2100",186.092886242553
"031001020506",6420,269105.09562488,"Tippecanoe Bay-Myakka River","tbcmp_PD_LA_Inter_2100","PD","LA","Inter","2100",265.989396827735
"031001020506",6425,932456.031911834,"Tippecanoe Bay-Myakka River","tbcmp_PD_LA_Inter_2100","PD","LA","Inter","2100",921.660055974359
"031001020506",6510,415668.225120493,"Tippecanoe Bay-Myakka River","tbcmp_PD_LA_Inter_2100","PD","LA","Inter","2100",410.855618410048
"031001020506",6600,722057.488521167,"Tippecanoe Bay-Myakka River","tbcmp_PD_LA_Inter_2100","PD","LA","Inter","2100",713.697506919069
"031001020506",9113,1664220.38115076,"Tippecanoe Bay-Myakka River","tbcmp_PD_LA_Inter_2100","PD","LA","Inter","2100",1644.95203757779
"031001030202",6120,1392.79740805175,"Charlotte Harbor","tbcmp_PD_LA_Inter_2100","PD","LA","Inter","2100",1.37667159966133
"031001030202",9113,3683.23039476217,"Charlotte Harbor","tbcmp_PD_LA_Inter_2100","PD","LA","Inter","2100",3.64058595325161
"031002010101",0,6256,"Palma Sola Bay-Frontal Anna Maria Sound","tbcmp_PD_LA_Inter_2100","PD","LA","Inter","2100",6.183568032
"031002010101",1100,236751.920721715,"Palma Sola Bay-Frontal Anna Maria Sound","tbcmp_PD_LA_Inter_2100","PD","LA","Inter","2100",234.010806983599
"031002010101",1200,9608021.89784547,"Palma Sola Bay-Frontal Anna Maria Sound","tbcmp_PD_LA_Inter_2100","PD","LA","Inter","2100",9496.78022031222
"031002010101",1800,510750.05662852,"Palma Sola Bay-Frontal Anna Maria Sound","tbcmp_PD_LA_Inter_2100","PD","LA","Inter","2100",504.836592472875
"031002010101",1820,324528.97329827,"Palma Sola Bay-Frontal Anna Maria Sound","tbcmp_PD_LA_Inter_2100","PD","LA","Inter","2100",320.771576845423
"031002010101",1900,726371,"Palma Sola Bay-Frontal Anna Maria Sound","tbcmp_PD_LA_Inter_2100","PD","LA","Inter","2100",717.961076562
"031002010101",2100,403452,"Palma Sola Bay-Frontal Anna Maria Sound","tbcmp_PD_LA_Inter_2100","PD","LA","Inter","2100",398.780832744
"031002010101",2200,11014,"Palma Sola Bay-Frontal Anna Maria Sound","tbcmp_PD_LA_Inter_2100","PD","LA","Inter","2100",10.886479908
"031002010101",2400,299695,"Palma Sola Bay-Frontal Anna Maria Sound","tbcmp_PD_LA_Inter_2100","PD","LA","Inter","2100",296.22513129
"031002010101",3200,21750,"Palma Sola Bay-Frontal Anna Maria Sound","tbcmp_PD_LA_Inter_2100","PD","LA","Inter","2100",21.4981785
"031002010101",4100,176293.295117021,"Palma Sola Bay-Frontal Anna Maria Sound","tbcmp_PD_LA_Inter_2100","PD","LA","Inter","2100",174.252171346156
"031002010101",5200,599484.482941939,"Palma Sola Bay-Frontal Anna Maria Sound","tbcmp_PD_LA_Inter_2100","PD","LA","Inter","2100",592.543651598437
"031002010101",5400,2479134.33631669,"Palma Sola Bay-Frontal Anna Maria Sound","tbcmp_PD_LA_Inter_2100","PD","LA","Inter","2100",2450.43091897082
"031002010101",6110,327193,"Palma Sola Bay-Frontal Anna Maria Sound","tbcmp_PD_LA_Inter_2100","PD","LA","Inter","2100",323.404759446
"031002010101",6120,451944.636205702,"Palma Sola Bay-Frontal Anna Maria Sound","tbcmp_PD_LA_Inter_2100","PD","LA","Inter","2100",446.712021207713
"031002010101",6410,35821.3553591303,"Palma Sola Bay-Frontal Anna Maria Sound","tbcmp_PD_LA_Inter_2100","PD","LA","Inter","2100",35.4066157067823
"031002010101",6420,26258.8154636621,"Palma Sola Bay-Frontal Anna Maria Sound","tbcmp_PD_LA_Inter_2100","PD","LA","Inter","2100",25.9547908982239
"031002010101",6425,528.342940174043,"Palma Sola Bay-Frontal Anna Maria Sound","tbcmp_PD_LA_Inter_2100","PD","LA","Inter","2100",0.522225785612708
"031002010101",6510,360.316946644336,"Palma Sola Bay-Frontal Anna Maria Sound","tbcmp_PD_LA_Inter_2100","PD","LA","Inter","2100",0.356145197036088
"031002010101",6600,61027.82040447,"Palma Sola Bay-Frontal Anna Maria Sound","tbcmp_PD_LA_Inter_2100","PD","LA","Inter","2100",60.321240299827
"031002010101",7100,615,"Palma Sola Bay-Frontal Anna Maria Sound","tbcmp_PD_LA_Inter_2100","PD","LA","Inter","2100",0.60787953
"031002010101",9113,2736367.81985246,"Palma Sola Bay-Frontal Anna Maria Sound","tbcmp_PD_LA_Inter_2100","PD","LA","Inter","2100",2704.68615323421
"031002010102",0,224.925901502371,"Roberts Bay-Frontal Sarasota Bay","tbcmp_PD_LA_Inter_2100","PD","LA","Inter","2100",0.222321709414776
"031002010102",1100,491411.629385991,"Roberts Bay-Frontal Sarasota Bay","tbcmp_PD_LA_Inter_2100","PD","LA","Inter","2100",485.72206554096
"031002010102",1200,14814232.943203,"Roberts Bay-Frontal Sarasota Bay","tbcmp_PD_LA_Inter_2100","PD","LA","Inter","2100",14642.7137541866
"031002010102",1800,330017.251926526,"Roberts Bay-Frontal Sarasota Bay","tbcmp_PD_LA_Inter_2100","PD","LA","Inter","2100",326.196312183721
"031002010102",1820,135708,"Roberts Bay-Frontal Sarasota Bay","tbcmp_PD_LA_Inter_2100","PD","LA","Inter","2100",134.136772776
"031002010102",1900,483683.409993667,"Roberts Bay-Frontal Sarasota Bay","tbcmp_PD_LA_Inter_2100","PD","LA","Inter","2100",478.08332347276
"031002010102",2100,126685.97895069,"Roberts Bay-Frontal Sarasota Bay","tbcmp_PD_LA_Inter_2100","PD","LA","Inter","2100",125.219208686399
"031002010102",2400,10695.7956528178,"Roberts Bay-Frontal Sarasota Bay","tbcmp_PD_LA_Inter_2100","PD","LA","Inter","2100",10.5719597307495
"031002010102",3200,24785.2723613173,"Roberts Bay-Frontal Sarasota Bay","tbcmp_PD_LA_Inter_2100","PD","LA","Inter","2100",24.498308477918
"031002010102",4100,243098.219629497,"Roberts Bay-Frontal Sarasota Bay","tbcmp_PD_LA_Inter_2100","PD","LA","Inter","2100",240.283628442627
"031002010102",5200,319896.157423658,"Roberts Bay-Frontal Sarasota Bay","tbcmp_PD_LA_Inter_2100","PD","LA","Inter","2100",316.192399713007
"031002010102",5400,1092315.49706132,"Roberts Bay-Frontal Sarasota Bay","tbcmp_PD_LA_Inter_2100","PD","LA","Inter","2100",1079.66866823635
"031002010102",6110,190742.87640762,"Roberts Bay-Frontal Sarasota Bay","tbcmp_PD_LA_Inter_2100","PD","LA","Inter","2100",188.534455384573
"031002010102",6120,24152.6561856804,"Roberts Bay-Frontal Sarasota Bay","tbcmp_PD_LA_Inter_2100","PD","LA","Inter","2100",23.8730167323626
"031002010102",6410,102954.084022525,"Roberts Bay-Frontal Sarasota Bay","tbcmp_PD_LA_Inter_2100","PD","LA","Inter","2100",101.762081637712
"031002010102",6420,1323.30123226102,"Roberts Bay-Frontal Sarasota Bay","tbcmp_PD_LA_Inter_2100","PD","LA","Inter","2100",1.3079800505939
"031002010102",6425,7038.49332859204,"Roberts Bay-Frontal Sarasota Bay","tbcmp_PD_LA_Inter_2100","PD","LA","Inter","2100",6.9570016528336
"031002010102",6510,1840.99078611734,"Roberts Bay-Frontal Sarasota Bay","tbcmp_PD_LA_Inter_2100","PD","LA","Inter","2100",1.81967579479567
"031002010102",6600,3950.25436628028,"Roberts Bay-Frontal Sarasota Bay","tbcmp_PD_LA_Inter_2100","PD","LA","Inter","2100",3.90451832122749
"031002010102",9113,255661.17691266,"Roberts Bay-Frontal Sarasota Bay","tbcmp_PD_LA_Inter_2100","PD","LA","Inter","2100",252.701131806365
"031002010103",0,271.074098473415,"Sarasota Bay","tbcmp_PD_LA_Inter_2100","PD","LA","Inter","2100",0.26793560256129
"031002010103",1100,108330.084833644,"Sarasota Bay","tbcmp_PD_LA_Inter_2100","PD","LA","Inter","2100",107.075839111441
"031002010103",1200,3989420.9026077,"Sarasota Bay","tbcmp_PD_LA_Inter_2100","PD","LA","Inter","2100",3943.23138739731
"031002010103",1800,647242.968640256,"Sarasota Bay","tbcmp_PD_LA_Inter_2100","PD","LA","Inter","2100",639.74918954934
"031002010103",1820,350580,"Sarasota Bay","tbcmp_PD_LA_Inter_2100","PD","LA","Inter","2100",346.52098476
"031002010103",1900,4332.30712788485,"Sarasota Bay","tbcmp_PD_LA_Inter_2100","PD","LA","Inter","2100",4.2821476759582
"031002010103",3200,19765.4119982023,"Sarasota Bay","tbcmp_PD_LA_Inter_2100","PD","LA","Inter","2100",19.5365680580871
"031002010103",4100,15374.3709096751,"Sarasota Bay","tbcmp_PD_LA_Inter_2100","PD","LA","Inter","2100",15.1963664432829
"031002010103",5200,717,"Sarasota Bay","tbcmp_PD_LA_Inter_2100","PD","LA","Inter","2100",0.708698574
"031002010103",5400,19342763.2383553,"Sarasota Bay","tbcmp_PD_LA_Inter_2100","PD","LA","Inter","2100",19118.8127255816
"031002010103",6110,2847,"Sarasota Bay","tbcmp_PD_LA_Inter_2100","PD","LA","Inter","2100",2.814037434
"031002010103",6120,190450.67060361,"Sarasota Bay","tbcmp_PD_LA_Inter_2100","PD","LA","Inter","2100",188.245632739361
"031002010103",6420,12154.3968991369,"Sarasota Bay","tbcmp_PD_LA_Inter_2100","PD","LA","Inter","2100",12.0136732918387
"031002010103",6600,31112.4066885912,"Sarasota Bay","tbcmp_PD_LA_Inter_2100","PD","LA","Inter","2100",30.7521872439507
"031002010103",9113,3813015.03956226,"Sarasota Bay","tbcmp_PD_LA_Inter_2100","PD","LA","Inter","2100",3768.86795143421
"031002010201",1100,4014496.17992204,"Gum Slough","tbcmp_PD_LA_Inter_2100","PD","LA","Inter","2100",3968.0163431509
"031002010201",1200,1036021.92896101,"Gum Slough","tbcmp_PD_LA_Inter_2100","PD","LA","Inter","2100",1024.0268670675
"031002010201",1800,22845.3983231056,"Gum Slough","tbcmp_PD_LA_Inter_2100","PD","LA","Inter","2100",22.5808943013206
"031002010201",1820,26774.9628329848,"Gum Slough","tbcmp_PD_LA_Inter_2100","PD","LA","Inter","2100",26.4649623133045
"031002010201",1900,599146.93492451,"Gum Slough","tbcmp_PD_LA_Inter_2100","PD","LA","Inter","2100",592.210011711954
"031002010201",2100,5191026.29690043,"Gum Slough","tbcmp_PD_LA_Inter_2100","PD","LA","Inter","2100",5130.92459443492
"031002010201",2400,130111.387372119,"Gum Slough","tbcmp_PD_LA_Inter_2100","PD","LA","Inter","2100",128.604957729124
"031002010201",3200,929655.360328557,"Gum Slough","tbcmp_PD_LA_Inter_2100","PD","LA","Inter","2100",918.891810566673
"031002010201",4100,2370327.10175095,"Gum Slough","tbcmp_PD_LA_Inter_2100","PD","LA","Inter","2100",2342.88345456688
"031002010201",4400,44091,"Gum Slough","tbcmp_PD_LA_Inter_2100","PD","LA","Inter","2100",43.580514402
"031002010201",5200,506012.454004102,"Gum Slough","tbcmp_PD_LA_Inter_2100","PD","LA","Inter","2100",500.153841811642
"031002010201",6110,1593817.20303111,"Gum Slough","tbcmp_PD_LA_Inter_2100","PD","LA","Inter","2100",1575.36398745442
"031002010201",6410,2130238.5898297,"Gum Slough","tbcmp_PD_LA_Inter_2100","PD","LA","Inter","2100",2105.57468743665
"031002010202",0,30,"Dona Bay-Frontal Gulf of Mexico","tbcmp_PD_LA_Inter_2100","PD","LA","Inter","2100",0.02965266
"031002010202",1100,3816725.47192519,"Dona Bay-Frontal Gulf of Mexico","tbcmp_PD_LA_Inter_2100","PD","LA","Inter","2100",3772.53542441124
"031002010202",1200,9397417.15149955,"Dona Bay-Frontal Gulf of Mexico","tbcmp_PD_LA_Inter_2100","PD","LA","Inter","2100",9288.61385571949
"031002010202",1800,329243.552070044,"Dona Bay-Frontal Gulf of Mexico","tbcmp_PD_LA_Inter_2100","PD","LA","Inter","2100",325.431570224177
"031002010202",1820,1017329.44846645,"Dona Bay-Frontal Gulf of Mexico","tbcmp_PD_LA_Inter_2100","PD","LA","Inter","2100",1005.5508081121
"031002010202",1900,2322987.65101631,"Dona Bay-Frontal Gulf of Mexico","tbcmp_PD_LA_Inter_2100","PD","LA","Inter","2100",2296.09209999285
"031002010202",2100,4901804.72163132,"Dona Bay-Frontal Gulf of Mexico","tbcmp_PD_LA_Inter_2100","PD","LA","Inter","2100",4845.05162656427
"031002010202",2200,519167,"Dona Bay-Frontal Gulf of Mexico","tbcmp_PD_LA_Inter_2100","PD","LA","Inter","2100",513.156084474
"031002010202",2400,88317.7441067624,"Dona Bay-Frontal Gulf of Mexico","tbcmp_PD_LA_Inter_2100","PD","LA","Inter","2100",87.2952012654943
"031002010202",3200,863551.307208603,"Dona Bay-Frontal Gulf of Mexico","tbcmp_PD_LA_Inter_2100","PD","LA","Inter","2100",853.553110173742
"031002010202",4100,4736167.50807644,"Dona Bay-Frontal Gulf of Mexico","tbcmp_PD_LA_Inter_2100","PD","LA","Inter","2100",4681.33216066793
"031002010202",4400,13038,"Dona Bay-Frontal Gulf of Mexico","tbcmp_PD_LA_Inter_2100","PD","LA","Inter","2100",12.887046036
"031002010202",5200,1899870.1861955,"Dona Bay-Frontal Gulf of Mexico","tbcmp_PD_LA_Inter_2100","PD","LA","Inter","2100",1877.87348917973
"031002010202",5400,1143238.77397072,"Dona Bay-Frontal Gulf of Mexico","tbcmp_PD_LA_Inter_2100","PD","LA","Inter","2100",1130.00235544568
"031002010202",6110,1811776.48067902,"Dona Bay-Frontal Gulf of Mexico","tbcmp_PD_LA_Inter_2100","PD","LA","Inter","2100",1790.79973258572
"031002010202",6120,26417.0534220827,"Dona Bay-Frontal Gulf of Mexico","tbcmp_PD_LA_Inter_2100","PD","LA","Inter","2100",26.1111967775618
"031002010202",6410,4364896.51383174,"Dona Bay-Frontal Gulf of Mexico","tbcmp_PD_LA_Inter_2100","PD","LA","Inter","2100",4314.3597419946
"031002010202",6420,17963,"Dona Bay-Frontal Gulf of Mexico","tbcmp_PD_LA_Inter_2100","PD","LA","Inter","2100",17.755024386
"031002010202",6425,50990,"Dona Bay-Frontal Gulf of Mexico","tbcmp_PD_LA_Inter_2100","PD","LA","Inter","2100",50.39963778
"031002010202",6510,26647,"Dona Bay-Frontal Gulf of Mexico","tbcmp_PD_LA_Inter_2100","PD","LA","Inter","2100",26.338481034
"031002010202",6600,56788,"Dona Bay-Frontal Gulf of Mexico","tbcmp_PD_LA_Inter_2100","PD","LA","Inter","2100",56.130508536
"031002010202",9113,395475.44495448,"Dona Bay-Frontal Gulf of Mexico","tbcmp_PD_LA_Inter_2100","PD","LA","Inter","2100",390.896630252797
"031002010203",1100,3935629.33491881,"Philippee Creek","tbcmp_PD_LA_Inter_2100","PD","LA","Inter","2100",3890.06261847912
"031002010203",1200,22674469.3371505,"Philippee Creek","tbcmp_PD_LA_Inter_2100","PD","LA","Inter","2100",22411.944331165
"031002010203",1800,873793.343630357,"Philippee Creek","tbcmp_PD_LA_Inter_2100","PD","LA","Inter","2100",863.676564297805
"031002010203",1820,1086875.67054236,"Philippee Creek","tbcmp_PD_LA_Inter_2100","PD","LA","Inter","2100",1074.29182402882
"031002010203",1900,1499624.55152019,"Philippee Creek","tbcmp_PD_LA_Inter_2100","PD","LA","Inter","2100",1482.26189846269
"031002010203",2100,729365.247960431,"Philippee Creek","tbcmp_PD_LA_Inter_2100","PD","LA","Inter","2100",720.920657119545
"031002010203",2200,10049,"Philippee Creek","tbcmp_PD_LA_Inter_2100","PD","LA","Inter","2100",9.932652678
"031002010203",2400,84346.960387173,"Philippee Creek","tbcmp_PD_LA_Inter_2100","PD","LA","Inter","2100",83.3703912798103
"031002010203",3200,124778.346016106,"Philippee Creek","tbcmp_PD_LA_Inter_2100","PD","LA","Inter","2100",123.333662325932
"031002010203",4100,1372426.12462451,"Philippee Creek","tbcmp_PD_LA_Inter_2100","PD","LA","Inter","2100",1356.5361749536
"031002010203",5200,2108875.48699191,"Philippee Creek","tbcmp_PD_LA_Inter_2100","PD","LA","Inter","2100",2084.45892660352
"031002010203",5400,168752.895919395,"Philippee Creek","tbcmp_PD_LA_Inter_2100","PD","LA","Inter","2100",166.79907489044
"031002010203",6110,915807.856483806,"Philippee Creek","tbcmp_PD_LA_Inter_2100","PD","LA","Inter","2100",905.204633121437
"031002010203",6120,40,"Philippee Creek","tbcmp_PD_LA_Inter_2100","PD","LA","Inter","2100",0.03953688
"031002010203",6410,942355.708349622,"Philippee Creek","tbcmp_PD_LA_Inter_2100","PD","LA","Inter","2100",931.44511395835
"031002010203",6420,1801,"Philippee Creek","tbcmp_PD_LA_Inter_2100","PD","LA","Inter","2100",1.780148022
"031002010203",6425,8299.05247292331,"Philippee Creek","tbcmp_PD_LA_Inter_2100","PD","LA","Inter","2100",8.2029660433918
"031002010203",6510,4178.54460907541,"Philippee Creek","tbcmp_PD_LA_Inter_2100","PD","LA","Inter","2100",4.13016541959154
"031002010203",6600,4665,"Philippee Creek","tbcmp_PD_LA_Inter_2100","PD","LA","Inter","2100",4.61098863
"031002010203",9113,22546.1714114731,"Philippee Creek","tbcmp_PD_LA_Inter_2100","PD","LA","Inter","2100",22.2851318388711
"031002010204",0,128,"Little Sarasota Bay-Frontal Gulf of Mexico","tbcmp_PD_LA_Inter_2100","PD","LA","Inter","2100",0.126518016
"031002010204",1100,698653.42776488,"Little Sarasota Bay-Frontal Gulf of Mexico","tbcmp_PD_LA_Inter_2100","PD","LA","Inter","2100",690.564418378218
"031002010204",1200,11995911.0267855,"Little Sarasota Bay-Frontal Gulf of Mexico","tbcmp_PD_LA_Inter_2100","PD","LA","Inter","2100",11857.0223689174
"031002010204",1800,374154.639677917,"Little Sarasota Bay-Frontal Gulf of Mexico","tbcmp_PD_LA_Inter_2100","PD","LA","Inter","2100",369.822677259726
"031002010204",1820,946550,"Little Sarasota Bay-Frontal Gulf of Mexico","tbcmp_PD_LA_Inter_2100","PD","LA","Inter","2100",935.5908441
"031002010204",1900,663380.464164892,"Little Sarasota Bay-Frontal Gulf of Mexico","tbcmp_PD_LA_Inter_2100","PD","LA","Inter","2100",655.69984515079
"031002010204",2100,3051250.83207654,"Little Sarasota Bay-Frontal Gulf of Mexico","tbcmp_PD_LA_Inter_2100","PD","LA","Inter","2100",3015.92344994275
"031002010204",2200,5334,"Little Sarasota Bay-Frontal Gulf of Mexico","tbcmp_PD_LA_Inter_2100","PD","LA","Inter","2100",5.272242948
"031002010204",2400,6848,"Little Sarasota Bay-Frontal Gulf of Mexico","tbcmp_PD_LA_Inter_2100","PD","LA","Inter","2100",6.768713856
"031002010204",3200,521530.347999679,"Little Sarasota Bay-Frontal Gulf of Mexico","tbcmp_PD_LA_Inter_2100","PD","LA","Inter","2100",515.492069630539
"031002010204",4100,2496501.43417323,"Little Sarasota Bay-Frontal Gulf of Mexico","tbcmp_PD_LA_Inter_2100","PD","LA","Inter","2100",2467.59694056837
"031002010204",5200,1550199.25255496,"Little Sarasota Bay-Frontal Gulf of Mexico","tbcmp_PD_LA_Inter_2100","PD","LA","Inter","2100",1532.25104560887
"031002010204",5400,2131495.0971377,"Little Sarasota Bay-Frontal Gulf of Mexico","tbcmp_PD_LA_Inter_2100","PD","LA","Inter","2100",2106.81664690304
"031002010204",6110,598088.513674706,"Little Sarasota Bay-Frontal Gulf of Mexico","tbcmp_PD_LA_Inter_2100","PD","LA","Inter","2100",591.16384486338
"031002010204",6120,84444.0510518932,"Little Sarasota Bay-Frontal Gulf of Mexico","tbcmp_PD_LA_Inter_2100","PD","LA","Inter","2100",83.4663578288144
"031002010204",6410,2418977.05000912,"Little Sarasota Bay-Frontal Gulf of Mexico","tbcmp_PD_LA_Inter_2100","PD","LA","Inter","2100",2390.97013372411
"031002010204",6420,17715.9508698745,"Little Sarasota Bay-Frontal Gulf of Mexico","tbcmp_PD_LA_Inter_2100","PD","LA","Inter","2100",17.5108355907031
"031002010204",6425,14229.4541985093,"Little Sarasota Bay-Frontal Gulf of Mexico","tbcmp_PD_LA_Inter_2100","PD","LA","Inter","2100",14.064705577799
"031002010204",6510,5194.46278598066,"Little Sarasota Bay-Frontal Gulf of Mexico","tbcmp_PD_LA_Inter_2100","PD","LA","Inter","2100",5.13432129584458
"031002010204",6600,38213.2331538275,"Little Sarasota Bay-Frontal Gulf of Mexico","tbcmp_PD_LA_Inter_2100","PD","LA","Inter","2100",37.7708003403725
"031002010204",9113,699852.342773488,"Little Sarasota Bay-Frontal Gulf of Mexico","tbcmp_PD_LA_Inter_2100","PD","LA","Inter","2100",691.749452348857
"031002010205",0,44,"Alligator Creek-Frontal Gulf of Mexico","tbcmp_PD_LA_Inter_2100","PD","LA","Inter","2100",0.043490568
"031002010205",1100,329261.012276345,"Alligator Creek-Frontal Gulf of Mexico","tbcmp_PD_LA_Inter_2100","PD","LA","Inter","2100",325.448828276209
"031002010205",1200,10570206.5231731,"Alligator Creek-Frontal Gulf of Mexico","tbcmp_PD_LA_Inter_2100","PD","LA","Inter","2100",10447.8246720478
"031002010205",1800,466757.159929582,"Alligator Creek-Frontal Gulf of Mexico","tbcmp_PD_LA_Inter_2100","PD","LA","Inter","2100",461.353045531917
"031002010205",1820,654089.5905642,"Alligator Creek-Frontal Gulf of Mexico","tbcmp_PD_LA_Inter_2100","PD","LA","Inter","2100",646.516541284647
"031002010205",1900,213206.588372465,"Alligator Creek-Frontal Gulf of Mexico","tbcmp_PD_LA_Inter_2100","PD","LA","Inter","2100",210.738082492288
"031002010205",2100,6265.39430300362,"Alligator Creek-Frontal Gulf of Mexico","tbcmp_PD_LA_Inter_2100","PD","LA","Inter","2100",6.19285356776344
"031002010205",3200,274330.386502068,"Alligator Creek-Frontal Gulf of Mexico","tbcmp_PD_LA_Inter_2100","PD","LA","Inter","2100",271.154189287147
"031002010205",4100,428064.022491432,"Alligator Creek-Frontal Gulf of Mexico","tbcmp_PD_LA_Inter_2100","PD","LA","Inter","2100",423.107897239027
"031002010205",5200,649783.627816122,"Alligator Creek-Frontal Gulf of Mexico","tbcmp_PD_LA_Inter_2100","PD","LA","Inter","2100",642.260432973267
"031002010205",5400,481003.291092939,"Alligator Creek-Frontal Gulf of Mexico","tbcmp_PD_LA_Inter_2100","PD","LA","Inter","2100",475.434234988665
"031002010205",6110,314959.699430406,"Alligator Creek-Frontal Gulf of Mexico","tbcmp_PD_LA_Inter_2100","PD","LA","Inter","2100",311.313096030401
"031002010205",6120,167913.800753952,"Alligator Creek-Frontal Gulf of Mexico","tbcmp_PD_LA_Inter_2100","PD","LA","Inter","2100",165.969694768823
"031002010205",6410,400215.957229171,"Alligator Creek-Frontal Gulf of Mexico","tbcmp_PD_LA_Inter_2100","PD","LA","Inter","2100",395.582256876372
"031002010205",6420,19101,"Alligator Creek-Frontal Gulf of Mexico","tbcmp_PD_LA_Inter_2100","PD","LA","Inter","2100",18.879848622
"031002010205",6510,1,"Alligator Creek-Frontal Gulf of Mexico","tbcmp_PD_LA_Inter_2100","PD","LA","Inter","2100",0.000988422
"031002010205",6600,63755.8605282307,"Alligator Creek-Frontal Gulf of Mexico","tbcmp_PD_LA_Inter_2100","PD","LA","Inter","2100",63.0176951750348
"031002010205",9113,415770.213357202,"Alligator Creek-Frontal Gulf of Mexico","tbcmp_PD_LA_Inter_2100","PD","LA","Inter","2100",410.956425826952
"031002010301",0,7,"Gottfried Creek-Frontal Gulf of Mexico","tbcmp_PD_LA_Inter_2100","PD","LA","Inter","2100",0.006918954
"031002010301",1100,1317642.52224304,"Gottfried Creek-Frontal Gulf of Mexico","tbcmp_PD_LA_Inter_2100","PD","LA","Inter","2100",1302.38685712051
"031002010301",1200,5051676.22394185,"Gottfried Creek-Frontal Gulf of Mexico","tbcmp_PD_LA_Inter_2100","PD","LA","Inter","2100",4993.18791662105
"031002010301",1800,321161.122012929,"Gottfried Creek-Frontal Gulf of Mexico","tbcmp_PD_LA_Inter_2100","PD","LA","Inter","2100",317.442718542263
"031002010301",1820,395123.95252207,"Gottfried Creek-Frontal Gulf of Mexico","tbcmp_PD_LA_Inter_2100","PD","LA","Inter","2100",390.549207399769
"031002010301",1900,1949497.30906928,"Gottfried Creek-Frontal Gulf of Mexico","tbcmp_PD_LA_Inter_2100","PD","LA","Inter","2100",1926.92602922488
"031002010301",2100,1399639.0405432,"Gottfried Creek-Frontal Gulf of Mexico","tbcmp_PD_LA_Inter_2100","PD","LA","Inter","2100",1383.43401973179
"031002010301",3200,1242971.95963166,"Gottfried Creek-Frontal Gulf of Mexico","tbcmp_PD_LA_Inter_2100","PD","LA","Inter","2100",1228.58083028304
"031002010301",4100,1844774.42115061,"Gottfried Creek-Frontal Gulf of Mexico","tbcmp_PD_LA_Inter_2100","PD","LA","Inter","2100",1823.41562290253
"031002010301",4400,3284,"Gottfried Creek-Frontal Gulf of Mexico","tbcmp_PD_LA_Inter_2100","PD","LA","Inter","2100",3.245977848
"031002010301",5200,784129.516178533,"Gottfried Creek-Frontal Gulf of Mexico","tbcmp_PD_LA_Inter_2100","PD","LA","Inter","2100",775.050864640218
"031002010301",5400,1706670.95115228,"Gottfried Creek-Frontal Gulf of Mexico","tbcmp_PD_LA_Inter_2100","PD","LA","Inter","2100",1686.91111487983
"031002010301",6110,715754,"Gottfried Creek-Frontal Gulf of Mexico","tbcmp_PD_LA_Inter_2100","PD","LA","Inter","2100",707.467000188
"031002010301",6120,63221.1992461054,"Gottfried Creek-Frontal Gulf of Mexico","tbcmp_PD_LA_Inter_2100","PD","LA","Inter","2100",62.489224201234
"031002010301",6410,1732660.53786505,"Gottfried Creek-Frontal Gulf of Mexico","tbcmp_PD_LA_Inter_2100","PD","LA","Inter","2100",1712.59979415765
"031002010301",6420,18327.8864232838,"Gottfried Creek-Frontal Gulf of Mexico","tbcmp_PD_LA_Inter_2100","PD","LA","Inter","2100",18.115686154275
"031002010301",6425,17657.0274485693,"Gottfried Creek-Frontal Gulf of Mexico","tbcmp_PD_LA_Inter_2100","PD","LA","Inter","2100",17.4525943847698
"031002010301",6510,4389,"Gottfried Creek-Frontal Gulf of Mexico","tbcmp_PD_LA_Inter_2100","PD","LA","Inter","2100",4.338184158
"031002010301",6600,68779.7138565963,"Gottfried Creek-Frontal Gulf of Mexico","tbcmp_PD_LA_Inter_2100","PD","LA","Inter","2100",67.9833823295646
"031002010301",9113,467510.178673948,"Gottfried Creek-Frontal Gulf of Mexico","tbcmp_PD_LA_Inter_2100","PD","LA","Inter","2100",462.097345825261
"031002010302",1100,667782.858864894,"Rock Creek-Frontal Gulf of Mexico","tbcmp_PD_LA_Inter_2100","PD","LA","Inter","2100",660.051268924956
"031002010302",1200,373147.819797369,"Rock Creek-Frontal Gulf of Mexico","tbcmp_PD_LA_Inter_2100","PD","LA","Inter","2100",368.827514339756
"031002010302",1800,15146.7521400293,"Rock Creek-Frontal Gulf of Mexico","tbcmp_PD_LA_Inter_2100","PD","LA","Inter","2100",14.9713830437521
"031002010302",1900,112966.361533126,"Rock Creek-Frontal Gulf of Mexico","tbcmp_PD_LA_Inter_2100","PD","LA","Inter","2100",111.658436999295
"031002010302",2100,90420,"Rock Creek-Frontal Gulf of Mexico","tbcmp_PD_LA_Inter_2100","PD","LA","Inter","2100",89.37311724
"031002010302",3200,1339351.34643961,"Rock Creek-Frontal Gulf of Mexico","tbcmp_PD_LA_Inter_2100","PD","LA","Inter","2100",1323.84433655053
"031002010302",4100,2147424.6039376,"Rock Creek-Frontal Gulf of Mexico","tbcmp_PD_LA_Inter_2100","PD","LA","Inter","2100",2122.56172187321
"031002010302",4400,544824.686702832,"Rock Creek-Frontal Gulf of Mexico","tbcmp_PD_LA_Inter_2100","PD","LA","Inter","2100",538.516706480186
"031002010302",5200,63436.345993162,"Rock Creek-Frontal Gulf of Mexico","tbcmp_PD_LA_Inter_2100","PD","LA","Inter","2100",62.7018799792531
"031002010302",5400,36337.1241249615,"Rock Creek-Frontal Gulf of Mexico","tbcmp_PD_LA_Inter_2100","PD","LA","Inter","2100",35.9164129018427
"031002010302",6110,121484,"Rock Creek-Frontal Gulf of Mexico","tbcmp_PD_LA_Inter_2100","PD","LA","Inter","2100",120.077458248
"031002010302",6120,2730,"Rock Creek-Frontal Gulf of Mexico","tbcmp_PD_LA_Inter_2100","PD","LA","Inter","2100",2.69839206
"031002010302",6410,952389.232199309,"Rock Creek-Frontal Gulf of Mexico","tbcmp_PD_LA_Inter_2100","PD","LA","Inter","2100",941.362469668905
"031002010302",6420,11044.1135766413,"Rock Creek-Frontal Gulf of Mexico","tbcmp_PD_LA_Inter_2100","PD","LA","Inter","2100",10.916244829651
"031002010302",6425,30433.9725514219,"Rock Creek-Frontal Gulf of Mexico","tbcmp_PD_LA_Inter_2100","PD","LA","Inter","2100",30.0816080172215
"031002010302",6510,14313,"Rock Creek-Frontal Gulf of Mexico","tbcmp_PD_LA_Inter_2100","PD","LA","Inter","2100",14.147284086
"031002010302",6600,44398.8572067202,"Rock Creek-Frontal Gulf of Mexico","tbcmp_PD_LA_Inter_2100","PD","LA","Inter","2100",43.8848072379808
"031002010302",9113,49108,"Rock Creek-Frontal Gulf of Mexico","tbcmp_PD_LA_Inter_2100","PD","LA","Inter","2100",48.539427576
"031002010400",1200,2715.89749396841,"Venice Inlet-Gulf of Mexico","tbcmp_PD_LA_Inter_2100","PD","LA","Inter","2100",2.68445283278324
"031002010400",1800,458808.171788701,"Venice Inlet-Gulf of Mexico","tbcmp_PD_LA_Inter_2100","PD","LA","Inter","2100",453.496090775731
"031002010400",3200,14323.3114874488,"Venice Inlet-Gulf of Mexico","tbcmp_PD_LA_Inter_2100","PD","LA","Inter","2100",14.1574761870471
"031002010400",4100,440.256654198747,"Venice Inlet-Gulf of Mexico","tbcmp_PD_LA_Inter_2100","PD","LA","Inter","2100",0.435159362656434
"031002010400",5400,105534047.279931,"Venice Inlet-Gulf of Mexico","tbcmp_PD_LA_Inter_2100","PD","LA","Inter","2100",104312.174080524
"031002010400",6120,16531.4404681919,"Venice Inlet-Gulf of Mexico","tbcmp_PD_LA_Inter_2100","PD","LA","Inter","2100",16.3400394504512
"031002010400",6420,4893.35099848092,"Venice Inlet-Gulf of Mexico","tbcmp_PD_LA_Inter_2100","PD","LA","Inter","2100",4.83669578062051
"031002010400",6600,8069.10579115287,"Venice Inlet-Gulf of Mexico","tbcmp_PD_LA_Inter_2100","PD","LA","Inter","2100",7.97568168430291
"031002010400",9113,13376.0247613751,"Venice Inlet-Gulf of Mexico","tbcmp_PD_LA_Inter_2100","PD","LA","Inter","2100",13.2211571466879
"031002020101",1100,25470.4634746031,"North Fork Manatee River","tbcmp_PD_LA_Inter_2100","PD","LA","Inter","2100",25.1755664484942
"031002020101",1200,2731960.4171389,"North Fork Manatee River","tbcmp_PD_LA_Inter_2100","PD","LA","Inter","2100",2700.32977942927
"031002020101",1900,539181.892158215,"North Fork Manatee River","tbcmp_PD_LA_Inter_2100","PD","LA","Inter","2100",532.939244210807
"031002020101",2100,3886247.0730518,"North Fork Manatee River","tbcmp_PD_LA_Inter_2100","PD","LA","Inter","2100",3841.25210444
"031002020101",2200,1106185.01466828,"North Fork Manatee River","tbcmp_PD_LA_Inter_2100","PD","LA","Inter","2100",1093.37760456845
"031002020101",2400,282708,"North Fork Manatee River","tbcmp_PD_LA_Inter_2100","PD","LA","Inter","2100",279.434806776
"031002020101",3200,6263237.37780701,"North Fork Manatee River","tbcmp_PD_LA_Inter_2100","PD","LA","Inter","2100",6190.72161544676
"031002020101",4100,3180329.07571716,"North Fork Manatee River","tbcmp_PD_LA_Inter_2100","PD","LA","Inter","2100",3143.5072256785
"031002020101",4400,997285.955934879,"North Fork Manatee River","tbcmp_PD_LA_Inter_2100","PD","LA","Inter","2100",985.739379137065
"031002020101",5200,65293.3764161745,"North Fork Manatee River","tbcmp_PD_LA_Inter_2100","PD","LA","Inter","2100",64.537409704028
"031002020101",6110,1489360.49896892,"North Fork Manatee River","tbcmp_PD_LA_Inter_2100","PD","LA","Inter","2100",1472.11668311186
"031002020101",6410,1542605.68546118,"North Fork Manatee River","tbcmp_PD_LA_Inter_2100","PD","LA","Inter","2100",1524.74539683491
"031002020102",1100,57793.7924247323,"East Fork Manatee River","tbcmp_PD_LA_Inter_2100","PD","LA","Inter","2100",57.1246558960387
"031002020102",1200,570357.405714052,"East Fork Manatee River","tbcmp_PD_LA_Inter_2100","PD","LA","Inter","2100",563.753807670695
"031002020102",1900,983962.670185249,"East Fork Manatee River","tbcmp_PD_LA_Inter_2100","PD","LA","Inter","2100",972.570350389844
"031002020102",2100,3569611.57112347,"East Fork Manatee River","tbcmp_PD_LA_Inter_2100","PD","LA","Inter","2100",3528.28260835301
"031002020102",2200,1103661.49614547,"East Fork Manatee River","tbcmp_PD_LA_Inter_2100","PD","LA","Inter","2100",1090.8833033431
"031002020102",2400,231021.818139394,"East Fork Manatee River","tbcmp_PD_LA_Inter_2100","PD","LA","Inter","2100",228.347047528976
"031002020102",3200,6716459.41039016,"East Fork Manatee River","tbcmp_PD_LA_Inter_2100","PD","LA","Inter","2100",6638.69624333667
"031002020102",4100,1130234.00649778,"East Fork Manatee River","tbcmp_PD_LA_Inter_2100","PD","LA","Inter","2100",1117.14815717055
"031002020102",4400,1351163.18334748,"East Fork Manatee River","tbcmp_PD_LA_Inter_2100","PD","LA","Inter","2100",1335.51941601068
"031002020102",5200,31019,"East Fork Manatee River","tbcmp_PD_LA_Inter_2100","PD","LA","Inter","2100",30.659862018
"031002020102",6110,1115464.41754121,"East Fork Manatee River","tbcmp_PD_LA_Inter_2100","PD","LA","Inter","2100",1102.54957051492
"031002020102",6410,1689748.33870286,"East Fork Manatee River","tbcmp_PD_LA_Inter_2100","PD","LA","Inter","2100",1670.18443243736
"031002020103",1100,2437954.47511195,"Corbit Branch-Manatee River","tbcmp_PD_LA_Inter_2100","PD","LA","Inter","2100",2409.7278381991
"031002020103",1200,228507.314311873,"Corbit Branch-Manatee River","tbcmp_PD_LA_Inter_2100","PD","LA","Inter","2100",225.86165662677
"031002020103",1800,577.742648060534,"Corbit Branch-Manatee River","tbcmp_PD_LA_Inter_2100","PD","LA","Inter","2100",0.571053543681289
"031002020103",1900,698551.222020021,"Corbit Branch-Manatee River","tbcmp_PD_LA_Inter_2100","PD","LA","Inter","2100",690.463395971473
"031002020103",2100,7273021.54185462,"Corbit Branch-Manatee River","tbcmp_PD_LA_Inter_2100","PD","LA","Inter","2100",7188.81449844302
"031002020103",2200,1216825.44327396,"Corbit Branch-Manatee River","tbcmp_PD_LA_Inter_2100","PD","LA","Inter","2100",1202.73703829173
"031002020103",2400,44944,"Corbit Branch-Manatee River","tbcmp_PD_LA_Inter_2100","PD","LA","Inter","2100",44.423638368
"031002020103",3200,4044749.99345446,"Corbit Branch-Manatee River","tbcmp_PD_LA_Inter_2100","PD","LA","Inter","2100",3997.91987803025
"031002020103",4100,2937737.1872693,"Corbit Branch-Manatee River","tbcmp_PD_LA_Inter_2100","PD","LA","Inter","2100",2903.7240661151
"031002020103",4400,100712,"Corbit Branch-Manatee River","tbcmp_PD_LA_Inter_2100","PD","LA","Inter","2100",99.545956464
"031002020103",5200,420675.884216505,"Corbit Branch-Manatee River","tbcmp_PD_LA_Inter_2100","PD","LA","Inter","2100",415.805298829047
"031002020103",6110,1810497.8902363,"Corbit Branch-Manatee River","tbcmp_PD_LA_Inter_2100","PD","LA","Inter","2100",1789.53594566314
"031002020103",6410,927402.682217409,"Corbit Branch-Manatee River","tbcmp_PD_LA_Inter_2100","PD","LA","Inter","2100",916.665213962696
"031002020104",1100,11962,"Gilley Creek","tbcmp_PD_LA_Inter_2100","PD","LA","Inter","2100",11.823503964
"031002020104",1200,59116.6905447425,"Gilley Creek","tbcmp_PD_LA_Inter_2100","PD","LA","Inter","2100",58.4322375016155
"031002020104",1900,1197619.80708162,"Gilley Creek","tbcmp_PD_LA_Inter_2100","PD","LA","Inter","2100",1183.75376495523
"031002020104",2100,7329217.81033482,"Gilley Creek","tbcmp_PD_LA_Inter_2100","PD","LA","Inter","2100",7244.36012652677
"031002020104",2200,290921.246597363,"Gilley Creek","tbcmp_PD_LA_Inter_2100","PD","LA","Inter","2100",287.552960404259
"031002020104",3200,4338382.47301012,"Gilley Creek","tbcmp_PD_LA_Inter_2100","PD","LA","Inter","2100",4288.15268073761
"031002020104",4100,622946.536199468,"Gilley Creek","tbcmp_PD_LA_Inter_2100","PD","LA","Inter","2100",615.73406120335
"031002020104",5200,68100.9297536667,"Gilley Creek","tbcmp_PD_LA_Inter_2100","PD","LA","Inter","2100",67.3124571889788
"031002020104",6110,791577,"Gilley Creek","tbcmp_PD_LA_Inter_2100","PD","LA","Inter","2100",782.412121494
"031002020104",6410,718661.032123885,"Gilley Creek","tbcmp_PD_LA_Inter_2100","PD","LA","Inter","2100",710.340374693955
"031002020105",1100,1375051.49315904,"Lake Manatee-Manatee River","tbcmp_PD_LA_Inter_2100","PD","LA","Inter","2100",1359.13114697125
"031002020105",1200,4692732.78680837,"Lake Manatee-Manatee River","tbcmp_PD_LA_Inter_2100","PD","LA","Inter","2100",4638.4003266027
"031002020105",1800,528105.119504186,"Lake Manatee-Manatee River","tbcmp_PD_LA_Inter_2100","PD","LA","Inter","2100",521.990718430566
"031002020105",1900,2435011.00520306,"Lake Manatee-Manatee River","tbcmp_PD_LA_Inter_2100","PD","LA","Inter","2100",2406.81844778482
"031002020105",2100,5266227.09306873,"Lake Manatee-Manatee River","tbcmp_PD_LA_Inter_2100","PD","LA","Inter","2100",5205.25471578518
"031002020105",2200,154332.079277499,"Lake Manatee-Manatee River","tbcmp_PD_LA_Inter_2100","PD","LA","Inter","2100",152.545222463624
"031002020105",2400,132138.313967213,"Lake Manatee-Manatee River","tbcmp_PD_LA_Inter_2100","PD","LA","Inter","2100",130.608416568101
"031002020105",3200,1519664.85334096,"Lake Manatee-Manatee River","tbcmp_PD_LA_Inter_2100","PD","LA","Inter","2100",1502.07017366898
"031002020105",4100,1936779.0988425,"Lake Manatee-Manatee River","tbcmp_PD_LA_Inter_2100","PD","LA","Inter","2100",1914.3550704361
"031002020105",5200,2120321.71442363,"Lake Manatee-Manatee River","tbcmp_PD_LA_Inter_2100","PD","LA","Inter","2100",2095.77262961403
"031002020105",5400,160103.889032314,"Lake Manatee-Manatee River","tbcmp_PD_LA_Inter_2100","PD","LA","Inter","2100",158.250206205098
"031002020105",6110,1432279.68736105,"Lake Manatee-Manatee River","tbcmp_PD_LA_Inter_2100","PD","LA","Inter","2100",1415.69675314078
"031002020105",6120,3972,"Lake Manatee-Manatee River","tbcmp_PD_LA_Inter_2100","PD","LA","Inter","2100",3.926012184
"031002020105",6410,980912.197301515,"Lake Manatee-Manatee River","tbcmp_PD_LA_Inter_2100","PD","LA","Inter","2100",969.555195881158
"031002020105",6420,18689.7681632619,"Lake Manatee-Manatee River","tbcmp_PD_LA_Inter_2100","PD","LA","Inter","2100",18.4733780274677
"031002020105",6425,50842.1881300066,"Lake Manatee-Manatee River","tbcmp_PD_LA_Inter_2100","PD","LA","Inter","2100",50.2535372758374
"031002020105",6510,31425.0571662889,"Lake Manatee-Manatee River","tbcmp_PD_LA_Inter_2100","PD","LA","Inter","2100",31.0612178544177
"031002020105",6600,49258.4321102774,"Lake Manatee-Manatee River","tbcmp_PD_LA_Inter_2100","PD","LA","Inter","2100",48.6881179833046
"031002020105",9113,150171.293345287,"Lake Manatee-Manatee River","tbcmp_PD_LA_Inter_2100","PD","LA","Inter","2100",148.432610110935
"031002020106",1100,1016785.47687564,"Upper Gamble Creek","tbcmp_PD_LA_Inter_2100","PD","LA","Inter","2100",1005.01313462437
"031002020106",1200,1297226.03893296,"Upper Gamble Creek","tbcmp_PD_LA_Inter_2100","PD","LA","Inter","2100",1282.20675585419
"031002020106",1800,1402,"Upper Gamble Creek","tbcmp_PD_LA_Inter_2100","PD","LA","Inter","2100",1.385767644
"031002020106",1900,2723629.86817706,"Upper Gamble Creek","tbcmp_PD_LA_Inter_2100","PD","LA","Inter","2100",2692.09568156331
"031002020106",2100,12185353.9555308,"Upper Gamble Creek","tbcmp_PD_LA_Inter_2100","PD","LA","Inter","2100",12044.2719274336
"031002020106",2200,351517.6189284,"Upper Gamble Creek","tbcmp_PD_LA_Inter_2100","PD","LA","Inter","2100",347.447747936447
"031002020106",2400,209483,"Upper Gamble Creek","tbcmp_PD_LA_Inter_2100","PD","LA","Inter","2100",207.057605826
"031002020106",3200,1414134.74889876,"Upper Gamble Creek","tbcmp_PD_LA_Inter_2100","PD","LA","Inter","2100",1397.76189677601
"031002020106",4100,1682714.94423718,"Upper Gamble Creek","tbcmp_PD_LA_Inter_2100","PD","LA","Inter","2100",1663.2324706128
"031002020106",4400,233939.101832088,"Upper Gamble Creek","tbcmp_PD_LA_Inter_2100","PD","LA","Inter","2100",231.230554911077
"031002020106",5200,1093892.2614438,"Upper Gamble Creek","tbcmp_PD_LA_Inter_2100","PD","LA","Inter","2100",1081.2271768408
"031002020106",6110,3705869.91962544,"Upper Gamble Creek","tbcmp_PD_LA_Inter_2100","PD","LA","Inter","2100",3662.96335769601
"031002020106",6410,2088668.1738982,"Upper Gamble Creek","tbcmp_PD_LA_Inter_2100","PD","LA","Inter","2100",2064.48557378081
"031002020107",1100,1230320.03628172,"Lower Gamble Creek","tbcmp_PD_LA_Inter_2100","PD","LA","Inter","2100",1216.07539090165
"031002020107",1200,1792728.2910659,"Lower Gamble Creek","tbcmp_PD_LA_Inter_2100","PD","LA","Inter","2100",1771.97208291194
"031002020107",1800,5219,"Lower Gamble Creek","tbcmp_PD_LA_Inter_2100","PD","LA","Inter","2100",5.158574418
"031002020107",1820,41881.4393483246,"Lower Gamble Creek","tbcmp_PD_LA_Inter_2100","PD","LA","Inter","2100",41.3965360435497
"031002020107",1900,980902.927037689,"Lower Gamble Creek","tbcmp_PD_LA_Inter_2100","PD","LA","Inter","2100",969.546032948447
"031002020107",2100,3055251.3655141,"Lower Gamble Creek","tbcmp_PD_LA_Inter_2100","PD","LA","Inter","2100",3019.87766520418
"031002020107",2200,191963.095116559,"Lower Gamble Creek","tbcmp_PD_LA_Inter_2100","PD","LA","Inter","2100",189.740546401299
"031002020107",2400,80066.9555922288,"Lower Gamble Creek","tbcmp_PD_LA_Inter_2100","PD","LA","Inter","2100",79.139940380382
"031002020107",3200,344996.854477291,"Lower Gamble Creek","tbcmp_PD_LA_Inter_2100","PD","LA","Inter","2100",341.002480896153
"031002020107",4100,191802.963978841,"Lower Gamble Creek","tbcmp_PD_LA_Inter_2100","PD","LA","Inter","2100",189.582269261894
"031002020107",5200,420436.711777241,"Lower Gamble Creek","tbcmp_PD_LA_Inter_2100","PD","LA","Inter","2100",415.568895528284
"031002020107",5400,136091.838664006,"Lower Gamble Creek","tbcmp_PD_LA_Inter_2100","PD","LA","Inter","2100",134.516167355954
"031002020107",6110,1059157.60611744,"Lower Gamble Creek","tbcmp_PD_LA_Inter_2100","PD","LA","Inter","2100",1046.89467935381
"031002020107",6120,6924,"Lower Gamble Creek","tbcmp_PD_LA_Inter_2100","PD","LA","Inter","2100",6.843833928
"031002020107",6410,508590.932138536,"Lower Gamble Creek","tbcmp_PD_LA_Inter_2100","PD","LA","Inter","2100",502.702466326237
"031002020107",6420,40382.1803621004,"Lower Gamble Creek","tbcmp_PD_LA_Inter_2100","PD","LA","Inter","2100",39.914635477868
"031002020107",6425,80747.8039279701,"Lower Gamble Creek","tbcmp_PD_LA_Inter_2100","PD","LA","Inter","2100",79.8129058540921
"031002020107",6510,47509.388331595,"Lower Gamble Creek","tbcmp_PD_LA_Inter_2100","PD","LA","Inter","2100",46.9593246334918
"031002020107",6600,78177.2400582971,"Lower Gamble Creek","tbcmp_PD_LA_Inter_2100","PD","LA","Inter","2100",77.2721039729021
"031002020107",9113,252433.014114902,"Lower Gamble Creek","tbcmp_PD_LA_Inter_2100","PD","LA","Inter","2100",249.51034467748
"031002020201",1100,2601401.51998335,"Upper Braden River","tbcmp_PD_LA_Inter_2100","PD","LA","Inter","2100",2571.28249318498
"031002020201",1200,10132323.4561243,"Upper Braden River","tbcmp_PD_LA_Inter_2100","PD","LA","Inter","2100",10015.0114151493
"031002020201",1800,1033215.32133932,"Upper Braden River","tbcmp_PD_LA_Inter_2100","PD","LA","Inter","2100",1021.25275434886
"031002020201",1820,1327222.14351173,"Upper Braden River","tbcmp_PD_LA_Inter_2100","PD","LA","Inter","2100",1311.85556553416
"031002020201",1900,2254049.08877191,"Upper Braden River","tbcmp_PD_LA_Inter_2100","PD","LA","Inter","2100",2227.95170842211
"031002020201",2100,2371060.75750389,"Upper Braden River","tbcmp_PD_LA_Inter_2100","PD","LA","Inter","2100",2343.60861605351
"031002020201",2400,69242.0846511573,"Upper Braden River","tbcmp_PD_LA_Inter_2100","PD","LA","Inter","2100",68.4403997950662
"031002020201",3200,764171.549188776,"Upper Braden River","tbcmp_PD_LA_Inter_2100","PD","LA","Inter","2100",755.323970992268
"031002020201",4100,2193510.35687735,"Upper Braden River","tbcmp_PD_LA_Inter_2100","PD","LA","Inter","2100",2168.11389396543
"031002020201",4400,9958,"Upper Braden River","tbcmp_PD_LA_Inter_2100","PD","LA","Inter","2100",9.842706276
"031002020201",5200,3748455.83852906,"Upper Braden River","tbcmp_PD_LA_Inter_2100","PD","LA","Inter","2100",3705.05621683057
"031002020201",5400,48300.0362271022,"Upper Braden River","tbcmp_PD_LA_Inter_2100","PD","LA","Inter","2100",47.7408184076648
"031002020201",6110,1919698.95286472,"Upper Braden River","tbcmp_PD_LA_Inter_2100","PD","LA","Inter","2100",1897.47267838846
"031002020201",6120,33561.9073837409,"Upper Braden River","tbcmp_PD_LA_Inter_2100","PD","LA","Inter","2100",33.1733276200519
"031002020201",6410,2141647.27487797,"Upper Braden River","tbcmp_PD_LA_Inter_2100","PD","LA","Inter","2100",2116.85128272944
"031002020201",6420,5676.35850251,"Upper Braden River","tbcmp_PD_LA_Inter_2100","PD","LA","Inter","2100",5.61063762376794
"031002020201",6600,17036.5011726171,"Upper Braden River","tbcmp_PD_LA_Inter_2100","PD","LA","Inter","2100",16.8392525620405
"031002020201",9113,16234.682838025,"Upper Braden River","tbcmp_PD_LA_Inter_2100","PD","LA","Inter","2100",16.0467176801264
"031002020202",1100,2483144.90118134,"Lower Braden River","tbcmp_PD_LA_Inter_2100","PD","LA","Inter","2100",2454.39504951546
"031002020202",1200,12491793.4115275,"Lower Braden River","tbcmp_PD_LA_Inter_2100","PD","LA","Inter","2100",12347.1634274088
"031002020202",1800,230011.502714055,"Lower Braden River","tbcmp_PD_LA_Inter_2100","PD","LA","Inter","2100",227.348429535632
"031002020202",1820,893364.774646684,"Lower Braden River","tbcmp_PD_LA_Inter_2100","PD","LA","Inter","2100",883.021397285824
"031002020202",1900,906424.094228221,"Lower Braden River","tbcmp_PD_LA_Inter_2100","PD","LA","Inter","2100",895.929516065247
"031002020202",2100,489222.49384195,"Lower Braden River","tbcmp_PD_LA_Inter_2100","PD","LA","Inter","2100",483.558275808248
"031002020202",2200,38642,"Lower Braden River","tbcmp_PD_LA_Inter_2100","PD","LA","Inter","2100",38.194602924
"031002020202",2400,75767.8565878809,"Lower Braden River","tbcmp_PD_LA_Inter_2100","PD","LA","Inter","2100",74.8906163443064
"031002020202",3200,74393.224738262,"Lower Braden River","tbcmp_PD_LA_Inter_2100","PD","LA","Inter","2100",73.5318999822424
"031002020202",4100,989293.631742546,"Lower Braden River","tbcmp_PD_LA_Inter_2100","PD","LA","Inter","2100",977.83959007423
"031002020202",4400,48573,"Lower Braden River","tbcmp_PD_LA_Inter_2100","PD","LA","Inter","2100",48.010621806
"031002020202",5200,1407321.89656117,"Lower Braden River","tbcmp_PD_LA_Inter_2100","PD","LA","Inter","2100",1391.02792364278
"031002020202",5400,1031281.36640604,"Lower Braden River","tbcmp_PD_LA_Inter_2100","PD","LA","Inter","2100",1019.34119074579
"031002020202",6110,913766.651395149,"Lower Braden River","tbcmp_PD_LA_Inter_2100","PD","LA","Inter","2100",903.187061105296
"031002020202",6120,46937.0926161507,"Lower Braden River","tbcmp_PD_LA_Inter_2100","PD","LA","Inter","2100",46.3936549578409
"031002020202",6410,584793.149593289,"Lower Braden River","tbcmp_PD_LA_Inter_2100","PD","LA","Inter","2100",578.022414507298
"031002020202",6420,41983.6414974779,"Lower Braden River","tbcmp_PD_LA_Inter_2100","PD","LA","Inter","2100",41.4975548962201
"031002020202",6425,92879,"Lower Braden River","tbcmp_PD_LA_Inter_2100","PD","LA","Inter","2100",91.803646938
"031002020202",6510,101804,"Lower Braden River","tbcmp_PD_LA_Inter_2100","PD","LA","Inter","2100",100.625313288
"031002020202",6600,73680.4988272894,"Lower Braden River","tbcmp_PD_LA_Inter_2100","PD","LA","Inter","2100",72.827426011867
"031002020202",9113,647626.467856122,"Lower Braden River","tbcmp_PD_LA_Inter_2100","PD","LA","Inter","2100",640.128248611284
"031002020203",0,24,"Cypress Strand-Manatee River","tbcmp_PD_LA_Inter_2100","PD","LA","Inter","2100",0.023722128
"031002020203",1100,1747887.00732508,"Cypress Strand-Manatee River","tbcmp_PD_LA_Inter_2100","PD","LA","Inter","2100",1727.64997155427
"031002020203",1200,9820286.95099008,"Cypress Strand-Manatee River","tbcmp_PD_LA_Inter_2100","PD","LA","Inter","2100",9706.58766867152
"031002020203",1800,267385.454823387,"Cypress Strand-Manatee River","tbcmp_PD_LA_Inter_2100","PD","LA","Inter","2100",264.289666027442
"031002020203",1820,722051.483212686,"Cypress Strand-Manatee River","tbcmp_PD_LA_Inter_2100","PD","LA","Inter","2100",713.691571140049
"031002020203",1900,1439226.91404876,"Cypress Strand-Manatee River","tbcmp_PD_LA_Inter_2100","PD","LA","Inter","2100",1422.56354483791
"031002020203",2100,1070981.39149216,"Cypress Strand-Manatee River","tbcmp_PD_LA_Inter_2100","PD","LA","Inter","2100",1058.58156894146
"031002020203",2400,95624.3044356252,"Cypress Strand-Manatee River","tbcmp_PD_LA_Inter_2100","PD","LA","Inter","2100",94.5171662388695
"031002020203",3200,89012.9710122241,"Cypress Strand-Manatee River","tbcmp_PD_LA_Inter_2100","PD","LA","Inter","2100",87.9823788338446
"031002020203",4100,889956.460473879,"Cypress Strand-Manatee River","tbcmp_PD_LA_Inter_2100","PD","LA","Inter","2100",879.652544574513
"031002020203",5200,1480812.76785543,"Cypress Strand-Manatee River","tbcmp_PD_LA_Inter_2100","PD","LA","Inter","2100",1463.6679176292
"031002020203",5400,2955001.39042192,"Cypress Strand-Manatee River","tbcmp_PD_LA_Inter_2100","PD","LA","Inter","2100",2920.78838432362
"031002020203",6110,1718163.87762567,"Cypress Strand-Manatee River","tbcmp_PD_LA_Inter_2100","PD","LA","Inter","2100",1698.27097625052
"031002020203",6120,49167,"Cypress Strand-Manatee River","tbcmp_PD_LA_Inter_2100","PD","LA","Inter","2100",48.597744474
"031002020203",6410,911514.124453677,"Cypress Strand-Manatee River","tbcmp_PD_LA_Inter_2100","PD","LA","Inter","2100",900.960613920753
"031002020203",6420,33746.0514745116,"Cypress Strand-Manatee River","tbcmp_PD_LA_Inter_2100","PD","LA","Inter","2100",33.3553396905397
"031002020203",6425,140490.007942771,"Cypress Strand-Manatee River","tbcmp_PD_LA_Inter_2100","PD","LA","Inter","2100",138.863414630809
"031002020203",6510,200168.554502218,"Cypress Strand-Manatee River","tbcmp_PD_LA_Inter_2100","PD","LA","Inter","2100",197.851002978191
"031002020203",6600,76827.3278313465,"Cypress Strand-Manatee River","tbcmp_PD_LA_Inter_2100","PD","LA","Inter","2100",75.9378210297152
"031002020203",9113,1338586.37533865,"Cypress Strand-Manatee River","tbcmp_PD_LA_Inter_2100","PD","LA","Inter","2100",1323.08822228498
"031002020204",1100,399640.510219481,"Warner West Bayou-Manatee River","tbcmp_PD_LA_Inter_2100","PD","LA","Inter","2100",395.01347239216
"031002020204",1200,10148762.4810713,"Warner West Bayou-Manatee River","tbcmp_PD_LA_Inter_2100","PD","LA","Inter","2100",10031.2601090655
"031002020204",1800,163192.022204509,"Warner West Bayou-Manatee River","tbcmp_PD_LA_Inter_2100","PD","LA","Inter","2100",161.302584971425
"031002020204",1820,157350.026701817,"Warner West Bayou-Manatee River","tbcmp_PD_LA_Inter_2100","PD","LA","Inter","2100",155.528228092663
"031002020204",1900,444585.082263932,"Warner West Bayou-Manatee River","tbcmp_PD_LA_Inter_2100","PD","LA","Inter","2100",439.437676181481
"031002020204",2100,274788.070954595,"Warner West Bayou-Manatee River","tbcmp_PD_LA_Inter_2100","PD","LA","Inter","2100",271.606574669083
"031002020204",2200,16822.3016428734,"Warner West Bayou-Manatee River","tbcmp_PD_LA_Inter_2100","PD","LA","Inter","2100",16.6275330344522
"031002020204",2400,36659.1973049572,"Warner West Bayou-Manatee River","tbcmp_PD_LA_Inter_2100","PD","LA","Inter","2100",36.2347571185604
"031002020204",3200,14442,"Warner West Bayou-Manatee River","tbcmp_PD_LA_Inter_2100","PD","LA","Inter","2100",14.274790524
"031002020204",4100,234306.112966849,"Warner West Bayou-Manatee River","tbcmp_PD_LA_Inter_2100","PD","LA","Inter","2100",231.593316790919
"031002020204",5200,105260.945915743,"Warner West Bayou-Manatee River","tbcmp_PD_LA_Inter_2100","PD","LA","Inter","2100",104.042234683931
"031002020204",5400,4111436.79791005,"Warner West Bayou-Manatee River","tbcmp_PD_LA_Inter_2100","PD","LA","Inter","2100",4063.83458266385
"031002020204",6110,89044.9032853074,"Warner West Bayou-Manatee River","tbcmp_PD_LA_Inter_2100","PD","LA","Inter","2100",88.0139413950701
"031002020204",6120,1685,"Warner West Bayou-Manatee River","tbcmp_PD_LA_Inter_2100","PD","LA","Inter","2100",1.66549107
"031002020204",6410,80871.6446408259,"Warner West Bayou-Manatee River","tbcmp_PD_LA_Inter_2100","PD","LA","Inter","2100",79.9353127391744
"031002020204",6420,10554.1062436969,"Warner West Bayou-Manatee River","tbcmp_PD_LA_Inter_2100","PD","LA","Inter","2100",10.4319108016074
"031002020204",6425,38772.6423882133,"Warner West Bayou-Manatee River","tbcmp_PD_LA_Inter_2100","PD","LA","Inter","2100",38.3237327346425
"031002020204",6510,22339.1354259445,"Warner West Bayou-Manatee River","tbcmp_PD_LA_Inter_2100","PD","LA","Inter","2100",22.0804929159829
"031002020204",6600,24749.277283119,"Warner West Bayou-Manatee River","tbcmp_PD_LA_Inter_2100","PD","LA","Inter","2100",24.462730150735
"031002020204",9113,408557.428754695,"Warner West Bayou-Manatee River","tbcmp_PD_LA_Inter_2100","PD","LA","Inter","2100",403.827150844574
"031002030101",1100,177529.140189212,"Alderman Creek-Little Manatee River","tbcmp_PD_LA_Inter_2100","PD","LA","Inter","2100",175.473707804102
"031002030101",1200,10569362.8396475,"Alderman Creek-Little Manatee River","tbcmp_PD_LA_Inter_2100","PD","LA","Inter","2100",10446.9907566901
"031002030101",1900,5487783.23056085,"Alderman Creek-Little Manatee River","tbcmp_PD_LA_Inter_2100","PD","LA","Inter","2100",5424.24567631742
"031002030101",2100,2215124.73594572,"Alderman Creek-Little Manatee River","tbcmp_PD_LA_Inter_2100","PD","LA","Inter","2100",2189.47802175294
"031002030101",2200,119206.649972307,"Alderman Creek-Little Manatee River","tbcmp_PD_LA_Inter_2100","PD","LA","Inter","2100",117.826475378927
"031002030101",2400,45318,"Alderman Creek-Little Manatee River","tbcmp_PD_LA_Inter_2100","PD","LA","Inter","2100",44.793308196
"031002030101",3200,346995.703950753,"Alderman Creek-Little Manatee River","tbcmp_PD_LA_Inter_2100","PD","LA","Inter","2100",342.978187690411
"031002030101",4100,399189.510806139,"Alderman Creek-Little Manatee River","tbcmp_PD_LA_Inter_2100","PD","LA","Inter","2100",394.567694650026
"031002030101",4400,367157.38590582,"Alderman Creek-Little Manatee River","tbcmp_PD_LA_Inter_2100","PD","LA","Inter","2100",362.906437691802
"031002030101",5200,169096.94026017,"Alderman Creek-Little Manatee River","tbcmp_PD_LA_Inter_2100","PD","LA","Inter","2100",167.139135885838
"031002030101",6110,2067743.4050057,"Alderman Creek-Little Manatee River","tbcmp_PD_LA_Inter_2100","PD","LA","Inter","2100",2043.80307186254
"031002030101",6410,1176041.1660917,"Alderman Creek-Little Manatee River","tbcmp_PD_LA_Inter_2100","PD","LA","Inter","2100",1162.42496147069
"031002030102",1100,287293.78741814,"Howard Prairie Branch","tbcmp_PD_LA_Inter_2100","PD","LA","Inter","2100",283.967499947413
"031002030102",1200,7678124.80826476,"Howard Prairie Branch","tbcmp_PD_LA_Inter_2100","PD","LA","Inter","2100",7589.22747923467
"031002030102",1900,546245.649906297,"Howard Prairie Branch","tbcmp_PD_LA_Inter_2100","PD","LA","Inter","2100",539.921217771682
"031002030102",2100,1288911.5874838,"Howard Prairie Branch","tbcmp_PD_LA_Inter_2100","PD","LA","Inter","2100",1273.98856912391
"031002030102",2200,1128.35002795857,"Howard Prairie Branch","tbcmp_PD_LA_Inter_2100","PD","LA","Inter","2100",1.11528599133487
"031002030102",2400,3117.38803244906,"Howard Prairie Branch","tbcmp_PD_LA_Inter_2100","PD","LA","Inter","2100",3.08129491380937
"031002030102",3200,392730.625434372,"Howard Prairie Branch","tbcmp_PD_LA_Inter_2100","PD","LA","Inter","2100",388.183590253093
"031002030102",4100,140557.361492158,"Howard Prairie Branch","tbcmp_PD_LA_Inter_2100","PD","LA","Inter","2100",138.929988360802
"031002030102",4400,51490.0510291255,"Howard Prairie Branch","tbcmp_PD_LA_Inter_2100","PD","LA","Inter","2100",50.8938992183103
"031002030102",5200,7921,"Howard Prairie Branch","tbcmp_PD_LA_Inter_2100","PD","LA","Inter","2100",7.829290662
"031002030102",6110,822044.92053567,"Howard Prairie Branch","tbcmp_PD_LA_Inter_2100","PD","LA","Inter","2100",812.527284445708
"031002030102",6410,423989.518248063,"Howard Prairie Branch","tbcmp_PD_LA_Inter_2100","PD","LA","Inter","2100",419.080567605787
"031002030103",1100,1868649.99643911,"Carlton Branch-Little Manatee River","tbcmp_PD_LA_Inter_2100","PD","LA","Inter","2100",1847.01476678033
"031002030103",1200,2727037.65014009,"Carlton Branch-Little Manatee River","tbcmp_PD_LA_Inter_2100","PD","LA","Inter","2100",2695.46400822677
"031002030103",1800,5868.06752910657,"Carlton Branch-Little Manatee River","tbcmp_PD_LA_Inter_2100","PD","LA","Inter","2100",5.80012704325458
"031002030103",1900,1637672.00847612,"Carlton Branch-Little Manatee River","tbcmp_PD_LA_Inter_2100","PD","LA","Inter","2100",1618.71104196199
"031002030103",2100,10055089.4069778,"Carlton Branch-Little Manatee River","tbcmp_PD_LA_Inter_2100","PD","LA","Inter","2100",9938.67158182384
"031002030103",2200,389371,"Carlton Branch-Little Manatee River","tbcmp_PD_LA_Inter_2100","PD","LA","Inter","2100",384.862862562
"031002030103",2400,510400.273612172,"Carlton Branch-Little Manatee River","tbcmp_PD_LA_Inter_2100","PD","LA","Inter","2100",504.49085924429
"031002030103",3200,1170268.6995533,"Carlton Branch-Little Manatee River","tbcmp_PD_LA_Inter_2100","PD","LA","Inter","2100",1156.71932854987
"031002030103",4100,1057932.23256925,"Carlton Branch-Little Manatee River","tbcmp_PD_LA_Inter_2100","PD","LA","Inter","2100",1045.68349318056
"031002030103",4400,24481.8374389269,"Carlton Branch-Little Manatee River","tbcmp_PD_LA_Inter_2100","PD","LA","Inter","2100",24.198386725059
"031002030103",5200,280038.988252506,"Carlton Branch-Little Manatee River","tbcmp_PD_LA_Inter_2100","PD","LA","Inter","2100",276.796696846518
"031002030103",6110,2376916.55834905,"Carlton Branch-Little Manatee River","tbcmp_PD_LA_Inter_2100","PD","LA","Inter","2100",2349.39661843648
"031002030103",6410,409344.395587848,"Carlton Branch-Little Manatee River","tbcmp_PD_LA_Inter_2100","PD","LA","Inter","2100",404.605006175732
"031002030104",1100,971632.026759825,"South Fork Little Manatee River","tbcmp_PD_LA_Inter_2100","PD","LA","Inter","2100",960.382471154
"031002030104",1200,4722790.25656054,"South Fork Little Manatee River","tbcmp_PD_LA_Inter_2100","PD","LA","Inter","2100",4668.10979097008
"031002030104",1800,88420,"South Fork Little Manatee River","tbcmp_PD_LA_Inter_2100","PD","LA","Inter","2100",87.39627324
"031002030104",1900,1766467.9108156,"South Fork Little Manatee River","tbcmp_PD_LA_Inter_2100","PD","LA","Inter","2100",1746.01574534417
"031002030104",2100,7850965.12936709,"South Fork Little Manatee River","tbcmp_PD_LA_Inter_2100","PD","LA","Inter","2100",7760.06665509928
"031002030104",2200,476164.502136913,"South Fork Little Manatee River","tbcmp_PD_LA_Inter_2100","PD","LA","Inter","2100",470.651469531172
"031002030104",2400,167420,"South Fork Little Manatee River","tbcmp_PD_LA_Inter_2100","PD","LA","Inter","2100",165.48161124
"031002030104",3200,2641278.95867544,"South Fork Little Manatee River","tbcmp_PD_LA_Inter_2100","PD","LA","Inter","2100",2610.69823089189
"031002030104",4100,2758525.41291949,"South Fork Little Manatee River","tbcmp_PD_LA_Inter_2100","PD","LA","Inter","2100",2726.58720568871
"031002030104",4400,130188.734681958,"South Fork Little Manatee River","tbcmp_PD_LA_Inter_2100","PD","LA","Inter","2100",128.68140951181
"031002030104",5200,59599,"South Fork Little Manatee River","tbcmp_PD_LA_Inter_2100","PD","LA","Inter","2100",58.908962778
"031002030104",6110,2771888.54971455,"South Fork Little Manatee River","tbcmp_PD_LA_Inter_2100","PD","LA","Inter","2100",2739.79562408596
"031002030104",6410,790423.888500392,"South Fork Little Manatee River","tbcmp_PD_LA_Inter_2100","PD","LA","Inter","2100",781.272360719335
"031002030105",1100,1934240.29714197,"Dug Creek-Little Manatee River","tbcmp_PD_LA_Inter_2100","PD","LA","Inter","2100",1911.84566298166
"031002030105",1200,1712937.80700052,"Dug Creek-Little Manatee River","tbcmp_PD_LA_Inter_2100","PD","LA","Inter","2100",1693.10541307107
"031002030105",1800,52149.147465383,"Dug Creek-Little Manatee River","tbcmp_PD_LA_Inter_2100","PD","LA","Inter","2100",51.5453646360288
"031002030105",1820,136999.555805857,"Dug Creek-Little Manatee River","tbcmp_PD_LA_Inter_2100","PD","LA","Inter","2100",135.413374948737
"031002030105",1900,1347546.4007241,"Dug Creek-Little Manatee River","tbcmp_PD_LA_Inter_2100","PD","LA","Inter","2100",1331.94450849651
"031002030105",2100,2626617.60799867,"Dug Creek-Little Manatee River","tbcmp_PD_LA_Inter_2100","PD","LA","Inter","2100",2596.20662933326
"031002030105",2200,17079,"Dug Creek-Little Manatee River","tbcmp_PD_LA_Inter_2100","PD","LA","Inter","2100",16.881259338
"031002030105",2400,539677,"Dug Creek-Little Manatee River","tbcmp_PD_LA_Inter_2100","PD","LA","Inter","2100",533.428619694
"031002030105",3200,1174864.5839465,"Dug Creek-Little Manatee River","tbcmp_PD_LA_Inter_2100","PD","LA","Inter","2100",1161.26200179356
"031002030105",4100,2267494.26467036,"Dug Creek-Little Manatee River","tbcmp_PD_LA_Inter_2100","PD","LA","Inter","2100",2241.24121607401
"031002030105",4400,54734.2353469509,"Dug Creek-Little Manatee River","tbcmp_PD_LA_Inter_2100","PD","LA","Inter","2100",54.1005223701039
"031002030105",5200,2578445.15275387,"Dug Creek-Little Manatee River","tbcmp_PD_LA_Inter_2100","PD","LA","Inter","2100",2548.59191477528
"031002030105",5400,12026.4264177829,"Dug Creek-Little Manatee River","tbcmp_PD_LA_Inter_2100","PD","LA","Inter","2100",11.8871844527178
"031002030105",6110,1989994.87514187,"Dug Creek-Little Manatee River","tbcmp_PD_LA_Inter_2100","PD","LA","Inter","2100",1966.95471447747
"031002030105",6410,635564.103381078,"Dug Creek-Little Manatee River","tbcmp_PD_LA_Inter_2100","PD","LA","Inter","2100",628.205542192132
"031002030105",6420,794.711207758635,"Dug Creek-Little Manatee River","tbcmp_PD_LA_Inter_2100","PD","LA","Inter","2100",0.785510041395206
"031002030105",6425,1762.7472031082,"Dug Creek-Little Manatee River","tbcmp_PD_LA_Inter_2100","PD","LA","Inter","2100",1.74233811599061
"031002030105",6510,632.14886328578,"Dug Creek-Little Manatee River","tbcmp_PD_LA_Inter_2100","PD","LA","Inter","2100",0.624829843746657
"031002030105",6600,4872.93651584984,"Dug Creek-Little Manatee River","tbcmp_PD_LA_Inter_2100","PD","LA","Inter","2100",4.81651765686933
"031002030105",9113,4137.61673869658,"Dug Creek-Little Manatee River","tbcmp_PD_LA_Inter_2100","PD","LA","Inter","2100",4.08971141209595
"031002030201",1100,868038.878429406,"Curiosity Creek","tbcmp_PD_LA_Inter_2100","PD","LA","Inter","2100",857.98872429495
"031002030201",1200,754862.915777449,"Curiosity Creek","tbcmp_PD_LA_Inter_2100","PD","LA","Inter","2100",746.123112938577
"031002030201",1800,12514.2136743944,"Curiosity Creek","tbcmp_PD_LA_Inter_2100","PD","LA","Inter","2100",12.3693241084723
"031002030201",1900,2227604.05432263,"Curiosity Creek","tbcmp_PD_LA_Inter_2100","PD","LA","Inter","2100",2201.81285458168
"031002030201",2100,5870122.27638582,"Curiosity Creek","tbcmp_PD_LA_Inter_2100","PD","LA","Inter","2100",5802.15800066983
"031002030201",2200,63937.9027332827,"Curiosity Creek","tbcmp_PD_LA_Inter_2100","PD","LA","Inter","2100",63.1976296954368
"031002030201",2400,21333.7450879846,"Curiosity Creek","tbcmp_PD_LA_Inter_2100","PD","LA","Inter","2100",21.0867429873559
"031002030201",3200,552263.172093815,"Curiosity Creek","tbcmp_PD_LA_Inter_2100","PD","LA","Inter","2100",545.869069087313
"031002030201",4100,898772.988799066,"Curiosity Creek","tbcmp_PD_LA_Inter_2100","PD","LA","Inter","2100",888.36699513475
"031002030201",5200,357541.433415326,"Curiosity Creek","tbcmp_PD_LA_Inter_2100","PD","LA","Inter","2100",353.401818699243
"031002030201",5400,8596.3028501049,"Curiosity Creek","tbcmp_PD_LA_Inter_2100","PD","LA","Inter","2100",8.49677485570638
"031002030201",6110,1698109.09262473,"Curiosity Creek","tbcmp_PD_LA_Inter_2100","PD","LA","Inter","2100",1678.44838555032
"031002030201",6120,3766,"Curiosity Creek","tbcmp_PD_LA_Inter_2100","PD","LA","Inter","2100",3.722397252
"031002030201",6410,939008.399852696,"Curiosity Creek","tbcmp_PD_LA_Inter_2100","PD","LA","Inter","2100",928.136560599202
"031002030201",6420,3195.87737907097,"Curiosity Creek","tbcmp_PD_LA_Inter_2100","PD","LA","Inter","2100",3.15887551077608
"031002030201",6425,10909.1524982333,"Curiosity Creek","tbcmp_PD_LA_Inter_2100","PD","LA","Inter","2100",10.7828463306088
"031002030201",6510,12081.4137352413,"Curiosity Creek","tbcmp_PD_LA_Inter_2100","PD","LA","Inter","2100",11.9415351270146
"031002030201",6600,7068.23787468311,"Curiosity Creek","tbcmp_PD_LA_Inter_2100","PD","LA","Inter","2100",6.98640181657003
"031002030201",9113,43909.3940365678,"Curiosity Creek","tbcmp_PD_LA_Inter_2100","PD","LA","Inter","2100",43.4010110724125
"031002030202",1100,2089930.90841611,"Cypress Creek-Little Manatee River","tbcmp_PD_LA_Inter_2100","PD","LA","Inter","2100",2065.73368835847
"031002030202",1200,5382823.58208432,"Cypress Creek-Little Manatee River","tbcmp_PD_LA_Inter_2100","PD","LA","Inter","2100",5320.50125065095
"031002030202",1800,168595.607337252,"Cypress Creek-Little Manatee River","tbcmp_PD_LA_Inter_2100","PD","LA","Inter","2100",166.643607395502
"031002030202",1820,1047267.4441944,"Cypress Creek-Little Manatee River","tbcmp_PD_LA_Inter_2100","PD","LA","Inter","2100",1035.14218172552
"031002030202",1900,864261.987208181,"Cypress Creek-Little Manatee River","tbcmp_PD_LA_Inter_2100","PD","LA","Inter","2100",854.255561920285
"031002030202",2100,1126353.29371723,"Cypress Creek-Little Manatee River","tbcmp_PD_LA_Inter_2100","PD","LA","Inter","2100",1113.31237528257
"031002030202",2400,203494.254912657,"Cypress Creek-Little Manatee River","tbcmp_PD_LA_Inter_2100","PD","LA","Inter","2100",201.138198429279
"031002030202",3200,1155314.74280578,"Cypress Creek-Little Manatee River","tbcmp_PD_LA_Inter_2100","PD","LA","Inter","2100",1141.93850871358
"031002030202",4100,1584642.40776191,"Cypress Creek-Little Manatee River","tbcmp_PD_LA_Inter_2100","PD","LA","Inter","2100",1566.29541796484
"031002030202",5200,887134.227539189,"Cypress Creek-Little Manatee River","tbcmp_PD_LA_Inter_2100","PD","LA","Inter","2100",876.862987452741
"031002030202",5400,354248.178560878,"Cypress Creek-Little Manatee River","tbcmp_PD_LA_Inter_2100","PD","LA","Inter","2100",350.146693149501
"031002030202",6110,1816947.62674787,"Cypress Creek-Little Manatee River","tbcmp_PD_LA_Inter_2100","PD","LA","Inter","2100",1795.91100712538
"031002030202",6120,32492,"Cypress Creek-Little Manatee River","tbcmp_PD_LA_Inter_2100","PD","LA","Inter","2100",32.115807624
"031002030202",6410,949470.896473323,"Cypress Creek-Little Manatee River","tbcmp_PD_LA_Inter_2100","PD","LA","Inter","2100",938.477922433955
"031002030202",6420,43019.8010661725,"Cypress Creek-Little Manatee River","tbcmp_PD_LA_Inter_2100","PD","LA","Inter","2100",42.5217178094283
"031002030202",6425,151865.58118019,"Cypress Creek-Little Manatee River","tbcmp_PD_LA_Inter_2100","PD","LA","Inter","2100",150.107281481286
"031002030202",6510,113394.202419279,"Cypress Creek-Little Manatee River","tbcmp_PD_LA_Inter_2100","PD","LA","Inter","2100",112.081324343669
"031002030202",6600,98753.510823674,"Cypress Creek-Little Manatee River","tbcmp_PD_LA_Inter_2100","PD","LA","Inter","2100",97.6101426753576
"031002030202",9113,577558.591362817,"Cypress Creek-Little Manatee River","tbcmp_PD_LA_Inter_2100","PD","LA","Inter","2100",570.871617992018
"031002030203",0,88.9130546450615,"Wildcat Creek-Little Manatee River","tbcmp_PD_LA_Inter_2100","PD","LA","Inter","2100",0.087883619298381
"031002030203",1100,834922.86374153,"Wildcat Creek-Little Manatee River","tbcmp_PD_LA_Inter_2100","PD","LA","Inter","2100",825.256126825131
"031002030203",1200,4811586.7864477,"Wildcat Creek-Little Manatee River","tbcmp_PD_LA_Inter_2100","PD","LA","Inter","2100",4755.87823463421
"031002030203",1800,36460.8628941039,"Wildcat Creek-Little Manatee River","tbcmp_PD_LA_Inter_2100","PD","LA","Inter","2100",36.038719023516
"031002030203",1820,126980,"Wildcat Creek-Little Manatee River","tbcmp_PD_LA_Inter_2100","PD","LA","Inter","2100",125.50982556
"031002030203",1900,802950.737955585,"Wildcat Creek-Little Manatee River","tbcmp_PD_LA_Inter_2100","PD","LA","Inter","2100",793.654174311536
"031002030203",2100,1387605.58757851,"Wildcat Creek-Little Manatee River","tbcmp_PD_LA_Inter_2100","PD","LA","Inter","2100",1371.53989008553
"031002030203",2200,549782,"Wildcat Creek-Little Manatee River","tbcmp_PD_LA_Inter_2100","PD","LA","Inter","2100",543.416624004
"031002030203",2400,160182.110499338,"Wildcat Creek-Little Manatee River","tbcmp_PD_LA_Inter_2100","PD","LA","Inter","2100",158.327522023977
"031002030203",3200,293922.747169552,"Wildcat Creek-Little Manatee River","tbcmp_PD_LA_Inter_2100","PD","LA","Inter","2100",290.519709602823
"031002030203",4100,477262.878534612,"Wildcat Creek-Little Manatee River","tbcmp_PD_LA_Inter_2100","PD","LA","Inter","2100",471.737128926938
"031002030203",5200,313485.018546384,"Wildcat Creek-Little Manatee River","tbcmp_PD_LA_Inter_2100","PD","LA","Inter","2100",309.855489001654
"031002030203",5400,1323431.46136448,"Wildcat Creek-Little Manatee River","tbcmp_PD_LA_Inter_2100","PD","LA","Inter","2100",1308.1087719048
"031002030203",6110,415096.193130066,"Wildcat Creek-Little Manatee River","tbcmp_PD_LA_Inter_2100","PD","LA","Inter","2100",410.290209406006
"031002030203",6120,269558.32314995,"Wildcat Creek-Little Manatee River","tbcmp_PD_LA_Inter_2100","PD","LA","Inter","2100",266.437376884519
"031002030203",6410,150401.673557374,"Wildcat Creek-Little Manatee River","tbcmp_PD_LA_Inter_2100","PD","LA","Inter","2100",148.660322980927
"031002030203",6420,46362.9465922839,"Wildcat Creek-Little Manatee River","tbcmp_PD_LA_Inter_2100","PD","LA","Inter","2100",45.8261563966385
"031002030203",6425,102709.519118526,"Wildcat Creek-Little Manatee River","tbcmp_PD_LA_Inter_2100","PD","LA","Inter","2100",101.520348306172
"031002030203",6510,123212.234982137,"Wildcat Creek-Little Manatee River","tbcmp_PD_LA_Inter_2100","PD","LA","Inter","2100",121.785683725514
"031002030203",6600,130292.183484564,"Wildcat Creek-Little Manatee River","tbcmp_PD_LA_Inter_2100","PD","LA","Inter","2100",128.78366058418
"031002030203",9113,458434.082022194,"Wildcat Creek-Little Manatee River","tbcmp_PD_LA_Inter_2100","PD","LA","Inter","2100",453.126332220541
"031002040102",1100,69399.6605120282,"Poley Creek","tbcmp_PD_LA_Inter_2100","PD","LA","Inter","2100",68.5961512426199
"031002040102",1200,286589.800860612,"Poley Creek","tbcmp_PD_LA_Inter_2100","PD","LA","Inter","2100",283.271664146248
"031002040102",1900,8465.05523348609,"Poley Creek","tbcmp_PD_LA_Inter_2100","PD","LA","Inter","2100",8.36704682399279
"031002040102",3200,28377.1002226209,"Poley Creek","tbcmp_PD_LA_Inter_2100","PD","LA","Inter","2100",28.0485501562434
"031002040102",4100,30122.1217477104,"Poley Creek","tbcmp_PD_LA_Inter_2100","PD","LA","Inter","2100",29.7733678221154
"031002040102",5200,762,"Poley Creek","tbcmp_PD_LA_Inter_2100","PD","LA","Inter","2100",0.753177564
"031002040102",6110,115836.42287951,"Poley Creek","tbcmp_PD_LA_Inter_2100","PD","LA","Inter","2100",114.495268775411
"031002040102",6410,5290.22711246833,"Poley Creek","tbcmp_PD_LA_Inter_2100","PD","LA","Inter","2100",5.22897686296017
"031002040103",1100,4223289.89091802,"English Creek","tbcmp_PD_LA_Inter_2100","PD","LA","Inter","2100",4174.39264056097
"031002040103",1200,5616839.3304677,"English Creek","tbcmp_PD_LA_Inter_2100","PD","LA","Inter","2100",5551.80756469954
"031002040103",1800,12168.7392226534,"English Creek","tbcmp_PD_LA_Inter_2100","PD","LA","Inter","2100",12.0278495599336
"031002040103",1900,1716849.17711854,"English Creek","tbcmp_PD_LA_Inter_2100","PD","LA","Inter","2100",1696.97149734586
"031002040103",2100,3719211.37908667,"English Creek","tbcmp_PD_LA_Inter_2100","PD","LA","Inter","2100",3676.1503497396
"031002040103",2200,33827.9381489316,"English Creek","tbcmp_PD_LA_Inter_2100","PD","LA","Inter","2100",33.4362782810433
"031002040103",2400,270644.813910806,"English Creek","tbcmp_PD_LA_Inter_2100","PD","LA","Inter","2100",267.511288255347
"031002040103",3200,208689.116830547,"English Creek","tbcmp_PD_LA_Inter_2100","PD","LA","Inter","2100",206.272914235883
"031002040103",4100,1444932.98084954,"English Creek","tbcmp_PD_LA_Inter_2100","PD","LA","Inter","2100",1428.20354679727
"031002040103",4400,46184.324421075,"English Creek","tbcmp_PD_LA_Inter_2100","PD","LA","Inter","2100",45.6496023129278
"031002040103",5200,477279.555959474,"English Creek","tbcmp_PD_LA_Inter_2100","PD","LA","Inter","2100",471.753613260575
"031002040103",6110,1836888.39559853,"English Creek","tbcmp_PD_LA_Inter_2100","PD","LA","Inter","2100",1815.62090175429
"031002040103",6410,938141.916449208,"English Creek","tbcmp_PD_LA_Inter_2100","PD","LA","Inter","2100",927.280109340559
"031002040104",1100,1667608.15993173,"North Prong Alafia River","tbcmp_PD_LA_Inter_2100","PD","LA","Inter","2100",1648.30059265604
"031002040104",1200,2383508.37985286,"North Prong Alafia River","tbcmp_PD_LA_Inter_2100","PD","LA","Inter","2100",2355.91211983092
"031002040104",1800,10303.0486932899,"North Prong Alafia River","tbcmp_PD_LA_Inter_2100","PD","LA","Inter","2100",10.183759995519
"031002040104",1900,2985754.1240025,"North Prong Alafia River","tbcmp_PD_LA_Inter_2100","PD","LA","Inter","2100",2951.1850627548
"031002040104",2100,1881471.2429028,"North Prong Alafia River","tbcmp_PD_LA_Inter_2100","PD","LA","Inter","2100",1859.68756885247
"031002040104",2200,40707,"North Prong Alafia River","tbcmp_PD_LA_Inter_2100","PD","LA","Inter","2100",40.235694354
"031002040104",2400,55235,"North Prong Alafia River","tbcmp_PD_LA_Inter_2100","PD","LA","Inter","2100",54.59548917
"031002040104",3200,65865.6226572404,"North Prong Alafia River","tbcmp_PD_LA_Inter_2100","PD","LA","Inter","2100",65.1030304781149
"031002040104",4100,1302675.75430082,"North Prong Alafia River","tbcmp_PD_LA_Inter_2100","PD","LA","Inter","2100",1287.59337441752
"031002040104",4400,202786,"North Prong Alafia River","tbcmp_PD_LA_Inter_2100","PD","LA","Inter","2100",200.438143692
"031002040104",5200,172302.315486141,"North Prong Alafia River","tbcmp_PD_LA_Inter_2100","PD","LA","Inter","2100",170.307399277442
"031002040104",6110,1998254.93641423,"North Prong Alafia River","tbcmp_PD_LA_Inter_2100","PD","LA","Inter","2100",1975.11914076042
"031002040104",6410,290599,"North Prong Alafia River","tbcmp_PD_LA_Inter_2100","PD","LA","Inter","2100",287.234444778
"031002040202",1100,582.427401147084,"031002040202-South Prong Alafia River","tbcmp_PD_LA_Inter_2100","PD","LA","Inter","2100",0.575684056696603
"031002040202",1200,307973.8125293,"031002040202-South Prong Alafia River","tbcmp_PD_LA_Inter_2100","PD","LA","Inter","2100",304.408091727836
"031002040202",1900,2346530.84513643,"031002040202-South Prong Alafia River","tbcmp_PD_LA_Inter_2100","PD","LA","Inter","2100",2319.36271101144
"031002040202",4400,119548.011302597,"031002040202-South Prong Alafia River","tbcmp_PD_LA_Inter_2100","PD","LA","Inter","2100",118.163884427736
"031002040202",5200,154346.374259086,"031002040202-South Prong Alafia River","tbcmp_PD_LA_Inter_2100","PD","LA","Inter","2100",152.559351937914
"031002040202",6110,22061.9317072134,"031002040202-South Prong Alafia River","tbcmp_PD_LA_Inter_2100","PD","LA","Inter","2100",21.8064986619073
"031002040202",6410,303678.204296328,"031002040202-South Prong Alafia River","tbcmp_PD_LA_Inter_2100","PD","LA","Inter","2100",300.162218046985
"031002040203",1100,511103.198723582,"Hurrah Lake-South Prong Alafia River","tbcmp_PD_LA_Inter_2100","PD","LA","Inter","2100",505.18564588876
"031002040203",1200,2435651.30054891,"Hurrah Lake-South Prong Alafia River","tbcmp_PD_LA_Inter_2100","PD","LA","Inter","2100",2407.45132979115
"031002040203",1900,5977893.25244691,"Hurrah Lake-South Prong Alafia River","tbcmp_PD_LA_Inter_2100","PD","LA","Inter","2100",5908.68120437008
"031002040203",2100,614945.699964919,"Hurrah Lake-South Prong Alafia River","tbcmp_PD_LA_Inter_2100","PD","LA","Inter","2100",607.825858650725
"031002040203",2200,1678,"Hurrah Lake-South Prong Alafia River","tbcmp_PD_LA_Inter_2100","PD","LA","Inter","2100",1.658572116
"031002040203",2400,11679,"Hurrah Lake-South Prong Alafia River","tbcmp_PD_LA_Inter_2100","PD","LA","Inter","2100",11.543780538
"031002040203",3200,12038,"Hurrah Lake-South Prong Alafia River","tbcmp_PD_LA_Inter_2100","PD","LA","Inter","2100",11.898624036
"031002040203",4100,173656.893545642,"Hurrah Lake-South Prong Alafia River","tbcmp_PD_LA_Inter_2100","PD","LA","Inter","2100",171.64629403217
"031002040203",4400,1296596.38369031,"Hurrah Lake-South Prong Alafia River","tbcmp_PD_LA_Inter_2100","PD","LA","Inter","2100",1281.58439075994
"031002040203",5200,560466.685480077,"Hurrah Lake-South Prong Alafia River","tbcmp_PD_LA_Inter_2100","PD","LA","Inter","2100",553.977602195589
"031002040203",6110,2444927.25573945,"Hurrah Lake-South Prong Alafia River","tbcmp_PD_LA_Inter_2100","PD","LA","Inter","2100",2416.6198879725
"031002040203",6410,1170583.62961177,"Hurrah Lake-South Prong Alafia River","tbcmp_PD_LA_Inter_2100","PD","LA","Inter","2100",1157.03061234812
"031002040204",1100,246696.23368625,"Hurrah Creek-South Prong Alafia River","tbcmp_PD_LA_Inter_2100","PD","LA","Inter","2100",243.839984692631
"031002040204",1200,4556127.47505338,"Hurrah Creek-South Prong Alafia River","tbcmp_PD_LA_Inter_2100","PD","LA","Inter","2100",4503.37663114722
"031002040204",1800,20853,"Hurrah Creek-South Prong Alafia River","tbcmp_PD_LA_Inter_2100","PD","LA","Inter","2100",20.611563966
"031002040204",1900,4051251.78044453,"Hurrah Creek-South Prong Alafia River","tbcmp_PD_LA_Inter_2100","PD","LA","Inter","2100",4004.34638733054
"031002040204",2100,2115965.61589895,"Hurrah Creek-South Prong Alafia River","tbcmp_PD_LA_Inter_2100","PD","LA","Inter","2100",2091.46696599808
"031002040204",2200,42716,"Hurrah Creek-South Prong Alafia River","tbcmp_PD_LA_Inter_2100","PD","LA","Inter","2100",42.221434152
"031002040204",3200,27838.644248873,"Hurrah Creek-South Prong Alafia River","tbcmp_PD_LA_Inter_2100","PD","LA","Inter","2100",27.5163284257595
"031002040204",4100,177947.533069117,"Hurrah Creek-South Prong Alafia River","tbcmp_PD_LA_Inter_2100","PD","LA","Inter","2100",175.887256531243
"031002040204",4400,194059.086343052,"Hurrah Creek-South Prong Alafia River","tbcmp_PD_LA_Inter_2100","PD","LA","Inter","2100",191.812270241372
"031002040204",5200,222576.001073733,"Hurrah Creek-South Prong Alafia River","tbcmp_PD_LA_Inter_2100","PD","LA","Inter","2100",219.999016133301
"031002040204",6110,1838206.82560816,"Hurrah Creek-South Prong Alafia River","tbcmp_PD_LA_Inter_2100","PD","LA","Inter","2100",1816.92406698127
"031002040204",6410,737334.88885604,"Hurrah Creek-South Prong Alafia River","tbcmp_PD_LA_Inter_2100","PD","LA","Inter","2100",728.798025512865
"031002040205",1100,2456350.90391588,"Mizelle Creek-South Prong Alafia River","tbcmp_PD_LA_Inter_2100","PD","LA","Inter","2100",2427.91127315035
"031002040205",1200,164754.703060936,"Mizelle Creek-South Prong Alafia River","tbcmp_PD_LA_Inter_2100","PD","LA","Inter","2100",162.847173108897
"031002040205",1900,4912145.83764055,"Mizelle Creek-South Prong Alafia River","tbcmp_PD_LA_Inter_2100","PD","LA","Inter","2100",4855.27301313235
"031002040205",2100,4084008.41436694,"Mizelle Creek-South Prong Alafia River","tbcmp_PD_LA_Inter_2100","PD","LA","Inter","2100",4036.7237649454
"031002040205",2200,16253,"Mizelle Creek-South Prong Alafia River","tbcmp_PD_LA_Inter_2100","PD","LA","Inter","2100",16.064822766
"031002040205",2400,66118.7953275982,"Mizelle Creek-South Prong Alafia River","tbcmp_PD_LA_Inter_2100","PD","LA","Inter","2100",65.3532719152953
"031002040205",3200,1733678.93131749,"Mizelle Creek-South Prong Alafia River","tbcmp_PD_LA_Inter_2100","PD","LA","Inter","2100",1713.6063966507
"031002040205",4100,914470.3782317,"Mizelle Creek-South Prong Alafia River","tbcmp_PD_LA_Inter_2100","PD","LA","Inter","2100",903.882640192533
"031002040205",4400,168915,"Mizelle Creek-South Prong Alafia River","tbcmp_PD_LA_Inter_2100","PD","LA","Inter","2100",166.95930213
"031002040205",5200,299034.281170612,"Mizelle Creek-South Prong Alafia River","tbcmp_PD_LA_Inter_2100","PD","LA","Inter","2100",295.572062263219
"031002040205",6110,2528687.1099057,"Mizelle Creek-South Prong Alafia River","tbcmp_PD_LA_Inter_2100","PD","LA","Inter","2100",2499.40997054721
"031002040205",6410,442926.289465099,"Mizelle Creek-South Prong Alafia River","tbcmp_PD_LA_Inter_2100","PD","LA","Inter","2100",437.798088885672
"031002040301",1100,2394935.78333552,"Allens Cove","tbcmp_PD_LA_Inter_2100","PD","LA","Inter","2100",2367.20721683606
"031002040301",1200,1338735.01497414,"Allens Cove","tbcmp_PD_LA_Inter_2100","PD","LA","Inter","2100",1323.23514097077
"031002040301",1800,107330,"Allens Cove","tbcmp_PD_LA_Inter_2100","PD","LA","Inter","2100",106.08733326
"031002040301",1820,1328.71827138282,"Allens Cove","tbcmp_PD_LA_Inter_2100","PD","LA","Inter","2100",1.31333437123675
"031002040301",1900,2550504.87601135,"Allens Cove","tbcmp_PD_LA_Inter_2100","PD","LA","Inter","2100",2520.97513055689
"031002040301",2100,5393793.50146156,"Allens Cove","tbcmp_PD_LA_Inter_2100","PD","LA","Inter","2100",5331.34416030163
"031002040301",2200,79451.0618512265,"Allens Cove","tbcmp_PD_LA_Inter_2100","PD","LA","Inter","2100",78.531177457113
"031002040301",2400,182902,"Allens Cove","tbcmp_PD_LA_Inter_2100","PD","LA","Inter","2100",180.784360644
"031002040301",3200,30869,"Allens Cove","tbcmp_PD_LA_Inter_2100","PD","LA","Inter","2100",30.511598718
"031002040301",4100,542771.904199635,"Allens Cove","tbcmp_PD_LA_Inter_2100","PD","LA","Inter","2100",536.487691092811
"031002040301",4400,96428.6755789188,"Allens Cove","tbcmp_PD_LA_Inter_2100","PD","LA","Inter","2100",95.3122243730661
"031002040301",5200,875894.149943821,"Allens Cove","tbcmp_PD_LA_Inter_2100","PD","LA","Inter","2100",865.753047475771
"031002040301",6110,942967.771547604,"Allens Cove","tbcmp_PD_LA_Inter_2100","PD","LA","Inter","2100",932.050090688626
"031002040301",6410,333212.309430827,"Allens Cove","tbcmp_PD_LA_Inter_2100","PD","LA","Inter","2100",329.354377312237
"031002040302",1100,2389886.14351853,"Turkey Creek","tbcmp_PD_LA_Inter_2100","PD","LA","Inter","2100",2362.21604174888
"031002040302",1200,1677808.31297302,"Turkey Creek","tbcmp_PD_LA_Inter_2100","PD","LA","Inter","2100",1658.38264832542
"031002040302",1800,84837,"Turkey Creek","tbcmp_PD_LA_Inter_2100","PD","LA","Inter","2100",83.854757214
"031002040302",1820,39883.3518630432,"Turkey Creek","tbcmp_PD_LA_Inter_2100","PD","LA","Inter","2100",39.4215824151729
"031002040302",1900,3048580.09104654,"Turkey Creek","tbcmp_PD_LA_Inter_2100","PD","LA","Inter","2100",3013.28363075241
"031002040302",2100,3312571.37914575,"Turkey Creek","tbcmp_PD_LA_Inter_2100","PD","LA","Inter","2100",3274.218427718
"031002040302",2200,21241,"Turkey Creek","tbcmp_PD_LA_Inter_2100","PD","LA","Inter","2100",20.995071702
"031002040302",2400,91728.2265698118,"Turkey Creek","tbcmp_PD_LA_Inter_2100","PD","LA","Inter","2100",90.6661971625866
"031002040302",3200,11542,"Turkey Creek","tbcmp_PD_LA_Inter_2100","PD","LA","Inter","2100",11.408366724
"031002040302",4100,349529.065952745,"Turkey Creek","tbcmp_PD_LA_Inter_2100","PD","LA","Inter","2100",345.482218427144
"031002040302",4400,33174.2369874952,"Turkey Creek","tbcmp_PD_LA_Inter_2100","PD","LA","Inter","2100",32.790145671654
"031002040302",5200,177594.389050888,"Turkey Creek","tbcmp_PD_LA_Inter_2100","PD","LA","Inter","2100",175.538201214457
"031002040302",6110,996020.087387529,"Turkey Creek","tbcmp_PD_LA_Inter_2100","PD","LA","Inter","2100",984.488166815756
"031002040302",6410,532606.731336768,"Turkey Creek","tbcmp_PD_LA_Inter_2100","PD","LA","Inter","2100",526.440210601351
"031002040303",1100,494475.992757986,"Fishhook Creek","tbcmp_PD_LA_Inter_2100","PD","LA","Inter","2100",488.750949713834
"031002040303",1200,1859190.00171184,"Fishhook Creek","tbcmp_PD_LA_Inter_2100","PD","LA","Inter","2100",1837.66429987202
"031002040303",1800,9868.52369927488,"Fishhook Creek","tbcmp_PD_LA_Inter_2100","PD","LA","Inter","2100",9.75426593188467
"031002040303",1900,2411888.81477277,"Fishhook Creek","tbcmp_PD_LA_Inter_2100","PD","LA","Inter","2100",2383.96396607533
"031002040303",2100,1066511.39938168,"Fishhook Creek","tbcmp_PD_LA_Inter_2100","PD","LA","Inter","2100",1054.16333039964
"031002040303",2200,59927,"Fishhook Creek","tbcmp_PD_LA_Inter_2100","PD","LA","Inter","2100",59.233165194
"031002040303",2400,170590,"Fishhook Creek","tbcmp_PD_LA_Inter_2100","PD","LA","Inter","2100",168.61490898
"031002040303",3200,1755256.77063058,"Fishhook Creek","tbcmp_PD_LA_Inter_2100","PD","LA","Inter","2100",1734.93440774021
"031002040303",4100,2082902.13804355,"Fishhook Creek","tbcmp_PD_LA_Inter_2100","PD","LA","Inter","2100",2058.78629708929
"031002040303",4400,128601.647156345,"Fishhook Creek","tbcmp_PD_LA_Inter_2100","PD","LA","Inter","2100",127.112697285569
"031002040303",5200,1172851.67776575,"Fishhook Creek","tbcmp_PD_LA_Inter_2100","PD","LA","Inter","2100",1159.27240104057
"031002040303",6110,1481200.38285242,"Fishhook Creek","tbcmp_PD_LA_Inter_2100","PD","LA","Inter","2100",1464.05104481976
"031002040303",6410,564561.960521024,"Fishhook Creek","tbcmp_PD_LA_Inter_2100","PD","LA","Inter","2100",558.025462142111
"031002040303",6600,27,"Fishhook Creek","tbcmp_PD_LA_Inter_2100","PD","LA","Inter","2100",0.026687394
"031002040304",1100,4126838.6294516,"Little Fishhawk Creek-Alafia River","tbcmp_PD_LA_Inter_2100","PD","LA","Inter","2100",4079.05809179981
"031002040304",1200,5088053.32534144,"Little Fishhawk Creek-Alafia River","tbcmp_PD_LA_Inter_2100","PD","LA","Inter","2100",5029.14384394064
"031002040304",1800,230550.803023442,"Little Fishhawk Creek-Alafia River","tbcmp_PD_LA_Inter_2100","PD","LA","Inter","2100",227.881485826037
"031002040304",1820,259068.208072809,"Little Fishhawk Creek-Alafia River","tbcmp_PD_LA_Inter_2100","PD","LA","Inter","2100",256.068716359742
"031002040304",1900,1091274.67592457,"Little Fishhawk Creek-Alafia River","tbcmp_PD_LA_Inter_2100","PD","LA","Inter","2100",1078.63989772672
"031002040304",2100,1958506.54936701,"Little Fishhawk Creek-Alafia River","tbcmp_PD_LA_Inter_2100","PD","LA","Inter","2100",1935.83096053844
"031002040304",2200,10236,"Little Fishhawk Creek-Alafia River","tbcmp_PD_LA_Inter_2100","PD","LA","Inter","2100",10.117487592
"031002040304",2400,42384.2046723345,"Little Fishhawk Creek-Alafia River","tbcmp_PD_LA_Inter_2100","PD","LA","Inter","2100",41.8934803506382
"031002040304",3200,33062,"Little Fishhawk Creek-Alafia River","tbcmp_PD_LA_Inter_2100","PD","LA","Inter","2100",32.679208164
"031002040304",4100,2047622.33678083,"Little Fishhawk Creek-Alafia River","tbcmp_PD_LA_Inter_2100","PD","LA","Inter","2100",2023.91496536558
"031002040304",4400,21838,"Little Fishhawk Creek-Alafia River","tbcmp_PD_LA_Inter_2100","PD","LA","Inter","2100",21.585159636
"031002040304",5200,324485.756717574,"Little Fishhawk Creek-Alafia River","tbcmp_PD_LA_Inter_2100","PD","LA","Inter","2100",320.728860626298
"031002040304",5400,1470,"Little Fishhawk Creek-Alafia River","tbcmp_PD_LA_Inter_2100","PD","LA","Inter","2100",1.45298034
"031002040304",6110,2997333.61484662,"Little Fishhawk Creek-Alafia River","tbcmp_PD_LA_Inter_2100","PD","LA","Inter","2100",2962.63048625393
"031002040304",6410,659292.547399108,"Little Fishhawk Creek-Alafia River","tbcmp_PD_LA_Inter_2100","PD","LA","Inter","2100",651.659258285321
"031002040304",6420,371,"Little Fishhawk Creek-Alafia River","tbcmp_PD_LA_Inter_2100","PD","LA","Inter","2100",0.366704562
"031002040304",6425,993,"Little Fishhawk Creek-Alafia River","tbcmp_PD_LA_Inter_2100","PD","LA","Inter","2100",0.981503046
"031002040304",6510,548,"Little Fishhawk Creek-Alafia River","tbcmp_PD_LA_Inter_2100","PD","LA","Inter","2100",0.541655256
"031002040304",6600,1254,"Little Fishhawk Creek-Alafia River","tbcmp_PD_LA_Inter_2100","PD","LA","Inter","2100",1.239481188
"031002040304",9113,6537.24952165782,"Little Fishhawk Creek-Alafia River","tbcmp_PD_LA_Inter_2100","PD","LA","Inter","2100",6.46156124669607
"031002040305",1100,979609.845324224,"Bell Creek","tbcmp_PD_LA_Inter_2100","PD","LA","Inter","2100",968.26792253506
"031002040305",1200,4042440.51841981,"Bell Creek","tbcmp_PD_LA_Inter_2100","PD","LA","Inter","2100",3995.63714209755
"031002040305",1800,99425.4576827046,"Bell Creek","tbcmp_PD_LA_Inter_2100","PD","LA","Inter","2100",98.2743097336543
"031002040305",1900,1100179.57329176,"Bell Creek","tbcmp_PD_LA_Inter_2100","PD","LA","Inter","2100",1087.44169419219
"031002040305",2100,1466844.79542845,"Bell Creek","tbcmp_PD_LA_Inter_2100","PD","LA","Inter","2100",1449.86166638698
"031002040305",2400,12009.5631609846,"Bell Creek","tbcmp_PD_LA_Inter_2100","PD","LA","Inter","2100",11.8705164387067
"031002040305",3200,1229286.90289218,"Bell Creek","tbcmp_PD_LA_Inter_2100","PD","LA","Inter","2100",1215.0542191305
"031002040305",4100,1785817.39474894,"Bell Creek","tbcmp_PD_LA_Inter_2100","PD","LA","Inter","2100",1765.14120095254
"031002040305",4400,141487,"Bell Creek","tbcmp_PD_LA_Inter_2100","PD","LA","Inter","2100",139.848863514
"031002040305",5200,558137.127025541,"Bell Creek","tbcmp_PD_LA_Inter_2100","PD","LA","Inter","2100",551.675015368839
"031002040305",6110,1792959.90104464,"Bell Creek","tbcmp_PD_LA_Inter_2100","PD","LA","Inter","2100",1772.20101131035
"031002040305",6410,442266.350671184,"Bell Creek","tbcmp_PD_LA_Inter_2100","PD","LA","Inter","2100",437.145790863113
"031002040305",6420,328.660471519455,"Bell Creek","tbcmp_PD_LA_Inter_2100","PD","LA","Inter","2100",0.324855240580203
"031002040305",6425,824.050259145675,"Bell Creek","tbcmp_PD_LA_Inter_2100","PD","LA","Inter","2100",0.814509405245287
"031002040305",6510,245.083638127369,"Bell Creek","tbcmp_PD_LA_Inter_2100","PD","LA","Inter","2100",0.242246059765131
"031002040305",6600,1174.14133756608,"Bell Creek","tbcmp_PD_LA_Inter_2100","PD","LA","Inter","2100",1.16054712915974
"031002040305",9113,479.482710942626,"Bell Creek","tbcmp_PD_LA_Inter_2100","PD","LA","Inter","2100",0.473931260115332
"031002040306",1100,2205557.6708325,"Buckhorn Creek-Alafia River","tbcmp_PD_LA_Inter_2100","PD","LA","Inter","2100",2180.0217241196
"031002040306",1200,10319620.9750949,"Buckhorn Creek-Alafia River","tbcmp_PD_LA_Inter_2100","PD","LA","Inter","2100",10200.1404034453
"031002040306",1800,110510.767626312,"Buckhorn Creek-Alafia River","tbcmp_PD_LA_Inter_2100","PD","LA","Inter","2100",109.231273958735
"031002040306",1820,169066.642638808,"Buckhorn Creek-Alafia River","tbcmp_PD_LA_Inter_2100","PD","LA","Inter","2100",167.109189050336
"031002040306",1900,515946.979702346,"Buckhorn Creek-Alafia River","tbcmp_PD_LA_Inter_2100","PD","LA","Inter","2100",509.973345571352
"031002040306",2100,229494.542465068,"Buckhorn Creek-Alafia River","tbcmp_PD_LA_Inter_2100","PD","LA","Inter","2100",226.837454652407
"031002040306",2200,8749,"Buckhorn Creek-Alafia River","tbcmp_PD_LA_Inter_2100","PD","LA","Inter","2100",8.647704078
"031002040306",2400,15935.0102315545,"Buckhorn Creek-Alafia River","tbcmp_PD_LA_Inter_2100","PD","LA","Inter","2100",15.7505146830936
"031002040306",3200,37809.5699622311,"Buckhorn Creek-Alafia River","tbcmp_PD_LA_Inter_2100","PD","LA","Inter","2100",37.3718107612084
"031002040306",4100,998546.526590281,"Buckhorn Creek-Alafia River","tbcmp_PD_LA_Inter_2100","PD","LA","Inter","2100",986.985354905419
"031002040306",4400,955,"Buckhorn Creek-Alafia River","tbcmp_PD_LA_Inter_2100","PD","LA","Inter","2100",0.94394301
"031002040306",5200,664508.029243148,"Buckhorn Creek-Alafia River","tbcmp_PD_LA_Inter_2100","PD","LA","Inter","2100",656.814355280571
"031002040306",5400,676283.673446592,"Buckhorn Creek-Alafia River","tbcmp_PD_LA_Inter_2100","PD","LA","Inter","2100",668.453661075428
"031002040306",6110,1121850.71678081,"Buckhorn Creek-Alafia River","tbcmp_PD_LA_Inter_2100","PD","LA","Inter","2100",1108.86192918193
"031002040306",6120,1275,"Buckhorn Creek-Alafia River","tbcmp_PD_LA_Inter_2100","PD","LA","Inter","2100",1.26023805
"031002040306",6410,482572.283081236,"Buckhorn Creek-Alafia River","tbcmp_PD_LA_Inter_2100","PD","LA","Inter","2100",476.985061187722
"031002040306",6420,18957.051728925,"Buckhorn Creek-Alafia River","tbcmp_PD_LA_Inter_2100","PD","LA","Inter","2100",18.7375669840075
"031002040306",6425,36014.6549275523,"Buckhorn Creek-Alafia River","tbcmp_PD_LA_Inter_2100","PD","LA","Inter","2100",35.5976772528011
"031002040306",6510,24216.8448612643,"Buckhorn Creek-Alafia River","tbcmp_PD_LA_Inter_2100","PD","LA","Inter","2100",23.9364622314606
"031002040306",6600,44152.8579733954,"Buckhorn Creek-Alafia River","tbcmp_PD_LA_Inter_2100","PD","LA","Inter","2100",43.6416561837794
"031002040306",9113,145421.202881769,"Buckhorn Creek-Alafia River","tbcmp_PD_LA_Inter_2100","PD","LA","Inter","2100",143.737516194804
"031002050101",1100,1026459.55788494,"Wiggins Prairie-Itchepackesassa Creek","tbcmp_PD_LA_Inter_2100","PD","LA","Inter","2100",1014.57520912375
"031002050101",1200,826088.7849779,"Wiggins Prairie-Itchepackesassa Creek","tbcmp_PD_LA_Inter_2100","PD","LA","Inter","2100",816.524329025426
"031002050101",1800,154.351943095709,"Wiggins Prairie-Itchepackesassa Creek","tbcmp_PD_LA_Inter_2100","PD","LA","Inter","2100",0.152564856298547
"031002050101",1820,543,"Wiggins Prairie-Itchepackesassa Creek","tbcmp_PD_LA_Inter_2100","PD","LA","Inter","2100",0.536713146
"031002050101",1900,402249.305133891,"Wiggins Prairie-Itchepackesassa Creek","tbcmp_PD_LA_Inter_2100","PD","LA","Inter","2100",397.592062679051
"031002050101",2100,1710764.54370502,"Wiggins Prairie-Itchepackesassa Creek","tbcmp_PD_LA_Inter_2100","PD","LA","Inter","2100",1690.95731181801
"031002050101",2400,4198.42441778703,"Wiggins Prairie-Itchepackesassa Creek","tbcmp_PD_LA_Inter_2100","PD","LA","Inter","2100",4.14981505987789
"031002050101",4100,525651.84455269,"Wiggins Prairie-Itchepackesassa Creek","tbcmp_PD_LA_Inter_2100","PD","LA","Inter","2100",519.565847496459
"031002050101",4400,52579.9415996572,"Wiggins Prairie-Itchepackesassa Creek","tbcmp_PD_LA_Inter_2100","PD","LA","Inter","2100",51.9711710358163
"031002050101",5200,175272.901029239,"Wiggins Prairie-Itchepackesassa Creek","tbcmp_PD_LA_Inter_2100","PD","LA","Inter","2100",173.243591381122
"031002050101",6110,189361.87390919,"Wiggins Prairie-Itchepackesassa Creek","tbcmp_PD_LA_Inter_2100","PD","LA","Inter","2100",187.16944213307
"031002050101",6410,604034.896577328,"Wiggins Prairie-Itchepackesassa Creek","tbcmp_PD_LA_Inter_2100","PD","LA","Inter","2100",597.041380544756
"031002050102",1100,880074.098232135,"Town of Kathleen-Blackwater Creek","tbcmp_PD_LA_Inter_2100","PD","LA","Inter","2100",869.884600322804
"031002050102",1200,1329385.7272295,"Town of Kathleen-Blackwater Creek","tbcmp_PD_LA_Inter_2100","PD","LA","Inter","2100",1313.99409927964
"031002050102",1800,22711,"Town of Kathleen-Blackwater Creek","tbcmp_PD_LA_Inter_2100","PD","LA","Inter","2100",22.448052042
"031002050102",1900,74845.7811181208,"Town of Kathleen-Blackwater Creek","tbcmp_PD_LA_Inter_2100","PD","LA","Inter","2100",73.9792166643352
"031002050102",2100,5544058.51389858,"Town of Kathleen-Blackwater Creek","tbcmp_PD_LA_Inter_2100","PD","LA","Inter","2100",5479.86940442466
"031002050102",2400,7724.57558212942,"Town of Kathleen-Blackwater Creek","tbcmp_PD_LA_Inter_2100","PD","LA","Inter","2100",7.63514044603952
"031002050102",3200,304475.423818129,"Town of Kathleen-Blackwater Creek","tbcmp_PD_LA_Inter_2100","PD","LA","Inter","2100",300.950207361162
"031002050102",4100,767923.984536788,"Town of Kathleen-Blackwater Creek","tbcmp_PD_LA_Inter_2100","PD","LA","Inter","2100",759.032960643821
"031002050102",4400,7146,"Town of Kathleen-Blackwater Creek","tbcmp_PD_LA_Inter_2100","PD","LA","Inter","2100",7.063263612
"031002050102",5200,29279,"Town of Kathleen-Blackwater Creek","tbcmp_PD_LA_Inter_2100","PD","LA","Inter","2100",28.940007738
"031002050102",6110,2257234.78227514,"Town of Kathleen-Blackwater Creek","tbcmp_PD_LA_Inter_2100","PD","LA","Inter","2100",2231.10051796596
"031002050102",6410,696250.936018238,"Town of Kathleen-Blackwater Creek","tbcmp_PD_LA_Inter_2100","PD","LA","Inter","2100",688.189742681019
"031002050103",1100,3181476.17134763,"Itchepackesassa Creek-Blackwater Creek","tbcmp_PD_LA_Inter_2100","PD","LA","Inter","2100",3144.64104023577
"031002050103",1200,3570161.20791572,"Itchepackesassa Creek-Blackwater Creek","tbcmp_PD_LA_Inter_2100","PD","LA","Inter","2100",3528.82588145047
"031002050103",1800,235494.908834134,"Itchepackesassa Creek-Blackwater Creek","tbcmp_PD_LA_Inter_2100","PD","LA","Inter","2100",232.768348779652
"031002050103",1900,1369478.09447911,"Itchepackesassa Creek-Blackwater Creek","tbcmp_PD_LA_Inter_2100","PD","LA","Inter","2100",1353.62227710123
"031002050103",2100,7714064.25629462,"Itchepackesassa Creek-Blackwater Creek","tbcmp_PD_LA_Inter_2100","PD","LA","Inter","2100",7624.75082033524
"031002050103",2200,49315.7625321157,"Itchepackesassa Creek-Blackwater Creek","tbcmp_PD_LA_Inter_2100","PD","LA","Inter","2100",48.7447846335188
"031002050103",2400,222477.186088988,"Itchepackesassa Creek-Blackwater Creek","tbcmp_PD_LA_Inter_2100","PD","LA","Inter","2100",219.90134522845
"031002050103",3200,1196909.36325732,"Itchepackesassa Creek-Blackwater Creek","tbcmp_PD_LA_Inter_2100","PD","LA","Inter","2100",1183.05154664952
"031002050103",4100,1659080.05424163,"Itchepackesassa Creek-Blackwater Creek","tbcmp_PD_LA_Inter_2100","PD","LA","Inter","2100",1639.87122537362
"031002050103",4400,2165060.37487498,"Itchepackesassa Creek-Blackwater Creek","tbcmp_PD_LA_Inter_2100","PD","LA","Inter","2100",2139.99330585468
"031002050103",5200,400735.329494257,"Itchepackesassa Creek-Blackwater Creek","tbcmp_PD_LA_Inter_2100","PD","LA","Inter","2100",396.095615849373
"031002050103",6110,4585206.86894182,"Itchepackesassa Creek-Blackwater Creek","tbcmp_PD_LA_Inter_2100","PD","LA","Inter","2100",4532.11934381321
"031002050103",6410,2460139.96945263,"Itchepackesassa Creek-Blackwater Creek","tbcmp_PD_LA_Inter_2100","PD","LA","Inter","2100",2431.6564688863
"031002050201",1100,88776.8370035925,"Town of Providence","tbcmp_PD_LA_Inter_2100","PD","LA","Inter","2100",87.7489787847649
"031002050201",1200,225269.972738797,"Town of Providence","tbcmp_PD_LA_Inter_2100","PD","LA","Inter","2100",222.661796994427
"031002050201",1900,31967,"Town of Providence","tbcmp_PD_LA_Inter_2100","PD","LA","Inter","2100",31.596886074
"031002050201",2100,640055.26395757,"Town of Providence","tbcmp_PD_LA_Inter_2100","PD","LA","Inter","2100",632.64470411147
"031002050201",3200,1292063.06355984,"Town of Providence","tbcmp_PD_LA_Inter_2100","PD","LA","Inter","2100",1277.10355740994
"031002050201",4100,656867.882226275,"Town of Providence","tbcmp_PD_LA_Inter_2100","PD","LA","Inter","2100",649.262665885859
"031002050201",4400,77519,"Town of Providence","tbcmp_PD_LA_Inter_2100","PD","LA","Inter","2100",76.621485018
"031002050201",5200,13919.4939281922,"Town of Providence","tbcmp_PD_LA_Inter_2100","PD","LA","Inter","2100",13.7583340274916
"031002050201",6110,1438665.1425186,"Town of Providence","tbcmp_PD_LA_Inter_2100","PD","LA","Inter","2100",1422.00827749852
"031002050201",6410,131015.78988748,"Town of Providence","tbcmp_PD_LA_Inter_2100","PD","LA","Inter","2100",129.498889072163
"031002050202",1100,1432189.09572005,"Hawk Lake-Hillsborough River","tbcmp_PD_LA_Inter_2100","PD","LA","Inter","2100",1415.6072103698
"031002050202",1200,4572359.16680679,"Hawk Lake-Hillsborough River","tbcmp_PD_LA_Inter_2100","PD","LA","Inter","2100",4519.42039237351
"031002050202",1800,118177.388628152,"Hawk Lake-Hillsborough River","tbcmp_PD_LA_Inter_2100","PD","LA","Inter","2100",116.809130822615
"031002050202",1820,73761,"Hawk Lake-Hillsborough River","tbcmp_PD_LA_Inter_2100","PD","LA","Inter","2100",72.906995142
"031002050202",1900,461175.602350089,"Hawk Lake-Hillsborough River","tbcmp_PD_LA_Inter_2100","PD","LA","Inter","2100",455.83611122608
"031002050202",2100,3829253.71310363,"Hawk Lake-Hillsborough River","tbcmp_PD_LA_Inter_2100","PD","LA","Inter","2100",3784.91861361331
"031002050202",2200,7421.42345317081,"Hawk Lake-Hillsborough River","tbcmp_PD_LA_Inter_2100","PD","LA","Inter","2100",7.33549821243
"031002050202",3200,2748206.54662148,"Hawk Lake-Hillsborough River","tbcmp_PD_LA_Inter_2100","PD","LA","Inter","2100",2716.38781122469
"031002050202",4100,3074091.65634243,"Hawk Lake-Hillsborough River","tbcmp_PD_LA_Inter_2100","PD","LA","Inter","2100",3038.49982314529
"031002050202",4400,220087.299689103,"Hawk Lake-Hillsborough River","tbcmp_PD_LA_Inter_2100","PD","LA","Inter","2100",217.539128933303
"031002050202",5200,115845.426383337,"Hawk Lake-Hillsborough River","tbcmp_PD_LA_Inter_2100","PD","LA","Inter","2100",114.504168036671
"031002050202",6110,5342395.62558293,"Hawk Lake-Hillsborough River","tbcmp_PD_LA_Inter_2100","PD","LA","Inter","2100",5280.54136902993
"031002050202",6120,90361,"Hawk Lake-Hillsborough River","tbcmp_PD_LA_Inter_2100","PD","LA","Inter","2100",89.314800342
"031002050202",6410,777118.631137597,"Hawk Lake-Hillsborough River","tbcmp_PD_LA_Inter_2100","PD","LA","Inter","2100",768.121151626286
"031002050203",1100,2571726.24306977,"Lake Pasadena","tbcmp_PD_LA_Inter_2100","PD","LA","Inter","2100",2541.95079662751
"031002050203",1200,1745450.92539953,"Lake Pasadena","tbcmp_PD_LA_Inter_2100","PD","LA","Inter","2100",1725.24209458525
"031002050203",1800,8237,"Lake Pasadena","tbcmp_PD_LA_Inter_2100","PD","LA","Inter","2100",8.141632014
"031002050203",1820,95984.0367730201,"Lake Pasadena","tbcmp_PD_LA_Inter_2100","PD","LA","Inter","2100",94.8727335952621
"031002050203",1900,946535.820411269,"Lake Pasadena","tbcmp_PD_LA_Inter_2100","PD","LA","Inter","2100",935.576828682547
"031002050203",2100,4011244.2783258,"Lake Pasadena","tbcmp_PD_LA_Inter_2100","PD","LA","Inter","2100",3964.80209207134
"031002050203",2200,43629.8716231903,"Lake Pasadena","tbcmp_PD_LA_Inter_2100","PD","LA","Inter","2100",43.124724969537
"031002050203",2400,38194,"Lake Pasadena","tbcmp_PD_LA_Inter_2100","PD","LA","Inter","2100",37.751789868
"031002050203",3200,6840,"Lake Pasadena","tbcmp_PD_LA_Inter_2100","PD","LA","Inter","2100",6.76080648
"031002050203",4100,896758.483546539,"Lake Pasadena","tbcmp_PD_LA_Inter_2100","PD","LA","Inter","2100",886.375813824037
"031002050203",4400,378247.725242118,"Lake Pasadena","tbcmp_PD_LA_Inter_2100","PD","LA","Inter","2100",373.868373079265
"031002050203",5200,338664.931900615,"Lake Pasadena","tbcmp_PD_LA_Inter_2100","PD","LA","Inter","2100",334.74386931907
"031002050203",6110,250993.472113141,"Lake Pasadena","tbcmp_PD_LA_Inter_2100","PD","LA","Inter","2100",248.087469693015
"031002050203",6410,1096689.85738714,"Lake Pasadena","tbcmp_PD_LA_Inter_2100","PD","LA","Inter","2100",1083.99238221831
"031002050204",1100,1600709.5632886,"New River","tbcmp_PD_LA_Inter_2100","PD","LA","Inter","2100",1582.17654796484
"031002050204",1200,2871884.18484739,"New River","tbcmp_PD_LA_Inter_2100","PD","LA","Inter","2100",2838.63350975523
"031002050204",1800,44180.5645793096,"New River","tbcmp_PD_LA_Inter_2100","PD","LA","Inter","2100",43.6690420026103
"031002050204",1820,26031.3459646299,"New River","tbcmp_PD_LA_Inter_2100","PD","LA","Inter","2100",25.7299550410514
"031002050204",1900,1089126.16360717,"New River","tbcmp_PD_LA_Inter_2100","PD","LA","Inter","2100",1076.51626088493
"031002050204",2100,3251428.89547932,"New River","tbcmp_PD_LA_Inter_2100","PD","LA","Inter","2100",3213.78385172746
"031002050204",2200,16188.4945512511,"New River","tbcmp_PD_LA_Inter_2100","PD","LA","Inter","2100",16.0010641613367
"031002050204",3200,472006.863104168,"New River","tbcmp_PD_LA_Inter_2100","PD","LA","Inter","2100",466.541967643147
"031002050204",4100,750933.700943751,"New River","tbcmp_PD_LA_Inter_2100","PD","LA","Inter","2100",742.239390554224
"031002050204",4400,127333.143419833,"New River","tbcmp_PD_LA_Inter_2100","PD","LA","Inter","2100",125.858880285319
"031002050204",5200,796857.320039053,"New River","tbcmp_PD_LA_Inter_2100","PD","LA","Inter","2100",787.631305987641
"031002050204",6110,1087234.3314886,"New River","tbcmp_PD_LA_Inter_2100","PD","LA","Inter","2100",1074.64633239862
"031002050204",6410,1554768.09459425,"New River","tbcmp_PD_LA_Inter_2100","PD","LA","Inter","2100",1536.76698959504
"031002050205",1100,3631175.42583122,"Indian Creek-Hillsborough River","tbcmp_PD_LA_Inter_2100","PD","LA","Inter","2100",3589.13367675095
"031002050205",1200,6112923.10659702,"Indian Creek-Hillsborough River","tbcmp_PD_LA_Inter_2100","PD","LA","Inter","2100",6042.14768286884
"031002050205",1800,329148.972121757,"Indian Creek-Hillsborough River","tbcmp_PD_LA_Inter_2100","PD","LA","Inter","2100",325.338085322531
"031002050205",1820,320309.654035668,"Indian Creek-Hillsborough River","tbcmp_PD_LA_Inter_2100","PD","LA","Inter","2100",316.601108861243
"031002050205",1900,1580493.50730851,"Indian Creek-Hillsborough River","tbcmp_PD_LA_Inter_2100","PD","LA","Inter","2100",1562.19455348089
"031002050205",2100,4741658.38008466,"Indian Creek-Hillsborough River","tbcmp_PD_LA_Inter_2100","PD","LA","Inter","2100",4686.75945936004
"031002050205",2200,169211.322479519,"Indian Creek-Hillsborough River","tbcmp_PD_LA_Inter_2100","PD","LA","Inter","2100",167.252193787851
"031002050205",2400,26381,"Indian Creek-Hillsborough River","tbcmp_PD_LA_Inter_2100","PD","LA","Inter","2100",26.075560782
"031002050205",3200,573055.627680136,"Indian Creek-Hillsborough River","tbcmp_PD_LA_Inter_2100","PD","LA","Inter","2100",566.420789622856
"031002050205",4100,1992274.64242916,"Indian Creek-Hillsborough River","tbcmp_PD_LA_Inter_2100","PD","LA","Inter","2100",1969.20808661911
"031002050205",4400,733001.039097323,"Indian Creek-Hillsborough River","tbcmp_PD_LA_Inter_2100","PD","LA","Inter","2100",724.514353066654
"031002050205",5200,478322.413868724,"Indian Creek-Hillsborough River","tbcmp_PD_LA_Inter_2100","PD","LA","Inter","2100",472.784396960952
"031002050205",6110,3720593.63325951,"Indian Creek-Hillsborough River","tbcmp_PD_LA_Inter_2100","PD","LA","Inter","2100",3677.51660017363
"031002050205",6410,1440287.30597644,"Indian Creek-Hillsborough River","tbcmp_PD_LA_Inter_2100","PD","LA","Inter","2100",1423.61165954784
"031002050301",1100,2114601.07285393,"Pemberton Creek","tbcmp_PD_LA_Inter_2100","PD","LA","Inter","2100",2090.11822163243
"031002050301",1200,5242600.28531133,"Pemberton Creek","tbcmp_PD_LA_Inter_2100","PD","LA","Inter","2100",5181.90145920799
"031002050301",1800,50622,"Pemberton Creek","tbcmp_PD_LA_Inter_2100","PD","LA","Inter","2100",50.035898484
"031002050301",1820,181276.2151126,"Pemberton Creek","tbcmp_PD_LA_Inter_2100","PD","LA","Inter","2100",179.177399094026
"031002050301",1900,453859.305953321,"Pemberton Creek","tbcmp_PD_LA_Inter_2100","PD","LA","Inter","2100",448.604522908994
"031002050301",2100,1913513.52363843,"Pemberton Creek","tbcmp_PD_LA_Inter_2100","PD","LA","Inter","2100",1891.35886406174
"031002050301",2200,20687,"Pemberton Creek","tbcmp_PD_LA_Inter_2100","PD","LA","Inter","2100",20.447485914
"031002050301",2400,143170.575084587,"Pemberton Creek","tbcmp_PD_LA_Inter_2100","PD","LA","Inter","2100",141.512946166258
"031002050301",3200,51654,"Pemberton Creek","tbcmp_PD_LA_Inter_2100","PD","LA","Inter","2100",51.055949988
"031002050301",4100,420935.318875901,"Pemberton Creek","tbcmp_PD_LA_Inter_2100","PD","LA","Inter","2100",416.061729753956
"031002050301",4400,17461.3606017921,"Pemberton Creek","tbcmp_PD_LA_Inter_2100","PD","LA","Inter","2100",17.2591929687446
"031002050301",5200,351479.628399544,"Pemberton Creek","tbcmp_PD_LA_Inter_2100","PD","LA","Inter","2100",347.410197261934
"031002050301",6110,1760689.70960442,"Pemberton Creek","tbcmp_PD_LA_Inter_2100","PD","LA","Inter","2100",1740.30444414662
"031002050301",6410,767752.821211018,"Pemberton Creek","tbcmp_PD_LA_Inter_2100","PD","LA","Inter","2100",758.863779047037
"031002050302",1100,4376602.10592135,"Lake Weeks","tbcmp_PD_LA_Inter_2100","PD","LA","Inter","2100",4325.92980673899
"031002050302",1200,7387579.03041625,"Lake Weeks","tbcmp_PD_LA_Inter_2100","PD","LA","Inter","2100",7302.04564040209
"031002050302",1800,236414.270967375,"Lake Weeks","tbcmp_PD_LA_Inter_2100","PD","LA","Inter","2100",233.677066538115
"031002050302",1820,205237.864042019,"Lake Weeks","tbcmp_PD_LA_Inter_2100","PD","LA","Inter","2100",202.86162005214
"031002050302",1900,946397.332132811,"Lake Weeks","tbcmp_PD_LA_Inter_2100","PD","LA","Inter","2100",935.439943821378
"031002050302",2100,3338173.84399814,"Lake Weeks","tbcmp_PD_LA_Inter_2100","PD","LA","Inter","2100",3299.52446723233
"031002050302",2200,26329.7945954982,"Lake Weeks","tbcmp_PD_LA_Inter_2100","PD","LA","Inter","2100",26.0249482336715
"031002050302",2400,202838.843267501,"Lake Weeks","tbcmp_PD_LA_Inter_2100","PD","LA","Inter","2100",200.49037514015
"031002050302",3200,5141,"Lake Weeks","tbcmp_PD_LA_Inter_2100","PD","LA","Inter","2100",5.081477502
"031002050302",4100,852350.352003048,"Lake Weeks","tbcmp_PD_LA_Inter_2100","PD","LA","Inter","2100",842.481839627556
"031002050302",4400,27835.597975254,"Lake Weeks","tbcmp_PD_LA_Inter_2100","PD","LA","Inter","2100",27.5133174218965
"031002050302",5200,847326.111445736,"Lake Weeks","tbcmp_PD_LA_Inter_2100","PD","LA","Inter","2100",837.515769727418
"031002050302",6110,369857.257575001,"Lake Weeks","tbcmp_PD_LA_Inter_2100","PD","LA","Inter","2100",365.575050246798
"031002050302",6410,1260080.27929629,"Lake Weeks","tbcmp_PD_LA_Inter_2100","PD","LA","Inter","2100",1245.4910698226
"031002050303",1100,5059233.29255858,"Lake Thontotosassa","tbcmp_PD_LA_Inter_2100","PD","LA","Inter","2100",5000.65748949734
"031002050303",1200,213963.399729456,"Lake Thontotosassa","tbcmp_PD_LA_Inter_2100","PD","LA","Inter","2100",211.486131487388
"031002050303",1800,12023.4214588646,"Lake Thontotosassa","tbcmp_PD_LA_Inter_2100","PD","LA","Inter","2100",11.8842142852139
"031002050303",1900,739670.152636025,"Lake Thontotosassa","tbcmp_PD_LA_Inter_2100","PD","LA","Inter","2100",731.106251608805
"031002050303",2100,3212139.68031406,"Lake Thontotosassa","tbcmp_PD_LA_Inter_2100","PD","LA","Inter","2100",3174.94952709538
"031002050303",2200,64683.5927626581,"Lake Thontotosassa","tbcmp_PD_LA_Inter_2100","PD","LA","Inter","2100",63.9346861256521
"031002050303",2400,196446.33539917,"Lake Thontotosassa","tbcmp_PD_LA_Inter_2100","PD","LA","Inter","2100",194.171879727919
"031002050303",3200,34571,"Lake Thontotosassa","tbcmp_PD_LA_Inter_2100","PD","LA","Inter","2100",34.170736962
"031002050303",4100,450732.327296482,"Lake Thontotosassa","tbcmp_PD_LA_Inter_2100","PD","LA","Inter","2100",445.513748411043
"031002050303",4400,33907.6393981905,"Lake Thontotosassa","tbcmp_PD_LA_Inter_2100","PD","LA","Inter","2100",33.5150567492383
"031002050303",5200,1005337.60573036,"Lake Thontotosassa","tbcmp_PD_LA_Inter_2100","PD","LA","Inter","2100",993.697806931215
"031002050303",6110,842225.210220624,"Lake Thontotosassa","tbcmp_PD_LA_Inter_2100","PD","LA","Inter","2100",832.47392673669
"031002050303",6410,826998.450683443,"Lake Thontotosassa","tbcmp_PD_LA_Inter_2100","PD","LA","Inter","2100",817.42346262143
"031002050304",1100,6475644.477951,"Hollomans Branch-Hillsborough River","tbcmp_PD_LA_Inter_2100","PD","LA","Inter","2100",6400.66946618528
"031002050304",1200,3465908.31064251,"Hollomans Branch-Hillsborough River","tbcmp_PD_LA_Inter_2100","PD","LA","Inter","2100",3425.78002422189
"031002050304",1800,102697.217791132,"Hollomans Branch-Hillsborough River","tbcmp_PD_LA_Inter_2100","PD","LA","Inter","2100",101.508189403546
"031002050304",1820,120794,"Hollomans Branch-Hillsborough River","tbcmp_PD_LA_Inter_2100","PD","LA","Inter","2100",119.395447068
"031002050304",1900,950263.37079087,"Hollomans Branch-Hillsborough River","tbcmp_PD_LA_Inter_2100","PD","LA","Inter","2100",939.261221483854
"031002050304",2100,7027025.52748164,"Hollomans Branch-Hillsborough River","tbcmp_PD_LA_Inter_2100","PD","LA","Inter","2100",6945.66662592446
"031002050304",2200,20021.5242648383,"Hollomans Branch-Hillsborough River","tbcmp_PD_LA_Inter_2100","PD","LA","Inter","2100",19.7897150569
"031002050304",2400,106179.679300589,"Hollomans Branch-Hillsborough River","tbcmp_PD_LA_Inter_2100","PD","LA","Inter","2100",104.950330973646
"031002050304",3200,1229620.98277525,"Hollomans Branch-Hillsborough River","tbcmp_PD_LA_Inter_2100","PD","LA","Inter","2100",1215.38443103667
"031002050304",4100,2013535.71956024,"Hollomans Branch-Hillsborough River","tbcmp_PD_LA_Inter_2100","PD","LA","Inter","2100",1990.22300299917
"031002050304",4400,642969.204669164,"Hollomans Branch-Hillsborough River","tbcmp_PD_LA_Inter_2100","PD","LA","Inter","2100",635.524907217504
"031002050304",5200,1003753.87337451,"Hollomans Branch-Hillsborough River","tbcmp_PD_LA_Inter_2100","PD","LA","Inter","2100",992.132411028583
"031002050304",6110,10564127.9002622,"Hollomans Branch-Hillsborough River","tbcmp_PD_LA_Inter_2100","PD","LA","Inter","2100",10441.816427433
"031002050304",6410,2416726.11785571,"Hollomans Branch-Hillsborough River","tbcmp_PD_LA_Inter_2100","PD","LA","Inter","2100",2388.74526286317
"031002050401",1100,2701800.90105861,"Bayou Branch","tbcmp_PD_LA_Inter_2100","PD","LA","Inter","2100",2670.51945022615
"031002050401",1200,2321422.37815885,"Bayou Branch","tbcmp_PD_LA_Inter_2100","PD","LA","Inter","2100",2294.54494986453
"031002050401",1800,46435.4354211248,"Bayou Branch","tbcmp_PD_LA_Inter_2100","PD","LA","Inter","2100",45.897805949819
"031002050401",1900,1773307.98161261,"Bayou Branch","tbcmp_PD_LA_Inter_2100","PD","LA","Inter","2100",1752.7766218015
"031002050401",2100,9922449.37382861,"Bayou Branch","tbcmp_PD_LA_Inter_2100","PD","LA","Inter","2100",9807.56725497842
"031002050401",2200,316345.872765326,"Bayou Branch","tbcmp_PD_LA_Inter_2100","PD","LA","Inter","2100",312.683220250449
"031002050401",2400,144608.39194852,"Bayou Branch","tbcmp_PD_LA_Inter_2100","PD","LA","Inter","2100",142.93411598654
"031002050401",3200,97735,"Bayou Branch","tbcmp_PD_LA_Inter_2100","PD","LA","Inter","2100",96.60342417
"031002050401",4100,2194357.74421627,"Bayou Branch","tbcmp_PD_LA_Inter_2100","PD","LA","Inter","2100",2168.95147025373
"031002050401",4400,420945.282345887,"Bayou Branch","tbcmp_PD_LA_Inter_2100","PD","LA","Inter","2100",416.071577866886
"031002050401",5200,939653.509070769,"Bayou Branch","tbcmp_PD_LA_Inter_2100","PD","LA","Inter","2100",928.774200742748
"031002050401",6110,1409027.90303072,"Bayou Branch","tbcmp_PD_LA_Inter_2100","PD","LA","Inter","2100",1392.71417796943
"031002050401",6410,2589606.59693717,"Bayou Branch","tbcmp_PD_LA_Inter_2100","PD","LA","Inter","2100",2559.62413175783
"031002050402",1100,587770.983743139,"Upper Cypress Creek","tbcmp_PD_LA_Inter_2100","PD","LA","Inter","2100",580.965771293361
"031002050402",1200,288417.620569436,"Upper Cypress Creek","tbcmp_PD_LA_Inter_2100","PD","LA","Inter","2100",285.078321358483
"031002050402",1800,17674.9516816856,"Upper Cypress Creek","tbcmp_PD_LA_Inter_2100","PD","LA","Inter","2100",17.4703110911151
"031002050402",1820,31875.4854433314,"Upper Cypress Creek","tbcmp_PD_LA_Inter_2100","PD","LA","Inter","2100",31.5064310728686
"031002050402",1900,435414.945177309,"Upper Cypress Creek","tbcmp_PD_LA_Inter_2100","PD","LA","Inter","2100",430.373710942047
"031002050402",2100,5687464.18128296,"Upper Cypress Creek","tbcmp_PD_LA_Inter_2100","PD","LA","Inter","2100",5621.61472099207
"031002050402",2200,4112.17834119177,"Upper Cypress Creek","tbcmp_PD_LA_Inter_2100","PD","LA","Inter","2100",4.06456754035745
"031002050402",2400,44138.9196708873,"Upper Cypress Creek","tbcmp_PD_LA_Inter_2100","PD","LA","Inter","2100",43.6278792589378
"031002050402",3200,604789.210699777,"Upper Cypress Creek","tbcmp_PD_LA_Inter_2100","PD","LA","Inter","2100",597.786961218295
"031002050402",4100,1643976.67904154,"Upper Cypress Creek","tbcmp_PD_LA_Inter_2100","PD","LA","Inter","2100",1624.9427170516
"031002050402",4400,61003.0288075189,"Upper Cypress Creek","tbcmp_PD_LA_Inter_2100","PD","LA","Inter","2100",60.2967357399855
"031002050402",5200,136608.468451112,"Upper Cypress Creek","tbcmp_PD_LA_Inter_2100","PD","LA","Inter","2100",135.026815603385
"031002050402",6110,941857.280186785,"Upper Cypress Creek","tbcmp_PD_LA_Inter_2100","PD","LA","Inter","2100",930.952456596782
"031002050402",6410,3986469.40715208,"Upper Cypress Creek","tbcmp_PD_LA_Inter_2100","PD","LA","Inter","2100",3940.31406435607
"031002050403",1100,4788607.31141919,"Middle Cypress Creek","tbcmp_PD_LA_Inter_2100","PD","LA","Inter","2100",4733.16481596758
"031002050403",1200,4414767.29564023,"Middle Cypress Creek","tbcmp_PD_LA_Inter_2100","PD","LA","Inter","2100",4363.6531198913
"031002050403",1800,179344.31971133,"Middle Cypress Creek","tbcmp_PD_LA_Inter_2100","PD","LA","Inter","2100",177.267871177713
"031002050403",1820,174309.720373129,"Middle Cypress Creek","tbcmp_PD_LA_Inter_2100","PD","LA","Inter","2100",172.291562430649
"031002050403",1900,1076829.01782979,"Middle Cypress Creek","tbcmp_PD_LA_Inter_2100","PD","LA","Inter","2100",1064.36149146135
"031002050403",2100,5500257.65010448,"Middle Cypress Creek","tbcmp_PD_LA_Inter_2100","PD","LA","Inter","2100",5436.57566703157
"031002050403",2200,4788.46853584463,"Middle Cypress Creek","tbcmp_PD_LA_Inter_2100","PD","LA","Inter","2100",4.73302764713662
"031002050403",2400,6685,"Middle Cypress Creek","tbcmp_PD_LA_Inter_2100","PD","LA","Inter","2100",6.60760107
"031002050403",3200,1185183.40078626,"Middle Cypress Creek","tbcmp_PD_LA_Inter_2100","PD","LA","Inter","2100",1171.46134737195
"031002050403",4100,3318435.13721576,"Middle Cypress Creek","tbcmp_PD_LA_Inter_2100","PD","LA","Inter","2100",3280.01429519707
"031002050403",4400,844394.369358592,"Middle Cypress Creek","tbcmp_PD_LA_Inter_2100","PD","LA","Inter","2100",834.617971350158
"031002050403",5200,1000719.29849113,"Middle Cypress Creek","tbcmp_PD_LA_Inter_2100","PD","LA","Inter","2100",989.132970453198
"031002050403",6110,9254770.58988234,"Middle Cypress Creek","tbcmp_PD_LA_Inter_2100","PD","LA","Inter","2100",9147.61885599268
"031002050403",6410,3298864.98706703,"Middle Cypress Creek","tbcmp_PD_LA_Inter_2100","PD","LA","Inter","2100",3260.67072824677
"031002050404",1100,1996519.02209669,"Lower Cypress Creek","tbcmp_PD_LA_Inter_2100","PD","LA","Inter","2100",1973.40332485886
"031002050404",1200,13566432.706869,"Lower Cypress Creek","tbcmp_PD_LA_Inter_2100","PD","LA","Inter","2100",13409.3605489889
"031002050404",1800,227993.743108216,"Lower Cypress Creek","tbcmp_PD_LA_Inter_2100","PD","LA","Inter","2100",225.354031550509
"031002050404",1820,193532.166332569,"Lower Cypress Creek","tbcmp_PD_LA_Inter_2100","PD","LA","Inter","2100",191.29145091077
"031002050404",1900,1346871.71947814,"Lower Cypress Creek","tbcmp_PD_LA_Inter_2100","PD","LA","Inter","2100",1331.27763871002
"031002050404",2100,1011526.92322489,"Lower Cypress Creek","tbcmp_PD_LA_Inter_2100","PD","LA","Inter","2100",999.815464507792
"031002050404",2200,49676.8444939788,"Lower Cypress Creek","tbcmp_PD_LA_Inter_2100","PD","LA","Inter","2100",49.1016859884275
"031002050404",2400,6801,"Lower Cypress Creek","tbcmp_PD_LA_Inter_2100","PD","LA","Inter","2100",6.722258022
"031002050404",3200,409602.38428277,"Lower Cypress Creek","tbcmp_PD_LA_Inter_2100","PD","LA","Inter","2100",404.860007877544
"031002050404",4100,1472337.89769732,"Lower Cypress Creek","tbcmp_PD_LA_Inter_2100","PD","LA","Inter","2100",1455.29116951778
"031002050404",4400,439055.632212803,"Lower Cypress Creek","tbcmp_PD_LA_Inter_2100","PD","LA","Inter","2100",433.972246103043
"031002050404",5200,2474395.68847456,"Lower Cypress Creek","tbcmp_PD_LA_Inter_2100","PD","LA","Inter","2100",2445.7471351934
"031002050404",6110,9403487.40720398,"Lower Cypress Creek","tbcmp_PD_LA_Inter_2100","PD","LA","Inter","2100",9294.61383000337
"031002050404",6410,2234687.07877956,"Lower Cypress Creek","tbcmp_PD_LA_Inter_2100","PD","LA","Inter","2100",2208.81387178145
"031002050501",1100,334792.468336525,"Trout Creek","tbcmp_PD_LA_Inter_2100","PD","LA","Inter","2100",330.916241138125
"031002050501",1200,8170654.33649196,"Trout Creek","tbcmp_PD_LA_Inter_2100","PD","LA","Inter","2100",8076.05450058406
"031002050501",1800,233356.33134708,"Trout Creek","tbcmp_PD_LA_Inter_2100","PD","LA","Inter","2100",230.654531742744
"031002050501",1820,461335.507869163,"Trout Creek","tbcmp_PD_LA_Inter_2100","PD","LA","Inter","2100",455.994165359054
"031002050501",1900,1117801.23778477,"Trout Creek","tbcmp_PD_LA_Inter_2100","PD","LA","Inter","2100",1104.8593350537
"031002050501",2100,897647.834087476,"Trout Creek","tbcmp_PD_LA_Inter_2100","PD","LA","Inter","2100",887.254867464411
"031002050501",3200,1085438.30464522,"Trout Creek","tbcmp_PD_LA_Inter_2100","PD","LA","Inter","2100",1072.87109995404
"031002050501",4100,1612189.56051038,"Trout Creek","tbcmp_PD_LA_Inter_2100","PD","LA","Inter","2100",1593.52362977879
"031002050501",4400,50078.8619099091,"Trout Creek","tbcmp_PD_LA_Inter_2100","PD","LA","Inter","2100",49.4990488467162
"031002050501",5200,1320928.34348975,"Trout Creek","tbcmp_PD_LA_Inter_2100","PD","LA","Inter","2100",1305.63463512883
"031002050501",6110,4474605.51121092,"Trout Creek","tbcmp_PD_LA_Inter_2100","PD","LA","Inter","2100",4422.79852860212
"031002050501",6410,1662868.94598333,"Trout Creek","tbcmp_PD_LA_Inter_2100","PD","LA","Inter","2100",1643.61624932674
"031002050502",1100,1331709.53935174,"Cow House Creek-Hillsborough River","tbcmp_PD_LA_Inter_2100","PD","LA","Inter","2100",1316.29100630513
"031002050502",1200,6173356.59030564,"Cow House Creek-Hillsborough River","tbcmp_PD_LA_Inter_2100","PD","LA","Inter","2100",6101.88146770309
"031002050502",1800,203394.25326423,"Cow House Creek-Hillsborough River","tbcmp_PD_LA_Inter_2100","PD","LA","Inter","2100",201.039354599937
"031002050502",1820,234997.492130879,"Cow House Creek-Hillsborough River","tbcmp_PD_LA_Inter_2100","PD","LA","Inter","2100",232.276691166988
"031002050502",1900,703546.390068253,"Cow House Creek-Hillsborough River","tbcmp_PD_LA_Inter_2100","PD","LA","Inter","2100",695.400729964042
"031002050502",2100,705373.461896394,"Cow House Creek-Hillsborough River","tbcmp_PD_LA_Inter_2100","PD","LA","Inter","2100",697.206647954558
"031002050502",2200,2649.30374647421,"Cow House Creek-Hillsborough River","tbcmp_PD_LA_Inter_2100","PD","LA","Inter","2100",2.61863010769753
"031002050502",2400,14689.6632399803,"Cow House Creek-Hillsborough River","tbcmp_PD_LA_Inter_2100","PD","LA","Inter","2100",14.5195863189878
"031002050502",3200,319391.276343804,"Cow House Creek-Hillsborough River","tbcmp_PD_LA_Inter_2100","PD","LA","Inter","2100",315.693364146296
"031002050502",4100,2454743.62869348,"Cow House Creek-Hillsborough River","tbcmp_PD_LA_Inter_2100","PD","LA","Inter","2100",2426.32260696047
"031002050502",4400,27977.6508205444,"Cow House Creek-Hillsborough River","tbcmp_PD_LA_Inter_2100","PD","LA","Inter","2100",27.6537255793441
"031002050502",5200,523288.089356746,"Cow House Creek-Hillsborough River","tbcmp_PD_LA_Inter_2100","PD","LA","Inter","2100",517.229459858174
"031002050502",6110,6221497.5783079,"Cow House Creek-Hillsborough River","tbcmp_PD_LA_Inter_2100","PD","LA","Inter","2100",6149.46507934625
"031002050502",6410,556509.51822787,"Cow House Creek-Hillsborough River","tbcmp_PD_LA_Inter_2100","PD","LA","Inter","2100",550.066251025828
"031002050503",1100,372273.818941885,"Curiosity Creek-Hillsborough River","tbcmp_PD_LA_Inter_2100","PD","LA","Inter","2100",367.963632666176
"031002050503",1200,26452572.4767135,"Curiosity Creek-Hillsborough River","tbcmp_PD_LA_Inter_2100","PD","LA","Inter","2100",26146.3045925781
"031002050503",1800,752692.79762963,"Curiosity Creek-Hillsborough River","tbcmp_PD_LA_Inter_2100","PD","LA","Inter","2100",743.978120418674
"031002050503",1820,399778,"Curiosity Creek-Hillsborough River","tbcmp_PD_LA_Inter_2100","PD","LA","Inter","2100",395.149370316
"031002050503",1900,609157.920826347,"Curiosity Creek-Hillsborough River","tbcmp_PD_LA_Inter_2100","PD","LA","Inter","2100",602.105090419019
"031002050503",2100,46346.6731791882,"Curiosity Creek-Hillsborough River","tbcmp_PD_LA_Inter_2100","PD","LA","Inter","2100",45.8100713971196
"031002050503",2400,1229,"Curiosity Creek-Hillsborough River","tbcmp_PD_LA_Inter_2100","PD","LA","Inter","2100",1.214770638
"031002050503",3200,17824,"Curiosity Creek-Hillsborough River","tbcmp_PD_LA_Inter_2100","PD","LA","Inter","2100",17.617633728
"031002050503",4100,462155.937639541,"Curiosity Creek-Hillsborough River","tbcmp_PD_LA_Inter_2100","PD","LA","Inter","2100",456.805096193551
"031002050503",4400,17499,"Curiosity Creek-Hillsborough River","tbcmp_PD_LA_Inter_2100","PD","LA","Inter","2100",17.296396578
"031002050503",5200,918129.022556258,"Curiosity Creek-Hillsborough River","tbcmp_PD_LA_Inter_2100","PD","LA","Inter","2100",907.498924733102
"031002050503",5400,282408.864306218,"Curiosity Creek-Hillsborough River","tbcmp_PD_LA_Inter_2100","PD","LA","Inter","2100",279.13913447528
"031002050503",6110,559030,"Curiosity Creek-Hillsborough River","tbcmp_PD_LA_Inter_2100","PD","LA","Inter","2100",552.55755066
"031002050503",6410,325310.820711219,"Curiosity Creek-Hillsborough River","tbcmp_PD_LA_Inter_2100","PD","LA","Inter","2100",321.544372029025
"031002050503",6420,991,"Curiosity Creek-Hillsborough River","tbcmp_PD_LA_Inter_2100","PD","LA","Inter","2100",0.979526202
"031002050503",6425,3020,"Curiosity Creek-Hillsborough River","tbcmp_PD_LA_Inter_2100","PD","LA","Inter","2100",2.98503444
"031002050503",6510,941,"Curiosity Creek-Hillsborough River","tbcmp_PD_LA_Inter_2100","PD","LA","Inter","2100",0.930105102
"031002050503",6600,3492,"Curiosity Creek-Hillsborough River","tbcmp_PD_LA_Inter_2100","PD","LA","Inter","2100",3.451569624
"031002050503",9113,6251,"Curiosity Creek-Hillsborough River","tbcmp_PD_LA_Inter_2100","PD","LA","Inter","2100",6.178625922
"031002060101",1100,4270047.66002923,"Brooker Creek","tbcmp_PD_LA_Inter_2100","PD","LA","Inter","2100",4220.60904822141
"031002060101",1200,4429612.51959356,"Brooker Creek","tbcmp_PD_LA_Inter_2100","PD","LA","Inter","2100",4378.3264658417
"031002060101",1800,148496.562278394,"Brooker Creek","tbcmp_PD_LA_Inter_2100","PD","LA","Inter","2100",146.777269080335
"031002060101",1820,739146.716225873,"Brooker Creek","tbcmp_PD_LA_Inter_2100","PD","LA","Inter","2100",730.588875545409
"031002060101",1900,840738.840905549,"Brooker Creek","tbcmp_PD_LA_Inter_2100","PD","LA","Inter","2100",831.004766605545
"031002060101",2100,2561630.76074414,"Brooker Creek","tbcmp_PD_LA_Inter_2100","PD","LA","Inter","2100",2531.97219979624
"031002060101",2200,100396,"Brooker Creek","tbcmp_PD_LA_Inter_2100","PD","LA","Inter","2100",99.233615112
"031002060101",2400,165515.717244712,"Brooker Creek","tbcmp_PD_LA_Inter_2100","PD","LA","Inter","2100",163.599376270452
"031002060101",3200,256526.445482792,"Brooker Creek","tbcmp_PD_LA_Inter_2100","PD","LA","Inter","2100",253.556382296992
"031002060101",4100,3314350.95388135,"Brooker Creek","tbcmp_PD_LA_Inter_2100","PD","LA","Inter","2100",3275.97739853731
"031002060101",4400,136300.79283378,"Brooker Creek","tbcmp_PD_LA_Inter_2100","PD","LA","Inter","2100",134.72270225435
"031002060101",5200,2111041.4630588,"Brooker Creek","tbcmp_PD_LA_Inter_2100","PD","LA","Inter","2100",2086.59982499951
"031002060101",5400,22094.1635631519,"Brooker Creek","tbcmp_PD_LA_Inter_2100","PD","LA","Inter","2100",21.8383573374177
"031002060101",6110,5766001.94135755,"Brooker Creek","tbcmp_PD_LA_Inter_2100","PD","LA","Inter","2100",5699.24317088051
"031002060101",6120,54567.707965559,"Brooker Creek","tbcmp_PD_LA_Inter_2100","PD","LA","Inter","2100",53.9359230427338
"031002060101",6410,945095.57055197,"Brooker Creek","tbcmp_PD_LA_Inter_2100","PD","LA","Inter","2100",934.153254036119
"031002060101",6420,15252.044180565,"Brooker Creek","tbcmp_PD_LA_Inter_2100","PD","LA","Inter","2100",15.0754560130424
"031002060101",6600,67240.1147695105,"Brooker Creek","tbcmp_PD_LA_Inter_2100","PD","LA","Inter","2100",66.4616087207091
"031002060101",9113,1988.65042013861,"Brooker Creek","tbcmp_PD_LA_Inter_2100","PD","LA","Inter","2100",1.96562582557425
"031002060102",1100,742184.082828666,"Lake Tarpon","tbcmp_PD_LA_Inter_2100","PD","LA","Inter","2100",733.591075517675
"031002060102",1200,6832717.81748603,"Lake Tarpon","tbcmp_PD_LA_Inter_2100","PD","LA","Inter","2100",6753.60861059517
"031002060102",1800,356563.139162876,"Lake Tarpon","tbcmp_PD_LA_Inter_2100","PD","LA","Inter","2100",352.434851137648
"031002060102",1820,509310.525181834,"Lake Tarpon","tbcmp_PD_LA_Inter_2100","PD","LA","Inter","2100",503.413727921279
"031002060102",1900,137616.833910077,"Lake Tarpon","tbcmp_PD_LA_Inter_2100","PD","LA","Inter","2100",136.023506207066
"031002060102",2400,364.28275555023,"Lake Tarpon","tbcmp_PD_LA_Inter_2100","PD","LA","Inter","2100",0.360065089806469
"031002060102",4100,233302.918714376,"Lake Tarpon","tbcmp_PD_LA_Inter_2100","PD","LA","Inter","2100",230.601737521501
"031002060102",5200,372344.461328344,"Lake Tarpon","tbcmp_PD_LA_Inter_2100","PD","LA","Inter","2100",368.033457155084
"031002060102",5400,2678080.46494446,"Lake Tarpon","tbcmp_PD_LA_Inter_2100","PD","LA","Inter","2100",2647.07364932133
"031002060102",6110,971433.648080913,"Lake Tarpon","tbcmp_PD_LA_Inter_2100","PD","LA","Inter","2100",960.186389303432
"031002060102",6120,230089.292034656,"Lake Tarpon","tbcmp_PD_LA_Inter_2100","PD","LA","Inter","2100",227.425318211478
"031002060102",6410,154134.964234216,"Lake Tarpon","tbcmp_PD_LA_Inter_2100","PD","LA","Inter","2100",152.350389618312
"031002060102",6420,65865.9888917749,"Lake Tarpon","tbcmp_PD_LA_Inter_2100","PD","LA","Inter","2100",65.1033924723859
"031002060102",6425,77636.872158179,"Lake Tarpon","tbcmp_PD_LA_Inter_2100","PD","LA","Inter","2100",76.7379924523316
"031002060102",6510,26168.6190253305,"Lake Tarpon","tbcmp_PD_LA_Inter_2100","PD","LA","Inter","2100",25.8656387542553
"031002060102",6600,136094.885230576,"Lake Tarpon","tbcmp_PD_LA_Inter_2100","PD","LA","Inter","2100",134.519178649376
"031002060102",9113,54959.4365348652,"Lake Tarpon","tbcmp_PD_LA_Inter_2100","PD","LA","Inter","2100",54.3231161786645
"031002060103",0,326.299242854118,"Double Branch-Frontal Old Tampa Bay","tbcmp_PD_LA_Inter_2100","PD","LA","Inter","2100",0.322521350220353
"031002060103",1100,1126865.17291143,"Double Branch-Frontal Old Tampa Bay","tbcmp_PD_LA_Inter_2100","PD","LA","Inter","2100",1113.81832793946
"031002060103",1200,7829993.44367881,"Double Branch-Frontal Old Tampa Bay","tbcmp_PD_LA_Inter_2100","PD","LA","Inter","2100",7739.3377795879
"031002060103",1800,457369.9721778,"Double Branch-Frontal Old Tampa Bay","tbcmp_PD_LA_Inter_2100","PD","LA","Inter","2100",452.074542639926
"031002060103",1820,502345.914298258,"Double Branch-Frontal Old Tampa Bay","tbcmp_PD_LA_Inter_2100","PD","LA","Inter","2100",496.529753302513
"031002060103",1900,669903.648669684,"Double Branch-Frontal Old Tampa Bay","tbcmp_PD_LA_Inter_2100","PD","LA","Inter","2100",662.147504225386
"031002060103",2100,529857.543707232,"Double Branch-Frontal Old Tampa Bay","tbcmp_PD_LA_Inter_2100","PD","LA","Inter","2100",523.72285306619
"031002060103",2400,19101.8028412645,"Double Branch-Frontal Old Tampa Bay","tbcmp_PD_LA_Inter_2100","PD","LA","Inter","2100",18.8806421679683
"031002060103",3200,500722.495368736,"Double Branch-Frontal Old Tampa Bay","tbcmp_PD_LA_Inter_2100","PD","LA","Inter","2100",494.925130317356
"031002060103",4100,2145002.1737442,"Double Branch-Frontal Old Tampa Bay","tbcmp_PD_LA_Inter_2100","PD","LA","Inter","2100",2120.16733857659
"031002060103",4400,12468.8975022333,"Double Branch-Frontal Old Tampa Bay","tbcmp_PD_LA_Inter_2100","PD","LA","Inter","2100",12.3245326069524
"031002060103",5200,1211197.47306723,"Double Branch-Frontal Old Tampa Bay","tbcmp_PD_LA_Inter_2100","PD","LA","Inter","2100",1197.17422872406
"031002060103",5400,441320.845983558,"Double Branch-Frontal Old Tampa Bay","tbcmp_PD_LA_Inter_2100","PD","LA","Inter","2100",436.21123322876
"031002060103",6110,3415220.22116455,"Double Branch-Frontal Old Tampa Bay","tbcmp_PD_LA_Inter_2100","PD","LA","Inter","2100",3375.67880144391
"031002060103",6120,725033.637561036,"Double Branch-Frontal Old Tampa Bay","tbcmp_PD_LA_Inter_2100","PD","LA","Inter","2100",716.639198105354
"031002060103",6410,892726.205050853,"Double Branch-Frontal Old Tampa Bay","tbcmp_PD_LA_Inter_2100","PD","LA","Inter","2100",882.390221048774
"031002060103",6420,101946.440434367,"Double Branch-Frontal Old Tampa Bay","tbcmp_PD_LA_Inter_2100","PD","LA","Inter","2100",100.766104547018
"031002060103",6425,191986.181136256,"Double Branch-Frontal Old Tampa Bay","tbcmp_PD_LA_Inter_2100","PD","LA","Inter","2100",189.763365131061
"031002060103",6510,105955.027317026,"Double Branch-Frontal Old Tampa Bay","tbcmp_PD_LA_Inter_2100","PD","LA","Inter","2100",104.728280010749
"031002060103",6600,193759.954022066,"Double Branch-Frontal Old Tampa Bay","tbcmp_PD_LA_Inter_2100","PD","LA","Inter","2100",191.516601274399
"031002060103",9113,781676.998801083,"Double Branch-Frontal Old Tampa Bay","tbcmp_PD_LA_Inter_2100","PD","LA","Inter","2100",772.626742508964
"031002060201",1100,613201.88323624,"Sweetwater Creek","tbcmp_PD_LA_Inter_2100","PD","LA","Inter","2100",606.102231832131
"031002060201",1200,9567251.7158775,"Sweetwater Creek","tbcmp_PD_LA_Inter_2100","PD","LA","Inter","2100",9456.48207551107
"031002060201",1800,119873.122437898,"Sweetwater Creek","tbcmp_PD_LA_Inter_2100","PD","LA","Inter","2100",118.485231426312
"031002060201",1820,167801.785731822,"Sweetwater Creek","tbcmp_PD_LA_Inter_2100","PD","LA","Inter","2100",165.858976656619
"031002060201",1900,283068.517311769,"Sweetwater Creek","tbcmp_PD_LA_Inter_2100","PD","LA","Inter","2100",279.791150018334
"031002060201",2100,26574.0375389321,"Sweetwater Creek","tbcmp_PD_LA_Inter_2100","PD","LA","Inter","2100",26.2663633323063
"031002060201",2200,12490,"Sweetwater Creek","tbcmp_PD_LA_Inter_2100","PD","LA","Inter","2100",12.34539078
"031002060201",3200,42585.8256335776,"Sweetwater Creek","tbcmp_PD_LA_Inter_2100","PD","LA","Inter","2100",42.0927669443921
"031002060201",4100,144456.410034693,"Sweetwater Creek","tbcmp_PD_LA_Inter_2100","PD","LA","Inter","2100",142.783893719312
"031002060201",4400,1595,"Sweetwater Creek","tbcmp_PD_LA_Inter_2100","PD","LA","Inter","2100",1.57653309
"031002060201",5200,1523187.7553393,"Sweetwater Creek","tbcmp_PD_LA_Inter_2100","PD","LA","Inter","2100",1505.55228750798
"031002060201",5400,11803.5251775086,"Sweetwater Creek","tbcmp_PD_LA_Inter_2100","PD","LA","Inter","2100",11.6668639630034
"031002060201",6110,900659.07092257,"Sweetwater Creek","tbcmp_PD_LA_Inter_2100","PD","LA","Inter","2100",890.231240199428
"031002060201",6120,76,"Sweetwater Creek","tbcmp_PD_LA_Inter_2100","PD","LA","Inter","2100",0.075120072
"031002060201",6410,597078.38567399,"Sweetwater Creek","tbcmp_PD_LA_Inter_2100","PD","LA","Inter","2100",590.165412124656
"031002060201",6420,44,"Sweetwater Creek","tbcmp_PD_LA_Inter_2100","PD","LA","Inter","2100",0.043490568
"031002060201",6425,7,"Sweetwater Creek","tbcmp_PD_LA_Inter_2100","PD","LA","Inter","2100",0.006918954
"031002060201",6510,2,"Sweetwater Creek","tbcmp_PD_LA_Inter_2100","PD","LA","Inter","2100",0.001976844
"031002060201",6600,569,"Sweetwater Creek","tbcmp_PD_LA_Inter_2100","PD","LA","Inter","2100",0.562412118
"031002060201",9113,16,"Sweetwater Creek","tbcmp_PD_LA_Inter_2100","PD","LA","Inter","2100",0.015814752
"031002060202",0,838,"Rocky Creek-Frontal Old Tampa Bay","tbcmp_PD_LA_Inter_2100","PD","LA","Inter","2100",0.828297636
"031002060202",1100,2887399.0737307,"Rocky Creek-Frontal Old Tampa Bay","tbcmp_PD_LA_Inter_2100","PD","LA","Inter","2100",2853.96876725504
"031002060202",1200,18013834.1793538,"Rocky Creek-Frontal Old Tampa Bay","tbcmp_PD_LA_Inter_2100","PD","LA","Inter","2100",17805.2700072252
"031002060202",1800,335358.323855161,"Rocky Creek-Frontal Old Tampa Bay","tbcmp_PD_LA_Inter_2100","PD","LA","Inter","2100",331.475545181566
"031002060202",1820,651427.486867995,"Rocky Creek-Frontal Old Tampa Bay","tbcmp_PD_LA_Inter_2100","PD","LA","Inter","2100",643.885259425037
"031002060202",1900,977690.759457927,"Rocky Creek-Frontal Old Tampa Bay","tbcmp_PD_LA_Inter_2100","PD","LA","Inter","2100",966.371055844923
"031002060202",2100,468222.181493367,"Rocky Creek-Frontal Old Tampa Bay","tbcmp_PD_LA_Inter_2100","PD","LA","Inter","2100",462.801105076037
"031002060202",2200,23512,"Rocky Creek-Frontal Old Tampa Bay","tbcmp_PD_LA_Inter_2100","PD","LA","Inter","2100",23.239778064
"031002060202",2400,80495.1971588965,"Rocky Creek-Frontal Old Tampa Bay","tbcmp_PD_LA_Inter_2100","PD","LA","Inter","2100",79.5632237661908
"031002060202",3200,229946.348223758,"Rocky Creek-Frontal Old Tampa Bay","tbcmp_PD_LA_Inter_2100","PD","LA","Inter","2100",227.284029404023
"031002060202",4100,722168.386197331,"Rocky Creek-Frontal Old Tampa Bay","tbcmp_PD_LA_Inter_2100","PD","LA","Inter","2100",713.807120621938
"031002060202",4400,185298.723666916,"Rocky Creek-Frontal Old Tampa Bay","tbcmp_PD_LA_Inter_2100","PD","LA","Inter","2100",183.153335044301
"031002060202",5200,2964555.61344627,"Rocky Creek-Frontal Old Tampa Bay","tbcmp_PD_LA_Inter_2100","PD","LA","Inter","2100",2930.23198855379
"031002060202",5400,340093.749212822,"Rocky Creek-Frontal Old Tampa Bay","tbcmp_PD_LA_Inter_2100","PD","LA","Inter","2100",336.156143784436
"031002060202",6110,4687367.76305512,"Rocky Creek-Frontal Old Tampa Bay","tbcmp_PD_LA_Inter_2100","PD","LA","Inter","2100",4633.09741909447
"031002060202",6120,144343.060318452,"Rocky Creek-Frontal Old Tampa Bay","tbcmp_PD_LA_Inter_2100","PD","LA","Inter","2100",142.671856366085
"031002060202",6410,1251030.72492803,"Rocky Creek-Frontal Old Tampa Bay","tbcmp_PD_LA_Inter_2100","PD","LA","Inter","2100",1236.54629119481
"031002060202",6420,38583.6757542406,"Rocky Creek-Frontal Old Tampa Bay","tbcmp_PD_LA_Inter_2100","PD","LA","Inter","2100",38.136953956358
"031002060202",6425,350694.345596055,"Rocky Creek-Frontal Old Tampa Bay","tbcmp_PD_LA_Inter_2100","PD","LA","Inter","2100",346.634006462744
"031002060202",6510,155129.549478596,"Rocky Creek-Frontal Old Tampa Bay","tbcmp_PD_LA_Inter_2100","PD","LA","Inter","2100",153.333459554733
"031002060202",6600,21490.807173562,"Rocky Creek-Frontal Old Tampa Bay","tbcmp_PD_LA_Inter_2100","PD","LA","Inter","2100",21.2419866081065
"031002060202",9113,527024.264184625,"Rocky Creek-Frontal Old Tampa Bay","tbcmp_PD_LA_Inter_2100","PD","LA","Inter","2100",520.922377253896
"031002060203",0,2855.75396601856,"Fish Creek-Frontal Old Tampa Bay","tbcmp_PD_LA_Inter_2100","PD","LA","Inter","2100",2.8226900466
"031002060203",1100,22400,"Fish Creek-Frontal Old Tampa Bay","tbcmp_PD_LA_Inter_2100","PD","LA","Inter","2100",22.1406528
"031002060203",1200,11680855.7615946,"Fish Creek-Frontal Old Tampa Bay","tbcmp_PD_LA_Inter_2100","PD","LA","Inter","2100",11545.6148135868
"031002060203",1800,340960.380816571,"Fish Creek-Frontal Old Tampa Bay","tbcmp_PD_LA_Inter_2100","PD","LA","Inter","2100",337.012741527477
"031002060203",1820,103404,"Fish Creek-Frontal Old Tampa Bay","tbcmp_PD_LA_Inter_2100","PD","LA","Inter","2100",102.206788488
"031002060203",1900,367803.702520029,"Fish Creek-Frontal Old Tampa Bay","tbcmp_PD_LA_Inter_2100","PD","LA","Inter","2100",363.545271252252
"031002060203",3200,4743,"Fish Creek-Frontal Old Tampa Bay","tbcmp_PD_LA_Inter_2100","PD","LA","Inter","2100",4.688085546
"031002060203",4100,181872.164502754,"Fish Creek-Frontal Old Tampa Bay","tbcmp_PD_LA_Inter_2100","PD","LA","Inter","2100",179.766448582141
"031002060203",5200,226344.448865831,"Fish Creek-Frontal Old Tampa Bay","tbcmp_PD_LA_Inter_2100","PD","LA","Inter","2100",223.723832836862
"031002060203",5400,280775.825825669,"Fish Creek-Frontal Old Tampa Bay","tbcmp_PD_LA_Inter_2100","PD","LA","Inter","2100",277.52500331426
"031002060203",6110,146861.410009875,"Fish Creek-Frontal Old Tampa Bay","tbcmp_PD_LA_Inter_2100","PD","LA","Inter","2100",145.161048604781
"031002060203",6120,253145.360260555,"Fish Creek-Frontal Old Tampa Bay","tbcmp_PD_LA_Inter_2100","PD","LA","Inter","2100",250.214443279458
"031002060203",6410,65173,"Fish Creek-Frontal Old Tampa Bay","tbcmp_PD_LA_Inter_2100","PD","LA","Inter","2100",64.418427006
"031002060203",6420,24002.3355892207,"Fish Creek-Frontal Old Tampa Bay","tbcmp_PD_LA_Inter_2100","PD","LA","Inter","2100",23.7244365477688
"031002060203",6425,1397.60110961011,"Fish Creek-Frontal Old Tampa Bay","tbcmp_PD_LA_Inter_2100","PD","LA","Inter","2100",1.38141968396305
"031002060203",6510,1951.08787995576,"Fish Creek-Frontal Old Tampa Bay","tbcmp_PD_LA_Inter_2100","PD","LA","Inter","2100",1.92849818448164
"031002060203",6600,33175.3709110713,"Fish Creek-Frontal Old Tampa Bay","tbcmp_PD_LA_Inter_2100","PD","LA","Inter","2100",32.7912664666629
"031002060203",9113,171061.213705089,"Fish Creek-Frontal Old Tampa Bay","tbcmp_PD_LA_Inter_2100","PD","LA","Inter","2100",169.080666972812
"031002060301",1100,2685420.40367806,"Palm River","tbcmp_PD_LA_Inter_2100","PD","LA","Inter","2100",2654.32860624427
"031002060301",1200,15549980.0627615,"Palm River","tbcmp_PD_LA_Inter_2100","PD","LA","Inter","2100",15369.9423935948
"031002060301",1800,495039.593537551,"Palm River","tbcmp_PD_LA_Inter_2100","PD","LA","Inter","2100",489.308025123573
"031002060301",1820,3498,"Palm River","tbcmp_PD_LA_Inter_2100","PD","LA","Inter","2100",3.457500156
"031002060301",1900,1507727.97047143,"Palm River","tbcmp_PD_LA_Inter_2100","PD","LA","Inter","2100",1490.27149602931
"031002060301",2100,652931.573240223,"Palm River","tbcmp_PD_LA_Inter_2100","PD","LA","Inter","2100",645.371931485248
"031002060301",2200,3980.02209844499,"Palm River","tbcmp_PD_LA_Inter_2100","PD","LA","Inter","2100",3.93394140258919
"031002060301",2400,94274.6771390809,"Palm River","tbcmp_PD_LA_Inter_2100","PD","LA","Inter","2100",93.1831649271646
"031002060301",3200,11243,"Palm River","tbcmp_PD_LA_Inter_2100","PD","LA","Inter","2100",11.112828546
"031002060301",4100,746259.419052337,"Palm River","tbcmp_PD_LA_Inter_2100","PD","LA","Inter","2100",737.619227498549
"031002060301",4400,12487,"Palm River","tbcmp_PD_LA_Inter_2100","PD","LA","Inter","2100",12.342425514
"031002060301",5200,941166.113562597,"Palm River","tbcmp_PD_LA_Inter_2100","PD","LA","Inter","2100",930.269292299769
"031002060301",5400,560985.485676949,"Palm River","tbcmp_PD_LA_Inter_2100","PD","LA","Inter","2100",554.490395723781
"031002060301",6110,1196061.92041352,"Palm River","tbcmp_PD_LA_Inter_2100","PD","LA","Inter","2100",1182.21391549897
"031002060301",6120,18020.9386348158,"Palm River","tbcmp_PD_LA_Inter_2100","PD","LA","Inter","2100",17.8122922073019
"031002060301",6410,1153442.8277917,"Palm River","tbcmp_PD_LA_Inter_2100","PD","LA","Inter","2100",1140.08826673153
"031002060301",6420,6394.65033609001,"Palm River","tbcmp_PD_LA_Inter_2100","PD","LA","Inter","2100",6.32061307449876
"031002060301",6425,21525.3617960672,"Palm River","tbcmp_PD_LA_Inter_2100","PD","LA","Inter","2100",21.2761411571923
"031002060301",6510,11969.2482451024,"Palm River","tbcmp_PD_LA_Inter_2100","PD","LA","Inter","2100",11.8306682889206
"031002060301",6600,12409,"Palm River","tbcmp_PD_LA_Inter_2100","PD","LA","Inter","2100",12.265328598
"031002060301",9113,69737.7949586953,"Palm River","tbcmp_PD_LA_Inter_2100","PD","LA","Inter","2100",68.9303707686636
"031002060302",0,100,"Delaney Creek-Frontal Hillsborough Bay","tbcmp_PD_LA_Inter_2100","PD","LA","Inter","2100",0.0988422
"031002060302",1100,1516818.79068206,"Delaney Creek-Frontal Hillsborough Bay","tbcmp_PD_LA_Inter_2100","PD","LA","Inter","2100",1499.25706272354
"031002060302",1200,18282844.9443523,"Delaney Creek-Frontal Hillsborough Bay","tbcmp_PD_LA_Inter_2100","PD","LA","Inter","2100",18071.1661655866
"031002060302",1800,225607,"Delaney Creek-Frontal Hillsborough Bay","tbcmp_PD_LA_Inter_2100","PD","LA","Inter","2100",222.994922154
"031002060302",1900,1324018.61616455,"Delaney Creek-Frontal Hillsborough Bay","tbcmp_PD_LA_Inter_2100","PD","LA","Inter","2100",1308.68912862659
"031002060302",2100,353087.806089012,"Delaney Creek-Frontal Hillsborough Bay","tbcmp_PD_LA_Inter_2100","PD","LA","Inter","2100",348.999755470113
"031002060302",2200,4958,"Delaney Creek-Frontal Hillsborough Bay","tbcmp_PD_LA_Inter_2100","PD","LA","Inter","2100",4.900596276
"031002060302",2400,21500.989768472,"Delaney Creek-Frontal Hillsborough Bay","tbcmp_PD_LA_Inter_2100","PD","LA","Inter","2100",21.2520513089327
"031002060302",3200,228322,"Delaney Creek-Frontal Hillsborough Bay","tbcmp_PD_LA_Inter_2100","PD","LA","Inter","2100",225.678487884
"031002060302",4100,802674.894150959,"Delaney Creek-Frontal Hillsborough Bay","tbcmp_PD_LA_Inter_2100","PD","LA","Inter","2100",793.381524226479
"031002060302",5200,1389000.05078631,"Delaney Creek-Frontal Hillsborough Bay","tbcmp_PD_LA_Inter_2100","PD","LA","Inter","2100",1372.91820819831
"031002060302",5400,252349.756728243,"Delaney Creek-Frontal Hillsborough Bay","tbcmp_PD_LA_Inter_2100","PD","LA","Inter","2100",249.428051244843
"031002060302",6110,216713.47818588,"Delaney Creek-Frontal Hillsborough Bay","tbcmp_PD_LA_Inter_2100","PD","LA","Inter","2100",214.204369535444
"031002060302",6120,449848.043164451,"Delaney Creek-Frontal Hillsborough Bay","tbcmp_PD_LA_Inter_2100","PD","LA","Inter","2100",444.639702520693
"031002060302",6410,1034060.7668675,"Delaney Creek-Frontal Hillsborough Bay","tbcmp_PD_LA_Inter_2100","PD","LA","Inter","2100",1022.08841130871
"031002060302",6420,83673.7076140775,"Delaney Creek-Frontal Hillsborough Bay","tbcmp_PD_LA_Inter_2100","PD","LA","Inter","2100",82.7049334273217
"031002060302",6425,968.063428997993,"Delaney Creek-Frontal Hillsborough Bay","tbcmp_PD_LA_Inter_2100","PD","LA","Inter","2100",0.956855190617055
"031002060302",6510,474.463784903288,"Delaney Creek-Frontal Hillsborough Bay","tbcmp_PD_LA_Inter_2100","PD","LA","Inter","2100",0.468970443201678
"031002060302",6600,191514.027773866,"Delaney Creek-Frontal Hillsborough Bay","tbcmp_PD_LA_Inter_2100","PD","LA","Inter","2100",189.296678360301
"031002060302",7100,9.19327259063721,"Delaney Creek-Frontal Hillsborough Bay","tbcmp_PD_LA_Inter_2100","PD","LA","Inter","2100",0.00908683288058281
"031002060302",9113,450380.212880746,"Delaney Creek-Frontal Hillsborough Bay","tbcmp_PD_LA_Inter_2100","PD","LA","Inter","2100",445.165710776012
"031002060303",0,3644.20884038974,"McDill Air Force Base-Frontal Tampa Bay","tbcmp_PD_LA_Inter_2100","PD","LA","Inter","2100",3.6020161904357
"031002060303",1100,59177.6634243704,"McDill Air Force Base-Frontal Tampa Bay","tbcmp_PD_LA_Inter_2100","PD","LA","Inter","2100",58.4925044372431
"031002060303",1200,19806226.6675116,"McDill Air Force Base-Frontal Tampa Bay","tbcmp_PD_LA_Inter_2100","PD","LA","Inter","2100",19576.9101751551
"031002060303",1800,320499.462870557,"McDill Air Force Base-Frontal Tampa Bay","tbcmp_PD_LA_Inter_2100","PD","LA","Inter","2100",316.788720089442
"031002060303",1820,87333,"McDill Air Force Base-Frontal Tampa Bay","tbcmp_PD_LA_Inter_2100","PD","LA","Inter","2100",86.321858526
"031002060303",1900,436431.137218377,"McDill Air Force Base-Frontal Tampa Bay","tbcmp_PD_LA_Inter_2100","PD","LA","Inter","2100",431.378137511662
"031002060303",2400,2463,"McDill Air Force Base-Frontal Tampa Bay","tbcmp_PD_LA_Inter_2100","PD","LA","Inter","2100",2.434483386
"031002060303",3200,12520,"McDill Air Force Base-Frontal Tampa Bay","tbcmp_PD_LA_Inter_2100","PD","LA","Inter","2100",12.37504344
"031002060303",4100,143926,"McDill Air Force Base-Frontal Tampa Bay","tbcmp_PD_LA_Inter_2100","PD","LA","Inter","2100",142.259624772
"031002060303",4400,32163,"McDill Air Force Base-Frontal Tampa Bay","tbcmp_PD_LA_Inter_2100","PD","LA","Inter","2100",31.790616786
"031002060303",5200,118602,"McDill Air Force Base-Frontal Tampa Bay","tbcmp_PD_LA_Inter_2100","PD","LA","Inter","2100",117.228826044
"031002060303",5400,1136829.38137159,"McDill Air Force Base-Frontal Tampa Bay","tbcmp_PD_LA_Inter_2100","PD","LA","Inter","2100",1123.66717079407
"031002060303",6110,26752.3166343649,"McDill Air Force Base-Frontal Tampa Bay","tbcmp_PD_LA_Inter_2100","PD","LA","Inter","2100",26.4425783123722
"031002060303",6120,956986.880145894,"McDill Air Force Base-Frontal Tampa Bay","tbcmp_PD_LA_Inter_2100","PD","LA","Inter","2100",945.906886047565
"031002060303",6410,116221.633863389,"McDill Air Force Base-Frontal Tampa Bay","tbcmp_PD_LA_Inter_2100","PD","LA","Inter","2100",114.876019786518
"031002060303",6420,283571.768482209,"McDill Air Force Base-Frontal Tampa Bay","tbcmp_PD_LA_Inter_2100","PD","LA","Inter","2100",280.288574546722
"031002060303",6425,3335.69121038128,"McDill Air Force Base-Frontal Tampa Bay","tbcmp_PD_LA_Inter_2100","PD","LA","Inter","2100",3.29707057754749
"031002060303",6510,2881.71998467634,"McDill Air Force Base-Frontal Tampa Bay","tbcmp_PD_LA_Inter_2100","PD","LA","Inter","2100",2.84835543069376
"031002060303",6600,156524.291966915,"McDill Air Force Base-Frontal Tampa Bay","tbcmp_PD_LA_Inter_2100","PD","LA","Inter","2100",154.712053714522
"031002060303",7100,101,"McDill Air Force Base-Frontal Tampa Bay","tbcmp_PD_LA_Inter_2100","PD","LA","Inter","2100",0.099830622
"031002060303",9113,1228131.18043245,"McDill Air Force Base-Frontal Tampa Bay","tbcmp_PD_LA_Inter_2100","PD","LA","Inter","2100",1213.9118776254
"031002060401",1100,2132943.6213896,"Bullfrog Creek","tbcmp_PD_LA_Inter_2100","PD","LA","Inter","2100",2108.24840014115
"031002060401",1200,9481390.15284833,"Bullfrog Creek","tbcmp_PD_LA_Inter_2100","PD","LA","Inter","2100",9371.61461765865
"031002060401",1800,227269.188148468,"Bullfrog Creek","tbcmp_PD_LA_Inter_2100","PD","LA","Inter","2100",224.637865488086
"031002060401",1820,143390,"Bullfrog Creek","tbcmp_PD_LA_Inter_2100","PD","LA","Inter","2100",141.72983058
"031002060401",1900,1816772.24771337,"Bullfrog Creek","tbcmp_PD_LA_Inter_2100","PD","LA","Inter","2100",1795.73765862935
"031002060401",2100,4141026.44312793,"Bullfrog Creek","tbcmp_PD_LA_Inter_2100","PD","LA","Inter","2100",4093.0816389694
"031002060401",2200,56924,"Bullfrog Creek","tbcmp_PD_LA_Inter_2100","PD","LA","Inter","2100",56.264933928
"031002060401",2400,305521.552102657,"Bullfrog Creek","tbcmp_PD_LA_Inter_2100","PD","LA","Inter","2100",301.984223572413
"031002060401",3200,1110887.83638473,"Bullfrog Creek","tbcmp_PD_LA_Inter_2100","PD","LA","Inter","2100",1098.02597701507
"031002060401",4100,2211674.2921175,"Bullfrog Creek","tbcmp_PD_LA_Inter_2100","PD","LA","Inter","2100",2186.06752716336
"031002060401",4400,8408,"Bullfrog Creek","tbcmp_PD_LA_Inter_2100","PD","LA","Inter","2100",8.310652176
"031002060401",5200,1453783.42727487,"Bullfrog Creek","tbcmp_PD_LA_Inter_2100","PD","LA","Inter","2100",1436.95152275388
"031002060401",5400,77005.1168785608,"Bullfrog Creek","tbcmp_PD_LA_Inter_2100","PD","LA","Inter","2100",76.1135516353409
"031002060401",6110,1521466.49853454,"Bullfrog Creek","tbcmp_PD_LA_Inter_2100","PD","LA","Inter","2100",1503.85095941451
"031002060401",6120,1408,"Bullfrog Creek","tbcmp_PD_LA_Inter_2100","PD","LA","Inter","2100",1.391698176
"031002060401",6410,1145711.76959501,"Bullfrog Creek","tbcmp_PD_LA_Inter_2100","PD","LA","Inter","2100",1132.44671872664
"031002060401",6420,5583.30283770431,"Bullfrog Creek","tbcmp_PD_LA_Inter_2100","PD","LA","Inter","2100",5.51865935744937
"031002060401",6425,37278.4777866098,"Bullfrog Creek","tbcmp_PD_LA_Inter_2100","PD","LA","Inter","2100",36.8468675707964
"031002060401",6510,18251.8127012487,"Bullfrog Creek","tbcmp_PD_LA_Inter_2100","PD","LA","Inter","2100",18.0404932137936
"031002060401",6600,16985.2264368316,"Bullfrog Creek","tbcmp_PD_LA_Inter_2100","PD","LA","Inter","2100",16.788571485146
"031002060401",9113,147493.581439669,"Bullfrog Creek","tbcmp_PD_LA_Inter_2100","PD","LA","Inter","2100",145.785900753761
"031002060402",0,2979.18944694847,"Wolf Branch-Frontal Tampa Bay","tbcmp_PD_LA_Inter_2100","PD","LA","Inter","2100",2.9446963915317
"031002060402",1100,204214.048351816,"Wolf Branch-Frontal Tampa Bay","tbcmp_PD_LA_Inter_2100","PD","LA","Inter","2100",201.849658099999
"031002060402",1200,7647454.94908873,"Wolf Branch-Frontal Tampa Bay","tbcmp_PD_LA_Inter_2100","PD","LA","Inter","2100",7558.91271568818
"031002060402",1800,216370.069565785,"Wolf Branch-Frontal Tampa Bay","tbcmp_PD_LA_Inter_2100","PD","LA","Inter","2100",213.864936900353
"031002060402",1820,130863,"Wolf Branch-Frontal Tampa Bay","tbcmp_PD_LA_Inter_2100","PD","LA","Inter","2100",129.347868186
"031002060402",1900,1242993.22675975,"Wolf Branch-Frontal Tampa Bay","tbcmp_PD_LA_Inter_2100","PD","LA","Inter","2100",1228.60185118032
"031002060402",2100,1309543.15903311,"Wolf Branch-Frontal Tampa Bay","tbcmp_PD_LA_Inter_2100","PD","LA","Inter","2100",1294.38126833783
"031002060402",2200,12441,"Wolf Branch-Frontal Tampa Bay","tbcmp_PD_LA_Inter_2100","PD","LA","Inter","2100",12.296958102
"031002060402",2400,113100.139118618,"Wolf Branch-Frontal Tampa Bay","tbcmp_PD_LA_Inter_2100","PD","LA","Inter","2100",111.790665707903
"031002060402",3200,238797.365191012,"Wolf Branch-Frontal Tampa Bay","tbcmp_PD_LA_Inter_2100","PD","LA","Inter","2100",236.032569296831
"031002060402",4100,1030667.81615094,"Wolf Branch-Frontal Tampa Bay","tbcmp_PD_LA_Inter_2100","PD","LA","Inter","2100",1018.73474417555
"031002060402",4400,14881,"Wolf Branch-Frontal Tampa Bay","tbcmp_PD_LA_Inter_2100","PD","LA","Inter","2100",14.708707782
"031002060402",5200,639993.769303342,"Wolf Branch-Frontal Tampa Bay","tbcmp_PD_LA_Inter_2100","PD","LA","Inter","2100",632.583921442348
"031002060402",5400,1777069.36007615,"Wolf Branch-Frontal Tampa Bay","tbcmp_PD_LA_Inter_2100","PD","LA","Inter","2100",1756.49445102518
"031002060402",6110,338677.297251625,"Wolf Branch-Frontal Tampa Bay","tbcmp_PD_LA_Inter_2100","PD","LA","Inter","2100",334.756091504046
"031002060402",6120,1785938.6702755,"Wolf Branch-Frontal Tampa Bay","tbcmp_PD_LA_Inter_2100","PD","LA","Inter","2100",1765.26107235105
"031002060402",6410,353284.088009791,"Wolf Branch-Frontal Tampa Bay","tbcmp_PD_LA_Inter_2100","PD","LA","Inter","2100",349.193764838814
"031002060402",6420,118336.46629062,"Wolf Branch-Frontal Tampa Bay","tbcmp_PD_LA_Inter_2100","PD","LA","Inter","2100",116.966366683907
"031002060402",6425,25536.8800810936,"Wolf Branch-Frontal Tampa Bay","tbcmp_PD_LA_Inter_2100","PD","LA","Inter","2100",25.2412140835147
"031002060402",6510,2813.08689822412,"Wolf Branch-Frontal Tampa Bay","tbcmp_PD_LA_Inter_2100","PD","LA","Inter","2100",2.78051697811648
"031002060402",6600,276959.971308413,"Wolf Branch-Frontal Tampa Bay","tbcmp_PD_LA_Inter_2100","PD","LA","Inter","2100",273.753328760604
"031002060402",9113,1928437.47558415,"Wolf Branch-Frontal Tampa Bay","tbcmp_PD_LA_Inter_2100","PD","LA","Inter","2100",1906.11002649184
"031002060501",1100,859778.174547742,"Frog Creek","tbcmp_PD_LA_Inter_2100","PD","LA","Inter","2100",849.823662842828
"031002060501",1200,3693393.09177684,"Frog Creek","tbcmp_PD_LA_Inter_2100","PD","LA","Inter","2100",3650.63098656025
"031002060501",1800,121319.324275408,"Frog Creek","tbcmp_PD_LA_Inter_2100","PD","LA","Inter","2100",119.914689138947
"031002060501",1820,283733.089941949,"Frog Creek","tbcmp_PD_LA_Inter_2100","PD","LA","Inter","2100",280.448028226601
"031002060501",1900,1844381.61122909,"Frog Creek","tbcmp_PD_LA_Inter_2100","PD","LA","Inter","2100",1823.02736093428
"031002060501",2100,1307454.75700744,"Frog Creek","tbcmp_PD_LA_Inter_2100","PD","LA","Inter","2100",1292.3170458308
"031002060501",2200,241479,"Frog Creek","tbcmp_PD_LA_Inter_2100","PD","LA","Inter","2100",238.683156138
"031002060501",2400,80552.2393767627,"Frog Creek","tbcmp_PD_LA_Inter_2100","PD","LA","Inter","2100",79.6196055492586
"031002060501",3200,61183.6669630057,"Frog Creek","tbcmp_PD_LA_Inter_2100","PD","LA","Inter","2100",60.4752824669081
"031002060501",4100,461671.435148314,"Frog Creek","tbcmp_PD_LA_Inter_2100","PD","LA","Inter","2100",456.326203272167
"031002060501",5200,990886.298141342,"Frog Creek","tbcmp_PD_LA_Inter_2100","PD","LA","Inter","2100",979.413816581462
"031002060501",5400,88788.6924375165,"Frog Creek","tbcmp_PD_LA_Inter_2100","PD","LA","Inter","2100",87.760696956475
"031002060501",6110,999801.35945444,"Frog Creek","tbcmp_PD_LA_Inter_2100","PD","LA","Inter","2100",988.225659314676
"031002060501",6120,30697.1704507484,"Frog Creek","tbcmp_PD_LA_Inter_2100","PD","LA","Inter","2100",30.3417586112696
"031002060501",6410,474573.712781689,"Frog Creek","tbcmp_PD_LA_Inter_2100","PD","LA","Inter","2100",469.079098335102
"031002060501",6420,14687.1207585794,"Frog Creek","tbcmp_PD_LA_Inter_2100","PD","LA","Inter","2100",14.5170732744366
"031002060501",6425,49189.4742920036,"Frog Creek","tbcmp_PD_LA_Inter_2100","PD","LA","Inter","2100",48.6199585586508
"031002060501",6510,32018.9366087731,"Frog Creek","tbcmp_PD_LA_Inter_2100","PD","LA","Inter","2100",31.6482213607167
"031002060501",6600,42419.2475620318,"Frog Creek","tbcmp_PD_LA_Inter_2100","PD","LA","Inter","2100",41.9281175137586
"031002060501",9113,256340.157607829,"Frog Creek","tbcmp_PD_LA_Inter_2100","PD","LA","Inter","2100",253.372251263045
"031002060502",0,8570,"Terra Ceia Bay-Frontal Tampa Bay","tbcmp_PD_LA_Inter_2100","PD","LA","Inter","2100",8.47077654
"031002060502",1100,1498381.0202429,"Terra Ceia Bay-Frontal Tampa Bay","tbcmp_PD_LA_Inter_2100","PD","LA","Inter","2100",1481.03276479053
"031002060502",1200,5584702.04089701,"Terra Ceia Bay-Frontal Tampa Bay","tbcmp_PD_LA_Inter_2100","PD","LA","Inter","2100",5520.04236066751
"031002060502",1800,68876.1713892782,"Terra Ceia Bay-Frontal Tampa Bay","tbcmp_PD_LA_Inter_2100","PD","LA","Inter","2100",68.0787230769332
"031002060502",1820,77682,"Terra Ceia Bay-Frontal Tampa Bay","tbcmp_PD_LA_Inter_2100","PD","LA","Inter","2100",76.782597804
"031002060502",1900,1544764.94009162,"Terra Ceia Bay-Frontal Tampa Bay","tbcmp_PD_LA_Inter_2100","PD","LA","Inter","2100",1526.87965161524
"031002060502",2100,2117286.33474251,"Terra Ceia Bay-Frontal Tampa Bay","tbcmp_PD_LA_Inter_2100","PD","LA","Inter","2100",2092.77239355886
"031002060502",2200,265968.795622341,"Terra Ceia Bay-Frontal Tampa Bay","tbcmp_PD_LA_Inter_2100","PD","LA","Inter","2100",262.889408906625
"031002060502",2400,560145.878145724,"Terra Ceia Bay-Frontal Tampa Bay","tbcmp_PD_LA_Inter_2100","PD","LA","Inter","2100",553.660509168553
"031002060502",3200,173771.353970533,"Terra Ceia Bay-Frontal Tampa Bay","tbcmp_PD_LA_Inter_2100","PD","LA","Inter","2100",171.759429234262
"031002060502",4100,519354.597235859,"Terra Ceia Bay-Frontal Tampa Bay","tbcmp_PD_LA_Inter_2100","PD","LA","Inter","2100",513.341509709062
"031002060502",5200,262698.068789004,"Terra Ceia Bay-Frontal Tampa Bay","tbcmp_PD_LA_Inter_2100","PD","LA","Inter","2100",259.656550548565
"031002060502",5400,5173505.96543031,"Terra Ceia Bay-Frontal Tampa Bay","tbcmp_PD_LA_Inter_2100","PD","LA","Inter","2100",5113.60711336255
"031002060502",6110,553523.410365971,"Terra Ceia Bay-Frontal Tampa Bay","tbcmp_PD_LA_Inter_2100","PD","LA","Inter","2100",547.114716320754
"031002060502",6120,3071578.75443747,"Terra Ceia Bay-Frontal Tampa Bay","tbcmp_PD_LA_Inter_2100","PD","LA","Inter","2100",3036.0160156186
"031002060502",6410,216275.75969298,"Terra Ceia Bay-Frontal Tampa Bay","tbcmp_PD_LA_Inter_2100","PD","LA","Inter","2100",213.771718947255
"031002060502",6420,228206.524464541,"Terra Ceia Bay-Frontal Tampa Bay","tbcmp_PD_LA_Inter_2100","PD","LA","Inter","2100",225.564349324291
"031002060502",6425,91286.5403788301,"Terra Ceia Bay-Frontal Tampa Bay","tbcmp_PD_LA_Inter_2100","PD","LA","Inter","2100",90.229624814324
"031002060502",6510,52958.6110189188,"Terra Ceia Bay-Frontal Tampa Bay","tbcmp_PD_LA_Inter_2100","PD","LA","Inter","2100",52.3454562205417
"031002060502",6600,360090.339400106,"Terra Ceia Bay-Frontal Tampa Bay","tbcmp_PD_LA_Inter_2100","PD","LA","Inter","2100",355.921213450532
"031002060502",7100,4502,"Terra Ceia Bay-Frontal Tampa Bay","tbcmp_PD_LA_Inter_2100","PD","LA","Inter","2100",4.449875844
"031002060502",9113,6075866.41222615,"Terra Ceia Bay-Frontal Tampa Bay","tbcmp_PD_LA_Inter_2100","PD","LA","Inter","2100",6005.5200309054
"031002060601",0,461.643492363393,"Alligator Creek-Frontal Old Tampa Bay","tbcmp_PD_LA_Inter_2100","PD","LA","Inter","2100",0.45629858400881
"031002060601",1100,932898.565433207,"Alligator Creek-Frontal Old Tampa Bay","tbcmp_PD_LA_Inter_2100","PD","LA","Inter","2100",922.097465842621
"031002060601",1200,14413658.1687037,"Alligator Creek-Frontal Old Tampa Bay","tbcmp_PD_LA_Inter_2100","PD","LA","Inter","2100",14246.7768344265
"031002060601",1800,686604.796010513,"Alligator Creek-Frontal Old Tampa Bay","tbcmp_PD_LA_Inter_2100","PD","LA","Inter","2100",678.655285682303
"031002060601",1820,147939.847038757,"Alligator Creek-Frontal Old Tampa Bay","tbcmp_PD_LA_Inter_2100","PD","LA","Inter","2100",146.226999489742
"031002060601",1900,176685.676141307,"Alligator Creek-Frontal Old Tampa Bay","tbcmp_PD_LA_Inter_2100","PD","LA","Inter","2100",174.640009382943
"031002060601",2400,9290.42625706034,"Alligator Creek-Frontal Old Tampa Bay","tbcmp_PD_LA_Inter_2100","PD","LA","Inter","2100",9.18286170185609
"031002060601",3200,3077,"Alligator Creek-Frontal Old Tampa Bay","tbcmp_PD_LA_Inter_2100","PD","LA","Inter","2100",3.041374494
"031002060601",4100,235066.007578035,"Alligator Creek-Frontal Old Tampa Bay","tbcmp_PD_LA_Inter_2100","PD","LA","Inter","2100",232.344413342297
"031002060601",5200,458358.9099725,"Alligator Creek-Frontal Old Tampa Bay","tbcmp_PD_LA_Inter_2100","PD","LA","Inter","2100",453.052030512839
"031002060601",5400,411774.816676671,"Alligator Creek-Frontal Old Tampa Bay","tbcmp_PD_LA_Inter_2100","PD","LA","Inter","2100",407.007287849189
"031002060601",6110,328926,"Alligator Creek-Frontal Old Tampa Bay","tbcmp_PD_LA_Inter_2100","PD","LA","Inter","2100",325.117694772
"031002060601",6120,276728.240865589,"Alligator Creek-Frontal Old Tampa Bay","tbcmp_PD_LA_Inter_2100","PD","LA","Inter","2100",273.524281292848
"031002060601",6410,235925.035765817,"Alligator Creek-Frontal Old Tampa Bay","tbcmp_PD_LA_Inter_2100","PD","LA","Inter","2100",233.19349570172
"031002060601",6420,32468.355629725,"Alligator Creek-Frontal Old Tampa Bay","tbcmp_PD_LA_Inter_2100","PD","LA","Inter","2100",32.0924370082441
"031002060601",6425,19,"Alligator Creek-Frontal Old Tampa Bay","tbcmp_PD_LA_Inter_2100","PD","LA","Inter","2100",0.018780018
"031002060601",6510,257.349847707897,"Alligator Creek-Frontal Old Tampa Bay","tbcmp_PD_LA_Inter_2100","PD","LA","Inter","2100",0.254370251171135
"031002060601",6600,17079.0097213355,"Alligator Creek-Frontal Old Tampa Bay","tbcmp_PD_LA_Inter_2100","PD","LA","Inter","2100",16.8812689467819
"031002060601",9113,429614.5891749,"Alligator Creek-Frontal Old Tampa Bay","tbcmp_PD_LA_Inter_2100","PD","LA","Inter","2100",424.640511461433
"031002060602",0,32,"Grassy Creek-Frontal Old Tampa Bay","tbcmp_PD_LA_Inter_2100","PD","LA","Inter","2100",0.031629504
"031002060602",1100,59927.1005550027,"Grassy Creek-Frontal Old Tampa Bay","tbcmp_PD_LA_Inter_2100","PD","LA","Inter","2100",59.2332645847769
"031002060602",1200,9448629.10028254,"Grassy Creek-Frontal Old Tampa Bay","tbcmp_PD_LA_Inter_2100","PD","LA","Inter","2100",9339.23287255947
"031002060602",1800,140314,"Grassy Creek-Frontal Old Tampa Bay","tbcmp_PD_LA_Inter_2100","PD","LA","Inter","2100",138.689444508
"031002060602",1820,291769.049006535,"Grassy Creek-Frontal Old Tampa Bay","tbcmp_PD_LA_Inter_2100","PD","LA","Inter","2100",288.390946957137
"031002060602",1900,205250.420688958,"Grassy Creek-Frontal Old Tampa Bay","tbcmp_PD_LA_Inter_2100","PD","LA","Inter","2100",202.874031318221
"031002060602",2400,3179,"Grassy Creek-Frontal Old Tampa Bay","tbcmp_PD_LA_Inter_2100","PD","LA","Inter","2100",3.142193538
"031002060602",3200,1542,"Grassy Creek-Frontal Old Tampa Bay","tbcmp_PD_LA_Inter_2100","PD","LA","Inter","2100",1.524146724
"031002060602",4100,98385.556533491,"Grassy Creek-Frontal Old Tampa Bay","tbcmp_PD_LA_Inter_2100","PD","LA","Inter","2100",97.2464485599462
"031002060602",5200,306698.118654286,"Grassy Creek-Frontal Old Tampa Bay","tbcmp_PD_LA_Inter_2100","PD","LA","Inter","2100",303.147167836507
"031002060602",5400,778051.184961882,"Grassy Creek-Frontal Old Tampa Bay","tbcmp_PD_LA_Inter_2100","PD","LA","Inter","2100",769.042908342393
"031002060602",6110,40489,"Grassy Creek-Frontal Old Tampa Bay","tbcmp_PD_LA_Inter_2100","PD","LA","Inter","2100",40.020218358
"031002060602",6120,711596.38039419,"Grassy Creek-Frontal Old Tampa Bay","tbcmp_PD_LA_Inter_2100","PD","LA","Inter","2100",703.357517501986
"031002060602",6410,162441.576379216,"Grassy Creek-Frontal Old Tampa Bay","tbcmp_PD_LA_Inter_2100","PD","LA","Inter","2100",160.560827807897
"031002060602",6420,31977.5296327025,"Grassy Creek-Frontal Old Tampa Bay","tbcmp_PD_LA_Inter_2100","PD","LA","Inter","2100",31.607293794615
"031002060602",6600,72629.2926713154,"Grassy Creek-Frontal Old Tampa Bay","tbcmp_PD_LA_Inter_2100","PD","LA","Inter","2100",71.7883907207669
"031002060602",9113,1688091.81587133,"Grassy Creek-Frontal Old Tampa Bay","tbcmp_PD_LA_Inter_2100","PD","LA","Inter","2100",1668.54708882717
"031002060603",0,1478.78844362125,"Grand Bayou","tbcmp_PD_LA_Inter_2100","PD","LA","Inter","2100",1.461667031021
"031002060603",1100,29512,"Grand Bayou","tbcmp_PD_LA_Inter_2100","PD","LA","Inter","2100",29.170310064
"031002060603",1200,11551515.9964622,"Grand Bayou","tbcmp_PD_LA_Inter_2100","PD","LA","Inter","2100",11417.7725442552
"031002060603",1800,410857.269735025,"Grand Bayou","tbcmp_PD_LA_Inter_2100","PD","LA","Inter","2100",406.100364266032
"031002060603",1820,332053.950993251,"Grand Bayou","tbcmp_PD_LA_Inter_2100","PD","LA","Inter","2100",328.209430348651
"031002060603",1900,240773.026843765,"Grand Bayou","tbcmp_PD_LA_Inter_2100","PD","LA","Inter","2100",237.985356738968
"031002060603",2100,2456,"Grand Bayou","tbcmp_PD_LA_Inter_2100","PD","LA","Inter","2100",2.427564432
"031002060603",3200,20996,"Grand Bayou","tbcmp_PD_LA_Inter_2100","PD","LA","Inter","2100",20.752908312
"031002060603",4100,102052.236719679,"Grand Bayou","tbcmp_PD_LA_Inter_2100","PD","LA","Inter","2100",100.870675922938
"031002060603",5200,168012.925738266,"Grand Bayou","tbcmp_PD_LA_Inter_2100","PD","LA","Inter","2100",166.067672084069
"031002060603",5400,1823240.24967418,"Grand Bayou","tbcmp_PD_LA_Inter_2100","PD","LA","Inter","2100",1802.13077406345
"031002060603",6110,168524,"Grand Bayou","tbcmp_PD_LA_Inter_2100","PD","LA","Inter","2100",166.572829128
"031002060603",6120,475293.22589314,"Grand Bayou","tbcmp_PD_LA_Inter_2100","PD","LA","Inter","2100",469.790280923749
"031002060603",6410,43899.423620731,"Grand Bayou","tbcmp_PD_LA_Inter_2100","PD","LA","Inter","2100",43.3911560940502
"031002060603",6420,43968,"Grand Bayou","tbcmp_PD_LA_Inter_2100","PD","LA","Inter","2100",43.458938496
"031002060603",6600,168382.639645159,"Grand Bayou","tbcmp_PD_LA_Inter_2100","PD","LA","Inter","2100",166.433105443348
"031002060603",7100,3557,"Grand Bayou","tbcmp_PD_LA_Inter_2100","PD","LA","Inter","2100",3.515817054
"031002060603",9113,1828545.65332005,"Grand Bayou","tbcmp_PD_LA_Inter_2100","PD","LA","Inter","2100",1807.37475174591
"031002060604",0,957.696946348529,"Lake Maggiore","tbcmp_PD_LA_Inter_2100","PD","LA","Inter","2100",0.946608731103706
"031002060604",1100,60844,"Lake Maggiore","tbcmp_PD_LA_Inter_2100","PD","LA","Inter","2100",60.139548168
"031002060604",1200,10191468.066378,"Lake Maggiore","tbcmp_PD_LA_Inter_2100","PD","LA","Inter","2100",10073.4712491055
"031002060604",1800,663353.338309925,"Lake Maggiore","tbcmp_PD_LA_Inter_2100","PD","LA","Inter","2100",655.673033358972
"031002060604",1820,242273,"Lake Maggiore","tbcmp_PD_LA_Inter_2100","PD","LA","Inter","2100",239.467963206
"031002060604",1900,89194,"Lake Maggiore","tbcmp_PD_LA_Inter_2100","PD","LA","Inter","2100",88.161311868
"031002060604",4100,195550,"Lake Maggiore","tbcmp_PD_LA_Inter_2100","PD","LA","Inter","2100",193.2859221
"031002060604",5200,139890.540010174,"Lake Maggiore","tbcmp_PD_LA_Inter_2100","PD","LA","Inter","2100",138.270887337936
"031002060604",5400,1374263.91625007,"Lake Maggiore","tbcmp_PD_LA_Inter_2100","PD","LA","Inter","2100",1358.35268862772
"031002060604",6110,1773,"Lake Maggiore","tbcmp_PD_LA_Inter_2100","PD","LA","Inter","2100",1.752472206
"031002060604",6120,65072.9623804577,"Lake Maggiore","tbcmp_PD_LA_Inter_2100","PD","LA","Inter","2100",64.3195476220167
"031002060604",6410,17994,"Lake Maggiore","tbcmp_PD_LA_Inter_2100","PD","LA","Inter","2100",17.785665468
"031002060604",6420,12707,"Lake Maggiore","tbcmp_PD_LA_Inter_2100","PD","LA","Inter","2100",12.559878354
"031002060604",6600,37884,"Lake Maggiore","tbcmp_PD_LA_Inter_2100","PD","LA","Inter","2100",37.445379048
"031002060604",9113,407505.443527635,"Lake Maggiore","tbcmp_PD_LA_Inter_2100","PD","LA","Inter","2100",402.787345502472
"031002060700",0,5449.02265050726,"Tampa Bay","tbcmp_PD_LA_Inter_2100","PD","LA","Inter","2100",5.38593386625969
"031002060700",1100,68941.173500909,"Tampa Bay","tbcmp_PD_LA_Inter_2100","PD","LA","Inter","2100",68.1429725941155
"031002060700",1200,2251844.05793455,"Tampa Bay","tbcmp_PD_LA_Inter_2100","PD","LA","Inter","2100",2225.77220743179
"031002060700",1800,506435.831538547,"Tampa Bay","tbcmp_PD_LA_Inter_2100","PD","LA","Inter","2100",500.572317480994
"031002060700",1820,939.327566936008,"Tampa Bay","tbcmp_PD_LA_Inter_2100","PD","LA","Inter","2100",0.928452032366023
"031002060700",1900,97330.9017836831,"Tampa Bay","tbcmp_PD_LA_Inter_2100","PD","LA","Inter","2100",96.2040046028316
"031002060700",3200,161294.444315143,"Tampa Bay","tbcmp_PD_LA_Inter_2100","PD","LA","Inter","2100",159.426977238862
"031002060700",4100,39767.1820501848,"Tampa Bay","tbcmp_PD_LA_Inter_2100","PD","LA","Inter","2100",39.3067576164078
"031002060700",5200,30515,"Tampa Bay","tbcmp_PD_LA_Inter_2100","PD","LA","Inter","2100",30.16169733
"031002060700",5400,191773587.128345,"Tampa Bay","tbcmp_PD_LA_Inter_2100","PD","LA","Inter","2100",189553.232536573
"031002060700",6110,96005.3175085702,"Tampa Bay","tbcmp_PD_LA_Inter_2100","PD","LA","Inter","2100",94.893767942456
"031002060700",6120,787547.014501577,"Tampa Bay","tbcmp_PD_LA_Inter_2100","PD","LA","Inter","2100",778.428795167678
"031002060700",6410,271149.969238927,"Tampa Bay","tbcmp_PD_LA_Inter_2100","PD","LA","Inter","2100",268.010594895078
"031002060700",6420,68946.3614948847,"Tampa Bay","tbcmp_PD_LA_Inter_2100","PD","LA","Inter","2100",68.148100521497
"031002060700",6425,8661.82051022681,"Tampa Bay","tbcmp_PD_LA_Inter_2100","PD","LA","Inter","2100",8.56153395235941
"031002060700",6510,9206.1063378032,"Tampa Bay","tbcmp_PD_LA_Inter_2100","PD","LA","Inter","2100",9.09951803862412
"031002060700",6600,243168.749990989,"Tampa Bay","tbcmp_PD_LA_Inter_2100","PD","LA","Inter","2100",240.353342203594
"031002060700",7100,37460.2992989933,"Tampa Bay","tbcmp_PD_LA_Inter_2100","PD","LA","Inter","2100",37.0265839537096
"031002060700",9113,18086822.3456419,"Tampa Bay","tbcmp_PD_LA_Inter_2100","PD","LA","Inter","2100",17877.4131165241
"031002060800",0,18223.7042195201,"Southwest Channel-Gulf of Mexico","tbcmp_PD_LA_Inter_2100","PD","LA","Inter","2100",18.0127101720665
"031002060800",1100,5771,"Southwest Channel-Gulf of Mexico","tbcmp_PD_LA_Inter_2100","PD","LA","Inter","2100",5.704183362
"031002060800",1200,11127,"Southwest Channel-Gulf of Mexico","tbcmp_PD_LA_Inter_2100","PD","LA","Inter","2100",10.998171594
"031002060800",1800,116750.241037611,"Southwest Channel-Gulf of Mexico","tbcmp_PD_LA_Inter_2100","PD","LA","Inter","2100",115.398506746878
"031002060800",3200,7481.79292162631,"Southwest Channel-Gulf of Mexico","tbcmp_PD_LA_Inter_2100","PD","LA","Inter","2100",7.39516872317973
"031002060800",4100,9986,"Southwest Channel-Gulf of Mexico","tbcmp_PD_LA_Inter_2100","PD","LA","Inter","2100",9.870382092
"031002060800",5400,33476608.9505941,"Southwest Channel-Gulf of Mexico","tbcmp_PD_LA_Inter_2100","PD","LA","Inter","2100",33089.0167721641
"031002060800",6120,211106.702643765,"Southwest Channel-Gulf of Mexico","tbcmp_PD_LA_Inter_2100","PD","LA","Inter","2100",208.662509240556
"031002060800",6420,21544.75745568,"Southwest Channel-Gulf of Mexico","tbcmp_PD_LA_Inter_2100","PD","LA","Inter","2100",21.2953122538581
"031002060800",6600,18571.1057191624,"Southwest Channel-Gulf of Mexico","tbcmp_PD_LA_Inter_2100","PD","LA","Inter","2100",18.356089457146
"031002060800",7100,26447.507428226,"Southwest Channel-Gulf of Mexico","tbcmp_PD_LA_Inter_2100","PD","LA","Inter","2100",26.141298187222
"031002060800",9113,272746.815245476,"Southwest Channel-Gulf of Mexico","tbcmp_PD_LA_Inter_2100","PD","LA","Inter","2100",269.588952618564
"031002070101",0,1571,"Little Rocky Creek-Crystal Bay","tbcmp_PD_LA_Inter_2100","PD","LA","Inter","2100",1.552810962
"031002070101",1100,6798140.98528705,"Little Rocky Creek-Crystal Bay","tbcmp_PD_LA_Inter_2100","PD","LA","Inter","2100",6719.4321089594
"031002070101",1200,3602847.1140418,"Little Rocky Creek-Crystal Bay","tbcmp_PD_LA_Inter_2100","PD","LA","Inter","2100",3561.13335015543
"031002070101",1800,628.969877705531,"Little Rocky Creek-Crystal Bay","tbcmp_PD_LA_Inter_2100","PD","LA","Inter","2100",0.621687664461456
"031002070101",1900,3257742.22329761,"Little Rocky Creek-Crystal Bay","tbcmp_PD_LA_Inter_2100","PD","LA","Inter","2100",3220.02408383627
"031002070101",2100,2918353.73334346,"Little Rocky Creek-Crystal Bay","tbcmp_PD_LA_Inter_2100","PD","LA","Inter","2100",2884.56503381881
"031002070101",2200,2081,"Little Rocky Creek-Crystal Bay","tbcmp_PD_LA_Inter_2100","PD","LA","Inter","2100",2.056906182
"031002070101",2400,38367.3531049639,"Little Rocky Creek-Crystal Bay","tbcmp_PD_LA_Inter_2100","PD","LA","Inter","2100",37.9231358907146
"031002070101",3200,114725.579882762,"Little Rocky Creek-Crystal Bay","tbcmp_PD_LA_Inter_2100","PD","LA","Inter","2100",113.397287118879
"031002070101",4100,4312416.24621232,"Little Rocky Creek-Crystal Bay","tbcmp_PD_LA_Inter_2100","PD","LA","Inter","2100",4262.48709091368
"031002070101",4400,1862041.80500998,"Little Rocky Creek-Crystal Bay","tbcmp_PD_LA_Inter_2100","PD","LA","Inter","2100",1840.48308499157
"031002070101",5200,114844.728499849,"Little Rocky Creek-Crystal Bay","tbcmp_PD_LA_Inter_2100","PD","LA","Inter","2100",113.515056233278
"031002070101",5400,290846.070280043,"Little Rocky Creek-Crystal Bay","tbcmp_PD_LA_Inter_2100","PD","LA","Inter","2100",287.478654478341
"031002070101",6110,465821.236367036,"Little Rocky Creek-Crystal Bay","tbcmp_PD_LA_Inter_2100","PD","LA","Inter","2100",460.427958092378
"031002070101",6120,2587875.96395362,"Little Rocky Creek-Crystal Bay","tbcmp_PD_LA_Inter_2100","PD","LA","Inter","2100",2557.91353604297
"031002070101",6410,463771,"Little Rocky Creek-Crystal Bay","tbcmp_PD_LA_Inter_2100","PD","LA","Inter","2100",458.401459362
"031002070101",6420,439312.47892137,"Little Rocky Creek-Crystal Bay","tbcmp_PD_LA_Inter_2100","PD","LA","Inter","2100",434.226119040418
"031002070101",6600,493952.176863735,"Little Rocky Creek-Crystal Bay","tbcmp_PD_LA_Inter_2100","PD","LA","Inter","2100",488.233198560007
"031002070101",9113,2525902.53655626,"Little Rocky Creek-Crystal Bay","tbcmp_PD_LA_Inter_2100","PD","LA","Inter","2100",2496.65763698801
"031002070102",0,594,"Crystal River","tbcmp_PD_LA_Inter_2100","PD","LA","Inter","2100",0.587122668
"031002070102",1100,13667904.3100826,"Crystal River","tbcmp_PD_LA_Inter_2100","PD","LA","Inter","2100",13509.6573139805
"031002070102",1200,6499626.82660415,"Crystal River","tbcmp_PD_LA_Inter_2100","PD","LA","Inter","2100",6424.37414720573
"031002070102",1800,253282.81148718,"Crystal River","tbcmp_PD_LA_Inter_2100","PD","LA","Inter","2100",250.350303095781
"031002070102",1820,652563.608925128,"Crystal River","tbcmp_PD_LA_Inter_2100","PD","LA","Inter","2100",645.008227460993
"031002070102",1900,1854794.94360764,"Crystal River","tbcmp_PD_LA_Inter_2100","PD","LA","Inter","2100",1833.32012775055
"031002070102",2100,2335867.45576792,"Crystal River","tbcmp_PD_LA_Inter_2100","PD","LA","Inter","2100",2308.82278236504
"031002070102",2400,25669.0565588761,"Crystal River","tbcmp_PD_LA_Inter_2100","PD","LA","Inter","2100",25.3718602220374
"031002070102",3200,298130.722787375,"Crystal River","tbcmp_PD_LA_Inter_2100","PD","LA","Inter","2100",294.678965278943
"031002070102",4100,7190366.1755641,"Crystal River","tbcmp_PD_LA_Inter_2100","PD","LA","Inter","2100",7107.11611598342
"031002070102",4400,626135.889971059,"Crystal River","tbcmp_PD_LA_Inter_2100","PD","LA","Inter","2100",618.886488636974
"031002070102",5200,171257,"Crystal River","tbcmp_PD_LA_Inter_2100","PD","LA","Inter","2100",169.274186454
"031002070102",5400,1504621.02157195,"Crystal River","tbcmp_PD_LA_Inter_2100","PD","LA","Inter","2100",1487.20051938419
"031002070102",6110,455420.799444754,"Crystal River","tbcmp_PD_LA_Inter_2100","PD","LA","Inter","2100",450.147937428782
"031002070102",6120,2106158.4729687,"Crystal River","tbcmp_PD_LA_Inter_2100","PD","LA","Inter","2100",2081.77337016867
"031002070102",6410,494000.843182519,"Crystal River","tbcmp_PD_LA_Inter_2100","PD","LA","Inter","2100",488.281301420152
"031002070102",6420,641262.38265959,"Crystal River","tbcmp_PD_LA_Inter_2100","PD","LA","Inter","2100",633.837846793157
"031002070102",6425,503073.736101796,"Crystal River","tbcmp_PD_LA_Inter_2100","PD","LA","Inter","2100",497.24914838521
"031002070102",6510,324195.266343884,"Crystal River","tbcmp_PD_LA_Inter_2100","PD","LA","Inter","2100",320.441733550155
"031002070102",6600,1101381.02969125,"Crystal River","tbcmp_PD_LA_Inter_2100","PD","LA","Inter","2100",1088.62924012948
"031002070102",9113,3615056.02026499,"Crystal River","tbcmp_PD_LA_Inter_2100","PD","LA","Inter","2100",3573.20090166236
"031002070103",0,141,"Salt River","tbcmp_PD_LA_Inter_2100","PD","LA","Inter","2100",0.139367502
"031002070103",1100,471355.53527396,"Salt River","tbcmp_PD_LA_Inter_2100","PD","LA","Inter","2100",465.898180886558
"031002070103",1200,691824.86211412,"Salt River","tbcmp_PD_LA_Inter_2100","PD","LA","Inter","2100",683.814913860563
"031002070103",1800,11105.5644823409,"Salt River","tbcmp_PD_LA_Inter_2100","PD","LA","Inter","2100",10.9769842567644
"031002070103",1820,30960.3910746462,"Salt River","tbcmp_PD_LA_Inter_2100","PD","LA","Inter","2100",30.601931666784
"031002070103",1900,76588.7009563415,"Salt River","tbcmp_PD_LA_Inter_2100","PD","LA","Inter","2100",75.701956976669
"031002070103",3200,61753,"Salt River","tbcmp_PD_LA_Inter_2100","PD","LA","Inter","2100",61.038023766
"031002070103",4100,579916.608407113,"Salt River","tbcmp_PD_LA_Inter_2100","PD","LA","Inter","2100",573.202333914976
"031002070103",4400,2162,"Salt River","tbcmp_PD_LA_Inter_2100","PD","LA","Inter","2100",2.136968364
"031002070103",5200,2256,"Salt River","tbcmp_PD_LA_Inter_2100","PD","LA","Inter","2100",2.229880032
"031002070103",5400,3364427.62553528,"Salt River","tbcmp_PD_LA_Inter_2100","PD","LA","Inter","2100",3325.47428248683
"031002070103",6110,208273.910963262,"Salt River","tbcmp_PD_LA_Inter_2100","PD","LA","Inter","2100",205.86251562213
"031002070103",6120,6436602.95611477,"Salt River","tbcmp_PD_LA_Inter_2100","PD","LA","Inter","2100",6362.07996708888
"031002070103",6410,5723.15681730276,"Salt River","tbcmp_PD_LA_Inter_2100","PD","LA","Inter","2100",5.65689410767203
"031002070103",6420,328991.771030426,"Salt River","tbcmp_PD_LA_Inter_2100","PD","LA","Inter","2100",325.182704305436
"031002070103",6425,168430.423616069,"Salt River","tbcmp_PD_LA_Inter_2100","PD","LA","Inter","2100",166.480336171442
"031002070103",6510,116676.701884429,"Salt River","tbcmp_PD_LA_Inter_2100","PD","LA","Inter","2100",115.325819030011
"031002070103",6600,490885.297119925,"Salt River","tbcmp_PD_LA_Inter_2100","PD","LA","Inter","2100",485.201827149871
"031002070103",7100,272,"Salt River","tbcmp_PD_LA_Inter_2100","PD","LA","Inter","2100",0.268850784
"031002070103",9113,20555383.7631206,"Salt River","tbcmp_PD_LA_Inter_2100","PD","LA","Inter","2100",20317.3935299112
"031002070104",1100,8526669.63119056,"Homosassa River","tbcmp_PD_LA_Inter_2100","PD","LA","Inter","2100",8427.94785020064
"031002070104",1200,4699150.27134054,"Homosassa River","tbcmp_PD_LA_Inter_2100","PD","LA","Inter","2100",4644.74350949896
"031002070104",1800,202603.053379952,"Homosassa River","tbcmp_PD_LA_Inter_2100","PD","LA","Inter","2100",200.257315227919
"031002070104",1820,153680.988901507,"Homosassa River","tbcmp_PD_LA_Inter_2100","PD","LA","Inter","2100",151.901670412006
"031002070104",1900,1216345.53710754,"Homosassa River","tbcmp_PD_LA_Inter_2100","PD","LA","Inter","2100",1202.26268847891
"031002070104",2100,1804672.19490191,"Homosassa River","tbcmp_PD_LA_Inter_2100","PD","LA","Inter","2100",1783.77770022933
"031002070104",2400,29571,"Homosassa River","tbcmp_PD_LA_Inter_2100","PD","LA","Inter","2100",29.228626962
"031002070104",3200,333769.671522717,"Homosassa River","tbcmp_PD_LA_Inter_2100","PD","LA","Inter","2100",329.905286265827
"031002070104",4100,8382588.41817796,"Homosassa River","tbcmp_PD_LA_Inter_2100","PD","LA","Inter","2100",8285.53480947229
"031002070104",4400,621720.481933702,"Homosassa River","tbcmp_PD_LA_Inter_2100","PD","LA","Inter","2100",614.522202193874
"031002070104",5200,83062.5074527226,"Homosassa River","tbcmp_PD_LA_Inter_2100","PD","LA","Inter","2100",82.100809741435
"031002070104",5400,1193886.33882066,"Homosassa River","tbcmp_PD_LA_Inter_2100","PD","LA","Inter","2100",1180.06352278979
"031002070104",6110,314586.07500679,"Homosassa River","tbcmp_PD_LA_Inter_2100","PD","LA","Inter","2100",310.943797430361
"031002070104",6120,1822424.29506741,"Homosassa River","tbcmp_PD_LA_Inter_2100","PD","LA","Inter","2100",1801.32426657912
"031002070104",6410,157173,"Homosassa River","tbcmp_PD_LA_Inter_2100","PD","LA","Inter","2100",155.353251006
"031002070104",6420,291683.879326712,"Homosassa River","tbcmp_PD_LA_Inter_2100","PD","LA","Inter","2100",288.306763371867
"031002070104",6425,482710.840280956,"Homosassa River","tbcmp_PD_LA_Inter_2100","PD","LA","Inter","2100",477.122014172183
"031002070104",6510,485949.071304704,"Homosassa River","tbcmp_PD_LA_Inter_2100","PD","LA","Inter","2100",480.322752957138
"031002070104",6600,642514.236081974,"Homosassa River","tbcmp_PD_LA_Inter_2100","PD","LA","Inter","2100",635.075206256617
"031002070104",7100,693,"Homosassa River","tbcmp_PD_LA_Inter_2100","PD","LA","Inter","2100",0.684976446
"031002070104",9113,4609895.24576797,"Homosassa River","tbcmp_PD_LA_Inter_2100","PD","LA","Inter","2100",4556.52187861247
"031002070201",1100,7504137.71619814,"Mason Creek-Frontal Homosassa Bay","tbcmp_PD_LA_Inter_2100","PD","LA","Inter","2100",7417.25480972
"031002070201",1200,2154395.52328996,"Mason Creek-Frontal Homosassa Bay","tbcmp_PD_LA_Inter_2100","PD","LA","Inter","2100",2129.45193192131
"031002070201",1800,22821,"Mason Creek-Frontal Homosassa Bay","tbcmp_PD_LA_Inter_2100","PD","LA","Inter","2100",22.556778462
"031002070201",1820,34059.9913711474,"Mason Creek-Frontal Homosassa Bay","tbcmp_PD_LA_Inter_2100","PD","LA","Inter","2100",33.6656447910522
"031002070201",1900,414667.154371558,"Mason Creek-Frontal Homosassa Bay","tbcmp_PD_LA_Inter_2100","PD","LA","Inter","2100",409.866138058245
"031002070201",2100,1413392.76642133,"Mason Creek-Frontal Homosassa Bay","tbcmp_PD_LA_Inter_2100","PD","LA","Inter","2100",1397.0285049717
"031002070201",2400,44078,"Mason Creek-Frontal Homosassa Bay","tbcmp_PD_LA_Inter_2100","PD","LA","Inter","2100",43.567664916
"031002070201",3200,398138.837581025,"Mason Creek-Frontal Homosassa Bay","tbcmp_PD_LA_Inter_2100","PD","LA","Inter","2100",393.529186119512
"031002070201",4100,11462963.5327495,"Mason Creek-Frontal Homosassa Bay","tbcmp_PD_LA_Inter_2100","PD","LA","Inter","2100",11330.2453409674
"031002070201",4400,929914.224805759,"Mason Creek-Frontal Homosassa Bay","tbcmp_PD_LA_Inter_2100","PD","LA","Inter","2100",919.147677910958
"031002070201",5200,33736,"Mason Creek-Frontal Homosassa Bay","tbcmp_PD_LA_Inter_2100","PD","LA","Inter","2100",33.345404592
"031002070201",5400,941045.38320055,"Mason Creek-Frontal Homosassa Bay","tbcmp_PD_LA_Inter_2100","PD","LA","Inter","2100",930.149959753854
"031002070201",6110,606853.437508951,"Mason Creek-Frontal Homosassa Bay","tbcmp_PD_LA_Inter_2100","PD","LA","Inter","2100",599.827288409472
"031002070201",6120,4561211.00886802,"Mason Creek-Frontal Homosassa Bay","tbcmp_PD_LA_Inter_2100","PD","LA","Inter","2100",4508.40130780735
"031002070201",6410,160825.144847,"Mason Creek-Frontal Homosassa Bay","tbcmp_PD_LA_Inter_2100","PD","LA","Inter","2100",158.963111319962
"031002070201",6420,214224.700593289,"Mason Creek-Frontal Homosassa Bay","tbcmp_PD_LA_Inter_2100","PD","LA","Inter","2100",211.744407009819
"031002070201",6425,7808.38330601156,"Mason Creek-Frontal Homosassa Bay","tbcmp_PD_LA_Inter_2100","PD","LA","Inter","2100",7.71797784409456
"031002070201",6510,12603.7630393696,"Mason Creek-Frontal Homosassa Bay","tbcmp_PD_LA_Inter_2100","PD","LA","Inter","2100",12.4578366708998
"031002070201",6600,581940.403609059,"Mason Creek-Frontal Homosassa Bay","tbcmp_PD_LA_Inter_2100","PD","LA","Inter","2100",575.202697616073
"031002070201",9113,8137286.97144946,"Mason Creek-Frontal Homosassa Bay","tbcmp_PD_LA_Inter_2100","PD","LA","Inter","2100",8043.07346289402
"031002070202",1100,2145313.9250992,"Sand Point Pond","tbcmp_PD_LA_Inter_2100","PD","LA","Inter","2100",2120.4754804744
"031002070202",1200,296132.002138252,"Sand Point Pond","tbcmp_PD_LA_Inter_2100","PD","LA","Inter","2100",292.703385817496
"031002070202",1800,5621.74679245194,"Sand Point Pond","tbcmp_PD_LA_Inter_2100","PD","LA","Inter","2100",5.55665820808894
"031002070202",1900,870247.686442538,"Sand Point Pond","tbcmp_PD_LA_Inter_2100","PD","LA","Inter","2100",860.171958728906
"031002070202",2100,3668547.31661536,"Sand Point Pond","tbcmp_PD_LA_Inter_2100","PD","LA","Inter","2100",3626.07287578358
"031002070202",2200,18600,"Sand Point Pond","tbcmp_PD_LA_Inter_2100","PD","LA","Inter","2100",18.3846492
"031002070202",2400,135712,"Sand Point Pond","tbcmp_PD_LA_Inter_2100","PD","LA","Inter","2100",134.140726464
"031002070202",3200,154527.821954784,"Sand Point Pond","tbcmp_PD_LA_Inter_2100","PD","LA","Inter","2100",152.738698832191
"031002070202",4100,10118961.0248262,"Sand Point Pond","tbcmp_PD_LA_Inter_2100","PD","LA","Inter","2100",10001.8036940808
"031002070202",4400,462324.435991948,"Sand Point Pond","tbcmp_PD_LA_Inter_2100","PD","LA","Inter","2100",456.971643672033
"031002070202",5200,34179,"Sand Point Pond","tbcmp_PD_LA_Inter_2100","PD","LA","Inter","2100",33.783275538
"031002070202",6110,100400.949477845,"Sand Point Pond","tbcmp_PD_LA_Inter_2100","PD","LA","Inter","2100",99.2385072847901
"031002070202",6410,226084.405807653,"Sand Point Pond","tbcmp_PD_LA_Inter_2100","PD","LA","Inter","2100",223.466800557212
"031002070203",1100,2128105.20551174,"Live Oak Flat","tbcmp_PD_LA_Inter_2100","PD","LA","Inter","2100",2103.46600344232
"031002070203",1200,2667744.13162641,"Live Oak Flat","tbcmp_PD_LA_Inter_2100","PD","LA","Inter","2100",2636.85699007044
"031002070203",1800,28392,"Live Oak Flat","tbcmp_PD_LA_Inter_2100","PD","LA","Inter","2100",28.063277424
"031002070203",1820,367603.008628811,"Live Oak Flat","tbcmp_PD_LA_Inter_2100","PD","LA","Inter","2100",363.346900994906
"031002070203",1900,610690.980542152,"Live Oak Flat","tbcmp_PD_LA_Inter_2100","PD","LA","Inter","2100",603.620400369435
"031002070203",2100,1974274.40671864,"Live Oak Flat","tbcmp_PD_LA_Inter_2100","PD","LA","Inter","2100",1951.41625763765
"031002070203",2200,4146,"Live Oak Flat","tbcmp_PD_LA_Inter_2100","PD","LA","Inter","2100",4.097997612
"031002070203",4100,10120736.7117046,"Live Oak Flat","tbcmp_PD_LA_Inter_2100","PD","LA","Inter","2100",10003.5588220565
"031002070203",4400,1207200.36475792,"Live Oak Flat","tbcmp_PD_LA_Inter_2100","PD","LA","Inter","2100",1193.22339893475
"031002070203",5200,7148.1341379524,"Live Oak Flat","tbcmp_PD_LA_Inter_2100","PD","LA","Inter","2100",7.06537304090319
"031002070203",6110,31732,"Live Oak Flat","tbcmp_PD_LA_Inter_2100","PD","LA","Inter","2100",31.364606904
"031002070203",6410,59697.1749396503,"Live Oak Flat","tbcmp_PD_LA_Inter_2100","PD","LA","Inter","2100",59.006001048199
"031002070204",1100,2905351.24229675,"Chassahowitzka River","tbcmp_PD_LA_Inter_2100","PD","LA","Inter","2100",2871.71308561343
"031002070204",1200,4446935.63359732,"Chassahowitzka River","tbcmp_PD_LA_Inter_2100","PD","LA","Inter","2100",4395.44901283153
"031002070204",1800,51099,"Chassahowitzka River","tbcmp_PD_LA_Inter_2100","PD","LA","Inter","2100",50.507375778
"031002070204",1820,11910,"Chassahowitzka River","tbcmp_PD_LA_Inter_2100","PD","LA","Inter","2100",11.77210602
"031002070204",1900,3393318.21568827,"Chassahowitzka River","tbcmp_PD_LA_Inter_2100","PD","LA","Inter","2100",3354.03037738703
"031002070204",2100,2661329.07745358,"Chassahowitzka River","tbcmp_PD_LA_Inter_2100","PD","LA","Inter","2100",2630.51620939482
"031002070204",2400,10411.2143018768,"Chassahowitzka River","tbcmp_PD_LA_Inter_2100","PD","LA","Inter","2100",10.2906732626897
"031002070204",3200,1069053.68466927,"Chassahowitzka River","tbcmp_PD_LA_Inter_2100","PD","LA","Inter","2100",1056.67618110817
"031002070204",4100,9547186.01553849,"Chassahowitzka River","tbcmp_PD_LA_Inter_2100","PD","LA","Inter","2100",9436.64869585059
"031002070204",4400,1972953.60181893,"Chassahowitzka River","tbcmp_PD_LA_Inter_2100","PD","LA","Inter","2100",1950.11074501708
"031002070204",5200,234210.865861991,"Chassahowitzka River","tbcmp_PD_LA_Inter_2100","PD","LA","Inter","2100",231.499172457041
"031002070204",5400,887004.602517577,"Chassahowitzka River","tbcmp_PD_LA_Inter_2100","PD","LA","Inter","2100",876.734863229629
"031002070204",6110,1735068.02542219,"Chassahowitzka River","tbcmp_PD_LA_Inter_2100","PD","LA","Inter","2100",1714.97940782385
"031002070204",6120,2405136.16976136,"Chassahowitzka River","tbcmp_PD_LA_Inter_2100","PD","LA","Inter","2100",2377.28950318786
"031002070204",6410,676746.95059273,"Chassahowitzka River","tbcmp_PD_LA_Inter_2100","PD","LA","Inter","2100",668.911574398767
"031002070204",6420,534420.803435412,"Chassahowitzka River","tbcmp_PD_LA_Inter_2100","PD","LA","Inter","2100",528.233279373237
"031002070204",6425,989993.616693974,"Chassahowitzka River","tbcmp_PD_LA_Inter_2100","PD","LA","Inter","2100",978.531470599891
"031002070204",6510,709123.064342145,"Chassahowitzka River","tbcmp_PD_LA_Inter_2100","PD","LA","Inter","2100",700.912837503192
"031002070204",6600,1751922.94871071,"Chassahowitzka River","tbcmp_PD_LA_Inter_2100","PD","LA","Inter","2100",1731.63918481054
"031002070204",9113,4172698.28732635,"Chassahowitzka River","tbcmp_PD_LA_Inter_2100","PD","LA","Inter","2100",4124.38678655569
"031002070205",0,12,"Mud Creek-Frontal Gulf of Mexico","tbcmp_PD_LA_Inter_2100","PD","LA","Inter","2100",0.011861064
"031002070205",1100,4797756.17684321,"Mud Creek-Frontal Gulf of Mexico","tbcmp_PD_LA_Inter_2100","PD","LA","Inter","2100",4742.20775582772
"031002070205",1200,1074621.53405183,"Mud Creek-Frontal Gulf of Mexico","tbcmp_PD_LA_Inter_2100","PD","LA","Inter","2100",1062.17956593057
"031002070205",1800,6468.3993575752,"Mud Creek-Frontal Gulf of Mexico","tbcmp_PD_LA_Inter_2100","PD","LA","Inter","2100",6.3935082298132
"031002070205",1900,1752021.86045054,"Mud Creek-Frontal Gulf of Mexico","tbcmp_PD_LA_Inter_2100","PD","LA","Inter","2100",1731.73695135024
"031002070205",2100,248206.811005452,"Mud Creek-Frontal Gulf of Mexico","tbcmp_PD_LA_Inter_2100","PD","LA","Inter","2100",245.333072547631
"031002070205",2400,36580.785698209,"Mud Creek-Frontal Gulf of Mexico","tbcmp_PD_LA_Inter_2100","PD","LA","Inter","2100",36.1572533613952
"031002070205",3200,590029.988537205,"Mud Creek-Frontal Gulf of Mexico","tbcmp_PD_LA_Inter_2100","PD","LA","Inter","2100",583.198621329922
"031002070205",4100,5971105.80346549,"Mud Creek-Frontal Gulf of Mexico","tbcmp_PD_LA_Inter_2100","PD","LA","Inter","2100",5901.97234047297
"031002070205",4400,531742.045344152,"Mud Creek-Frontal Gulf of Mexico","tbcmp_PD_LA_Inter_2100","PD","LA","Inter","2100",525.585535943157
"031002070205",5200,58066.359361676,"Mud Creek-Frontal Gulf of Mexico","tbcmp_PD_LA_Inter_2100","PD","LA","Inter","2100",57.3940670529865
"031002070205",5400,528531.043174658,"Mud Creek-Frontal Gulf of Mexico","tbcmp_PD_LA_Inter_2100","PD","LA","Inter","2100",522.411710756782
"031002070205",6110,4669581.25591901,"Mud Creek-Frontal Gulf of Mexico","tbcmp_PD_LA_Inter_2100","PD","LA","Inter","2100",4615.51684413798
"031002070205",6120,6654783.44806497,"Mud Creek-Frontal Gulf of Mexico","tbcmp_PD_LA_Inter_2100","PD","LA","Inter","2100",6577.73436530327
"031002070205",6410,865637.287194808,"Mud Creek-Frontal Gulf of Mexico","tbcmp_PD_LA_Inter_2100","PD","LA","Inter","2100",855.614938683667
"031002070205",6420,1040313.76893862,"Mud Creek-Frontal Gulf of Mexico","tbcmp_PD_LA_Inter_2100","PD","LA","Inter","2100",1028.26901612185
"031002070205",6425,4063.3390517662,"Mud Creek-Frontal Gulf of Mexico","tbcmp_PD_LA_Inter_2100","PD","LA","Inter","2100",4.01629371222486
"031002070205",6510,5182.61677187438,"Mud Creek-Frontal Gulf of Mexico","tbcmp_PD_LA_Inter_2100","PD","LA","Inter","2100",5.12261243488962
"031002070205",6600,2182398.48966916,"Mud Creek-Frontal Gulf of Mexico","tbcmp_PD_LA_Inter_2100","PD","LA","Inter","2100",2157.13067995577
"031002070205",9113,8810861.56853654,"Mud Creek-Frontal Gulf of Mexico","tbcmp_PD_LA_Inter_2100","PD","LA","Inter","2100",8708.84941329603
"031002070301",1100,1685441.75829461,"Horse Lake","tbcmp_PD_LA_Inter_2100","PD","LA","Inter","2100",1665.92771361707
"031002070301",1200,2413463.2991168,"Horse Lake","tbcmp_PD_LA_Inter_2100","PD","LA","Inter","2100",2385.52022103963
"031002070301",1800,136040.443452438,"Horse Lake","tbcmp_PD_LA_Inter_2100","PD","LA","Inter","2100",134.465367198146
"031002070301",1820,221932.35125934,"Horse Lake","tbcmp_PD_LA_Inter_2100","PD","LA","Inter","2100",219.362818496459
"031002070301",1900,575125.468941387,"Horse Lake","tbcmp_PD_LA_Inter_2100","PD","LA","Inter","2100",568.466666261984
"031002070301",2100,1568644.22687884,"Horse Lake","tbcmp_PD_LA_Inter_2100","PD","LA","Inter","2100",1550.48246402003
"031002070301",2200,9816.11202289723,"Horse Lake","tbcmp_PD_LA_Inter_2100","PD","LA","Inter","2100",9.70246107789612
"031002070301",2400,1487,"Horse Lake","tbcmp_PD_LA_Inter_2100","PD","LA","Inter","2100",1.469783514
"031002070301",3200,169470.856173856,"Horse Lake","tbcmp_PD_LA_Inter_2100","PD","LA","Inter","2100",167.508722601075
"031002070301",4100,3391965.90755062,"Horse Lake","tbcmp_PD_LA_Inter_2100","PD","LA","Inter","2100",3352.693726273
"031002070301",4400,164276.900676218,"Horse Lake","tbcmp_PD_LA_Inter_2100","PD","LA","Inter","2100",162.374902720188
"031002070301",5200,159965.484095901,"Horse Lake","tbcmp_PD_LA_Inter_2100","PD","LA","Inter","2100",158.113403721039
"031002070301",6110,118617.074470579,"Horse Lake","tbcmp_PD_LA_Inter_2100","PD","LA","Inter","2100",117.243725982358
"031002070301",6410,247695.796143267,"Horse Lake","tbcmp_PD_LA_Inter_2100","PD","LA","Inter","2100",244.82797421552
"031002070302",1100,6305977.10896868,"Town of Norman","tbcmp_PD_LA_Inter_2100","PD","LA","Inter","2100",6232.96650600104
"031002070302",1200,11109578.9352155,"Town of Norman","tbcmp_PD_LA_Inter_2100","PD","LA","Inter","2100",10980.9522303035
"031002070302",1800,27161,"Town of Norman","tbcmp_PD_LA_Inter_2100","PD","LA","Inter","2100",26.846529942
"031002070302",1820,374294.969644266,"Town of Norman","tbcmp_PD_LA_Inter_2100","PD","LA","Inter","2100",369.961382485724
"031002070302",1900,938652.305017544,"Town of Norman","tbcmp_PD_LA_Inter_2100","PD","LA","Inter","2100",927.784588630051
"031002070302",2100,1235512.07499864,"Town of Norman","tbcmp_PD_LA_Inter_2100","PD","LA","Inter","2100",1221.20731619431
"031002070302",2200,15247,"Town of Norman","tbcmp_PD_LA_Inter_2100","PD","LA","Inter","2100",15.070470234
"031002070302",2400,66366,"Town of Norman","tbcmp_PD_LA_Inter_2100","PD","LA","Inter","2100",65.597614452
"031002070302",3200,57486.442036934,"Town of Norman","tbcmp_PD_LA_Inter_2100","PD","LA","Inter","2100",56.8208640110304
"031002070302",4100,4102730.02619795,"Town of Norman","tbcmp_PD_LA_Inter_2100","PD","LA","Inter","2100",4055.22861795463
"031002070302",4400,229085.050436307,"Town of Norman","tbcmp_PD_LA_Inter_2100","PD","LA","Inter","2100",226.432703722355
"031002070302",5200,139983.987282288,"Town of Norman","tbcmp_PD_LA_Inter_2100","PD","LA","Inter","2100",138.363252677533
"031002070302",6110,79932,"Town of Norman","tbcmp_PD_LA_Inter_2100","PD","LA","Inter","2100",79.006547304
"031002070302",6410,341776.729620911,"Town of Norman","tbcmp_PD_LA_Inter_2100","PD","LA","Inter","2100",337.81963864536
"031002070303",1100,2389047.78601155,"Weeki Wachee River","tbcmp_PD_LA_Inter_2100","PD","LA","Inter","2100",2361.38739074511
"031002070303",1200,8001865.58946052,"Weeki Wachee River","tbcmp_PD_LA_Inter_2100","PD","LA","Inter","2100",7909.21998966575
"031002070303",1800,244027.165458895,"Weeki Wachee River","tbcmp_PD_LA_Inter_2100","PD","LA","Inter","2100",241.201818937212
"031002070303",1820,410178.497684277,"Weeki Wachee River","tbcmp_PD_LA_Inter_2100","PD","LA","Inter","2100",405.429451038089
"031002070303",1900,792893.080192486,"Weeki Wachee River","tbcmp_PD_LA_Inter_2100","PD","LA","Inter","2100",783.712964110017
"031002070303",2100,26396,"Weeki Wachee River","tbcmp_PD_LA_Inter_2100","PD","LA","Inter","2100",26.090387112
"031002070303",2400,4643,"Weeki Wachee River","tbcmp_PD_LA_Inter_2100","PD","LA","Inter","2100",4.589243346
"031002070303",3200,700848.935594716,"Weeki Wachee River","tbcmp_PD_LA_Inter_2100","PD","LA","Inter","2100",692.734506618401
"031002070303",4100,4811560.33255051,"Weeki Wachee River","tbcmp_PD_LA_Inter_2100","PD","LA","Inter","2100",4755.85208702024
"031002070303",4400,159649.954655688,"Weeki Wachee River","tbcmp_PD_LA_Inter_2100","PD","LA","Inter","2100",157.801527480684
"031002070303",5200,478704.146788903,"Weeki Wachee River","tbcmp_PD_LA_Inter_2100","PD","LA","Inter","2100",473.161710177381
"031002070303",5400,181210.042538445,"Weeki Wachee River","tbcmp_PD_LA_Inter_2100","PD","LA","Inter","2100",179.111992665934
"031002070303",6110,2219957.43447748,"Weeki Wachee River","tbcmp_PD_LA_Inter_2100","PD","LA","Inter","2100",2194.2547673011
"031002070303",6120,411075.692453281,"Weeki Wachee River","tbcmp_PD_LA_Inter_2100","PD","LA","Inter","2100",406.316258086057
"031002070303",6410,1604813.71280526,"Weeki Wachee River","tbcmp_PD_LA_Inter_2100","PD","LA","Inter","2100",1586.2331796384
"031002070303",6420,225227.04705369,"Weeki Wachee River","tbcmp_PD_LA_Inter_2100","PD","LA","Inter","2100",222.619368302903
"031002070303",6425,488738.272290131,"Weeki Wachee River","tbcmp_PD_LA_Inter_2100","PD","LA","Inter","2100",483.079660573556
"031002070303",6510,274492.728048137,"Weeki Wachee River","tbcmp_PD_LA_Inter_2100","PD","LA","Inter","2100",271.314651242796
"031002070303",6600,497027.262853383,"Weeki Wachee River","tbcmp_PD_LA_Inter_2100","PD","LA","Inter","2100",491.272681204067
"031002070303",9113,774843.976630178,"Weeki Wachee River","tbcmp_PD_LA_Inter_2100","PD","LA","Inter","2100",765.872833068753
"031002070304",0,115.692258189432,"Jenkins Creek-Frontal Gulf of Mexico","tbcmp_PD_LA_Inter_2100","PD","LA","Inter","2100",0.114352773224115
"031002070304",1100,65138.9169527468,"Jenkins Creek-Frontal Gulf of Mexico","tbcmp_PD_LA_Inter_2100","PD","LA","Inter","2100",64.3847385722679
"031002070304",1200,2308532.22251898,"Jenkins Creek-Frontal Gulf of Mexico","tbcmp_PD_LA_Inter_2100","PD","LA","Inter","2100",2281.80403644665
"031002070304",1800,41317,"Jenkins Creek-Frontal Gulf of Mexico","tbcmp_PD_LA_Inter_2100","PD","LA","Inter","2100",40.838631774
"031002070304",1820,84142.9756060042,"Jenkins Creek-Frontal Gulf of Mexico","tbcmp_PD_LA_Inter_2100","PD","LA","Inter","2100",83.1687682344378
"031002070304",1900,572234.42851601,"Jenkins Creek-Frontal Gulf of Mexico","tbcmp_PD_LA_Inter_2100","PD","LA","Inter","2100",565.609098302651
"031002070304",3200,419397.415108605,"Jenkins Creek-Frontal Gulf of Mexico","tbcmp_PD_LA_Inter_2100","PD","LA","Inter","2100",414.541631836477
"031002070304",4100,890305.351840284,"Jenkins Creek-Frontal Gulf of Mexico","tbcmp_PD_LA_Inter_2100","PD","LA","Inter","2100",879.997396476677
"031002070304",4400,109604.687284732,"Jenkins Creek-Frontal Gulf of Mexico","tbcmp_PD_LA_Inter_2100","PD","LA","Inter","2100",108.335684215349
"031002070304",5200,96836,"Jenkins Creek-Frontal Gulf of Mexico","tbcmp_PD_LA_Inter_2100","PD","LA","Inter","2100",95.714832792
"031002070304",5400,1137339.27048104,"Jenkins Creek-Frontal Gulf of Mexico","tbcmp_PD_LA_Inter_2100","PD","LA","Inter","2100",1124.17115640741
"031002070304",6110,1879947.057052,"Jenkins Creek-Frontal Gulf of Mexico","tbcmp_PD_LA_Inter_2100","PD","LA","Inter","2100",1858.18103002545
"031002070304",6120,1665404.65369786,"Jenkins Creek-Frontal Gulf of Mexico","tbcmp_PD_LA_Inter_2100","PD","LA","Inter","2100",1646.12259861735
"031002070304",6410,66138,"Jenkins Creek-Frontal Gulf of Mexico","tbcmp_PD_LA_Inter_2100","PD","LA","Inter","2100",65.372254236
"031002070304",6420,212749.327966038,"Jenkins Creek-Frontal Gulf of Mexico","tbcmp_PD_LA_Inter_2100","PD","LA","Inter","2100",210.286116246847
"031002070304",6425,16802.5796497489,"Jenkins Creek-Frontal Gulf of Mexico","tbcmp_PD_LA_Inter_2100","PD","LA","Inter","2100",16.6080393825641
"031002070304",6510,35204.736405485,"Jenkins Creek-Frontal Gulf of Mexico","tbcmp_PD_LA_Inter_2100","PD","LA","Inter","2100",34.7971359673823
"031002070304",6600,418816.650367467,"Jenkins Creek-Frontal Gulf of Mexico","tbcmp_PD_LA_Inter_2100","PD","LA","Inter","2100",413.967591189513
"031002070304",7100,3036.08085874712,"Jenkins Creek-Frontal Gulf of Mexico","tbcmp_PD_LA_Inter_2100","PD","LA","Inter","2100",3.00092911456454
"031002070304",9113,2340255.94517662,"Jenkins Creek-Frontal Gulf of Mexico","tbcmp_PD_LA_Inter_2100","PD","LA","Inter","2100",2313.16046184336
"031002070305",1100,5712498.40311806,"Indian Creek-Frontal Gulf of Mexico","tbcmp_PD_LA_Inter_2100","PD","LA","Inter","2100",5646.35909660676
"031002070305",1200,15078328.5559575,"Indian Creek-Frontal Gulf of Mexico","tbcmp_PD_LA_Inter_2100","PD","LA","Inter","2100",14903.7516679366
"031002070305",1800,144152,"Indian Creek-Frontal Gulf of Mexico","tbcmp_PD_LA_Inter_2100","PD","LA","Inter","2100",142.483008144
"031002070305",1820,650511.557064808,"Indian Creek-Frontal Gulf of Mexico","tbcmp_PD_LA_Inter_2100","PD","LA","Inter","2100",642.979934257112
"031002070305",1900,1128806.94641466,"Indian Creek-Frontal Gulf of Mexico","tbcmp_PD_LA_Inter_2100","PD","LA","Inter","2100",1115.73761958907
"031002070305",2100,398832.409179629,"Indian Creek-Frontal Gulf of Mexico","tbcmp_PD_LA_Inter_2100","PD","LA","Inter","2100",394.214727546147
"031002070305",2400,48493,"Indian Creek-Frontal Gulf of Mexico","tbcmp_PD_LA_Inter_2100","PD","LA","Inter","2100",47.931548046
"031002070305",3200,9703.13850933226,"Indian Creek-Frontal Gulf of Mexico","tbcmp_PD_LA_Inter_2100","PD","LA","Inter","2100",9.59079557167121
"031002070305",4100,1837629.86030215,"Indian Creek-Frontal Gulf of Mexico","tbcmp_PD_LA_Inter_2100","PD","LA","Inter","2100",1816.35378177958
"031002070305",4400,50359.3127154766,"Indian Creek-Frontal Gulf of Mexico","tbcmp_PD_LA_Inter_2100","PD","LA","Inter","2100",49.7762525928569
"031002070305",5200,483671.537427031,"Indian Creek-Frontal Gulf of Mexico","tbcmp_PD_LA_Inter_2100","PD","LA","Inter","2100",478.0715883667
"031002070305",5400,107064.314529759,"Indian Creek-Frontal Gulf of Mexico","tbcmp_PD_LA_Inter_2100","PD","LA","Inter","2100",105.824723896134
"031002070305",6110,714936.886836111,"Indian Creek-Frontal Gulf of Mexico","tbcmp_PD_LA_Inter_2100","PD","LA","Inter","2100",706.659347560322
"031002070305",6120,238827.124780693,"Indian Creek-Frontal Gulf of Mexico","tbcmp_PD_LA_Inter_2100","PD","LA","Inter","2100",236.061984329982
"031002070305",6410,1579822,"Indian Creek-Frontal Gulf of Mexico","tbcmp_PD_LA_Inter_2100","PD","LA","Inter","2100",1561.530820884
"031002070305",6420,30378.1376529728,"Indian Creek-Frontal Gulf of Mexico","tbcmp_PD_LA_Inter_2100","PD","LA","Inter","2100",30.0264195752267
"031002070305",6600,72883.0228049997,"Indian Creek-Frontal Gulf of Mexico","tbcmp_PD_LA_Inter_2100","PD","LA","Inter","2100",72.0391831669634
"031002070305",7100,2148,"Indian Creek-Frontal Gulf of Mexico","tbcmp_PD_LA_Inter_2100","PD","LA","Inter","2100",2.123130456
"031002070305",9113,267640.266608493,"Indian Creek-Frontal Gulf of Mexico","tbcmp_PD_LA_Inter_2100","PD","LA","Inter","2100",264.5415276017
"031002070306",0,146,"Fillman Bayou-Frontal Gulf of Mexico","tbcmp_PD_LA_Inter_2100","PD","LA","Inter","2100",0.144309612
"031002070306",1100,7738990.07554486,"Fillman Bayou-Frontal Gulf of Mexico","tbcmp_PD_LA_Inter_2100","PD","LA","Inter","2100",7649.38804845021
"031002070306",1200,6835779.93516176,"Fillman Bayou-Frontal Gulf of Mexico","tbcmp_PD_LA_Inter_2100","PD","LA","Inter","2100",6756.63527507246
"031002070306",1800,125013.782048984,"Fillman Bayou-Frontal Gulf of Mexico","tbcmp_PD_LA_Inter_2100","PD","LA","Inter","2100",123.566372480421
"031002070306",1820,66508.9805006362,"Fillman Bayou-Frontal Gulf of Mexico","tbcmp_PD_LA_Inter_2100","PD","LA","Inter","2100",65.7389395243999
"031002070306",1900,1394862.29104982,"Fillman Bayou-Frontal Gulf of Mexico","tbcmp_PD_LA_Inter_2100","PD","LA","Inter","2100",1378.71257544404
"031002070306",2100,661667.436694926,"Fillman Bayou-Frontal Gulf of Mexico","tbcmp_PD_LA_Inter_2100","PD","LA","Inter","2100",654.006651112872
"031002070306",2200,10009,"Fillman Bayou-Frontal Gulf of Mexico","tbcmp_PD_LA_Inter_2100","PD","LA","Inter","2100",9.893115798
"031002070306",2400,75581.4809186934,"Fillman Bayou-Frontal Gulf of Mexico","tbcmp_PD_LA_Inter_2100","PD","LA","Inter","2100",74.7063985326168
"031002070306",3200,241251.096233656,"Fillman Bayou-Frontal Gulf of Mexico","tbcmp_PD_LA_Inter_2100","PD","LA","Inter","2100",238.457891041463
"031002070306",4100,4340598.60965476,"Fillman Bayou-Frontal Gulf of Mexico","tbcmp_PD_LA_Inter_2100","PD","LA","Inter","2100",4290.34315895217
"031002070306",4400,452499.14900093,"Fillman Bayou-Frontal Gulf of Mexico","tbcmp_PD_LA_Inter_2100","PD","LA","Inter","2100",447.260113853798
"031002070306",5200,154714,"Fillman Bayou-Frontal Gulf of Mexico","tbcmp_PD_LA_Inter_2100","PD","LA","Inter","2100",152.922721308
"031002070306",5400,480628.539328969,"Fillman Bayou-Frontal Gulf of Mexico","tbcmp_PD_LA_Inter_2100","PD","LA","Inter","2100",475.063822100619
"031002070306",6110,617074.734161359,"Fillman Bayou-Frontal Gulf of Mexico","tbcmp_PD_LA_Inter_2100","PD","LA","Inter","2100",609.930242889239
"031002070306",6120,1324563.24261432,"Fillman Bayou-Frontal Gulf of Mexico","tbcmp_PD_LA_Inter_2100","PD","LA","Inter","2100",1309.22744939133
"031002070306",6410,480096,"Fillman Bayou-Frontal Gulf of Mexico","tbcmp_PD_LA_Inter_2100","PD","LA","Inter","2100",474.537448512
"031002070306",6420,146876.023130882,"Fillman Bayou-Frontal Gulf of Mexico","tbcmp_PD_LA_Inter_2100","PD","LA","Inter","2100",145.175492535073
"031002070306",6600,234348.97719511,"Fillman Bayou-Frontal Gulf of Mexico","tbcmp_PD_LA_Inter_2100","PD","LA","Inter","2100",231.635684737145
"031002070306",9113,2031497.8353235,"Fillman Bayou-Frontal Gulf of Mexico","tbcmp_PD_LA_Inter_2100","PD","LA","Inter","2100",2007.97715338612
"031002070307",0,45,"Double Hammock Creek-Frontal Gulf of Mexico","tbcmp_PD_LA_Inter_2100","PD","LA","Inter","2100",0.04447899
"031002070307",1100,4379205.28434331,"Double Hammock Creek-Frontal Gulf of Mexico","tbcmp_PD_LA_Inter_2100","PD","LA","Inter","2100",4328.50284556118
"031002070307",1200,13279854.0274552,"Double Hammock Creek-Frontal Gulf of Mexico","tbcmp_PD_LA_Inter_2100","PD","LA","Inter","2100",13126.0998775253
"031002070307",1800,69394.8992590033,"Double Hammock Creek-Frontal Gulf of Mexico","tbcmp_PD_LA_Inter_2100","PD","LA","Inter","2100",68.5914451153825
"031002070307",1820,261271.789592234,"Double Hammock Creek-Frontal Gulf of Mexico","tbcmp_PD_LA_Inter_2100","PD","LA","Inter","2100",258.246784812335
"031002070307",1900,835540.709302878,"Double Hammock Creek-Frontal Gulf of Mexico","tbcmp_PD_LA_Inter_2100","PD","LA","Inter","2100",825.86681897057
"031002070307",2100,359183.595833885,"Double Hammock Creek-Frontal Gulf of Mexico","tbcmp_PD_LA_Inter_2100","PD","LA","Inter","2100",355.024968161321
"031002070307",2400,3827.51908151578,"Double Hammock Creek-Frontal Gulf of Mexico","tbcmp_PD_LA_Inter_2100","PD","LA","Inter","2100",3.78320406558999
"031002070307",3200,418887.482773316,"Double Hammock Creek-Frontal Gulf of Mexico","tbcmp_PD_LA_Inter_2100","PD","LA","Inter","2100",414.037603497766
"031002070307",4100,2627389.64165236,"Double Hammock Creek-Frontal Gulf of Mexico","tbcmp_PD_LA_Inter_2100","PD","LA","Inter","2100",2596.96972438131
"031002070307",4400,492595.897687622,"Double Hammock Creek-Frontal Gulf of Mexico","tbcmp_PD_LA_Inter_2100","PD","LA","Inter","2100",486.892622384195
"031002070307",5200,1069127.22388993,"Double Hammock Creek-Frontal Gulf of Mexico","tbcmp_PD_LA_Inter_2100","PD","LA","Inter","2100",1056.74886889173
"031002070307",5400,413881.055149539,"Double Hammock Creek-Frontal Gulf of Mexico","tbcmp_PD_LA_Inter_2100","PD","LA","Inter","2100",409.089140293017
"031002070307",6110,5245691.42163885,"Double Hammock Creek-Frontal Gulf of Mexico","tbcmp_PD_LA_Inter_2100","PD","LA","Inter","2100",5184.95680635912
"031002070307",6120,1592235.60197137,"Double Hammock Creek-Frontal Gulf of Mexico","tbcmp_PD_LA_Inter_2100","PD","LA","Inter","2100",1573.80069817175
"031002070307",6410,2099905,"Double Hammock Creek-Frontal Gulf of Mexico","tbcmp_PD_LA_Inter_2100","PD","LA","Inter","2100",2075.59229991
"031002070307",6420,108686.180297847,"Double Hammock Creek-Frontal Gulf of Mexico","tbcmp_PD_LA_Inter_2100","PD","LA","Inter","2100",107.427811702359
"031002070307",6600,113733.718956514,"Double Hammock Creek-Frontal Gulf of Mexico","tbcmp_PD_LA_Inter_2100","PD","LA","Inter","2100",112.416909958436
"031002070307",9113,948151.993622435,"Double Hammock Creek-Frontal Gulf of Mexico","tbcmp_PD_LA_Inter_2100","PD","LA","Inter","2100",937.174289840275
"031002070401",1100,7278305.06165031,"Hancock Lake","tbcmp_PD_LA_Inter_2100","PD","LA","Inter","2100",7194.03684564652
"031002070401",1200,1081119.99363571,"Hancock Lake","tbcmp_PD_LA_Inter_2100","PD","LA","Inter","2100",1068.6027863494
"031002070401",1800,16415,"Hancock Lake","tbcmp_PD_LA_Inter_2100","PD","LA","Inter","2100",16.22494713
"031002070401",1820,106585.088898998,"Hancock Lake","tbcmp_PD_LA_Inter_2100","PD","LA","Inter","2100",105.351046739725
"031002070401",1900,1468919.42932659,"Hancock Lake","tbcmp_PD_LA_Inter_2100","PD","LA","Inter","2100",1451.91228017385
"031002070401",2100,12114321.3729771,"Hancock Lake","tbcmp_PD_LA_Inter_2100","PD","LA","Inter","2100",11974.0617601208
"031002070401",2200,136659.272513395,"Hancock Lake","tbcmp_PD_LA_Inter_2100","PD","LA","Inter","2100",135.077031456235
"031002070401",2400,166923.68838025,"Hancock Lake","tbcmp_PD_LA_Inter_2100","PD","LA","Inter","2100",164.991045916183
"031002070401",3200,153294,"Hancock Lake","tbcmp_PD_LA_Inter_2100","PD","LA","Inter","2100",151.519162068
"031002070401",4100,7930637.02400561,"Hancock Lake","tbcmp_PD_LA_Inter_2100","PD","LA","Inter","2100",7838.81610854168
"031002070401",4400,3029557.93699032,"Hancock Lake","tbcmp_PD_LA_Inter_2100","PD","LA","Inter","2100",2994.48171519585
"031002070401",5200,1108832.79704369,"Hancock Lake","tbcmp_PD_LA_Inter_2100","PD","LA","Inter","2100",1095.99473091952
"031002070401",6110,1270561.73087165,"Hancock Lake","tbcmp_PD_LA_Inter_2100","PD","LA","Inter","2100",1255.85116715162
"031002070401",6410,1358162.14640482,"Hancock Lake","tbcmp_PD_LA_Inter_2100","PD","LA","Inter","2100",1342.43734507375
"031002070402",1100,1230708.41612084,"Raft Lake","tbcmp_PD_LA_Inter_2100","PD","LA","Inter","2100",1216.45927407899
"031002070402",1200,167147.100885393,"Raft Lake","tbcmp_PD_LA_Inter_2100","PD","LA","Inter","2100",165.211871751342
"031002070402",1800,43559.7689747326,"Raft Lake","tbcmp_PD_LA_Inter_2100","PD","LA","Inter","2100",43.0554339695431
"031002070402",1820,44105,"Raft Lake","tbcmp_PD_LA_Inter_2100","PD","LA","Inter","2100",43.59435231
"031002070402",1900,634286.932729926,"Raft Lake","tbcmp_PD_LA_Inter_2100","PD","LA","Inter","2100",626.943158622779
"031002070402",2100,4428904.29789034,"Raft Lake","tbcmp_PD_LA_Inter_2100","PD","LA","Inter","2100",4377.62644392937
"031002070402",2200,133019.942896099,"Raft Lake","tbcmp_PD_LA_Inter_2100","PD","LA","Inter","2100",131.479837997248
"031002070402",2400,93748.561620403,"Raft Lake","tbcmp_PD_LA_Inter_2100","PD","LA","Inter","2100",92.663140773962
"031002070402",3200,1041521.4043093,"Raft Lake","tbcmp_PD_LA_Inter_2100","PD","LA","Inter","2100",1029.46266949021
"031002070402",4100,4979440.44138321,"Raft Lake","tbcmp_PD_LA_Inter_2100","PD","LA","Inter","2100",4921.78847995287
"031002070402",4400,3748185.2080595,"Raft Lake","tbcmp_PD_LA_Inter_2100","PD","LA","Inter","2100",3704.78871972059
"031002070402",5200,297068.636690881,"Raft Lake","tbcmp_PD_LA_Inter_2100","PD","LA","Inter","2100",293.629176015274
"031002070402",6110,923501.763742513,"Raft Lake","tbcmp_PD_LA_Inter_2100","PD","LA","Inter","2100",912.809460321902
"031002070402",6410,3226738.65842265,"Raft Lake","tbcmp_PD_LA_Inter_2100","PD","LA","Inter","2100",3189.37947823544
"031002070403",1100,3809839.79873077,"Crews Lake","tbcmp_PD_LA_Inter_2100","PD","LA","Inter","2100",3765.72947354106
"031002070403",1200,5507929.98644507,"Crews Lake","tbcmp_PD_LA_Inter_2100","PD","LA","Inter","2100",5444.15917306201
"031002070403",1800,93428.6643703579,"Crews Lake","tbcmp_PD_LA_Inter_2100","PD","LA","Inter","2100",92.3469472942779
"031002070403",1820,67653.4341468096,"Crews Lake","tbcmp_PD_LA_Inter_2100","PD","LA","Inter","2100",66.8701426862579
"031002070403",1900,964789.742893408,"Crews Lake","tbcmp_PD_LA_Inter_2100","PD","LA","Inter","2100",953.619407250188
"031002070403",2100,3597709.85689175,"Crews Lake","tbcmp_PD_LA_Inter_2100","PD","LA","Inter","2100",3556.05557216866
"031002070403",2400,9318.88995167559,"Crews Lake","tbcmp_PD_LA_Inter_2100","PD","LA","Inter","2100",9.21099584381509
"031002070403",3200,7024.70178875823,"Crews Lake","tbcmp_PD_LA_Inter_2100","PD","LA","Inter","2100",6.94336979144799
"031002070403",4100,2548368.72143078,"Crews Lake","tbcmp_PD_LA_Inter_2100","PD","LA","Inter","2100",2518.86370837405
"031002070403",4400,282868.950734729,"Crews Lake","tbcmp_PD_LA_Inter_2100","PD","LA","Inter","2100",279.593894023122
"031002070403",5200,231526.688000689,"Crews Lake","tbcmp_PD_LA_Inter_2100","PD","LA","Inter","2100",228.846072007017
"031002070403",6110,246113.183954931,"Crews Lake","tbcmp_PD_LA_Inter_2100","PD","LA","Inter","2100",243.263685511101
"031002070403",6410,1053565.98266323,"Crews Lake","tbcmp_PD_LA_Inter_2100","PD","LA","Inter","2100",1041.36779571595
"031002070404",0,113,"Pithlachascotee River","tbcmp_PD_LA_Inter_2100","PD","LA","Inter","2100",0.111691686
"031002070404",1100,1108939.82567531,"Pithlachascotee River","tbcmp_PD_LA_Inter_2100","PD","LA","Inter","2100",1096.10052037364
"031002070404",1200,10007934.8702161,"Pithlachascotee River","tbcmp_PD_LA_Inter_2100","PD","LA","Inter","2100",9892.06300028871
"031002070404",1800,374967.27339725,"Pithlachascotee River","tbcmp_PD_LA_Inter_2100","PD","LA","Inter","2100",370.625902305857
"031002070404",1820,374972.8577584,"Pithlachascotee River","tbcmp_PD_LA_Inter_2100","PD","LA","Inter","2100",370.631422011273
"031002070404",1900,1917541.32155787,"Pithlachascotee River","tbcmp_PD_LA_Inter_2100","PD","LA","Inter","2100",1895.34002813687
"031002070404",2100,2408588.56272987,"Pithlachascotee River","tbcmp_PD_LA_Inter_2100","PD","LA","Inter","2100",2380.70192435058
"031002070404",2400,6543.54842782366,"Pithlachascotee River","tbcmp_PD_LA_Inter_2100","PD","LA","Inter","2100",6.46778722412632
"031002070404",3200,2206322.79770977,"Pithlachascotee River","tbcmp_PD_LA_Inter_2100","PD","LA","Inter","2100",2180.77799235788
"031002070404",4100,5359649.23304863,"Pithlachascotee River","tbcmp_PD_LA_Inter_2100","PD","LA","Inter","2100",5297.59521422839
"031002070404",4400,1401491.95254369,"Pithlachascotee River","tbcmp_PD_LA_Inter_2100","PD","LA","Inter","2100",1385.26547871713
"031002070404",5200,994121.843192448,"Pithlachascotee River","tbcmp_PD_LA_Inter_2100","PD","LA","Inter","2100",982.611900491966
"031002070404",5400,386750.686660869,"Pithlachascotee River","tbcmp_PD_LA_Inter_2100","PD","LA","Inter","2100",382.272887210709
"031002070404",6110,7996315.0058868,"Pithlachascotee River","tbcmp_PD_LA_Inter_2100","PD","LA","Inter","2100",7903.73367074864
"031002070404",6120,312380.307376578,"Pithlachascotee River","tbcmp_PD_LA_Inter_2100","PD","LA","Inter","2100",308.763568177772
"031002070404",6410,2827916.24850798,"Pithlachascotee River","tbcmp_PD_LA_Inter_2100","PD","LA","Inter","2100",2795.17463418275
"031002070404",6420,38109.3008593946,"Pithlachascotee River","tbcmp_PD_LA_Inter_2100","PD","LA","Inter","2100",37.6680713740445
"031002070404",6425,15807.705103174,"Pithlachascotee River","tbcmp_PD_LA_Inter_2100","PD","LA","Inter","2100",15.6246834934895
"031002070404",6510,11317.7645063177,"Pithlachascotee River","tbcmp_PD_LA_Inter_2100","PD","LA","Inter","2100",11.1867274288635
"031002070404",6600,67901.2810435458,"Pithlachascotee River","tbcmp_PD_LA_Inter_2100","PD","LA","Inter","2100",67.1151200116236
"031002070404",9113,404405.362262191,"Pithlachascotee River","tbcmp_PD_LA_Inter_2100","PD","LA","Inter","2100",399.723156977919
"031002070501",1100,1133706.06708633,"Sandy Branch-Anclote River","tbcmp_PD_LA_Inter_2100","PD","LA","Inter","2100",1120.58001824161
"031002070501",1200,8577005.53300434,"Sandy Branch-Anclote River","tbcmp_PD_LA_Inter_2100","PD","LA","Inter","2100",8477.70096294322
"031002070501",1800,109292.052179764,"Sandy Branch-Anclote River","tbcmp_PD_LA_Inter_2100","PD","LA","Inter","2100",108.026668799627
"031002070501",1820,19033.5844843304,"Sandy Branch-Anclote River","tbcmp_PD_LA_Inter_2100","PD","LA","Inter","2100",18.8132136431709
"031002070501",1900,3339372.52894588,"Sandy Branch-Anclote River","tbcmp_PD_LA_Inter_2100","PD","LA","Inter","2100",3300.70927380574
"031002070501",2100,4093593.51644499,"Sandy Branch-Anclote River","tbcmp_PD_LA_Inter_2100","PD","LA","Inter","2100",4046.19789071159
"031002070501",2200,34825,"Sandy Branch-Anclote River","tbcmp_PD_LA_Inter_2100","PD","LA","Inter","2100",34.42179615
"031002070501",2400,14937,"Sandy Branch-Anclote River","tbcmp_PD_LA_Inter_2100","PD","LA","Inter","2100",14.764059414
"031002070501",3200,1393532.33903948,"Sandy Branch-Anclote River","tbcmp_PD_LA_Inter_2100","PD","LA","Inter","2100",1377.39802161808
"031002070501",4100,4725977.08851652,"Sandy Branch-Anclote River","tbcmp_PD_LA_Inter_2100","PD","LA","Inter","2100",4671.25972578567
"031002070501",4400,1674388.32396259,"Sandy Branch-Anclote River","tbcmp_PD_LA_Inter_2100","PD","LA","Inter","2100",1655.00225594775
"031002070501",5200,2448656.46287842,"Sandy Branch-Anclote River","tbcmp_PD_LA_Inter_2100","PD","LA","Inter","2100",2420.30591835122
"031002070501",6110,8550465.49713441,"Sandy Branch-Anclote River","tbcmp_PD_LA_Inter_2100","PD","LA","Inter","2100",8451.46820760859
"031002070501",6410,2820785.39274742,"Sandy Branch-Anclote River","tbcmp_PD_LA_Inter_2100","PD","LA","Inter","2100",2788.12633947019
"031002070502",0,835,"Oyster Creek-Frontal Gulf of Mexico","tbcmp_PD_LA_Inter_2100","PD","LA","Inter","2100",0.82533237
"031002070502",1100,992055.258359164,"Oyster Creek-Frontal Gulf of Mexico","tbcmp_PD_LA_Inter_2100","PD","LA","Inter","2100",980.569242577882
"031002070502",1200,16689695.0450446,"Oyster Creek-Frontal Gulf of Mexico","tbcmp_PD_LA_Inter_2100","PD","LA","Inter","2100",16496.4617558131
"031002070502",1800,235734.103870198,"Oyster Creek-Frontal Gulf of Mexico","tbcmp_PD_LA_Inter_2100","PD","LA","Inter","2100",233.004774415589
"031002070502",1820,813700,"Oyster Creek-Frontal Gulf of Mexico","tbcmp_PD_LA_Inter_2100","PD","LA","Inter","2100",804.2789814
"031002070502",1900,1160310.15387771,"Oyster Creek-Frontal Gulf of Mexico","tbcmp_PD_LA_Inter_2100","PD","LA","Inter","2100",1146.87608291611
"031002070502",2100,2486775.44156624,"Oyster Creek-Frontal Gulf of Mexico","tbcmp_PD_LA_Inter_2100","PD","LA","Inter","2100",2457.98355550379
"031002070502",2200,6833,"Oyster Creek-Frontal Gulf of Mexico","tbcmp_PD_LA_Inter_2100","PD","LA","Inter","2100",6.753887526
"031002070502",2400,2410,"Oyster Creek-Frontal Gulf of Mexico","tbcmp_PD_LA_Inter_2100","PD","LA","Inter","2100",2.38209702
"031002070502",3200,419373.565064457,"Oyster Creek-Frontal Gulf of Mexico","tbcmp_PD_LA_Inter_2100","PD","LA","Inter","2100",414.51805792814
"031002070502",4100,1989444.15959903,"Oyster Creek-Frontal Gulf of Mexico","tbcmp_PD_LA_Inter_2100","PD","LA","Inter","2100",1966.4103751192
"031002070502",4400,389043.982681315,"Oyster Creek-Frontal Gulf of Mexico","tbcmp_PD_LA_Inter_2100","PD","LA","Inter","2100",384.53963144983
"031002070502",5200,1749684.77848251,"Oyster Creek-Frontal Gulf of Mexico","tbcmp_PD_LA_Inter_2100","PD","LA","Inter","2100",1729.42692811724
"031002070502",5400,958436.538251689,"Oyster Creek-Frontal Gulf of Mexico","tbcmp_PD_LA_Inter_2100","PD","LA","Inter","2100",947.339760011811
"031002070502",6110,4475109.89974761,"Oyster Creek-Frontal Gulf of Mexico","tbcmp_PD_LA_Inter_2100","PD","LA","Inter","2100",4423.29707732834
"031002070502",6120,1156343.51971058,"Oyster Creek-Frontal Gulf of Mexico","tbcmp_PD_LA_Inter_2100","PD","LA","Inter","2100",1142.95537443937
"031002070502",6410,1512821.57977874,"Oyster Creek-Frontal Gulf of Mexico","tbcmp_PD_LA_Inter_2100","PD","LA","Inter","2100",1495.30613152806
"031002070502",6420,177039.843519151,"Oyster Creek-Frontal Gulf of Mexico","tbcmp_PD_LA_Inter_2100","PD","LA","Inter","2100",174.990076210886
"031002070502",6425,158282.026920607,"Oyster Creek-Frontal Gulf of Mexico","tbcmp_PD_LA_Inter_2100","PD","LA","Inter","2100",156.44943761292
"031002070502",6510,119606.320975735,"Oyster Creek-Frontal Gulf of Mexico","tbcmp_PD_LA_Inter_2100","PD","LA","Inter","2100",118.221518991478
"031002070502",6600,231770.564430082,"Oyster Creek-Frontal Gulf of Mexico","tbcmp_PD_LA_Inter_2100","PD","LA","Inter","2100",229.087124835111
"031002070502",9113,1059959.35513337,"Oyster Creek-Frontal Gulf of Mexico","tbcmp_PD_LA_Inter_2100","PD","LA","Inter","2100",1047.68714571964
"031002070503",0,547.959047667682,"Anclote River-Frontal Gulf of Mexico","tbcmp_PD_LA_Inter_2100","PD","LA","Inter","2100",0.541614777813786
"031002070503",1100,720576.84789095,"Anclote River-Frontal Gulf of Mexico","tbcmp_PD_LA_Inter_2100","PD","LA","Inter","2100",712.234009146068
"031002070503",1200,22059769.0024089,"Anclote River-Frontal Gulf of Mexico","tbcmp_PD_LA_Inter_2100","PD","LA","Inter","2100",21804.360996899
"031002070503",1800,737424.141807152,"Anclote River-Frontal Gulf of Mexico","tbcmp_PD_LA_Inter_2100","PD","LA","Inter","2100",728.886245093309
"031002070503",1820,1089533.56897395,"Anclote River-Frontal Gulf of Mexico","tbcmp_PD_LA_Inter_2100","PD","LA","Inter","2100",1076.91894931237
"031002070503",1900,439318.868859619,"Anclote River-Frontal Gulf of Mexico","tbcmp_PD_LA_Inter_2100","PD","LA","Inter","2100",434.232434995962
"031002070503",2100,13863,"Anclote River-Frontal Gulf of Mexico","tbcmp_PD_LA_Inter_2100","PD","LA","Inter","2100",13.702494186
"031002070503",2400,5816,"Anclote River-Frontal Gulf of Mexico","tbcmp_PD_LA_Inter_2100","PD","LA","Inter","2100",5.748662352
"031002070503",3200,12083,"Anclote River-Frontal Gulf of Mexico","tbcmp_PD_LA_Inter_2100","PD","LA","Inter","2100",11.943103026
"031002070503",4100,587145.184641651,"Anclote River-Frontal Gulf of Mexico","tbcmp_PD_LA_Inter_2100","PD","LA","Inter","2100",580.34721769387
"031002070503",5200,492708.537490428,"Anclote River-Frontal Gulf of Mexico","tbcmp_PD_LA_Inter_2100","PD","LA","Inter","2100",487.003958043364
"031002070503",5400,1463439.45334194,"Anclote River-Frontal Gulf of Mexico","tbcmp_PD_LA_Inter_2100","PD","LA","Inter","2100",1446.49575135115
"031002070503",6110,395096.046435623,"Anclote River-Frontal Gulf of Mexico","tbcmp_PD_LA_Inter_2100","PD","LA","Inter","2100",390.521624409991
"031002070503",6120,328628.247208644,"Anclote River-Frontal Gulf of Mexico","tbcmp_PD_LA_Inter_2100","PD","LA","Inter","2100",324.823389362462
"031002070503",6410,194569,"Anclote River-Frontal Gulf of Mexico","tbcmp_PD_LA_Inter_2100","PD","LA","Inter","2100",192.316280118
"031002070503",6420,95508.7034966059,"Anclote River-Frontal Gulf of Mexico","tbcmp_PD_LA_Inter_2100","PD","LA","Inter","2100",94.4029037275222
"031002070503",6425,130162.075957703,"Anclote River-Frontal Gulf of Mexico","tbcmp_PD_LA_Inter_2100","PD","LA","Inter","2100",128.655059442264
"031002070503",6510,81896.7859255501,"Anclote River-Frontal Gulf of Mexico","tbcmp_PD_LA_Inter_2100","PD","LA","Inter","2100",80.9485849381041
"031002070503",6600,210295.435569912,"Anclote River-Frontal Gulf of Mexico","tbcmp_PD_LA_Inter_2100","PD","LA","Inter","2100",207.860635016884
"031002070503",9113,969592.356484482,"Anclote River-Frontal Gulf of Mexico","tbcmp_PD_LA_Inter_2100","PD","LA","Inter","2100",958.366416181105
"031002070504",0,10580.9742753653,"Clearwater Harbor","tbcmp_PD_LA_Inter_2100","PD","LA","Inter","2100",10.4584677552051
"031002070504",1100,199572.489755239,"Clearwater Harbor","tbcmp_PD_LA_Inter_2100","PD","LA","Inter","2100",197.261839468853
"031002070504",1200,13288537.3959833,"Clearwater Harbor","tbcmp_PD_LA_Inter_2100","PD","LA","Inter","2100",13134.6827100126
"031002070504",1800,1429000.80996172,"Clearwater Harbor","tbcmp_PD_LA_Inter_2100","PD","LA","Inter","2100",1412.45583858399
"031002070504",1820,410754,"Clearwater Harbor","tbcmp_PD_LA_Inter_2100","PD","LA","Inter","2100",405.998290188
"031002070504",1900,228933.48499533,"Clearwater Harbor","tbcmp_PD_LA_Inter_2100","PD","LA","Inter","2100",226.282893106054
"031002070504",2100,27064,"Clearwater Harbor","tbcmp_PD_LA_Inter_2100","PD","LA","Inter","2100",26.750653008
"031002070504",2400,6305,"Clearwater Harbor","tbcmp_PD_LA_Inter_2100","PD","LA","Inter","2100",6.23200071
"031002070504",3200,43602.2617941465,"Clearwater Harbor","tbcmp_PD_LA_Inter_2100","PD","LA","Inter","2100",43.0974348070938
"031002070504",4100,163970.323985722,"Clearwater Harbor","tbcmp_PD_LA_Inter_2100","PD","LA","Inter","2100",162.071875574615
"031002070504",5200,318614.314347768,"Clearwater Harbor","tbcmp_PD_LA_Inter_2100","PD","LA","Inter","2100",314.92539781625
"031002070504",5400,6168967.22018767,"Clearwater Harbor","tbcmp_PD_LA_Inter_2100","PD","LA","Inter","2100",6097.54291771234
"031002070504",6110,17750,"Clearwater Harbor","tbcmp_PD_LA_Inter_2100","PD","LA","Inter","2100",17.5444905
"031002070504",6120,442936.427692975,"Clearwater Harbor","tbcmp_PD_LA_Inter_2100","PD","LA","Inter","2100",437.808109733146
"031002070504",6410,96926,"Clearwater Harbor","tbcmp_PD_LA_Inter_2100","PD","LA","Inter","2100",95.803790772
"031002070504",6420,40126.6476124943,"Clearwater Harbor","tbcmp_PD_LA_Inter_2100","PD","LA","Inter","2100",39.6620612864368
"031002070504",6600,78156.3215068475,"Clearwater Harbor","tbcmp_PD_LA_Inter_2100","PD","LA","Inter","2100",77.2514276164413
"031002070504",7100,449,"Clearwater Harbor","tbcmp_PD_LA_Inter_2100","PD","LA","Inter","2100",0.443801478
"031002070504",9113,1917746.51880682,"Clearwater Harbor","tbcmp_PD_LA_Inter_2100","PD","LA","Inter","2100",1895.54284961207
"031002070505",0,743,"Lake Seminole","tbcmp_PD_LA_Inter_2100","PD","LA","Inter","2100",0.734397546
"031002070505",1100,638492.800425812,"Lake Seminole","tbcmp_PD_LA_Inter_2100","PD","LA","Inter","2100",631.100330782482
"031002070505",1200,26154570.2288261,"Lake Seminole","tbcmp_PD_LA_Inter_2100","PD","LA","Inter","2100",25851.7526147167
"031002070505",1800,701700.749267872,"Lake Seminole","tbcmp_PD_LA_Inter_2100","PD","LA","Inter","2100",693.576457992849
"031002070505",1820,523237,"Lake Seminole","tbcmp_PD_LA_Inter_2100","PD","LA","Inter","2100",517.178962014
"031002070505",1900,438982.182506058,"Lake Seminole","tbcmp_PD_LA_Inter_2100","PD","LA","Inter","2100",433.899646797003
"031002070505",2400,15200.5737430761,"Lake Seminole","tbcmp_PD_LA_Inter_2100","PD","LA","Inter","2100",15.0245815002787
"031002070505",3200,2238,"Lake Seminole","tbcmp_PD_LA_Inter_2100","PD","LA","Inter","2100",2.212088436
"031002070505",4100,227749.317211692,"Lake Seminole","tbcmp_PD_LA_Inter_2100","PD","LA","Inter","2100",225.112435617015
"031002070505",5200,641507.953683458,"Lake Seminole","tbcmp_PD_LA_Inter_2100","PD","LA","Inter","2100",634.080574595711
"031002070505",5400,1411192.9166721,"Lake Seminole","tbcmp_PD_LA_Inter_2100","PD","LA","Inter","2100",1394.85412508287
"031002070505",6110,150098,"Lake Seminole","tbcmp_PD_LA_Inter_2100","PD","LA","Inter","2100",148.360165356
"031002070505",6120,220851.608451807,"Lake Seminole","tbcmp_PD_LA_Inter_2100","PD","LA","Inter","2100",218.294588529152
"031002070505",6410,132698,"Lake Seminole","tbcmp_PD_LA_Inter_2100","PD","LA","Inter","2100",131.161622556
"031002070505",6420,44113,"Lake Seminole","tbcmp_PD_LA_Inter_2100","PD","LA","Inter","2100",43.602259686
"031002070505",6600,82343,"Lake Seminole","tbcmp_PD_LA_Inter_2100","PD","LA","Inter","2100",81.389632746
"031002070505",7100,383.096621491015,"Lake Seminole","tbcmp_PD_LA_Inter_2100","PD","LA","Inter","2100",0.378661128807392
"031002070505",9113,1029261.69665161,"Lake Seminole","tbcmp_PD_LA_Inter_2100","PD","LA","Inter","2100",1017.34490472778
"031002070506",0,1883.77969700098,"Boca Ciega Bay","tbcmp_PD_LA_Inter_2100","PD","LA","Inter","2100",1.8619692956691
"031002070506",1100,74428.8222299791,"Boca Ciega Bay","tbcmp_PD_LA_Inter_2100","PD","LA","Inter","2100",73.5670853262004
"031002070506",1200,10088455.6193522,"Boca Ciega Bay","tbcmp_PD_LA_Inter_2100","PD","LA","Inter","2100",9971.65148019133
"031002070506",1800,370296.715336259,"Boca Ciega Bay","tbcmp_PD_LA_Inter_2100","PD","LA","Inter","2100",366.009419966095
"031002070506",1820,193389,"Boca Ciega Bay","tbcmp_PD_LA_Inter_2100","PD","LA","Inter","2100",191.149942158
"031002070506",1900,61384.3035592996,"Boca Ciega Bay","tbcmp_PD_LA_Inter_2100","PD","LA","Inter","2100",60.67359609269
"031002070506",3200,3555.95553452777,"Boca Ciega Bay","tbcmp_PD_LA_Inter_2100","PD","LA","Inter","2100",3.514784681349
"031002070506",4100,20855,"Boca Ciega Bay","tbcmp_PD_LA_Inter_2100","PD","LA","Inter","2100",20.61354081
"031002070506",5200,58897.4927260261,"Boca Ciega Bay","tbcmp_PD_LA_Inter_2100","PD","LA","Inter","2100",58.2155775552442
"031002070506",5400,5673050.30270303,"Boca Ciega Bay","tbcmp_PD_LA_Inter_2100","PD","LA","Inter","2100",5607.36772629834
"031002070506",6110,7210,"Boca Ciega Bay","tbcmp_PD_LA_Inter_2100","PD","LA","Inter","2100",7.12652262
"031002070506",6120,70004.0682971771,"Boca Ciega Bay","tbcmp_PD_LA_Inter_2100","PD","LA","Inter","2100",69.1935611944324
"031002070506",6410,6741,"Boca Ciega Bay","tbcmp_PD_LA_Inter_2100","PD","LA","Inter","2100",6.662952702
"031002070506",6420,2628.82351753488,"Boca Ciega Bay","tbcmp_PD_LA_Inter_2100","PD","LA","Inter","2100",2.59838699884886
"031002070506",6600,9142.31591010466,"Boca Ciega Bay","tbcmp_PD_LA_Inter_2100","PD","LA","Inter","2100",9.03646617649747
"031002070506",7100,22.9033784866333,"Boca Ciega Bay","tbcmp_PD_LA_Inter_2100","PD","LA","Inter","2100",0.0226382031705151
"031002070506",9113,991634.31561441,"Boca Ciega Bay","tbcmp_PD_LA_Inter_2100","PD","LA","Inter","2100",980.153173508226
"031002070600",0,15656.3744187354,"Crystal Bay-Gulf of Mexico","tbcmp_PD_LA_Inter_2100","PD","LA","Inter","2100",15.4751049157153
"031002070600",1100,24.5321638343157,"Crystal Bay-Gulf of Mexico","tbcmp_PD_LA_Inter_2100","PD","LA","Inter","2100",0.024248130441442
"031002070600",1200,555087.906855107,"Crystal Bay-Gulf of Mexico","tbcmp_PD_LA_Inter_2100","PD","LA","Inter","2100",548.661099069538
"031002070600",1800,661371.356518221,"Crystal Bay-Gulf of Mexico","tbcmp_PD_LA_Inter_2100","PD","LA","Inter","2100",653.713998952453
"031002070600",1900,17577.7678018118,"Crystal Bay-Gulf of Mexico","tbcmp_PD_LA_Inter_2100","PD","LA","Inter","2100",17.3742524062024
"031002070600",3200,39017.5454340079,"Crystal Bay-Gulf of Mexico","tbcmp_PD_LA_Inter_2100","PD","LA","Inter","2100",38.5658002929729
"031002070600",4100,12156.8859305334,"Crystal Bay-Gulf of Mexico","tbcmp_PD_LA_Inter_2100","PD","LA","Inter","2100",12.0161335052297
"031002070600",5400,275758703.61546,"Crystal Bay-Gulf of Mexico","tbcmp_PD_LA_Inter_2100","PD","LA","Inter","2100",272565.969345001
"031002070600",6110,743.437160944217,"Crystal Bay-Gulf of Mexico","tbcmp_PD_LA_Inter_2100","PD","LA","Inter","2100",0.734829645494805
"031002070600",6120,818916.739759591,"Crystal Bay-Gulf of Mexico","tbcmp_PD_LA_Inter_2100","PD","LA","Inter","2100",809.435321746655
"031002070600",6420,70005.2327164073,"Crystal Bay-Gulf of Mexico","tbcmp_PD_LA_Inter_2100","PD","LA","Inter","2100",69.1947121320168
"031002070600",6425,3207.31591542058,"Crystal Bay-Gulf of Mexico","tbcmp_PD_LA_Inter_2100","PD","LA","Inter","2100",3.17018161175184
"031002070600",6510,5271.4562508504,"Crystal Bay-Gulf of Mexico","tbcmp_PD_LA_Inter_2100","PD","LA","Inter","2100",5.21042333037806
"031002070600",6600,60911.1519759496,"Crystal Bay-Gulf of Mexico","tbcmp_PD_LA_Inter_2100","PD","LA","Inter","2100",60.2059226583721
"031002070600",7100,69060.9191412202,"Crystal Bay-Gulf of Mexico","tbcmp_PD_LA_Inter_2100","PD","LA","Inter","2100",68.2613318194031
"031002070600",9113,42106900.9725068,"Crystal Bay-Gulf of Mexico","tbcmp_PD_LA_Inter_2100","PD","LA","Inter","2100",41619.3872730472
"031002080202",1100,354953.35628326,"031002080202","tbcmp_PD_LA_Inter_2100","PD","LA","Inter","2100",350.843706324212
"031002080202",1200,88731.8869587032,"031002080202","tbcmp_PD_LA_Inter_2100","PD","LA","Inter","2100",87.7045491714953
"031002080202",1900,262652.256559001,"031002080202","tbcmp_PD_LA_Inter_2100","PD","LA","Inter","2100",259.611268732561
"031002080202",2100,1038507.61294798,"031002080202","tbcmp_PD_LA_Inter_2100","PD","LA","Inter","2100",1026.48377180527
"031002080202",2200,1769,"031002080202","tbcmp_PD_LA_Inter_2100","PD","LA","Inter","2100",1.748518518
"031002080202",3200,114910.308178435,"031002080202","tbcmp_PD_LA_Inter_2100","PD","LA","Inter","2100",113.579876630345
"031002080202",4100,546477.785160151,"031002080202","tbcmp_PD_LA_Inter_2100","PD","LA","Inter","2100",540.150665363567
"031002080202",4400,88315.7412308007,"031002080202","tbcmp_PD_LA_Inter_2100","PD","LA","Inter","2100",87.2932215788305
"031002080202",5200,16397,"031002080202","tbcmp_PD_LA_Inter_2100","PD","LA","Inter","2100",16.207155534
"031002080202",6110,1163606.53523271,"031002080202","tbcmp_PD_LA_Inter_2100","PD","LA","Inter","2100",1150.13429876779
"031002080202",6410,163552.566921182,"031002080202","tbcmp_PD_LA_Inter_2100","PD","LA","Inter","2100",161.658955301369
"031002080203",1100,7109.98944405903,"Gator Creek","tbcmp_PD_LA_Inter_2100","PD","LA","Inter","2100",7.02766998627571
"031002080203",1200,63577.6008670199,"Gator Creek","tbcmp_PD_LA_Inter_2100","PD","LA","Inter","2100",62.8414994041815
"031002080203",1900,208996.543748006,"Gator Creek","tbcmp_PD_LA_Inter_2100","PD","LA","Inter","2100",206.576781764491
"031002080203",2100,315616.086382579,"Gator Creek","tbcmp_PD_LA_Inter_2100","PD","LA","Inter","2100",311.961883334441
"031002080203",3200,40777.7720167043,"Gator Creek","tbcmp_PD_LA_Inter_2100","PD","LA","Inter","2100",40.3056469722949
"031002080203",4100,541402.232458467,"Gator Creek","tbcmp_PD_LA_Inter_2100","PD","LA","Inter","2100",535.133877411063
"031002080203",4400,72865.0538165465,"Gator Creek","tbcmp_PD_LA_Inter_2100","PD","LA","Inter","2100",72.0214222234585
"031002080203",5200,34859,"Gator Creek","tbcmp_PD_LA_Inter_2100","PD","LA","Inter","2100",34.455402498
"031002080203",6110,946560.566857117,"Gator Creek","tbcmp_PD_LA_Inter_2100","PD","LA","Inter","2100",935.601288614046
"031002080203",6410,93224,"Gator Creek","tbcmp_PD_LA_Inter_2100","PD","LA","Inter","2100",92.144652528
"031002080204",1100,19174.0105560082,"Cumbee Drain-Withlacoochee River Swamp","tbcmp_PD_LA_Inter_2100","PD","LA","Inter","2100",18.9520138617907
"031002080204",1200,16422.3589166561,"Cumbee Drain-Withlacoochee River Swamp","tbcmp_PD_LA_Inter_2100","PD","LA","Inter","2100",16.2322208451191
"031002080204",1900,43312.9442421217,"Cumbee Drain-Withlacoochee River Swamp","tbcmp_PD_LA_Inter_2100","PD","LA","Inter","2100",42.8114669736864
"031002080204",2100,36874.6380597776,"Cumbee Drain-Withlacoochee River Swamp","tbcmp_PD_LA_Inter_2100","PD","LA","Inter","2100",36.4477035003215
"031002080204",3200,4407.57337206691,"Cumbee Drain-Withlacoochee River Swamp","tbcmp_PD_LA_Inter_2100","PD","LA","Inter","2100",4.35654248756512
"031002080204",4100,751672.632515241,"Cumbee Drain-Withlacoochee River Swamp","tbcmp_PD_LA_Inter_2100","PD","LA","Inter","2100",742.969766775979
"031002080204",5200,13414,"Cumbee Drain-Withlacoochee River Swamp","tbcmp_PD_LA_Inter_2100","PD","LA","Inter","2100",13.258692708
"031002080204",6110,539628.397527341,"Cumbee Drain-Withlacoochee River Swamp","tbcmp_PD_LA_Inter_2100","PD","LA","Inter","2100",533.38057994077
"031002080204",6410,63533,"Cumbee Drain-Withlacoochee River Swamp","tbcmp_PD_LA_Inter_2100","PD","LA","Inter","2100",62.797414926
"031002080205",1100,2620831.09299005,"Ashley Bay-Withlacoochee River","tbcmp_PD_LA_Inter_2100","PD","LA","Inter","2100",2590.48711059541
"031002080205",1200,958971.275557794,"Ashley Bay-Withlacoochee River","tbcmp_PD_LA_Inter_2100","PD","LA","Inter","2100",947.868306129385
"031002080205",1800,67970,"Ashley Bay-Withlacoochee River","tbcmp_PD_LA_Inter_2100","PD","LA","Inter","2100",67.18304334
"031002080205",1820,6421.96322682936,"Ashley Bay-Withlacoochee River","tbcmp_PD_LA_Inter_2100","PD","LA","Inter","2100",6.34760973658913
"031002080205",1900,737924.200056653,"Ashley Bay-Withlacoochee River","tbcmp_PD_LA_Inter_2100","PD","LA","Inter","2100",729.380513668397
"031002080205",2100,5876957.38185496,"Ashley Bay-Withlacoochee River","tbcmp_PD_LA_Inter_2100","PD","LA","Inter","2100",5808.91396928785
"031002080205",2200,85764.1128865964,"Ashley Bay-Withlacoochee River","tbcmp_PD_LA_Inter_2100","PD","LA","Inter","2100",84.7711359875954
"031002080205",2400,25370.9963404275,"Ashley Bay-Withlacoochee River","tbcmp_PD_LA_Inter_2100","PD","LA","Inter","2100",25.0772509447981
"031002080205",3200,2962460.03674783,"Ashley Bay-Withlacoochee River","tbcmp_PD_LA_Inter_2100","PD","LA","Inter","2100",2928.16067444236
"031002080205",4100,9446743.54423954,"Ashley Bay-Withlacoochee River","tbcmp_PD_LA_Inter_2100","PD","LA","Inter","2100",9337.36914748433
"031002080205",4400,2442520.17112932,"Ashley Bay-Withlacoochee River","tbcmp_PD_LA_Inter_2100","PD","LA","Inter","2100",2414.24067258799
"031002080205",5200,292995.393939635,"Ashley Bay-Withlacoochee River","tbcmp_PD_LA_Inter_2100","PD","LA","Inter","2100",289.603093268602
"031002080205",6110,10761103.9258525,"Ashley Bay-Withlacoochee River","tbcmp_PD_LA_Inter_2100","PD","LA","Inter","2100",10636.511864599
"031002080205",6410,3061960.64904225,"Ashley Bay-Withlacoochee River","tbcmp_PD_LA_Inter_2100","PD","LA","Inter","2100",3026.50926864764
"031002080206",1100,2808247.08702893,"Tank Lake","tbcmp_PD_LA_Inter_2100","PD","LA","Inter","2100",2775.73320225531
"031002080206",1200,2976492.14804267,"Tank Lake","tbcmp_PD_LA_Inter_2100","PD","LA","Inter","2100",2942.03032195264
"031002080206",1800,181516,"Tank Lake","tbcmp_PD_LA_Inter_2100","PD","LA","Inter","2100",179.414407752
"031002080206",1820,426756,"Tank Lake","tbcmp_PD_LA_Inter_2100","PD","LA","Inter","2100",421.815019032
"031002080206",1900,915936.028365116,"Tank Lake","tbcmp_PD_LA_Inter_2100","PD","LA","Inter","2100",905.331321028705
"031002080206",2100,5022033.77131018,"Tank Lake","tbcmp_PD_LA_Inter_2100","PD","LA","Inter","2100",4963.88866430595
"031002080206",2200,93898.291030049,"Tank Lake","tbcmp_PD_LA_Inter_2100","PD","LA","Inter","2100",92.8111366165031
"031002080206",2400,50518.0036595166,"Tank Lake","tbcmp_PD_LA_Inter_2100","PD","LA","Inter","2100",49.9331062131467
"031002080206",3200,10732,"Tank Lake","tbcmp_PD_LA_Inter_2100","PD","LA","Inter","2100",10.607744904
"031002080206",4100,946674.151146085,"Tank Lake","tbcmp_PD_LA_Inter_2100","PD","LA","Inter","2100",935.713557824115
"031002080206",4400,332924.261235619,"Tank Lake","tbcmp_PD_LA_Inter_2100","PD","LA","Inter","2100",329.069664139033
"031002080206",5200,737056,"Tank Lake","tbcmp_PD_LA_Inter_2100","PD","LA","Inter","2100",728.522365632
"031002080206",6110,504260.296770553,"Tank Lake","tbcmp_PD_LA_Inter_2100","PD","LA","Inter","2100",498.421971054543
"031002080206",6410,1714831.3926619,"Tank Lake","tbcmp_PD_LA_Inter_2100","PD","LA","Inter","2100",1694.97707479766
"031002080207",1100,3242326.83140796,"Dobes Hole-Withlacoochee River","tbcmp_PD_LA_Inter_2100","PD","LA","Inter","2100",3204.78717135392
"031002080207",1200,2584985.19948429,"Dobes Hole-Withlacoochee River","tbcmp_PD_LA_Inter_2100","PD","LA","Inter","2100",2555.05624084466
"031002080207",1800,13373,"Dobes Hole-Withlacoochee River","tbcmp_PD_LA_Inter_2100","PD","LA","Inter","2100",13.218167406
"031002080207",1820,5386,"Dobes Hole-Withlacoochee River","tbcmp_PD_LA_Inter_2100","PD","LA","Inter","2100",5.323640892
"031002080207",1900,881584.976599554,"Dobes Hole-Withlacoochee River","tbcmp_PD_LA_Inter_2100","PD","LA","Inter","2100",871.377985740484
"031002080207",2100,7151566.65644799,"Dobes Hole-Withlacoochee River","tbcmp_PD_LA_Inter_2100","PD","LA","Inter","2100",7068.76581769964
"031002080207",2200,217960.685557303,"Dobes Hole-Withlacoochee River","tbcmp_PD_LA_Inter_2100","PD","LA","Inter","2100",215.43713673992
"031002080207",2400,38251,"Dobes Hole-Withlacoochee River","tbcmp_PD_LA_Inter_2100","PD","LA","Inter","2100",37.808129922
"031002080207",3200,216910.202192643,"Dobes Hole-Withlacoochee River","tbcmp_PD_LA_Inter_2100","PD","LA","Inter","2100",214.398815871657
"031002080207",4100,4221572.378258,"Dobes Hole-Withlacoochee River","tbcmp_PD_LA_Inter_2100","PD","LA","Inter","2100",4172.69501326253
"031002080207",4400,1821273.58539872,"Dobes Hole-Withlacoochee River","tbcmp_PD_LA_Inter_2100","PD","LA","Inter","2100",1800.18687982697
"031002080207",5200,510427.112132216,"Dobes Hole-Withlacoochee River","tbcmp_PD_LA_Inter_2100","PD","LA","Inter","2100",504.517387027949
"031002080207",6110,3678711.82812069,"Dobes Hole-Withlacoochee River","tbcmp_PD_LA_Inter_2100","PD","LA","Inter","2100",3636.1197025747
"031002080207",6410,1835430.04817495,"Dobes Hole-Withlacoochee River","tbcmp_PD_LA_Inter_2100","PD","LA","Inter","2100",1814.17943907718
"031002080207",6420,828,"Dobes Hole-Withlacoochee River","tbcmp_PD_LA_Inter_2100","PD","LA","Inter","2100",0.818413416
"031002080301",1100,3026.77390666346,"Gator Hole Slough","tbcmp_PD_LA_Inter_2100","PD","LA","Inter","2100",2.99172991837211
"031002080301",1200,1155.13225397548,"Gator Hole Slough","tbcmp_PD_LA_Inter_2100","PD","LA","Inter","2100",1.14175813273895
"031002080301",1900,38493.8036702689,"Gator Hole Slough","tbcmp_PD_LA_Inter_2100","PD","LA","Inter","2100",38.0481224113745
"031002080301",2100,145298.642282017,"Gator Hole Slough","tbcmp_PD_LA_Inter_2100","PD","LA","Inter","2100",143.616374601675
"031002080301",3200,185499.300561131,"Gator Hole Slough","tbcmp_PD_LA_Inter_2100","PD","LA","Inter","2100",183.351589659234
"031002080301",4100,1835322.56503473,"Gator Hole Slough","tbcmp_PD_LA_Inter_2100","PD","LA","Inter","2100",1814.07320037676
"031002080301",4400,210201.685733179,"Gator Hole Slough","tbcmp_PD_LA_Inter_2100","PD","LA","Inter","2100",207.76797061576
"031002080301",5200,6484.89930534363,"Gator Hole Slough","tbcmp_PD_LA_Inter_2100","PD","LA","Inter","2100",6.40981714118636
"031002080301",6110,2057020.47340055,"Gator Hole Slough","tbcmp_PD_LA_Inter_2100","PD","LA","Inter","2100",2033.20429035952
"031002080301",6410,91621.7210591663,"Gator Hole Slough","tbcmp_PD_LA_Inter_2100","PD","LA","Inter","2100",90.5609247727432
"031002080302",1100,23714.3893189778,"Devils Creek Swamp","tbcmp_PD_LA_Inter_2100","PD","LA","Inter","2100",23.4398241194426
"031002080302",1900,158709.021122567,"Devils Creek Swamp","tbcmp_PD_LA_Inter_2100","PD","LA","Inter","2100",156.87148807601
"031002080302",2100,91687.1833057331,"Devils Creek Swamp","tbcmp_PD_LA_Inter_2100","PD","LA","Inter","2100",90.6256290974193
"031002080302",3200,898166.414119143,"Devils Creek Swamp","tbcmp_PD_LA_Inter_2100","PD","LA","Inter","2100",887.767443376472
"031002080302",4100,6234071.15108505,"Devils Creek Swamp","tbcmp_PD_LA_Inter_2100","PD","LA","Inter","2100",6161.89307529779
"031002080302",4400,903502.150761165,"Devils Creek Swamp","tbcmp_PD_LA_Inter_2100","PD","LA","Inter","2100",893.041402859653
"031002080302",5200,20683,"Devils Creek Swamp","tbcmp_PD_LA_Inter_2100","PD","LA","Inter","2100",20.443532226
"031002080302",6110,5203608.55401422,"Devils Creek Swamp","tbcmp_PD_LA_Inter_2100","PD","LA","Inter","2100",5143.36117417584
"031002080302",6410,1248019.00662196,"Devils Creek Swamp","tbcmp_PD_LA_Inter_2100","PD","LA","Inter","2100",1233.5694425633
"031002080303",1100,2966641.69942841,"Devils Creek-Withlacoochee River","tbcmp_PD_LA_Inter_2100","PD","LA","Inter","2100",2932.29392183243
"031002080303",1200,1254001.74187389,"Devils Creek-Withlacoochee River","tbcmp_PD_LA_Inter_2100","PD","LA","Inter","2100",1239.48290970648
"031002080303",1800,26380,"Devils Creek-Withlacoochee River","tbcmp_PD_LA_Inter_2100","PD","LA","Inter","2100",26.07457236
"031002080303",1820,1727.27916880632,"Devils Creek-Withlacoochee River","tbcmp_PD_LA_Inter_2100","PD","LA","Inter","2100",1.70728073058988
"031002080303",1900,772561.584928828,"Devils Creek-Withlacoochee River","tbcmp_PD_LA_Inter_2100","PD","LA","Inter","2100",763.616866898522
"031002080303",2100,4208188.85630061,"Devils Creek-Withlacoochee River","tbcmp_PD_LA_Inter_2100","PD","LA","Inter","2100",4159.46644572236
"031002080303",2400,18646,"Devils Creek-Withlacoochee River","tbcmp_PD_LA_Inter_2100","PD","LA","Inter","2100",18.430116612
"031002080303",3200,328955.182454398,"Devils Creek-Withlacoochee River","tbcmp_PD_LA_Inter_2100","PD","LA","Inter","2100",325.146539351941
"031002080303",4100,4449462.85678509,"Devils Creek-Withlacoochee River","tbcmp_PD_LA_Inter_2100","PD","LA","Inter","2100",4397.94697582924
"031002080303",4400,1802121.77762904,"Devils Creek-Withlacoochee River","tbcmp_PD_LA_Inter_2100","PD","LA","Inter","2100",1781.25681168765
"031002080303",5200,189309.956270896,"Devils Creek-Withlacoochee River","tbcmp_PD_LA_Inter_2100","PD","LA","Inter","2100",187.118125597192
"031002080303",6110,3847950.40179641,"Devils Creek-Withlacoochee River","tbcmp_PD_LA_Inter_2100","PD","LA","Inter","2100",3803.39883204441
"031002080303",6410,1055646.39696471,"Devils Creek-Withlacoochee River","tbcmp_PD_LA_Inter_2100","PD","LA","Inter","2100",1043.42412298065
"031002080304",1100,5677299.54816263,"Cypress Lake-Withlacoochee River","tbcmp_PD_LA_Inter_2100","PD","LA","Inter","2100",5611.56777399401
"031002080304",1200,2495314.25459332,"Cypress Lake-Withlacoochee River","tbcmp_PD_LA_Inter_2100","PD","LA","Inter","2100",2466.42350615364
"031002080304",1800,141225,"Cypress Lake-Withlacoochee River","tbcmp_PD_LA_Inter_2100","PD","LA","Inter","2100",139.58989695
"031002080304",1820,242900.7208321,"Cypress Lake-Withlacoochee River","tbcmp_PD_LA_Inter_2100","PD","LA","Inter","2100",240.088416286306
"031002080304",1900,4396330.36146643,"Cypress Lake-Withlacoochee River","tbcmp_PD_LA_Inter_2100","PD","LA","Inter","2100",4345.42964854137
"031002080304",2100,11174663.2322107,"Cypress Lake-Withlacoochee River","tbcmp_PD_LA_Inter_2100","PD","LA","Inter","2100",11045.2829813082
"031002080304",2200,241439.218873273,"Cypress Lake-Withlacoochee River","tbcmp_PD_LA_Inter_2100","PD","LA","Inter","2100",238.643835597159
"031002080304",2400,12683,"Cypress Lake-Withlacoochee River","tbcmp_PD_LA_Inter_2100","PD","LA","Inter","2100",12.536156226
"031002080304",3200,79600,"Cypress Lake-Withlacoochee River","tbcmp_PD_LA_Inter_2100","PD","LA","Inter","2100",78.6783912
"031002080304",4100,10597104.242649,"Cypress Lake-Withlacoochee River","tbcmp_PD_LA_Inter_2100","PD","LA","Inter","2100",10474.4109697276
"031002080304",4400,3492516.3411529,"Cypress Lake-Withlacoochee River","tbcmp_PD_LA_Inter_2100","PD","LA","Inter","2100",3452.07998695503
"031002080304",5200,639343.961088148,"Cypress Lake-Withlacoochee River","tbcmp_PD_LA_Inter_2100","PD","LA","Inter","2100",631.941636706669
"031002080304",6110,1027437.1863768,"Cypress Lake-Withlacoochee River","tbcmp_PD_LA_Inter_2100","PD","LA","Inter","2100",1015.54151863293
"031002080304",6410,2193704.38216069,"Cypress Lake-Withlacoochee River","tbcmp_PD_LA_Inter_2100","PD","LA","Inter","2100",2168.30567282403
"031002080304",7100,5642,"Cypress Lake-Withlacoochee River","tbcmp_PD_LA_Inter_2100","PD","LA","Inter","2100",5.576676924
"031002080402",1100,133293.436686062,"Upper Little Withlacoochee River","tbcmp_PD_LA_Inter_2100","PD","LA","Inter","2100",131.75016527611
"031002080402",1200,22895.7460413189,"Upper Little Withlacoochee River","tbcmp_PD_LA_Inter_2100","PD","LA","Inter","2100",22.6306590936525
"031002080402",1900,51237.1185774201,"Upper Little Withlacoochee River","tbcmp_PD_LA_Inter_2100","PD","LA","Inter","2100",50.6438952185307
"031002080402",2100,183992.149993837,"Upper Little Withlacoochee River","tbcmp_PD_LA_Inter_2100","PD","LA","Inter","2100",181.861888881208
"031002080402",3200,236.509994203065,"Upper Little Withlacoochee River","tbcmp_PD_LA_Inter_2100","PD","LA","Inter","2100",0.233771681490182
"031002080402",4100,969305.994329497,"Upper Little Withlacoochee River","tbcmp_PD_LA_Inter_2100","PD","LA","Inter","2100",958.08336952715
"031002080402",4400,380771.370349719,"Upper Little Withlacoochee River","tbcmp_PD_LA_Inter_2100","PD","LA","Inter","2100",376.36279942381
"031002080402",5200,1226,"Upper Little Withlacoochee River","tbcmp_PD_LA_Inter_2100","PD","LA","Inter","2100",1.211805372
"031002080402",6110,1326432.50228964,"Upper Little Withlacoochee River","tbcmp_PD_LA_Inter_2100","PD","LA","Inter","2100",1311.07506677813
"031002080402",6410,91211.4065889521,"Upper Little Withlacoochee River","tbcmp_PD_LA_Inter_2100","PD","LA","Inter","2100",90.1553609234653
"031002080403",1100,3272451.7059669,"Lower Little Withlacoochee River","tbcmp_PD_LA_Inter_2100","PD","LA","Inter","2100",3234.56326011522
"031002080403",1200,1123388.11470693,"Lower Little Withlacoochee River","tbcmp_PD_LA_Inter_2100","PD","LA","Inter","2100",1110.38152711485
"031002080403",1800,15639.9599686102,"Lower Little Withlacoochee River","tbcmp_PD_LA_Inter_2100","PD","LA","Inter","2100",15.4588805120936
"031002080403",1900,714968.083840285,"Lower Little Withlacoochee River","tbcmp_PD_LA_Inter_2100","PD","LA","Inter","2100",706.690183365582
"031002080403",2100,9376164.86575776,"Lower Little Withlacoochee River","tbcmp_PD_LA_Inter_2100","PD","LA","Inter","2100",9267.60762894201
"031002080403",2400,164717.644421472,"Lower Little Withlacoochee River","tbcmp_PD_LA_Inter_2100","PD","LA","Inter","2100",162.81054353436
"031002080403",3200,521876.966175506,"Lower Little Withlacoochee River","tbcmp_PD_LA_Inter_2100","PD","LA","Inter","2100",515.834674661126
"031002080403",4100,7630976.84305274,"Lower Little Withlacoochee River","tbcmp_PD_LA_Inter_2100","PD","LA","Inter","2100",7542.62539316388
"031002080403",4400,2831654.4058097,"Lower Little Withlacoochee River","tbcmp_PD_LA_Inter_2100","PD","LA","Inter","2100",2798.86951109923
"031002080403",5200,190119.651241284,"Lower Little Withlacoochee River","tbcmp_PD_LA_Inter_2100","PD","LA","Inter","2100",187.918445919212
"031002080403",6110,8410754.23864909,"Lower Little Withlacoochee River","tbcmp_PD_LA_Inter_2100","PD","LA","Inter","2100",8313.37452607401
"031002080403",6410,2759731.99783557,"Lower Little Withlacoochee River","tbcmp_PD_LA_Inter_2100","PD","LA","Inter","2100",2727.77982076463
"031002080403",7100,2186,"Lower Little Withlacoochee River","tbcmp_PD_LA_Inter_2100","PD","LA","Inter","2100",2.160690492
"031002080501",1100,5077633.74405161,"Bystre Lake","tbcmp_PD_LA_Inter_2100","PD","LA","Inter","2100",5018.84490056298
"031002080501",1200,2670655.33261694,"Bystre Lake","tbcmp_PD_LA_Inter_2100","PD","LA","Inter","2100",2639.7344851759
"031002080501",1800,31439,"Bystre Lake","tbcmp_PD_LA_Inter_2100","PD","LA","Inter","2100",31.074999258
"031002080501",1820,195671.125694991,"Bystre Lake","tbcmp_PD_LA_Inter_2100","PD","LA","Inter","2100",193.405645401694
"031002080501",1900,752864.318062582,"Bystre Lake","tbcmp_PD_LA_Inter_2100","PD","LA","Inter","2100",744.147654988053
"031002080501",2100,3773496.63184997,"Bystre Lake","tbcmp_PD_LA_Inter_2100","PD","LA","Inter","2100",3729.80708784641
"031002080501",2200,4580,"Bystre Lake","tbcmp_PD_LA_Inter_2100","PD","LA","Inter","2100",4.52697276
"031002080501",2400,14848,"Bystre Lake","tbcmp_PD_LA_Inter_2100","PD","LA","Inter","2100",14.676089856
"031002080501",3200,136357,"Bystre Lake","tbcmp_PD_LA_Inter_2100","PD","LA","Inter","2100",134.778258654
"031002080501",4100,6325363.08937125,"Bystre Lake","tbcmp_PD_LA_Inter_2100","PD","LA","Inter","2100",6252.12803552251
"031002080501",4400,459665.649313317,"Bystre Lake","tbcmp_PD_LA_Inter_2100","PD","LA","Inter","2100",454.343640425567
"031002080501",5200,238598,"Bystre Lake","tbcmp_PD_LA_Inter_2100","PD","LA","Inter","2100",235.835512356
"031002080501",6110,190972.925529059,"Bystre Lake","tbcmp_PD_LA_Inter_2100","PD","LA","Inter","2100",188.761840997284
"031002080501",6410,774243.853595187,"Bystre Lake","tbcmp_PD_LA_Inter_2100","PD","LA","Inter","2100",765.279658258262
"031002080502",1100,5795132.97385894,"Simmons Prairie Lake","tbcmp_PD_LA_Inter_2100","PD","LA","Inter","2100",5728.0369242876
"031002080502",1200,3853090.7916482,"Simmons Prairie Lake","tbcmp_PD_LA_Inter_2100","PD","LA","Inter","2100",3808.4797064625
"031002080502",1800,92442,"Simmons Prairie Lake","tbcmp_PD_LA_Inter_2100","PD","LA","Inter","2100",91.371706524
"031002080502",1900,929337.792617287,"Simmons Prairie Lake","tbcmp_PD_LA_Inter_2100","PD","LA","Inter","2100",918.577919654364
"031002080502",2100,4176953.36044897,"Simmons Prairie Lake","tbcmp_PD_LA_Inter_2100","PD","LA","Inter","2100",4128.59259444169
"031002080502",2200,17608.8879770305,"Simmons Prairie Lake","tbcmp_PD_LA_Inter_2100","PD","LA","Inter","2100",17.4050122720324
"031002080502",2400,567282,"Simmons Prairie Lake","tbcmp_PD_LA_Inter_2100","PD","LA","Inter","2100",560.714009004
"031002080502",3200,37497,"Simmons Prairie Lake","tbcmp_PD_LA_Inter_2100","PD","LA","Inter","2100",37.062859734
"031002080502",4100,8980558.626618,"Simmons Prairie Lake","tbcmp_PD_LA_Inter_2100","PD","LA","Inter","2100",8876.58171883902
"031002080502",4400,596076.616190942,"Simmons Prairie Lake","tbcmp_PD_LA_Inter_2100","PD","LA","Inter","2100",589.175241128683
"031002080502",5200,210243,"Simmons Prairie Lake","tbcmp_PD_LA_Inter_2100","PD","LA","Inter","2100",207.808806546
"031002080502",6110,431401.050522198,"Simmons Prairie Lake","tbcmp_PD_LA_Inter_2100","PD","LA","Inter","2100",426.406289159252
"031002080502",6410,914688.827247364,"Simmons Prairie Lake","tbcmp_PD_LA_Inter_2100","PD","LA","Inter","2100",904.098560005494
"031002080503",1100,6320684.58956479,"Gum Slough","tbcmp_PD_LA_Inter_2100","PD","LA","Inter","2100",6247.50370338681
"031002080503",1200,3240787.19817104,"Gum Slough","tbcmp_PD_LA_Inter_2100","PD","LA","Inter","2100",3203.26536399062
"031002080503",1800,111107.04003152,"Gum Slough","tbcmp_PD_LA_Inter_2100","PD","LA","Inter","2100",109.820642722035
"031002080503",1900,981361.282914318,"Gum Slough","tbcmp_PD_LA_Inter_2100","PD","LA","Inter","2100",969.999081980737
"031002080503",2100,17095577.2493791,"Gum Slough","tbcmp_PD_LA_Inter_2100","PD","LA","Inter","2100",16897.6446559858
"031002080503",2200,9501.06866185728,"Gum Slough","tbcmp_PD_LA_Inter_2100","PD","LA","Inter","2100",9.3910652888903
"031002080503",2400,280617.0953643,"Gum Slough","tbcmp_PD_LA_Inter_2100","PD","LA","Inter","2100",277.368110634172
"031002080503",3200,36495.9076285325,"Gum Slough","tbcmp_PD_LA_Inter_2100","PD","LA","Inter","2100",36.0733580100093
"031002080503",4100,6347785.14585156,"Gum Slough","tbcmp_PD_LA_Inter_2100","PD","LA","Inter","2100",6274.2904894329
"031002080503",4400,342409.911583686,"Gum Slough","tbcmp_PD_LA_Inter_2100","PD","LA","Inter","2100",338.44548962737
"031002080503",5200,250690,"Gum Slough","tbcmp_PD_LA_Inter_2100","PD","LA","Inter","2100",247.78751118
"031002080503",6110,1790891.69920721,"Gum Slough","tbcmp_PD_LA_Inter_2100","PD","LA","Inter","2100",1770.15675511379
"031002080503",6410,5294568.41233495,"Gum Slough","tbcmp_PD_LA_Inter_2100","PD","LA","Inter","2100",5233.26789925693
"031002080504",1100,3905579.79095467,"Silver Lake-Withlacoochee River","tbcmp_PD_LA_Inter_2100","PD","LA","Inter","2100",3860.360988135
"031002080504",1200,1201373.05583533,"Silver Lake-Withlacoochee River","tbcmp_PD_LA_Inter_2100","PD","LA","Inter","2100",1187.46355859487
"031002080504",1900,842240.860988632,"Silver Lake-Withlacoochee River","tbcmp_PD_LA_Inter_2100","PD","LA","Inter","2100",832.489396300106
"031002080504",2100,5528425.96947652,"Silver Lake-Withlacoochee River","tbcmp_PD_LA_Inter_2100","PD","LA","Inter","2100",5464.41785360192
"031002080504",2200,819.931338161827,"Silver Lake-Withlacoochee River","tbcmp_PD_LA_Inter_2100","PD","LA","Inter","2100",0.810438173128589
"031002080504",2400,126057.609292213,"Silver Lake-Withlacoochee River","tbcmp_PD_LA_Inter_2100","PD","LA","Inter","2100",124.598114291827
"031002080504",3200,51129,"Silver Lake-Withlacoochee River","tbcmp_PD_LA_Inter_2100","PD","LA","Inter","2100",50.537028438
"031002080504",4100,17136727.5244499,"Silver Lake-Withlacoochee River","tbcmp_PD_LA_Inter_2100","PD","LA","Inter","2100",16938.3184931718
"031002080504",4400,607779.957022586,"Silver Lake-Withlacoochee River","tbcmp_PD_LA_Inter_2100","PD","LA","Inter","2100",600.743080680178
"031002080504",5200,652802.9322648,"Silver Lake-Withlacoochee River","tbcmp_PD_LA_Inter_2100","PD","LA","Inter","2100",645.244779915038
"031002080504",6110,2703488.73396805,"Silver Lake-Withlacoochee River","tbcmp_PD_LA_Inter_2100","PD","LA","Inter","2100",2672.18774140617
"031002080504",6410,1088409.63383496,"Silver Lake-Withlacoochee River","tbcmp_PD_LA_Inter_2100","PD","LA","Inter","2100",1075.80802709442
"031002080601",1100,932457.844185928,"Jumper Creek Canal","tbcmp_PD_LA_Inter_2100","PD","LA","Inter","2100",921.661847265943
"031002080601",1200,53121.6187515196,"Jumper Creek Canal","tbcmp_PD_LA_Inter_2100","PD","LA","Inter","2100",52.5065766496145
"031002080601",1900,444504.180624837,"Jumper Creek Canal","tbcmp_PD_LA_Inter_2100","PD","LA","Inter","2100",439.357711221563
"031002080601",2100,4603332.28435945,"Jumper Creek Canal","tbcmp_PD_LA_Inter_2100","PD","LA","Inter","2100",4550.03490317113
"031002080601",2200,15612,"Jumper Creek Canal","tbcmp_PD_LA_Inter_2100","PD","LA","Inter","2100",15.431244264
"031002080601",2400,440828.260213915,"Jumper Creek Canal","tbcmp_PD_LA_Inter_2100","PD","LA","Inter","2100",435.724350617158
"031002080601",3200,9800,"Jumper Creek Canal","tbcmp_PD_LA_Inter_2100","PD","LA","Inter","2100",9.6865356
"031002080601",4100,2443932.46733336,"Jumper Creek Canal","tbcmp_PD_LA_Inter_2100","PD","LA","Inter","2100",2415.63661722658
"031002080601",4400,44421,"Jumper Creek Canal","tbcmp_PD_LA_Inter_2100","PD","LA","Inter","2100",43.906693662
"031002080601",5200,24401,"Jumper Creek Canal","tbcmp_PD_LA_Inter_2100","PD","LA","Inter","2100",24.118485222
"031002080601",6110,17197,"Jumper Creek Canal","tbcmp_PD_LA_Inter_2100","PD","LA","Inter","2100",16.997893134
"031002080601",6410,950329.222880588,"Jumper Creek Canal","tbcmp_PD_LA_Inter_2100","PD","LA","Inter","2100",939.326311138076
"031002080602",1100,1793179.5227015,"Jumper Creek Swamp","tbcmp_PD_LA_Inter_2100","PD","LA","Inter","2100",1772.41809018766
"031002080602",1200,990488.64607521,"Jumper Creek Swamp","tbcmp_PD_LA_Inter_2100","PD","LA","Inter","2100",979.020768530951
"031002080602",1800,31202,"Jumper Creek Swamp","tbcmp_PD_LA_Inter_2100","PD","LA","Inter","2100",30.840743244
"031002080602",1900,1120895.83121576,"Jumper Creek Swamp","tbcmp_PD_LA_Inter_2100","PD","LA","Inter","2100",1107.91809928194
"031002080602",2100,9876493.37356242,"Jumper Creek Swamp","tbcmp_PD_LA_Inter_2100","PD","LA","Inter","2100",9762.14333328332
"031002080602",2400,222638,"Jumper Creek Swamp","tbcmp_PD_LA_Inter_2100","PD","LA","Inter","2100",220.060297236
"031002080602",3200,350686.187720706,"Jumper Creek Swamp","tbcmp_PD_LA_Inter_2100","PD","LA","Inter","2100",346.625943039275
"031002080602",4100,2491284.8164099,"Jumper Creek Swamp","tbcmp_PD_LA_Inter_2100","PD","LA","Inter","2100",2462.44072080551
"031002080602",4400,97426.3031987147,"Jumper Creek Swamp","tbcmp_PD_LA_Inter_2100","PD","LA","Inter","2100",96.29830146028
"031002080602",5200,89188.3694777858,"Jumper Creek Swamp","tbcmp_PD_LA_Inter_2100","PD","LA","Inter","2100",88.155746535972
"031002080602",6110,6841883.93850781,"Jumper Creek Swamp","tbcmp_PD_LA_Inter_2100","PD","LA","Inter","2100",6762.66860626777
"031002080602",6410,3467762.26499002,"Jumper Creek Swamp","tbcmp_PD_LA_Inter_2100","PD","LA","Inter","2100",3427.61251348596
"031002080603",1100,419169.511306801,"Otter Slough-Withlacoochee River","tbcmp_PD_LA_Inter_2100","PD","LA","Inter","2100",414.316366704891
"031002080603",1200,180813.819066208,"Otter Slough-Withlacoochee River","tbcmp_PD_LA_Inter_2100","PD","LA","Inter","2100",178.72035666906
"031002080603",1900,56821.9581579893,"Otter Slough-Withlacoochee River","tbcmp_PD_LA_Inter_2100","PD","LA","Inter","2100",56.1640735264361
"031002080603",2100,566372.573928691,"Otter Slough-Withlacoochee River","tbcmp_PD_LA_Inter_2100","PD","LA","Inter","2100",559.815112267744
"031002080603",2400,29926.9235385897,"Otter Slough-Withlacoochee River","tbcmp_PD_LA_Inter_2100","PD","LA","Inter","2100",29.5804296178599
"031002080603",3200,17375.8122789872,"Otter Slough-Withlacoochee River","tbcmp_PD_LA_Inter_2100","PD","LA","Inter","2100",17.1746351244211
"031002080603",4100,2451923.31630919,"Otter Slough-Withlacoochee River","tbcmp_PD_LA_Inter_2100","PD","LA","Inter","2100",2423.53494815296
"031002080603",5200,387960.345755756,"Otter Slough-Withlacoochee River","tbcmp_PD_LA_Inter_2100","PD","LA","Inter","2100",383.468540872596
"031002080603",6110,7043596.06718604,"Otter Slough-Withlacoochee River","tbcmp_PD_LA_Inter_2100","PD","LA","Inter","2100",6962.04531192016
"031002080603",6410,3210700.98636227,"Otter Slough-Withlacoochee River","tbcmp_PD_LA_Inter_2100","PD","LA","Inter","2100",3173.52749034217
"031002080702",1100,966066.867227576,"Walled Sink","tbcmp_PD_LA_Inter_2100","PD","LA","Inter","2100",954.881745038815
"031002080702",1200,609066.545967332,"Walled Sink","tbcmp_PD_LA_Inter_2100","PD","LA","Inter","2100",602.014773498123
"031002080702",1800,2304,"Walled Sink","tbcmp_PD_LA_Inter_2100","PD","LA","Inter","2100",2.277324288
"031002080702",1820,26333.34168105,"Walled Sink","tbcmp_PD_LA_Inter_2100","PD","LA","Inter","2100",26.0284542510668
"031002080702",1900,640691.799577195,"Walled Sink","tbcmp_PD_LA_Inter_2100","PD","LA","Inter","2100",633.27386992169
"031002080702",2100,1959539.6782313,"Walled Sink","tbcmp_PD_LA_Inter_2100","PD","LA","Inter","2100",1936.85212783674
"031002080702",2400,14344,"Walled Sink","tbcmp_PD_LA_Inter_2100","PD","LA","Inter","2100",14.177925168
"031002080702",3200,7588.540145854,"Walled Sink","tbcmp_PD_LA_Inter_2100","PD","LA","Inter","2100",7.5006800280453
"031002080702",4100,780874.237790654,"Walled Sink","tbcmp_PD_LA_Inter_2100","PD","LA","Inter","2100",771.833275865514
"031002080702",4400,21675,"Walled Sink","tbcmp_PD_LA_Inter_2100","PD","LA","Inter","2100",21.42404685
"031002080702",5200,105359,"Walled Sink","tbcmp_PD_LA_Inter_2100","PD","LA","Inter","2100",104.139153498
"031002080702",6110,8358,"Walled Sink","tbcmp_PD_LA_Inter_2100","PD","LA","Inter","2100",8.261231076
"031002080702",6410,256273.933953678,"Walled Sink","tbcmp_PD_LA_Inter_2100","PD","LA","Inter","2100",253.306794346363
"031002080703",1100,519789.675352651,"Lake Okahumpka","tbcmp_PD_LA_Inter_2100","PD","LA","Inter","2100",513.771550491418
"031002080703",1200,1482851.62238201,"Lake Okahumpka","tbcmp_PD_LA_Inter_2100","PD","LA","Inter","2100",1465.68316629807
"031002080703",1800,112490,"Lake Okahumpka","tbcmp_PD_LA_Inter_2100","PD","LA","Inter","2100",111.18759078
"031002080703",1820,9285.97096583701,"Lake Okahumpka","tbcmp_PD_LA_Inter_2100","PD","LA","Inter","2100",9.17845799399455
"031002080703",1900,458344.004581722,"Lake Okahumpka","tbcmp_PD_LA_Inter_2100","PD","LA","Inter","2100",453.037297696675
"031002080703",2100,1584002.67811097,"Lake Okahumpka","tbcmp_PD_LA_Inter_2100","PD","LA","Inter","2100",1565.6630951038
"031002080703",2200,29103,"Lake Okahumpka","tbcmp_PD_LA_Inter_2100","PD","LA","Inter","2100",28.766045466
"031002080703",2400,5450,"Lake Okahumpka","tbcmp_PD_LA_Inter_2100","PD","LA","Inter","2100",5.3868999
"031002080703",3200,5774.45985371832,"Lake Okahumpka","tbcmp_PD_LA_Inter_2100","PD","LA","Inter","2100",5.70760315753197
"031002080703",4100,728250.564015284,"Lake Okahumpka","tbcmp_PD_LA_Inter_2100","PD","LA","Inter","2100",719.818878985115
"031002080703",5200,47273.1566332784,"Lake Okahumpka","tbcmp_PD_LA_Inter_2100","PD","LA","Inter","2100",46.7258280257783
"031002080703",6110,963105.979065823,"Lake Okahumpka","tbcmp_PD_LA_Inter_2100","PD","LA","Inter","2100",951.955138040199
"031002080703",6410,166292.713491248,"Lake Okahumpka","tbcmp_PD_LA_Inter_2100","PD","LA","Inter","2100",164.367376454447
"031002080704",1100,753125.152057144,"Lake Miona","tbcmp_PD_LA_Inter_2100","PD","LA","Inter","2100",744.405469046626
"031002080704",1200,990799.11851948,"Lake Miona","tbcmp_PD_LA_Inter_2100","PD","LA","Inter","2100",979.327646325262
"031002080704",1800,23501,"Lake Miona","tbcmp_PD_LA_Inter_2100","PD","LA","Inter","2100",23.228905422
"031002080704",1820,20729,"Lake Miona","tbcmp_PD_LA_Inter_2100","PD","LA","Inter","2100",20.488999638
"031002080704",1900,280384.992903709,"Lake Miona","tbcmp_PD_LA_Inter_2100","PD","LA","Inter","2100",277.13869545587
"031002080704",2100,1193592.65835618,"Lake Miona","tbcmp_PD_LA_Inter_2100","PD","LA","Inter","2100",1179.77324255774
"031002080704",2400,13304.5087451242,"Lake Miona","tbcmp_PD_LA_Inter_2100","PD","LA","Inter","2100",13.1504691428731
"031002080704",3200,18339,"Lake Miona","tbcmp_PD_LA_Inter_2100","PD","LA","Inter","2100",18.126671058
"031002080704",4100,86189.0756805511,"Lake Miona","tbcmp_PD_LA_Inter_2100","PD","LA","Inter","2100",85.1911785623217
"031002080704",4400,95284.3542670168,"Lake Miona","tbcmp_PD_LA_Inter_2100","PD","LA","Inter","2100",94.1811520133133
"031002080704",5200,30562,"Lake Miona","tbcmp_PD_LA_Inter_2100","PD","LA","Inter","2100",30.208153164
"031002080704",6410,47628.1995019419,"Lake Miona","tbcmp_PD_LA_Inter_2100","PD","LA","Inter","2100",47.0767602081084
"031002080705",1100,2970609.72919366,"Little Jones Creek","tbcmp_PD_LA_Inter_2100","PD","LA","Inter","2100",2936.21600974906
"031002080705",1200,3409245.58420613,"Little Jones Creek","tbcmp_PD_LA_Inter_2100","PD","LA","Inter","2100",3369.77333883219
"031002080705",1800,128511,"Little Jones Creek","tbcmp_PD_LA_Inter_2100","PD","LA","Inter","2100",127.023099642
"031002080705",1900,904291.181844445,"Little Jones Creek","tbcmp_PD_LA_Inter_2100","PD","LA","Inter","2100",893.82129854105
"031002080705",2100,7612992.38349834,"Little Jones Creek","tbcmp_PD_LA_Inter_2100","PD","LA","Inter","2100",7524.8491576822
"031002080705",2200,17835,"Little Jones Creek","tbcmp_PD_LA_Inter_2100","PD","LA","Inter","2100",17.62850637
"031002080705",2400,58878,"Little Jones Creek","tbcmp_PD_LA_Inter_2100","PD","LA","Inter","2100",58.196310516
"031002080705",3200,384752.700893255,"Little Jones Creek","tbcmp_PD_LA_Inter_2100","PD","LA","Inter","2100",380.298034122313
"031002080705",4100,3282028.15016383,"Little Jones Creek","tbcmp_PD_LA_Inter_2100","PD","LA","Inter","2100",3244.02882824123
"031002080705",4400,247902.258536917,"Little Jones Creek","tbcmp_PD_LA_Inter_2100","PD","LA","Inter","2100",245.032046187576
"031002080705",5200,203913.432652793,"Little Jones Creek","tbcmp_PD_LA_Inter_2100","PD","LA","Inter","2100",201.552522929539
"031002080705",6110,4044496.76827519,"Little Jones Creek","tbcmp_PD_LA_Inter_2100","PD","LA","Inter","2100",3997.6695846921
"031002080705",6410,1428565.36605936,"Little Jones Creek","tbcmp_PD_LA_Inter_2100","PD","LA","Inter","2100",1412.02543625113
"031002080706",1100,798902.464621133,"Lake Panasoffkee","tbcmp_PD_LA_Inter_2100","PD","LA","Inter","2100",789.65277188575
"031002080706",1200,2092959.75497453,"Lake Panasoffkee","tbcmp_PD_LA_Inter_2100","PD","LA","Inter","2100",2068.72746693144
"031002080706",1800,34544,"Lake Panasoffkee","tbcmp_PD_LA_Inter_2100","PD","LA","Inter","2100",34.144049568
"031002080706",1820,86526.687352711,"Lake Panasoffkee","tbcmp_PD_LA_Inter_2100","PD","LA","Inter","2100",85.5248813665413
"031002080706",1900,490754.801716464,"Lake Panasoffkee","tbcmp_PD_LA_Inter_2100","PD","LA","Inter","2100",485.072842622191
"031002080706",2100,3068807.68878854,"Lake Panasoffkee","tbcmp_PD_LA_Inter_2100","PD","LA","Inter","2100",3033.27703336774
"031002080706",3200,442798.299107118,"Lake Panasoffkee","tbcmp_PD_LA_Inter_2100","PD","LA","Inter","2100",437.671580400056
"031002080706",4100,2894301.54432875,"Lake Panasoffkee","tbcmp_PD_LA_Inter_2100","PD","LA","Inter","2100",2860.79132104851
"031002080706",4400,165911.296227097,"Lake Panasoffkee","tbcmp_PD_LA_Inter_2100","PD","LA","Inter","2100",163.990375239379
"031002080706",5200,3450606.4256019,"Lake Panasoffkee","tbcmp_PD_LA_Inter_2100","PD","LA","Inter","2100",3410.65530440628
"031002080706",6110,4747454.05730845,"Lake Panasoffkee","tbcmp_PD_LA_Inter_2100","PD","LA","Inter","2100",4692.48803423293
"031002080706",6410,1939159.54263625,"Lake Panasoffkee","tbcmp_PD_LA_Inter_2100","PD","LA","Inter","2100",1916.70795345161
"031002080800",1100,4233033.3971795,"Nichols Pond","tbcmp_PD_LA_Inter_2100","PD","LA","Inter","2100",4184.02333650696
"031002080800",1200,2835502.94987935,"Nichols Pond","tbcmp_PD_LA_Inter_2100","PD","LA","Inter","2100",2802.67349672565
"031002080800",1800,30256,"Nichols Pond","tbcmp_PD_LA_Inter_2100","PD","LA","Inter","2100",29.905696032
"031002080800",1820,146107,"Nichols Pond","tbcmp_PD_LA_Inter_2100","PD","LA","Inter","2100",144.415373154
"031002080800",1900,770222.571526386,"Nichols Pond","tbcmp_PD_LA_Inter_2100","PD","LA","Inter","2100",761.304934593254
"031002080800",2100,12258150.9891363,"Nichols Pond","tbcmp_PD_LA_Inter_2100","PD","LA","Inter","2100",12116.2261169841
"031002080800",2200,2276,"Nichols Pond","tbcmp_PD_LA_Inter_2100","PD","LA","Inter","2100",2.249648472
"031002080800",2400,272791.575276331,"Nichols Pond","tbcmp_PD_LA_Inter_2100","PD","LA","Inter","2100",269.633194417781
"031002080800",3200,494464.263561064,"Nichols Pond","tbcmp_PD_LA_Inter_2100","PD","LA","Inter","2100",488.739356317554
"031002080800",4100,4409966.34981334,"Nichols Pond","tbcmp_PD_LA_Inter_2100","PD","LA","Inter","2100",4358.9077594152
"031002080800",4400,571427.354135849,"Nichols Pond","tbcmp_PD_LA_Inter_2100","PD","LA","Inter","2100",564.811368229664
"031002080800",5200,139607,"Nichols Pond","tbcmp_PD_LA_Inter_2100","PD","LA","Inter","2100",137.990630154
"031002080800",5400,22644726.6334874,"Nichols Pond","tbcmp_PD_LA_Inter_2100","PD","LA","Inter","2100",22382.5459885249
"031002080800",6110,114283,"Nichols Pond","tbcmp_PD_LA_Inter_2100","PD","LA","Inter","2100",112.959831426
"031002080800",6410,281931.556118119,"Nichols Pond","tbcmp_PD_LA_Inter_2100","PD","LA","Inter","2100",278.667352561383
"031002080901",1100,4876616.37680427,"Bradley Lake","tbcmp_PD_LA_Inter_2100","PD","LA","Inter","2100",4820.15491239363
"031002080901",1200,1601371.68931273,"Bradley Lake","tbcmp_PD_LA_Inter_2100","PD","LA","Inter","2100",1582.83100789386
"031002080901",1800,85777.6609221344,"Bradley Lake","tbcmp_PD_LA_Inter_2100","PD","LA","Inter","2100",84.7845271639779
"031002080901",1820,40457.1737146034,"Bradley Lake","tbcmp_PD_LA_Inter_2100","PD","LA","Inter","2100",39.9887605573357
"031002080901",1900,1042392.71907291,"Bradley Lake","tbcmp_PD_LA_Inter_2100","PD","LA","Inter","2100",1030.32389617148
"031002080901",2100,6295636.40708544,"Bradley Lake","tbcmp_PD_LA_Inter_2100","PD","LA","Inter","2100",6222.7455287642
"031002080901",2200,2703,"Bradley Lake","tbcmp_PD_LA_Inter_2100","PD","LA","Inter","2100",2.671704666
"031002080901",2400,36504.4671684942,"Bradley Lake","tbcmp_PD_LA_Inter_2100","PD","LA","Inter","2100",36.0818184476174
"031002080901",3200,25000.3534675197,"Bradley Lake","tbcmp_PD_LA_Inter_2100","PD","LA","Inter","2100",24.7108993750727
"031002080901",4100,5712820.71071298,"Bradley Lake","tbcmp_PD_LA_Inter_2100","PD","LA","Inter","2100",5646.67767252435
"031002080901",4400,260580.672978309,"Bradley Lake","tbcmp_PD_LA_Inter_2100","PD","LA","Inter","2100",257.563669946566
"031002080901",5200,1009402.6644088,"Bradley Lake","tbcmp_PD_LA_Inter_2100","PD","LA","Inter","2100",997.715800360275
"031002080901",6110,949698.098936126,"Bradley Lake","tbcmp_PD_LA_Inter_2100","PD","LA","Inter","2100",938.702494346643
"031002080901",6410,5039269.58612914,"Bradley Lake","tbcmp_PD_LA_Inter_2100","PD","LA","Inter","2100",4980.92492286093
"031002080902",1100,2193721.59145434,"Moccasin Slough","tbcmp_PD_LA_Inter_2100","PD","LA","Inter","2100",2168.32268286848
"031002080902",1200,4065017.60262372,"Moccasin Slough","tbcmp_PD_LA_Inter_2100","PD","LA","Inter","2100",4017.95282882055
"031002080902",1800,81717.5922855849,"Moccasin Slough","tbcmp_PD_LA_Inter_2100","PD","LA","Inter","2100",80.7714660021024
"031002080902",1820,108892.826285099,"Moccasin Slough","tbcmp_PD_LA_Inter_2100","PD","LA","Inter","2100",107.63206514237
"031002080902",1900,684982.753483674,"Moccasin Slough","tbcmp_PD_LA_Inter_2100","PD","LA","Inter","2100",677.052023163841
"031002080902",2100,3427024.58263279,"Moccasin Slough","tbcmp_PD_LA_Inter_2100","PD","LA","Inter","2100",3387.34649201507
"031002080902",2200,10574,"Moccasin Slough","tbcmp_PD_LA_Inter_2100","PD","LA","Inter","2100",10.451574228
"031002080902",2400,15996.4415237517,"Moccasin Slough","tbcmp_PD_LA_Inter_2100","PD","LA","Inter","2100",15.8112347237897
"031002080902",3200,217741.501969048,"Moccasin Slough","tbcmp_PD_LA_Inter_2100","PD","LA","Inter","2100",215.22049085925
"031002080902",4100,7037150.10449683,"Moccasin Slough","tbcmp_PD_LA_Inter_2100","PD","LA","Inter","2100",6955.67398058696
"031002080902",4400,1080086.79321388,"Moccasin Slough","tbcmp_PD_LA_Inter_2100","PD","LA","Inter","2100",1067.58154832204
"031002080902",5200,577893.659010175,"Moccasin Slough","tbcmp_PD_LA_Inter_2100","PD","LA","Inter","2100",571.202806226156
"031002080902",6110,1388377.55110268,"Moccasin Slough","tbcmp_PD_LA_Inter_2100","PD","LA","Inter","2100",1372.30291581601
"031002080902",6410,2722871.5630744,"Moccasin Slough","tbcmp_PD_LA_Inter_2100","PD","LA","Inter","2100",2691.34615611712
"031002080902",7100,3372,"Moccasin Slough","tbcmp_PD_LA_Inter_2100","PD","LA","Inter","2100",3.332958984
"031002080903",1100,73908.6787569727,"031002080903","tbcmp_PD_LA_Inter_2100","PD","LA","Inter","2100",73.0529640743245
"031002080903",1200,111588.486266735,"031002080903","tbcmp_PD_LA_Inter_2100","PD","LA","Inter","2100",110.296514772738
"031002080903",1900,975651.473966342,"031002080903","tbcmp_PD_LA_Inter_2100","PD","LA","Inter","2100",964.355381200759
"031002080903",2100,2887983.45939038,"031002080903","tbcmp_PD_LA_Inter_2100","PD","LA","Inter","2100",2854.54638689756
"031002080903",3200,1039751.06361764,"031002080903","tbcmp_PD_LA_Inter_2100","PD","LA","Inter","2100",1027.71282580307
"031002080903",4100,2642011.80664154,"031002080903","tbcmp_PD_LA_Inter_2100","PD","LA","Inter","2100",2611.42259394424
"031002080903",4400,1557023.98184863,"031002080903","tbcmp_PD_LA_Inter_2100","PD","LA","Inter","2100",1538.99675818679
"031002080903",5200,857,"031002080903","tbcmp_PD_LA_Inter_2100","PD","LA","Inter","2100",0.847077654
"031002080903",6110,1487995.21157453,"031002080903","tbcmp_PD_LA_Inter_2100","PD","LA","Inter","2100",1470.76720301492
"031002080903",6410,1515160.84321935,"031002080903","tbcmp_PD_LA_Inter_2100","PD","LA","Inter","2100",1497.61831097655
"031002080904",1100,1097426.51332613,"Grand Prairie-Withlacoochee River","tbcmp_PD_LA_Inter_2100","PD","LA","Inter","2100",1084.72050915484
"031002080904",1200,278466.860761131,"Grand Prairie-Withlacoochee River","tbcmp_PD_LA_Inter_2100","PD","LA","Inter","2100",275.242771447239
"031002080904",1900,678329.017500598,"Grand Prairie-Withlacoochee River","tbcmp_PD_LA_Inter_2100","PD","LA","Inter","2100",670.475324135977
"031002080904",2100,3705425.42835756,"Grand Prairie-Withlacoochee River","tbcmp_PD_LA_Inter_2100","PD","LA","Inter","2100",3662.52401274804
"031002080904",2400,52898.5584765835,"Grand Prairie-Withlacoochee River","tbcmp_PD_LA_Inter_2100","PD","LA","Inter","2100",52.2860989665416
"031002080904",3200,250586.424508285,"Grand Prairie-Withlacoochee River","tbcmp_PD_LA_Inter_2100","PD","LA","Inter","2100",247.685134885328
"031002080904",4100,4609978.73675716,"Grand Prairie-Withlacoochee River","tbcmp_PD_LA_Inter_2100","PD","LA","Inter","2100",4556.60440294298
"031002080904",4400,401905.526797695,"Grand Prairie-Withlacoochee River","tbcmp_PD_LA_Inter_2100","PD","LA","Inter","2100",397.252264608432
"031002080904",5200,552202.968786251,"Grand Prairie-Withlacoochee River","tbcmp_PD_LA_Inter_2100","PD","LA","Inter","2100",545.809562813644
"031002080904",6110,5627408.8049724,"Grand Prairie-Withlacoochee River","tbcmp_PD_LA_Inter_2100","PD","LA","Inter","2100",5562.25466582843
"031002080904",6410,2871662.52829156,"Grand Prairie-Withlacoochee River","tbcmp_PD_LA_Inter_2100","PD","LA","Inter","2100",2838.414419539
"031002080905",1100,3261066.21454992,"Gum Springs-Withlacoochee River","tbcmp_PD_LA_Inter_2100","PD","LA","Inter","2100",3223.30958991787
"031002080905",1200,6338350.4663991,"Gum Springs-Withlacoochee River","tbcmp_PD_LA_Inter_2100","PD","LA","Inter","2100",6264.96504469913
"031002080905",1800,22809,"Gum Springs-Withlacoochee River","tbcmp_PD_LA_Inter_2100","PD","LA","Inter","2100",22.544917398
"031002080905",1900,5908087.13302784,"Gum Springs-Withlacoochee River","tbcmp_PD_LA_Inter_2100","PD","LA","Inter","2100",5839.68330020164
"031002080905",2100,1493608.52091132,"Gum Springs-Withlacoochee River","tbcmp_PD_LA_Inter_2100","PD","LA","Inter","2100",1476.3155214562
"031002080905",2400,120854.915978445,"Gum Springs-Withlacoochee River","tbcmp_PD_LA_Inter_2100","PD","LA","Inter","2100",119.455657761247
"031002080905",3200,1674337.52960559,"Gum Springs-Withlacoochee River","tbcmp_PD_LA_Inter_2100","PD","LA","Inter","2100",1654.95204968781
"031002080905",4100,9143707.72334239,"Gum Springs-Withlacoochee River","tbcmp_PD_LA_Inter_2100","PD","LA","Inter","2100",9037.84187532154
"031002080905",4400,851611.211503666,"Gum Springs-Withlacoochee River","tbcmp_PD_LA_Inter_2100","PD","LA","Inter","2100",841.751256896876
"031002080905",5200,352847.917876481,"Gum Springs-Withlacoochee River","tbcmp_PD_LA_Inter_2100","PD","LA","Inter","2100",348.762644683307
"031002080905",6110,5613963.48336717,"Gum Springs-Withlacoochee River","tbcmp_PD_LA_Inter_2100","PD","LA","Inter","2100",5548.96501415675
"031002080905",6410,2732536.02162577,"Gum Springs-Withlacoochee River","tbcmp_PD_LA_Inter_2100","PD","LA","Inter","2100",2700.89871956738
"031002080905",7100,33616,"Gum Springs-Withlacoochee River","tbcmp_PD_LA_Inter_2100","PD","LA","Inter","2100",33.226793952
"031002081001",1100,5987850.7798647,"Henderson Lake","tbcmp_PD_LA_Inter_2100","PD","LA","Inter","2100",5918.52344353543
"031002081001",1200,5242713.33096879,"Henderson Lake","tbcmp_PD_LA_Inter_2100","PD","LA","Inter","2100",5182.01319602284
"031002081001",1800,86148,"Henderson Lake","tbcmp_PD_LA_Inter_2100","PD","LA","Inter","2100",85.150578456
"031002081001",1820,146987.143988876,"Henderson Lake","tbcmp_PD_LA_Inter_2100","PD","LA","Inter","2100",145.285326835773
"031002081001",1900,1516640.96471699,"Henderson Lake","tbcmp_PD_LA_Inter_2100","PD","LA","Inter","2100",1499.0812956275
"031002081001",2100,1850852.36638174,"Henderson Lake","tbcmp_PD_LA_Inter_2100","PD","LA","Inter","2100",1829.42319768377
"031002081001",2200,9428,"Henderson Lake","tbcmp_PD_LA_Inter_2100","PD","LA","Inter","2100",9.318842616
"031002081001",2400,32119.273400491,"Henderson Lake","tbcmp_PD_LA_Inter_2100","PD","LA","Inter","2100",31.7473964530601
"031002081001",3200,172462.328477595,"Henderson Lake","tbcmp_PD_LA_Inter_2100","PD","LA","Inter","2100",170.465559638481
"031002081001",4100,12226015.6843626,"Henderson Lake","tbcmp_PD_LA_Inter_2100","PD","LA","Inter","2100",12084.462874769
"031002081001",4400,1483956.04193172,"Henderson Lake","tbcmp_PD_LA_Inter_2100","PD","LA","Inter","2100",1466.77479887823
"031002081001",5200,1821403.88554965,"Henderson Lake","tbcmp_PD_LA_Inter_2100","PD","LA","Inter","2100",1800.31567136276
"031002081001",6110,736433.060395899,"Henderson Lake","tbcmp_PD_LA_Inter_2100","PD","LA","Inter","2100",727.906638422635
"031002081001",6410,4602499.55307109,"Henderson Lake","tbcmp_PD_LA_Inter_2100","PD","LA","Inter","2100",4549.21181324563
"031002081002",1100,9669777.00178884,"Long Arm Prairie","tbcmp_PD_LA_Inter_2100","PD","LA","Inter","2100",9557.82032366213
"031002081002",1200,5598904.24972699,"Long Arm Prairie","tbcmp_PD_LA_Inter_2100","PD","LA","Inter","2100",5534.08013632365
"031002081002",1800,117367.393025863,"Long Arm Prairie","tbcmp_PD_LA_Inter_2100","PD","LA","Inter","2100",116.00851334941
"031002081002",1820,565617.867110465,"Long Arm Prairie","tbcmp_PD_LA_Inter_2100","PD","LA","Inter","2100",559.06914344506
"031002081002",1900,2968435.49725224,"Long Arm Prairie","tbcmp_PD_LA_Inter_2100","PD","LA","Inter","2100",2934.06695106505
"031002081002",2100,1761094.01087531,"Long Arm Prairie","tbcmp_PD_LA_Inter_2100","PD","LA","Inter","2100",1740.7040644174
"031002081002",2400,12163.7237036713,"Long Arm Prairie","tbcmp_PD_LA_Inter_2100","PD","LA","Inter","2100",12.0228921106302
"031002081002",3200,537604.619180056,"Long Arm Prairie","tbcmp_PD_LA_Inter_2100","PD","LA","Inter","2100",531.380232899189
"031002081002",4100,7247915.10502344,"Long Arm Prairie","tbcmp_PD_LA_Inter_2100","PD","LA","Inter","2100",7163.99874393748
"031002081002",4400,712388.277131202,"Long Arm Prairie","tbcmp_PD_LA_Inter_2100","PD","LA","Inter","2100",704.140245658577
"031002081002",5200,1302637.33104414,"Long Arm Prairie","tbcmp_PD_LA_Inter_2100","PD","LA","Inter","2100",1287.55539602531
"031002081002",6110,1247154.00672021,"Long Arm Prairie","tbcmp_PD_LA_Inter_2100","PD","LA","Inter","2100",1232.71445763041
"031002081002",6410,4698675.21244553,"Long Arm Prairie","tbcmp_PD_LA_Inter_2100","PD","LA","Inter","2100",4644.27395083584
"031002081003",1100,1658128.01066586,"Ross Prairie-Withlacoochee River","tbcmp_PD_LA_Inter_2100","PD","LA","Inter","2100",1638.93020455837
"031002081003",1200,659997.779190326,"Ross Prairie-Withlacoochee River","tbcmp_PD_LA_Inter_2100","PD","LA","Inter","2100",652.356324902861
"031002081003",1800,41660,"Ross Prairie-Withlacoochee River","tbcmp_PD_LA_Inter_2100","PD","LA","Inter","2100",41.17766052
"031002081003",1820,153081,"Ross Prairie-Withlacoochee River","tbcmp_PD_LA_Inter_2100","PD","LA","Inter","2100",151.308628182
"031002081003",1900,815014.140415788,"Ross Prairie-Withlacoochee River","tbcmp_PD_LA_Inter_2100","PD","LA","Inter","2100",805.577906698054
"031002081003",2100,3885051.82505804,"Ross Prairie-Withlacoochee River","tbcmp_PD_LA_Inter_2100","PD","LA","Inter","2100",3840.07069502752
"031002081003",2400,17373.002895607,"Ross Prairie-Withlacoochee River","tbcmp_PD_LA_Inter_2100","PD","LA","Inter","2100",17.1718582680817
"031002081003",3200,977427.907959265,"Ross Prairie-Withlacoochee River","tbcmp_PD_LA_Inter_2100","PD","LA","Inter","2100",966.111247640913
"031002081003",4100,8846958.66342095,"Ross Prairie-Withlacoochee River","tbcmp_PD_LA_Inter_2100","PD","LA","Inter","2100",8744.52857601587
"031002081003",4400,2039558.46379449,"Ross Prairie-Withlacoochee River","tbcmp_PD_LA_Inter_2100","PD","LA","Inter","2100",2015.94445590068
"031002081003",5200,258283.820990049,"Ross Prairie-Withlacoochee River","tbcmp_PD_LA_Inter_2100","PD","LA","Inter","2100",255.293410910626
"031002081003",6110,4146519.09408547,"Ross Prairie-Withlacoochee River","tbcmp_PD_LA_Inter_2100","PD","LA","Inter","2100",4098.51069601415
"031002081003",6410,1847434.41150734,"Ross Prairie-Withlacoochee River","tbcmp_PD_LA_Inter_2100","PD","LA","Inter","2100",1826.04481589091
"031002081004",1100,4939356.69897777,"Two Mile Prairie-Withlacoochee River","tbcmp_PD_LA_Inter_2100","PD","LA","Inter","2100",4882.168827117
"031002081004",1200,2692357.24708434,"Two Mile Prairie-Withlacoochee River","tbcmp_PD_LA_Inter_2100","PD","LA","Inter","2100",2661.1851348776
"031002081004",1800,58278.177624118,"Two Mile Prairie-Withlacoochee River","tbcmp_PD_LA_Inter_2100","PD","LA","Inter","2100",57.603432883586
"031002081004",1820,196569,"Two Mile Prairie-Withlacoochee River","tbcmp_PD_LA_Inter_2100","PD","LA","Inter","2100",194.293124118
"031002081004",1900,4930912.36160272,"Two Mile Prairie-Withlacoochee River","tbcmp_PD_LA_Inter_2100","PD","LA","Inter","2100",4873.82225828009
"031002081004",2100,2415109.82369338,"Two Mile Prairie-Withlacoochee River","tbcmp_PD_LA_Inter_2100","PD","LA","Inter","2100",2387.14768215466
"031002081004",2400,35922.590336441,"Two Mile Prairie-Withlacoochee River","tbcmp_PD_LA_Inter_2100","PD","LA","Inter","2100",35.5066785855256
"031002081004",3200,792496.79139077,"Two Mile Prairie-Withlacoochee River","tbcmp_PD_LA_Inter_2100","PD","LA","Inter","2100",783.321263540048
"031002081004",4100,5250063.97962455,"Two Mile Prairie-Withlacoochee River","tbcmp_PD_LA_Inter_2100","PD","LA","Inter","2100",5189.27873886845
"031002081004",4400,1812614.03172679,"Two Mile Prairie-Withlacoochee River","tbcmp_PD_LA_Inter_2100","PD","LA","Inter","2100",1791.62758646746
"031002081004",5200,398060.21759939,"Two Mile Prairie-Withlacoochee River","tbcmp_PD_LA_Inter_2100","PD","LA","Inter","2100",393.451476400024
"031002081004",6110,1206660.73352124,"Two Mile Prairie-Withlacoochee River","tbcmp_PD_LA_Inter_2100","PD","LA","Inter","2100",1192.69001554853
"031002081004",6410,1587079.43990472,"Two Mile Prairie-Withlacoochee River","tbcmp_PD_LA_Inter_2100","PD","LA","Inter","2100",1568.7042341495
"031002081101",1100,87715.9555809012,"Rainbow River","tbcmp_PD_LA_Inter_2100","PD","LA","Inter","2100",86.7003802471856
"031002081101",1200,152854.20539956,"Rainbow River","tbcmp_PD_LA_Inter_2100","PD","LA","Inter","2100",151.084459409444
"031002081101",1800,21235,"Rainbow River","tbcmp_PD_LA_Inter_2100","PD","LA","Inter","2100",20.98914117
"031002081101",1900,18580,"Rainbow River","tbcmp_PD_LA_Inter_2100","PD","LA","Inter","2100",18.36488076
"031002081101",2100,166711.102179609,"Rainbow River","tbcmp_PD_LA_Inter_2100","PD","LA","Inter","2100",164.780921038573
"031002081101",4100,127756.822514478,"Rainbow River","tbcmp_PD_LA_Inter_2100","PD","LA","Inter","2100",126.277654023405
"031002081101",4400,282314.944530308,"Rainbow River","tbcmp_PD_LA_Inter_2100","PD","LA","Inter","2100",279.046302102536
"031002081101",5200,24170.8765254063,"Rainbow River","tbcmp_PD_LA_Inter_2100","PD","LA","Inter","2100",23.8910261169952
"031002081101",6110,47088.1166460626,"Rainbow River","tbcmp_PD_LA_Inter_2100","PD","LA","Inter","2100",46.5429304315345
"031002081101",6410,8502,"Rainbow River","tbcmp_PD_LA_Inter_2100","PD","LA","Inter","2100",8.403563844
"031002081102",1100,2607758.12449089,"Turner Lake-Withlacoochee River","tbcmp_PD_LA_Inter_2100","PD","LA","Inter","2100",2577.56550092553
"031002081102",1200,811399.206770079,"Turner Lake-Withlacoochee River","tbcmp_PD_LA_Inter_2100","PD","LA","Inter","2100",802.004826754096
"031002081102",1900,968087.833480438,"Turner Lake-Withlacoochee River","tbcmp_PD_LA_Inter_2100","PD","LA","Inter","2100",956.879312544401
"031002081102",2100,726391.410818562,"Turner Lake-Withlacoochee River","tbcmp_PD_LA_Inter_2100","PD","LA","Inter","2100",717.981251064104
"031002081102",3200,11723,"Turner Lake-Withlacoochee River","tbcmp_PD_LA_Inter_2100","PD","LA","Inter","2100",11.587271106
"031002081102",4100,952516.410379845,"Turner Lake-Withlacoochee River","tbcmp_PD_LA_Inter_2100","PD","LA","Inter","2100",941.488175380467
"031002081102",4400,53579.5094891539,"Turner Lake-Withlacoochee River","tbcmp_PD_LA_Inter_2100","PD","LA","Inter","2100",52.9591659282884
"031002081102",5200,359874.242561672,"Turner Lake-Withlacoochee River","tbcmp_PD_LA_Inter_2100","PD","LA","Inter","2100",355.707618581293
"031002081102",6110,319692.459002792,"Turner Lake-Withlacoochee River","tbcmp_PD_LA_Inter_2100","PD","LA","Inter","2100",315.991059712458
"031002081102",6410,720565.296356029,"Turner Lake-Withlacoochee River","tbcmp_PD_LA_Inter_2100","PD","LA","Inter","2100",712.222591354819
"031002081103",1100,2785150.09017829,"Lake Rousseau-Withlacoochee River","tbcmp_PD_LA_Inter_2100","PD","LA","Inter","2100",2752.90362243421
"031002081103",1200,2718261.51051497,"Lake Rousseau-Withlacoochee River","tbcmp_PD_LA_Inter_2100","PD","LA","Inter","2100",2686.78947874623
"031002081103",1800,99556.8856390391,"Lake Rousseau-Withlacoochee River","tbcmp_PD_LA_Inter_2100","PD","LA","Inter","2100",98.4042160171104
"031002081103",1900,1078723.83450483,"Lake Rousseau-Withlacoochee River","tbcmp_PD_LA_Inter_2100","PD","LA","Inter","2100",1066.23436994893
"031002081103",2100,827606.862102035,"Lake Rousseau-Withlacoochee River","tbcmp_PD_LA_Inter_2100","PD","LA","Inter","2100",818.024829852618
"031002081103",3200,715033.345316255,"Lake Rousseau-Withlacoochee River","tbcmp_PD_LA_Inter_2100","PD","LA","Inter","2100",706.754689244184
"031002081103",4100,2620002.16348858,"Lake Rousseau-Withlacoochee River","tbcmp_PD_LA_Inter_2100","PD","LA","Inter","2100",2589.66777843971
"031002081103",4400,2532439.84725109,"Lake Rousseau-Withlacoochee River","tbcmp_PD_LA_Inter_2100","PD","LA","Inter","2100",2503.11925869962
"031002081103",5200,2280369.04940444,"Lake Rousseau-Withlacoochee River","tbcmp_PD_LA_Inter_2100","PD","LA","Inter","2100",2253.96693655044
"031002081103",5400,771892.586479499,"Lake Rousseau-Withlacoochee River","tbcmp_PD_LA_Inter_2100","PD","LA","Inter","2100",762.95561411324
"031002081103",6110,1299725.86493474,"Lake Rousseau-Withlacoochee River","tbcmp_PD_LA_Inter_2100","PD","LA","Inter","2100",1284.67763887052
"031002081103",6120,793236.753262998,"Lake Rousseau-Withlacoochee River","tbcmp_PD_LA_Inter_2100","PD","LA","Inter","2100",784.052658133719
"031002081103",6410,903574.719163543,"Lake Rousseau-Withlacoochee River","tbcmp_PD_LA_Inter_2100","PD","LA","Inter","2100",893.113131065068
"031002081103",6420,179292.005592663,"Lake Rousseau-Withlacoochee River","tbcmp_PD_LA_Inter_2100","PD","LA","Inter","2100",177.216162751911
"031002081103",6425,326125.038623065,"Lake Rousseau-Withlacoochee River","tbcmp_PD_LA_Inter_2100","PD","LA","Inter","2100",322.349162925887
"031002081103",6510,290117.998055054,"Lake Rousseau-Withlacoochee River","tbcmp_PD_LA_Inter_2100","PD","LA","Inter","2100",286.759011873573
"031002081103",6600,324088.949925317,"Lake Rousseau-Withlacoochee River","tbcmp_PD_LA_Inter_2100","PD","LA","Inter","2100",320.336648063081
"031002081103",9113,2048821.69064344,"Lake Rousseau-Withlacoochee River","tbcmp_PD_LA_Inter_2100","PD","LA","Inter","2100",2025.10043310917
"031101010603",0,419,"Thousandmile Creek-Frontal Withlacoochee Bay","tbcmp_PD_LA_Inter_2100","PD","LA","Inter","2100",0.414148818
"031101010603",1100,342197.120965343,"Thousandmile Creek-Frontal Withlacoochee Bay","tbcmp_PD_LA_Inter_2100","PD","LA","Inter","2100",338.235162698807
"031101010603",1200,34335.4008172076,"Thousandmile Creek-Frontal Withlacoochee Bay","tbcmp_PD_LA_Inter_2100","PD","LA","Inter","2100",33.937865546546
"031101010603",1800,2210.14448323372,"Thousandmile Creek-Frontal Withlacoochee Bay","tbcmp_PD_LA_Inter_2100","PD","LA","Inter","2100",2.18455543040684
"031101010603",1900,43512.0643512366,"Thousandmile Creek-Frontal Withlacoochee Bay","tbcmp_PD_LA_Inter_2100","PD","LA","Inter","2100",43.008281670178
"031101010603",3200,43009.0748011723,"Thousandmile Creek-Frontal Withlacoochee Bay","tbcmp_PD_LA_Inter_2100","PD","LA","Inter","2100",42.5111157331244
"031101010603",4100,385329.875513724,"Thousandmile Creek-Frontal Withlacoochee Bay","tbcmp_PD_LA_Inter_2100","PD","LA","Inter","2100",380.868526215027
"031101010603",4400,1138112.03785573,"Thousandmile Creek-Frontal Withlacoochee Bay","tbcmp_PD_LA_Inter_2100","PD","LA","Inter","2100",1124.93497668143
"031101010603",5200,1192,"Thousandmile Creek-Frontal Withlacoochee Bay","tbcmp_PD_LA_Inter_2100","PD","LA","Inter","2100",1.178199024
"031101010603",5400,137547.555120306,"Thousandmile Creek-Frontal Withlacoochee Bay","tbcmp_PD_LA_Inter_2100","PD","LA","Inter","2100",135.955029527123
"031101010603",6110,694794.84474546,"Thousandmile Creek-Frontal Withlacoochee Bay","tbcmp_PD_LA_Inter_2100","PD","LA","Inter","2100",686.750510032997
"031101010603",6120,1596798.64350935,"Thousandmile Creek-Frontal Withlacoochee Bay","tbcmp_PD_LA_Inter_2100","PD","LA","Inter","2100",1578.3109088148
"031101010603",6410,75015.9844806283,"Thousandmile Creek-Frontal Withlacoochee Bay","tbcmp_PD_LA_Inter_2100","PD","LA","Inter","2100",74.1474494123116
"031101010603",6420,116467.870741783,"Thousandmile Creek-Frontal Withlacoochee Bay","tbcmp_PD_LA_Inter_2100","PD","LA","Inter","2100",115.119405734334
"031101010603",6425,48817.0307567724,"Thousandmile Creek-Frontal Withlacoochee Bay","tbcmp_PD_LA_Inter_2100","PD","LA","Inter","2100",48.2518271746705
"031101010603",6510,47666.7687446659,"Thousandmile Creek-Frontal Withlacoochee Bay","tbcmp_PD_LA_Inter_2100","PD","LA","Inter","2100",47.1148828961402
"031101010603",6600,306568.329547842,"Thousandmile Creek-Frontal Withlacoochee Bay","tbcmp_PD_LA_Inter_2100","PD","LA","Inter","2100",303.018881428337
"031101010603",9113,1867175.96195592,"Thousandmile Creek-Frontal Withlacoochee Bay","tbcmp_PD_LA_Inter_2100","PD","LA","Inter","2100",1845.55779866839
"031101010700",1100,3202.98196308193,"Waccasassa Bay-Gulf of Mexico","tbcmp_PD_LA_Inter_2100","PD","LA","Inter","2100",3.16589783791337
"031101010700",5400,29177066.4694375,"Waccasassa Bay-Gulf of Mexico","tbcmp_PD_LA_Inter_2100","PD","LA","Inter","2100",28839.2543938543
"031101010700",6110,95,"Waccasassa Bay-Gulf of Mexico","tbcmp_PD_LA_Inter_2100","PD","LA","Inter","2100",0.09390009
"031101010700",6120,16510.1834414201,"Waccasassa Bay-Gulf of Mexico","tbcmp_PD_LA_Inter_2100","PD","LA","Inter","2100",16.3190285375354
"031101010700",6420,1485.84919759072,"Waccasassa Bay-Gulf of Mexico","tbcmp_PD_LA_Inter_2100","PD","LA","Inter","2100",1.46864603558102
"031101010700",6425,268.615730606019,"Waccasassa Bay-Gulf of Mexico","tbcmp_PD_LA_Inter_2100","PD","LA","Inter","2100",0.265505697677063
"031101010700",6510,848.957403150947,"Waccasassa Bay-Gulf of Mexico","tbcmp_PD_LA_Inter_2100","PD","LA","Inter","2100",0.839128174337266
"031101010700",6600,451.436167003121,"Waccasassa Bay-Gulf of Mexico","tbcmp_PD_LA_Inter_2100","PD","LA","Inter","2100",0.446209439061559
"031101010700",9113,2455738.46387893,"Waccasassa Bay-Gulf of Mexico","tbcmp_PD_LA_Inter_2100","PD","LA","Inter","2100",2427.30592394414
