"id","value","count","huc12_name","filename","land_policy","accretion","slr_scenario","yr","acres"
"030801020502",1100,77218.2765907975,"Lake Weir","tbcmp_AM_LA_IntHigh_2050","AM","LA","IntHigh","2050",76.3242433844292
"030801020502",1200,62653.7025831299,"Lake Weir","tbcmp_AM_LA_IntHigh_2050","AM","LA","IntHigh","2050",61.9282980146224
"030801020502",1900,8828.70791758293,"Lake Weir","tbcmp_AM_LA_IntHigh_2050","AM","LA","IntHigh","2050",8.72648913731316
"030801020502",2100,390191.321326689,"Lake Weir","tbcmp_AM_LA_IntHigh_2050","AM","LA","IntHigh","2050",385.673686208369
"030801020502",4100,15690,"Lake Weir","tbcmp_AM_LA_IntHigh_2050","AM","LA","IntHigh","2050",15.50834118
"030801020502",5200,2902,"Lake Weir","tbcmp_AM_LA_IntHigh_2050","AM","LA","IntHigh","2050",2.868400644
"030801020502",5400,2725742.12483112,"Lake Weir","tbcmp_AM_LA_IntHigh_2050","AM","LA","IntHigh","2050",2694.18348250983
"030801020502",6410,17900.443881973,"Lake Weir","tbcmp_AM_LA_IntHigh_2050","AM","LA","IntHigh","2050",17.6931925427076
"030801020600",4100,422625.631748731,"Brooks Branch","tbcmp_AM_LA_IntHigh_2050","AM","LA","IntHigh","2050",417.732472184344
"030801020600",NA,0.00721924373647198,"Brooks Branch","tbcmp_AM_LA_IntHigh_2050","AM","LA","IntHigh","2050",7.13565933249111e-06
"031001010401",1200,193938.420828161,"Upper Payne Creek","tbcmp_AM_LA_IntHigh_2050","AM","LA","IntHigh","2050",191.693001791813
"031001010401",1900,32691.9442530551,"Upper Payne Creek","tbcmp_AM_LA_IntHigh_2050","AM","LA","IntHigh","2050",32.3134369224933
"031001010401",4400,1040.59713292328,"Upper Payne Creek","tbcmp_AM_LA_IntHigh_2050","AM","LA","IntHigh","2050",1.0285490993183
"031001010401",6110,14518,"Upper Payne Creek","tbcmp_AM_LA_IntHigh_2050","AM","LA","IntHigh","2050",14.349910596
"031001010401",6410,7091,"Upper Payne Creek","tbcmp_AM_LA_IntHigh_2050","AM","LA","IntHigh","2050",7.008900402
"031001010801",1200,7680558.17157581,"Headwaters Horse Creek","tbcmp_AM_LA_IntHigh_2050","AM","LA","IntHigh","2050",7591.6326690653
"031001010801",1900,974142.339984947,"Headwaters Horse Creek","tbcmp_AM_LA_IntHigh_2050","AM","LA","IntHigh","2050",962.863719972601
"031001010801",2100,633529.829814969,"Headwaters Horse Creek","tbcmp_AM_LA_IntHigh_2050","AM","LA","IntHigh","2050",626.194821445372
"031001010801",2200,255094.503034649,"Headwaters Horse Creek","tbcmp_AM_LA_IntHigh_2050","AM","LA","IntHigh","2050",252.141018878514
"031001010801",2400,26635.1130176269,"Headwaters Horse Creek","tbcmp_AM_LA_IntHigh_2050","AM","LA","IntHigh","2050",26.3267316791088
"031001010801",3200,745410.311857287,"Headwaters Horse Creek","tbcmp_AM_LA_IntHigh_2050","AM","LA","IntHigh","2050",736.779951266603
"031001010801",4100,275099.221446541,"Headwaters Horse Creek","tbcmp_AM_LA_IntHigh_2050","AM","LA","IntHigh","2050",271.914122660633
"031001010801",4400,46538,"Headwaters Horse Creek","tbcmp_AM_LA_IntHigh_2050","AM","LA","IntHigh","2050",45.999183036
"031001010801",5200,168160,"Headwaters Horse Creek","tbcmp_AM_LA_IntHigh_2050","AM","LA","IntHigh","2050",166.21304352
"031001010801",6110,552135.99046908,"Headwaters Horse Creek","tbcmp_AM_LA_IntHigh_2050","AM","LA","IntHigh","2050",545.743359971429
"031001010801",6410,726554.981060246,"Headwaters Horse Creek","tbcmp_AM_LA_IntHigh_2050","AM","LA","IntHigh","2050",718.142927489531
"031001010803",1100,52792.4168933651,"Upper Horse Creek","tbcmp_AM_LA_IntHigh_2050","AM","LA","IntHigh","2050",52.1811862905738
"031001010803",1200,14486.2498590584,"Upper Horse Creek","tbcmp_AM_LA_IntHigh_2050","AM","LA","IntHigh","2050",14.3185280581902
"031001010803",1900,458060.086452589,"Upper Horse Creek","tbcmp_AM_LA_IntHigh_2050","AM","LA","IntHigh","2050",452.756666771641
"031001010803",2100,989649.241937042,"Upper Horse Creek","tbcmp_AM_LA_IntHigh_2050","AM","LA","IntHigh","2050",978.191083013895
"031001010803",2200,725065.837779705,"Upper Horse Creek","tbcmp_AM_LA_IntHigh_2050","AM","LA","IntHigh","2050",716.671025509892
"031001010803",3200,76608.7498384625,"Upper Horse Creek","tbcmp_AM_LA_IntHigh_2050","AM","LA","IntHigh","2050",75.7217737328328
"031001010803",4100,234112.485862316,"Upper Horse Creek","tbcmp_AM_LA_IntHigh_2050","AM","LA","IntHigh","2050",231.401931501002
"031001010803",4400,5146,"Upper Horse Creek","tbcmp_AM_LA_IntHigh_2050","AM","LA","IntHigh","2050",5.086419612
"031001010803",5200,1434,"Upper Horse Creek","tbcmp_AM_LA_IntHigh_2050","AM","LA","IntHigh","2050",1.417397148
"031001010803",6110,254773.926281599,"Upper Horse Creek","tbcmp_AM_LA_IntHigh_2050","AM","LA","IntHigh","2050",251.82415376311
"031001010803",6410,390547.873490125,"Upper Horse Creek","tbcmp_AM_LA_IntHigh_2050","AM","LA","IntHigh","2050",386.026110210857
"031001010806",1100,20331.7966255765,"Buzzard Roost Branch","tbcmp_AM_LA_IntHigh_2050","AM","LA","IntHigh","2050",20.0963950842455
"031001010806",1900,104807.374690723,"Buzzard Roost Branch","tbcmp_AM_LA_IntHigh_2050","AM","LA","IntHigh","2050",103.593914906554
"031001010806",2100,830656.450225973,"Buzzard Roost Branch","tbcmp_AM_LA_IntHigh_2050","AM","LA","IntHigh","2050",821.039109845257
"031001010806",2200,588311,"Buzzard Roost Branch","tbcmp_AM_LA_IntHigh_2050","AM","LA","IntHigh","2050",581.499535242
"031001010806",3200,348625.123518553,"Buzzard Roost Branch","tbcmp_AM_LA_IntHigh_2050","AM","LA","IntHigh","2050",344.588741838456
"031001010806",4100,302036.872914824,"Buzzard Roost Branch","tbcmp_AM_LA_IntHigh_2050","AM","LA","IntHigh","2050",298.539890000217
"031001010806",6110,169550.605994488,"Buzzard Roost Branch","tbcmp_AM_LA_IntHigh_2050","AM","LA","IntHigh","2050",167.587549078284
"031001010806",6410,278980.950816034,"Buzzard Roost Branch","tbcmp_AM_LA_IntHigh_2050","AM","LA","IntHigh","2050",275.750909367486
"031001010907",1900,8006.95292734334,"Lettuce Lake-Peace River","tbcmp_AM_LA_IntHigh_2050","AM","LA","IntHigh","2050",7.91424842635056
"031001010907",3200,11232.6173696741,"Lettuce Lake-Peace River","tbcmp_AM_LA_IntHigh_2050","AM","LA","IntHigh","2050",11.1025661257681
"031001010907",4100,3701.32471139521,"Lettuce Lake-Peace River","tbcmp_AM_LA_IntHigh_2050","AM","LA","IntHigh","2050",3.65847077388668
"031001010907",5200,774.925107090734,"Lettuce Lake-Peace River","tbcmp_AM_LA_IntHigh_2050","AM","LA","IntHigh","2050",0.765953024200837
"031001010907",6110,1542.09632560611,"Lettuce Lake-Peace River","tbcmp_AM_LA_IntHigh_2050","AM","LA","IntHigh","2050",1.52424193434824
"031001010907",6410,2125,"Lettuce Lake-Peace River","tbcmp_AM_LA_IntHigh_2050","AM","LA","IntHigh","2050",2.10039675
"031001011106",1200,61017.9660891353,"Shell Creek-Peace River","tbcmp_AM_LA_IntHigh_2050","AM","LA","IntHigh","2050",60.3115000777553
"031001011106",1900,298697.468060371,"Shell Creek-Peace River","tbcmp_AM_LA_IntHigh_2050","AM","LA","IntHigh","2050",295.239148775168
"031001011106",4100,5369.53860209626,"Shell Creek-Peace River","tbcmp_AM_LA_IntHigh_2050","AM","LA","IntHigh","2050",5.30737008416119
"031001011106",5200,8025.59938517492,"Shell Creek-Peace River","tbcmp_AM_LA_IntHigh_2050","AM","LA","IntHigh","2050",7.93267899549337
"031001011106",6410,14976,"Shell Creek-Peace River","tbcmp_AM_LA_IntHigh_2050","AM","LA","IntHigh","2050",14.802607872
"031001011107",0,6082.5240132967,"Little Alligator Creek-Peace River","tbcmp_AM_LA_IntHigh_2050","AM","LA","IntHigh","2050",6.01210055027075
"031001011107",1100,2383203.39763949,"Little Alligator Creek-Peace River","tbcmp_AM_LA_IntHigh_2050","AM","LA","IntHigh","2050",2355.61066870162
"031001011107",1200,14650190.2901707,"Little Alligator Creek-Peace River","tbcmp_AM_LA_IntHigh_2050","AM","LA","IntHigh","2050",14480.5703869911
"031001011107",1800,144796.762191116,"Little Alligator Creek-Peace River","tbcmp_AM_LA_IntHigh_2050","AM","LA","IntHigh","2050",143.120305278467
"031001011107",1820,152236,"Little Alligator Creek-Peace River","tbcmp_AM_LA_IntHigh_2050","AM","LA","IntHigh","2050",150.473411592
"031001011107",1900,1809989.20727787,"Little Alligator Creek-Peace River","tbcmp_AM_LA_IntHigh_2050","AM","LA","IntHigh","2050",1789.03315223601
"031001011107",3200,110374.871985632,"Little Alligator Creek-Peace River","tbcmp_AM_LA_IntHigh_2050","AM","LA","IntHigh","2050",109.096951717783
"031001011107",4100,143132,"Little Alligator Creek-Peace River","tbcmp_AM_LA_IntHigh_2050","AM","LA","IntHigh","2050",141.474817704
"031001011107",5200,507742.785921813,"Little Alligator Creek-Peace River","tbcmp_AM_LA_IntHigh_2050","AM","LA","IntHigh","2050",501.86413994641
"031001011107",5400,968191.30688172,"Little Alligator Creek-Peace River","tbcmp_AM_LA_IntHigh_2050","AM","LA","IntHigh","2050",956.981587930643
"031001011107",6110,49131,"Little Alligator Creek-Peace River","tbcmp_AM_LA_IntHigh_2050","AM","LA","IntHigh","2050",48.562161282
"031001011107",6120,1312097.14099724,"Little Alligator Creek-Peace River","tbcmp_AM_LA_IntHigh_2050","AM","LA","IntHigh","2050",1296.90568029877
"031001011107",6410,112202,"Little Alligator Creek-Peace River","tbcmp_AM_LA_IntHigh_2050","AM","LA","IntHigh","2050",110.902925244
"031001011107",6420,197603.732160979,"Little Alligator Creek-Peace River","tbcmp_AM_LA_IntHigh_2050","AM","LA","IntHigh","2050",195.315876150019
"031001011107",6425,399247.346076844,"Little Alligator Creek-Peace River","tbcmp_AM_LA_IntHigh_2050","AM","LA","IntHigh","2050",394.624860303966
"031001011107",6510,44482.9018205137,"Little Alligator Creek-Peace River","tbcmp_AM_LA_IntHigh_2050","AM","LA","IntHigh","2050",43.9678787832358
"031001011107",6600,54385.4572270811,"Little Alligator Creek-Peace River","tbcmp_AM_LA_IntHigh_2050","AM","LA","IntHigh","2050",53.7557824033059
"031001011107",9113,259465.824047859,"Little Alligator Creek-Peace River","tbcmp_AM_LA_IntHigh_2050","AM","LA","IntHigh","2050",256.461728737033
"031001011108",0,226.475986603647,"Alligator Bay-Peace River","tbcmp_AM_LA_IntHigh_2050","AM","LA","IntHigh","2050",0.22385384763075
"031001011108",1100,81.0721123903641,"Alligator Bay-Peace River","tbcmp_AM_LA_IntHigh_2050","AM","LA","IntHigh","2050",0.0801334594731084
"031001011108",1200,5597.4146434755,"Alligator Bay-Peace River","tbcmp_AM_LA_IntHigh_2050","AM","LA","IntHigh","2050",5.53260777673335
"031001011108",1800,4907.23780866904,"Alligator Bay-Peace River","tbcmp_AM_LA_IntHigh_2050","AM","LA","IntHigh","2050",4.85042180932027
"031001011108",5200,11.0119634978473,"Alligator Bay-Peace River","tbcmp_AM_LA_IntHigh_2050","AM","LA","IntHigh","2050",0.0108844669844692
"031001011108",5400,2206362.25529529,"Alligator Bay-Peace River","tbcmp_AM_LA_IntHigh_2050","AM","LA","IntHigh","2050",2180.81699310348
"031001011108",6120,8391.36983850872,"Alligator Bay-Peace River","tbcmp_AM_LA_IntHigh_2050","AM","LA","IntHigh","2050",8.29421455851847
"031001011108",6420,262,"Alligator Bay-Peace River","tbcmp_AM_LA_IntHigh_2050","AM","LA","IntHigh","2050",0.258966564
"031001011108",6425,2807.07284572645,"Alligator Bay-Peace River","tbcmp_AM_LA_IntHigh_2050","AM","LA","IntHigh","2050",2.77457255631863
"031001011108",6510,1305.24157645917,"Alligator Bay-Peace River","tbcmp_AM_LA_IntHigh_2050","AM","LA","IntHigh","2050",1.29012948948693
"031001011108",6600,602.542772948742,"Alligator Bay-Peace River","tbcmp_AM_LA_IntHigh_2050","AM","LA","IntHigh","2050",0.595566532723541
"031001011108",9113,569568.163771324,"Alligator Bay-Peace River","tbcmp_AM_LA_IntHigh_2050","AM","LA","IntHigh","2050",562.97370357118
"031001020101",1100,2642808.23340274,"Wingate Creek-Myakka River","tbcmp_AM_LA_IntHigh_2050","AM","LA","IntHigh","2050",2612.2097996764
"031001020101",1200,3690755.89195968,"Wingate Creek-Myakka River","tbcmp_AM_LA_IntHigh_2050","AM","LA","IntHigh","2050",3648.02432024257
"031001020101",1800,138475,"Wingate Creek-Myakka River","tbcmp_AM_LA_IntHigh_2050","AM","LA","IntHigh","2050",136.87173645
"031001020101",1900,1091147.97652265,"Wingate Creek-Myakka River","tbcmp_AM_LA_IntHigh_2050","AM","LA","IntHigh","2050",1078.51466525047
"031001020101",2100,4073138.2745912,"Wingate Creek-Myakka River","tbcmp_AM_LA_IntHigh_2050","AM","LA","IntHigh","2050",4025.97947964798
"031001020101",2200,91536,"Wingate Creek-Myakka River","tbcmp_AM_LA_IntHigh_2050","AM","LA","IntHigh","2050",90.476196192
"031001020101",2400,35549.0130881169,"Wingate Creek-Myakka River","tbcmp_AM_LA_IntHigh_2050","AM","LA","IntHigh","2050",35.1374266145827
"031001020101",3200,2411819.45119954,"Wingate Creek-Myakka River","tbcmp_AM_LA_IntHigh_2050","AM","LA","IntHigh","2050",2383.89540559355
"031001020101",4100,1976810.26480773,"Wingate Creek-Myakka River","tbcmp_AM_LA_IntHigh_2050","AM","LA","IntHigh","2050",1953.92275556179
"031001020101",4400,5731.78885567903,"Wingate Creek-Myakka River","tbcmp_AM_LA_IntHigh_2050","AM","LA","IntHigh","2050",5.66542620430798
"031001020101",5200,63511.1649211908,"Wingate Creek-Myakka River","tbcmp_AM_LA_IntHigh_2050","AM","LA","IntHigh","2050",62.7758326537333
"031001020101",6110,1477144.77773996,"Wingate Creek-Myakka River","tbcmp_AM_LA_IntHigh_2050","AM","LA","IntHigh","2050",1460.04239550329
"031001020101",6410,795522.318672875,"Wingate Creek-Myakka River","tbcmp_AM_LA_IntHigh_2050","AM","LA","IntHigh","2050",786.311761267281
"031001020102",1100,2007098.89292104,"Oglegy Creek","tbcmp_AM_LA_IntHigh_2050","AM","LA","IntHigh","2050",1983.8607019388
"031001020102",1200,237239.410955151,"Oglegy Creek","tbcmp_AM_LA_IntHigh_2050","AM","LA","IntHigh","2050",234.492653055112
"031001020102",1900,812179.495000871,"Oglegy Creek","tbcmp_AM_LA_IntHigh_2050","AM","LA","IntHigh","2050",802.776080807751
"031001020102",2100,7742275.59809505,"Oglegy Creek","tbcmp_AM_LA_IntHigh_2050","AM","LA","IntHigh","2050",7652.6355312203
"031001020102",2200,211000.965943537,"Oglegy Creek","tbcmp_AM_LA_IntHigh_2050","AM","LA","IntHigh","2050",208.557996759843
"031001020102",2400,77512,"Oglegy Creek","tbcmp_AM_LA_IntHigh_2050","AM","LA","IntHigh","2050",76.614566064
"031001020102",3200,2779787.28225585,"Oglegy Creek","tbcmp_AM_LA_IntHigh_2050","AM","LA","IntHigh","2050",2747.6029051019
"031001020102",4100,3111660.57109482,"Oglegy Creek","tbcmp_AM_LA_IntHigh_2050","AM","LA","IntHigh","2050",3075.63376500268
"031001020102",4400,50933,"Oglegy Creek","tbcmp_AM_LA_IntHigh_2050","AM","LA","IntHigh","2050",50.343297726
"031001020102",5200,108271.368266779,"Oglegy Creek","tbcmp_AM_LA_IntHigh_2050","AM","LA","IntHigh","2050",107.017802364987
"031001020102",6110,2137168.54276897,"Oglegy Creek","tbcmp_AM_LA_IntHigh_2050","AM","LA","IntHigh","2050",2112.42440538079
"031001020102",6410,2613382.03846733,"Oglegy Creek","tbcmp_AM_LA_IntHigh_2050","AM","LA","IntHigh","2050",2583.12430122596
"031001020103",1100,77882.9869033415,"Owen Creek","tbcmp_AM_LA_IntHigh_2050","AM","LA","IntHigh","2050",76.9812576809746
"031001020103",1200,86668,"Owen Creek","tbcmp_AM_LA_IntHigh_2050","AM","LA","IntHigh","2050",85.664557896
"031001020103",1900,206504.862423345,"Owen Creek","tbcmp_AM_LA_IntHigh_2050","AM","LA","IntHigh","2050",204.113949126208
"031001020103",2100,11734556.569278,"Owen Creek","tbcmp_AM_LA_IntHigh_2050","AM","LA","IntHigh","2050",11598.6938733189
"031001020103",2200,780760.122371009,"Owen Creek","tbcmp_AM_LA_IntHigh_2050","AM","LA","IntHigh","2050",771.720481674197
"031001020103",2400,4892,"Owen Creek","tbcmp_AM_LA_IntHigh_2050","AM","LA","IntHigh","2050",4.835360424
"031001020103",3200,1453970.11022768,"Owen Creek","tbcmp_AM_LA_IntHigh_2050","AM","LA","IntHigh","2050",1437.13604429146
"031001020103",4100,2388821.86607571,"Owen Creek","tbcmp_AM_LA_IntHigh_2050","AM","LA","IntHigh","2050",2361.16408651028
"031001020103",4400,143890,"Owen Creek","tbcmp_AM_LA_IntHigh_2050","AM","LA","IntHigh","2050",142.22404158
"031001020103",5200,67563.1073137127,"Owen Creek","tbcmp_AM_LA_IntHigh_2050","AM","LA","IntHigh","2050",66.7808616572346
"031001020103",6110,1334900.14423588,"Owen Creek","tbcmp_AM_LA_IntHigh_2050","AM","LA","IntHigh","2050",1319.44467036592
"031001020103",6410,1423107.52665855,"Owen Creek","tbcmp_AM_LA_IntHigh_2050","AM","LA","IntHigh","2050",1406.6307877149
"031001020104",1100,1163108.61237053,"Maple Creek-Myakka River","tbcmp_AM_LA_IntHigh_2050","AM","LA","IntHigh","2050",1149.64214085651
"031001020104",1200,577790.992870635,"Maple Creek-Myakka River","tbcmp_AM_LA_IntHigh_2050","AM","LA","IntHigh","2050",571.101328755179
"031001020104",1900,662365.494285262,"Maple Creek-Myakka River","tbcmp_AM_LA_IntHigh_2050","AM","LA","IntHigh","2050",654.696626592428
"031001020104",2100,5117690.04941077,"Maple Creek-Myakka River","tbcmp_AM_LA_IntHigh_2050","AM","LA","IntHigh","2050",5058.43743401869
"031001020104",2200,2106337.37095125,"Maple Creek-Myakka River","tbcmp_AM_LA_IntHigh_2050","AM","LA","IntHigh","2050",2081.95019687037
"031001020104",2400,63836.9869119611,"Maple Creek-Myakka River","tbcmp_AM_LA_IntHigh_2050","AM","LA","IntHigh","2050",63.0978822774944
"031001020104",3200,1153459.31085111,"Maple Creek-Myakka River","tbcmp_AM_LA_IntHigh_2050","AM","LA","IntHigh","2050",1140.10455895008
"031001020104",4100,1562263.48779948,"Maple Creek-Myakka River","tbcmp_AM_LA_IntHigh_2050","AM","LA","IntHigh","2050",1544.17560113774
"031001020104",4400,10757,"Maple Creek-Myakka River","tbcmp_AM_LA_IntHigh_2050","AM","LA","IntHigh","2050",10.632455454
"031001020104",5200,65166.7277649903,"Maple Creek-Myakka River","tbcmp_AM_LA_IntHigh_2050","AM","LA","IntHigh","2050",64.4122273909272
"031001020104",6110,2136239.85602944,"Maple Creek-Myakka River","tbcmp_AM_LA_IntHigh_2050","AM","LA","IntHigh","2050",2111.50647097633
"031001020104",6410,985375.532749769,"Maple Creek-Myakka River","tbcmp_AM_LA_IntHigh_2050","AM","LA","IntHigh","2050",973.966854831592
"031001020201",1100,424289.881269683,"Mossy Island Slough","tbcmp_AM_LA_IntHigh_2050","AM","LA","IntHigh","2050",419.377453024342
"031001020201",1200,30432.2406444991,"Mossy Island Slough","tbcmp_AM_LA_IntHigh_2050","AM","LA","IntHigh","2050",30.0798961623171
"031001020201",1900,139150.288567321,"Mossy Island Slough","tbcmp_AM_LA_IntHigh_2050","AM","LA","IntHigh","2050",137.539206526288
"031001020201",2100,2461881.34245078,"Mossy Island Slough","tbcmp_AM_LA_IntHigh_2050","AM","LA","IntHigh","2050",2433.37768026788
"031001020201",2200,112713,"Mossy Island Slough","tbcmp_AM_LA_IntHigh_2050","AM","LA","IntHigh","2050",111.408008886
"031001020201",3200,4232549.4885187,"Mossy Island Slough","tbcmp_AM_LA_IntHigh_2050","AM","LA","IntHigh","2050",4183.54503054063
"031001020201",4100,437167.907849541,"Mossy Island Slough","tbcmp_AM_LA_IntHigh_2050","AM","LA","IntHigh","2050",432.106377812459
"031001020201",4400,24481,"Mossy Island Slough","tbcmp_AM_LA_IntHigh_2050","AM","LA","IntHigh","2050",24.197558982
"031001020201",5200,14597.9588610893,"Mossy Island Slough","tbcmp_AM_LA_IntHigh_2050","AM","LA","IntHigh","2050",14.4289436933956
"031001020201",6110,1077376.84523739,"Mossy Island Slough","tbcmp_AM_LA_IntHigh_2050","AM","LA","IntHigh","2050",1064.90297612323
"031001020201",6410,2544273.02642793,"Mossy Island Slough","tbcmp_AM_LA_IntHigh_2050","AM","LA","IntHigh","2050",2514.81543332795
"031001020202",1100,5217989.13300506,"Tatum Sawgrass-Myakka River","tbcmp_AM_LA_IntHigh_2050","AM","LA","IntHigh","2050",5157.57525482313
"031001020202",1200,158664.264955444,"Tatum Sawgrass-Myakka River","tbcmp_AM_LA_IntHigh_2050","AM","LA","IntHigh","2050",156.82725009579
"031001020202",1900,1229905.92570626,"Tatum Sawgrass-Myakka River","tbcmp_AM_LA_IntHigh_2050","AM","LA","IntHigh","2050",1215.66607489843
"031001020202",2100,9860882.25399743,"Tatum Sawgrass-Myakka River","tbcmp_AM_LA_IntHigh_2050","AM","LA","IntHigh","2050",9746.71295926065
"031001020202",2200,646853.702957029,"Tatum Sawgrass-Myakka River","tbcmp_AM_LA_IntHigh_2050","AM","LA","IntHigh","2050",639.364430784192
"031001020202",2400,233219,"Tatum Sawgrass-Myakka River","tbcmp_AM_LA_IntHigh_2050","AM","LA","IntHigh","2050",230.518790418
"031001020202",3200,1074090.14489598,"Tatum Sawgrass-Myakka River","tbcmp_AM_LA_IntHigh_2050","AM","LA","IntHigh","2050",1061.65432919837
"031001020202",4100,1967041.89276748,"Tatum Sawgrass-Myakka River","tbcmp_AM_LA_IntHigh_2050","AM","LA","IntHigh","2050",1944.26748173302
"031001020202",4400,28972,"Tatum Sawgrass-Myakka River","tbcmp_AM_LA_IntHigh_2050","AM","LA","IntHigh","2050",28.636562184
"031001020202",5200,1174608.04113885,"Tatum Sawgrass-Myakka River","tbcmp_AM_LA_IntHigh_2050","AM","LA","IntHigh","2050",1161.00842923855
"031001020202",6110,3237890.79506553,"Tatum Sawgrass-Myakka River","tbcmp_AM_LA_IntHigh_2050","AM","LA","IntHigh","2050",3200.40249544026
"031001020202",6410,3126953.70118977,"Tatum Sawgrass-Myakka River","tbcmp_AM_LA_IntHigh_2050","AM","LA","IntHigh","2050",3090.7498312374
"031001020203",1100,3245417.87356111,"Howard Creek","tbcmp_AM_LA_IntHigh_2050","AM","LA","IntHigh","2050",3207.84242542102
"031001020203",1200,217640.655811041,"Howard Creek","tbcmp_AM_LA_IntHigh_2050","AM","LA","IntHigh","2050",215.120812298061
"031001020203",1800,1842,"Howard Creek","tbcmp_AM_LA_IntHigh_2050","AM","LA","IntHigh","2050",1.820673324
"031001020203",1820,2010,"Howard Creek","tbcmp_AM_LA_IntHigh_2050","AM","LA","IntHigh","2050",1.98672822
"031001020203",1900,748264.554951197,"Howard Creek","tbcmp_AM_LA_IntHigh_2050","AM","LA","IntHigh","2050",739.601147933972
"031001020203",2100,8198091.85682156,"Howard Creek","tbcmp_AM_LA_IntHigh_2050","AM","LA","IntHigh","2050",8103.17434930328
"031001020203",2200,264431,"Howard Creek","tbcmp_AM_LA_IntHigh_2050","AM","LA","IntHigh","2050",261.369417882
"031001020203",2400,733263,"Howard Creek","tbcmp_AM_LA_IntHigh_2050","AM","LA","IntHigh","2050",724.773280986
"031001020203",3200,454632.952296746,"Howard Creek","tbcmp_AM_LA_IntHigh_2050","AM","LA","IntHigh","2050",449.369211975054
"031001020203",4100,1341436.01632694,"Howard Creek","tbcmp_AM_LA_IntHigh_2050","AM","LA","IntHigh","2050",1325.9048701299
"031001020203",5200,251646.028652104,"Howard Creek","tbcmp_AM_LA_IntHigh_2050","AM","LA","IntHigh","2050",248.73247093237
"031001020203",6110,1353193.97354865,"Howard Creek","tbcmp_AM_LA_IntHigh_2050","AM","LA","IntHigh","2050",1337.52669372291
"031001020203",6410,2082882.43535031,"Howard Creek","tbcmp_AM_LA_IntHigh_2050","AM","LA","IntHigh","2050",2058.76682251383
"031001020204",1100,845070.763028516,"Lake Myakka-Myakka River","tbcmp_AM_LA_IntHigh_2050","AM","LA","IntHigh","2050",835.286533734172
"031001020204",1200,25885.1221361829,"Lake Myakka-Myakka River","tbcmp_AM_LA_IntHigh_2050","AM","LA","IntHigh","2050",25.5854241920901
"031001020204",1800,69934,"Lake Myakka-Myakka River","tbcmp_AM_LA_IntHigh_2050","AM","LA","IntHigh","2050",69.124304148
"031001020204",1900,22591.6205618703,"Lake Myakka-Myakka River","tbcmp_AM_LA_IntHigh_2050","AM","LA","IntHigh","2050",22.3300547790049
"031001020204",2100,942223.019477441,"Lake Myakka-Myakka River","tbcmp_AM_LA_IntHigh_2050","AM","LA","IntHigh","2050",931.313961357931
"031001020204",2400,10401,"Lake Myakka-Myakka River","tbcmp_AM_LA_IntHigh_2050","AM","LA","IntHigh","2050",10.280577222
"031001020204",3200,7433054.21680685,"Lake Myakka-Myakka River","tbcmp_AM_LA_IntHigh_2050","AM","LA","IntHigh","2050",7346.99431508466
"031001020204",4100,795789.976781229,"Lake Myakka-Myakka River","tbcmp_AM_LA_IntHigh_2050","AM","LA","IntHigh","2050",786.576320430056
"031001020204",5200,1425836.03531915,"Lake Myakka-Myakka River","tbcmp_AM_LA_IntHigh_2050","AM","LA","IntHigh","2050",1409.32770570222
"031001020204",5400,8,"Lake Myakka-Myakka River","tbcmp_AM_LA_IntHigh_2050","AM","LA","IntHigh","2050",0.007907376
"031001020204",6110,3712514.69984666,"Lake Myakka-Myakka River","tbcmp_AM_LA_IntHigh_2050","AM","LA","IntHigh","2050",3669.53120465183
"031001020204",6410,4234852.79508336,"Lake Myakka-Myakka River","tbcmp_AM_LA_IntHigh_2050","AM","LA","IntHigh","2050",4185.82166942189
"031001020204",6420,1,"Lake Myakka-Myakka River","tbcmp_AM_LA_IntHigh_2050","AM","LA","IntHigh","2050",0.000988422
"031001020204",6600,7,"Lake Myakka-Myakka River","tbcmp_AM_LA_IntHigh_2050","AM","LA","IntHigh","2050",0.006918954
"031001020301",1100,57104.7012935253,"Town of Shiney Town-Myakka River","tbcmp_AM_LA_IntHigh_2050","AM","LA","IntHigh","2050",56.4435430619489
"031001020301",1200,1490044.38278774,"Town of Shiney Town-Myakka River","tbcmp_AM_LA_IntHigh_2050","AM","LA","IntHigh","2050",1472.79264892382
"031001020301",1800,16446.1601615751,"Town of Shiney Town-Myakka River","tbcmp_AM_LA_IntHigh_2050","AM","LA","IntHigh","2050",16.2557465192244
"031001020301",1820,176021,"Town of Shiney Town-Myakka River","tbcmp_AM_LA_IntHigh_2050","AM","LA","IntHigh","2050",173.983028862
"031001020301",1900,249844.675628464,"Town of Shiney Town-Myakka River","tbcmp_AM_LA_IntHigh_2050","AM","LA","IntHigh","2050",246.951973974038
"031001020301",2100,447688.151216912,"Town of Shiney Town-Myakka River","tbcmp_AM_LA_IntHigh_2050","AM","LA","IntHigh","2050",442.504817802123
"031001020301",3200,3865864.33488442,"Town of Shiney Town-Myakka River","tbcmp_AM_LA_IntHigh_2050","AM","LA","IntHigh","2050",3821.10535761513
"031001020301",4100,7341151.52747875,"Town of Shiney Town-Myakka River","tbcmp_AM_LA_IntHigh_2050","AM","LA","IntHigh","2050",7256.15567509361
"031001020301",5200,412274.895143687,"Town of Shiney Town-Myakka River","tbcmp_AM_LA_IntHigh_2050","AM","LA","IntHigh","2050",407.501576407713
"031001020301",5400,49170.4276192104,"Town of Shiney Town-Myakka River","tbcmp_AM_LA_IntHigh_2050","AM","LA","IntHigh","2050",48.6011324082352
"031001020301",6110,2831221.76050034,"Town of Shiney Town-Myakka River","tbcmp_AM_LA_IntHigh_2050","AM","LA","IntHigh","2050",2798.44187495727
"031001020301",6410,4268273.24991175,"Town of Shiney Town-Myakka River","tbcmp_AM_LA_IntHigh_2050","AM","LA","IntHigh","2050",4218.85518222427
"031001020301",6420,6776.82840746641,"Town of Shiney Town-Myakka River","tbcmp_AM_LA_IntHigh_2050","AM","LA","IntHigh","2050",6.69836628816477
"031001020301",6425,16298.5943910182,"Town of Shiney Town-Myakka River","tbcmp_AM_LA_IntHigh_2050","AM","LA","IntHigh","2050",16.1098892651589
"031001020301",6510,5377,"Town of Shiney Town-Myakka River","tbcmp_AM_LA_IntHigh_2050","AM","LA","IntHigh","2050",5.314745094
"031001020301",6600,23989.8259267807,"Town of Shiney Town-Myakka River","tbcmp_AM_LA_IntHigh_2050","AM","LA","IntHigh","2050",23.7120717222004
"031001020301",9113,5669.50030837487,"Town of Shiney Town-Myakka River","tbcmp_AM_LA_IntHigh_2050","AM","LA","IntHigh","2050",5.60385883380451
"031001020302",1100,311336.041678697,"Deer Prairie Creek","tbcmp_AM_LA_IntHigh_2050","AM","LA","IntHigh","2050",307.731392988141
"031001020302",1200,86321.5440778816,"Deer Prairie Creek","tbcmp_AM_LA_IntHigh_2050","AM","LA","IntHigh","2050",85.3221132405479
"031001020302",1900,298003.600775598,"Deer Prairie Creek","tbcmp_AM_LA_IntHigh_2050","AM","LA","IntHigh","2050",294.553315085818
"031001020302",2100,1978017.11914722,"Deer Prairie Creek","tbcmp_AM_LA_IntHigh_2050","AM","LA","IntHigh","2050",1955.11563694174
"031001020302",3200,6769373.59359038,"Deer Prairie Creek","tbcmp_AM_LA_IntHigh_2050","AM","LA","IntHigh","2050",6690.99778612379
"031001020302",4100,5760691.28025911,"Deer Prairie Creek","tbcmp_AM_LA_IntHigh_2050","AM","LA","IntHigh","2050",5693.99399661628
"031001020302",5200,84278.2789041852,"Deer Prairie Creek","tbcmp_AM_LA_IntHigh_2050","AM","LA","IntHigh","2050",83.3025049910325
"031001020302",5400,19300.3700299161,"Deer Prairie Creek","tbcmp_AM_LA_IntHigh_2050","AM","LA","IntHigh","2050",19.0769103457097
"031001020302",6110,2215590.59265803,"Deer Prairie Creek","tbcmp_AM_LA_IntHigh_2050","AM","LA","IntHigh","2050",2189.93848477624
"031001020302",6410,6825677.75123893,"Deer Prairie Creek","tbcmp_AM_LA_IntHigh_2050","AM","LA","IntHigh","2050",6746.65005423508
"031001020302",6420,12374.3658397862,"Deer Prairie Creek","tbcmp_AM_LA_IntHigh_2050","AM","LA","IntHigh","2050",12.2310954320932
"031001020302",6425,23051.5732697434,"Deer Prairie Creek","tbcmp_AM_LA_IntHigh_2050","AM","LA","IntHigh","2050",22.7846821544263
"031001020302",6510,4024.04551108542,"Deer Prairie Creek","tbcmp_AM_LA_IntHigh_2050","AM","LA","IntHigh","2050",3.97745511215808
"031001020302",6600,18909.6117317841,"Deer Prairie Creek","tbcmp_AM_LA_IntHigh_2050","AM","LA","IntHigh","2050",18.6906762471535
"031001020302",9113,1505.91189718246,"Deer Prairie Creek","tbcmp_AM_LA_IntHigh_2050","AM","LA","IntHigh","2050",1.48847644923689
"031001020303",1100,1034115.4312433,"Curry Creek-Myakka River","tbcmp_AM_LA_IntHigh_2050","AM","LA","IntHigh","2050",1022.14244278037
"031001020303",1200,5060593.05296589,"Curry Creek-Myakka River","tbcmp_AM_LA_IntHigh_2050","AM","LA","IntHigh","2050",5002.00150659866
"031001020303",1800,210414,"Curry Creek-Myakka River","tbcmp_AM_LA_IntHigh_2050","AM","LA","IntHigh","2050",207.977826708
"031001020303",1820,339352.456913679,"Curry Creek-Myakka River","tbcmp_AM_LA_IntHigh_2050","AM","LA","IntHigh","2050",335.423434167532
"031001020303",1900,1278917.22083739,"Curry Creek-Myakka River","tbcmp_AM_LA_IntHigh_2050","AM","LA","IntHigh","2050",1264.10991725453
"031001020303",2100,517036.857049622,"Curry Creek-Myakka River","tbcmp_AM_LA_IntHigh_2050","AM","LA","IntHigh","2050",511.050604318701
"031001020303",2400,61142.2558930608,"Curry Creek-Myakka River","tbcmp_AM_LA_IntHigh_2050","AM","LA","IntHigh","2050",60.434350854331
"031001020303",3200,3150616.52719073,"Curry Creek-Myakka River","tbcmp_AM_LA_IntHigh_2050","AM","LA","IntHigh","2050",3114.13868903892
"031001020303",4100,6994420.40256066,"Curry Creek-Myakka River","tbcmp_AM_LA_IntHigh_2050","AM","LA","IntHigh","2050",6913.43900313981
"031001020303",5200,1356760.80924319,"Curry Creek-Myakka River","tbcmp_AM_LA_IntHigh_2050","AM","LA","IntHigh","2050",1341.05223259377
"031001020303",5400,308890.285934606,"Curry Creek-Myakka River","tbcmp_AM_LA_IntHigh_2050","AM","LA","IntHigh","2050",305.313954204055
"031001020303",6110,1632567.07833013,"Curry Creek-Myakka River","tbcmp_AM_LA_IntHigh_2050","AM","LA","IntHigh","2050",1613.66521669723
"031001020303",6120,18088,"Curry Creek-Myakka River","tbcmp_AM_LA_IntHigh_2050","AM","LA","IntHigh","2050",17.878577136
"031001020303",6410,3146861.90726633,"Curry Creek-Myakka River","tbcmp_AM_LA_IntHigh_2050","AM","LA","IntHigh","2050",3110.427540104
"031001020303",6420,206345.066171427,"Curry Creek-Myakka River","tbcmp_AM_LA_IntHigh_2050","AM","LA","IntHigh","2050",203.956002995295
"031001020303",6425,261203.591129323,"Curry Creek-Myakka River","tbcmp_AM_LA_IntHigh_2050","AM","LA","IntHigh","2050",258.179375951228
"031001020303",6510,39755.0593255665,"Curry Creek-Myakka River","tbcmp_AM_LA_IntHigh_2050","AM","LA","IntHigh","2050",39.2947752486951
"031001020303",6600,281742.974930491,"Curry Creek-Myakka River","tbcmp_AM_LA_IntHigh_2050","AM","LA","IntHigh","2050",278.480954766745
"031001020303",9113,26434.2531235973,"Curry Creek-Myakka River","tbcmp_AM_LA_IntHigh_2050","AM","LA","IntHigh","2050",26.1281973409323
"031001020401",1100,981793.812417965,"031001020401-Cocoplum Waterway","tbcmp_AM_LA_IntHigh_2050","AM","LA","IntHigh","2050",970.42660365779
"031001020401",1200,1825907.45147177,"031001020401-Cocoplum Waterway","tbcmp_AM_LA_IntHigh_2050","AM","LA","IntHigh","2050",1804.76709499863
"031001020401",1900,3419085.39893815,"031001020401-Cocoplum Waterway","tbcmp_AM_LA_IntHigh_2050","AM","LA","IntHigh","2050",3379.49922818925
"031001020401",2100,70544,"031001020401-Cocoplum Waterway","tbcmp_AM_LA_IntHigh_2050","AM","LA","IntHigh","2050",69.727241568
"031001020401",3200,1906451.14565582,"031001020401-Cocoplum Waterway","tbcmp_AM_LA_IntHigh_2050","AM","LA","IntHigh","2050",1884.37825429142
"031001020401",4100,698170.624448731,"031001020401-Cocoplum Waterway","tbcmp_AM_LA_IntHigh_2050","AM","LA","IntHigh","2050",690.087204958864
"031001020401",5200,134671.44650306,"031001020401-Cocoplum Waterway","tbcmp_AM_LA_IntHigh_2050","AM","LA","IntHigh","2050",133.112220495447
"031001020401",6110,180781.903674483,"031001020401-Cocoplum Waterway","tbcmp_AM_LA_IntHigh_2050","AM","LA","IntHigh","2050",178.68881079374
"031001020401",6410,1224953.18246964,"031001020401-Cocoplum Waterway","tbcmp_AM_LA_IntHigh_2050","AM","LA","IntHigh","2050",1210.77067452301
"031001020402",1100,21787.1290082543,"031001020402","tbcmp_AM_LA_IntHigh_2050","AM","LA","IntHigh","2050",21.5348776285967
"031001020402",1200,1079218.41372495,"031001020402","tbcmp_AM_LA_IntHigh_2050","AM","LA","IntHigh","2050",1066.72322293084
"031001020402",1900,278610.321216166,"031001020402","tbcmp_AM_LA_IntHigh_2050","AM","LA","IntHigh","2050",275.384570917126
"031001020402",2100,1762035.60210432,"031001020402","tbcmp_AM_LA_IntHigh_2050","AM","LA","IntHigh","2050",1741.63475390316
"031001020402",2200,233740,"031001020402","tbcmp_AM_LA_IntHigh_2050","AM","LA","IntHigh","2050",231.03375828
"031001020402",2400,28786,"031001020402","tbcmp_AM_LA_IntHigh_2050","AM","LA","IntHigh","2050",28.452715692
"031001020402",3200,1158477.98988563,"031001020402","tbcmp_AM_LA_IntHigh_2050","AM","LA","IntHigh","2050",1145.06513171874
"031001020402",4100,4701810.79394245,"031001020402","tbcmp_AM_LA_IntHigh_2050","AM","LA","IntHigh","2050",4647.37322857019
"031001020402",5200,62859.4835533676,"031001020402","tbcmp_AM_LA_IntHigh_2050","AM","LA","IntHigh","2050",62.1316964527867
"031001020402",6110,745297.196332688,"031001020402","tbcmp_AM_LA_IntHigh_2050","AM","LA","IntHigh","2050",736.668145393549
"031001020402",6410,3526967.10318306,"031001020402","tbcmp_AM_LA_IntHigh_2050","AM","LA","IntHigh","2050",3486.13187806241
"031001020403",1100,463845.261367351,"031001020403-Cocoplum Waterway","tbcmp_AM_LA_IntHigh_2050","AM","LA","IntHigh","2050",458.47486093124
"031001020403",1200,8220320.19587038,"031001020403-Cocoplum Waterway","tbcmp_AM_LA_IntHigh_2050","AM","LA","IntHigh","2050",8125.1453286426
"031001020403",1800,19055,"031001020403-Cocoplum Waterway","tbcmp_AM_LA_IntHigh_2050","AM","LA","IntHigh","2050",18.83438121
"031001020403",1820,129470,"031001020403-Cocoplum Waterway","tbcmp_AM_LA_IntHigh_2050","AM","LA","IntHigh","2050",127.97099634
"031001020403",1900,806257.852141262,"031001020403-Cocoplum Waterway","tbcmp_AM_LA_IntHigh_2050","AM","LA","IntHigh","2050",796.922998729171
"031001020403",2100,549595.800778431,"031001020403-Cocoplum Waterway","tbcmp_AM_LA_IntHigh_2050","AM","LA","IntHigh","2050",543.232580597018
"031001020403",3200,365066.659353866,"031001020403-Cocoplum Waterway","tbcmp_AM_LA_IntHigh_2050","AM","LA","IntHigh","2050",360.839917571867
"031001020403",4100,1012848.88740066,"031001020403-Cocoplum Waterway","tbcmp_AM_LA_IntHigh_2050","AM","LA","IntHigh","2050",1001.12212298234
"031001020403",5200,574417.3048626,"031001020403-Cocoplum Waterway","tbcmp_AM_LA_IntHigh_2050","AM","LA","IntHigh","2050",567.766701306901
"031001020403",5400,31424.7108480837,"031001020403-Cocoplum Waterway","tbcmp_AM_LA_IntHigh_2050","AM","LA","IntHigh","2050",31.0608755458846
"031001020403",6110,128168.851682996,"031001020403-Cocoplum Waterway","tbcmp_AM_LA_IntHigh_2050","AM","LA","IntHigh","2050",126.684912718211
"031001020403",6120,32,"031001020403-Cocoplum Waterway","tbcmp_AM_LA_IntHigh_2050","AM","LA","IntHigh","2050",0.031629504
"031001020403",6410,1263246.07734438,"031001020403-Cocoplum Waterway","tbcmp_AM_LA_IntHigh_2050","AM","LA","IntHigh","2050",1248.62021426089
"031001020403",6420,7,"031001020403-Cocoplum Waterway","tbcmp_AM_LA_IntHigh_2050","AM","LA","IntHigh","2050",0.006918954
"031001020403",6425,4,"031001020403-Cocoplum Waterway","tbcmp_AM_LA_IntHigh_2050","AM","LA","IntHigh","2050",0.003953688
"031001020403",6510,1,"031001020403-Cocoplum Waterway","tbcmp_AM_LA_IntHigh_2050","AM","LA","IntHigh","2050",0.000988422
"031001020403",6600,26,"031001020403-Cocoplum Waterway","tbcmp_AM_LA_IntHigh_2050","AM","LA","IntHigh","2050",0.025698972
"031001020403",9113,6,"031001020403-Cocoplum Waterway","tbcmp_AM_LA_IntHigh_2050","AM","LA","IntHigh","2050",0.005930532
"031001020404",1100,650966.235886522,"City of North Port-Cocolum Waterway","tbcmp_AM_LA_IntHigh_2050","AM","LA","IntHigh","2050",643.429348807428
"031001020404",1200,4541410.18094871,"City of North Port-Cocolum Waterway","tbcmp_AM_LA_IntHigh_2050","AM","LA","IntHigh","2050",4488.82973387369
"031001020404",1800,7636,"City of North Port-Cocolum Waterway","tbcmp_AM_LA_IntHigh_2050","AM","LA","IntHigh","2050",7.547590392
"031001020404",1820,202052.705898756,"City of North Port-Cocolum Waterway","tbcmp_AM_LA_IntHigh_2050","AM","LA","IntHigh","2050",199.71333966986
"031001020404",1900,715963.435261607,"City of North Port-Cocolum Waterway","tbcmp_AM_LA_IntHigh_2050","AM","LA","IntHigh","2050",707.674010608149
"031001020404",2100,2066940.28921528,"City of North Port-Cocolum Waterway","tbcmp_AM_LA_IntHigh_2050","AM","LA","IntHigh","2050",2043.00925454675
"031001020404",3200,899744.923302638,"City of North Port-Cocolum Waterway","tbcmp_AM_LA_IntHigh_2050","AM","LA","IntHigh","2050",889.32767658064
"031001020404",4100,1888105.66837787,"City of North Port-Cocolum Waterway","tbcmp_AM_LA_IntHigh_2050","AM","LA","IntHigh","2050",1866.2451809494
"031001020404",5200,275334.862492924,"City of North Port-Cocolum Waterway","tbcmp_AM_LA_IntHigh_2050","AM","LA","IntHigh","2050",272.147035454981
"031001020404",5400,78884.3691026745,"City of North Port-Cocolum Waterway","tbcmp_AM_LA_IntHigh_2050","AM","LA","IntHigh","2050",77.9710458772037
"031001020404",6110,455088.8211164,"City of North Port-Cocolum Waterway","tbcmp_AM_LA_IntHigh_2050","AM","LA","IntHigh","2050",449.819802745514
"031001020404",6120,541.795038258657,"City of North Port-Cocolum Waterway","tbcmp_AM_LA_IntHigh_2050","AM","LA","IntHigh","2050",0.535522135305698
"031001020404",6410,1465461.91275893,"City of North Port-Cocolum Waterway","tbcmp_AM_LA_IntHigh_2050","AM","LA","IntHigh","2050",1448.49479473301
"031001020404",6420,245.879911861615,"City of North Port-Cocolum Waterway","tbcmp_AM_LA_IntHigh_2050","AM","LA","IntHigh","2050",0.243033114242081
"031001020404",6600,532.772932668347,"City of North Port-Cocolum Waterway","tbcmp_AM_LA_IntHigh_2050","AM","LA","IntHigh","2050",0.526604487653913
"031001020404",9113,954.827378128655,"City of North Port-Cocolum Waterway","tbcmp_AM_LA_IntHigh_2050","AM","LA","IntHigh","2050",0.943772386744682
"031001020501",1100,660261.526681312,"Wildcat Slough","tbcmp_AM_LA_IntHigh_2050","AM","LA","IntHigh","2050",652.617018725396
"031001020501",1200,24059.2501807491,"Wildcat Slough","tbcmp_AM_LA_IntHigh_2050","AM","LA","IntHigh","2050",23.7806921821564
"031001020501",1900,496682.918142282,"Wildcat Slough","tbcmp_AM_LA_IntHigh_2050","AM","LA","IntHigh","2050",490.932323316031
"031001020501",2100,5411636.68687378,"Wildcat Slough","tbcmp_AM_LA_IntHigh_2050","AM","LA","IntHigh","2050",5348.98075731316
"031001020501",2400,328154,"Wildcat Slough","tbcmp_AM_LA_IntHigh_2050","AM","LA","IntHigh","2050",324.354632988
"031001020501",3200,1126704.05143776,"Wildcat Slough","tbcmp_AM_LA_IntHigh_2050","AM","LA","IntHigh","2050",1113.65907193021
"031001020501",4100,1280791.74335146,"Wildcat Slough","tbcmp_AM_LA_IntHigh_2050","AM","LA","IntHigh","2050",1265.96273654694
"031001020501",4400,2283.43647574075,"Wildcat Slough","tbcmp_AM_LA_IntHigh_2050","AM","LA","IntHigh","2050",2.25699884822462
"031001020501",5200,23490,"Wildcat Slough","tbcmp_AM_LA_IntHigh_2050","AM","LA","IntHigh","2050",23.21803278
"031001020501",6110,1190576.378722,"Wildcat Slough","tbcmp_AM_LA_IntHigh_2050","AM","LA","IntHigh","2050",1176.79188540916
"031001020501",6410,1420504.09911231,"Wildcat Slough","tbcmp_AM_LA_IntHigh_2050","AM","LA","IntHigh","2050",1404.05750265279
"031001020502",1100,273907.890771725,"Mud Lake Slough","tbcmp_AM_LA_IntHigh_2050","AM","LA","IntHigh","2050",270.73658521237
"031001020502",1200,42254.2999690433,"Mud Lake Slough","tbcmp_AM_LA_IntHigh_2050","AM","LA","IntHigh","2050",41.7650796840017
"031001020502",1900,344063.842065151,"Mud Lake Slough","tbcmp_AM_LA_IntHigh_2050","AM","LA","IntHigh","2050",340.08027090172
"031001020502",2100,5257458.28270635,"Mud Lake Slough","tbcmp_AM_LA_IntHigh_2050","AM","LA","IntHigh","2050",5196.58743070917
"031001020502",2200,113053.306257448,"Mud Lake Slough","tbcmp_AM_LA_IntHigh_2050","AM","LA","IntHigh","2050",111.744375077599
"031001020502",2400,17863,"Mud Lake Slough","tbcmp_AM_LA_IntHigh_2050","AM","LA","IntHigh","2050",17.656182186
"031001020502",3200,982572.076719146,"Mud Lake Slough","tbcmp_AM_LA_IntHigh_2050","AM","LA","IntHigh","2050",971.195857214892
"031001020502",4100,1709337.7179816,"Mud Lake Slough","tbcmp_AM_LA_IntHigh_2050","AM","LA","IntHigh","2050",1689.54700588281
"031001020502",4400,45276.5635241938,"Mud Lake Slough","tbcmp_AM_LA_IntHigh_2050","AM","LA","IntHigh","2050",44.7523514717107
"031001020502",5200,12950,"Mud Lake Slough","tbcmp_AM_LA_IntHigh_2050","AM","LA","IntHigh","2050",12.8000649
"031001020502",6110,688564.797083603,"Mud Lake Slough","tbcmp_AM_LA_IntHigh_2050","AM","LA","IntHigh","2050",680.592593862969
"031001020502",6410,1976576.72369045,"Mud Lake Slough","tbcmp_AM_LA_IntHigh_2050","AM","LA","IntHigh","2050",1953.69191838356
"031001020503",1100,85505,"Big Slough Canal","tbcmp_AM_LA_IntHigh_2050","AM","LA","IntHigh","2050",84.51502311
"031001020503",1200,34547.5565422946,"Big Slough Canal","tbcmp_AM_LA_IntHigh_2050","AM","LA","IntHigh","2050",34.1475649326479
"031001020503",1900,496167.327307777,"Big Slough Canal","tbcmp_AM_LA_IntHigh_2050","AM","LA","IntHigh","2050",490.422701992208
"031001020503",2100,7583151.57831646,"Big Slough Canal","tbcmp_AM_LA_IntHigh_2050","AM","LA","IntHigh","2050",7495.35384934271
"031001020503",2200,1129854.69374136,"Big Slough Canal","tbcmp_AM_LA_IntHigh_2050","AM","LA","IntHigh","2050",1116.77323609722
"031001020503",3200,1485874.52910492,"Big Slough Canal","tbcmp_AM_LA_IntHigh_2050","AM","LA","IntHigh","2050",1468.67107380694
"031001020503",4100,3365344.85464293,"Big Slough Canal","tbcmp_AM_LA_IntHigh_2050","AM","LA","IntHigh","2050",3326.38089191587
"031001020503",5200,28002,"Big Slough Canal","tbcmp_AM_LA_IntHigh_2050","AM","LA","IntHigh","2050",27.677792844
"031001020503",6110,1144141.24296448,"Big Slough Canal","tbcmp_AM_LA_IntHigh_2050","AM","LA","IntHigh","2050",1130.89437565344
"031001020503",6410,3830805.10917079,"Big Slough Canal","tbcmp_AM_LA_IntHigh_2050","AM","LA","IntHigh","2050",3786.45204761681
"031001020504",1100,4451565.89881842,"Big Slough","tbcmp_AM_LA_IntHigh_2050","AM","LA","IntHigh","2050",4400.0256688419
"031001020504",1200,4083159.35524694,"Big Slough","tbcmp_AM_LA_IntHigh_2050","AM","LA","IntHigh","2050",4035.88453623189
"031001020504",1800,47736.0703424088,"Big Slough","tbcmp_AM_LA_IntHigh_2050","AM","LA","IntHigh","2050",47.1833821199844
"031001020504",1820,29719.2941010786,"Big Slough","tbcmp_AM_LA_IntHigh_2050","AM","LA","IntHigh","2050",29.3752041139763
"031001020504",1900,1001621.82381215,"Big Slough","tbcmp_AM_LA_IntHigh_2050","AM","LA","IntHigh","2050",990.025046336049
"031001020504",2100,1667187.57611141,"Big Slough","tbcmp_AM_LA_IntHigh_2050","AM","LA","IntHigh","2050",1647.88487835519
"031001020504",3200,2272359.59326486,"Big Slough","tbcmp_AM_LA_IntHigh_2050","AM","LA","IntHigh","2050",2246.05021389404
"031001020504",4100,3247112.9620115,"Big Slough","tbcmp_AM_LA_IntHigh_2050","AM","LA","IntHigh","2050",3209.51788813733
"031001020504",5200,130209.768770877,"Big Slough","tbcmp_AM_LA_IntHigh_2050","AM","LA","IntHigh","2050",128.702200068048
"031001020504",5400,115879.913259797,"Big Slough","tbcmp_AM_LA_IntHigh_2050","AM","LA","IntHigh","2050",114.538255624075
"031001020504",6110,834902.417756234,"Big Slough","tbcmp_AM_LA_IntHigh_2050","AM","LA","IntHigh","2050",825.235917563452
"031001020504",6120,10268.2049616869,"Big Slough","tbcmp_AM_LA_IntHigh_2050","AM","LA","IntHigh","2050",10.1493196846405
"031001020504",6410,2299625.23023333,"Big Slough","tbcmp_AM_LA_IntHigh_2050","AM","LA","IntHigh","2050",2273.00016931769
"031001020504",6420,67745.6561345412,"Big Slough","tbcmp_AM_LA_IntHigh_2050","AM","LA","IntHigh","2050",66.9612969278155
"031001020504",6425,20853.1268498836,"Big Slough","tbcmp_AM_LA_IntHigh_2050","AM","LA","IntHigh","2050",20.6116893472156
"031001020504",6510,2295.98062312603,"Big Slough","tbcmp_AM_LA_IntHigh_2050","AM","LA","IntHigh","2050",2.26939775947148
"031001020504",6600,38098.8747632202,"Big Slough","tbcmp_AM_LA_IntHigh_2050","AM","LA","IntHigh","2050",37.6577659912116
"031001020504",9113,7318.17262176168,"Big Slough","tbcmp_AM_LA_IntHigh_2050","AM","LA","IntHigh","2050",7.23344281914693
"031001020504",NA,0.00622291234321892,"Big Slough","tbcmp_AM_LA_IntHigh_2050","AM","LA","IntHigh","2050",6.15086346410913e-06
"031001020505",1100,1999370.23684618,"Rock Creek-Myakka River","tbcmp_AM_LA_IntHigh_2050","AM","LA","IntHigh","2050",1976.22152824397
"031001020505",1200,2082545.62111942,"Rock Creek-Myakka River","tbcmp_AM_LA_IntHigh_2050","AM","LA","IntHigh","2050",2058.4339079181
"031001020505",1800,54202.9296575539,"Rock Creek-Myakka River","tbcmp_AM_LA_IntHigh_2050","AM","LA","IntHigh","2050",53.5753681379787
"031001020505",1900,2625045.27916312,"Rock Creek-Myakka River","tbcmp_AM_LA_IntHigh_2050","AM","LA","IntHigh","2050",2594.65250492097
"031001020505",2100,59919.3034971974,"Rock Creek-Myakka River","tbcmp_AM_LA_IntHigh_2050","AM","LA","IntHigh","2050",59.2255578013069
"031001020505",3200,1436679.85312985,"Rock Creek-Myakka River","tbcmp_AM_LA_IntHigh_2050","AM","LA","IntHigh","2050",1420.04597379031
"031001020505",4100,2630175.87048516,"Rock Creek-Myakka River","tbcmp_AM_LA_IntHigh_2050","AM","LA","IntHigh","2050",2599.72369425668
"031001020505",4400,67810.7518271896,"Rock Creek-Myakka River","tbcmp_AM_LA_IntHigh_2050","AM","LA","IntHigh","2050",67.0256389425344
"031001020505",5200,161626.875422629,"Rock Creek-Myakka River","tbcmp_AM_LA_IntHigh_2050","AM","LA","IntHigh","2050",159.755559458985
"031001020505",5400,1029458.65850601,"Rock Creek-Myakka River","tbcmp_AM_LA_IntHigh_2050","AM","LA","IntHigh","2050",1017.53958615782
"031001020505",6110,249062.376830126,"Rock Creek-Myakka River","tbcmp_AM_LA_IntHigh_2050","AM","LA","IntHigh","2050",246.178732631187
"031001020505",6120,4044,"Rock Creek-Myakka River","tbcmp_AM_LA_IntHigh_2050","AM","LA","IntHigh","2050",3.997178568
"031001020505",6410,1007251.24008663,"Rock Creek-Myakka River","tbcmp_AM_LA_IntHigh_2050","AM","LA","IntHigh","2050",995.589285228907
"031001020505",6420,549169.106757943,"Rock Creek-Myakka River","tbcmp_AM_LA_IntHigh_2050","AM","LA","IntHigh","2050",542.8108268399
"031001020505",6425,169878.20782444,"Rock Creek-Myakka River","tbcmp_AM_LA_IntHigh_2050","AM","LA","IntHigh","2050",167.911357934248
"031001020505",6510,30050.0803943456,"Rock Creek-Myakka River","tbcmp_AM_LA_IntHigh_2050","AM","LA","IntHigh","2050",29.7021605635398
"031001020505",6600,153178.400070445,"Rock Creek-Myakka River","tbcmp_AM_LA_IntHigh_2050","AM","LA","IntHigh","2050",151.404900554429
"031001020505",9113,197476.732299162,"Rock Creek-Myakka River","tbcmp_AM_LA_IntHigh_2050","AM","LA","IntHigh","2050",195.190346692602
"031001020506",0,2394,"Tippecanoe Bay-Myakka River","tbcmp_AM_LA_IntHigh_2050","AM","LA","IntHigh","2050",2.366282268
"031001020506",1100,3138403.90375459,"Tippecanoe Bay-Myakka River","tbcmp_AM_LA_IntHigh_2050","AM","LA","IntHigh","2050",3102.06746335692
"031001020506",1200,3683886.3715731,"Tippecanoe Bay-Myakka River","tbcmp_AM_LA_IntHigh_2050","AM","LA","IntHigh","2050",3641.23433516303
"031001020506",1800,225318,"Tippecanoe Bay-Myakka River","tbcmp_AM_LA_IntHigh_2050","AM","LA","IntHigh","2050",222.709268196
"031001020506",1820,144637,"Tippecanoe Bay-Myakka River","tbcmp_AM_LA_IntHigh_2050","AM","LA","IntHigh","2050",142.962392814
"031001020506",1900,3203962.60690788,"Tippecanoe Bay-Myakka River","tbcmp_AM_LA_IntHigh_2050","AM","LA","IntHigh","2050",3166.8671278451
"031001020506",2100,4592,"Tippecanoe Bay-Myakka River","tbcmp_AM_LA_IntHigh_2050","AM","LA","IntHigh","2050",4.538833824
"031001020506",3200,987795.382759857,"Tippecanoe Bay-Myakka River","tbcmp_AM_LA_IntHigh_2050","AM","LA","IntHigh","2050",976.358687818264
"031001020506",4100,1641855.01318885,"Tippecanoe Bay-Myakka River","tbcmp_AM_LA_IntHigh_2050","AM","LA","IntHigh","2050",1622.84561584615
"031001020506",4400,135493.561468534,"Tippecanoe Bay-Myakka River","tbcmp_AM_LA_IntHigh_2050","AM","LA","IntHigh","2050",133.924817013851
"031001020506",5200,302193.570052225,"Tippecanoe Bay-Myakka River","tbcmp_AM_LA_IntHigh_2050","AM","LA","IntHigh","2050",298.694772898161
"031001020506",5400,3673516.95926623,"Tippecanoe Bay-Myakka River","tbcmp_AM_LA_IntHigh_2050","AM","LA","IntHigh","2050",3630.98497991184
"031001020506",6110,28267.9885183722,"Tippecanoe Bay-Myakka River","tbcmp_AM_LA_IntHigh_2050","AM","LA","IntHigh","2050",27.9407017473065
"031001020506",6120,98572.6780609083,"Tippecanoe Bay-Myakka River","tbcmp_AM_LA_IntHigh_2050","AM","LA","IntHigh","2050",97.4314035943191
"031001020506",6410,480751.00173919,"Tippecanoe Bay-Myakka River","tbcmp_AM_LA_IntHigh_2050","AM","LA","IntHigh","2050",475.184866641054
"031001020506",6420,590854.364616683,"Tippecanoe Bay-Myakka River","tbcmp_AM_LA_IntHigh_2050","AM","LA","IntHigh","2050",584.013452783151
"031001020506",6425,766243.487613632,"Tippecanoe Bay-Myakka River","tbcmp_AM_LA_IntHigh_2050","AM","LA","IntHigh","2050",757.371920514042
"031001020506",6510,41743.6907488005,"Tippecanoe Bay-Myakka River","tbcmp_AM_LA_IntHigh_2050","AM","LA","IntHigh","2050",41.2603822973109
"031001020506",6600,381097.539643766,"Tippecanoe Bay-Myakka River","tbcmp_AM_LA_IntHigh_2050","AM","LA","IntHigh","2050",376.685192329771
"031001020506",9113,838034.313424127,"Tippecanoe Bay-Myakka River","tbcmp_AM_LA_IntHigh_2050","AM","LA","IntHigh","2050",828.331552143302
"031001030202",6120,5067.72667200875,"Charlotte Harbor","tbcmp_AM_LA_IntHigh_2050","AM","LA","IntHigh","2050",5.00905253260024
"031001030202",9113,8.30113080516458,"Charlotte Harbor","tbcmp_AM_LA_IntHigh_2050","AM","LA","IntHigh","2050",0.00820502031270238
"031002010101",0,17829.5801443458,"Palma Sola Bay-Frontal Anna Maria Sound","tbcmp_AM_LA_IntHigh_2050","AM","LA","IntHigh","2050",17.6231492654345
"031002010101",1100,236751.920721715,"Palma Sola Bay-Frontal Anna Maria Sound","tbcmp_AM_LA_IntHigh_2050","AM","LA","IntHigh","2050",234.010806983599
"031002010101",1200,9608021.89784547,"Palma Sola Bay-Frontal Anna Maria Sound","tbcmp_AM_LA_IntHigh_2050","AM","LA","IntHigh","2050",9496.78022031222
"031002010101",1800,450746,"Palma Sola Bay-Frontal Anna Maria Sound","tbcmp_AM_LA_IntHigh_2050","AM","LA","IntHigh","2050",445.527262812
"031002010101",1820,324359.97329827,"Palma Sola Bay-Frontal Anna Maria Sound","tbcmp_AM_LA_IntHigh_2050","AM","LA","IntHigh","2050",320.604533527423
"031002010101",1900,817369.482259203,"Palma Sola Bay-Frontal Anna Maria Sound","tbcmp_AM_LA_IntHigh_2050","AM","LA","IntHigh","2050",807.905978393606
"031002010101",2100,403452,"Palma Sola Bay-Frontal Anna Maria Sound","tbcmp_AM_LA_IntHigh_2050","AM","LA","IntHigh","2050",398.780832744
"031002010101",2200,2504,"Palma Sola Bay-Frontal Anna Maria Sound","tbcmp_AM_LA_IntHigh_2050","AM","LA","IntHigh","2050",2.475008688
"031002010101",2400,174398,"Palma Sola Bay-Frontal Anna Maria Sound","tbcmp_AM_LA_IntHigh_2050","AM","LA","IntHigh","2050",172.378819956
"031002010101",3200,23845,"Palma Sola Bay-Frontal Anna Maria Sound","tbcmp_AM_LA_IntHigh_2050","AM","LA","IntHigh","2050",23.56892259
"031002010101",4100,208280.757701516,"Palma Sola Bay-Frontal Anna Maria Sound","tbcmp_AM_LA_IntHigh_2050","AM","LA","IntHigh","2050",205.869283088848
"031002010101",5200,682309.841591176,"Palma Sola Bay-Frontal Anna Maria Sound","tbcmp_AM_LA_IntHigh_2050","AM","LA","IntHigh","2050",674.410058245233
"031002010101",5400,1823299.52957415,"Palma Sola Bay-Frontal Anna Maria Sound","tbcmp_AM_LA_IntHigh_2050","AM","LA","IntHigh","2050",1802.18936762074
"031002010101",6110,411149.659886818,"Palma Sola Bay-Frontal Anna Maria Sound","tbcmp_AM_LA_IntHigh_2050","AM","LA","IntHigh","2050",406.389369124649
"031002010101",6120,1581394.05753015,"Palma Sola Bay-Frontal Anna Maria Sound","tbcmp_AM_LA_IntHigh_2050","AM","LA","IntHigh","2050",1563.08467713207
"031002010101",6410,38355.3553591303,"Palma Sola Bay-Frontal Anna Maria Sound","tbcmp_AM_LA_IntHigh_2050","AM","LA","IntHigh","2050",37.9112770547823
"031002010101",6420,106400.409838873,"Palma Sola Bay-Frontal Anna Maria Sound","tbcmp_AM_LA_IntHigh_2050","AM","LA","IntHigh","2050",105.168505893759
"031002010101",6425,1398.52817495203,"Palma Sola Bay-Frontal Anna Maria Sound","tbcmp_AM_LA_IntHigh_2050","AM","LA","IntHigh","2050",1.38233601574243
"031002010101",6510,299.649663702585,"Palma Sola Bay-Frontal Anna Maria Sound","tbcmp_AM_LA_IntHigh_2050","AM","LA","IntHigh","2050",0.296180319896236
"031002010101",6600,288149.879590713,"Palma Sola Bay-Frontal Anna Maria Sound","tbcmp_AM_LA_IntHigh_2050","AM","LA","IntHigh","2050",284.813680284812
"031002010101",7100,3351,"Palma Sola Bay-Frontal Anna Maria Sound","tbcmp_AM_LA_IntHigh_2050","AM","LA","IntHigh","2050",3.312202122
"031002010101",9113,1839953.54686168,"Palma Sola Bay-Frontal Anna Maria Sound","tbcmp_AM_LA_IntHigh_2050","AM","LA","IntHigh","2050",1818.65056469612
"031002010102",0,2381.89800487459,"Roberts Bay-Frontal Sarasota Bay","tbcmp_AM_LA_IntHigh_2050","AM","LA","IntHigh","2050",2.35432038977415
"031002010102",1100,491411.629385991,"Roberts Bay-Frontal Sarasota Bay","tbcmp_AM_LA_IntHigh_2050","AM","LA","IntHigh","2050",485.72206554096
"031002010102",1200,14814232.943203,"Roberts Bay-Frontal Sarasota Bay","tbcmp_AM_LA_IntHigh_2050","AM","LA","IntHigh","2050",14642.7137541866
"031002010102",1800,321609.326887695,"Roberts Bay-Frontal Sarasota Bay","tbcmp_AM_LA_IntHigh_2050","AM","LA","IntHigh","2050",317.885734100989
"031002010102",1820,134866,"Roberts Bay-Frontal Sarasota Bay","tbcmp_AM_LA_IntHigh_2050","AM","LA","IntHigh","2050",133.304521452
"031002010102",1900,489658.41865345,"Roberts Bay-Frontal Sarasota Bay","tbcmp_AM_LA_IntHigh_2050","AM","LA","IntHigh","2050",483.98915348228
"031002010102",2100,126685.97895069,"Roberts Bay-Frontal Sarasota Bay","tbcmp_AM_LA_IntHigh_2050","AM","LA","IntHigh","2050",125.219208686399
"031002010102",2400,10695.7956528178,"Roberts Bay-Frontal Sarasota Bay","tbcmp_AM_LA_IntHigh_2050","AM","LA","IntHigh","2050",10.5719597307495
"031002010102",3200,24785.2723613173,"Roberts Bay-Frontal Sarasota Bay","tbcmp_AM_LA_IntHigh_2050","AM","LA","IntHigh","2050",24.498308477918
"031002010102",4100,247523.418908752,"Roberts Bay-Frontal Sarasota Bay","tbcmp_AM_LA_IntHigh_2050","AM","LA","IntHigh","2050",244.657592764626
"031002010102",5200,324563.798774376,"Roberts Bay-Frontal Sarasota Bay","tbcmp_AM_LA_IntHigh_2050","AM","LA","IntHigh","2050",320.805999112166
"031002010102",5400,876149.212182141,"Roberts Bay-Frontal Sarasota Bay","tbcmp_AM_LA_IntHigh_2050","AM","LA","IntHigh","2050",866.005156603496
"031002010102",6110,191048.87640762,"Roberts Bay-Frontal Sarasota Bay","tbcmp_AM_LA_IntHigh_2050","AM","LA","IntHigh","2050",188.836912516573
"031002010102",6120,93137.3420215986,"Roberts Bay-Frontal Sarasota Bay","tbcmp_AM_LA_IntHigh_2050","AM","LA","IntHigh","2050",92.0589978756725
"031002010102",6410,104338.084022525,"Roberts Bay-Frontal Sarasota Bay","tbcmp_AM_LA_IntHigh_2050","AM","LA","IntHigh","2050",103.130057685712
"031002010102",6420,2857.32584892467,"Roberts Bay-Frontal Sarasota Bay","tbcmp_AM_LA_IntHigh_2050","AM","LA","IntHigh","2050",2.82424373024582
"031002010102",6425,22391.8520268612,"Roberts Bay-Frontal Sarasota Bay","tbcmp_AM_LA_IntHigh_2050","AM","LA","IntHigh","2050",22.1325991640942
"031002010102",6510,3834.40467959084,"Roberts Bay-Frontal Sarasota Bay","tbcmp_AM_LA_IntHigh_2050","AM","LA","IntHigh","2050",3.79000994221053
"031002010102",6600,8845.02618319774,"Roberts Bay-Frontal Sarasota Bay","tbcmp_AM_LA_IntHigh_2050","AM","LA","IntHigh","2050",8.74261847004868
"031002010102",9113,369402.310576303,"Roberts Bay-Frontal Sarasota Bay","tbcmp_AM_LA_IntHigh_2050","AM","LA","IntHigh","2050",365.12537062445
"031002010103",0,7518.97320927472,"Sarasota Bay","tbcmp_AM_LA_IntHigh_2050","AM","LA","IntHigh","2050",7.43191853745774
"031002010103",1100,108330.084833644,"Sarasota Bay","tbcmp_AM_LA_IntHigh_2050","AM","LA","IntHigh","2050",107.075839111441
"031002010103",1200,3989420.9026077,"Sarasota Bay","tbcmp_AM_LA_IntHigh_2050","AM","LA","IntHigh","2050",3943.23138739731
"031002010103",1800,526745.314430175,"Sarasota Bay","tbcmp_AM_LA_IntHigh_2050","AM","LA","IntHigh","2050",520.646657179703
"031002010103",1820,307671,"Sarasota Bay","tbcmp_AM_LA_IntHigh_2050","AM","LA","IntHigh","2050",304.108785162
"031002010103",1900,19676.8162091072,"Sarasota Bay","tbcmp_AM_LA_IntHigh_2050","AM","LA","IntHigh","2050",19.4489980310382
"031002010103",3200,49095.8935257861,"Sarasota Bay","tbcmp_AM_LA_IntHigh_2050","AM","LA","IntHigh","2050",48.5274612705446
"031002010103",4100,69961.1792589589,"Sarasota Bay","tbcmp_AM_LA_IntHigh_2050","AM","LA","IntHigh","2050",69.1511687254987
"031002010103",5200,6770,"Sarasota Bay","tbcmp_AM_LA_IntHigh_2050","AM","LA","IntHigh","2050",6.69161694
"031002010103",5400,16905814.6019755,"Sarasota Bay","tbcmp_AM_LA_IntHigh_2050","AM","LA","IntHigh","2050",16710.0790805139
"031002010103",6110,11163,"Sarasota Bay","tbcmp_AM_LA_IntHigh_2050","AM","LA","IntHigh","2050",11.033754786
"031002010103",6120,733298.651425692,"Sarasota Bay","tbcmp_AM_LA_IntHigh_2050","AM","LA","IntHigh","2050",724.808519639485
"031002010103",6410,69,"Sarasota Bay","tbcmp_AM_LA_IntHigh_2050","AM","LA","IntHigh","2050",0.068201118
"031002010103",6420,27129.2497286719,"Sarasota Bay","tbcmp_AM_LA_IntHigh_2050","AM","LA","IntHigh","2050",26.8151472753134
"031002010103",6600,119812.444911957,"Sarasota Bay","tbcmp_AM_LA_IntHigh_2050","AM","LA","IntHigh","2050",118.425256424767
"031002010103",9113,5645899.76020823,"Sarasota Bay","tbcmp_AM_LA_IntHigh_2050","AM","LA","IntHigh","2050",5580.53153278454
"031002010201",1100,4014496.17992204,"Gum Slough","tbcmp_AM_LA_IntHigh_2050","AM","LA","IntHigh","2050",3968.0163431509
"031002010201",1200,1036021.92896101,"Gum Slough","tbcmp_AM_LA_IntHigh_2050","AM","LA","IntHigh","2050",1024.0268670675
"031002010201",1800,22845.3983231056,"Gum Slough","tbcmp_AM_LA_IntHigh_2050","AM","LA","IntHigh","2050",22.5808943013206
"031002010201",1820,26774.9628329848,"Gum Slough","tbcmp_AM_LA_IntHigh_2050","AM","LA","IntHigh","2050",26.4649623133045
"031002010201",1900,599146.93492451,"Gum Slough","tbcmp_AM_LA_IntHigh_2050","AM","LA","IntHigh","2050",592.210011711954
"031002010201",2100,5191026.29690043,"Gum Slough","tbcmp_AM_LA_IntHigh_2050","AM","LA","IntHigh","2050",5130.92459443492
"031002010201",2400,130111.387372119,"Gum Slough","tbcmp_AM_LA_IntHigh_2050","AM","LA","IntHigh","2050",128.604957729124
"031002010201",3200,929655.360328557,"Gum Slough","tbcmp_AM_LA_IntHigh_2050","AM","LA","IntHigh","2050",918.891810566673
"031002010201",4100,2370327.10175095,"Gum Slough","tbcmp_AM_LA_IntHigh_2050","AM","LA","IntHigh","2050",2342.88345456688
"031002010201",4400,44091,"Gum Slough","tbcmp_AM_LA_IntHigh_2050","AM","LA","IntHigh","2050",43.580514402
"031002010201",5200,506012.454004102,"Gum Slough","tbcmp_AM_LA_IntHigh_2050","AM","LA","IntHigh","2050",500.153841811642
"031002010201",6110,1593817.20303111,"Gum Slough","tbcmp_AM_LA_IntHigh_2050","AM","LA","IntHigh","2050",1575.36398745442
"031002010201",6410,2130238.5898297,"Gum Slough","tbcmp_AM_LA_IntHigh_2050","AM","LA","IntHigh","2050",2105.57468743665
"031002010202",0,667.412318140268,"Dona Bay-Frontal Gulf of Mexico","tbcmp_AM_LA_IntHigh_2050","AM","LA","IntHigh","2050",0.65968501832084
"031002010202",1100,3816725.47192519,"Dona Bay-Frontal Gulf of Mexico","tbcmp_AM_LA_IntHigh_2050","AM","LA","IntHigh","2050",3772.53542441124
"031002010202",1200,9397417.15149955,"Dona Bay-Frontal Gulf of Mexico","tbcmp_AM_LA_IntHigh_2050","AM","LA","IntHigh","2050",9288.61385571949
"031002010202",1800,320218.524701351,"Dona Bay-Frontal Gulf of Mexico","tbcmp_AM_LA_IntHigh_2050","AM","LA","IntHigh","2050",316.511034622359
"031002010202",1820,1015928.44846645,"Dona Bay-Frontal Gulf of Mexico","tbcmp_AM_LA_IntHigh_2050","AM","LA","IntHigh","2050",1004.1660288901
"031002010202",1900,2340501.65101631,"Dona Bay-Frontal Gulf of Mexico","tbcmp_AM_LA_IntHigh_2050","AM","LA","IntHigh","2050",2313.40332290085
"031002010202",2100,4901240.72163132,"Dona Bay-Frontal Gulf of Mexico","tbcmp_AM_LA_IntHigh_2050","AM","LA","IntHigh","2050",4844.49415655627
"031002010202",2200,519167,"Dona Bay-Frontal Gulf of Mexico","tbcmp_AM_LA_IntHigh_2050","AM","LA","IntHigh","2050",513.156084474
"031002010202",2400,88317.7441067624,"Dona Bay-Frontal Gulf of Mexico","tbcmp_AM_LA_IntHigh_2050","AM","LA","IntHigh","2050",87.2952012654943
"031002010202",3200,866072.307208603,"Dona Bay-Frontal Gulf of Mexico","tbcmp_AM_LA_IntHigh_2050","AM","LA","IntHigh","2050",856.044922035742
"031002010202",4100,4794280.50807644,"Dona Bay-Frontal Gulf of Mexico","tbcmp_AM_LA_IntHigh_2050","AM","LA","IntHigh","2050",4738.77232835393
"031002010202",4400,13038,"Dona Bay-Frontal Gulf of Mexico","tbcmp_AM_LA_IntHigh_2050","AM","LA","IntHigh","2050",12.887046036
"031002010202",5200,1950872.35260928,"Dona Bay-Frontal Gulf of Mexico","tbcmp_AM_LA_IntHigh_2050","AM","LA","IntHigh","2050",1928.28515251077
"031002010202",5400,799984.667053095,"Dona Bay-Frontal Gulf of Mexico","tbcmp_AM_LA_IntHigh_2050","AM","LA","IntHigh","2050",790.722444577955
"031002010202",6110,1867782.48067902,"Dona Bay-Frontal Gulf of Mexico","tbcmp_AM_LA_IntHigh_2050","AM","LA","IntHigh","2050",1846.15729511772
"031002010202",6120,58112.7904078068,"Dona Bay-Frontal Gulf of Mexico","tbcmp_AM_LA_IntHigh_2050","AM","LA","IntHigh","2050",57.4399605204652
"031002010202",6410,4371323.51383174,"Dona Bay-Frontal Gulf of Mexico","tbcmp_AM_LA_IntHigh_2050","AM","LA","IntHigh","2050",4320.7123301886
"031002010202",6420,38065.1275664293,"Dona Bay-Frontal Gulf of Mexico","tbcmp_AM_LA_IntHigh_2050","AM","LA","IntHigh","2050",37.6244095194652
"031002010202",6425,66073,"Dona Bay-Frontal Gulf of Mexico","tbcmp_AM_LA_IntHigh_2050","AM","LA","IntHigh","2050",65.308006806
"031002010202",6510,14342,"Dona Bay-Frontal Gulf of Mexico","tbcmp_AM_LA_IntHigh_2050","AM","LA","IntHigh","2050",14.175948324
"031002010202",6600,40869.696665255,"Dona Bay-Frontal Gulf of Mexico","tbcmp_AM_LA_IntHigh_2050","AM","LA","IntHigh","2050",40.3965073172647
"031002010202",9113,518841.43929146,"Dona Bay-Frontal Gulf of Mexico","tbcmp_AM_LA_IntHigh_2050","AM","LA","IntHigh","2050",512.834293107343
"031002010203",1100,3935629.33491881,"Philippee Creek","tbcmp_AM_LA_IntHigh_2050","AM","LA","IntHigh","2050",3890.06261847912
"031002010203",1200,22674469.3371505,"Philippee Creek","tbcmp_AM_LA_IntHigh_2050","AM","LA","IntHigh","2050",22411.944331165
"031002010203",1800,873322.343630357,"Philippee Creek","tbcmp_AM_LA_IntHigh_2050","AM","LA","IntHigh","2050",863.211017535805
"031002010203",1820,1086875.67054236,"Philippee Creek","tbcmp_AM_LA_IntHigh_2050","AM","LA","IntHigh","2050",1074.29182402882
"031002010203",1900,1499854.55152019,"Philippee Creek","tbcmp_AM_LA_IntHigh_2050","AM","LA","IntHigh","2050",1482.48923552269
"031002010203",2100,729365.247960431,"Philippee Creek","tbcmp_AM_LA_IntHigh_2050","AM","LA","IntHigh","2050",720.920657119545
"031002010203",2200,10049,"Philippee Creek","tbcmp_AM_LA_IntHigh_2050","AM","LA","IntHigh","2050",9.932652678
"031002010203",2400,84346.960387173,"Philippee Creek","tbcmp_AM_LA_IntHigh_2050","AM","LA","IntHigh","2050",83.3703912798103
"031002010203",3200,124778.346016106,"Philippee Creek","tbcmp_AM_LA_IntHigh_2050","AM","LA","IntHigh","2050",123.333662325932
"031002010203",4100,1383904.09544342,"Philippee Creek","tbcmp_AM_LA_IntHigh_2050","AM","LA","IntHigh","2050",1367.88125382638
"031002010203",5200,2111284.48699191,"Philippee Creek","tbcmp_AM_LA_IntHigh_2050","AM","LA","IntHigh","2050",2086.84003520152
"031002010203",5400,165652.895919395,"Philippee Creek","tbcmp_AM_LA_IntHigh_2050","AM","LA","IntHigh","2050",163.73496669044
"031002010203",6110,916014.856483806,"Philippee Creek","tbcmp_AM_LA_IntHigh_2050","AM","LA","IntHigh","2050",905.409236475437
"031002010203",6410,943700.708349622,"Philippee Creek","tbcmp_AM_LA_IntHigh_2050","AM","LA","IntHigh","2050",932.77454154835
"031002010203",6420,882.546204923703,"Philippee Creek","tbcmp_AM_LA_IntHigh_2050","AM","LA","IntHigh","2050",0.872328084963096
"031002010203",6425,19984.077139672,"Philippee Creek","tbcmp_AM_LA_IntHigh_2050","AM","LA","IntHigh","2050",19.7527014945489
"031002010203",6510,2072.46313506365,"Philippee Creek","tbcmp_AM_LA_IntHigh_2050","AM","LA","IntHigh","2050",2.04846815688588
"031002010203",6600,3030.71119489707,"Philippee Creek","tbcmp_AM_LA_IntHigh_2050","AM","LA","IntHigh","2050",2.99562162068255
"031002010203",9113,3462,"Philippee Creek","tbcmp_AM_LA_IntHigh_2050","AM","LA","IntHigh","2050",3.421916964
"031002010204",0,2969,"Little Sarasota Bay-Frontal Gulf of Mexico","tbcmp_AM_LA_IntHigh_2050","AM","LA","IntHigh","2050",2.934624918
"031002010204",1100,698653.42776488,"Little Sarasota Bay-Frontal Gulf of Mexico","tbcmp_AM_LA_IntHigh_2050","AM","LA","IntHigh","2050",690.564418378218
"031002010204",1200,11995911.0267855,"Little Sarasota Bay-Frontal Gulf of Mexico","tbcmp_AM_LA_IntHigh_2050","AM","LA","IntHigh","2050",11857.0223689174
"031002010204",1800,350346.067163664,"Little Sarasota Bay-Frontal Gulf of Mexico","tbcmp_AM_LA_IntHigh_2050","AM","LA","IntHigh","2050",346.289760398043
"031002010204",1820,946526,"Little Sarasota Bay-Frontal Gulf of Mexico","tbcmp_AM_LA_IntHigh_2050","AM","LA","IntHigh","2050",935.567121972
"031002010204",1900,664484.464164892,"Little Sarasota Bay-Frontal Gulf of Mexico","tbcmp_AM_LA_IntHigh_2050","AM","LA","IntHigh","2050",656.79106303879
"031002010204",2100,3051250.83207654,"Little Sarasota Bay-Frontal Gulf of Mexico","tbcmp_AM_LA_IntHigh_2050","AM","LA","IntHigh","2050",3015.92344994275
"031002010204",2200,5334,"Little Sarasota Bay-Frontal Gulf of Mexico","tbcmp_AM_LA_IntHigh_2050","AM","LA","IntHigh","2050",5.272242948
"031002010204",2400,6848,"Little Sarasota Bay-Frontal Gulf of Mexico","tbcmp_AM_LA_IntHigh_2050","AM","LA","IntHigh","2050",6.768713856
"031002010204",3200,547550.508866238,"Little Sarasota Bay-Frontal Gulf of Mexico","tbcmp_AM_LA_IntHigh_2050","AM","LA","IntHigh","2050",541.210969074584
"031002010204",4100,2553700.95011251,"Little Sarasota Bay-Frontal Gulf of Mexico","tbcmp_AM_LA_IntHigh_2050","AM","LA","IntHigh","2050",2524.13420051211
"031002010204",5200,1559621.25255496,"Little Sarasota Bay-Frontal Gulf of Mexico","tbcmp_AM_LA_IntHigh_2050","AM","LA","IntHigh","2050",1541.56395769287
"031002010204",5400,1522745.02243889,"Little Sarasota Bay-Frontal Gulf of Mexico","tbcmp_AM_LA_IntHigh_2050","AM","LA","IntHigh","2050",1505.11468056909
"031002010204",6110,609889.513674706,"Little Sarasota Bay-Frontal Gulf of Mexico","tbcmp_AM_LA_IntHigh_2050","AM","LA","IntHigh","2050",602.82821288538
"031002010204",6120,184802.519343877,"Little Sarasota Bay-Frontal Gulf of Mexico","tbcmp_AM_LA_IntHigh_2050","AM","LA","IntHigh","2050",182.662875774913
"031002010204",6410,2422006.05000912,"Little Sarasota Bay-Frontal Gulf of Mexico","tbcmp_AM_LA_IntHigh_2050","AM","LA","IntHigh","2050",2393.96406396211
"031002010204",6420,20140.5300273039,"Little Sarasota Bay-Frontal Gulf of Mexico","tbcmp_AM_LA_IntHigh_2050","AM","LA","IntHigh","2050",19.9073429706478
"031002010204",6425,24244.069014844,"Little Sarasota Bay-Frontal Gulf of Mexico","tbcmp_AM_LA_IntHigh_2050","AM","LA","IntHigh","2050",23.9633711837901
"031002010204",6510,3949.13218539953,"Little Sarasota Bay-Frontal Gulf of Mexico","tbcmp_AM_LA_IntHigh_2050","AM","LA","IntHigh","2050",3.90340913295698
"031002010204",6600,33101.3180555783,"Little Sarasota Bay-Frontal Gulf of Mexico","tbcmp_AM_LA_IntHigh_2050","AM","LA","IntHigh","2050",32.7180709951308
"031002010204",9113,1114577.89661379,"Little Sarasota Bay-Frontal Gulf of Mexico","tbcmp_AM_LA_IntHigh_2050","AM","LA","IntHigh","2050",1101.6733137268
"031002010205",0,2098.58768188953,"Alligator Creek-Frontal Gulf of Mexico","tbcmp_AM_LA_IntHigh_2050","AM","LA","IntHigh","2050",2.07429023370862
"031002010205",1100,329261.012276345,"Alligator Creek-Frontal Gulf of Mexico","tbcmp_AM_LA_IntHigh_2050","AM","LA","IntHigh","2050",325.448828276209
"031002010205",1200,10570206.5231731,"Alligator Creek-Frontal Gulf of Mexico","tbcmp_AM_LA_IntHigh_2050","AM","LA","IntHigh","2050",10447.8246720478
"031002010205",1800,443690.823837528,"Alligator Creek-Frontal Gulf of Mexico","tbcmp_AM_LA_IntHigh_2050","AM","LA","IntHigh","2050",438.553771479137
"031002010205",1820,644492.5905642,"Alligator Creek-Frontal Gulf of Mexico","tbcmp_AM_LA_IntHigh_2050","AM","LA","IntHigh","2050",637.030655350647
"031002010205",1900,231960.588372465,"Alligator Creek-Frontal Gulf of Mexico","tbcmp_AM_LA_IntHigh_2050","AM","LA","IntHigh","2050",229.274948680288
"031002010205",2100,6265.39430300362,"Alligator Creek-Frontal Gulf of Mexico","tbcmp_AM_LA_IntHigh_2050","AM","LA","IntHigh","2050",6.19285356776344
"031002010205",3200,288244.247030298,"Alligator Creek-Frontal Gulf of Mexico","tbcmp_AM_LA_IntHigh_2050","AM","LA","IntHigh","2050",284.906955138181
"031002010205",4100,452898.022491432,"Alligator Creek-Frontal Gulf of Mexico","tbcmp_AM_LA_IntHigh_2050","AM","LA","IntHigh","2050",447.654369187027
"031002010205",5200,654681.486164848,"Alligator Creek-Frontal Gulf of Mexico","tbcmp_AM_LA_IntHigh_2050","AM","LA","IntHigh","2050",647.101583918032
"031002010205",5400,367205.567715011,"Alligator Creek-Frontal Gulf of Mexico","tbcmp_AM_LA_IntHigh_2050","AM","LA","IntHigh","2050",362.954061652007
"031002010205",6110,409370.699430406,"Alligator Creek-Frontal Gulf of Mexico","tbcmp_AM_LA_IntHigh_2050","AM","LA","IntHigh","2050",404.631005472401
"031002010205",6120,192620.414791609,"Alligator Creek-Frontal Gulf of Mexico","tbcmp_AM_LA_IntHigh_2050","AM","LA","IntHigh","2050",190.390255629152
"031002010205",6410,403561.957229171,"Alligator Creek-Frontal Gulf of Mexico","tbcmp_AM_LA_IntHigh_2050","AM","LA","IntHigh","2050",398.889516888372
"031002010205",6420,37252.5487664244,"Alligator Creek-Frontal Gulf of Mexico","tbcmp_AM_LA_IntHigh_2050","AM","LA","IntHigh","2050",36.8212387568067
"031002010205",6510,11,"Alligator Creek-Frontal Gulf of Mexico","tbcmp_AM_LA_IntHigh_2050","AM","LA","IntHigh","2050",0.010872642
"031002010205",6600,67539.4194550495,"Alligator Creek-Frontal Gulf of Mexico","tbcmp_AM_LA_IntHigh_2050","AM","LA","IntHigh","2050",66.757448056599
"031002010205",9113,353368.244537435,"Alligator Creek-Frontal Gulf of Mexico","tbcmp_AM_LA_IntHigh_2050","AM","LA","IntHigh","2050",349.276947002181
"031002010301",0,549,"Gottfried Creek-Frontal Gulf of Mexico","tbcmp_AM_LA_IntHigh_2050","AM","LA","IntHigh","2050",0.542643678
"031002010301",1100,1317642.52224304,"Gottfried Creek-Frontal Gulf of Mexico","tbcmp_AM_LA_IntHigh_2050","AM","LA","IntHigh","2050",1302.38685712051
"031002010301",1200,5051676.22394185,"Gottfried Creek-Frontal Gulf of Mexico","tbcmp_AM_LA_IntHigh_2050","AM","LA","IntHigh","2050",4993.18791662105
"031002010301",1800,299802.637953144,"Gottfried Creek-Frontal Gulf of Mexico","tbcmp_AM_LA_IntHigh_2050","AM","LA","IntHigh","2050",296.331523010923
"031002010301",1820,395123.95252207,"Gottfried Creek-Frontal Gulf of Mexico","tbcmp_AM_LA_IntHigh_2050","AM","LA","IntHigh","2050",390.549207399769
"031002010301",1900,1958356.87237753,"Gottfried Creek-Frontal Gulf of Mexico","tbcmp_AM_LA_IntHigh_2050","AM","LA","IntHigh","2050",1935.68301650914
"031002010301",2100,1399639.0405432,"Gottfried Creek-Frontal Gulf of Mexico","tbcmp_AM_LA_IntHigh_2050","AM","LA","IntHigh","2050",1383.43401973179
"031002010301",3200,1245905.95963166,"Gottfried Creek-Frontal Gulf of Mexico","tbcmp_AM_LA_IntHigh_2050","AM","LA","IntHigh","2050",1231.48086043104
"031002010301",4100,1916802.63025023,"Gottfried Creek-Frontal Gulf of Mexico","tbcmp_AM_LA_IntHigh_2050","AM","LA","IntHigh","2050",1894.60988939719
"031002010301",4400,3284,"Gottfried Creek-Frontal Gulf of Mexico","tbcmp_AM_LA_IntHigh_2050","AM","LA","IntHigh","2050",3.245977848
"031002010301",5200,841330.869916459,"Gottfried Creek-Frontal Gulf of Mexico","tbcmp_AM_LA_IntHigh_2050","AM","LA","IntHigh","2050",831.589941104567
"031002010301",5400,974025.135724376,"Gottfried Creek-Frontal Gulf of Mexico","tbcmp_AM_LA_IntHigh_2050","AM","LA","IntHigh","2050",962.747872702959
"031002010301",6110,748584.201928074,"Gottfried Creek-Frontal Gulf of Mexico","tbcmp_AM_LA_IntHigh_2050","AM","LA","IntHigh","2050",739.917094038151
"031002010301",6120,76965.4946994747,"Gottfried Creek-Frontal Gulf of Mexico","tbcmp_AM_LA_IntHigh_2050","AM","LA","IntHigh","2050",76.0743882018442
"031002010301",6410,1752752.19125757,"Gottfried Creek-Frontal Gulf of Mexico","tbcmp_AM_LA_IntHigh_2050","AM","LA","IntHigh","2050",1732.45882638719
"031002010301",6420,11562.3768192962,"Gottfried Creek-Frontal Gulf of Mexico","tbcmp_AM_LA_IntHigh_2050","AM","LA","IntHigh","2050",11.4285076204824
"031002010301",6425,13151,"Gottfried Creek-Frontal Gulf of Mexico","tbcmp_AM_LA_IntHigh_2050","AM","LA","IntHigh","2050",12.998737722
"031002010301",6510,2757,"Gottfried Creek-Frontal Gulf of Mexico","tbcmp_AM_LA_IntHigh_2050","AM","LA","IntHigh","2050",2.725079454
"031002010301",6600,26223.0796763551,"Gottfried Creek-Frontal Gulf of Mexico","tbcmp_AM_LA_IntHigh_2050","AM","LA","IntHigh","2050",25.9194688598623
"031002010301",9113,1068743.37247469,"Gottfried Creek-Frontal Gulf of Mexico","tbcmp_AM_LA_IntHigh_2050","AM","LA","IntHigh","2050",1056.36946170817
"031002010302",1100,667782.858864894,"Rock Creek-Frontal Gulf of Mexico","tbcmp_AM_LA_IntHigh_2050","AM","LA","IntHigh","2050",660.051268924956
"031002010302",1200,373147.819797369,"Rock Creek-Frontal Gulf of Mexico","tbcmp_AM_LA_IntHigh_2050","AM","LA","IntHigh","2050",368.827514339756
"031002010302",1800,14130.7521400293,"Rock Creek-Frontal Gulf of Mexico","tbcmp_AM_LA_IntHigh_2050","AM","LA","IntHigh","2050",13.9671462917521
"031002010302",1900,116008.798224816,"Rock Creek-Frontal Gulf of Mexico","tbcmp_AM_LA_IntHigh_2050","AM","LA","IntHigh","2050",114.665648358969
"031002010302",2100,90376,"Rock Creek-Frontal Gulf of Mexico","tbcmp_AM_LA_IntHigh_2050","AM","LA","IntHigh","2050",89.329626672
"031002010302",3200,1340895.91750277,"Rock Creek-Frontal Gulf of Mexico","tbcmp_AM_LA_IntHigh_2050","AM","LA","IntHigh","2050",1325.37102456992
"031002010302",4100,2174947.39483809,"Rock Creek-Frontal Gulf of Mexico","tbcmp_AM_LA_IntHigh_2050","AM","LA","IntHigh","2050",2149.76585390066
"031002010302",4400,544824.686702832,"Rock Creek-Frontal Gulf of Mexico","tbcmp_AM_LA_IntHigh_2050","AM","LA","IntHigh","2050",538.516706480186
"031002010302",5200,85502.4701181235,"Rock Creek-Frontal Gulf of Mexico","tbcmp_AM_LA_IntHigh_2050","AM","LA","IntHigh","2050",84.5125225190959
"031002010302",5400,14271,"Rock Creek-Frontal Gulf of Mexico","tbcmp_AM_LA_IntHigh_2050","AM","LA","IntHigh","2050",14.105770362
"031002010302",6110,181263.798071853,"Rock Creek-Frontal Gulf of Mexico","tbcmp_AM_LA_IntHigh_2050","AM","LA","IntHigh","2050",179.165125817777
"031002010302",6120,511,"Rock Creek-Frontal Gulf of Mexico","tbcmp_AM_LA_IntHigh_2050","AM","LA","IntHigh","2050",0.505083642
"031002010302",6410,964594.578806889,"Rock Creek-Frontal Gulf of Mexico","tbcmp_AM_LA_IntHigh_2050","AM","LA","IntHigh","2050",953.426502773463
"031002010302",6420,4582,"Rock Creek-Frontal Gulf of Mexico","tbcmp_AM_LA_IntHigh_2050","AM","LA","IntHigh","2050",4.528949604
"031002010302",6425,8793,"Rock Creek-Frontal Gulf of Mexico","tbcmp_AM_LA_IntHigh_2050","AM","LA","IntHigh","2050",8.691194646
"031002010302",6510,2913,"Rock Creek-Frontal Gulf of Mexico","tbcmp_AM_LA_IntHigh_2050","AM","LA","IntHigh","2050",2.879273286
"031002010302",6600,25664,"Rock Creek-Frontal Gulf of Mexico","tbcmp_AM_LA_IntHigh_2050","AM","LA","IntHigh","2050",25.366862208
"031002010302",9113,6530,"Rock Creek-Frontal Gulf of Mexico","tbcmp_AM_LA_IntHigh_2050","AM","LA","IntHigh","2050",6.45439566
"031002010400",0,663.259376490707,"Venice Inlet-Gulf of Mexico","tbcmp_AM_LA_IntHigh_2050","AM","LA","IntHigh","2050",0.655580159429698
"031002010400",1200,2715.89749396841,"Venice Inlet-Gulf of Mexico","tbcmp_AM_LA_IntHigh_2050","AM","LA","IntHigh","2050",2.68445283278324
"031002010400",1800,233499.049092363,"Venice Inlet-Gulf of Mexico","tbcmp_AM_LA_IntHigh_2050","AM","LA","IntHigh","2050",230.795597101972
"031002010400",3200,42252.6690929735,"Venice Inlet-Gulf of Mexico","tbcmp_AM_LA_IntHigh_2050","AM","LA","IntHigh","2050",41.763467690215
"031002010400",4100,442.256654198747,"Venice Inlet-Gulf of Mexico","tbcmp_AM_LA_IntHigh_2050","AM","LA","IntHigh","2050",0.437136206656434
"031002010400",5400,105533973.356565,"Venice Inlet-Gulf of Mexico","tbcmp_AM_LA_IntHigh_2050","AM","LA","IntHigh","2050",104312.101013042
"031002010400",6120,42574.4224800977,"Venice Inlet-Gulf of Mexico","tbcmp_AM_LA_IntHigh_2050","AM","LA","IntHigh","2050",42.0814958166231
"031002010400",6420,9295.0670717059,"Venice Inlet-Gulf of Mexico","tbcmp_AM_LA_IntHigh_2050","AM","LA","IntHigh","2050",9.18744878514969
"031002010400",6600,53232.8097708928,"Venice Inlet-Gulf of Mexico","tbcmp_AM_LA_IntHigh_2050","AM","LA","IntHigh","2050",52.6164802993654
"031002010400",9113,134556.051777591,"Venice Inlet-Gulf of Mexico","tbcmp_AM_LA_IntHigh_2050","AM","LA","IntHigh","2050",132.998161810111
"031002020101",1100,25470.4634746031,"North Fork Manatee River","tbcmp_AM_LA_IntHigh_2050","AM","LA","IntHigh","2050",25.1755664484942
"031002020101",1200,2731960.4171389,"North Fork Manatee River","tbcmp_AM_LA_IntHigh_2050","AM","LA","IntHigh","2050",2700.32977942927
"031002020101",1900,539181.892158215,"North Fork Manatee River","tbcmp_AM_LA_IntHigh_2050","AM","LA","IntHigh","2050",532.939244210807
"031002020101",2100,3886247.0730518,"North Fork Manatee River","tbcmp_AM_LA_IntHigh_2050","AM","LA","IntHigh","2050",3841.25210444
"031002020101",2200,1106185.01466828,"North Fork Manatee River","tbcmp_AM_LA_IntHigh_2050","AM","LA","IntHigh","2050",1093.37760456845
"031002020101",2400,282708,"North Fork Manatee River","tbcmp_AM_LA_IntHigh_2050","AM","LA","IntHigh","2050",279.434806776
"031002020101",3200,6263237.37780701,"North Fork Manatee River","tbcmp_AM_LA_IntHigh_2050","AM","LA","IntHigh","2050",6190.72161544676
"031002020101",4100,3180329.07571716,"North Fork Manatee River","tbcmp_AM_LA_IntHigh_2050","AM","LA","IntHigh","2050",3143.5072256785
"031002020101",4400,997285.955934879,"North Fork Manatee River","tbcmp_AM_LA_IntHigh_2050","AM","LA","IntHigh","2050",985.739379137065
"031002020101",5200,65293.3764161745,"North Fork Manatee River","tbcmp_AM_LA_IntHigh_2050","AM","LA","IntHigh","2050",64.537409704028
"031002020101",6110,1489360.49896892,"North Fork Manatee River","tbcmp_AM_LA_IntHigh_2050","AM","LA","IntHigh","2050",1472.11668311186
"031002020101",6410,1542605.68546118,"North Fork Manatee River","tbcmp_AM_LA_IntHigh_2050","AM","LA","IntHigh","2050",1524.74539683491
"031002020102",1100,57793.7924247323,"East Fork Manatee River","tbcmp_AM_LA_IntHigh_2050","AM","LA","IntHigh","2050",57.1246558960387
"031002020102",1200,570357.405714052,"East Fork Manatee River","tbcmp_AM_LA_IntHigh_2050","AM","LA","IntHigh","2050",563.753807670695
"031002020102",1900,983962.670185249,"East Fork Manatee River","tbcmp_AM_LA_IntHigh_2050","AM","LA","IntHigh","2050",972.570350389844
"031002020102",2100,3569611.57112347,"East Fork Manatee River","tbcmp_AM_LA_IntHigh_2050","AM","LA","IntHigh","2050",3528.28260835301
"031002020102",2200,1103661.49614547,"East Fork Manatee River","tbcmp_AM_LA_IntHigh_2050","AM","LA","IntHigh","2050",1090.8833033431
"031002020102",2400,231021.818139394,"East Fork Manatee River","tbcmp_AM_LA_IntHigh_2050","AM","LA","IntHigh","2050",228.347047528976
"031002020102",3200,6716459.41039016,"East Fork Manatee River","tbcmp_AM_LA_IntHigh_2050","AM","LA","IntHigh","2050",6638.69624333667
"031002020102",4100,1130234.00649778,"East Fork Manatee River","tbcmp_AM_LA_IntHigh_2050","AM","LA","IntHigh","2050",1117.14815717055
"031002020102",4400,1351163.18334748,"East Fork Manatee River","tbcmp_AM_LA_IntHigh_2050","AM","LA","IntHigh","2050",1335.51941601068
"031002020102",5200,31019,"East Fork Manatee River","tbcmp_AM_LA_IntHigh_2050","AM","LA","IntHigh","2050",30.659862018
"031002020102",6110,1115464.41754121,"East Fork Manatee River","tbcmp_AM_LA_IntHigh_2050","AM","LA","IntHigh","2050",1102.54957051492
"031002020102",6410,1689748.33870286,"East Fork Manatee River","tbcmp_AM_LA_IntHigh_2050","AM","LA","IntHigh","2050",1670.18443243736
"031002020103",1100,2437954.47511195,"Corbit Branch-Manatee River","tbcmp_AM_LA_IntHigh_2050","AM","LA","IntHigh","2050",2409.7278381991
"031002020103",1200,228507.314311873,"Corbit Branch-Manatee River","tbcmp_AM_LA_IntHigh_2050","AM","LA","IntHigh","2050",225.86165662677
"031002020103",1800,577.742648060534,"Corbit Branch-Manatee River","tbcmp_AM_LA_IntHigh_2050","AM","LA","IntHigh","2050",0.571053543681289
"031002020103",1900,698551.222020021,"Corbit Branch-Manatee River","tbcmp_AM_LA_IntHigh_2050","AM","LA","IntHigh","2050",690.463395971473
"031002020103",2100,7273021.54185462,"Corbit Branch-Manatee River","tbcmp_AM_LA_IntHigh_2050","AM","LA","IntHigh","2050",7188.81449844302
"031002020103",2200,1216825.44327396,"Corbit Branch-Manatee River","tbcmp_AM_LA_IntHigh_2050","AM","LA","IntHigh","2050",1202.73703829173
"031002020103",2400,44944,"Corbit Branch-Manatee River","tbcmp_AM_LA_IntHigh_2050","AM","LA","IntHigh","2050",44.423638368
"031002020103",3200,4044749.99345446,"Corbit Branch-Manatee River","tbcmp_AM_LA_IntHigh_2050","AM","LA","IntHigh","2050",3997.91987803025
"031002020103",4100,2937737.1872693,"Corbit Branch-Manatee River","tbcmp_AM_LA_IntHigh_2050","AM","LA","IntHigh","2050",2903.7240661151
"031002020103",4400,100712,"Corbit Branch-Manatee River","tbcmp_AM_LA_IntHigh_2050","AM","LA","IntHigh","2050",99.545956464
"031002020103",5200,420675.884216505,"Corbit Branch-Manatee River","tbcmp_AM_LA_IntHigh_2050","AM","LA","IntHigh","2050",415.805298829047
"031002020103",6110,1810497.8902363,"Corbit Branch-Manatee River","tbcmp_AM_LA_IntHigh_2050","AM","LA","IntHigh","2050",1789.53594566314
"031002020103",6410,927402.682217409,"Corbit Branch-Manatee River","tbcmp_AM_LA_IntHigh_2050","AM","LA","IntHigh","2050",916.665213962696
"031002020104",1100,11962,"Gilley Creek","tbcmp_AM_LA_IntHigh_2050","AM","LA","IntHigh","2050",11.823503964
"031002020104",1200,59116.6905447425,"Gilley Creek","tbcmp_AM_LA_IntHigh_2050","AM","LA","IntHigh","2050",58.4322375016155
"031002020104",1900,1197619.80708162,"Gilley Creek","tbcmp_AM_LA_IntHigh_2050","AM","LA","IntHigh","2050",1183.75376495523
"031002020104",2100,7329217.81033482,"Gilley Creek","tbcmp_AM_LA_IntHigh_2050","AM","LA","IntHigh","2050",7244.36012652677
"031002020104",2200,290921.246597363,"Gilley Creek","tbcmp_AM_LA_IntHigh_2050","AM","LA","IntHigh","2050",287.552960404259
"031002020104",3200,4338382.47301012,"Gilley Creek","tbcmp_AM_LA_IntHigh_2050","AM","LA","IntHigh","2050",4288.15268073761
"031002020104",4100,622946.536199468,"Gilley Creek","tbcmp_AM_LA_IntHigh_2050","AM","LA","IntHigh","2050",615.73406120335
"031002020104",5200,68100.9297536667,"Gilley Creek","tbcmp_AM_LA_IntHigh_2050","AM","LA","IntHigh","2050",67.3124571889788
"031002020104",6110,791577,"Gilley Creek","tbcmp_AM_LA_IntHigh_2050","AM","LA","IntHigh","2050",782.412121494
"031002020104",6410,718661.032123885,"Gilley Creek","tbcmp_AM_LA_IntHigh_2050","AM","LA","IntHigh","2050",710.340374693955
"031002020105",1100,1375051.49315904,"Lake Manatee-Manatee River","tbcmp_AM_LA_IntHigh_2050","AM","LA","IntHigh","2050",1359.13114697125
"031002020105",1200,4692732.78680837,"Lake Manatee-Manatee River","tbcmp_AM_LA_IntHigh_2050","AM","LA","IntHigh","2050",4638.4003266027
"031002020105",1800,528105.119504186,"Lake Manatee-Manatee River","tbcmp_AM_LA_IntHigh_2050","AM","LA","IntHigh","2050",521.990718430566
"031002020105",1900,2439644.72658836,"Lake Manatee-Manatee River","tbcmp_AM_LA_IntHigh_2050","AM","LA","IntHigh","2050",2411.39851994392
"031002020105",2100,5265859.09306873,"Lake Manatee-Manatee River","tbcmp_AM_LA_IntHigh_2050","AM","LA","IntHigh","2050",5204.89097648918
"031002020105",2200,154332.079277499,"Lake Manatee-Manatee River","tbcmp_AM_LA_IntHigh_2050","AM","LA","IntHigh","2050",152.545222463624
"031002020105",2400,132138.313967213,"Lake Manatee-Manatee River","tbcmp_AM_LA_IntHigh_2050","AM","LA","IntHigh","2050",130.608416568101
"031002020105",3200,1519773.40635457,"Lake Manatee-Manatee River","tbcmp_AM_LA_IntHigh_2050","AM","LA","IntHigh","2050",1502.1774698558
"031002020105",4100,1951396.26195924,"Lake Manatee-Manatee River","tbcmp_AM_LA_IntHigh_2050","AM","LA","IntHigh","2050",1928.80299603827
"031002020105",5200,2130590.71442363,"Lake Manatee-Manatee River","tbcmp_AM_LA_IntHigh_2050","AM","LA","IntHigh","2050",2105.92273513203
"031002020105",5400,148736.826186614,"Lake Manatee-Manatee River","tbcmp_AM_LA_IntHigh_2050","AM","LA","IntHigh","2050",147.014751213026
"031002020105",6110,1554162.84075803,"Lake Manatee-Manatee River","tbcmp_AM_LA_IntHigh_2050","AM","LA","IntHigh","2050",1536.16874338774
"031002020105",6120,920,"Lake Manatee-Manatee River","tbcmp_AM_LA_IntHigh_2050","AM","LA","IntHigh","2050",0.90934824
"031002020105",6410,982987.133663644,"Lake Manatee-Manatee River","tbcmp_AM_LA_IntHigh_2050","AM","LA","IntHigh","2050",971.606108630086
"031002020105",6420,35812.2368002987,"Lake Manatee-Manatee River","tbcmp_AM_LA_IntHigh_2050","AM","LA","IntHigh","2050",35.3976027226249
"031002020105",6425,41826.2382981821,"Lake Manatee-Manatee River","tbcmp_AM_LA_IntHigh_2050","AM","LA","IntHigh","2050",41.3419741111657
"031002020105",6510,11589.6674739212,"Lake Manatee-Manatee River","tbcmp_AM_LA_IntHigh_2050","AM","LA","IntHigh","2050",11.4554823039082
"031002020105",6600,57493.065947285,"Lake Manatee-Manatee River","tbcmp_AM_LA_IntHigh_2050","AM","LA","IntHigh","2050",56.8274112297474
"031002020105",9113,14866.065966384,"Lake Manatee-Manatee River","tbcmp_AM_LA_IntHigh_2050","AM","LA","IntHigh","2050",14.6939466546252
"031002020106",1100,1016785.47687564,"Upper Gamble Creek","tbcmp_AM_LA_IntHigh_2050","AM","LA","IntHigh","2050",1005.01313462437
"031002020106",1200,1297226.03893296,"Upper Gamble Creek","tbcmp_AM_LA_IntHigh_2050","AM","LA","IntHigh","2050",1282.20675585419
"031002020106",1800,1402,"Upper Gamble Creek","tbcmp_AM_LA_IntHigh_2050","AM","LA","IntHigh","2050",1.385767644
"031002020106",1900,2723629.86817706,"Upper Gamble Creek","tbcmp_AM_LA_IntHigh_2050","AM","LA","IntHigh","2050",2692.09568156331
"031002020106",2100,12185353.9555308,"Upper Gamble Creek","tbcmp_AM_LA_IntHigh_2050","AM","LA","IntHigh","2050",12044.2719274336
"031002020106",2200,351517.6189284,"Upper Gamble Creek","tbcmp_AM_LA_IntHigh_2050","AM","LA","IntHigh","2050",347.447747936447
"031002020106",2400,209483,"Upper Gamble Creek","tbcmp_AM_LA_IntHigh_2050","AM","LA","IntHigh","2050",207.057605826
"031002020106",3200,1414134.74889876,"Upper Gamble Creek","tbcmp_AM_LA_IntHigh_2050","AM","LA","IntHigh","2050",1397.76189677601
"031002020106",4100,1682714.94423718,"Upper Gamble Creek","tbcmp_AM_LA_IntHigh_2050","AM","LA","IntHigh","2050",1663.2324706128
"031002020106",4400,233939.101832088,"Upper Gamble Creek","tbcmp_AM_LA_IntHigh_2050","AM","LA","IntHigh","2050",231.230554911077
"031002020106",5200,1093892.2614438,"Upper Gamble Creek","tbcmp_AM_LA_IntHigh_2050","AM","LA","IntHigh","2050",1081.2271768408
"031002020106",6110,3705869.91962544,"Upper Gamble Creek","tbcmp_AM_LA_IntHigh_2050","AM","LA","IntHigh","2050",3662.96335769601
"031002020106",6410,2088668.1738982,"Upper Gamble Creek","tbcmp_AM_LA_IntHigh_2050","AM","LA","IntHigh","2050",2064.48557378081
"031002020107",1100,1230320.03628172,"Lower Gamble Creek","tbcmp_AM_LA_IntHigh_2050","AM","LA","IntHigh","2050",1216.07539090165
"031002020107",1200,1792728.2910659,"Lower Gamble Creek","tbcmp_AM_LA_IntHigh_2050","AM","LA","IntHigh","2050",1771.97208291194
"031002020107",1800,5219,"Lower Gamble Creek","tbcmp_AM_LA_IntHigh_2050","AM","LA","IntHigh","2050",5.158574418
"031002020107",1820,41881.4393483246,"Lower Gamble Creek","tbcmp_AM_LA_IntHigh_2050","AM","LA","IntHigh","2050",41.3965360435497
"031002020107",1900,1000849.20565242,"Lower Gamble Creek","tbcmp_AM_LA_IntHigh_2050","AM","LA","IntHigh","2050",989.261373549372
"031002020107",2100,3051716.3655141,"Lower Gamble Creek","tbcmp_AM_LA_IntHigh_2050","AM","LA","IntHigh","2050",3016.38359343418
"031002020107",2200,191963.095116559,"Lower Gamble Creek","tbcmp_AM_LA_IntHigh_2050","AM","LA","IntHigh","2050",189.740546401299
"031002020107",2400,80066.9555922288,"Lower Gamble Creek","tbcmp_AM_LA_IntHigh_2050","AM","LA","IntHigh","2050",79.139940380382
"031002020107",3200,349785.301463851,"Lower Gamble Creek","tbcmp_AM_LA_IntHigh_2050","AM","LA","IntHigh","2050",345.735487243503
"031002020107",4100,210750.800862408,"Lower Gamble Creek","tbcmp_AM_LA_IntHigh_2050","AM","LA","IntHigh","2050",208.310728090024
"031002020107",5200,454334.711777241,"Lower Gamble Creek","tbcmp_AM_LA_IntHigh_2050","AM","LA","IntHigh","2050",449.074424484285
"031002020107",5400,102184.901509713,"Lower Gamble Creek","tbcmp_AM_LA_IntHigh_2050","AM","LA","IntHigh","2050",101.001804720033
"031002020107",6110,1201792.25548379,"Lower Gamble Creek","tbcmp_AM_LA_IntHigh_2050","AM","LA","IntHigh","2050",1187.8779047498
"031002020107",6120,17,"Lower Gamble Creek","tbcmp_AM_LA_IntHigh_2050","AM","LA","IntHigh","2050",0.016803174
"031002020107",6410,523870.995776293,"Lower Gamble Creek","tbcmp_AM_LA_IntHigh_2050","AM","LA","IntHigh","2050",517.805617387195
"031002020107",6420,106688.071773092,"Lower Gamble Creek","tbcmp_AM_LA_IntHigh_2050","AM","LA","IntHigh","2050",105.452837278103
"031002020107",6425,89940.7216956467,"Lower Gamble Creek","tbcmp_AM_LA_IntHigh_2050","AM","LA","IntHigh","2050",88.8993880198545
"031002020107",6510,21305.4752917836,"Lower Gamble Creek","tbcmp_AM_LA_IntHigh_2050","AM","LA","IntHigh","2050",21.0588004988553
"031002020107",6600,73882.0627507185,"Lower Gamble Creek","tbcmp_AM_LA_IntHigh_2050","AM","LA","IntHigh","2050",73.0266562281907
"031002020107",9113,16286.9569489588,"Lower Gamble Creek","tbcmp_AM_LA_IntHigh_2050","AM","LA","IntHigh","2050",16.0983865614038
"031002020201",1100,2601401.51998335,"Upper Braden River","tbcmp_AM_LA_IntHigh_2050","AM","LA","IntHigh","2050",2571.28249318498
"031002020201",1200,10132323.4561243,"Upper Braden River","tbcmp_AM_LA_IntHigh_2050","AM","LA","IntHigh","2050",10015.0114151493
"031002020201",1800,1033215.32133932,"Upper Braden River","tbcmp_AM_LA_IntHigh_2050","AM","LA","IntHigh","2050",1021.25275434886
"031002020201",1820,1327218.14351173,"Upper Braden River","tbcmp_AM_LA_IntHigh_2050","AM","LA","IntHigh","2050",1311.85161184616
"031002020201",1900,2254068.08877191,"Upper Braden River","tbcmp_AM_LA_IntHigh_2050","AM","LA","IntHigh","2050",2227.97048844011
"031002020201",2100,2371060.75750389,"Upper Braden River","tbcmp_AM_LA_IntHigh_2050","AM","LA","IntHigh","2050",2343.60861605351
"031002020201",2400,69242.0846511573,"Upper Braden River","tbcmp_AM_LA_IntHigh_2050","AM","LA","IntHigh","2050",68.4403997950662
"031002020201",3200,764171.549188776,"Upper Braden River","tbcmp_AM_LA_IntHigh_2050","AM","LA","IntHigh","2050",755.323970992268
"031002020201",4100,2198040.35687735,"Upper Braden River","tbcmp_AM_LA_IntHigh_2050","AM","LA","IntHigh","2050",2172.59144562543
"031002020201",4400,9958,"Upper Braden River","tbcmp_AM_LA_IntHigh_2050","AM","LA","IntHigh","2050",9.842706276
"031002020201",5200,3758885.17688429,"Upper Braden River","tbcmp_AM_LA_IntHigh_2050","AM","LA","IntHigh","2050",3715.36480430632
"031002020201",5400,37870.6978718776,"Upper Braden River","tbcmp_AM_LA_IntHigh_2050","AM","LA","IntHigh","2050",37.432230931917
"031002020201",6110,1954664.41671718,"Upper Braden River","tbcmp_AM_LA_IntHigh_2050","AM","LA","IntHigh","2050",1932.03331210043
"031002020201",6120,7356.02748950897,"Upper Braden River","tbcmp_AM_LA_IntHigh_2050","AM","LA","IntHigh","2050",7.27085940323543
"031002020201",6410,2153241.27487797,"Upper Braden River","tbcmp_AM_LA_IntHigh_2050","AM","LA","IntHigh","2050",2128.31104739744
"031002020201",6420,2390.28939417005,"Upper Braden River","tbcmp_AM_LA_IntHigh_2050","AM","LA","IntHigh","2050",2.36261462356435
"031002020201",6600,10901.2474917835,"Upper Braden River","tbcmp_AM_LA_IntHigh_2050","AM","LA","IntHigh","2050",10.7750328483236
"031002020201",9113,757.421668976545,"Upper Braden River","tbcmp_AM_LA_IntHigh_2050","AM","LA","IntHigh","2050",0.748652240893135
"031002020202",1100,2483144.90118134,"Lower Braden River","tbcmp_AM_LA_IntHigh_2050","AM","LA","IntHigh","2050",2454.39504951546
"031002020202",1200,12491793.4115275,"Lower Braden River","tbcmp_AM_LA_IntHigh_2050","AM","LA","IntHigh","2050",12347.1634274088
"031002020202",1800,227759.502714055,"Lower Braden River","tbcmp_AM_LA_IntHigh_2050","AM","LA","IntHigh","2050",225.122503191632
"031002020202",1820,890562.774646684,"Lower Braden River","tbcmp_AM_LA_IntHigh_2050","AM","LA","IntHigh","2050",880.251838841824
"031002020202",1900,937646.094228221,"Lower Braden River","tbcmp_AM_LA_IntHigh_2050","AM","LA","IntHigh","2050",926.790027749247
"031002020202",2100,482345.49384195,"Lower Braden River","tbcmp_AM_LA_IntHigh_2050","AM","LA","IntHigh","2050",476.760897714248
"031002020202",2200,38471,"Lower Braden River","tbcmp_AM_LA_IntHigh_2050","AM","LA","IntHigh","2050",38.025582762
"031002020202",2400,75767.8565878809,"Lower Braden River","tbcmp_AM_LA_IntHigh_2050","AM","LA","IntHigh","2050",74.8906163443064
"031002020202",3200,77708.224738262,"Lower Braden River","tbcmp_AM_LA_IntHigh_2050","AM","LA","IntHigh","2050",76.8085189122424
"031002020202",4100,1018851.63174255,"Lower Braden River","tbcmp_AM_LA_IntHigh_2050","AM","LA","IntHigh","2050",1007.05536755023
"031002020202",4400,48573,"Lower Braden River","tbcmp_AM_LA_IntHigh_2050","AM","LA","IntHigh","2050",48.010621806
"031002020202",5200,1446274.73998411,"Lower Braden River","tbcmp_AM_LA_IntHigh_2050","AM","LA","IntHigh","2050",1429.52977104457
"031002020202",5400,918968.308805627,"Lower Braden River","tbcmp_AM_LA_IntHigh_2050","AM","LA","IntHigh","2050",908.328493726275
"031002020202",6110,1028677.18754256,"Lower Braden River","tbcmp_AM_LA_IntHigh_2050","AM","LA","IntHigh","2050",1016.76716306519
"031002020202",6120,7925.97251048312,"Lower Braden River","tbcmp_AM_LA_IntHigh_2050","AM","LA","IntHigh","2050",7.83420560075674
"031002020202",6410,610556.149593289,"Lower Braden River","tbcmp_AM_LA_IntHigh_2050","AM","LA","IntHigh","2050",603.487130493298
"031002020202",6420,229657.710605834,"Lower Braden River","tbcmp_AM_LA_IntHigh_2050","AM","LA","IntHigh","2050",226.998733632439
"031002020202",6425,221551,"Lower Braden River","tbcmp_AM_LA_IntHigh_2050","AM","LA","IntHigh","2050",218.985882522
"031002020202",6510,47452,"Lower Braden River","tbcmp_AM_LA_IntHigh_2050","AM","LA","IntHigh","2050",46.902600744
"031002020202",6600,77283.7525081747,"Lower Braden River","tbcmp_AM_LA_IntHigh_2050","AM","LA","IntHigh","2050",76.388961221635
"031002020202",9113,301733.943202604,"Lower Braden River","tbcmp_AM_LA_IntHigh_2050","AM","LA","IntHigh","2050",298.240467608205
"031002020203",0,87,"Cypress Strand-Manatee River","tbcmp_AM_LA_IntHigh_2050","AM","LA","IntHigh","2050",0.085992714
"031002020203",1100,1747887.00732508,"Cypress Strand-Manatee River","tbcmp_AM_LA_IntHigh_2050","AM","LA","IntHigh","2050",1727.64997155427
"031002020203",1200,9820286.95099008,"Cypress Strand-Manatee River","tbcmp_AM_LA_IntHigh_2050","AM","LA","IntHigh","2050",9706.58766867152
"031002020203",1800,221064.454823387,"Cypress Strand-Manatee River","tbcmp_AM_LA_IntHigh_2050","AM","LA","IntHigh","2050",218.504970565442
"031002020203",1820,711526.483212686,"Cypress Strand-Manatee River","tbcmp_AM_LA_IntHigh_2050","AM","LA","IntHigh","2050",703.288429590049
"031002020203",1900,1501662.91404876,"Cypress Strand-Manatee River","tbcmp_AM_LA_IntHigh_2050","AM","LA","IntHigh","2050",1484.27666082991
"031002020203",2100,1059597.39149216,"Cypress Strand-Manatee River","tbcmp_AM_LA_IntHigh_2050","AM","LA","IntHigh","2050",1047.32937289346
"031002020203",2400,95624.3044356252,"Cypress Strand-Manatee River","tbcmp_AM_LA_IntHigh_2050","AM","LA","IntHigh","2050",94.5171662388695
"031002020203",3200,90983.9710122241,"Cypress Strand-Manatee River","tbcmp_AM_LA_IntHigh_2050","AM","LA","IntHigh","2050",89.9305585958446
"031002020203",4100,955151.460473879,"Cypress Strand-Manatee River","tbcmp_AM_LA_IntHigh_2050","AM","LA","IntHigh","2050",944.092716864513
"031002020203",5200,1616891.58607731,"Cypress Strand-Manatee River","tbcmp_AM_LA_IntHigh_2050","AM","LA","IntHigh","2050",1598.17121529371
"031002020203",5400,2771005.50705082,"Cypress Strand-Manatee River","tbcmp_AM_LA_IntHigh_2050","AM","LA","IntHigh","2050",2738.92280529019
"031002020203",6110,1837124.0748627,"Cypress Strand-Manatee River","tbcmp_AM_LA_IntHigh_2050","AM","LA","IntHigh","2050",1815.85385232394
"031002020203",6120,16692,"Cypress Strand-Manatee River","tbcmp_AM_LA_IntHigh_2050","AM","LA","IntHigh","2050",16.498740024
"031002020203",6410,930327.124453677,"Cypress Strand-Manatee River","tbcmp_AM_LA_IntHigh_2050","AM","LA","IntHigh","2050",919.555797006753
"031002020203",6420,610049.687139634,"Cypress Strand-Manatee River","tbcmp_AM_LA_IntHigh_2050","AM","LA","IntHigh","2050",602.986531861931
"031002020203",6425,538463.040006311,"Cypress Strand-Manatee River","tbcmp_AM_LA_IntHigh_2050","AM","LA","IntHigh","2050",532.228714929118
"031002020203",6510,82556.857234031,"Cypress Strand-Manatee River","tbcmp_AM_LA_IntHigh_2050","AM","LA","IntHigh","2050",81.6010139409754
"031002020203",6600,255758.66842972,"Cypress Strand-Manatee River","tbcmp_AM_LA_IntHigh_2050","AM","LA","IntHigh","2050",252.797494566641
"031002020203",9113,184173.932191993,"Cypress Strand-Manatee River","tbcmp_AM_LA_IntHigh_2050","AM","LA","IntHigh","2050",182.041566405074
"031002020204",0,218,"Warner West Bayou-Manatee River","tbcmp_AM_LA_IntHigh_2050","AM","LA","IntHigh","2050",0.215475996
"031002020204",1100,399640.510219481,"Warner West Bayou-Manatee River","tbcmp_AM_LA_IntHigh_2050","AM","LA","IntHigh","2050",395.01347239216
"031002020204",1200,10148762.4810713,"Warner West Bayou-Manatee River","tbcmp_AM_LA_IntHigh_2050","AM","LA","IntHigh","2050",10031.2601090655
"031002020204",1800,160855.332219264,"Warner West Bayou-Manatee River","tbcmp_AM_LA_IntHigh_2050","AM","LA","IntHigh","2050",158.99294918283
"031002020204",1820,157350.026701817,"Warner West Bayou-Manatee River","tbcmp_AM_LA_IntHigh_2050","AM","LA","IntHigh","2050",155.528228092663
"031002020204",1900,481716.385290714,"Warner West Bayou-Manatee River","tbcmp_AM_LA_IntHigh_2050","AM","LA","IntHigh","2050",476.139072981818
"031002020204",2100,274788.070954595,"Warner West Bayou-Manatee River","tbcmp_AM_LA_IntHigh_2050","AM","LA","IntHigh","2050",271.606574669083
"031002020204",2200,16822.3016428734,"Warner West Bayou-Manatee River","tbcmp_AM_LA_IntHigh_2050","AM","LA","IntHigh","2050",16.6275330344522
"031002020204",2400,36595.1973049572,"Warner West Bayou-Manatee River","tbcmp_AM_LA_IntHigh_2050","AM","LA","IntHigh","2050",36.1714981105604
"031002020204",3200,15435.8475650905,"Warner West Bayou-Manatee River","tbcmp_AM_LA_IntHigh_2050","AM","LA","IntHigh","2050",15.2571313219819
"031002020204",4100,256092.062018938,"Warner West Bayou-Manatee River","tbcmp_AM_LA_IntHigh_2050","AM","LA","IntHigh","2050",253.127028124883
"031002020204",5200,121068.945915743,"Warner West Bayou-Manatee River","tbcmp_AM_LA_IntHigh_2050","AM","LA","IntHigh","2050",119.667209659931
"031002020204",5400,3746317.51564227,"Warner West Bayou-Manatee River","tbcmp_AM_LA_IntHigh_2050","AM","LA","IntHigh","2050",3702.94265144616
"031002020204",6110,106316.379722923,"Warner West Bayou-Manatee River","tbcmp_AM_LA_IntHigh_2050","AM","LA","IntHigh","2050",105.085448678491
"031002020204",6120,438,"Warner West Bayou-Manatee River","tbcmp_AM_LA_IntHigh_2050","AM","LA","IntHigh","2050",0.432928836
"031002020204",6410,92758.6446408259,"Warner West Bayou-Manatee River","tbcmp_AM_LA_IntHigh_2050","AM","LA","IntHigh","2050",91.6846850531744
"031002020204",6420,13486.1001578873,"Warner West Bayou-Manatee River","tbcmp_AM_LA_IntHigh_2050","AM","LA","IntHigh","2050",13.3299580902593
"031002020204",6425,85102.3996140393,"Warner West Bayou-Manatee River","tbcmp_AM_LA_IntHigh_2050","AM","LA","IntHigh","2050",84.1170840313079
"031002020204",6510,27275.7331934626,"Warner West Bayou-Manatee River","tbcmp_AM_LA_IntHigh_2050","AM","LA","IntHigh","2050",26.9599347545487
"031002020204",6600,33752.7721697411,"Warner West Bayou-Manatee River","tbcmp_AM_LA_IntHigh_2050","AM","LA","IntHigh","2050",33.3619825735598
"031002020204",9113,609026.981131988,"Warner West Bayou-Manatee River","tbcmp_AM_LA_IntHigh_2050","AM","LA","IntHigh","2050",601.975666744442
"031002030101",1100,177529.140189212,"Alderman Creek-Little Manatee River","tbcmp_AM_LA_IntHigh_2050","AM","LA","IntHigh","2050",175.473707804102
"031002030101",1200,10569362.8396475,"Alderman Creek-Little Manatee River","tbcmp_AM_LA_IntHigh_2050","AM","LA","IntHigh","2050",10446.9907566901
"031002030101",1900,5487783.23056085,"Alderman Creek-Little Manatee River","tbcmp_AM_LA_IntHigh_2050","AM","LA","IntHigh","2050",5424.24567631742
"031002030101",2100,2215124.73594572,"Alderman Creek-Little Manatee River","tbcmp_AM_LA_IntHigh_2050","AM","LA","IntHigh","2050",2189.47802175294
"031002030101",2200,119206.649972307,"Alderman Creek-Little Manatee River","tbcmp_AM_LA_IntHigh_2050","AM","LA","IntHigh","2050",117.826475378927
"031002030101",2400,45318,"Alderman Creek-Little Manatee River","tbcmp_AM_LA_IntHigh_2050","AM","LA","IntHigh","2050",44.793308196
"031002030101",3200,346995.703950753,"Alderman Creek-Little Manatee River","tbcmp_AM_LA_IntHigh_2050","AM","LA","IntHigh","2050",342.978187690411
"031002030101",4100,399189.510806139,"Alderman Creek-Little Manatee River","tbcmp_AM_LA_IntHigh_2050","AM","LA","IntHigh","2050",394.567694650026
"031002030101",4400,367157.38590582,"Alderman Creek-Little Manatee River","tbcmp_AM_LA_IntHigh_2050","AM","LA","IntHigh","2050",362.906437691802
"031002030101",5200,169096.94026017,"Alderman Creek-Little Manatee River","tbcmp_AM_LA_IntHigh_2050","AM","LA","IntHigh","2050",167.139135885838
"031002030101",6110,2067743.4050057,"Alderman Creek-Little Manatee River","tbcmp_AM_LA_IntHigh_2050","AM","LA","IntHigh","2050",2043.80307186254
"031002030101",6410,1176041.1660917,"Alderman Creek-Little Manatee River","tbcmp_AM_LA_IntHigh_2050","AM","LA","IntHigh","2050",1162.42496147069
"031002030102",1100,287293.78741814,"Howard Prairie Branch","tbcmp_AM_LA_IntHigh_2050","AM","LA","IntHigh","2050",283.967499947413
"031002030102",1200,7678124.80826476,"Howard Prairie Branch","tbcmp_AM_LA_IntHigh_2050","AM","LA","IntHigh","2050",7589.22747923467
"031002030102",1900,546245.649906297,"Howard Prairie Branch","tbcmp_AM_LA_IntHigh_2050","AM","LA","IntHigh","2050",539.921217771682
"031002030102",2100,1288911.5874838,"Howard Prairie Branch","tbcmp_AM_LA_IntHigh_2050","AM","LA","IntHigh","2050",1273.98856912391
"031002030102",2200,1128.35002795857,"Howard Prairie Branch","tbcmp_AM_LA_IntHigh_2050","AM","LA","IntHigh","2050",1.11528599133487
"031002030102",2400,3117.38803244906,"Howard Prairie Branch","tbcmp_AM_LA_IntHigh_2050","AM","LA","IntHigh","2050",3.08129491380937
"031002030102",3200,392730.625434372,"Howard Prairie Branch","tbcmp_AM_LA_IntHigh_2050","AM","LA","IntHigh","2050",388.183590253093
"031002030102",4100,140557.361492158,"Howard Prairie Branch","tbcmp_AM_LA_IntHigh_2050","AM","LA","IntHigh","2050",138.929988360802
"031002030102",4400,51490.0510291255,"Howard Prairie Branch","tbcmp_AM_LA_IntHigh_2050","AM","LA","IntHigh","2050",50.8938992183103
"031002030102",5200,7921,"Howard Prairie Branch","tbcmp_AM_LA_IntHigh_2050","AM","LA","IntHigh","2050",7.829290662
"031002030102",6110,822044.92053567,"Howard Prairie Branch","tbcmp_AM_LA_IntHigh_2050","AM","LA","IntHigh","2050",812.527284445708
"031002030102",6410,423989.518248063,"Howard Prairie Branch","tbcmp_AM_LA_IntHigh_2050","AM","LA","IntHigh","2050",419.080567605787
"031002030103",1100,1868649.99643911,"Carlton Branch-Little Manatee River","tbcmp_AM_LA_IntHigh_2050","AM","LA","IntHigh","2050",1847.01476678033
"031002030103",1200,2727037.65014009,"Carlton Branch-Little Manatee River","tbcmp_AM_LA_IntHigh_2050","AM","LA","IntHigh","2050",2695.46400822677
"031002030103",1800,5868.06752910657,"Carlton Branch-Little Manatee River","tbcmp_AM_LA_IntHigh_2050","AM","LA","IntHigh","2050",5.80012704325458
"031002030103",1900,1637672.00847612,"Carlton Branch-Little Manatee River","tbcmp_AM_LA_IntHigh_2050","AM","LA","IntHigh","2050",1618.71104196199
"031002030103",2100,10055089.4069778,"Carlton Branch-Little Manatee River","tbcmp_AM_LA_IntHigh_2050","AM","LA","IntHigh","2050",9938.67158182384
"031002030103",2200,389371,"Carlton Branch-Little Manatee River","tbcmp_AM_LA_IntHigh_2050","AM","LA","IntHigh","2050",384.862862562
"031002030103",2400,510400.273612172,"Carlton Branch-Little Manatee River","tbcmp_AM_LA_IntHigh_2050","AM","LA","IntHigh","2050",504.49085924429
"031002030103",3200,1170268.6995533,"Carlton Branch-Little Manatee River","tbcmp_AM_LA_IntHigh_2050","AM","LA","IntHigh","2050",1156.71932854987
"031002030103",4100,1057932.23256925,"Carlton Branch-Little Manatee River","tbcmp_AM_LA_IntHigh_2050","AM","LA","IntHigh","2050",1045.68349318056
"031002030103",4400,24481.8374389269,"Carlton Branch-Little Manatee River","tbcmp_AM_LA_IntHigh_2050","AM","LA","IntHigh","2050",24.198386725059
"031002030103",5200,280038.988252506,"Carlton Branch-Little Manatee River","tbcmp_AM_LA_IntHigh_2050","AM","LA","IntHigh","2050",276.796696846518
"031002030103",6110,2376916.55834905,"Carlton Branch-Little Manatee River","tbcmp_AM_LA_IntHigh_2050","AM","LA","IntHigh","2050",2349.39661843648
"031002030103",6410,409344.395587848,"Carlton Branch-Little Manatee River","tbcmp_AM_LA_IntHigh_2050","AM","LA","IntHigh","2050",404.605006175732
"031002030104",1100,971632.026759825,"South Fork Little Manatee River","tbcmp_AM_LA_IntHigh_2050","AM","LA","IntHigh","2050",960.382471154
"031002030104",1200,4722790.25656054,"South Fork Little Manatee River","tbcmp_AM_LA_IntHigh_2050","AM","LA","IntHigh","2050",4668.10979097008
"031002030104",1800,88420,"South Fork Little Manatee River","tbcmp_AM_LA_IntHigh_2050","AM","LA","IntHigh","2050",87.39627324
"031002030104",1900,1766467.9108156,"South Fork Little Manatee River","tbcmp_AM_LA_IntHigh_2050","AM","LA","IntHigh","2050",1746.01574534417
"031002030104",2100,7850965.12936709,"South Fork Little Manatee River","tbcmp_AM_LA_IntHigh_2050","AM","LA","IntHigh","2050",7760.06665509928
"031002030104",2200,476164.502136913,"South Fork Little Manatee River","tbcmp_AM_LA_IntHigh_2050","AM","LA","IntHigh","2050",470.651469531172
"031002030104",2400,167420,"South Fork Little Manatee River","tbcmp_AM_LA_IntHigh_2050","AM","LA","IntHigh","2050",165.48161124
"031002030104",3200,2641278.95867544,"South Fork Little Manatee River","tbcmp_AM_LA_IntHigh_2050","AM","LA","IntHigh","2050",2610.69823089189
"031002030104",4100,2758525.41291949,"South Fork Little Manatee River","tbcmp_AM_LA_IntHigh_2050","AM","LA","IntHigh","2050",2726.58720568871
"031002030104",4400,130188.734681958,"South Fork Little Manatee River","tbcmp_AM_LA_IntHigh_2050","AM","LA","IntHigh","2050",128.68140951181
"031002030104",5200,59599,"South Fork Little Manatee River","tbcmp_AM_LA_IntHigh_2050","AM","LA","IntHigh","2050",58.908962778
"031002030104",6110,2771888.54971455,"South Fork Little Manatee River","tbcmp_AM_LA_IntHigh_2050","AM","LA","IntHigh","2050",2739.79562408596
"031002030104",6410,790423.888500392,"South Fork Little Manatee River","tbcmp_AM_LA_IntHigh_2050","AM","LA","IntHigh","2050",781.272360719335
"031002030105",1100,1934240.29714197,"Dug Creek-Little Manatee River","tbcmp_AM_LA_IntHigh_2050","AM","LA","IntHigh","2050",1911.84566298166
"031002030105",1200,1712937.80700052,"Dug Creek-Little Manatee River","tbcmp_AM_LA_IntHigh_2050","AM","LA","IntHigh","2050",1693.10541307107
"031002030105",1800,52149.147465383,"Dug Creek-Little Manatee River","tbcmp_AM_LA_IntHigh_2050","AM","LA","IntHigh","2050",51.5453646360288
"031002030105",1820,136999.555805857,"Dug Creek-Little Manatee River","tbcmp_AM_LA_IntHigh_2050","AM","LA","IntHigh","2050",135.413374948737
"031002030105",1900,1347546.4007241,"Dug Creek-Little Manatee River","tbcmp_AM_LA_IntHigh_2050","AM","LA","IntHigh","2050",1331.94450849651
"031002030105",2100,2626503.60799867,"Dug Creek-Little Manatee River","tbcmp_AM_LA_IntHigh_2050","AM","LA","IntHigh","2050",2596.09394922526
"031002030105",2200,17079,"Dug Creek-Little Manatee River","tbcmp_AM_LA_IntHigh_2050","AM","LA","IntHigh","2050",16.881259338
"031002030105",2400,539677,"Dug Creek-Little Manatee River","tbcmp_AM_LA_IntHigh_2050","AM","LA","IntHigh","2050",533.428619694
"031002030105",3200,1175001.5839465,"Dug Creek-Little Manatee River","tbcmp_AM_LA_IntHigh_2050","AM","LA","IntHigh","2050",1161.39741560756
"031002030105",4100,2267855.26467036,"Dug Creek-Little Manatee River","tbcmp_AM_LA_IntHigh_2050","AM","LA","IntHigh","2050",2241.59803641601
"031002030105",4400,54734.2353469509,"Dug Creek-Little Manatee River","tbcmp_AM_LA_IntHigh_2050","AM","LA","IntHigh","2050",54.1005223701039
"031002030105",5200,2582235.15275387,"Dug Creek-Little Manatee River","tbcmp_AM_LA_IntHigh_2050","AM","LA","IntHigh","2050",2552.33803415528
"031002030105",5400,8236.4264177829,"Dug Creek-Little Manatee River","tbcmp_AM_LA_IntHigh_2050","AM","LA","IntHigh","2050",8.14106507271781
"031002030105",6110,1997551.41893187,"Dug Creek-Little Manatee River","tbcmp_AM_LA_IntHigh_2050","AM","LA","IntHigh","2050",1974.42376860348
"031002030105",6410,635650.103381078,"Dug Creek-Little Manatee River","tbcmp_AM_LA_IntHigh_2050","AM","LA","IntHigh","2050",628.290546484132
"031002030105",6420,279,"Dug Creek-Little Manatee River","tbcmp_AM_LA_IntHigh_2050","AM","LA","IntHigh","2050",0.275769738
"031002030105",6425,746.726177334785,"Dug Creek-Little Manatee River","tbcmp_AM_LA_IntHigh_2050","AM","LA","IntHigh","2050",0.738080581653603
"031002030105",6510,474.999036133289,"Dug Creek-Little Manatee River","tbcmp_AM_LA_IntHigh_2050","AM","LA","IntHigh","2050",0.469499497292938
"031002030105",6600,985.242236562073,"Dug Creek-Little Manatee River","tbcmp_AM_LA_IntHigh_2050","AM","LA","IntHigh","2050",0.973835101947158
"031002030105",9113,1687.64928866643,"Dug Creek-Little Manatee River","tbcmp_AM_LA_IntHigh_2050","AM","LA","IntHigh","2050",1.66810968520225
"031002030201",1100,868038.878429406,"Curiosity Creek","tbcmp_AM_LA_IntHigh_2050","AM","LA","IntHigh","2050",857.98872429495
"031002030201",1200,754862.915777449,"Curiosity Creek","tbcmp_AM_LA_IntHigh_2050","AM","LA","IntHigh","2050",746.123112938577
"031002030201",1800,12514.2136743944,"Curiosity Creek","tbcmp_AM_LA_IntHigh_2050","AM","LA","IntHigh","2050",12.3693241084723
"031002030201",1900,2227665.05432263,"Curiosity Creek","tbcmp_AM_LA_IntHigh_2050","AM","LA","IntHigh","2050",2201.87314832368
"031002030201",2100,5869385.4063307,"Curiosity Creek","tbcmp_AM_LA_IntHigh_2050","AM","LA","IntHigh","2050",5801.42966209621
"031002030201",2200,63937.9027332827,"Curiosity Creek","tbcmp_AM_LA_IntHigh_2050","AM","LA","IntHigh","2050",63.1976296954368
"031002030201",2400,21333.7450879846,"Curiosity Creek","tbcmp_AM_LA_IntHigh_2050","AM","LA","IntHigh","2050",21.0867429873559
"031002030201",3200,552893.327901131,"Curiosity Creek","tbcmp_AM_LA_IntHigh_2050","AM","LA","IntHigh","2050",546.491928950692
"031002030201",4100,900648.497350257,"Curiosity Creek","tbcmp_AM_LA_IntHigh_2050","AM","LA","IntHigh","2050",890.220789047936
"031002030201",5200,357601.433415326,"Curiosity Creek","tbcmp_AM_LA_IntHigh_2050","AM","LA","IntHigh","2050",353.461124019243
"031002030201",5400,8534.66546523574,"Curiosity Creek","tbcmp_AM_LA_IntHigh_2050","AM","LA","IntHigh","2050",8.43585110847924
"031002030201",6110,1721062.22558548,"Curiosity Creek","tbcmp_AM_LA_IntHigh_2050","AM","LA","IntHigh","2050",1701.13576713766
"031002030201",6120,63,"Curiosity Creek","tbcmp_AM_LA_IntHigh_2050","AM","LA","IntHigh","2050",0.062270586
"031002030201",6410,939281.399852696,"Curiosity Creek","tbcmp_AM_LA_IntHigh_2050","AM","LA","IntHigh","2050",928.406399805202
"031002030201",6420,26339.60416154,"Curiosity Creek","tbcmp_AM_LA_IntHigh_2050","AM","LA","IntHigh","2050",26.0346442245577
"031002030201",6425,11290.1034917235,"Curiosity Creek","tbcmp_AM_LA_IntHigh_2050","AM","LA","IntHigh","2050",11.1593866734964
"031002030201",6510,262.541861641686,"Curiosity Creek","tbcmp_AM_LA_IntHigh_2050","AM","LA","IntHigh","2050",0.259502151967599
"031002030201",6600,17772.6660853401,"Curiosity Creek","tbcmp_AM_LA_IntHigh_2050","AM","LA","IntHigh","2050",17.566894157404
"031002030201",9113,147.870044271029,"Curiosity Creek","tbcmp_AM_LA_IntHigh_2050","AM","LA","IntHigh","2050",0.146158004898459
"031002030202",1100,2089930.90841611,"Cypress Creek-Little Manatee River","tbcmp_AM_LA_IntHigh_2050","AM","LA","IntHigh","2050",2065.73368835847
"031002030202",1200,5382823.58208432,"Cypress Creek-Little Manatee River","tbcmp_AM_LA_IntHigh_2050","AM","LA","IntHigh","2050",5320.50125065095
"031002030202",1800,167566.607337252,"Cypress Creek-Little Manatee River","tbcmp_AM_LA_IntHigh_2050","AM","LA","IntHigh","2050",165.626521157502
"031002030202",1820,1047267.4441944,"Cypress Creek-Little Manatee River","tbcmp_AM_LA_IntHigh_2050","AM","LA","IntHigh","2050",1035.14218172552
"031002030202",1900,864925.987208181,"Cypress Creek-Little Manatee River","tbcmp_AM_LA_IntHigh_2050","AM","LA","IntHigh","2050",854.911874128285
"031002030202",2100,1125682.16377233,"Cypress Creek-Little Manatee River","tbcmp_AM_LA_IntHigh_2050","AM","LA","IntHigh","2050",1112.64901568017
"031002030202",2400,203494.254912657,"Cypress Creek-Little Manatee River","tbcmp_AM_LA_IntHigh_2050","AM","LA","IntHigh","2050",201.138198429279
"031002030202",3200,1160857.58699849,"Cypress Creek-Little Manatee River","tbcmp_AM_LA_IntHigh_2050","AM","LA","IntHigh","2050",1147.41717785623
"031002030202",4100,1663346.83559344,"Cypress Creek-Little Manatee River","tbcmp_AM_LA_IntHigh_2050","AM","LA","IntHigh","2050",1644.08860593094
"031002030202",5200,890738.227539189,"Cypress Creek-Little Manatee River","tbcmp_AM_LA_IntHigh_2050","AM","LA","IntHigh","2050",880.425260340741
"031002030202",5400,343701.815945796,"Cypress Creek-Little Manatee River","tbcmp_AM_LA_IntHigh_2050","AM","LA","IntHigh","2050",339.722436320776
"031002030202",6110,2021411.11835385,"Cypress Creek-Little Manatee River","tbcmp_AM_LA_IntHigh_2050","AM","LA","IntHigh","2050",1998.00722042555
"031002030202",6120,8018,"Cypress Creek-Little Manatee River","tbcmp_AM_LA_IntHigh_2050","AM","LA","IntHigh","2050",7.925167596
"031002030202",6410,970343.896473323,"Cypress Creek-Little Manatee River","tbcmp_AM_LA_IntHigh_2050","AM","LA","IntHigh","2050",959.109254839955
"031002030202",6420,281620.469160957,"Cypress Creek-Little Manatee River","tbcmp_AM_LA_IntHigh_2050","AM","LA","IntHigh","2050",278.359867369011
"031002030202",6425,191864.884700978,"Cypress Creek-Little Manatee River","tbcmp_AM_LA_IntHigh_2050","AM","LA","IntHigh","2050",189.64347306591
"031002030202",6510,20432.7685555468,"Cypress Creek-Little Manatee River","tbcmp_AM_LA_IntHigh_2050","AM","LA","IntHigh","2050",20.1961979612107
"031002030202",6600,184934.851404509,"Cypress Creek-Little Manatee River","tbcmp_AM_LA_IntHigh_2050","AM","LA","IntHigh","2050",182.793675694947
"031002030202",9113,28607.4419599032,"Cypress Creek-Little Manatee River","tbcmp_AM_LA_IntHigh_2050","AM","LA","IntHigh","2050",28.2762249968914
"031002030203",0,3322.07788681984,"Wildcat Creek-Little Manatee River","tbcmp_AM_LA_IntHigh_2050","AM","LA","IntHigh","2050",3.28361486904624
"031002030203",1100,834922.86374153,"Wildcat Creek-Little Manatee River","tbcmp_AM_LA_IntHigh_2050","AM","LA","IntHigh","2050",825.256126825131
"031002030203",1200,4811586.7864477,"Wildcat Creek-Little Manatee River","tbcmp_AM_LA_IntHigh_2050","AM","LA","IntHigh","2050",4755.87823463421
"031002030203",1800,34692.8628941039,"Wildcat Creek-Little Manatee River","tbcmp_AM_LA_IntHigh_2050","AM","LA","IntHigh","2050",34.291188927516
"031002030203",1820,126980,"Wildcat Creek-Little Manatee River","tbcmp_AM_LA_IntHigh_2050","AM","LA","IntHigh","2050",125.50982556
"031002030203",1900,926837.245169335,"Wildcat Creek-Little Manatee River","tbcmp_AM_LA_IntHigh_2050","AM","LA","IntHigh","2050",916.106323544764
"031002030203",2100,1387367.58757851,"Wildcat Creek-Little Manatee River","tbcmp_AM_LA_IntHigh_2050","AM","LA","IntHigh","2050",1371.30464564953
"031002030203",2200,549104,"Wildcat Creek-Little Manatee River","tbcmp_AM_LA_IntHigh_2050","AM","LA","IntHigh","2050",542.746473888
"031002030203",2400,160132.110499338,"Wildcat Creek-Little Manatee River","tbcmp_AM_LA_IntHigh_2050","AM","LA","IntHigh","2050",158.278100923977
"031002030203",3200,312056.446333501,"Wildcat Creek-Little Manatee River","tbcmp_AM_LA_IntHigh_2050","AM","LA","IntHigh","2050",308.443456797852
"031002030203",4100,530764.942151807,"Wildcat Creek-Little Manatee River","tbcmp_AM_LA_IntHigh_2050","AM","LA","IntHigh","2050",524.619745651573
"031002030203",5200,493270.021226497,"Wildcat Creek-Little Manatee River","tbcmp_AM_LA_IntHigh_2050","AM","LA","IntHigh","2050",487.558940920737
"031002030203",5400,1052521.56290052,"Wildcat Creek-Little Manatee River","tbcmp_AM_LA_IntHigh_2050","AM","LA","IntHigh","2050",1040.33546824526
"031002030203",6110,528055.42513754,"Wildcat Creek-Little Manatee River","tbcmp_AM_LA_IntHigh_2050","AM","LA","IntHigh","2050",521.941599425297
"031002030203",6120,194480.482359781,"Wildcat Creek-Little Manatee River","tbcmp_AM_LA_IntHigh_2050","AM","LA","IntHigh","2050",192.228787335019
"031002030203",6410,169308.184232777,"Wildcat Creek-Little Manatee River","tbcmp_AM_LA_IntHigh_2050","AM","LA","IntHigh","2050",167.34793407573
"031002030203",6420,236066.621553992,"Wildcat Creek-Little Manatee River","tbcmp_AM_LA_IntHigh_2050","AM","LA","IntHigh","2050",233.33344220964
"031002030203",6425,145398.285630053,"Wildcat Creek-Little Manatee River","tbcmp_AM_LA_IntHigh_2050","AM","LA","IntHigh","2050",143.714864279029
"031002030203",6510,12458.6905466318,"Wildcat Creek-Little Manatee River","tbcmp_AM_LA_IntHigh_2050","AM","LA","IntHigh","2050",12.3144438274829
"031002030203",6600,80215.8458686266,"Wildcat Creek-Little Manatee River","tbcmp_AM_LA_IntHigh_2050","AM","LA","IntHigh","2050",79.2871068051597
"031002030203",9113,225187.081664469,"Wildcat Creek-Little Manatee River","tbcmp_AM_LA_IntHigh_2050","AM","LA","IntHigh","2050",222.579865632958
"031002040102",1100,69399.6605120282,"Poley Creek","tbcmp_AM_LA_IntHigh_2050","AM","LA","IntHigh","2050",68.5961512426199
"031002040102",1200,286589.800860612,"Poley Creek","tbcmp_AM_LA_IntHigh_2050","AM","LA","IntHigh","2050",283.271664146248
"031002040102",1900,8465.05523348609,"Poley Creek","tbcmp_AM_LA_IntHigh_2050","AM","LA","IntHigh","2050",8.36704682399279
"031002040102",3200,28377.1002226209,"Poley Creek","tbcmp_AM_LA_IntHigh_2050","AM","LA","IntHigh","2050",28.0485501562434
"031002040102",4100,30122.1217477104,"Poley Creek","tbcmp_AM_LA_IntHigh_2050","AM","LA","IntHigh","2050",29.7733678221154
"031002040102",5200,762,"Poley Creek","tbcmp_AM_LA_IntHigh_2050","AM","LA","IntHigh","2050",0.753177564
"031002040102",6110,115836.42287951,"Poley Creek","tbcmp_AM_LA_IntHigh_2050","AM","LA","IntHigh","2050",114.495268775411
"031002040102",6410,5290.22711246833,"Poley Creek","tbcmp_AM_LA_IntHigh_2050","AM","LA","IntHigh","2050",5.22897686296017
"031002040103",1100,4223289.89091802,"English Creek","tbcmp_AM_LA_IntHigh_2050","AM","LA","IntHigh","2050",4174.39264056097
"031002040103",1200,5616839.3304677,"English Creek","tbcmp_AM_LA_IntHigh_2050","AM","LA","IntHigh","2050",5551.80756469954
"031002040103",1800,12168.7392226534,"English Creek","tbcmp_AM_LA_IntHigh_2050","AM","LA","IntHigh","2050",12.0278495599336
"031002040103",1900,1716849.17711854,"English Creek","tbcmp_AM_LA_IntHigh_2050","AM","LA","IntHigh","2050",1696.97149734586
"031002040103",2100,3719211.37908667,"English Creek","tbcmp_AM_LA_IntHigh_2050","AM","LA","IntHigh","2050",3676.1503497396
"031002040103",2200,33827.9381489316,"English Creek","tbcmp_AM_LA_IntHigh_2050","AM","LA","IntHigh","2050",33.4362782810433
"031002040103",2400,270644.813910806,"English Creek","tbcmp_AM_LA_IntHigh_2050","AM","LA","IntHigh","2050",267.511288255347
"031002040103",3200,208689.116830547,"English Creek","tbcmp_AM_LA_IntHigh_2050","AM","LA","IntHigh","2050",206.272914235883
"031002040103",4100,1444932.98084954,"English Creek","tbcmp_AM_LA_IntHigh_2050","AM","LA","IntHigh","2050",1428.20354679727
"031002040103",4400,46184.324421075,"English Creek","tbcmp_AM_LA_IntHigh_2050","AM","LA","IntHigh","2050",45.6496023129278
"031002040103",5200,477279.555959474,"English Creek","tbcmp_AM_LA_IntHigh_2050","AM","LA","IntHigh","2050",471.753613260575
"031002040103",6110,1836888.39559853,"English Creek","tbcmp_AM_LA_IntHigh_2050","AM","LA","IntHigh","2050",1815.62090175429
"031002040103",6410,938141.916449208,"English Creek","tbcmp_AM_LA_IntHigh_2050","AM","LA","IntHigh","2050",927.280109340559
"031002040104",1100,1667608.15993173,"North Prong Alafia River","tbcmp_AM_LA_IntHigh_2050","AM","LA","IntHigh","2050",1648.30059265604
"031002040104",1200,2383508.37985286,"North Prong Alafia River","tbcmp_AM_LA_IntHigh_2050","AM","LA","IntHigh","2050",2355.91211983092
"031002040104",1800,10303.0486932899,"North Prong Alafia River","tbcmp_AM_LA_IntHigh_2050","AM","LA","IntHigh","2050",10.183759995519
"031002040104",1900,2985754.1240025,"North Prong Alafia River","tbcmp_AM_LA_IntHigh_2050","AM","LA","IntHigh","2050",2951.1850627548
"031002040104",2100,1881471.2429028,"North Prong Alafia River","tbcmp_AM_LA_IntHigh_2050","AM","LA","IntHigh","2050",1859.68756885247
"031002040104",2200,40707,"North Prong Alafia River","tbcmp_AM_LA_IntHigh_2050","AM","LA","IntHigh","2050",40.235694354
"031002040104",2400,55235,"North Prong Alafia River","tbcmp_AM_LA_IntHigh_2050","AM","LA","IntHigh","2050",54.59548917
"031002040104",3200,65865.6226572404,"North Prong Alafia River","tbcmp_AM_LA_IntHigh_2050","AM","LA","IntHigh","2050",65.1030304781149
"031002040104",4100,1302675.75430082,"North Prong Alafia River","tbcmp_AM_LA_IntHigh_2050","AM","LA","IntHigh","2050",1287.59337441752
"031002040104",4400,202786,"North Prong Alafia River","tbcmp_AM_LA_IntHigh_2050","AM","LA","IntHigh","2050",200.438143692
"031002040104",5200,172302.315486141,"North Prong Alafia River","tbcmp_AM_LA_IntHigh_2050","AM","LA","IntHigh","2050",170.307399277442
"031002040104",6110,1998254.93641423,"North Prong Alafia River","tbcmp_AM_LA_IntHigh_2050","AM","LA","IntHigh","2050",1975.11914076042
"031002040104",6410,290599,"North Prong Alafia River","tbcmp_AM_LA_IntHigh_2050","AM","LA","IntHigh","2050",287.234444778
"031002040202",1100,582.427401147084,"031002040202-South Prong Alafia River","tbcmp_AM_LA_IntHigh_2050","AM","LA","IntHigh","2050",0.575684056696603
"031002040202",1200,307973.8125293,"031002040202-South Prong Alafia River","tbcmp_AM_LA_IntHigh_2050","AM","LA","IntHigh","2050",304.408091727836
"031002040202",1900,2346530.84513643,"031002040202-South Prong Alafia River","tbcmp_AM_LA_IntHigh_2050","AM","LA","IntHigh","2050",2319.36271101144
"031002040202",4400,119548.011302597,"031002040202-South Prong Alafia River","tbcmp_AM_LA_IntHigh_2050","AM","LA","IntHigh","2050",118.163884427736
"031002040202",5200,154346.374259086,"031002040202-South Prong Alafia River","tbcmp_AM_LA_IntHigh_2050","AM","LA","IntHigh","2050",152.559351937914
"031002040202",6110,22061.9317072134,"031002040202-South Prong Alafia River","tbcmp_AM_LA_IntHigh_2050","AM","LA","IntHigh","2050",21.8064986619073
"031002040202",6410,303678.204296328,"031002040202-South Prong Alafia River","tbcmp_AM_LA_IntHigh_2050","AM","LA","IntHigh","2050",300.162218046985
"031002040203",1100,511103.198723582,"Hurrah Lake-South Prong Alafia River","tbcmp_AM_LA_IntHigh_2050","AM","LA","IntHigh","2050",505.18564588876
"031002040203",1200,2435651.30054891,"Hurrah Lake-South Prong Alafia River","tbcmp_AM_LA_IntHigh_2050","AM","LA","IntHigh","2050",2407.45132979115
"031002040203",1900,5977893.25244691,"Hurrah Lake-South Prong Alafia River","tbcmp_AM_LA_IntHigh_2050","AM","LA","IntHigh","2050",5908.68120437008
"031002040203",2100,614945.699964919,"Hurrah Lake-South Prong Alafia River","tbcmp_AM_LA_IntHigh_2050","AM","LA","IntHigh","2050",607.825858650725
"031002040203",2200,1678,"Hurrah Lake-South Prong Alafia River","tbcmp_AM_LA_IntHigh_2050","AM","LA","IntHigh","2050",1.658572116
"031002040203",2400,11679,"Hurrah Lake-South Prong Alafia River","tbcmp_AM_LA_IntHigh_2050","AM","LA","IntHigh","2050",11.543780538
"031002040203",3200,12038,"Hurrah Lake-South Prong Alafia River","tbcmp_AM_LA_IntHigh_2050","AM","LA","IntHigh","2050",11.898624036
"031002040203",4100,173656.893545642,"Hurrah Lake-South Prong Alafia River","tbcmp_AM_LA_IntHigh_2050","AM","LA","IntHigh","2050",171.64629403217
"031002040203",4400,1296596.38369031,"Hurrah Lake-South Prong Alafia River","tbcmp_AM_LA_IntHigh_2050","AM","LA","IntHigh","2050",1281.58439075994
"031002040203",5200,560466.685480077,"Hurrah Lake-South Prong Alafia River","tbcmp_AM_LA_IntHigh_2050","AM","LA","IntHigh","2050",553.977602195589
"031002040203",6110,2444927.25573945,"Hurrah Lake-South Prong Alafia River","tbcmp_AM_LA_IntHigh_2050","AM","LA","IntHigh","2050",2416.6198879725
"031002040203",6410,1170583.62961177,"Hurrah Lake-South Prong Alafia River","tbcmp_AM_LA_IntHigh_2050","AM","LA","IntHigh","2050",1157.03061234812
"031002040204",1100,246696.23368625,"Hurrah Creek-South Prong Alafia River","tbcmp_AM_LA_IntHigh_2050","AM","LA","IntHigh","2050",243.839984692631
"031002040204",1200,4556127.47505338,"Hurrah Creek-South Prong Alafia River","tbcmp_AM_LA_IntHigh_2050","AM","LA","IntHigh","2050",4503.37663114722
"031002040204",1800,20853,"Hurrah Creek-South Prong Alafia River","tbcmp_AM_LA_IntHigh_2050","AM","LA","IntHigh","2050",20.611563966
"031002040204",1900,4051251.78044453,"Hurrah Creek-South Prong Alafia River","tbcmp_AM_LA_IntHigh_2050","AM","LA","IntHigh","2050",4004.34638733054
"031002040204",2100,2115965.61589895,"Hurrah Creek-South Prong Alafia River","tbcmp_AM_LA_IntHigh_2050","AM","LA","IntHigh","2050",2091.46696599808
"031002040204",2200,42716,"Hurrah Creek-South Prong Alafia River","tbcmp_AM_LA_IntHigh_2050","AM","LA","IntHigh","2050",42.221434152
"031002040204",3200,27838.644248873,"Hurrah Creek-South Prong Alafia River","tbcmp_AM_LA_IntHigh_2050","AM","LA","IntHigh","2050",27.5163284257595
"031002040204",4100,177947.533069117,"Hurrah Creek-South Prong Alafia River","tbcmp_AM_LA_IntHigh_2050","AM","LA","IntHigh","2050",175.887256531243
"031002040204",4400,194059.086343052,"Hurrah Creek-South Prong Alafia River","tbcmp_AM_LA_IntHigh_2050","AM","LA","IntHigh","2050",191.812270241372
"031002040204",5200,222576.001073733,"Hurrah Creek-South Prong Alafia River","tbcmp_AM_LA_IntHigh_2050","AM","LA","IntHigh","2050",219.999016133301
"031002040204",6110,1838206.82560816,"Hurrah Creek-South Prong Alafia River","tbcmp_AM_LA_IntHigh_2050","AM","LA","IntHigh","2050",1816.92406698127
"031002040204",6410,737334.88885604,"Hurrah Creek-South Prong Alafia River","tbcmp_AM_LA_IntHigh_2050","AM","LA","IntHigh","2050",728.798025512865
"031002040205",1100,2456350.90391588,"Mizelle Creek-South Prong Alafia River","tbcmp_AM_LA_IntHigh_2050","AM","LA","IntHigh","2050",2427.91127315035
"031002040205",1200,164754.703060936,"Mizelle Creek-South Prong Alafia River","tbcmp_AM_LA_IntHigh_2050","AM","LA","IntHigh","2050",162.847173108897
"031002040205",1900,4912145.83764055,"Mizelle Creek-South Prong Alafia River","tbcmp_AM_LA_IntHigh_2050","AM","LA","IntHigh","2050",4855.27301313235
"031002040205",2100,4084008.41436694,"Mizelle Creek-South Prong Alafia River","tbcmp_AM_LA_IntHigh_2050","AM","LA","IntHigh","2050",4036.7237649454
"031002040205",2200,16253,"Mizelle Creek-South Prong Alafia River","tbcmp_AM_LA_IntHigh_2050","AM","LA","IntHigh","2050",16.064822766
"031002040205",2400,66118.7953275982,"Mizelle Creek-South Prong Alafia River","tbcmp_AM_LA_IntHigh_2050","AM","LA","IntHigh","2050",65.3532719152953
"031002040205",3200,1733678.93131749,"Mizelle Creek-South Prong Alafia River","tbcmp_AM_LA_IntHigh_2050","AM","LA","IntHigh","2050",1713.6063966507
"031002040205",4100,914470.3782317,"Mizelle Creek-South Prong Alafia River","tbcmp_AM_LA_IntHigh_2050","AM","LA","IntHigh","2050",903.882640192533
"031002040205",4400,168915,"Mizelle Creek-South Prong Alafia River","tbcmp_AM_LA_IntHigh_2050","AM","LA","IntHigh","2050",166.95930213
"031002040205",5200,299034.281170612,"Mizelle Creek-South Prong Alafia River","tbcmp_AM_LA_IntHigh_2050","AM","LA","IntHigh","2050",295.572062263219
"031002040205",6110,2528687.1099057,"Mizelle Creek-South Prong Alafia River","tbcmp_AM_LA_IntHigh_2050","AM","LA","IntHigh","2050",2499.40997054721
"031002040205",6410,442926.289465099,"Mizelle Creek-South Prong Alafia River","tbcmp_AM_LA_IntHigh_2050","AM","LA","IntHigh","2050",437.798088885672
"031002040301",1100,2394935.78333552,"Allens Cove","tbcmp_AM_LA_IntHigh_2050","AM","LA","IntHigh","2050",2367.20721683606
"031002040301",1200,1338735.01497414,"Allens Cove","tbcmp_AM_LA_IntHigh_2050","AM","LA","IntHigh","2050",1323.23514097077
"031002040301",1800,107330,"Allens Cove","tbcmp_AM_LA_IntHigh_2050","AM","LA","IntHigh","2050",106.08733326
"031002040301",1820,1328.71827138282,"Allens Cove","tbcmp_AM_LA_IntHigh_2050","AM","LA","IntHigh","2050",1.31333437123675
"031002040301",1900,2550504.87601135,"Allens Cove","tbcmp_AM_LA_IntHigh_2050","AM","LA","IntHigh","2050",2520.97513055689
"031002040301",2100,5393793.50146156,"Allens Cove","tbcmp_AM_LA_IntHigh_2050","AM","LA","IntHigh","2050",5331.34416030163
"031002040301",2200,79451.0618512265,"Allens Cove","tbcmp_AM_LA_IntHigh_2050","AM","LA","IntHigh","2050",78.531177457113
"031002040301",2400,182902,"Allens Cove","tbcmp_AM_LA_IntHigh_2050","AM","LA","IntHigh","2050",180.784360644
"031002040301",3200,30869,"Allens Cove","tbcmp_AM_LA_IntHigh_2050","AM","LA","IntHigh","2050",30.511598718
"031002040301",4100,542771.904199635,"Allens Cove","tbcmp_AM_LA_IntHigh_2050","AM","LA","IntHigh","2050",536.487691092811
"031002040301",4400,96428.6755789188,"Allens Cove","tbcmp_AM_LA_IntHigh_2050","AM","LA","IntHigh","2050",95.3122243730661
"031002040301",5200,875894.149943821,"Allens Cove","tbcmp_AM_LA_IntHigh_2050","AM","LA","IntHigh","2050",865.753047475771
"031002040301",6110,942967.771547604,"Allens Cove","tbcmp_AM_LA_IntHigh_2050","AM","LA","IntHigh","2050",932.050090688626
"031002040301",6410,333212.309430827,"Allens Cove","tbcmp_AM_LA_IntHigh_2050","AM","LA","IntHigh","2050",329.354377312237
"031002040302",1100,2389886.14351853,"Turkey Creek","tbcmp_AM_LA_IntHigh_2050","AM","LA","IntHigh","2050",2362.21604174888
"031002040302",1200,1677808.31297302,"Turkey Creek","tbcmp_AM_LA_IntHigh_2050","AM","LA","IntHigh","2050",1658.38264832542
"031002040302",1800,84837,"Turkey Creek","tbcmp_AM_LA_IntHigh_2050","AM","LA","IntHigh","2050",83.854757214
"031002040302",1820,39883.3518630432,"Turkey Creek","tbcmp_AM_LA_IntHigh_2050","AM","LA","IntHigh","2050",39.4215824151729
"031002040302",1900,3048580.09104654,"Turkey Creek","tbcmp_AM_LA_IntHigh_2050","AM","LA","IntHigh","2050",3013.28363075241
"031002040302",2100,3312571.37914575,"Turkey Creek","tbcmp_AM_LA_IntHigh_2050","AM","LA","IntHigh","2050",3274.218427718
"031002040302",2200,21241,"Turkey Creek","tbcmp_AM_LA_IntHigh_2050","AM","LA","IntHigh","2050",20.995071702
"031002040302",2400,91728.2265698118,"Turkey Creek","tbcmp_AM_LA_IntHigh_2050","AM","LA","IntHigh","2050",90.6661971625866
"031002040302",3200,11542,"Turkey Creek","tbcmp_AM_LA_IntHigh_2050","AM","LA","IntHigh","2050",11.408366724
"031002040302",4100,349529.065952745,"Turkey Creek","tbcmp_AM_LA_IntHigh_2050","AM","LA","IntHigh","2050",345.482218427144
"031002040302",4400,33174.2369874952,"Turkey Creek","tbcmp_AM_LA_IntHigh_2050","AM","LA","IntHigh","2050",32.790145671654
"031002040302",5200,177594.389050888,"Turkey Creek","tbcmp_AM_LA_IntHigh_2050","AM","LA","IntHigh","2050",175.538201214457
"031002040302",6110,996020.087387529,"Turkey Creek","tbcmp_AM_LA_IntHigh_2050","AM","LA","IntHigh","2050",984.488166815756
"031002040302",6410,532606.731336768,"Turkey Creek","tbcmp_AM_LA_IntHigh_2050","AM","LA","IntHigh","2050",526.440210601351
"031002040303",1100,494475.992757986,"Fishhook Creek","tbcmp_AM_LA_IntHigh_2050","AM","LA","IntHigh","2050",488.750949713834
"031002040303",1200,1859190.00171184,"Fishhook Creek","tbcmp_AM_LA_IntHigh_2050","AM","LA","IntHigh","2050",1837.66429987202
"031002040303",1800,9868.52369927488,"Fishhook Creek","tbcmp_AM_LA_IntHigh_2050","AM","LA","IntHigh","2050",9.75426593188467
"031002040303",1900,2411888.81477277,"Fishhook Creek","tbcmp_AM_LA_IntHigh_2050","AM","LA","IntHigh","2050",2383.96396607533
"031002040303",2100,1066511.39938168,"Fishhook Creek","tbcmp_AM_LA_IntHigh_2050","AM","LA","IntHigh","2050",1054.16333039964
"031002040303",2200,59927,"Fishhook Creek","tbcmp_AM_LA_IntHigh_2050","AM","LA","IntHigh","2050",59.233165194
"031002040303",2400,170590,"Fishhook Creek","tbcmp_AM_LA_IntHigh_2050","AM","LA","IntHigh","2050",168.61490898
"031002040303",3200,1755256.77063058,"Fishhook Creek","tbcmp_AM_LA_IntHigh_2050","AM","LA","IntHigh","2050",1734.93440774021
"031002040303",4100,2082906.13804355,"Fishhook Creek","tbcmp_AM_LA_IntHigh_2050","AM","LA","IntHigh","2050",2058.79025077729
"031002040303",4400,128601.647156345,"Fishhook Creek","tbcmp_AM_LA_IntHigh_2050","AM","LA","IntHigh","2050",127.112697285569
"031002040303",5200,1172851.67776575,"Fishhook Creek","tbcmp_AM_LA_IntHigh_2050","AM","LA","IntHigh","2050",1159.27240104057
"031002040303",6110,1481223.38285242,"Fishhook Creek","tbcmp_AM_LA_IntHigh_2050","AM","LA","IntHigh","2050",1464.07377852576
"031002040303",6410,564561.960521024,"Fishhook Creek","tbcmp_AM_LA_IntHigh_2050","AM","LA","IntHigh","2050",558.025462142111
"031002040304",1100,4126838.6294516,"Little Fishhawk Creek-Alafia River","tbcmp_AM_LA_IntHigh_2050","AM","LA","IntHigh","2050",4079.05809179981
"031002040304",1200,5088053.32534144,"Little Fishhawk Creek-Alafia River","tbcmp_AM_LA_IntHigh_2050","AM","LA","IntHigh","2050",5029.14384394064
"031002040304",1800,230525.803023442,"Little Fishhawk Creek-Alafia River","tbcmp_AM_LA_IntHigh_2050","AM","LA","IntHigh","2050",227.856775276037
"031002040304",1820,259068.208072809,"Little Fishhawk Creek-Alafia River","tbcmp_AM_LA_IntHigh_2050","AM","LA","IntHigh","2050",256.068716359742
"031002040304",1900,1091274.67592457,"Little Fishhawk Creek-Alafia River","tbcmp_AM_LA_IntHigh_2050","AM","LA","IntHigh","2050",1078.63989772672
"031002040304",2100,1958506.54936701,"Little Fishhawk Creek-Alafia River","tbcmp_AM_LA_IntHigh_2050","AM","LA","IntHigh","2050",1935.83096053844
"031002040304",2200,10236,"Little Fishhawk Creek-Alafia River","tbcmp_AM_LA_IntHigh_2050","AM","LA","IntHigh","2050",10.117487592
"031002040304",2400,42384.2046723345,"Little Fishhawk Creek-Alafia River","tbcmp_AM_LA_IntHigh_2050","AM","LA","IntHigh","2050",41.8934803506382
"031002040304",3200,33062,"Little Fishhawk Creek-Alafia River","tbcmp_AM_LA_IntHigh_2050","AM","LA","IntHigh","2050",32.679208164
"031002040304",4100,2047622.33678083,"Little Fishhawk Creek-Alafia River","tbcmp_AM_LA_IntHigh_2050","AM","LA","IntHigh","2050",2023.91496536558
"031002040304",4400,21838,"Little Fishhawk Creek-Alafia River","tbcmp_AM_LA_IntHigh_2050","AM","LA","IntHigh","2050",21.585159636
"031002040304",5200,324756.756717574,"Little Fishhawk Creek-Alafia River","tbcmp_AM_LA_IntHigh_2050","AM","LA","IntHigh","2050",320.996722988298
"031002040304",5400,1199,"Little Fishhawk Creek-Alafia River","tbcmp_AM_LA_IntHigh_2050","AM","LA","IntHigh","2050",1.185117978
"031002040304",6110,3000550.61484662,"Little Fishhawk Creek-Alafia River","tbcmp_AM_LA_IntHigh_2050","AM","LA","IntHigh","2050",2965.81023982793
"031002040304",6410,659292.547399108,"Little Fishhawk Creek-Alafia River","tbcmp_AM_LA_IntHigh_2050","AM","LA","IntHigh","2050",651.659258285321
"031002040304",6420,384,"Little Fishhawk Creek-Alafia River","tbcmp_AM_LA_IntHigh_2050","AM","LA","IntHigh","2050",0.379554048
"031002040304",6425,1285.23406858742,"Little Fishhawk Creek-Alafia River","tbcmp_AM_LA_IntHigh_2050","AM","LA","IntHigh","2050",1.27035362854132
"031002040304",6510,749.598945856094,"Little Fishhawk Creek-Alafia River","tbcmp_AM_LA_IntHigh_2050","AM","LA","IntHigh","2050",0.740920089260973
"031002040304",6600,1142,"Little Fishhawk Creek-Alafia River","tbcmp_AM_LA_IntHigh_2050","AM","LA","IntHigh","2050",1.128777924
"031002040304",9113,2950.41650721431,"Little Fishhawk Creek-Alafia River","tbcmp_AM_LA_IntHigh_2050","AM","LA","IntHigh","2050",2.91625658489378
"031002040305",1100,979609.845324224,"Bell Creek","tbcmp_AM_LA_IntHigh_2050","AM","LA","IntHigh","2050",968.26792253506
"031002040305",1200,4042440.51841981,"Bell Creek","tbcmp_AM_LA_IntHigh_2050","AM","LA","IntHigh","2050",3995.63714209755
"031002040305",1800,99425.4576827046,"Bell Creek","tbcmp_AM_LA_IntHigh_2050","AM","LA","IntHigh","2050",98.2743097336543
"031002040305",1900,1100179.57329176,"Bell Creek","tbcmp_AM_LA_IntHigh_2050","AM","LA","IntHigh","2050",1087.44169419219
"031002040305",2100,1466844.79542845,"Bell Creek","tbcmp_AM_LA_IntHigh_2050","AM","LA","IntHigh","2050",1449.86166638698
"031002040305",2400,12009.5631609846,"Bell Creek","tbcmp_AM_LA_IntHigh_2050","AM","LA","IntHigh","2050",11.8705164387067
"031002040305",3200,1229286.90289218,"Bell Creek","tbcmp_AM_LA_IntHigh_2050","AM","LA","IntHigh","2050",1215.0542191305
"031002040305",4100,1786120.39474894,"Bell Creek","tbcmp_AM_LA_IntHigh_2050","AM","LA","IntHigh","2050",1765.44069281854
"031002040305",4400,141487,"Bell Creek","tbcmp_AM_LA_IntHigh_2050","AM","LA","IntHigh","2050",139.848863514
"031002040305",5200,558137.127025541,"Bell Creek","tbcmp_AM_LA_IntHigh_2050","AM","LA","IntHigh","2050",551.675015368839
"031002040305",6110,1795249.18732645,"Bell Creek","tbcmp_AM_LA_IntHigh_2050","AM","LA","IntHigh","2050",1774.46379223558
"031002040305",6410,442266.350671184,"Bell Creek","tbcmp_AM_LA_IntHigh_2050","AM","LA","IntHigh","2050",437.145790863113
"031002040305",6420,62,"Bell Creek","tbcmp_AM_LA_IntHigh_2050","AM","LA","IntHigh","2050",0.061282164
"031002040305",6425,115.618102431297,"Bell Creek","tbcmp_AM_LA_IntHigh_2050","AM","LA","IntHigh","2050",0.114279476041348
"031002040305",6510,16,"Bell Creek","tbcmp_AM_LA_IntHigh_2050","AM","LA","IntHigh","2050",0.015814752
"031002040305",6600,261.514033064246,"Bell Creek","tbcmp_AM_LA_IntHigh_2050","AM","LA","IntHigh","2050",0.258486223589428
"031002040305",9113,4,"Bell Creek","tbcmp_AM_LA_IntHigh_2050","AM","LA","IntHigh","2050",0.003953688
"031002040306",1100,2205557.6708325,"Buckhorn Creek-Alafia River","tbcmp_AM_LA_IntHigh_2050","AM","LA","IntHigh","2050",2180.0217241196
"031002040306",1200,10319620.9750949,"Buckhorn Creek-Alafia River","tbcmp_AM_LA_IntHigh_2050","AM","LA","IntHigh","2050",10200.1404034453
"031002040306",1800,107324.767626312,"Buckhorn Creek-Alafia River","tbcmp_AM_LA_IntHigh_2050","AM","LA","IntHigh","2050",106.082161466735
"031002040306",1820,169066.642638808,"Buckhorn Creek-Alafia River","tbcmp_AM_LA_IntHigh_2050","AM","LA","IntHigh","2050",167.109189050336
"031002040306",1900,520069.979702346,"Buckhorn Creek-Alafia River","tbcmp_AM_LA_IntHigh_2050","AM","LA","IntHigh","2050",514.048609477352
"031002040306",2100,228633.542465068,"Buckhorn Creek-Alafia River","tbcmp_AM_LA_IntHigh_2050","AM","LA","IntHigh","2050",225.986423310407
"031002040306",2200,8749,"Buckhorn Creek-Alafia River","tbcmp_AM_LA_IntHigh_2050","AM","LA","IntHigh","2050",8.647704078
"031002040306",2400,15935.0102315545,"Buckhorn Creek-Alafia River","tbcmp_AM_LA_IntHigh_2050","AM","LA","IntHigh","2050",15.7505146830936
"031002040306",3200,37809.5699622311,"Buckhorn Creek-Alafia River","tbcmp_AM_LA_IntHigh_2050","AM","LA","IntHigh","2050",37.3718107612084
"031002040306",4100,1032187.21828919,"Buckhorn Creek-Alafia River","tbcmp_AM_LA_IntHigh_2050","AM","LA","IntHigh","2050",1020.23655467584
"031002040306",4400,955,"Buckhorn Creek-Alafia River","tbcmp_AM_LA_IntHigh_2050","AM","LA","IntHigh","2050",0.94394301
"031002040306",5200,669333.029243148,"Buckhorn Creek-Alafia River","tbcmp_AM_LA_IntHigh_2050","AM","LA","IntHigh","2050",661.583491430571
"031002040306",5400,668272.344428196,"Buckhorn Creek-Alafia River","tbcmp_AM_LA_IntHigh_2050","AM","LA","IntHigh","2050",660.535087224406
"031002040306",6110,1183821.43049872,"Buckhorn Creek-Alafia River","tbcmp_AM_LA_IntHigh_2050","AM","LA","IntHigh","2050",1170.11514597641
"031002040306",6120,2,"Buckhorn Creek-Alafia River","tbcmp_AM_LA_IntHigh_2050","AM","LA","IntHigh","2050",0.001976844
"031002040306",6410,485152.283081236,"Buckhorn Creek-Alafia River","tbcmp_AM_LA_IntHigh_2050","AM","LA","IntHigh","2050",479.535189947722
"031002040306",6420,41532.4534921663,"Buckhorn Creek-Alafia River","tbcmp_AM_LA_IntHigh_2050","AM","LA","IntHigh","2050",41.051590745634
"031002040306",6425,49052.7179095481,"Buckhorn Creek-Alafia River","tbcmp_AM_LA_IntHigh_2050","AM","LA","IntHigh","2050",48.4847855415913
"031002040306",6510,11950.4141844474,"Buckhorn Creek-Alafia River","tbcmp_AM_LA_IntHigh_2050","AM","LA","IntHigh","2050",11.8120522890198
"031002040306",6600,23104.6670809615,"Buckhorn Creek-Alafia River","tbcmp_AM_LA_IntHigh_2050","AM","LA","IntHigh","2050",22.8371612454981
"031002040306",9113,49314.2833073625,"Buckhorn Creek-Alafia River","tbcmp_AM_LA_IntHigh_2050","AM","LA","IntHigh","2050",48.7433225352298
"031002050101",1100,1026459.55788494,"Wiggins Prairie-Itchepackesassa Creek","tbcmp_AM_LA_IntHigh_2050","AM","LA","IntHigh","2050",1014.57520912375
"031002050101",1200,826088.7849779,"Wiggins Prairie-Itchepackesassa Creek","tbcmp_AM_LA_IntHigh_2050","AM","LA","IntHigh","2050",816.524329025426
"031002050101",1800,154.351943095709,"Wiggins Prairie-Itchepackesassa Creek","tbcmp_AM_LA_IntHigh_2050","AM","LA","IntHigh","2050",0.152564856298547
"031002050101",1820,543,"Wiggins Prairie-Itchepackesassa Creek","tbcmp_AM_LA_IntHigh_2050","AM","LA","IntHigh","2050",0.536713146
"031002050101",1900,402249.305133891,"Wiggins Prairie-Itchepackesassa Creek","tbcmp_AM_LA_IntHigh_2050","AM","LA","IntHigh","2050",397.592062679051
"031002050101",2100,1710764.54370502,"Wiggins Prairie-Itchepackesassa Creek","tbcmp_AM_LA_IntHigh_2050","AM","LA","IntHigh","2050",1690.95731181801
"031002050101",2400,4198.42441778703,"Wiggins Prairie-Itchepackesassa Creek","tbcmp_AM_LA_IntHigh_2050","AM","LA","IntHigh","2050",4.14981505987789
"031002050101",4100,525651.84455269,"Wiggins Prairie-Itchepackesassa Creek","tbcmp_AM_LA_IntHigh_2050","AM","LA","IntHigh","2050",519.565847496459
"031002050101",4400,52579.9415996572,"Wiggins Prairie-Itchepackesassa Creek","tbcmp_AM_LA_IntHigh_2050","AM","LA","IntHigh","2050",51.9711710358163
"031002050101",5200,175272.901029239,"Wiggins Prairie-Itchepackesassa Creek","tbcmp_AM_LA_IntHigh_2050","AM","LA","IntHigh","2050",173.243591381122
"031002050101",6110,189361.87390919,"Wiggins Prairie-Itchepackesassa Creek","tbcmp_AM_LA_IntHigh_2050","AM","LA","IntHigh","2050",187.16944213307
"031002050101",6410,604034.896577328,"Wiggins Prairie-Itchepackesassa Creek","tbcmp_AM_LA_IntHigh_2050","AM","LA","IntHigh","2050",597.041380544756
"031002050102",1100,880074.098232135,"Town of Kathleen-Blackwater Creek","tbcmp_AM_LA_IntHigh_2050","AM","LA","IntHigh","2050",869.884600322804
"031002050102",1200,1329385.7272295,"Town of Kathleen-Blackwater Creek","tbcmp_AM_LA_IntHigh_2050","AM","LA","IntHigh","2050",1313.99409927964
"031002050102",1800,22711,"Town of Kathleen-Blackwater Creek","tbcmp_AM_LA_IntHigh_2050","AM","LA","IntHigh","2050",22.448052042
"031002050102",1900,74845.7811181208,"Town of Kathleen-Blackwater Creek","tbcmp_AM_LA_IntHigh_2050","AM","LA","IntHigh","2050",73.9792166643352
"031002050102",2100,5544058.51389858,"Town of Kathleen-Blackwater Creek","tbcmp_AM_LA_IntHigh_2050","AM","LA","IntHigh","2050",5479.86940442466
"031002050102",2400,7724.57558212942,"Town of Kathleen-Blackwater Creek","tbcmp_AM_LA_IntHigh_2050","AM","LA","IntHigh","2050",7.63514044603952
"031002050102",3200,304475.423818129,"Town of Kathleen-Blackwater Creek","tbcmp_AM_LA_IntHigh_2050","AM","LA","IntHigh","2050",300.950207361162
"031002050102",4100,767923.984536788,"Town of Kathleen-Blackwater Creek","tbcmp_AM_LA_IntHigh_2050","AM","LA","IntHigh","2050",759.032960643821
"031002050102",4400,7146,"Town of Kathleen-Blackwater Creek","tbcmp_AM_LA_IntHigh_2050","AM","LA","IntHigh","2050",7.063263612
"031002050102",5200,29279,"Town of Kathleen-Blackwater Creek","tbcmp_AM_LA_IntHigh_2050","AM","LA","IntHigh","2050",28.940007738
"031002050102",6110,2257234.78227514,"Town of Kathleen-Blackwater Creek","tbcmp_AM_LA_IntHigh_2050","AM","LA","IntHigh","2050",2231.10051796596
"031002050102",6410,696250.936018238,"Town of Kathleen-Blackwater Creek","tbcmp_AM_LA_IntHigh_2050","AM","LA","IntHigh","2050",688.189742681019
"031002050103",1100,3181476.17134763,"Itchepackesassa Creek-Blackwater Creek","tbcmp_AM_LA_IntHigh_2050","AM","LA","IntHigh","2050",3144.64104023577
"031002050103",1200,3570161.20791572,"Itchepackesassa Creek-Blackwater Creek","tbcmp_AM_LA_IntHigh_2050","AM","LA","IntHigh","2050",3528.82588145047
"031002050103",1800,235494.908834134,"Itchepackesassa Creek-Blackwater Creek","tbcmp_AM_LA_IntHigh_2050","AM","LA","IntHigh","2050",232.768348779652
"031002050103",1900,1369478.09447911,"Itchepackesassa Creek-Blackwater Creek","tbcmp_AM_LA_IntHigh_2050","AM","LA","IntHigh","2050",1353.62227710123
"031002050103",2100,7714064.25629462,"Itchepackesassa Creek-Blackwater Creek","tbcmp_AM_LA_IntHigh_2050","AM","LA","IntHigh","2050",7624.75082033524
"031002050103",2200,49315.7625321157,"Itchepackesassa Creek-Blackwater Creek","tbcmp_AM_LA_IntHigh_2050","AM","LA","IntHigh","2050",48.7447846335188
"031002050103",2400,222477.186088988,"Itchepackesassa Creek-Blackwater Creek","tbcmp_AM_LA_IntHigh_2050","AM","LA","IntHigh","2050",219.90134522845
"031002050103",3200,1196909.36325732,"Itchepackesassa Creek-Blackwater Creek","tbcmp_AM_LA_IntHigh_2050","AM","LA","IntHigh","2050",1183.05154664952
"031002050103",4100,1659080.05424163,"Itchepackesassa Creek-Blackwater Creek","tbcmp_AM_LA_IntHigh_2050","AM","LA","IntHigh","2050",1639.87122537362
"031002050103",4400,2165060.37487498,"Itchepackesassa Creek-Blackwater Creek","tbcmp_AM_LA_IntHigh_2050","AM","LA","IntHigh","2050",2139.99330585468
"031002050103",5200,400735.329494257,"Itchepackesassa Creek-Blackwater Creek","tbcmp_AM_LA_IntHigh_2050","AM","LA","IntHigh","2050",396.095615849373
"031002050103",6110,4585206.86894182,"Itchepackesassa Creek-Blackwater Creek","tbcmp_AM_LA_IntHigh_2050","AM","LA","IntHigh","2050",4532.11934381321
"031002050103",6410,2460139.96945263,"Itchepackesassa Creek-Blackwater Creek","tbcmp_AM_LA_IntHigh_2050","AM","LA","IntHigh","2050",2431.6564688863
"031002050201",1100,88776.8370035925,"Town of Providence","tbcmp_AM_LA_IntHigh_2050","AM","LA","IntHigh","2050",87.7489787847649
"031002050201",1200,225269.972738797,"Town of Providence","tbcmp_AM_LA_IntHigh_2050","AM","LA","IntHigh","2050",222.661796994427
"031002050201",1900,31967,"Town of Providence","tbcmp_AM_LA_IntHigh_2050","AM","LA","IntHigh","2050",31.596886074
"031002050201",2100,640055.26395757,"Town of Providence","tbcmp_AM_LA_IntHigh_2050","AM","LA","IntHigh","2050",632.64470411147
"031002050201",3200,1292063.06355984,"Town of Providence","tbcmp_AM_LA_IntHigh_2050","AM","LA","IntHigh","2050",1277.10355740994
"031002050201",4100,656867.882226275,"Town of Providence","tbcmp_AM_LA_IntHigh_2050","AM","LA","IntHigh","2050",649.262665885859
"031002050201",4400,77519,"Town of Providence","tbcmp_AM_LA_IntHigh_2050","AM","LA","IntHigh","2050",76.621485018
"031002050201",5200,13919.4939281922,"Town of Providence","tbcmp_AM_LA_IntHigh_2050","AM","LA","IntHigh","2050",13.7583340274916
"031002050201",6110,1438665.1425186,"Town of Providence","tbcmp_AM_LA_IntHigh_2050","AM","LA","IntHigh","2050",1422.00827749852
"031002050201",6410,131015.78988748,"Town of Providence","tbcmp_AM_LA_IntHigh_2050","AM","LA","IntHigh","2050",129.498889072163
"031002050202",1100,1432189.09572005,"Hawk Lake-Hillsborough River","tbcmp_AM_LA_IntHigh_2050","AM","LA","IntHigh","2050",1415.6072103698
"031002050202",1200,4572359.16680679,"Hawk Lake-Hillsborough River","tbcmp_AM_LA_IntHigh_2050","AM","LA","IntHigh","2050",4519.42039237351
"031002050202",1800,118177.388628152,"Hawk Lake-Hillsborough River","tbcmp_AM_LA_IntHigh_2050","AM","LA","IntHigh","2050",116.809130822615
"031002050202",1820,73761,"Hawk Lake-Hillsborough River","tbcmp_AM_LA_IntHigh_2050","AM","LA","IntHigh","2050",72.906995142
"031002050202",1900,461175.602350089,"Hawk Lake-Hillsborough River","tbcmp_AM_LA_IntHigh_2050","AM","LA","IntHigh","2050",455.83611122608
"031002050202",2100,3829253.71310363,"Hawk Lake-Hillsborough River","tbcmp_AM_LA_IntHigh_2050","AM","LA","IntHigh","2050",3784.91861361331
"031002050202",2200,7421.42345317081,"Hawk Lake-Hillsborough River","tbcmp_AM_LA_IntHigh_2050","AM","LA","IntHigh","2050",7.33549821243
"031002050202",3200,2748206.54662148,"Hawk Lake-Hillsborough River","tbcmp_AM_LA_IntHigh_2050","AM","LA","IntHigh","2050",2716.38781122469
"031002050202",4100,3074091.65634243,"Hawk Lake-Hillsborough River","tbcmp_AM_LA_IntHigh_2050","AM","LA","IntHigh","2050",3038.49982314529
"031002050202",4400,220087.299689103,"Hawk Lake-Hillsborough River","tbcmp_AM_LA_IntHigh_2050","AM","LA","IntHigh","2050",217.539128933303
"031002050202",5200,115845.426383337,"Hawk Lake-Hillsborough River","tbcmp_AM_LA_IntHigh_2050","AM","LA","IntHigh","2050",114.504168036671
"031002050202",6110,5342395.62558293,"Hawk Lake-Hillsborough River","tbcmp_AM_LA_IntHigh_2050","AM","LA","IntHigh","2050",5280.54136902993
"031002050202",6120,90361,"Hawk Lake-Hillsborough River","tbcmp_AM_LA_IntHigh_2050","AM","LA","IntHigh","2050",89.314800342
"031002050202",6410,777118.631137597,"Hawk Lake-Hillsborough River","tbcmp_AM_LA_IntHigh_2050","AM","LA","IntHigh","2050",768.121151626286
"031002050203",1100,2571726.24306977,"Lake Pasadena","tbcmp_AM_LA_IntHigh_2050","AM","LA","IntHigh","2050",2541.95079662751
"031002050203",1200,1745450.92539953,"Lake Pasadena","tbcmp_AM_LA_IntHigh_2050","AM","LA","IntHigh","2050",1725.24209458525
"031002050203",1800,8237,"Lake Pasadena","tbcmp_AM_LA_IntHigh_2050","AM","LA","IntHigh","2050",8.141632014
"031002050203",1820,95984.0367730201,"Lake Pasadena","tbcmp_AM_LA_IntHigh_2050","AM","LA","IntHigh","2050",94.8727335952621
"031002050203",1900,946535.820411269,"Lake Pasadena","tbcmp_AM_LA_IntHigh_2050","AM","LA","IntHigh","2050",935.576828682547
"031002050203",2100,4011244.2783258,"Lake Pasadena","tbcmp_AM_LA_IntHigh_2050","AM","LA","IntHigh","2050",3964.80209207134
"031002050203",2200,43629.8716231903,"Lake Pasadena","tbcmp_AM_LA_IntHigh_2050","AM","LA","IntHigh","2050",43.124724969537
"031002050203",2400,38194,"Lake Pasadena","tbcmp_AM_LA_IntHigh_2050","AM","LA","IntHigh","2050",37.751789868
"031002050203",3200,6840,"Lake Pasadena","tbcmp_AM_LA_IntHigh_2050","AM","LA","IntHigh","2050",6.76080648
"031002050203",4100,896758.483546539,"Lake Pasadena","tbcmp_AM_LA_IntHigh_2050","AM","LA","IntHigh","2050",886.375813824037
"031002050203",4400,378247.725242118,"Lake Pasadena","tbcmp_AM_LA_IntHigh_2050","AM","LA","IntHigh","2050",373.868373079265
"031002050203",5200,338664.931900615,"Lake Pasadena","tbcmp_AM_LA_IntHigh_2050","AM","LA","IntHigh","2050",334.74386931907
"031002050203",6110,250993.472113141,"Lake Pasadena","tbcmp_AM_LA_IntHigh_2050","AM","LA","IntHigh","2050",248.087469693015
"031002050203",6410,1096689.85738714,"Lake Pasadena","tbcmp_AM_LA_IntHigh_2050","AM","LA","IntHigh","2050",1083.99238221831
"031002050204",1100,1600709.5632886,"New River","tbcmp_AM_LA_IntHigh_2050","AM","LA","IntHigh","2050",1582.17654796484
"031002050204",1200,2871884.18484739,"New River","tbcmp_AM_LA_IntHigh_2050","AM","LA","IntHigh","2050",2838.63350975523
"031002050204",1800,44180.5645793096,"New River","tbcmp_AM_LA_IntHigh_2050","AM","LA","IntHigh","2050",43.6690420026103
"031002050204",1820,26031.3459646299,"New River","tbcmp_AM_LA_IntHigh_2050","AM","LA","IntHigh","2050",25.7299550410514
"031002050204",1900,1089126.16360717,"New River","tbcmp_AM_LA_IntHigh_2050","AM","LA","IntHigh","2050",1076.51626088493
"031002050204",2100,3251428.89547932,"New River","tbcmp_AM_LA_IntHigh_2050","AM","LA","IntHigh","2050",3213.78385172746
"031002050204",2200,16188.4945512511,"New River","tbcmp_AM_LA_IntHigh_2050","AM","LA","IntHigh","2050",16.0010641613367
"031002050204",3200,472006.863104168,"New River","tbcmp_AM_LA_IntHigh_2050","AM","LA","IntHigh","2050",466.541967643147
"031002050204",4100,750933.700943751,"New River","tbcmp_AM_LA_IntHigh_2050","AM","LA","IntHigh","2050",742.239390554224
"031002050204",4400,127333.143419833,"New River","tbcmp_AM_LA_IntHigh_2050","AM","LA","IntHigh","2050",125.858880285319
"031002050204",5200,796857.320039053,"New River","tbcmp_AM_LA_IntHigh_2050","AM","LA","IntHigh","2050",787.631305987641
"031002050204",6110,1087234.3314886,"New River","tbcmp_AM_LA_IntHigh_2050","AM","LA","IntHigh","2050",1074.64633239862
"031002050204",6410,1554768.09459425,"New River","tbcmp_AM_LA_IntHigh_2050","AM","LA","IntHigh","2050",1536.76698959504
"031002050205",1100,3631175.42583122,"Indian Creek-Hillsborough River","tbcmp_AM_LA_IntHigh_2050","AM","LA","IntHigh","2050",3589.13367675095
"031002050205",1200,6112923.10659702,"Indian Creek-Hillsborough River","tbcmp_AM_LA_IntHigh_2050","AM","LA","IntHigh","2050",6042.14768286884
"031002050205",1800,329148.972121757,"Indian Creek-Hillsborough River","tbcmp_AM_LA_IntHigh_2050","AM","LA","IntHigh","2050",325.338085322531
"031002050205",1820,320309.654035668,"Indian Creek-Hillsborough River","tbcmp_AM_LA_IntHigh_2050","AM","LA","IntHigh","2050",316.601108861243
"031002050205",1900,1580493.50730851,"Indian Creek-Hillsborough River","tbcmp_AM_LA_IntHigh_2050","AM","LA","IntHigh","2050",1562.19455348089
"031002050205",2100,4741658.38008466,"Indian Creek-Hillsborough River","tbcmp_AM_LA_IntHigh_2050","AM","LA","IntHigh","2050",4686.75945936004
"031002050205",2200,169211.322479519,"Indian Creek-Hillsborough River","tbcmp_AM_LA_IntHigh_2050","AM","LA","IntHigh","2050",167.252193787851
"031002050205",2400,26381,"Indian Creek-Hillsborough River","tbcmp_AM_LA_IntHigh_2050","AM","LA","IntHigh","2050",26.075560782
"031002050205",3200,573055.627680136,"Indian Creek-Hillsborough River","tbcmp_AM_LA_IntHigh_2050","AM","LA","IntHigh","2050",566.420789622856
"031002050205",4100,1992274.64242916,"Indian Creek-Hillsborough River","tbcmp_AM_LA_IntHigh_2050","AM","LA","IntHigh","2050",1969.20808661911
"031002050205",4400,733001.039097323,"Indian Creek-Hillsborough River","tbcmp_AM_LA_IntHigh_2050","AM","LA","IntHigh","2050",724.514353066654
"031002050205",5200,478322.413868724,"Indian Creek-Hillsborough River","tbcmp_AM_LA_IntHigh_2050","AM","LA","IntHigh","2050",472.784396960952
"031002050205",6110,3720593.63325951,"Indian Creek-Hillsborough River","tbcmp_AM_LA_IntHigh_2050","AM","LA","IntHigh","2050",3677.51660017363
"031002050205",6410,1440287.30597644,"Indian Creek-Hillsborough River","tbcmp_AM_LA_IntHigh_2050","AM","LA","IntHigh","2050",1423.61165954784
"031002050301",1100,2114601.07285393,"Pemberton Creek","tbcmp_AM_LA_IntHigh_2050","AM","LA","IntHigh","2050",2090.11822163243
"031002050301",1200,5242600.28531133,"Pemberton Creek","tbcmp_AM_LA_IntHigh_2050","AM","LA","IntHigh","2050",5181.90145920799
"031002050301",1800,50622,"Pemberton Creek","tbcmp_AM_LA_IntHigh_2050","AM","LA","IntHigh","2050",50.035898484
"031002050301",1820,181276.2151126,"Pemberton Creek","tbcmp_AM_LA_IntHigh_2050","AM","LA","IntHigh","2050",179.177399094026
"031002050301",1900,453859.305953321,"Pemberton Creek","tbcmp_AM_LA_IntHigh_2050","AM","LA","IntHigh","2050",448.604522908994
"031002050301",2100,1913513.52363843,"Pemberton Creek","tbcmp_AM_LA_IntHigh_2050","AM","LA","IntHigh","2050",1891.35886406174
"031002050301",2200,20687,"Pemberton Creek","tbcmp_AM_LA_IntHigh_2050","AM","LA","IntHigh","2050",20.447485914
"031002050301",2400,143170.575084587,"Pemberton Creek","tbcmp_AM_LA_IntHigh_2050","AM","LA","IntHigh","2050",141.512946166258
"031002050301",3200,51654,"Pemberton Creek","tbcmp_AM_LA_IntHigh_2050","AM","LA","IntHigh","2050",51.055949988
"031002050301",4100,420935.318875901,"Pemberton Creek","tbcmp_AM_LA_IntHigh_2050","AM","LA","IntHigh","2050",416.061729753956
"031002050301",4400,17461.3606017921,"Pemberton Creek","tbcmp_AM_LA_IntHigh_2050","AM","LA","IntHigh","2050",17.2591929687446
"031002050301",5200,351479.628399544,"Pemberton Creek","tbcmp_AM_LA_IntHigh_2050","AM","LA","IntHigh","2050",347.410197261934
"031002050301",6110,1760689.70960442,"Pemberton Creek","tbcmp_AM_LA_IntHigh_2050","AM","LA","IntHigh","2050",1740.30444414662
"031002050301",6410,767752.821211018,"Pemberton Creek","tbcmp_AM_LA_IntHigh_2050","AM","LA","IntHigh","2050",758.863779047037
"031002050302",1100,4376602.10592135,"Lake Weeks","tbcmp_AM_LA_IntHigh_2050","AM","LA","IntHigh","2050",4325.92980673899
"031002050302",1200,7387579.03041625,"Lake Weeks","tbcmp_AM_LA_IntHigh_2050","AM","LA","IntHigh","2050",7302.04564040209
"031002050302",1800,236414.270967375,"Lake Weeks","tbcmp_AM_LA_IntHigh_2050","AM","LA","IntHigh","2050",233.677066538115
"031002050302",1820,205237.864042019,"Lake Weeks","tbcmp_AM_LA_IntHigh_2050","AM","LA","IntHigh","2050",202.86162005214
"031002050302",1900,946397.332132811,"Lake Weeks","tbcmp_AM_LA_IntHigh_2050","AM","LA","IntHigh","2050",935.439943821378
"031002050302",2100,3338173.84399814,"Lake Weeks","tbcmp_AM_LA_IntHigh_2050","AM","LA","IntHigh","2050",3299.52446723233
"031002050302",2200,26329.7945954982,"Lake Weeks","tbcmp_AM_LA_IntHigh_2050","AM","LA","IntHigh","2050",26.0249482336715
"031002050302",2400,202838.843267501,"Lake Weeks","tbcmp_AM_LA_IntHigh_2050","AM","LA","IntHigh","2050",200.49037514015
"031002050302",3200,5141,"Lake Weeks","tbcmp_AM_LA_IntHigh_2050","AM","LA","IntHigh","2050",5.081477502
"031002050302",4100,852350.352003048,"Lake Weeks","tbcmp_AM_LA_IntHigh_2050","AM","LA","IntHigh","2050",842.481839627556
"031002050302",4400,27835.597975254,"Lake Weeks","tbcmp_AM_LA_IntHigh_2050","AM","LA","IntHigh","2050",27.5133174218965
"031002050302",5200,847326.111445736,"Lake Weeks","tbcmp_AM_LA_IntHigh_2050","AM","LA","IntHigh","2050",837.515769727418
"031002050302",6110,369857.257575001,"Lake Weeks","tbcmp_AM_LA_IntHigh_2050","AM","LA","IntHigh","2050",365.575050246798
"031002050302",6410,1260080.27929629,"Lake Weeks","tbcmp_AM_LA_IntHigh_2050","AM","LA","IntHigh","2050",1245.4910698226
"031002050303",1100,5059233.29255858,"Lake Thontotosassa","tbcmp_AM_LA_IntHigh_2050","AM","LA","IntHigh","2050",5000.65748949734
"031002050303",1200,213963.399729456,"Lake Thontotosassa","tbcmp_AM_LA_IntHigh_2050","AM","LA","IntHigh","2050",211.486131487388
"031002050303",1800,12023.4214588646,"Lake Thontotosassa","tbcmp_AM_LA_IntHigh_2050","AM","LA","IntHigh","2050",11.8842142852139
"031002050303",1900,739670.152636025,"Lake Thontotosassa","tbcmp_AM_LA_IntHigh_2050","AM","LA","IntHigh","2050",731.106251608805
"031002050303",2100,3212139.68031406,"Lake Thontotosassa","tbcmp_AM_LA_IntHigh_2050","AM","LA","IntHigh","2050",3174.94952709538
"031002050303",2200,64683.5927626581,"Lake Thontotosassa","tbcmp_AM_LA_IntHigh_2050","AM","LA","IntHigh","2050",63.9346861256521
"031002050303",2400,196446.33539917,"Lake Thontotosassa","tbcmp_AM_LA_IntHigh_2050","AM","LA","IntHigh","2050",194.171879727919
"031002050303",3200,34571,"Lake Thontotosassa","tbcmp_AM_LA_IntHigh_2050","AM","LA","IntHigh","2050",34.170736962
"031002050303",4100,450732.327296482,"Lake Thontotosassa","tbcmp_AM_LA_IntHigh_2050","AM","LA","IntHigh","2050",445.513748411043
"031002050303",4400,33907.6393981905,"Lake Thontotosassa","tbcmp_AM_LA_IntHigh_2050","AM","LA","IntHigh","2050",33.5150567492383
"031002050303",5200,1005337.60573036,"Lake Thontotosassa","tbcmp_AM_LA_IntHigh_2050","AM","LA","IntHigh","2050",993.697806931215
"031002050303",6110,842225.210220624,"Lake Thontotosassa","tbcmp_AM_LA_IntHigh_2050","AM","LA","IntHigh","2050",832.47392673669
"031002050303",6410,826998.450683443,"Lake Thontotosassa","tbcmp_AM_LA_IntHigh_2050","AM","LA","IntHigh","2050",817.42346262143
"031002050304",1100,6475644.477951,"Hollomans Branch-Hillsborough River","tbcmp_AM_LA_IntHigh_2050","AM","LA","IntHigh","2050",6400.66946618528
"031002050304",1200,3465908.31064251,"Hollomans Branch-Hillsborough River","tbcmp_AM_LA_IntHigh_2050","AM","LA","IntHigh","2050",3425.78002422189
"031002050304",1800,102697.217791132,"Hollomans Branch-Hillsborough River","tbcmp_AM_LA_IntHigh_2050","AM","LA","IntHigh","2050",101.508189403546
"031002050304",1820,120794,"Hollomans Branch-Hillsborough River","tbcmp_AM_LA_IntHigh_2050","AM","LA","IntHigh","2050",119.395447068
"031002050304",1900,950263.37079087,"Hollomans Branch-Hillsborough River","tbcmp_AM_LA_IntHigh_2050","AM","LA","IntHigh","2050",939.261221483854
"031002050304",2100,7027025.52748164,"Hollomans Branch-Hillsborough River","tbcmp_AM_LA_IntHigh_2050","AM","LA","IntHigh","2050",6945.66662592446
"031002050304",2200,20021.5242648383,"Hollomans Branch-Hillsborough River","tbcmp_AM_LA_IntHigh_2050","AM","LA","IntHigh","2050",19.7897150569
"031002050304",2400,106179.679300589,"Hollomans Branch-Hillsborough River","tbcmp_AM_LA_IntHigh_2050","AM","LA","IntHigh","2050",104.950330973646
"031002050304",3200,1229620.98277525,"Hollomans Branch-Hillsborough River","tbcmp_AM_LA_IntHigh_2050","AM","LA","IntHigh","2050",1215.38443103667
"031002050304",4100,2013535.71956024,"Hollomans Branch-Hillsborough River","tbcmp_AM_LA_IntHigh_2050","AM","LA","IntHigh","2050",1990.22300299917
"031002050304",4400,642969.204669164,"Hollomans Branch-Hillsborough River","tbcmp_AM_LA_IntHigh_2050","AM","LA","IntHigh","2050",635.524907217504
"031002050304",5200,1003753.87337451,"Hollomans Branch-Hillsborough River","tbcmp_AM_LA_IntHigh_2050","AM","LA","IntHigh","2050",992.132411028583
"031002050304",6110,10564127.9002622,"Hollomans Branch-Hillsborough River","tbcmp_AM_LA_IntHigh_2050","AM","LA","IntHigh","2050",10441.816427433
"031002050304",6410,2416726.11785571,"Hollomans Branch-Hillsborough River","tbcmp_AM_LA_IntHigh_2050","AM","LA","IntHigh","2050",2388.74526286317
"031002050401",1100,2701800.90105861,"Bayou Branch","tbcmp_AM_LA_IntHigh_2050","AM","LA","IntHigh","2050",2670.51945022615
"031002050401",1200,2321422.37815885,"Bayou Branch","tbcmp_AM_LA_IntHigh_2050","AM","LA","IntHigh","2050",2294.54494986453
"031002050401",1800,46435.4354211248,"Bayou Branch","tbcmp_AM_LA_IntHigh_2050","AM","LA","IntHigh","2050",45.897805949819
"031002050401",1900,1773307.98161261,"Bayou Branch","tbcmp_AM_LA_IntHigh_2050","AM","LA","IntHigh","2050",1752.7766218015
"031002050401",2100,9922449.37382861,"Bayou Branch","tbcmp_AM_LA_IntHigh_2050","AM","LA","IntHigh","2050",9807.56725497842
"031002050401",2200,316345.872765326,"Bayou Branch","tbcmp_AM_LA_IntHigh_2050","AM","LA","IntHigh","2050",312.683220250449
"031002050401",2400,144608.39194852,"Bayou Branch","tbcmp_AM_LA_IntHigh_2050","AM","LA","IntHigh","2050",142.93411598654
"031002050401",3200,97735,"Bayou Branch","tbcmp_AM_LA_IntHigh_2050","AM","LA","IntHigh","2050",96.60342417
"031002050401",4100,2194357.74421627,"Bayou Branch","tbcmp_AM_LA_IntHigh_2050","AM","LA","IntHigh","2050",2168.95147025373
"031002050401",4400,420945.282345887,"Bayou Branch","tbcmp_AM_LA_IntHigh_2050","AM","LA","IntHigh","2050",416.071577866886
"031002050401",5200,939653.509070769,"Bayou Branch","tbcmp_AM_LA_IntHigh_2050","AM","LA","IntHigh","2050",928.774200742748
"031002050401",6110,1409027.90303072,"Bayou Branch","tbcmp_AM_LA_IntHigh_2050","AM","LA","IntHigh","2050",1392.71417796943
"031002050401",6410,2589606.59693717,"Bayou Branch","tbcmp_AM_LA_IntHigh_2050","AM","LA","IntHigh","2050",2559.62413175783
"031002050402",1100,587770.983743139,"Upper Cypress Creek","tbcmp_AM_LA_IntHigh_2050","AM","LA","IntHigh","2050",580.965771293361
"031002050402",1200,288417.620569436,"Upper Cypress Creek","tbcmp_AM_LA_IntHigh_2050","AM","LA","IntHigh","2050",285.078321358483
"031002050402",1800,17674.9516816856,"Upper Cypress Creek","tbcmp_AM_LA_IntHigh_2050","AM","LA","IntHigh","2050",17.4703110911151
"031002050402",1820,31875.4854433314,"Upper Cypress Creek","tbcmp_AM_LA_IntHigh_2050","AM","LA","IntHigh","2050",31.5064310728686
"031002050402",1900,435414.945177309,"Upper Cypress Creek","tbcmp_AM_LA_IntHigh_2050","AM","LA","IntHigh","2050",430.373710942047
"031002050402",2100,5687464.18128296,"Upper Cypress Creek","tbcmp_AM_LA_IntHigh_2050","AM","LA","IntHigh","2050",5621.61472099207
"031002050402",2200,4112.17834119177,"Upper Cypress Creek","tbcmp_AM_LA_IntHigh_2050","AM","LA","IntHigh","2050",4.06456754035745
"031002050402",2400,44138.9196708873,"Upper Cypress Creek","tbcmp_AM_LA_IntHigh_2050","AM","LA","IntHigh","2050",43.6278792589378
"031002050402",3200,604789.210699777,"Upper Cypress Creek","tbcmp_AM_LA_IntHigh_2050","AM","LA","IntHigh","2050",597.786961218295
"031002050402",4100,1643976.67904154,"Upper Cypress Creek","tbcmp_AM_LA_IntHigh_2050","AM","LA","IntHigh","2050",1624.9427170516
"031002050402",4400,61003.0288075189,"Upper Cypress Creek","tbcmp_AM_LA_IntHigh_2050","AM","LA","IntHigh","2050",60.2967357399855
"031002050402",5200,136608.468451112,"Upper Cypress Creek","tbcmp_AM_LA_IntHigh_2050","AM","LA","IntHigh","2050",135.026815603385
"031002050402",6110,941857.280186785,"Upper Cypress Creek","tbcmp_AM_LA_IntHigh_2050","AM","LA","IntHigh","2050",930.952456596782
"031002050402",6410,3986469.40715208,"Upper Cypress Creek","tbcmp_AM_LA_IntHigh_2050","AM","LA","IntHigh","2050",3940.31406435607
"031002050403",1100,4788607.31141919,"Middle Cypress Creek","tbcmp_AM_LA_IntHigh_2050","AM","LA","IntHigh","2050",4733.16481596758
"031002050403",1200,4414767.29564023,"Middle Cypress Creek","tbcmp_AM_LA_IntHigh_2050","AM","LA","IntHigh","2050",4363.6531198913
"031002050403",1800,179344.31971133,"Middle Cypress Creek","tbcmp_AM_LA_IntHigh_2050","AM","LA","IntHigh","2050",177.267871177713
"031002050403",1820,174309.720373129,"Middle Cypress Creek","tbcmp_AM_LA_IntHigh_2050","AM","LA","IntHigh","2050",172.291562430649
"031002050403",1900,1076829.01782979,"Middle Cypress Creek","tbcmp_AM_LA_IntHigh_2050","AM","LA","IntHigh","2050",1064.36149146135
"031002050403",2100,5500257.65010448,"Middle Cypress Creek","tbcmp_AM_LA_IntHigh_2050","AM","LA","IntHigh","2050",5436.57566703157
"031002050403",2200,4788.46853584463,"Middle Cypress Creek","tbcmp_AM_LA_IntHigh_2050","AM","LA","IntHigh","2050",4.73302764713662
"031002050403",2400,6685,"Middle Cypress Creek","tbcmp_AM_LA_IntHigh_2050","AM","LA","IntHigh","2050",6.60760107
"031002050403",3200,1185183.40078626,"Middle Cypress Creek","tbcmp_AM_LA_IntHigh_2050","AM","LA","IntHigh","2050",1171.46134737195
"031002050403",4100,3318435.13721576,"Middle Cypress Creek","tbcmp_AM_LA_IntHigh_2050","AM","LA","IntHigh","2050",3280.01429519707
"031002050403",4400,844394.369358592,"Middle Cypress Creek","tbcmp_AM_LA_IntHigh_2050","AM","LA","IntHigh","2050",834.617971350158
"031002050403",5200,1000719.29849113,"Middle Cypress Creek","tbcmp_AM_LA_IntHigh_2050","AM","LA","IntHigh","2050",989.132970453198
"031002050403",6110,9254770.58988234,"Middle Cypress Creek","tbcmp_AM_LA_IntHigh_2050","AM","LA","IntHigh","2050",9147.61885599268
"031002050403",6410,3298864.98706703,"Middle Cypress Creek","tbcmp_AM_LA_IntHigh_2050","AM","LA","IntHigh","2050",3260.67072824677
"031002050404",1100,1996519.02209669,"Lower Cypress Creek","tbcmp_AM_LA_IntHigh_2050","AM","LA","IntHigh","2050",1973.40332485886
"031002050404",1200,13566432.706869,"Lower Cypress Creek","tbcmp_AM_LA_IntHigh_2050","AM","LA","IntHigh","2050",13409.3605489889
"031002050404",1800,227993.743108216,"Lower Cypress Creek","tbcmp_AM_LA_IntHigh_2050","AM","LA","IntHigh","2050",225.354031550509
"031002050404",1820,193532.166332569,"Lower Cypress Creek","tbcmp_AM_LA_IntHigh_2050","AM","LA","IntHigh","2050",191.29145091077
"031002050404",1900,1346871.71947814,"Lower Cypress Creek","tbcmp_AM_LA_IntHigh_2050","AM","LA","IntHigh","2050",1331.27763871002
"031002050404",2100,1011526.92322489,"Lower Cypress Creek","tbcmp_AM_LA_IntHigh_2050","AM","LA","IntHigh","2050",999.815464507792
"031002050404",2200,49676.8444939788,"Lower Cypress Creek","tbcmp_AM_LA_IntHigh_2050","AM","LA","IntHigh","2050",49.1016859884275
"031002050404",2400,6801,"Lower Cypress Creek","tbcmp_AM_LA_IntHigh_2050","AM","LA","IntHigh","2050",6.722258022
"031002050404",3200,409602.38428277,"Lower Cypress Creek","tbcmp_AM_LA_IntHigh_2050","AM","LA","IntHigh","2050",404.860007877544
"031002050404",4100,1472337.89769732,"Lower Cypress Creek","tbcmp_AM_LA_IntHigh_2050","AM","LA","IntHigh","2050",1455.29116951778
"031002050404",4400,439055.632212803,"Lower Cypress Creek","tbcmp_AM_LA_IntHigh_2050","AM","LA","IntHigh","2050",433.972246103043
"031002050404",5200,2474395.68847456,"Lower Cypress Creek","tbcmp_AM_LA_IntHigh_2050","AM","LA","IntHigh","2050",2445.7471351934
"031002050404",6110,9403487.40720398,"Lower Cypress Creek","tbcmp_AM_LA_IntHigh_2050","AM","LA","IntHigh","2050",9294.61383000337
"031002050404",6410,2234687.07877956,"Lower Cypress Creek","tbcmp_AM_LA_IntHigh_2050","AM","LA","IntHigh","2050",2208.81387178145
"031002050501",1100,334792.468336525,"Trout Creek","tbcmp_AM_LA_IntHigh_2050","AM","LA","IntHigh","2050",330.916241138125
"031002050501",1200,8170654.33649196,"Trout Creek","tbcmp_AM_LA_IntHigh_2050","AM","LA","IntHigh","2050",8076.05450058406
"031002050501",1800,233356.33134708,"Trout Creek","tbcmp_AM_LA_IntHigh_2050","AM","LA","IntHigh","2050",230.654531742744
"031002050501",1820,461335.507869163,"Trout Creek","tbcmp_AM_LA_IntHigh_2050","AM","LA","IntHigh","2050",455.994165359054
"031002050501",1900,1117801.23778477,"Trout Creek","tbcmp_AM_LA_IntHigh_2050","AM","LA","IntHigh","2050",1104.8593350537
"031002050501",2100,897647.834087476,"Trout Creek","tbcmp_AM_LA_IntHigh_2050","AM","LA","IntHigh","2050",887.254867464411
"031002050501",3200,1085438.30464522,"Trout Creek","tbcmp_AM_LA_IntHigh_2050","AM","LA","IntHigh","2050",1072.87109995404
"031002050501",4100,1612189.56051038,"Trout Creek","tbcmp_AM_LA_IntHigh_2050","AM","LA","IntHigh","2050",1593.52362977879
"031002050501",4400,50078.8619099091,"Trout Creek","tbcmp_AM_LA_IntHigh_2050","AM","LA","IntHigh","2050",49.4990488467162
"031002050501",5200,1320928.34348975,"Trout Creek","tbcmp_AM_LA_IntHigh_2050","AM","LA","IntHigh","2050",1305.63463512883
"031002050501",6110,4474605.51121092,"Trout Creek","tbcmp_AM_LA_IntHigh_2050","AM","LA","IntHigh","2050",4422.79852860212
"031002050501",6410,1662868.94598333,"Trout Creek","tbcmp_AM_LA_IntHigh_2050","AM","LA","IntHigh","2050",1643.61624932674
"031002050502",1100,1331709.53935174,"Cow House Creek-Hillsborough River","tbcmp_AM_LA_IntHigh_2050","AM","LA","IntHigh","2050",1316.29100630513
"031002050502",1200,6173356.59030564,"Cow House Creek-Hillsborough River","tbcmp_AM_LA_IntHigh_2050","AM","LA","IntHigh","2050",6101.88146770309
"031002050502",1800,203394.25326423,"Cow House Creek-Hillsborough River","tbcmp_AM_LA_IntHigh_2050","AM","LA","IntHigh","2050",201.039354599937
"031002050502",1820,234997.492130879,"Cow House Creek-Hillsborough River","tbcmp_AM_LA_IntHigh_2050","AM","LA","IntHigh","2050",232.276691166988
"031002050502",1900,703546.390068253,"Cow House Creek-Hillsborough River","tbcmp_AM_LA_IntHigh_2050","AM","LA","IntHigh","2050",695.400729964042
"031002050502",2100,705373.461896394,"Cow House Creek-Hillsborough River","tbcmp_AM_LA_IntHigh_2050","AM","LA","IntHigh","2050",697.206647954558
"031002050502",2200,2649.30374647421,"Cow House Creek-Hillsborough River","tbcmp_AM_LA_IntHigh_2050","AM","LA","IntHigh","2050",2.61863010769753
"031002050502",2400,14689.6632399803,"Cow House Creek-Hillsborough River","tbcmp_AM_LA_IntHigh_2050","AM","LA","IntHigh","2050",14.5195863189878
"031002050502",3200,319391.276343804,"Cow House Creek-Hillsborough River","tbcmp_AM_LA_IntHigh_2050","AM","LA","IntHigh","2050",315.693364146296
"031002050502",4100,2454743.62869348,"Cow House Creek-Hillsborough River","tbcmp_AM_LA_IntHigh_2050","AM","LA","IntHigh","2050",2426.32260696047
"031002050502",4400,27977.6508205444,"Cow House Creek-Hillsborough River","tbcmp_AM_LA_IntHigh_2050","AM","LA","IntHigh","2050",27.6537255793441
"031002050502",5200,523288.089356746,"Cow House Creek-Hillsborough River","tbcmp_AM_LA_IntHigh_2050","AM","LA","IntHigh","2050",517.229459858174
"031002050502",6110,6221497.5783079,"Cow House Creek-Hillsborough River","tbcmp_AM_LA_IntHigh_2050","AM","LA","IntHigh","2050",6149.46507934625
"031002050502",6410,556509.51822787,"Cow House Creek-Hillsborough River","tbcmp_AM_LA_IntHigh_2050","AM","LA","IntHigh","2050",550.066251025828
"031002050503",1100,372273.818941885,"Curiosity Creek-Hillsborough River","tbcmp_AM_LA_IntHigh_2050","AM","LA","IntHigh","2050",367.963632666176
"031002050503",1200,26452572.4767135,"Curiosity Creek-Hillsborough River","tbcmp_AM_LA_IntHigh_2050","AM","LA","IntHigh","2050",26146.3045925781
"031002050503",1800,744049.79762963,"Curiosity Creek-Hillsborough River","tbcmp_AM_LA_IntHigh_2050","AM","LA","IntHigh","2050",735.435189072674
"031002050503",1820,399401,"Curiosity Creek-Hillsborough River","tbcmp_AM_LA_IntHigh_2050","AM","LA","IntHigh","2050",394.776735222
"031002050503",1900,615347.920826347,"Curiosity Creek-Hillsborough River","tbcmp_AM_LA_IntHigh_2050","AM","LA","IntHigh","2050",608.223422599019
"031002050503",2100,46346.6731791882,"Curiosity Creek-Hillsborough River","tbcmp_AM_LA_IntHigh_2050","AM","LA","IntHigh","2050",45.8100713971196
"031002050503",2400,1229,"Curiosity Creek-Hillsborough River","tbcmp_AM_LA_IntHigh_2050","AM","LA","IntHigh","2050",1.214770638
"031002050503",3200,17824,"Curiosity Creek-Hillsborough River","tbcmp_AM_LA_IntHigh_2050","AM","LA","IntHigh","2050",17.617633728
"031002050503",4100,463851.937639541,"Curiosity Creek-Hillsborough River","tbcmp_AM_LA_IntHigh_2050","AM","LA","IntHigh","2050",458.481459905551
"031002050503",4400,17499,"Curiosity Creek-Hillsborough River","tbcmp_AM_LA_IntHigh_2050","AM","LA","IntHigh","2050",17.296396578
"031002050503",5200,925960.022556258,"Curiosity Creek-Hillsborough River","tbcmp_AM_LA_IntHigh_2050","AM","LA","IntHigh","2050",915.239257415102
"031002050503",5400,273659.864306218,"Curiosity Creek-Hillsborough River","tbcmp_AM_LA_IntHigh_2050","AM","LA","IntHigh","2050",270.49143039728
"031002050503",6110,559509,"Curiosity Creek-Hillsborough River","tbcmp_AM_LA_IntHigh_2050","AM","LA","IntHigh","2050",553.031004798
"031002050503",6410,325310.820711219,"Curiosity Creek-Hillsborough River","tbcmp_AM_LA_IntHigh_2050","AM","LA","IntHigh","2050",321.544372029025
"031002050503",6420,810,"Curiosity Creek-Hillsborough River","tbcmp_AM_LA_IntHigh_2050","AM","LA","IntHigh","2050",0.80062182
"031002050503",6425,2274,"Curiosity Creek-Hillsborough River","tbcmp_AM_LA_IntHigh_2050","AM","LA","IntHigh","2050",2.247671628
"031002050503",6510,1823,"Curiosity Creek-Hillsborough River","tbcmp_AM_LA_IntHigh_2050","AM","LA","IntHigh","2050",1.801893306
"031002050503",6600,3977,"Curiosity Creek-Hillsborough River","tbcmp_AM_LA_IntHigh_2050","AM","LA","IntHigh","2050",3.930954294
"031002050503",9113,7384,"Curiosity Creek-Hillsborough River","tbcmp_AM_LA_IntHigh_2050","AM","LA","IntHigh","2050",7.298508048
"031002060101",1100,4270047.66002923,"Brooker Creek","tbcmp_AM_LA_IntHigh_2050","AM","LA","IntHigh","2050",4220.60904822141
"031002060101",1200,4429612.51959356,"Brooker Creek","tbcmp_AM_LA_IntHigh_2050","AM","LA","IntHigh","2050",4378.3264658417
"031002060101",1800,148278.562278394,"Brooker Creek","tbcmp_AM_LA_IntHigh_2050","AM","LA","IntHigh","2050",146.561793084335
"031002060101",1820,739146.716225873,"Brooker Creek","tbcmp_AM_LA_IntHigh_2050","AM","LA","IntHigh","2050",730.588875545409
"031002060101",1900,840738.840905549,"Brooker Creek","tbcmp_AM_LA_IntHigh_2050","AM","LA","IntHigh","2050",831.004766605545
"031002060101",2100,2561630.76074414,"Brooker Creek","tbcmp_AM_LA_IntHigh_2050","AM","LA","IntHigh","2050",2531.97219979624
"031002060101",2200,100396,"Brooker Creek","tbcmp_AM_LA_IntHigh_2050","AM","LA","IntHigh","2050",99.233615112
"031002060101",2400,165515.717244712,"Brooker Creek","tbcmp_AM_LA_IntHigh_2050","AM","LA","IntHigh","2050",163.599376270452
"031002060101",3200,256526.445482792,"Brooker Creek","tbcmp_AM_LA_IntHigh_2050","AM","LA","IntHigh","2050",253.556382296992
"031002060101",4100,3314421.95388135,"Brooker Creek","tbcmp_AM_LA_IntHigh_2050","AM","LA","IntHigh","2050",3276.04757649931
"031002060101",4400,136300.79283378,"Brooker Creek","tbcmp_AM_LA_IntHigh_2050","AM","LA","IntHigh","2050",134.72270225435
"031002060101",5200,2132411.4630588,"Brooker Creek","tbcmp_AM_LA_IntHigh_2050","AM","LA","IntHigh","2050",2107.72240313951
"031002060101",5400,724.163563151902,"Brooker Creek","tbcmp_AM_LA_IntHigh_2050","AM","LA","IntHigh","2050",0.715779197417729
"031002060101",6110,5900246.60007763,"Brooker Creek","tbcmp_AM_LA_IntHigh_2050","AM","LA","IntHigh","2050",5831.93354494193
"031002060101",6120,983.697631239891,"Brooker Creek","tbcmp_AM_LA_IntHigh_2050","AM","LA","IntHigh","2050",0.972308380065396
"031002060101",6410,946994.074604627,"Brooker Creek","tbcmp_AM_LA_IntHigh_2050","AM","LA","IntHigh","2050",936.029777208855
"031002060101",6420,202.785534378141,"Brooker Creek","tbcmp_AM_LA_IntHigh_2050","AM","LA","IntHigh","2050",0.200437683461111
"031002060101",6600,1283.24363659276,"Brooker Creek","tbcmp_AM_LA_IntHigh_2050","AM","LA","IntHigh","2050",1.26838624176829
"031002060101",9113,582.627760829404,"Brooker Creek","tbcmp_AM_LA_IntHigh_2050","AM","LA","IntHigh","2050",0.575882096614521
"031002060102",1100,742184.082828666,"Lake Tarpon","tbcmp_AM_LA_IntHigh_2050","AM","LA","IntHigh","2050",733.591075517675
"031002060102",1200,6832717.81748603,"Lake Tarpon","tbcmp_AM_LA_IntHigh_2050","AM","LA","IntHigh","2050",6753.60861059517
"031002060102",1800,355863.139162876,"Lake Tarpon","tbcmp_AM_LA_IntHigh_2050","AM","LA","IntHigh","2050",351.742955737648
"031002060102",1820,509310.525181834,"Lake Tarpon","tbcmp_AM_LA_IntHigh_2050","AM","LA","IntHigh","2050",503.413727921279
"031002060102",1900,147541.833910077,"Lake Tarpon","tbcmp_AM_LA_IntHigh_2050","AM","LA","IntHigh","2050",145.833594557066
"031002060102",2400,364.28275555023,"Lake Tarpon","tbcmp_AM_LA_IntHigh_2050","AM","LA","IntHigh","2050",0.360065089806469
"031002060102",4100,245736.918714376,"Lake Tarpon","tbcmp_AM_LA_IntHigh_2050","AM","LA","IntHigh","2050",242.891776669501
"031002060102",5200,451037.651374126,"Lake Tarpon","tbcmp_AM_LA_IntHigh_2050","AM","LA","IntHigh","2050",445.815537446516
"031002060102",5400,2599387.27489868,"Lake Tarpon","tbcmp_AM_LA_IntHigh_2050","AM","LA","IntHigh","2050",2569.2915690299
"031002060102",6110,1371743.98936104,"Lake Tarpon","tbcmp_AM_LA_IntHigh_2050","AM","LA","IntHigh","2050",1355.86193745222
"031002060102",6120,5691.3023687033,"Lake Tarpon","tbcmp_AM_LA_IntHigh_2050","AM","LA","IntHigh","2050",5.62540846987845
"031002060102",6410,238146.460181603,"Lake Tarpon","tbcmp_AM_LA_IntHigh_2050","AM","LA","IntHigh","2050",235.389200465621
"031002060102",6420,11217.7520534998,"Lake Tarpon","tbcmp_AM_LA_IntHigh_2050","AM","LA","IntHigh","2050",11.0878729202243
"031002060102",6425,19408.8285150001,"Lake Tarpon","tbcmp_AM_LA_IntHigh_2050","AM","LA","IntHigh","2050",19.1841130984534
"031002060102",6510,5114.1869025731,"Lake Tarpon","tbcmp_AM_LA_IntHigh_2050","AM","LA","IntHigh","2050",5.05497484661511
"031002060102",6600,17564.7563633919,"Lake Tarpon","tbcmp_AM_LA_IntHigh_2050","AM","LA","IntHigh","2050",17.3613916142165
"031002060102",9113,25837.4304446985,"Lake Tarpon","tbcmp_AM_LA_IntHigh_2050","AM","LA","IntHigh","2050",25.5382846750098
"031002060103",0,23438.8840384596,"Double Branch-Frontal Old Tampa Bay","tbcmp_AM_LA_IntHigh_2050","AM","LA","IntHigh","2050",23.1675086390623
"031002060103",1100,1126865.17291143,"Double Branch-Frontal Old Tampa Bay","tbcmp_AM_LA_IntHigh_2050","AM","LA","IntHigh","2050",1113.81832793946
"031002060103",1200,7829993.44367881,"Double Branch-Frontal Old Tampa Bay","tbcmp_AM_LA_IntHigh_2050","AM","LA","IntHigh","2050",7739.3377795879
"031002060103",1800,449931.896846762,"Double Branch-Frontal Old Tampa Bay","tbcmp_AM_LA_IntHigh_2050","AM","LA","IntHigh","2050",444.722585345071
"031002060103",1820,502313.914298258,"Double Branch-Frontal Old Tampa Bay","tbcmp_AM_LA_IntHigh_2050","AM","LA","IntHigh","2050",496.498123798513
"031002060103",1900,692588.70307459,"Double Branch-Frontal Old Tampa Bay","tbcmp_AM_LA_IntHigh_2050","AM","LA","IntHigh","2050",684.569911070392
"031002060103",2100,528835.543707232,"Double Branch-Frontal Old Tampa Bay","tbcmp_AM_LA_IntHigh_2050","AM","LA","IntHigh","2050",522.71268578219
"031002060103",2400,19101.8028412645,"Double Branch-Frontal Old Tampa Bay","tbcmp_AM_LA_IntHigh_2050","AM","LA","IntHigh","2050",18.8806421679683
"031002060103",3200,517468.719304573,"Double Branch-Frontal Old Tampa Bay","tbcmp_AM_LA_IntHigh_2050","AM","LA","IntHigh","2050",511.477466472465
"031002060103",4100,2506097.67792144,"Double Branch-Frontal Old Tampa Bay","tbcmp_AM_LA_IntHigh_2050","AM","LA","IntHigh","2050",2477.08207900646
"031002060103",4400,12468.8975022333,"Double Branch-Frontal Old Tampa Bay","tbcmp_AM_LA_IntHigh_2050","AM","LA","IntHigh","2050",12.3245326069524
"031002060103",5200,1379219.26188471,"Double Branch-Frontal Old Tampa Bay","tbcmp_AM_LA_IntHigh_2050","AM","LA","IntHigh","2050",1363.25066127061
"031002060103",5400,261564.24492158,"Double Branch-Frontal Old Tampa Bay","tbcmp_AM_LA_IntHigh_2050","AM","LA","IntHigh","2050",258.535854093878
"031002060103",6110,3562147.94853931,"Double Branch-Frontal Old Tampa Bay","tbcmp_AM_LA_IntHigh_2050","AM","LA","IntHigh","2050",3520.90539959112
"031002060103",6120,439429.204394524,"Double Branch-Frontal Old Tampa Bay","tbcmp_AM_LA_IntHigh_2050","AM","LA","IntHigh","2050",434.341493066044
"031002060103",6410,943329.463590171,"Double Branch-Frontal Old Tampa Bay","tbcmp_AM_LA_IntHigh_2050","AM","LA","IntHigh","2050",932.407595060724
"031002060103",6420,335921.52432146,"Double Branch-Frontal Old Tampa Bay","tbcmp_AM_LA_IntHigh_2050","AM","LA","IntHigh","2050",332.032224912867
"031002060103",6425,225029.167777371,"Double Branch-Frontal Old Tampa Bay","tbcmp_AM_LA_IntHigh_2050","AM","LA","IntHigh","2050",222.423780072844
"031002060103",6510,43657.9075272031,"Double Branch-Frontal Old Tampa Bay","tbcmp_AM_LA_IntHigh_2050","AM","LA","IntHigh","2050",43.1524362738532
"031002060103",6600,89071.8864967751,"Double Branch-Frontal Old Tampa Bay","tbcmp_AM_LA_IntHigh_2050","AM","LA","IntHigh","2050",88.0406121949154
"031002060103",9113,366305.083102365,"Double Branch-Frontal Old Tampa Bay","tbcmp_AM_LA_IntHigh_2050","AM","LA","IntHigh","2050",362.064002850205
"031002060201",1100,613201.88323624,"Sweetwater Creek","tbcmp_AM_LA_IntHigh_2050","AM","LA","IntHigh","2050",606.102231832131
"031002060201",1200,9567251.7158775,"Sweetwater Creek","tbcmp_AM_LA_IntHigh_2050","AM","LA","IntHigh","2050",9456.48207551107
"031002060201",1800,119873.122437898,"Sweetwater Creek","tbcmp_AM_LA_IntHigh_2050","AM","LA","IntHigh","2050",118.485231426312
"031002060201",1820,167801.785731822,"Sweetwater Creek","tbcmp_AM_LA_IntHigh_2050","AM","LA","IntHigh","2050",165.858976656619
"031002060201",1900,283312.517311769,"Sweetwater Creek","tbcmp_AM_LA_IntHigh_2050","AM","LA","IntHigh","2050",280.032324986334
"031002060201",2100,26574.0375389321,"Sweetwater Creek","tbcmp_AM_LA_IntHigh_2050","AM","LA","IntHigh","2050",26.2663633323063
"031002060201",2200,12490,"Sweetwater Creek","tbcmp_AM_LA_IntHigh_2050","AM","LA","IntHigh","2050",12.34539078
"031002060201",3200,42634.8256335776,"Sweetwater Creek","tbcmp_AM_LA_IntHigh_2050","AM","LA","IntHigh","2050",42.1411996223921
"031002060201",4100,144456.410034693,"Sweetwater Creek","tbcmp_AM_LA_IntHigh_2050","AM","LA","IntHigh","2050",142.783893719312
"031002060201",4400,1595,"Sweetwater Creek","tbcmp_AM_LA_IntHigh_2050","AM","LA","IntHigh","2050",1.57653309
"031002060201",5200,1527938.26202116,"Sweetwater Creek","tbcmp_AM_LA_IntHigh_2050","AM","LA","IntHigh","2050",1510.24779282348
"031002060201",5400,7053.0184956491,"Sweetwater Creek","tbcmp_AM_LA_IntHigh_2050","AM","LA","IntHigh","2050",6.97135864750647
"031002060201",6110,900659.07092257,"Sweetwater Creek","tbcmp_AM_LA_IntHigh_2050","AM","LA","IntHigh","2050",890.231240199428
"031002060201",6120,6,"Sweetwater Creek","tbcmp_AM_LA_IntHigh_2050","AM","LA","IntHigh","2050",0.005930532
"031002060201",6410,597481.38567399,"Sweetwater Creek","tbcmp_AM_LA_IntHigh_2050","AM","LA","IntHigh","2050",590.563746190656
"031002060201",6420,1,"Sweetwater Creek","tbcmp_AM_LA_IntHigh_2050","AM","LA","IntHigh","2050",0.000988422
"031002060201",6600,11,"Sweetwater Creek","tbcmp_AM_LA_IntHigh_2050","AM","LA","IntHigh","2050",0.010872642
"031002060202",0,209,"Rocky Creek-Frontal Old Tampa Bay","tbcmp_AM_LA_IntHigh_2050","AM","LA","IntHigh","2050",0.206580198
"031002060202",1100,2887399.0737307,"Rocky Creek-Frontal Old Tampa Bay","tbcmp_AM_LA_IntHigh_2050","AM","LA","IntHigh","2050",2853.96876725504
"031002060202",1200,18013834.1793538,"Rocky Creek-Frontal Old Tampa Bay","tbcmp_AM_LA_IntHigh_2050","AM","LA","IntHigh","2050",17805.2700072252
"031002060202",1800,334293.323855161,"Rocky Creek-Frontal Old Tampa Bay","tbcmp_AM_LA_IntHigh_2050","AM","LA","IntHigh","2050",330.422875751565
"031002060202",1820,651427.486867995,"Rocky Creek-Frontal Old Tampa Bay","tbcmp_AM_LA_IntHigh_2050","AM","LA","IntHigh","2050",643.885259425037
"031002060202",1900,988008.691600589,"Rocky Creek-Frontal Old Tampa Bay","tbcmp_AM_LA_IntHigh_2050","AM","LA","IntHigh","2050",976.569526969237
"031002060202",2100,463997.181493367,"Rocky Creek-Frontal Old Tampa Bay","tbcmp_AM_LA_IntHigh_2050","AM","LA","IntHigh","2050",458.625022126037
"031002060202",2200,23512,"Rocky Creek-Frontal Old Tampa Bay","tbcmp_AM_LA_IntHigh_2050","AM","LA","IntHigh","2050",23.239778064
"031002060202",2400,80495.1971588965,"Rocky Creek-Frontal Old Tampa Bay","tbcmp_AM_LA_IntHigh_2050","AM","LA","IntHigh","2050",79.5632237661908
"031002060202",3200,230643.348223758,"Rocky Creek-Frontal Old Tampa Bay","tbcmp_AM_LA_IntHigh_2050","AM","LA","IntHigh","2050",227.972959538023
"031002060202",4100,732762.386197331,"Rocky Creek-Frontal Old Tampa Bay","tbcmp_AM_LA_IntHigh_2050","AM","LA","IntHigh","2050",724.278463289938
"031002060202",4400,185298.723666916,"Rocky Creek-Frontal Old Tampa Bay","tbcmp_AM_LA_IntHigh_2050","AM","LA","IntHigh","2050",183.153335044301
"031002060202",5200,2986495.31794691,"Rocky Creek-Frontal Old Tampa Bay","tbcmp_AM_LA_IntHigh_2050","AM","LA","IntHigh","2050",2951.91767515572
"031002060202",5400,315767.818635635,"Rocky Creek-Frontal Old Tampa Bay","tbcmp_AM_LA_IntHigh_2050","AM","LA","IntHigh","2050",312.111858831472
"031002060202",6110,4710942.56965446,"Rocky Creek-Frontal Old Tampa Bay","tbcmp_AM_LA_IntHigh_2050","AM","LA","IntHigh","2050",4656.399276583
"031002060202",6120,122998.643927607,"Rocky Creek-Frontal Old Tampa Bay","tbcmp_AM_LA_IntHigh_2050","AM","LA","IntHigh","2050",121.574565628213
"031002060202",6410,1256514.72492803,"Rocky Creek-Frontal Old Tampa Bay","tbcmp_AM_LA_IntHigh_2050","AM","LA","IntHigh","2050",1241.96679744281
"031002060202",6420,317802.238084852,"Rocky Creek-Frontal Old Tampa Bay","tbcmp_AM_LA_IntHigh_2050","AM","LA","IntHigh","2050",314.122723772306
"031002060202",6425,453920.552158178,"Rocky Creek-Frontal Old Tampa Bay","tbcmp_AM_LA_IntHigh_2050","AM","LA","IntHigh","2050",448.66506000529
"031002060202",6510,32872.6705071599,"Rocky Creek-Frontal Old Tampa Bay","tbcmp_AM_LA_IntHigh_2050","AM","LA","IntHigh","2050",32.492070728028
"031002060202",6600,26092.8950781822,"Rocky Creek-Frontal Old Tampa Bay","tbcmp_AM_LA_IntHigh_2050","AM","LA","IntHigh","2050",25.790791538967
"031002060202",9113,241216.1900841,"Rocky Creek-Frontal Old Tampa Bay","tbcmp_AM_LA_IntHigh_2050","AM","LA","IntHigh","2050",238.423389035307
"031002060203",0,9322.01307664812,"Fish Creek-Frontal Old Tampa Bay","tbcmp_AM_LA_IntHigh_2050","AM","LA","IntHigh","2050",9.21408280924669
"031002060203",1100,22400,"Fish Creek-Frontal Old Tampa Bay","tbcmp_AM_LA_IntHigh_2050","AM","LA","IntHigh","2050",22.1406528
"031002060203",1200,11680855.7615946,"Fish Creek-Frontal Old Tampa Bay","tbcmp_AM_LA_IntHigh_2050","AM","LA","IntHigh","2050",11545.6148135868
"031002060203",1800,340507.542007658,"Fish Creek-Frontal Old Tampa Bay","tbcmp_AM_LA_IntHigh_2050","AM","LA","IntHigh","2050",336.565145686293
"031002060203",1820,99788,"Fish Creek-Frontal Old Tampa Bay","tbcmp_AM_LA_IntHigh_2050","AM","LA","IntHigh","2050",98.632654536
"031002060203",1900,372620.702520029,"Fish Creek-Frontal Old Tampa Bay","tbcmp_AM_LA_IntHigh_2050","AM","LA","IntHigh","2050",368.306500026252
"031002060203",3200,4743,"Fish Creek-Frontal Old Tampa Bay","tbcmp_AM_LA_IntHigh_2050","AM","LA","IntHigh","2050",4.688085546
"031002060203",4100,212104.164502754,"Fish Creek-Frontal Old Tampa Bay","tbcmp_AM_LA_IntHigh_2050","AM","LA","IntHigh","2050",209.648422486141
"031002060203",5200,256159.094057742,"Fish Creek-Frontal Old Tampa Bay","tbcmp_AM_LA_IntHigh_2050","AM","LA","IntHigh","2050",253.193284066741
"031002060203",5400,250157.976349481,"Fish Creek-Frontal Old Tampa Bay","tbcmp_AM_LA_IntHigh_2050","AM","LA","IntHigh","2050",247.261647299307
"031002060203",6110,208075.87603569,"Fish Creek-Frontal Old Tampa Bay","tbcmp_AM_LA_IntHigh_2050","AM","LA","IntHigh","2050",205.666773542949
"031002060203",6120,201410.990821136,"Fish Creek-Frontal Old Tampa Bay","tbcmp_AM_LA_IntHigh_2050","AM","LA","IntHigh","2050",199.079054369408
"031002060203",6410,75676,"Fish Creek-Frontal Old Tampa Bay","tbcmp_AM_LA_IntHigh_2050","AM","LA","IntHigh","2050",74.799823272
"031002060203",6420,72480.3430713319,"Fish Creek-Frontal Old Tampa Bay","tbcmp_AM_LA_IntHigh_2050","AM","LA","IntHigh","2050",71.641165659252
"031002060203",6425,1036.94999490515,"Fish Creek-Frontal Old Tampa Bay","tbcmp_AM_LA_IntHigh_2050","AM","LA","IntHigh","2050",1.02494418786414
"031002060203",6510,1640.42164728791,"Fish Creek-Frontal Old Tampa Bay","tbcmp_AM_LA_IntHigh_2050","AM","LA","IntHigh","2050",1.62142884545561
"031002060203",6600,20602.3737298212,"Fish Creek-Frontal Old Tampa Bay","tbcmp_AM_LA_IntHigh_2050","AM","LA","IntHigh","2050",20.3638394467773
"031002060203",9113,79201.2081477654,"Fish Creek-Frontal Old Tampa Bay","tbcmp_AM_LA_IntHigh_2050","AM","LA","IntHigh","2050",78.2842165598306
"031002060301",1100,2685420.40367806,"Palm River","tbcmp_AM_LA_IntHigh_2050","AM","LA","IntHigh","2050",2654.32860624427
"031002060301",1200,15549980.0627615,"Palm River","tbcmp_AM_LA_IntHigh_2050","AM","LA","IntHigh","2050",15369.9423935948
"031002060301",1800,495039.593537551,"Palm River","tbcmp_AM_LA_IntHigh_2050","AM","LA","IntHigh","2050",489.308025123573
"031002060301",1820,3498,"Palm River","tbcmp_AM_LA_IntHigh_2050","AM","LA","IntHigh","2050",3.457500156
"031002060301",1900,1526681.24473806,"Palm River","tbcmp_AM_LA_IntHigh_2050","AM","LA","IntHigh","2050",1509.00532928648
"031002060301",2100,652931.573240223,"Palm River","tbcmp_AM_LA_IntHigh_2050","AM","LA","IntHigh","2050",645.371931485248
"031002060301",2200,3980.02209844499,"Palm River","tbcmp_AM_LA_IntHigh_2050","AM","LA","IntHigh","2050",3.93394140258919
"031002060301",2400,94274.6771390809,"Palm River","tbcmp_AM_LA_IntHigh_2050","AM","LA","IntHigh","2050",93.1831649271646
"031002060301",3200,11243,"Palm River","tbcmp_AM_LA_IntHigh_2050","AM","LA","IntHigh","2050",11.112828546
"031002060301",4100,755026.197791968,"Palm River","tbcmp_AM_LA_IntHigh_2050","AM","LA","IntHigh","2050",746.284504473933
"031002060301",4400,12487,"Palm River","tbcmp_AM_LA_IntHigh_2050","AM","LA","IntHigh","2050",12.342425514
"031002060301",5200,952370.113562597,"Palm River","tbcmp_AM_LA_IntHigh_2050","AM","LA","IntHigh","2050",941.343572387769
"031002060301",5400,547905.485676949,"Palm River","tbcmp_AM_LA_IntHigh_2050","AM","LA","IntHigh","2050",541.561835963781
"031002060301",6110,1220327.40030632,"Palm River","tbcmp_AM_LA_IntHigh_2050","AM","LA","IntHigh","2050",1206.19844966557
"031002060301",6120,1683.01694802978,"Palm River","tbcmp_AM_LA_IntHigh_2050","AM","LA","IntHigh","2050",1.66353097780549
"031002060301",6410,1157235.8277917,"Palm River","tbcmp_AM_LA_IntHigh_2050","AM","LA","IntHigh","2050",1143.83735137753
"031002060301",6420,7473.19950248091,"Palm River","tbcmp_AM_LA_IntHigh_2050","AM","LA","IntHigh","2050",7.38667479864119
"031002060301",6425,27673.1858471613,"Palm River","tbcmp_AM_LA_IntHigh_2050","AM","LA","IntHigh","2050",27.3527857014229
"031002060301",6510,8095.50087330304,"Palm River","tbcmp_AM_LA_IntHigh_2050","AM","LA","IntHigh","2050",8.00177116419194
"031002060301",6600,19295.9344985737,"Palm River","tbcmp_AM_LA_IntHigh_2050","AM","LA","IntHigh","2050",19.0725261689492
"031002060301",9113,21933.6234021617,"Palm River","tbcmp_AM_LA_IntHigh_2050","AM","LA","IntHigh","2050",21.6796759104114
"031002060302",0,2245.38586890697,"Delaney Creek-Frontal Hillsborough Bay","tbcmp_AM_LA_IntHigh_2050","AM","LA","IntHigh","2050",2.21938879131677
"031002060302",1100,1516818.79068206,"Delaney Creek-Frontal Hillsborough Bay","tbcmp_AM_LA_IntHigh_2050","AM","LA","IntHigh","2050",1499.25706272354
"031002060302",1200,18282844.9443523,"Delaney Creek-Frontal Hillsborough Bay","tbcmp_AM_LA_IntHigh_2050","AM","LA","IntHigh","2050",18071.1661655866
"031002060302",1800,225603,"Delaney Creek-Frontal Hillsborough Bay","tbcmp_AM_LA_IntHigh_2050","AM","LA","IntHigh","2050",222.990968466
"031002060302",1900,1393300.46580316,"Delaney Creek-Frontal Hillsborough Bay","tbcmp_AM_LA_IntHigh_2050","AM","LA","IntHigh","2050",1377.16883301009
"031002060302",2100,353076.806089012,"Delaney Creek-Frontal Hillsborough Bay","tbcmp_AM_LA_IntHigh_2050","AM","LA","IntHigh","2050",348.988882828113
"031002060302",2200,4958,"Delaney Creek-Frontal Hillsborough Bay","tbcmp_AM_LA_IntHigh_2050","AM","LA","IntHigh","2050",4.900596276
"031002060302",2400,21500.989768472,"Delaney Creek-Frontal Hillsborough Bay","tbcmp_AM_LA_IntHigh_2050","AM","LA","IntHigh","2050",21.2520513089327
"031002060302",3200,265913,"Delaney Creek-Frontal Hillsborough Bay","tbcmp_AM_LA_IntHigh_2050","AM","LA","IntHigh","2050",262.834259286
"031002060302",4100,1103201.11541133,"Delaney Creek-Frontal Hillsborough Bay","tbcmp_AM_LA_IntHigh_2050","AM","LA","IntHigh","2050",1090.4282528971
"031002060302",5200,1415963.05078631,"Delaney Creek-Frontal Hillsborough Bay","tbcmp_AM_LA_IntHigh_2050","AM","LA","IntHigh","2050",1399.56903058431
"031002060302",5400,223650.575521913,"Delaney Creek-Frontal Hillsborough Bay","tbcmp_AM_LA_IntHigh_2050","AM","LA","IntHigh","2050",221.06114915852
"031002060302",6110,288249.955923147,"Delaney Creek-Frontal Hillsborough Bay","tbcmp_AM_LA_IntHigh_2050","AM","LA","IntHigh","2050",284.912597933469
"031002060302",6120,371369.679799866,"Delaney Creek-Frontal Hillsborough Bay","tbcmp_AM_LA_IntHigh_2050","AM","LA","IntHigh","2050",367.069961647144
"031002060302",6410,1090133.6915236,"Delaney Creek-Frontal Hillsborough Bay","tbcmp_AM_LA_IntHigh_2050","AM","LA","IntHigh","2050",1077.51212364314
"031002060302",6420,114317.977273082,"Delaney Creek-Frontal Hillsborough Bay","tbcmp_AM_LA_IntHigh_2050","AM","LA","IntHigh","2050",112.994403732214
"031002060302",6425,899.519570770906,"Delaney Creek-Frontal Hillsborough Bay","tbcmp_AM_LA_IntHigh_2050","AM","LA","IntHigh","2050",0.889104933180521
"031002060302",6510,141.884729128331,"Delaney Creek-Frontal Hillsborough Bay","tbcmp_AM_LA_IntHigh_2050","AM","LA","IntHigh","2050",0.140241987734483
"031002060302",6600,100913.156804918,"Delaney Creek-Frontal Hillsborough Bay","tbcmp_AM_LA_IntHigh_2050","AM","LA","IntHigh","2050",99.744784275431
"031002060302",7100,16.1932725906372,"Delaney Creek-Frontal Hillsborough Bay","tbcmp_AM_LA_IntHigh_2050","AM","LA","IntHigh","2050",0.0160057868805828
"031002060302",9113,53806.6225143548,"Delaney Creek-Frontal Hillsborough Bay","tbcmp_AM_LA_IntHigh_2050","AM","LA","IntHigh","2050",53.1836494388836
"031002060303",0,10469.317880522,"McDill Air Force Base-Frontal Tampa Bay","tbcmp_AM_LA_IntHigh_2050","AM","LA","IntHigh","2050",10.3481041181013
"031002060303",1100,59177.6634243704,"McDill Air Force Base-Frontal Tampa Bay","tbcmp_AM_LA_IntHigh_2050","AM","LA","IntHigh","2050",58.4925044372431
"031002060303",1200,19806226.6675116,"McDill Air Force Base-Frontal Tampa Bay","tbcmp_AM_LA_IntHigh_2050","AM","LA","IntHigh","2050",19576.9101751551
"031002060303",1800,302034.554902079,"McDill Air Force Base-Frontal Tampa Bay","tbcmp_AM_LA_IntHigh_2050","AM","LA","IntHigh","2050",298.537598825422
"031002060303",1820,87333,"McDill Air Force Base-Frontal Tampa Bay","tbcmp_AM_LA_IntHigh_2050","AM","LA","IntHigh","2050",86.321858526
"031002060303",1900,590839.684498033,"McDill Air Force Base-Frontal Tampa Bay","tbcmp_AM_LA_IntHigh_2050","AM","LA","IntHigh","2050",583.998942630914
"031002060303",2400,2463,"McDill Air Force Base-Frontal Tampa Bay","tbcmp_AM_LA_IntHigh_2050","AM","LA","IntHigh","2050",2.434483386
"031002060303",3200,13101,"McDill Air Force Base-Frontal Tampa Bay","tbcmp_AM_LA_IntHigh_2050","AM","LA","IntHigh","2050",12.949316622
"031002060303",4100,340585.889556476,"McDill Air Force Base-Frontal Tampa Bay","tbcmp_AM_LA_IntHigh_2050","AM","LA","IntHigh","2050",336.642586127191
"031002060303",4400,58969,"McDill Air Force Base-Frontal Tampa Bay","tbcmp_AM_LA_IntHigh_2050","AM","LA","IntHigh","2050",58.286256918
"031002060303",5200,190614,"McDill Air Force Base-Frontal Tampa Bay","tbcmp_AM_LA_IntHigh_2050","AM","LA","IntHigh","2050",188.407071108
"031002060303",5400,967560.216873874,"McDill Air Force Base-Frontal Tampa Bay","tbcmp_AM_LA_IntHigh_2050","AM","LA","IntHigh","2050",956.357804682909
"031002060303",6110,70026.8367417083,"McDill Air Force Base-Frontal Tampa Bay","tbcmp_AM_LA_IntHigh_2050","AM","LA","IntHigh","2050",69.2160660259128
"031002060303",6120,1198976.3873026,"McDill Air Force Base-Frontal Tampa Bay","tbcmp_AM_LA_IntHigh_2050","AM","LA","IntHigh","2050",1185.09463869041
"031002060303",6410,181302.966146654,"McDill Air Force Base-Frontal Tampa Bay","tbcmp_AM_LA_IntHigh_2050","AM","LA","IntHigh","2050",179.203840404609
"031002060303",6420,438227.228664413,"McDill Air Force Base-Frontal Tampa Bay","tbcmp_AM_LA_IntHigh_2050","AM","LA","IntHigh","2050",433.153433810937
"031002060303",6425,3346.98490126846,"McDill Air Force Base-Frontal Tampa Bay","tbcmp_AM_LA_IntHigh_2050","AM","LA","IntHigh","2050",3.30823351008157
"031002060303",6510,1958.34581877617,"McDill Air Force Base-Frontal Tampa Bay","tbcmp_AM_LA_IntHigh_2050","AM","LA","IntHigh","2050",1.93567209088638
"031002060303",6600,115240.63588085,"McDill Air Force Base-Frontal Tampa Bay","tbcmp_AM_LA_IntHigh_2050","AM","LA","IntHigh","2050",113.906379798621
"031002060303",7100,207,"McDill Air Force Base-Frontal Tampa Bay","tbcmp_AM_LA_IntHigh_2050","AM","LA","IntHigh","2050",0.204603354
"031002060303",9113,495661.623853932,"McDill Air Force Base-Frontal Tampa Bay","tbcmp_AM_LA_IntHigh_2050","AM","LA","IntHigh","2050",489.922853572951
"031002060401",1100,2132943.6213896,"Bullfrog Creek","tbcmp_AM_LA_IntHigh_2050","AM","LA","IntHigh","2050",2108.24840014115
"031002060401",1200,9481390.15284833,"Bullfrog Creek","tbcmp_AM_LA_IntHigh_2050","AM","LA","IntHigh","2050",9371.61461765865
"031002060401",1800,227269.188148468,"Bullfrog Creek","tbcmp_AM_LA_IntHigh_2050","AM","LA","IntHigh","2050",224.637865488086
"031002060401",1820,143390,"Bullfrog Creek","tbcmp_AM_LA_IntHigh_2050","AM","LA","IntHigh","2050",141.72983058
"031002060401",1900,1825710.24771337,"Bullfrog Creek","tbcmp_AM_LA_IntHigh_2050","AM","LA","IntHigh","2050",1804.57217446535
"031002060401",2100,4141026.44312793,"Bullfrog Creek","tbcmp_AM_LA_IntHigh_2050","AM","LA","IntHigh","2050",4093.0816389694
"031002060401",2200,56924,"Bullfrog Creek","tbcmp_AM_LA_IntHigh_2050","AM","LA","IntHigh","2050",56.264933928
"031002060401",2400,305521.552102657,"Bullfrog Creek","tbcmp_AM_LA_IntHigh_2050","AM","LA","IntHigh","2050",301.984223572413
"031002060401",3200,1110887.83638473,"Bullfrog Creek","tbcmp_AM_LA_IntHigh_2050","AM","LA","IntHigh","2050",1098.02597701507
"031002060401",4100,2234184.37897628,"Bullfrog Creek","tbcmp_AM_LA_IntHigh_2050","AM","LA","IntHigh","2050",2208.31699223649
"031002060401",4400,8408,"Bullfrog Creek","tbcmp_AM_LA_IntHigh_2050","AM","LA","IntHigh","2050",8.310652176
"031002060401",5200,1458079.42727487,"Bullfrog Creek","tbcmp_AM_LA_IntHigh_2050","AM","LA","IntHigh","2050",1441.19778366588
"031002060401",5400,71322.1168785608,"Bullfrog Creek","tbcmp_AM_LA_IntHigh_2050","AM","LA","IntHigh","2050",70.4963494093409
"031002060401",6110,1524813.06324314,"Bullfrog Creek","tbcmp_AM_LA_IntHigh_2050","AM","LA","IntHigh","2050",1507.15877759691
"031002060401",6120,242,"Bullfrog Creek","tbcmp_AM_LA_IntHigh_2050","AM","LA","IntHigh","2050",0.239198124
"031002060401",6410,1156541.06360939,"Bullfrog Creek","tbcmp_AM_LA_IntHigh_2050","AM","LA","IntHigh","2050",1143.15063117492
"031002060401",6420,28207.959539046,"Bullfrog Creek","tbcmp_AM_LA_IntHigh_2050","AM","LA","IntHigh","2050",27.881367783503
"031002060401",6425,94102.1785041563,"Bullfrog Creek","tbcmp_AM_LA_IntHigh_2050","AM","LA","IntHigh","2050",93.0126634814352
"031002060401",6510,14766.4488323845,"Bullfrog Creek","tbcmp_AM_LA_IntHigh_2050","AM","LA","IntHigh","2050",14.5954828878032
"031002060401",6600,10159.5393143485,"Bullfrog Creek","tbcmp_AM_LA_IntHigh_2050","AM","LA","IntHigh","2050",10.0419121681669
"031002060401",9113,35285.3294303673,"Bullfrog Creek","tbcmp_AM_LA_IntHigh_2050","AM","LA","IntHigh","2050",34.8767958862225
"031002060402",0,47578.8550573435,"Wolf Branch-Frontal Tampa Bay","tbcmp_AM_LA_IntHigh_2050","AM","LA","IntHigh","2050",47.0279870734896
"031002060402",1100,204214.048351816,"Wolf Branch-Frontal Tampa Bay","tbcmp_AM_LA_IntHigh_2050","AM","LA","IntHigh","2050",201.849658099999
"031002060402",1200,7647454.94908873,"Wolf Branch-Frontal Tampa Bay","tbcmp_AM_LA_IntHigh_2050","AM","LA","IntHigh","2050",7558.91271568818
"031002060402",1800,197981.091447187,"Wolf Branch-Frontal Tampa Bay","tbcmp_AM_LA_IntHigh_2050","AM","LA","IntHigh","2050",195.688866370411
"031002060402",1820,121944,"Wolf Branch-Frontal Tampa Bay","tbcmp_AM_LA_IntHigh_2050","AM","LA","IntHigh","2050",120.532132368
"031002060402",1900,1723566.51962846,"Wolf Branch-Frontal Tampa Bay","tbcmp_AM_LA_IntHigh_2050","AM","LA","IntHigh","2050",1703.61106646421
"031002060402",2100,1306629.15903311,"Wolf Branch-Frontal Tampa Bay","tbcmp_AM_LA_IntHigh_2050","AM","LA","IntHigh","2050",1291.50100662983
"031002060402",2200,12441,"Wolf Branch-Frontal Tampa Bay","tbcmp_AM_LA_IntHigh_2050","AM","LA","IntHigh","2050",12.296958102
"031002060402",2400,113100.139118618,"Wolf Branch-Frontal Tampa Bay","tbcmp_AM_LA_IntHigh_2050","AM","LA","IntHigh","2050",111.790665707903
"031002060402",3200,316248.666027188,"Wolf Branch-Frontal Tampa Bay","tbcmp_AM_LA_IntHigh_2050","AM","LA","IntHigh","2050",312.587138971925
"031002060402",4100,1102345.47951346,"Wolf Branch-Frontal Tampa Bay","tbcmp_AM_LA_IntHigh_2050","AM","LA","IntHigh","2050",1089.58252355166
"031002060402",4400,14881,"Wolf Branch-Frontal Tampa Bay","tbcmp_AM_LA_IntHigh_2050","AM","LA","IntHigh","2050",14.708707782
"031002060402",5200,824659.08211807,"Wolf Branch-Frontal Tampa Bay","tbcmp_AM_LA_IntHigh_2050","AM","LA","IntHigh","2050",815.111179265307
"031002060402",5400,1473535.90573897,"Wolf Branch-Frontal Tampa Bay","tbcmp_AM_LA_IntHigh_2050","AM","LA","IntHigh","2050",1456.47530702232
"031002060402",6110,471422.945865446,"Wolf Branch-Frontal Tampa Bay","tbcmp_AM_LA_IntHigh_2050","AM","LA","IntHigh","2050",465.964810998216
"031002060402",6120,1911594.46425435,"Wolf Branch-Frontal Tampa Bay","tbcmp_AM_LA_IntHigh_2050","AM","LA","IntHigh","2050",1889.46202354721
"031002060402",6410,455878.653350077,"Wolf Branch-Frontal Tampa Bay","tbcmp_AM_LA_IntHigh_2050","AM","LA","IntHigh","2050",450.60049030159
"031002060402",6420,258414.636415114,"Wolf Branch-Frontal Tampa Bay","tbcmp_AM_LA_IntHigh_2050","AM","LA","IntHigh","2050",255.4227117547
"031002060402",6425,32577.9086176647,"Wolf Branch-Frontal Tampa Bay","tbcmp_AM_LA_IntHigh_2050","AM","LA","IntHigh","2050",32.2007215916894
"031002060402",6510,1513.85188789293,"Wolf Branch-Frontal Tampa Bay","tbcmp_AM_LA_IntHigh_2050","AM","LA","IntHigh","2050",1.49632451073491
"031002060402",6600,339544.635636006,"Wolf Branch-Frontal Tampa Bay","tbcmp_AM_LA_IntHigh_2050","AM","LA","IntHigh","2050",335.613387844613
"031002060402",9113,833825.036636109,"Wolf Branch-Frontal Tampa Bay","tbcmp_AM_LA_IntHigh_2050","AM","LA","IntHigh","2050",824.171010361936
"031002060501",0,355.716569465585,"Frog Creek","tbcmp_AM_LA_IntHigh_2050","AM","LA","IntHigh","2050",0.351598083024313
"031002060501",1100,859778.174547742,"Frog Creek","tbcmp_AM_LA_IntHigh_2050","AM","LA","IntHigh","2050",849.823662842828
"031002060501",1200,3693393.09177684,"Frog Creek","tbcmp_AM_LA_IntHigh_2050","AM","LA","IntHigh","2050",3650.63098656025
"031002060501",1800,120203.324275408,"Frog Creek","tbcmp_AM_LA_IntHigh_2050","AM","LA","IntHigh","2050",118.811610186947
"031002060501",1820,283733.089941949,"Frog Creek","tbcmp_AM_LA_IntHigh_2050","AM","LA","IntHigh","2050",280.448028226601
"031002060501",1900,1861077.28732763,"Frog Creek","tbcmp_AM_LA_IntHigh_2050","AM","LA","IntHigh","2050",1839.52973449495
"031002060501",2100,1307375.75700744,"Frog Creek","tbcmp_AM_LA_IntHigh_2050","AM","LA","IntHigh","2050",1292.2389604928
"031002060501",2200,241479,"Frog Creek","tbcmp_AM_LA_IntHigh_2050","AM","LA","IntHigh","2050",238.683156138
"031002060501",2400,80431.9225193149,"Frog Creek","tbcmp_AM_LA_IntHigh_2050","AM","LA","IntHigh","2050",79.5006817203863
"031002060501",3200,114204.820007121,"Frog Creek","tbcmp_AM_LA_IntHigh_2050","AM","LA","IntHigh","2050",112.882556601078
"031002060501",4100,478653.397518577,"Frog Creek","tbcmp_AM_LA_IntHigh_2050","AM","LA","IntHigh","2050",473.111548482107
"031002060501",5200,995372.298141342,"Frog Creek","tbcmp_AM_LA_IntHigh_2050","AM","LA","IntHigh","2050",983.847877673462
"031002060501",5400,83868.6924375165,"Frog Creek","tbcmp_AM_LA_IntHigh_2050","AM","LA","IntHigh","2050",82.897660716475
"031002060501",6110,1043989.70133946,"Frog Creek","tbcmp_AM_LA_IntHigh_2050","AM","LA","IntHigh","2050",1031.90238857735
"031002060501",6120,45705.9373189968,"Frog Creek","tbcmp_AM_LA_IntHigh_2050","AM","LA","IntHigh","2050",45.1767539767175
"031002060501",6410,476482.712781689,"Frog Creek","tbcmp_AM_LA_IntHigh_2050","AM","LA","IntHigh","2050",470.965995933102
"031002060501",6420,18461.7986814339,"Frog Creek","tbcmp_AM_LA_IntHigh_2050","AM","LA","IntHigh","2050",18.2480479763003
"031002060501",6425,116025.046513026,"Frog Creek","tbcmp_AM_LA_IntHigh_2050","AM","LA","IntHigh","2050",114.681708524499
"031002060501",6510,27058.7579442324,"Frog Creek","tbcmp_AM_LA_IntHigh_2050","AM","LA","IntHigh","2050",26.7454716447541
"031002060501",6600,67854.5812167932,"Frog Creek","tbcmp_AM_LA_IntHigh_2050","AM","LA","IntHigh","2050",67.0689608754652
"031002060501",9113,18843.4524955282,"Frog Creek","tbcmp_AM_LA_IntHigh_2050","AM","LA","IntHigh","2050",18.625283002535
"031002060502",0,43772.9303154986,"Terra Ceia Bay-Frontal Tampa Bay","tbcmp_AM_LA_IntHigh_2050","AM","LA","IntHigh","2050",43.2661273283058
"031002060502",1100,1498381.0202429,"Terra Ceia Bay-Frontal Tampa Bay","tbcmp_AM_LA_IntHigh_2050","AM","LA","IntHigh","2050",1481.03276479053
"031002060502",1200,5584702.04089701,"Terra Ceia Bay-Frontal Tampa Bay","tbcmp_AM_LA_IntHigh_2050","AM","LA","IntHigh","2050",5520.04236066751
"031002060502",1800,68104.1963591324,"Terra Ceia Bay-Frontal Tampa Bay","tbcmp_AM_LA_IntHigh_2050","AM","LA","IntHigh","2050",67.3156859736864
"031002060502",1820,70374,"Terra Ceia Bay-Frontal Tampa Bay","tbcmp_AM_LA_IntHigh_2050","AM","LA","IntHigh","2050",69.559209828
"031002060502",1900,2024114.07018345,"Terra Ceia Bay-Frontal Tampa Bay","tbcmp_AM_LA_IntHigh_2050","AM","LA","IntHigh","2050",2000.67887747887
"031002060502",2100,2002533.33474251,"Terra Ceia Bay-Frontal Tampa Bay","tbcmp_AM_LA_IntHigh_2050","AM","LA","IntHigh","2050",1979.34800379286
"031002060502",2200,261240.795622341,"Terra Ceia Bay-Frontal Tampa Bay","tbcmp_AM_LA_IntHigh_2050","AM","LA","IntHigh","2050",258.216149690625
"031002060502",2400,553294.195003181,"Terra Ceia Bay-Frontal Tampa Bay","tbcmp_AM_LA_IntHigh_2050","AM","LA","IntHigh","2050",546.888154813434
"031002060502",3200,326771.35336241,"Terra Ceia Bay-Frontal Tampa Bay","tbcmp_AM_LA_IntHigh_2050","AM","LA","IntHigh","2050",322.98799463318
"031002060502",4100,620120.685812341,"Terra Ceia Bay-Frontal Tampa Bay","tbcmp_AM_LA_IntHigh_2050","AM","LA","IntHigh","2050",612.940928512005
"031002060502",5200,634084.753294499,"Terra Ceia Bay-Frontal Tampa Bay","tbcmp_AM_LA_IntHigh_2050","AM","LA","IntHigh","2050",626.743320020855
"031002060502",5400,3880158.17774416,"Terra Ceia Bay-Frontal Tampa Bay","tbcmp_AM_LA_IntHigh_2050","AM","LA","IntHigh","2050",3835.23370636224
"031002060502",6110,1137029.301315,"Terra Ceia Bay-Frontal Tampa Bay","tbcmp_AM_LA_IntHigh_2050","AM","LA","IntHigh","2050",1123.86477606437
"031002060502",6120,5059069.3832436,"Terra Ceia Bay-Frontal Tampa Bay","tbcmp_AM_LA_IntHigh_2050","AM","LA","IntHigh","2050",5000.49547792441
"031002060502",6410,369553.389663708,"Terra Ceia Bay-Frontal Tampa Bay","tbcmp_AM_LA_IntHigh_2050","AM","LA","IntHigh","2050",365.274700518181
"031002060502",6420,460519.16689315,"Terra Ceia Bay-Frontal Tampa Bay","tbcmp_AM_LA_IntHigh_2050","AM","LA","IntHigh","2050",455.187275978861
"031002060502",6425,204829.339458505,"Terra Ceia Bay-Frontal Tampa Bay","tbcmp_AM_LA_IntHigh_2050","AM","LA","IntHigh","2050",202.457825366254
"031002060502",6510,49879.7149598094,"Terra Ceia Bay-Frontal Tampa Bay","tbcmp_AM_LA_IntHigh_2050","AM","LA","IntHigh","2050",49.3022076200047
"031002060502",6600,667512.839542593,"Terra Ceia Bay-Frontal Tampa Bay","tbcmp_AM_LA_IntHigh_2050","AM","LA","IntHigh","2050",659.784375886369
"031002060502",7100,4502,"Terra Ceia Bay-Frontal Tampa Bay","tbcmp_AM_LA_IntHigh_2050","AM","LA","IntHigh","2050",4.449875844
"031002060502",9113,2989448.82988625,"Terra Ceia Bay-Frontal Tampa Bay","tbcmp_AM_LA_IntHigh_2050","AM","LA","IntHigh","2050",2954.83699133383
"031002060601",0,15959.0459045677,"Alligator Creek-Frontal Old Tampa Bay","tbcmp_AM_LA_IntHigh_2050","AM","LA","IntHigh","2050",15.7742720710846
"031002060601",1100,932898.565433207,"Alligator Creek-Frontal Old Tampa Bay","tbcmp_AM_LA_IntHigh_2050","AM","LA","IntHigh","2050",922.097465842621
"031002060601",1200,14413658.1687037,"Alligator Creek-Frontal Old Tampa Bay","tbcmp_AM_LA_IntHigh_2050","AM","LA","IntHigh","2050",14246.7768344265
"031002060601",1800,681147.782771711,"Alligator Creek-Frontal Old Tampa Bay","tbcmp_AM_LA_IntHigh_2050","AM","LA","IntHigh","2050",673.26145374278
"031002060601",1820,147462.77934229,"Alligator Creek-Frontal Old Tampa Bay","tbcmp_AM_LA_IntHigh_2050","AM","LA","IntHigh","2050",145.755455283065
"031002060601",1900,188984.272412703,"Alligator Creek-Frontal Old Tampa Bay","tbcmp_AM_LA_IntHigh_2050","AM","LA","IntHigh","2050",186.796212506709
"031002060601",2400,9290.42625706034,"Alligator Creek-Frontal Old Tampa Bay","tbcmp_AM_LA_IntHigh_2050","AM","LA","IntHigh","2050",9.18286170185609
"031002060601",3200,14866,"Alligator Creek-Frontal Old Tampa Bay","tbcmp_AM_LA_IntHigh_2050","AM","LA","IntHigh","2050",14.693881452
"031002060601",4100,247922.405891349,"Alligator Creek-Frontal Old Tampa Bay","tbcmp_AM_LA_IntHigh_2050","AM","LA","IntHigh","2050",245.051960275939
"031002060601",5200,477437.9099725,"Alligator Creek-Frontal Old Tampa Bay","tbcmp_AM_LA_IntHigh_2050","AM","LA","IntHigh","2050",471.910133850839
"031002060601",5400,357566.912856172,"Alligator Creek-Frontal Old Tampa Bay","tbcmp_AM_LA_IntHigh_2050","AM","LA","IntHigh","2050",353.427003139123
"031002060601",6110,345031,"Alligator Creek-Frontal Old Tampa Bay","tbcmp_AM_LA_IntHigh_2050","AM","LA","IntHigh","2050",341.036231082
"031002060601",6120,459100.886859753,"Alligator Creek-Frontal Old Tampa Bay","tbcmp_AM_LA_IntHigh_2050","AM","LA","IntHigh","2050",453.785416791691
"031002060601",6410,237156.035765817,"Alligator Creek-Frontal Old Tampa Bay","tbcmp_AM_LA_IntHigh_2050","AM","LA","IntHigh","2050",234.41024318372
"031002060601",6420,57939.9939174235,"Alligator Creek-Frontal Old Tampa Bay","tbcmp_AM_LA_IntHigh_2050","AM","LA","IntHigh","2050",57.2691646678475
"031002060601",6425,2022.34360777587,"Alligator Creek-Frontal Old Tampa Bay","tbcmp_AM_LA_IntHigh_2050","AM","LA","IntHigh","2050",1.99892891348504
"031002060601",6510,919.448547959328,"Alligator Creek-Frontal Old Tampa Bay","tbcmp_AM_LA_IntHigh_2050","AM","LA","IntHigh","2050",0.908803172671055
"031002060601",6600,15450.5851225019,"Alligator Creek-Frontal Old Tampa Bay","tbcmp_AM_LA_IntHigh_2050","AM","LA","IntHigh","2050",15.2716982479535
"031002060601",9113,192018.874942698,"Alligator Creek-Frontal Old Tampa Bay","tbcmp_AM_LA_IntHigh_2050","AM","LA","IntHigh","2050",189.795680408611
"031002060602",0,2783.95972633734,"Grassy Creek-Frontal Old Tampa Bay","tbcmp_AM_LA_IntHigh_2050","AM","LA","IntHigh","2050",2.75172704062581
"031002060602",1100,59927.1005550027,"Grassy Creek-Frontal Old Tampa Bay","tbcmp_AM_LA_IntHigh_2050","AM","LA","IntHigh","2050",59.2332645847769
"031002060602",1200,9448629.10028254,"Grassy Creek-Frontal Old Tampa Bay","tbcmp_AM_LA_IntHigh_2050","AM","LA","IntHigh","2050",9339.23287255947
"031002060602",1800,134591,"Grassy Creek-Frontal Old Tampa Bay","tbcmp_AM_LA_IntHigh_2050","AM","LA","IntHigh","2050",133.032705402
"031002060602",1820,279229.049006535,"Grassy Creek-Frontal Old Tampa Bay","tbcmp_AM_LA_IntHigh_2050","AM","LA","IntHigh","2050",275.996135077137
"031002060602",1900,238558.60449312,"Grassy Creek-Frontal Old Tampa Bay","tbcmp_AM_LA_IntHigh_2050","AM","LA","IntHigh","2050",235.796572970298
"031002060602",2400,3179,"Grassy Creek-Frontal Old Tampa Bay","tbcmp_AM_LA_IntHigh_2050","AM","LA","IntHigh","2050",3.142193538
"031002060602",3200,3452,"Grassy Creek-Frontal Old Tampa Bay","tbcmp_AM_LA_IntHigh_2050","AM","LA","IntHigh","2050",3.412032744
"031002060602",4100,129796.291443354,"Grassy Creek-Frontal Old Tampa Bay","tbcmp_AM_LA_IntHigh_2050","AM","LA","IntHigh","2050",128.293509981023
"031002060602",5200,564618.381409827,"Grassy Creek-Frontal Old Tampa Bay","tbcmp_AM_LA_IntHigh_2050","AM","LA","IntHigh","2050",558.081229789864
"031002060602",5400,455169.261626049,"Grassy Creek-Frontal Old Tampa Bay","tbcmp_AM_LA_IntHigh_2050","AM","LA","IntHigh","2050",449.899311914942
"031002060602",6110,105848,"Grassy Creek-Frontal Old Tampa Bay","tbcmp_AM_LA_IntHigh_2050","AM","LA","IntHigh","2050",104.622491856
"031002060602",6120,1742093.56147215,"Grassy Creek-Frontal Old Tampa Bay","tbcmp_AM_LA_IntHigh_2050","AM","LA","IntHigh","2050",1721.92360221743
"031002060602",6410,253249.527271366,"Grassy Creek-Frontal Old Tampa Bay","tbcmp_AM_LA_IntHigh_2050","AM","LA","IntHigh","2050",250.317404244618
"031002060602",6420,69722.1967584375,"Grassy Creek-Frontal Old Tampa Bay","tbcmp_AM_LA_IntHigh_2050","AM","LA","IntHigh","2050",68.9149531643683
"031002060602",6600,99482.6138776953,"Grassy Creek-Frontal Old Tampa Bay","tbcmp_AM_LA_IntHigh_2050","AM","LA","IntHigh","2050",98.3308041742193
"031002060602",9113,450673.477709036,"Grassy Creek-Frontal Old Tampa Bay","tbcmp_AM_LA_IntHigh_2050","AM","LA","IntHigh","2050",445.455580184121
"031002060603",0,16336.6901866089,"Grand Bayou","tbcmp_AM_LA_IntHigh_2050","AM","LA","IntHigh","2050",16.1475439876283
"031002060603",1100,29512,"Grand Bayou","tbcmp_AM_LA_IntHigh_2050","AM","LA","IntHigh","2050",29.170310064
"031002060603",1200,11551515.9964622,"Grand Bayou","tbcmp_AM_LA_IntHigh_2050","AM","LA","IntHigh","2050",11417.7725442552
"031002060603",1800,374584.269735025,"Grand Bayou","tbcmp_AM_LA_IntHigh_2050","AM","LA","IntHigh","2050",370.247333060033
"031002060603",1820,322813.950993251,"Grand Bayou","tbcmp_AM_LA_IntHigh_2050","AM","LA","IntHigh","2050",319.076411068651
"031002060603",1900,311802.026843765,"Grand Bayou","tbcmp_AM_LA_IntHigh_2050","AM","LA","IntHigh","2050",308.191982976968
"031002060603",2100,2456,"Grand Bayou","tbcmp_AM_LA_IntHigh_2050","AM","LA","IntHigh","2050",2.427564432
"031002060603",3200,24668,"Grand Bayou","tbcmp_AM_LA_IntHigh_2050","AM","LA","IntHigh","2050",24.382393896
"031002060603",4100,141222.669753829,"Grand Bayou","tbcmp_AM_LA_IntHigh_2050","AM","LA","IntHigh","2050",139.587593683419
"031002060603",5200,286290.662982532,"Grand Bayou","tbcmp_AM_LA_IntHigh_2050","AM","LA","IntHigh","2050",282.97598968652
"031002060603",5400,1417766.0161633,"Grand Bayou","tbcmp_AM_LA_IntHigh_2050","AM","LA","IntHigh","2050",1401.35112122817
"031002060603",6110,366988,"Grand Bayou","tbcmp_AM_LA_IntHigh_2050","AM","LA","IntHigh","2050",362.739012936
"031002060603",6120,1598083.74040351,"Grand Bayou","tbcmp_AM_LA_IntHigh_2050","AM","LA","IntHigh","2050",1579.58112685712
"031002060603",6410,63872.4727285806,"Grand Bayou","tbcmp_AM_LA_IntHigh_2050","AM","LA","IntHigh","2050",63.1329572393291
"031002060603",6420,36760.6543591768,"Grand Bayou","tbcmp_AM_LA_IntHigh_2050","AM","LA","IntHigh","2050",36.3350395030062
"031002060603",6600,105392.386122416,"Grand Bayou","tbcmp_AM_LA_IntHigh_2050","AM","LA","IntHigh","2050",104.172153075891
"031002060603",7100,3639,"Grand Bayou","tbcmp_AM_LA_IntHigh_2050","AM","LA","IntHigh","2050",3.596867658
"031002060603",9113,761413.850354867,"Grand Bayou","tbcmp_AM_LA_IntHigh_2050","AM","LA","IntHigh","2050",752.598200795458
"031002060604",0,6257.89282552365,"Lake Maggiore","tbcmp_AM_LA_IntHigh_2050","AM","LA","IntHigh","2050",6.18543894238974
"031002060604",1100,60844,"Lake Maggiore","tbcmp_AM_LA_IntHigh_2050","AM","LA","IntHigh","2050",60.139548168
"031002060604",1200,10191468.066378,"Lake Maggiore","tbcmp_AM_LA_IntHigh_2050","AM","LA","IntHigh","2050",10073.4712491055
"031002060604",1800,617241.270329075,"Lake Maggiore","tbcmp_AM_LA_IntHigh_2050","AM","LA","IntHigh","2050",610.094850901205
"031002060604",1820,239082,"Lake Maggiore","tbcmp_AM_LA_IntHigh_2050","AM","LA","IntHigh","2050",236.313908604
"031002060604",1900,107018,"Lake Maggiore","tbcmp_AM_LA_IntHigh_2050","AM","LA","IntHigh","2050",105.778945596
"031002060604",4100,259776,"Lake Maggiore","tbcmp_AM_LA_IntHigh_2050","AM","LA","IntHigh","2050",256.768313472
"031002060604",5200,210730.540010174,"Lake Maggiore","tbcmp_AM_LA_IntHigh_2050","AM","LA","IntHigh","2050",208.290701817936
"031002060604",5400,1164249.46537453,"Lake Maggiore","tbcmp_AM_LA_IntHigh_2050","AM","LA","IntHigh","2050",1150.76978506443
"031002060604",6110,11479,"Lake Maggiore","tbcmp_AM_LA_IntHigh_2050","AM","LA","IntHigh","2050",11.346096138
"031002060604",6120,195918.445665655,"Lake Maggiore","tbcmp_AM_LA_IntHigh_2050","AM","LA","IntHigh","2050",193.650101901738
"031002060604",6410,18761,"Lake Maggiore","tbcmp_AM_LA_IntHigh_2050","AM","LA","IntHigh","2050",18.543785142
"031002060604",6420,22363.5082191899,"Lake Maggiore","tbcmp_AM_LA_IntHigh_2050","AM","LA","IntHigh","2050",22.1045835210282
"031002060604",6600,68215.2703241921,"Lake Maggiore","tbcmp_AM_LA_IntHigh_2050","AM","LA","IntHigh","2050",67.4254739243787
"031002060604",9113,327326.504676261,"Lake Maggiore","tbcmp_AM_LA_IntHigh_2050","AM","LA","IntHigh","2050",323.53671840512
"031002060700",0,51608.5872028163,"Tampa Bay","tbcmp_AM_LA_IntHigh_2050","AM","LA","IntHigh","2050",51.0110629801821
"031002060700",1100,68941.173500909,"Tampa Bay","tbcmp_AM_LA_IntHigh_2050","AM","LA","IntHigh","2050",68.1429725941155
"031002060700",1200,2251844.05793455,"Tampa Bay","tbcmp_AM_LA_IntHigh_2050","AM","LA","IntHigh","2050",2225.77220743179
"031002060700",1800,372665.896288308,"Tampa Bay","tbcmp_AM_LA_IntHigh_2050","AM","LA","IntHigh","2050",368.351170541082
"031002060700",1820,861.395263337159,"Tampa Bay","tbcmp_AM_LA_IntHigh_2050","AM","LA","IntHigh","2050",0.851422028978242
"031002060700",1900,124360.554675998,"Tampa Bay","tbcmp_AM_LA_IntHigh_2050","AM","LA","IntHigh","2050",122.920708173959
"031002060700",3200,272935.802767712,"Tampa Bay","tbcmp_AM_LA_IntHigh_2050","AM","LA","IntHigh","2050",269.775752043267
"031002060700",4100,148210.823167951,"Tampa Bay","tbcmp_AM_LA_IntHigh_2050","AM","LA","IntHigh","2050",146.494838257313
"031002060700",5200,31457.354808196,"Tampa Bay","tbcmp_AM_LA_IntHigh_2050","AM","LA","IntHigh","2050",31.0931415542267
"031002060700",5400,173985668.508521,"Tampa Bay","tbcmp_AM_LA_IntHigh_2050","AM","LA","IntHigh","2050",171971.26243853
"031002060700",6110,125615.856925946,"Tampa Bay","tbcmp_AM_LA_IntHigh_2050","AM","LA","IntHigh","2050",124.161476534458
"031002060700",6120,2735435.11191227,"Tampa Bay","tbcmp_AM_LA_IntHigh_2050","AM","LA","IntHigh","2050",2703.76424418655
"031002060700",6410,271780.453760047,"Tampa Bay","tbcmp_AM_LA_IntHigh_2050","AM","LA","IntHigh","2050",268.633779666413
"031002060700",6420,136372.061145743,"Tampa Bay","tbcmp_AM_LA_IntHigh_2050","AM","LA","IntHigh","2050",134.793145421798
"031002060700",6425,92490.4966647426,"Tampa Bay","tbcmp_AM_LA_IntHigh_2050","AM","LA","IntHigh","2050",91.4196416943582
"031002060700",6510,11302.617758105,"Tampa Bay","tbcmp_AM_LA_IntHigh_2050","AM","LA","IntHigh","2050",11.1717560497016
"031002060700",6600,391647.20010291,"Tampa Bay","tbcmp_AM_LA_IntHigh_2050","AM","LA","IntHigh","2050",387.112708820119
"031002060700",7100,54783.9455621457,"Tampa Bay","tbcmp_AM_LA_IntHigh_2050","AM","LA","IntHigh","2050",54.1496570404272
"031002060700",9113,33417090.1562463,"Tampa Bay","tbcmp_AM_LA_IntHigh_2050","AM","LA","IntHigh","2050",33030.1870864173
"031002060800",0,48818.1315699287,"Southwest Channel-Gulf of Mexico","tbcmp_AM_LA_IntHigh_2050","AM","LA","IntHigh","2050",48.2529152426121
"031002060800",1100,5771,"Southwest Channel-Gulf of Mexico","tbcmp_AM_LA_IntHigh_2050","AM","LA","IntHigh","2050",5.704183362
"031002060800",1200,11127,"Southwest Channel-Gulf of Mexico","tbcmp_AM_LA_IntHigh_2050","AM","LA","IntHigh","2050",10.998171594
"031002060800",1800,35620.2467915422,"Southwest Channel-Gulf of Mexico","tbcmp_AM_LA_IntHigh_2050","AM","LA","IntHigh","2050",35.2078355741897
"031002060800",3200,100261.210534261,"Southwest Channel-Gulf of Mexico","tbcmp_AM_LA_IntHigh_2050","AM","LA","IntHigh","2050",99.1003862386956
"031002060800",4100,67851,"Southwest Channel-Gulf of Mexico","tbcmp_AM_LA_IntHigh_2050","AM","LA","IntHigh","2050",67.065421122
"031002060800",5400,33368564.1695571,"Southwest Channel-Gulf of Mexico","tbcmp_AM_LA_IntHigh_2050","AM","LA","IntHigh","2050",32982.2229336019
"031002060800",6110,273,"Southwest Channel-Gulf of Mexico","tbcmp_AM_LA_IntHigh_2050","AM","LA","IntHigh","2050",0.269839206
"031002060800",6120,93850.8418208495,"Southwest Channel-Gulf of Mexico","tbcmp_AM_LA_IntHigh_2050","AM","LA","IntHigh","2050",92.7642367742477
"031002060800",6420,31116.3842161792,"Southwest Channel-Gulf of Mexico","tbcmp_AM_LA_IntHigh_2050","AM","LA","IntHigh","2050",30.7561187197243
"031002060800",6600,112599.337346235,"Southwest Channel-Gulf of Mexico","tbcmp_AM_LA_IntHigh_2050","AM","LA","IntHigh","2050",111.295662218441
"031002060800",7100,29190.8611651034,"Southwest Channel-Gulf of Mexico","tbcmp_AM_LA_IntHigh_2050","AM","LA","IntHigh","2050",28.8528893745339
"031002060800",9113,291322.394263961,"Southwest Channel-Gulf of Mexico","tbcmp_AM_LA_IntHigh_2050","AM","LA","IntHigh","2050",287.949463583173
"031002070101",0,11693,"Little Rocky Creek-Crystal Bay","tbcmp_AM_LA_IntHigh_2050","AM","LA","IntHigh","2050",11.557618446
"031002070101",1100,6798140.98528705,"Little Rocky Creek-Crystal Bay","tbcmp_AM_LA_IntHigh_2050","AM","LA","IntHigh","2050",6719.4321089594
"031002070101",1200,3602847.1140418,"Little Rocky Creek-Crystal Bay","tbcmp_AM_LA_IntHigh_2050","AM","LA","IntHigh","2050",3561.13335015543
"031002070101",1800,628.969877705531,"Little Rocky Creek-Crystal Bay","tbcmp_AM_LA_IntHigh_2050","AM","LA","IntHigh","2050",0.621687664461456
"031002070101",1900,3284418.88230811,"Little Rocky Creek-Crystal Bay","tbcmp_AM_LA_IntHigh_2050","AM","LA","IntHigh","2050",3246.39188048875
"031002070101",2100,2918353.73334346,"Little Rocky Creek-Crystal Bay","tbcmp_AM_LA_IntHigh_2050","AM","LA","IntHigh","2050",2884.56503381881
"031002070101",2200,2081,"Little Rocky Creek-Crystal Bay","tbcmp_AM_LA_IntHigh_2050","AM","LA","IntHigh","2050",2.056906182
"031002070101",2400,38367.3531049639,"Little Rocky Creek-Crystal Bay","tbcmp_AM_LA_IntHigh_2050","AM","LA","IntHigh","2050",37.9231358907146
"031002070101",3200,122999.579882762,"Little Rocky Creek-Crystal Bay","tbcmp_AM_LA_IntHigh_2050","AM","LA","IntHigh","2050",121.575490746879
"031002070101",4100,4746351.10320354,"Little Rocky Creek-Crystal Bay","tbcmp_AM_LA_IntHigh_2050","AM","LA","IntHigh","2050",4691.39785013064
"031002070101",4400,2091100.80743736,"Little Rocky Creek-Crystal Bay","tbcmp_AM_LA_IntHigh_2050","AM","LA","IntHigh","2050",2066.89004228885
"031002070101",5200,131730.728499849,"Little Rocky Creek-Crystal Bay","tbcmp_AM_LA_IntHigh_2050","AM","LA","IntHigh","2050",130.205550125278
"031002070101",5400,273934.169570411,"Little Rocky Creek-Crystal Bay","tbcmp_AM_LA_IntHigh_2050","AM","LA","IntHigh","2050",270.762559755124
"031002070101",6110,1283124.86500511,"Little Rocky Creek-Crystal Bay","tbcmp_AM_LA_IntHigh_2050","AM","LA","IntHigh","2050",1268.26884531808
"031002070101",6120,663846.605882221,"Little Rocky Creek-Crystal Bay","tbcmp_AM_LA_IntHigh_2050","AM","LA","IntHigh","2050",656.160589879317
"031002070101",6410,759713.444883129,"Little Rocky Creek-Crystal Bay","tbcmp_AM_LA_IntHigh_2050","AM","LA","IntHigh","2050",750.917482618272
"031002070101",6420,1621324.0687236,"Little Rocky Creek-Crystal Bay","tbcmp_AM_LA_IntHigh_2050","AM","LA","IntHigh","2050",1602.55237865592
"031002070101",6600,838476.128063657,"Little Rocky Creek-Crystal Bay","tbcmp_AM_LA_IntHigh_2050","AM","LA","IntHigh","2050",828.768251452936
"031002070101",9113,1102109.66238483,"Little Rocky Creek-Crystal Bay","tbcmp_AM_LA_IntHigh_2050","AM","LA","IntHigh","2050",1089.34943671374
"031002070102",0,4663.32384416368,"Crystal River","tbcmp_AM_LA_IntHigh_2050","AM","LA","IntHigh","2050",4.60933188069595
"031002070102",1100,13667904.3100826,"Crystal River","tbcmp_AM_LA_IntHigh_2050","AM","LA","IntHigh","2050",13509.6573139805
"031002070102",1200,6499626.82660415,"Crystal River","tbcmp_AM_LA_IntHigh_2050","AM","LA","IntHigh","2050",6424.37414720573
"031002070102",1800,226990.626347656,"Crystal River","tbcmp_AM_LA_IntHigh_2050","AM","LA","IntHigh","2050",224.362528875803
"031002070102",1820,642995.608925128,"Crystal River","tbcmp_AM_LA_IntHigh_2050","AM","LA","IntHigh","2050",635.551005764993
"031002070102",1900,2090810.94360764,"Crystal River","tbcmp_AM_LA_IntHigh_2050","AM","LA","IntHigh","2050",2066.60353450255
"031002070102",2100,2335845.45576792,"Crystal River","tbcmp_AM_LA_IntHigh_2050","AM","LA","IntHigh","2050",2308.80103708104
"031002070102",2400,25669.0565588761,"Crystal River","tbcmp_AM_LA_IntHigh_2050","AM","LA","IntHigh","2050",25.3718602220374
"031002070102",3200,347193.851409781,"Crystal River","tbcmp_AM_LA_IntHigh_2050","AM","LA","IntHigh","2050",343.174040998159
"031002070102",4100,7879135.25322637,"Crystal River","tbcmp_AM_LA_IntHigh_2050","AM","LA","IntHigh","2050",7787.91062526452
"031002070102",4400,776866.887543638,"Crystal River","tbcmp_AM_LA_IntHigh_2050","AM","LA","IntHigh","2050",767.872322719658
"031002070102",5200,244075.76915516,"Crystal River","tbcmp_AM_LA_IntHigh_2050","AM","LA","IntHigh","2050",241.249859899881
"031002070102",5400,1386630.41734933,"Crystal River","tbcmp_AM_LA_IntHigh_2050","AM","LA","IntHigh","2050",1370.57601037726
"031002070102",6110,2386505.76765399,"Crystal River","tbcmp_AM_LA_IntHigh_2050","AM","LA","IntHigh","2050",2358.8748038761
"031002070102",6120,491832.726831528,"Crystal River","tbcmp_AM_LA_IntHigh_2050","AM","LA","IntHigh","2050",486.138287520272
"031002070102",6410,733412.712435827,"Crystal River","tbcmp_AM_LA_IntHigh_2050","AM","LA","IntHigh","2050",724.921260051245
"031002070102",6420,1686001.29899652,"Crystal River","tbcmp_AM_LA_IntHigh_2050","AM","LA","IntHigh","2050",1666.48077595674
"031002070102",6425,786502.384907477,"Crystal River","tbcmp_AM_LA_IntHigh_2050","AM","LA","IntHigh","2050",777.396260295019
"031002070102",6510,225313.409396613,"Crystal River","tbcmp_AM_LA_IntHigh_2050","AM","LA","IntHigh","2050",222.704730742619
"031002070102",6600,1329177.23743137,"Crystal River","tbcmp_AM_LA_IntHigh_2050","AM","LA","IntHigh","2050",1313.78802337639
"031002070102",9113,554208.505509707,"Crystal River","tbcmp_AM_LA_IntHigh_2050","AM","LA","IntHigh","2050",547.791879432916
"031002070103",0,5364.23490097618,"Salt River","tbcmp_AM_LA_IntHigh_2050","AM","LA","IntHigh","2050",5.30212778929268
"031002070103",1100,471355.53527396,"Salt River","tbcmp_AM_LA_IntHigh_2050","AM","LA","IntHigh","2050",465.898180886558
"031002070103",1200,691824.86211412,"Salt River","tbcmp_AM_LA_IntHigh_2050","AM","LA","IntHigh","2050",683.814913860563
"031002070103",1800,7103.74962200411,"Salt River","tbcmp_AM_LA_IntHigh_2050","AM","LA","IntHigh","2050",7.02150240888055
"031002070103",1820,30952.3910746462,"Salt River","tbcmp_AM_LA_IntHigh_2050","AM","LA","IntHigh","2050",30.594024290784
"031002070103",1900,139469.58611333,"Salt River","tbcmp_AM_LA_IntHigh_2050","AM","LA","IntHigh","2050",137.85480724531
"031002070103",3200,112423.871377749,"Salt River","tbcmp_AM_LA_IntHigh_2050","AM","LA","IntHigh","2050",111.122227794937
"031002070103",4100,1036313.32692189,"Salt River","tbcmp_AM_LA_IntHigh_2050","AM","LA","IntHigh","2050",1024.31489122279
"031002070103",4400,10363,"Salt River","tbcmp_AM_LA_IntHigh_2050","AM","LA","IntHigh","2050",10.243017186
"031002070103",5200,12370.2308449,"Salt River","tbcmp_AM_LA_IntHigh_2050","AM","LA","IntHigh","2050",12.2270083121778
"031002070103",5400,3352114.64233167,"Salt River","tbcmp_AM_LA_IntHigh_2050","AM","LA","IntHigh","2050",3313.30385900276
"031002070103",6110,1387031.39639071,"Salt River","tbcmp_AM_LA_IntHigh_2050","AM","LA","IntHigh","2050",1370.9723468833
"031002070103",6120,9646416.69188825,"Salt River","tbcmp_AM_LA_IntHigh_2050","AM","LA","IntHigh","2050",9534.73047942957
"031002070103",6410,184235.042603048,"Salt River","tbcmp_AM_LA_IntHigh_2050","AM","LA","IntHigh","2050",182.101969279789
"031002070103",6420,6291780.74695143,"Salt River","tbcmp_AM_LA_IntHigh_2050","AM","LA","IntHigh","2050",6218.93450946322
"031002070103",6425,177088.35887281,"Salt River","tbcmp_AM_LA_IntHigh_2050","AM","LA","IntHigh","2050",175.03802985378
"031002070103",6510,50684.4833697205,"Salt River","tbcmp_AM_LA_IntHigh_2050","AM","LA","IntHigh","2050",50.0976584212659
"031002070103",6600,2265477.01997375,"Salt River","tbcmp_AM_LA_IntHigh_2050","AM","LA","IntHigh","2050",2239.2473270365
"031002070103",7100,746,"Salt River","tbcmp_AM_LA_IntHigh_2050","AM","LA","IntHigh","2050",0.737362812
"031002070103",9113,7730616.09788566,"Salt River","tbcmp_AM_LA_IntHigh_2050","AM","LA","IntHigh","2050",7641.11102470435
"031002070104",1100,8526669.63119056,"Homosassa River","tbcmp_AM_LA_IntHigh_2050","AM","LA","IntHigh","2050",8427.94785020064
"031002070104",1200,4699150.27134054,"Homosassa River","tbcmp_AM_LA_IntHigh_2050","AM","LA","IntHigh","2050",4644.74350949896
"031002070104",1800,172607.053379952,"Homosassa River","tbcmp_AM_LA_IntHigh_2050","AM","LA","IntHigh","2050",170.608608915919
"031002070104",1820,153680.988901507,"Homosassa River","tbcmp_AM_LA_IntHigh_2050","AM","LA","IntHigh","2050",151.901670412006
"031002070104",1900,1353409.68456009,"Homosassa River","tbcmp_AM_LA_IntHigh_2050","AM","LA","IntHigh","2050",1337.73990723226
"031002070104",2100,1804072.19490191,"Homosassa River","tbcmp_AM_LA_IntHigh_2050","AM","LA","IntHigh","2050",1783.18464702933
"031002070104",2400,29571,"Homosassa River","tbcmp_AM_LA_IntHigh_2050","AM","LA","IntHigh","2050",29.228626962
"031002070104",3200,341711.671522717,"Homosassa River","tbcmp_AM_LA_IntHigh_2050","AM","LA","IntHigh","2050",337.755333789827
"031002070104",4100,8800573.47178728,"Homosassa River","tbcmp_AM_LA_IntHigh_2050","AM","LA","IntHigh","2050",8698.68043213092
"031002070104",4400,624127.481933702,"Homosassa River","tbcmp_AM_LA_IntHigh_2050","AM","LA","IntHigh","2050",616.901333947874
"031002070104",5200,131613.507452723,"Homosassa River","tbcmp_AM_LA_IntHigh_2050","AM","LA","IntHigh","2050",130.089686263435
"031002070104",5400,1145335.33882066,"Homosassa River","tbcmp_AM_LA_IntHigh_2050","AM","LA","IntHigh","2050",1132.07464626779
"031002070104",6110,1827504.80348971,"Homosassa River","tbcmp_AM_LA_IntHigh_2050","AM","LA","IntHigh","2050",1806.34595287491
"031002070104",6120,1387327.35630476,"Homosassa River","tbcmp_AM_LA_IntHigh_2050","AM","LA","IntHigh","2050",1371.26488017347
"031002070104",6410,380753.820506304,"Homosassa River","tbcmp_AM_LA_IntHigh_2050","AM","LA","IntHigh","2050",376.345452772482
"031002070104",6420,2083695.83422047,"Homosassa River","tbcmp_AM_LA_IntHigh_2050","AM","LA","IntHigh","2050",2059.57080385187
"031002070104",6425,642098.892628766,"Homosassa River","tbcmp_AM_LA_IntHigh_2050","AM","LA","IntHigh","2050",634.66467164991
"031002070104",6510,163689.133549299,"Homosassa River","tbcmp_AM_LA_IntHigh_2050","AM","LA","IntHigh","2050",161.793940761065
"031002070104",6600,1571327.15116932,"Homosassa River","tbcmp_AM_LA_IntHigh_2050","AM","LA","IntHigh","2050",1553.13432541308
"031002070104",7100,693,"Homosassa River","tbcmp_AM_LA_IntHigh_2050","AM","LA","IntHigh","2050",0.684976446
"031002070104",9113,215737.449906,"Homosassa River","tbcmp_AM_LA_IntHigh_2050","AM","LA","IntHigh","2050",213.239641710988
"031002070201",0,1293,"Mason Creek-Frontal Homosassa Bay","tbcmp_AM_LA_IntHigh_2050","AM","LA","IntHigh","2050",1.278029646
"031002070201",1100,7504137.71619814,"Mason Creek-Frontal Homosassa Bay","tbcmp_AM_LA_IntHigh_2050","AM","LA","IntHigh","2050",7417.25480972
"031002070201",1200,2154395.52328996,"Mason Creek-Frontal Homosassa Bay","tbcmp_AM_LA_IntHigh_2050","AM","LA","IntHigh","2050",2129.45193192131
"031002070201",1800,22821,"Mason Creek-Frontal Homosassa Bay","tbcmp_AM_LA_IntHigh_2050","AM","LA","IntHigh","2050",22.556778462
"031002070201",1820,34059.9913711474,"Mason Creek-Frontal Homosassa Bay","tbcmp_AM_LA_IntHigh_2050","AM","LA","IntHigh","2050",33.6656447910522
"031002070201",1900,465934.121761902,"Mason Creek-Frontal Homosassa Bay","tbcmp_AM_LA_IntHigh_2050","AM","LA","IntHigh","2050",460.539536500143
"031002070201",2100,1409126.76642133,"Mason Creek-Frontal Homosassa Bay","tbcmp_AM_LA_IntHigh_2050","AM","LA","IntHigh","2050",1392.8118967197
"031002070201",2400,44078,"Mason Creek-Frontal Homosassa Bay","tbcmp_AM_LA_IntHigh_2050","AM","LA","IntHigh","2050",43.567664916
"031002070201",3200,407574.837581025,"Mason Creek-Frontal Homosassa Bay","tbcmp_AM_LA_IntHigh_2050","AM","LA","IntHigh","2050",402.855936111512
"031002070201",4100,11661165.6357597,"Mason Creek-Frontal Homosassa Bay","tbcmp_AM_LA_IntHigh_2050","AM","LA","IntHigh","2050",11526.1526600288
"031002070201",4400,937133.224805759,"Mason Creek-Frontal Homosassa Bay","tbcmp_AM_LA_IntHigh_2050","AM","LA","IntHigh","2050",926.283096328958
"031002070201",5200,43953,"Mason Creek-Frontal Homosassa Bay","tbcmp_AM_LA_IntHigh_2050","AM","LA","IntHigh","2050",43.444112166
"031002070201",5400,930828.38320055,"Mason Creek-Frontal Homosassa Bay","tbcmp_AM_LA_IntHigh_2050","AM","LA","IntHigh","2050",920.051252179854
"031002070201",6110,3150091.30413275,"Mason Creek-Frontal Homosassa Bay","tbcmp_AM_LA_IntHigh_2050","AM","LA","IntHigh","2050",3113.6195470135
"031002070201",6120,3445008.86381801,"Mason Creek-Frontal Homosassa Bay","tbcmp_AM_LA_IntHigh_2050","AM","LA","IntHigh","2050",3405.12255119272
"031002070201",6410,175536.098644147,"Mason Creek-Frontal Homosassa Bay","tbcmp_AM_LA_IntHigh_2050","AM","LA","IntHigh","2050",173.503741694045
"031002070201",6420,2648598.74429106,"Mason Creek-Frontal Homosassa Bay","tbcmp_AM_LA_IntHigh_2050","AM","LA","IntHigh","2050",2617.93326802965
"031002070201",6425,48437.2078188208,"Mason Creek-Frontal Homosassa Bay","tbcmp_AM_LA_IntHigh_2050","AM","LA","IntHigh","2050",47.8764018266945
"031002070201",6510,2840.55291192979,"Mason Creek-Frontal Homosassa Bay","tbcmp_AM_LA_IntHigh_2050","AM","LA","IntHigh","2050",2.80766499031546
"031002070201",6600,1722095.44047729,"Mason Creek-Frontal Homosassa Bay","tbcmp_AM_LA_IntHigh_2050","AM","LA","IntHigh","2050",1702.15701946745
"031002070201",9113,2826994.53072669,"Mason Creek-Frontal Homosassa Bay","tbcmp_AM_LA_IntHigh_2050","AM","LA","IntHigh","2050",2794.26358804993
"031002070202",1100,2145313.9250992,"Sand Point Pond","tbcmp_AM_LA_IntHigh_2050","AM","LA","IntHigh","2050",2120.4754804744
"031002070202",1200,296132.002138252,"Sand Point Pond","tbcmp_AM_LA_IntHigh_2050","AM","LA","IntHigh","2050",292.703385817496
"031002070202",1800,5621.74679245194,"Sand Point Pond","tbcmp_AM_LA_IntHigh_2050","AM","LA","IntHigh","2050",5.55665820808894
"031002070202",1900,870247.686442538,"Sand Point Pond","tbcmp_AM_LA_IntHigh_2050","AM","LA","IntHigh","2050",860.171958728906
"031002070202",2100,3668547.31661536,"Sand Point Pond","tbcmp_AM_LA_IntHigh_2050","AM","LA","IntHigh","2050",3626.07287578358
"031002070202",2200,18600,"Sand Point Pond","tbcmp_AM_LA_IntHigh_2050","AM","LA","IntHigh","2050",18.3846492
"031002070202",2400,135712,"Sand Point Pond","tbcmp_AM_LA_IntHigh_2050","AM","LA","IntHigh","2050",134.140726464
"031002070202",3200,154527.821954784,"Sand Point Pond","tbcmp_AM_LA_IntHigh_2050","AM","LA","IntHigh","2050",152.738698832191
"031002070202",4100,10118961.0248262,"Sand Point Pond","tbcmp_AM_LA_IntHigh_2050","AM","LA","IntHigh","2050",10001.8036940808
"031002070202",4400,462324.435991948,"Sand Point Pond","tbcmp_AM_LA_IntHigh_2050","AM","LA","IntHigh","2050",456.971643672033
"031002070202",5200,34179,"Sand Point Pond","tbcmp_AM_LA_IntHigh_2050","AM","LA","IntHigh","2050",33.783275538
"031002070202",6110,100400.949477845,"Sand Point Pond","tbcmp_AM_LA_IntHigh_2050","AM","LA","IntHigh","2050",99.2385072847901
"031002070202",6410,226084.405807653,"Sand Point Pond","tbcmp_AM_LA_IntHigh_2050","AM","LA","IntHigh","2050",223.466800557212
"031002070203",1100,2128105.20551174,"Live Oak Flat","tbcmp_AM_LA_IntHigh_2050","AM","LA","IntHigh","2050",2103.46600344232
"031002070203",1200,2667744.13162641,"Live Oak Flat","tbcmp_AM_LA_IntHigh_2050","AM","LA","IntHigh","2050",2636.85699007044
"031002070203",1800,28392,"Live Oak Flat","tbcmp_AM_LA_IntHigh_2050","AM","LA","IntHigh","2050",28.063277424
"031002070203",1820,367603.008628811,"Live Oak Flat","tbcmp_AM_LA_IntHigh_2050","AM","LA","IntHigh","2050",363.346900994906
"031002070203",1900,610690.980542152,"Live Oak Flat","tbcmp_AM_LA_IntHigh_2050","AM","LA","IntHigh","2050",603.620400369435
"031002070203",2100,1974274.40671864,"Live Oak Flat","tbcmp_AM_LA_IntHigh_2050","AM","LA","IntHigh","2050",1951.41625763765
"031002070203",2200,4146,"Live Oak Flat","tbcmp_AM_LA_IntHigh_2050","AM","LA","IntHigh","2050",4.097997612
"031002070203",4100,10120736.7117046,"Live Oak Flat","tbcmp_AM_LA_IntHigh_2050","AM","LA","IntHigh","2050",10003.5588220565
"031002070203",4400,1207200.36475792,"Live Oak Flat","tbcmp_AM_LA_IntHigh_2050","AM","LA","IntHigh","2050",1193.22339893475
"031002070203",5200,7148.1341379524,"Live Oak Flat","tbcmp_AM_LA_IntHigh_2050","AM","LA","IntHigh","2050",7.06537304090319
"031002070203",6110,31732,"Live Oak Flat","tbcmp_AM_LA_IntHigh_2050","AM","LA","IntHigh","2050",31.364606904
"031002070203",6410,59697.1749396503,"Live Oak Flat","tbcmp_AM_LA_IntHigh_2050","AM","LA","IntHigh","2050",59.006001048199
"031002070204",0,603,"Chassahowitzka River","tbcmp_AM_LA_IntHigh_2050","AM","LA","IntHigh","2050",0.596018466
"031002070204",1100,2905351.24229675,"Chassahowitzka River","tbcmp_AM_LA_IntHigh_2050","AM","LA","IntHigh","2050",2871.71308561343
"031002070204",1200,4446935.63359732,"Chassahowitzka River","tbcmp_AM_LA_IntHigh_2050","AM","LA","IntHigh","2050",4395.44901283153
"031002070204",1800,50444,"Chassahowitzka River","tbcmp_AM_LA_IntHigh_2050","AM","LA","IntHigh","2050",49.859959368
"031002070204",1820,11910,"Chassahowitzka River","tbcmp_AM_LA_IntHigh_2050","AM","LA","IntHigh","2050",11.77210602
"031002070204",1900,3393908.21568827,"Chassahowitzka River","tbcmp_AM_LA_IntHigh_2050","AM","LA","IntHigh","2050",3354.61354636703
"031002070204",2100,2661329.07745358,"Chassahowitzka River","tbcmp_AM_LA_IntHigh_2050","AM","LA","IntHigh","2050",2630.51620939482
"031002070204",2400,10411.2143018768,"Chassahowitzka River","tbcmp_AM_LA_IntHigh_2050","AM","LA","IntHigh","2050",10.2906732626897
"031002070204",3200,1071047.68466927,"Chassahowitzka River","tbcmp_AM_LA_IntHigh_2050","AM","LA","IntHigh","2050",1058.64709457617
"031002070204",4100,9571272.01553849,"Chassahowitzka River","tbcmp_AM_LA_IntHigh_2050","AM","LA","IntHigh","2050",9460.45582814259
"031002070204",4400,1972953.60181893,"Chassahowitzka River","tbcmp_AM_LA_IntHigh_2050","AM","LA","IntHigh","2050",1950.11074501708
"031002070204",5200,234915.865861991,"Chassahowitzka River","tbcmp_AM_LA_IntHigh_2050","AM","LA","IntHigh","2050",232.196009967041
"031002070204",5400,886299.602517577,"Chassahowitzka River","tbcmp_AM_LA_IntHigh_2050","AM","LA","IntHigh","2050",876.038025719629
"031002070204",6110,5642793.0778049,"Chassahowitzka River","tbcmp_AM_LA_IntHigh_2050","AM","LA","IntHigh","2050",5577.46081955007
"031002070204",6120,566566.023056354,"Chassahowitzka River","tbcmp_AM_LA_IntHigh_2050","AM","LA","IntHigh","2050",560.006321641408
"031002070204",6410,679031.996795581,"Chassahowitzka River","tbcmp_AM_LA_IntHigh_2050","AM","LA","IntHigh","2050",671.170164336682
"031002070204",6420,3015737.95582896,"Chassahowitzka River","tbcmp_AM_LA_IntHigh_2050","AM","LA","IntHigh","2050",2980.82174177638
"031002070204",6425,1415317.26129515,"Chassahowitzka River","tbcmp_AM_LA_IntHigh_2050","AM","LA","IntHigh","2050",1398.93071804387
"031002070204",6510,164648.079430343,"Chassahowitzka River","tbcmp_AM_LA_IntHigh_2050","AM","LA","IntHigh","2050",162.741783966699
"031002070204",6600,1312056.33186673,"Chassahowitzka River","tbcmp_AM_LA_IntHigh_2050","AM","LA","IntHigh","2050",1296.86534365638
"031002070204",9113,152341.140206858,"Chassahowitzka River","tbcmp_AM_LA_IntHigh_2050","AM","LA","IntHigh","2050",150.577334485543
"031002070205",0,269.808947920799,"Mud Creek-Frontal Gulf of Mexico","tbcmp_AM_LA_IntHigh_2050","AM","LA","IntHigh","2050",0.266685099921772
"031002070205",1100,4797756.17684321,"Mud Creek-Frontal Gulf of Mexico","tbcmp_AM_LA_IntHigh_2050","AM","LA","IntHigh","2050",4742.20775582772
"031002070205",1200,1074621.53405183,"Mud Creek-Frontal Gulf of Mexico","tbcmp_AM_LA_IntHigh_2050","AM","LA","IntHigh","2050",1062.17956593057
"031002070205",1800,6095.23146654919,"Mud Creek-Frontal Gulf of Mexico","tbcmp_AM_LA_IntHigh_2050","AM","LA","IntHigh","2050",6.02466087662949
"031002070205",1900,1756789.61835728,"Mud Creek-Frontal Gulf of Mexico","tbcmp_AM_LA_IntHigh_2050","AM","LA","IntHigh","2050",1736.44950815594
"031002070205",2100,248206.811005452,"Mud Creek-Frontal Gulf of Mexico","tbcmp_AM_LA_IntHigh_2050","AM","LA","IntHigh","2050",245.333072547631
"031002070205",2400,36580.785698209,"Mud Creek-Frontal Gulf of Mexico","tbcmp_AM_LA_IntHigh_2050","AM","LA","IntHigh","2050",36.1572533613952
"031002070205",3200,590351.988537205,"Mud Creek-Frontal Gulf of Mexico","tbcmp_AM_LA_IntHigh_2050","AM","LA","IntHigh","2050",583.516893213922
"031002070205",4100,6022691.6837054,"Mud Creek-Frontal Gulf of Mexico","tbcmp_AM_LA_IntHigh_2050","AM","LA","IntHigh","2050",5952.96095939146
"031002070205",4400,531742.045344152,"Mud Creek-Frontal Gulf of Mexico","tbcmp_AM_LA_IntHigh_2050","AM","LA","IntHigh","2050",525.585535943157
"031002070205",5200,62587.359361676,"Mud Creek-Frontal Gulf of Mexico","tbcmp_AM_LA_IntHigh_2050","AM","LA","IntHigh","2050",61.8627229149866
"031002070205",5400,501538.518134322,"Mud Creek-Frontal Gulf of Mexico","tbcmp_AM_LA_IntHigh_2050","AM","LA","IntHigh","2050",495.731705171363
"031002070205",6110,11814212.4544043,"Mud Creek-Frontal Gulf of Mexico","tbcmp_AM_LA_IntHigh_2050","AM","LA","IntHigh","2050",11677.4275026072
"031002070205",6120,4203861.49290997,"Mud Creek-Frontal Gulf of Mexico","tbcmp_AM_LA_IntHigh_2050","AM","LA","IntHigh","2050",4155.18918454506
"031002070205",6410,874747.313708718,"Mud Creek-Frontal Gulf of Mexico","tbcmp_AM_LA_IntHigh_2050","AM","LA","IntHigh","2050",864.619489310599
"031002070205",6420,2298939.95286402,"Mud Creek-Frontal Gulf of Mexico","tbcmp_AM_LA_IntHigh_2050","AM","LA","IntHigh","2050",2272.32282608976
"031002070205",6425,14770.7170091891,"Mud Creek-Frontal Gulf of Mexico","tbcmp_AM_LA_IntHigh_2050","AM","LA","IntHigh","2050",14.5997016476567
"031002070205",6510,4624.86520165702,"Mud Creek-Frontal Gulf of Mexico","tbcmp_AM_LA_IntHigh_2050","AM","LA","IntHigh","2050",4.57131851235224
"031002070205",6600,2401049.19072014,"Mud Creek-Frontal Gulf of Mexico","tbcmp_AM_LA_IntHigh_2050","AM","LA","IntHigh","2050",2373.24984318998
"031002070205",9113,2586527.03316555,"Mud Creek-Frontal Gulf of Mexico","tbcmp_AM_LA_IntHigh_2050","AM","LA","IntHigh","2050",2556.58022317556
"031002070301",1100,1685441.75829461,"Horse Lake","tbcmp_AM_LA_IntHigh_2050","AM","LA","IntHigh","2050",1665.92771361707
"031002070301",1200,2413463.2991168,"Horse Lake","tbcmp_AM_LA_IntHigh_2050","AM","LA","IntHigh","2050",2385.52022103963
"031002070301",1800,136040.443452438,"Horse Lake","tbcmp_AM_LA_IntHigh_2050","AM","LA","IntHigh","2050",134.465367198146
"031002070301",1820,221932.35125934,"Horse Lake","tbcmp_AM_LA_IntHigh_2050","AM","LA","IntHigh","2050",219.362818496459
"031002070301",1900,575125.468941387,"Horse Lake","tbcmp_AM_LA_IntHigh_2050","AM","LA","IntHigh","2050",568.466666261984
"031002070301",2100,1568644.22687884,"Horse Lake","tbcmp_AM_LA_IntHigh_2050","AM","LA","IntHigh","2050",1550.48246402003
"031002070301",2200,9816.11202289723,"Horse Lake","tbcmp_AM_LA_IntHigh_2050","AM","LA","IntHigh","2050",9.70246107789612
"031002070301",2400,1487,"Horse Lake","tbcmp_AM_LA_IntHigh_2050","AM","LA","IntHigh","2050",1.469783514
"031002070301",3200,169470.856173856,"Horse Lake","tbcmp_AM_LA_IntHigh_2050","AM","LA","IntHigh","2050",167.508722601075
"031002070301",4100,3391965.90755062,"Horse Lake","tbcmp_AM_LA_IntHigh_2050","AM","LA","IntHigh","2050",3352.693726273
"031002070301",4400,164276.900676218,"Horse Lake","tbcmp_AM_LA_IntHigh_2050","AM","LA","IntHigh","2050",162.374902720188
"031002070301",5200,159965.484095901,"Horse Lake","tbcmp_AM_LA_IntHigh_2050","AM","LA","IntHigh","2050",158.113403721039
"031002070301",6110,118617.074470579,"Horse Lake","tbcmp_AM_LA_IntHigh_2050","AM","LA","IntHigh","2050",117.243725982358
"031002070301",6410,247695.796143267,"Horse Lake","tbcmp_AM_LA_IntHigh_2050","AM","LA","IntHigh","2050",244.82797421552
"031002070302",1100,6305977.10896868,"Town of Norman","tbcmp_AM_LA_IntHigh_2050","AM","LA","IntHigh","2050",6232.96650600104
"031002070302",1200,11109578.9352155,"Town of Norman","tbcmp_AM_LA_IntHigh_2050","AM","LA","IntHigh","2050",10980.9522303035
"031002070302",1800,27161,"Town of Norman","tbcmp_AM_LA_IntHigh_2050","AM","LA","IntHigh","2050",26.846529942
"031002070302",1820,374294.969644266,"Town of Norman","tbcmp_AM_LA_IntHigh_2050","AM","LA","IntHigh","2050",369.961382485724
"031002070302",1900,938652.305017544,"Town of Norman","tbcmp_AM_LA_IntHigh_2050","AM","LA","IntHigh","2050",927.784588630051
"031002070302",2100,1235512.07499864,"Town of Norman","tbcmp_AM_LA_IntHigh_2050","AM","LA","IntHigh","2050",1221.20731619431
"031002070302",2200,15247,"Town of Norman","tbcmp_AM_LA_IntHigh_2050","AM","LA","IntHigh","2050",15.070470234
"031002070302",2400,66366,"Town of Norman","tbcmp_AM_LA_IntHigh_2050","AM","LA","IntHigh","2050",65.597614452
"031002070302",3200,57486.442036934,"Town of Norman","tbcmp_AM_LA_IntHigh_2050","AM","LA","IntHigh","2050",56.8208640110304
"031002070302",4100,4102730.02619795,"Town of Norman","tbcmp_AM_LA_IntHigh_2050","AM","LA","IntHigh","2050",4055.22861795463
"031002070302",4400,229085.050436307,"Town of Norman","tbcmp_AM_LA_IntHigh_2050","AM","LA","IntHigh","2050",226.432703722355
"031002070302",5200,139983.987282288,"Town of Norman","tbcmp_AM_LA_IntHigh_2050","AM","LA","IntHigh","2050",138.363252677533
"031002070302",6110,79932,"Town of Norman","tbcmp_AM_LA_IntHigh_2050","AM","LA","IntHigh","2050",79.006547304
"031002070302",6410,341776.729620911,"Town of Norman","tbcmp_AM_LA_IntHigh_2050","AM","LA","IntHigh","2050",337.81963864536
"031002070303",1100,2389047.78601155,"Weeki Wachee River","tbcmp_AM_LA_IntHigh_2050","AM","LA","IntHigh","2050",2361.38739074511
"031002070303",1200,8001865.58946052,"Weeki Wachee River","tbcmp_AM_LA_IntHigh_2050","AM","LA","IntHigh","2050",7909.21998966575
"031002070303",1800,239884.346746624,"Weeki Wachee River","tbcmp_AM_LA_IntHigh_2050","AM","LA","IntHigh","2050",237.106965779992
"031002070303",1820,410178.497684277,"Weeki Wachee River","tbcmp_AM_LA_IntHigh_2050","AM","LA","IntHigh","2050",405.429451038089
"031002070303",1900,810831.080192486,"Weeki Wachee River","tbcmp_AM_LA_IntHigh_2050","AM","LA","IntHigh","2050",801.443277946017
"031002070303",2100,26396,"Weeki Wachee River","tbcmp_AM_LA_IntHigh_2050","AM","LA","IntHigh","2050",26.090387112
"031002070303",2400,4643,"Weeki Wachee River","tbcmp_AM_LA_IntHigh_2050","AM","LA","IntHigh","2050",4.589243346
"031002070303",3200,700849.935594716,"Weeki Wachee River","tbcmp_AM_LA_IntHigh_2050","AM","LA","IntHigh","2050",692.735495040401
"031002070303",4100,4909363.92429633,"Weeki Wachee River","tbcmp_AM_LA_IntHigh_2050","AM","LA","IntHigh","2050",4852.52330878082
"031002070303",4400,159649.954655688,"Weeki Wachee River","tbcmp_AM_LA_IntHigh_2050","AM","LA","IntHigh","2050",157.801527480684
"031002070303",5200,493591.146788903,"Weeki Wachee River","tbcmp_AM_LA_IntHigh_2050","AM","LA","IntHigh","2050",487.876348491381
"031002070303",5400,164283.096585147,"Weeki Wachee River","tbcmp_AM_LA_IntHigh_2050","AM","LA","IntHigh","2050",162.381026892884
"031002070303",6110,3450363.37513299,"Weeki Wachee River","tbcmp_AM_LA_IntHigh_2050","AM","LA","IntHigh","2050",3410.4150679757
"031002070303",6120,6426.27616785467,"Weeki Wachee River","tbcmp_AM_LA_IntHigh_2050","AM","LA","IntHigh","2050",6.35187274238325
"031002070303",6410,1651326.71648594,"Weeki Wachee River","tbcmp_AM_LA_IntHigh_2050","AM","LA","IntHigh","2050",1632.20765576247
"031002070303",6420,694801.290091444,"Weeki Wachee River","tbcmp_AM_LA_IntHigh_2050","AM","LA","IntHigh","2050",686.756880754765
"031002070303",6425,182450.740972466,"Weeki Wachee River","tbcmp_AM_LA_IntHigh_2050","AM","LA","IntHigh","2050",180.338326293486
"031002070303",6510,42742.9471953572,"Weeki Wachee River","tbcmp_AM_LA_IntHigh_2050","AM","LA","IntHigh","2050",42.2480693527294
"031002070303",6600,284900.796474604,"Weeki Wachee River","tbcmp_AM_LA_IntHigh_2050","AM","LA","IntHigh","2050",281.602215053021
"031002070303",9113,73604.1570106455,"Weeki Wachee River","tbcmp_AM_LA_IntHigh_2050","AM","LA","IntHigh","2050",72.7519680807763
"031002070304",0,30298.3581686793,"Jenkins Creek-Frontal Gulf of Mexico","tbcmp_AM_LA_IntHigh_2050","AM","LA","IntHigh","2050",29.9475637778023
"031002070304",1100,65138.9169527468,"Jenkins Creek-Frontal Gulf of Mexico","tbcmp_AM_LA_IntHigh_2050","AM","LA","IntHigh","2050",64.3847385722679
"031002070304",1200,2308532.22251898,"Jenkins Creek-Frontal Gulf of Mexico","tbcmp_AM_LA_IntHigh_2050","AM","LA","IntHigh","2050",2281.80403644665
"031002070304",1800,37593,"Jenkins Creek-Frontal Gulf of Mexico","tbcmp_AM_LA_IntHigh_2050","AM","LA","IntHigh","2050",37.157748246
"031002070304",1820,84142.9756060042,"Jenkins Creek-Frontal Gulf of Mexico","tbcmp_AM_LA_IntHigh_2050","AM","LA","IntHigh","2050",83.1687682344378
"031002070304",1900,714208.42851601,"Jenkins Creek-Frontal Gulf of Mexico","tbcmp_AM_LA_IntHigh_2050","AM","LA","IntHigh","2050",705.939323330651
"031002070304",3200,435886.415108605,"Jenkins Creek-Frontal Gulf of Mexico","tbcmp_AM_LA_IntHigh_2050","AM","LA","IntHigh","2050",430.839722194477
"031002070304",4100,1156206.35184028,"Jenkins Creek-Frontal Gulf of Mexico","tbcmp_AM_LA_IntHigh_2050","AM","LA","IntHigh","2050",1142.81979469868
"031002070304",4400,109604.687284732,"Jenkins Creek-Frontal Gulf of Mexico","tbcmp_AM_LA_IntHigh_2050","AM","LA","IntHigh","2050",108.335684215349
"031002070304",5200,299342,"Jenkins Creek-Frontal Gulf of Mexico","tbcmp_AM_LA_IntHigh_2050","AM","LA","IntHigh","2050",295.876218324
"031002070304",5400,933291.635883115,"Jenkins Creek-Frontal Gulf of Mexico","tbcmp_AM_LA_IntHigh_2050","AM","LA","IntHigh","2050",922.48598532286
"031002070304",6110,2719509.92483388,"Jenkins Creek-Frontal Gulf of Mexico","tbcmp_AM_LA_IntHigh_2050","AM","LA","IntHigh","2050",2688.02343892416
"031002070304",6120,1505450.92632328,"Jenkins Creek-Frontal Gulf of Mexico","tbcmp_AM_LA_IntHigh_2050","AM","LA","IntHigh","2050",1488.02081549831
"031002070304",6410,145023,"Jenkins Creek-Frontal Gulf of Mexico","tbcmp_AM_LA_IntHigh_2050","AM","LA","IntHigh","2050",143.343923706
"031002070304",6420,923549.350366538,"Jenkins Creek-Frontal Gulf of Mexico","tbcmp_AM_LA_IntHigh_2050","AM","LA","IntHigh","2050",912.856495987994
"031002070304",6425,17484.2169327114,"Jenkins Creek-Frontal Gulf of Mexico","tbcmp_AM_LA_IntHigh_2050","AM","LA","IntHigh","2050",17.2817846690644
"031002070304",6510,4949.42852338892,"Jenkins Creek-Frontal Gulf of Mexico","tbcmp_AM_LA_IntHigh_2050","AM","LA","IntHigh","2050",4.89212403994513
"031002070304",6600,337604.071662611,"Jenkins Creek-Frontal Gulf of Mexico","tbcmp_AM_LA_IntHigh_2050","AM","LA","IntHigh","2050",333.695291720902
"031002070304",7100,4577.71545667235,"Jenkins Creek-Frontal Gulf of Mexico","tbcmp_AM_LA_IntHigh_2050","AM","LA","IntHigh","2050",4.524714667115
"031002070304",9113,530925.365762318,"Jenkins Creek-Frontal Gulf of Mexico","tbcmp_AM_LA_IntHigh_2050","AM","LA","IntHigh","2050",524.778311877522
"031002070305",0,364,"Indian Creek-Frontal Gulf of Mexico","tbcmp_AM_LA_IntHigh_2050","AM","LA","IntHigh","2050",0.359785608
"031002070305",1100,5712498.40311806,"Indian Creek-Frontal Gulf of Mexico","tbcmp_AM_LA_IntHigh_2050","AM","LA","IntHigh","2050",5646.35909660676
"031002070305",1200,15078328.5559575,"Indian Creek-Frontal Gulf of Mexico","tbcmp_AM_LA_IntHigh_2050","AM","LA","IntHigh","2050",14903.7516679366
"031002070305",1800,144152,"Indian Creek-Frontal Gulf of Mexico","tbcmp_AM_LA_IntHigh_2050","AM","LA","IntHigh","2050",142.483008144
"031002070305",1820,650511.557064808,"Indian Creek-Frontal Gulf of Mexico","tbcmp_AM_LA_IntHigh_2050","AM","LA","IntHigh","2050",642.979934257112
"031002070305",1900,1128808.94641466,"Indian Creek-Frontal Gulf of Mexico","tbcmp_AM_LA_IntHigh_2050","AM","LA","IntHigh","2050",1115.73959643307
"031002070305",2100,398832.409179629,"Indian Creek-Frontal Gulf of Mexico","tbcmp_AM_LA_IntHigh_2050","AM","LA","IntHigh","2050",394.214727546147
"031002070305",2400,48493,"Indian Creek-Frontal Gulf of Mexico","tbcmp_AM_LA_IntHigh_2050","AM","LA","IntHigh","2050",47.931548046
"031002070305",3200,9703.13850933226,"Indian Creek-Frontal Gulf of Mexico","tbcmp_AM_LA_IntHigh_2050","AM","LA","IntHigh","2050",9.59079557167121
"031002070305",4100,1849213.99003189,"Indian Creek-Frontal Gulf of Mexico","tbcmp_AM_LA_IntHigh_2050","AM","LA","IntHigh","2050",1827.8037904553
"031002070305",4400,50587.3127154766,"Indian Creek-Frontal Gulf of Mexico","tbcmp_AM_LA_IntHigh_2050","AM","LA","IntHigh","2050",50.0016128088569
"031002070305",5200,483677.537427031,"Indian Creek-Frontal Gulf of Mexico","tbcmp_AM_LA_IntHigh_2050","AM","LA","IntHigh","2050",478.0775188987
"031002070305",5400,106085.314529759,"Indian Creek-Frontal Gulf of Mexico","tbcmp_AM_LA_IntHigh_2050","AM","LA","IntHigh","2050",104.857058758134
"031002070305",6110,910052.856572602,"Indian Creek-Frontal Gulf of Mexico","tbcmp_AM_LA_IntHigh_2050","AM","LA","IntHigh","2050",899.516264599205
"031002070305",6120,135458.78674264,"Indian Creek-Frontal Gulf of Mexico","tbcmp_AM_LA_IntHigh_2050","AM","LA","IntHigh","2050",133.890444909734
"031002070305",6410,1579822,"Indian Creek-Frontal Gulf of Mexico","tbcmp_AM_LA_IntHigh_2050","AM","LA","IntHigh","2050",1561.530820884
"031002070305",6420,140169.141024881,"Indian Creek-Frontal Gulf of Mexico","tbcmp_AM_LA_IntHigh_2050","AM","LA","IntHigh","2050",138.546262710094
"031002070305",6600,73717.4391844841,"Indian Creek-Frontal Gulf of Mexico","tbcmp_AM_LA_IntHigh_2050","AM","LA","IntHigh","2050",72.8639386736061
"031002070305",7100,2148,"Indian Creek-Frontal Gulf of Mexico","tbcmp_AM_LA_IntHigh_2050","AM","LA","IntHigh","2050",2.123130456
"031002070305",9113,54062.0854289234,"Indian Creek-Frontal Gulf of Mexico","tbcmp_AM_LA_IntHigh_2050","AM","LA","IntHigh","2050",53.4361546038273
"031002070306",0,26840,"Fillman Bayou-Frontal Gulf of Mexico","tbcmp_AM_LA_IntHigh_2050","AM","LA","IntHigh","2050",26.52924648
"031002070306",1100,7738990.07554486,"Fillman Bayou-Frontal Gulf of Mexico","tbcmp_AM_LA_IntHigh_2050","AM","LA","IntHigh","2050",7649.38804845021
"031002070306",1200,6835779.93516176,"Fillman Bayou-Frontal Gulf of Mexico","tbcmp_AM_LA_IntHigh_2050","AM","LA","IntHigh","2050",6756.63527507246
"031002070306",1800,125009.782048984,"Fillman Bayou-Frontal Gulf of Mexico","tbcmp_AM_LA_IntHigh_2050","AM","LA","IntHigh","2050",123.562418792421
"031002070306",1820,66261.9805006362,"Fillman Bayou-Frontal Gulf of Mexico","tbcmp_AM_LA_IntHigh_2050","AM","LA","IntHigh","2050",65.4947992903999
"031002070306",1900,1429923.29104982,"Fillman Bayou-Frontal Gulf of Mexico","tbcmp_AM_LA_IntHigh_2050","AM","LA","IntHigh","2050",1413.36763918604
"031002070306",2100,661667.436694926,"Fillman Bayou-Frontal Gulf of Mexico","tbcmp_AM_LA_IntHigh_2050","AM","LA","IntHigh","2050",654.006651112872
"031002070306",2200,10009,"Fillman Bayou-Frontal Gulf of Mexico","tbcmp_AM_LA_IntHigh_2050","AM","LA","IntHigh","2050",9.893115798
"031002070306",2400,75581.4809186934,"Fillman Bayou-Frontal Gulf of Mexico","tbcmp_AM_LA_IntHigh_2050","AM","LA","IntHigh","2050",74.7063985326168
"031002070306",3200,321925.096233656,"Fillman Bayou-Frontal Gulf of Mexico","tbcmp_AM_LA_IntHigh_2050","AM","LA","IntHigh","2050",318.197847469463
"031002070306",4100,4634962.47992507,"Fillman Bayou-Frontal Gulf of Mexico","tbcmp_AM_LA_IntHigh_2050","AM","LA","IntHigh","2050",4581.2988843325
"031002070306",4400,455809.14900093,"Fillman Bayou-Frontal Gulf of Mexico","tbcmp_AM_LA_IntHigh_2050","AM","LA","IntHigh","2050",450.531790673798
"031002070306",5200,178584,"Fillman Bayou-Frontal Gulf of Mexico","tbcmp_AM_LA_IntHigh_2050","AM","LA","IntHigh","2050",176.516354448
"031002070306",5400,456758.539328969,"Fillman Bayou-Frontal Gulf of Mexico","tbcmp_AM_LA_IntHigh_2050","AM","LA","IntHigh","2050",451.470188960619
"031002070306",6110,832519.76442495,"Fillman Bayou-Frontal Gulf of Mexico","tbcmp_AM_LA_IntHigh_2050","AM","LA","IntHigh","2050",822.880850592438
"031002070306",6120,943376.557202207,"Fillman Bayou-Frontal Gulf of Mexico","tbcmp_AM_LA_IntHigh_2050","AM","LA","IntHigh","2050",932.45414342292
"031002070306",6410,524081,"Fillman Bayou-Frontal Gulf of Mexico","tbcmp_AM_LA_IntHigh_2050","AM","LA","IntHigh","2050",518.013190182
"031002070306",6420,1103594.03449174,"Fillman Bayou-Frontal Gulf of Mexico","tbcmp_AM_LA_IntHigh_2050","AM","LA","IntHigh","2050",1090.81662276039
"031002070306",6600,221091.560815569,"Fillman Bayou-Frontal Gulf of Mexico","tbcmp_AM_LA_IntHigh_2050","AM","LA","IntHigh","2050",218.531762724447
"031002070306",9113,769942.025220387,"Fillman Bayou-Frontal Gulf of Mexico","tbcmp_AM_LA_IntHigh_2050","AM","LA","IntHigh","2050",761.027636452385
"031002070307",0,40137.1460145265,"Double Hammock Creek-Frontal Gulf of Mexico","tbcmp_AM_LA_IntHigh_2050","AM","LA","IntHigh","2050",39.6724381379703
"031002070307",1100,4379205.28434331,"Double Hammock Creek-Frontal Gulf of Mexico","tbcmp_AM_LA_IntHigh_2050","AM","LA","IntHigh","2050",4328.50284556118
"031002070307",1200,13279854.0274552,"Double Hammock Creek-Frontal Gulf of Mexico","tbcmp_AM_LA_IntHigh_2050","AM","LA","IntHigh","2050",13126.0998775253
"031002070307",1800,69394.8992590033,"Double Hammock Creek-Frontal Gulf of Mexico","tbcmp_AM_LA_IntHigh_2050","AM","LA","IntHigh","2050",68.5914451153825
"031002070307",1820,261248.789592234,"Double Hammock Creek-Frontal Gulf of Mexico","tbcmp_AM_LA_IntHigh_2050","AM","LA","IntHigh","2050",258.224051106335
"031002070307",1900,882647.709302878,"Double Hammock Creek-Frontal Gulf of Mexico","tbcmp_AM_LA_IntHigh_2050","AM","LA","IntHigh","2050",872.42841412457
"031002070307",2100,359183.595833885,"Double Hammock Creek-Frontal Gulf of Mexico","tbcmp_AM_LA_IntHigh_2050","AM","LA","IntHigh","2050",355.024968161321
"031002070307",2400,3827.51908151578,"Double Hammock Creek-Frontal Gulf of Mexico","tbcmp_AM_LA_IntHigh_2050","AM","LA","IntHigh","2050",3.78320406558999
"031002070307",3200,421829.482773316,"Double Hammock Creek-Frontal Gulf of Mexico","tbcmp_AM_LA_IntHigh_2050","AM","LA","IntHigh","2050",416.945541021766
"031002070307",4100,2909527.1965629,"Double Hammock Creek-Frontal Gulf of Mexico","tbcmp_AM_LA_IntHigh_2050","AM","LA","IntHigh","2050",2875.8406906811
"031002070307",4400,492595.897687622,"Double Hammock Creek-Frontal Gulf of Mexico","tbcmp_AM_LA_IntHigh_2050","AM","LA","IntHigh","2050",486.892622384195
"031002070307",5200,1098272.17461873,"Double Hammock Creek-Frontal Gulf of Mexico","tbcmp_AM_LA_IntHigh_2050","AM","LA","IntHigh","2050",1085.55637938099
"031002070307",5400,384736.104420735,"Double Hammock Creek-Frontal Gulf of Mexico","tbcmp_AM_LA_IntHigh_2050","AM","LA","IntHigh","2050",380.281629803751
"031002070307",6110,5379026.42163885,"Double Hammock Creek-Frontal Gulf of Mexico","tbcmp_AM_LA_IntHigh_2050","AM","LA","IntHigh","2050",5316.74805372912
"031002070307",6120,481486.300797933,"Double Hammock Creek-Frontal Gulf of Mexico","tbcmp_AM_LA_IntHigh_2050","AM","LA","IntHigh","2050",475.911652407295
"031002070307",6410,2121507,"Double Hammock Creek-Frontal Gulf of Mexico","tbcmp_AM_LA_IntHigh_2050","AM","LA","IntHigh","2050",2096.944191954
"031002070307",6420,1335356.11046993,"Double Hammock Creek-Frontal Gulf of Mexico","tbcmp_AM_LA_IntHigh_2050","AM","LA","IntHigh","2050",1319.89535742291
"031002070307",6600,217524.601569341,"Double Hammock Creek-Frontal Gulf of Mexico","tbcmp_AM_LA_IntHigh_2050","AM","LA","IntHigh","2050",215.006101732372
"031002070307",9113,201247.781085904,"Double Hammock Creek-Frontal Gulf of Mexico","tbcmp_AM_LA_IntHigh_2050","AM","LA","IntHigh","2050",198.917734276491
"031002070401",1100,7278305.06165031,"Hancock Lake","tbcmp_AM_LA_IntHigh_2050","AM","LA","IntHigh","2050",7194.03684564652
"031002070401",1200,1081119.99363571,"Hancock Lake","tbcmp_AM_LA_IntHigh_2050","AM","LA","IntHigh","2050",1068.6027863494
"031002070401",1800,16415,"Hancock Lake","tbcmp_AM_LA_IntHigh_2050","AM","LA","IntHigh","2050",16.22494713
"031002070401",1820,106585.088898998,"Hancock Lake","tbcmp_AM_LA_IntHigh_2050","AM","LA","IntHigh","2050",105.351046739725
"031002070401",1900,1468919.42932659,"Hancock Lake","tbcmp_AM_LA_IntHigh_2050","AM","LA","IntHigh","2050",1451.91228017385
"031002070401",2100,12114321.3729771,"Hancock Lake","tbcmp_AM_LA_IntHigh_2050","AM","LA","IntHigh","2050",11974.0617601208
"031002070401",2200,136659.272513395,"Hancock Lake","tbcmp_AM_LA_IntHigh_2050","AM","LA","IntHigh","2050",135.077031456235
"031002070401",2400,166923.68838025,"Hancock Lake","tbcmp_AM_LA_IntHigh_2050","AM","LA","IntHigh","2050",164.991045916183
"031002070401",3200,153294,"Hancock Lake","tbcmp_AM_LA_IntHigh_2050","AM","LA","IntHigh","2050",151.519162068
"031002070401",4100,7930637.02400561,"Hancock Lake","tbcmp_AM_LA_IntHigh_2050","AM","LA","IntHigh","2050",7838.81610854168
"031002070401",4400,3029557.93699032,"Hancock Lake","tbcmp_AM_LA_IntHigh_2050","AM","LA","IntHigh","2050",2994.48171519585
"031002070401",5200,1108832.79704369,"Hancock Lake","tbcmp_AM_LA_IntHigh_2050","AM","LA","IntHigh","2050",1095.99473091952
"031002070401",6110,1270561.73087165,"Hancock Lake","tbcmp_AM_LA_IntHigh_2050","AM","LA","IntHigh","2050",1255.85116715162
"031002070401",6410,1358162.14640482,"Hancock Lake","tbcmp_AM_LA_IntHigh_2050","AM","LA","IntHigh","2050",1342.43734507375
"031002070402",1100,1230708.41612084,"Raft Lake","tbcmp_AM_LA_IntHigh_2050","AM","LA","IntHigh","2050",1216.45927407899
"031002070402",1200,167147.100885393,"Raft Lake","tbcmp_AM_LA_IntHigh_2050","AM","LA","IntHigh","2050",165.211871751342
"031002070402",1800,43559.7689747326,"Raft Lake","tbcmp_AM_LA_IntHigh_2050","AM","LA","IntHigh","2050",43.0554339695431
"031002070402",1820,44105,"Raft Lake","tbcmp_AM_LA_IntHigh_2050","AM","LA","IntHigh","2050",43.59435231
"031002070402",1900,634286.932729926,"Raft Lake","tbcmp_AM_LA_IntHigh_2050","AM","LA","IntHigh","2050",626.943158622779
"031002070402",2100,4428904.29789034,"Raft Lake","tbcmp_AM_LA_IntHigh_2050","AM","LA","IntHigh","2050",4377.62644392937
"031002070402",2200,133019.942896099,"Raft Lake","tbcmp_AM_LA_IntHigh_2050","AM","LA","IntHigh","2050",131.479837997248
"031002070402",2400,93748.561620403,"Raft Lake","tbcmp_AM_LA_IntHigh_2050","AM","LA","IntHigh","2050",92.663140773962
"031002070402",3200,1041521.4043093,"Raft Lake","tbcmp_AM_LA_IntHigh_2050","AM","LA","IntHigh","2050",1029.46266949021
"031002070402",4100,4979440.44138321,"Raft Lake","tbcmp_AM_LA_IntHigh_2050","AM","LA","IntHigh","2050",4921.78847995287
"031002070402",4400,3748185.2080595,"Raft Lake","tbcmp_AM_LA_IntHigh_2050","AM","LA","IntHigh","2050",3704.78871972059
"031002070402",5200,297068.636690881,"Raft Lake","tbcmp_AM_LA_IntHigh_2050","AM","LA","IntHigh","2050",293.629176015274
"031002070402",6110,923501.763742513,"Raft Lake","tbcmp_AM_LA_IntHigh_2050","AM","LA","IntHigh","2050",912.809460321902
"031002070402",6410,3226738.65842265,"Raft Lake","tbcmp_AM_LA_IntHigh_2050","AM","LA","IntHigh","2050",3189.37947823544
"031002070403",1100,3809839.79873077,"Crews Lake","tbcmp_AM_LA_IntHigh_2050","AM","LA","IntHigh","2050",3765.72947354106
"031002070403",1200,5507929.98644507,"Crews Lake","tbcmp_AM_LA_IntHigh_2050","AM","LA","IntHigh","2050",5444.15917306201
"031002070403",1800,93428.6643703579,"Crews Lake","tbcmp_AM_LA_IntHigh_2050","AM","LA","IntHigh","2050",92.3469472942779
"031002070403",1820,67653.4341468096,"Crews Lake","tbcmp_AM_LA_IntHigh_2050","AM","LA","IntHigh","2050",66.8701426862579
"031002070403",1900,964789.742893408,"Crews Lake","tbcmp_AM_LA_IntHigh_2050","AM","LA","IntHigh","2050",953.619407250188
"031002070403",2100,3597709.85689175,"Crews Lake","tbcmp_AM_LA_IntHigh_2050","AM","LA","IntHigh","2050",3556.05557216866
"031002070403",2400,9318.88995167559,"Crews Lake","tbcmp_AM_LA_IntHigh_2050","AM","LA","IntHigh","2050",9.21099584381509
"031002070403",3200,7024.70178875823,"Crews Lake","tbcmp_AM_LA_IntHigh_2050","AM","LA","IntHigh","2050",6.94336979144799
"031002070403",4100,2548368.72143078,"Crews Lake","tbcmp_AM_LA_IntHigh_2050","AM","LA","IntHigh","2050",2518.86370837405
"031002070403",4400,282868.950734729,"Crews Lake","tbcmp_AM_LA_IntHigh_2050","AM","LA","IntHigh","2050",279.593894023122
"031002070403",5200,231526.688000689,"Crews Lake","tbcmp_AM_LA_IntHigh_2050","AM","LA","IntHigh","2050",228.846072007017
"031002070403",6110,246113.183954931,"Crews Lake","tbcmp_AM_LA_IntHigh_2050","AM","LA","IntHigh","2050",243.263685511101
"031002070403",6410,1053565.98266323,"Crews Lake","tbcmp_AM_LA_IntHigh_2050","AM","LA","IntHigh","2050",1041.36779571595
"031002070404",0,2174,"Pithlachascotee River","tbcmp_AM_LA_IntHigh_2050","AM","LA","IntHigh","2050",2.148829428
"031002070404",1100,1108939.82567531,"Pithlachascotee River","tbcmp_AM_LA_IntHigh_2050","AM","LA","IntHigh","2050",1096.10052037364
"031002070404",1200,10007934.8702161,"Pithlachascotee River","tbcmp_AM_LA_IntHigh_2050","AM","LA","IntHigh","2050",9892.06300028871
"031002070404",1800,372414.27339725,"Pithlachascotee River","tbcmp_AM_LA_IntHigh_2050","AM","LA","IntHigh","2050",368.102460939857
"031002070404",1820,374532.8577584,"Pithlachascotee River","tbcmp_AM_LA_IntHigh_2050","AM","LA","IntHigh","2050",370.196516331273
"031002070404",1900,1920081.32155787,"Pithlachascotee River","tbcmp_AM_LA_IntHigh_2050","AM","LA","IntHigh","2050",1897.85062001687
"031002070404",2100,2408588.56272987,"Pithlachascotee River","tbcmp_AM_LA_IntHigh_2050","AM","LA","IntHigh","2050",2380.70192435058
"031002070404",2400,6543.54842782366,"Pithlachascotee River","tbcmp_AM_LA_IntHigh_2050","AM","LA","IntHigh","2050",6.46778722412632
"031002070404",3200,2229947.79770977,"Pithlachascotee River","tbcmp_AM_LA_IntHigh_2050","AM","LA","IntHigh","2050",2204.12946210788
"031002070404",4100,5475723.36858273,"Pithlachascotee River","tbcmp_AM_LA_IntHigh_2050","AM","LA","IntHigh","2050",5412.32544342128
"031002070404",4400,1401491.95254369,"Pithlachascotee River","tbcmp_AM_LA_IntHigh_2050","AM","LA","IntHigh","2050",1385.26547871713
"031002070404",5200,1014485.38993377,"Pithlachascotee River","tbcmp_AM_LA_IntHigh_2050","AM","LA","IntHigh","2050",1002.73967808912
"031002070404",5400,334182.391382411,"Pithlachascotee River","tbcmp_AM_LA_IntHigh_2050","AM","LA","IntHigh","2050",330.313227654986
"031002070404",6110,8080859.88403249,"Pithlachascotee River","tbcmp_AM_LA_IntHigh_2050","AM","LA","IntHigh","2050",7987.29968829517
"031002070404",6120,76264.3923158702,"Pithlachascotee River","tbcmp_AM_LA_IntHigh_2050","AM","LA","IntHigh","2050",75.381403181637
"031002070404",6410,2847399.24850798,"Pithlachascotee River","tbcmp_AM_LA_IntHigh_2050","AM","LA","IntHigh","2050",2814.43206000875
"031002070404",6420,175003.621216067,"Pithlachascotee River","tbcmp_AM_LA_IntHigh_2050","AM","LA","IntHigh","2050",172.977429289627
"031002070404",6425,23369,"Pithlachascotee River","tbcmp_AM_LA_IntHigh_2050","AM","LA","IntHigh","2050",23.098433718
"031002070404",6510,6109,"Pithlachascotee River","tbcmp_AM_LA_IntHigh_2050","AM","LA","IntHigh","2050",6.038269998
"031002070404",6600,86472.604633017,"Pithlachascotee River","tbcmp_AM_LA_IntHigh_2050","AM","LA","IntHigh","2050",85.4714248165759
"031002070404",9113,269572.837843589,"Pithlachascotee River","tbcmp_AM_LA_IntHigh_2050","AM","LA","IntHigh","2050",266.451723527036
"031002070501",1100,1133706.06708633,"Sandy Branch-Anclote River","tbcmp_AM_LA_IntHigh_2050","AM","LA","IntHigh","2050",1120.58001824161
"031002070501",1200,8577005.53300434,"Sandy Branch-Anclote River","tbcmp_AM_LA_IntHigh_2050","AM","LA","IntHigh","2050",8477.70096294322
"031002070501",1800,109292.052179764,"Sandy Branch-Anclote River","tbcmp_AM_LA_IntHigh_2050","AM","LA","IntHigh","2050",108.026668799627
"031002070501",1820,19033.5844843304,"Sandy Branch-Anclote River","tbcmp_AM_LA_IntHigh_2050","AM","LA","IntHigh","2050",18.8132136431709
"031002070501",1900,3339372.52894588,"Sandy Branch-Anclote River","tbcmp_AM_LA_IntHigh_2050","AM","LA","IntHigh","2050",3300.70927380574
"031002070501",2100,4093593.51644499,"Sandy Branch-Anclote River","tbcmp_AM_LA_IntHigh_2050","AM","LA","IntHigh","2050",4046.19789071159
"031002070501",2200,34825,"Sandy Branch-Anclote River","tbcmp_AM_LA_IntHigh_2050","AM","LA","IntHigh","2050",34.42179615
"031002070501",2400,14937,"Sandy Branch-Anclote River","tbcmp_AM_LA_IntHigh_2050","AM","LA","IntHigh","2050",14.764059414
"031002070501",3200,1393532.33903948,"Sandy Branch-Anclote River","tbcmp_AM_LA_IntHigh_2050","AM","LA","IntHigh","2050",1377.39802161808
"031002070501",4100,4725977.08851652,"Sandy Branch-Anclote River","tbcmp_AM_LA_IntHigh_2050","AM","LA","IntHigh","2050",4671.25972578567
"031002070501",4400,1674388.32396259,"Sandy Branch-Anclote River","tbcmp_AM_LA_IntHigh_2050","AM","LA","IntHigh","2050",1655.00225594775
"031002070501",5200,2448656.46287842,"Sandy Branch-Anclote River","tbcmp_AM_LA_IntHigh_2050","AM","LA","IntHigh","2050",2420.30591835122
"031002070501",6110,8550465.49713441,"Sandy Branch-Anclote River","tbcmp_AM_LA_IntHigh_2050","AM","LA","IntHigh","2050",8451.46820760859
"031002070501",6410,2820785.39274742,"Sandy Branch-Anclote River","tbcmp_AM_LA_IntHigh_2050","AM","LA","IntHigh","2050",2788.12633947019
"031002070502",0,11444.842690343,"Oyster Creek-Frontal Gulf of Mexico","tbcmp_AM_LA_IntHigh_2050","AM","LA","IntHigh","2050",11.3123343016742
"031002070502",1100,992055.258359164,"Oyster Creek-Frontal Gulf of Mexico","tbcmp_AM_LA_IntHigh_2050","AM","LA","IntHigh","2050",980.569242577882
"031002070502",1200,16689695.0450446,"Oyster Creek-Frontal Gulf of Mexico","tbcmp_AM_LA_IntHigh_2050","AM","LA","IntHigh","2050",16496.4617558131
"031002070502",1800,235378.103870198,"Oyster Creek-Frontal Gulf of Mexico","tbcmp_AM_LA_IntHigh_2050","AM","LA","IntHigh","2050",232.652896183589
"031002070502",1820,767123,"Oyster Creek-Frontal Gulf of Mexico","tbcmp_AM_LA_IntHigh_2050","AM","LA","IntHigh","2050",758.241249906
"031002070502",1900,1202678.15387771,"Oyster Creek-Frontal Gulf of Mexico","tbcmp_AM_LA_IntHigh_2050","AM","LA","IntHigh","2050",1188.75354621211
"031002070502",2100,2476847.44156624,"Oyster Creek-Frontal Gulf of Mexico","tbcmp_AM_LA_IntHigh_2050","AM","LA","IntHigh","2050",2448.17050188779
"031002070502",2200,6833,"Oyster Creek-Frontal Gulf of Mexico","tbcmp_AM_LA_IntHigh_2050","AM","LA","IntHigh","2050",6.753887526
"031002070502",2400,2410,"Oyster Creek-Frontal Gulf of Mexico","tbcmp_AM_LA_IntHigh_2050","AM","LA","IntHigh","2050",2.38209702
"031002070502",3200,420432.565064457,"Oyster Creek-Frontal Gulf of Mexico","tbcmp_AM_LA_IntHigh_2050","AM","LA","IntHigh","2050",415.56479682614
"031002070502",4100,2154743.9030567,"Oyster Creek-Frontal Gulf of Mexico","tbcmp_AM_LA_IntHigh_2050","AM","LA","IntHigh","2050",2129.79627814711
"031002070502",4400,391548.982681315,"Oyster Creek-Frontal Gulf of Mexico","tbcmp_AM_LA_IntHigh_2050","AM","LA","IntHigh","2050",387.01562855983
"031002070502",5200,1990831.20955125,"Oyster Creek-Frontal Gulf of Mexico","tbcmp_AM_LA_IntHigh_2050","AM","LA","IntHigh","2050",1967.78136580707
"031002070502",5400,703812.311350771,"Oyster Creek-Frontal Gulf of Mexico","tbcmp_AM_LA_IntHigh_2050","AM","LA","IntHigh","2050",695.663572409952
"031002070502",6110,4847048.97478499,"Oyster Creek-Frontal Gulf of Mexico","tbcmp_AM_LA_IntHigh_2050","AM","LA","IntHigh","2050",4790.92984175493
"031002070502",6120,737256.382966388,"Oyster Creek-Frontal Gulf of Mexico","tbcmp_AM_LA_IntHigh_2050","AM","LA","IntHigh","2050",728.720428564403
"031002070502",6410,1789558.54747968,"Oyster Creek-Frontal Gulf of Mexico","tbcmp_AM_LA_IntHigh_2050","AM","LA","IntHigh","2050",1768.83903861696
"031002070502",6420,543622.543022929,"Oyster Creek-Frontal Gulf of Mexico","tbcmp_AM_LA_IntHigh_2050","AM","LA","IntHigh","2050",537.32848121981
"031002070502",6425,122359.097432498,"Oyster Creek-Frontal Gulf of Mexico","tbcmp_AM_LA_IntHigh_2050","AM","LA","IntHigh","2050",120.942423802425
"031002070502",6510,13386.0369366931,"Oyster Creek-Frontal Gulf of Mexico","tbcmp_AM_LA_IntHigh_2050","AM","LA","IntHigh","2050",13.23105340104
"031002070502",6600,246869.174979587,"Oyster Creek-Frontal Gulf of Mexico","tbcmp_AM_LA_IntHigh_2050","AM","LA","IntHigh","2050",244.010923671674
"031002070502",9113,439329.562297291,"Oyster Creek-Frontal Gulf of Mexico","tbcmp_AM_LA_IntHigh_2050","AM","LA","IntHigh","2050",434.243004625013
"031002070503",0,4160.98489128146,"Anclote River-Frontal Gulf of Mexico","tbcmp_AM_LA_IntHigh_2050","AM","LA","IntHigh","2050",4.11280900821021
"031002070503",1100,720576.84789095,"Anclote River-Frontal Gulf of Mexico","tbcmp_AM_LA_IntHigh_2050","AM","LA","IntHigh","2050",712.234009146068
"031002070503",1200,22059769.0024089,"Anclote River-Frontal Gulf of Mexico","tbcmp_AM_LA_IntHigh_2050","AM","LA","IntHigh","2050",21804.360996899
"031002070503",1800,725051.500154495,"Anclote River-Frontal Gulf of Mexico","tbcmp_AM_LA_IntHigh_2050","AM","LA","IntHigh","2050",716.656853885706
"031002070503",1820,1078563.56897395,"Anclote River-Frontal Gulf of Mexico","tbcmp_AM_LA_IntHigh_2050","AM","LA","IntHigh","2050",1066.07595997237
"031002070503",1900,505911.868859619,"Anclote River-Frontal Gulf of Mexico","tbcmp_AM_LA_IntHigh_2050","AM","LA","IntHigh","2050",500.054421241962
"031002070503",2100,13598,"Anclote River-Frontal Gulf of Mexico","tbcmp_AM_LA_IntHigh_2050","AM","LA","IntHigh","2050",13.440562356
"031002070503",2400,5816,"Anclote River-Frontal Gulf of Mexico","tbcmp_AM_LA_IntHigh_2050","AM","LA","IntHigh","2050",5.748662352
"031002070503",3200,24752,"Anclote River-Frontal Gulf of Mexico","tbcmp_AM_LA_IntHigh_2050","AM","LA","IntHigh","2050",24.465421344
"031002070503",4100,716076.750739044,"Anclote River-Frontal Gulf of Mexico","tbcmp_AM_LA_IntHigh_2050","AM","LA","IntHigh","2050",707.786014118988
"031002070503",5200,631897.111179675,"Anclote River-Frontal Gulf of Mexico","tbcmp_AM_LA_IntHigh_2050","AM","LA","IntHigh","2050",624.581006426437
"031002070503",5400,1068444.47480426,"Anclote River-Frontal Gulf of Mexico","tbcmp_AM_LA_IntHigh_2050","AM","LA","IntHigh","2050",1056.07402467498
"031002070503",6110,655094.093252477,"Anclote River-Frontal Gulf of Mexico","tbcmp_AM_LA_IntHigh_2050","AM","LA","IntHigh","2050",647.509413840799
"031002070503",6120,212789.42133031,"Anclote River-Frontal Gulf of Mexico","tbcmp_AM_LA_IntHigh_2050","AM","LA","IntHigh","2050",210.325745410148
"031002070503",6410,287663.032299001,"Anclote River-Frontal Gulf of Mexico","tbcmp_AM_LA_IntHigh_2050","AM","LA","IntHigh","2050",284.332469711043
"031002070503",6420,208519.421850938,"Anclote River-Frontal Gulf of Mexico","tbcmp_AM_LA_IntHigh_2050","AM","LA","IntHigh","2050",206.105183984748
"031002070503",6425,154205.518958901,"Anclote River-Frontal Gulf of Mexico","tbcmp_AM_LA_IntHigh_2050","AM","LA","IntHigh","2050",152.420127460395
"031002070503",6510,31314.2190628715,"Anclote River-Frontal Gulf of Mexico","tbcmp_AM_LA_IntHigh_2050","AM","LA","IntHigh","2050",30.9516630345616
"031002070503",6600,155739.85051249,"Anclote River-Frontal Gulf of Mexico","tbcmp_AM_LA_IntHigh_2050","AM","LA","IntHigh","2050",153.936694523257
"031002070503",9113,768030.548371614,"Anclote River-Frontal Gulf of Mexico","tbcmp_AM_LA_IntHigh_2050","AM","LA","IntHigh","2050",759.138290682568
"031002070504",0,49197.5943631172,"Clearwater Harbor","tbcmp_AM_LA_IntHigh_2050","AM","LA","IntHigh","2050",48.627984615581
"031002070504",1100,199572.489755239,"Clearwater Harbor","tbcmp_AM_LA_IntHigh_2050","AM","LA","IntHigh","2050",197.261839468853
"031002070504",1200,13288537.3959833,"Clearwater Harbor","tbcmp_AM_LA_IntHigh_2050","AM","LA","IntHigh","2050",13134.6827100126
"031002070504",1800,1329605.75859734,"Clearwater Harbor","tbcmp_AM_LA_IntHigh_2050","AM","LA","IntHigh","2050",1314.2115831243
"031002070504",1820,406314,"Clearwater Harbor","tbcmp_AM_LA_IntHigh_2050","AM","LA","IntHigh","2050",401.609696508
"031002070504",1900,237164.48499533,"Clearwater Harbor","tbcmp_AM_LA_IntHigh_2050","AM","LA","IntHigh","2050",234.418594588054
"031002070504",2100,27064,"Clearwater Harbor","tbcmp_AM_LA_IntHigh_2050","AM","LA","IntHigh","2050",26.750653008
"031002070504",2400,6305,"Clearwater Harbor","tbcmp_AM_LA_IntHigh_2050","AM","LA","IntHigh","2050",6.23200071
"031002070504",3200,172462.757166259,"Clearwater Harbor","tbcmp_AM_LA_IntHigh_2050","AM","LA","IntHigh","2050",170.465983363788
"031002070504",4100,282000.609016423,"Clearwater Harbor","tbcmp_AM_LA_IntHigh_2050","AM","LA","IntHigh","2050",278.73560596523
"031002070504",5200,333634.314347768,"Clearwater Harbor","tbcmp_AM_LA_IntHigh_2050","AM","LA","IntHigh","2050",329.77149625625
"031002070504",5400,5331804.73282935,"Clearwater Harbor","tbcmp_AM_LA_IntHigh_2050","AM","LA","IntHigh","2050",5270.07309763265
"031002070504",6110,17750,"Clearwater Harbor","tbcmp_AM_LA_IntHigh_2050","AM","LA","IntHigh","2050",17.5444905
"031002070504",6120,655414.847154924,"Clearwater Harbor","tbcmp_AM_LA_IntHigh_2050","AM","LA","IntHigh","2050",647.826454054565
"031002070504",6410,97266,"Clearwater Harbor","tbcmp_AM_LA_IntHigh_2050","AM","LA","IntHigh","2050",96.139854252
"031002070504",6420,44003.8971448951,"Clearwater Harbor","tbcmp_AM_LA_IntHigh_2050","AM","LA","IntHigh","2050",43.4944200237515
"031002070504",6600,117450.598115853,"Clearwater Harbor","tbcmp_AM_LA_IntHigh_2050","AM","LA","IntHigh","2050",116.090755090868
"031002070504",7100,1210,"Clearwater Harbor","tbcmp_AM_LA_IntHigh_2050","AM","LA","IntHigh","2050",1.19599062
"031002070504",9113,2293234.7114356,"Clearwater Harbor","tbcmp_AM_LA_IntHigh_2050","AM","LA","IntHigh","2050",2266.6836399466
"031002070505",0,14795.3067559153,"Lake Seminole","tbcmp_AM_LA_IntHigh_2050","AM","LA","IntHigh","2050",14.6240066942953
"031002070505",1100,638492.800425812,"Lake Seminole","tbcmp_AM_LA_IntHigh_2050","AM","LA","IntHigh","2050",631.100330782482
"031002070505",1200,26154570.2288261,"Lake Seminole","tbcmp_AM_LA_IntHigh_2050","AM","LA","IntHigh","2050",25851.7526147167
"031002070505",1800,696221.570911798,"Lake Seminole","tbcmp_AM_LA_IntHigh_2050","AM","LA","IntHigh","2050",688.160717563781
"031002070505",1820,518502,"Lake Seminole","tbcmp_AM_LA_IntHigh_2050","AM","LA","IntHigh","2050",512.498783844
"031002070505",1900,481861.182506058,"Lake Seminole","tbcmp_AM_LA_IntHigh_2050","AM","LA","IntHigh","2050",476.282193735003
"031002070505",2400,15200.5737430761,"Lake Seminole","tbcmp_AM_LA_IntHigh_2050","AM","LA","IntHigh","2050",15.0245815002787
"031002070505",3200,10556,"Lake Seminole","tbcmp_AM_LA_IntHigh_2050","AM","LA","IntHigh","2050",10.433782632
"031002070505",4100,259155.317211692,"Lake Seminole","tbcmp_AM_LA_IntHigh_2050","AM","LA","IntHigh","2050",256.154816949015
"031002070505",5200,819753.953683458,"Lake Seminole","tbcmp_AM_LA_IntHigh_2050","AM","LA","IntHigh","2050",810.262842407711
"031002070505",5400,1108770.42297956,"Lake Seminole","tbcmp_AM_LA_IntHigh_2050","AM","LA","IntHigh","2050",1095.9330790223
"031002070505",6110,184359,"Lake Seminole","tbcmp_AM_LA_IntHigh_2050","AM","LA","IntHigh","2050",182.224491498
"031002070505",6120,420426.823665233,"Lake Seminole","tbcmp_AM_LA_IntHigh_2050","AM","LA","IntHigh","2050",415.559121900836
"031002070505",6410,221112,"Lake Seminole","tbcmp_AM_LA_IntHigh_2050","AM","LA","IntHigh","2050",218.551965264
"031002070505",6420,37045.1244507206,"Lake Seminole","tbcmp_AM_LA_IntHigh_2050","AM","LA","IntHigh","2050",36.6162159998302
"031002070505",6600,38594.2152222085,"Lake Seminole","tbcmp_AM_LA_IntHigh_2050","AM","LA","IntHigh","2050",38.1473713983658
"031002070505",7100,460.184578119922,"Lake Seminole","tbcmp_AM_LA_IntHigh_2050","AM","LA","IntHigh","2050",0.454856561074449
"031002070505",9113,795486.41910133,"Lake Seminole","tbcmp_AM_LA_IntHigh_2050","AM","LA","IntHigh","2050",786.276277340974
"031002070506",0,11563.422999803,"Boca Ciega Bay","tbcmp_AM_LA_IntHigh_2050","AM","LA","IntHigh","2050",11.4295416883113
"031002070506",1100,74428.8222299791,"Boca Ciega Bay","tbcmp_AM_LA_IntHigh_2050","AM","LA","IntHigh","2050",73.5670853262004
"031002070506",1200,10088455.6193522,"Boca Ciega Bay","tbcmp_AM_LA_IntHigh_2050","AM","LA","IntHigh","2050",9971.65148019133
"031002070506",1800,351152.226842479,"Boca Ciega Bay","tbcmp_AM_LA_IntHigh_2050","AM","LA","IntHigh","2050",347.086586360097
"031002070506",1820,188659,"Boca Ciega Bay","tbcmp_AM_LA_IntHigh_2050","AM","LA","IntHigh","2050",186.474706098
"031002070506",1900,74063.3035592996,"Boca Ciega Bay","tbcmp_AM_LA_IntHigh_2050","AM","LA","IntHigh","2050",73.20579863069
"031002070506",3200,3702.45540793681,"Boca Ciega Bay","tbcmp_AM_LA_IntHigh_2050","AM","LA","IntHigh","2050",3.65958837922372
"031002070506",4100,25641,"Boca Ciega Bay","tbcmp_AM_LA_IntHigh_2050","AM","LA","IntHigh","2050",25.344128502
"031002070506",5200,82364.4927260261,"Boca Ciega Bay","tbcmp_AM_LA_IntHigh_2050","AM","LA","IntHigh","2050",81.4108766292442
"031002070506",5400,5336702.94173408,"Boca Ciega Bay","tbcmp_AM_LA_IntHigh_2050","AM","LA","IntHigh","2050",5274.91459507469
"031002070506",6110,11719,"Boca Ciega Bay","tbcmp_AM_LA_IntHigh_2050","AM","LA","IntHigh","2050",11.583317418
"031002070506",6120,280263.775120954,"Boca Ciega Bay","tbcmp_AM_LA_IntHigh_2050","AM","LA","IntHigh","2050",277.018881132603
"031002070506",6410,7040,"Boca Ciega Bay","tbcmp_AM_LA_IntHigh_2050","AM","LA","IntHigh","2050",6.95849088
"031002070506",6420,4818.93528848002,"Boca Ciega Bay","tbcmp_AM_LA_IntHigh_2050","AM","LA","IntHigh","2050",4.76314165571
"031002070506",6600,17841.6548297277,"Boca Ciega Bay","tbcmp_AM_LA_IntHigh_2050","AM","LA","IntHigh","2050",17.6350841501092
"031002070506",7100,85.8154219412245,"Boca Ciega Bay","tbcmp_AM_LA_IntHigh_2050","AM","LA","IntHigh","2050",0.084821850985989
"031002070506",9113,1075077.95234313,"Boca Ciega Bay","tbcmp_AM_LA_IntHigh_2050","AM","LA","IntHigh","2050",1062.6306998109
"031002070600",0,169038.777632204,"Crystal Bay-Gulf of Mexico","tbcmp_AM_LA_IntHigh_2050","AM","LA","IntHigh","2050",167.081646664779
"031002070600",1100,24.5321638343157,"Crystal Bay-Gulf of Mexico","tbcmp_AM_LA_IntHigh_2050","AM","LA","IntHigh","2050",0.024248130441442
"031002070600",1200,555087.906855107,"Crystal Bay-Gulf of Mexico","tbcmp_AM_LA_IntHigh_2050","AM","LA","IntHigh","2050",548.661099069538
"031002070600",1800,494818.171418144,"Crystal Bay-Gulf of Mexico","tbcmp_AM_LA_IntHigh_2050","AM","LA","IntHigh","2050",489.089166629465
"031002070600",1900,43630.3508847571,"Crystal Bay-Gulf of Mexico","tbcmp_AM_LA_IntHigh_2050","AM","LA","IntHigh","2050",43.1251986822134
"031002070600",3200,159405.55018859,"Crystal Bay-Gulf of Mexico","tbcmp_AM_LA_IntHigh_2050","AM","LA","IntHigh","2050",157.559952728506
"031002070600",4100,94376.1289140045,"Crystal Bay-Gulf of Mexico","tbcmp_AM_LA_IntHigh_2050","AM","LA","IntHigh","2050",93.2834420934382
"031002070600",5200,1159.30772642232,"Crystal Bay-Gulf of Mexico","tbcmp_AM_LA_IntHigh_2050","AM","LA","IntHigh","2050",1.14588526156581
"031002070600",5400,216636298.330116,"Crystal Bay-Gulf of Mexico","tbcmp_AM_LA_IntHigh_2050","AM","LA","IntHigh","2050",214128.083268049
"031002070600",6110,4798.31382048177,"Crystal Bay-Gulf of Mexico","tbcmp_AM_LA_IntHigh_2050","AM","LA","IntHigh","2050",4.74275894306823
"031002070600",6120,2075088.89636638,"Crystal Bay-Gulf of Mexico","tbcmp_AM_LA_IntHigh_2050","AM","LA","IntHigh","2050",2051.06351712425
"031002070600",6410,113.96980535984,"Crystal Bay-Gulf of Mexico","tbcmp_AM_LA_IntHigh_2050","AM","LA","IntHigh","2050",0.112650262953384
"031002070600",6420,222604.662326331,"Crystal Bay-Gulf of Mexico","tbcmp_AM_LA_IntHigh_2050","AM","LA","IntHigh","2050",220.027345545917
"031002070600",6425,12901.2089652432,"Crystal Bay-Gulf of Mexico","tbcmp_AM_LA_IntHigh_2050","AM","LA","IntHigh","2050",12.7518387678436
"031002070600",6510,5041.14206769974,"Crystal Bay-Gulf of Mexico","tbcmp_AM_LA_IntHigh_2050","AM","LA","IntHigh","2050",4.98277572483991
"031002070600",6600,152465.728332793,"Crystal Bay-Gulf of Mexico","tbcmp_AM_LA_IntHigh_2050","AM","LA","IntHigh","2050",150.700480130156
"031002070600",7100,94028.2845432779,"Crystal Bay-Gulf of Mexico","tbcmp_AM_LA_IntHigh_2050","AM","LA","IntHigh","2050",92.9396250648359
"031002070600",9113,99473731.9478838,"Crystal Bay-Gulf of Mexico","tbcmp_AM_LA_IntHigh_2050","AM","LA","IntHigh","2050",98322.0250793912
"031002080202",1100,354953.35628326,"031002080202","tbcmp_AM_LA_IntHigh_2050","AM","LA","IntHigh","2050",350.843706324212
"031002080202",1200,88731.8869587032,"031002080202","tbcmp_AM_LA_IntHigh_2050","AM","LA","IntHigh","2050",87.7045491714953
"031002080202",1900,262652.256559001,"031002080202","tbcmp_AM_LA_IntHigh_2050","AM","LA","IntHigh","2050",259.611268732561
"031002080202",2100,1038507.61294798,"031002080202","tbcmp_AM_LA_IntHigh_2050","AM","LA","IntHigh","2050",1026.48377180527
"031002080202",2200,1769,"031002080202","tbcmp_AM_LA_IntHigh_2050","AM","LA","IntHigh","2050",1.748518518
"031002080202",3200,114910.308178435,"031002080202","tbcmp_AM_LA_IntHigh_2050","AM","LA","IntHigh","2050",113.579876630345
"031002080202",4100,546477.785160151,"031002080202","tbcmp_AM_LA_IntHigh_2050","AM","LA","IntHigh","2050",540.150665363567
"031002080202",4400,88315.7412308007,"031002080202","tbcmp_AM_LA_IntHigh_2050","AM","LA","IntHigh","2050",87.2932215788305
"031002080202",5200,16397,"031002080202","tbcmp_AM_LA_IntHigh_2050","AM","LA","IntHigh","2050",16.207155534
"031002080202",6110,1163606.53523271,"031002080202","tbcmp_AM_LA_IntHigh_2050","AM","LA","IntHigh","2050",1150.13429876779
"031002080202",6410,163552.566921182,"031002080202","tbcmp_AM_LA_IntHigh_2050","AM","LA","IntHigh","2050",161.658955301369
"031002080203",1100,7109.98944405903,"Gator Creek","tbcmp_AM_LA_IntHigh_2050","AM","LA","IntHigh","2050",7.02766998627571
"031002080203",1200,63577.6008670199,"Gator Creek","tbcmp_AM_LA_IntHigh_2050","AM","LA","IntHigh","2050",62.8414994041815
"031002080203",1900,208996.543748006,"Gator Creek","tbcmp_AM_LA_IntHigh_2050","AM","LA","IntHigh","2050",206.576781764491
"031002080203",2100,315616.086382579,"Gator Creek","tbcmp_AM_LA_IntHigh_2050","AM","LA","IntHigh","2050",311.961883334441
"031002080203",3200,40777.7720167043,"Gator Creek","tbcmp_AM_LA_IntHigh_2050","AM","LA","IntHigh","2050",40.3056469722949
"031002080203",4100,541402.232458467,"Gator Creek","tbcmp_AM_LA_IntHigh_2050","AM","LA","IntHigh","2050",535.133877411063
"031002080203",4400,72865.0538165465,"Gator Creek","tbcmp_AM_LA_IntHigh_2050","AM","LA","IntHigh","2050",72.0214222234585
"031002080203",5200,34859,"Gator Creek","tbcmp_AM_LA_IntHigh_2050","AM","LA","IntHigh","2050",34.455402498
"031002080203",6110,946560.566857117,"Gator Creek","tbcmp_AM_LA_IntHigh_2050","AM","LA","IntHigh","2050",935.601288614046
"031002080203",6410,93224,"Gator Creek","tbcmp_AM_LA_IntHigh_2050","AM","LA","IntHigh","2050",92.144652528
"031002080204",1100,19174.0105560082,"Cumbee Drain-Withlacoochee River Swamp","tbcmp_AM_LA_IntHigh_2050","AM","LA","IntHigh","2050",18.9520138617907
"031002080204",1200,16422.3589166561,"Cumbee Drain-Withlacoochee River Swamp","tbcmp_AM_LA_IntHigh_2050","AM","LA","IntHigh","2050",16.2322208451191
"031002080204",1900,43312.9442421217,"Cumbee Drain-Withlacoochee River Swamp","tbcmp_AM_LA_IntHigh_2050","AM","LA","IntHigh","2050",42.8114669736864
"031002080204",2100,36874.6380597776,"Cumbee Drain-Withlacoochee River Swamp","tbcmp_AM_LA_IntHigh_2050","AM","LA","IntHigh","2050",36.4477035003215
"031002080204",3200,4407.57337206691,"Cumbee Drain-Withlacoochee River Swamp","tbcmp_AM_LA_IntHigh_2050","AM","LA","IntHigh","2050",4.35654248756512
"031002080204",4100,751672.632515241,"Cumbee Drain-Withlacoochee River Swamp","tbcmp_AM_LA_IntHigh_2050","AM","LA","IntHigh","2050",742.969766775979
"031002080204",5200,13414,"Cumbee Drain-Withlacoochee River Swamp","tbcmp_AM_LA_IntHigh_2050","AM","LA","IntHigh","2050",13.258692708
"031002080204",6110,539628.397527341,"Cumbee Drain-Withlacoochee River Swamp","tbcmp_AM_LA_IntHigh_2050","AM","LA","IntHigh","2050",533.38057994077
"031002080204",6410,63533,"Cumbee Drain-Withlacoochee River Swamp","tbcmp_AM_LA_IntHigh_2050","AM","LA","IntHigh","2050",62.797414926
"031002080205",1100,2620831.09299005,"Ashley Bay-Withlacoochee River","tbcmp_AM_LA_IntHigh_2050","AM","LA","IntHigh","2050",2590.48711059541
"031002080205",1200,958971.275557794,"Ashley Bay-Withlacoochee River","tbcmp_AM_LA_IntHigh_2050","AM","LA","IntHigh","2050",947.868306129385
"031002080205",1800,67970,"Ashley Bay-Withlacoochee River","tbcmp_AM_LA_IntHigh_2050","AM","LA","IntHigh","2050",67.18304334
"031002080205",1820,6421.96322682936,"Ashley Bay-Withlacoochee River","tbcmp_AM_LA_IntHigh_2050","AM","LA","IntHigh","2050",6.34760973658913
"031002080205",1900,737924.200056653,"Ashley Bay-Withlacoochee River","tbcmp_AM_LA_IntHigh_2050","AM","LA","IntHigh","2050",729.380513668397
"031002080205",2100,5876957.38185496,"Ashley Bay-Withlacoochee River","tbcmp_AM_LA_IntHigh_2050","AM","LA","IntHigh","2050",5808.91396928785
"031002080205",2200,85764.1128865964,"Ashley Bay-Withlacoochee River","tbcmp_AM_LA_IntHigh_2050","AM","LA","IntHigh","2050",84.7711359875954
"031002080205",2400,25370.9963404275,"Ashley Bay-Withlacoochee River","tbcmp_AM_LA_IntHigh_2050","AM","LA","IntHigh","2050",25.0772509447981
"031002080205",3200,2962460.03674783,"Ashley Bay-Withlacoochee River","tbcmp_AM_LA_IntHigh_2050","AM","LA","IntHigh","2050",2928.16067444236
"031002080205",4100,9446743.54423954,"Ashley Bay-Withlacoochee River","tbcmp_AM_LA_IntHigh_2050","AM","LA","IntHigh","2050",9337.36914748433
"031002080205",4400,2442520.17112932,"Ashley Bay-Withlacoochee River","tbcmp_AM_LA_IntHigh_2050","AM","LA","IntHigh","2050",2414.24067258799
"031002080205",5200,292995.393939635,"Ashley Bay-Withlacoochee River","tbcmp_AM_LA_IntHigh_2050","AM","LA","IntHigh","2050",289.603093268602
"031002080205",6110,10761103.9258525,"Ashley Bay-Withlacoochee River","tbcmp_AM_LA_IntHigh_2050","AM","LA","IntHigh","2050",10636.511864599
"031002080205",6410,3061960.64904225,"Ashley Bay-Withlacoochee River","tbcmp_AM_LA_IntHigh_2050","AM","LA","IntHigh","2050",3026.50926864764
"031002080206",1100,2808247.08702893,"Tank Lake","tbcmp_AM_LA_IntHigh_2050","AM","LA","IntHigh","2050",2775.73320225531
"031002080206",1200,2976492.14804267,"Tank Lake","tbcmp_AM_LA_IntHigh_2050","AM","LA","IntHigh","2050",2942.03032195264
"031002080206",1800,181516,"Tank Lake","tbcmp_AM_LA_IntHigh_2050","AM","LA","IntHigh","2050",179.414407752
"031002080206",1820,426756,"Tank Lake","tbcmp_AM_LA_IntHigh_2050","AM","LA","IntHigh","2050",421.815019032
"031002080206",1900,915936.028365116,"Tank Lake","tbcmp_AM_LA_IntHigh_2050","AM","LA","IntHigh","2050",905.331321028705
"031002080206",2100,5022033.77131018,"Tank Lake","tbcmp_AM_LA_IntHigh_2050","AM","LA","IntHigh","2050",4963.88866430595
"031002080206",2200,93898.291030049,"Tank Lake","tbcmp_AM_LA_IntHigh_2050","AM","LA","IntHigh","2050",92.8111366165031
"031002080206",2400,50518.0036595166,"Tank Lake","tbcmp_AM_LA_IntHigh_2050","AM","LA","IntHigh","2050",49.9331062131467
"031002080206",3200,10732,"Tank Lake","tbcmp_AM_LA_IntHigh_2050","AM","LA","IntHigh","2050",10.607744904
"031002080206",4100,946674.151146085,"Tank Lake","tbcmp_AM_LA_IntHigh_2050","AM","LA","IntHigh","2050",935.713557824115
"031002080206",4400,332924.261235619,"Tank Lake","tbcmp_AM_LA_IntHigh_2050","AM","LA","IntHigh","2050",329.069664139033
"031002080206",5200,737056,"Tank Lake","tbcmp_AM_LA_IntHigh_2050","AM","LA","IntHigh","2050",728.522365632
"031002080206",6110,504260.296770553,"Tank Lake","tbcmp_AM_LA_IntHigh_2050","AM","LA","IntHigh","2050",498.421971054543
"031002080206",6410,1714831.3926619,"Tank Lake","tbcmp_AM_LA_IntHigh_2050","AM","LA","IntHigh","2050",1694.97707479766
"031002080207",1100,3242326.83140796,"Dobes Hole-Withlacoochee River","tbcmp_AM_LA_IntHigh_2050","AM","LA","IntHigh","2050",3204.78717135392
"031002080207",1200,2584985.19948429,"Dobes Hole-Withlacoochee River","tbcmp_AM_LA_IntHigh_2050","AM","LA","IntHigh","2050",2555.05624084466
"031002080207",1800,13373,"Dobes Hole-Withlacoochee River","tbcmp_AM_LA_IntHigh_2050","AM","LA","IntHigh","2050",13.218167406
"031002080207",1820,5386,"Dobes Hole-Withlacoochee River","tbcmp_AM_LA_IntHigh_2050","AM","LA","IntHigh","2050",5.323640892
"031002080207",1900,881584.976599554,"Dobes Hole-Withlacoochee River","tbcmp_AM_LA_IntHigh_2050","AM","LA","IntHigh","2050",871.377985740484
"031002080207",2100,7151566.65644799,"Dobes Hole-Withlacoochee River","tbcmp_AM_LA_IntHigh_2050","AM","LA","IntHigh","2050",7068.76581769964
"031002080207",2200,217960.685557303,"Dobes Hole-Withlacoochee River","tbcmp_AM_LA_IntHigh_2050","AM","LA","IntHigh","2050",215.43713673992
"031002080207",2400,38251,"Dobes Hole-Withlacoochee River","tbcmp_AM_LA_IntHigh_2050","AM","LA","IntHigh","2050",37.808129922
"031002080207",3200,216910.202192643,"Dobes Hole-Withlacoochee River","tbcmp_AM_LA_IntHigh_2050","AM","LA","IntHigh","2050",214.398815871657
"031002080207",4100,4221572.378258,"Dobes Hole-Withlacoochee River","tbcmp_AM_LA_IntHigh_2050","AM","LA","IntHigh","2050",4172.69501326253
"031002080207",4400,1821273.58539872,"Dobes Hole-Withlacoochee River","tbcmp_AM_LA_IntHigh_2050","AM","LA","IntHigh","2050",1800.18687982697
"031002080207",5200,510427.112132216,"Dobes Hole-Withlacoochee River","tbcmp_AM_LA_IntHigh_2050","AM","LA","IntHigh","2050",504.517387027949
"031002080207",6110,3678711.82812069,"Dobes Hole-Withlacoochee River","tbcmp_AM_LA_IntHigh_2050","AM","LA","IntHigh","2050",3636.1197025747
"031002080207",6410,1835430.04817495,"Dobes Hole-Withlacoochee River","tbcmp_AM_LA_IntHigh_2050","AM","LA","IntHigh","2050",1814.17943907718
"031002080207",6420,828,"Dobes Hole-Withlacoochee River","tbcmp_AM_LA_IntHigh_2050","AM","LA","IntHigh","2050",0.818413416
"031002080301",1100,3026.77390666346,"Gator Hole Slough","tbcmp_AM_LA_IntHigh_2050","AM","LA","IntHigh","2050",2.99172991837211
"031002080301",1200,1155.13225397548,"Gator Hole Slough","tbcmp_AM_LA_IntHigh_2050","AM","LA","IntHigh","2050",1.14175813273895
"031002080301",1900,38493.8036702689,"Gator Hole Slough","tbcmp_AM_LA_IntHigh_2050","AM","LA","IntHigh","2050",38.0481224113745
"031002080301",2100,145298.642282017,"Gator Hole Slough","tbcmp_AM_LA_IntHigh_2050","AM","LA","IntHigh","2050",143.616374601675
"031002080301",3200,185499.300561131,"Gator Hole Slough","tbcmp_AM_LA_IntHigh_2050","AM","LA","IntHigh","2050",183.351589659234
"031002080301",4100,1835322.56503473,"Gator Hole Slough","tbcmp_AM_LA_IntHigh_2050","AM","LA","IntHigh","2050",1814.07320037676
"031002080301",4400,210201.685733179,"Gator Hole Slough","tbcmp_AM_LA_IntHigh_2050","AM","LA","IntHigh","2050",207.76797061576
"031002080301",5200,6484.89930534363,"Gator Hole Slough","tbcmp_AM_LA_IntHigh_2050","AM","LA","IntHigh","2050",6.40981714118636
"031002080301",6110,2057020.47340055,"Gator Hole Slough","tbcmp_AM_LA_IntHigh_2050","AM","LA","IntHigh","2050",2033.20429035952
"031002080301",6410,91621.7210591663,"Gator Hole Slough","tbcmp_AM_LA_IntHigh_2050","AM","LA","IntHigh","2050",90.5609247727432
"031002080302",1100,23714.3893189778,"Devils Creek Swamp","tbcmp_AM_LA_IntHigh_2050","AM","LA","IntHigh","2050",23.4398241194426
"031002080302",1900,158709.021122567,"Devils Creek Swamp","tbcmp_AM_LA_IntHigh_2050","AM","LA","IntHigh","2050",156.87148807601
"031002080302",2100,91687.1833057331,"Devils Creek Swamp","tbcmp_AM_LA_IntHigh_2050","AM","LA","IntHigh","2050",90.6256290974193
"031002080302",3200,898166.414119143,"Devils Creek Swamp","tbcmp_AM_LA_IntHigh_2050","AM","LA","IntHigh","2050",887.767443376472
"031002080302",4100,6234071.15108505,"Devils Creek Swamp","tbcmp_AM_LA_IntHigh_2050","AM","LA","IntHigh","2050",6161.89307529779
"031002080302",4400,903502.150761165,"Devils Creek Swamp","tbcmp_AM_LA_IntHigh_2050","AM","LA","IntHigh","2050",893.041402859653
"031002080302",5200,20683,"Devils Creek Swamp","tbcmp_AM_LA_IntHigh_2050","AM","LA","IntHigh","2050",20.443532226
"031002080302",6110,5203608.55401422,"Devils Creek Swamp","tbcmp_AM_LA_IntHigh_2050","AM","LA","IntHigh","2050",5143.36117417584
"031002080302",6410,1248019.00662196,"Devils Creek Swamp","tbcmp_AM_LA_IntHigh_2050","AM","LA","IntHigh","2050",1233.5694425633
"031002080303",1100,2966641.69942841,"Devils Creek-Withlacoochee River","tbcmp_AM_LA_IntHigh_2050","AM","LA","IntHigh","2050",2932.29392183243
"031002080303",1200,1254001.74187389,"Devils Creek-Withlacoochee River","tbcmp_AM_LA_IntHigh_2050","AM","LA","IntHigh","2050",1239.48290970648
"031002080303",1800,26380,"Devils Creek-Withlacoochee River","tbcmp_AM_LA_IntHigh_2050","AM","LA","IntHigh","2050",26.07457236
"031002080303",1820,1727.27916880632,"Devils Creek-Withlacoochee River","tbcmp_AM_LA_IntHigh_2050","AM","LA","IntHigh","2050",1.70728073058988
"031002080303",1900,772561.584928828,"Devils Creek-Withlacoochee River","tbcmp_AM_LA_IntHigh_2050","AM","LA","IntHigh","2050",763.616866898522
"031002080303",2100,4208188.85630061,"Devils Creek-Withlacoochee River","tbcmp_AM_LA_IntHigh_2050","AM","LA","IntHigh","2050",4159.46644572236
"031002080303",2400,18646,"Devils Creek-Withlacoochee River","tbcmp_AM_LA_IntHigh_2050","AM","LA","IntHigh","2050",18.430116612
"031002080303",3200,328955.182454398,"Devils Creek-Withlacoochee River","tbcmp_AM_LA_IntHigh_2050","AM","LA","IntHigh","2050",325.146539351941
"031002080303",4100,4449462.85678509,"Devils Creek-Withlacoochee River","tbcmp_AM_LA_IntHigh_2050","AM","LA","IntHigh","2050",4397.94697582924
"031002080303",4400,1802121.77762904,"Devils Creek-Withlacoochee River","tbcmp_AM_LA_IntHigh_2050","AM","LA","IntHigh","2050",1781.25681168765
"031002080303",5200,189309.956270896,"Devils Creek-Withlacoochee River","tbcmp_AM_LA_IntHigh_2050","AM","LA","IntHigh","2050",187.118125597192
"031002080303",6110,3847950.40179641,"Devils Creek-Withlacoochee River","tbcmp_AM_LA_IntHigh_2050","AM","LA","IntHigh","2050",3803.39883204441
"031002080303",6410,1055646.39696471,"Devils Creek-Withlacoochee River","tbcmp_AM_LA_IntHigh_2050","AM","LA","IntHigh","2050",1043.42412298065
"031002080304",1100,5677299.54816263,"Cypress Lake-Withlacoochee River","tbcmp_AM_LA_IntHigh_2050","AM","LA","IntHigh","2050",5611.56777399401
"031002080304",1200,2495314.25459332,"Cypress Lake-Withlacoochee River","tbcmp_AM_LA_IntHigh_2050","AM","LA","IntHigh","2050",2466.42350615364
"031002080304",1800,141225,"Cypress Lake-Withlacoochee River","tbcmp_AM_LA_IntHigh_2050","AM","LA","IntHigh","2050",139.58989695
"031002080304",1820,242900.7208321,"Cypress Lake-Withlacoochee River","tbcmp_AM_LA_IntHigh_2050","AM","LA","IntHigh","2050",240.088416286306
"031002080304",1900,4396330.36146643,"Cypress Lake-Withlacoochee River","tbcmp_AM_LA_IntHigh_2050","AM","LA","IntHigh","2050",4345.42964854137
"031002080304",2100,11174663.2322107,"Cypress Lake-Withlacoochee River","tbcmp_AM_LA_IntHigh_2050","AM","LA","IntHigh","2050",11045.2829813082
"031002080304",2200,241439.218873273,"Cypress Lake-Withlacoochee River","tbcmp_AM_LA_IntHigh_2050","AM","LA","IntHigh","2050",238.643835597159
"031002080304",2400,12683,"Cypress Lake-Withlacoochee River","tbcmp_AM_LA_IntHigh_2050","AM","LA","IntHigh","2050",12.536156226
"031002080304",3200,79600,"Cypress Lake-Withlacoochee River","tbcmp_AM_LA_IntHigh_2050","AM","LA","IntHigh","2050",78.6783912
"031002080304",4100,10597104.242649,"Cypress Lake-Withlacoochee River","tbcmp_AM_LA_IntHigh_2050","AM","LA","IntHigh","2050",10474.4109697276
"031002080304",4400,3492516.3411529,"Cypress Lake-Withlacoochee River","tbcmp_AM_LA_IntHigh_2050","AM","LA","IntHigh","2050",3452.07998695503
"031002080304",5200,639343.961088148,"Cypress Lake-Withlacoochee River","tbcmp_AM_LA_IntHigh_2050","AM","LA","IntHigh","2050",631.941636706669
"031002080304",6110,1027437.1863768,"Cypress Lake-Withlacoochee River","tbcmp_AM_LA_IntHigh_2050","AM","LA","IntHigh","2050",1015.54151863293
"031002080304",6410,2193704.38216069,"Cypress Lake-Withlacoochee River","tbcmp_AM_LA_IntHigh_2050","AM","LA","IntHigh","2050",2168.30567282403
"031002080304",7100,5642,"Cypress Lake-Withlacoochee River","tbcmp_AM_LA_IntHigh_2050","AM","LA","IntHigh","2050",5.576676924
"031002080402",1100,133293.436686062,"Upper Little Withlacoochee River","tbcmp_AM_LA_IntHigh_2050","AM","LA","IntHigh","2050",131.75016527611
"031002080402",1200,22895.7460413189,"Upper Little Withlacoochee River","tbcmp_AM_LA_IntHigh_2050","AM","LA","IntHigh","2050",22.6306590936525
"031002080402",1900,51237.1185774201,"Upper Little Withlacoochee River","tbcmp_AM_LA_IntHigh_2050","AM","LA","IntHigh","2050",50.6438952185307
"031002080402",2100,183992.149993837,"Upper Little Withlacoochee River","tbcmp_AM_LA_IntHigh_2050","AM","LA","IntHigh","2050",181.861888881208
"031002080402",3200,236.509994203065,"Upper Little Withlacoochee River","tbcmp_AM_LA_IntHigh_2050","AM","LA","IntHigh","2050",0.233771681490182
"031002080402",4100,969305.994329497,"Upper Little Withlacoochee River","tbcmp_AM_LA_IntHigh_2050","AM","LA","IntHigh","2050",958.08336952715
"031002080402",4400,380771.370349719,"Upper Little Withlacoochee River","tbcmp_AM_LA_IntHigh_2050","AM","LA","IntHigh","2050",376.36279942381
"031002080402",5200,1226,"Upper Little Withlacoochee River","tbcmp_AM_LA_IntHigh_2050","AM","LA","IntHigh","2050",1.211805372
"031002080402",6110,1326432.50228964,"Upper Little Withlacoochee River","tbcmp_AM_LA_IntHigh_2050","AM","LA","IntHigh","2050",1311.07506677813
"031002080402",6410,91211.4065889521,"Upper Little Withlacoochee River","tbcmp_AM_LA_IntHigh_2050","AM","LA","IntHigh","2050",90.1553609234653
"031002080403",1100,3272451.7059669,"Lower Little Withlacoochee River","tbcmp_AM_LA_IntHigh_2050","AM","LA","IntHigh","2050",3234.56326011522
"031002080403",1200,1123388.11470693,"Lower Little Withlacoochee River","tbcmp_AM_LA_IntHigh_2050","AM","LA","IntHigh","2050",1110.38152711485
"031002080403",1800,15639.9599686102,"Lower Little Withlacoochee River","tbcmp_AM_LA_IntHigh_2050","AM","LA","IntHigh","2050",15.4588805120936
"031002080403",1900,714968.083840285,"Lower Little Withlacoochee River","tbcmp_AM_LA_IntHigh_2050","AM","LA","IntHigh","2050",706.690183365582
"031002080403",2100,9376164.86575776,"Lower Little Withlacoochee River","tbcmp_AM_LA_IntHigh_2050","AM","LA","IntHigh","2050",9267.60762894201
"031002080403",2400,164717.644421472,"Lower Little Withlacoochee River","tbcmp_AM_LA_IntHigh_2050","AM","LA","IntHigh","2050",162.81054353436
"031002080403",3200,521876.966175506,"Lower Little Withlacoochee River","tbcmp_AM_LA_IntHigh_2050","AM","LA","IntHigh","2050",515.834674661126
"031002080403",4100,7630976.84305274,"Lower Little Withlacoochee River","tbcmp_AM_LA_IntHigh_2050","AM","LA","IntHigh","2050",7542.62539316388
"031002080403",4400,2831654.4058097,"Lower Little Withlacoochee River","tbcmp_AM_LA_IntHigh_2050","AM","LA","IntHigh","2050",2798.86951109923
"031002080403",5200,190119.651241284,"Lower Little Withlacoochee River","tbcmp_AM_LA_IntHigh_2050","AM","LA","IntHigh","2050",187.918445919212
"031002080403",6110,8410754.23864909,"Lower Little Withlacoochee River","tbcmp_AM_LA_IntHigh_2050","AM","LA","IntHigh","2050",8313.37452607401
"031002080403",6410,2759731.99783557,"Lower Little Withlacoochee River","tbcmp_AM_LA_IntHigh_2050","AM","LA","IntHigh","2050",2727.77982076463
"031002080403",7100,2186,"Lower Little Withlacoochee River","tbcmp_AM_LA_IntHigh_2050","AM","LA","IntHigh","2050",2.160690492
"031002080501",1100,5077633.74405161,"Bystre Lake","tbcmp_AM_LA_IntHigh_2050","AM","LA","IntHigh","2050",5018.84490056298
"031002080501",1200,2670655.33261694,"Bystre Lake","tbcmp_AM_LA_IntHigh_2050","AM","LA","IntHigh","2050",2639.7344851759
"031002080501",1800,31439,"Bystre Lake","tbcmp_AM_LA_IntHigh_2050","AM","LA","IntHigh","2050",31.074999258
"031002080501",1820,195671.125694991,"Bystre Lake","tbcmp_AM_LA_IntHigh_2050","AM","LA","IntHigh","2050",193.405645401694
"031002080501",1900,752864.318062582,"Bystre Lake","tbcmp_AM_LA_IntHigh_2050","AM","LA","IntHigh","2050",744.147654988053
"031002080501",2100,3773496.63184997,"Bystre Lake","tbcmp_AM_LA_IntHigh_2050","AM","LA","IntHigh","2050",3729.80708784641
"031002080501",2200,4580,"Bystre Lake","tbcmp_AM_LA_IntHigh_2050","AM","LA","IntHigh","2050",4.52697276
"031002080501",2400,14848,"Bystre Lake","tbcmp_AM_LA_IntHigh_2050","AM","LA","IntHigh","2050",14.676089856
"031002080501",3200,136357,"Bystre Lake","tbcmp_AM_LA_IntHigh_2050","AM","LA","IntHigh","2050",134.778258654
"031002080501",4100,6325363.08937125,"Bystre Lake","tbcmp_AM_LA_IntHigh_2050","AM","LA","IntHigh","2050",6252.12803552251
"031002080501",4400,459665.649313317,"Bystre Lake","tbcmp_AM_LA_IntHigh_2050","AM","LA","IntHigh","2050",454.343640425567
"031002080501",5200,238598,"Bystre Lake","tbcmp_AM_LA_IntHigh_2050","AM","LA","IntHigh","2050",235.835512356
"031002080501",6110,190972.925529059,"Bystre Lake","tbcmp_AM_LA_IntHigh_2050","AM","LA","IntHigh","2050",188.761840997284
"031002080501",6410,774243.853595187,"Bystre Lake","tbcmp_AM_LA_IntHigh_2050","AM","LA","IntHigh","2050",765.279658258262
"031002080502",1100,5795132.97385894,"Simmons Prairie Lake","tbcmp_AM_LA_IntHigh_2050","AM","LA","IntHigh","2050",5728.0369242876
"031002080502",1200,3853090.7916482,"Simmons Prairie Lake","tbcmp_AM_LA_IntHigh_2050","AM","LA","IntHigh","2050",3808.4797064625
"031002080502",1800,92442,"Simmons Prairie Lake","tbcmp_AM_LA_IntHigh_2050","AM","LA","IntHigh","2050",91.371706524
"031002080502",1900,929337.792617287,"Simmons Prairie Lake","tbcmp_AM_LA_IntHigh_2050","AM","LA","IntHigh","2050",918.577919654364
"031002080502",2100,4176953.36044897,"Simmons Prairie Lake","tbcmp_AM_LA_IntHigh_2050","AM","LA","IntHigh","2050",4128.59259444169
"031002080502",2200,17608.8879770305,"Simmons Prairie Lake","tbcmp_AM_LA_IntHigh_2050","AM","LA","IntHigh","2050",17.4050122720324
"031002080502",2400,567282,"Simmons Prairie Lake","tbcmp_AM_LA_IntHigh_2050","AM","LA","IntHigh","2050",560.714009004
"031002080502",3200,37497,"Simmons Prairie Lake","tbcmp_AM_LA_IntHigh_2050","AM","LA","IntHigh","2050",37.062859734
"031002080502",4100,8980558.626618,"Simmons Prairie Lake","tbcmp_AM_LA_IntHigh_2050","AM","LA","IntHigh","2050",8876.58171883902
"031002080502",4400,596076.616190942,"Simmons Prairie Lake","tbcmp_AM_LA_IntHigh_2050","AM","LA","IntHigh","2050",589.175241128683
"031002080502",5200,210243,"Simmons Prairie Lake","tbcmp_AM_LA_IntHigh_2050","AM","LA","IntHigh","2050",207.808806546
"031002080502",6110,431401.050522198,"Simmons Prairie Lake","tbcmp_AM_LA_IntHigh_2050","AM","LA","IntHigh","2050",426.406289159252
"031002080502",6410,914688.827247364,"Simmons Prairie Lake","tbcmp_AM_LA_IntHigh_2050","AM","LA","IntHigh","2050",904.098560005494
"031002080503",1100,6320684.58956479,"Gum Slough","tbcmp_AM_LA_IntHigh_2050","AM","LA","IntHigh","2050",6247.50370338681
"031002080503",1200,3240787.19817104,"Gum Slough","tbcmp_AM_LA_IntHigh_2050","AM","LA","IntHigh","2050",3203.26536399062
"031002080503",1800,111107.04003152,"Gum Slough","tbcmp_AM_LA_IntHigh_2050","AM","LA","IntHigh","2050",109.820642722035
"031002080503",1900,981361.282914318,"Gum Slough","tbcmp_AM_LA_IntHigh_2050","AM","LA","IntHigh","2050",969.999081980737
"031002080503",2100,17095577.2493791,"Gum Slough","tbcmp_AM_LA_IntHigh_2050","AM","LA","IntHigh","2050",16897.6446559858
"031002080503",2200,9501.06866185728,"Gum Slough","tbcmp_AM_LA_IntHigh_2050","AM","LA","IntHigh","2050",9.3910652888903
"031002080503",2400,280617.0953643,"Gum Slough","tbcmp_AM_LA_IntHigh_2050","AM","LA","IntHigh","2050",277.368110634172
"031002080503",3200,36495.9076285325,"Gum Slough","tbcmp_AM_LA_IntHigh_2050","AM","LA","IntHigh","2050",36.0733580100093
"031002080503",4100,6347785.14585156,"Gum Slough","tbcmp_AM_LA_IntHigh_2050","AM","LA","IntHigh","2050",6274.2904894329
"031002080503",4400,342409.911583686,"Gum Slough","tbcmp_AM_LA_IntHigh_2050","AM","LA","IntHigh","2050",338.44548962737
"031002080503",5200,250690,"Gum Slough","tbcmp_AM_LA_IntHigh_2050","AM","LA","IntHigh","2050",247.78751118
"031002080503",6110,1790891.69920721,"Gum Slough","tbcmp_AM_LA_IntHigh_2050","AM","LA","IntHigh","2050",1770.15675511379
"031002080503",6410,5294568.41233495,"Gum Slough","tbcmp_AM_LA_IntHigh_2050","AM","LA","IntHigh","2050",5233.26789925693
"031002080504",1100,3905579.79095467,"Silver Lake-Withlacoochee River","tbcmp_AM_LA_IntHigh_2050","AM","LA","IntHigh","2050",3860.360988135
"031002080504",1200,1201373.05583533,"Silver Lake-Withlacoochee River","tbcmp_AM_LA_IntHigh_2050","AM","LA","IntHigh","2050",1187.46355859487
"031002080504",1900,842240.860988632,"Silver Lake-Withlacoochee River","tbcmp_AM_LA_IntHigh_2050","AM","LA","IntHigh","2050",832.489396300106
"031002080504",2100,5528425.96947652,"Silver Lake-Withlacoochee River","tbcmp_AM_LA_IntHigh_2050","AM","LA","IntHigh","2050",5464.41785360192
"031002080504",2200,819.931338161827,"Silver Lake-Withlacoochee River","tbcmp_AM_LA_IntHigh_2050","AM","LA","IntHigh","2050",0.810438173128589
"031002080504",2400,126057.609292213,"Silver Lake-Withlacoochee River","tbcmp_AM_LA_IntHigh_2050","AM","LA","IntHigh","2050",124.598114291827
"031002080504",3200,51129,"Silver Lake-Withlacoochee River","tbcmp_AM_LA_IntHigh_2050","AM","LA","IntHigh","2050",50.537028438
"031002080504",4100,17136727.5244499,"Silver Lake-Withlacoochee River","tbcmp_AM_LA_IntHigh_2050","AM","LA","IntHigh","2050",16938.3184931718
"031002080504",4400,607779.957022586,"Silver Lake-Withlacoochee River","tbcmp_AM_LA_IntHigh_2050","AM","LA","IntHigh","2050",600.743080680178
"031002080504",5200,652802.9322648,"Silver Lake-Withlacoochee River","tbcmp_AM_LA_IntHigh_2050","AM","LA","IntHigh","2050",645.244779915038
"031002080504",6110,2703488.73396805,"Silver Lake-Withlacoochee River","tbcmp_AM_LA_IntHigh_2050","AM","LA","IntHigh","2050",2672.18774140617
"031002080504",6410,1088409.63383496,"Silver Lake-Withlacoochee River","tbcmp_AM_LA_IntHigh_2050","AM","LA","IntHigh","2050",1075.80802709442
"031002080601",1100,932457.844185928,"Jumper Creek Canal","tbcmp_AM_LA_IntHigh_2050","AM","LA","IntHigh","2050",921.661847265943
"031002080601",1200,53121.6187515196,"Jumper Creek Canal","tbcmp_AM_LA_IntHigh_2050","AM","LA","IntHigh","2050",52.5065766496145
"031002080601",1900,444504.180624837,"Jumper Creek Canal","tbcmp_AM_LA_IntHigh_2050","AM","LA","IntHigh","2050",439.357711221563
"031002080601",2100,4603332.28435945,"Jumper Creek Canal","tbcmp_AM_LA_IntHigh_2050","AM","LA","IntHigh","2050",4550.03490317113
"031002080601",2200,15612,"Jumper Creek Canal","tbcmp_AM_LA_IntHigh_2050","AM","LA","IntHigh","2050",15.431244264
"031002080601",2400,440828.260213915,"Jumper Creek Canal","tbcmp_AM_LA_IntHigh_2050","AM","LA","IntHigh","2050",435.724350617158
"031002080601",3200,9800,"Jumper Creek Canal","tbcmp_AM_LA_IntHigh_2050","AM","LA","IntHigh","2050",9.6865356
"031002080601",4100,2443932.46733336,"Jumper Creek Canal","tbcmp_AM_LA_IntHigh_2050","AM","LA","IntHigh","2050",2415.63661722658
"031002080601",4400,44421,"Jumper Creek Canal","tbcmp_AM_LA_IntHigh_2050","AM","LA","IntHigh","2050",43.906693662
"031002080601",5200,24401,"Jumper Creek Canal","tbcmp_AM_LA_IntHigh_2050","AM","LA","IntHigh","2050",24.118485222
"031002080601",6110,17197,"Jumper Creek Canal","tbcmp_AM_LA_IntHigh_2050","AM","LA","IntHigh","2050",16.997893134
"031002080601",6410,950329.222880588,"Jumper Creek Canal","tbcmp_AM_LA_IntHigh_2050","AM","LA","IntHigh","2050",939.326311138076
"031002080602",1100,1793179.5227015,"Jumper Creek Swamp","tbcmp_AM_LA_IntHigh_2050","AM","LA","IntHigh","2050",1772.41809018766
"031002080602",1200,990488.64607521,"Jumper Creek Swamp","tbcmp_AM_LA_IntHigh_2050","AM","LA","IntHigh","2050",979.020768530951
"031002080602",1800,31202,"Jumper Creek Swamp","tbcmp_AM_LA_IntHigh_2050","AM","LA","IntHigh","2050",30.840743244
"031002080602",1900,1120895.83121576,"Jumper Creek Swamp","tbcmp_AM_LA_IntHigh_2050","AM","LA","IntHigh","2050",1107.91809928194
"031002080602",2100,9876493.37356242,"Jumper Creek Swamp","tbcmp_AM_LA_IntHigh_2050","AM","LA","IntHigh","2050",9762.14333328332
"031002080602",2400,222638,"Jumper Creek Swamp","tbcmp_AM_LA_IntHigh_2050","AM","LA","IntHigh","2050",220.060297236
"031002080602",3200,350686.187720706,"Jumper Creek Swamp","tbcmp_AM_LA_IntHigh_2050","AM","LA","IntHigh","2050",346.625943039275
"031002080602",4100,2491284.8164099,"Jumper Creek Swamp","tbcmp_AM_LA_IntHigh_2050","AM","LA","IntHigh","2050",2462.44072080551
"031002080602",4400,97426.3031987147,"Jumper Creek Swamp","tbcmp_AM_LA_IntHigh_2050","AM","LA","IntHigh","2050",96.29830146028
"031002080602",5200,89188.3694777858,"Jumper Creek Swamp","tbcmp_AM_LA_IntHigh_2050","AM","LA","IntHigh","2050",88.155746535972
"031002080602",6110,6841883.93850781,"Jumper Creek Swamp","tbcmp_AM_LA_IntHigh_2050","AM","LA","IntHigh","2050",6762.66860626777
"031002080602",6410,3467762.26499002,"Jumper Creek Swamp","tbcmp_AM_LA_IntHigh_2050","AM","LA","IntHigh","2050",3427.61251348596
"031002080603",1100,419169.511306801,"Otter Slough-Withlacoochee River","tbcmp_AM_LA_IntHigh_2050","AM","LA","IntHigh","2050",414.316366704891
"031002080603",1200,180813.819066208,"Otter Slough-Withlacoochee River","tbcmp_AM_LA_IntHigh_2050","AM","LA","IntHigh","2050",178.72035666906
"031002080603",1900,56821.9581579893,"Otter Slough-Withlacoochee River","tbcmp_AM_LA_IntHigh_2050","AM","LA","IntHigh","2050",56.1640735264361
"031002080603",2100,566372.573928691,"Otter Slough-Withlacoochee River","tbcmp_AM_LA_IntHigh_2050","AM","LA","IntHigh","2050",559.815112267744
"031002080603",2400,29926.9235385897,"Otter Slough-Withlacoochee River","tbcmp_AM_LA_IntHigh_2050","AM","LA","IntHigh","2050",29.5804296178599
"031002080603",3200,17375.8122789872,"Otter Slough-Withlacoochee River","tbcmp_AM_LA_IntHigh_2050","AM","LA","IntHigh","2050",17.1746351244211
"031002080603",4100,2451923.31630919,"Otter Slough-Withlacoochee River","tbcmp_AM_LA_IntHigh_2050","AM","LA","IntHigh","2050",2423.53494815296
"031002080603",5200,387960.345755756,"Otter Slough-Withlacoochee River","tbcmp_AM_LA_IntHigh_2050","AM","LA","IntHigh","2050",383.468540872596
"031002080603",6110,7043596.06718604,"Otter Slough-Withlacoochee River","tbcmp_AM_LA_IntHigh_2050","AM","LA","IntHigh","2050",6962.04531192016
"031002080603",6410,3210700.98636227,"Otter Slough-Withlacoochee River","tbcmp_AM_LA_IntHigh_2050","AM","LA","IntHigh","2050",3173.52749034217
"031002080702",1100,966066.867227576,"Walled Sink","tbcmp_AM_LA_IntHigh_2050","AM","LA","IntHigh","2050",954.881745038815
"031002080702",1200,609066.545967332,"Walled Sink","tbcmp_AM_LA_IntHigh_2050","AM","LA","IntHigh","2050",602.014773498123
"031002080702",1800,2304,"Walled Sink","tbcmp_AM_LA_IntHigh_2050","AM","LA","IntHigh","2050",2.277324288
"031002080702",1820,26333.34168105,"Walled Sink","tbcmp_AM_LA_IntHigh_2050","AM","LA","IntHigh","2050",26.0284542510668
"031002080702",1900,640691.799577195,"Walled Sink","tbcmp_AM_LA_IntHigh_2050","AM","LA","IntHigh","2050",633.27386992169
"031002080702",2100,1959539.6782313,"Walled Sink","tbcmp_AM_LA_IntHigh_2050","AM","LA","IntHigh","2050",1936.85212783674
"031002080702",2400,14344,"Walled Sink","tbcmp_AM_LA_IntHigh_2050","AM","LA","IntHigh","2050",14.177925168
"031002080702",3200,7588.540145854,"Walled Sink","tbcmp_AM_LA_IntHigh_2050","AM","LA","IntHigh","2050",7.5006800280453
"031002080702",4100,780874.237790654,"Walled Sink","tbcmp_AM_LA_IntHigh_2050","AM","LA","IntHigh","2050",771.833275865514
"031002080702",4400,21675,"Walled Sink","tbcmp_AM_LA_IntHigh_2050","AM","LA","IntHigh","2050",21.42404685
"031002080702",5200,105359,"Walled Sink","tbcmp_AM_LA_IntHigh_2050","AM","LA","IntHigh","2050",104.139153498
"031002080702",6110,8358,"Walled Sink","tbcmp_AM_LA_IntHigh_2050","AM","LA","IntHigh","2050",8.261231076
"031002080702",6410,256273.933953678,"Walled Sink","tbcmp_AM_LA_IntHigh_2050","AM","LA","IntHigh","2050",253.306794346363
"031002080703",1100,519789.675352651,"Lake Okahumpka","tbcmp_AM_LA_IntHigh_2050","AM","LA","IntHigh","2050",513.771550491418
"031002080703",1200,1482851.62238201,"Lake Okahumpka","tbcmp_AM_LA_IntHigh_2050","AM","LA","IntHigh","2050",1465.68316629807
"031002080703",1800,112490,"Lake Okahumpka","tbcmp_AM_LA_IntHigh_2050","AM","LA","IntHigh","2050",111.18759078
"031002080703",1820,9285.97096583701,"Lake Okahumpka","tbcmp_AM_LA_IntHigh_2050","AM","LA","IntHigh","2050",9.17845799399455
"031002080703",1900,458344.004581722,"Lake Okahumpka","tbcmp_AM_LA_IntHigh_2050","AM","LA","IntHigh","2050",453.037297696675
"031002080703",2100,1584002.67811097,"Lake Okahumpka","tbcmp_AM_LA_IntHigh_2050","AM","LA","IntHigh","2050",1565.6630951038
"031002080703",2200,29103,"Lake Okahumpka","tbcmp_AM_LA_IntHigh_2050","AM","LA","IntHigh","2050",28.766045466
"031002080703",2400,5450,"Lake Okahumpka","tbcmp_AM_LA_IntHigh_2050","AM","LA","IntHigh","2050",5.3868999
"031002080703",3200,5774.45985371832,"Lake Okahumpka","tbcmp_AM_LA_IntHigh_2050","AM","LA","IntHigh","2050",5.70760315753197
"031002080703",4100,728250.564015284,"Lake Okahumpka","tbcmp_AM_LA_IntHigh_2050","AM","LA","IntHigh","2050",719.818878985115
"031002080703",5200,47273.1566332784,"Lake Okahumpka","tbcmp_AM_LA_IntHigh_2050","AM","LA","IntHigh","2050",46.7258280257783
"031002080703",6110,963105.979065823,"Lake Okahumpka","tbcmp_AM_LA_IntHigh_2050","AM","LA","IntHigh","2050",951.955138040199
"031002080703",6410,166292.713491248,"Lake Okahumpka","tbcmp_AM_LA_IntHigh_2050","AM","LA","IntHigh","2050",164.367376454447
"031002080704",1100,753125.152057144,"Lake Miona","tbcmp_AM_LA_IntHigh_2050","AM","LA","IntHigh","2050",744.405469046626
"031002080704",1200,990799.11851948,"Lake Miona","tbcmp_AM_LA_IntHigh_2050","AM","LA","IntHigh","2050",979.327646325262
"031002080704",1800,23501,"Lake Miona","tbcmp_AM_LA_IntHigh_2050","AM","LA","IntHigh","2050",23.228905422
"031002080704",1820,20729,"Lake Miona","tbcmp_AM_LA_IntHigh_2050","AM","LA","IntHigh","2050",20.488999638
"031002080704",1900,280384.992903709,"Lake Miona","tbcmp_AM_LA_IntHigh_2050","AM","LA","IntHigh","2050",277.13869545587
"031002080704",2100,1193592.65835618,"Lake Miona","tbcmp_AM_LA_IntHigh_2050","AM","LA","IntHigh","2050",1179.77324255774
"031002080704",2400,13304.5087451242,"Lake Miona","tbcmp_AM_LA_IntHigh_2050","AM","LA","IntHigh","2050",13.1504691428731
"031002080704",3200,18339,"Lake Miona","tbcmp_AM_LA_IntHigh_2050","AM","LA","IntHigh","2050",18.126671058
"031002080704",4100,86189.0756805511,"Lake Miona","tbcmp_AM_LA_IntHigh_2050","AM","LA","IntHigh","2050",85.1911785623217
"031002080704",4400,95284.3542670168,"Lake Miona","tbcmp_AM_LA_IntHigh_2050","AM","LA","IntHigh","2050",94.1811520133133
"031002080704",5200,30562,"Lake Miona","tbcmp_AM_LA_IntHigh_2050","AM","LA","IntHigh","2050",30.208153164
"031002080704",6410,47628.1995019419,"Lake Miona","tbcmp_AM_LA_IntHigh_2050","AM","LA","IntHigh","2050",47.0767602081084
"031002080705",1100,2970609.72919366,"Little Jones Creek","tbcmp_AM_LA_IntHigh_2050","AM","LA","IntHigh","2050",2936.21600974906
"031002080705",1200,3409245.58420613,"Little Jones Creek","tbcmp_AM_LA_IntHigh_2050","AM","LA","IntHigh","2050",3369.77333883219
"031002080705",1800,128511,"Little Jones Creek","tbcmp_AM_LA_IntHigh_2050","AM","LA","IntHigh","2050",127.023099642
"031002080705",1900,904291.181844445,"Little Jones Creek","tbcmp_AM_LA_IntHigh_2050","AM","LA","IntHigh","2050",893.82129854105
"031002080705",2100,7612992.38349834,"Little Jones Creek","tbcmp_AM_LA_IntHigh_2050","AM","LA","IntHigh","2050",7524.8491576822
"031002080705",2200,17835,"Little Jones Creek","tbcmp_AM_LA_IntHigh_2050","AM","LA","IntHigh","2050",17.62850637
"031002080705",2400,58878,"Little Jones Creek","tbcmp_AM_LA_IntHigh_2050","AM","LA","IntHigh","2050",58.196310516
"031002080705",3200,384752.700893255,"Little Jones Creek","tbcmp_AM_LA_IntHigh_2050","AM","LA","IntHigh","2050",380.298034122313
"031002080705",4100,3282028.15016383,"Little Jones Creek","tbcmp_AM_LA_IntHigh_2050","AM","LA","IntHigh","2050",3244.02882824123
"031002080705",4400,247902.258536917,"Little Jones Creek","tbcmp_AM_LA_IntHigh_2050","AM","LA","IntHigh","2050",245.032046187576
"031002080705",5200,203913.432652793,"Little Jones Creek","tbcmp_AM_LA_IntHigh_2050","AM","LA","IntHigh","2050",201.552522929539
"031002080705",6110,4044496.76827519,"Little Jones Creek","tbcmp_AM_LA_IntHigh_2050","AM","LA","IntHigh","2050",3997.6695846921
"031002080705",6410,1428565.36605936,"Little Jones Creek","tbcmp_AM_LA_IntHigh_2050","AM","LA","IntHigh","2050",1412.02543625113
"031002080706",1100,798902.464621133,"Lake Panasoffkee","tbcmp_AM_LA_IntHigh_2050","AM","LA","IntHigh","2050",789.65277188575
"031002080706",1200,2092959.75497453,"Lake Panasoffkee","tbcmp_AM_LA_IntHigh_2050","AM","LA","IntHigh","2050",2068.72746693144
"031002080706",1800,34544,"Lake Panasoffkee","tbcmp_AM_LA_IntHigh_2050","AM","LA","IntHigh","2050",34.144049568
"031002080706",1820,86526.687352711,"Lake Panasoffkee","tbcmp_AM_LA_IntHigh_2050","AM","LA","IntHigh","2050",85.5248813665413
"031002080706",1900,490754.801716464,"Lake Panasoffkee","tbcmp_AM_LA_IntHigh_2050","AM","LA","IntHigh","2050",485.072842622191
"031002080706",2100,3068807.68878854,"Lake Panasoffkee","tbcmp_AM_LA_IntHigh_2050","AM","LA","IntHigh","2050",3033.27703336774
"031002080706",3200,442798.299107118,"Lake Panasoffkee","tbcmp_AM_LA_IntHigh_2050","AM","LA","IntHigh","2050",437.671580400056
"031002080706",4100,2894301.54432875,"Lake Panasoffkee","tbcmp_AM_LA_IntHigh_2050","AM","LA","IntHigh","2050",2860.79132104851
"031002080706",4400,165911.296227097,"Lake Panasoffkee","tbcmp_AM_LA_IntHigh_2050","AM","LA","IntHigh","2050",163.990375239379
"031002080706",5200,3450606.4256019,"Lake Panasoffkee","tbcmp_AM_LA_IntHigh_2050","AM","LA","IntHigh","2050",3410.65530440628
"031002080706",6110,4747454.05730845,"Lake Panasoffkee","tbcmp_AM_LA_IntHigh_2050","AM","LA","IntHigh","2050",4692.48803423293
"031002080706",6410,1939159.54263625,"Lake Panasoffkee","tbcmp_AM_LA_IntHigh_2050","AM","LA","IntHigh","2050",1916.70795345161
"031002080800",1100,4233033.3971795,"Nichols Pond","tbcmp_AM_LA_IntHigh_2050","AM","LA","IntHigh","2050",4184.02333650696
"031002080800",1200,2835502.94987935,"Nichols Pond","tbcmp_AM_LA_IntHigh_2050","AM","LA","IntHigh","2050",2802.67349672565
"031002080800",1800,30256,"Nichols Pond","tbcmp_AM_LA_IntHigh_2050","AM","LA","IntHigh","2050",29.905696032
"031002080800",1820,146107,"Nichols Pond","tbcmp_AM_LA_IntHigh_2050","AM","LA","IntHigh","2050",144.415373154
"031002080800",1900,770222.571526386,"Nichols Pond","tbcmp_AM_LA_IntHigh_2050","AM","LA","IntHigh","2050",761.304934593254
"031002080800",2100,12258150.9891363,"Nichols Pond","tbcmp_AM_LA_IntHigh_2050","AM","LA","IntHigh","2050",12116.2261169841
"031002080800",2200,2276,"Nichols Pond","tbcmp_AM_LA_IntHigh_2050","AM","LA","IntHigh","2050",2.249648472
"031002080800",2400,272791.575276331,"Nichols Pond","tbcmp_AM_LA_IntHigh_2050","AM","LA","IntHigh","2050",269.633194417781
"031002080800",3200,494464.263561064,"Nichols Pond","tbcmp_AM_LA_IntHigh_2050","AM","LA","IntHigh","2050",488.739356317554
"031002080800",4100,4409966.34981334,"Nichols Pond","tbcmp_AM_LA_IntHigh_2050","AM","LA","IntHigh","2050",4358.9077594152
"031002080800",4400,571427.354135849,"Nichols Pond","tbcmp_AM_LA_IntHigh_2050","AM","LA","IntHigh","2050",564.811368229664
"031002080800",5200,139607,"Nichols Pond","tbcmp_AM_LA_IntHigh_2050","AM","LA","IntHigh","2050",137.990630154
"031002080800",5400,22644726.6334874,"Nichols Pond","tbcmp_AM_LA_IntHigh_2050","AM","LA","IntHigh","2050",22382.5459885249
"031002080800",6110,114283,"Nichols Pond","tbcmp_AM_LA_IntHigh_2050","AM","LA","IntHigh","2050",112.959831426
"031002080800",6410,281931.556118119,"Nichols Pond","tbcmp_AM_LA_IntHigh_2050","AM","LA","IntHigh","2050",278.667352561383
"031002080901",1100,4876616.37680427,"Bradley Lake","tbcmp_AM_LA_IntHigh_2050","AM","LA","IntHigh","2050",4820.15491239363
"031002080901",1200,1601371.68931273,"Bradley Lake","tbcmp_AM_LA_IntHigh_2050","AM","LA","IntHigh","2050",1582.83100789386
"031002080901",1800,85777.6609221344,"Bradley Lake","tbcmp_AM_LA_IntHigh_2050","AM","LA","IntHigh","2050",84.7845271639779
"031002080901",1820,40457.1737146034,"Bradley Lake","tbcmp_AM_LA_IntHigh_2050","AM","LA","IntHigh","2050",39.9887605573357
"031002080901",1900,1042392.71907291,"Bradley Lake","tbcmp_AM_LA_IntHigh_2050","AM","LA","IntHigh","2050",1030.32389617148
"031002080901",2100,6295636.40708544,"Bradley Lake","tbcmp_AM_LA_IntHigh_2050","AM","LA","IntHigh","2050",6222.7455287642
"031002080901",2200,2703,"Bradley Lake","tbcmp_AM_LA_IntHigh_2050","AM","LA","IntHigh","2050",2.671704666
"031002080901",2400,36504.4671684942,"Bradley Lake","tbcmp_AM_LA_IntHigh_2050","AM","LA","IntHigh","2050",36.0818184476174
"031002080901",3200,25000.3534675197,"Bradley Lake","tbcmp_AM_LA_IntHigh_2050","AM","LA","IntHigh","2050",24.7108993750727
"031002080901",4100,5712820.71071298,"Bradley Lake","tbcmp_AM_LA_IntHigh_2050","AM","LA","IntHigh","2050",5646.67767252435
"031002080901",4400,260580.672978309,"Bradley Lake","tbcmp_AM_LA_IntHigh_2050","AM","LA","IntHigh","2050",257.563669946566
"031002080901",5200,1009402.6644088,"Bradley Lake","tbcmp_AM_LA_IntHigh_2050","AM","LA","IntHigh","2050",997.715800360275
"031002080901",6110,949698.098936126,"Bradley Lake","tbcmp_AM_LA_IntHigh_2050","AM","LA","IntHigh","2050",938.702494346643
"031002080901",6410,5039269.58612914,"Bradley Lake","tbcmp_AM_LA_IntHigh_2050","AM","LA","IntHigh","2050",4980.92492286093
"031002080902",1100,2193721.59145434,"Moccasin Slough","tbcmp_AM_LA_IntHigh_2050","AM","LA","IntHigh","2050",2168.32268286848
"031002080902",1200,4065017.60262372,"Moccasin Slough","tbcmp_AM_LA_IntHigh_2050","AM","LA","IntHigh","2050",4017.95282882055
"031002080902",1800,81717.5922855849,"Moccasin Slough","tbcmp_AM_LA_IntHigh_2050","AM","LA","IntHigh","2050",80.7714660021024
"031002080902",1820,108892.826285099,"Moccasin Slough","tbcmp_AM_LA_IntHigh_2050","AM","LA","IntHigh","2050",107.63206514237
"031002080902",1900,684982.753483674,"Moccasin Slough","tbcmp_AM_LA_IntHigh_2050","AM","LA","IntHigh","2050",677.052023163841
"031002080902",2100,3427024.58263279,"Moccasin Slough","tbcmp_AM_LA_IntHigh_2050","AM","LA","IntHigh","2050",3387.34649201507
"031002080902",2200,10574,"Moccasin Slough","tbcmp_AM_LA_IntHigh_2050","AM","LA","IntHigh","2050",10.451574228
"031002080902",2400,15996.4415237517,"Moccasin Slough","tbcmp_AM_LA_IntHigh_2050","AM","LA","IntHigh","2050",15.8112347237897
"031002080902",3200,217741.501969048,"Moccasin Slough","tbcmp_AM_LA_IntHigh_2050","AM","LA","IntHigh","2050",215.22049085925
"031002080902",4100,7037150.10449683,"Moccasin Slough","tbcmp_AM_LA_IntHigh_2050","AM","LA","IntHigh","2050",6955.67398058696
"031002080902",4400,1080086.79321388,"Moccasin Slough","tbcmp_AM_LA_IntHigh_2050","AM","LA","IntHigh","2050",1067.58154832204
"031002080902",5200,577893.659010175,"Moccasin Slough","tbcmp_AM_LA_IntHigh_2050","AM","LA","IntHigh","2050",571.202806226156
"031002080902",6110,1388377.55110268,"Moccasin Slough","tbcmp_AM_LA_IntHigh_2050","AM","LA","IntHigh","2050",1372.30291581601
"031002080902",6410,2722871.5630744,"Moccasin Slough","tbcmp_AM_LA_IntHigh_2050","AM","LA","IntHigh","2050",2691.34615611712
"031002080902",7100,3372,"Moccasin Slough","tbcmp_AM_LA_IntHigh_2050","AM","LA","IntHigh","2050",3.332958984
"031002080903",1100,73908.6787569727,"031002080903","tbcmp_AM_LA_IntHigh_2050","AM","LA","IntHigh","2050",73.0529640743245
"031002080903",1200,111588.486266735,"031002080903","tbcmp_AM_LA_IntHigh_2050","AM","LA","IntHigh","2050",110.296514772738
"031002080903",1900,975651.473966342,"031002080903","tbcmp_AM_LA_IntHigh_2050","AM","LA","IntHigh","2050",964.355381200759
"031002080903",2100,2887983.45939038,"031002080903","tbcmp_AM_LA_IntHigh_2050","AM","LA","IntHigh","2050",2854.54638689756
"031002080903",3200,1039751.06361764,"031002080903","tbcmp_AM_LA_IntHigh_2050","AM","LA","IntHigh","2050",1027.71282580307
"031002080903",4100,2642011.80664154,"031002080903","tbcmp_AM_LA_IntHigh_2050","AM","LA","IntHigh","2050",2611.42259394424
"031002080903",4400,1557023.98184863,"031002080903","tbcmp_AM_LA_IntHigh_2050","AM","LA","IntHigh","2050",1538.99675818679
"031002080903",5200,857,"031002080903","tbcmp_AM_LA_IntHigh_2050","AM","LA","IntHigh","2050",0.847077654
"031002080903",6110,1487995.21157453,"031002080903","tbcmp_AM_LA_IntHigh_2050","AM","LA","IntHigh","2050",1470.76720301492
"031002080903",6410,1515160.84321935,"031002080903","tbcmp_AM_LA_IntHigh_2050","AM","LA","IntHigh","2050",1497.61831097655
"031002080904",1100,1097426.51332613,"Grand Prairie-Withlacoochee River","tbcmp_AM_LA_IntHigh_2050","AM","LA","IntHigh","2050",1084.72050915484
"031002080904",1200,278466.860761131,"Grand Prairie-Withlacoochee River","tbcmp_AM_LA_IntHigh_2050","AM","LA","IntHigh","2050",275.242771447239
"031002080904",1900,678329.017500598,"Grand Prairie-Withlacoochee River","tbcmp_AM_LA_IntHigh_2050","AM","LA","IntHigh","2050",670.475324135977
"031002080904",2100,3705425.42835756,"Grand Prairie-Withlacoochee River","tbcmp_AM_LA_IntHigh_2050","AM","LA","IntHigh","2050",3662.52401274804
"031002080904",2400,52898.5584765835,"Grand Prairie-Withlacoochee River","tbcmp_AM_LA_IntHigh_2050","AM","LA","IntHigh","2050",52.2860989665416
"031002080904",3200,250586.424508285,"Grand Prairie-Withlacoochee River","tbcmp_AM_LA_IntHigh_2050","AM","LA","IntHigh","2050",247.685134885328
"031002080904",4100,4609978.73675716,"Grand Prairie-Withlacoochee River","tbcmp_AM_LA_IntHigh_2050","AM","LA","IntHigh","2050",4556.60440294298
"031002080904",4400,401905.526797695,"Grand Prairie-Withlacoochee River","tbcmp_AM_LA_IntHigh_2050","AM","LA","IntHigh","2050",397.252264608432
"031002080904",5200,552202.968786251,"Grand Prairie-Withlacoochee River","tbcmp_AM_LA_IntHigh_2050","AM","LA","IntHigh","2050",545.809562813644
"031002080904",6110,5627408.8049724,"Grand Prairie-Withlacoochee River","tbcmp_AM_LA_IntHigh_2050","AM","LA","IntHigh","2050",5562.25466582843
"031002080904",6410,2871662.52829156,"Grand Prairie-Withlacoochee River","tbcmp_AM_LA_IntHigh_2050","AM","LA","IntHigh","2050",2838.414419539
"031002080905",1100,3261066.21454992,"Gum Springs-Withlacoochee River","tbcmp_AM_LA_IntHigh_2050","AM","LA","IntHigh","2050",3223.30958991787
"031002080905",1200,6338350.4663991,"Gum Springs-Withlacoochee River","tbcmp_AM_LA_IntHigh_2050","AM","LA","IntHigh","2050",6264.96504469913
"031002080905",1800,22809,"Gum Springs-Withlacoochee River","tbcmp_AM_LA_IntHigh_2050","AM","LA","IntHigh","2050",22.544917398
"031002080905",1900,5908087.13302784,"Gum Springs-Withlacoochee River","tbcmp_AM_LA_IntHigh_2050","AM","LA","IntHigh","2050",5839.68330020164
"031002080905",2100,1493608.52091132,"Gum Springs-Withlacoochee River","tbcmp_AM_LA_IntHigh_2050","AM","LA","IntHigh","2050",1476.3155214562
"031002080905",2400,120854.915978445,"Gum Springs-Withlacoochee River","tbcmp_AM_LA_IntHigh_2050","AM","LA","IntHigh","2050",119.455657761247
"031002080905",3200,1674337.52960559,"Gum Springs-Withlacoochee River","tbcmp_AM_LA_IntHigh_2050","AM","LA","IntHigh","2050",1654.95204968781
"031002080905",4100,9143707.72334239,"Gum Springs-Withlacoochee River","tbcmp_AM_LA_IntHigh_2050","AM","LA","IntHigh","2050",9037.84187532154
"031002080905",4400,851611.211503666,"Gum Springs-Withlacoochee River","tbcmp_AM_LA_IntHigh_2050","AM","LA","IntHigh","2050",841.751256896876
"031002080905",5200,352847.917876481,"Gum Springs-Withlacoochee River","tbcmp_AM_LA_IntHigh_2050","AM","LA","IntHigh","2050",348.762644683307
"031002080905",6110,5613963.48336717,"Gum Springs-Withlacoochee River","tbcmp_AM_LA_IntHigh_2050","AM","LA","IntHigh","2050",5548.96501415675
"031002080905",6410,2732536.02162577,"Gum Springs-Withlacoochee River","tbcmp_AM_LA_IntHigh_2050","AM","LA","IntHigh","2050",2700.89871956738
"031002080905",7100,33616,"Gum Springs-Withlacoochee River","tbcmp_AM_LA_IntHigh_2050","AM","LA","IntHigh","2050",33.226793952
"031002081001",1100,5987850.7798647,"Henderson Lake","tbcmp_AM_LA_IntHigh_2050","AM","LA","IntHigh","2050",5918.52344353543
"031002081001",1200,5242713.33096879,"Henderson Lake","tbcmp_AM_LA_IntHigh_2050","AM","LA","IntHigh","2050",5182.01319602284
"031002081001",1800,86148,"Henderson Lake","tbcmp_AM_LA_IntHigh_2050","AM","LA","IntHigh","2050",85.150578456
"031002081001",1820,146987.143988876,"Henderson Lake","tbcmp_AM_LA_IntHigh_2050","AM","LA","IntHigh","2050",145.285326835773
"031002081001",1900,1516640.96471699,"Henderson Lake","tbcmp_AM_LA_IntHigh_2050","AM","LA","IntHigh","2050",1499.0812956275
"031002081001",2100,1850852.36638174,"Henderson Lake","tbcmp_AM_LA_IntHigh_2050","AM","LA","IntHigh","2050",1829.42319768377
"031002081001",2200,9428,"Henderson Lake","tbcmp_AM_LA_IntHigh_2050","AM","LA","IntHigh","2050",9.318842616
"031002081001",2400,32119.273400491,"Henderson Lake","tbcmp_AM_LA_IntHigh_2050","AM","LA","IntHigh","2050",31.7473964530601
"031002081001",3200,172462.328477595,"Henderson Lake","tbcmp_AM_LA_IntHigh_2050","AM","LA","IntHigh","2050",170.465559638481
"031002081001",4100,12226015.6843626,"Henderson Lake","tbcmp_AM_LA_IntHigh_2050","AM","LA","IntHigh","2050",12084.462874769
"031002081001",4400,1483956.04193172,"Henderson Lake","tbcmp_AM_LA_IntHigh_2050","AM","LA","IntHigh","2050",1466.77479887823
"031002081001",5200,1821403.88554965,"Henderson Lake","tbcmp_AM_LA_IntHigh_2050","AM","LA","IntHigh","2050",1800.31567136276
"031002081001",6110,736433.060395899,"Henderson Lake","tbcmp_AM_LA_IntHigh_2050","AM","LA","IntHigh","2050",727.906638422635
"031002081001",6410,4602499.55307109,"Henderson Lake","tbcmp_AM_LA_IntHigh_2050","AM","LA","IntHigh","2050",4549.21181324563
"031002081002",1100,9669777.00178884,"Long Arm Prairie","tbcmp_AM_LA_IntHigh_2050","AM","LA","IntHigh","2050",9557.82032366213
"031002081002",1200,5598904.24972699,"Long Arm Prairie","tbcmp_AM_LA_IntHigh_2050","AM","LA","IntHigh","2050",5534.08013632365
"031002081002",1800,117367.393025863,"Long Arm Prairie","tbcmp_AM_LA_IntHigh_2050","AM","LA","IntHigh","2050",116.00851334941
"031002081002",1820,565617.867110465,"Long Arm Prairie","tbcmp_AM_LA_IntHigh_2050","AM","LA","IntHigh","2050",559.06914344506
"031002081002",1900,2968435.49725224,"Long Arm Prairie","tbcmp_AM_LA_IntHigh_2050","AM","LA","IntHigh","2050",2934.06695106505
"031002081002",2100,1761094.01087531,"Long Arm Prairie","tbcmp_AM_LA_IntHigh_2050","AM","LA","IntHigh","2050",1740.7040644174
"031002081002",2400,12163.7237036713,"Long Arm Prairie","tbcmp_AM_LA_IntHigh_2050","AM","LA","IntHigh","2050",12.0228921106302
"031002081002",3200,537604.619180056,"Long Arm Prairie","tbcmp_AM_LA_IntHigh_2050","AM","LA","IntHigh","2050",531.380232899189
"031002081002",4100,7247915.10502344,"Long Arm Prairie","tbcmp_AM_LA_IntHigh_2050","AM","LA","IntHigh","2050",7163.99874393748
"031002081002",4400,712388.277131202,"Long Arm Prairie","tbcmp_AM_LA_IntHigh_2050","AM","LA","IntHigh","2050",704.140245658577
"031002081002",5200,1302637.33104414,"Long Arm Prairie","tbcmp_AM_LA_IntHigh_2050","AM","LA","IntHigh","2050",1287.55539602531
"031002081002",6110,1247154.00672021,"Long Arm Prairie","tbcmp_AM_LA_IntHigh_2050","AM","LA","IntHigh","2050",1232.71445763041
"031002081002",6410,4698675.21244553,"Long Arm Prairie","tbcmp_AM_LA_IntHigh_2050","AM","LA","IntHigh","2050",4644.27395083584
"031002081003",1100,1658128.01066586,"Ross Prairie-Withlacoochee River","tbcmp_AM_LA_IntHigh_2050","AM","LA","IntHigh","2050",1638.93020455837
"031002081003",1200,659997.779190326,"Ross Prairie-Withlacoochee River","tbcmp_AM_LA_IntHigh_2050","AM","LA","IntHigh","2050",652.356324902861
"031002081003",1800,41660,"Ross Prairie-Withlacoochee River","tbcmp_AM_LA_IntHigh_2050","AM","LA","IntHigh","2050",41.17766052
"031002081003",1820,153081,"Ross Prairie-Withlacoochee River","tbcmp_AM_LA_IntHigh_2050","AM","LA","IntHigh","2050",151.308628182
"031002081003",1900,815014.140415788,"Ross Prairie-Withlacoochee River","tbcmp_AM_LA_IntHigh_2050","AM","LA","IntHigh","2050",805.577906698054
"031002081003",2100,3885051.82505804,"Ross Prairie-Withlacoochee River","tbcmp_AM_LA_IntHigh_2050","AM","LA","IntHigh","2050",3840.07069502752
"031002081003",2400,17373.002895607,"Ross Prairie-Withlacoochee River","tbcmp_AM_LA_IntHigh_2050","AM","LA","IntHigh","2050",17.1718582680817
"031002081003",3200,977427.907959265,"Ross Prairie-Withlacoochee River","tbcmp_AM_LA_IntHigh_2050","AM","LA","IntHigh","2050",966.111247640913
"031002081003",4100,8846958.66342095,"Ross Prairie-Withlacoochee River","tbcmp_AM_LA_IntHigh_2050","AM","LA","IntHigh","2050",8744.52857601587
"031002081003",4400,2039558.46379449,"Ross Prairie-Withlacoochee River","tbcmp_AM_LA_IntHigh_2050","AM","LA","IntHigh","2050",2015.94445590068
"031002081003",5200,258283.820990049,"Ross Prairie-Withlacoochee River","tbcmp_AM_LA_IntHigh_2050","AM","LA","IntHigh","2050",255.293410910626
"031002081003",6110,4146519.09408547,"Ross Prairie-Withlacoochee River","tbcmp_AM_LA_IntHigh_2050","AM","LA","IntHigh","2050",4098.51069601415
"031002081003",6410,1847434.41150734,"Ross Prairie-Withlacoochee River","tbcmp_AM_LA_IntHigh_2050","AM","LA","IntHigh","2050",1826.04481589091
"031002081004",1100,4939356.69897777,"Two Mile Prairie-Withlacoochee River","tbcmp_AM_LA_IntHigh_2050","AM","LA","IntHigh","2050",4882.168827117
"031002081004",1200,2692357.24708434,"Two Mile Prairie-Withlacoochee River","tbcmp_AM_LA_IntHigh_2050","AM","LA","IntHigh","2050",2661.1851348776
"031002081004",1800,58278.177624118,"Two Mile Prairie-Withlacoochee River","tbcmp_AM_LA_IntHigh_2050","AM","LA","IntHigh","2050",57.603432883586
"031002081004",1820,196569,"Two Mile Prairie-Withlacoochee River","tbcmp_AM_LA_IntHigh_2050","AM","LA","IntHigh","2050",194.293124118
"031002081004",1900,4930912.36160272,"Two Mile Prairie-Withlacoochee River","tbcmp_AM_LA_IntHigh_2050","AM","LA","IntHigh","2050",4873.82225828009
"031002081004",2100,2415109.82369338,"Two Mile Prairie-Withlacoochee River","tbcmp_AM_LA_IntHigh_2050","AM","LA","IntHigh","2050",2387.14768215466
"031002081004",2400,35922.590336441,"Two Mile Prairie-Withlacoochee River","tbcmp_AM_LA_IntHigh_2050","AM","LA","IntHigh","2050",35.5066785855256
"031002081004",3200,792496.79139077,"Two Mile Prairie-Withlacoochee River","tbcmp_AM_LA_IntHigh_2050","AM","LA","IntHigh","2050",783.321263540048
"031002081004",4100,5250063.97962455,"Two Mile Prairie-Withlacoochee River","tbcmp_AM_LA_IntHigh_2050","AM","LA","IntHigh","2050",5189.27873886845
"031002081004",4400,1812614.03172679,"Two Mile Prairie-Withlacoochee River","tbcmp_AM_LA_IntHigh_2050","AM","LA","IntHigh","2050",1791.62758646746
"031002081004",5200,398060.21759939,"Two Mile Prairie-Withlacoochee River","tbcmp_AM_LA_IntHigh_2050","AM","LA","IntHigh","2050",393.451476400024
"031002081004",6110,1206660.73352124,"Two Mile Prairie-Withlacoochee River","tbcmp_AM_LA_IntHigh_2050","AM","LA","IntHigh","2050",1192.69001554853
"031002081004",6410,1587079.43990472,"Two Mile Prairie-Withlacoochee River","tbcmp_AM_LA_IntHigh_2050","AM","LA","IntHigh","2050",1568.7042341495
"031002081101",1100,87715.9555809012,"Rainbow River","tbcmp_AM_LA_IntHigh_2050","AM","LA","IntHigh","2050",86.7003802471856
"031002081101",1200,152854.20539956,"Rainbow River","tbcmp_AM_LA_IntHigh_2050","AM","LA","IntHigh","2050",151.084459409444
"031002081101",1800,21235,"Rainbow River","tbcmp_AM_LA_IntHigh_2050","AM","LA","IntHigh","2050",20.98914117
"031002081101",1900,18580,"Rainbow River","tbcmp_AM_LA_IntHigh_2050","AM","LA","IntHigh","2050",18.36488076
"031002081101",2100,166711.102179609,"Rainbow River","tbcmp_AM_LA_IntHigh_2050","AM","LA","IntHigh","2050",164.780921038573
"031002081101",4100,127756.822514478,"Rainbow River","tbcmp_AM_LA_IntHigh_2050","AM","LA","IntHigh","2050",126.277654023405
"031002081101",4400,282314.944530308,"Rainbow River","tbcmp_AM_LA_IntHigh_2050","AM","LA","IntHigh","2050",279.046302102536
"031002081101",5200,24170.8765254063,"Rainbow River","tbcmp_AM_LA_IntHigh_2050","AM","LA","IntHigh","2050",23.8910261169952
"031002081101",6110,47088.1166460626,"Rainbow River","tbcmp_AM_LA_IntHigh_2050","AM","LA","IntHigh","2050",46.5429304315345
"031002081101",6410,8502,"Rainbow River","tbcmp_AM_LA_IntHigh_2050","AM","LA","IntHigh","2050",8.403563844
"031002081102",1100,2607758.12449089,"Turner Lake-Withlacoochee River","tbcmp_AM_LA_IntHigh_2050","AM","LA","IntHigh","2050",2577.56550092553
"031002081102",1200,811399.206770079,"Turner Lake-Withlacoochee River","tbcmp_AM_LA_IntHigh_2050","AM","LA","IntHigh","2050",802.004826754096
"031002081102",1900,968087.833480438,"Turner Lake-Withlacoochee River","tbcmp_AM_LA_IntHigh_2050","AM","LA","IntHigh","2050",956.879312544401
"031002081102",2100,726391.410818562,"Turner Lake-Withlacoochee River","tbcmp_AM_LA_IntHigh_2050","AM","LA","IntHigh","2050",717.981251064104
"031002081102",3200,11723,"Turner Lake-Withlacoochee River","tbcmp_AM_LA_IntHigh_2050","AM","LA","IntHigh","2050",11.587271106
"031002081102",4100,952516.410379845,"Turner Lake-Withlacoochee River","tbcmp_AM_LA_IntHigh_2050","AM","LA","IntHigh","2050",941.488175380467
"031002081102",4400,53579.5094891539,"Turner Lake-Withlacoochee River","tbcmp_AM_LA_IntHigh_2050","AM","LA","IntHigh","2050",52.9591659282884
"031002081102",5200,359874.242561672,"Turner Lake-Withlacoochee River","tbcmp_AM_LA_IntHigh_2050","AM","LA","IntHigh","2050",355.707618581293
"031002081102",6110,319692.459002792,"Turner Lake-Withlacoochee River","tbcmp_AM_LA_IntHigh_2050","AM","LA","IntHigh","2050",315.991059712458
"031002081102",6410,720565.296356029,"Turner Lake-Withlacoochee River","tbcmp_AM_LA_IntHigh_2050","AM","LA","IntHigh","2050",712.222591354819
"031002081103",0,4761,"Lake Rousseau-Withlacoochee River","tbcmp_AM_LA_IntHigh_2050","AM","LA","IntHigh","2050",4.705877142
"031002081103",1100,2785150.09017829,"Lake Rousseau-Withlacoochee River","tbcmp_AM_LA_IntHigh_2050","AM","LA","IntHigh","2050",2752.90362243421
"031002081103",1200,2718261.51051497,"Lake Rousseau-Withlacoochee River","tbcmp_AM_LA_IntHigh_2050","AM","LA","IntHigh","2050",2686.78947874623
"031002081103",1800,97189.1751617404,"Lake Rousseau-Withlacoochee River","tbcmp_AM_LA_IntHigh_2050","AM","LA","IntHigh","2050",96.0639188917178
"031002081103",1900,1103704.83450483,"Lake Rousseau-Withlacoochee River","tbcmp_AM_LA_IntHigh_2050","AM","LA","IntHigh","2050",1090.92613993093
"031002081103",2100,827555.862102035,"Lake Rousseau-Withlacoochee River","tbcmp_AM_LA_IntHigh_2050","AM","LA","IntHigh","2050",817.974420330618
"031002081103",3200,800345.48217601,"Lake Rousseau-Withlacoochee River","tbcmp_AM_LA_IntHigh_2050","AM","LA","IntHigh","2050",791.079082183376
"031002081103",4100,2899649.01780548,"Lake Rousseau-Withlacoochee River","tbcmp_AM_LA_IntHigh_2050","AM","LA","IntHigh","2050",2866.07688147733
"031002081103",4400,2634585.87907711,"Lake Rousseau-Withlacoochee River","tbcmp_AM_LA_IntHigh_2050","AM","LA","IntHigh","2050",2604.08264376916
"031002081103",5200,2297117.04940444,"Lake Rousseau-Withlacoochee River","tbcmp_AM_LA_IntHigh_2050","AM","LA","IntHigh","2050",2270.52102820644
"031002081103",5400,746122.34743393,"Lake Rousseau-Withlacoochee River","tbcmp_AM_LA_IntHigh_2050","AM","LA","IntHigh","2050",737.48374289534
"031002081103",6110,1822362.52859284,"Lake Rousseau-Withlacoochee River","tbcmp_AM_LA_IntHigh_2050","AM","LA","IntHigh","2050",1801.26321523679
"031002081103",6120,159575.810206168,"Lake Rousseau-Withlacoochee River","tbcmp_AM_LA_IntHigh_2050","AM","LA","IntHigh","2050",157.728241475601
"031002081103",6410,939615.698734368,"Lake Rousseau-Withlacoochee River","tbcmp_AM_LA_IntHigh_2050","AM","LA","IntHigh","2050",928.736828174421
"031002081103",6420,1189866.7430369,"Lake Rousseau-Withlacoochee River","tbcmp_AM_LA_IntHigh_2050","AM","LA","IntHigh","2050",1176.09046588601
"031002081103",6425,355924.663814604,"Lake Rousseau-Withlacoochee River","tbcmp_AM_LA_IntHigh_2050","AM","LA","IntHigh","2050",351.803768056959
"031002081103",6510,83629.433577965,"Lake Rousseau-Withlacoochee River","tbcmp_AM_LA_IntHigh_2050","AM","LA","IntHigh","2050",82.6611719959993
"031002081103",6600,575902.203930417,"Lake Rousseau-Withlacoochee River","tbcmp_AM_LA_IntHigh_2050","AM","LA","IntHigh","2050",569.234408213311
"031002081103",9113,552699.864827751,"Lake Rousseau-Withlacoochee River","tbcmp_AM_LA_IntHigh_2050","AM","LA","IntHigh","2050",546.300705792775
"031101010603",0,4815,"Thousandmile Creek-Frontal Withlacoochee Bay","tbcmp_AM_LA_IntHigh_2050","AM","LA","IntHigh","2050",4.75925193
"031101010603",1100,342197.120965343,"Thousandmile Creek-Frontal Withlacoochee Bay","tbcmp_AM_LA_IntHigh_2050","AM","LA","IntHigh","2050",338.235162698807
"031101010603",1200,34335.4008172076,"Thousandmile Creek-Frontal Withlacoochee Bay","tbcmp_AM_LA_IntHigh_2050","AM","LA","IntHigh","2050",33.937865546546
"031101010603",1800,1805.85496028051,"Thousandmile Creek-Frontal Withlacoochee Bay","tbcmp_AM_LA_IntHigh_2050","AM","LA","IntHigh","2050",1.78494677155038
"031101010603",1900,43512.0643512366,"Thousandmile Creek-Frontal Withlacoochee Bay","tbcmp_AM_LA_IntHigh_2050","AM","LA","IntHigh","2050",43.008281670178
"031101010603",3200,61565.9379415805,"Thousandmile Creek-Frontal Withlacoochee Bay","tbcmp_AM_LA_IntHigh_2050","AM","LA","IntHigh","2050",60.8531275120929
"031101010603",4100,741863.211410526,"Thousandmile Creek-Frontal Withlacoochee Bay","tbcmp_AM_LA_IntHigh_2050","AM","LA","IntHigh","2050",733.273919148815
"031101010603",4400,1362374.00602971,"Thousandmile Creek-Frontal Withlacoochee Bay","tbcmp_AM_LA_IntHigh_2050","AM","LA","IntHigh","2050",1346.6004397879
"031101010603",5200,1956,"Thousandmile Creek-Frontal Withlacoochee Bay","tbcmp_AM_LA_IntHigh_2050","AM","LA","IntHigh","2050",1.933353432
"031101010603",5400,134085.331763963,"Thousandmile Creek-Frontal Withlacoochee Bay","tbcmp_AM_LA_IntHigh_2050","AM","LA","IntHigh","2050",132.532891792799
"031101010603",6110,870697.212654083,"Thousandmile Creek-Frontal Withlacoochee Bay","tbcmp_AM_LA_IntHigh_2050","AM","LA","IntHigh","2050",860.616280325974
"031101010603",6120,385099.066474025,"Thousandmile Creek-Frontal Withlacoochee Bay","tbcmp_AM_LA_IntHigh_2050","AM","LA","IntHigh","2050",380.640389482389
"031101010603",6410,145463.984480628,"Thousandmile Creek-Frontal Withlacoochee Bay","tbcmp_AM_LA_IntHigh_2050","AM","LA","IntHigh","2050",143.779802468312
"031101010603",6420,1334854.30061627,"Thousandmile Creek-Frontal Withlacoochee Bay","tbcmp_AM_LA_IntHigh_2050","AM","LA","IntHigh","2050",1319.39935752374
"031101010603",6425,42794.2617663355,"Thousandmile Creek-Frontal Withlacoochee Bay","tbcmp_AM_LA_IntHigh_2050","AM","LA","IntHigh","2050",42.2987898036049
"031101010603",6510,13989.0766468226,"Thousandmile Creek-Frontal Withlacoochee Bay","tbcmp_AM_LA_IntHigh_2050","AM","LA","IntHigh","2050",13.8271111174057
"031101010603",6600,247473.054390622,"Thousandmile Creek-Frontal Withlacoochee Bay","tbcmp_AM_LA_IntHigh_2050","AM","LA","IntHigh","2050",244.607811366887
"031101010603",9113,1112288.82312174,"Thousandmile Creek-Frontal Withlacoochee Bay","tbcmp_AM_LA_IntHigh_2050","AM","LA","IntHigh","2050",1099.41074312763
"031101010700",0,1439,"Waccasassa Bay-Gulf of Mexico","tbcmp_AM_LA_IntHigh_2050","AM","LA","IntHigh","2050",1.422339258
"031101010700",1100,3202.98196308193,"Waccasassa Bay-Gulf of Mexico","tbcmp_AM_LA_IntHigh_2050","AM","LA","IntHigh","2050",3.16589783791337
"031101010700",5400,28845673.5489984,"Waccasassa Bay-Gulf of Mexico","tbcmp_AM_LA_IntHigh_2050","AM","LA","IntHigh","2050",28511.6983406481
"031101010700",6110,5445.35508483451,"Waccasassa Bay-Gulf of Mexico","tbcmp_AM_LA_IntHigh_2050","AM","LA","IntHigh","2050",5.3823087636623
"031101010700",6120,19128.262386993,"Waccasassa Bay-Gulf of Mexico","tbcmp_AM_LA_IntHigh_2050","AM","LA","IntHigh","2050",18.9067953650764
"031101010700",6420,16201.8208520545,"Waccasassa Bay-Gulf of Mexico","tbcmp_AM_LA_IntHigh_2050","AM","LA","IntHigh","2050",16.0142361702294
"031101010700",6425,1080.42690778337,"Waccasassa Bay-Gulf of Mexico","tbcmp_AM_LA_IntHigh_2050","AM","LA","IntHigh","2050",1.06791772504506
"031101010700",6510,467.192130170355,"Waccasassa Bay-Gulf of Mexico","tbcmp_AM_LA_IntHigh_2050","AM","LA","IntHigh","2050",0.461782979687243
"031101010700",6600,2758.65307932533,"Waccasassa Bay-Gulf of Mexico","tbcmp_AM_LA_IntHigh_2050","AM","LA","IntHigh","2050",2.7267133939729
"031101010700",9113,2760270.71581666,"Waccasassa Bay-Gulf of Mexico","tbcmp_AM_LA_IntHigh_2050","AM","LA","IntHigh","2050",2728.31230146894
