"id","value","count","huc12_name","filename","land_policy","accretion","slr_scenario","yr","acres"
"030801020502",1100,77218.2765907975,"Lake Weir","tbcmp_PD_HA_IntHigh_2100","PD","HA","IntHigh","2100",76.3242433844292
"030801020502",1200,62653.7025831299,"Lake Weir","tbcmp_PD_HA_IntHigh_2100","PD","HA","IntHigh","2100",61.9282980146224
"030801020502",1900,8828.70791758293,"Lake Weir","tbcmp_PD_HA_IntHigh_2100","PD","HA","IntHigh","2100",8.72648913731316
"030801020502",2100,390191.321326689,"Lake Weir","tbcmp_PD_HA_IntHigh_2100","PD","HA","IntHigh","2100",385.673686208369
"030801020502",4100,15690,"Lake Weir","tbcmp_PD_HA_IntHigh_2100","PD","HA","IntHigh","2100",15.50834118
"030801020502",5200,2902,"Lake Weir","tbcmp_PD_HA_IntHigh_2100","PD","HA","IntHigh","2100",2.868400644
"030801020502",5400,2725742.12483112,"Lake Weir","tbcmp_PD_HA_IntHigh_2100","PD","HA","IntHigh","2100",2694.18348250983
"030801020502",6410,17900.443881973,"Lake Weir","tbcmp_PD_HA_IntHigh_2100","PD","HA","IntHigh","2100",17.6931925427076
"030801020600",4100,422625.631748731,"Brooks Branch","tbcmp_PD_HA_IntHigh_2100","PD","HA","IntHigh","2100",417.732472184344
"030801020600",NA,0.00721924373647198,"Brooks Branch","tbcmp_PD_HA_IntHigh_2100","PD","HA","IntHigh","2100",7.13565933249111e-06
"031001010401",1200,193938.420828161,"Upper Payne Creek","tbcmp_PD_HA_IntHigh_2100","PD","HA","IntHigh","2100",191.693001791813
"031001010401",1900,32691.9442530551,"Upper Payne Creek","tbcmp_PD_HA_IntHigh_2100","PD","HA","IntHigh","2100",32.3134369224933
"031001010401",4400,1040.59713292328,"Upper Payne Creek","tbcmp_PD_HA_IntHigh_2100","PD","HA","IntHigh","2100",1.0285490993183
"031001010401",6110,14518,"Upper Payne Creek","tbcmp_PD_HA_IntHigh_2100","PD","HA","IntHigh","2100",14.349910596
"031001010401",6410,7091,"Upper Payne Creek","tbcmp_PD_HA_IntHigh_2100","PD","HA","IntHigh","2100",7.008900402
"031001010801",1200,7680558.17157581,"Headwaters Horse Creek","tbcmp_PD_HA_IntHigh_2100","PD","HA","IntHigh","2100",7591.6326690653
"031001010801",1900,974142.339984947,"Headwaters Horse Creek","tbcmp_PD_HA_IntHigh_2100","PD","HA","IntHigh","2100",962.863719972601
"031001010801",2100,633529.829814969,"Headwaters Horse Creek","tbcmp_PD_HA_IntHigh_2100","PD","HA","IntHigh","2100",626.194821445372
"031001010801",2200,255094.503034649,"Headwaters Horse Creek","tbcmp_PD_HA_IntHigh_2100","PD","HA","IntHigh","2100",252.141018878514
"031001010801",2400,26635.1130176269,"Headwaters Horse Creek","tbcmp_PD_HA_IntHigh_2100","PD","HA","IntHigh","2100",26.3267316791088
"031001010801",3200,745410.311857287,"Headwaters Horse Creek","tbcmp_PD_HA_IntHigh_2100","PD","HA","IntHigh","2100",736.779951266603
"031001010801",4100,275099.221446541,"Headwaters Horse Creek","tbcmp_PD_HA_IntHigh_2100","PD","HA","IntHigh","2100",271.914122660633
"031001010801",4400,46538,"Headwaters Horse Creek","tbcmp_PD_HA_IntHigh_2100","PD","HA","IntHigh","2100",45.999183036
"031001010801",5200,168160,"Headwaters Horse Creek","tbcmp_PD_HA_IntHigh_2100","PD","HA","IntHigh","2100",166.21304352
"031001010801",6110,552135.99046908,"Headwaters Horse Creek","tbcmp_PD_HA_IntHigh_2100","PD","HA","IntHigh","2100",545.743359971429
"031001010801",6410,726554.981060246,"Headwaters Horse Creek","tbcmp_PD_HA_IntHigh_2100","PD","HA","IntHigh","2100",718.142927489531
"031001010803",1100,52792.4168933651,"Upper Horse Creek","tbcmp_PD_HA_IntHigh_2100","PD","HA","IntHigh","2100",52.1811862905738
"031001010803",1200,14486.2498590584,"Upper Horse Creek","tbcmp_PD_HA_IntHigh_2100","PD","HA","IntHigh","2100",14.3185280581902
"031001010803",1900,458060.086452589,"Upper Horse Creek","tbcmp_PD_HA_IntHigh_2100","PD","HA","IntHigh","2100",452.756666771641
"031001010803",2100,989649.241937042,"Upper Horse Creek","tbcmp_PD_HA_IntHigh_2100","PD","HA","IntHigh","2100",978.191083013895
"031001010803",2200,725065.837779705,"Upper Horse Creek","tbcmp_PD_HA_IntHigh_2100","PD","HA","IntHigh","2100",716.671025509892
"031001010803",3200,76608.7498384625,"Upper Horse Creek","tbcmp_PD_HA_IntHigh_2100","PD","HA","IntHigh","2100",75.7217737328328
"031001010803",4100,234112.485862316,"Upper Horse Creek","tbcmp_PD_HA_IntHigh_2100","PD","HA","IntHigh","2100",231.401931501002
"031001010803",4400,5146,"Upper Horse Creek","tbcmp_PD_HA_IntHigh_2100","PD","HA","IntHigh","2100",5.086419612
"031001010803",5200,1434,"Upper Horse Creek","tbcmp_PD_HA_IntHigh_2100","PD","HA","IntHigh","2100",1.417397148
"031001010803",6110,254773.926281599,"Upper Horse Creek","tbcmp_PD_HA_IntHigh_2100","PD","HA","IntHigh","2100",251.82415376311
"031001010803",6410,390547.873490125,"Upper Horse Creek","tbcmp_PD_HA_IntHigh_2100","PD","HA","IntHigh","2100",386.026110210857
"031001010806",1100,20331.7966255765,"Buzzard Roost Branch","tbcmp_PD_HA_IntHigh_2100","PD","HA","IntHigh","2100",20.0963950842455
"031001010806",1900,104807.374690723,"Buzzard Roost Branch","tbcmp_PD_HA_IntHigh_2100","PD","HA","IntHigh","2100",103.593914906554
"031001010806",2100,830656.450225973,"Buzzard Roost Branch","tbcmp_PD_HA_IntHigh_2100","PD","HA","IntHigh","2100",821.039109845257
"031001010806",2200,588311,"Buzzard Roost Branch","tbcmp_PD_HA_IntHigh_2100","PD","HA","IntHigh","2100",581.499535242
"031001010806",3200,348625.123518553,"Buzzard Roost Branch","tbcmp_PD_HA_IntHigh_2100","PD","HA","IntHigh","2100",344.588741838456
"031001010806",4100,302036.872914824,"Buzzard Roost Branch","tbcmp_PD_HA_IntHigh_2100","PD","HA","IntHigh","2100",298.539890000217
"031001010806",6110,169550.605994488,"Buzzard Roost Branch","tbcmp_PD_HA_IntHigh_2100","PD","HA","IntHigh","2100",167.587549078284
"031001010806",6410,278980.950816034,"Buzzard Roost Branch","tbcmp_PD_HA_IntHigh_2100","PD","HA","IntHigh","2100",275.750909367486
"031001010907",1900,8006.95292734334,"Lettuce Lake-Peace River","tbcmp_PD_HA_IntHigh_2100","PD","HA","IntHigh","2100",7.91424842635056
"031001010907",3200,11232.6173696741,"Lettuce Lake-Peace River","tbcmp_PD_HA_IntHigh_2100","PD","HA","IntHigh","2100",11.1025661257681
"031001010907",4100,3701.32471139521,"Lettuce Lake-Peace River","tbcmp_PD_HA_IntHigh_2100","PD","HA","IntHigh","2100",3.65847077388668
"031001010907",5200,774.925107090734,"Lettuce Lake-Peace River","tbcmp_PD_HA_IntHigh_2100","PD","HA","IntHigh","2100",0.765953024200837
"031001010907",6110,1542.09632560611,"Lettuce Lake-Peace River","tbcmp_PD_HA_IntHigh_2100","PD","HA","IntHigh","2100",1.52424193434824
"031001010907",6410,2125,"Lettuce Lake-Peace River","tbcmp_PD_HA_IntHigh_2100","PD","HA","IntHigh","2100",2.10039675
"031001011106",1200,61017.9660891353,"Shell Creek-Peace River","tbcmp_PD_HA_IntHigh_2100","PD","HA","IntHigh","2100",60.3115000777553
"031001011106",1900,298697.468060371,"Shell Creek-Peace River","tbcmp_PD_HA_IntHigh_2100","PD","HA","IntHigh","2100",295.239148775168
"031001011106",4100,5369.53860209626,"Shell Creek-Peace River","tbcmp_PD_HA_IntHigh_2100","PD","HA","IntHigh","2100",5.30737008416119
"031001011106",5200,8025.59938517492,"Shell Creek-Peace River","tbcmp_PD_HA_IntHigh_2100","PD","HA","IntHigh","2100",7.93267899549337
"031001011106",6410,14976,"Shell Creek-Peace River","tbcmp_PD_HA_IntHigh_2100","PD","HA","IntHigh","2100",14.802607872
"031001011107",0,54,"Little Alligator Creek-Peace River","tbcmp_PD_HA_IntHigh_2100","PD","HA","IntHigh","2100",0.053374788
"031001011107",1100,2383203.39763949,"Little Alligator Creek-Peace River","tbcmp_PD_HA_IntHigh_2100","PD","HA","IntHigh","2100",2355.61066870162
"031001011107",1200,14650190.2901707,"Little Alligator Creek-Peace River","tbcmp_PD_HA_IntHigh_2100","PD","HA","IntHigh","2100",14480.5703869911
"031001011107",1800,150727.742208093,"Little Alligator Creek-Peace River","tbcmp_PD_HA_IntHigh_2100","PD","HA","IntHigh","2100",148.982616408808
"031001011107",1820,152236,"Little Alligator Creek-Peace River","tbcmp_PD_HA_IntHigh_2100","PD","HA","IntHigh","2100",150.473411592
"031001011107",1900,1575012.63067129,"Little Alligator Creek-Peace River","tbcmp_PD_HA_IntHigh_2100","PD","HA","IntHigh","2100",1556.77713443338
"031001011107",3200,76755.8719856324,"Little Alligator Creek-Peace River","tbcmp_PD_HA_IntHigh_2100","PD","HA","IntHigh","2100",75.8671924997827
"031001011107",4100,76068,"Little Alligator Creek-Peace River","tbcmp_PD_HA_IntHigh_2100","PD","HA","IntHigh","2100",75.187284696
"031001011107",5200,319117.797885285,"Little Alligator Creek-Peace River","tbcmp_PD_HA_IntHigh_2100","PD","HA","IntHigh","2100",315.423052021369
"031001011107",5400,1363210.07408242,"Little Alligator Creek-Peace River","tbcmp_PD_HA_IntHigh_2100","PD","HA","IntHigh","2100",1347.42682784469
"031001011107",6110,32406,"Little Alligator Creek-Peace River","tbcmp_PD_HA_IntHigh_2100","PD","HA","IntHigh","2100",32.030803332
"031001011107",6120,703867.164738751,"Little Alligator Creek-Peace River","tbcmp_PD_HA_IntHigh_2100","PD","HA","IntHigh","2100",695.717790705406
"031001011107",6410,77717,"Little Alligator Creek-Peace River","tbcmp_PD_HA_IntHigh_2100","PD","HA","IntHigh","2100",76.817192574
"031001011107",6420,29023.9430531653,"Little Alligator Creek-Peace River","tbcmp_PD_HA_IntHigh_2100","PD","HA","IntHigh","2100",28.6879038404958
"031001011107",6425,158097.344514698,"Little Alligator Creek-Peace River","tbcmp_PD_HA_IntHigh_2100","PD","HA","IntHigh","2100",156.266893459906
"031001011107",6510,53371.8565715562,"Little Alligator Creek-Peace River","tbcmp_PD_HA_IntHigh_2100","PD","HA","IntHigh","2100",52.7539172161707
"031001011107",6600,117158.895822222,"Little Alligator Creek-Peace River","tbcmp_PD_HA_IntHigh_2100","PD","HA","IntHigh","2100",115.802430126392
"031001011107",9113,1386336.53906886,"Little Alligator Creek-Peace River","tbcmp_PD_HA_IntHigh_2100","PD","HA","IntHigh","2100",1370.28553461952
"031001011108",1100,81.0721123903641,"Alligator Bay-Peace River","tbcmp_PD_HA_IntHigh_2100","PD","HA","IntHigh","2100",0.0801334594731084
"031001011108",1200,5597.4146434755,"Alligator Bay-Peace River","tbcmp_PD_HA_IntHigh_2100","PD","HA","IntHigh","2100",5.53260777673335
"031001011108",1800,7719.25779181538,"Alligator Bay-Peace River","tbcmp_PD_HA_IntHigh_2100","PD","HA","IntHigh","2100",7.62988422510175
"031001011108",5400,2750766.52076222,"Alligator Bay-Peace River","tbcmp_PD_HA_IntHigh_2100","PD","HA","IntHigh","2100",2718.91814598484
"031001011108",6120,2211.73394731908,"Alligator Bay-Peace River","tbcmp_PD_HA_IntHigh_2100","PD","HA","IntHigh","2100",2.18612649167702
"031001011108",6425,422.524583721708,"Alligator Bay-Peace River","tbcmp_PD_HA_IntHigh_2100","PD","HA","IntHigh","2100",0.417632594091378
"031001011108",6510,171.29769953317,"Alligator Bay-Peace River","tbcmp_PD_HA_IntHigh_2100","PD","HA","IntHigh","2100",0.169314414767975
"031001011108",9113,33152.0370744184,"Alligator Bay-Peace River","tbcmp_PD_HA_IntHigh_2100","PD","HA","IntHigh","2100",32.7682027891708
"031001020101",1100,2642808.23340274,"Wingate Creek-Myakka River","tbcmp_PD_HA_IntHigh_2100","PD","HA","IntHigh","2100",2612.2097996764
"031001020101",1200,3690755.89195968,"Wingate Creek-Myakka River","tbcmp_PD_HA_IntHigh_2100","PD","HA","IntHigh","2100",3648.02432024257
"031001020101",1800,138475,"Wingate Creek-Myakka River","tbcmp_PD_HA_IntHigh_2100","PD","HA","IntHigh","2100",136.87173645
"031001020101",1900,1091147.97652265,"Wingate Creek-Myakka River","tbcmp_PD_HA_IntHigh_2100","PD","HA","IntHigh","2100",1078.51466525047
"031001020101",2100,4073138.2745912,"Wingate Creek-Myakka River","tbcmp_PD_HA_IntHigh_2100","PD","HA","IntHigh","2100",4025.97947964798
"031001020101",2200,91536,"Wingate Creek-Myakka River","tbcmp_PD_HA_IntHigh_2100","PD","HA","IntHigh","2100",90.476196192
"031001020101",2400,35549.0130881169,"Wingate Creek-Myakka River","tbcmp_PD_HA_IntHigh_2100","PD","HA","IntHigh","2100",35.1374266145827
"031001020101",3200,2411819.45119954,"Wingate Creek-Myakka River","tbcmp_PD_HA_IntHigh_2100","PD","HA","IntHigh","2100",2383.89540559355
"031001020101",4100,1976810.26480773,"Wingate Creek-Myakka River","tbcmp_PD_HA_IntHigh_2100","PD","HA","IntHigh","2100",1953.92275556179
"031001020101",4400,5731.78885567903,"Wingate Creek-Myakka River","tbcmp_PD_HA_IntHigh_2100","PD","HA","IntHigh","2100",5.66542620430798
"031001020101",5200,63511.1649211908,"Wingate Creek-Myakka River","tbcmp_PD_HA_IntHigh_2100","PD","HA","IntHigh","2100",62.7758326537333
"031001020101",6110,1477144.77773996,"Wingate Creek-Myakka River","tbcmp_PD_HA_IntHigh_2100","PD","HA","IntHigh","2100",1460.04239550329
"031001020101",6410,795522.318672875,"Wingate Creek-Myakka River","tbcmp_PD_HA_IntHigh_2100","PD","HA","IntHigh","2100",786.311761267281
"031001020102",1100,2007098.89292104,"Oglegy Creek","tbcmp_PD_HA_IntHigh_2100","PD","HA","IntHigh","2100",1983.8607019388
"031001020102",1200,237239.410955151,"Oglegy Creek","tbcmp_PD_HA_IntHigh_2100","PD","HA","IntHigh","2100",234.492653055112
"031001020102",1900,812179.495000871,"Oglegy Creek","tbcmp_PD_HA_IntHigh_2100","PD","HA","IntHigh","2100",802.776080807751
"031001020102",2100,7742275.59809505,"Oglegy Creek","tbcmp_PD_HA_IntHigh_2100","PD","HA","IntHigh","2100",7652.6355312203
"031001020102",2200,211000.965943537,"Oglegy Creek","tbcmp_PD_HA_IntHigh_2100","PD","HA","IntHigh","2100",208.557996759843
"031001020102",2400,77512,"Oglegy Creek","tbcmp_PD_HA_IntHigh_2100","PD","HA","IntHigh","2100",76.614566064
"031001020102",3200,2779787.28225585,"Oglegy Creek","tbcmp_PD_HA_IntHigh_2100","PD","HA","IntHigh","2100",2747.6029051019
"031001020102",4100,3111660.57109482,"Oglegy Creek","tbcmp_PD_HA_IntHigh_2100","PD","HA","IntHigh","2100",3075.63376500268
"031001020102",4400,50933,"Oglegy Creek","tbcmp_PD_HA_IntHigh_2100","PD","HA","IntHigh","2100",50.343297726
"031001020102",5200,108271.368266779,"Oglegy Creek","tbcmp_PD_HA_IntHigh_2100","PD","HA","IntHigh","2100",107.017802364987
"031001020102",6110,2137168.54276897,"Oglegy Creek","tbcmp_PD_HA_IntHigh_2100","PD","HA","IntHigh","2100",2112.42440538079
"031001020102",6410,2613382.03846733,"Oglegy Creek","tbcmp_PD_HA_IntHigh_2100","PD","HA","IntHigh","2100",2583.12430122596
"031001020103",1100,77882.9869033415,"Owen Creek","tbcmp_PD_HA_IntHigh_2100","PD","HA","IntHigh","2100",76.9812576809746
"031001020103",1200,86668,"Owen Creek","tbcmp_PD_HA_IntHigh_2100","PD","HA","IntHigh","2100",85.664557896
"031001020103",1900,206504.862423345,"Owen Creek","tbcmp_PD_HA_IntHigh_2100","PD","HA","IntHigh","2100",204.113949126208
"031001020103",2100,11734556.569278,"Owen Creek","tbcmp_PD_HA_IntHigh_2100","PD","HA","IntHigh","2100",11598.6938733189
"031001020103",2200,780760.122371009,"Owen Creek","tbcmp_PD_HA_IntHigh_2100","PD","HA","IntHigh","2100",771.720481674197
"031001020103",2400,4892,"Owen Creek","tbcmp_PD_HA_IntHigh_2100","PD","HA","IntHigh","2100",4.835360424
"031001020103",3200,1453970.11022768,"Owen Creek","tbcmp_PD_HA_IntHigh_2100","PD","HA","IntHigh","2100",1437.13604429146
"031001020103",4100,2388821.86607571,"Owen Creek","tbcmp_PD_HA_IntHigh_2100","PD","HA","IntHigh","2100",2361.16408651028
"031001020103",4400,143890,"Owen Creek","tbcmp_PD_HA_IntHigh_2100","PD","HA","IntHigh","2100",142.22404158
"031001020103",5200,67563.1073137127,"Owen Creek","tbcmp_PD_HA_IntHigh_2100","PD","HA","IntHigh","2100",66.7808616572346
"031001020103",6110,1334900.14423588,"Owen Creek","tbcmp_PD_HA_IntHigh_2100","PD","HA","IntHigh","2100",1319.44467036592
"031001020103",6410,1423107.52665855,"Owen Creek","tbcmp_PD_HA_IntHigh_2100","PD","HA","IntHigh","2100",1406.6307877149
"031001020104",1100,1163108.61237053,"Maple Creek-Myakka River","tbcmp_PD_HA_IntHigh_2100","PD","HA","IntHigh","2100",1149.64214085651
"031001020104",1200,577790.992870635,"Maple Creek-Myakka River","tbcmp_PD_HA_IntHigh_2100","PD","HA","IntHigh","2100",571.101328755179
"031001020104",1900,662365.494285262,"Maple Creek-Myakka River","tbcmp_PD_HA_IntHigh_2100","PD","HA","IntHigh","2100",654.696626592428
"031001020104",2100,5117690.04941077,"Maple Creek-Myakka River","tbcmp_PD_HA_IntHigh_2100","PD","HA","IntHigh","2100",5058.43743401869
"031001020104",2200,2106337.37095125,"Maple Creek-Myakka River","tbcmp_PD_HA_IntHigh_2100","PD","HA","IntHigh","2100",2081.95019687037
"031001020104",2400,63836.9869119611,"Maple Creek-Myakka River","tbcmp_PD_HA_IntHigh_2100","PD","HA","IntHigh","2100",63.0978822774944
"031001020104",3200,1153459.31085111,"Maple Creek-Myakka River","tbcmp_PD_HA_IntHigh_2100","PD","HA","IntHigh","2100",1140.10455895008
"031001020104",4100,1562263.48779948,"Maple Creek-Myakka River","tbcmp_PD_HA_IntHigh_2100","PD","HA","IntHigh","2100",1544.17560113774
"031001020104",4400,10757,"Maple Creek-Myakka River","tbcmp_PD_HA_IntHigh_2100","PD","HA","IntHigh","2100",10.632455454
"031001020104",5200,65166.7277649903,"Maple Creek-Myakka River","tbcmp_PD_HA_IntHigh_2100","PD","HA","IntHigh","2100",64.4122273909272
"031001020104",6110,2136239.85602944,"Maple Creek-Myakka River","tbcmp_PD_HA_IntHigh_2100","PD","HA","IntHigh","2100",2111.50647097633
"031001020104",6410,985375.532749769,"Maple Creek-Myakka River","tbcmp_PD_HA_IntHigh_2100","PD","HA","IntHigh","2100",973.966854831592
"031001020201",1100,424289.881269683,"Mossy Island Slough","tbcmp_PD_HA_IntHigh_2100","PD","HA","IntHigh","2100",419.377453024342
"031001020201",1200,30432.2406444991,"Mossy Island Slough","tbcmp_PD_HA_IntHigh_2100","PD","HA","IntHigh","2100",30.0798961623171
"031001020201",1900,139150.288567321,"Mossy Island Slough","tbcmp_PD_HA_IntHigh_2100","PD","HA","IntHigh","2100",137.539206526288
"031001020201",2100,2461881.34245078,"Mossy Island Slough","tbcmp_PD_HA_IntHigh_2100","PD","HA","IntHigh","2100",2433.37768026788
"031001020201",2200,112713,"Mossy Island Slough","tbcmp_PD_HA_IntHigh_2100","PD","HA","IntHigh","2100",111.408008886
"031001020201",3200,4232549.4885187,"Mossy Island Slough","tbcmp_PD_HA_IntHigh_2100","PD","HA","IntHigh","2100",4183.54503054063
"031001020201",4100,437167.907849541,"Mossy Island Slough","tbcmp_PD_HA_IntHigh_2100","PD","HA","IntHigh","2100",432.106377812459
"031001020201",4400,24481,"Mossy Island Slough","tbcmp_PD_HA_IntHigh_2100","PD","HA","IntHigh","2100",24.197558982
"031001020201",5200,14597.9588610893,"Mossy Island Slough","tbcmp_PD_HA_IntHigh_2100","PD","HA","IntHigh","2100",14.4289436933956
"031001020201",6110,1077376.84523739,"Mossy Island Slough","tbcmp_PD_HA_IntHigh_2100","PD","HA","IntHigh","2100",1064.90297612323
"031001020201",6410,2544273.02642793,"Mossy Island Slough","tbcmp_PD_HA_IntHigh_2100","PD","HA","IntHigh","2100",2514.81543332795
"031001020202",1100,5217989.13300506,"Tatum Sawgrass-Myakka River","tbcmp_PD_HA_IntHigh_2100","PD","HA","IntHigh","2100",5157.57525482313
"031001020202",1200,158664.264955444,"Tatum Sawgrass-Myakka River","tbcmp_PD_HA_IntHigh_2100","PD","HA","IntHigh","2100",156.82725009579
"031001020202",1900,1229905.92570626,"Tatum Sawgrass-Myakka River","tbcmp_PD_HA_IntHigh_2100","PD","HA","IntHigh","2100",1215.66607489843
"031001020202",2100,9860882.25399743,"Tatum Sawgrass-Myakka River","tbcmp_PD_HA_IntHigh_2100","PD","HA","IntHigh","2100",9746.71295926065
"031001020202",2200,646853.702957029,"Tatum Sawgrass-Myakka River","tbcmp_PD_HA_IntHigh_2100","PD","HA","IntHigh","2100",639.364430784192
"031001020202",2400,233219,"Tatum Sawgrass-Myakka River","tbcmp_PD_HA_IntHigh_2100","PD","HA","IntHigh","2100",230.518790418
"031001020202",3200,1074090.14489598,"Tatum Sawgrass-Myakka River","tbcmp_PD_HA_IntHigh_2100","PD","HA","IntHigh","2100",1061.65432919837
"031001020202",4100,1967041.89276748,"Tatum Sawgrass-Myakka River","tbcmp_PD_HA_IntHigh_2100","PD","HA","IntHigh","2100",1944.26748173302
"031001020202",4400,28972,"Tatum Sawgrass-Myakka River","tbcmp_PD_HA_IntHigh_2100","PD","HA","IntHigh","2100",28.636562184
"031001020202",5200,1174608.04113885,"Tatum Sawgrass-Myakka River","tbcmp_PD_HA_IntHigh_2100","PD","HA","IntHigh","2100",1161.00842923855
"031001020202",6110,3237890.79506553,"Tatum Sawgrass-Myakka River","tbcmp_PD_HA_IntHigh_2100","PD","HA","IntHigh","2100",3200.40249544026
"031001020202",6410,3126953.70118977,"Tatum Sawgrass-Myakka River","tbcmp_PD_HA_IntHigh_2100","PD","HA","IntHigh","2100",3090.7498312374
"031001020203",1100,3245417.87356111,"Howard Creek","tbcmp_PD_HA_IntHigh_2100","PD","HA","IntHigh","2100",3207.84242542102
"031001020203",1200,217640.655811041,"Howard Creek","tbcmp_PD_HA_IntHigh_2100","PD","HA","IntHigh","2100",215.120812298061
"031001020203",1800,1842,"Howard Creek","tbcmp_PD_HA_IntHigh_2100","PD","HA","IntHigh","2100",1.820673324
"031001020203",1820,2010,"Howard Creek","tbcmp_PD_HA_IntHigh_2100","PD","HA","IntHigh","2100",1.98672822
"031001020203",1900,748264.554951197,"Howard Creek","tbcmp_PD_HA_IntHigh_2100","PD","HA","IntHigh","2100",739.601147933972
"031001020203",2100,8198091.85682156,"Howard Creek","tbcmp_PD_HA_IntHigh_2100","PD","HA","IntHigh","2100",8103.17434930328
"031001020203",2200,264431,"Howard Creek","tbcmp_PD_HA_IntHigh_2100","PD","HA","IntHigh","2100",261.369417882
"031001020203",2400,733263,"Howard Creek","tbcmp_PD_HA_IntHigh_2100","PD","HA","IntHigh","2100",724.773280986
"031001020203",3200,454632.952296746,"Howard Creek","tbcmp_PD_HA_IntHigh_2100","PD","HA","IntHigh","2100",449.369211975054
"031001020203",4100,1341436.01632694,"Howard Creek","tbcmp_PD_HA_IntHigh_2100","PD","HA","IntHigh","2100",1325.9048701299
"031001020203",5200,251646.028652104,"Howard Creek","tbcmp_PD_HA_IntHigh_2100","PD","HA","IntHigh","2100",248.73247093237
"031001020203",6110,1353193.97354865,"Howard Creek","tbcmp_PD_HA_IntHigh_2100","PD","HA","IntHigh","2100",1337.52669372291
"031001020203",6410,2082882.43535031,"Howard Creek","tbcmp_PD_HA_IntHigh_2100","PD","HA","IntHigh","2100",2058.76682251383
"031001020204",1100,845070.763028516,"Lake Myakka-Myakka River","tbcmp_PD_HA_IntHigh_2100","PD","HA","IntHigh","2100",835.286533734172
"031001020204",1200,25885.1221361829,"Lake Myakka-Myakka River","tbcmp_PD_HA_IntHigh_2100","PD","HA","IntHigh","2100",25.5854241920901
"031001020204",1800,69934,"Lake Myakka-Myakka River","tbcmp_PD_HA_IntHigh_2100","PD","HA","IntHigh","2100",69.124304148
"031001020204",1900,22591.6205618703,"Lake Myakka-Myakka River","tbcmp_PD_HA_IntHigh_2100","PD","HA","IntHigh","2100",22.3300547790049
"031001020204",2100,942223.019477441,"Lake Myakka-Myakka River","tbcmp_PD_HA_IntHigh_2100","PD","HA","IntHigh","2100",931.313961357931
"031001020204",2400,10401,"Lake Myakka-Myakka River","tbcmp_PD_HA_IntHigh_2100","PD","HA","IntHigh","2100",10.280577222
"031001020204",3200,7433054.21680685,"Lake Myakka-Myakka River","tbcmp_PD_HA_IntHigh_2100","PD","HA","IntHigh","2100",7346.99431508466
"031001020204",4100,795789.976781229,"Lake Myakka-Myakka River","tbcmp_PD_HA_IntHigh_2100","PD","HA","IntHigh","2100",786.576320430056
"031001020204",5200,1425810.03531915,"Lake Myakka-Myakka River","tbcmp_PD_HA_IntHigh_2100","PD","HA","IntHigh","2100",1409.30200673022
"031001020204",5400,34,"Lake Myakka-Myakka River","tbcmp_PD_HA_IntHigh_2100","PD","HA","IntHigh","2100",0.033606348
"031001020204",6110,3712514.69984666,"Lake Myakka-Myakka River","tbcmp_PD_HA_IntHigh_2100","PD","HA","IntHigh","2100",3669.53120465183
"031001020204",6120,43,"Lake Myakka-Myakka River","tbcmp_PD_HA_IntHigh_2100","PD","HA","IntHigh","2100",0.042502146
"031001020204",6410,4234746.79508336,"Lake Myakka-Myakka River","tbcmp_PD_HA_IntHigh_2100","PD","HA","IntHigh","2100",4185.71689668989
"031001020204",6420,8,"Lake Myakka-Myakka River","tbcmp_PD_HA_IntHigh_2100","PD","HA","IntHigh","2100",0.007907376
"031001020204",6600,31,"Lake Myakka-Myakka River","tbcmp_PD_HA_IntHigh_2100","PD","HA","IntHigh","2100",0.030641082
"031001020204",9113,32,"Lake Myakka-Myakka River","tbcmp_PD_HA_IntHigh_2100","PD","HA","IntHigh","2100",0.031629504
"031001020301",1100,57104.7012935253,"Town of Shiney Town-Myakka River","tbcmp_PD_HA_IntHigh_2100","PD","HA","IntHigh","2100",56.4435430619489
"031001020301",1200,1490044.38278774,"Town of Shiney Town-Myakka River","tbcmp_PD_HA_IntHigh_2100","PD","HA","IntHigh","2100",1472.79264892382
"031001020301",1800,16446.1601615751,"Town of Shiney Town-Myakka River","tbcmp_PD_HA_IntHigh_2100","PD","HA","IntHigh","2100",16.2557465192244
"031001020301",1820,176021,"Town of Shiney Town-Myakka River","tbcmp_PD_HA_IntHigh_2100","PD","HA","IntHigh","2100",173.983028862
"031001020301",1900,249844.675628464,"Town of Shiney Town-Myakka River","tbcmp_PD_HA_IntHigh_2100","PD","HA","IntHigh","2100",246.951973974038
"031001020301",2100,447688.151216912,"Town of Shiney Town-Myakka River","tbcmp_PD_HA_IntHigh_2100","PD","HA","IntHigh","2100",442.504817802123
"031001020301",3200,3865283.33488442,"Town of Shiney Town-Myakka River","tbcmp_PD_HA_IntHigh_2100","PD","HA","IntHigh","2100",3820.53108443313
"031001020301",4100,7311476.02438355,"Town of Shiney Town-Myakka River","tbcmp_PD_HA_IntHigh_2100","PD","HA","IntHigh","2100",7226.82375497324
"031001020301",5200,389959.895143687,"Town of Shiney Town-Myakka River","tbcmp_PD_HA_IntHigh_2100","PD","HA","IntHigh","2100",385.444939477713
"031001020301",5400,72960.2083971715,"Town of Shiney Town-Myakka River","tbcmp_PD_HA_IntHigh_2100","PD","HA","IntHigh","2100",72.115475104349
"031001020301",6110,2639966.41345505,"Town of Shiney Town-Myakka River","tbcmp_PD_HA_IntHigh_2100","PD","HA","IntHigh","2100",2609.40088232007
"031001020301",6120,1342,"Town of Shiney Town-Myakka River","tbcmp_PD_HA_IntHigh_2100","PD","HA","IntHigh","2100",1.326462324
"031001020301",6410,4262026.24991175,"Town of Shiney Town-Myakka River","tbcmp_PD_HA_IntHigh_2100","PD","HA","IntHigh","2100",4212.68050999027
"031001020301",6420,19498.3831845107,"Town of Shiney Town-Myakka River","tbcmp_PD_HA_IntHigh_2100","PD","HA","IntHigh","2100",19.2726309040005
"031001020301",6425,46228.304050047,"Town of Shiney Town-Myakka River","tbcmp_PD_HA_IntHigh_2100","PD","HA","IntHigh","2100",45.6930727457555
"031001020301",6510,19556.2680286169,"Town of Shiney Town-Myakka River","tbcmp_PD_HA_IntHigh_2100","PD","HA","IntHigh","2100",19.3298455573816
"031001020301",6600,78146.2630033777,"Town of Shiney Town-Myakka River","tbcmp_PD_HA_IntHigh_2100","PD","HA","IntHigh","2100",77.2414855703246
"031001020301",9113,119624.600129615,"Town of Shiney Town-Myakka River","tbcmp_PD_HA_IntHigh_2100","PD","HA","IntHigh","2100",118.239586509314
"031001020302",1100,311336.041678697,"Deer Prairie Creek","tbcmp_PD_HA_IntHigh_2100","PD","HA","IntHigh","2100",307.731392988141
"031001020302",1200,86321.5440778816,"Deer Prairie Creek","tbcmp_PD_HA_IntHigh_2100","PD","HA","IntHigh","2100",85.3221132405479
"031001020302",1900,270687.249027462,"Deer Prairie Creek","tbcmp_PD_HA_IntHigh_2100","PD","HA","IntHigh","2100",267.553232058222
"031001020302",2100,1978017.11914722,"Deer Prairie Creek","tbcmp_PD_HA_IntHigh_2100","PD","HA","IntHigh","2100",1955.11563694174
"031001020302",3200,6757639.07628248,"Deer Prairie Creek","tbcmp_PD_HA_IntHigh_2100","PD","HA","IntHigh","2100",6679.39913105729
"031001020302",4100,5664006.08299015,"Deer Prairie Creek","tbcmp_PD_HA_IntHigh_2100","PD","HA","IntHigh","2100",5598.42822056129
"031001020302",5200,82028.2789041852,"Deer Prairie Creek","tbcmp_PD_HA_IntHigh_2100","PD","HA","IntHigh","2100",81.0785554910325
"031001020302",5400,21960.3700299161,"Deer Prairie Creek","tbcmp_PD_HA_IntHigh_2100","PD","HA","IntHigh","2100",21.7061128657097
"031001020302",6110,2167258.85415032,"Deer Prairie Creek","tbcmp_PD_HA_IntHigh_2100","PD","HA","IntHigh","2100",2142.16633113697
"031001020302",6120,6948.12665529549,"Deer Prairie Creek","tbcmp_PD_HA_IntHigh_2100","PD","HA","IntHigh","2100",6.86768124488048
"031001020302",6410,6801824.85215039,"Deer Prairie Creek","tbcmp_PD_HA_IntHigh_2100","PD","HA","IntHigh","2100",6723.07332401219
"031001020302",6420,19639.3981509468,"Deer Prairie Creek","tbcmp_PD_HA_IntHigh_2100","PD","HA","IntHigh","2100",19.4120131991552
"031001020302",6425,42293.4618038186,"Deer Prairie Creek","tbcmp_PD_HA_IntHigh_2100","PD","HA","IntHigh","2100",41.803788103054
"031001020302",6510,18398.4764210487,"Deer Prairie Creek","tbcmp_PD_HA_IntHigh_2100","PD","HA","IntHigh","2100",18.1854588610457
"031001020302",6600,73623.5944286519,"Deer Prairie Creek","tbcmp_PD_HA_IntHigh_2100","PD","HA","IntHigh","2100",72.771180452357
"031001020302",9113,106473.15471106,"Deer Prairie Creek","tbcmp_PD_HA_IntHigh_2100","PD","HA","IntHigh","2100",105.240408525815
"031001020303",1100,1034115.4312433,"Curry Creek-Myakka River","tbcmp_PD_HA_IntHigh_2100","PD","HA","IntHigh","2100",1022.14244278037
"031001020303",1200,5060593.05296589,"Curry Creek-Myakka River","tbcmp_PD_HA_IntHigh_2100","PD","HA","IntHigh","2100",5002.00150659866
"031001020303",1800,210554,"Curry Creek-Myakka River","tbcmp_PD_HA_IntHigh_2100","PD","HA","IntHigh","2100",208.116205788
"031001020303",1820,339352.456913679,"Curry Creek-Myakka River","tbcmp_PD_HA_IntHigh_2100","PD","HA","IntHigh","2100",335.423434167532
"031001020303",1900,1036121.62765441,"Curry Creek-Myakka River","tbcmp_PD_HA_IntHigh_2100","PD","HA","IntHigh","2100",1024.12541144943
"031001020303",2100,518294.857049622,"Curry Creek-Myakka River","tbcmp_PD_HA_IntHigh_2100","PD","HA","IntHigh","2100",512.294039194701
"031001020303",2400,61142.2558930608,"Curry Creek-Myakka River","tbcmp_PD_HA_IntHigh_2100","PD","HA","IntHigh","2100",60.434350854331
"031001020303",3200,2824246.40182593,"Curry Creek-Myakka River","tbcmp_PD_HA_IntHigh_2100","PD","HA","IntHigh","2100",2791.54727698559
"031001020303",4100,5907724.48710239,"Curry Creek-Myakka River","tbcmp_PD_HA_IntHigh_2100","PD","HA","IntHigh","2100",5839.32485299072
"031001020303",5200,995395.706428009,"Curry Creek-Myakka River","tbcmp_PD_HA_IntHigh_2100","PD","HA","IntHigh","2100",983.871014938986
"031001020303",5400,679762.607971829,"Curry Creek-Myakka River","tbcmp_PD_HA_IntHigh_2100","PD","HA","IntHigh","2100",671.892316496731
"031001020303",6110,1103198.73212357,"Curry Creek-Myakka River","tbcmp_PD_HA_IntHigh_2100","PD","HA","IntHigh","2100",1090.42589720305
"031001020303",6120,523941.609929359,"Curry Creek-Myakka River","tbcmp_PD_HA_IntHigh_2100","PD","HA","IntHigh","2100",517.875413969597
"031001020303",6410,2700263.5298199,"Curry Creek-Myakka River","tbcmp_PD_HA_IntHigh_2100","PD","HA","IntHigh","2100",2668.99987867164
"031001020303",6420,220348.740631916,"Curry Creek-Myakka River","tbcmp_PD_HA_IntHigh_2100","PD","HA","IntHigh","2100",217.79754291288
"031001020303",6425,250730.27356555,"Curry Creek-Myakka River","tbcmp_PD_HA_IntHigh_2100","PD","HA","IntHigh","2100",247.827318458208
"031001020303",6510,139839.134161502,"Curry Creek-Myakka River","tbcmp_PD_HA_IntHigh_2100","PD","HA","IntHigh","2100",138.22007666618
"031001020303",6600,879459.913631691,"Curry Creek-Myakka River","tbcmp_PD_HA_IntHigh_2100","PD","HA","IntHigh","2100",869.277526751664
"031001020303",9113,1440172.41119738,"Curry Creek-Myakka River","tbcmp_PD_HA_IntHigh_2100","PD","HA","IntHigh","2100",1423.49809502054
"031001020401",1100,981793.812417965,"031001020401-Cocoplum Waterway","tbcmp_PD_HA_IntHigh_2100","PD","HA","IntHigh","2100",970.42660365779
"031001020401",1200,1825907.45147177,"031001020401-Cocoplum Waterway","tbcmp_PD_HA_IntHigh_2100","PD","HA","IntHigh","2100",1804.76709499863
"031001020401",1900,3418919.39893815,"031001020401-Cocoplum Waterway","tbcmp_PD_HA_IntHigh_2100","PD","HA","IntHigh","2100",3379.33515013725
"031001020401",2100,70544,"031001020401-Cocoplum Waterway","tbcmp_PD_HA_IntHigh_2100","PD","HA","IntHigh","2100",69.727241568
"031001020401",3200,1906451.14565582,"031001020401-Cocoplum Waterway","tbcmp_PD_HA_IntHigh_2100","PD","HA","IntHigh","2100",1884.37825429142
"031001020401",4100,698170.624448731,"031001020401-Cocoplum Waterway","tbcmp_PD_HA_IntHigh_2100","PD","HA","IntHigh","2100",690.087204958864
"031001020401",5200,126678.312829175,"031001020401-Cocoplum Waterway","tbcmp_PD_HA_IntHigh_2100","PD","HA","IntHigh","2100",125.211631323239
"031001020401",5400,7993.13367388491,"031001020401-Cocoplum Waterway","tbcmp_PD_HA_IntHigh_2100","PD","HA","IntHigh","2100",7.90058917220867
"031001020401",6110,180781.903674483,"031001020401-Cocoplum Waterway","tbcmp_PD_HA_IntHigh_2100","PD","HA","IntHigh","2100",178.68881079374
"031001020401",6410,1224953.18246964,"031001020401-Cocoplum Waterway","tbcmp_PD_HA_IntHigh_2100","PD","HA","IntHigh","2100",1210.77067452301
"031001020401",6420,55,"031001020401-Cocoplum Waterway","tbcmp_PD_HA_IntHigh_2100","PD","HA","IntHigh","2100",0.05436321
"031001020401",6600,111,"031001020401-Cocoplum Waterway","tbcmp_PD_HA_IntHigh_2100","PD","HA","IntHigh","2100",0.109714842
"031001020402",1100,21787.1290082543,"031001020402","tbcmp_PD_HA_IntHigh_2100","PD","HA","IntHigh","2100",21.5348776285967
"031001020402",1200,1079218.41372495,"031001020402","tbcmp_PD_HA_IntHigh_2100","PD","HA","IntHigh","2100",1066.72322293084
"031001020402",1900,278610.321216166,"031001020402","tbcmp_PD_HA_IntHigh_2100","PD","HA","IntHigh","2100",275.384570917126
"031001020402",2100,1762035.60210432,"031001020402","tbcmp_PD_HA_IntHigh_2100","PD","HA","IntHigh","2100",1741.63475390316
"031001020402",2200,233740,"031001020402","tbcmp_PD_HA_IntHigh_2100","PD","HA","IntHigh","2100",231.03375828
"031001020402",2400,28786,"031001020402","tbcmp_PD_HA_IntHigh_2100","PD","HA","IntHigh","2100",28.452715692
"031001020402",3200,1158477.98988563,"031001020402","tbcmp_PD_HA_IntHigh_2100","PD","HA","IntHigh","2100",1145.06513171874
"031001020402",4100,4701810.79394245,"031001020402","tbcmp_PD_HA_IntHigh_2100","PD","HA","IntHigh","2100",4647.37322857019
"031001020402",5200,61982.994091886,"031001020402","tbcmp_PD_HA_IntHigh_2100","PD","HA","IntHigh","2100",61.2653549862901
"031001020402",5400,876.489461481571,"031001020402","tbcmp_PD_HA_IntHigh_2100","PD","HA","IntHigh","2100",0.866341466496538
"031001020402",6110,745297.196332688,"031001020402","tbcmp_PD_HA_IntHigh_2100","PD","HA","IntHigh","2100",736.668145393549
"031001020402",6410,3526967.10318306,"031001020402","tbcmp_PD_HA_IntHigh_2100","PD","HA","IntHigh","2100",3486.13187806241
"031001020403",1100,463845.261367351,"031001020403-Cocoplum Waterway","tbcmp_PD_HA_IntHigh_2100","PD","HA","IntHigh","2100",458.47486093124
"031001020403",1200,8220320.19587038,"031001020403-Cocoplum Waterway","tbcmp_PD_HA_IntHigh_2100","PD","HA","IntHigh","2100",8125.1453286426
"031001020403",1800,19055,"031001020403-Cocoplum Waterway","tbcmp_PD_HA_IntHigh_2100","PD","HA","IntHigh","2100",18.83438121
"031001020403",1820,129470,"031001020403-Cocoplum Waterway","tbcmp_PD_HA_IntHigh_2100","PD","HA","IntHigh","2100",127.97099634
"031001020403",1900,804935.852141262,"031001020403-Cocoplum Waterway","tbcmp_PD_HA_IntHigh_2100","PD","HA","IntHigh","2100",795.616304845171
"031001020403",2100,549595.800778431,"031001020403-Cocoplum Waterway","tbcmp_PD_HA_IntHigh_2100","PD","HA","IntHigh","2100",543.232580597018
"031001020403",3200,365011.659353866,"031001020403-Cocoplum Waterway","tbcmp_PD_HA_IntHigh_2100","PD","HA","IntHigh","2100",360.785554361867
"031001020403",4100,1012848.88740066,"031001020403-Cocoplum Waterway","tbcmp_PD_HA_IntHigh_2100","PD","HA","IntHigh","2100",1001.12212298234
"031001020403",5200,549797.916351939,"031001020403-Cocoplum Waterway","tbcmp_PD_HA_IntHigh_2100","PD","HA","IntHigh","2100",543.432356076416
"031001020403",5400,56047.0993587449,"031001020403-Cocoplum Waterway","tbcmp_PD_HA_IntHigh_2100","PD","HA","IntHigh","2100",55.3981860423694
"031001020403",6110,128128.851682996,"031001020403-Cocoplum Waterway","tbcmp_PD_HA_IntHigh_2100","PD","HA","IntHigh","2100",126.645375838211
"031001020403",6120,69,"031001020403-Cocoplum Waterway","tbcmp_PD_HA_IntHigh_2100","PD","HA","IntHigh","2100",0.068201118
"031001020403",6410,1261614.07734438,"031001020403-Cocoplum Waterway","tbcmp_PD_HA_IntHigh_2100","PD","HA","IntHigh","2100",1247.00710955689
"031001020403",6420,194,"031001020403-Cocoplum Waterway","tbcmp_PD_HA_IntHigh_2100","PD","HA","IntHigh","2100",0.191753868
"031001020403",6425,3,"031001020403-Cocoplum Waterway","tbcmp_PD_HA_IntHigh_2100","PD","HA","IntHigh","2100",0.002965266
"031001020403",6510,1,"031001020403-Cocoplum Waterway","tbcmp_PD_HA_IntHigh_2100","PD","HA","IntHigh","2100",0.000988422
"031001020403",6600,2749,"031001020403-Cocoplum Waterway","tbcmp_PD_HA_IntHigh_2100","PD","HA","IntHigh","2100",2.717172078
"031001020403",9113,106,"031001020403-Cocoplum Waterway","tbcmp_PD_HA_IntHigh_2100","PD","HA","IntHigh","2100",0.104772732
"031001020404",1100,650966.235886522,"City of North Port-Cocolum Waterway","tbcmp_PD_HA_IntHigh_2100","PD","HA","IntHigh","2100",643.429348807428
"031001020404",1200,4541410.18094871,"City of North Port-Cocolum Waterway","tbcmp_PD_HA_IntHigh_2100","PD","HA","IntHigh","2100",4488.82973387369
"031001020404",1800,7636,"City of North Port-Cocolum Waterway","tbcmp_PD_HA_IntHigh_2100","PD","HA","IntHigh","2100",7.547590392
"031001020404",1820,202052.705898756,"City of North Port-Cocolum Waterway","tbcmp_PD_HA_IntHigh_2100","PD","HA","IntHigh","2100",199.71333966986
"031001020404",1900,715447.435261607,"City of North Port-Cocolum Waterway","tbcmp_PD_HA_IntHigh_2100","PD","HA","IntHigh","2100",707.163984856149
"031001020404",2100,2066940.28921528,"City of North Port-Cocolum Waterway","tbcmp_PD_HA_IntHigh_2100","PD","HA","IntHigh","2100",2043.00925454675
"031001020404",3200,899713.923302638,"City of North Port-Cocolum Waterway","tbcmp_PD_HA_IntHigh_2100","PD","HA","IntHigh","2100",889.29703549864
"031001020404",4100,1888104.66837787,"City of North Port-Cocolum Waterway","tbcmp_PD_HA_IntHigh_2100","PD","HA","IntHigh","2100",1866.2441925274
"031001020404",5200,262908.227346347,"City of North Port-Cocolum Waterway","tbcmp_PD_HA_IntHigh_2100","PD","HA","IntHigh","2100",259.864275890131
"031001020404",5400,92090.1414627246,"City of North Port-Cocolum Waterway","tbcmp_PD_HA_IntHigh_2100","PD","HA","IntHigh","2100",91.0239218048692
"031001020404",6110,455088.8211164,"City of North Port-Cocolum Waterway","tbcmp_PD_HA_IntHigh_2100","PD","HA","IntHigh","2100",449.819802745514
"031001020404",6120,211.763188362122,"City of North Port-Cocolum Waterway","tbcmp_PD_HA_IntHigh_2100","PD","HA","IntHigh","2100",0.209311394167265
"031001020404",6410,1465255.48584155,"City of North Port-Cocolum Waterway","tbcmp_PD_HA_IntHigh_2100","PD","HA","IntHigh","2100",1448.29075782648
"031001020404",6420,54,"City of North Port-Cocolum Waterway","tbcmp_PD_HA_IntHigh_2100","PD","HA","IntHigh","2100",0.053374788
"031001020404",6425,8,"City of North Port-Cocolum Waterway","tbcmp_PD_HA_IntHigh_2100","PD","HA","IntHigh","2100",0.007907376
"031001020404",6600,200,"City of North Port-Cocolum Waterway","tbcmp_PD_HA_IntHigh_2100","PD","HA","IntHigh","2100",0.1976844
"031001020404",9113,1776.80177646725,"City of North Port-Cocolum Waterway","tbcmp_PD_HA_IntHigh_2100","PD","HA","IntHigh","2100",1.75622996549932
"031001020501",1100,660261.526681312,"Wildcat Slough","tbcmp_PD_HA_IntHigh_2100","PD","HA","IntHigh","2100",652.617018725396
"031001020501",1200,24059.2501807491,"Wildcat Slough","tbcmp_PD_HA_IntHigh_2100","PD","HA","IntHigh","2100",23.7806921821564
"031001020501",1900,496682.918142282,"Wildcat Slough","tbcmp_PD_HA_IntHigh_2100","PD","HA","IntHigh","2100",490.932323316031
"031001020501",2100,5411636.68687378,"Wildcat Slough","tbcmp_PD_HA_IntHigh_2100","PD","HA","IntHigh","2100",5348.98075731316
"031001020501",2400,328154,"Wildcat Slough","tbcmp_PD_HA_IntHigh_2100","PD","HA","IntHigh","2100",324.354632988
"031001020501",3200,1126704.05143776,"Wildcat Slough","tbcmp_PD_HA_IntHigh_2100","PD","HA","IntHigh","2100",1113.65907193021
"031001020501",4100,1280791.74335146,"Wildcat Slough","tbcmp_PD_HA_IntHigh_2100","PD","HA","IntHigh","2100",1265.96273654694
"031001020501",4400,2283.43647574075,"Wildcat Slough","tbcmp_PD_HA_IntHigh_2100","PD","HA","IntHigh","2100",2.25699884822462
"031001020501",5200,23490,"Wildcat Slough","tbcmp_PD_HA_IntHigh_2100","PD","HA","IntHigh","2100",23.21803278
"031001020501",6110,1190576.378722,"Wildcat Slough","tbcmp_PD_HA_IntHigh_2100","PD","HA","IntHigh","2100",1176.79188540916
"031001020501",6410,1420504.09911231,"Wildcat Slough","tbcmp_PD_HA_IntHigh_2100","PD","HA","IntHigh","2100",1404.05750265279
"031001020502",1100,273907.890771725,"Mud Lake Slough","tbcmp_PD_HA_IntHigh_2100","PD","HA","IntHigh","2100",270.73658521237
"031001020502",1200,42254.2999690433,"Mud Lake Slough","tbcmp_PD_HA_IntHigh_2100","PD","HA","IntHigh","2100",41.7650796840017
"031001020502",1900,344063.842065151,"Mud Lake Slough","tbcmp_PD_HA_IntHigh_2100","PD","HA","IntHigh","2100",340.08027090172
"031001020502",2100,5257458.28270635,"Mud Lake Slough","tbcmp_PD_HA_IntHigh_2100","PD","HA","IntHigh","2100",5196.58743070917
"031001020502",2200,113053.306257448,"Mud Lake Slough","tbcmp_PD_HA_IntHigh_2100","PD","HA","IntHigh","2100",111.744375077599
"031001020502",2400,17863,"Mud Lake Slough","tbcmp_PD_HA_IntHigh_2100","PD","HA","IntHigh","2100",17.656182186
"031001020502",3200,982572.076719146,"Mud Lake Slough","tbcmp_PD_HA_IntHigh_2100","PD","HA","IntHigh","2100",971.195857214892
"031001020502",4100,1709337.7179816,"Mud Lake Slough","tbcmp_PD_HA_IntHigh_2100","PD","HA","IntHigh","2100",1689.54700588281
"031001020502",4400,45276.5635241938,"Mud Lake Slough","tbcmp_PD_HA_IntHigh_2100","PD","HA","IntHigh","2100",44.7523514717107
"031001020502",5200,12950,"Mud Lake Slough","tbcmp_PD_HA_IntHigh_2100","PD","HA","IntHigh","2100",12.8000649
"031001020502",6110,688564.797083603,"Mud Lake Slough","tbcmp_PD_HA_IntHigh_2100","PD","HA","IntHigh","2100",680.592593862969
"031001020502",6410,1976576.72369045,"Mud Lake Slough","tbcmp_PD_HA_IntHigh_2100","PD","HA","IntHigh","2100",1953.69191838356
"031001020503",1100,85505,"Big Slough Canal","tbcmp_PD_HA_IntHigh_2100","PD","HA","IntHigh","2100",84.51502311
"031001020503",1200,34547.5565422946,"Big Slough Canal","tbcmp_PD_HA_IntHigh_2100","PD","HA","IntHigh","2100",34.1475649326479
"031001020503",1900,496167.327307777,"Big Slough Canal","tbcmp_PD_HA_IntHigh_2100","PD","HA","IntHigh","2100",490.422701992208
"031001020503",2100,7583151.57831646,"Big Slough Canal","tbcmp_PD_HA_IntHigh_2100","PD","HA","IntHigh","2100",7495.35384934271
"031001020503",2200,1129854.69374136,"Big Slough Canal","tbcmp_PD_HA_IntHigh_2100","PD","HA","IntHigh","2100",1116.77323609722
"031001020503",3200,1485874.52910492,"Big Slough Canal","tbcmp_PD_HA_IntHigh_2100","PD","HA","IntHigh","2100",1468.67107380694
"031001020503",4100,3365344.85464293,"Big Slough Canal","tbcmp_PD_HA_IntHigh_2100","PD","HA","IntHigh","2100",3326.38089191587
"031001020503",5200,28002,"Big Slough Canal","tbcmp_PD_HA_IntHigh_2100","PD","HA","IntHigh","2100",27.677792844
"031001020503",6110,1144141.24296448,"Big Slough Canal","tbcmp_PD_HA_IntHigh_2100","PD","HA","IntHigh","2100",1130.89437565344
"031001020503",6410,3830805.10917079,"Big Slough Canal","tbcmp_PD_HA_IntHigh_2100","PD","HA","IntHigh","2100",3786.45204761681
"031001020504",1100,4451565.89881842,"Big Slough","tbcmp_PD_HA_IntHigh_2100","PD","HA","IntHigh","2100",4400.0256688419
"031001020504",1200,4083159.35524694,"Big Slough","tbcmp_PD_HA_IntHigh_2100","PD","HA","IntHigh","2100",4035.88453623189
"031001020504",1800,47736.0703424088,"Big Slough","tbcmp_PD_HA_IntHigh_2100","PD","HA","IntHigh","2100",47.1833821199844
"031001020504",1820,29719.2941010786,"Big Slough","tbcmp_PD_HA_IntHigh_2100","PD","HA","IntHigh","2100",29.3752041139763
"031001020504",1900,978655.360519573,"Big Slough","tbcmp_PD_HA_IntHigh_2100","PD","HA","IntHigh","2100",967.324488755478
"031001020504",2100,1667187.57611141,"Big Slough","tbcmp_PD_HA_IntHigh_2100","PD","HA","IntHigh","2100",1647.88487835519
"031001020504",3200,2245292.33977455,"Big Slough","tbcmp_PD_HA_IntHigh_2100","PD","HA","IntHigh","2100",2219.29634506464
"031001020504",4100,3008855.4895234,"Big Slough","tbcmp_PD_HA_IntHigh_2100","PD","HA","IntHigh","2100",2974.01896066569
"031001020504",5200,110644.582294423,"Big Slough","tbcmp_PD_HA_IntHigh_2100","PD","HA","IntHigh","2100",109.363539320619
"031001020504",5400,139991.962522652,"Big Slough","tbcmp_PD_HA_IntHigh_2100","PD","HA","IntHigh","2100",138.371135580565
"031001020504",6110,776315.884043477,"Big Slough","tbcmp_PD_HA_IntHigh_2100","PD","HA","IntHigh","2100",767.327698738022
"031001020504",6120,69070.5505919704,"Big Slough","tbcmp_PD_HA_IntHigh_2100","PD","HA","IntHigh","2100",68.2708517572165
"031001020504",6410,2287013.55799655,"Big Slough","tbcmp_PD_HA_IntHigh_2100","PD","HA","IntHigh","2100",2260.53451502207
"031001020504",6420,26266.6432816738,"Big Slough","tbcmp_PD_HA_IntHigh_2100","PD","HA","IntHigh","2100",25.9625280857586
"031001020504",6425,60698.8925708196,"Big Slough","tbcmp_PD_HA_IntHigh_2100","PD","HA","IntHigh","2100",59.9961207926347
"031001020504",6510,45224.450067111,"Big Slough","tbcmp_PD_HA_IntHigh_2100","PD","HA","IntHigh","2100",44.700841384234
"031001020504",6600,51681.8666161312,"Big Slough","tbcmp_PD_HA_IntHigh_2100","PD","HA","IntHigh","2100",51.0834939644496
"031001020504",9113,248580.145260625,"Big Slough","tbcmp_PD_HA_IntHigh_2100","PD","HA","IntHigh","2100",245.702084338798
"031001020504",NA,0.00622291234321892,"Big Slough","tbcmp_PD_HA_IntHigh_2100","PD","HA","IntHigh","2100",6.15086346410913e-06
"031001020505",1100,1999370.23684618,"Rock Creek-Myakka River","tbcmp_PD_HA_IntHigh_2100","PD","HA","IntHigh","2100",1976.22152824397
"031001020505",1200,2082545.62111942,"Rock Creek-Myakka River","tbcmp_PD_HA_IntHigh_2100","PD","HA","IntHigh","2100",2058.4339079181
"031001020505",1800,55853.9296575539,"Rock Creek-Myakka River","tbcmp_PD_HA_IntHigh_2100","PD","HA","IntHigh","2100",55.2072528599788
"031001020505",1900,1751765.78542791,"Rock Creek-Myakka River","tbcmp_PD_HA_IntHigh_2100","PD","HA","IntHigh","2100",1731.48384116423
"031001020505",2100,59957.3034971974,"Rock Creek-Myakka River","tbcmp_PD_HA_IntHigh_2100","PD","HA","IntHigh","2100",59.2631178373069
"031001020505",3200,1224705.8513212,"Rock Creek-Myakka River","tbcmp_PD_HA_IntHigh_2100","PD","HA","IntHigh","2100",1210.5262069746
"031001020505",4100,1502838.61992568,"Rock Creek-Myakka River","tbcmp_PD_HA_IntHigh_2100","PD","HA","IntHigh","2100",1485.43875438418
"031001020505",4400,67810.7518271896,"Rock Creek-Myakka River","tbcmp_PD_HA_IntHigh_2100","PD","HA","IntHigh","2100",67.0256389425344
"031001020505",5200,44666.5680925502,"Rock Creek-Myakka River","tbcmp_PD_HA_IntHigh_2100","PD","HA","IntHigh","2100",44.1494185671746
"031001020505",5400,1298678.94893326,"Rock Creek-Myakka River","tbcmp_PD_HA_IntHigh_2100","PD","HA","IntHigh","2100",1283.64284406251
"031001020505",6110,140319.330821091,"Rock Creek-Myakka River","tbcmp_PD_HA_IntHigh_2100","PD","HA","IntHigh","2100",138.694713608845
"031001020505",6120,406003.064688492,"Rock Creek-Myakka River","tbcmp_PD_HA_IntHigh_2100","PD","HA","IntHigh","2100",401.302361205529
"031001020505",6410,474768.436623051,"Rock Creek-Myakka River","tbcmp_PD_HA_IntHigh_2100","PD","HA","IntHigh","2100",469.271567663829
"031001020505",6420,277757.346039162,"Rock Creek-Myakka River","tbcmp_PD_HA_IntHigh_2100","PD","HA","IntHigh","2100",274.54147148672
"031001020505",6425,408802.822845286,"Rock Creek-Myakka River","tbcmp_PD_HA_IntHigh_2100","PD","HA","IntHigh","2100",404.069703762383
"031001020505",6510,244648.237688655,"Rock Creek-Myakka River","tbcmp_PD_HA_IntHigh_2100","PD","HA","IntHigh","2100",241.815700392696
"031001020505",6600,1028990.45009805,"Rock Creek-Myakka River","tbcmp_PD_HA_IntHigh_2100","PD","HA","IntHigh","2100",1017.07679866682
"031001020505",9113,1437462.21846546,"Rock Creek-Myakka River","tbcmp_PD_HA_IntHigh_2100","PD","HA","IntHigh","2100",1420.81928090007
"031001020506",1100,3138403.90375459,"Tippecanoe Bay-Myakka River","tbcmp_PD_HA_IntHigh_2100","PD","HA","IntHigh","2100",3102.06746335692
"031001020506",1200,3683886.3715731,"Tippecanoe Bay-Myakka River","tbcmp_PD_HA_IntHigh_2100","PD","HA","IntHigh","2100",3641.23433516303
"031001020506",1800,228054,"Tippecanoe Bay-Myakka River","tbcmp_PD_HA_IntHigh_2100","PD","HA","IntHigh","2100",225.413590788
"031001020506",1820,146428,"Tippecanoe Bay-Myakka River","tbcmp_PD_HA_IntHigh_2100","PD","HA","IntHigh","2100",144.732656616
"031001020506",1900,1856736.08547414,"Tippecanoe Bay-Myakka River","tbcmp_PD_HA_IntHigh_2100","PD","HA","IntHigh","2100",1835.23879507652
"031001020506",2100,4592,"Tippecanoe Bay-Myakka River","tbcmp_PD_HA_IntHigh_2100","PD","HA","IntHigh","2100",4.538833824
"031001020506",3200,458122.953312829,"Tippecanoe Bay-Myakka River","tbcmp_PD_HA_IntHigh_2100","PD","HA","IntHigh","2100",452.818805759373
"031001020506",4100,701743.587090952,"Tippecanoe Bay-Myakka River","tbcmp_PD_HA_IntHigh_2100","PD","HA","IntHigh","2100",693.618799839613
"031001020506",4400,135493.561468534,"Tippecanoe Bay-Myakka River","tbcmp_PD_HA_IntHigh_2100","PD","HA","IntHigh","2100",133.924817013851
"031001020506",5200,86913.8166190702,"Tippecanoe Bay-Myakka River","tbcmp_PD_HA_IntHigh_2100","PD","HA","IntHigh","2100",85.9075284502547
"031001020506",5400,4662192.22675035,"Tippecanoe Bay-Myakka River","tbcmp_PD_HA_IntHigh_2100","PD","HA","IntHigh","2100",4608.21336514903
"031001020506",6110,7802,"Tippecanoe Bay-Myakka River","tbcmp_PD_HA_IntHigh_2100","PD","HA","IntHigh","2100",7.711668444
"031001020506",6120,370311.098574912,"Tippecanoe Bay-Myakka River","tbcmp_PD_HA_IntHigh_2100","PD","HA","IntHigh","2100",366.023636675612
"031001020506",6410,160679.058529507,"Tippecanoe Bay-Myakka River","tbcmp_PD_HA_IntHigh_2100","PD","HA","IntHigh","2100",158.818716389852
"031001020506",6420,270512.308116642,"Tippecanoe Bay-Myakka River","tbcmp_PD_HA_IntHigh_2100","PD","HA","IntHigh","2100",267.380316613267
"031001020506",6425,935620.376066396,"Tippecanoe Bay-Myakka River","tbcmp_PD_HA_IntHigh_2100","PD","HA","IntHigh","2100",924.7877633523
"031001020506",6510,366444.279362264,"Tippecanoe Bay-Myakka River","tbcmp_PD_HA_IntHigh_2100","PD","HA","IntHigh","2100",362.201587495807
"031001020506",6600,704904.901618334,"Tippecanoe Bay-Myakka River","tbcmp_PD_HA_IntHigh_2100","PD","HA","IntHigh","2100",696.743512667397
"031001020506",9113,2450772.90502512,"Tippecanoe Bay-Myakka River","tbcmp_PD_HA_IntHigh_2100","PD","HA","IntHigh","2100",2422.39785633074
"031001030202",5400,1.47018529474735,"Charlotte Harbor","tbcmp_PD_HA_IntHigh_2100","PD","HA","IntHigh","2100",0.00145316348940477
"031001030202",6120,1645.37166220319,"Charlotte Harbor","tbcmp_PD_HA_IntHigh_2100","PD","HA","IntHigh","2100",1.6263215490982
"031001030202",9113,3429.18595531598,"Charlotte Harbor","tbcmp_PD_HA_IntHigh_2100","PD","HA","IntHigh","2100",3.38948284032534
"031002010101",0,313,"Palma Sola Bay-Frontal Anna Maria Sound","tbcmp_PD_HA_IntHigh_2100","PD","HA","IntHigh","2100",0.309376086
"031002010101",1100,236751.920721715,"Palma Sola Bay-Frontal Anna Maria Sound","tbcmp_PD_HA_IntHigh_2100","PD","HA","IntHigh","2100",234.010806983599
"031002010101",1200,9608021.89784547,"Palma Sola Bay-Frontal Anna Maria Sound","tbcmp_PD_HA_IntHigh_2100","PD","HA","IntHigh","2100",9496.78022031222
"031002010101",1800,510750.05662852,"Palma Sola Bay-Frontal Anna Maria Sound","tbcmp_PD_HA_IntHigh_2100","PD","HA","IntHigh","2100",504.836592472875
"031002010101",1820,324528.97329827,"Palma Sola Bay-Frontal Anna Maria Sound","tbcmp_PD_HA_IntHigh_2100","PD","HA","IntHigh","2100",320.771576845423
"031002010101",1900,655234,"Palma Sola Bay-Frontal Anna Maria Sound","tbcmp_PD_HA_IntHigh_2100","PD","HA","IntHigh","2100",647.647700748
"031002010101",2100,403452,"Palma Sola Bay-Frontal Anna Maria Sound","tbcmp_PD_HA_IntHigh_2100","PD","HA","IntHigh","2100",398.780832744
"031002010101",2200,11014,"Palma Sola Bay-Frontal Anna Maria Sound","tbcmp_PD_HA_IntHigh_2100","PD","HA","IntHigh","2100",10.886479908
"031002010101",2400,299695,"Palma Sola Bay-Frontal Anna Maria Sound","tbcmp_PD_HA_IntHigh_2100","PD","HA","IntHigh","2100",296.22513129
"031002010101",3200,21503,"Palma Sola Bay-Frontal Anna Maria Sound","tbcmp_PD_HA_IntHigh_2100","PD","HA","IntHigh","2100",21.254038266
"031002010101",4100,166477,"Palma Sola Bay-Frontal Anna Maria Sound","tbcmp_PD_HA_IntHigh_2100","PD","HA","IntHigh","2100",164.549529294
"031002010101",5200,568790.482941939,"Palma Sola Bay-Frontal Anna Maria Sound","tbcmp_PD_HA_IntHigh_2100","PD","HA","IntHigh","2100",562.205026730437
"031002010101",5400,3484565.38556573,"Palma Sola Bay-Frontal Anna Maria Sound","tbcmp_PD_HA_IntHigh_2100","PD","HA","IntHigh","2100",3444.22108753165
"031002010101",6110,308333,"Palma Sola Bay-Frontal Anna Maria Sound","tbcmp_PD_HA_IntHigh_2100","PD","HA","IntHigh","2100",304.763120526
"031002010101",6120,416717.231386142,"Palma Sola Bay-Frontal Anna Maria Sound","tbcmp_PD_HA_IntHigh_2100","PD","HA","IntHigh","2100",411.892479281153
"031002010101",6410,34095.3553591303,"Palma Sola Bay-Frontal Anna Maria Sound","tbcmp_PD_HA_IntHigh_2100","PD","HA","IntHigh","2100",33.7005993347823
"031002010101",6420,19879,"Palma Sola Bay-Frontal Anna Maria Sound","tbcmp_PD_HA_IntHigh_2100","PD","HA","IntHigh","2100",19.648840938
"031002010101",6425,46,"Palma Sola Bay-Frontal Anna Maria Sound","tbcmp_PD_HA_IntHigh_2100","PD","HA","IntHigh","2100",0.045467412
"031002010101",6510,43,"Palma Sola Bay-Frontal Anna Maria Sound","tbcmp_PD_HA_IntHigh_2100","PD","HA","IntHigh","2100",0.042502146
"031002010101",6600,54701,"Palma Sola Bay-Frontal Anna Maria Sound","tbcmp_PD_HA_IntHigh_2100","PD","HA","IntHigh","2100",54.067671822
"031002010101",7100,194,"Palma Sola Bay-Frontal Anna Maria Sound","tbcmp_PD_HA_IntHigh_2100","PD","HA","IntHigh","2100",0.191753868
"031002010101",9113,1918514.76629495,"Palma Sola Bay-Frontal Anna Maria Sound","tbcmp_PD_HA_IntHigh_2100","PD","HA","IntHigh","2100",1896.30220233079
"031002010102",0,1,"Roberts Bay-Frontal Sarasota Bay","tbcmp_PD_HA_IntHigh_2100","PD","HA","IntHigh","2100",0.000988422
"031002010102",1100,491411.629385991,"Roberts Bay-Frontal Sarasota Bay","tbcmp_PD_HA_IntHigh_2100","PD","HA","IntHigh","2100",485.72206554096
"031002010102",1200,14814232.943203,"Roberts Bay-Frontal Sarasota Bay","tbcmp_PD_HA_IntHigh_2100","PD","HA","IntHigh","2100",14642.7137541866
"031002010102",1800,330017.251926526,"Roberts Bay-Frontal Sarasota Bay","tbcmp_PD_HA_IntHigh_2100","PD","HA","IntHigh","2100",326.196312183721
"031002010102",1820,135708,"Roberts Bay-Frontal Sarasota Bay","tbcmp_PD_HA_IntHigh_2100","PD","HA","IntHigh","2100",134.136772776
"031002010102",1900,479529.179600585,"Roberts Bay-Frontal Sarasota Bay","tbcmp_PD_HA_IntHigh_2100","PD","HA","IntHigh","2100",473.977190759169
"031002010102",2100,126685.97895069,"Roberts Bay-Frontal Sarasota Bay","tbcmp_PD_HA_IntHigh_2100","PD","HA","IntHigh","2100",125.219208686399
"031002010102",2400,10695.7956528178,"Roberts Bay-Frontal Sarasota Bay","tbcmp_PD_HA_IntHigh_2100","PD","HA","IntHigh","2100",10.5719597307495
"031002010102",3200,24785.2723613173,"Roberts Bay-Frontal Sarasota Bay","tbcmp_PD_HA_IntHigh_2100","PD","HA","IntHigh","2100",24.498308477918
"031002010102",4100,240520.800300357,"Roberts Bay-Frontal Sarasota Bay","tbcmp_PD_HA_IntHigh_2100","PD","HA","IntHigh","2100",237.73605047448
"031002010102",5200,317650.157423658,"Roberts Bay-Frontal Sarasota Bay","tbcmp_PD_HA_IntHigh_2100","PD","HA","IntHigh","2100",313.972403901007
"031002010102",5400,1213779.21753283,"Roberts Bay-Frontal Sarasota Bay","tbcmp_PD_HA_IntHigh_2100","PD","HA","IntHigh","2100",1199.72608175224
"031002010102",6110,190567.87640762,"Roberts Bay-Frontal Sarasota Bay","tbcmp_PD_HA_IntHigh_2100","PD","HA","IntHigh","2100",188.361481534573
"031002010102",6120,23497.943073312,"Roberts Bay-Frontal Sarasota Bay","tbcmp_PD_HA_IntHigh_2100","PD","HA","IntHigh","2100",23.2258838884092
"031002010102",6410,102911.084022525,"Roberts Bay-Frontal Sarasota Bay","tbcmp_PD_HA_IntHigh_2100","PD","HA","IntHigh","2100",101.719579491712
"031002010102",6420,1007.38145053387,"Roberts Bay-Frontal Sarasota Bay","tbcmp_PD_HA_IntHigh_2100","PD","HA","IntHigh","2100",0.995717988099586
"031002010102",6425,7612.20380137092,"Roberts Bay-Frontal Sarasota Bay","tbcmp_PD_HA_IntHigh_2100","PD","HA","IntHigh","2100",7.52406970575865
"031002010102",6510,1873.40333396273,"Roberts Bay-Frontal Sarasota Bay","tbcmp_PD_HA_IntHigh_2100","PD","HA","IntHigh","2100",1.85171307016211
"031002010102",6600,3831.37995605916,"Roberts Bay-Frontal Sarasota Bay","tbcmp_PD_HA_IntHigh_2100","PD","HA","IntHigh","2100",3.78702023892791
"031002010102",9113,144100.416348564,"Roberts Bay-Frontal Sarasota Bay","tbcmp_PD_HA_IntHigh_2100","PD","HA","IntHigh","2100",142.43202172808
"031002010103",0,5,"Sarasota Bay","tbcmp_PD_HA_IntHigh_2100","PD","HA","IntHigh","2100",0.00494211
"031002010103",1100,108330.084833644,"Sarasota Bay","tbcmp_PD_HA_IntHigh_2100","PD","HA","IntHigh","2100",107.075839111441
"031002010103",1200,3989420.9026077,"Sarasota Bay","tbcmp_PD_HA_IntHigh_2100","PD","HA","IntHigh","2100",3943.23138739731
"031002010103",1800,647242.968640256,"Sarasota Bay","tbcmp_PD_HA_IntHigh_2100","PD","HA","IntHigh","2100",639.74918954934
"031002010103",1820,350580,"Sarasota Bay","tbcmp_PD_HA_IntHigh_2100","PD","HA","IntHigh","2100",346.52098476
"031002010103",1900,1059.53752106617,"Sarasota Bay","tbcmp_PD_HA_IntHigh_2100","PD","HA","IntHigh","2100",1.04727019564727
"031002010103",3200,8490.05264168179,"Sarasota Bay","tbcmp_PD_HA_IntHigh_2100","PD","HA","IntHigh","2100",8.3917548121964
"031002010103",4100,4261.61614894273,"Sarasota Bay","tbcmp_PD_HA_IntHigh_2100","PD","HA","IntHigh","2100",4.21227515717027
"031002010103",5200,195,"Sarasota Bay","tbcmp_PD_HA_IntHigh_2100","PD","HA","IntHigh","2100",0.19274229
"031002010103",5400,22069797.4368899,"Sarasota Bay","tbcmp_PD_HA_IntHigh_2100","PD","HA","IntHigh","2100",21814.2733221656
"031002010103",6110,1042,"Sarasota Bay","tbcmp_PD_HA_IntHigh_2100","PD","HA","IntHigh","2100",1.029935724
"031002010103",6120,192696.95704487,"Sarasota Bay","tbcmp_PD_HA_IntHigh_2100","PD","HA","IntHigh","2100",190.465911676204
"031002010103",6420,5453.33415045659,"Sarasota Bay","tbcmp_PD_HA_IntHigh_2100","PD","HA","IntHigh","2100",5.39019544766261
"031002010103",6600,10786.6990923235,"Sarasota Bay","tbcmp_PD_HA_IntHigh_2100","PD","HA","IntHigh","2100",10.6618106902326
"031002010103",9113,1139015.2827539,"Sarasota Bay","tbcmp_PD_HA_IntHigh_2100","PD","HA","IntHigh","2100",1125.82776381017
"031002010201",1100,4014496.17992204,"Gum Slough","tbcmp_PD_HA_IntHigh_2100","PD","HA","IntHigh","2100",3968.0163431509
"031002010201",1200,1036021.92896101,"Gum Slough","tbcmp_PD_HA_IntHigh_2100","PD","HA","IntHigh","2100",1024.0268670675
"031002010201",1800,22845.3983231056,"Gum Slough","tbcmp_PD_HA_IntHigh_2100","PD","HA","IntHigh","2100",22.5808943013206
"031002010201",1820,26774.9628329848,"Gum Slough","tbcmp_PD_HA_IntHigh_2100","PD","HA","IntHigh","2100",26.4649623133045
"031002010201",1900,599146.93492451,"Gum Slough","tbcmp_PD_HA_IntHigh_2100","PD","HA","IntHigh","2100",592.210011711954
"031002010201",2100,5191026.29690043,"Gum Slough","tbcmp_PD_HA_IntHigh_2100","PD","HA","IntHigh","2100",5130.92459443492
"031002010201",2400,130111.387372119,"Gum Slough","tbcmp_PD_HA_IntHigh_2100","PD","HA","IntHigh","2100",128.604957729124
"031002010201",3200,929655.360328557,"Gum Slough","tbcmp_PD_HA_IntHigh_2100","PD","HA","IntHigh","2100",918.891810566673
"031002010201",4100,2370327.10175095,"Gum Slough","tbcmp_PD_HA_IntHigh_2100","PD","HA","IntHigh","2100",2342.88345456688
"031002010201",4400,44091,"Gum Slough","tbcmp_PD_HA_IntHigh_2100","PD","HA","IntHigh","2100",43.580514402
"031002010201",5200,506012.454004102,"Gum Slough","tbcmp_PD_HA_IntHigh_2100","PD","HA","IntHigh","2100",500.153841811642
"031002010201",6110,1593817.20303111,"Gum Slough","tbcmp_PD_HA_IntHigh_2100","PD","HA","IntHigh","2100",1575.36398745442
"031002010201",6410,2130238.5898297,"Gum Slough","tbcmp_PD_HA_IntHigh_2100","PD","HA","IntHigh","2100",2105.57468743665
"031002010202",0,10,"Dona Bay-Frontal Gulf of Mexico","tbcmp_PD_HA_IntHigh_2100","PD","HA","IntHigh","2100",0.00988422
"031002010202",1100,3816725.47192519,"Dona Bay-Frontal Gulf of Mexico","tbcmp_PD_HA_IntHigh_2100","PD","HA","IntHigh","2100",3772.53542441124
"031002010202",1200,9397417.15149955,"Dona Bay-Frontal Gulf of Mexico","tbcmp_PD_HA_IntHigh_2100","PD","HA","IntHigh","2100",9288.61385571949
"031002010202",1800,329243.552070044,"Dona Bay-Frontal Gulf of Mexico","tbcmp_PD_HA_IntHigh_2100","PD","HA","IntHigh","2100",325.431570224177
"031002010202",1820,1017329.44846645,"Dona Bay-Frontal Gulf of Mexico","tbcmp_PD_HA_IntHigh_2100","PD","HA","IntHigh","2100",1005.5508081121
"031002010202",1900,2295740.65101631,"Dona Bay-Frontal Gulf of Mexico","tbcmp_PD_HA_IntHigh_2100","PD","HA","IntHigh","2100",2269.16056575885
"031002010202",2100,4901804.72163132,"Dona Bay-Frontal Gulf of Mexico","tbcmp_PD_HA_IntHigh_2100","PD","HA","IntHigh","2100",4845.05162656427
"031002010202",2200,519167,"Dona Bay-Frontal Gulf of Mexico","tbcmp_PD_HA_IntHigh_2100","PD","HA","IntHigh","2100",513.156084474
"031002010202",2400,88317.7441067624,"Dona Bay-Frontal Gulf of Mexico","tbcmp_PD_HA_IntHigh_2100","PD","HA","IntHigh","2100",87.2952012654943
"031002010202",3200,860348.307208603,"Dona Bay-Frontal Gulf of Mexico","tbcmp_PD_HA_IntHigh_2100","PD","HA","IntHigh","2100",850.387194507742
"031002010202",4100,4669197.68575259,"Dona Bay-Frontal Gulf of Mexico","tbcmp_PD_HA_IntHigh_2100","PD","HA","IntHigh","2100",4615.13771494695
"031002010202",4400,13038,"Dona Bay-Frontal Gulf of Mexico","tbcmp_PD_HA_IntHigh_2100","PD","HA","IntHigh","2100",12.887046036
"031002010202",5200,1838332.1861955,"Dona Bay-Frontal Gulf of Mexico","tbcmp_PD_HA_IntHigh_2100","PD","HA","IntHigh","2100",1817.04797614373
"031002010202",5400,1359894.59360182,"Dona Bay-Frontal Gulf of Mexico","tbcmp_PD_HA_IntHigh_2100","PD","HA","IntHigh","2100",1344.1497339971
"031002010202",6110,1775373.48067902,"Dona Bay-Frontal Gulf of Mexico","tbcmp_PD_HA_IntHigh_2100","PD","HA","IntHigh","2100",1754.81820651972
"031002010202",6120,45521.313482692,"Dona Bay-Frontal Gulf of Mexico","tbcmp_PD_HA_IntHigh_2100","PD","HA","IntHigh","2100",44.9942677151894
"031002010202",6410,4353879.51383174,"Dona Bay-Frontal Gulf of Mexico","tbcmp_PD_HA_IntHigh_2100","PD","HA","IntHigh","2100",4303.4702968206
"031002010202",6420,24697.2303199172,"Dona Bay-Frontal Gulf of Mexico","tbcmp_PD_HA_IntHigh_2100","PD","HA","IntHigh","2100",24.4112857872732
"031002010202",6425,51845,"Dona Bay-Frontal Gulf of Mexico","tbcmp_PD_HA_IntHigh_2100","PD","HA","IntHigh","2100",51.24473859
"031002010202",6510,21987,"Dona Bay-Frontal Gulf of Mexico","tbcmp_PD_HA_IntHigh_2100","PD","HA","IntHigh","2100",21.732434514
"031002010202",6600,87737.6318412349,"Dona Bay-Frontal Gulf of Mexico","tbcmp_PD_HA_IntHigh_2100","PD","HA","IntHigh","2100",86.7218055397771
"031002010202",9113,332234.325425466,"Dona Bay-Frontal Gulf of Mexico","tbcmp_PD_HA_IntHigh_2100","PD","HA","IntHigh","2100",328.38771640569
"031002010203",1100,3935629.33491881,"Philippee Creek","tbcmp_PD_HA_IntHigh_2100","PD","HA","IntHigh","2100",3890.06261847912
"031002010203",1200,22674469.3371505,"Philippee Creek","tbcmp_PD_HA_IntHigh_2100","PD","HA","IntHigh","2100",22411.944331165
"031002010203",1800,873793.343630357,"Philippee Creek","tbcmp_PD_HA_IntHigh_2100","PD","HA","IntHigh","2100",863.676564297805
"031002010203",1820,1086875.67054236,"Philippee Creek","tbcmp_PD_HA_IntHigh_2100","PD","HA","IntHigh","2100",1074.29182402882
"031002010203",1900,1499276.55152019,"Philippee Creek","tbcmp_PD_HA_IntHigh_2100","PD","HA","IntHigh","2100",1481.91792760669
"031002010203",2100,729365.247960431,"Philippee Creek","tbcmp_PD_HA_IntHigh_2100","PD","HA","IntHigh","2100",720.920657119545
"031002010203",2200,10049,"Philippee Creek","tbcmp_PD_HA_IntHigh_2100","PD","HA","IntHigh","2100",9.932652678
"031002010203",2400,84346.960387173,"Philippee Creek","tbcmp_PD_HA_IntHigh_2100","PD","HA","IntHigh","2100",83.3703912798103
"031002010203",3200,124778.346016106,"Philippee Creek","tbcmp_PD_HA_IntHigh_2100","PD","HA","IntHigh","2100",123.333662325932
"031002010203",4100,1366266.12462451,"Philippee Creek","tbcmp_PD_HA_IntHigh_2100","PD","HA","IntHigh","2100",1350.4474954336
"031002010203",5200,2107431.48699191,"Philippee Creek","tbcmp_PD_HA_IntHigh_2100","PD","HA","IntHigh","2100",2083.03164523552
"031002010203",5400,170452.895919395,"Philippee Creek","tbcmp_PD_HA_IntHigh_2100","PD","HA","IntHigh","2100",168.47939229044
"031002010203",6110,915470.856483806,"Philippee Creek","tbcmp_PD_HA_IntHigh_2100","PD","HA","IntHigh","2100",904.871534907437
"031002010203",6120,427,"Philippee Creek","tbcmp_PD_HA_IntHigh_2100","PD","HA","IntHigh","2100",0.422056194
"031002010203",6410,941873.708349622,"Philippee Creek","tbcmp_PD_HA_IntHigh_2100","PD","HA","IntHigh","2100",930.96869455435
"031002010203",6420,1433,"Philippee Creek","tbcmp_PD_HA_IntHigh_2100","PD","HA","IntHigh","2100",1.416408726
"031002010203",6425,8176.56958441938,"Philippee Creek","tbcmp_PD_HA_IntHigh_2100","PD","HA","IntHigh","2100",8.08190126177097
"031002010203",6510,4716.5476145529,"Philippee Creek","tbcmp_PD_HA_IntHigh_2100","PD","HA","IntHigh","2100",4.6619394262716
"031002010203",6600,3721,"Philippee Creek","tbcmp_PD_HA_IntHigh_2100","PD","HA","IntHigh","2100",3.677918262
"031002010203",9113,30126.6512944995,"Philippee Creek","tbcmp_PD_HA_IntHigh_2100","PD","HA","IntHigh","2100",29.7778449258118
"031002010204",0,8,"Little Sarasota Bay-Frontal Gulf of Mexico","tbcmp_PD_HA_IntHigh_2100","PD","HA","IntHigh","2100",0.007907376
"031002010204",1100,698653.42776488,"Little Sarasota Bay-Frontal Gulf of Mexico","tbcmp_PD_HA_IntHigh_2100","PD","HA","IntHigh","2100",690.564418378218
"031002010204",1200,11995911.0267855,"Little Sarasota Bay-Frontal Gulf of Mexico","tbcmp_PD_HA_IntHigh_2100","PD","HA","IntHigh","2100",11857.0223689174
"031002010204",1800,374154.639677917,"Little Sarasota Bay-Frontal Gulf of Mexico","tbcmp_PD_HA_IntHigh_2100","PD","HA","IntHigh","2100",369.822677259726
"031002010204",1820,946550,"Little Sarasota Bay-Frontal Gulf of Mexico","tbcmp_PD_HA_IntHigh_2100","PD","HA","IntHigh","2100",935.5908441
"031002010204",1900,661301.464164892,"Little Sarasota Bay-Frontal Gulf of Mexico","tbcmp_PD_HA_IntHigh_2100","PD","HA","IntHigh","2100",653.64491581279
"031002010204",2100,3051250.83207654,"Little Sarasota Bay-Frontal Gulf of Mexico","tbcmp_PD_HA_IntHigh_2100","PD","HA","IntHigh","2100",3015.92344994275
"031002010204",2200,5334,"Little Sarasota Bay-Frontal Gulf of Mexico","tbcmp_PD_HA_IntHigh_2100","PD","HA","IntHigh","2100",5.272242948
"031002010204",2400,6848,"Little Sarasota Bay-Frontal Gulf of Mexico","tbcmp_PD_HA_IntHigh_2100","PD","HA","IntHigh","2100",6.768713856
"031002010204",3200,513945.599746527,"Little Sarasota Bay-Frontal Gulf of Mexico","tbcmp_PD_HA_IntHigh_2100","PD","HA","IntHigh","2100",507.995137592662
"031002010204",4100,2453667.91395015,"Little Sarasota Bay-Frontal Gulf of Mexico","tbcmp_PD_HA_IntHigh_2100","PD","HA","IntHigh","2100",2425.25934684244
"031002010204",5200,1547785.25255496,"Little Sarasota Bay-Frontal Gulf of Mexico","tbcmp_PD_HA_IntHigh_2100","PD","HA","IntHigh","2100",1529.86499490087
"031002010204",5400,2522050.13108771,"Little Sarasota Bay-Frontal Gulf of Mexico","tbcmp_PD_HA_IntHigh_2100","PD","HA","IntHigh","2100",2492.84983466998
"031002010204",6110,590443.513674706,"Little Sarasota Bay-Frontal Gulf of Mexico","tbcmp_PD_HA_IntHigh_2100","PD","HA","IntHigh","2100",583.60735867338
"031002010204",6120,98730.326140205,"Little Sarasota Bay-Frontal Gulf of Mexico","tbcmp_PD_HA_IntHigh_2100","PD","HA","IntHigh","2100",97.5872264241537
"031002010204",6410,2416721.05000912,"Little Sarasota Bay-Frontal Gulf of Mexico","tbcmp_PD_HA_IntHigh_2100","PD","HA","IntHigh","2100",2388.74025369211
"031002010204",6420,13231.9767528996,"Little Sarasota Bay-Frontal Gulf of Mexico","tbcmp_PD_HA_IntHigh_2100","PD","HA","IntHigh","2100",13.0787769260545
"031002010204",6425,16953.2266143285,"Little Sarasota Bay-Frontal Gulf of Mexico","tbcmp_PD_HA_IntHigh_2100","PD","HA","IntHigh","2100",16.7569421565878
"031002010204",6510,7407.04723281656,"Little Sarasota Bay-Frontal Gulf of Mexico","tbcmp_PD_HA_IntHigh_2100","PD","HA","IntHigh","2100",7.32128843995501
"031002010204",6600,34064.8240732106,"Little Sarasota Bay-Frontal Gulf of Mexico","tbcmp_PD_HA_IntHigh_2100","PD","HA","IntHigh","2100",33.6704215400909
"031002010204",9113,363639.328546334,"Little Sarasota Bay-Frontal Gulf of Mexico","tbcmp_PD_HA_IntHigh_2100","PD","HA","IntHigh","2100",359.429112400425
"031002010205",0,9,"Alligator Creek-Frontal Gulf of Mexico","tbcmp_PD_HA_IntHigh_2100","PD","HA","IntHigh","2100",0.008895798
"031002010205",1100,329261.012276345,"Alligator Creek-Frontal Gulf of Mexico","tbcmp_PD_HA_IntHigh_2100","PD","HA","IntHigh","2100",325.448828276209
"031002010205",1200,10570206.5231731,"Alligator Creek-Frontal Gulf of Mexico","tbcmp_PD_HA_IntHigh_2100","PD","HA","IntHigh","2100",10447.8246720478
"031002010205",1800,466757.159929582,"Alligator Creek-Frontal Gulf of Mexico","tbcmp_PD_HA_IntHigh_2100","PD","HA","IntHigh","2100",461.353045531917
"031002010205",1820,654089.5905642,"Alligator Creek-Frontal Gulf of Mexico","tbcmp_PD_HA_IntHigh_2100","PD","HA","IntHigh","2100",646.516541284647
"031002010205",1900,183070.588372465,"Alligator Creek-Frontal Gulf of Mexico","tbcmp_PD_HA_IntHigh_2100","PD","HA","IntHigh","2100",180.950997100288
"031002010205",2100,6265.39430300362,"Alligator Creek-Frontal Gulf of Mexico","tbcmp_PD_HA_IntHigh_2100","PD","HA","IntHigh","2100",6.19285356776344
"031002010205",3200,250916.145512593,"Alligator Creek-Frontal Gulf of Mexico","tbcmp_PD_HA_IntHigh_2100","PD","HA","IntHigh","2100",248.011038379848
"031002010205",4100,400051.788796015,"Alligator Creek-Frontal Gulf of Mexico","tbcmp_PD_HA_IntHigh_2100","PD","HA","IntHigh","2100",395.419989185335
"031002010205",5200,594207.174716744,"Alligator Creek-Frontal Gulf of Mexico","tbcmp_PD_HA_IntHigh_2100","PD","HA","IntHigh","2100",587.327444047874
"031002010205",5400,679966.383172783,"Alligator Creek-Frontal Gulf of Mexico","tbcmp_PD_HA_IntHigh_2100","PD","HA","IntHigh","2100",672.093732388409
"031002010205",6110,243392.699430406,"Alligator Creek-Frontal Gulf of Mexico","tbcmp_PD_HA_IntHigh_2100","PD","HA","IntHigh","2100",240.574698756401
"031002010205",6120,208036.29773247,"Alligator Creek-Frontal Gulf of Mexico","tbcmp_PD_HA_IntHigh_2100","PD","HA","IntHigh","2100",205.627653477323
"031002010205",6410,394970.07959101,"Alligator Creek-Frontal Gulf of Mexico","tbcmp_PD_HA_IntHigh_2100","PD","HA","IntHigh","2100",390.397116009505
"031002010205",6420,27700.2375409901,"Alligator Creek-Frontal Gulf of Mexico","tbcmp_PD_HA_IntHigh_2100","PD","HA","IntHigh","2100",27.3795241907405
"031002010205",6600,85700.1147820631,"Alligator Creek-Frontal Gulf of Mexico","tbcmp_PD_HA_IntHigh_2100","PD","HA","IntHigh","2100",84.7078788531163
"031002010205",9113,360128.937926448,"Alligator Creek-Frontal Gulf of Mexico","tbcmp_PD_HA_IntHigh_2100","PD","HA","IntHigh","2100",355.959365083135
"031002010301",0,2,"Gottfried Creek-Frontal Gulf of Mexico","tbcmp_PD_HA_IntHigh_2100","PD","HA","IntHigh","2100",0.001976844
"031002010301",1100,1317642.52224304,"Gottfried Creek-Frontal Gulf of Mexico","tbcmp_PD_HA_IntHigh_2100","PD","HA","IntHigh","2100",1302.38685712051
"031002010301",1200,5051676.22394185,"Gottfried Creek-Frontal Gulf of Mexico","tbcmp_PD_HA_IntHigh_2100","PD","HA","IntHigh","2100",4993.18791662105
"031002010301",1800,321161.122012929,"Gottfried Creek-Frontal Gulf of Mexico","tbcmp_PD_HA_IntHigh_2100","PD","HA","IntHigh","2100",317.442718542263
"031002010301",1820,395123.95252207,"Gottfried Creek-Frontal Gulf of Mexico","tbcmp_PD_HA_IntHigh_2100","PD","HA","IntHigh","2100",390.549207399769
"031002010301",1900,1943939.88428088,"Gottfried Creek-Frontal Gulf of Mexico","tbcmp_PD_HA_IntHigh_2100","PD","HA","IntHigh","2100",1921.43294830067
"031002010301",2100,1399639.0405432,"Gottfried Creek-Frontal Gulf of Mexico","tbcmp_PD_HA_IntHigh_2100","PD","HA","IntHigh","2100",1383.43401973179
"031002010301",3200,1239790.95963166,"Gottfried Creek-Frontal Gulf of Mexico","tbcmp_PD_HA_IntHigh_2100","PD","HA","IntHigh","2100",1225.43665990104
"031002010301",4100,1768274.63642266,"Gottfried Creek-Frontal Gulf of Mexico","tbcmp_PD_HA_IntHigh_2100","PD","HA","IntHigh","2100",1747.80155268216
"031002010301",4400,3283,"Gottfried Creek-Frontal Gulf of Mexico","tbcmp_PD_HA_IntHigh_2100","PD","HA","IntHigh","2100",3.244989426
"031002010301",5200,727680.122602712,"Gottfried Creek-Frontal Gulf of Mexico","tbcmp_PD_HA_IntHigh_2100","PD","HA","IntHigh","2100",719.255042143218
"031002010301",5400,2109039.91590807,"Gottfried Creek-Frontal Gulf of Mexico","tbcmp_PD_HA_IntHigh_2100","PD","HA","IntHigh","2100",2084.62145176169
"031002010301",6110,629391,"Gottfried Creek-Frontal Gulf of Mexico","tbcmp_PD_HA_IntHigh_2100","PD","HA","IntHigh","2100",622.103911002
"031002010301",6120,130990.087145261,"Gottfried Creek-Frontal Gulf of Mexico","tbcmp_PD_HA_IntHigh_2100","PD","HA","IntHigh","2100",129.473483916293
"031002010301",6410,1663692.9300717,"Gottfried Creek-Frontal Gulf of Mexico","tbcmp_PD_HA_IntHigh_2100","PD","HA","IntHigh","2100",1644.43069332733
"031002010301",6420,37728.6729659047,"Gottfried Creek-Frontal Gulf of Mexico","tbcmp_PD_HA_IntHigh_2100","PD","HA","IntHigh","2100",37.2918503903055
"031002010301",6425,18912.5738723162,"Gottfried Creek-Frontal Gulf of Mexico","tbcmp_PD_HA_IntHigh_2100","PD","HA","IntHigh","2100",18.6936040920225
"031002010301",6510,8033.667627863,"Gottfried Creek-Frontal Gulf of Mexico","tbcmp_PD_HA_IntHigh_2100","PD","HA","IntHigh","2100",7.94065382406761
"031002010301",6600,155064.690289613,"Gottfried Creek-Frontal Gulf of Mexico","tbcmp_PD_HA_IntHigh_2100","PD","HA","IntHigh","2100",153.26935130544
"031002010301",9113,183810.559877283,"Gottfried Creek-Frontal Gulf of Mexico","tbcmp_PD_HA_IntHigh_2100","PD","HA","IntHigh","2100",181.682401215023
"031002010302",1100,667782.858864894,"Rock Creek-Frontal Gulf of Mexico","tbcmp_PD_HA_IntHigh_2100","PD","HA","IntHigh","2100",660.051268924956
"031002010302",1200,373147.819797369,"Rock Creek-Frontal Gulf of Mexico","tbcmp_PD_HA_IntHigh_2100","PD","HA","IntHigh","2100",368.827514339756
"031002010302",1800,15146.7521400293,"Rock Creek-Frontal Gulf of Mexico","tbcmp_PD_HA_IntHigh_2100","PD","HA","IntHigh","2100",14.9713830437521
"031002010302",1900,107650.786321541,"Rock Creek-Frontal Gulf of Mexico","tbcmp_PD_HA_IntHigh_2100","PD","HA","IntHigh","2100",106.40440551751
"031002010302",2100,90420,"Rock Creek-Frontal Gulf of Mexico","tbcmp_PD_HA_IntHigh_2100","PD","HA","IntHigh","2100",89.37311724
"031002010302",3200,1332566.34643961,"Rock Creek-Frontal Gulf of Mexico","tbcmp_PD_HA_IntHigh_2100","PD","HA","IntHigh","2100",1317.13789328053
"031002010302",4100,2089522.3886655,"Rock Creek-Frontal Gulf of Mexico","tbcmp_PD_HA_IntHigh_2100","PD","HA","IntHigh","2100",2065.32989844953
"031002010302",4400,544824.686702832,"Rock Creek-Frontal Gulf of Mexico","tbcmp_PD_HA_IntHigh_2100","PD","HA","IntHigh","2100",538.516706480186
"031002010302",5200,30107.6924039405,"Rock Creek-Frontal Gulf of Mexico","tbcmp_PD_HA_IntHigh_2100","PD","HA","IntHigh","2100",29.7591055412877
"031002010302",5400,71921.777714183,"Rock Creek-Frontal Gulf of Mexico","tbcmp_PD_HA_IntHigh_2100","PD","HA","IntHigh","2100",71.0890673718082
"031002010302",6110,83942,"Rock Creek-Frontal Gulf of Mexico","tbcmp_PD_HA_IntHigh_2100","PD","HA","IntHigh","2100",82.970119524
"031002010302",6120,16296.0467138214,"Rock Creek-Frontal Gulf of Mexico","tbcmp_PD_HA_IntHigh_2100","PD","HA","IntHigh","2100",16.1073710849687
"031002010302",6410,908342.839992642,"Rock Creek-Frontal Gulf of Mexico","tbcmp_PD_HA_IntHigh_2100","PD","HA","IntHigh","2100",897.826046591207
"031002010302",6420,22057.327034043,"Rock Creek-Frontal Gulf of Mexico","tbcmp_PD_HA_IntHigh_2100","PD","HA","IntHigh","2100",21.8019473016429
"031002010302",6425,39878.426127784,"Rock Creek-Frontal Gulf of Mexico","tbcmp_PD_HA_IntHigh_2100","PD","HA","IntHigh","2100",39.4167137100765
"031002010302",6510,17075.3323721737,"Rock Creek-Frontal Gulf of Mexico","tbcmp_PD_HA_IntHigh_2100","PD","HA","IntHigh","2100",16.8776341739686
"031002010302",6600,98819.3097104672,"Rock Creek-Frontal Gulf of Mexico","tbcmp_PD_HA_IntHigh_2100","PD","HA","IntHigh","2100",97.6751797426394
"031002010302",9113,107236.684066839,"Rock Creek-Frontal Gulf of Mexico","tbcmp_PD_HA_IntHigh_2100","PD","HA","IntHigh","2100",105.995097738713
"031002010400",1200,2715.89749396841,"Venice Inlet-Gulf of Mexico","tbcmp_PD_HA_IntHigh_2100","PD","HA","IntHigh","2100",2.68445283278324
"031002010400",1800,458808.171788701,"Venice Inlet-Gulf of Mexico","tbcmp_PD_HA_IntHigh_2100","PD","HA","IntHigh","2100",453.496090775731
"031002010400",3200,9406.41909712762,"Venice Inlet-Gulf of Mexico","tbcmp_PD_HA_IntHigh_2100","PD","HA","IntHigh","2100",9.29751157682108
"031002010400",4100,376.773290764424,"Venice Inlet-Gulf of Mexico","tbcmp_PD_HA_IntHigh_2100","PD","HA","IntHigh","2100",0.372411009603954
"031002010400",5400,105539700.229455,"Venice Inlet-Gulf of Mexico","tbcmp_PD_HA_IntHigh_2100","PD","HA","IntHigh","2100",104317.761580198
"031002010400",6120,14789.3380967835,"Venice Inlet-Gulf of Mexico","tbcmp_PD_HA_IntHigh_2100","PD","HA","IntHigh","2100",14.6181071402989
"031002010400",6420,833.077326329483,"Venice Inlet-Gulf of Mexico","tbcmp_PD_HA_IntHigh_2100","PD","HA","IntHigh","2100",0.823431957045241
"031002010400",6600,2572.46503715643,"Venice Inlet-Gulf of Mexico","tbcmp_PD_HA_IntHigh_2100","PD","HA","IntHigh","2100",2.54268103695624
"031002010400",9113,24002.4677891362,"Venice Inlet-Gulf of Mexico","tbcmp_PD_HA_IntHigh_2100","PD","HA","IntHigh","2100",23.7245672170736
"031002020101",1100,25470.4634746031,"North Fork Manatee River","tbcmp_PD_HA_IntHigh_2100","PD","HA","IntHigh","2100",25.1755664484942
"031002020101",1200,2731960.4171389,"North Fork Manatee River","tbcmp_PD_HA_IntHigh_2100","PD","HA","IntHigh","2100",2700.32977942927
"031002020101",1900,539181.892158215,"North Fork Manatee River","tbcmp_PD_HA_IntHigh_2100","PD","HA","IntHigh","2100",532.939244210807
"031002020101",2100,3886247.0730518,"North Fork Manatee River","tbcmp_PD_HA_IntHigh_2100","PD","HA","IntHigh","2100",3841.25210444
"031002020101",2200,1106185.01466828,"North Fork Manatee River","tbcmp_PD_HA_IntHigh_2100","PD","HA","IntHigh","2100",1093.37760456845
"031002020101",2400,282708,"North Fork Manatee River","tbcmp_PD_HA_IntHigh_2100","PD","HA","IntHigh","2100",279.434806776
"031002020101",3200,6263237.37780701,"North Fork Manatee River","tbcmp_PD_HA_IntHigh_2100","PD","HA","IntHigh","2100",6190.72161544676
"031002020101",4100,3180329.07571716,"North Fork Manatee River","tbcmp_PD_HA_IntHigh_2100","PD","HA","IntHigh","2100",3143.5072256785
"031002020101",4400,997285.955934879,"North Fork Manatee River","tbcmp_PD_HA_IntHigh_2100","PD","HA","IntHigh","2100",985.739379137065
"031002020101",5200,65293.3764161745,"North Fork Manatee River","tbcmp_PD_HA_IntHigh_2100","PD","HA","IntHigh","2100",64.537409704028
"031002020101",6110,1489360.49896892,"North Fork Manatee River","tbcmp_PD_HA_IntHigh_2100","PD","HA","IntHigh","2100",1472.11668311186
"031002020101",6410,1542605.68546118,"North Fork Manatee River","tbcmp_PD_HA_IntHigh_2100","PD","HA","IntHigh","2100",1524.74539683491
"031002020102",1100,57793.7924247323,"East Fork Manatee River","tbcmp_PD_HA_IntHigh_2100","PD","HA","IntHigh","2100",57.1246558960387
"031002020102",1200,570357.405714052,"East Fork Manatee River","tbcmp_PD_HA_IntHigh_2100","PD","HA","IntHigh","2100",563.753807670695
"031002020102",1900,983962.670185249,"East Fork Manatee River","tbcmp_PD_HA_IntHigh_2100","PD","HA","IntHigh","2100",972.570350389844
"031002020102",2100,3569611.57112347,"East Fork Manatee River","tbcmp_PD_HA_IntHigh_2100","PD","HA","IntHigh","2100",3528.28260835301
"031002020102",2200,1103661.49614547,"East Fork Manatee River","tbcmp_PD_HA_IntHigh_2100","PD","HA","IntHigh","2100",1090.8833033431
"031002020102",2400,231021.818139394,"East Fork Manatee River","tbcmp_PD_HA_IntHigh_2100","PD","HA","IntHigh","2100",228.347047528976
"031002020102",3200,6716459.41039016,"East Fork Manatee River","tbcmp_PD_HA_IntHigh_2100","PD","HA","IntHigh","2100",6638.69624333667
"031002020102",4100,1130234.00649778,"East Fork Manatee River","tbcmp_PD_HA_IntHigh_2100","PD","HA","IntHigh","2100",1117.14815717055
"031002020102",4400,1351163.18334748,"East Fork Manatee River","tbcmp_PD_HA_IntHigh_2100","PD","HA","IntHigh","2100",1335.51941601068
"031002020102",5200,31019,"East Fork Manatee River","tbcmp_PD_HA_IntHigh_2100","PD","HA","IntHigh","2100",30.659862018
"031002020102",6110,1115464.41754121,"East Fork Manatee River","tbcmp_PD_HA_IntHigh_2100","PD","HA","IntHigh","2100",1102.54957051492
"031002020102",6410,1689748.33870286,"East Fork Manatee River","tbcmp_PD_HA_IntHigh_2100","PD","HA","IntHigh","2100",1670.18443243736
"031002020103",1100,2437954.47511195,"Corbit Branch-Manatee River","tbcmp_PD_HA_IntHigh_2100","PD","HA","IntHigh","2100",2409.7278381991
"031002020103",1200,228507.314311873,"Corbit Branch-Manatee River","tbcmp_PD_HA_IntHigh_2100","PD","HA","IntHigh","2100",225.86165662677
"031002020103",1800,577.742648060534,"Corbit Branch-Manatee River","tbcmp_PD_HA_IntHigh_2100","PD","HA","IntHigh","2100",0.571053543681289
"031002020103",1900,698551.222020021,"Corbit Branch-Manatee River","tbcmp_PD_HA_IntHigh_2100","PD","HA","IntHigh","2100",690.463395971473
"031002020103",2100,7273021.54185462,"Corbit Branch-Manatee River","tbcmp_PD_HA_IntHigh_2100","PD","HA","IntHigh","2100",7188.81449844302
"031002020103",2200,1216825.44327396,"Corbit Branch-Manatee River","tbcmp_PD_HA_IntHigh_2100","PD","HA","IntHigh","2100",1202.73703829173
"031002020103",2400,44944,"Corbit Branch-Manatee River","tbcmp_PD_HA_IntHigh_2100","PD","HA","IntHigh","2100",44.423638368
"031002020103",3200,4044749.99345446,"Corbit Branch-Manatee River","tbcmp_PD_HA_IntHigh_2100","PD","HA","IntHigh","2100",3997.91987803025
"031002020103",4100,2937737.1872693,"Corbit Branch-Manatee River","tbcmp_PD_HA_IntHigh_2100","PD","HA","IntHigh","2100",2903.7240661151
"031002020103",4400,100712,"Corbit Branch-Manatee River","tbcmp_PD_HA_IntHigh_2100","PD","HA","IntHigh","2100",99.545956464
"031002020103",5200,420675.884216505,"Corbit Branch-Manatee River","tbcmp_PD_HA_IntHigh_2100","PD","HA","IntHigh","2100",415.805298829047
"031002020103",6110,1810497.8902363,"Corbit Branch-Manatee River","tbcmp_PD_HA_IntHigh_2100","PD","HA","IntHigh","2100",1789.53594566314
"031002020103",6410,927402.682217409,"Corbit Branch-Manatee River","tbcmp_PD_HA_IntHigh_2100","PD","HA","IntHigh","2100",916.665213962696
"031002020104",1100,11962,"Gilley Creek","tbcmp_PD_HA_IntHigh_2100","PD","HA","IntHigh","2100",11.823503964
"031002020104",1200,59116.6905447425,"Gilley Creek","tbcmp_PD_HA_IntHigh_2100","PD","HA","IntHigh","2100",58.4322375016155
"031002020104",1900,1197619.80708162,"Gilley Creek","tbcmp_PD_HA_IntHigh_2100","PD","HA","IntHigh","2100",1183.75376495523
"031002020104",2100,7329217.81033482,"Gilley Creek","tbcmp_PD_HA_IntHigh_2100","PD","HA","IntHigh","2100",7244.36012652677
"031002020104",2200,290921.246597363,"Gilley Creek","tbcmp_PD_HA_IntHigh_2100","PD","HA","IntHigh","2100",287.552960404259
"031002020104",3200,4338382.47301012,"Gilley Creek","tbcmp_PD_HA_IntHigh_2100","PD","HA","IntHigh","2100",4288.15268073761
"031002020104",4100,622946.536199468,"Gilley Creek","tbcmp_PD_HA_IntHigh_2100","PD","HA","IntHigh","2100",615.73406120335
"031002020104",5200,68100.9297536667,"Gilley Creek","tbcmp_PD_HA_IntHigh_2100","PD","HA","IntHigh","2100",67.3124571889788
"031002020104",6110,791577,"Gilley Creek","tbcmp_PD_HA_IntHigh_2100","PD","HA","IntHigh","2100",782.412121494
"031002020104",6410,718661.032123885,"Gilley Creek","tbcmp_PD_HA_IntHigh_2100","PD","HA","IntHigh","2100",710.340374693955
"031002020105",1100,1375051.49315904,"Lake Manatee-Manatee River","tbcmp_PD_HA_IntHigh_2100","PD","HA","IntHigh","2100",1359.13114697125
"031002020105",1200,4692732.78680837,"Lake Manatee-Manatee River","tbcmp_PD_HA_IntHigh_2100","PD","HA","IntHigh","2100",4638.4003266027
"031002020105",1800,528105.119504186,"Lake Manatee-Manatee River","tbcmp_PD_HA_IntHigh_2100","PD","HA","IntHigh","2100",521.990718430566
"031002020105",1900,2429167.83349472,"Lake Manatee-Manatee River","tbcmp_PD_HA_IntHigh_2100","PD","HA","IntHigh","2100",2401.04292831852
"031002020105",2100,5266227.09306873,"Lake Manatee-Manatee River","tbcmp_PD_HA_IntHigh_2100","PD","HA","IntHigh","2100",5205.25471578518
"031002020105",2200,154332.079277499,"Lake Manatee-Manatee River","tbcmp_PD_HA_IntHigh_2100","PD","HA","IntHigh","2100",152.545222463624
"031002020105",2400,132138.313967213,"Lake Manatee-Manatee River","tbcmp_PD_HA_IntHigh_2100","PD","HA","IntHigh","2100",130.608416568101
"031002020105",3200,1519655.85334096,"Lake Manatee-Manatee River","tbcmp_PD_HA_IntHigh_2100","PD","HA","IntHigh","2100",1502.06127787098
"031002020105",4100,1920002.0988425,"Lake Manatee-Manatee River","tbcmp_PD_HA_IntHigh_2100","PD","HA","IntHigh","2100",1897.7723145421
"031002020105",5200,2114005.12106711,"Lake Manatee-Manatee River","tbcmp_PD_HA_IntHigh_2100","PD","HA","IntHigh","2100",2089.52916977539
"031002020105",5400,167939.086823564,"Lake Manatee-Manatee River","tbcmp_PD_HA_IntHigh_2100","PD","HA","IntHigh","2100",165.99468807632
"031002020105",6110,1348101.26882484,"Lake Manatee-Manatee River","tbcmp_PD_HA_IntHigh_2100","PD","HA","IntHigh","2100",1332.49295233439
"031002020105",6120,5026,"Lake Manatee-Manatee River","tbcmp_PD_HA_IntHigh_2100","PD","HA","IntHigh","2100",4.967808972
"031002020105",6410,979858.197301515,"Lake Manatee-Manatee River","tbcmp_PD_HA_IntHigh_2100","PD","HA","IntHigh","2100",968.513399093158
"031002020105",6420,20666.9870230351,"Lake Manatee-Manatee River","tbcmp_PD_HA_IntHigh_2100","PD","HA","IntHigh","2100",20.4277046472824
"031002020105",6425,48680.9159311822,"Lake Manatee-Manatee River","tbcmp_PD_HA_IntHigh_2100","PD","HA","IntHigh","2100",48.117288286531
"031002020105",6510,23896.1013784837,"Lake Manatee-Manatee River","tbcmp_PD_HA_IntHigh_2100","PD","HA","IntHigh","2100",23.6194323167236
"031002020105",6600,59327.2885054852,"Lake Manatee-Manatee River","tbcmp_PD_HA_IntHigh_2100","PD","HA","IntHigh","2100",58.6403971591686
"031002020105",9113,253104.431886752,"Lake Manatee-Manatee River","tbcmp_PD_HA_IntHigh_2100","PD","HA","IntHigh","2100",250.173988774368
"031002020106",1100,1016785.47687564,"Upper Gamble Creek","tbcmp_PD_HA_IntHigh_2100","PD","HA","IntHigh","2100",1005.01313462437
"031002020106",1200,1297226.03893296,"Upper Gamble Creek","tbcmp_PD_HA_IntHigh_2100","PD","HA","IntHigh","2100",1282.20675585419
"031002020106",1800,1402,"Upper Gamble Creek","tbcmp_PD_HA_IntHigh_2100","PD","HA","IntHigh","2100",1.385767644
"031002020106",1900,2723629.86817706,"Upper Gamble Creek","tbcmp_PD_HA_IntHigh_2100","PD","HA","IntHigh","2100",2692.09568156331
"031002020106",2100,12185353.9555308,"Upper Gamble Creek","tbcmp_PD_HA_IntHigh_2100","PD","HA","IntHigh","2100",12044.2719274336
"031002020106",2200,351517.6189284,"Upper Gamble Creek","tbcmp_PD_HA_IntHigh_2100","PD","HA","IntHigh","2100",347.447747936447
"031002020106",2400,209483,"Upper Gamble Creek","tbcmp_PD_HA_IntHigh_2100","PD","HA","IntHigh","2100",207.057605826
"031002020106",3200,1414134.74889876,"Upper Gamble Creek","tbcmp_PD_HA_IntHigh_2100","PD","HA","IntHigh","2100",1397.76189677601
"031002020106",4100,1682714.94423718,"Upper Gamble Creek","tbcmp_PD_HA_IntHigh_2100","PD","HA","IntHigh","2100",1663.2324706128
"031002020106",4400,233939.101832088,"Upper Gamble Creek","tbcmp_PD_HA_IntHigh_2100","PD","HA","IntHigh","2100",231.230554911077
"031002020106",5200,1093892.2614438,"Upper Gamble Creek","tbcmp_PD_HA_IntHigh_2100","PD","HA","IntHigh","2100",1081.2271768408
"031002020106",6110,3705866.91962544,"Upper Gamble Creek","tbcmp_PD_HA_IntHigh_2100","PD","HA","IntHigh","2100",3662.96039243001
"031002020106",6410,2088668.1738982,"Upper Gamble Creek","tbcmp_PD_HA_IntHigh_2100","PD","HA","IntHigh","2100",2064.48557378081
"031002020106",6600,3,"Upper Gamble Creek","tbcmp_PD_HA_IntHigh_2100","PD","HA","IntHigh","2100",0.002965266
"031002020107",1100,1230320.03628172,"Lower Gamble Creek","tbcmp_PD_HA_IntHigh_2100","PD","HA","IntHigh","2100",1216.07539090165
"031002020107",1200,1792728.2910659,"Lower Gamble Creek","tbcmp_PD_HA_IntHigh_2100","PD","HA","IntHigh","2100",1771.97208291194
"031002020107",1800,5219,"Lower Gamble Creek","tbcmp_PD_HA_IntHigh_2100","PD","HA","IntHigh","2100",5.158574418
"031002020107",1820,41881.4393483246,"Lower Gamble Creek","tbcmp_PD_HA_IntHigh_2100","PD","HA","IntHigh","2100",41.3965360435497
"031002020107",1900,964014.098745849,"Lower Gamble Creek","tbcmp_PD_HA_IntHigh_2100","PD","HA","IntHigh","2100",952.852743510569
"031002020107",2100,3055251.3655141,"Lower Gamble Creek","tbcmp_PD_HA_IntHigh_2100","PD","HA","IntHigh","2100",3019.87766520418
"031002020107",2200,191963.095116559,"Lower Gamble Creek","tbcmp_PD_HA_IntHigh_2100","PD","HA","IntHigh","2100",189.740546401299
"031002020107",2400,80066.9555922288,"Lower Gamble Creek","tbcmp_PD_HA_IntHigh_2100","PD","HA","IntHigh","2100",79.139940380382
"031002020107",3200,340451.854477291,"Lower Gamble Creek","tbcmp_PD_HA_IntHigh_2100","PD","HA","IntHigh","2100",336.510102906153
"031002020107",4100,188171.963978841,"Lower Gamble Creek","tbcmp_PD_HA_IntHigh_2100","PD","HA","IntHigh","2100",185.993308979894
"031002020107",5200,404995.305133465,"Lower Gamble Creek","tbcmp_PD_HA_IntHigh_2100","PD","HA","IntHigh","2100",400.306269490629
"031002020107",5400,151623.640873054,"Lower Gamble Creek","tbcmp_PD_HA_IntHigh_2100","PD","HA","IntHigh","2100",149.868142359026
"031002020107",6110,979881.456584163,"Lower Gamble Creek","tbcmp_PD_HA_IntHigh_2100","PD","HA","IntHigh","2100",968.536389079832
"031002020107",6120,25066,"Lower Gamble Creek","tbcmp_PD_HA_IntHigh_2100","PD","HA","IntHigh","2100",24.775785852
"031002020107",6410,495737.932138536,"Lower Gamble Creek","tbcmp_PD_HA_IntHigh_2100","PD","HA","IntHigh","2100",489.998278360237
"031002020107",6420,22725.0129769106,"Lower Gamble Creek","tbcmp_PD_HA_IntHigh_2100","PD","HA","IntHigh","2100",22.4619027766639
"031002020107",6425,62063.3336584459,"Lower Gamble Creek","tbcmp_PD_HA_IntHigh_2100","PD","HA","IntHigh","2100",61.3447643813484
"031002020107",6510,42809.9736768575,"Lower Gamble Creek","tbcmp_PD_HA_IntHigh_2100","PD","HA","IntHigh","2100",42.3143198016269
"031002020107",6600,63092.7114947658,"Lower Gamble Creek","tbcmp_PD_HA_IntHigh_2100","PD","HA","IntHigh","2100",62.3622240810794
"031002020107",9113,407520.177247728,"Lower Gamble Creek","tbcmp_PD_HA_IntHigh_2100","PD","HA","IntHigh","2100",402.801908635553
"031002020201",1100,2601401.51998335,"Upper Braden River","tbcmp_PD_HA_IntHigh_2100","PD","HA","IntHigh","2100",2571.28249318498
"031002020201",1200,10132323.4561243,"Upper Braden River","tbcmp_PD_HA_IntHigh_2100","PD","HA","IntHigh","2100",10015.0114151493
"031002020201",1800,1033215.32133932,"Upper Braden River","tbcmp_PD_HA_IntHigh_2100","PD","HA","IntHigh","2100",1021.25275434886
"031002020201",1820,1327222.14351173,"Upper Braden River","tbcmp_PD_HA_IntHigh_2100","PD","HA","IntHigh","2100",1311.85556553416
"031002020201",1900,2254033.08877191,"Upper Braden River","tbcmp_PD_HA_IntHigh_2100","PD","HA","IntHigh","2100",2227.93589367011
"031002020201",2100,2371060.75750389,"Upper Braden River","tbcmp_PD_HA_IntHigh_2100","PD","HA","IntHigh","2100",2343.60861605351
"031002020201",2400,69242.0846511573,"Upper Braden River","tbcmp_PD_HA_IntHigh_2100","PD","HA","IntHigh","2100",68.4403997950662
"031002020201",3200,764171.549188776,"Upper Braden River","tbcmp_PD_HA_IntHigh_2100","PD","HA","IntHigh","2100",755.323970992268
"031002020201",4100,2189205.35687735,"Upper Braden River","tbcmp_PD_HA_IntHigh_2100","PD","HA","IntHigh","2100",2163.85873725543
"031002020201",4400,9958,"Upper Braden River","tbcmp_PD_HA_IntHigh_2100","PD","HA","IntHigh","2100",9.842706276
"031002020201",5200,3741411.83852906,"Upper Braden River","tbcmp_PD_HA_IntHigh_2100","PD","HA","IntHigh","2100",3698.09377226257
"031002020201",5400,55344.0362271022,"Upper Braden River","tbcmp_PD_HA_IntHigh_2100","PD","HA","IntHigh","2100",54.7032629756648
"031002020201",6110,1892677.49420426,"Upper Braden River","tbcmp_PD_HA_IntHigh_2100","PD","HA","IntHigh","2100",1870.76407417637
"031002020201",6120,31865.971474838,"Upper Braden River","tbcmp_PD_HA_IntHigh_2100","PD","HA","IntHigh","2100",31.4970272571024
"031002020201",6410,2139404.27487797,"Upper Braden River","tbcmp_PD_HA_IntHigh_2100","PD","HA","IntHigh","2100",2114.63425218344
"031002020201",6420,6112.69647188205,"Upper Braden River","tbcmp_PD_HA_IntHigh_2100","PD","HA","IntHigh","2100",6.0419236721306
"031002020201",6600,18653.6503888667,"Upper Braden River","tbcmp_PD_HA_IntHigh_2100","PD","HA","IntHigh","2100",18.4376784246644
"031002020201",9113,49462.5902217659,"Upper Braden River","tbcmp_PD_HA_IntHigh_2100","PD","HA","IntHigh","2100",48.8899123521783
"031002020202",1100,2483144.90118134,"Lower Braden River","tbcmp_PD_HA_IntHigh_2100","PD","HA","IntHigh","2100",2454.39504951546
"031002020202",1200,12491793.4115275,"Lower Braden River","tbcmp_PD_HA_IntHigh_2100","PD","HA","IntHigh","2100",12347.1634274088
"031002020202",1800,230011.502714055,"Lower Braden River","tbcmp_PD_HA_IntHigh_2100","PD","HA","IntHigh","2100",227.348429535632
"031002020202",1820,893364.774646684,"Lower Braden River","tbcmp_PD_HA_IntHigh_2100","PD","HA","IntHigh","2100",883.021397285824
"031002020202",1900,881607.094228221,"Lower Braden River","tbcmp_PD_HA_IntHigh_2100","PD","HA","IntHigh","2100",871.399847291247
"031002020202",2100,489222.49384195,"Lower Braden River","tbcmp_PD_HA_IntHigh_2100","PD","HA","IntHigh","2100",483.558275808248
"031002020202",2200,38642,"Lower Braden River","tbcmp_PD_HA_IntHigh_2100","PD","HA","IntHigh","2100",38.194602924
"031002020202",2400,75767.8565878809,"Lower Braden River","tbcmp_PD_HA_IntHigh_2100","PD","HA","IntHigh","2100",74.8906163443064
"031002020202",3200,73112.224738262,"Lower Braden River","tbcmp_PD_HA_IntHigh_2100","PD","HA","IntHigh","2100",72.2657314002424
"031002020202",4100,961666.631742546,"Lower Braden River","tbcmp_PD_HA_IntHigh_2100","PD","HA","IntHigh","2100",950.53245548023
"031002020202",4400,48573,"Lower Braden River","tbcmp_PD_HA_IntHigh_2100","PD","HA","IntHigh","2100",48.010621806
"031002020202",5200,1371818.680991,"Lower Braden River","tbcmp_PD_HA_IntHigh_2100","PD","HA","IntHigh","2100",1355.93576430249
"031002020202",5400,1191485.79501284,"Lower Braden River","tbcmp_PD_HA_IntHigh_2100","PD","HA","IntHigh","2100",1177.69077247818
"031002020202",6110,870465.110055672,"Lower Braden River","tbcmp_PD_HA_IntHigh_2100","PD","HA","IntHigh","2100",860.386865011448
"031002020202",6120,69784.0285249982,"Lower Braden River","tbcmp_PD_HA_IntHigh_2100","PD","HA","IntHigh","2100",68.9760690427357
"031002020202",6410,575280.149593289,"Lower Braden River","tbcmp_PD_HA_IntHigh_2100","PD","HA","IntHigh","2100",568.619556021298
"031002020202",6420,28870.3035280854,"Lower Braden River","tbcmp_PD_HA_IntHigh_2100","PD","HA","IntHigh","2100",28.5360431538372
"031002020202",6425,63614,"Lower Braden River","tbcmp_PD_HA_IntHigh_2100","PD","HA","IntHigh","2100",62.877477108
"031002020202",6510,39281,"Lower Braden River","tbcmp_PD_HA_IntHigh_2100","PD","HA","IntHigh","2100",38.826204582
"031002020202",6600,54042.3496111603,"Lower Braden River","tbcmp_PD_HA_IntHigh_2100","PD","HA","IntHigh","2100",53.4166472873623
"031002020202",9113,731157.347435636,"Lower Braden River","tbcmp_PD_HA_IntHigh_2100","PD","HA","IntHigh","2100",722.692007667026
"031002020203",1100,1747887.00732508,"Cypress Strand-Manatee River","tbcmp_PD_HA_IntHigh_2100","PD","HA","IntHigh","2100",1727.64997155427
"031002020203",1200,9820286.95099008,"Cypress Strand-Manatee River","tbcmp_PD_HA_IntHigh_2100","PD","HA","IntHigh","2100",9706.58766867152
"031002020203",1800,267385.454823387,"Cypress Strand-Manatee River","tbcmp_PD_HA_IntHigh_2100","PD","HA","IntHigh","2100",264.289666027442
"031002020203",1820,722051.483212686,"Cypress Strand-Manatee River","tbcmp_PD_HA_IntHigh_2100","PD","HA","IntHigh","2100",713.691571140049
"031002020203",1900,1404460.91404876,"Cypress Strand-Manatee River","tbcmp_PD_HA_IntHigh_2100","PD","HA","IntHigh","2100",1388.20006558591
"031002020203",2100,1070981.39149216,"Cypress Strand-Manatee River","tbcmp_PD_HA_IntHigh_2100","PD","HA","IntHigh","2100",1058.58156894146
"031002020203",2400,95624.3044356252,"Cypress Strand-Manatee River","tbcmp_PD_HA_IntHigh_2100","PD","HA","IntHigh","2100",94.5171662388695
"031002020203",3200,86167.9710122241,"Cypress Strand-Manatee River","tbcmp_PD_HA_IntHigh_2100","PD","HA","IntHigh","2100",85.1703182438446
"031002020203",4100,849252.460473879,"Cypress Strand-Manatee River","tbcmp_PD_HA_IntHigh_2100","PD","HA","IntHigh","2100",839.419815486513
"031002020203",5200,1409341.98342563,"Cypress Strand-Manatee River","tbcmp_PD_HA_IntHigh_2100","PD","HA","IntHigh","2100",1393.02462194153
"031002020203",5400,3076641.33705676,"Cypress Strand-Manatee River","tbcmp_PD_HA_IntHigh_2100","PD","HA","IntHigh","2100",3041.01998365632
"031002020203",6110,1672600.44569504,"Cypress Strand-Manatee River","tbcmp_PD_HA_IntHigh_2100","PD","HA","IntHigh","2100",1653.23507773478
"031002020203",6120,41472,"Cypress Strand-Manatee River","tbcmp_PD_HA_IntHigh_2100","PD","HA","IntHigh","2100",40.991837184
"031002020203",6410,890433.124453677,"Cypress Strand-Manatee River","tbcmp_PD_HA_IntHigh_2100","PD","HA","IntHigh","2100",880.123689738753
"031002020203",6420,28748,"Cypress Strand-Manatee River","tbcmp_PD_HA_IntHigh_2100","PD","HA","IntHigh","2100",28.415155656
"031002020203",6425,74565.7504104674,"Cypress Strand-Manatee River","tbcmp_PD_HA_IntHigh_2100","PD","HA","IntHigh","2100",73.702428152215
"031002020203",6510,54202.924944777,"Cypress Strand-Manatee River","tbcmp_PD_HA_IntHigh_2100","PD","HA","IntHigh","2100",53.5753634797664
"031002020203",6600,74873,"Cypress Strand-Manatee River","tbcmp_PD_HA_IntHigh_2100","PD","HA","IntHigh","2100",74.006120406
"031002020203",9113,1659937.91145985,"Cypress Strand-Manatee River","tbcmp_PD_HA_IntHigh_2100","PD","HA","IntHigh","2100",1640.71915032096
"031002020204",1100,399640.510219481,"Warner West Bayou-Manatee River","tbcmp_PD_HA_IntHigh_2100","PD","HA","IntHigh","2100",395.01347239216
"031002020204",1200,10148762.4810713,"Warner West Bayou-Manatee River","tbcmp_PD_HA_IntHigh_2100","PD","HA","IntHigh","2100",10031.2601090655
"031002020204",1800,163192.022204509,"Warner West Bayou-Manatee River","tbcmp_PD_HA_IntHigh_2100","PD","HA","IntHigh","2100",161.302584971425
"031002020204",1820,157350.026701817,"Warner West Bayou-Manatee River","tbcmp_PD_HA_IntHigh_2100","PD","HA","IntHigh","2100",155.528228092663
"031002020204",1900,423124.082263932,"Warner West Bayou-Manatee River","tbcmp_PD_HA_IntHigh_2100","PD","HA","IntHigh","2100",418.225151639481
"031002020204",2100,274788.070954595,"Warner West Bayou-Manatee River","tbcmp_PD_HA_IntHigh_2100","PD","HA","IntHigh","2100",271.606574669083
"031002020204",2200,16822.3016428734,"Warner West Bayou-Manatee River","tbcmp_PD_HA_IntHigh_2100","PD","HA","IntHigh","2100",16.6275330344522
"031002020204",2400,36659.1973049572,"Warner West Bayou-Manatee River","tbcmp_PD_HA_IntHigh_2100","PD","HA","IntHigh","2100",36.2347571185604
"031002020204",3200,14442,"Warner West Bayou-Manatee River","tbcmp_PD_HA_IntHigh_2100","PD","HA","IntHigh","2100",14.274790524
"031002020204",4100,226268.205211981,"Warner West Bayou-Manatee River","tbcmp_PD_HA_IntHigh_2100","PD","HA","IntHigh","2100",223.648471932037
"031002020204",5200,97518.4748925222,"Warner West Bayou-Manatee River","tbcmp_PD_HA_IntHigh_2100","PD","HA","IntHigh","2100",96.3894059902166
"031002020204",5400,4320239.17132726,"Warner West Bayou-Manatee River","tbcmp_PD_HA_IntHigh_2100","PD","HA","IntHigh","2100",4270.21944220164
"031002020204",6110,82973.5962186973,"Warner West Bayou-Manatee River","tbcmp_PD_HA_IntHigh_2100","PD","HA","IntHigh","2100",82.0129279216772
"031002020204",6120,3402,"Warner West Bayou-Manatee River","tbcmp_PD_HA_IntHigh_2100","PD","HA","IntHigh","2100",3.362611644
"031002020204",6410,78305.6446408259,"Warner West Bayou-Manatee River","tbcmp_PD_HA_IntHigh_2100","PD","HA","IntHigh","2100",77.3990218871744
"031002020204",6420,7369.01189064048,"Warner West Bayou-Manatee River","tbcmp_PD_HA_IntHigh_2100","PD","HA","IntHigh","2100",7.28369347097065
"031002020204",6425,22517.1189602428,"Warner West Bayou-Manatee River","tbcmp_PD_HA_IntHigh_2100","PD","HA","IntHigh","2100",22.2564157569211
"031002020204",6510,17700.967939284,"Warner West Bayou-Manatee River","tbcmp_PD_HA_IntHigh_2100","PD","HA","IntHigh","2100",17.496026132483
"031002020204",6600,20001.2951759696,"Warner West Bayou-Manatee River","tbcmp_PD_HA_IntHigh_2100","PD","HA","IntHigh","2100",19.7697201804222
"031002020204",9113,272743.508557017,"Warner West Bayou-Manatee River","tbcmp_PD_HA_IntHigh_2100","PD","HA","IntHigh","2100",269.585684214944
"031002030101",1100,177529.140189212,"Alderman Creek-Little Manatee River","tbcmp_PD_HA_IntHigh_2100","PD","HA","IntHigh","2100",175.473707804102
"031002030101",1200,10569362.8396475,"Alderman Creek-Little Manatee River","tbcmp_PD_HA_IntHigh_2100","PD","HA","IntHigh","2100",10446.9907566901
"031002030101",1900,5487783.23056085,"Alderman Creek-Little Manatee River","tbcmp_PD_HA_IntHigh_2100","PD","HA","IntHigh","2100",5424.24567631742
"031002030101",2100,2215124.73594572,"Alderman Creek-Little Manatee River","tbcmp_PD_HA_IntHigh_2100","PD","HA","IntHigh","2100",2189.47802175294
"031002030101",2200,119206.649972307,"Alderman Creek-Little Manatee River","tbcmp_PD_HA_IntHigh_2100","PD","HA","IntHigh","2100",117.826475378927
"031002030101",2400,45318,"Alderman Creek-Little Manatee River","tbcmp_PD_HA_IntHigh_2100","PD","HA","IntHigh","2100",44.793308196
"031002030101",3200,346995.703950753,"Alderman Creek-Little Manatee River","tbcmp_PD_HA_IntHigh_2100","PD","HA","IntHigh","2100",342.978187690411
"031002030101",4100,399189.510806139,"Alderman Creek-Little Manatee River","tbcmp_PD_HA_IntHigh_2100","PD","HA","IntHigh","2100",394.567694650026
"031002030101",4400,367157.38590582,"Alderman Creek-Little Manatee River","tbcmp_PD_HA_IntHigh_2100","PD","HA","IntHigh","2100",362.906437691802
"031002030101",5200,169096.94026017,"Alderman Creek-Little Manatee River","tbcmp_PD_HA_IntHigh_2100","PD","HA","IntHigh","2100",167.139135885838
"031002030101",6110,2067743.4050057,"Alderman Creek-Little Manatee River","tbcmp_PD_HA_IntHigh_2100","PD","HA","IntHigh","2100",2043.80307186254
"031002030101",6410,1176041.1660917,"Alderman Creek-Little Manatee River","tbcmp_PD_HA_IntHigh_2100","PD","HA","IntHigh","2100",1162.42496147069
"031002030102",1100,287293.78741814,"Howard Prairie Branch","tbcmp_PD_HA_IntHigh_2100","PD","HA","IntHigh","2100",283.967499947413
"031002030102",1200,7678124.80826476,"Howard Prairie Branch","tbcmp_PD_HA_IntHigh_2100","PD","HA","IntHigh","2100",7589.22747923467
"031002030102",1900,546245.649906297,"Howard Prairie Branch","tbcmp_PD_HA_IntHigh_2100","PD","HA","IntHigh","2100",539.921217771682
"031002030102",2100,1288911.5874838,"Howard Prairie Branch","tbcmp_PD_HA_IntHigh_2100","PD","HA","IntHigh","2100",1273.98856912391
"031002030102",2200,1128.35002795857,"Howard Prairie Branch","tbcmp_PD_HA_IntHigh_2100","PD","HA","IntHigh","2100",1.11528599133487
"031002030102",2400,3117.38803244906,"Howard Prairie Branch","tbcmp_PD_HA_IntHigh_2100","PD","HA","IntHigh","2100",3.08129491380937
"031002030102",3200,392730.625434372,"Howard Prairie Branch","tbcmp_PD_HA_IntHigh_2100","PD","HA","IntHigh","2100",388.183590253093
"031002030102",4100,140557.361492158,"Howard Prairie Branch","tbcmp_PD_HA_IntHigh_2100","PD","HA","IntHigh","2100",138.929988360802
"031002030102",4400,51490.0510291255,"Howard Prairie Branch","tbcmp_PD_HA_IntHigh_2100","PD","HA","IntHigh","2100",50.8938992183103
"031002030102",5200,7921,"Howard Prairie Branch","tbcmp_PD_HA_IntHigh_2100","PD","HA","IntHigh","2100",7.829290662
"031002030102",6110,822044.92053567,"Howard Prairie Branch","tbcmp_PD_HA_IntHigh_2100","PD","HA","IntHigh","2100",812.527284445708
"031002030102",6410,423989.518248063,"Howard Prairie Branch","tbcmp_PD_HA_IntHigh_2100","PD","HA","IntHigh","2100",419.080567605787
"031002030103",1100,1868649.99643911,"Carlton Branch-Little Manatee River","tbcmp_PD_HA_IntHigh_2100","PD","HA","IntHigh","2100",1847.01476678033
"031002030103",1200,2727037.65014009,"Carlton Branch-Little Manatee River","tbcmp_PD_HA_IntHigh_2100","PD","HA","IntHigh","2100",2695.46400822677
"031002030103",1800,5868.06752910657,"Carlton Branch-Little Manatee River","tbcmp_PD_HA_IntHigh_2100","PD","HA","IntHigh","2100",5.80012704325458
"031002030103",1900,1637672.00847612,"Carlton Branch-Little Manatee River","tbcmp_PD_HA_IntHigh_2100","PD","HA","IntHigh","2100",1618.71104196199
"031002030103",2100,10055089.4069778,"Carlton Branch-Little Manatee River","tbcmp_PD_HA_IntHigh_2100","PD","HA","IntHigh","2100",9938.67158182384
"031002030103",2200,389371,"Carlton Branch-Little Manatee River","tbcmp_PD_HA_IntHigh_2100","PD","HA","IntHigh","2100",384.862862562
"031002030103",2400,510400.273612172,"Carlton Branch-Little Manatee River","tbcmp_PD_HA_IntHigh_2100","PD","HA","IntHigh","2100",504.49085924429
"031002030103",3200,1170268.6995533,"Carlton Branch-Little Manatee River","tbcmp_PD_HA_IntHigh_2100","PD","HA","IntHigh","2100",1156.71932854987
"031002030103",4100,1057932.23256925,"Carlton Branch-Little Manatee River","tbcmp_PD_HA_IntHigh_2100","PD","HA","IntHigh","2100",1045.68349318056
"031002030103",4400,24481.8374389269,"Carlton Branch-Little Manatee River","tbcmp_PD_HA_IntHigh_2100","PD","HA","IntHigh","2100",24.198386725059
"031002030103",5200,280038.988252506,"Carlton Branch-Little Manatee River","tbcmp_PD_HA_IntHigh_2100","PD","HA","IntHigh","2100",276.796696846518
"031002030103",6110,2376916.55834905,"Carlton Branch-Little Manatee River","tbcmp_PD_HA_IntHigh_2100","PD","HA","IntHigh","2100",2349.39661843648
"031002030103",6410,409344.395587848,"Carlton Branch-Little Manatee River","tbcmp_PD_HA_IntHigh_2100","PD","HA","IntHigh","2100",404.605006175732
"031002030104",1100,971632.026759825,"South Fork Little Manatee River","tbcmp_PD_HA_IntHigh_2100","PD","HA","IntHigh","2100",960.382471154
"031002030104",1200,4722790.25656054,"South Fork Little Manatee River","tbcmp_PD_HA_IntHigh_2100","PD","HA","IntHigh","2100",4668.10979097008
"031002030104",1800,88420,"South Fork Little Manatee River","tbcmp_PD_HA_IntHigh_2100","PD","HA","IntHigh","2100",87.39627324
"031002030104",1900,1766467.9108156,"South Fork Little Manatee River","tbcmp_PD_HA_IntHigh_2100","PD","HA","IntHigh","2100",1746.01574534417
"031002030104",2100,7850965.12936709,"South Fork Little Manatee River","tbcmp_PD_HA_IntHigh_2100","PD","HA","IntHigh","2100",7760.06665509928
"031002030104",2200,476164.502136913,"South Fork Little Manatee River","tbcmp_PD_HA_IntHigh_2100","PD","HA","IntHigh","2100",470.651469531172
"031002030104",2400,167420,"South Fork Little Manatee River","tbcmp_PD_HA_IntHigh_2100","PD","HA","IntHigh","2100",165.48161124
"031002030104",3200,2641278.95867544,"South Fork Little Manatee River","tbcmp_PD_HA_IntHigh_2100","PD","HA","IntHigh","2100",2610.69823089189
"031002030104",4100,2758525.41291949,"South Fork Little Manatee River","tbcmp_PD_HA_IntHigh_2100","PD","HA","IntHigh","2100",2726.58720568871
"031002030104",4400,130188.734681958,"South Fork Little Manatee River","tbcmp_PD_HA_IntHigh_2100","PD","HA","IntHigh","2100",128.68140951181
"031002030104",5200,59599,"South Fork Little Manatee River","tbcmp_PD_HA_IntHigh_2100","PD","HA","IntHigh","2100",58.908962778
"031002030104",6110,2771888.54971455,"South Fork Little Manatee River","tbcmp_PD_HA_IntHigh_2100","PD","HA","IntHigh","2100",2739.79562408596
"031002030104",6410,790423.888500392,"South Fork Little Manatee River","tbcmp_PD_HA_IntHigh_2100","PD","HA","IntHigh","2100",781.272360719335
"031002030105",1100,1934240.29714197,"Dug Creek-Little Manatee River","tbcmp_PD_HA_IntHigh_2100","PD","HA","IntHigh","2100",1911.84566298166
"031002030105",1200,1712937.80700052,"Dug Creek-Little Manatee River","tbcmp_PD_HA_IntHigh_2100","PD","HA","IntHigh","2100",1693.10541307107
"031002030105",1800,52149.147465383,"Dug Creek-Little Manatee River","tbcmp_PD_HA_IntHigh_2100","PD","HA","IntHigh","2100",51.5453646360288
"031002030105",1820,136999.555805857,"Dug Creek-Little Manatee River","tbcmp_PD_HA_IntHigh_2100","PD","HA","IntHigh","2100",135.413374948737
"031002030105",1900,1347542.4007241,"Dug Creek-Little Manatee River","tbcmp_PD_HA_IntHigh_2100","PD","HA","IntHigh","2100",1331.94055480851
"031002030105",2100,2626617.60799867,"Dug Creek-Little Manatee River","tbcmp_PD_HA_IntHigh_2100","PD","HA","IntHigh","2100",2596.20662933326
"031002030105",2200,17079,"Dug Creek-Little Manatee River","tbcmp_PD_HA_IntHigh_2100","PD","HA","IntHigh","2100",16.881259338
"031002030105",2400,539677,"Dug Creek-Little Manatee River","tbcmp_PD_HA_IntHigh_2100","PD","HA","IntHigh","2100",533.428619694
"031002030105",3200,1174702.5839465,"Dug Creek-Little Manatee River","tbcmp_PD_HA_IntHigh_2100","PD","HA","IntHigh","2100",1161.10187742956
"031002030105",4100,2266701.44482516,"Dug Creek-Little Manatee River","tbcmp_PD_HA_IntHigh_2100","PD","HA","IntHigh","2100",2240.45757549697
"031002030105",4400,54734.2353469509,"Dug Creek-Little Manatee River","tbcmp_PD_HA_IntHigh_2100","PD","HA","IntHigh","2100",54.1005223701039
"031002030105",5200,2575935.15275387,"Dug Creek-Little Manatee River","tbcmp_PD_HA_IntHigh_2100","PD","HA","IntHigh","2100",2546.11097555528
"031002030105",5400,14536.4264177829,"Dug Creek-Little Manatee River","tbcmp_PD_HA_IntHigh_2100","PD","HA","IntHigh","2100",14.3681236727178
"031002030105",6110,1967195.21203907,"Dug Creek-Little Manatee River","tbcmp_PD_HA_IntHigh_2100","PD","HA","IntHigh","2100",1944.41902587408
"031002030105",6410,635417.103381078,"Dug Creek-Little Manatee River","tbcmp_PD_HA_IntHigh_2100","PD","HA","IntHigh","2100",628.060244158132
"031002030105",6420,3489.08551527886,"Dug Creek-Little Manatee River","tbcmp_PD_HA_IntHigh_2100","PD","HA","IntHigh","2100",3.44868888318296
"031002030105",6425,7268.70974552166,"Dug Creek-Little Manatee River","tbcmp_PD_HA_IntHigh_2100","PD","HA","IntHigh","2100",7.18455262408801
"031002030105",6510,1885.42370875628,"Dug Creek-Little Manatee River","tbcmp_PD_HA_IntHigh_2100","PD","HA","IntHigh","2100",1.8635942730563
"031002030105",6600,15846.0102812822,"Dug Creek-Little Manatee River","tbcmp_PD_HA_IntHigh_2100","PD","HA","IntHigh","2100",15.6625451742456
"031002030105",9113,7616.41422585891,"Dug Creek-Little Manatee River","tbcmp_PD_HA_IntHigh_2100","PD","HA","IntHigh","2100",7.52823138195192
"031002030201",1100,868038.878429406,"Curiosity Creek","tbcmp_PD_HA_IntHigh_2100","PD","HA","IntHigh","2100",857.98872429495
"031002030201",1200,754862.915777449,"Curiosity Creek","tbcmp_PD_HA_IntHigh_2100","PD","HA","IntHigh","2100",746.123112938577
"031002030201",1800,12514.2136743944,"Curiosity Creek","tbcmp_PD_HA_IntHigh_2100","PD","HA","IntHigh","2100",12.3693241084723
"031002030201",1900,2227273.05432263,"Curiosity Creek","tbcmp_PD_HA_IntHigh_2100","PD","HA","IntHigh","2100",2201.48568689968
"031002030201",2100,5870122.27638582,"Curiosity Creek","tbcmp_PD_HA_IntHigh_2100","PD","HA","IntHigh","2100",5802.15800066983
"031002030201",2200,63937.9027332827,"Curiosity Creek","tbcmp_PD_HA_IntHigh_2100","PD","HA","IntHigh","2100",63.1976296954368
"031002030201",2400,21333.7450879846,"Curiosity Creek","tbcmp_PD_HA_IntHigh_2100","PD","HA","IntHigh","2100",21.0867429873559
"031002030201",3200,550065.297682627,"Curiosity Creek","tbcmp_PD_HA_IntHigh_2100","PD","HA","IntHigh","2100",543.696641666057
"031002030201",4100,897849.231335769,"Curiosity Creek","tbcmp_PD_HA_IntHigh_2100","PD","HA","IntHigh","2100",887.453932935363
"031002030201",5200,356467.433415326,"Curiosity Creek","tbcmp_PD_HA_IntHigh_2100","PD","HA","IntHigh","2100",352.340253471243
"031002030201",5400,9729.24380464718,"Curiosity Creek","tbcmp_PD_HA_IntHigh_2100","PD","HA","IntHigh","2100",9.61659861987698
"031002030201",6110,1689177.09262473,"Curiosity Creek","tbcmp_PD_HA_IntHigh_2100","PD","HA","IntHigh","2100",1669.61980024632
"031002030201",6120,5660,"Curiosity Creek","tbcmp_PD_HA_IntHigh_2100","PD","HA","IntHigh","2100",5.59446852
"031002030201",6410,938921.399852696,"Curiosity Creek","tbcmp_PD_HA_IntHigh_2100","PD","HA","IntHigh","2100",928.050567885202
"031002030201",6420,2230.41831503715,"Curiosity Creek","tbcmp_PD_HA_IntHigh_2100","PD","HA","IntHigh","2100",2.20459453178565
"031002030201",6425,3571.84235998057,"Curiosity Creek","tbcmp_PD_HA_IntHigh_2100","PD","HA","IntHigh","2100",3.53048756913671
"031002030201",6510,2907.65937899437,"Curiosity Creek","tbcmp_PD_HA_IntHigh_2100","PD","HA","IntHigh","2100",2.87399449870438
"031002030201",6600,6775.79007363413,"Curiosity Creek","tbcmp_PD_HA_IntHigh_2100","PD","HA","IntHigh","2100",6.69733997616159
"031002030201",9113,72197.056316093,"Curiosity Creek","tbcmp_PD_HA_IntHigh_2100","PD","HA","IntHigh","2100",71.3611587980652
"031002030202",1100,2089930.90841611,"Cypress Creek-Little Manatee River","tbcmp_PD_HA_IntHigh_2100","PD","HA","IntHigh","2100",2065.73368835847
"031002030202",1200,5382823.58208432,"Cypress Creek-Little Manatee River","tbcmp_PD_HA_IntHigh_2100","PD","HA","IntHigh","2100",5320.50125065095
"031002030202",1800,168595.607337252,"Cypress Creek-Little Manatee River","tbcmp_PD_HA_IntHigh_2100","PD","HA","IntHigh","2100",166.643607395502
"031002030202",1820,1047267.4441944,"Cypress Creek-Little Manatee River","tbcmp_PD_HA_IntHigh_2100","PD","HA","IntHigh","2100",1035.14218172552
"031002030202",1900,855040.987208181,"Cypress Creek-Little Manatee River","tbcmp_PD_HA_IntHigh_2100","PD","HA","IntHigh","2100",845.141322658285
"031002030202",2100,1126353.29371723,"Cypress Creek-Little Manatee River","tbcmp_PD_HA_IntHigh_2100","PD","HA","IntHigh","2100",1113.31237528257
"031002030202",2400,203494.254912657,"Cypress Creek-Little Manatee River","tbcmp_PD_HA_IntHigh_2100","PD","HA","IntHigh","2100",201.138198429279
"031002030202",3200,1144784.61721698,"Cypress Creek-Little Manatee River","tbcmp_PD_HA_IntHigh_2100","PD","HA","IntHigh","2100",1131.53030091884
"031002030202",4100,1536681.83776747,"Cypress Creek-Little Manatee River","tbcmp_PD_HA_IntHigh_2100","PD","HA","IntHigh","2100",1518.8901354498
"031002030202",5200,886657.227539189,"Cypress Creek-Little Manatee River","tbcmp_PD_HA_IntHigh_2100","PD","HA","IntHigh","2100",876.391510158741
"031002030202",5400,360835.237606304,"Cypress Creek-Little Manatee River","tbcmp_PD_HA_IntHigh_2100","PD","HA","IntHigh","2100",356.657487225298
"031002030202",6110,1725899.16179315,"Cypress Creek-Little Manatee River","tbcmp_PD_HA_IntHigh_2100","PD","HA","IntHigh","2100",1705.91670129791
"031002030202",6120,29416,"Cypress Creek-Little Manatee River","tbcmp_PD_HA_IntHigh_2100","PD","HA","IntHigh","2100",29.075421552
"031002030202",6410,945872.896473323,"Cypress Creek-Little Manatee River","tbcmp_PD_HA_IntHigh_2100","PD","HA","IntHigh","2100",934.921580077955
"031002030202",6420,31058.8718277309,"Cypress Creek-Little Manatee River","tbcmp_PD_HA_IntHigh_2100","PD","HA","IntHigh","2100",30.6992722097094
"031002030202",6425,79861.8421085421,"Cypress Creek-Little Manatee River","tbcmp_PD_HA_IntHigh_2100","PD","HA","IntHigh","2100",78.9372017006094
"031002030202",6510,56015.0009321796,"Cypress Creek-Little Manatee River","tbcmp_PD_HA_IntHigh_2100","PD","HA","IntHigh","2100",55.3664592513869
"031002030202",6600,87875.209291173,"Cypress Creek-Little Manatee River","tbcmp_PD_HA_IntHigh_2100","PD","HA","IntHigh","2100",86.8577901179998
"031002030202",9113,889104.864185037,"Cypress Creek-Little Manatee River","tbcmp_PD_HA_IntHigh_2100","PD","HA","IntHigh","2100",878.810808067503
"031002030203",1100,834922.86374153,"Wildcat Creek-Little Manatee River","tbcmp_PD_HA_IntHigh_2100","PD","HA","IntHigh","2100",825.256126825131
"031002030203",1200,4811586.7864477,"Wildcat Creek-Little Manatee River","tbcmp_PD_HA_IntHigh_2100","PD","HA","IntHigh","2100",4755.87823463421
"031002030203",1800,36460.8628941039,"Wildcat Creek-Little Manatee River","tbcmp_PD_HA_IntHigh_2100","PD","HA","IntHigh","2100",36.038719023516
"031002030203",1820,126980,"Wildcat Creek-Little Manatee River","tbcmp_PD_HA_IntHigh_2100","PD","HA","IntHigh","2100",125.50982556
"031002030203",1900,720106.318543046,"Wildcat Creek-Little Manatee River","tbcmp_PD_HA_IntHigh_2100","PD","HA","IntHigh","2100",711.768927586955
"031002030203",2100,1387605.58757851,"Wildcat Creek-Little Manatee River","tbcmp_PD_HA_IntHigh_2100","PD","HA","IntHigh","2100",1371.53989008553
"031002030203",2200,549782,"Wildcat Creek-Little Manatee River","tbcmp_PD_HA_IntHigh_2100","PD","HA","IntHigh","2100",543.416624004
"031002030203",2400,160182.110499338,"Wildcat Creek-Little Manatee River","tbcmp_PD_HA_IntHigh_2100","PD","HA","IntHigh","2100",158.327522023977
"031002030203",3200,270485.675131987,"Wildcat Creek-Little Manatee River","tbcmp_PD_HA_IntHigh_2100","PD","HA","IntHigh","2100",267.353991985309
"031002030203",4100,450674.025837776,"Wildcat Creek-Little Manatee River","tbcmp_PD_HA_IntHigh_2100","PD","HA","IntHigh","2100",445.456121966626
"031002030203",5200,274858.036462665,"Wildcat Creek-Little Manatee River","tbcmp_PD_HA_IntHigh_2100","PD","HA","IntHigh","2100",271.6757301165
"031002030203",5400,1469533.70310765,"Wildcat Creek-Little Manatee River","tbcmp_PD_HA_IntHigh_2100","PD","HA","IntHigh","2100",1452.51944189307
"031002030203",6110,375431.33456189,"Wildcat Creek-Little Manatee River","tbcmp_PD_HA_IntHigh_2100","PD","HA","IntHigh","2100",371.084590570333
"031002030203",6120,335786.646713558,"Wildcat Creek-Little Manatee River","tbcmp_PD_HA_IntHigh_2100","PD","HA","IntHigh","2100",331.898908917908
"031002030203",6410,142712.430974795,"Wildcat Creek-Little Manatee River","tbcmp_PD_HA_IntHigh_2100","PD","HA","IntHigh","2100",141.060106448968
"031002030203",6420,35448.1115889263,"Wildcat Creek-Little Manatee River","tbcmp_PD_HA_IntHigh_2100","PD","HA","IntHigh","2100",35.0376933529497
"031002030203",6425,63044.6057856458,"Wildcat Creek-Little Manatee River","tbcmp_PD_HA_IntHigh_2100","PD","HA","IntHigh","2100",62.3146753398596
"031002030203",6510,50117.9159796481,"Wildcat Creek-Little Manatee River","tbcmp_PD_HA_IntHigh_2100","PD","HA","IntHigh","2100",49.5376507484357
"031002030203",6600,88850.6160056009,"Wildcat Creek-Little Manatee River","tbcmp_PD_HA_IntHigh_2100","PD","HA","IntHigh","2100",87.8219035734881
"031002030203",9113,630159.49196916,"Wildcat Creek-Little Manatee River","tbcmp_PD_HA_IntHigh_2100","PD","HA","IntHigh","2100",622.863505371142
"031002040102",1100,69399.6605120282,"Poley Creek","tbcmp_PD_HA_IntHigh_2100","PD","HA","IntHigh","2100",68.5961512426199
"031002040102",1200,286589.800860612,"Poley Creek","tbcmp_PD_HA_IntHigh_2100","PD","HA","IntHigh","2100",283.271664146248
"031002040102",1900,8465.05523348609,"Poley Creek","tbcmp_PD_HA_IntHigh_2100","PD","HA","IntHigh","2100",8.36704682399279
"031002040102",3200,28377.1002226209,"Poley Creek","tbcmp_PD_HA_IntHigh_2100","PD","HA","IntHigh","2100",28.0485501562434
"031002040102",4100,30122.1217477104,"Poley Creek","tbcmp_PD_HA_IntHigh_2100","PD","HA","IntHigh","2100",29.7733678221154
"031002040102",5200,762,"Poley Creek","tbcmp_PD_HA_IntHigh_2100","PD","HA","IntHigh","2100",0.753177564
"031002040102",6110,115836.42287951,"Poley Creek","tbcmp_PD_HA_IntHigh_2100","PD","HA","IntHigh","2100",114.495268775411
"031002040102",6410,5290.22711246833,"Poley Creek","tbcmp_PD_HA_IntHigh_2100","PD","HA","IntHigh","2100",5.22897686296017
"031002040103",1100,4223289.89091802,"English Creek","tbcmp_PD_HA_IntHigh_2100","PD","HA","IntHigh","2100",4174.39264056097
"031002040103",1200,5616839.3304677,"English Creek","tbcmp_PD_HA_IntHigh_2100","PD","HA","IntHigh","2100",5551.80756469954
"031002040103",1800,12168.7392226534,"English Creek","tbcmp_PD_HA_IntHigh_2100","PD","HA","IntHigh","2100",12.0278495599336
"031002040103",1900,1716849.17711854,"English Creek","tbcmp_PD_HA_IntHigh_2100","PD","HA","IntHigh","2100",1696.97149734586
"031002040103",2100,3719211.37908667,"English Creek","tbcmp_PD_HA_IntHigh_2100","PD","HA","IntHigh","2100",3676.1503497396
"031002040103",2200,33827.9381489316,"English Creek","tbcmp_PD_HA_IntHigh_2100","PD","HA","IntHigh","2100",33.4362782810433
"031002040103",2400,270644.813910806,"English Creek","tbcmp_PD_HA_IntHigh_2100","PD","HA","IntHigh","2100",267.511288255347
"031002040103",3200,208689.116830547,"English Creek","tbcmp_PD_HA_IntHigh_2100","PD","HA","IntHigh","2100",206.272914235883
"031002040103",4100,1444932.98084954,"English Creek","tbcmp_PD_HA_IntHigh_2100","PD","HA","IntHigh","2100",1428.20354679727
"031002040103",4400,46184.324421075,"English Creek","tbcmp_PD_HA_IntHigh_2100","PD","HA","IntHigh","2100",45.6496023129278
"031002040103",5200,477279.555959474,"English Creek","tbcmp_PD_HA_IntHigh_2100","PD","HA","IntHigh","2100",471.753613260575
"031002040103",6110,1836888.39559853,"English Creek","tbcmp_PD_HA_IntHigh_2100","PD","HA","IntHigh","2100",1815.62090175429
"031002040103",6410,938141.916449208,"English Creek","tbcmp_PD_HA_IntHigh_2100","PD","HA","IntHigh","2100",927.280109340559
"031002040104",1100,1667608.15993173,"North Prong Alafia River","tbcmp_PD_HA_IntHigh_2100","PD","HA","IntHigh","2100",1648.30059265604
"031002040104",1200,2383508.37985286,"North Prong Alafia River","tbcmp_PD_HA_IntHigh_2100","PD","HA","IntHigh","2100",2355.91211983092
"031002040104",1800,10303.0486932899,"North Prong Alafia River","tbcmp_PD_HA_IntHigh_2100","PD","HA","IntHigh","2100",10.183759995519
"031002040104",1900,2985754.1240025,"North Prong Alafia River","tbcmp_PD_HA_IntHigh_2100","PD","HA","IntHigh","2100",2951.1850627548
"031002040104",2100,1881471.2429028,"North Prong Alafia River","tbcmp_PD_HA_IntHigh_2100","PD","HA","IntHigh","2100",1859.68756885247
"031002040104",2200,40707,"North Prong Alafia River","tbcmp_PD_HA_IntHigh_2100","PD","HA","IntHigh","2100",40.235694354
"031002040104",2400,55235,"North Prong Alafia River","tbcmp_PD_HA_IntHigh_2100","PD","HA","IntHigh","2100",54.59548917
"031002040104",3200,65865.6226572404,"North Prong Alafia River","tbcmp_PD_HA_IntHigh_2100","PD","HA","IntHigh","2100",65.1030304781149
"031002040104",4100,1302675.75430082,"North Prong Alafia River","tbcmp_PD_HA_IntHigh_2100","PD","HA","IntHigh","2100",1287.59337441752
"031002040104",4400,202786,"North Prong Alafia River","tbcmp_PD_HA_IntHigh_2100","PD","HA","IntHigh","2100",200.438143692
"031002040104",5200,172302.315486141,"North Prong Alafia River","tbcmp_PD_HA_IntHigh_2100","PD","HA","IntHigh","2100",170.307399277442
"031002040104",6110,1998254.93641423,"North Prong Alafia River","tbcmp_PD_HA_IntHigh_2100","PD","HA","IntHigh","2100",1975.11914076042
"031002040104",6410,290599,"North Prong Alafia River","tbcmp_PD_HA_IntHigh_2100","PD","HA","IntHigh","2100",287.234444778
"031002040202",1100,582.427401147084,"031002040202-South Prong Alafia River","tbcmp_PD_HA_IntHigh_2100","PD","HA","IntHigh","2100",0.575684056696603
"031002040202",1200,307973.8125293,"031002040202-South Prong Alafia River","tbcmp_PD_HA_IntHigh_2100","PD","HA","IntHigh","2100",304.408091727836
"031002040202",1900,2346530.84513643,"031002040202-South Prong Alafia River","tbcmp_PD_HA_IntHigh_2100","PD","HA","IntHigh","2100",2319.36271101144
"031002040202",4400,119548.011302597,"031002040202-South Prong Alafia River","tbcmp_PD_HA_IntHigh_2100","PD","HA","IntHigh","2100",118.163884427736
"031002040202",5200,154346.374259086,"031002040202-South Prong Alafia River","tbcmp_PD_HA_IntHigh_2100","PD","HA","IntHigh","2100",152.559351937914
"031002040202",6110,22061.9317072134,"031002040202-South Prong Alafia River","tbcmp_PD_HA_IntHigh_2100","PD","HA","IntHigh","2100",21.8064986619073
"031002040202",6410,303678.204296328,"031002040202-South Prong Alafia River","tbcmp_PD_HA_IntHigh_2100","PD","HA","IntHigh","2100",300.162218046985
"031002040203",1100,511103.198723582,"Hurrah Lake-South Prong Alafia River","tbcmp_PD_HA_IntHigh_2100","PD","HA","IntHigh","2100",505.18564588876
"031002040203",1200,2435651.30054891,"Hurrah Lake-South Prong Alafia River","tbcmp_PD_HA_IntHigh_2100","PD","HA","IntHigh","2100",2407.45132979115
"031002040203",1900,5977893.25244691,"Hurrah Lake-South Prong Alafia River","tbcmp_PD_HA_IntHigh_2100","PD","HA","IntHigh","2100",5908.68120437008
"031002040203",2100,614945.699964919,"Hurrah Lake-South Prong Alafia River","tbcmp_PD_HA_IntHigh_2100","PD","HA","IntHigh","2100",607.825858650725
"031002040203",2200,1678,"Hurrah Lake-South Prong Alafia River","tbcmp_PD_HA_IntHigh_2100","PD","HA","IntHigh","2100",1.658572116
"031002040203",2400,11679,"Hurrah Lake-South Prong Alafia River","tbcmp_PD_HA_IntHigh_2100","PD","HA","IntHigh","2100",11.543780538
"031002040203",3200,12038,"Hurrah Lake-South Prong Alafia River","tbcmp_PD_HA_IntHigh_2100","PD","HA","IntHigh","2100",11.898624036
"031002040203",4100,173656.893545642,"Hurrah Lake-South Prong Alafia River","tbcmp_PD_HA_IntHigh_2100","PD","HA","IntHigh","2100",171.64629403217
"031002040203",4400,1296596.38369031,"Hurrah Lake-South Prong Alafia River","tbcmp_PD_HA_IntHigh_2100","PD","HA","IntHigh","2100",1281.58439075994
"031002040203",5200,560466.685480077,"Hurrah Lake-South Prong Alafia River","tbcmp_PD_HA_IntHigh_2100","PD","HA","IntHigh","2100",553.977602195589
"031002040203",6110,2444927.25573945,"Hurrah Lake-South Prong Alafia River","tbcmp_PD_HA_IntHigh_2100","PD","HA","IntHigh","2100",2416.6198879725
"031002040203",6410,1170583.62961177,"Hurrah Lake-South Prong Alafia River","tbcmp_PD_HA_IntHigh_2100","PD","HA","IntHigh","2100",1157.03061234812
"031002040204",1100,246696.23368625,"Hurrah Creek-South Prong Alafia River","tbcmp_PD_HA_IntHigh_2100","PD","HA","IntHigh","2100",243.839984692631
"031002040204",1200,4556127.47505338,"Hurrah Creek-South Prong Alafia River","tbcmp_PD_HA_IntHigh_2100","PD","HA","IntHigh","2100",4503.37663114722
"031002040204",1800,20853,"Hurrah Creek-South Prong Alafia River","tbcmp_PD_HA_IntHigh_2100","PD","HA","IntHigh","2100",20.611563966
"031002040204",1900,4051251.78044453,"Hurrah Creek-South Prong Alafia River","tbcmp_PD_HA_IntHigh_2100","PD","HA","IntHigh","2100",4004.34638733054
"031002040204",2100,2115965.61589895,"Hurrah Creek-South Prong Alafia River","tbcmp_PD_HA_IntHigh_2100","PD","HA","IntHigh","2100",2091.46696599808
"031002040204",2200,42716,"Hurrah Creek-South Prong Alafia River","tbcmp_PD_HA_IntHigh_2100","PD","HA","IntHigh","2100",42.221434152
"031002040204",3200,27838.644248873,"Hurrah Creek-South Prong Alafia River","tbcmp_PD_HA_IntHigh_2100","PD","HA","IntHigh","2100",27.5163284257595
"031002040204",4100,177947.533069117,"Hurrah Creek-South Prong Alafia River","tbcmp_PD_HA_IntHigh_2100","PD","HA","IntHigh","2100",175.887256531243
"031002040204",4400,194059.086343052,"Hurrah Creek-South Prong Alafia River","tbcmp_PD_HA_IntHigh_2100","PD","HA","IntHigh","2100",191.812270241372
"031002040204",5200,222576.001073733,"Hurrah Creek-South Prong Alafia River","tbcmp_PD_HA_IntHigh_2100","PD","HA","IntHigh","2100",219.999016133301
"031002040204",6110,1838206.82560816,"Hurrah Creek-South Prong Alafia River","tbcmp_PD_HA_IntHigh_2100","PD","HA","IntHigh","2100",1816.92406698127
"031002040204",6410,737334.88885604,"Hurrah Creek-South Prong Alafia River","tbcmp_PD_HA_IntHigh_2100","PD","HA","IntHigh","2100",728.798025512865
"031002040205",1100,2456350.90391588,"Mizelle Creek-South Prong Alafia River","tbcmp_PD_HA_IntHigh_2100","PD","HA","IntHigh","2100",2427.91127315035
"031002040205",1200,164754.703060936,"Mizelle Creek-South Prong Alafia River","tbcmp_PD_HA_IntHigh_2100","PD","HA","IntHigh","2100",162.847173108897
"031002040205",1900,4912145.83764055,"Mizelle Creek-South Prong Alafia River","tbcmp_PD_HA_IntHigh_2100","PD","HA","IntHigh","2100",4855.27301313235
"031002040205",2100,4084008.41436694,"Mizelle Creek-South Prong Alafia River","tbcmp_PD_HA_IntHigh_2100","PD","HA","IntHigh","2100",4036.7237649454
"031002040205",2200,16253,"Mizelle Creek-South Prong Alafia River","tbcmp_PD_HA_IntHigh_2100","PD","HA","IntHigh","2100",16.064822766
"031002040205",2400,66118.7953275982,"Mizelle Creek-South Prong Alafia River","tbcmp_PD_HA_IntHigh_2100","PD","HA","IntHigh","2100",65.3532719152953
"031002040205",3200,1733678.93131749,"Mizelle Creek-South Prong Alafia River","tbcmp_PD_HA_IntHigh_2100","PD","HA","IntHigh","2100",1713.6063966507
"031002040205",4100,914470.3782317,"Mizelle Creek-South Prong Alafia River","tbcmp_PD_HA_IntHigh_2100","PD","HA","IntHigh","2100",903.882640192533
"031002040205",4400,168915,"Mizelle Creek-South Prong Alafia River","tbcmp_PD_HA_IntHigh_2100","PD","HA","IntHigh","2100",166.95930213
"031002040205",5200,299034.281170612,"Mizelle Creek-South Prong Alafia River","tbcmp_PD_HA_IntHigh_2100","PD","HA","IntHigh","2100",295.572062263219
"031002040205",6110,2528687.1099057,"Mizelle Creek-South Prong Alafia River","tbcmp_PD_HA_IntHigh_2100","PD","HA","IntHigh","2100",2499.40997054721
"031002040205",6410,442926.289465099,"Mizelle Creek-South Prong Alafia River","tbcmp_PD_HA_IntHigh_2100","PD","HA","IntHigh","2100",437.798088885672
"031002040301",1100,2394935.78333552,"Allens Cove","tbcmp_PD_HA_IntHigh_2100","PD","HA","IntHigh","2100",2367.20721683606
"031002040301",1200,1338735.01497414,"Allens Cove","tbcmp_PD_HA_IntHigh_2100","PD","HA","IntHigh","2100",1323.23514097077
"031002040301",1800,107330,"Allens Cove","tbcmp_PD_HA_IntHigh_2100","PD","HA","IntHigh","2100",106.08733326
"031002040301",1820,1328.71827138282,"Allens Cove","tbcmp_PD_HA_IntHigh_2100","PD","HA","IntHigh","2100",1.31333437123675
"031002040301",1900,2550504.87601135,"Allens Cove","tbcmp_PD_HA_IntHigh_2100","PD","HA","IntHigh","2100",2520.97513055689
"031002040301",2100,5393793.50146156,"Allens Cove","tbcmp_PD_HA_IntHigh_2100","PD","HA","IntHigh","2100",5331.34416030163
"031002040301",2200,79451.0618512265,"Allens Cove","tbcmp_PD_HA_IntHigh_2100","PD","HA","IntHigh","2100",78.531177457113
"031002040301",2400,182902,"Allens Cove","tbcmp_PD_HA_IntHigh_2100","PD","HA","IntHigh","2100",180.784360644
"031002040301",3200,30869,"Allens Cove","tbcmp_PD_HA_IntHigh_2100","PD","HA","IntHigh","2100",30.511598718
"031002040301",4100,542771.904199635,"Allens Cove","tbcmp_PD_HA_IntHigh_2100","PD","HA","IntHigh","2100",536.487691092811
"031002040301",4400,96428.6755789188,"Allens Cove","tbcmp_PD_HA_IntHigh_2100","PD","HA","IntHigh","2100",95.3122243730661
"031002040301",5200,875894.149943821,"Allens Cove","tbcmp_PD_HA_IntHigh_2100","PD","HA","IntHigh","2100",865.753047475771
"031002040301",6110,942967.771547604,"Allens Cove","tbcmp_PD_HA_IntHigh_2100","PD","HA","IntHigh","2100",932.050090688626
"031002040301",6410,333212.309430827,"Allens Cove","tbcmp_PD_HA_IntHigh_2100","PD","HA","IntHigh","2100",329.354377312237
"031002040302",1100,2389886.14351853,"Turkey Creek","tbcmp_PD_HA_IntHigh_2100","PD","HA","IntHigh","2100",2362.21604174888
"031002040302",1200,1677808.31297302,"Turkey Creek","tbcmp_PD_HA_IntHigh_2100","PD","HA","IntHigh","2100",1658.38264832542
"031002040302",1800,84837,"Turkey Creek","tbcmp_PD_HA_IntHigh_2100","PD","HA","IntHigh","2100",83.854757214
"031002040302",1820,39883.3518630432,"Turkey Creek","tbcmp_PD_HA_IntHigh_2100","PD","HA","IntHigh","2100",39.4215824151729
"031002040302",1900,3048580.09104654,"Turkey Creek","tbcmp_PD_HA_IntHigh_2100","PD","HA","IntHigh","2100",3013.28363075241
"031002040302",2100,3312571.37914575,"Turkey Creek","tbcmp_PD_HA_IntHigh_2100","PD","HA","IntHigh","2100",3274.218427718
"031002040302",2200,21241,"Turkey Creek","tbcmp_PD_HA_IntHigh_2100","PD","HA","IntHigh","2100",20.995071702
"031002040302",2400,91728.2265698118,"Turkey Creek","tbcmp_PD_HA_IntHigh_2100","PD","HA","IntHigh","2100",90.6661971625866
"031002040302",3200,11542,"Turkey Creek","tbcmp_PD_HA_IntHigh_2100","PD","HA","IntHigh","2100",11.408366724
"031002040302",4100,349529.065952745,"Turkey Creek","tbcmp_PD_HA_IntHigh_2100","PD","HA","IntHigh","2100",345.482218427144
"031002040302",4400,33174.2369874952,"Turkey Creek","tbcmp_PD_HA_IntHigh_2100","PD","HA","IntHigh","2100",32.790145671654
"031002040302",5200,177594.389050888,"Turkey Creek","tbcmp_PD_HA_IntHigh_2100","PD","HA","IntHigh","2100",175.538201214457
"031002040302",6110,996020.087387529,"Turkey Creek","tbcmp_PD_HA_IntHigh_2100","PD","HA","IntHigh","2100",984.488166815756
"031002040302",6410,532606.731336768,"Turkey Creek","tbcmp_PD_HA_IntHigh_2100","PD","HA","IntHigh","2100",526.440210601351
"031002040303",1100,494475.992757986,"Fishhook Creek","tbcmp_PD_HA_IntHigh_2100","PD","HA","IntHigh","2100",488.750949713834
"031002040303",1200,1859190.00171184,"Fishhook Creek","tbcmp_PD_HA_IntHigh_2100","PD","HA","IntHigh","2100",1837.66429987202
"031002040303",1800,9868.52369927488,"Fishhook Creek","tbcmp_PD_HA_IntHigh_2100","PD","HA","IntHigh","2100",9.75426593188467
"031002040303",1900,2411888.81477277,"Fishhook Creek","tbcmp_PD_HA_IntHigh_2100","PD","HA","IntHigh","2100",2383.96396607533
"031002040303",2100,1066511.39938168,"Fishhook Creek","tbcmp_PD_HA_IntHigh_2100","PD","HA","IntHigh","2100",1054.16333039964
"031002040303",2200,59927,"Fishhook Creek","tbcmp_PD_HA_IntHigh_2100","PD","HA","IntHigh","2100",59.233165194
"031002040303",2400,170590,"Fishhook Creek","tbcmp_PD_HA_IntHigh_2100","PD","HA","IntHigh","2100",168.61490898
"031002040303",3200,1755256.77063058,"Fishhook Creek","tbcmp_PD_HA_IntHigh_2100","PD","HA","IntHigh","2100",1734.93440774021
"031002040303",4100,2082877.13804355,"Fishhook Creek","tbcmp_PD_HA_IntHigh_2100","PD","HA","IntHigh","2100",2058.76158653929
"031002040303",4400,128601.647156345,"Fishhook Creek","tbcmp_PD_HA_IntHigh_2100","PD","HA","IntHigh","2100",127.112697285569
"031002040303",5200,1172851.67776575,"Fishhook Creek","tbcmp_PD_HA_IntHigh_2100","PD","HA","IntHigh","2100",1159.27240104057
"031002040303",6110,1480811.38285242,"Fishhook Creek","tbcmp_PD_HA_IntHigh_2100","PD","HA","IntHigh","2100",1463.66654866176
"031002040303",6410,564561.960521024,"Fishhook Creek","tbcmp_PD_HA_IntHigh_2100","PD","HA","IntHigh","2100",558.025462142111
"031002040303",6420,92,"Fishhook Creek","tbcmp_PD_HA_IntHigh_2100","PD","HA","IntHigh","2100",0.090934824
"031002040303",6425,79,"Fishhook Creek","tbcmp_PD_HA_IntHigh_2100","PD","HA","IntHigh","2100",0.078085338
"031002040303",6510,8,"Fishhook Creek","tbcmp_PD_HA_IntHigh_2100","PD","HA","IntHigh","2100",0.007907376
"031002040303",6600,262,"Fishhook Creek","tbcmp_PD_HA_IntHigh_2100","PD","HA","IntHigh","2100",0.258966564
"031002040304",1100,4126838.6294516,"Little Fishhawk Creek-Alafia River","tbcmp_PD_HA_IntHigh_2100","PD","HA","IntHigh","2100",4079.05809179981
"031002040304",1200,5088053.32534144,"Little Fishhawk Creek-Alafia River","tbcmp_PD_HA_IntHigh_2100","PD","HA","IntHigh","2100",5029.14384394064
"031002040304",1800,230550.803023442,"Little Fishhawk Creek-Alafia River","tbcmp_PD_HA_IntHigh_2100","PD","HA","IntHigh","2100",227.881485826037
"031002040304",1820,259068.208072809,"Little Fishhawk Creek-Alafia River","tbcmp_PD_HA_IntHigh_2100","PD","HA","IntHigh","2100",256.068716359742
"031002040304",1900,1091274.67592457,"Little Fishhawk Creek-Alafia River","tbcmp_PD_HA_IntHigh_2100","PD","HA","IntHigh","2100",1078.63989772672
"031002040304",2100,1958506.54936701,"Little Fishhawk Creek-Alafia River","tbcmp_PD_HA_IntHigh_2100","PD","HA","IntHigh","2100",1935.83096053844
"031002040304",2200,10236,"Little Fishhawk Creek-Alafia River","tbcmp_PD_HA_IntHigh_2100","PD","HA","IntHigh","2100",10.117487592
"031002040304",2400,42384.2046723345,"Little Fishhawk Creek-Alafia River","tbcmp_PD_HA_IntHigh_2100","PD","HA","IntHigh","2100",41.8934803506382
"031002040304",3200,33062,"Little Fishhawk Creek-Alafia River","tbcmp_PD_HA_IntHigh_2100","PD","HA","IntHigh","2100",32.679208164
"031002040304",4100,2047620.33678083,"Little Fishhawk Creek-Alafia River","tbcmp_PD_HA_IntHigh_2100","PD","HA","IntHigh","2100",2023.91298852158
"031002040304",4400,21838,"Little Fishhawk Creek-Alafia River","tbcmp_PD_HA_IntHigh_2100","PD","HA","IntHigh","2100",21.585159636
"031002040304",5200,324237.756717574,"Little Fishhawk Creek-Alafia River","tbcmp_PD_HA_IntHigh_2100","PD","HA","IntHigh","2100",320.483731970298
"031002040304",5400,1718,"Little Fishhawk Creek-Alafia River","tbcmp_PD_HA_IntHigh_2100","PD","HA","IntHigh","2100",1.698108996
"031002040304",6110,2994519.77753669,"Little Fishhawk Creek-Alafia River","tbcmp_PD_HA_IntHigh_2100","PD","HA","IntHigh","2100",2959.84922755237
"031002040304",6410,659292.547399108,"Little Fishhawk Creek-Alafia River","tbcmp_PD_HA_IntHigh_2100","PD","HA","IntHigh","2100",651.659258285321
"031002040304",6420,496,"Little Fishhawk Creek-Alafia River","tbcmp_PD_HA_IntHigh_2100","PD","HA","IntHigh","2100",0.490257312
"031002040304",6425,1242.83730993792,"Little Fishhawk Creek-Alafia River","tbcmp_PD_HA_IntHigh_2100","PD","HA","IntHigh","2100",1.22844773956346
"031002040304",6510,610,"Little Fishhawk Creek-Alafia River","tbcmp_PD_HA_IntHigh_2100","PD","HA","IntHigh","2100",0.60293742
"031002040304",6600,1619,"Little Fishhawk Creek-Alafia River","tbcmp_PD_HA_IntHigh_2100","PD","HA","IntHigh","2100",1.600255218
"031002040304",9113,8551.24952165782,"Little Fishhawk Creek-Alafia River","tbcmp_PD_HA_IntHigh_2100","PD","HA","IntHigh","2100",8.45224315469607
"031002040305",1100,979609.845324224,"Bell Creek","tbcmp_PD_HA_IntHigh_2100","PD","HA","IntHigh","2100",968.26792253506
"031002040305",1200,4042440.51841981,"Bell Creek","tbcmp_PD_HA_IntHigh_2100","PD","HA","IntHigh","2100",3995.63714209755
"031002040305",1800,99425.4576827046,"Bell Creek","tbcmp_PD_HA_IntHigh_2100","PD","HA","IntHigh","2100",98.2743097336543
"031002040305",1900,1100179.57329176,"Bell Creek","tbcmp_PD_HA_IntHigh_2100","PD","HA","IntHigh","2100",1087.44169419219
"031002040305",2100,1466844.79542845,"Bell Creek","tbcmp_PD_HA_IntHigh_2100","PD","HA","IntHigh","2100",1449.86166638698
"031002040305",2400,12009.5631609846,"Bell Creek","tbcmp_PD_HA_IntHigh_2100","PD","HA","IntHigh","2100",11.8705164387067
"031002040305",3200,1229286.90289218,"Bell Creek","tbcmp_PD_HA_IntHigh_2100","PD","HA","IntHigh","2100",1215.0542191305
"031002040305",4100,1785097.39474894,"Bell Creek","tbcmp_PD_HA_IntHigh_2100","PD","HA","IntHigh","2100",1764.42953711254
"031002040305",4400,141487,"Bell Creek","tbcmp_PD_HA_IntHigh_2100","PD","HA","IntHigh","2100",139.848863514
"031002040305",5200,558137.127025541,"Bell Creek","tbcmp_PD_HA_IntHigh_2100","PD","HA","IntHigh","2100",551.675015368839
"031002040305",6110,1790867.73661791,"Bell Creek","tbcmp_PD_HA_IntHigh_2100","PD","HA","IntHigh","2100",1770.13306996335
"031002040305",6410,442266.350671184,"Bell Creek","tbcmp_PD_HA_IntHigh_2100","PD","HA","IntHigh","2100",437.145790863113
"031002040305",6420,434.692580059171,"Bell Creek","tbcmp_PD_HA_IntHigh_2100","PD","HA","IntHigh","2100",0.429659709367246
"031002040305",6425,1268.79013297334,"Bell Creek","tbcmp_PD_HA_IntHigh_2100","PD","HA","IntHigh","2100",1.25410008081378
"031002040305",6510,544.614900782704,"Bell Creek","tbcmp_PD_HA_IntHigh_2100","PD","HA","IntHigh","2100",0.538309349461442
"031002040305",6600,1634.03453442361,"Bell Creek","tbcmp_PD_HA_IntHigh_2100","PD","HA","IntHigh","2100",1.61511568258406
"031002040305",9113,1981.45069579425,"Bell Creek","tbcmp_PD_HA_IntHigh_2100","PD","HA","IntHigh","2100",1.95850945963834
"031002040306",1100,2205557.6708325,"Buckhorn Creek-Alafia River","tbcmp_PD_HA_IntHigh_2100","PD","HA","IntHigh","2100",2180.0217241196
"031002040306",1200,10319620.9750949,"Buckhorn Creek-Alafia River","tbcmp_PD_HA_IntHigh_2100","PD","HA","IntHigh","2100",10200.1404034453
"031002040306",1800,110510.767626312,"Buckhorn Creek-Alafia River","tbcmp_PD_HA_IntHigh_2100","PD","HA","IntHigh","2100",109.231273958735
"031002040306",1820,169066.642638808,"Buckhorn Creek-Alafia River","tbcmp_PD_HA_IntHigh_2100","PD","HA","IntHigh","2100",167.109189050336
"031002040306",1900,512483.979702346,"Buckhorn Creek-Alafia River","tbcmp_PD_HA_IntHigh_2100","PD","HA","IntHigh","2100",506.550440185352
"031002040306",2100,229494.542465068,"Buckhorn Creek-Alafia River","tbcmp_PD_HA_IntHigh_2100","PD","HA","IntHigh","2100",226.837454652407
"031002040306",2200,8749,"Buckhorn Creek-Alafia River","tbcmp_PD_HA_IntHigh_2100","PD","HA","IntHigh","2100",8.647704078
"031002040306",2400,15935.0102315545,"Buckhorn Creek-Alafia River","tbcmp_PD_HA_IntHigh_2100","PD","HA","IntHigh","2100",15.7505146830936
"031002040306",3200,37809.5699622311,"Buckhorn Creek-Alafia River","tbcmp_PD_HA_IntHigh_2100","PD","HA","IntHigh","2100",37.3718107612084
"031002040306",4100,964842.780848208,"Buckhorn Creek-Alafia River","tbcmp_PD_HA_IntHigh_2100","PD","HA","IntHigh","2100",953.671831131547
"031002040306",4400,955,"Buckhorn Creek-Alafia River","tbcmp_PD_HA_IntHigh_2100","PD","HA","IntHigh","2100",0.94394301
"031002040306",5200,662507.029243148,"Buckhorn Creek-Alafia River","tbcmp_PD_HA_IntHigh_2100","PD","HA","IntHigh","2100",654.836522858571
"031002040306",5400,683092.215422543,"Buckhorn Creek-Alafia River","tbcmp_PD_HA_IntHigh_2100","PD","HA","IntHigh","2100",675.18337375238
"031002040306",6110,1075320.71851743,"Buckhorn Creek-Alafia River","tbcmp_PD_HA_IntHigh_2100","PD","HA","IntHigh","2100",1062.87065523844
"031002040306",6120,3718.95471054874,"Buckhorn Creek-Alafia River","tbcmp_PD_HA_IntHigh_2100","PD","HA","IntHigh","2100",3.67589665291001
"031002040306",6410,479618.283081236,"Buckhorn Creek-Alafia River","tbcmp_PD_HA_IntHigh_2100","PD","HA","IntHigh","2100",474.065262599722
"031002040306",6420,18957.7697249928,"Buckhorn Creek-Alafia River","tbcmp_PD_HA_IntHigh_2100","PD","HA","IntHigh","2100",18.7382766671169
"031002040306",6425,42060.2069646841,"Buckhorn Creek-Alafia River","tbcmp_PD_HA_IntHigh_2100","PD","HA","IntHigh","2100",41.573233888447
"031002040306",6510,23217.3619439263,"Buckhorn Creek-Alafia River","tbcmp_PD_HA_IntHigh_2100","PD","HA","IntHigh","2100",22.9485513273395
"031002040306",6600,49361.154172247,"Buckhorn Creek-Alafia River","tbcmp_PD_HA_IntHigh_2100","PD","HA","IntHigh","2100",48.7896507292408
"031002040306",9113,214565.366886009,"Buckhorn Creek-Alafia River","tbcmp_PD_HA_IntHigh_2100","PD","HA","IntHigh","2100",212.081129068203
"031002050101",1100,1026459.55788494,"Wiggins Prairie-Itchepackesassa Creek","tbcmp_PD_HA_IntHigh_2100","PD","HA","IntHigh","2100",1014.57520912375
"031002050101",1200,826088.7849779,"Wiggins Prairie-Itchepackesassa Creek","tbcmp_PD_HA_IntHigh_2100","PD","HA","IntHigh","2100",816.524329025426
"031002050101",1800,154.351943095709,"Wiggins Prairie-Itchepackesassa Creek","tbcmp_PD_HA_IntHigh_2100","PD","HA","IntHigh","2100",0.152564856298547
"031002050101",1820,543,"Wiggins Prairie-Itchepackesassa Creek","tbcmp_PD_HA_IntHigh_2100","PD","HA","IntHigh","2100",0.536713146
"031002050101",1900,402249.305133891,"Wiggins Prairie-Itchepackesassa Creek","tbcmp_PD_HA_IntHigh_2100","PD","HA","IntHigh","2100",397.592062679051
"031002050101",2100,1710764.54370502,"Wiggins Prairie-Itchepackesassa Creek","tbcmp_PD_HA_IntHigh_2100","PD","HA","IntHigh","2100",1690.95731181801
"031002050101",2400,4198.42441778703,"Wiggins Prairie-Itchepackesassa Creek","tbcmp_PD_HA_IntHigh_2100","PD","HA","IntHigh","2100",4.14981505987789
"031002050101",4100,525651.84455269,"Wiggins Prairie-Itchepackesassa Creek","tbcmp_PD_HA_IntHigh_2100","PD","HA","IntHigh","2100",519.565847496459
"031002050101",4400,52579.9415996572,"Wiggins Prairie-Itchepackesassa Creek","tbcmp_PD_HA_IntHigh_2100","PD","HA","IntHigh","2100",51.9711710358163
"031002050101",5200,175272.901029239,"Wiggins Prairie-Itchepackesassa Creek","tbcmp_PD_HA_IntHigh_2100","PD","HA","IntHigh","2100",173.243591381122
"031002050101",6110,189361.87390919,"Wiggins Prairie-Itchepackesassa Creek","tbcmp_PD_HA_IntHigh_2100","PD","HA","IntHigh","2100",187.16944213307
"031002050101",6410,604034.896577328,"Wiggins Prairie-Itchepackesassa Creek","tbcmp_PD_HA_IntHigh_2100","PD","HA","IntHigh","2100",597.041380544756
"031002050102",1100,880074.098232135,"Town of Kathleen-Blackwater Creek","tbcmp_PD_HA_IntHigh_2100","PD","HA","IntHigh","2100",869.884600322804
"031002050102",1200,1329385.7272295,"Town of Kathleen-Blackwater Creek","tbcmp_PD_HA_IntHigh_2100","PD","HA","IntHigh","2100",1313.99409927964
"031002050102",1800,22711,"Town of Kathleen-Blackwater Creek","tbcmp_PD_HA_IntHigh_2100","PD","HA","IntHigh","2100",22.448052042
"031002050102",1900,74845.7811181208,"Town of Kathleen-Blackwater Creek","tbcmp_PD_HA_IntHigh_2100","PD","HA","IntHigh","2100",73.9792166643352
"031002050102",2100,5544058.51389858,"Town of Kathleen-Blackwater Creek","tbcmp_PD_HA_IntHigh_2100","PD","HA","IntHigh","2100",5479.86940442466
"031002050102",2400,7724.57558212942,"Town of Kathleen-Blackwater Creek","tbcmp_PD_HA_IntHigh_2100","PD","HA","IntHigh","2100",7.63514044603952
"031002050102",3200,304475.423818129,"Town of Kathleen-Blackwater Creek","tbcmp_PD_HA_IntHigh_2100","PD","HA","IntHigh","2100",300.950207361162
"031002050102",4100,767923.984536788,"Town of Kathleen-Blackwater Creek","tbcmp_PD_HA_IntHigh_2100","PD","HA","IntHigh","2100",759.032960643821
"031002050102",4400,7146,"Town of Kathleen-Blackwater Creek","tbcmp_PD_HA_IntHigh_2100","PD","HA","IntHigh","2100",7.063263612
"031002050102",5200,29279,"Town of Kathleen-Blackwater Creek","tbcmp_PD_HA_IntHigh_2100","PD","HA","IntHigh","2100",28.940007738
"031002050102",6110,2257234.78227514,"Town of Kathleen-Blackwater Creek","tbcmp_PD_HA_IntHigh_2100","PD","HA","IntHigh","2100",2231.10051796596
"031002050102",6410,696250.936018238,"Town of Kathleen-Blackwater Creek","tbcmp_PD_HA_IntHigh_2100","PD","HA","IntHigh","2100",688.189742681019
"031002050103",1100,3181476.17134763,"Itchepackesassa Creek-Blackwater Creek","tbcmp_PD_HA_IntHigh_2100","PD","HA","IntHigh","2100",3144.64104023577
"031002050103",1200,3570161.20791572,"Itchepackesassa Creek-Blackwater Creek","tbcmp_PD_HA_IntHigh_2100","PD","HA","IntHigh","2100",3528.82588145047
"031002050103",1800,235494.908834134,"Itchepackesassa Creek-Blackwater Creek","tbcmp_PD_HA_IntHigh_2100","PD","HA","IntHigh","2100",232.768348779652
"031002050103",1900,1369478.09447911,"Itchepackesassa Creek-Blackwater Creek","tbcmp_PD_HA_IntHigh_2100","PD","HA","IntHigh","2100",1353.62227710123
"031002050103",2100,7714064.25629462,"Itchepackesassa Creek-Blackwater Creek","tbcmp_PD_HA_IntHigh_2100","PD","HA","IntHigh","2100",7624.75082033524
"031002050103",2200,49315.7625321157,"Itchepackesassa Creek-Blackwater Creek","tbcmp_PD_HA_IntHigh_2100","PD","HA","IntHigh","2100",48.7447846335188
"031002050103",2400,222477.186088988,"Itchepackesassa Creek-Blackwater Creek","tbcmp_PD_HA_IntHigh_2100","PD","HA","IntHigh","2100",219.90134522845
"031002050103",3200,1196909.36325732,"Itchepackesassa Creek-Blackwater Creek","tbcmp_PD_HA_IntHigh_2100","PD","HA","IntHigh","2100",1183.05154664952
"031002050103",4100,1659080.05424163,"Itchepackesassa Creek-Blackwater Creek","tbcmp_PD_HA_IntHigh_2100","PD","HA","IntHigh","2100",1639.87122537362
"031002050103",4400,2165060.37487498,"Itchepackesassa Creek-Blackwater Creek","tbcmp_PD_HA_IntHigh_2100","PD","HA","IntHigh","2100",2139.99330585468
"031002050103",5200,400735.329494257,"Itchepackesassa Creek-Blackwater Creek","tbcmp_PD_HA_IntHigh_2100","PD","HA","IntHigh","2100",396.095615849373
"031002050103",6110,4585206.86894182,"Itchepackesassa Creek-Blackwater Creek","tbcmp_PD_HA_IntHigh_2100","PD","HA","IntHigh","2100",4532.11934381321
"031002050103",6410,2460139.96945263,"Itchepackesassa Creek-Blackwater Creek","tbcmp_PD_HA_IntHigh_2100","PD","HA","IntHigh","2100",2431.6564688863
"031002050201",1100,88776.8370035925,"Town of Providence","tbcmp_PD_HA_IntHigh_2100","PD","HA","IntHigh","2100",87.7489787847649
"031002050201",1200,225269.972738797,"Town of Providence","tbcmp_PD_HA_IntHigh_2100","PD","HA","IntHigh","2100",222.661796994427
"031002050201",1900,31967,"Town of Providence","tbcmp_PD_HA_IntHigh_2100","PD","HA","IntHigh","2100",31.596886074
"031002050201",2100,640055.26395757,"Town of Providence","tbcmp_PD_HA_IntHigh_2100","PD","HA","IntHigh","2100",632.64470411147
"031002050201",3200,1292063.06355984,"Town of Providence","tbcmp_PD_HA_IntHigh_2100","PD","HA","IntHigh","2100",1277.10355740994
"031002050201",4100,656867.882226275,"Town of Providence","tbcmp_PD_HA_IntHigh_2100","PD","HA","IntHigh","2100",649.262665885859
"031002050201",4400,77519,"Town of Providence","tbcmp_PD_HA_IntHigh_2100","PD","HA","IntHigh","2100",76.621485018
"031002050201",5200,13919.4939281922,"Town of Providence","tbcmp_PD_HA_IntHigh_2100","PD","HA","IntHigh","2100",13.7583340274916
"031002050201",6110,1438665.1425186,"Town of Providence","tbcmp_PD_HA_IntHigh_2100","PD","HA","IntHigh","2100",1422.00827749852
"031002050201",6410,131015.78988748,"Town of Providence","tbcmp_PD_HA_IntHigh_2100","PD","HA","IntHigh","2100",129.498889072163
"031002050202",1100,1432189.09572005,"Hawk Lake-Hillsborough River","tbcmp_PD_HA_IntHigh_2100","PD","HA","IntHigh","2100",1415.6072103698
"031002050202",1200,4572359.16680679,"Hawk Lake-Hillsborough River","tbcmp_PD_HA_IntHigh_2100","PD","HA","IntHigh","2100",4519.42039237351
"031002050202",1800,118177.388628152,"Hawk Lake-Hillsborough River","tbcmp_PD_HA_IntHigh_2100","PD","HA","IntHigh","2100",116.809130822615
"031002050202",1820,73761,"Hawk Lake-Hillsborough River","tbcmp_PD_HA_IntHigh_2100","PD","HA","IntHigh","2100",72.906995142
"031002050202",1900,461175.602350089,"Hawk Lake-Hillsborough River","tbcmp_PD_HA_IntHigh_2100","PD","HA","IntHigh","2100",455.83611122608
"031002050202",2100,3829253.71310363,"Hawk Lake-Hillsborough River","tbcmp_PD_HA_IntHigh_2100","PD","HA","IntHigh","2100",3784.91861361331
"031002050202",2200,7421.42345317081,"Hawk Lake-Hillsborough River","tbcmp_PD_HA_IntHigh_2100","PD","HA","IntHigh","2100",7.33549821243
"031002050202",3200,2748206.54662148,"Hawk Lake-Hillsborough River","tbcmp_PD_HA_IntHigh_2100","PD","HA","IntHigh","2100",2716.38781122469
"031002050202",4100,3074091.65634243,"Hawk Lake-Hillsborough River","tbcmp_PD_HA_IntHigh_2100","PD","HA","IntHigh","2100",3038.49982314529
"031002050202",4400,220087.299689103,"Hawk Lake-Hillsborough River","tbcmp_PD_HA_IntHigh_2100","PD","HA","IntHigh","2100",217.539128933303
"031002050202",5200,115845.426383337,"Hawk Lake-Hillsborough River","tbcmp_PD_HA_IntHigh_2100","PD","HA","IntHigh","2100",114.504168036671
"031002050202",6110,5342395.62558293,"Hawk Lake-Hillsborough River","tbcmp_PD_HA_IntHigh_2100","PD","HA","IntHigh","2100",5280.54136902993
"031002050202",6120,90361,"Hawk Lake-Hillsborough River","tbcmp_PD_HA_IntHigh_2100","PD","HA","IntHigh","2100",89.314800342
"031002050202",6410,777118.631137597,"Hawk Lake-Hillsborough River","tbcmp_PD_HA_IntHigh_2100","PD","HA","IntHigh","2100",768.121151626286
"031002050203",1100,2571726.24306977,"Lake Pasadena","tbcmp_PD_HA_IntHigh_2100","PD","HA","IntHigh","2100",2541.95079662751
"031002050203",1200,1745450.92539953,"Lake Pasadena","tbcmp_PD_HA_IntHigh_2100","PD","HA","IntHigh","2100",1725.24209458525
"031002050203",1800,8237,"Lake Pasadena","tbcmp_PD_HA_IntHigh_2100","PD","HA","IntHigh","2100",8.141632014
"031002050203",1820,95984.0367730201,"Lake Pasadena","tbcmp_PD_HA_IntHigh_2100","PD","HA","IntHigh","2100",94.8727335952621
"031002050203",1900,946535.820411269,"Lake Pasadena","tbcmp_PD_HA_IntHigh_2100","PD","HA","IntHigh","2100",935.576828682547
"031002050203",2100,4011244.2783258,"Lake Pasadena","tbcmp_PD_HA_IntHigh_2100","PD","HA","IntHigh","2100",3964.80209207134
"031002050203",2200,43629.8716231903,"Lake Pasadena","tbcmp_PD_HA_IntHigh_2100","PD","HA","IntHigh","2100",43.124724969537
"031002050203",2400,38194,"Lake Pasadena","tbcmp_PD_HA_IntHigh_2100","PD","HA","IntHigh","2100",37.751789868
"031002050203",3200,6840,"Lake Pasadena","tbcmp_PD_HA_IntHigh_2100","PD","HA","IntHigh","2100",6.76080648
"031002050203",4100,896758.483546539,"Lake Pasadena","tbcmp_PD_HA_IntHigh_2100","PD","HA","IntHigh","2100",886.375813824037
"031002050203",4400,378247.725242118,"Lake Pasadena","tbcmp_PD_HA_IntHigh_2100","PD","HA","IntHigh","2100",373.868373079265
"031002050203",5200,338664.931900615,"Lake Pasadena","tbcmp_PD_HA_IntHigh_2100","PD","HA","IntHigh","2100",334.74386931907
"031002050203",6110,250993.472113141,"Lake Pasadena","tbcmp_PD_HA_IntHigh_2100","PD","HA","IntHigh","2100",248.087469693015
"031002050203",6410,1096689.85738714,"Lake Pasadena","tbcmp_PD_HA_IntHigh_2100","PD","HA","IntHigh","2100",1083.99238221831
"031002050204",1100,1600709.5632886,"New River","tbcmp_PD_HA_IntHigh_2100","PD","HA","IntHigh","2100",1582.17654796484
"031002050204",1200,2871884.18484739,"New River","tbcmp_PD_HA_IntHigh_2100","PD","HA","IntHigh","2100",2838.63350975523
"031002050204",1800,44180.5645793096,"New River","tbcmp_PD_HA_IntHigh_2100","PD","HA","IntHigh","2100",43.6690420026103
"031002050204",1820,26031.3459646299,"New River","tbcmp_PD_HA_IntHigh_2100","PD","HA","IntHigh","2100",25.7299550410514
"031002050204",1900,1089126.16360717,"New River","tbcmp_PD_HA_IntHigh_2100","PD","HA","IntHigh","2100",1076.51626088493
"031002050204",2100,3251428.89547932,"New River","tbcmp_PD_HA_IntHigh_2100","PD","HA","IntHigh","2100",3213.78385172746
"031002050204",2200,16188.4945512511,"New River","tbcmp_PD_HA_IntHigh_2100","PD","HA","IntHigh","2100",16.0010641613367
"031002050204",3200,472006.863104168,"New River","tbcmp_PD_HA_IntHigh_2100","PD","HA","IntHigh","2100",466.541967643147
"031002050204",4100,750933.700943751,"New River","tbcmp_PD_HA_IntHigh_2100","PD","HA","IntHigh","2100",742.239390554224
"031002050204",4400,127333.143419833,"New River","tbcmp_PD_HA_IntHigh_2100","PD","HA","IntHigh","2100",125.858880285319
"031002050204",5200,796857.320039053,"New River","tbcmp_PD_HA_IntHigh_2100","PD","HA","IntHigh","2100",787.631305987641
"031002050204",6110,1087234.3314886,"New River","tbcmp_PD_HA_IntHigh_2100","PD","HA","IntHigh","2100",1074.64633239862
"031002050204",6410,1554768.09459425,"New River","tbcmp_PD_HA_IntHigh_2100","PD","HA","IntHigh","2100",1536.76698959504
"031002050205",1100,3631175.42583122,"Indian Creek-Hillsborough River","tbcmp_PD_HA_IntHigh_2100","PD","HA","IntHigh","2100",3589.13367675095
"031002050205",1200,6112923.10659702,"Indian Creek-Hillsborough River","tbcmp_PD_HA_IntHigh_2100","PD","HA","IntHigh","2100",6042.14768286884
"031002050205",1800,329148.972121757,"Indian Creek-Hillsborough River","tbcmp_PD_HA_IntHigh_2100","PD","HA","IntHigh","2100",325.338085322531
"031002050205",1820,320309.654035668,"Indian Creek-Hillsborough River","tbcmp_PD_HA_IntHigh_2100","PD","HA","IntHigh","2100",316.601108861243
"031002050205",1900,1580493.50730851,"Indian Creek-Hillsborough River","tbcmp_PD_HA_IntHigh_2100","PD","HA","IntHigh","2100",1562.19455348089
"031002050205",2100,4741658.38008466,"Indian Creek-Hillsborough River","tbcmp_PD_HA_IntHigh_2100","PD","HA","IntHigh","2100",4686.75945936004
"031002050205",2200,169211.322479519,"Indian Creek-Hillsborough River","tbcmp_PD_HA_IntHigh_2100","PD","HA","IntHigh","2100",167.252193787851
"031002050205",2400,26381,"Indian Creek-Hillsborough River","tbcmp_PD_HA_IntHigh_2100","PD","HA","IntHigh","2100",26.075560782
"031002050205",3200,573055.627680136,"Indian Creek-Hillsborough River","tbcmp_PD_HA_IntHigh_2100","PD","HA","IntHigh","2100",566.420789622856
"031002050205",4100,1992274.64242916,"Indian Creek-Hillsborough River","tbcmp_PD_HA_IntHigh_2100","PD","HA","IntHigh","2100",1969.20808661911
"031002050205",4400,733001.039097323,"Indian Creek-Hillsborough River","tbcmp_PD_HA_IntHigh_2100","PD","HA","IntHigh","2100",724.514353066654
"031002050205",5200,478322.413868724,"Indian Creek-Hillsborough River","tbcmp_PD_HA_IntHigh_2100","PD","HA","IntHigh","2100",472.784396960952
"031002050205",6110,3720593.63325951,"Indian Creek-Hillsborough River","tbcmp_PD_HA_IntHigh_2100","PD","HA","IntHigh","2100",3677.51660017363
"031002050205",6410,1440287.30597644,"Indian Creek-Hillsborough River","tbcmp_PD_HA_IntHigh_2100","PD","HA","IntHigh","2100",1423.61165954784
"031002050301",1100,2114601.07285393,"Pemberton Creek","tbcmp_PD_HA_IntHigh_2100","PD","HA","IntHigh","2100",2090.11822163243
"031002050301",1200,5242600.28531133,"Pemberton Creek","tbcmp_PD_HA_IntHigh_2100","PD","HA","IntHigh","2100",5181.90145920799
"031002050301",1800,50622,"Pemberton Creek","tbcmp_PD_HA_IntHigh_2100","PD","HA","IntHigh","2100",50.035898484
"031002050301",1820,181276.2151126,"Pemberton Creek","tbcmp_PD_HA_IntHigh_2100","PD","HA","IntHigh","2100",179.177399094026
"031002050301",1900,453859.305953321,"Pemberton Creek","tbcmp_PD_HA_IntHigh_2100","PD","HA","IntHigh","2100",448.604522908994
"031002050301",2100,1913513.52363843,"Pemberton Creek","tbcmp_PD_HA_IntHigh_2100","PD","HA","IntHigh","2100",1891.35886406174
"031002050301",2200,20687,"Pemberton Creek","tbcmp_PD_HA_IntHigh_2100","PD","HA","IntHigh","2100",20.447485914
"031002050301",2400,143170.575084587,"Pemberton Creek","tbcmp_PD_HA_IntHigh_2100","PD","HA","IntHigh","2100",141.512946166258
"031002050301",3200,51654,"Pemberton Creek","tbcmp_PD_HA_IntHigh_2100","PD","HA","IntHigh","2100",51.055949988
"031002050301",4100,420935.318875901,"Pemberton Creek","tbcmp_PD_HA_IntHigh_2100","PD","HA","IntHigh","2100",416.061729753956
"031002050301",4400,17461.3606017921,"Pemberton Creek","tbcmp_PD_HA_IntHigh_2100","PD","HA","IntHigh","2100",17.2591929687446
"031002050301",5200,351479.628399544,"Pemberton Creek","tbcmp_PD_HA_IntHigh_2100","PD","HA","IntHigh","2100",347.410197261934
"031002050301",6110,1760689.70960442,"Pemberton Creek","tbcmp_PD_HA_IntHigh_2100","PD","HA","IntHigh","2100",1740.30444414662
"031002050301",6410,767752.821211018,"Pemberton Creek","tbcmp_PD_HA_IntHigh_2100","PD","HA","IntHigh","2100",758.863779047037
"031002050302",1100,4376602.10592135,"Lake Weeks","tbcmp_PD_HA_IntHigh_2100","PD","HA","IntHigh","2100",4325.92980673899
"031002050302",1200,7387579.03041625,"Lake Weeks","tbcmp_PD_HA_IntHigh_2100","PD","HA","IntHigh","2100",7302.04564040209
"031002050302",1800,236414.270967375,"Lake Weeks","tbcmp_PD_HA_IntHigh_2100","PD","HA","IntHigh","2100",233.677066538115
"031002050302",1820,205237.864042019,"Lake Weeks","tbcmp_PD_HA_IntHigh_2100","PD","HA","IntHigh","2100",202.86162005214
"031002050302",1900,946397.332132811,"Lake Weeks","tbcmp_PD_HA_IntHigh_2100","PD","HA","IntHigh","2100",935.439943821378
"031002050302",2100,3338173.84399814,"Lake Weeks","tbcmp_PD_HA_IntHigh_2100","PD","HA","IntHigh","2100",3299.52446723233
"031002050302",2200,26329.7945954982,"Lake Weeks","tbcmp_PD_HA_IntHigh_2100","PD","HA","IntHigh","2100",26.0249482336715
"031002050302",2400,202838.843267501,"Lake Weeks","tbcmp_PD_HA_IntHigh_2100","PD","HA","IntHigh","2100",200.49037514015
"031002050302",3200,5141,"Lake Weeks","tbcmp_PD_HA_IntHigh_2100","PD","HA","IntHigh","2100",5.081477502
"031002050302",4100,852350.352003048,"Lake Weeks","tbcmp_PD_HA_IntHigh_2100","PD","HA","IntHigh","2100",842.481839627556
"031002050302",4400,27835.597975254,"Lake Weeks","tbcmp_PD_HA_IntHigh_2100","PD","HA","IntHigh","2100",27.5133174218965
"031002050302",5200,847326.111445736,"Lake Weeks","tbcmp_PD_HA_IntHigh_2100","PD","HA","IntHigh","2100",837.515769727418
"031002050302",6110,369857.257575001,"Lake Weeks","tbcmp_PD_HA_IntHigh_2100","PD","HA","IntHigh","2100",365.575050246798
"031002050302",6410,1260080.27929629,"Lake Weeks","tbcmp_PD_HA_IntHigh_2100","PD","HA","IntHigh","2100",1245.4910698226
"031002050303",1100,5059233.29255858,"Lake Thontotosassa","tbcmp_PD_HA_IntHigh_2100","PD","HA","IntHigh","2100",5000.65748949734
"031002050303",1200,213963.399729456,"Lake Thontotosassa","tbcmp_PD_HA_IntHigh_2100","PD","HA","IntHigh","2100",211.486131487388
"031002050303",1800,12023.4214588646,"Lake Thontotosassa","tbcmp_PD_HA_IntHigh_2100","PD","HA","IntHigh","2100",11.8842142852139
"031002050303",1900,739670.152636025,"Lake Thontotosassa","tbcmp_PD_HA_IntHigh_2100","PD","HA","IntHigh","2100",731.106251608805
"031002050303",2100,3212139.68031406,"Lake Thontotosassa","tbcmp_PD_HA_IntHigh_2100","PD","HA","IntHigh","2100",3174.94952709538
"031002050303",2200,64683.5927626581,"Lake Thontotosassa","tbcmp_PD_HA_IntHigh_2100","PD","HA","IntHigh","2100",63.9346861256521
"031002050303",2400,196446.33539917,"Lake Thontotosassa","tbcmp_PD_HA_IntHigh_2100","PD","HA","IntHigh","2100",194.171879727919
"031002050303",3200,34571,"Lake Thontotosassa","tbcmp_PD_HA_IntHigh_2100","PD","HA","IntHigh","2100",34.170736962
"031002050303",4100,450732.327296482,"Lake Thontotosassa","tbcmp_PD_HA_IntHigh_2100","PD","HA","IntHigh","2100",445.513748411043
"031002050303",4400,33907.6393981905,"Lake Thontotosassa","tbcmp_PD_HA_IntHigh_2100","PD","HA","IntHigh","2100",33.5150567492383
"031002050303",5200,1005337.60573036,"Lake Thontotosassa","tbcmp_PD_HA_IntHigh_2100","PD","HA","IntHigh","2100",993.697806931215
"031002050303",6110,842225.210220624,"Lake Thontotosassa","tbcmp_PD_HA_IntHigh_2100","PD","HA","IntHigh","2100",832.47392673669
"031002050303",6410,826998.450683443,"Lake Thontotosassa","tbcmp_PD_HA_IntHigh_2100","PD","HA","IntHigh","2100",817.42346262143
"031002050304",1100,6475644.477951,"Hollomans Branch-Hillsborough River","tbcmp_PD_HA_IntHigh_2100","PD","HA","IntHigh","2100",6400.66946618528
"031002050304",1200,3465908.31064251,"Hollomans Branch-Hillsborough River","tbcmp_PD_HA_IntHigh_2100","PD","HA","IntHigh","2100",3425.78002422189
"031002050304",1800,102697.217791132,"Hollomans Branch-Hillsborough River","tbcmp_PD_HA_IntHigh_2100","PD","HA","IntHigh","2100",101.508189403546
"031002050304",1820,120794,"Hollomans Branch-Hillsborough River","tbcmp_PD_HA_IntHigh_2100","PD","HA","IntHigh","2100",119.395447068
"031002050304",1900,950263.37079087,"Hollomans Branch-Hillsborough River","tbcmp_PD_HA_IntHigh_2100","PD","HA","IntHigh","2100",939.261221483854
"031002050304",2100,7027025.52748164,"Hollomans Branch-Hillsborough River","tbcmp_PD_HA_IntHigh_2100","PD","HA","IntHigh","2100",6945.66662592446
"031002050304",2200,20021.5242648383,"Hollomans Branch-Hillsborough River","tbcmp_PD_HA_IntHigh_2100","PD","HA","IntHigh","2100",19.7897150569
"031002050304",2400,106179.679300589,"Hollomans Branch-Hillsborough River","tbcmp_PD_HA_IntHigh_2100","PD","HA","IntHigh","2100",104.950330973646
"031002050304",3200,1229620.98277525,"Hollomans Branch-Hillsborough River","tbcmp_PD_HA_IntHigh_2100","PD","HA","IntHigh","2100",1215.38443103667
"031002050304",4100,2013535.71956024,"Hollomans Branch-Hillsborough River","tbcmp_PD_HA_IntHigh_2100","PD","HA","IntHigh","2100",1990.22300299917
"031002050304",4400,642969.204669164,"Hollomans Branch-Hillsborough River","tbcmp_PD_HA_IntHigh_2100","PD","HA","IntHigh","2100",635.524907217504
"031002050304",5200,1003753.87337451,"Hollomans Branch-Hillsborough River","tbcmp_PD_HA_IntHigh_2100","PD","HA","IntHigh","2100",992.132411028583
"031002050304",6110,10564127.9002622,"Hollomans Branch-Hillsborough River","tbcmp_PD_HA_IntHigh_2100","PD","HA","IntHigh","2100",10441.816427433
"031002050304",6410,2416726.11785571,"Hollomans Branch-Hillsborough River","tbcmp_PD_HA_IntHigh_2100","PD","HA","IntHigh","2100",2388.74526286317
"031002050401",1100,2701800.90105861,"Bayou Branch","tbcmp_PD_HA_IntHigh_2100","PD","HA","IntHigh","2100",2670.51945022615
"031002050401",1200,2321422.37815885,"Bayou Branch","tbcmp_PD_HA_IntHigh_2100","PD","HA","IntHigh","2100",2294.54494986453
"031002050401",1800,46435.4354211248,"Bayou Branch","tbcmp_PD_HA_IntHigh_2100","PD","HA","IntHigh","2100",45.897805949819
"031002050401",1900,1773307.98161261,"Bayou Branch","tbcmp_PD_HA_IntHigh_2100","PD","HA","IntHigh","2100",1752.7766218015
"031002050401",2100,9922449.37382861,"Bayou Branch","tbcmp_PD_HA_IntHigh_2100","PD","HA","IntHigh","2100",9807.56725497842
"031002050401",2200,316345.872765326,"Bayou Branch","tbcmp_PD_HA_IntHigh_2100","PD","HA","IntHigh","2100",312.683220250449
"031002050401",2400,144608.39194852,"Bayou Branch","tbcmp_PD_HA_IntHigh_2100","PD","HA","IntHigh","2100",142.93411598654
"031002050401",3200,97735,"Bayou Branch","tbcmp_PD_HA_IntHigh_2100","PD","HA","IntHigh","2100",96.60342417
"031002050401",4100,2194357.74421627,"Bayou Branch","tbcmp_PD_HA_IntHigh_2100","PD","HA","IntHigh","2100",2168.95147025373
"031002050401",4400,420945.282345887,"Bayou Branch","tbcmp_PD_HA_IntHigh_2100","PD","HA","IntHigh","2100",416.071577866886
"031002050401",5200,939653.509070769,"Bayou Branch","tbcmp_PD_HA_IntHigh_2100","PD","HA","IntHigh","2100",928.774200742748
"031002050401",6110,1409027.90303072,"Bayou Branch","tbcmp_PD_HA_IntHigh_2100","PD","HA","IntHigh","2100",1392.71417796943
"031002050401",6410,2589606.59693717,"Bayou Branch","tbcmp_PD_HA_IntHigh_2100","PD","HA","IntHigh","2100",2559.62413175783
"031002050402",1100,587770.983743139,"Upper Cypress Creek","tbcmp_PD_HA_IntHigh_2100","PD","HA","IntHigh","2100",580.965771293361
"031002050402",1200,288417.620569436,"Upper Cypress Creek","tbcmp_PD_HA_IntHigh_2100","PD","HA","IntHigh","2100",285.078321358483
"031002050402",1800,17674.9516816856,"Upper Cypress Creek","tbcmp_PD_HA_IntHigh_2100","PD","HA","IntHigh","2100",17.4703110911151
"031002050402",1820,31875.4854433314,"Upper Cypress Creek","tbcmp_PD_HA_IntHigh_2100","PD","HA","IntHigh","2100",31.5064310728686
"031002050402",1900,435414.945177309,"Upper Cypress Creek","tbcmp_PD_HA_IntHigh_2100","PD","HA","IntHigh","2100",430.373710942047
"031002050402",2100,5687464.18128296,"Upper Cypress Creek","tbcmp_PD_HA_IntHigh_2100","PD","HA","IntHigh","2100",5621.61472099207
"031002050402",2200,4112.17834119177,"Upper Cypress Creek","tbcmp_PD_HA_IntHigh_2100","PD","HA","IntHigh","2100",4.06456754035745
"031002050402",2400,44138.9196708873,"Upper Cypress Creek","tbcmp_PD_HA_IntHigh_2100","PD","HA","IntHigh","2100",43.6278792589378
"031002050402",3200,604789.210699777,"Upper Cypress Creek","tbcmp_PD_HA_IntHigh_2100","PD","HA","IntHigh","2100",597.786961218295
"031002050402",4100,1643976.67904154,"Upper Cypress Creek","tbcmp_PD_HA_IntHigh_2100","PD","HA","IntHigh","2100",1624.9427170516
"031002050402",4400,61003.0288075189,"Upper Cypress Creek","tbcmp_PD_HA_IntHigh_2100","PD","HA","IntHigh","2100",60.2967357399855
"031002050402",5200,136608.468451112,"Upper Cypress Creek","tbcmp_PD_HA_IntHigh_2100","PD","HA","IntHigh","2100",135.026815603385
"031002050402",6110,941857.280186785,"Upper Cypress Creek","tbcmp_PD_HA_IntHigh_2100","PD","HA","IntHigh","2100",930.952456596782
"031002050402",6410,3986469.40715208,"Upper Cypress Creek","tbcmp_PD_HA_IntHigh_2100","PD","HA","IntHigh","2100",3940.31406435607
"031002050403",1100,4788607.31141919,"Middle Cypress Creek","tbcmp_PD_HA_IntHigh_2100","PD","HA","IntHigh","2100",4733.16481596758
"031002050403",1200,4414767.29564023,"Middle Cypress Creek","tbcmp_PD_HA_IntHigh_2100","PD","HA","IntHigh","2100",4363.6531198913
"031002050403",1800,179344.31971133,"Middle Cypress Creek","tbcmp_PD_HA_IntHigh_2100","PD","HA","IntHigh","2100",177.267871177713
"031002050403",1820,174309.720373129,"Middle Cypress Creek","tbcmp_PD_HA_IntHigh_2100","PD","HA","IntHigh","2100",172.291562430649
"031002050403",1900,1076829.01782979,"Middle Cypress Creek","tbcmp_PD_HA_IntHigh_2100","PD","HA","IntHigh","2100",1064.36149146135
"031002050403",2100,5500257.65010448,"Middle Cypress Creek","tbcmp_PD_HA_IntHigh_2100","PD","HA","IntHigh","2100",5436.57566703157
"031002050403",2200,4788.46853584463,"Middle Cypress Creek","tbcmp_PD_HA_IntHigh_2100","PD","HA","IntHigh","2100",4.73302764713662
"031002050403",2400,6685,"Middle Cypress Creek","tbcmp_PD_HA_IntHigh_2100","PD","HA","IntHigh","2100",6.60760107
"031002050403",3200,1185183.40078626,"Middle Cypress Creek","tbcmp_PD_HA_IntHigh_2100","PD","HA","IntHigh","2100",1171.46134737195
"031002050403",4100,3318435.13721576,"Middle Cypress Creek","tbcmp_PD_HA_IntHigh_2100","PD","HA","IntHigh","2100",3280.01429519707
"031002050403",4400,844394.369358592,"Middle Cypress Creek","tbcmp_PD_HA_IntHigh_2100","PD","HA","IntHigh","2100",834.617971350158
"031002050403",5200,1000719.29849113,"Middle Cypress Creek","tbcmp_PD_HA_IntHigh_2100","PD","HA","IntHigh","2100",989.132970453198
"031002050403",6110,9254770.58988234,"Middle Cypress Creek","tbcmp_PD_HA_IntHigh_2100","PD","HA","IntHigh","2100",9147.61885599268
"031002050403",6410,3298864.98706703,"Middle Cypress Creek","tbcmp_PD_HA_IntHigh_2100","PD","HA","IntHigh","2100",3260.67072824677
"031002050404",1100,1996519.02209669,"Lower Cypress Creek","tbcmp_PD_HA_IntHigh_2100","PD","HA","IntHigh","2100",1973.40332485886
"031002050404",1200,13566432.706869,"Lower Cypress Creek","tbcmp_PD_HA_IntHigh_2100","PD","HA","IntHigh","2100",13409.3605489889
"031002050404",1800,227993.743108216,"Lower Cypress Creek","tbcmp_PD_HA_IntHigh_2100","PD","HA","IntHigh","2100",225.354031550509
"031002050404",1820,193532.166332569,"Lower Cypress Creek","tbcmp_PD_HA_IntHigh_2100","PD","HA","IntHigh","2100",191.29145091077
"031002050404",1900,1346871.71947814,"Lower Cypress Creek","tbcmp_PD_HA_IntHigh_2100","PD","HA","IntHigh","2100",1331.27763871002
"031002050404",2100,1011526.92322489,"Lower Cypress Creek","tbcmp_PD_HA_IntHigh_2100","PD","HA","IntHigh","2100",999.815464507792
"031002050404",2200,49676.8444939788,"Lower Cypress Creek","tbcmp_PD_HA_IntHigh_2100","PD","HA","IntHigh","2100",49.1016859884275
"031002050404",2400,6801,"Lower Cypress Creek","tbcmp_PD_HA_IntHigh_2100","PD","HA","IntHigh","2100",6.722258022
"031002050404",3200,409602.38428277,"Lower Cypress Creek","tbcmp_PD_HA_IntHigh_2100","PD","HA","IntHigh","2100",404.860007877544
"031002050404",4100,1472337.89769732,"Lower Cypress Creek","tbcmp_PD_HA_IntHigh_2100","PD","HA","IntHigh","2100",1455.29116951778
"031002050404",4400,439055.632212803,"Lower Cypress Creek","tbcmp_PD_HA_IntHigh_2100","PD","HA","IntHigh","2100",433.972246103043
"031002050404",5200,2474395.68847456,"Lower Cypress Creek","tbcmp_PD_HA_IntHigh_2100","PD","HA","IntHigh","2100",2445.7471351934
"031002050404",6110,9403487.40720398,"Lower Cypress Creek","tbcmp_PD_HA_IntHigh_2100","PD","HA","IntHigh","2100",9294.61383000337
"031002050404",6410,2234687.07877956,"Lower Cypress Creek","tbcmp_PD_HA_IntHigh_2100","PD","HA","IntHigh","2100",2208.81387178145
"031002050501",1100,334792.468336525,"Trout Creek","tbcmp_PD_HA_IntHigh_2100","PD","HA","IntHigh","2100",330.916241138125
"031002050501",1200,8170654.33649196,"Trout Creek","tbcmp_PD_HA_IntHigh_2100","PD","HA","IntHigh","2100",8076.05450058406
"031002050501",1800,233356.33134708,"Trout Creek","tbcmp_PD_HA_IntHigh_2100","PD","HA","IntHigh","2100",230.654531742744
"031002050501",1820,461335.507869163,"Trout Creek","tbcmp_PD_HA_IntHigh_2100","PD","HA","IntHigh","2100",455.994165359054
"031002050501",1900,1117801.23778477,"Trout Creek","tbcmp_PD_HA_IntHigh_2100","PD","HA","IntHigh","2100",1104.8593350537
"031002050501",2100,897647.834087476,"Trout Creek","tbcmp_PD_HA_IntHigh_2100","PD","HA","IntHigh","2100",887.254867464411
"031002050501",3200,1085438.30464522,"Trout Creek","tbcmp_PD_HA_IntHigh_2100","PD","HA","IntHigh","2100",1072.87109995404
"031002050501",4100,1612189.56051038,"Trout Creek","tbcmp_PD_HA_IntHigh_2100","PD","HA","IntHigh","2100",1593.52362977879
"031002050501",4400,50078.8619099091,"Trout Creek","tbcmp_PD_HA_IntHigh_2100","PD","HA","IntHigh","2100",49.4990488467162
"031002050501",5200,1320928.34348975,"Trout Creek","tbcmp_PD_HA_IntHigh_2100","PD","HA","IntHigh","2100",1305.63463512883
"031002050501",6110,4474605.51121092,"Trout Creek","tbcmp_PD_HA_IntHigh_2100","PD","HA","IntHigh","2100",4422.79852860212
"031002050501",6410,1662868.94598333,"Trout Creek","tbcmp_PD_HA_IntHigh_2100","PD","HA","IntHigh","2100",1643.61624932674
"031002050502",1100,1331709.53935174,"Cow House Creek-Hillsborough River","tbcmp_PD_HA_IntHigh_2100","PD","HA","IntHigh","2100",1316.29100630513
"031002050502",1200,6173356.59030564,"Cow House Creek-Hillsborough River","tbcmp_PD_HA_IntHigh_2100","PD","HA","IntHigh","2100",6101.88146770309
"031002050502",1800,203394.25326423,"Cow House Creek-Hillsborough River","tbcmp_PD_HA_IntHigh_2100","PD","HA","IntHigh","2100",201.039354599937
"031002050502",1820,234997.492130879,"Cow House Creek-Hillsborough River","tbcmp_PD_HA_IntHigh_2100","PD","HA","IntHigh","2100",232.276691166988
"031002050502",1900,703546.390068253,"Cow House Creek-Hillsborough River","tbcmp_PD_HA_IntHigh_2100","PD","HA","IntHigh","2100",695.400729964042
"031002050502",2100,705373.461896394,"Cow House Creek-Hillsborough River","tbcmp_PD_HA_IntHigh_2100","PD","HA","IntHigh","2100",697.206647954558
"031002050502",2200,2649.30374647421,"Cow House Creek-Hillsborough River","tbcmp_PD_HA_IntHigh_2100","PD","HA","IntHigh","2100",2.61863010769753
"031002050502",2400,14689.6632399803,"Cow House Creek-Hillsborough River","tbcmp_PD_HA_IntHigh_2100","PD","HA","IntHigh","2100",14.5195863189878
"031002050502",3200,319391.276343804,"Cow House Creek-Hillsborough River","tbcmp_PD_HA_IntHigh_2100","PD","HA","IntHigh","2100",315.693364146296
"031002050502",4100,2454743.62869348,"Cow House Creek-Hillsborough River","tbcmp_PD_HA_IntHigh_2100","PD","HA","IntHigh","2100",2426.32260696047
"031002050502",4400,27977.6508205444,"Cow House Creek-Hillsborough River","tbcmp_PD_HA_IntHigh_2100","PD","HA","IntHigh","2100",27.6537255793441
"031002050502",5200,523288.089356746,"Cow House Creek-Hillsborough River","tbcmp_PD_HA_IntHigh_2100","PD","HA","IntHigh","2100",517.229459858174
"031002050502",6110,6221497.5783079,"Cow House Creek-Hillsborough River","tbcmp_PD_HA_IntHigh_2100","PD","HA","IntHigh","2100",6149.46507934625
"031002050502",6410,556509.51822787,"Cow House Creek-Hillsborough River","tbcmp_PD_HA_IntHigh_2100","PD","HA","IntHigh","2100",550.066251025828
"031002050503",1100,372273.818941885,"Curiosity Creek-Hillsborough River","tbcmp_PD_HA_IntHigh_2100","PD","HA","IntHigh","2100",367.963632666176
"031002050503",1200,26452572.4767135,"Curiosity Creek-Hillsborough River","tbcmp_PD_HA_IntHigh_2100","PD","HA","IntHigh","2100",26146.3045925781
"031002050503",1800,752692.79762963,"Curiosity Creek-Hillsborough River","tbcmp_PD_HA_IntHigh_2100","PD","HA","IntHigh","2100",743.978120418674
"031002050503",1820,399778,"Curiosity Creek-Hillsborough River","tbcmp_PD_HA_IntHigh_2100","PD","HA","IntHigh","2100",395.149370316
"031002050503",1900,603565.920826347,"Curiosity Creek-Hillsborough River","tbcmp_PD_HA_IntHigh_2100","PD","HA","IntHigh","2100",596.577834595019
"031002050503",2100,46346.6731791882,"Curiosity Creek-Hillsborough River","tbcmp_PD_HA_IntHigh_2100","PD","HA","IntHigh","2100",45.8100713971196
"031002050503",2400,1229,"Curiosity Creek-Hillsborough River","tbcmp_PD_HA_IntHigh_2100","PD","HA","IntHigh","2100",1.214770638
"031002050503",3200,17824,"Curiosity Creek-Hillsborough River","tbcmp_PD_HA_IntHigh_2100","PD","HA","IntHigh","2100",17.617633728
"031002050503",4100,460081.937639541,"Curiosity Creek-Hillsborough River","tbcmp_PD_HA_IntHigh_2100","PD","HA","IntHigh","2100",454.755108965551
"031002050503",4400,17499,"Curiosity Creek-Hillsborough River","tbcmp_PD_HA_IntHigh_2100","PD","HA","IntHigh","2100",17.296396578
"031002050503",5200,916221.022556258,"Curiosity Creek-Hillsborough River","tbcmp_PD_HA_IntHigh_2100","PD","HA","IntHigh","2100",905.613015557102
"031002050503",5400,284845.864306218,"Curiosity Creek-Hillsborough River","tbcmp_PD_HA_IntHigh_2100","PD","HA","IntHigh","2100",281.54791888928
"031002050503",6110,558711,"Curiosity Creek-Hillsborough River","tbcmp_PD_HA_IntHigh_2100","PD","HA","IntHigh","2100",552.242244042
"031002050503",6410,324529.820711219,"Curiosity Creek-Hillsborough River","tbcmp_PD_HA_IntHigh_2100","PD","HA","IntHigh","2100",320.772414447025
"031002050503",6420,1484,"Curiosity Creek-Hillsborough River","tbcmp_PD_HA_IntHigh_2100","PD","HA","IntHigh","2100",1.466818248
"031002050503",6425,4356,"Curiosity Creek-Hillsborough River","tbcmp_PD_HA_IntHigh_2100","PD","HA","IntHigh","2100",4.305566232
"031002050503",6510,1599,"Curiosity Creek-Hillsborough River","tbcmp_PD_HA_IntHigh_2100","PD","HA","IntHigh","2100",1.580486778
"031002050503",6600,4578,"Curiosity Creek-Hillsborough River","tbcmp_PD_HA_IntHigh_2100","PD","HA","IntHigh","2100",4.524995916
"031002050503",9113,10915,"Curiosity Creek-Hillsborough River","tbcmp_PD_HA_IntHigh_2100","PD","HA","IntHigh","2100",10.78862613
"031002060101",1100,4270047.66002923,"Brooker Creek","tbcmp_PD_HA_IntHigh_2100","PD","HA","IntHigh","2100",4220.60904822141
"031002060101",1200,4429612.51959356,"Brooker Creek","tbcmp_PD_HA_IntHigh_2100","PD","HA","IntHigh","2100",4378.3264658417
"031002060101",1800,148496.562278394,"Brooker Creek","tbcmp_PD_HA_IntHigh_2100","PD","HA","IntHigh","2100",146.777269080335
"031002060101",1820,739146.716225873,"Brooker Creek","tbcmp_PD_HA_IntHigh_2100","PD","HA","IntHigh","2100",730.588875545409
"031002060101",1900,840738.840905549,"Brooker Creek","tbcmp_PD_HA_IntHigh_2100","PD","HA","IntHigh","2100",831.004766605545
"031002060101",2100,2561630.76074414,"Brooker Creek","tbcmp_PD_HA_IntHigh_2100","PD","HA","IntHigh","2100",2531.97219979624
"031002060101",2200,100396,"Brooker Creek","tbcmp_PD_HA_IntHigh_2100","PD","HA","IntHigh","2100",99.233615112
"031002060101",2400,165515.717244712,"Brooker Creek","tbcmp_PD_HA_IntHigh_2100","PD","HA","IntHigh","2100",163.599376270452
"031002060101",3200,256526.445482792,"Brooker Creek","tbcmp_PD_HA_IntHigh_2100","PD","HA","IntHigh","2100",253.556382296992
"031002060101",4100,3310537.95388135,"Brooker Creek","tbcmp_PD_HA_IntHigh_2100","PD","HA","IntHigh","2100",3272.20854545131
"031002060101",4400,136300.79283378,"Brooker Creek","tbcmp_PD_HA_IntHigh_2100","PD","HA","IntHigh","2100",134.72270225435
"031002060101",5200,2073091.22753582,"Brooker Creek","tbcmp_PD_HA_IntHigh_2100","PD","HA","IntHigh","2100",2049.08897730341
"031002060101",5400,60044.3990861343,"Brooker Creek","tbcmp_PD_HA_IntHigh_2100","PD","HA","IntHigh","2100",59.3492050335151
"031002060101",6110,5668143.66529498,"Brooker Creek","tbcmp_PD_HA_IntHigh_2100","PD","HA","IntHigh","2100",5602.5178979382
"031002060101",6120,117591.915115729,"Brooker Creek","tbcmp_PD_HA_IntHigh_2100","PD","HA","IntHigh","2100",116.230435922519
"031002060101",6410,944986.57055197,"Brooker Creek","tbcmp_PD_HA_IntHigh_2100","PD","HA","IntHigh","2100",934.045516038119
"031002060101",6420,18440,"Brooker Creek","tbcmp_PD_HA_IntHigh_2100","PD","HA","IntHigh","2100",18.22650168
"031002060101",6600,49122.4653484114,"Brooker Creek","tbcmp_PD_HA_IntHigh_2100","PD","HA","IntHigh","2100",48.5537254446075
"031002060101",9113,55674.4129341996,"Brooker Creek","tbcmp_PD_HA_IntHigh_2100","PD","HA","IntHigh","2100",55.0298145812475
"031002060102",1100,742184.082828666,"Lake Tarpon","tbcmp_PD_HA_IntHigh_2100","PD","HA","IntHigh","2100",733.591075517675
"031002060102",1200,6832717.81748603,"Lake Tarpon","tbcmp_PD_HA_IntHigh_2100","PD","HA","IntHigh","2100",6753.60861059517
"031002060102",1800,356563.139162876,"Lake Tarpon","tbcmp_PD_HA_IntHigh_2100","PD","HA","IntHigh","2100",352.434851137648
"031002060102",1820,509310.525181834,"Lake Tarpon","tbcmp_PD_HA_IntHigh_2100","PD","HA","IntHigh","2100",503.413727921279
"031002060102",1900,125187.738427202,"Lake Tarpon","tbcmp_PD_HA_IntHigh_2100","PD","HA","IntHigh","2100",123.738314791692
"031002060102",2400,364.28275555023,"Lake Tarpon","tbcmp_PD_HA_IntHigh_2100","PD","HA","IntHigh","2100",0.360065089806469
"031002060102",4100,223469.918714376,"Lake Tarpon","tbcmp_PD_HA_IntHigh_2100","PD","HA","IntHigh","2100",220.882583995501
"031002060102",5200,346754.156784505,"Lake Tarpon","tbcmp_PD_HA_IntHigh_2100","PD","HA","IntHigh","2100",342.739437157254
"031002060102",5400,2703670.7694883,"Lake Tarpon","tbcmp_PD_HA_IntHigh_2100","PD","HA","IntHigh","2100",2672.36766931917
"031002060102",6110,851509.924143397,"Lake Tarpon","tbcmp_PD_HA_IntHigh_2100","PD","HA","IntHigh","2100",841.651142241665
"031002060102",6120,217473.084884261,"Lake Tarpon","tbcmp_PD_HA_IntHigh_2100","PD","HA","IntHigh","2100",214.955181507471
"031002060102",6410,137163.964234216,"Lake Tarpon","tbcmp_PD_HA_IntHigh_2100","PD","HA","IntHigh","2100",135.575879856312
"031002060102",6420,35751.8727888968,"Lake Tarpon","tbcmp_PD_HA_IntHigh_2100","PD","HA","IntHigh","2100",35.3379376057469
"031002060102",6425,28132.250227698,"Lake Tarpon","tbcmp_PD_HA_IntHigh_2100","PD","HA","IntHigh","2100",27.8065350345617
"031002060102",6510,11310.4527703517,"Lake Tarpon","tbcmp_PD_HA_IntHigh_2100","PD","HA","IntHigh","2100",11.1795003481765
"031002060102",6600,69957.4444863664,"Lake Tarpon","tbcmp_PD_HA_IntHigh_2100","PD","HA","IntHigh","2100",69.1474771941032
"031002060102",9113,387346.808138197,"Lake Tarpon","tbcmp_PD_HA_IntHigh_2100","PD","HA","IntHigh","2100",382.862106793573
"031002060103",0,48,"Double Branch-Frontal Old Tampa Bay","tbcmp_PD_HA_IntHigh_2100","PD","HA","IntHigh","2100",0.047444256
"031002060103",1100,1126865.17291143,"Double Branch-Frontal Old Tampa Bay","tbcmp_PD_HA_IntHigh_2100","PD","HA","IntHigh","2100",1113.81832793946
"031002060103",1200,7829993.44367881,"Double Branch-Frontal Old Tampa Bay","tbcmp_PD_HA_IntHigh_2100","PD","HA","IntHigh","2100",7739.3377795879
"031002060103",1800,457369.9721778,"Double Branch-Frontal Old Tampa Bay","tbcmp_PD_HA_IntHigh_2100","PD","HA","IntHigh","2100",452.074542639926
"031002060103",1820,502345.914298258,"Double Branch-Frontal Old Tampa Bay","tbcmp_PD_HA_IntHigh_2100","PD","HA","IntHigh","2100",496.529753302513
"031002060103",1900,658807.403546753,"Double Branch-Frontal Old Tampa Bay","tbcmp_PD_HA_IntHigh_2100","PD","HA","IntHigh","2100",651.179731428488
"031002060103",2100,529857.543707232,"Double Branch-Frontal Old Tampa Bay","tbcmp_PD_HA_IntHigh_2100","PD","HA","IntHigh","2100",523.72285306619
"031002060103",2400,19101.8028412645,"Double Branch-Frontal Old Tampa Bay","tbcmp_PD_HA_IntHigh_2100","PD","HA","IntHigh","2100",18.8806421679683
"031002060103",3200,492706.495368736,"Double Branch-Frontal Old Tampa Bay","tbcmp_PD_HA_IntHigh_2100","PD","HA","IntHigh","2100",487.001939565356
"031002060103",4100,2011153.1737442,"Double Branch-Frontal Old Tampa Bay","tbcmp_PD_HA_IntHigh_2100","PD","HA","IntHigh","2100",1987.86804229859
"031002060103",4400,12468.8975022333,"Double Branch-Frontal Old Tampa Bay","tbcmp_PD_HA_IntHigh_2100","PD","HA","IntHigh","2100",12.3245326069524
"031002060103",5200,1151184.9790583,"Double Branch-Frontal Old Tampa Bay","tbcmp_PD_HA_IntHigh_2100","PD","HA","IntHigh","2100",1137.85655937076
"031002060103",5400,551172.395324627,"Double Branch-Frontal Old Tampa Bay","tbcmp_PD_HA_IntHigh_2100","PD","HA","IntHigh","2100",544.790921331559
"031002060103",6110,3288884.33324551,"Double Branch-Frontal Old Tampa Bay","tbcmp_PD_HA_IntHigh_2100","PD","HA","IntHigh","2100",3250.80563043519
"031002060103",6120,599300.262746018,"Double Branch-Frontal Old Tampa Bay","tbcmp_PD_HA_IntHigh_2100","PD","HA","IntHigh","2100",592.361564303945
"031002060103",6410,873271.660779603,"Double Branch-Frontal Old Tampa Bay","tbcmp_PD_HA_IntHigh_2100","PD","HA","IntHigh","2100",863.160921491097
"031002060103",6420,58012.9339072658,"Double Branch-Frontal Old Tampa Bay","tbcmp_PD_HA_IntHigh_2100","PD","HA","IntHigh","2100",57.3412601584875
"031002060103",6425,161204.500391118,"Double Branch-Frontal Old Tampa Bay","tbcmp_PD_HA_IntHigh_2100","PD","HA","IntHigh","2100",159.33807468559
"031002060103",6510,79522.2841398307,"Double Branch-Frontal Old Tampa Bay","tbcmp_PD_HA_IntHigh_2100","PD","HA","IntHigh","2100",78.6015751340598
"031002060103",6600,173112.065009411,"Double Branch-Frontal Old Tampa Bay","tbcmp_PD_HA_IntHigh_2100","PD","HA","IntHigh","2100",171.107773520732
"031002060103",9113,1278397.11430214,"Double Branch-Frontal Old Tampa Bay","tbcmp_PD_HA_IntHigh_2100","PD","HA","IntHigh","2100",1263.59583251275
"031002060201",1100,613201.88323624,"Sweetwater Creek","tbcmp_PD_HA_IntHigh_2100","PD","HA","IntHigh","2100",606.102231832131
"031002060201",1200,9567251.7158775,"Sweetwater Creek","tbcmp_PD_HA_IntHigh_2100","PD","HA","IntHigh","2100",9456.48207551107
"031002060201",1800,119873.122437898,"Sweetwater Creek","tbcmp_PD_HA_IntHigh_2100","PD","HA","IntHigh","2100",118.485231426312
"031002060201",1820,167801.785731822,"Sweetwater Creek","tbcmp_PD_HA_IntHigh_2100","PD","HA","IntHigh","2100",165.858976656619
"031002060201",1900,282395.772782464,"Sweetwater Creek","tbcmp_PD_HA_IntHigh_2100","PD","HA","IntHigh","2100",279.126194525189
"031002060201",2100,26574.0375389321,"Sweetwater Creek","tbcmp_PD_HA_IntHigh_2100","PD","HA","IntHigh","2100",26.2663633323063
"031002060201",2200,12490,"Sweetwater Creek","tbcmp_PD_HA_IntHigh_2100","PD","HA","IntHigh","2100",12.34539078
"031002060201",3200,42532.8256335776,"Sweetwater Creek","tbcmp_PD_HA_IntHigh_2100","PD","HA","IntHigh","2100",42.0403805783921
"031002060201",4100,144456.410034693,"Sweetwater Creek","tbcmp_PD_HA_IntHigh_2100","PD","HA","IntHigh","2100",142.783893719312
"031002060201",4400,1595,"Sweetwater Creek","tbcmp_PD_HA_IntHigh_2100","PD","HA","IntHigh","2100",1.57653309
"031002060201",5200,1520967.7553393,"Sweetwater Creek","tbcmp_PD_HA_IntHigh_2100","PD","HA","IntHigh","2100",1503.35799066798
"031002060201",5400,14023.5251775086,"Sweetwater Creek","tbcmp_PD_HA_IntHigh_2100","PD","HA","IntHigh","2100",13.8611608030034
"031002060201",6110,900545.07092257,"Sweetwater Creek","tbcmp_PD_HA_IntHigh_2100","PD","HA","IntHigh","2100",890.118560091428
"031002060201",6120,930,"Sweetwater Creek","tbcmp_PD_HA_IntHigh_2100","PD","HA","IntHigh","2100",0.91923246
"031002060201",6410,596426.38567399,"Sweetwater Creek","tbcmp_PD_HA_IntHigh_2100","PD","HA","IntHigh","2100",589.520960980656
"031002060201",6420,170,"Sweetwater Creek","tbcmp_PD_HA_IntHigh_2100","PD","HA","IntHigh","2100",0.16803174
"031002060201",6425,18,"Sweetwater Creek","tbcmp_PD_HA_IntHigh_2100","PD","HA","IntHigh","2100",0.017791596
"031002060201",6510,6,"Sweetwater Creek","tbcmp_PD_HA_IntHigh_2100","PD","HA","IntHigh","2100",0.005930532
"031002060201",6600,978.744529305259,"Sweetwater Creek","tbcmp_PD_HA_IntHigh_2100","PD","HA","IntHigh","2100",0.967412625144963
"031002060201",9113,103,"Sweetwater Creek","tbcmp_PD_HA_IntHigh_2100","PD","HA","IntHigh","2100",0.101807466
"031002060202",0,174,"Rocky Creek-Frontal Old Tampa Bay","tbcmp_PD_HA_IntHigh_2100","PD","HA","IntHigh","2100",0.171985428
"031002060202",1100,2887399.0737307,"Rocky Creek-Frontal Old Tampa Bay","tbcmp_PD_HA_IntHigh_2100","PD","HA","IntHigh","2100",2853.96876725504
"031002060202",1200,18013834.1793538,"Rocky Creek-Frontal Old Tampa Bay","tbcmp_PD_HA_IntHigh_2100","PD","HA","IntHigh","2100",17805.2700072252
"031002060202",1800,335358.323855161,"Rocky Creek-Frontal Old Tampa Bay","tbcmp_PD_HA_IntHigh_2100","PD","HA","IntHigh","2100",331.475545181566
"031002060202",1820,651427.486867995,"Rocky Creek-Frontal Old Tampa Bay","tbcmp_PD_HA_IntHigh_2100","PD","HA","IntHigh","2100",643.885259425037
"031002060202",1900,969736.749110145,"Rocky Creek-Frontal Old Tampa Bay","tbcmp_PD_HA_IntHigh_2100","PD","HA","IntHigh","2100",958.509137028948
"031002060202",2100,468222.181493367,"Rocky Creek-Frontal Old Tampa Bay","tbcmp_PD_HA_IntHigh_2100","PD","HA","IntHigh","2100",462.801105076037
"031002060202",2200,23512,"Rocky Creek-Frontal Old Tampa Bay","tbcmp_PD_HA_IntHigh_2100","PD","HA","IntHigh","2100",23.239778064
"031002060202",2400,80495.1971588965,"Rocky Creek-Frontal Old Tampa Bay","tbcmp_PD_HA_IntHigh_2100","PD","HA","IntHigh","2100",79.5632237661908
"031002060202",3200,227500.348223758,"Rocky Creek-Frontal Old Tampa Bay","tbcmp_PD_HA_IntHigh_2100","PD","HA","IntHigh","2100",224.866349192023
"031002060202",4100,709390.092310014,"Rocky Creek-Frontal Old Tampa Bay","tbcmp_PD_HA_IntHigh_2100","PD","HA","IntHigh","2100",701.176773821248
"031002060202",4400,185298.723666916,"Rocky Creek-Frontal Old Tampa Bay","tbcmp_PD_HA_IntHigh_2100","PD","HA","IntHigh","2100",183.153335044301
"031002060202",5200,2918908.34297827,"Rocky Creek-Frontal Old Tampa Bay","tbcmp_PD_HA_IntHigh_2100","PD","HA","IntHigh","2100",2885.11322218327
"031002060202",5400,394382.519082586,"Rocky Creek-Frontal Old Tampa Bay","tbcmp_PD_HA_IntHigh_2100","PD","HA","IntHigh","2100",389.816358276648
"031002060202",6110,4664090.73357033,"Rocky Creek-Frontal Old Tampa Bay","tbcmp_PD_HA_IntHigh_2100","PD","HA","IntHigh","2100",4610.08989105706
"031002060202",6120,153770.118873027,"Rocky Creek-Frontal Old Tampa Bay","tbcmp_PD_HA_IntHigh_2100","PD","HA","IntHigh","2100",151.989768436715
"031002060202",6410,1234289.72492803,"Rocky Creek-Frontal Old Tampa Bay","tbcmp_PD_HA_IntHigh_2100","PD","HA","IntHigh","2100",1219.99911849281
"031002060202",6420,14418.3577756211,"Rocky Creek-Frontal Old Tampa Bay","tbcmp_PD_HA_IntHigh_2100","PD","HA","IntHigh","2100",14.251422029295
"031002060202",6425,267001.349207697,"Rocky Creek-Frontal Old Tampa Bay","tbcmp_PD_HA_IntHigh_2100","PD","HA","IntHigh","2100",263.910007586571
"031002060202",6510,129294.528917612,"Rocky Creek-Frontal Old Tampa Bay","tbcmp_PD_HA_IntHigh_2100","PD","HA","IntHigh","2100",127.797556861804
"031002060202",6600,41984.2140454706,"Rocky Creek-Frontal Old Tampa Bay","tbcmp_PD_HA_IntHigh_2100","PD","HA","IntHigh","2100",41.4981208152521
"031002060202",9113,686015.968004225,"Rocky Creek-Frontal Old Tampa Bay","tbcmp_PD_HA_IntHigh_2100","PD","HA","IntHigh","2100",678.073275126672
"031002060203",0,229,"Fish Creek-Frontal Old Tampa Bay","tbcmp_PD_HA_IntHigh_2100","PD","HA","IntHigh","2100",0.226348638
"031002060203",1100,22400,"Fish Creek-Frontal Old Tampa Bay","tbcmp_PD_HA_IntHigh_2100","PD","HA","IntHigh","2100",22.1406528
"031002060203",1200,11680855.7615946,"Fish Creek-Frontal Old Tampa Bay","tbcmp_PD_HA_IntHigh_2100","PD","HA","IntHigh","2100",11545.6148135868
"031002060203",1800,340960.380816571,"Fish Creek-Frontal Old Tampa Bay","tbcmp_PD_HA_IntHigh_2100","PD","HA","IntHigh","2100",337.012741527477
"031002060203",1820,103404,"Fish Creek-Frontal Old Tampa Bay","tbcmp_PD_HA_IntHigh_2100","PD","HA","IntHigh","2100",102.206788488
"031002060203",1900,330155.702520029,"Fish Creek-Frontal Old Tampa Bay","tbcmp_PD_HA_IntHigh_2100","PD","HA","IntHigh","2100",326.333159796252
"031002060203",3200,4730,"Fish Creek-Frontal Old Tampa Bay","tbcmp_PD_HA_IntHigh_2100","PD","HA","IntHigh","2100",4.67523606
"031002060203",4100,151681.458390071,"Fish Creek-Frontal Old Tampa Bay","tbcmp_PD_HA_IntHigh_2100","PD","HA","IntHigh","2100",149.925290464831
"031002060203",5200,200093.448865831,"Fish Creek-Frontal Old Tampa Bay","tbcmp_PD_HA_IntHigh_2100","PD","HA","IntHigh","2100",197.776766914862
"031002060203",5400,335470.036439262,"Fish Creek-Frontal Old Tampa Bay","tbcmp_PD_HA_IntHigh_2100","PD","HA","IntHigh","2100",331.585964357368
"031002060203",6110,123495.327413752,"Fish Creek-Frontal Old Tampa Bay","tbcmp_PD_HA_IntHigh_2100","PD","HA","IntHigh","2100",122.065498512955
"031002060203",6120,235782.481508527,"Fish Creek-Frontal Old Tampa Bay","tbcmp_PD_HA_IntHigh_2100","PD","HA","IntHigh","2100",233.052591937622
"031002060203",6410,62922,"Fish Creek-Frontal Old Tampa Bay","tbcmp_PD_HA_IntHigh_2100","PD","HA","IntHigh","2100",62.193489084
"031002060203",6420,20139.5808873773,"Fish Creek-Frontal Old Tampa Bay","tbcmp_PD_HA_IntHigh_2100","PD","HA","IntHigh","2100",19.9064048198632
"031002060203",6425,576.818695630525,"Fish Creek-Frontal Old Tampa Bay","tbcmp_PD_HA_IntHigh_2100","PD","HA","IntHigh","2100",0.570140288772515
"031002060203",6510,342.493855439126,"Fish Creek-Frontal Old Tampa Bay","tbcmp_PD_HA_IntHigh_2100","PD","HA","IntHigh","2100",0.338528461580852
"031002060203",6600,57749.9764157534,"Fish Creek-Frontal Old Tampa Bay","tbcmp_PD_HA_IntHigh_2100","PD","HA","IntHigh","2100",57.0813471888118
"031002060203",9113,237793.950154006,"Fish Creek-Frontal Old Tampa Bay","tbcmp_PD_HA_IntHigh_2100","PD","HA","IntHigh","2100",235.040771799123
"031002060301",1100,2685420.40367806,"Palm River","tbcmp_PD_HA_IntHigh_2100","PD","HA","IntHigh","2100",2654.32860624427
"031002060301",1200,15549980.0627615,"Palm River","tbcmp_PD_HA_IntHigh_2100","PD","HA","IntHigh","2100",15369.9423935948
"031002060301",1800,495039.593537551,"Palm River","tbcmp_PD_HA_IntHigh_2100","PD","HA","IntHigh","2100",489.308025123573
"031002060301",1820,3498,"Palm River","tbcmp_PD_HA_IntHigh_2100","PD","HA","IntHigh","2100",3.457500156
"031002060301",1900,1493547.97047143,"Palm River","tbcmp_PD_HA_IntHigh_2100","PD","HA","IntHigh","2100",1476.25567206931
"031002060301",2100,652931.573240223,"Palm River","tbcmp_PD_HA_IntHigh_2100","PD","HA","IntHigh","2100",645.371931485248
"031002060301",2200,3980.02209844499,"Palm River","tbcmp_PD_HA_IntHigh_2100","PD","HA","IntHigh","2100",3.93394140258919
"031002060301",2400,94274.6771390809,"Palm River","tbcmp_PD_HA_IntHigh_2100","PD","HA","IntHigh","2100",93.1831649271646
"031002060301",3200,11243,"Palm River","tbcmp_PD_HA_IntHigh_2100","PD","HA","IntHigh","2100",11.112828546
"031002060301",4100,745379.158889268,"Palm River","tbcmp_PD_HA_IntHigh_2100","PD","HA","IntHigh","2100",736.749158987648
"031002060301",4400,12487,"Palm River","tbcmp_PD_HA_IntHigh_2100","PD","HA","IntHigh","2100",12.342425514
"031002060301",5200,932608.142610545,"Palm River","tbcmp_PD_HA_IntHigh_2100","PD","HA","IntHigh","2100",921.8104055354
"031002060301",5400,576828.288728937,"Palm River","tbcmp_PD_HA_IntHigh_2100","PD","HA","IntHigh","2100",570.149770802033
"031002060301",6110,1188124.92041352,"Palm River","tbcmp_PD_HA_IntHigh_2100","PD","HA","IntHigh","2100",1174.36881008497
"031002060301",6120,7592.78948143125,"Palm River","tbcmp_PD_HA_IntHigh_2100","PD","HA","IntHigh","2100",7.50488016481524
"031002060301",6410,1147396.59276586,"Palm River","tbcmp_PD_HA_IntHigh_2100","PD","HA","IntHigh","2100",1134.11203501482
"031002060301",6420,4205.67963421345,"Palm River","tbcmp_PD_HA_IntHigh_2100","PD","HA","IntHigh","2100",4.15698627540852
"031002060301",6425,12693,"Palm River","tbcmp_PD_HA_IntHigh_2100","PD","HA","IntHigh","2100",12.546040446
"031002060301",6510,6716.91202475131,"Palm River","tbcmp_PD_HA_IntHigh_2100","PD","HA","IntHigh","2100",6.63914361732874
"031002060301",6600,19181.8155546929,"Palm River","tbcmp_PD_HA_IntHigh_2100","PD","HA","IntHigh","2100",18.9597284942007
"031002060301",9113,111425.460364652,"Palm River","tbcmp_PD_HA_IntHigh_2100","PD","HA","IntHigh","2100",110.13537638455
"031002060302",1100,1516818.79068206,"Delaney Creek-Frontal Hillsborough Bay","tbcmp_PD_HA_IntHigh_2100","PD","HA","IntHigh","2100",1499.25706272354
"031002060302",1200,18282844.9443523,"Delaney Creek-Frontal Hillsborough Bay","tbcmp_PD_HA_IntHigh_2100","PD","HA","IntHigh","2100",18071.1661655866
"031002060302",1800,225607,"Delaney Creek-Frontal Hillsborough Bay","tbcmp_PD_HA_IntHigh_2100","PD","HA","IntHigh","2100",222.994922154
"031002060302",1900,1241227.61602704,"Delaney Creek-Frontal Hillsborough Bay","tbcmp_PD_HA_IntHigh_2100","PD","HA","IntHigh","2100",1226.85668268868
"031002060302",2100,353087.806089012,"Delaney Creek-Frontal Hillsborough Bay","tbcmp_PD_HA_IntHigh_2100","PD","HA","IntHigh","2100",348.999755470113
"031002060302",2200,4958,"Delaney Creek-Frontal Hillsborough Bay","tbcmp_PD_HA_IntHigh_2100","PD","HA","IntHigh","2100",4.900596276
"031002060302",2400,21500.989768472,"Delaney Creek-Frontal Hillsborough Bay","tbcmp_PD_HA_IntHigh_2100","PD","HA","IntHigh","2100",21.2520513089327
"031002060302",3200,138587,"Delaney Creek-Frontal Hillsborough Bay","tbcmp_PD_HA_IntHigh_2100","PD","HA","IntHigh","2100",136.982439714
"031002060302",4100,723851.154314058,"Delaney Creek-Frontal Hillsborough Bay","tbcmp_PD_HA_IntHigh_2100","PD","HA","IntHigh","2100",715.47040564941
"031002060302",5200,1366597.0217383,"Delaney Creek-Frontal Hillsborough Bay","tbcmp_PD_HA_IntHigh_2100","PD","HA","IntHigh","2100",1350.77456142062
"031002060302",5400,277301.730683767,"Delaney Creek-Frontal Hillsborough Bay","tbcmp_PD_HA_IntHigh_2100","PD","HA","IntHigh","2100",274.09113124591
"031002060302",6110,199332.154759514,"Delaney Creek-Frontal Hillsborough Bay","tbcmp_PD_HA_IntHigh_2100","PD","HA","IntHigh","2100",197.024287071708
"031002060302",6120,448934.401643921,"Delaney Creek-Frontal Hillsborough Bay","tbcmp_PD_HA_IntHigh_2100","PD","HA","IntHigh","2100",443.736639141688
"031002060302",6410,1014439.02270066,"Delaney Creek-Frontal Hillsborough Bay","tbcmp_PD_HA_IntHigh_2100","PD","HA","IntHigh","2100",1002.69384769583
"031002060302",6420,62328.3203657568,"Delaney Creek-Frontal Hillsborough Bay","tbcmp_PD_HA_IntHigh_2100","PD","HA","IntHigh","2100",61.606683072562
"031002060302",6425,335.110524250777,"Delaney Creek-Frontal Hillsborough Bay","tbcmp_PD_HA_IntHigh_2100","PD","HA","IntHigh","2100",0.331230614601001
"031002060302",6510,411.767403951148,"Delaney Creek-Frontal Hillsborough Bay","tbcmp_PD_HA_IntHigh_2100","PD","HA","IntHigh","2100",0.406999960948201
"031002060302",6600,144336.034380578,"Delaney Creek-Frontal Hillsborough Bay","tbcmp_PD_HA_IntHigh_2100","PD","HA","IntHigh","2100",142.664911774519
"031002060302",9113,806425.94026128,"Delaney Creek-Frontal Hillsborough Bay","tbcmp_PD_HA_IntHigh_2100","PD","HA","IntHigh","2100",797.089140724935
"031002060303",0,2414.36667710543,"McDill Air Force Base-Frontal Tampa Bay","tbcmp_PD_HA_IntHigh_2100","PD","HA","IntHigh","2100",2.3864131397179
"031002060303",1100,59177.6634243704,"McDill Air Force Base-Frontal Tampa Bay","tbcmp_PD_HA_IntHigh_2100","PD","HA","IntHigh","2100",58.4925044372431
"031002060303",1200,19806226.6675116,"McDill Air Force Base-Frontal Tampa Bay","tbcmp_PD_HA_IntHigh_2100","PD","HA","IntHigh","2100",19576.9101751551
"031002060303",1800,320499.462870557,"McDill Air Force Base-Frontal Tampa Bay","tbcmp_PD_HA_IntHigh_2100","PD","HA","IntHigh","2100",316.788720089442
"031002060303",1820,87333,"McDill Air Force Base-Frontal Tampa Bay","tbcmp_PD_HA_IntHigh_2100","PD","HA","IntHigh","2100",86.321858526
"031002060303",1900,336873.595028242,"McDill Air Force Base-Frontal Tampa Bay","tbcmp_PD_HA_IntHigh_2100","PD","HA","IntHigh","2100",332.973272545005
"031002060303",2400,2463,"McDill Air Force Base-Frontal Tampa Bay","tbcmp_PD_HA_IntHigh_2100","PD","HA","IntHigh","2100",2.434483386
"031002060303",3200,8496,"McDill Air Force Base-Frontal Tampa Bay","tbcmp_PD_HA_IntHigh_2100","PD","HA","IntHigh","2100",8.397633312
"031002060303",4100,97549,"McDill Air Force Base-Frontal Tampa Bay","tbcmp_PD_HA_IntHigh_2100","PD","HA","IntHigh","2100",96.419577678
"031002060303",4400,8624,"McDill Air Force Base-Frontal Tampa Bay","tbcmp_PD_HA_IntHigh_2100","PD","HA","IntHigh","2100",8.524151328
"031002060303",5200,81879,"McDill Air Force Base-Frontal Tampa Bay","tbcmp_PD_HA_IntHigh_2100","PD","HA","IntHigh","2100",80.931004938
"031002060303",5400,1366283.02323718,"McDill Air Force Base-Frontal Tampa Bay","tbcmp_PD_HA_IntHigh_2100","PD","HA","IntHigh","2100",1350.46419839414
"031002060303",6110,17088.3166343649,"McDill Air Force Base-Frontal Tampa Bay","tbcmp_PD_HA_IntHigh_2100","PD","HA","IntHigh","2100",16.8904681043722
"031002060303",6120,976860.069436769,"McDill Air Force Base-Frontal Tampa Bay","tbcmp_PD_HA_IntHigh_2100","PD","HA","IntHigh","2100",965.549983552831
"031002060303",6410,86751.6338633886,"McDill Air Force Base-Frontal Tampa Bay","tbcmp_PD_HA_IntHigh_2100","PD","HA","IntHigh","2100",85.7472234465183
"031002060303",6420,192847.231271684,"McDill Air Force Base-Frontal Tampa Bay","tbcmp_PD_HA_IntHigh_2100","PD","HA","IntHigh","2100",190.614446028021
"031002060303",6425,282,"McDill Air Force Base-Frontal Tampa Bay","tbcmp_PD_HA_IntHigh_2100","PD","HA","IntHigh","2100",0.278735004
"031002060303",6510,1294.08797516918,"McDill Air Force Base-Frontal Tampa Bay","tbcmp_PD_HA_IntHigh_2100","PD","HA","IntHigh","2100",1.27910502459267
"031002060303",6600,100516.704146683,"McDill Air Force Base-Frontal Tampa Bay","tbcmp_PD_HA_IntHigh_2100","PD","HA","IntHigh","2100",99.3529217460729
"031002060303",9113,1380863.18188004,"McDill Air Force Base-Frontal Tampa Bay","tbcmp_PD_HA_IntHigh_2100","PD","HA","IntHigh","2100",1364.87554796023
"031002060401",1100,2132943.6213896,"Bullfrog Creek","tbcmp_PD_HA_IntHigh_2100","PD","HA","IntHigh","2100",2108.24840014115
"031002060401",1200,9481390.15284833,"Bullfrog Creek","tbcmp_PD_HA_IntHigh_2100","PD","HA","IntHigh","2100",9371.61461765865
"031002060401",1800,227269.188148468,"Bullfrog Creek","tbcmp_PD_HA_IntHigh_2100","PD","HA","IntHigh","2100",224.637865488086
"031002060401",1820,143390,"Bullfrog Creek","tbcmp_PD_HA_IntHigh_2100","PD","HA","IntHigh","2100",141.72983058
"031002060401",1900,1805733.24771337,"Bullfrog Creek","tbcmp_PD_HA_IntHigh_2100","PD","HA","IntHigh","2100",1784.82646817135
"031002060401",2100,4141026.44312793,"Bullfrog Creek","tbcmp_PD_HA_IntHigh_2100","PD","HA","IntHigh","2100",4093.0816389694
"031002060401",2200,56924,"Bullfrog Creek","tbcmp_PD_HA_IntHigh_2100","PD","HA","IntHigh","2100",56.264933928
"031002060401",2400,305521.552102657,"Bullfrog Creek","tbcmp_PD_HA_IntHigh_2100","PD","HA","IntHigh","2100",301.984223572413
"031002060401",3200,1110887.83638473,"Bullfrog Creek","tbcmp_PD_HA_IntHigh_2100","PD","HA","IntHigh","2100",1098.02597701507
"031002060401",4100,2197722.95710586,"Bullfrog Creek","tbcmp_PD_HA_IntHigh_2100","PD","HA","IntHigh","2100",2172.27772070849
"031002060401",4400,8408,"Bullfrog Creek","tbcmp_PD_HA_IntHigh_2100","PD","HA","IntHigh","2100",8.310652176
"031002060401",5200,1449826.42727487,"Bullfrog Creek","tbcmp_PD_HA_IntHigh_2100","PD","HA","IntHigh","2100",1433.04033689988
"031002060401",5400,92361.001025031,"Bullfrog Creek","tbcmp_PD_HA_IntHigh_2100","PD","HA","IntHigh","2100",91.2916453551632
"031002060401",6110,1520046.66780177,"Bullfrog Creek","tbcmp_PD_HA_IntHigh_2100","PD","HA","IntHigh","2100",1502.44756748196
"031002060401",6120,2963.82112725801,"Bullfrog Creek","tbcmp_PD_HA_IntHigh_2100","PD","HA","IntHigh","2100",2.92950600624662
"031002060401",6410,1138068.99151641,"Bullfrog Creek","tbcmp_PD_HA_IntHigh_2100","PD","HA","IntHigh","2100",1124.89242873263
"031002060401",6420,6277.05861277506,"Bullfrog Creek","tbcmp_PD_HA_IntHigh_2100","PD","HA","IntHigh","2100",6.20438282815635
"031002060401",6425,36359.2795964823,"Bullfrog Creek","tbcmp_PD_HA_IntHigh_2100","PD","HA","IntHigh","2100",35.9383118573142
"031002060401",6510,13462.2980284682,"Bullfrog Creek","tbcmp_PD_HA_IntHigh_2100","PD","HA","IntHigh","2100",13.3064315418946
"031002060401",6600,19798.9021622998,"Bullfrog Creek","tbcmp_PD_HA_IntHigh_2100","PD","HA","IntHigh","2100",19.5696704730647
"031002060401",9113,170793.101351317,"Bullfrog Creek","tbcmp_PD_HA_IntHigh_2100","PD","HA","IntHigh","2100",168.815658823871
"031002060402",0,754,"Wolf Branch-Frontal Tampa Bay","tbcmp_PD_HA_IntHigh_2100","PD","HA","IntHigh","2100",0.745270188
"031002060402",1100,204214.048351816,"Wolf Branch-Frontal Tampa Bay","tbcmp_PD_HA_IntHigh_2100","PD","HA","IntHigh","2100",201.849658099999
"031002060402",1200,7647454.94908873,"Wolf Branch-Frontal Tampa Bay","tbcmp_PD_HA_IntHigh_2100","PD","HA","IntHigh","2100",7558.91271568818
"031002060402",1800,216370.069565785,"Wolf Branch-Frontal Tampa Bay","tbcmp_PD_HA_IntHigh_2100","PD","HA","IntHigh","2100",213.864936900353
"031002060402",1820,130863,"Wolf Branch-Frontal Tampa Bay","tbcmp_PD_HA_IntHigh_2100","PD","HA","IntHigh","2100",129.347868186
"031002060402",1900,1014826.55601649,"Wolf Branch-Frontal Tampa Bay","tbcmp_PD_HA_IntHigh_2100","PD","HA","IntHigh","2100",1003.07689415093
"031002060402",2100,1309543.15903311,"Wolf Branch-Frontal Tampa Bay","tbcmp_PD_HA_IntHigh_2100","PD","HA","IntHigh","2100",1294.38126833783
"031002060402",2200,12441,"Wolf Branch-Frontal Tampa Bay","tbcmp_PD_HA_IntHigh_2100","PD","HA","IntHigh","2100",12.296958102
"031002060402",2400,113100.139118618,"Wolf Branch-Frontal Tampa Bay","tbcmp_PD_HA_IntHigh_2100","PD","HA","IntHigh","2100",111.790665707903
"031002060402",3200,212229.437228598,"Wolf Branch-Frontal Tampa Bay","tbcmp_PD_HA_IntHigh_2100","PD","HA","IntHigh","2100",209.772244804366
"031002060402",4100,1003950.81615094,"Wolf Branch-Frontal Tampa Bay","tbcmp_PD_HA_IntHigh_2100","PD","HA","IntHigh","2100",992.327073601549
"031002060402",4400,14881,"Wolf Branch-Frontal Tampa Bay","tbcmp_PD_HA_IntHigh_2100","PD","HA","IntHigh","2100",14.708707782
"031002060402",5200,602179.611329147,"Wolf Branch-Frontal Tampa Bay","tbcmp_PD_HA_IntHigh_2100","PD","HA","IntHigh","2100",595.207575789179
"031002060402",5400,2299540.2088237,"Wolf Branch-Frontal Tampa Bay","tbcmp_PD_HA_IntHigh_2100","PD","HA","IntHigh","2100",2272.91613228594
"031002060402",6110,294478.297251625,"Wolf Branch-Frontal Tampa Bay","tbcmp_PD_HA_IntHigh_2100","PD","HA","IntHigh","2100",291.068827526046
"031002060402",6120,1741677.88551152,"Wolf Branch-Frontal Tampa Bay","tbcmp_PD_HA_IntHigh_2100","PD","HA","IntHigh","2100",1721.51273895307
"031002060402",6410,314814.108671276,"Wolf Branch-Frontal Tampa Bay","tbcmp_PD_HA_IntHigh_2100","PD","HA","IntHigh","2100",311.16919092108
"031002060402",6420,72644.5923028858,"Wolf Branch-Frontal Tampa Bay","tbcmp_PD_HA_IntHigh_2100","PD","HA","IntHigh","2100",71.803513213203
"031002060402",6425,30650.2708644478,"Wolf Branch-Frontal Tampa Bay","tbcmp_PD_HA_IntHigh_2100","PD","HA","IntHigh","2100",30.2954020283792
"031002060402",6510,6603.21782323986,"Wolf Branch-Frontal Tampa Bay","tbcmp_PD_HA_IntHigh_2100","PD","HA","IntHigh","2100",6.52676576728239
"031002060402",6600,188268.851874373,"Wolf Branch-Frontal Tampa Bay","tbcmp_PD_HA_IntHigh_2100","PD","HA","IntHigh","2100",186.089075107371
"031002060402",9113,1979866.8087793,"Wolf Branch-Frontal Tampa Bay","tbcmp_PD_HA_IntHigh_2100","PD","HA","IntHigh","2100",1956.94391086726
"031002060501",1100,859778.174547742,"Frog Creek","tbcmp_PD_HA_IntHigh_2100","PD","HA","IntHigh","2100",849.823662842828
"031002060501",1200,3693393.09177684,"Frog Creek","tbcmp_PD_HA_IntHigh_2100","PD","HA","IntHigh","2100",3650.63098656025
"031002060501",1800,121319.324275408,"Frog Creek","tbcmp_PD_HA_IntHigh_2100","PD","HA","IntHigh","2100",119.914689138947
"031002060501",1820,283733.089941949,"Frog Creek","tbcmp_PD_HA_IntHigh_2100","PD","HA","IntHigh","2100",280.448028226601
"031002060501",1900,1833192.61122909,"Frog Creek","tbcmp_PD_HA_IntHigh_2100","PD","HA","IntHigh","2100",1811.96790717628
"031002060501",2100,1307454.75700744,"Frog Creek","tbcmp_PD_HA_IntHigh_2100","PD","HA","IntHigh","2100",1292.3170458308
"031002060501",2200,241479,"Frog Creek","tbcmp_PD_HA_IntHigh_2100","PD","HA","IntHigh","2100",238.683156138
"031002060501",2400,80552.2393767627,"Frog Creek","tbcmp_PD_HA_IntHigh_2100","PD","HA","IntHigh","2100",79.6196055492586
"031002060501",3200,46216.607103512,"Frog Creek","tbcmp_PD_HA_IntHigh_2100","PD","HA","IntHigh","2100",45.6815112264675
"031002060501",4100,451592.435148314,"Frog Creek","tbcmp_PD_HA_IntHigh_2100","PD","HA","IntHigh","2100",446.363897934167
"031002060501",5200,989418.298141342,"Frog Creek","tbcmp_PD_HA_IntHigh_2100","PD","HA","IntHigh","2100",977.962813085462
"031002060501",5400,92266.8290358509,"Frog Creek","tbcmp_PD_HA_IntHigh_2100","PD","HA","IntHigh","2100",91.1985636892738
"031002060501",6110,990612.997799852,"Frog Creek","tbcmp_PD_HA_IntHigh_2100","PD","HA","IntHigh","2100",979.143680511325
"031002060501",6120,16937.6298458483,"Frog Creek","tbcmp_PD_HA_IntHigh_2100","PD","HA","IntHigh","2100",16.741525967493
"031002060501",6410,473041.712781689,"Frog Creek","tbcmp_PD_HA_IntHigh_2100","PD","HA","IntHigh","2100",467.564835831102
"031002060501",6420,8823.86132711175,"Frog Creek","tbcmp_PD_HA_IntHigh_2100","PD","HA","IntHigh","2100",8.72169866066645
"031002060501",6425,42407.641658276,"Frog Creek","tbcmp_PD_HA_IntHigh_2100","PD","HA","IntHigh","2100",41.9166459831565
"031002060501",6510,24194.3357481231,"Frog Creek","tbcmp_PD_HA_IntHigh_2100","PD","HA","IntHigh","2100",23.9142137288313
"031002060501",6600,29068.0658734167,"Frog Creek","tbcmp_PD_HA_IntHigh_2100","PD","HA","IntHigh","2100",28.7315158067342
"031002060501",9113,348865.857742937,"Frog Creek","tbcmp_PD_HA_IntHigh_2100","PD","HA","IntHigh","2100",344.826688841989
"031002060502",0,469,"Terra Ceia Bay-Frontal Tampa Bay","tbcmp_PD_HA_IntHigh_2100","PD","HA","IntHigh","2100",0.463569918
"031002060502",1100,1498381.0202429,"Terra Ceia Bay-Frontal Tampa Bay","tbcmp_PD_HA_IntHigh_2100","PD","HA","IntHigh","2100",1481.03276479053
"031002060502",1200,5584702.04089701,"Terra Ceia Bay-Frontal Tampa Bay","tbcmp_PD_HA_IntHigh_2100","PD","HA","IntHigh","2100",5520.04236066751
"031002060502",1800,68876.1713892782,"Terra Ceia Bay-Frontal Tampa Bay","tbcmp_PD_HA_IntHigh_2100","PD","HA","IntHigh","2100",68.0787230769332
"031002060502",1820,77682,"Terra Ceia Bay-Frontal Tampa Bay","tbcmp_PD_HA_IntHigh_2100","PD","HA","IntHigh","2100",76.782597804
"031002060502",1900,1341507.35492496,"Terra Ceia Bay-Frontal Tampa Bay","tbcmp_PD_HA_IntHigh_2100","PD","HA","IntHigh","2100",1325.97538276964
"031002060502",2100,2117286.33474251,"Terra Ceia Bay-Frontal Tampa Bay","tbcmp_PD_HA_IntHigh_2100","PD","HA","IntHigh","2100",2092.77239355886
"031002060502",2200,265968.795622341,"Terra Ceia Bay-Frontal Tampa Bay","tbcmp_PD_HA_IntHigh_2100","PD","HA","IntHigh","2100",262.889408906625
"031002060502",2400,560145.878145724,"Terra Ceia Bay-Frontal Tampa Bay","tbcmp_PD_HA_IntHigh_2100","PD","HA","IntHigh","2100",553.660509168553
"031002060502",3200,144312.413830102,"Terra Ceia Bay-Frontal Tampa Bay","tbcmp_PD_HA_IntHigh_2100","PD","HA","IntHigh","2100",142.641564702777
"031002060502",4100,461874.504990661,"Terra Ceia Bay-Frontal Tampa Bay","tbcmp_PD_HA_IntHigh_2100","PD","HA","IntHigh","2100",456.526921971879
"031002060502",5200,226691.679870156,"Terra Ceia Bay-Frontal Tampa Bay","tbcmp_PD_HA_IntHigh_2100","PD","HA","IntHigh","2100",224.06704360062
"031002060502",5400,6449098.59478244,"Terra Ceia Bay-Frontal Tampa Bay","tbcmp_PD_HA_IntHigh_2100","PD","HA","IntHigh","2100",6374.43093125205
"031002060502",6110,421861.065713118,"Terra Ceia Bay-Frontal Tampa Bay","tbcmp_PD_HA_IntHigh_2100","PD","HA","IntHigh","2100",416.976758294292
"031002060502",6120,2986246.84767295,"Terra Ceia Bay-Frontal Tampa Bay","tbcmp_PD_HA_IntHigh_2100","PD","HA","IntHigh","2100",2951.67208167059
"031002060502",6410,171773.75969298,"Terra Ceia Bay-Frontal Tampa Bay","tbcmp_PD_HA_IntHigh_2100","PD","HA","IntHigh","2100",169.784963103255
"031002060502",6420,106946.877123348,"Terra Ceia Bay-Frontal Tampa Bay","tbcmp_PD_HA_IntHigh_2100","PD","HA","IntHigh","2100",105.708646180013
"031002060502",6425,41993.2393816571,"Terra Ceia Bay-Frontal Tampa Bay","tbcmp_PD_HA_IntHigh_2100","PD","HA","IntHigh","2100",41.5070416560963
"031002060502",6510,29915.6963124801,"Terra Ceia Bay-Frontal Tampa Bay","tbcmp_PD_HA_IntHigh_2100","PD","HA","IntHigh","2100",29.5693323805742
"031002060502",6600,236270.461884249,"Terra Ceia Bay-Frontal Tampa Bay","tbcmp_PD_HA_IntHigh_2100","PD","HA","IntHigh","2100",233.534922476553
"031002060502",7100,3708,"Terra Ceia Bay-Frontal Tampa Bay","tbcmp_PD_HA_IntHigh_2100","PD","HA","IntHigh","2100",3.665068776
"031002060502",9113,5714283.78132319,"Terra Ceia Bay-Frontal Tampa Bay","tbcmp_PD_HA_IntHigh_2100","PD","HA","IntHigh","2100",5648.12380370303
"031002060601",0,50,"Alligator Creek-Frontal Old Tampa Bay","tbcmp_PD_HA_IntHigh_2100","PD","HA","IntHigh","2100",0.0494211
"031002060601",1100,932898.565433207,"Alligator Creek-Frontal Old Tampa Bay","tbcmp_PD_HA_IntHigh_2100","PD","HA","IntHigh","2100",922.097465842621
"031002060601",1200,14413658.1687037,"Alligator Creek-Frontal Old Tampa Bay","tbcmp_PD_HA_IntHigh_2100","PD","HA","IntHigh","2100",14246.7768344265
"031002060601",1800,686604.796010513,"Alligator Creek-Frontal Old Tampa Bay","tbcmp_PD_HA_IntHigh_2100","PD","HA","IntHigh","2100",678.655285682303
"031002060601",1820,147939.847038757,"Alligator Creek-Frontal Old Tampa Bay","tbcmp_PD_HA_IntHigh_2100","PD","HA","IntHigh","2100",146.226999489742
"031002060601",1900,170216.312827405,"Alligator Creek-Frontal Old Tampa Bay","tbcmp_PD_HA_IntHigh_2100","PD","HA","IntHigh","2100",168.245548357489
"031002060601",2400,9290.42625706034,"Alligator Creek-Frontal Old Tampa Bay","tbcmp_PD_HA_IntHigh_2100","PD","HA","IntHigh","2100",9.18286170185609
"031002060601",3200,1156,"Alligator Creek-Frontal Old Tampa Bay","tbcmp_PD_HA_IntHigh_2100","PD","HA","IntHigh","2100",1.142615832
"031002060601",4100,222996.072892456,"Alligator Creek-Frontal Old Tampa Bay","tbcmp_PD_HA_IntHigh_2100","PD","HA","IntHigh","2100",220.414224360507
"031002060601",5200,438035.9099725,"Alligator Creek-Frontal Old Tampa Bay","tbcmp_PD_HA_IntHigh_2100","PD","HA","IntHigh","2100",432.964330206839
"031002060601",5400,518896.603736476,"Alligator Creek-Frontal Old Tampa Bay","tbcmp_PD_HA_IntHigh_2100","PD","HA","IntHigh","2100",512.888818858415
"031002060601",6110,319024,"Alligator Creek-Frontal Old Tampa Bay","tbcmp_PD_HA_IntHigh_2100","PD","HA","IntHigh","2100",315.330340128
"031002060601",6120,272479.833772876,"Alligator Creek-Frontal Old Tampa Bay","tbcmp_PD_HA_IntHigh_2100","PD","HA","IntHigh","2100",269.325062257454
"031002060601",6410,228675.035765817,"Alligator Creek-Frontal Old Tampa Bay","tbcmp_PD_HA_IntHigh_2100","PD","HA","IntHigh","2100",226.02743620172
"031002060601",6420,30653.3203850789,"Alligator Creek-Frontal Old Tampa Bay","tbcmp_PD_HA_IntHigh_2100","PD","HA","IntHigh","2100",30.2984162416605
"031002060601",6510,2,"Alligator Creek-Frontal Old Tampa Bay","tbcmp_PD_HA_IntHigh_2100","PD","HA","IntHigh","2100",0.001976844
"031002060601",6600,21497.6133764479,"Alligator Creek-Frontal Old Tampa Bay","tbcmp_PD_HA_IntHigh_2100","PD","HA","IntHigh","2100",21.2487140087754
"031002060601",9113,382758.932136896,"Alligator Creek-Frontal Old Tampa Bay","tbcmp_PD_HA_IntHigh_2100","PD","HA","IntHigh","2100",378.327349220615
"031002060602",1100,59927.1005550027,"Grassy Creek-Frontal Old Tampa Bay","tbcmp_PD_HA_IntHigh_2100","PD","HA","IntHigh","2100",59.2332645847769
"031002060602",1200,9448629.10028254,"Grassy Creek-Frontal Old Tampa Bay","tbcmp_PD_HA_IntHigh_2100","PD","HA","IntHigh","2100",9339.23287255947
"031002060602",1800,140314,"Grassy Creek-Frontal Old Tampa Bay","tbcmp_PD_HA_IntHigh_2100","PD","HA","IntHigh","2100",138.689444508
"031002060602",1820,291769.049006535,"Grassy Creek-Frontal Old Tampa Bay","tbcmp_PD_HA_IntHigh_2100","PD","HA","IntHigh","2100",288.390946957137
"031002060602",1900,169632.166849424,"Grassy Creek-Frontal Old Tampa Bay","tbcmp_PD_HA_IntHigh_2100","PD","HA","IntHigh","2100",167.668165621641
"031002060602",2400,3179,"Grassy Creek-Frontal Old Tampa Bay","tbcmp_PD_HA_IntHigh_2100","PD","HA","IntHigh","2100",3.142193538
"031002060602",3200,193,"Grassy Creek-Frontal Old Tampa Bay","tbcmp_PD_HA_IntHigh_2100","PD","HA","IntHigh","2100",0.190765446
"031002060602",4100,59960.5034263763,"Grassy Creek-Frontal Old Tampa Bay","tbcmp_PD_HA_IntHigh_2100","PD","HA","IntHigh","2100",59.2662807177057
"031002060602",5200,218550.338927779,"Grassy Creek-Frontal Old Tampa Bay","tbcmp_PD_HA_IntHigh_2100","PD","HA","IntHigh","2100",216.019963103674
"031002060602",5400,1041114.44060128,"Grassy Creek-Frontal Old Tampa Bay","tbcmp_PD_HA_IntHigh_2100","PD","HA","IntHigh","2100",1029.060417608
"031002060602",6110,12361,"Grassy Creek-Frontal Old Tampa Bay","tbcmp_PD_HA_IntHigh_2100","PD","HA","IntHigh","2100",12.217884342
"031002060602",6120,836280.816771842,"Grassy Creek-Frontal Old Tampa Bay","tbcmp_PD_HA_IntHigh_2100","PD","HA","IntHigh","2100",826.598357475258
"031002060602",6410,121279,"Grassy Creek-Frontal Old Tampa Bay","tbcmp_PD_HA_IntHigh_2100","PD","HA","IntHigh","2100",119.874831738
"031002060602",6420,30624.5491488343,"Grassy Creek-Frontal Old Tampa Bay","tbcmp_PD_HA_IntHigh_2100","PD","HA","IntHigh","2100",30.2699781187891
"031002060602",6600,73612.0502942225,"Grassy Creek-Frontal Old Tampa Bay","tbcmp_PD_HA_IntHigh_2100","PD","HA","IntHigh","2100",72.759769975916
"031002060602",9113,1533577.00976762,"Grassy Creek-Frontal Old Tampa Bay","tbcmp_PD_HA_IntHigh_2100","PD","HA","IntHigh","2100",1515.82125514853
"031002060603",0,113,"Grand Bayou","tbcmp_PD_HA_IntHigh_2100","PD","HA","IntHigh","2100",0.111691686
"031002060603",1100,29512,"Grand Bayou","tbcmp_PD_HA_IntHigh_2100","PD","HA","IntHigh","2100",29.170310064
"031002060603",1200,11551515.9964622,"Grand Bayou","tbcmp_PD_HA_IntHigh_2100","PD","HA","IntHigh","2100",11417.7725442552
"031002060603",1800,410857.269735025,"Grand Bayou","tbcmp_PD_HA_IntHigh_2100","PD","HA","IntHigh","2100",406.100364266032
"031002060603",1820,332053.950993251,"Grand Bayou","tbcmp_PD_HA_IntHigh_2100","PD","HA","IntHigh","2100",328.209430348651
"031002060603",1900,213068.028378875,"Grand Bayou","tbcmp_PD_HA_IntHigh_2100","PD","HA","IntHigh","2100",210.601126746304
"031002060603",2100,2456,"Grand Bayou","tbcmp_PD_HA_IntHigh_2100","PD","HA","IntHigh","2100",2.427564432
"031002060603",3200,15397,"Grand Bayou","tbcmp_PD_HA_IntHigh_2100","PD","HA","IntHigh","2100",15.218733534
"031002060603",4100,81317.2363373935,"Grand Bayou","tbcmp_PD_HA_IntHigh_2100","PD","HA","IntHigh","2100",80.3757453750792
"031002060603",5200,148734.705464801,"Grand Bayou","tbcmp_PD_HA_IntHigh_2100","PD","HA","IntHigh","2100",147.01265504493
"031002060603",5400,2143871.53103833,"Grand Bayou","tbcmp_PD_HA_IntHigh_2100","PD","HA","IntHigh","2100",2119.04978645197
"031002060603",6110,66955,"Grand Bayou","tbcmp_PD_HA_IntHigh_2100","PD","HA","IntHigh","2100",66.17979501
"031002060603",6120,727508.608125981,"Grand Bayou","tbcmp_PD_HA_IntHigh_2100","PD","HA","IntHigh","2100",719.085513461098
"031002060603",6410,20865,"Grand Bayou","tbcmp_PD_HA_IntHigh_2100","PD","HA","IntHigh","2100",20.62342503
"031002060603",6420,37495.4948347434,"Grand Bayou","tbcmp_PD_HA_IntHigh_2100","PD","HA","IntHigh","2100",37.0613719955468
"031002060603",6600,72049.56674502,"Grand Bayou","tbcmp_PD_HA_IntHigh_2100","PD","HA","IntHigh","2100",71.2153768612461
"031002060603",7100,3375,"Grand Bayou","tbcmp_PD_HA_IntHigh_2100","PD","HA","IntHigh","2100",3.33592425
"031002060603",9113,1557972.99897344,"Grand Bayou","tbcmp_PD_HA_IntHigh_2100","PD","HA","IntHigh","2100",1539.93478759133
"031002060604",0,148.174692481756,"Lake Maggiore","tbcmp_PD_HA_IntHigh_2100","PD","HA","IntHigh","2100",0.146459125892202
"031002060604",1100,60844,"Lake Maggiore","tbcmp_PD_HA_IntHigh_2100","PD","HA","IntHigh","2100",60.139548168
"031002060604",1200,10191468.066378,"Lake Maggiore","tbcmp_PD_HA_IntHigh_2100","PD","HA","IntHigh","2100",10073.4712491055
"031002060604",1800,663353.338309925,"Lake Maggiore","tbcmp_PD_HA_IntHigh_2100","PD","HA","IntHigh","2100",655.673033358972
"031002060604",1820,242273,"Lake Maggiore","tbcmp_PD_HA_IntHigh_2100","PD","HA","IntHigh","2100",239.467963206
"031002060604",1900,78636,"Lake Maggiore","tbcmp_PD_HA_IntHigh_2100","PD","HA","IntHigh","2100",77.725552392
"031002060604",4100,157292,"Lake Maggiore","tbcmp_PD_HA_IntHigh_2100","PD","HA","IntHigh","2100",155.470873224
"031002060604",5200,113716.540010174,"Lake Maggiore","tbcmp_PD_HA_IntHigh_2100","PD","HA","IntHigh","2100",112.399929909936
"031002060604",5400,1543100.21739931,"Lake Maggiore","tbcmp_PD_HA_IntHigh_2100","PD","HA","IntHigh","2100",1525.23420308226
"031002060604",6110,12,"Lake Maggiore","tbcmp_PD_HA_IntHigh_2100","PD","HA","IntHigh","2100",0.011861064
"031002060604",6120,73940.5069792043,"Lake Maggiore","tbcmp_PD_HA_IntHigh_2100","PD","HA","IntHigh","2100",73.0844237893991
"031002060604",6410,15761,"Lake Maggiore","tbcmp_PD_HA_IntHigh_2100","PD","HA","IntHigh","2100",15.578519142
"031002060604",6420,10822,"Lake Maggiore","tbcmp_PD_HA_IntHigh_2100","PD","HA","IntHigh","2100",10.696702884
"031002060604",6600,24152,"Lake Maggiore","tbcmp_PD_HA_IntHigh_2100","PD","HA","IntHigh","2100",23.872368144
"031002060604",9113,325212.120033513,"Lake Maggiore","tbcmp_PD_HA_IntHigh_2100","PD","HA","IntHigh","2100",321.446814107765
"031002060700",0,3702.45863043633,"Tampa Bay","tbcmp_PD_HA_IntHigh_2100","PD","HA","IntHigh","2100",3.65959156441314
"031002060700",1100,68941.173500909,"Tampa Bay","tbcmp_PD_HA_IntHigh_2100","PD","HA","IntHigh","2100",68.1429725941155
"031002060700",1200,2251844.05793455,"Tampa Bay","tbcmp_PD_HA_IntHigh_2100","PD","HA","IntHigh","2100",2225.77220743179
"031002060700",1800,506435.831538547,"Tampa Bay","tbcmp_PD_HA_IntHigh_2100","PD","HA","IntHigh","2100",500.572317480994
"031002060700",1820,939.327566936008,"Tampa Bay","tbcmp_PD_HA_IntHigh_2100","PD","HA","IntHigh","2100",0.928452032366023
"031002060700",1900,80457.7350520068,"Tampa Bay","tbcmp_PD_HA_IntHigh_2100","PD","HA","IntHigh","2100",79.5261953955747
"031002060700",3200,127460.095715649,"Tampa Bay","tbcmp_PD_HA_IntHigh_2100","PD","HA","IntHigh","2100",125.984362727453
"031002060700",4100,16784.5460961813,"Tampa Bay","tbcmp_PD_HA_IntHigh_2100","PD","HA","IntHigh","2100",16.5902146214797
"031002060700",5200,30433,"Tampa Bay","tbcmp_PD_HA_IntHigh_2100","PD","HA","IntHigh","2100",30.080646726
"031002060700",5400,205802536.492052,"Tampa Bay","tbcmp_PD_HA_IntHigh_2100","PD","HA","IntHigh","2100",203419.754724547
"031002060700",6110,93677.4716677138,"Tampa Bay","tbcmp_PD_HA_IntHigh_2100","PD","HA","IntHigh","2100",92.592873900745
"031002060700",6120,758047.676837523,"Tampa Bay","tbcmp_PD_HA_IntHigh_2100","PD","HA","IntHigh","2100",749.271000835099
"031002060700",6410,267623.492702842,"Tampa Bay","tbcmp_PD_HA_IntHigh_2100","PD","HA","IntHigh","2100",264.524947904328
"031002060700",6420,51206.3471683306,"Tampa Bay","tbcmp_PD_HA_IntHigh_2100","PD","HA","IntHigh","2100",50.6134800808157
"031002060700",6425,8048.58608505618,"Tampa Bay","tbcmp_PD_HA_IntHigh_2100","PD","HA","IntHigh","2100",7.9553995553634
"031002060700",6510,9225.98021599296,"Tampa Bay","tbcmp_PD_HA_IntHigh_2100","PD","HA","IntHigh","2100",9.11916181705219
"031002060700",6600,199957.26820737,"Tampa Bay","tbcmp_PD_HA_IntHigh_2100","PD","HA","IntHigh","2100",197.642162956065
"031002060700",7100,14661.1710600415,"Tampa Bay","tbcmp_PD_HA_IntHigh_2100","PD","HA","IntHigh","2100",14.4914240215084
"031002060700",9113,4253089.34217738,"Tampa Bay","tbcmp_PD_HA_IntHigh_2100","PD","HA","IntHigh","2100",4203.84707377365
"031002060800",0,5590,"Southwest Channel-Gulf of Mexico","tbcmp_PD_HA_IntHigh_2100","PD","HA","IntHigh","2100",5.52527898
"031002060800",1100,5771,"Southwest Channel-Gulf of Mexico","tbcmp_PD_HA_IntHigh_2100","PD","HA","IntHigh","2100",5.704183362
"031002060800",1200,11127,"Southwest Channel-Gulf of Mexico","tbcmp_PD_HA_IntHigh_2100","PD","HA","IntHigh","2100",10.998171594
"031002060800",1800,116750.241037611,"Southwest Channel-Gulf of Mexico","tbcmp_PD_HA_IntHigh_2100","PD","HA","IntHigh","2100",115.398506746878
"031002060800",3200,1755.73721936555,"Southwest Channel-Gulf of Mexico","tbcmp_PD_HA_IntHigh_2100","PD","HA","IntHigh","2100",1.73540929383973
"031002060800",4100,2254,"Southwest Channel-Gulf of Mexico","tbcmp_PD_HA_IntHigh_2100","PD","HA","IntHigh","2100",2.227903188
"031002060800",5400,33587900.6671278,"Southwest Channel-Gulf of Mexico","tbcmp_PD_HA_IntHigh_2100","PD","HA","IntHigh","2100",33199.0199532038
"031002060800",6120,86631.7593213817,"Southwest Channel-Gulf of Mexico","tbcmp_PD_HA_IntHigh_2100","PD","HA","IntHigh","2100",85.6287368119587
"031002060800",6420,9414.26911936683,"Southwest Channel-Gulf of Mexico","tbcmp_PD_HA_IntHigh_2100","PD","HA","IntHigh","2100",9.3052707115028
"031002060800",6600,5259.83781915497,"Southwest Channel-Gulf of Mexico","tbcmp_PD_HA_IntHigh_2100","PD","HA","IntHigh","2100",5.1989394168848
"031002060800",7100,14294.8289399445,"Southwest Channel-Gulf of Mexico","tbcmp_PD_HA_IntHigh_2100","PD","HA","IntHigh","2100",14.1293234104778
"031002060800",9113,349616.236680526,"Southwest Channel-Gulf of Mexico","tbcmp_PD_HA_IntHigh_2100","PD","HA","IntHigh","2100",345.568379892239
"031002070101",1100,6798140.98528705,"Little Rocky Creek-Crystal Bay","tbcmp_PD_HA_IntHigh_2100","PD","HA","IntHigh","2100",6719.4321089594
"031002070101",1200,3602847.1140418,"Little Rocky Creek-Crystal Bay","tbcmp_PD_HA_IntHigh_2100","PD","HA","IntHigh","2100",3561.13335015543
"031002070101",1800,628.969877705531,"Little Rocky Creek-Crystal Bay","tbcmp_PD_HA_IntHigh_2100","PD","HA","IntHigh","2100",0.621687664461456
"031002070101",1900,3231057.05544038,"Little Rocky Creek-Crystal Bay","tbcmp_PD_HA_IntHigh_2100","PD","HA","IntHigh","2100",3193.64787685249
"031002070101",2100,2918353.73334346,"Little Rocky Creek-Crystal Bay","tbcmp_PD_HA_IntHigh_2100","PD","HA","IntHigh","2100",2884.56503381881
"031002070101",2200,2081,"Little Rocky Creek-Crystal Bay","tbcmp_PD_HA_IntHigh_2100","PD","HA","IntHigh","2100",2.056906182
"031002070101",2400,38367.3531049639,"Little Rocky Creek-Crystal Bay","tbcmp_PD_HA_IntHigh_2100","PD","HA","IntHigh","2100",37.9231358907146
"031002070101",3200,109342.579882762,"Little Rocky Creek-Crystal Bay","tbcmp_PD_HA_IntHigh_2100","PD","HA","IntHigh","2100",108.076611492879
"031002070101",4100,3852663.59956908,"Little Rocky Creek-Crystal Bay","tbcmp_PD_HA_IntHigh_2100","PD","HA","IntHigh","2100",3808.05746041327
"031002070101",4400,1696077.04681322,"Little Rocky Creek-Crystal Bay","tbcmp_PD_HA_IntHigh_2100","PD","HA","IntHigh","2100",1676.43986676522
"031002070101",5200,91109.6531997587,"Little Rocky Creek-Crystal Bay","tbcmp_PD_HA_IntHigh_2100","PD","HA","IntHigh","2100",90.0547856350119
"031002070101",5400,314752.386388612,"Little Rocky Creek-Crystal Bay","tbcmp_PD_HA_IntHigh_2100","PD","HA","IntHigh","2100",311.108183259005
"031002070101",6110,321043.291165422,"Little Rocky Creek-Crystal Bay","tbcmp_PD_HA_IntHigh_2100","PD","HA","IntHigh","2100",317.326251940309
"031002070101",6120,1264898.21681382,"Little Rocky Creek-Crystal Bay","tbcmp_PD_HA_IntHigh_2100","PD","HA","IntHigh","2100",1250.25322525955
"031002070101",6410,403428,"Little Rocky Creek-Crystal Bay","tbcmp_PD_HA_IntHigh_2100","PD","HA","IntHigh","2100",398.757110616
"031002070101",6420,276566.4939108,"Little Rocky Creek-Crystal Bay","tbcmp_PD_HA_IntHigh_2100","PD","HA","IntHigh","2100",273.3644070443
"031002070101",6425,40.32564625144,"Little Rocky Creek-Crystal Bay","tbcmp_PD_HA_IntHigh_2100","PD","HA","IntHigh","2100",0.0398587559191409
"031002070101",6600,449072.56732712,"Little Rocky Creek-Crystal Bay","tbcmp_PD_HA_IntHigh_2100","PD","HA","IntHigh","2100",443.873205142606
"031002070101",9113,4920771.82968736,"Little Rocky Creek-Crystal Bay","tbcmp_PD_HA_IntHigh_2100","PD","HA","IntHigh","2100",4863.79913344324
"031002070102",1100,13667904.3100826,"Crystal River","tbcmp_PD_HA_IntHigh_2100","PD","HA","IntHigh","2100",13509.6573139805
"031002070102",1200,6499626.82660415,"Crystal River","tbcmp_PD_HA_IntHigh_2100","PD","HA","IntHigh","2100",6424.37414720573
"031002070102",1800,253282.81148718,"Crystal River","tbcmp_PD_HA_IntHigh_2100","PD","HA","IntHigh","2100",250.350303095781
"031002070102",1820,652563.608925128,"Crystal River","tbcmp_PD_HA_IntHigh_2100","PD","HA","IntHigh","2100",645.008227460993
"031002070102",1900,1661826.85855896,"Crystal River","tbcmp_PD_HA_IntHigh_2100","PD","HA","IntHigh","2100",1642.58622719056
"031002070102",2100,2335867.45576792,"Crystal River","tbcmp_PD_HA_IntHigh_2100","PD","HA","IntHigh","2100",2308.82278236504
"031002070102",2400,25669.0565588761,"Crystal River","tbcmp_PD_HA_IntHigh_2100","PD","HA","IntHigh","2100",25.3718602220374
"031002070102",3200,276969.722787375,"Crystal River","tbcmp_PD_HA_IntHigh_2100","PD","HA","IntHigh","2100",273.762967336943
"031002070102",4100,6384088.90540189,"Crystal River","tbcmp_PD_HA_IntHigh_2100","PD","HA","IntHigh","2100",6310.17392405515
"031002070102",4400,511081.648167744,"Crystal River","tbcmp_PD_HA_IntHigh_2100","PD","HA","IntHigh","2100",505.164344845258
"031002070102",5200,142402,"Crystal River","tbcmp_PD_HA_IntHigh_2100","PD","HA","IntHigh","2100",140.753269644
"031002070102",5400,1602013.82419625,"Crystal River","tbcmp_PD_HA_IntHigh_2100","PD","HA","IntHigh","2100",1583.46570813971
"031002070102",6110,75908.7977567166,"Crystal River","tbcmp_PD_HA_IntHigh_2100","PD","HA","IntHigh","2100",75.0299256962894
"031002070102",6120,2026594.16977328,"Crystal River","tbcmp_PD_HA_IntHigh_2100","PD","HA","IntHigh","2100",2003.13026247565
"031002070102",6410,321107.360584719,"Crystal River","tbcmp_PD_HA_IntHigh_2100","PD","HA","IntHigh","2100",317.389579563869
"031002070102",6420,399080.828671418,"Crystal River","tbcmp_PD_HA_IntHigh_2100","PD","HA","IntHigh","2100",394.46027083706
"031002070102",6425,162287.346705283,"Crystal River","tbcmp_PD_HA_IntHigh_2100","PD","HA","IntHigh","2100",160.40838380513
"031002070102",6510,149485.995805111,"Crystal River","tbcmp_PD_HA_IntHigh_2100","PD","HA","IntHigh","2100",147.75524694568
"031002070102",6600,839365.854739927,"Crystal River","tbcmp_PD_HA_IntHigh_2100","PD","HA","IntHigh","2100",829.647676873748
"031002070102",9113,6334234.99101093,"Crystal River","tbcmp_PD_HA_IntHigh_2100","PD","HA","IntHigh","2100",6260.897218285
"031002070103",1100,471355.53527396,"Salt River","tbcmp_PD_HA_IntHigh_2100","PD","HA","IntHigh","2100",465.898180886558
"031002070103",1200,691824.86211412,"Salt River","tbcmp_PD_HA_IntHigh_2100","PD","HA","IntHigh","2100",683.814913860563
"031002070103",1800,11105.5644823409,"Salt River","tbcmp_PD_HA_IntHigh_2100","PD","HA","IntHigh","2100",10.9769842567644
"031002070103",1820,30960.3910746462,"Salt River","tbcmp_PD_HA_IntHigh_2100","PD","HA","IntHigh","2100",30.601931666784
"031002070103",1900,34617.9109776268,"Salt River","tbcmp_PD_HA_IntHigh_2100","PD","HA","IntHigh","2100",34.2171048043278
"031002070103",3200,10270,"Salt River","tbcmp_PD_HA_IntHigh_2100","PD","HA","IntHigh","2100",10.15109394
"031002070103",4100,290027.662404932,"Salt River","tbcmp_PD_HA_IntHigh_2100","PD","HA","IntHigh","2100",286.669722129608
"031002070103",4400,120,"Salt River","tbcmp_PD_HA_IntHigh_2100","PD","HA","IntHigh","2100",0.11861064
"031002070103",5200,1038,"Salt River","tbcmp_PD_HA_IntHigh_2100","PD","HA","IntHigh","2100",1.025982036
"031002070103",5400,3473456.22821014,"Salt River","tbcmp_PD_HA_IntHigh_2100","PD","HA","IntHigh","2100",3433.24055199992
"031002070103",6110,38711.043162637,"Salt River","tbcmp_PD_HA_IntHigh_2100","PD","HA","IntHigh","2100",38.2628467049
"031002070103",6120,1420563.99153443,"Salt River","tbcmp_PD_HA_IntHigh_2100","PD","HA","IntHigh","2100",1404.11670164045
"031002070103",6410,2901.63941516746,"Salt River","tbcmp_PD_HA_IntHigh_2100","PD","HA","IntHigh","2100",2.86804423401865
"031002070103",6420,167609.503216393,"Salt River","tbcmp_PD_HA_IntHigh_2100","PD","HA","IntHigh","2100",165.668920388154
"031002070103",6425,12699.6914841277,"Salt River","tbcmp_PD_HA_IntHigh_2100","PD","HA","IntHigh","2100",12.5526544561244
"031002070103",6510,43329.187443942,"Salt River","tbcmp_PD_HA_IntHigh_2100","PD","HA","IntHigh","2100",42.8275221117161
"031002070103",6600,237416.240180027,"Salt River","tbcmp_PD_HA_IntHigh_2100","PD","HA","IntHigh","2100",234.667434951222
"031002070103",7100,27,"Salt River","tbcmp_PD_HA_IntHigh_2100","PD","HA","IntHigh","2100",0.026687394
"031002070103",9113,26665696.8175361,"Salt River","tbcmp_PD_HA_IntHigh_2100","PD","HA","IntHigh","2100",26356.9613797827
"031002070104",1100,8526669.63119056,"Homosassa River","tbcmp_PD_HA_IntHigh_2100","PD","HA","IntHigh","2100",8427.94785020064
"031002070104",1200,4699150.27134054,"Homosassa River","tbcmp_PD_HA_IntHigh_2100","PD","HA","IntHigh","2100",4644.74350949896
"031002070104",1800,202603.053379952,"Homosassa River","tbcmp_PD_HA_IntHigh_2100","PD","HA","IntHigh","2100",200.257315227919
"031002070104",1820,153680.988901507,"Homosassa River","tbcmp_PD_HA_IntHigh_2100","PD","HA","IntHigh","2100",151.901670412006
"031002070104",1900,1116640.62396942,"Homosassa River","tbcmp_PD_HA_IntHigh_2100","PD","HA","IntHigh","2100",1103.7121588251
"031002070104",2100,1804672.19490191,"Homosassa River","tbcmp_PD_HA_IntHigh_2100","PD","HA","IntHigh","2100",1783.77770022933
"031002070104",2400,29571,"Homosassa River","tbcmp_PD_HA_IntHigh_2100","PD","HA","IntHigh","2100",29.228626962
"031002070104",3200,327056.671522717,"Homosassa River","tbcmp_PD_HA_IntHigh_2100","PD","HA","IntHigh","2100",323.270009379827
"031002070104",4100,8000654.13416667,"Homosassa River","tbcmp_PD_HA_IntHigh_2100","PD","HA","IntHigh","2100",7908.02256060129
"031002070104",4400,606251.481933702,"Homosassa River","tbcmp_PD_HA_IntHigh_2100","PD","HA","IntHigh","2100",599.232302275874
"031002070104",5200,66442.5074527226,"Homosassa River","tbcmp_PD_HA_IntHigh_2100","PD","HA","IntHigh","2100",65.673236101435
"031002070104",5400,1210506.33882066,"Homosassa River","tbcmp_PD_HA_IntHigh_2100","PD","HA","IntHigh","2100",1196.49109642979
"031002070104",6110,62800.7109781764,"Homosassa River","tbcmp_PD_HA_IntHigh_2100","PD","HA","IntHigh","2100",62.073604346471
"031002070104",6120,997201.933533819,"Homosassa River","tbcmp_PD_HA_IntHigh_2100","PD","HA","IntHigh","2100",985.656329547365
"031002070104",6410,67223,"Homosassa River","tbcmp_PD_HA_IntHigh_2100","PD","HA","IntHigh","2100",66.444692106
"031002070104",6420,170271.283957548,"Homosassa River","tbcmp_PD_HA_IntHigh_2100","PD","HA","IntHigh","2100",168.299883031888
"031002070104",6425,124859.905127533,"Homosassa River","tbcmp_PD_HA_IntHigh_2100","PD","HA","IntHigh","2100",123.414277145966
"031002070104",6510,136791.816750669,"Homosassa River","tbcmp_PD_HA_IntHigh_2100","PD","HA","IntHigh","2100",135.20804109633
"031002070104",6600,415908.591379226,"Homosassa River","tbcmp_PD_HA_IntHigh_2100","PD","HA","IntHigh","2100",411.093201708238
"031002070104",7100,693,"Homosassa River","tbcmp_PD_HA_IntHigh_2100","PD","HA","IntHigh","2100",0.684976446
"031002070104",9113,7335700.59825894,"Homosassa River","tbcmp_PD_HA_IntHigh_2100","PD","HA","IntHigh","2100",7250.7678567323
"031002070201",1100,7504137.71619814,"Mason Creek-Frontal Homosassa Bay","tbcmp_PD_HA_IntHigh_2100","PD","HA","IntHigh","2100",7417.25480972
"031002070201",1200,2154395.52328996,"Mason Creek-Frontal Homosassa Bay","tbcmp_PD_HA_IntHigh_2100","PD","HA","IntHigh","2100",2129.45193192131
"031002070201",1800,22821,"Mason Creek-Frontal Homosassa Bay","tbcmp_PD_HA_IntHigh_2100","PD","HA","IntHigh","2100",22.556778462
"031002070201",1820,34059.9913711474,"Mason Creek-Frontal Homosassa Bay","tbcmp_PD_HA_IntHigh_2100","PD","HA","IntHigh","2100",33.6656447910522
"031002070201",1900,395189.942536775,"Mason Creek-Frontal Homosassa Bay","tbcmp_PD_HA_IntHigh_2100","PD","HA","IntHigh","2100",390.614433382084
"031002070201",2100,1413392.76642133,"Mason Creek-Frontal Homosassa Bay","tbcmp_PD_HA_IntHigh_2100","PD","HA","IntHigh","2100",1397.0285049717
"031002070201",2400,44078,"Mason Creek-Frontal Homosassa Bay","tbcmp_PD_HA_IntHigh_2100","PD","HA","IntHigh","2100",43.567664916
"031002070201",3200,351094.837581025,"Mason Creek-Frontal Homosassa Bay","tbcmp_PD_HA_IntHigh_2100","PD","HA","IntHigh","2100",347.029861551512
"031002070201",4100,11271326.1323036,"Mason Creek-Frontal Homosassa Bay","tbcmp_PD_HA_IntHigh_2100","PD","HA","IntHigh","2100",11140.8267183438
"031002070201",4400,885020.224805759,"Mason Creek-Frontal Homosassa Bay","tbcmp_PD_HA_IntHigh_2100","PD","HA","IntHigh","2100",874.773460642958
"031002070201",5200,24395,"Mason Creek-Frontal Homosassa Bay","tbcmp_PD_HA_IntHigh_2100","PD","HA","IntHigh","2100",24.11255469
"031002070201",5400,950386.38320055,"Mason Creek-Frontal Homosassa Bay","tbcmp_PD_HA_IntHigh_2100","PD","HA","IntHigh","2100",939.382809655854
"031002070201",6110,165267.255521887,"Mason Creek-Frontal Homosassa Bay","tbcmp_PD_HA_IntHigh_2100","PD","HA","IntHigh","2100",163.353791237454
"031002070201",6120,1224946.15680742,"Mason Creek-Frontal Homosassa Bay","tbcmp_PD_HA_IntHigh_2100","PD","HA","IntHigh","2100",1210.7637302039
"031002070201",6410,128431.144847,"Mason Creek-Frontal Homosassa Bay","tbcmp_PD_HA_IntHigh_2100","PD","HA","IntHigh","2100",126.944169051962
"031002070201",6420,164602.351140341,"Mason Creek-Frontal Homosassa Bay","tbcmp_PD_HA_IntHigh_2100","PD","HA","IntHigh","2100",162.696585118839
"031002070201",6425,130.009288860485,"Mason Creek-Frontal Homosassa Bay","tbcmp_PD_HA_IntHigh_2100","PD","HA","IntHigh","2100",0.128504041314058
"031002070201",6510,467,"Mason Creek-Frontal Homosassa Bay","tbcmp_PD_HA_IntHigh_2100","PD","HA","IntHigh","2100",0.461593074
"031002070201",6600,403757.180470892,"Mason Creek-Frontal Homosassa Bay","tbcmp_PD_HA_IntHigh_2100","PD","HA","IntHigh","2100",399.0824798354
"031002070201",9113,12498205.3274255,"Mason Creek-Frontal Homosassa Bay","tbcmp_PD_HA_IntHigh_2100","PD","HA","IntHigh","2100",12353.5011061446
"031002070202",1100,2145313.9250992,"Sand Point Pond","tbcmp_PD_HA_IntHigh_2100","PD","HA","IntHigh","2100",2120.4754804744
"031002070202",1200,296132.002138252,"Sand Point Pond","tbcmp_PD_HA_IntHigh_2100","PD","HA","IntHigh","2100",292.703385817496
"031002070202",1800,5621.74679245194,"Sand Point Pond","tbcmp_PD_HA_IntHigh_2100","PD","HA","IntHigh","2100",5.55665820808894
"031002070202",1900,870247.686442538,"Sand Point Pond","tbcmp_PD_HA_IntHigh_2100","PD","HA","IntHigh","2100",860.171958728906
"031002070202",2100,3668547.31661536,"Sand Point Pond","tbcmp_PD_HA_IntHigh_2100","PD","HA","IntHigh","2100",3626.07287578358
"031002070202",2200,18600,"Sand Point Pond","tbcmp_PD_HA_IntHigh_2100","PD","HA","IntHigh","2100",18.3846492
"031002070202",2400,135712,"Sand Point Pond","tbcmp_PD_HA_IntHigh_2100","PD","HA","IntHigh","2100",134.140726464
"031002070202",3200,154527.821954784,"Sand Point Pond","tbcmp_PD_HA_IntHigh_2100","PD","HA","IntHigh","2100",152.738698832191
"031002070202",4100,10118961.0248262,"Sand Point Pond","tbcmp_PD_HA_IntHigh_2100","PD","HA","IntHigh","2100",10001.8036940808
"031002070202",4400,462324.435991948,"Sand Point Pond","tbcmp_PD_HA_IntHigh_2100","PD","HA","IntHigh","2100",456.971643672033
"031002070202",5200,34179,"Sand Point Pond","tbcmp_PD_HA_IntHigh_2100","PD","HA","IntHigh","2100",33.783275538
"031002070202",6110,100400.949477845,"Sand Point Pond","tbcmp_PD_HA_IntHigh_2100","PD","HA","IntHigh","2100",99.2385072847901
"031002070202",6410,226084.405807653,"Sand Point Pond","tbcmp_PD_HA_IntHigh_2100","PD","HA","IntHigh","2100",223.466800557212
"031002070203",1100,2128105.20551174,"Live Oak Flat","tbcmp_PD_HA_IntHigh_2100","PD","HA","IntHigh","2100",2103.46600344232
"031002070203",1200,2667744.13162641,"Live Oak Flat","tbcmp_PD_HA_IntHigh_2100","PD","HA","IntHigh","2100",2636.85699007044
"031002070203",1800,28392,"Live Oak Flat","tbcmp_PD_HA_IntHigh_2100","PD","HA","IntHigh","2100",28.063277424
"031002070203",1820,367603.008628811,"Live Oak Flat","tbcmp_PD_HA_IntHigh_2100","PD","HA","IntHigh","2100",363.346900994906
"031002070203",1900,610690.980542152,"Live Oak Flat","tbcmp_PD_HA_IntHigh_2100","PD","HA","IntHigh","2100",603.620400369435
"031002070203",2100,1974274.40671864,"Live Oak Flat","tbcmp_PD_HA_IntHigh_2100","PD","HA","IntHigh","2100",1951.41625763765
"031002070203",2200,4146,"Live Oak Flat","tbcmp_PD_HA_IntHigh_2100","PD","HA","IntHigh","2100",4.097997612
"031002070203",4100,10120595.7117046,"Live Oak Flat","tbcmp_PD_HA_IntHigh_2100","PD","HA","IntHigh","2100",10003.4194545545
"031002070203",4400,1207200.36475792,"Live Oak Flat","tbcmp_PD_HA_IntHigh_2100","PD","HA","IntHigh","2100",1193.22339893475
"031002070203",5200,7064.1341379524,"Live Oak Flat","tbcmp_PD_HA_IntHigh_2100","PD","HA","IntHigh","2100",6.98234559290319
"031002070203",5400,84,"Live Oak Flat","tbcmp_PD_HA_IntHigh_2100","PD","HA","IntHigh","2100",0.083027448
"031002070203",6110,24313,"Live Oak Flat","tbcmp_PD_HA_IntHigh_2100","PD","HA","IntHigh","2100",24.031504086
"031002070203",6410,53825.1749396503,"Live Oak Flat","tbcmp_PD_HA_IntHigh_2100","PD","HA","IntHigh","2100",53.201987064199
"031002070203",6420,197,"Live Oak Flat","tbcmp_PD_HA_IntHigh_2100","PD","HA","IntHigh","2100",0.194719134
"031002070203",6600,13235,"Live Oak Flat","tbcmp_PD_HA_IntHigh_2100","PD","HA","IntHigh","2100",13.08176517
"031002070204",1100,2905351.24229675,"Chassahowitzka River","tbcmp_PD_HA_IntHigh_2100","PD","HA","IntHigh","2100",2871.71308561343
"031002070204",1200,4446935.63359732,"Chassahowitzka River","tbcmp_PD_HA_IntHigh_2100","PD","HA","IntHigh","2100",4395.44901283153
"031002070204",1800,51099,"Chassahowitzka River","tbcmp_PD_HA_IntHigh_2100","PD","HA","IntHigh","2100",50.507375778
"031002070204",1820,11910,"Chassahowitzka River","tbcmp_PD_HA_IntHigh_2100","PD","HA","IntHigh","2100",11.77210602
"031002070204",1900,3378748.21568827,"Chassahowitzka River","tbcmp_PD_HA_IntHigh_2100","PD","HA","IntHigh","2100",3339.62906884703
"031002070204",2100,2661329.07745358,"Chassahowitzka River","tbcmp_PD_HA_IntHigh_2100","PD","HA","IntHigh","2100",2630.51620939482
"031002070204",2400,10411.2143018768,"Chassahowitzka River","tbcmp_PD_HA_IntHigh_2100","PD","HA","IntHigh","2100",10.2906732626897
"031002070204",3200,1045869.68466927,"Chassahowitzka River","tbcmp_PD_HA_IntHigh_2100","PD","HA","IntHigh","2100",1033.76060546017
"031002070204",4100,9360891.75382727,"Chassahowitzka River","tbcmp_PD_HA_IntHigh_2100","PD","HA","IntHigh","2100",9252.51134910146
"031002070204",4400,1970812.60181893,"Chassahowitzka River","tbcmp_PD_HA_IntHigh_2100","PD","HA","IntHigh","2100",1947.99453351508
"031002070204",5200,228098.865861991,"Chassahowitzka River","tbcmp_PD_HA_IntHigh_2100","PD","HA","IntHigh","2100",225.457937193041
"031002070204",5400,893116.602517577,"Chassahowitzka River","tbcmp_PD_HA_IntHigh_2100","PD","HA","IntHigh","2100",882.776098493629
"031002070204",6110,586299.841968277,"Chassahowitzka River","tbcmp_PD_HA_IntHigh_2100","PD","HA","IntHigh","2100",579.511662397968
"031002070204",6120,2834009.16151465,"Chassahowitzka River","tbcmp_PD_HA_IntHigh_2100","PD","HA","IntHigh","2100",2801.19700344264
"031002070204",6410,614930.95059273,"Chassahowitzka River","tbcmp_PD_HA_IntHigh_2100","PD","HA","IntHigh","2100",607.811280046767
"031002070204",6420,257308.96587235,"Chassahowitzka River","tbcmp_PD_HA_IntHigh_2100","PD","HA","IntHigh","2100",254.32984266548
"031002070204",6425,131664,"Chassahowitzka River","tbcmp_PD_HA_IntHigh_2100","PD","HA","IntHigh","2100",130.139594208
"031002070204",6510,321427,"Chassahowitzka River","tbcmp_PD_HA_IntHigh_2100","PD","HA","IntHigh","2100",317.705518194
"031002070204",6600,535104.807141955,"Chassahowitzka River","tbcmp_PD_HA_IntHigh_2100","PD","HA","IntHigh","2100",528.909363684866
"031002070204",9113,7920554.40090613,"Chassahowitzka River","tbcmp_PD_HA_IntHigh_2100","PD","HA","IntHigh","2100",7828.85022205244
"031002070205",1100,4797756.17684321,"Mud Creek-Frontal Gulf of Mexico","tbcmp_PD_HA_IntHigh_2100","PD","HA","IntHigh","2100",4742.20775582772
"031002070205",1200,1074621.53405183,"Mud Creek-Frontal Gulf of Mexico","tbcmp_PD_HA_IntHigh_2100","PD","HA","IntHigh","2100",1062.17956593057
"031002070205",1800,6468.3993575752,"Mud Creek-Frontal Gulf of Mexico","tbcmp_PD_HA_IntHigh_2100","PD","HA","IntHigh","2100",6.3935082298132
"031002070205",1900,1751962.99882113,"Mud Creek-Frontal Gulf of Mexico","tbcmp_PD_HA_IntHigh_2100","PD","HA","IntHigh","2100",1731.67877122078
"031002070205",2100,248206.811005452,"Mud Creek-Frontal Gulf of Mexico","tbcmp_PD_HA_IntHigh_2100","PD","HA","IntHigh","2100",245.333072547631
"031002070205",2400,36580.785698209,"Mud Creek-Frontal Gulf of Mexico","tbcmp_PD_HA_IntHigh_2100","PD","HA","IntHigh","2100",36.1572533613952
"031002070205",3200,580419.988537205,"Mud Creek-Frontal Gulf of Mexico","tbcmp_PD_HA_IntHigh_2100","PD","HA","IntHigh","2100",573.699885909922
"031002070205",4100,5864660.32284597,"Mud Creek-Frontal Gulf of Mexico","tbcmp_PD_HA_IntHigh_2100","PD","HA","IntHigh","2100",5796.75928562806
"031002070205",4400,531742.045344152,"Mud Creek-Frontal Gulf of Mexico","tbcmp_PD_HA_IntHigh_2100","PD","HA","IntHigh","2100",525.585535943157
"031002070205",5200,58066.359361676,"Mud Creek-Frontal Gulf of Mexico","tbcmp_PD_HA_IntHigh_2100","PD","HA","IntHigh","2100",57.3940670529865
"031002070205",5400,651986.135526582,"Mud Creek-Frontal Gulf of Mexico","tbcmp_PD_HA_IntHigh_2100","PD","HA","IntHigh","2100",644.437440049455
"031002070205",6110,860104.533122295,"Mud Creek-Frontal Gulf of Mexico","tbcmp_PD_HA_IntHigh_2100","PD","HA","IntHigh","2100",850.146242837805
"031002070205",6120,5073313.84856073,"Mud Creek-Frontal Gulf of Mexico","tbcmp_PD_HA_IntHigh_2100","PD","HA","IntHigh","2100",5014.5750208221
"031002070205",6410,753078.287194808,"Mud Creek-Frontal Gulf of Mexico","tbcmp_PD_HA_IntHigh_2100","PD","HA","IntHigh","2100",744.359146785667
"031002070205",6420,729005.819108482,"Mud Creek-Frontal Gulf of Mexico","tbcmp_PD_HA_IntHigh_2100","PD","HA","IntHigh","2100",720.565389734844
"031002070205",6425,1924.02460839693,"Mud Creek-Frontal Gulf of Mexico","tbcmp_PD_HA_IntHigh_2100","PD","HA","IntHigh","2100",1.90174825148091
"031002070205",6510,1237.6838836647,"Mud Creek-Frontal Gulf of Mexico","tbcmp_PD_HA_IntHigh_2100","PD","HA","IntHigh","2100",1.22335397965963
"031002070205",6600,1933944.36762697,"Mud Creek-Frontal Gulf of Mexico","tbcmp_PD_HA_IntHigh_2100","PD","HA","IntHigh","2100",1911.55315973858
"031002070205",9113,14872884.4599384,"Mud Creek-Frontal Gulf of Mexico","tbcmp_PD_HA_IntHigh_2100","PD","HA","IntHigh","2100",14700.6862036612
"031002070301",1100,1685441.75829461,"Horse Lake","tbcmp_PD_HA_IntHigh_2100","PD","HA","IntHigh","2100",1665.92771361707
"031002070301",1200,2413463.2991168,"Horse Lake","tbcmp_PD_HA_IntHigh_2100","PD","HA","IntHigh","2100",2385.52022103963
"031002070301",1800,136040.443452438,"Horse Lake","tbcmp_PD_HA_IntHigh_2100","PD","HA","IntHigh","2100",134.465367198146
"031002070301",1820,221932.35125934,"Horse Lake","tbcmp_PD_HA_IntHigh_2100","PD","HA","IntHigh","2100",219.362818496459
"031002070301",1900,575125.468941387,"Horse Lake","tbcmp_PD_HA_IntHigh_2100","PD","HA","IntHigh","2100",568.466666261984
"031002070301",2100,1568644.22687884,"Horse Lake","tbcmp_PD_HA_IntHigh_2100","PD","HA","IntHigh","2100",1550.48246402003
"031002070301",2200,9816.11202289723,"Horse Lake","tbcmp_PD_HA_IntHigh_2100","PD","HA","IntHigh","2100",9.70246107789612
"031002070301",2400,1487,"Horse Lake","tbcmp_PD_HA_IntHigh_2100","PD","HA","IntHigh","2100",1.469783514
"031002070301",3200,169470.856173856,"Horse Lake","tbcmp_PD_HA_IntHigh_2100","PD","HA","IntHigh","2100",167.508722601075
"031002070301",4100,3391965.90755062,"Horse Lake","tbcmp_PD_HA_IntHigh_2100","PD","HA","IntHigh","2100",3352.693726273
"031002070301",4400,164276.900676218,"Horse Lake","tbcmp_PD_HA_IntHigh_2100","PD","HA","IntHigh","2100",162.374902720188
"031002070301",5200,159965.484095901,"Horse Lake","tbcmp_PD_HA_IntHigh_2100","PD","HA","IntHigh","2100",158.113403721039
"031002070301",6110,118617.074470579,"Horse Lake","tbcmp_PD_HA_IntHigh_2100","PD","HA","IntHigh","2100",117.243725982358
"031002070301",6410,247695.796143267,"Horse Lake","tbcmp_PD_HA_IntHigh_2100","PD","HA","IntHigh","2100",244.82797421552
"031002070302",1100,6305977.10896868,"Town of Norman","tbcmp_PD_HA_IntHigh_2100","PD","HA","IntHigh","2100",6232.96650600104
"031002070302",1200,11109578.9352155,"Town of Norman","tbcmp_PD_HA_IntHigh_2100","PD","HA","IntHigh","2100",10980.9522303035
"031002070302",1800,27161,"Town of Norman","tbcmp_PD_HA_IntHigh_2100","PD","HA","IntHigh","2100",26.846529942
"031002070302",1820,374294.969644266,"Town of Norman","tbcmp_PD_HA_IntHigh_2100","PD","HA","IntHigh","2100",369.961382485724
"031002070302",1900,938652.305017544,"Town of Norman","tbcmp_PD_HA_IntHigh_2100","PD","HA","IntHigh","2100",927.784588630051
"031002070302",2100,1235512.07499864,"Town of Norman","tbcmp_PD_HA_IntHigh_2100","PD","HA","IntHigh","2100",1221.20731619431
"031002070302",2200,15247,"Town of Norman","tbcmp_PD_HA_IntHigh_2100","PD","HA","IntHigh","2100",15.070470234
"031002070302",2400,66366,"Town of Norman","tbcmp_PD_HA_IntHigh_2100","PD","HA","IntHigh","2100",65.597614452
"031002070302",3200,57486.442036934,"Town of Norman","tbcmp_PD_HA_IntHigh_2100","PD","HA","IntHigh","2100",56.8208640110304
"031002070302",4100,4102730.02619795,"Town of Norman","tbcmp_PD_HA_IntHigh_2100","PD","HA","IntHigh","2100",4055.22861795463
"031002070302",4400,229085.050436307,"Town of Norman","tbcmp_PD_HA_IntHigh_2100","PD","HA","IntHigh","2100",226.432703722355
"031002070302",5200,139983.987282288,"Town of Norman","tbcmp_PD_HA_IntHigh_2100","PD","HA","IntHigh","2100",138.363252677533
"031002070302",6110,79932,"Town of Norman","tbcmp_PD_HA_IntHigh_2100","PD","HA","IntHigh","2100",79.006547304
"031002070302",6410,341776.729620911,"Town of Norman","tbcmp_PD_HA_IntHigh_2100","PD","HA","IntHigh","2100",337.81963864536
"031002070303",1100,2389047.78601155,"Weeki Wachee River","tbcmp_PD_HA_IntHigh_2100","PD","HA","IntHigh","2100",2361.38739074511
"031002070303",1200,8001865.58946052,"Weeki Wachee River","tbcmp_PD_HA_IntHigh_2100","PD","HA","IntHigh","2100",7909.21998966575
"031002070303",1800,244027.165458895,"Weeki Wachee River","tbcmp_PD_HA_IntHigh_2100","PD","HA","IntHigh","2100",241.201818937212
"031002070303",1820,410178.497684277,"Weeki Wachee River","tbcmp_PD_HA_IntHigh_2100","PD","HA","IntHigh","2100",405.429451038089
"031002070303",1900,791365.080192486,"Weeki Wachee River","tbcmp_PD_HA_IntHigh_2100","PD","HA","IntHigh","2100",782.202655294017
"031002070303",2100,26396,"Weeki Wachee River","tbcmp_PD_HA_IntHigh_2100","PD","HA","IntHigh","2100",26.090387112
"031002070303",2400,4643,"Weeki Wachee River","tbcmp_PD_HA_IntHigh_2100","PD","HA","IntHigh","2100",4.589243346
"031002070303",3200,700675.935594716,"Weeki Wachee River","tbcmp_PD_HA_IntHigh_2100","PD","HA","IntHigh","2100",692.563509612401
"031002070303",4100,4666927.11401953,"Weeki Wachee River","tbcmp_PD_HA_IntHigh_2100","PD","HA","IntHigh","2100",4612.89343189342
"031002070303",4400,159649.954655688,"Weeki Wachee River","tbcmp_PD_HA_IntHigh_2100","PD","HA","IntHigh","2100",157.801527480684
"031002070303",5200,468286.146788903,"Weeki Wachee River","tbcmp_PD_HA_IntHigh_2100","PD","HA","IntHigh","2100",462.864329781381
"031002070303",5400,194651.122650459,"Weeki Wachee River","tbcmp_PD_HA_IntHigh_2100","PD","HA","IntHigh","2100",192.397451952412
"031002070303",6110,1341558.98442468,"Weeki Wachee River","tbcmp_PD_HA_IntHigh_2100","PD","HA","IntHigh","2100",1326.02641450301
"031002070303",6120,651753.343540197,"Weeki Wachee River","tbcmp_PD_HA_IntHigh_2100","PD","HA","IntHigh","2100",644.207343328688
"031002070303",6410,1565961.71280526,"Weeki Wachee River","tbcmp_PD_HA_IntHigh_2100","PD","HA","IntHigh","2100",1547.8310080944
"031002070303",6420,191693.196883917,"Weeki Wachee River","tbcmp_PD_HA_IntHigh_2100","PD","HA","IntHigh","2100",189.473773050395
"031002070303",6425,163764.443204262,"Weeki Wachee River","tbcmp_PD_HA_IntHigh_2100","PD","HA","IntHigh","2100",161.868378480844
"031002070303",6510,168585.340127379,"Weeki Wachee River","tbcmp_PD_HA_IntHigh_2100","PD","HA","IntHigh","2100",166.633459059385
"031002070303",6600,598660.790975675,"Weeki Wachee River","tbcmp_PD_HA_IntHigh_2100","PD","HA","IntHigh","2100",591.729496337759
"031002070303",9113,1957509.45306913,"Weeki Wachee River","tbcmp_PD_HA_IntHigh_2100","PD","HA","IntHigh","2100",1934.8454086215
"031002070304",0,11,"Jenkins Creek-Frontal Gulf of Mexico","tbcmp_PD_HA_IntHigh_2100","PD","HA","IntHigh","2100",0.010872642
"031002070304",1100,65138.9169527468,"Jenkins Creek-Frontal Gulf of Mexico","tbcmp_PD_HA_IntHigh_2100","PD","HA","IntHigh","2100",64.3847385722679
"031002070304",1200,2308532.22251898,"Jenkins Creek-Frontal Gulf of Mexico","tbcmp_PD_HA_IntHigh_2100","PD","HA","IntHigh","2100",2281.80403644665
"031002070304",1800,41317,"Jenkins Creek-Frontal Gulf of Mexico","tbcmp_PD_HA_IntHigh_2100","PD","HA","IntHigh","2100",40.838631774
"031002070304",1820,84142.9756060042,"Jenkins Creek-Frontal Gulf of Mexico","tbcmp_PD_HA_IntHigh_2100","PD","HA","IntHigh","2100",83.1687682344378
"031002070304",1900,418267.42851601,"Jenkins Creek-Frontal Gulf of Mexico","tbcmp_PD_HA_IntHigh_2100","PD","HA","IntHigh","2100",413.424728228651
"031002070304",3200,407628.724786873,"Jenkins Creek-Frontal Gulf of Mexico","tbcmp_PD_HA_IntHigh_2100","PD","HA","IntHigh","2100",402.909199411291
"031002070304",4100,712458.069883563,"Jenkins Creek-Frontal Gulf of Mexico","tbcmp_PD_HA_IntHigh_2100","PD","HA","IntHigh","2100",704.209230350451
"031002070304",4400,107005.687284732,"Jenkins Creek-Frontal Gulf of Mexico","tbcmp_PD_HA_IntHigh_2100","PD","HA","IntHigh","2100",105.766775437349
"031002070304",5200,69471,"Jenkins Creek-Frontal Gulf of Mexico","tbcmp_PD_HA_IntHigh_2100","PD","HA","IntHigh","2100",68.666664762
"031002070304",5400,1172161.05887334,"Jenkins Creek-Frontal Gulf of Mexico","tbcmp_PD_HA_IntHigh_2100","PD","HA","IntHigh","2100",1158.5897781337
"031002070304",6110,1475987.2120673,"Jenkins Creek-Frontal Gulf of Mexico","tbcmp_PD_HA_IntHigh_2100","PD","HA","IntHigh","2100",1458.89823212598
"031002070304",6120,1128492.54746858,"Jenkins Creek-Frontal Gulf of Mexico","tbcmp_PD_HA_IntHigh_2100","PD","HA","IntHigh","2100",1115.42686075399
"031002070304",6410,53657,"Jenkins Creek-Frontal Gulf of Mexico","tbcmp_PD_HA_IntHigh_2100","PD","HA","IntHigh","2100",53.035759254
"031002070304",6420,146794.839386864,"Jenkins Creek-Frontal Gulf of Mexico","tbcmp_PD_HA_IntHigh_2100","PD","HA","IntHigh","2100",145.095248736443
"031002070304",6425,6.61531573534012,"Jenkins Creek-Frontal Gulf of Mexico","tbcmp_PD_HA_IntHigh_2100","PD","HA","IntHigh","2100",0.00653872360975635
"031002070304",6510,1157.8111563921,"Jenkins Creek-Frontal Gulf of Mexico","tbcmp_PD_HA_IntHigh_2100","PD","HA","IntHigh","2100",1.14440601882339
"031002070304",6600,411054.523751447,"Jenkins Creek-Frontal Gulf of Mexico","tbcmp_PD_HA_IntHigh_2100","PD","HA","IntHigh","2100",406.295334475453
"031002070304",7100,1023.44743150083,"Jenkins Creek-Frontal Gulf of Mexico","tbcmp_PD_HA_IntHigh_2100","PD","HA","IntHigh","2100",1.01159795713891
"031002070304",9113,3759010.91074049,"Jenkins Creek-Frontal Gulf of Mexico","tbcmp_PD_HA_IntHigh_2100","PD","HA","IntHigh","2100",3715.48908241594
"031002070305",1100,5712498.40311806,"Indian Creek-Frontal Gulf of Mexico","tbcmp_PD_HA_IntHigh_2100","PD","HA","IntHigh","2100",5646.35909660676
"031002070305",1200,15078328.5559575,"Indian Creek-Frontal Gulf of Mexico","tbcmp_PD_HA_IntHigh_2100","PD","HA","IntHigh","2100",14903.7516679366
"031002070305",1800,144152,"Indian Creek-Frontal Gulf of Mexico","tbcmp_PD_HA_IntHigh_2100","PD","HA","IntHigh","2100",142.483008144
"031002070305",1820,650511.557064808,"Indian Creek-Frontal Gulf of Mexico","tbcmp_PD_HA_IntHigh_2100","PD","HA","IntHigh","2100",642.979934257112
"031002070305",1900,1125745.94641466,"Indian Creek-Frontal Gulf of Mexico","tbcmp_PD_HA_IntHigh_2100","PD","HA","IntHigh","2100",1112.71205984707
"031002070305",2100,398832.409179629,"Indian Creek-Frontal Gulf of Mexico","tbcmp_PD_HA_IntHigh_2100","PD","HA","IntHigh","2100",394.214727546147
"031002070305",2400,48493,"Indian Creek-Frontal Gulf of Mexico","tbcmp_PD_HA_IntHigh_2100","PD","HA","IntHigh","2100",47.931548046
"031002070305",3200,9690.82883105899,"Indian Creek-Frontal Gulf of Mexico","tbcmp_PD_HA_IntHigh_2100","PD","HA","IntHigh","2100",9.57862841485298
"031002070305",4100,1821011.23967811,"Indian Creek-Frontal Gulf of Mexico","tbcmp_PD_HA_IntHigh_2100","PD","HA","IntHigh","2100",1799.92757154512
"031002070305",4400,39034.3127154766,"Indian Creek-Frontal Gulf of Mexico","tbcmp_PD_HA_IntHigh_2100","PD","HA","IntHigh","2100",38.5823734428569
"031002070305",5200,483671.537427031,"Indian Creek-Frontal Gulf of Mexico","tbcmp_PD_HA_IntHigh_2100","PD","HA","IntHigh","2100",478.0715883667
"031002070305",5400,125685.994693497,"Indian Creek-Frontal Gulf of Mexico","tbcmp_PD_HA_IntHigh_2100","PD","HA","IntHigh","2100",124.230802246935
"031002070305",6110,590385.607973539,"Indian Creek-Frontal Gulf of Mexico","tbcmp_PD_HA_IntHigh_2100","PD","HA","IntHigh","2100",583.550123404422
"031002070305",6120,161010.40680396,"Indian Creek-Frontal Gulf of Mexico","tbcmp_PD_HA_IntHigh_2100","PD","HA","IntHigh","2100",159.146228313984
"031002070305",6410,1579187,"Indian Creek-Frontal Gulf of Mexico","tbcmp_PD_HA_IntHigh_2100","PD","HA","IntHigh","2100",1560.903172914
"031002070305",6420,28452.1673606415,"Indian Creek-Frontal Gulf of Mexico","tbcmp_PD_HA_IntHigh_2100","PD","HA","IntHigh","2100",28.12274816694
"031002070305",6600,94149.9381543351,"Indian Creek-Frontal Gulf of Mexico","tbcmp_PD_HA_IntHigh_2100","PD","HA","IntHigh","2100",93.0598701703842
"031002070305",7100,2148,"Indian Creek-Frontal Gulf of Mexico","tbcmp_PD_HA_IntHigh_2100","PD","HA","IntHigh","2100",2.123130456
"031002070305",9113,463697.568529374,"Indian Creek-Frontal Gulf of Mexico","tbcmp_PD_HA_IntHigh_2100","PD","HA","IntHigh","2100",458.328878080941
"031002070306",0,27,"Fillman Bayou-Frontal Gulf of Mexico","tbcmp_PD_HA_IntHigh_2100","PD","HA","IntHigh","2100",0.026687394
"031002070306",1100,7738990.07554486,"Fillman Bayou-Frontal Gulf of Mexico","tbcmp_PD_HA_IntHigh_2100","PD","HA","IntHigh","2100",7649.38804845021
"031002070306",1200,6835779.93516176,"Fillman Bayou-Frontal Gulf of Mexico","tbcmp_PD_HA_IntHigh_2100","PD","HA","IntHigh","2100",6756.63527507246
"031002070306",1800,125013.782048984,"Fillman Bayou-Frontal Gulf of Mexico","tbcmp_PD_HA_IntHigh_2100","PD","HA","IntHigh","2100",123.566372480421
"031002070306",1820,66508.9805006362,"Fillman Bayou-Frontal Gulf of Mexico","tbcmp_PD_HA_IntHigh_2100","PD","HA","IntHigh","2100",65.7389395243999
"031002070306",1900,1348563.29104982,"Fillman Bayou-Frontal Gulf of Mexico","tbcmp_PD_HA_IntHigh_2100","PD","HA","IntHigh","2100",1332.94962526604
"031002070306",2100,661667.436694926,"Fillman Bayou-Frontal Gulf of Mexico","tbcmp_PD_HA_IntHigh_2100","PD","HA","IntHigh","2100",654.006651112872
"031002070306",2200,10009,"Fillman Bayou-Frontal Gulf of Mexico","tbcmp_PD_HA_IntHigh_2100","PD","HA","IntHigh","2100",9.893115798
"031002070306",2400,75581.4809186934,"Fillman Bayou-Frontal Gulf of Mexico","tbcmp_PD_HA_IntHigh_2100","PD","HA","IntHigh","2100",74.7063985326168
"031002070306",3200,188094.096233656,"Fillman Bayou-Frontal Gulf of Mexico","tbcmp_PD_HA_IntHigh_2100","PD","HA","IntHigh","2100",185.916342787463
"031002070306",4100,4206981.23027876,"Fillman Bayou-Frontal Gulf of Mexico","tbcmp_PD_HA_IntHigh_2100","PD","HA","IntHigh","2100",4158.2728015946
"031002070306",4400,446659.14900093,"Fillman Bayou-Frontal Gulf of Mexico","tbcmp_PD_HA_IntHigh_2100","PD","HA","IntHigh","2100",441.487729373798
"031002070306",5200,131661,"Fillman Bayou-Frontal Gulf of Mexico","tbcmp_PD_HA_IntHigh_2100","PD","HA","IntHigh","2100",130.136628942
"031002070306",5400,511026.539328969,"Fillman Bayou-Frontal Gulf of Mexico","tbcmp_PD_HA_IntHigh_2100","PD","HA","IntHigh","2100",505.109874056619
"031002070306",6110,493707.013023907,"Fillman Bayou-Frontal Gulf of Mexico","tbcmp_PD_HA_IntHigh_2100","PD","HA","IntHigh","2100",487.990873227117
"031002070306",6120,611514.490407167,"Fillman Bayou-Frontal Gulf of Mexico","tbcmp_PD_HA_IntHigh_2100","PD","HA","IntHigh","2100",604.434375637233
"031002070306",6410,457815,"Fillman Bayou-Frontal Gulf of Mexico","tbcmp_PD_HA_IntHigh_2100","PD","HA","IntHigh","2100",452.51441793
"031002070306",6420,96952.5981736164,"Fillman Bayou-Frontal Gulf of Mexico","tbcmp_PD_HA_IntHigh_2100","PD","HA","IntHigh","2100",95.8300809919623
"031002070306",6600,205446.371524043,"Fillman Bayou-Frontal Gulf of Mexico","tbcmp_PD_HA_IntHigh_2100","PD","HA","IntHigh","2100",203.067713434538
"031002070306",9113,3200708.71867242,"Fillman Bayou-Frontal Gulf of Mexico","tbcmp_PD_HA_IntHigh_2100","PD","HA","IntHigh","2100",3163.65091312763
"031002070307",0,14,"Double Hammock Creek-Frontal Gulf of Mexico","tbcmp_PD_HA_IntHigh_2100","PD","HA","IntHigh","2100",0.013837908
"031002070307",1100,4379205.28434331,"Double Hammock Creek-Frontal Gulf of Mexico","tbcmp_PD_HA_IntHigh_2100","PD","HA","IntHigh","2100",4328.50284556118
"031002070307",1200,13279854.0274552,"Double Hammock Creek-Frontal Gulf of Mexico","tbcmp_PD_HA_IntHigh_2100","PD","HA","IntHigh","2100",13126.0998775253
"031002070307",1800,69394.8992590033,"Double Hammock Creek-Frontal Gulf of Mexico","tbcmp_PD_HA_IntHigh_2100","PD","HA","IntHigh","2100",68.5914451153825
"031002070307",1820,261271.789592234,"Double Hammock Creek-Frontal Gulf of Mexico","tbcmp_PD_HA_IntHigh_2100","PD","HA","IntHigh","2100",258.246784812335
"031002070307",1900,795191.709302878,"Double Hammock Creek-Frontal Gulf of Mexico","tbcmp_PD_HA_IntHigh_2100","PD","HA","IntHigh","2100",785.98497969257
"031002070307",2100,359183.595833885,"Double Hammock Creek-Frontal Gulf of Mexico","tbcmp_PD_HA_IntHigh_2100","PD","HA","IntHigh","2100",355.024968161321
"031002070307",2400,3827.51908151578,"Double Hammock Creek-Frontal Gulf of Mexico","tbcmp_PD_HA_IntHigh_2100","PD","HA","IntHigh","2100",3.78320406558999
"031002070307",3200,417098.482773316,"Double Hammock Creek-Frontal Gulf of Mexico","tbcmp_PD_HA_IntHigh_2100","PD","HA","IntHigh","2100",412.269316539766
"031002070307",4100,2569432.80187506,"Double Hammock Creek-Frontal Gulf of Mexico","tbcmp_PD_HA_IntHigh_2100","PD","HA","IntHigh","2100",2539.68390889495
"031002070307",4400,492595.897687622,"Double Hammock Creek-Frontal Gulf of Mexico","tbcmp_PD_HA_IntHigh_2100","PD","HA","IntHigh","2100",486.892622384195
"031002070307",5200,1045257.01555547,"Double Hammock Creek-Frontal Gulf of Mexico","tbcmp_PD_HA_IntHigh_2100","PD","HA","IntHigh","2100",1033.15502982936
"031002070307",5400,437840.463591656,"Double Hammock Creek-Frontal Gulf of Mexico","tbcmp_PD_HA_IntHigh_2100","PD","HA","IntHigh","2100",432.771146704192
"031002070307",6110,5216061.42163885,"Double Hammock Creek-Frontal Gulf of Mexico","tbcmp_PD_HA_IntHigh_2100","PD","HA","IntHigh","2100",5155.66986249912
"031002070307",6120,588928.930237768,"Double Hammock Creek-Frontal Gulf of Mexico","tbcmp_PD_HA_IntHigh_2100","PD","HA","IntHigh","2100",582.110311083475
"031002070307",6410,2091540,"Double Hammock Creek-Frontal Gulf of Mexico","tbcmp_PD_HA_IntHigh_2100","PD","HA","IntHigh","2100",2067.32414988
"031002070307",6420,32600.9738734227,"Double Hammock Creek-Frontal Gulf of Mexico","tbcmp_PD_HA_IntHigh_2100","PD","HA","IntHigh","2100",32.2235197979162
"031002070307",6600,63812.9622089066,"Double Hammock Creek-Frontal Gulf of Mexico","tbcmp_PD_HA_IntHigh_2100","PD","HA","IntHigh","2100",63.0741357324519
"031002070307",9113,2215496.26819772,"Double Hammock Creek-Frontal Gulf of Mexico","tbcmp_PD_HA_IntHigh_2100","PD","HA","IntHigh","2100",2189.84525240453
"031002070401",1100,7278305.06165031,"Hancock Lake","tbcmp_PD_HA_IntHigh_2100","PD","HA","IntHigh","2100",7194.03684564652
"031002070401",1200,1081119.99363571,"Hancock Lake","tbcmp_PD_HA_IntHigh_2100","PD","HA","IntHigh","2100",1068.6027863494
"031002070401",1800,16415,"Hancock Lake","tbcmp_PD_HA_IntHigh_2100","PD","HA","IntHigh","2100",16.22494713
"031002070401",1820,106585.088898998,"Hancock Lake","tbcmp_PD_HA_IntHigh_2100","PD","HA","IntHigh","2100",105.351046739725
"031002070401",1900,1468919.42932659,"Hancock Lake","tbcmp_PD_HA_IntHigh_2100","PD","HA","IntHigh","2100",1451.91228017385
"031002070401",2100,12114321.3729771,"Hancock Lake","tbcmp_PD_HA_IntHigh_2100","PD","HA","IntHigh","2100",11974.0617601208
"031002070401",2200,136659.272513395,"Hancock Lake","tbcmp_PD_HA_IntHigh_2100","PD","HA","IntHigh","2100",135.077031456235
"031002070401",2400,166923.68838025,"Hancock Lake","tbcmp_PD_HA_IntHigh_2100","PD","HA","IntHigh","2100",164.991045916183
"031002070401",3200,153294,"Hancock Lake","tbcmp_PD_HA_IntHigh_2100","PD","HA","IntHigh","2100",151.519162068
"031002070401",4100,7930637.02400561,"Hancock Lake","tbcmp_PD_HA_IntHigh_2100","PD","HA","IntHigh","2100",7838.81610854168
"031002070401",4400,3029557.93699032,"Hancock Lake","tbcmp_PD_HA_IntHigh_2100","PD","HA","IntHigh","2100",2994.48171519585
"031002070401",5200,1108832.79704369,"Hancock Lake","tbcmp_PD_HA_IntHigh_2100","PD","HA","IntHigh","2100",1095.99473091952
"031002070401",6110,1270561.73087165,"Hancock Lake","tbcmp_PD_HA_IntHigh_2100","PD","HA","IntHigh","2100",1255.85116715162
"031002070401",6410,1358162.14640482,"Hancock Lake","tbcmp_PD_HA_IntHigh_2100","PD","HA","IntHigh","2100",1342.43734507375
"031002070402",1100,1230708.41612084,"Raft Lake","tbcmp_PD_HA_IntHigh_2100","PD","HA","IntHigh","2100",1216.45927407899
"031002070402",1200,167147.100885393,"Raft Lake","tbcmp_PD_HA_IntHigh_2100","PD","HA","IntHigh","2100",165.211871751342
"031002070402",1800,43559.7689747326,"Raft Lake","tbcmp_PD_HA_IntHigh_2100","PD","HA","IntHigh","2100",43.0554339695431
"031002070402",1820,44105,"Raft Lake","tbcmp_PD_HA_IntHigh_2100","PD","HA","IntHigh","2100",43.59435231
"031002070402",1900,634286.932729926,"Raft Lake","tbcmp_PD_HA_IntHigh_2100","PD","HA","IntHigh","2100",626.943158622779
"031002070402",2100,4428904.29789034,"Raft Lake","tbcmp_PD_HA_IntHigh_2100","PD","HA","IntHigh","2100",4377.62644392937
"031002070402",2200,133019.942896099,"Raft Lake","tbcmp_PD_HA_IntHigh_2100","PD","HA","IntHigh","2100",131.479837997248
"031002070402",2400,93748.561620403,"Raft Lake","tbcmp_PD_HA_IntHigh_2100","PD","HA","IntHigh","2100",92.663140773962
"031002070402",3200,1041521.4043093,"Raft Lake","tbcmp_PD_HA_IntHigh_2100","PD","HA","IntHigh","2100",1029.46266949021
"031002070402",4100,4979440.44138321,"Raft Lake","tbcmp_PD_HA_IntHigh_2100","PD","HA","IntHigh","2100",4921.78847995287
"031002070402",4400,3748185.2080595,"Raft Lake","tbcmp_PD_HA_IntHigh_2100","PD","HA","IntHigh","2100",3704.78871972059
"031002070402",5200,297068.636690881,"Raft Lake","tbcmp_PD_HA_IntHigh_2100","PD","HA","IntHigh","2100",293.629176015274
"031002070402",6110,923501.763742513,"Raft Lake","tbcmp_PD_HA_IntHigh_2100","PD","HA","IntHigh","2100",912.809460321902
"031002070402",6410,3226738.65842265,"Raft Lake","tbcmp_PD_HA_IntHigh_2100","PD","HA","IntHigh","2100",3189.37947823544
"031002070403",1100,3809839.79873077,"Crews Lake","tbcmp_PD_HA_IntHigh_2100","PD","HA","IntHigh","2100",3765.72947354106
"031002070403",1200,5507929.98644507,"Crews Lake","tbcmp_PD_HA_IntHigh_2100","PD","HA","IntHigh","2100",5444.15917306201
"031002070403",1800,93428.6643703579,"Crews Lake","tbcmp_PD_HA_IntHigh_2100","PD","HA","IntHigh","2100",92.3469472942779
"031002070403",1820,67653.4341468096,"Crews Lake","tbcmp_PD_HA_IntHigh_2100","PD","HA","IntHigh","2100",66.8701426862579
"031002070403",1900,964789.742893408,"Crews Lake","tbcmp_PD_HA_IntHigh_2100","PD","HA","IntHigh","2100",953.619407250188
"031002070403",2100,3597709.85689175,"Crews Lake","tbcmp_PD_HA_IntHigh_2100","PD","HA","IntHigh","2100",3556.05557216866
"031002070403",2400,9318.88995167559,"Crews Lake","tbcmp_PD_HA_IntHigh_2100","PD","HA","IntHigh","2100",9.21099584381509
"031002070403",3200,7024.70178875823,"Crews Lake","tbcmp_PD_HA_IntHigh_2100","PD","HA","IntHigh","2100",6.94336979144799
"031002070403",4100,2548368.72143078,"Crews Lake","tbcmp_PD_HA_IntHigh_2100","PD","HA","IntHigh","2100",2518.86370837405
"031002070403",4400,282868.950734729,"Crews Lake","tbcmp_PD_HA_IntHigh_2100","PD","HA","IntHigh","2100",279.593894023122
"031002070403",5200,231526.688000689,"Crews Lake","tbcmp_PD_HA_IntHigh_2100","PD","HA","IntHigh","2100",228.846072007017
"031002070403",6110,246113.183954931,"Crews Lake","tbcmp_PD_HA_IntHigh_2100","PD","HA","IntHigh","2100",243.263685511101
"031002070403",6410,1053565.98266323,"Crews Lake","tbcmp_PD_HA_IntHigh_2100","PD","HA","IntHigh","2100",1041.36779571595
"031002070404",0,10,"Pithlachascotee River","tbcmp_PD_HA_IntHigh_2100","PD","HA","IntHigh","2100",0.00988422
"031002070404",1100,1108939.82567531,"Pithlachascotee River","tbcmp_PD_HA_IntHigh_2100","PD","HA","IntHigh","2100",1096.10052037364
"031002070404",1200,10007934.8702161,"Pithlachascotee River","tbcmp_PD_HA_IntHigh_2100","PD","HA","IntHigh","2100",9892.06300028871
"031002070404",1800,374967.27339725,"Pithlachascotee River","tbcmp_PD_HA_IntHigh_2100","PD","HA","IntHigh","2100",370.625902305857
"031002070404",1820,374972.8577584,"Pithlachascotee River","tbcmp_PD_HA_IntHigh_2100","PD","HA","IntHigh","2100",370.631422011273
"031002070404",1900,1915091.32155787,"Pithlachascotee River","tbcmp_PD_HA_IntHigh_2100","PD","HA","IntHigh","2100",1892.91839423687
"031002070404",2100,2408588.56272987,"Pithlachascotee River","tbcmp_PD_HA_IntHigh_2100","PD","HA","IntHigh","2100",2380.70192435058
"031002070404",2400,6543.54842782366,"Pithlachascotee River","tbcmp_PD_HA_IntHigh_2100","PD","HA","IntHigh","2100",6.46778722412632
"031002070404",3200,2193821.79770977,"Pithlachascotee River","tbcmp_PD_HA_IntHigh_2100","PD","HA","IntHigh","2100",2168.42172893588
"031002070404",4100,5343561.072826,"Pithlachascotee River","tbcmp_PD_HA_IntHigh_2100","PD","HA","IntHigh","2100",5281.69332272482
"031002070404",4400,1400928.95254369,"Pithlachascotee River","tbcmp_PD_HA_IntHigh_2100","PD","HA","IntHigh","2100",1384.70899713113
"031002070404",5200,981057.051526907,"Pithlachascotee River","tbcmp_PD_HA_IntHigh_2100","PD","HA","IntHigh","2100",969.698372984329
"031002070404",5400,422251.219260653,"Pithlachascotee River","tbcmp_PD_HA_IntHigh_2100","PD","HA","IntHigh","2100",417.362394644053
"031002070404",6110,7852936.0058868,"Pithlachascotee River","tbcmp_PD_HA_IntHigh_2100","PD","HA","IntHigh","2100",7762.01471281064
"031002070404",6120,220518.282170724,"Pithlachascotee River","tbcmp_PD_HA_IntHigh_2100","PD","HA","IntHigh","2100",217.965121499752
"031002070404",6410,2823297.24850798,"Pithlachascotee River","tbcmp_PD_HA_IntHigh_2100","PD","HA","IntHigh","2100",2790.60911296475
"031002070404",6420,42475.5091570467,"Pithlachascotee River","tbcmp_PD_HA_IntHigh_2100","PD","HA","IntHigh","2100",41.9837277120264
"031002070404",6425,17946,"Pithlachascotee River","tbcmp_PD_HA_IntHigh_2100","PD","HA","IntHigh","2100",17.738221212
"031002070404",6510,5561,"Pithlachascotee River","tbcmp_PD_HA_IntHigh_2100","PD","HA","IntHigh","2100",5.496614742
"031002070404",6600,71232.0377911245,"Pithlachascotee River","tbcmp_PD_HA_IntHigh_2100","PD","HA","IntHigh","2100",70.4073132575789
"031002070404",9113,649456.311320696,"Pithlachascotee River","tbcmp_PD_HA_IntHigh_2100","PD","HA","IntHigh","2100",641.936906148225
"031002070501",1100,1133706.06708633,"Sandy Branch-Anclote River","tbcmp_PD_HA_IntHigh_2100","PD","HA","IntHigh","2100",1120.58001824161
"031002070501",1200,8577005.53300434,"Sandy Branch-Anclote River","tbcmp_PD_HA_IntHigh_2100","PD","HA","IntHigh","2100",8477.70096294322
"031002070501",1800,109292.052179764,"Sandy Branch-Anclote River","tbcmp_PD_HA_IntHigh_2100","PD","HA","IntHigh","2100",108.026668799627
"031002070501",1820,19033.5844843304,"Sandy Branch-Anclote River","tbcmp_PD_HA_IntHigh_2100","PD","HA","IntHigh","2100",18.8132136431709
"031002070501",1900,3339372.52894588,"Sandy Branch-Anclote River","tbcmp_PD_HA_IntHigh_2100","PD","HA","IntHigh","2100",3300.70927380574
"031002070501",2100,4093593.51644499,"Sandy Branch-Anclote River","tbcmp_PD_HA_IntHigh_2100","PD","HA","IntHigh","2100",4046.19789071159
"031002070501",2200,34825,"Sandy Branch-Anclote River","tbcmp_PD_HA_IntHigh_2100","PD","HA","IntHigh","2100",34.42179615
"031002070501",2400,14937,"Sandy Branch-Anclote River","tbcmp_PD_HA_IntHigh_2100","PD","HA","IntHigh","2100",14.764059414
"031002070501",3200,1393532.33903948,"Sandy Branch-Anclote River","tbcmp_PD_HA_IntHigh_2100","PD","HA","IntHigh","2100",1377.39802161808
"031002070501",4100,4725977.08851652,"Sandy Branch-Anclote River","tbcmp_PD_HA_IntHigh_2100","PD","HA","IntHigh","2100",4671.25972578567
"031002070501",4400,1674388.32396259,"Sandy Branch-Anclote River","tbcmp_PD_HA_IntHigh_2100","PD","HA","IntHigh","2100",1655.00225594775
"031002070501",5200,2448656.46287842,"Sandy Branch-Anclote River","tbcmp_PD_HA_IntHigh_2100","PD","HA","IntHigh","2100",2420.30591835122
"031002070501",6110,8550465.49713441,"Sandy Branch-Anclote River","tbcmp_PD_HA_IntHigh_2100","PD","HA","IntHigh","2100",8451.46820760859
"031002070501",6410,2820785.39274742,"Sandy Branch-Anclote River","tbcmp_PD_HA_IntHigh_2100","PD","HA","IntHigh","2100",2788.12633947019
"031002070502",0,173,"Oyster Creek-Frontal Gulf of Mexico","tbcmp_PD_HA_IntHigh_2100","PD","HA","IntHigh","2100",0.170997006
"031002070502",1100,992055.258359164,"Oyster Creek-Frontal Gulf of Mexico","tbcmp_PD_HA_IntHigh_2100","PD","HA","IntHigh","2100",980.569242577882
"031002070502",1200,16689695.0450446,"Oyster Creek-Frontal Gulf of Mexico","tbcmp_PD_HA_IntHigh_2100","PD","HA","IntHigh","2100",16496.4617558131
"031002070502",1800,235734.103870198,"Oyster Creek-Frontal Gulf of Mexico","tbcmp_PD_HA_IntHigh_2100","PD","HA","IntHigh","2100",233.004774415589
"031002070502",1820,813700,"Oyster Creek-Frontal Gulf of Mexico","tbcmp_PD_HA_IntHigh_2100","PD","HA","IntHigh","2100",804.2789814
"031002070502",1900,1138275.20900804,"Oyster Creek-Frontal Gulf of Mexico","tbcmp_PD_HA_IntHigh_2100","PD","HA","IntHigh","2100",1125.09625863814
"031002070502",2100,2486775.44156624,"Oyster Creek-Frontal Gulf of Mexico","tbcmp_PD_HA_IntHigh_2100","PD","HA","IntHigh","2100",2457.98355550379
"031002070502",2200,6833,"Oyster Creek-Frontal Gulf of Mexico","tbcmp_PD_HA_IntHigh_2100","PD","HA","IntHigh","2100",6.753887526
"031002070502",2400,2410,"Oyster Creek-Frontal Gulf of Mexico","tbcmp_PD_HA_IntHigh_2100","PD","HA","IntHigh","2100",2.38209702
"031002070502",3200,415725.565064457,"Oyster Creek-Frontal Gulf of Mexico","tbcmp_PD_HA_IntHigh_2100","PD","HA","IntHigh","2100",410.912294472141
"031002070502",4100,1930488.17106196,"Oyster Creek-Frontal Gulf of Mexico","tbcmp_PD_HA_IntHigh_2100","PD","HA","IntHigh","2100",1908.1369790174
"031002070502",4400,385425.982681315,"Oyster Creek-Frontal Gulf of Mexico","tbcmp_PD_HA_IntHigh_2100","PD","HA","IntHigh","2100",380.96352065383
"031002070502",5200,1589061.66101786,"Oyster Creek-Frontal Gulf of Mexico","tbcmp_PD_HA_IntHigh_2100","PD","HA","IntHigh","2100",1570.6635051066
"031002070502",5400,1270205.44128006,"Oyster Creek-Frontal Gulf of Mexico","tbcmp_PD_HA_IntHigh_2100","PD","HA","IntHigh","2100",1255.49900268092
"031002070502",6110,4282158.35656735,"Oyster Creek-Frontal Gulf of Mexico","tbcmp_PD_HA_IntHigh_2100","PD","HA","IntHigh","2100",4232.57952711502
"031002070502",6120,987797.63513265,"Oyster Creek-Frontal Gulf of Mexico","tbcmp_PD_HA_IntHigh_2100","PD","HA","IntHigh","2100",976.360914113085
"031002070502",6410,1416415.57977874,"Oyster Creek-Frontal Gulf of Mexico","tbcmp_PD_HA_IntHigh_2100","PD","HA","IntHigh","2100",1400.01632019606
"031002070502",6420,109398.351476148,"Oyster Creek-Frontal Gulf of Mexico","tbcmp_PD_HA_IntHigh_2100","PD","HA","IntHigh","2100",108.131737362757
"031002070502",6425,60756.9216425926,"Oyster Creek-Frontal Gulf of Mexico","tbcmp_PD_HA_IntHigh_2100","PD","HA","IntHigh","2100",60.0534780038147
"031002070502",6510,51867.4474811498,"Oyster Creek-Frontal Gulf of Mexico","tbcmp_PD_HA_IntHigh_2100","PD","HA","IntHigh","2100",51.2669261742131
"031002070502",6600,177932.785704501,"Oyster Creek-Frontal Gulf of Mexico","tbcmp_PD_HA_IntHigh_2100","PD","HA","IntHigh","2100",175.872679911614
"031002070502",9113,1742379.18027577,"Oyster Creek-Frontal Gulf of Mexico","tbcmp_PD_HA_IntHigh_2100","PD","HA","IntHigh","2100",1722.20591412654
"031002070503",0,31,"Anclote River-Frontal Gulf of Mexico","tbcmp_PD_HA_IntHigh_2100","PD","HA","IntHigh","2100",0.030641082
"031002070503",1100,720576.84789095,"Anclote River-Frontal Gulf of Mexico","tbcmp_PD_HA_IntHigh_2100","PD","HA","IntHigh","2100",712.234009146068
"031002070503",1200,22059769.0024089,"Anclote River-Frontal Gulf of Mexico","tbcmp_PD_HA_IntHigh_2100","PD","HA","IntHigh","2100",21804.360996899
"031002070503",1800,737424.141807152,"Anclote River-Frontal Gulf of Mexico","tbcmp_PD_HA_IntHigh_2100","PD","HA","IntHigh","2100",728.886245093309
"031002070503",1820,1089533.56897395,"Anclote River-Frontal Gulf of Mexico","tbcmp_PD_HA_IntHigh_2100","PD","HA","IntHigh","2100",1076.91894931237
"031002070503",1900,384377.909212248,"Anclote River-Frontal Gulf of Mexico","tbcmp_PD_HA_IntHigh_2100","PD","HA","IntHigh","2100",379.927581779389
"031002070503",2100,13863,"Anclote River-Frontal Gulf of Mexico","tbcmp_PD_HA_IntHigh_2100","PD","HA","IntHigh","2100",13.702494186
"031002070503",2400,5816,"Anclote River-Frontal Gulf of Mexico","tbcmp_PD_HA_IntHigh_2100","PD","HA","IntHigh","2100",5.748662352
"031002070503",3200,6137,"Anclote River-Frontal Gulf of Mexico","tbcmp_PD_HA_IntHigh_2100","PD","HA","IntHigh","2100",6.065945814
"031002070503",4100,504341.173178716,"Anclote River-Frontal Gulf of Mexico","tbcmp_PD_HA_IntHigh_2100","PD","HA","IntHigh","2100",498.501911075653
"031002070503",5200,456389.959498881,"Anclote River-Frontal Gulf of Mexico","tbcmp_PD_HA_IntHigh_2100","PD","HA","IntHigh","2100",451.105876547803
"031002070503",5400,1816777.16504456,"Anclote River-Frontal Gulf of Mexico","tbcmp_PD_HA_IntHigh_2100","PD","HA","IntHigh","2100",1795.74251902768
"031002070503",6110,288686.589615917,"Anclote River-Frontal Gulf of Mexico","tbcmp_PD_HA_IntHigh_2100","PD","HA","IntHigh","2100",285.344176281344
"031002070503",6120,384844.060210149,"Anclote River-Frontal Gulf of Mexico","tbcmp_PD_HA_IntHigh_2100","PD","HA","IntHigh","2100",380.388335681036
"031002070503",6410,168459,"Anclote River-Frontal Gulf of Mexico","tbcmp_PD_HA_IntHigh_2100","PD","HA","IntHigh","2100",166.508581698
"031002070503",6420,67646.4628756798,"Anclote River-Frontal Gulf of Mexico","tbcmp_PD_HA_IntHigh_2100","PD","HA","IntHigh","2100",66.8632521285052
"031002070503",6425,93940.0880371735,"Anclote River-Frontal Gulf of Mexico","tbcmp_PD_HA_IntHigh_2100","PD","HA","IntHigh","2100",92.8524496978791
"031002070503",6510,43729.5008452886,"Anclote River-Frontal Gulf of Mexico","tbcmp_PD_HA_IntHigh_2100","PD","HA","IntHigh","2100",43.2232006845018
"031002070503",6600,129104.304460733,"Anclote River-Frontal Gulf of Mexico","tbcmp_PD_HA_IntHigh_2100","PD","HA","IntHigh","2100",127.609534823686
"031002070503",9113,1056527.44148048,"Anclote River-Frontal Gulf of Mexico","tbcmp_PD_HA_IntHigh_2100","PD","HA","IntHigh","2100",1044.29496676301
"031002070504",0,1095.84984961877,"Clearwater Harbor","tbcmp_PD_HA_IntHigh_2100","PD","HA","IntHigh","2100",1.08316210005988
"031002070504",1100,199572.489755239,"Clearwater Harbor","tbcmp_PD_HA_IntHigh_2100","PD","HA","IntHigh","2100",197.261839468853
"031002070504",1200,13288537.3959833,"Clearwater Harbor","tbcmp_PD_HA_IntHigh_2100","PD","HA","IntHigh","2100",13134.6827100126
"031002070504",1800,1429000.80996172,"Clearwater Harbor","tbcmp_PD_HA_IntHigh_2100","PD","HA","IntHigh","2100",1412.45583858399
"031002070504",1820,410754,"Clearwater Harbor","tbcmp_PD_HA_IntHigh_2100","PD","HA","IntHigh","2100",405.998290188
"031002070504",1900,218675.48499533,"Clearwater Harbor","tbcmp_PD_HA_IntHigh_2100","PD","HA","IntHigh","2100",216.143660230054
"031002070504",2100,27064,"Clearwater Harbor","tbcmp_PD_HA_IntHigh_2100","PD","HA","IntHigh","2100",26.750653008
"031002070504",2400,6305,"Clearwater Harbor","tbcmp_PD_HA_IntHigh_2100","PD","HA","IntHigh","2100",6.23200071
"031002070504",3200,16606.5586453357,"Clearwater Harbor","tbcmp_PD_HA_IntHigh_2100","PD","HA","IntHigh","2100",16.41428790934
"031002070504",4100,144675.352450091,"Clearwater Harbor","tbcmp_PD_HA_IntHigh_2100","PD","HA","IntHigh","2100",143.000301219424
"031002070504",5200,313941.314347768,"Clearwater Harbor","tbcmp_PD_HA_IntHigh_2100","PD","HA","IntHigh","2100",310.30650181025
"031002070504",5400,7150253.83277039,"Clearwater Harbor","tbcmp_PD_HA_IntHigh_2100","PD","HA","IntHigh","2100",7067.46819389458
"031002070504",6110,17750,"Clearwater Harbor","tbcmp_PD_HA_IntHigh_2100","PD","HA","IntHigh","2100",17.5444905
"031002070504",6120,429756.158847128,"Clearwater Harbor","tbcmp_PD_HA_IntHigh_2100","PD","HA","IntHigh","2100",424.780442039996
"031002070504",6410,96908,"Clearwater Harbor","tbcmp_PD_HA_IntHigh_2100","PD","HA","IntHigh","2100",95.785999176
"031002070504",6420,19225.4447371885,"Clearwater Harbor","tbcmp_PD_HA_IntHigh_2100","PD","HA","IntHigh","2100",19.0028525380214
"031002070504",6600,20311.9491358633,"Clearwater Harbor","tbcmp_PD_HA_IntHigh_2100","PD","HA","IntHigh","2100",20.0767773887683
"031002070504",9113,1099559.54942642,"Clearwater Harbor","tbcmp_PD_HA_IntHigh_2100","PD","HA","IntHigh","2100",1086.82884896316
"031002070505",0,65,"Lake Seminole","tbcmp_PD_HA_IntHigh_2100","PD","HA","IntHigh","2100",0.06424743
"031002070505",1100,638492.800425812,"Lake Seminole","tbcmp_PD_HA_IntHigh_2100","PD","HA","IntHigh","2100",631.100330782482
"031002070505",1200,26154570.2288261,"Lake Seminole","tbcmp_PD_HA_IntHigh_2100","PD","HA","IntHigh","2100",25851.7526147167
"031002070505",1800,701700.749267872,"Lake Seminole","tbcmp_PD_HA_IntHigh_2100","PD","HA","IntHigh","2100",693.576457992849
"031002070505",1820,523237,"Lake Seminole","tbcmp_PD_HA_IntHigh_2100","PD","HA","IntHigh","2100",517.178962014
"031002070505",1900,395096.182506058,"Lake Seminole","tbcmp_PD_HA_IntHigh_2100","PD","HA","IntHigh","2100",390.521758905003
"031002070505",2400,15200.5737430761,"Lake Seminole","tbcmp_PD_HA_IntHigh_2100","PD","HA","IntHigh","2100",15.0245815002787
"031002070505",3200,185,"Lake Seminole","tbcmp_PD_HA_IntHigh_2100","PD","HA","IntHigh","2100",0.18285807
"031002070505",4100,170975.317211692,"Lake Seminole","tbcmp_PD_HA_IntHigh_2100","PD","HA","IntHigh","2100",168.995764989015
"031002070505",5200,571495.953683458,"Lake Seminole","tbcmp_PD_HA_IntHigh_2100","PD","HA","IntHigh","2100",564.879173531711
"031002070505",5400,1668259.7638476,"Lake Seminole","tbcmp_PD_HA_IntHigh_2100","PD","HA","IntHigh","2100",1648.94465230177
"031002070505",6110,130684,"Lake Seminole","tbcmp_PD_HA_IntHigh_2100","PD","HA","IntHigh","2100",129.170940648
"031002070505",6120,291051.446084999,"Lake Seminole","tbcmp_PD_HA_IntHigh_2100","PD","HA","IntHigh","2100",287.681652442227
"031002070505",6410,106541,"Lake Seminole","tbcmp_PD_HA_IntHigh_2100","PD","HA","IntHigh","2100",105.307468302
"031002070505",6420,32377,"Lake Seminole","tbcmp_PD_HA_IntHigh_2100","PD","HA","IntHigh","2100",32.002139094
"031002070505",6600,81858,"Lake Seminole","tbcmp_PD_HA_IntHigh_2100","PD","HA","IntHigh","2100",80.910248076
"031002070505",7100,3,"Lake Seminole","tbcmp_PD_HA_IntHigh_2100","PD","HA","IntHigh","2100",0.002965266
"031002070505",9113,933570.108464407,"Lake Seminole","tbcmp_PD_HA_IntHigh_2100","PD","HA","IntHigh","2100",922.761233748606
"031002070506",0,159,"Boca Ciega Bay","tbcmp_PD_HA_IntHigh_2100","PD","HA","IntHigh","2100",0.157159098
"031002070506",1100,74428.8222299791,"Boca Ciega Bay","tbcmp_PD_HA_IntHigh_2100","PD","HA","IntHigh","2100",73.5670853262004
"031002070506",1200,10088455.6193522,"Boca Ciega Bay","tbcmp_PD_HA_IntHigh_2100","PD","HA","IntHigh","2100",9971.65148019133
"031002070506",1800,370296.715336259,"Boca Ciega Bay","tbcmp_PD_HA_IntHigh_2100","PD","HA","IntHigh","2100",366.009419966095
"031002070506",1820,193389,"Boca Ciega Bay","tbcmp_PD_HA_IntHigh_2100","PD","HA","IntHigh","2100",191.149942158
"031002070506",1900,53793.3035592996,"Boca Ciega Bay","tbcmp_PD_HA_IntHigh_2100","PD","HA","IntHigh","2100",53.17048469069
"031002070506",3200,2370.16706496105,"Boca Ciega Bay","tbcmp_PD_HA_IntHigh_2100","PD","HA","IntHigh","2100",2.34272527068293
"031002070506",4100,14747,"Boca Ciega Bay","tbcmp_PD_HA_IntHigh_2100","PD","HA","IntHigh","2100",14.576259234
"031002070506",5200,52906.4927260261,"Boca Ciega Bay","tbcmp_PD_HA_IntHigh_2100","PD","HA","IntHigh","2100",52.2939413532442
"031002070506",5400,6163753.41252077,"Boca Ciega Bay","tbcmp_PD_HA_IntHigh_2100","PD","HA","IntHigh","2100",6092.38947551061
"031002070506",6110,3954,"Boca Ciega Bay","tbcmp_PD_HA_IntHigh_2100","PD","HA","IntHigh","2100",3.908220588
"031002070506",6120,72541.932187537,"Boca Ciega Bay","tbcmp_PD_HA_IntHigh_2100","PD","HA","IntHigh","2100",71.7020416966697
"031002070506",6410,6408,"Boca Ciega Bay","tbcmp_PD_HA_IntHigh_2100","PD","HA","IntHigh","2100",6.333808176
"031002070506",6420,3854.34975609742,"Boca Ciega Bay","tbcmp_PD_HA_IntHigh_2100","PD","HA","IntHigh","2100",3.80972409462133
"031002070506",6600,9243.49309943499,"Boca Ciega Bay","tbcmp_PD_HA_IntHigh_2100","PD","HA","IntHigh","2100",9.13647193632973
"031002070506",9113,523279.110023471,"Boca Ciega Bay","tbcmp_PD_HA_IntHigh_2100","PD","HA","IntHigh","2100",517.22058448762
"031002070600",0,510.150150418282,"Crystal Bay-Gulf of Mexico","tbcmp_PD_HA_IntHigh_2100","PD","HA","IntHigh","2100",0.504243631976739
"031002070600",1100,24.5321638343157,"Crystal Bay-Gulf of Mexico","tbcmp_PD_HA_IntHigh_2100","PD","HA","IntHigh","2100",0.024248130441442
"031002070600",1200,555087.906855107,"Crystal Bay-Gulf of Mexico","tbcmp_PD_HA_IntHigh_2100","PD","HA","IntHigh","2100",548.661099069538
"031002070600",1800,661371.356518221,"Crystal Bay-Gulf of Mexico","tbcmp_PD_HA_IntHigh_2100","PD","HA","IntHigh","2100",653.713998952453
"031002070600",1900,13043.6093387157,"Crystal Bay-Gulf of Mexico","tbcmp_PD_HA_IntHigh_2100","PD","HA","IntHigh","2100",12.892590429792
"031002070600",3200,3621.44135464565,"Crystal Bay-Gulf of Mexico","tbcmp_PD_HA_IntHigh_2100","PD","HA","IntHigh","2100",3.57951230664156
"031002070600",4100,1457.64754989371,"Crystal Bay-Gulf of Mexico","tbcmp_PD_HA_IntHigh_2100","PD","HA","IntHigh","2100",1.44077090656104
"031002070600",5400,295671598.143223,"Crystal Bay-Gulf of Mexico","tbcmp_PD_HA_IntHigh_2100","PD","HA","IntHigh","2100",292248.312379921
"031002070600",6110,330.714361803257,"Crystal Bay-Gulf of Mexico","tbcmp_PD_HA_IntHigh_2100","PD","HA","IntHigh","2100",0.326885350922299
"031002070600",6120,628335.865652657,"Crystal Bay-Gulf of Mexico","tbcmp_PD_HA_IntHigh_2100","PD","HA","IntHigh","2100",621.060993000131
"031002070600",6420,31884.8449545325,"Crystal Bay-Gulf of Mexico","tbcmp_PD_HA_IntHigh_2100","PD","HA","IntHigh","2100",31.5156822196489
"031002070600",6425,560.886180773843,"Crystal Bay-Gulf of Mexico","tbcmp_PD_HA_IntHigh_2100","PD","HA","IntHigh","2100",0.554392240572844
"031002070600",6510,886.81856475008,"Crystal Bay-Gulf of Mexico","tbcmp_PD_HA_IntHigh_2100","PD","HA","IntHigh","2100",0.876550979407403
"031002070600",6600,17780.5992927275,"Crystal Bay-Gulf of Mexico","tbcmp_PD_HA_IntHigh_2100","PD","HA","IntHigh","2100",17.5747355141163
"031002070600",7100,28391.5525684189,"Crystal Bay-Gulf of Mexico","tbcmp_PD_HA_IntHigh_2100","PD","HA","IntHigh","2100",28.0628351727818
"031002070600",9113,22579727.1412804,"Crystal Bay-Gulf of Mexico","tbcmp_PD_HA_IntHigh_2100","PD","HA","IntHigh","2100",22318.2990604387
"031002080202",1100,354953.35628326,"031002080202","tbcmp_PD_HA_IntHigh_2100","PD","HA","IntHigh","2100",350.843706324212
"031002080202",1200,88731.8869587032,"031002080202","tbcmp_PD_HA_IntHigh_2100","PD","HA","IntHigh","2100",87.7045491714953
"031002080202",1900,262652.256559001,"031002080202","tbcmp_PD_HA_IntHigh_2100","PD","HA","IntHigh","2100",259.611268732561
"031002080202",2100,1038507.61294798,"031002080202","tbcmp_PD_HA_IntHigh_2100","PD","HA","IntHigh","2100",1026.48377180527
"031002080202",2200,1769,"031002080202","tbcmp_PD_HA_IntHigh_2100","PD","HA","IntHigh","2100",1.748518518
"031002080202",3200,114910.308178435,"031002080202","tbcmp_PD_HA_IntHigh_2100","PD","HA","IntHigh","2100",113.579876630345
"031002080202",4100,546477.785160151,"031002080202","tbcmp_PD_HA_IntHigh_2100","PD","HA","IntHigh","2100",540.150665363567
"031002080202",4400,88315.7412308007,"031002080202","tbcmp_PD_HA_IntHigh_2100","PD","HA","IntHigh","2100",87.2932215788305
"031002080202",5200,16397,"031002080202","tbcmp_PD_HA_IntHigh_2100","PD","HA","IntHigh","2100",16.207155534
"031002080202",6110,1163606.53523271,"031002080202","tbcmp_PD_HA_IntHigh_2100","PD","HA","IntHigh","2100",1150.13429876779
"031002080202",6410,163552.566921182,"031002080202","tbcmp_PD_HA_IntHigh_2100","PD","HA","IntHigh","2100",161.658955301369
"031002080203",1100,7109.98944405903,"Gator Creek","tbcmp_PD_HA_IntHigh_2100","PD","HA","IntHigh","2100",7.02766998627571
"031002080203",1200,63577.6008670199,"Gator Creek","tbcmp_PD_HA_IntHigh_2100","PD","HA","IntHigh","2100",62.8414994041815
"031002080203",1900,208996.543748006,"Gator Creek","tbcmp_PD_HA_IntHigh_2100","PD","HA","IntHigh","2100",206.576781764491
"031002080203",2100,315616.086382579,"Gator Creek","tbcmp_PD_HA_IntHigh_2100","PD","HA","IntHigh","2100",311.961883334441
"031002080203",3200,40777.7720167043,"Gator Creek","tbcmp_PD_HA_IntHigh_2100","PD","HA","IntHigh","2100",40.3056469722949
"031002080203",4100,541402.232458467,"Gator Creek","tbcmp_PD_HA_IntHigh_2100","PD","HA","IntHigh","2100",535.133877411063
"031002080203",4400,72865.0538165465,"Gator Creek","tbcmp_PD_HA_IntHigh_2100","PD","HA","IntHigh","2100",72.0214222234585
"031002080203",5200,34859,"Gator Creek","tbcmp_PD_HA_IntHigh_2100","PD","HA","IntHigh","2100",34.455402498
"031002080203",6110,946560.566857117,"Gator Creek","tbcmp_PD_HA_IntHigh_2100","PD","HA","IntHigh","2100",935.601288614046
"031002080203",6410,93224,"Gator Creek","tbcmp_PD_HA_IntHigh_2100","PD","HA","IntHigh","2100",92.144652528
"031002080204",1100,19174.0105560082,"Cumbee Drain-Withlacoochee River Swamp","tbcmp_PD_HA_IntHigh_2100","PD","HA","IntHigh","2100",18.9520138617907
"031002080204",1200,16422.3589166561,"Cumbee Drain-Withlacoochee River Swamp","tbcmp_PD_HA_IntHigh_2100","PD","HA","IntHigh","2100",16.2322208451191
"031002080204",1900,43312.9442421217,"Cumbee Drain-Withlacoochee River Swamp","tbcmp_PD_HA_IntHigh_2100","PD","HA","IntHigh","2100",42.8114669736864
"031002080204",2100,36874.6380597776,"Cumbee Drain-Withlacoochee River Swamp","tbcmp_PD_HA_IntHigh_2100","PD","HA","IntHigh","2100",36.4477035003215
"031002080204",3200,4407.57337206691,"Cumbee Drain-Withlacoochee River Swamp","tbcmp_PD_HA_IntHigh_2100","PD","HA","IntHigh","2100",4.35654248756512
"031002080204",4100,751672.632515241,"Cumbee Drain-Withlacoochee River Swamp","tbcmp_PD_HA_IntHigh_2100","PD","HA","IntHigh","2100",742.969766775979
"031002080204",5200,13414,"Cumbee Drain-Withlacoochee River Swamp","tbcmp_PD_HA_IntHigh_2100","PD","HA","IntHigh","2100",13.258692708
"031002080204",6110,539628.397527341,"Cumbee Drain-Withlacoochee River Swamp","tbcmp_PD_HA_IntHigh_2100","PD","HA","IntHigh","2100",533.38057994077
"031002080204",6410,63533,"Cumbee Drain-Withlacoochee River Swamp","tbcmp_PD_HA_IntHigh_2100","PD","HA","IntHigh","2100",62.797414926
"031002080205",1100,2620831.09299005,"Ashley Bay-Withlacoochee River","tbcmp_PD_HA_IntHigh_2100","PD","HA","IntHigh","2100",2590.48711059541
"031002080205",1200,958971.275557794,"Ashley Bay-Withlacoochee River","tbcmp_PD_HA_IntHigh_2100","PD","HA","IntHigh","2100",947.868306129385
"031002080205",1800,67970,"Ashley Bay-Withlacoochee River","tbcmp_PD_HA_IntHigh_2100","PD","HA","IntHigh","2100",67.18304334
"031002080205",1820,6421.96322682936,"Ashley Bay-Withlacoochee River","tbcmp_PD_HA_IntHigh_2100","PD","HA","IntHigh","2100",6.34760973658913
"031002080205",1900,737924.200056653,"Ashley Bay-Withlacoochee River","tbcmp_PD_HA_IntHigh_2100","PD","HA","IntHigh","2100",729.380513668397
"031002080205",2100,5876957.38185496,"Ashley Bay-Withlacoochee River","tbcmp_PD_HA_IntHigh_2100","PD","HA","IntHigh","2100",5808.91396928785
"031002080205",2200,85764.1128865964,"Ashley Bay-Withlacoochee River","tbcmp_PD_HA_IntHigh_2100","PD","HA","IntHigh","2100",84.7711359875954
"031002080205",2400,25370.9963404275,"Ashley Bay-Withlacoochee River","tbcmp_PD_HA_IntHigh_2100","PD","HA","IntHigh","2100",25.0772509447981
"031002080205",3200,2962460.03674783,"Ashley Bay-Withlacoochee River","tbcmp_PD_HA_IntHigh_2100","PD","HA","IntHigh","2100",2928.16067444236
"031002080205",4100,9446743.54423954,"Ashley Bay-Withlacoochee River","tbcmp_PD_HA_IntHigh_2100","PD","HA","IntHigh","2100",9337.36914748433
"031002080205",4400,2442520.17112932,"Ashley Bay-Withlacoochee River","tbcmp_PD_HA_IntHigh_2100","PD","HA","IntHigh","2100",2414.24067258799
"031002080205",5200,292995.393939635,"Ashley Bay-Withlacoochee River","tbcmp_PD_HA_IntHigh_2100","PD","HA","IntHigh","2100",289.603093268602
"031002080205",6110,10761103.9258525,"Ashley Bay-Withlacoochee River","tbcmp_PD_HA_IntHigh_2100","PD","HA","IntHigh","2100",10636.511864599
"031002080205",6410,3061960.64904225,"Ashley Bay-Withlacoochee River","tbcmp_PD_HA_IntHigh_2100","PD","HA","IntHigh","2100",3026.50926864764
"031002080206",1100,2808247.08702893,"Tank Lake","tbcmp_PD_HA_IntHigh_2100","PD","HA","IntHigh","2100",2775.73320225531
"031002080206",1200,2976492.14804267,"Tank Lake","tbcmp_PD_HA_IntHigh_2100","PD","HA","IntHigh","2100",2942.03032195264
"031002080206",1800,181516,"Tank Lake","tbcmp_PD_HA_IntHigh_2100","PD","HA","IntHigh","2100",179.414407752
"031002080206",1820,426756,"Tank Lake","tbcmp_PD_HA_IntHigh_2100","PD","HA","IntHigh","2100",421.815019032
"031002080206",1900,915936.028365116,"Tank Lake","tbcmp_PD_HA_IntHigh_2100","PD","HA","IntHigh","2100",905.331321028705
"031002080206",2100,5022033.77131018,"Tank Lake","tbcmp_PD_HA_IntHigh_2100","PD","HA","IntHigh","2100",4963.88866430595
"031002080206",2200,93898.291030049,"Tank Lake","tbcmp_PD_HA_IntHigh_2100","PD","HA","IntHigh","2100",92.8111366165031
"031002080206",2400,50518.0036595166,"Tank Lake","tbcmp_PD_HA_IntHigh_2100","PD","HA","IntHigh","2100",49.9331062131467
"031002080206",3200,10732,"Tank Lake","tbcmp_PD_HA_IntHigh_2100","PD","HA","IntHigh","2100",10.607744904
"031002080206",4100,946674.151146085,"Tank Lake","tbcmp_PD_HA_IntHigh_2100","PD","HA","IntHigh","2100",935.713557824115
"031002080206",4400,332924.261235619,"Tank Lake","tbcmp_PD_HA_IntHigh_2100","PD","HA","IntHigh","2100",329.069664139033
"031002080206",5200,737056,"Tank Lake","tbcmp_PD_HA_IntHigh_2100","PD","HA","IntHigh","2100",728.522365632
"031002080206",6110,504260.296770553,"Tank Lake","tbcmp_PD_HA_IntHigh_2100","PD","HA","IntHigh","2100",498.421971054543
"031002080206",6410,1714831.3926619,"Tank Lake","tbcmp_PD_HA_IntHigh_2100","PD","HA","IntHigh","2100",1694.97707479766
"031002080207",1100,3242326.83140796,"Dobes Hole-Withlacoochee River","tbcmp_PD_HA_IntHigh_2100","PD","HA","IntHigh","2100",3204.78717135392
"031002080207",1200,2584985.19948429,"Dobes Hole-Withlacoochee River","tbcmp_PD_HA_IntHigh_2100","PD","HA","IntHigh","2100",2555.05624084466
"031002080207",1800,13373,"Dobes Hole-Withlacoochee River","tbcmp_PD_HA_IntHigh_2100","PD","HA","IntHigh","2100",13.218167406
"031002080207",1820,5386,"Dobes Hole-Withlacoochee River","tbcmp_PD_HA_IntHigh_2100","PD","HA","IntHigh","2100",5.323640892
"031002080207",1900,881584.976599554,"Dobes Hole-Withlacoochee River","tbcmp_PD_HA_IntHigh_2100","PD","HA","IntHigh","2100",871.377985740484
"031002080207",2100,7151566.65644799,"Dobes Hole-Withlacoochee River","tbcmp_PD_HA_IntHigh_2100","PD","HA","IntHigh","2100",7068.76581769964
"031002080207",2200,217960.685557303,"Dobes Hole-Withlacoochee River","tbcmp_PD_HA_IntHigh_2100","PD","HA","IntHigh","2100",215.43713673992
"031002080207",2400,38251,"Dobes Hole-Withlacoochee River","tbcmp_PD_HA_IntHigh_2100","PD","HA","IntHigh","2100",37.808129922
"031002080207",3200,216910.202192643,"Dobes Hole-Withlacoochee River","tbcmp_PD_HA_IntHigh_2100","PD","HA","IntHigh","2100",214.398815871657
"031002080207",4100,4221572.378258,"Dobes Hole-Withlacoochee River","tbcmp_PD_HA_IntHigh_2100","PD","HA","IntHigh","2100",4172.69501326253
"031002080207",4400,1821273.58539872,"Dobes Hole-Withlacoochee River","tbcmp_PD_HA_IntHigh_2100","PD","HA","IntHigh","2100",1800.18687982697
"031002080207",5200,510427.112132216,"Dobes Hole-Withlacoochee River","tbcmp_PD_HA_IntHigh_2100","PD","HA","IntHigh","2100",504.517387027949
"031002080207",6110,3678711.82812069,"Dobes Hole-Withlacoochee River","tbcmp_PD_HA_IntHigh_2100","PD","HA","IntHigh","2100",3636.1197025747
"031002080207",6410,1835430.04817495,"Dobes Hole-Withlacoochee River","tbcmp_PD_HA_IntHigh_2100","PD","HA","IntHigh","2100",1814.17943907718
"031002080207",6420,828,"Dobes Hole-Withlacoochee River","tbcmp_PD_HA_IntHigh_2100","PD","HA","IntHigh","2100",0.818413416
"031002080301",1100,3026.77390666346,"Gator Hole Slough","tbcmp_PD_HA_IntHigh_2100","PD","HA","IntHigh","2100",2.99172991837211
"031002080301",1200,1155.13225397548,"Gator Hole Slough","tbcmp_PD_HA_IntHigh_2100","PD","HA","IntHigh","2100",1.14175813273895
"031002080301",1900,38493.8036702689,"Gator Hole Slough","tbcmp_PD_HA_IntHigh_2100","PD","HA","IntHigh","2100",38.0481224113745
"031002080301",2100,145298.642282017,"Gator Hole Slough","tbcmp_PD_HA_IntHigh_2100","PD","HA","IntHigh","2100",143.616374601675
"031002080301",3200,185499.300561131,"Gator Hole Slough","tbcmp_PD_HA_IntHigh_2100","PD","HA","IntHigh","2100",183.351589659234
"031002080301",4100,1835322.56503473,"Gator Hole Slough","tbcmp_PD_HA_IntHigh_2100","PD","HA","IntHigh","2100",1814.07320037676
"031002080301",4400,210201.685733179,"Gator Hole Slough","tbcmp_PD_HA_IntHigh_2100","PD","HA","IntHigh","2100",207.76797061576
"031002080301",5200,6484.89930534363,"Gator Hole Slough","tbcmp_PD_HA_IntHigh_2100","PD","HA","IntHigh","2100",6.40981714118636
"031002080301",6110,2057020.47340055,"Gator Hole Slough","tbcmp_PD_HA_IntHigh_2100","PD","HA","IntHigh","2100",2033.20429035952
"031002080301",6410,91621.7210591663,"Gator Hole Slough","tbcmp_PD_HA_IntHigh_2100","PD","HA","IntHigh","2100",90.5609247727432
"031002080302",1100,23714.3893189778,"Devils Creek Swamp","tbcmp_PD_HA_IntHigh_2100","PD","HA","IntHigh","2100",23.4398241194426
"031002080302",1900,158709.021122567,"Devils Creek Swamp","tbcmp_PD_HA_IntHigh_2100","PD","HA","IntHigh","2100",156.87148807601
"031002080302",2100,91687.1833057331,"Devils Creek Swamp","tbcmp_PD_HA_IntHigh_2100","PD","HA","IntHigh","2100",90.6256290974193
"031002080302",3200,898166.414119143,"Devils Creek Swamp","tbcmp_PD_HA_IntHigh_2100","PD","HA","IntHigh","2100",887.767443376472
"031002080302",4100,6234071.15108505,"Devils Creek Swamp","tbcmp_PD_HA_IntHigh_2100","PD","HA","IntHigh","2100",6161.89307529779
"031002080302",4400,903502.150761165,"Devils Creek Swamp","tbcmp_PD_HA_IntHigh_2100","PD","HA","IntHigh","2100",893.041402859653
"031002080302",5200,20683,"Devils Creek Swamp","tbcmp_PD_HA_IntHigh_2100","PD","HA","IntHigh","2100",20.443532226
"031002080302",6110,5203608.55401422,"Devils Creek Swamp","tbcmp_PD_HA_IntHigh_2100","PD","HA","IntHigh","2100",5143.36117417584
"031002080302",6410,1248019.00662196,"Devils Creek Swamp","tbcmp_PD_HA_IntHigh_2100","PD","HA","IntHigh","2100",1233.5694425633
"031002080303",1100,2966641.69942841,"Devils Creek-Withlacoochee River","tbcmp_PD_HA_IntHigh_2100","PD","HA","IntHigh","2100",2932.29392183243
"031002080303",1200,1254001.74187389,"Devils Creek-Withlacoochee River","tbcmp_PD_HA_IntHigh_2100","PD","HA","IntHigh","2100",1239.48290970648
"031002080303",1800,26380,"Devils Creek-Withlacoochee River","tbcmp_PD_HA_IntHigh_2100","PD","HA","IntHigh","2100",26.07457236
"031002080303",1820,1727.27916880632,"Devils Creek-Withlacoochee River","tbcmp_PD_HA_IntHigh_2100","PD","HA","IntHigh","2100",1.70728073058988
"031002080303",1900,772561.584928828,"Devils Creek-Withlacoochee River","tbcmp_PD_HA_IntHigh_2100","PD","HA","IntHigh","2100",763.616866898522
"031002080303",2100,4208188.85630061,"Devils Creek-Withlacoochee River","tbcmp_PD_HA_IntHigh_2100","PD","HA","IntHigh","2100",4159.46644572236
"031002080303",2400,18646,"Devils Creek-Withlacoochee River","tbcmp_PD_HA_IntHigh_2100","PD","HA","IntHigh","2100",18.430116612
"031002080303",3200,328955.182454398,"Devils Creek-Withlacoochee River","tbcmp_PD_HA_IntHigh_2100","PD","HA","IntHigh","2100",325.146539351941
"031002080303",4100,4449462.85678509,"Devils Creek-Withlacoochee River","tbcmp_PD_HA_IntHigh_2100","PD","HA","IntHigh","2100",4397.94697582924
"031002080303",4400,1802121.77762904,"Devils Creek-Withlacoochee River","tbcmp_PD_HA_IntHigh_2100","PD","HA","IntHigh","2100",1781.25681168765
"031002080303",5200,189309.956270896,"Devils Creek-Withlacoochee River","tbcmp_PD_HA_IntHigh_2100","PD","HA","IntHigh","2100",187.118125597192
"031002080303",6110,3847950.40179641,"Devils Creek-Withlacoochee River","tbcmp_PD_HA_IntHigh_2100","PD","HA","IntHigh","2100",3803.39883204441
"031002080303",6410,1055646.39696471,"Devils Creek-Withlacoochee River","tbcmp_PD_HA_IntHigh_2100","PD","HA","IntHigh","2100",1043.42412298065
"031002080304",1100,5677299.54816263,"Cypress Lake-Withlacoochee River","tbcmp_PD_HA_IntHigh_2100","PD","HA","IntHigh","2100",5611.56777399401
"031002080304",1200,2495314.25459332,"Cypress Lake-Withlacoochee River","tbcmp_PD_HA_IntHigh_2100","PD","HA","IntHigh","2100",2466.42350615364
"031002080304",1800,141225,"Cypress Lake-Withlacoochee River","tbcmp_PD_HA_IntHigh_2100","PD","HA","IntHigh","2100",139.58989695
"031002080304",1820,242900.7208321,"Cypress Lake-Withlacoochee River","tbcmp_PD_HA_IntHigh_2100","PD","HA","IntHigh","2100",240.088416286306
"031002080304",1900,4396330.36146643,"Cypress Lake-Withlacoochee River","tbcmp_PD_HA_IntHigh_2100","PD","HA","IntHigh","2100",4345.42964854137
"031002080304",2100,11174663.2322107,"Cypress Lake-Withlacoochee River","tbcmp_PD_HA_IntHigh_2100","PD","HA","IntHigh","2100",11045.2829813082
"031002080304",2200,241439.218873273,"Cypress Lake-Withlacoochee River","tbcmp_PD_HA_IntHigh_2100","PD","HA","IntHigh","2100",238.643835597159
"031002080304",2400,12683,"Cypress Lake-Withlacoochee River","tbcmp_PD_HA_IntHigh_2100","PD","HA","IntHigh","2100",12.536156226
"031002080304",3200,79600,"Cypress Lake-Withlacoochee River","tbcmp_PD_HA_IntHigh_2100","PD","HA","IntHigh","2100",78.6783912
"031002080304",4100,10597104.242649,"Cypress Lake-Withlacoochee River","tbcmp_PD_HA_IntHigh_2100","PD","HA","IntHigh","2100",10474.4109697276
"031002080304",4400,3492516.3411529,"Cypress Lake-Withlacoochee River","tbcmp_PD_HA_IntHigh_2100","PD","HA","IntHigh","2100",3452.07998695503
"031002080304",5200,639343.961088148,"Cypress Lake-Withlacoochee River","tbcmp_PD_HA_IntHigh_2100","PD","HA","IntHigh","2100",631.941636706669
"031002080304",6110,1027437.1863768,"Cypress Lake-Withlacoochee River","tbcmp_PD_HA_IntHigh_2100","PD","HA","IntHigh","2100",1015.54151863293
"031002080304",6410,2193704.38216069,"Cypress Lake-Withlacoochee River","tbcmp_PD_HA_IntHigh_2100","PD","HA","IntHigh","2100",2168.30567282403
"031002080304",7100,5642,"Cypress Lake-Withlacoochee River","tbcmp_PD_HA_IntHigh_2100","PD","HA","IntHigh","2100",5.576676924
"031002080402",1100,133293.436686062,"Upper Little Withlacoochee River","tbcmp_PD_HA_IntHigh_2100","PD","HA","IntHigh","2100",131.75016527611
"031002080402",1200,22895.7460413189,"Upper Little Withlacoochee River","tbcmp_PD_HA_IntHigh_2100","PD","HA","IntHigh","2100",22.6306590936525
"031002080402",1900,51237.1185774201,"Upper Little Withlacoochee River","tbcmp_PD_HA_IntHigh_2100","PD","HA","IntHigh","2100",50.6438952185307
"031002080402",2100,183992.149993837,"Upper Little Withlacoochee River","tbcmp_PD_HA_IntHigh_2100","PD","HA","IntHigh","2100",181.861888881208
"031002080402",3200,236.509994203065,"Upper Little Withlacoochee River","tbcmp_PD_HA_IntHigh_2100","PD","HA","IntHigh","2100",0.233771681490182
"031002080402",4100,969305.994329497,"Upper Little Withlacoochee River","tbcmp_PD_HA_IntHigh_2100","PD","HA","IntHigh","2100",958.08336952715
"031002080402",4400,380771.370349719,"Upper Little Withlacoochee River","tbcmp_PD_HA_IntHigh_2100","PD","HA","IntHigh","2100",376.36279942381
"031002080402",5200,1226,"Upper Little Withlacoochee River","tbcmp_PD_HA_IntHigh_2100","PD","HA","IntHigh","2100",1.211805372
"031002080402",6110,1326432.50228964,"Upper Little Withlacoochee River","tbcmp_PD_HA_IntHigh_2100","PD","HA","IntHigh","2100",1311.07506677813
"031002080402",6410,91211.4065889521,"Upper Little Withlacoochee River","tbcmp_PD_HA_IntHigh_2100","PD","HA","IntHigh","2100",90.1553609234653
"031002080403",1100,3272451.7059669,"Lower Little Withlacoochee River","tbcmp_PD_HA_IntHigh_2100","PD","HA","IntHigh","2100",3234.56326011522
"031002080403",1200,1123388.11470693,"Lower Little Withlacoochee River","tbcmp_PD_HA_IntHigh_2100","PD","HA","IntHigh","2100",1110.38152711485
"031002080403",1800,15639.9599686102,"Lower Little Withlacoochee River","tbcmp_PD_HA_IntHigh_2100","PD","HA","IntHigh","2100",15.4588805120936
"031002080403",1900,714968.083840285,"Lower Little Withlacoochee River","tbcmp_PD_HA_IntHigh_2100","PD","HA","IntHigh","2100",706.690183365582
"031002080403",2100,9376164.86575776,"Lower Little Withlacoochee River","tbcmp_PD_HA_IntHigh_2100","PD","HA","IntHigh","2100",9267.60762894201
"031002080403",2400,164717.644421472,"Lower Little Withlacoochee River","tbcmp_PD_HA_IntHigh_2100","PD","HA","IntHigh","2100",162.81054353436
"031002080403",3200,521876.966175506,"Lower Little Withlacoochee River","tbcmp_PD_HA_IntHigh_2100","PD","HA","IntHigh","2100",515.834674661126
"031002080403",4100,7630976.84305274,"Lower Little Withlacoochee River","tbcmp_PD_HA_IntHigh_2100","PD","HA","IntHigh","2100",7542.62539316388
"031002080403",4400,2831654.4058097,"Lower Little Withlacoochee River","tbcmp_PD_HA_IntHigh_2100","PD","HA","IntHigh","2100",2798.86951109923
"031002080403",5200,190119.651241284,"Lower Little Withlacoochee River","tbcmp_PD_HA_IntHigh_2100","PD","HA","IntHigh","2100",187.918445919212
"031002080403",6110,8410754.23864909,"Lower Little Withlacoochee River","tbcmp_PD_HA_IntHigh_2100","PD","HA","IntHigh","2100",8313.37452607401
"031002080403",6410,2759731.99783557,"Lower Little Withlacoochee River","tbcmp_PD_HA_IntHigh_2100","PD","HA","IntHigh","2100",2727.77982076463
"031002080403",7100,2186,"Lower Little Withlacoochee River","tbcmp_PD_HA_IntHigh_2100","PD","HA","IntHigh","2100",2.160690492
"031002080501",1100,5077633.74405161,"Bystre Lake","tbcmp_PD_HA_IntHigh_2100","PD","HA","IntHigh","2100",5018.84490056298
"031002080501",1200,2670655.33261694,"Bystre Lake","tbcmp_PD_HA_IntHigh_2100","PD","HA","IntHigh","2100",2639.7344851759
"031002080501",1800,31439,"Bystre Lake","tbcmp_PD_HA_IntHigh_2100","PD","HA","IntHigh","2100",31.074999258
"031002080501",1820,195671.125694991,"Bystre Lake","tbcmp_PD_HA_IntHigh_2100","PD","HA","IntHigh","2100",193.405645401694
"031002080501",1900,752864.318062582,"Bystre Lake","tbcmp_PD_HA_IntHigh_2100","PD","HA","IntHigh","2100",744.147654988053
"031002080501",2100,3773496.63184997,"Bystre Lake","tbcmp_PD_HA_IntHigh_2100","PD","HA","IntHigh","2100",3729.80708784641
"031002080501",2200,4580,"Bystre Lake","tbcmp_PD_HA_IntHigh_2100","PD","HA","IntHigh","2100",4.52697276
"031002080501",2400,14848,"Bystre Lake","tbcmp_PD_HA_IntHigh_2100","PD","HA","IntHigh","2100",14.676089856
"031002080501",3200,136357,"Bystre Lake","tbcmp_PD_HA_IntHigh_2100","PD","HA","IntHigh","2100",134.778258654
"031002080501",4100,6325363.08937125,"Bystre Lake","tbcmp_PD_HA_IntHigh_2100","PD","HA","IntHigh","2100",6252.12803552251
"031002080501",4400,459665.649313317,"Bystre Lake","tbcmp_PD_HA_IntHigh_2100","PD","HA","IntHigh","2100",454.343640425567
"031002080501",5200,238598,"Bystre Lake","tbcmp_PD_HA_IntHigh_2100","PD","HA","IntHigh","2100",235.835512356
"031002080501",6110,190972.925529059,"Bystre Lake","tbcmp_PD_HA_IntHigh_2100","PD","HA","IntHigh","2100",188.761840997284
"031002080501",6410,774243.853595187,"Bystre Lake","tbcmp_PD_HA_IntHigh_2100","PD","HA","IntHigh","2100",765.279658258262
"031002080502",1100,5795132.97385894,"Simmons Prairie Lake","tbcmp_PD_HA_IntHigh_2100","PD","HA","IntHigh","2100",5728.0369242876
"031002080502",1200,3853090.7916482,"Simmons Prairie Lake","tbcmp_PD_HA_IntHigh_2100","PD","HA","IntHigh","2100",3808.4797064625
"031002080502",1800,92442,"Simmons Prairie Lake","tbcmp_PD_HA_IntHigh_2100","PD","HA","IntHigh","2100",91.371706524
"031002080502",1900,929337.792617287,"Simmons Prairie Lake","tbcmp_PD_HA_IntHigh_2100","PD","HA","IntHigh","2100",918.577919654364
"031002080502",2100,4176953.36044897,"Simmons Prairie Lake","tbcmp_PD_HA_IntHigh_2100","PD","HA","IntHigh","2100",4128.59259444169
"031002080502",2200,17608.8879770305,"Simmons Prairie Lake","tbcmp_PD_HA_IntHigh_2100","PD","HA","IntHigh","2100",17.4050122720324
"031002080502",2400,567282,"Simmons Prairie Lake","tbcmp_PD_HA_IntHigh_2100","PD","HA","IntHigh","2100",560.714009004
"031002080502",3200,37497,"Simmons Prairie Lake","tbcmp_PD_HA_IntHigh_2100","PD","HA","IntHigh","2100",37.062859734
"031002080502",4100,8980558.626618,"Simmons Prairie Lake","tbcmp_PD_HA_IntHigh_2100","PD","HA","IntHigh","2100",8876.58171883902
"031002080502",4400,596076.616190942,"Simmons Prairie Lake","tbcmp_PD_HA_IntHigh_2100","PD","HA","IntHigh","2100",589.175241128683
"031002080502",5200,210243,"Simmons Prairie Lake","tbcmp_PD_HA_IntHigh_2100","PD","HA","IntHigh","2100",207.808806546
"031002080502",6110,431401.050522198,"Simmons Prairie Lake","tbcmp_PD_HA_IntHigh_2100","PD","HA","IntHigh","2100",426.406289159252
"031002080502",6410,914688.827247364,"Simmons Prairie Lake","tbcmp_PD_HA_IntHigh_2100","PD","HA","IntHigh","2100",904.098560005494
"031002080503",1100,6320684.58956479,"Gum Slough","tbcmp_PD_HA_IntHigh_2100","PD","HA","IntHigh","2100",6247.50370338681
"031002080503",1200,3240787.19817104,"Gum Slough","tbcmp_PD_HA_IntHigh_2100","PD","HA","IntHigh","2100",3203.26536399062
"031002080503",1800,111107.04003152,"Gum Slough","tbcmp_PD_HA_IntHigh_2100","PD","HA","IntHigh","2100",109.820642722035
"031002080503",1900,981361.282914318,"Gum Slough","tbcmp_PD_HA_IntHigh_2100","PD","HA","IntHigh","2100",969.999081980737
"031002080503",2100,17095577.2493791,"Gum Slough","tbcmp_PD_HA_IntHigh_2100","PD","HA","IntHigh","2100",16897.6446559858
"031002080503",2200,9501.06866185728,"Gum Slough","tbcmp_PD_HA_IntHigh_2100","PD","HA","IntHigh","2100",9.3910652888903
"031002080503",2400,280617.0953643,"Gum Slough","tbcmp_PD_HA_IntHigh_2100","PD","HA","IntHigh","2100",277.368110634172
"031002080503",3200,36495.9076285325,"Gum Slough","tbcmp_PD_HA_IntHigh_2100","PD","HA","IntHigh","2100",36.0733580100093
"031002080503",4100,6347785.14585156,"Gum Slough","tbcmp_PD_HA_IntHigh_2100","PD","HA","IntHigh","2100",6274.2904894329
"031002080503",4400,342409.911583686,"Gum Slough","tbcmp_PD_HA_IntHigh_2100","PD","HA","IntHigh","2100",338.44548962737
"031002080503",5200,250690,"Gum Slough","tbcmp_PD_HA_IntHigh_2100","PD","HA","IntHigh","2100",247.78751118
"031002080503",6110,1790891.69920721,"Gum Slough","tbcmp_PD_HA_IntHigh_2100","PD","HA","IntHigh","2100",1770.15675511379
"031002080503",6410,5294568.41233495,"Gum Slough","tbcmp_PD_HA_IntHigh_2100","PD","HA","IntHigh","2100",5233.26789925693
"031002080504",1100,3905579.79095467,"Silver Lake-Withlacoochee River","tbcmp_PD_HA_IntHigh_2100","PD","HA","IntHigh","2100",3860.360988135
"031002080504",1200,1201373.05583533,"Silver Lake-Withlacoochee River","tbcmp_PD_HA_IntHigh_2100","PD","HA","IntHigh","2100",1187.46355859487
"031002080504",1900,842240.860988632,"Silver Lake-Withlacoochee River","tbcmp_PD_HA_IntHigh_2100","PD","HA","IntHigh","2100",832.489396300106
"031002080504",2100,5528425.96947652,"Silver Lake-Withlacoochee River","tbcmp_PD_HA_IntHigh_2100","PD","HA","IntHigh","2100",5464.41785360192
"031002080504",2200,819.931338161827,"Silver Lake-Withlacoochee River","tbcmp_PD_HA_IntHigh_2100","PD","HA","IntHigh","2100",0.810438173128589
"031002080504",2400,126057.609292213,"Silver Lake-Withlacoochee River","tbcmp_PD_HA_IntHigh_2100","PD","HA","IntHigh","2100",124.598114291827
"031002080504",3200,51129,"Silver Lake-Withlacoochee River","tbcmp_PD_HA_IntHigh_2100","PD","HA","IntHigh","2100",50.537028438
"031002080504",4100,17136727.5244499,"Silver Lake-Withlacoochee River","tbcmp_PD_HA_IntHigh_2100","PD","HA","IntHigh","2100",16938.3184931718
"031002080504",4400,607779.957022586,"Silver Lake-Withlacoochee River","tbcmp_PD_HA_IntHigh_2100","PD","HA","IntHigh","2100",600.743080680178
"031002080504",5200,652802.9322648,"Silver Lake-Withlacoochee River","tbcmp_PD_HA_IntHigh_2100","PD","HA","IntHigh","2100",645.244779915038
"031002080504",6110,2703488.73396805,"Silver Lake-Withlacoochee River","tbcmp_PD_HA_IntHigh_2100","PD","HA","IntHigh","2100",2672.18774140617
"031002080504",6410,1088409.63383496,"Silver Lake-Withlacoochee River","tbcmp_PD_HA_IntHigh_2100","PD","HA","IntHigh","2100",1075.80802709442
"031002080601",1100,932457.844185928,"Jumper Creek Canal","tbcmp_PD_HA_IntHigh_2100","PD","HA","IntHigh","2100",921.661847265943
"031002080601",1200,53121.6187515196,"Jumper Creek Canal","tbcmp_PD_HA_IntHigh_2100","PD","HA","IntHigh","2100",52.5065766496145
"031002080601",1900,444504.180624837,"Jumper Creek Canal","tbcmp_PD_HA_IntHigh_2100","PD","HA","IntHigh","2100",439.357711221563
"031002080601",2100,4603332.28435945,"Jumper Creek Canal","tbcmp_PD_HA_IntHigh_2100","PD","HA","IntHigh","2100",4550.03490317113
"031002080601",2200,15612,"Jumper Creek Canal","tbcmp_PD_HA_IntHigh_2100","PD","HA","IntHigh","2100",15.431244264
"031002080601",2400,440828.260213915,"Jumper Creek Canal","tbcmp_PD_HA_IntHigh_2100","PD","HA","IntHigh","2100",435.724350617158
"031002080601",3200,9800,"Jumper Creek Canal","tbcmp_PD_HA_IntHigh_2100","PD","HA","IntHigh","2100",9.6865356
"031002080601",4100,2443932.46733336,"Jumper Creek Canal","tbcmp_PD_HA_IntHigh_2100","PD","HA","IntHigh","2100",2415.63661722658
"031002080601",4400,44421,"Jumper Creek Canal","tbcmp_PD_HA_IntHigh_2100","PD","HA","IntHigh","2100",43.906693662
"031002080601",5200,24401,"Jumper Creek Canal","tbcmp_PD_HA_IntHigh_2100","PD","HA","IntHigh","2100",24.118485222
"031002080601",6110,17197,"Jumper Creek Canal","tbcmp_PD_HA_IntHigh_2100","PD","HA","IntHigh","2100",16.997893134
"031002080601",6410,950329.222880588,"Jumper Creek Canal","tbcmp_PD_HA_IntHigh_2100","PD","HA","IntHigh","2100",939.326311138076
"031002080602",1100,1793179.5227015,"Jumper Creek Swamp","tbcmp_PD_HA_IntHigh_2100","PD","HA","IntHigh","2100",1772.41809018766
"031002080602",1200,990488.64607521,"Jumper Creek Swamp","tbcmp_PD_HA_IntHigh_2100","PD","HA","IntHigh","2100",979.020768530951
"031002080602",1800,31202,"Jumper Creek Swamp","tbcmp_PD_HA_IntHigh_2100","PD","HA","IntHigh","2100",30.840743244
"031002080602",1900,1120895.83121576,"Jumper Creek Swamp","tbcmp_PD_HA_IntHigh_2100","PD","HA","IntHigh","2100",1107.91809928194
"031002080602",2100,9876493.37356242,"Jumper Creek Swamp","tbcmp_PD_HA_IntHigh_2100","PD","HA","IntHigh","2100",9762.14333328332
"031002080602",2400,222638,"Jumper Creek Swamp","tbcmp_PD_HA_IntHigh_2100","PD","HA","IntHigh","2100",220.060297236
"031002080602",3200,350686.187720706,"Jumper Creek Swamp","tbcmp_PD_HA_IntHigh_2100","PD","HA","IntHigh","2100",346.625943039275
"031002080602",4100,2491284.8164099,"Jumper Creek Swamp","tbcmp_PD_HA_IntHigh_2100","PD","HA","IntHigh","2100",2462.44072080551
"031002080602",4400,97426.3031987147,"Jumper Creek Swamp","tbcmp_PD_HA_IntHigh_2100","PD","HA","IntHigh","2100",96.29830146028
"031002080602",5200,89188.3694777858,"Jumper Creek Swamp","tbcmp_PD_HA_IntHigh_2100","PD","HA","IntHigh","2100",88.155746535972
"031002080602",6110,6841883.93850781,"Jumper Creek Swamp","tbcmp_PD_HA_IntHigh_2100","PD","HA","IntHigh","2100",6762.66860626777
"031002080602",6410,3467762.26499002,"Jumper Creek Swamp","tbcmp_PD_HA_IntHigh_2100","PD","HA","IntHigh","2100",3427.61251348596
"031002080603",1100,419169.511306801,"Otter Slough-Withlacoochee River","tbcmp_PD_HA_IntHigh_2100","PD","HA","IntHigh","2100",414.316366704891
"031002080603",1200,180813.819066208,"Otter Slough-Withlacoochee River","tbcmp_PD_HA_IntHigh_2100","PD","HA","IntHigh","2100",178.72035666906
"031002080603",1900,56821.9581579893,"Otter Slough-Withlacoochee River","tbcmp_PD_HA_IntHigh_2100","PD","HA","IntHigh","2100",56.1640735264361
"031002080603",2100,566372.573928691,"Otter Slough-Withlacoochee River","tbcmp_PD_HA_IntHigh_2100","PD","HA","IntHigh","2100",559.815112267744
"031002080603",2400,29926.9235385897,"Otter Slough-Withlacoochee River","tbcmp_PD_HA_IntHigh_2100","PD","HA","IntHigh","2100",29.5804296178599
"031002080603",3200,17375.8122789872,"Otter Slough-Withlacoochee River","tbcmp_PD_HA_IntHigh_2100","PD","HA","IntHigh","2100",17.1746351244211
"031002080603",4100,2451923.31630919,"Otter Slough-Withlacoochee River","tbcmp_PD_HA_IntHigh_2100","PD","HA","IntHigh","2100",2423.53494815296
"031002080603",5200,387960.345755756,"Otter Slough-Withlacoochee River","tbcmp_PD_HA_IntHigh_2100","PD","HA","IntHigh","2100",383.468540872596
"031002080603",6110,7043596.06718604,"Otter Slough-Withlacoochee River","tbcmp_PD_HA_IntHigh_2100","PD","HA","IntHigh","2100",6962.04531192016
"031002080603",6410,3210700.98636227,"Otter Slough-Withlacoochee River","tbcmp_PD_HA_IntHigh_2100","PD","HA","IntHigh","2100",3173.52749034217
"031002080702",1100,966066.867227576,"Walled Sink","tbcmp_PD_HA_IntHigh_2100","PD","HA","IntHigh","2100",954.881745038815
"031002080702",1200,609066.545967332,"Walled Sink","tbcmp_PD_HA_IntHigh_2100","PD","HA","IntHigh","2100",602.014773498123
"031002080702",1800,2304,"Walled Sink","tbcmp_PD_HA_IntHigh_2100","PD","HA","IntHigh","2100",2.277324288
"031002080702",1820,26333.34168105,"Walled Sink","tbcmp_PD_HA_IntHigh_2100","PD","HA","IntHigh","2100",26.0284542510668
"031002080702",1900,640691.799577195,"Walled Sink","tbcmp_PD_HA_IntHigh_2100","PD","HA","IntHigh","2100",633.27386992169
"031002080702",2100,1959539.6782313,"Walled Sink","tbcmp_PD_HA_IntHigh_2100","PD","HA","IntHigh","2100",1936.85212783674
"031002080702",2400,14344,"Walled Sink","tbcmp_PD_HA_IntHigh_2100","PD","HA","IntHigh","2100",14.177925168
"031002080702",3200,7588.540145854,"Walled Sink","tbcmp_PD_HA_IntHigh_2100","PD","HA","IntHigh","2100",7.5006800280453
"031002080702",4100,780874.237790654,"Walled Sink","tbcmp_PD_HA_IntHigh_2100","PD","HA","IntHigh","2100",771.833275865514
"031002080702",4400,21675,"Walled Sink","tbcmp_PD_HA_IntHigh_2100","PD","HA","IntHigh","2100",21.42404685
"031002080702",5200,105359,"Walled Sink","tbcmp_PD_HA_IntHigh_2100","PD","HA","IntHigh","2100",104.139153498
"031002080702",6110,8358,"Walled Sink","tbcmp_PD_HA_IntHigh_2100","PD","HA","IntHigh","2100",8.261231076
"031002080702",6410,256273.933953678,"Walled Sink","tbcmp_PD_HA_IntHigh_2100","PD","HA","IntHigh","2100",253.306794346363
"031002080703",1100,519789.675352651,"Lake Okahumpka","tbcmp_PD_HA_IntHigh_2100","PD","HA","IntHigh","2100",513.771550491418
"031002080703",1200,1482851.62238201,"Lake Okahumpka","tbcmp_PD_HA_IntHigh_2100","PD","HA","IntHigh","2100",1465.68316629807
"031002080703",1800,112490,"Lake Okahumpka","tbcmp_PD_HA_IntHigh_2100","PD","HA","IntHigh","2100",111.18759078
"031002080703",1820,9285.97096583701,"Lake Okahumpka","tbcmp_PD_HA_IntHigh_2100","PD","HA","IntHigh","2100",9.17845799399455
"031002080703",1900,458344.004581722,"Lake Okahumpka","tbcmp_PD_HA_IntHigh_2100","PD","HA","IntHigh","2100",453.037297696675
"031002080703",2100,1584002.67811097,"Lake Okahumpka","tbcmp_PD_HA_IntHigh_2100","PD","HA","IntHigh","2100",1565.6630951038
"031002080703",2200,29103,"Lake Okahumpka","tbcmp_PD_HA_IntHigh_2100","PD","HA","IntHigh","2100",28.766045466
"031002080703",2400,5450,"Lake Okahumpka","tbcmp_PD_HA_IntHigh_2100","PD","HA","IntHigh","2100",5.3868999
"031002080703",3200,5774.45985371832,"Lake Okahumpka","tbcmp_PD_HA_IntHigh_2100","PD","HA","IntHigh","2100",5.70760315753197
"031002080703",4100,728250.564015284,"Lake Okahumpka","tbcmp_PD_HA_IntHigh_2100","PD","HA","IntHigh","2100",719.818878985115
"031002080703",5200,47273.1566332784,"Lake Okahumpka","tbcmp_PD_HA_IntHigh_2100","PD","HA","IntHigh","2100",46.7258280257783
"031002080703",6110,963105.979065823,"Lake Okahumpka","tbcmp_PD_HA_IntHigh_2100","PD","HA","IntHigh","2100",951.955138040199
"031002080703",6410,166292.713491248,"Lake Okahumpka","tbcmp_PD_HA_IntHigh_2100","PD","HA","IntHigh","2100",164.367376454447
"031002080704",1100,753125.152057144,"Lake Miona","tbcmp_PD_HA_IntHigh_2100","PD","HA","IntHigh","2100",744.405469046626
"031002080704",1200,990799.11851948,"Lake Miona","tbcmp_PD_HA_IntHigh_2100","PD","HA","IntHigh","2100",979.327646325262
"031002080704",1800,23501,"Lake Miona","tbcmp_PD_HA_IntHigh_2100","PD","HA","IntHigh","2100",23.228905422
"031002080704",1820,20729,"Lake Miona","tbcmp_PD_HA_IntHigh_2100","PD","HA","IntHigh","2100",20.488999638
"031002080704",1900,280384.992903709,"Lake Miona","tbcmp_PD_HA_IntHigh_2100","PD","HA","IntHigh","2100",277.13869545587
"031002080704",2100,1193592.65835618,"Lake Miona","tbcmp_PD_HA_IntHigh_2100","PD","HA","IntHigh","2100",1179.77324255774
"031002080704",2400,13304.5087451242,"Lake Miona","tbcmp_PD_HA_IntHigh_2100","PD","HA","IntHigh","2100",13.1504691428731
"031002080704",3200,18339,"Lake Miona","tbcmp_PD_HA_IntHigh_2100","PD","HA","IntHigh","2100",18.126671058
"031002080704",4100,86189.0756805511,"Lake Miona","tbcmp_PD_HA_IntHigh_2100","PD","HA","IntHigh","2100",85.1911785623217
"031002080704",4400,95284.3542670168,"Lake Miona","tbcmp_PD_HA_IntHigh_2100","PD","HA","IntHigh","2100",94.1811520133133
"031002080704",5200,30562,"Lake Miona","tbcmp_PD_HA_IntHigh_2100","PD","HA","IntHigh","2100",30.208153164
"031002080704",6410,47628.1995019419,"Lake Miona","tbcmp_PD_HA_IntHigh_2100","PD","HA","IntHigh","2100",47.0767602081084
"031002080705",1100,2970609.72919366,"Little Jones Creek","tbcmp_PD_HA_IntHigh_2100","PD","HA","IntHigh","2100",2936.21600974906
"031002080705",1200,3409245.58420613,"Little Jones Creek","tbcmp_PD_HA_IntHigh_2100","PD","HA","IntHigh","2100",3369.77333883219
"031002080705",1800,128511,"Little Jones Creek","tbcmp_PD_HA_IntHigh_2100","PD","HA","IntHigh","2100",127.023099642
"031002080705",1900,904291.181844445,"Little Jones Creek","tbcmp_PD_HA_IntHigh_2100","PD","HA","IntHigh","2100",893.82129854105
"031002080705",2100,7612992.38349834,"Little Jones Creek","tbcmp_PD_HA_IntHigh_2100","PD","HA","IntHigh","2100",7524.8491576822
"031002080705",2200,17835,"Little Jones Creek","tbcmp_PD_HA_IntHigh_2100","PD","HA","IntHigh","2100",17.62850637
"031002080705",2400,58878,"Little Jones Creek","tbcmp_PD_HA_IntHigh_2100","PD","HA","IntHigh","2100",58.196310516
"031002080705",3200,384752.700893255,"Little Jones Creek","tbcmp_PD_HA_IntHigh_2100","PD","HA","IntHigh","2100",380.298034122313
"031002080705",4100,3282028.15016383,"Little Jones Creek","tbcmp_PD_HA_IntHigh_2100","PD","HA","IntHigh","2100",3244.02882824123
"031002080705",4400,247902.258536917,"Little Jones Creek","tbcmp_PD_HA_IntHigh_2100","PD","HA","IntHigh","2100",245.032046187576
"031002080705",5200,203913.432652793,"Little Jones Creek","tbcmp_PD_HA_IntHigh_2100","PD","HA","IntHigh","2100",201.552522929539
"031002080705",6110,4044496.76827519,"Little Jones Creek","tbcmp_PD_HA_IntHigh_2100","PD","HA","IntHigh","2100",3997.6695846921
"031002080705",6410,1428565.36605936,"Little Jones Creek","tbcmp_PD_HA_IntHigh_2100","PD","HA","IntHigh","2100",1412.02543625113
"031002080706",1100,798902.464621133,"Lake Panasoffkee","tbcmp_PD_HA_IntHigh_2100","PD","HA","IntHigh","2100",789.65277188575
"031002080706",1200,2092959.75497453,"Lake Panasoffkee","tbcmp_PD_HA_IntHigh_2100","PD","HA","IntHigh","2100",2068.72746693144
"031002080706",1800,34544,"Lake Panasoffkee","tbcmp_PD_HA_IntHigh_2100","PD","HA","IntHigh","2100",34.144049568
"031002080706",1820,86526.687352711,"Lake Panasoffkee","tbcmp_PD_HA_IntHigh_2100","PD","HA","IntHigh","2100",85.5248813665413
"031002080706",1900,490754.801716464,"Lake Panasoffkee","tbcmp_PD_HA_IntHigh_2100","PD","HA","IntHigh","2100",485.072842622191
"031002080706",2100,3068807.68878854,"Lake Panasoffkee","tbcmp_PD_HA_IntHigh_2100","PD","HA","IntHigh","2100",3033.27703336774
"031002080706",3200,442798.299107118,"Lake Panasoffkee","tbcmp_PD_HA_IntHigh_2100","PD","HA","IntHigh","2100",437.671580400056
"031002080706",4100,2894301.54432875,"Lake Panasoffkee","tbcmp_PD_HA_IntHigh_2100","PD","HA","IntHigh","2100",2860.79132104851
"031002080706",4400,165911.296227097,"Lake Panasoffkee","tbcmp_PD_HA_IntHigh_2100","PD","HA","IntHigh","2100",163.990375239379
"031002080706",5200,3450606.4256019,"Lake Panasoffkee","tbcmp_PD_HA_IntHigh_2100","PD","HA","IntHigh","2100",3410.65530440628
"031002080706",6110,4747454.05730845,"Lake Panasoffkee","tbcmp_PD_HA_IntHigh_2100","PD","HA","IntHigh","2100",4692.48803423293
"031002080706",6410,1939159.54263625,"Lake Panasoffkee","tbcmp_PD_HA_IntHigh_2100","PD","HA","IntHigh","2100",1916.70795345161
"031002080800",1100,4233033.3971795,"Nichols Pond","tbcmp_PD_HA_IntHigh_2100","PD","HA","IntHigh","2100",4184.02333650696
"031002080800",1200,2835502.94987935,"Nichols Pond","tbcmp_PD_HA_IntHigh_2100","PD","HA","IntHigh","2100",2802.67349672565
"031002080800",1800,30256,"Nichols Pond","tbcmp_PD_HA_IntHigh_2100","PD","HA","IntHigh","2100",29.905696032
"031002080800",1820,146107,"Nichols Pond","tbcmp_PD_HA_IntHigh_2100","PD","HA","IntHigh","2100",144.415373154
"031002080800",1900,770222.571526386,"Nichols Pond","tbcmp_PD_HA_IntHigh_2100","PD","HA","IntHigh","2100",761.304934593254
"031002080800",2100,12258150.9891363,"Nichols Pond","tbcmp_PD_HA_IntHigh_2100","PD","HA","IntHigh","2100",12116.2261169841
"031002080800",2200,2276,"Nichols Pond","tbcmp_PD_HA_IntHigh_2100","PD","HA","IntHigh","2100",2.249648472
"031002080800",2400,272791.575276331,"Nichols Pond","tbcmp_PD_HA_IntHigh_2100","PD","HA","IntHigh","2100",269.633194417781
"031002080800",3200,494464.263561064,"Nichols Pond","tbcmp_PD_HA_IntHigh_2100","PD","HA","IntHigh","2100",488.739356317554
"031002080800",4100,4409966.34981334,"Nichols Pond","tbcmp_PD_HA_IntHigh_2100","PD","HA","IntHigh","2100",4358.9077594152
"031002080800",4400,571427.354135849,"Nichols Pond","tbcmp_PD_HA_IntHigh_2100","PD","HA","IntHigh","2100",564.811368229664
"031002080800",5200,139607,"Nichols Pond","tbcmp_PD_HA_IntHigh_2100","PD","HA","IntHigh","2100",137.990630154
"031002080800",5400,22644726.6334874,"Nichols Pond","tbcmp_PD_HA_IntHigh_2100","PD","HA","IntHigh","2100",22382.5459885249
"031002080800",6110,114283,"Nichols Pond","tbcmp_PD_HA_IntHigh_2100","PD","HA","IntHigh","2100",112.959831426
"031002080800",6410,281931.556118119,"Nichols Pond","tbcmp_PD_HA_IntHigh_2100","PD","HA","IntHigh","2100",278.667352561383
"031002080901",1100,4876616.37680427,"Bradley Lake","tbcmp_PD_HA_IntHigh_2100","PD","HA","IntHigh","2100",4820.15491239363
"031002080901",1200,1601371.68931273,"Bradley Lake","tbcmp_PD_HA_IntHigh_2100","PD","HA","IntHigh","2100",1582.83100789386
"031002080901",1800,85777.6609221344,"Bradley Lake","tbcmp_PD_HA_IntHigh_2100","PD","HA","IntHigh","2100",84.7845271639779
"031002080901",1820,40457.1737146034,"Bradley Lake","tbcmp_PD_HA_IntHigh_2100","PD","HA","IntHigh","2100",39.9887605573357
"031002080901",1900,1042392.71907291,"Bradley Lake","tbcmp_PD_HA_IntHigh_2100","PD","HA","IntHigh","2100",1030.32389617148
"031002080901",2100,6295636.40708544,"Bradley Lake","tbcmp_PD_HA_IntHigh_2100","PD","HA","IntHigh","2100",6222.7455287642
"031002080901",2200,2703,"Bradley Lake","tbcmp_PD_HA_IntHigh_2100","PD","HA","IntHigh","2100",2.671704666
"031002080901",2400,36504.4671684942,"Bradley Lake","tbcmp_PD_HA_IntHigh_2100","PD","HA","IntHigh","2100",36.0818184476174
"031002080901",3200,25000.3534675197,"Bradley Lake","tbcmp_PD_HA_IntHigh_2100","PD","HA","IntHigh","2100",24.7108993750727
"031002080901",4100,5712820.71071298,"Bradley Lake","tbcmp_PD_HA_IntHigh_2100","PD","HA","IntHigh","2100",5646.67767252435
"031002080901",4400,260580.672978309,"Bradley Lake","tbcmp_PD_HA_IntHigh_2100","PD","HA","IntHigh","2100",257.563669946566
"031002080901",5200,1009402.6644088,"Bradley Lake","tbcmp_PD_HA_IntHigh_2100","PD","HA","IntHigh","2100",997.715800360275
"031002080901",6110,949698.098936126,"Bradley Lake","tbcmp_PD_HA_IntHigh_2100","PD","HA","IntHigh","2100",938.702494346643
"031002080901",6410,5039269.58612914,"Bradley Lake","tbcmp_PD_HA_IntHigh_2100","PD","HA","IntHigh","2100",4980.92492286093
"031002080902",1100,2193721.59145434,"Moccasin Slough","tbcmp_PD_HA_IntHigh_2100","PD","HA","IntHigh","2100",2168.32268286848
"031002080902",1200,4065017.60262372,"Moccasin Slough","tbcmp_PD_HA_IntHigh_2100","PD","HA","IntHigh","2100",4017.95282882055
"031002080902",1800,81717.5922855849,"Moccasin Slough","tbcmp_PD_HA_IntHigh_2100","PD","HA","IntHigh","2100",80.7714660021024
"031002080902",1820,108892.826285099,"Moccasin Slough","tbcmp_PD_HA_IntHigh_2100","PD","HA","IntHigh","2100",107.63206514237
"031002080902",1900,684982.753483674,"Moccasin Slough","tbcmp_PD_HA_IntHigh_2100","PD","HA","IntHigh","2100",677.052023163841
"031002080902",2100,3427024.58263279,"Moccasin Slough","tbcmp_PD_HA_IntHigh_2100","PD","HA","IntHigh","2100",3387.34649201507
"031002080902",2200,10574,"Moccasin Slough","tbcmp_PD_HA_IntHigh_2100","PD","HA","IntHigh","2100",10.451574228
"031002080902",2400,15996.4415237517,"Moccasin Slough","tbcmp_PD_HA_IntHigh_2100","PD","HA","IntHigh","2100",15.8112347237897
"031002080902",3200,217741.501969048,"Moccasin Slough","tbcmp_PD_HA_IntHigh_2100","PD","HA","IntHigh","2100",215.22049085925
"031002080902",4100,7037150.10449683,"Moccasin Slough","tbcmp_PD_HA_IntHigh_2100","PD","HA","IntHigh","2100",6955.67398058696
"031002080902",4400,1080086.79321388,"Moccasin Slough","tbcmp_PD_HA_IntHigh_2100","PD","HA","IntHigh","2100",1067.58154832204
"031002080902",5200,577893.659010175,"Moccasin Slough","tbcmp_PD_HA_IntHigh_2100","PD","HA","IntHigh","2100",571.202806226156
"031002080902",6110,1388377.55110268,"Moccasin Slough","tbcmp_PD_HA_IntHigh_2100","PD","HA","IntHigh","2100",1372.30291581601
"031002080902",6410,2722871.5630744,"Moccasin Slough","tbcmp_PD_HA_IntHigh_2100","PD","HA","IntHigh","2100",2691.34615611712
"031002080902",7100,3372,"Moccasin Slough","tbcmp_PD_HA_IntHigh_2100","PD","HA","IntHigh","2100",3.332958984
"031002080903",1100,73908.6787569727,"031002080903","tbcmp_PD_HA_IntHigh_2100","PD","HA","IntHigh","2100",73.0529640743245
"031002080903",1200,111588.486266735,"031002080903","tbcmp_PD_HA_IntHigh_2100","PD","HA","IntHigh","2100",110.296514772738
"031002080903",1900,975651.473966342,"031002080903","tbcmp_PD_HA_IntHigh_2100","PD","HA","IntHigh","2100",964.355381200759
"031002080903",2100,2887983.45939038,"031002080903","tbcmp_PD_HA_IntHigh_2100","PD","HA","IntHigh","2100",2854.54638689756
"031002080903",3200,1039751.06361764,"031002080903","tbcmp_PD_HA_IntHigh_2100","PD","HA","IntHigh","2100",1027.71282580307
"031002080903",4100,2642011.80664154,"031002080903","tbcmp_PD_HA_IntHigh_2100","PD","HA","IntHigh","2100",2611.42259394424
"031002080903",4400,1557023.98184863,"031002080903","tbcmp_PD_HA_IntHigh_2100","PD","HA","IntHigh","2100",1538.99675818679
"031002080903",5200,857,"031002080903","tbcmp_PD_HA_IntHigh_2100","PD","HA","IntHigh","2100",0.847077654
"031002080903",6110,1487995.21157453,"031002080903","tbcmp_PD_HA_IntHigh_2100","PD","HA","IntHigh","2100",1470.76720301492
"031002080903",6410,1515160.84321935,"031002080903","tbcmp_PD_HA_IntHigh_2100","PD","HA","IntHigh","2100",1497.61831097655
"031002080904",1100,1097426.51332613,"Grand Prairie-Withlacoochee River","tbcmp_PD_HA_IntHigh_2100","PD","HA","IntHigh","2100",1084.72050915484
"031002080904",1200,278466.860761131,"Grand Prairie-Withlacoochee River","tbcmp_PD_HA_IntHigh_2100","PD","HA","IntHigh","2100",275.242771447239
"031002080904",1900,678329.017500598,"Grand Prairie-Withlacoochee River","tbcmp_PD_HA_IntHigh_2100","PD","HA","IntHigh","2100",670.475324135977
"031002080904",2100,3705425.42835756,"Grand Prairie-Withlacoochee River","tbcmp_PD_HA_IntHigh_2100","PD","HA","IntHigh","2100",3662.52401274804
"031002080904",2400,52898.5584765835,"Grand Prairie-Withlacoochee River","tbcmp_PD_HA_IntHigh_2100","PD","HA","IntHigh","2100",52.2860989665416
"031002080904",3200,250586.424508285,"Grand Prairie-Withlacoochee River","tbcmp_PD_HA_IntHigh_2100","PD","HA","IntHigh","2100",247.685134885328
"031002080904",4100,4609978.73675716,"Grand Prairie-Withlacoochee River","tbcmp_PD_HA_IntHigh_2100","PD","HA","IntHigh","2100",4556.60440294298
"031002080904",4400,401905.526797695,"Grand Prairie-Withlacoochee River","tbcmp_PD_HA_IntHigh_2100","PD","HA","IntHigh","2100",397.252264608432
"031002080904",5200,552202.968786251,"Grand Prairie-Withlacoochee River","tbcmp_PD_HA_IntHigh_2100","PD","HA","IntHigh","2100",545.809562813644
"031002080904",6110,5627408.8049724,"Grand Prairie-Withlacoochee River","tbcmp_PD_HA_IntHigh_2100","PD","HA","IntHigh","2100",5562.25466582843
"031002080904",6410,2871662.52829156,"Grand Prairie-Withlacoochee River","tbcmp_PD_HA_IntHigh_2100","PD","HA","IntHigh","2100",2838.414419539
"031002080905",1100,3261066.21454992,"Gum Springs-Withlacoochee River","tbcmp_PD_HA_IntHigh_2100","PD","HA","IntHigh","2100",3223.30958991787
"031002080905",1200,6338350.4663991,"Gum Springs-Withlacoochee River","tbcmp_PD_HA_IntHigh_2100","PD","HA","IntHigh","2100",6264.96504469913
"031002080905",1800,22809,"Gum Springs-Withlacoochee River","tbcmp_PD_HA_IntHigh_2100","PD","HA","IntHigh","2100",22.544917398
"031002080905",1900,5908087.13302784,"Gum Springs-Withlacoochee River","tbcmp_PD_HA_IntHigh_2100","PD","HA","IntHigh","2100",5839.68330020164
"031002080905",2100,1493608.52091132,"Gum Springs-Withlacoochee River","tbcmp_PD_HA_IntHigh_2100","PD","HA","IntHigh","2100",1476.3155214562
"031002080905",2400,120854.915978445,"Gum Springs-Withlacoochee River","tbcmp_PD_HA_IntHigh_2100","PD","HA","IntHigh","2100",119.455657761247
"031002080905",3200,1674337.52960559,"Gum Springs-Withlacoochee River","tbcmp_PD_HA_IntHigh_2100","PD","HA","IntHigh","2100",1654.95204968781
"031002080905",4100,9143707.72334239,"Gum Springs-Withlacoochee River","tbcmp_PD_HA_IntHigh_2100","PD","HA","IntHigh","2100",9037.84187532154
"031002080905",4400,851611.211503666,"Gum Springs-Withlacoochee River","tbcmp_PD_HA_IntHigh_2100","PD","HA","IntHigh","2100",841.751256896876
"031002080905",5200,352847.917876481,"Gum Springs-Withlacoochee River","tbcmp_PD_HA_IntHigh_2100","PD","HA","IntHigh","2100",348.762644683307
"031002080905",6110,5613963.48336717,"Gum Springs-Withlacoochee River","tbcmp_PD_HA_IntHigh_2100","PD","HA","IntHigh","2100",5548.96501415675
"031002080905",6410,2732536.02162577,"Gum Springs-Withlacoochee River","tbcmp_PD_HA_IntHigh_2100","PD","HA","IntHigh","2100",2700.89871956738
"031002080905",7100,33616,"Gum Springs-Withlacoochee River","tbcmp_PD_HA_IntHigh_2100","PD","HA","IntHigh","2100",33.226793952
"031002081001",1100,5987850.7798647,"Henderson Lake","tbcmp_PD_HA_IntHigh_2100","PD","HA","IntHigh","2100",5918.52344353543
"031002081001",1200,5242713.33096879,"Henderson Lake","tbcmp_PD_HA_IntHigh_2100","PD","HA","IntHigh","2100",5182.01319602284
"031002081001",1800,86148,"Henderson Lake","tbcmp_PD_HA_IntHigh_2100","PD","HA","IntHigh","2100",85.150578456
"031002081001",1820,146987.143988876,"Henderson Lake","tbcmp_PD_HA_IntHigh_2100","PD","HA","IntHigh","2100",145.285326835773
"031002081001",1900,1516640.96471699,"Henderson Lake","tbcmp_PD_HA_IntHigh_2100","PD","HA","IntHigh","2100",1499.0812956275
"031002081001",2100,1850852.36638174,"Henderson Lake","tbcmp_PD_HA_IntHigh_2100","PD","HA","IntHigh","2100",1829.42319768377
"031002081001",2200,9428,"Henderson Lake","tbcmp_PD_HA_IntHigh_2100","PD","HA","IntHigh","2100",9.318842616
"031002081001",2400,32119.273400491,"Henderson Lake","tbcmp_PD_HA_IntHigh_2100","PD","HA","IntHigh","2100",31.7473964530601
"031002081001",3200,172462.328477595,"Henderson Lake","tbcmp_PD_HA_IntHigh_2100","PD","HA","IntHigh","2100",170.465559638481
"031002081001",4100,12226015.6843626,"Henderson Lake","tbcmp_PD_HA_IntHigh_2100","PD","HA","IntHigh","2100",12084.462874769
"031002081001",4400,1483956.04193172,"Henderson Lake","tbcmp_PD_HA_IntHigh_2100","PD","HA","IntHigh","2100",1466.77479887823
"031002081001",5200,1821403.88554965,"Henderson Lake","tbcmp_PD_HA_IntHigh_2100","PD","HA","IntHigh","2100",1800.31567136276
"031002081001",6110,736433.060395899,"Henderson Lake","tbcmp_PD_HA_IntHigh_2100","PD","HA","IntHigh","2100",727.906638422635
"031002081001",6410,4602499.55307109,"Henderson Lake","tbcmp_PD_HA_IntHigh_2100","PD","HA","IntHigh","2100",4549.21181324563
"031002081002",1100,9669777.00178884,"Long Arm Prairie","tbcmp_PD_HA_IntHigh_2100","PD","HA","IntHigh","2100",9557.82032366213
"031002081002",1200,5598904.24972699,"Long Arm Prairie","tbcmp_PD_HA_IntHigh_2100","PD","HA","IntHigh","2100",5534.08013632365
"031002081002",1800,117367.393025863,"Long Arm Prairie","tbcmp_PD_HA_IntHigh_2100","PD","HA","IntHigh","2100",116.00851334941
"031002081002",1820,565617.867110465,"Long Arm Prairie","tbcmp_PD_HA_IntHigh_2100","PD","HA","IntHigh","2100",559.06914344506
"031002081002",1900,2968435.49725224,"Long Arm Prairie","tbcmp_PD_HA_IntHigh_2100","PD","HA","IntHigh","2100",2934.06695106505
"031002081002",2100,1761094.01087531,"Long Arm Prairie","tbcmp_PD_HA_IntHigh_2100","PD","HA","IntHigh","2100",1740.7040644174
"031002081002",2400,12163.7237036713,"Long Arm Prairie","tbcmp_PD_HA_IntHigh_2100","PD","HA","IntHigh","2100",12.0228921106302
"031002081002",3200,537604.619180056,"Long Arm Prairie","tbcmp_PD_HA_IntHigh_2100","PD","HA","IntHigh","2100",531.380232899189
"031002081002",4100,7247915.10502344,"Long Arm Prairie","tbcmp_PD_HA_IntHigh_2100","PD","HA","IntHigh","2100",7163.99874393748
"031002081002",4400,712388.277131202,"Long Arm Prairie","tbcmp_PD_HA_IntHigh_2100","PD","HA","IntHigh","2100",704.140245658577
"031002081002",5200,1302609.33104414,"Long Arm Prairie","tbcmp_PD_HA_IntHigh_2100","PD","HA","IntHigh","2100",1287.52772020931
"031002081002",5400,28,"Long Arm Prairie","tbcmp_PD_HA_IntHigh_2100","PD","HA","IntHigh","2100",0.027675816
"031002081002",6110,1247154.00672021,"Long Arm Prairie","tbcmp_PD_HA_IntHigh_2100","PD","HA","IntHigh","2100",1232.71445763041
"031002081002",6410,4698675.21244553,"Long Arm Prairie","tbcmp_PD_HA_IntHigh_2100","PD","HA","IntHigh","2100",4644.27395083584
"031002081003",1100,1658128.01066586,"Ross Prairie-Withlacoochee River","tbcmp_PD_HA_IntHigh_2100","PD","HA","IntHigh","2100",1638.93020455837
"031002081003",1200,659997.779190326,"Ross Prairie-Withlacoochee River","tbcmp_PD_HA_IntHigh_2100","PD","HA","IntHigh","2100",652.356324902861
"031002081003",1800,41660,"Ross Prairie-Withlacoochee River","tbcmp_PD_HA_IntHigh_2100","PD","HA","IntHigh","2100",41.17766052
"031002081003",1820,153081,"Ross Prairie-Withlacoochee River","tbcmp_PD_HA_IntHigh_2100","PD","HA","IntHigh","2100",151.308628182
"031002081003",1900,815014.140415788,"Ross Prairie-Withlacoochee River","tbcmp_PD_HA_IntHigh_2100","PD","HA","IntHigh","2100",805.577906698054
"031002081003",2100,3885051.82505804,"Ross Prairie-Withlacoochee River","tbcmp_PD_HA_IntHigh_2100","PD","HA","IntHigh","2100",3840.07069502752
"031002081003",2400,17373.002895607,"Ross Prairie-Withlacoochee River","tbcmp_PD_HA_IntHigh_2100","PD","HA","IntHigh","2100",17.1718582680817
"031002081003",3200,977427.907959265,"Ross Prairie-Withlacoochee River","tbcmp_PD_HA_IntHigh_2100","PD","HA","IntHigh","2100",966.111247640913
"031002081003",4100,8846958.66342095,"Ross Prairie-Withlacoochee River","tbcmp_PD_HA_IntHigh_2100","PD","HA","IntHigh","2100",8744.52857601587
"031002081003",4400,2039558.46379449,"Ross Prairie-Withlacoochee River","tbcmp_PD_HA_IntHigh_2100","PD","HA","IntHigh","2100",2015.94445590068
"031002081003",5200,258283.820990049,"Ross Prairie-Withlacoochee River","tbcmp_PD_HA_IntHigh_2100","PD","HA","IntHigh","2100",255.293410910626
"031002081003",6110,4146519.09408547,"Ross Prairie-Withlacoochee River","tbcmp_PD_HA_IntHigh_2100","PD","HA","IntHigh","2100",4098.51069601415
"031002081003",6410,1847434.41150734,"Ross Prairie-Withlacoochee River","tbcmp_PD_HA_IntHigh_2100","PD","HA","IntHigh","2100",1826.04481589091
"031002081004",1100,4939356.69897777,"Two Mile Prairie-Withlacoochee River","tbcmp_PD_HA_IntHigh_2100","PD","HA","IntHigh","2100",4882.168827117
"031002081004",1200,2692357.24708434,"Two Mile Prairie-Withlacoochee River","tbcmp_PD_HA_IntHigh_2100","PD","HA","IntHigh","2100",2661.1851348776
"031002081004",1800,58278.177624118,"Two Mile Prairie-Withlacoochee River","tbcmp_PD_HA_IntHigh_2100","PD","HA","IntHigh","2100",57.603432883586
"031002081004",1820,196569,"Two Mile Prairie-Withlacoochee River","tbcmp_PD_HA_IntHigh_2100","PD","HA","IntHigh","2100",194.293124118
"031002081004",1900,4930912.36160272,"Two Mile Prairie-Withlacoochee River","tbcmp_PD_HA_IntHigh_2100","PD","HA","IntHigh","2100",4873.82225828009
"031002081004",2100,2415109.82369338,"Two Mile Prairie-Withlacoochee River","tbcmp_PD_HA_IntHigh_2100","PD","HA","IntHigh","2100",2387.14768215466
"031002081004",2400,35922.590336441,"Two Mile Prairie-Withlacoochee River","tbcmp_PD_HA_IntHigh_2100","PD","HA","IntHigh","2100",35.5066785855256
"031002081004",3200,792496.79139077,"Two Mile Prairie-Withlacoochee River","tbcmp_PD_HA_IntHigh_2100","PD","HA","IntHigh","2100",783.321263540048
"031002081004",4100,5250063.97962455,"Two Mile Prairie-Withlacoochee River","tbcmp_PD_HA_IntHigh_2100","PD","HA","IntHigh","2100",5189.27873886845
"031002081004",4400,1812614.03172679,"Two Mile Prairie-Withlacoochee River","tbcmp_PD_HA_IntHigh_2100","PD","HA","IntHigh","2100",1791.62758646746
"031002081004",5200,398060.21759939,"Two Mile Prairie-Withlacoochee River","tbcmp_PD_HA_IntHigh_2100","PD","HA","IntHigh","2100",393.451476400024
"031002081004",6110,1206660.73352124,"Two Mile Prairie-Withlacoochee River","tbcmp_PD_HA_IntHigh_2100","PD","HA","IntHigh","2100",1192.69001554853
"031002081004",6410,1587079.43990472,"Two Mile Prairie-Withlacoochee River","tbcmp_PD_HA_IntHigh_2100","PD","HA","IntHigh","2100",1568.7042341495
"031002081101",1100,87715.9555809012,"Rainbow River","tbcmp_PD_HA_IntHigh_2100","PD","HA","IntHigh","2100",86.7003802471856
"031002081101",1200,152854.20539956,"Rainbow River","tbcmp_PD_HA_IntHigh_2100","PD","HA","IntHigh","2100",151.084459409444
"031002081101",1800,21235,"Rainbow River","tbcmp_PD_HA_IntHigh_2100","PD","HA","IntHigh","2100",20.98914117
"031002081101",1900,18580,"Rainbow River","tbcmp_PD_HA_IntHigh_2100","PD","HA","IntHigh","2100",18.36488076
"031002081101",2100,166711.102179609,"Rainbow River","tbcmp_PD_HA_IntHigh_2100","PD","HA","IntHigh","2100",164.780921038573
"031002081101",4100,127756.822514478,"Rainbow River","tbcmp_PD_HA_IntHigh_2100","PD","HA","IntHigh","2100",126.277654023405
"031002081101",4400,282314.944530308,"Rainbow River","tbcmp_PD_HA_IntHigh_2100","PD","HA","IntHigh","2100",279.046302102536
"031002081101",5200,24170.8765254063,"Rainbow River","tbcmp_PD_HA_IntHigh_2100","PD","HA","IntHigh","2100",23.8910261169952
"031002081101",6110,47088.1166460626,"Rainbow River","tbcmp_PD_HA_IntHigh_2100","PD","HA","IntHigh","2100",46.5429304315345
"031002081101",6410,8502,"Rainbow River","tbcmp_PD_HA_IntHigh_2100","PD","HA","IntHigh","2100",8.403563844
"031002081102",1100,2607758.12449089,"Turner Lake-Withlacoochee River","tbcmp_PD_HA_IntHigh_2100","PD","HA","IntHigh","2100",2577.56550092553
"031002081102",1200,811399.206770079,"Turner Lake-Withlacoochee River","tbcmp_PD_HA_IntHigh_2100","PD","HA","IntHigh","2100",802.004826754096
"031002081102",1900,968087.833480438,"Turner Lake-Withlacoochee River","tbcmp_PD_HA_IntHigh_2100","PD","HA","IntHigh","2100",956.879312544401
"031002081102",2100,726391.410818562,"Turner Lake-Withlacoochee River","tbcmp_PD_HA_IntHigh_2100","PD","HA","IntHigh","2100",717.981251064104
"031002081102",3200,11723,"Turner Lake-Withlacoochee River","tbcmp_PD_HA_IntHigh_2100","PD","HA","IntHigh","2100",11.587271106
"031002081102",4100,952516.410379845,"Turner Lake-Withlacoochee River","tbcmp_PD_HA_IntHigh_2100","PD","HA","IntHigh","2100",941.488175380467
"031002081102",4400,53579.5094891539,"Turner Lake-Withlacoochee River","tbcmp_PD_HA_IntHigh_2100","PD","HA","IntHigh","2100",52.9591659282884
"031002081102",5200,359874.242561672,"Turner Lake-Withlacoochee River","tbcmp_PD_HA_IntHigh_2100","PD","HA","IntHigh","2100",355.707618581293
"031002081102",6110,319692.459002792,"Turner Lake-Withlacoochee River","tbcmp_PD_HA_IntHigh_2100","PD","HA","IntHigh","2100",315.991059712458
"031002081102",6410,720565.296356029,"Turner Lake-Withlacoochee River","tbcmp_PD_HA_IntHigh_2100","PD","HA","IntHigh","2100",712.222591354819
"031002081103",1100,2785150.09017829,"Lake Rousseau-Withlacoochee River","tbcmp_PD_HA_IntHigh_2100","PD","HA","IntHigh","2100",2752.90362243421
"031002081103",1200,2718261.51051497,"Lake Rousseau-Withlacoochee River","tbcmp_PD_HA_IntHigh_2100","PD","HA","IntHigh","2100",2686.78947874623
"031002081103",1800,99556.8856390391,"Lake Rousseau-Withlacoochee River","tbcmp_PD_HA_IntHigh_2100","PD","HA","IntHigh","2100",98.4042160171104
"031002081103",1900,1059815.02245449,"Lake Rousseau-Withlacoochee River","tbcmp_PD_HA_IntHigh_2100","PD","HA","IntHigh","2100",1047.54448412451
"031002081103",2100,827606.862102035,"Lake Rousseau-Withlacoochee River","tbcmp_PD_HA_IntHigh_2100","PD","HA","IntHigh","2100",818.024829852618
"031002081103",3200,640224.47111404,"Lake Rousseau-Withlacoochee River","tbcmp_PD_HA_IntHigh_2100","PD","HA","IntHigh","2100",632.811952187482
"031002081103",4100,2494286.4814707,"Lake Rousseau-Withlacoochee River","tbcmp_PD_HA_IntHigh_2100","PD","HA","IntHigh","2100",2465.40763258823
"031002081103",4400,2445829.65821026,"Lake Rousseau-Withlacoochee River","tbcmp_PD_HA_IntHigh_2100","PD","HA","IntHigh","2100",2417.5118424275
"031002081103",5200,2275815.12470448,"Lake Rousseau-Withlacoochee River","tbcmp_PD_HA_IntHigh_2100","PD","HA","IntHigh","2100",2249.46573719065
"031002081103",5400,790365.862936477,"Lake Rousseau-Withlacoochee River","tbcmp_PD_HA_IntHigh_2100","PD","HA","IntHigh","2100",781.215006975398
"031002081103",6110,1151469.13977868,"Lake Rousseau-Withlacoochee River","tbcmp_PD_HA_IntHigh_2100","PD","HA","IntHigh","2100",1138.13743007832
"031002081103",6120,406467.938720469,"Lake Rousseau-Withlacoochee River","tbcmp_PD_HA_IntHigh_2100","PD","HA","IntHigh","2100",401.761852925963
"031002081103",6410,894432.689798616,"Lake Rousseau-Withlacoochee River","tbcmp_PD_HA_IntHigh_2100","PD","HA","IntHigh","2100",884.076948116128
"031002081103",6420,89803.8737194705,"Lake Rousseau-Withlacoochee River","tbcmp_PD_HA_IntHigh_2100","PD","HA","IntHigh","2100",88.7641244695465
"031002081103",6425,180862.172997267,"Lake Rousseau-Withlacoochee River","tbcmp_PD_HA_IntHigh_2100","PD","HA","IntHigh","2100",178.768150758304
"031002081103",6510,131136.832428992,"Lake Rousseau-Withlacoochee River","tbcmp_PD_HA_IntHigh_2100","PD","HA","IntHigh","2100",129.618530183129
"031002081103",6600,234524.594675059,"Lake Rousseau-Withlacoochee River","tbcmp_PD_HA_IntHigh_2100","PD","HA","IntHigh","2100",231.809268917911
"031002081103",9113,3368409.98363652,"Lake Rousseau-Withlacoochee River","tbcmp_PD_HA_IntHigh_2100","PD","HA","IntHigh","2100",3329.41053284597
"031101010603",0,419,"Thousandmile Creek-Frontal Withlacoochee Bay","tbcmp_PD_HA_IntHigh_2100","PD","HA","IntHigh","2100",0.414148818
"031101010603",1100,342197.120965343,"Thousandmile Creek-Frontal Withlacoochee Bay","tbcmp_PD_HA_IntHigh_2100","PD","HA","IntHigh","2100",338.235162698807
"031101010603",1200,34335.4008172076,"Thousandmile Creek-Frontal Withlacoochee Bay","tbcmp_PD_HA_IntHigh_2100","PD","HA","IntHigh","2100",33.937865546546
"031101010603",1800,2210.14448323372,"Thousandmile Creek-Frontal Withlacoochee Bay","tbcmp_PD_HA_IntHigh_2100","PD","HA","IntHigh","2100",2.18455543040684
"031101010603",1900,43512.0643512366,"Thousandmile Creek-Frontal Withlacoochee Bay","tbcmp_PD_HA_IntHigh_2100","PD","HA","IntHigh","2100",43.008281670178
"031101010603",3200,34153.9490033558,"Thousandmile Creek-Frontal Withlacoochee Bay","tbcmp_PD_HA_IntHigh_2100","PD","HA","IntHigh","2100",33.7585145817949
"031101010603",4100,264137.557531632,"Thousandmile Creek-Frontal Withlacoochee Bay","tbcmp_PD_HA_IntHigh_2100","PD","HA","IntHigh","2100",261.07937289053
"031101010603",4400,866753.226896589,"Thousandmile Creek-Frontal Withlacoochee Bay","tbcmp_PD_HA_IntHigh_2100","PD","HA","IntHigh","2100",856.717958035581
"031101010603",5200,1108,"Thousandmile Creek-Frontal Withlacoochee Bay","tbcmp_PD_HA_IntHigh_2100","PD","HA","IntHigh","2100",1.095171576
"031101010603",5400,146249.71305849,"Thousandmile Creek-Frontal Withlacoochee Bay","tbcmp_PD_HA_IntHigh_2100","PD","HA","IntHigh","2100",144.556433880698
"031101010603",6110,610967.854694535,"Thousandmile Creek-Frontal Withlacoochee Bay","tbcmp_PD_HA_IntHigh_2100","PD","HA","IntHigh","2100",603.894068872881
"031101010603",6120,763554.296384431,"Thousandmile Creek-Frontal Withlacoochee Bay","tbcmp_PD_HA_IntHigh_2100","PD","HA","IntHigh","2100",754.713864740892
"031101010603",6410,53341.0138455718,"Thousandmile Creek-Frontal Withlacoochee Bay","tbcmp_PD_HA_IntHigh_2100","PD","HA","IntHigh","2100",52.7234315872678
"031101010603",6420,95661.8278406583,"Thousandmile Creek-Frontal Withlacoochee Bay","tbcmp_PD_HA_IntHigh_2100","PD","HA","IntHigh","2100",94.5542551979191
"031101010603",6425,9622.52236697549,"Thousandmile Creek-Frontal Withlacoochee Bay","tbcmp_PD_HA_IntHigh_2100","PD","HA","IntHigh","2100",9.51111280301065
"031101010603",6510,10927.9925794151,"Thousandmile Creek-Frontal Withlacoochee Bay","tbcmp_PD_HA_IntHigh_2100","PD","HA","IntHigh","2100",10.8014682813307
"031101010603",6600,258615.848672008,"Thousandmile Creek-Frontal Withlacoochee Bay","tbcmp_PD_HA_IntHigh_2100","PD","HA","IntHigh","2100",255.621594376083
"031101010603",9113,3343402.17489969,"Thousandmile Creek-Frontal Withlacoochee Bay","tbcmp_PD_HA_IntHigh_2100","PD","HA","IntHigh","2100",3304.6922645187
"031101010700",1100,3202.98196308193,"Waccasassa Bay-Gulf of Mexico","tbcmp_PD_HA_IntHigh_2100","PD","HA","IntHigh","2100",3.16589783791337
"031101010700",5400,29324555.0855811,"Waccasassa Bay-Gulf of Mexico","tbcmp_PD_HA_IntHigh_2100","PD","HA","IntHigh","2100",28985.0353868003
"031101010700",6120,4801.80074277334,"Waccasassa Bay-Gulf of Mexico","tbcmp_PD_HA_IntHigh_2100","PD","HA","IntHigh","2100",4.74620549377351
"031101010700",6420,246,"Waccasassa Bay-Gulf of Mexico","tbcmp_PD_HA_IntHigh_2100","PD","HA","IntHigh","2100",0.243151812
"031101010700",6510,8.57293221354485,"Waccasassa Bay-Gulf of Mexico","tbcmp_PD_HA_IntHigh_2100","PD","HA","IntHigh","2100",0.00847367480437642
"031101010700",6600,13,"Waccasassa Bay-Gulf of Mexico","tbcmp_PD_HA_IntHigh_2100","PD","HA","IntHigh","2100",0.012849486
"031101010700",9113,2322840.51600005,"Waccasassa Bay-Gulf of Mexico","tbcmp_PD_HA_IntHigh_2100","PD","HA","IntHigh","2100",2295.94666850581
